HighBP,HighChol,CholCheck,BMI,Smoker,Stroke,HeartDiseaseorAttack,PhysActivity,Fruits,Veggies,HvyAlcoholConsump,AnyHealthcare,NoDocbcCost,GenHlth,MentHlth,PhysHlth,DiffWalk,Sex,Age,Education,Income,y_true,y_pred
1,0,0,33.66,0,0,0,0,0,0,1,0,0,2,30,30,0,2,3,4,2,1,0
1,0,0,27.4,0,0,0,0,0,0,1,0,0,3,30,30,0,2,10,5,5,1,0
1,1,0,24.41,0,0,0,1,0,0,1,0,0,2,30,30,0,1,10,6,6,1,0
1,0,0,26.61,0,0,0,0,0,0,1,0,0,3,30,15,1,2,10,5,6,1,0
1,0,0,31.96,1,0,0,1,0,0,1,0,0,2,30,30,0,1,12,6,6,1,0
1,0,0,24.41,1,0,0,1,0,0,1,0,0,1,30,30,0,1,10,5,6,1,0
1,0,0,26.22,1,0,0,1,0,0,1,0,0,1,5,15,1,2,3,5,6,1,0
1,0,0,30.79,1,0,0,1,0,0,1,0,0,4,15,5,0,2,5,5,6,1,0
1,0,0,24.03,0,0,0,1,0,0,1,0,0,2,3,30,0,2,13,4,6,1,0
1,1,0,21.29,0,0,0,1,0,0,1,0,0,2,1,30,0,2,10,5,6,1,0
1,1,0,27.37,0,0,0,1,0,0,1,0,0,3,25,2,0,1,4,5,6,1,0
1,0,1,29.23,0,0,0,1,0,0,1,0,1,4,30,30,1,1,6,2,4,1,0
1,1,0,28.32,1,0,0,1,0,0,1,0,0,2,30,30,0,2,6,5,11,1,0
1,0,0,40.69,0,0,0,1,0,0,1,0,1,3,5,30,0,1,5,5,6,1,0
1,0,0,32.61,1,0,0,1,0,0,1,0,0,2,30,30,0,2,10,5,6,1,0
1,0,0,31.28,1,0,0,0,0,0,1,0,0,2,30,30,0,2,10,5,5,1,0
1,0,0,30.54,1,0,0,1,0,0,1,0,0,3,30,30,0,2,10,4,6,1,0
1,0,0,27.4,0,0,0,1,0,0,1,0,0,3,30,30,0,1,10,4,6,1,0
1,1,0,26.63,0,0,0,1,0,0,1,0,0,1,30,30,0,1,13,6,6,1,0
1,1,0,23.12,0,0,0,1,0,0,1,0,0,1,30,1,0,1,4,6,10,1,0
1,0,0,26.39,1,0,1,1,0,0,1,0,0,2,30,30,0,1,13,6,6,1,0
1,0,0,20.07,1,0,0,0,0,0,1,0,0,3,5,3,0,2,12,4,6,1,0
1,1,0,24.8,1,0,0,1,0,0,1,0,0,1,30,30,0,2,11,6,3,1,0
1,1,0,27.75,0,0,0,0,0,0,1,0,0,3,2,4,0,1,5,5,6,1,0
1,0,0,24.37,0,0,0,1,0,0,1,0,0,3,5,30,0,1,1,4,11,1,0
1,0,0,22.15,0,0,0,1,0,0,1,0,0,2,30,30,0,2,12,6,6,1,0
1,1,0,22.6,0,0,0,1,0,0,1,0,0,2,30,1,0,1,10,6,6,1,0
1,0,0,40.06,0,0,0,0,0,0,1,0,0,2,3,3,0,2,10,6,11,1,0
1,0,0,23.72,1,0,0,0,0,0,1,0,0,3,30,30,0,2,10,4,6,1,0
1,0,0,40.9,0,0,0,1,0,0,1,0,0,3,30,30,0,1,6,6,6,1,0
1,1,0,24.37,0,0,0,1,0,0,1,0,0,3,4,3,0,2,5,6,6,1,0
1,1,0,28.07,0,0,0,1,0,0,1,0,0,1,30,1,0,1,10,6,6,1,0
1,1,0,26.39,1,0,0,1,0,0,1,0,1,3,15,30,0,1,4,6,6,1,0
1,1,0,25.85,0,0,0,1,0,0,1,0,0,2,30,30,0,1,6,6,6,1,0
1,0,0,27.32,0,0,0,1,0,0,1,0,0,1,30,30,0,1,10,5,5,1,0
1,0,0,36.85,0,0,0,1,0,0,1,0,0,3,30,30,0,1,4,6,11,1,0
1,0,0,28.7,0,0,0,1,0,0,1,0,0,3,30,30,0,1,3,5,6,1,0
1,0,1,27.4,1,0,0,1,0,0,1,0,0,1,30,30,0,1,5,4,6,1,0
1,0,0,33.0,0,0,0,1,0,0,1,0,0,3,2,1,0,1,4,5,10,1,0
1,0,0,22.6,0,0,0,1,0,0,1,0,0,2,30,30,0,2,13,6,6,1,0
1,0,0,31.75,0,0,0,1,0,0,1,0,0,1,30,30,0,1,10,4,6,1,0
1,1,0,28.7,1,0,0,1,0,0,1,0,0,2,1,3,0,1,10,6,10,1,0
1,0,0,31.87,0,0,0,1,0,0,1,0,0,2,30,3,0,1,10,6,11,1,0
1,1,0,20.34,1,0,0,1,0,0,1,0,0,3,30,30,0,2,10,6,6,1,0
1,0,0,24.03,0,0,0,1,0,0,1,0,0,3,30,30,0,2,12,6,6,1,0
1,1,0,34.75,0,0,0,1,0,0,1,0,0,3,10,30,0,1,4,6,11,1,0
1,0,0,26.61,0,0,0,1,0,0,1,0,0,3,10,30,0,2,5,6,5,1,0
1,0,0,34.44,0,0,0,1,0,0,1,0,0,2,2,1,0,1,10,5,6,1,0
1,0,0,27.37,0,0,0,1,0,0,1,0,0,2,3,30,1,2,4,4,6,1,0
1,1,0,27.4,0,0,0,1,0,0,1,0,0,2,30,30,0,2,10,5,6,1,0
1,0,0,30.9,0,0,0,1,0,0,1,0,0,3,5,30,0,2,10,6,6,1,0
1,0,0,29.53,1,0,0,1,0,0,0,0,0,2,30,30,0,1,12,6,6,1,0
1,1,0,36.03,0,0,0,0,0,0,0,0,0,3,2,30,0,2,5,5,6,1,0
1,0,0,26.29,0,0,0,1,0,0,1,0,0,3,2,30,0,1,10,6,6,1,0
1,0,0,26.61,1,0,0,1,0,0,1,0,0,4,30,20,0,2,3,5,6,1,0
1,0,0,23.73,0,0,0,1,0,0,1,0,0,2,30,30,0,1,12,6,6,1,0
1,0,0,28.15,0,0,0,1,0,0,1,0,1,4,6,20,1,2,6,5,6,1,0
1,1,0,28.7,0,0,0,1,0,0,1,0,0,2,30,30,0,1,10,6,6,1,0
1,0,0,26.3,0,0,0,1,0,0,1,0,0,2,30,30,0,1,10,4,6,1,0
1,1,0,32.01,0,0,0,0,0,0,1,0,0,2,10,30,0,2,6,6,6,1,0
1,1,0,25.51,0,0,0,1,0,0,1,0,0,2,30,30,0,2,10,6,6,1,0
1,1,0,23.67,0,0,0,0,0,0,1,0,0,2,30,30,0,1,11,6,6,1,0
1,1,0,30.38,0,0,0,1,0,0,1,0,0,3,30,2,0,1,6,6,11,1,0
1,1,0,21.46,0,0,0,1,0,0,1,0,0,3,10,30,0,2,10,4,5,1,0
1,0,0,27.4,0,0,0,1,0,0,1,0,0,3,30,30,0,2,10,5,6,1,0
1,1,0,24.82,0,0,0,1,0,0,1,0,0,2,30,30,0,1,10,6,11,1,0
1,1,0,23.49,0,0,0,0,0,0,1,0,0,1,30,3,0,2,12,6,3,1,0
1,0,0,29.84,1,0,0,1,0,0,1,0,0,2,30,30,0,1,10,5,6,1,0
1,0,0,25.25,0,0,0,1,0,0,1,0,0,3,30,3,0,1,5,3,1,1,0
1,0,0,17.16,0,0,0,1,0,0,1,0,0,2,30,3,0,2,10,5,6,1,0
1,0,0,27.4,0,0,0,1,0,0,1,0,0,2,30,30,0,2,10,4,6,1,0
1,0,0,28.7,0,0,0,1,0,0,1,0,1,3,5,4,0,2,10,6,6,1,0
1,0,0,32.28,0,0,0,1,0,0,1,0,0,2,30,30,0,1,10,4,6,1,0
1,0,0,24.8,1,0,0,1,0,0,1,0,0,2,30,30,1,2,11,2,5,1,0
1,0,0,26.96,0,0,0,1,0,0,1,0,0,2,30,30,0,1,10,5,6,1,0
1,1,0,26.63,0,0,0,1,0,0,1,0,0,1,30,2,0,1,10,6,6,1,0
1,0,0,23.83,0,0,0,0,0,0,1,0,0,3,30,30,0,2,10,6,4,1,0
1,1,0,34.3,0,0,0,1,0,0,1,0,0,2,30,30,0,1,6,6,6,1,0
1,0,0,23.05,0,0,0,1,0,0,1,0,0,3,5,30,1,2,13,5,6,1,0
1,0,0,21.35,1,0,0,0,0,0,1,0,0,2,30,30,1,2,13,4,6,1,0
1,1,0,27.93,0,0,0,0,0,0,1,0,1,1,30,30,0,2,5,5,4,1,0
1,0,0,30.34,1,0,0,1,0,0,0,0,0,3,15,30,0,1,13,4,6,1,0
1,0,0,32.49,0,0,0,1,0,0,1,0,0,2,30,30,0,1,5,5,6,1,0
1,1,0,21.7,1,0,0,1,0,0,1,0,0,2,30,30,0,1,12,5,6,1,0
1,0,0,31.25,0,0,0,1,0,0,1,0,0,2,14,30,0,2,12,4,4,1,0
1,1,0,24.96,1,0,0,0,0,0,1,0,0,3,20,1,0,2,5,4,6,1,0
1,0,0,23.71,1,0,0,0,0,0,1,0,0,3,30,30,0,1,10,6,6,1,0
1,0,0,26.47,0,0,0,0,0,0,1,0,0,1,30,30,1,2,13,5,6,1,0
1,0,0,29.82,0,0,0,0,0,0,1,0,0,2,30,30,0,2,12,5,6,1,0
1,1,0,19.49,0,0,0,1,0,0,1,0,0,2,1,30,0,2,12,5,6,1,0
1,1,0,19.58,0,0,0,1,0,0,1,0,1,2,10,5,0,2,3,5,6,1,0
1,1,0,30.07,1,0,0,0,0,0,1,0,0,3,4,3,0,2,5,5,2,1,0
1,0,0,27.4,0,0,0,0,0,0,1,0,0,3,30,30,0,2,1,4,6,1,0
1,0,0,37.76,1,0,0,1,0,0,1,0,0,2,30,30,1,1,6,4,6,1,0
1,0,0,26.52,0,0,0,1,0,0,1,0,0,3,30,30,0,2,11,5,6,1,0
1,0,0,32.28,1,0,0,1,0,0,1,0,0,3,30,1,0,1,4,6,6,1,0
1,1,0,23.3,1,0,0,1,0,0,1,0,0,4,1,30,0,1,4,4,6,1,0
1,0,0,27.32,1,0,0,1,0,0,1,0,0,2,30,30,0,1,10,4,6,1,0
1,0,0,25.54,0,0,0,1,0,0,1,0,0,2,30,30,0,1,13,6,6,1,0
1,1,0,24.41,0,0,0,1,0,0,0,0,0,2,3,30,0,2,10,6,6,1,0
1,1,0,27.82,1,0,0,1,0,0,1,0,0,2,30,30,0,1,12,6,10,1,0
1,0,0,25.56,0,0,0,1,0,0,1,0,0,4,24,20,0,1,10,6,10,1,0
0,0,0,28.29,0,0,0,1,0,0,0,0,0,3,3,2,0,2,4,4,6,1,0
1,0,1,36.05,0,0,0,1,0,0,1,0,0,3,30,2,0,2,6,2,6,1,0
1,0,0,29.12,0,0,0,1,0,0,1,0,0,1,30,30,0,2,13,5,6,1,0
1,1,0,35.15,0,0,0,1,0,0,1,0,0,1,3,30,0,2,5,4,5,1,0
1,0,0,22.11,1,0,0,0,0,0,1,0,0,3,30,1,0,1,10,6,5,1,0
1,0,0,23.23,1,0,0,1,0,0,1,0,0,5,30,30,0,1,2,4,4,1,0
1,0,0,28.59,0,0,0,1,0,0,1,0,0,3,5,30,0,2,10,6,6,1,0
1,1,0,27.46,0,0,0,0,0,0,1,0,0,4,30,30,0,2,5,5,11,1,0
1,0,0,29.99,1,0,0,1,0,0,0,0,0,3,10,30,0,1,6,5,6,1,0
1,0,0,20.02,0,0,0,1,0,0,1,0,0,3,30,30,0,2,6,3,2,1,0
1,0,0,26.63,0,0,0,1,0,0,1,0,0,2,2,30,0,1,12,6,6,1,0
1,0,0,25.83,0,0,0,1,0,0,1,0,0,2,30,30,0,2,10,6,6,1,0
1,0,0,23.75,0,0,0,1,0,0,1,0,0,2,30,30,0,1,5,6,10,1,0
1,0,0,23.71,0,0,0,1,0,0,1,0,0,5,30,30,1,2,2,6,5,1,0
1,0,0,23.78,0,0,0,1,0,0,1,0,0,3,30,30,0,2,4,6,6,1,0
1,0,0,25.69,1,0,0,1,0,0,1,0,0,3,30,30,0,2,12,4,6,1,0
1,1,0,19.53,1,0,0,1,0,0,1,0,0,2,30,30,1,1,10,4,6,1,0
1,0,1,27.4,0,0,0,1,0,0,1,0,0,3,30,30,0,1,13,5,6,1,0
1,0,0,28.32,1,0,0,1,0,0,1,0,0,3,10,10,0,2,10,4,2,1,0
1,0,0,29.29,0,0,0,1,0,0,1,0,0,3,14,30,0,2,2,5,6,1,0
1,0,0,33.52,1,0,0,1,0,0,1,0,0,3,30,30,0,2,10,6,4,1,0
1,0,0,34.78,0,0,0,1,0,0,1,0,0,4,5,14,0,2,2,5,5,1,0
1,0,0,34.75,0,0,0,1,0,0,1,0,0,4,5,30,1,1,3,5,1,1,0
1,0,0,36.18,1,0,0,0,0,0,0,0,0,4,30,30,0,1,6,5,6,1,0
1,0,0,27.25,1,0,0,1,0,0,1,0,0,3,4,30,0,1,5,4,6,1,0
1,0,0,27.4,0,0,0,1,0,0,1,0,0,2,30,4,0,2,10,6,6,1,0
1,1,0,32.93,1,0,0,1,0,0,1,0,1,3,30,3,0,2,4,5,5,1,0
1,0,0,37.6,0,0,0,1,0,0,1,0,0,3,1,3,0,1,4,4,6,1,0
1,1,0,23.24,1,0,0,1,0,0,0,0,0,2,30,30,0,2,10,6,10,1,0
1,0,0,20.18,1,0,0,1,0,0,0,0,0,3,30,30,0,2,12,5,6,1,0
1,0,0,28.0,1,0,0,1,0,0,1,0,0,3,30,4,1,1,5,3,6,1,0
1,1,0,30.83,0,0,0,1,0,0,1,0,0,3,30,30,0,1,4,6,6,1,0
1,0,0,26.31,0,0,0,1,0,0,1,0,0,1,30,30,0,1,10,6,11,1,0
1,0,0,27.4,0,0,0,1,0,0,1,0,0,3,30,30,0,2,11,6,6,1,0
1,0,0,28.25,1,0,0,1,0,0,1,0,0,2,30,1,0,1,10,6,6,1,0
1,1,0,29.95,0,0,0,1,0,0,1,0,0,2,30,30,0,2,6,6,6,1,0
1,1,0,28.5,0,0,0,1,0,0,1,0,0,2,10,3,0,2,5,4,6,1,0
1,0,0,34.3,0,0,0,1,0,0,1,0,0,2,30,30,0,1,10,6,6,1,0
1,0,0,27.4,0,0,0,1,0,0,1,0,0,3,30,30,0,2,6,6,6,1,0
1,1,0,27.4,0,0,0,1,0,0,1,0,0,2,30,30,0,1,10,6,6,1,0
1,0,0,36.98,1,0,0,0,0,0,1,0,0,3,15,10,0,1,4,5,6,1,0
1,1,0,27.4,0,0,0,1,0,0,1,0,0,2,30,30,0,2,6,6,6,1,0
1,0,0,34.97,1,0,0,1,0,0,1,0,1,4,30,30,0,1,1,4,6,1,0
1,0,0,23.49,1,0,0,1,0,0,1,0,0,3,30,30,0,1,13,5,6,1,0
1,1,0,29.12,0,0,0,1,0,0,1,0,0,2,2,30,0,2,6,6,11,1,0
1,0,0,28.59,0,0,0,1,0,0,1,0,0,2,30,30,0,1,10,4,6,1,0
1,0,1,19.37,0,0,0,1,0,0,1,0,0,5,30,30,0,2,6,1,4,1,0
1,0,0,30.18,0,0,0,1,0,0,1,0,0,2,16,10,0,1,10,6,6,1,0
1,0,0,27.4,0,0,0,1,0,0,1,0,0,2,30,30,0,2,10,6,6,1,0
1,1,0,22.6,0,0,1,1,0,0,1,0,0,3,30,30,0,1,6,6,6,1,0
1,0,0,28.25,1,0,0,1,0,0,1,0,0,2,30,30,0,1,13,6,6,1,0
1,0,0,38.06,1,0,0,1,0,0,1,0,0,1,3,30,0,1,5,4,1,1,0
1,1,0,26.58,1,0,0,1,0,0,1,0,0,3,30,30,0,1,10,6,11,1,0
1,1,0,25.68,0,0,0,1,0,0,1,0,0,2,4,30,0,2,10,6,6,1,0
1,0,0,25.68,1,0,0,1,0,0,1,0,0,2,30,30,0,1,10,6,5,1,0
1,1,0,26.76,1,0,0,1,0,0,1,0,0,2,30,30,0,2,10,5,6,1,0
1,0,0,33.67,1,0,0,0,0,0,1,0,0,3,2,30,0,1,6,6,6,1,0
1,1,0,23.8,0,0,0,1,0,0,1,0,0,2,30,30,0,2,10,6,6,1,0
1,0,0,36.92,0,0,0,1,0,0,1,0,1,2,30,30,0,1,10,6,6,1,0
1,1,0,25.84,1,0,0,1,0,0,1,0,0,2,30,30,0,1,11,6,6,1,0
1,1,0,28.89,0,0,0,1,0,0,1,0,0,2,5,3,0,1,10,6,10,1,0
1,1,0,24.69,0,0,0,1,0,0,1,0,0,3,30,30,0,2,2,4,6,1,0
1,0,0,26.63,0,0,0,0,0,0,1,0,0,1,30,10,1,1,12,2,6,1,0
1,0,0,25.39,0,0,0,1,0,0,1,0,0,3,30,30,0,2,4,5,6,1,0
1,0,0,29.53,0,0,0,1,0,0,1,0,0,3,1,1,0,1,1,4,6,1,0
1,1,0,28.48,0,0,0,1,0,0,1,0,0,2,2,3,0,1,10,6,6,1,0
1,0,0,29.03,0,0,0,0,0,0,1,0,1,3,10,2,0,1,6,3,5,1,0
1,1,0,27.4,0,0,0,1,0,0,1,0,0,1,30,30,0,1,10,6,4,1,0
1,0,0,21.87,0,0,0,1,0,0,1,0,0,3,5,30,1,2,11,2,6,1,0
1,0,0,41.61,0,0,0,1,0,0,1,0,0,3,15,1,0,2,6,6,6,1,0
1,0,0,30.11,1,0,0,1,0,0,1,0,0,2,30,24,0,2,10,6,6,1,0
1,0,0,18.29,1,0,0,0,0,0,1,0,0,4,14,30,0,2,3,4,4,1,0
1,0,0,27.99,0,0,0,1,0,0,1,0,0,3,30,30,0,1,10,4,6,1,0
1,0,0,35.61,1,0,0,1,0,0,1,0,0,2,30,30,0,2,11,5,5,1,0
1,0,0,33.28,0,0,0,1,0,0,1,0,0,3,30,30,0,2,10,6,6,1,0
1,0,0,22.66,0,0,0,1,0,0,1,0,0,3,30,30,0,2,11,4,6,1,0
1,0,0,23.71,0,0,0,1,0,0,1,0,0,2,30,30,0,1,5,3,6,1,0
1,0,0,38.4,0,0,0,0,0,0,1,0,0,3,30,30,0,2,4,4,5,1,0
1,0,0,20.18,0,0,0,1,0,0,1,0,0,3,30,1,0,2,13,4,6,1,0
1,0,0,27.4,0,0,0,1,0,0,1,0,0,4,10,30,0,2,4,6,6,1,0
1,0,0,26.3,0,0,0,1,0,0,1,0,1,3,6,30,0,2,1,5,3,1,0
1,1,0,22.24,1,0,0,1,0,0,1,0,0,2,30,30,0,1,11,5,6,1,0
1,1,0,29.16,1,0,0,0,0,0,0,0,0,2,30,30,0,1,10,4,6,1,0
1,0,0,30.23,0,0,0,1,0,0,1,0,0,3,30,30,0,2,10,4,6,1,0
1,1,0,27.4,0,0,0,0,0,0,1,0,0,4,10,30,1,2,3,4,6,1,0
1,0,0,35.43,0,0,0,1,0,0,1,0,0,1,30,30,1,1,13,6,6,1,0
1,1,0,25.29,0,0,0,1,0,0,1,0,0,2,30,30,0,2,10,5,6,1,0
1,0,0,30.42,0,0,0,1,0,0,1,0,0,4,4,3,0,1,3,6,6,1,0
1,0,0,28.7,0,0,0,1,0,0,1,0,0,3,30,30,0,1,10,5,6,1,0
1,1,0,27.4,0,0,0,1,0,0,1,0,0,3,14,30,0,2,4,3,6,1,0
1,0,0,28.74,0,0,0,1,0,0,1,0,0,3,30,30,0,1,10,6,6,1,0
1,1,0,27.4,0,0,0,1,0,0,1,0,0,3,15,30,0,1,6,5,5,1,0
1,1,0,24.96,1,0,0,1,0,0,1,0,0,2,1,30,0,1,10,6,6,1,0
1,0,0,34.61,0,0,0,1,0,0,1,0,0,4,30,2,0,2,4,3,11,1,0
1,1,0,26.45,1,0,0,1,0,0,1,0,0,2,30,30,0,1,10,6,6,1,0
1,1,0,28.34,1,0,0,1,0,0,1,0,0,2,30,30,0,2,10,5,6,1,0
1,1,0,25.06,0,0,0,1,0,0,1,0,0,2,3,30,0,2,10,5,6,1,0
1,1,0,27.37,0,1,0,1,0,0,1,0,0,2,30,30,1,2,6,5,5,1,0
1,1,0,27.4,0,0,0,1,0,0,1,0,0,3,1,30,0,1,4,4,6,1,0
1,1,0,32.61,0,0,0,0,0,0,1,0,0,1,30,30,0,2,11,6,10,1,0
1,1,0,24.21,0,0,0,1,0,0,1,0,0,2,15,30,0,2,10,6,6,1,0
1,0,0,25.83,0,0,0,1,0,0,1,0,0,4,15,30,1,1,5,4,6,1,0
1,0,0,20.37,1,0,0,1,0,0,1,0,1,2,30,30,0,2,10,5,5,1,0
1,0,0,29.65,0,0,0,1,0,0,1,0,0,1,30,30,0,1,10,6,6,1,0
1,0,0,18.89,0,0,0,1,0,0,1,0,0,4,4,30,0,2,10,5,1,1,0
1,0,1,34.46,0,0,0,0,0,0,1,0,0,3,2,15,0,1,10,2,6,1,0
1,0,0,27.63,1,0,0,0,0,0,1,0,0,3,30,1,0,2,10,4,6,1,0
1,1,0,23.4,1,0,0,0,0,0,1,0,0,1,30,30,0,2,12,4,6,1,0
1,0,0,29.05,1,0,0,1,0,0,1,0,0,2,30,30,0,2,10,6,10,1,0
1,0,0,35.87,1,0,0,1,0,0,1,0,0,2,30,30,0,1,11,6,6,1,0
1,0,0,27.4,0,0,0,1,0,0,1,0,0,2,30,30,0,2,13,4,6,1,0
1,0,0,24.21,0,0,0,1,0,0,1,0,0,2,30,30,0,2,11,6,6,1,0
1,1,0,27.18,0,0,0,1,0,0,1,0,0,2,30,30,0,1,10,6,6,1,0
1,0,0,27.4,0,0,0,0,0,0,1,0,0,3,30,30,0,2,10,5,5,1,0
1,1,0,28.48,0,0,0,0,0,0,1,0,0,1,30,30,0,1,11,6,6,1,0
1,1,0,33.23,1,0,0,0,0,0,1,0,0,3,2,5,0,1,4,5,6,1,0
1,1,0,15.64,1,0,0,0,0,0,1,0,1,5,6,18,0,2,4,5,6,1,0
1,1,0,27.63,1,0,0,1,0,0,0,0,0,2,2,2,0,2,10,6,6,1,0
1,0,0,34.3,1,0,0,1,0,0,1,0,0,1,30,30,0,1,10,5,6,1,0
1,1,0,27.06,0,0,0,1,0,0,1,0,0,1,30,30,0,2,12,6,6,1,0
1,1,0,27.64,0,0,0,1,0,0,1,0,1,3,30,30,0,2,5,6,6,1,0
1,0,0,23.49,0,0,0,0,0,0,1,0,0,3,30,30,0,2,11,5,5,1,0
1,1,0,34.02,1,0,0,1,0,0,1,0,0,3,30,30,0,1,4,4,10,1,0
1,0,0,41.76,1,0,0,1,0,0,1,0,0,3,30,30,0,2,3,5,6,1,0
1,0,0,22.8,1,0,0,1,0,0,1,0,0,2,30,5,0,2,10,6,6,1,0
0,0,1,27.4,0,0,0,1,0,0,1,0,0,3,15,30,0,2,3,5,6,1,0
1,0,0,36.03,1,0,0,1,0,0,1,0,0,3,3,30,0,2,4,6,6,1,0
1,1,0,29.26,0,0,0,1,0,0,1,0,0,2,30,30,0,2,10,5,6,1,0
1,1,0,30.11,0,0,0,1,0,0,1,0,0,1,30,1,0,2,11,6,6,1,0
1,0,0,34.44,0,0,0,0,0,0,1,0,0,4,30,3,0,1,4,6,6,1,0
1,0,0,27.12,0,0,0,1,0,0,1,0,0,3,5,3,0,1,11,4,6,1,0
1,0,0,29.98,0,0,0,0,0,0,1,0,0,3,30,30,0,1,6,3,5,1,0
1,1,0,27.4,0,0,0,1,0,0,1,0,0,3,30,30,0,1,3,6,6,1,0
1,0,0,27.48,1,0,0,1,0,0,1,0,0,3,30,30,1,2,10,6,6,1,0
1,0,0,28.62,0,0,0,1,0,0,1,0,0,2,2,30,0,1,1,4,10,1,0
1,1,0,29.05,1,0,0,0,0,0,1,0,0,3,5,30,0,2,6,6,6,1,0
1,0,0,27.4,0,0,0,0,0,0,1,0,0,3,30,30,0,2,5,4,6,1,0
1,0,0,23.09,0,0,0,1,0,0,1,0,0,3,5,3,0,1,5,4,6,1,0
1,0,0,25.78,1,0,0,0,0,0,1,0,0,3,30,30,0,2,11,6,6,1,0
1,0,0,27.4,0,0,0,1,0,0,1,0,0,3,30,30,0,1,10,6,6,1,0
1,1,0,26.34,1,0,0,1,0,0,1,0,0,1,30,30,0,2,11,6,6,1,0
1,0,0,22.89,1,0,0,1,0,0,1,0,0,2,1,30,0,1,6,5,6,1,0
1,0,0,26.57,0,0,0,0,0,0,1,0,0,3,30,30,0,2,10,5,6,1,0
1,0,0,31.93,1,0,0,1,0,0,0,0,1,3,30,30,0,1,4,4,1,1,0
1,0,0,27.4,0,0,0,1,0,0,1,0,0,3,5,15,0,2,10,6,6,1,0
1,1,0,28.34,0,0,0,1,0,0,1,0,0,2,2,30,0,2,11,6,6,1,0
1,0,0,29.53,0,0,0,1,0,0,1,0,0,2,30,20,1,1,10,5,5,1,0
1,0,0,28.7,0,0,0,1,0,0,1,0,0,2,30,30,0,1,12,6,6,1,0
1,1,0,32.08,1,0,0,1,0,0,1,0,0,3,10,2,0,1,5,5,6,1,0
1,0,0,28.13,0,0,0,1,0,0,1,0,0,2,30,30,0,1,11,5,6,1,0
1,0,0,27.4,0,0,0,1,0,0,1,0,0,2,30,30,0,2,12,4,6,1,0
1,0,0,31.4,1,0,0,1,0,0,1,0,0,2,30,30,0,1,10,4,6,1,0
1,0,0,22.35,1,0,0,1,0,0,1,0,0,3,30,30,0,1,13,6,6,1,0
1,0,0,22.96,0,0,0,1,0,0,1,0,0,2,2,30,0,1,11,6,6,1,0
1,0,0,30.9,0,0,0,1,0,0,1,0,0,3,3,30,0,2,10,6,6,1,0
1,1,0,20.54,1,0,0,1,0,0,1,0,0,1,30,2,0,1,10,5,6,1,0
1,0,0,31.25,0,0,0,1,0,0,1,0,0,2,3,2,0,1,10,6,6,1,0
1,0,0,31.75,0,0,0,0,0,0,1,0,0,2,30,30,0,2,10,6,6,1,0
1,1,0,25.09,0,0,0,0,0,0,1,0,0,2,30,30,0,2,10,5,6,1,0
1,0,0,24.03,0,0,0,1,0,0,1,0,0,3,30,30,0,2,13,6,6,1,0
1,0,0,27.4,0,1,0,1,0,0,1,0,0,5,30,3,0,1,1,3,6,1,0
1,0,0,23.3,1,0,1,1,0,0,1,0,0,3,2,30,0,2,13,5,6,1,0
1,1,0,29.84,1,0,0,0,0,0,0,0,0,3,30,30,0,1,10,6,10,1,0
1,0,0,27.4,0,0,0,0,0,0,1,0,0,2,30,30,0,2,12,4,6,1,0
1,0,0,20.08,1,0,0,0,0,0,1,0,0,3,30,10,0,1,3,4,4,1,0
1,0,0,23.4,1,0,0,1,0,0,1,0,1,3,5,30,0,1,10,4,1,1,0
1,1,0,30.13,1,0,0,1,0,0,1,0,0,1,30,30,0,1,11,4,6,1,0
1,0,0,29.76,0,0,0,1,0,0,1,0,0,2,10,30,0,2,6,4,4,1,0
1,1,0,25.61,0,0,0,1,0,0,1,0,0,2,30,30,0,2,6,5,6,1,0
1,0,0,33.47,0,0,0,1,0,0,1,0,0,3,10,30,0,1,4,5,6,1,0
1,0,0,27.17,0,0,0,1,0,0,1,0,1,2,15,5,0,2,10,6,1,1,0
1,0,0,27.4,1,0,0,1,0,0,1,0,0,3,1,30,0,2,11,5,6,1,0
1,1,0,34.7,1,0,0,1,0,0,1,0,0,2,30,30,0,2,6,4,6,1,0
1,0,0,24.78,0,0,0,1,0,0,1,0,0,3,30,30,0,2,10,6,6,1,0
1,0,0,27.4,0,0,0,0,0,0,1,0,0,3,30,1,0,2,10,4,6,1,0
1,1,0,29.87,0,0,0,0,0,0,0,0,0,2,30,30,0,2,10,6,6,1,0
1,0,0,27.4,1,0,0,1,0,0,1,0,0,3,30,30,0,2,3,5,6,1,0
1,0,0,30.11,1,0,0,0,0,0,1,0,0,2,30,30,0,1,10,5,6,1,0
1,0,0,29.65,1,0,0,1,0,0,1,0,0,3,30,30,0,1,10,5,6,1,0
1,0,0,42.91,1,0,0,1,0,0,1,0,1,2,30,30,0,2,6,5,6,1,0
1,0,0,25.85,0,0,0,1,0,0,1,0,0,2,30,30,0,1,10,6,11,1,0
1,1,0,29.53,1,0,0,1,0,0,0,0,0,2,30,30,0,1,12,6,6,1,0
1,1,0,27.26,1,0,0,1,0,0,1,0,0,1,30,30,0,1,10,6,6,1,0
1,0,0,30.21,1,0,0,1,0,0,1,0,0,2,30,30,1,1,12,6,6,1,0
1,0,0,27.4,0,0,0,1,0,0,1,0,0,3,30,30,0,2,10,2,6,1,0
1,0,0,27.4,1,0,0,0,0,0,1,0,0,3,30,30,0,2,10,6,6,1,0
1,0,0,22.02,1,0,0,1,0,0,1,0,0,2,30,30,1,2,13,4,6,1,0
1,0,0,27.4,1,0,0,1,0,0,1,0,0,4,30,30,0,2,4,4,3,1,0
1,0,0,31.75,0,0,0,1,0,0,1,0,0,2,30,30,0,2,10,6,6,1,0
1,0,0,27.44,1,0,0,1,0,0,1,0,0,1,30,30,0,2,11,5,6,1,0
1,1,0,29.76,1,0,0,1,0,0,1,0,0,3,30,30,0,2,6,5,5,1,0
1,1,0,30.85,0,0,0,1,0,0,1,0,0,2,30,30,0,1,10,6,11,1,0
1,0,1,20.98,0,0,0,1,0,0,1,0,0,4,4,2,0,1,5,5,6,1,0
1,0,0,35.36,0,0,0,0,0,0,1,0,0,3,30,2,0,2,4,5,6,1,0
1,0,0,27.06,0,0,0,1,0,0,1,0,0,3,30,30,1,1,10,5,6,1,0
1,1,0,33.47,0,0,0,1,0,0,0,0,0,2,30,30,0,1,10,5,6,1,0
1,1,0,22.2,0,0,0,1,0,0,1,0,0,2,30,30,0,1,5,6,6,1,0
1,1,0,33.66,0,0,0,1,0,0,1,0,0,3,5,18,0,2,5,5,6,1,0
1,0,0,27.4,0,0,0,1,0,0,1,0,0,2,30,30,0,2,10,4,4,1,0
1,0,0,27.4,0,0,0,1,0,0,1,0,0,2,30,30,0,2,10,6,6,1,0
1,1,0,23.78,0,0,0,1,0,0,0,0,0,2,30,30,0,2,10,5,6,1,0
1,0,0,20.6,0,1,0,1,0,0,1,0,0,4,30,30,0,2,10,6,6,1,0
1,0,0,30.68,0,0,0,0,0,0,1,0,0,3,30,30,0,1,2,4,6,1,0
1,0,0,27.4,0,0,0,0,0,0,1,0,0,4,10,10,0,2,6,6,5,1,0
1,0,0,25.53,1,0,0,1,0,0,1,0,0,2,30,30,0,2,11,6,6,1,0
1,0,0,32.1,1,0,0,1,0,0,1,0,0,3,3,30,0,1,5,3,6,1,0
1,0,0,27.4,0,0,0,0,0,0,1,0,0,3,30,30,0,2,10,5,6,1,0
1,1,0,25.11,1,0,0,1,0,0,1,0,0,2,30,30,0,1,11,5,6,1,0
1,0,0,30.38,0,0,0,0,0,0,1,0,0,4,2,1,0,1,5,5,6,1,0
1,1,0,25.11,0,0,0,1,0,0,1,0,0,2,15,2,0,1,5,6,10,1,0
1,1,0,29.48,0,0,0,1,0,0,1,0,0,1,30,30,0,2,11,6,6,1,0
1,0,0,31.09,0,0,0,1,0,0,1,0,1,4,4,30,0,2,5,4,6,1,0
1,1,0,26.39,1,0,0,1,0,0,1,0,0,1,30,30,1,1,13,6,6,1,0
1,1,0,27.76,1,0,0,1,0,0,1,0,0,3,30,30,0,1,6,6,11,1,0
1,0,0,32.24,1,0,0,0,0,0,1,0,0,3,1,30,0,2,10,5,6,1,0
1,1,0,25.51,0,0,0,1,0,0,1,0,0,5,30,30,0,2,5,6,11,1,0
1,0,0,31.09,0,0,0,1,0,0,1,0,0,1,30,30,0,2,12,4,6,1,0
1,0,0,21.95,1,0,0,0,0,0,1,0,0,3,30,30,1,2,13,5,6,1,0
1,1,0,26.45,0,0,0,1,0,0,1,0,0,2,30,30,0,1,10,6,6,1,0
1,0,0,40.25,0,0,0,1,0,0,0,0,0,4,30,30,0,2,5,5,1,1,0
1,0,0,27.4,0,0,0,1,0,0,1,0,0,3,3,30,0,2,10,5,5,1,0
1,0,0,18.31,1,0,0,0,0,0,1,0,0,3,30,2,0,1,12,4,4,1,0
1,0,0,26.13,0,0,0,1,0,0,1,0,0,2,10,3,0,2,10,5,10,1,0
1,0,0,32.12,1,0,0,0,0,0,0,0,0,3,30,30,1,2,10,4,6,1,0
1,0,0,27.4,0,0,0,1,0,0,1,0,1,2,30,10,0,2,12,6,6,1,0
1,1,0,23.17,0,0,0,1,0,0,1,0,0,2,30,30,0,2,10,6,11,1,0
1,1,0,29.03,0,0,0,1,0,0,0,0,0,2,30,30,0,1,10,6,6,1,0
1,0,0,27.4,1,0,0,0,0,0,1,0,0,4,30,30,0,2,5,4,5,1,0
1,1,0,24.14,1,0,0,1,0,0,1,0,0,1,30,30,0,2,10,6,2,1,0
1,0,0,33.47,0,0,0,0,0,0,1,0,0,2,4,30,0,1,3,6,6,1,0
1,1,0,28.04,0,0,0,1,0,0,0,0,0,2,5,30,0,1,6,5,6,1,0
1,0,0,22.2,1,0,0,1,0,0,1,0,0,5,30,15,0,2,5,3,1,1,0
1,0,0,26.07,0,0,0,0,0,0,1,0,0,3,30,30,0,2,11,4,6,1,0
1,0,0,35.78,0,0,0,1,0,0,1,0,0,4,10,30,0,2,6,6,10,1,0
1,1,0,26.96,1,0,0,1,0,0,1,0,0,1,30,30,0,1,10,4,6,1,0
1,1,0,27.4,0,0,0,1,0,0,1,0,0,2,2,5,0,2,10,6,6,1,0
1,0,0,28.25,0,0,0,1,0,0,1,0,0,3,5,2,0,2,10,6,10,1,0
1,0,0,27.4,0,0,0,1,0,0,1,0,0,3,29,30,0,1,10,6,6,1,0
1,0,0,32.61,0,0,0,1,0,0,1,0,0,2,30,2,0,2,10,6,6,1,0
1,0,0,27.12,0,0,0,0,0,0,1,0,0,3,30,20,0,2,10,4,6,1,0
1,1,0,28.35,0,0,0,1,0,0,1,0,0,2,30,30,0,1,4,4,4,1,0
1,0,0,38.98,0,0,0,1,0,0,0,0,0,3,30,30,0,2,10,4,6,1,0
1,0,0,29.99,0,0,1,1,0,0,1,0,0,3,15,15,0,2,6,4,6,1,0
1,0,1,16.88,1,0,0,1,0,0,1,0,1,3,30,30,1,1,1,3,5,1,0
0,0,0,32.28,0,0,0,1,0,0,1,0,1,3,2,30,0,2,3,5,6,1,0
1,0,0,27.4,0,0,0,1,0,0,1,0,0,2,30,30,0,2,14,5,6,1,0
1,0,0,38.74,1,0,1,1,0,0,1,0,0,1,30,30,0,1,10,5,6,1,0
1,0,0,23.91,0,0,0,1,0,0,1,0,1,2,20,30,0,2,4,6,4,1,0
1,1,0,25.51,0,0,0,1,0,0,1,0,0,3,2,30,0,2,6,6,10,1,0
1,0,0,34.44,1,0,0,1,0,0,1,0,0,1,30,30,0,1,11,5,6,1,0
1,0,0,31.47,0,0,0,1,0,0,1,0,0,2,30,30,1,2,11,6,6,1,0
1,0,0,23.91,0,0,0,1,0,0,1,0,0,2,30,30,1,2,13,6,6,1,0
1,1,0,24.03,0,0,0,1,0,0,1,0,0,2,1,30,0,2,12,6,6,1,0
1,1,0,30.67,0,0,0,1,0,0,1,0,1,3,3,30,0,2,6,6,5,1,0
1,0,0,23.67,0,0,0,1,0,0,1,0,0,3,30,30,0,1,11,6,6,1,0
1,0,0,27.4,0,0,0,0,0,0,1,0,0,3,30,5,1,2,10,5,6,1,0
1,0,0,27.4,1,0,0,1,0,0,1,0,1,3,30,30,0,2,10,6,6,1,0
1,0,0,21.63,0,0,0,0,0,0,1,0,0,3,30,1,0,2,12,5,4,1,0
1,0,0,33.89,1,0,0,1,0,0,1,0,1,2,30,2,0,2,5,6,10,1,0
1,0,0,29.45,1,0,0,1,0,0,1,0,0,3,30,30,0,2,10,5,6,1,0
1,0,0,27.4,0,0,0,1,0,0,1,0,0,4,30,30,0,1,4,3,5,1,0
1,1,0,25.11,0,0,0,1,0,0,0,0,0,3,30,30,0,1,6,3,6,1,0
1,1,0,35.51,1,0,1,0,0,0,1,0,0,1,30,30,1,2,5,5,4,1,0
1,1,0,26.45,1,0,0,1,0,0,1,0,0,1,30,30,0,1,10,4,6,1,0
1,1,0,22.14,0,0,0,0,0,0,1,0,0,3,15,10,1,2,6,6,11,1,0
1,0,0,28.29,1,0,0,1,0,0,1,0,0,2,30,30,1,2,12,6,5,1,0
1,0,0,26.83,1,0,0,1,0,0,1,0,0,2,30,30,0,2,13,6,6,1,0
1,0,0,30.68,0,0,0,1,0,0,1,0,0,1,30,30,0,1,10,4,6,1,0
1,0,0,28.37,1,0,0,1,0,0,1,0,0,2,30,30,0,1,11,5,6,1,0
1,0,0,32.11,1,0,0,1,0,0,1,0,0,2,30,30,0,1,10,5,6,1,0
1,1,0,27.41,1,0,0,1,0,0,1,0,0,2,3,5,0,2,10,4,5,1,0
1,0,0,24.14,0,0,0,1,0,0,1,0,1,3,2,2,0,1,10,4,6,1,0
1,0,0,25.73,0,0,0,1,0,0,1,0,1,4,3,30,0,1,5,4,5,1,0
1,1,0,25.77,1,0,0,1,0,0,0,0,0,2,30,30,0,1,11,3,4,1,0
1,0,0,31.79,0,0,0,1,0,0,1,0,0,2,30,4,0,1,10,5,6,1,0
1,1,0,25.09,1,0,0,1,0,0,1,0,0,2,30,30,0,1,10,5,11,1,0
1,0,0,27.4,0,0,0,0,0,0,1,0,0,4,15,30,0,1,5,2,5,1,0
1,0,0,42.77,0,0,0,1,0,0,1,0,0,2,30,30,0,1,6,6,11,1,0
1,0,0,29.45,0,0,0,1,0,0,1,0,0,4,10,25,0,2,5,6,6,1,0
1,0,0,28.97,1,0,0,1,0,0,1,0,0,2,30,1,0,1,10,6,6,1,0
1,1,0,22.32,0,0,0,1,0,0,1,0,0,1,30,30,0,1,10,6,6,1,0
1,0,0,24.21,0,0,0,1,0,0,1,0,1,4,2,3,0,2,10,4,5,1,0
1,1,0,31.95,0,0,0,1,0,0,1,0,0,2,30,30,0,2,6,6,6,1,0
1,1,0,22.32,0,0,0,1,0,0,1,0,0,2,30,30,0,1,10,4,6,1,0
1,1,0,23.44,0,0,0,0,0,0,1,0,0,2,30,12,0,2,10,4,6,1,0
1,0,0,25.82,1,0,0,1,0,0,1,0,0,3,30,30,0,2,13,6,5,1,0
1,0,0,36.62,0,0,0,1,0,0,1,0,1,4,10,30,0,1,1,4,6,1,0
1,1,0,28.34,0,0,0,1,0,0,1,0,0,2,30,30,0,2,10,6,6,1,0
1,0,0,28.7,0,0,0,1,0,0,1,0,0,2,30,30,0,1,11,6,6,1,0
1,1,0,26.04,1,0,0,1,0,0,1,0,0,3,2,30,0,2,10,5,6,1,0
1,0,0,25.8,0,0,1,1,0,0,1,0,0,3,30,30,0,1,12,6,10,1,0
1,0,0,23.91,0,0,0,1,0,0,1,0,0,3,30,30,0,2,11,5,6,1,0
1,0,0,27.46,1,0,0,1,0,0,0,0,1,3,30,3,0,2,4,6,6,1,0
1,0,0,22.92,1,0,0,1,0,0,1,0,0,4,30,30,0,1,10,4,6,1,0
1,1,0,34.2,0,0,0,1,0,0,1,0,0,2,14,30,0,2,2,4,4,1,0
0,0,0,32.74,0,0,0,1,0,0,1,0,0,4,14,14,0,2,2,5,6,1,0
1,0,0,30.27,0,0,0,0,0,0,1,0,0,1,30,30,0,2,10,5,6,1,0
1,0,0,30.04,0,0,0,0,0,0,0,0,0,3,30,2,0,2,11,5,10,1,0
1,0,0,23.24,1,0,0,1,0,0,1,0,0,2,30,30,0,1,5,4,6,1,0
1,0,0,19.66,0,0,0,1,0,0,1,0,0,2,30,30,0,2,10,5,10,1,0
1,0,0,38.52,0,0,0,1,0,0,1,0,0,3,30,30,1,1,3,6,4,1,0
1,1,0,34.33,0,0,0,1,0,0,1,0,0,3,30,1,0,2,4,5,5,1,0
1,0,0,24.39,0,0,0,1,0,0,1,0,0,3,30,5,0,1,10,5,5,1,0
1,0,0,31.57,0,0,0,1,0,0,1,0,0,3,2,30,0,1,5,6,11,1,0
1,0,0,25.61,0,0,0,1,0,0,1,0,0,2,30,30,0,2,13,4,6,1,0
1,0,0,29.19,0,0,0,1,0,0,1,0,0,3,30,30,0,1,10,6,11,1,0
1,0,0,39.05,1,0,0,0,0,0,0,0,0,3,20,30,0,2,4,5,6,1,0
1,1,0,21.93,0,0,0,1,0,0,1,0,0,2,30,30,0,1,12,6,6,1,0
1,0,0,20.18,0,0,0,1,0,0,1,0,0,4,30,30,0,1,4,4,11,1,0
1,0,0,44.8,0,0,0,1,0,0,1,0,1,3,30,1,0,1,2,4,6,1,0
1,1,0,25.61,1,0,0,0,0,0,1,0,0,2,15,30,0,2,12,6,6,1,0
1,0,0,31.79,1,0,0,0,0,0,1,0,0,3,2,21,0,2,11,6,6,1,0
1,0,0,35.87,1,0,0,1,0,0,1,0,0,3,30,4,0,2,6,6,6,1,0
1,0,0,29.23,1,0,0,1,0,0,1,0,0,3,30,30,0,2,5,4,6,1,0
1,0,0,29.05,0,0,0,1,0,0,1,0,0,3,30,30,0,2,12,5,6,1,0
1,0,0,24.13,0,1,0,1,0,0,1,0,0,3,5,30,1,2,10,5,6,1,0
1,0,1,23.09,0,0,0,1,0,0,1,0,0,2,5,14,0,1,1,4,6,1,0
1,1,0,21.48,0,0,0,1,0,0,1,0,0,2,30,30,0,2,13,4,6,1,0
0,1,0,29.05,0,0,0,1,0,0,1,0,0,3,2,2,0,2,10,6,6,1,0
1,0,0,32.1,0,0,0,0,0,0,1,0,0,1,30,28,0,1,10,5,6,1,0
1,1,0,20.98,0,0,0,1,0,0,1,0,0,3,30,30,0,2,10,6,6,1,0
1,0,0,27.06,1,0,0,1,0,0,1,0,0,2,30,30,0,1,10,6,6,1,0
1,1,0,26.57,1,0,0,0,0,0,1,0,0,1,3,30,0,2,10,6,6,1,0
1,0,1,28.19,0,0,0,1,0,0,1,0,0,3,30,30,0,2,1,5,6,1,0
1,0,0,31.31,1,0,0,0,0,0,0,0,0,4,30,30,0,2,10,6,6,1,0
1,1,0,21.12,0,0,0,1,0,0,0,0,0,3,30,30,0,2,10,3,1,1,0
1,0,0,21.7,0,0,0,1,0,0,1,0,1,2,30,30,0,1,1,5,5,1,0
1,0,0,29.12,1,0,0,1,0,0,1,0,0,2,30,30,0,2,10,5,6,1,0
1,0,0,33.28,0,0,0,0,0,0,1,0,0,3,10,30,0,2,4,6,6,1,0
1,1,0,25.78,0,0,0,1,0,0,1,0,1,3,30,30,0,2,6,4,3,1,0
1,0,0,27.4,0,0,0,0,0,0,1,0,0,4,30,15,0,2,5,4,3,1,0
1,0,0,31.63,0,0,0,1,0,0,1,0,0,2,30,30,0,1,10,5,6,1,0
1,1,0,27.44,0,0,0,1,0,0,1,0,0,2,2,2,0,1,10,6,6,1,0
1,0,0,29.57,1,0,0,1,0,0,1,0,0,3,2,5,0,1,10,6,6,1,0
1,0,0,30.17,0,0,0,1,0,0,1,0,0,3,30,30,0,1,10,6,6,1,0
1,0,0,27.79,0,0,0,1,0,0,1,0,0,3,30,30,0,2,10,5,4,1,0
1,1,0,25.82,1,0,0,1,0,0,1,0,0,3,30,30,0,2,10,6,6,1,0
1,0,0,28.13,1,0,0,1,0,0,1,0,0,2,30,4,0,2,10,5,6,1,0
1,0,0,34.17,1,0,0,1,0,0,1,0,0,4,30,30,0,1,5,6,10,1,0
1,0,0,28.29,1,0,0,0,0,0,1,0,0,4,30,30,0,1,5,3,5,1,0
1,1,0,34.46,1,0,0,0,0,0,0,0,0,3,15,30,1,2,10,6,11,1,0
1,0,0,22.4,0,0,0,1,0,0,1,0,0,3,30,30,0,2,11,6,6,1,0
1,1,0,26.47,0,0,0,1,0,0,1,0,0,1,30,30,0,1,11,5,6,1,0
1,0,0,21.46,0,0,0,1,0,0,1,0,0,2,1,1,0,2,10,6,6,1,0
1,1,0,29.84,1,0,0,1,0,0,1,0,0,2,30,30,0,1,11,6,10,1,0
1,0,0,20.25,0,0,0,1,0,0,1,0,0,1,30,4,1,2,13,6,6,1,0
1,0,0,31.19,1,0,0,1,0,0,1,0,0,3,5,30,0,1,10,6,6,1,0
1,0,0,25.02,0,0,0,1,0,0,1,0,0,2,30,30,0,2,11,5,6,1,0
1,0,0,27.4,1,0,0,1,0,0,1,0,0,3,30,30,0,2,10,4,5,1,0
1,1,0,41.73,0,0,0,1,0,0,0,0,1,2,10,30,0,1,3,4,6,1,0
1,0,1,31.57,1,0,0,1,0,0,1,0,0,3,30,30,0,1,5,4,10,1,0
1,0,0,30.73,0,0,0,1,0,0,1,0,0,2,30,30,0,2,10,6,6,1,0
1,0,0,32.92,0,0,0,1,0,0,1,0,0,2,30,30,0,2,10,6,5,1,0
1,0,0,24.41,1,0,0,1,0,0,1,0,0,3,30,30,0,1,10,5,6,1,0
1,1,0,33.0,0,0,0,1,0,0,1,0,0,2,30,30,0,1,3,4,6,1,0
1,0,0,28.06,1,0,0,1,0,0,1,0,0,2,30,30,0,2,4,5,6,1,0
1,0,0,30.41,1,0,0,1,0,0,1,0,0,2,30,10,0,2,3,5,6,1,0
1,0,0,29.84,0,0,0,1,0,0,1,0,0,4,17,30,0,1,2,4,6,1,0
1,1,0,23.57,1,0,0,1,0,0,1,0,0,2,30,30,0,1,10,6,6,1,0
1,0,0,32.28,0,0,0,0,0,0,1,0,0,2,5,5,0,1,10,6,6,1,0
1,0,0,34.7,0,0,0,1,0,0,1,0,1,3,30,30,0,1,5,4,6,1,0
1,0,0,20.37,0,0,0,0,0,0,1,0,0,3,30,30,0,2,2,4,6,1,0
1,0,0,22.81,0,0,0,1,0,0,1,0,0,2,30,30,0,1,14,6,6,1,0
1,0,0,27.4,0,0,0,1,0,0,1,0,0,3,30,30,0,2,10,4,5,1,0
1,0,1,32.19,1,0,0,1,0,0,1,0,0,1,30,30,0,1,4,4,6,1,0
1,0,0,25.06,1,0,0,1,0,0,1,0,0,2,20,5,0,1,5,6,10,1,0
1,0,0,28.97,0,0,0,0,0,0,1,0,0,3,3,3,0,1,10,4,11,1,0
1,1,0,24.28,0,0,0,1,0,0,1,0,0,2,1,30,0,2,13,6,6,1,0
1,0,0,34.75,1,0,0,1,0,0,1,0,1,3,30,30,0,2,1,5,6,1,0
1,0,0,20.97,0,0,0,0,0,0,1,0,0,2,30,30,1,2,13,6,6,1,0
1,0,0,22.15,0,1,0,0,0,0,1,0,0,3,30,30,0,1,10,5,6,1,0
1,0,0,28.53,1,0,0,1,0,0,1,0,0,3,10,3,0,1,1,3,5,1,0
1,0,0,28.13,1,0,0,1,0,0,1,0,0,2,30,30,0,1,10,6,5,1,0
1,0,0,25.54,1,0,1,0,0,0,1,0,0,2,30,30,0,1,11,6,10,1,0
1,0,0,26.64,0,0,0,1,0,0,1,0,0,3,2,30,0,2,5,6,6,1,0
1,0,0,24.69,0,0,0,1,0,0,1,0,0,2,30,30,1,1,12,6,6,1,0
1,0,0,38.45,1,0,0,1,0,0,1,0,1,3,30,2,0,2,6,6,6,1,0
1,0,0,35.44,0,0,0,1,0,0,1,0,0,3,5,2,0,1,4,6,6,1,0
1,0,0,27.4,0,0,0,1,0,0,1,0,0,1,30,30,0,2,13,2,2,1,0
1,0,0,22.31,0,0,0,1,0,0,1,0,0,1,30,30,0,2,10,6,5,1,0
1,0,0,27.4,0,0,0,1,0,0,1,0,0,3,30,30,0,2,10,4,6,1,0
1,0,0,28.8,1,0,0,0,0,0,1,0,0,2,30,30,0,1,10,6,11,1,0
1,1,0,20.37,0,0,0,1,0,0,1,0,0,2,30,30,1,2,11,4,6,1,0
1,0,0,27.4,0,0,0,0,0,0,1,0,0,1,30,20,0,2,6,2,5,1,0
1,0,0,22.05,0,0,0,0,0,0,1,0,0,2,2,30,0,1,5,4,6,1,0
1,0,0,25.11,1,0,0,1,0,0,1,0,0,1,30,30,0,1,12,5,6,1,0
1,0,0,31.28,0,0,0,1,0,0,1,0,0,3,30,30,1,2,10,6,6,1,0
1,0,0,18.65,0,0,0,1,0,0,1,0,0,3,30,30,0,1,10,6,6,1,0
1,0,0,29.76,1,0,0,1,0,0,1,0,0,2,1,30,0,1,10,6,11,1,0
1,1,0,24.21,1,0,0,1,0,0,1,0,0,2,30,30,0,2,10,5,6,1,0
1,1,0,27.4,0,0,0,1,0,0,1,0,0,4,2,30,0,2,4,6,1,1,0
1,0,1,28.89,0,1,0,0,0,0,1,0,0,3,1,30,0,1,11,6,6,1,0
1,0,0,26.63,0,0,0,1,0,0,1,0,0,2,30,30,0,2,12,5,6,1,0
1,0,0,23.71,1,1,0,1,0,0,0,0,0,1,30,30,1,1,11,4,6,1,0
1,0,0,35.84,1,0,0,1,0,0,1,0,0,3,30,30,0,1,5,4,6,1,0
1,0,1,27.4,0,0,1,0,0,0,1,0,0,4,30,10,0,2,3,6,6,1,0
1,0,0,32.12,1,0,0,1,0,0,1,0,1,3,15,1,0,2,10,6,2,1,0
1,1,0,28.9,0,0,0,1,0,0,1,0,0,1,30,30,0,2,10,4,6,1,0
1,0,0,23.63,0,0,0,1,0,0,1,0,0,1,30,30,0,1,4,6,6,1,0
1,0,1,27.98,0,0,0,1,0,0,1,0,0,3,14,30,0,1,3,4,6,1,0
1,0,0,33.13,0,0,0,1,0,0,1,0,0,4,3,30,0,2,4,6,11,1,0
1,0,0,27.4,0,0,0,1,0,0,1,0,0,3,30,30,0,1,10,5,6,1,0
1,0,0,22.32,1,0,0,1,0,0,1,0,0,3,30,30,0,1,11,6,6,1,0
1,0,0,22.32,0,0,0,1,0,0,1,0,0,3,2,30,0,1,1,5,6,1,0
1,0,0,26.61,1,0,0,1,0,0,1,0,0,2,30,30,0,2,12,6,6,1,0
1,1,0,25.58,0,0,0,1,0,0,1,0,0,3,2,30,0,2,10,5,6,1,0
1,0,0,27.05,0,0,0,1,0,0,1,0,0,4,4,30,0,1,10,6,10,1,0
1,0,1,26.68,1,0,0,1,0,0,1,0,0,3,30,30,0,1,4,6,6,1,0
1,0,1,26.19,1,0,0,0,0,0,1,0,0,4,30,11,1,1,10,4,5,1,0
1,1,0,25.5,0,0,0,1,0,0,1,0,0,2,30,30,0,2,11,5,6,1,0
1,0,1,40.18,1,0,0,1,0,0,1,0,0,4,30,6,0,1,3,4,6,1,0
1,0,0,26.26,1,0,0,1,0,0,1,0,0,3,30,30,1,2,11,3,6,1,0
1,0,0,22.18,1,0,1,1,0,0,0,0,0,2,30,30,0,1,12,6,6,1,0
1,0,0,22.31,0,0,0,1,0,0,1,0,0,3,30,30,0,2,11,6,6,1,0
1,1,0,22.46,1,0,0,1,0,0,1,0,0,3,30,30,0,2,10,6,6,1,0
1,0,0,25.11,0,0,0,1,0,0,1,0,0,2,30,30,0,1,10,5,6,1,0
1,1,0,23.63,1,0,0,1,0,0,0,0,0,3,30,2,0,1,11,6,6,1,0
1,1,0,25.09,1,0,0,1,0,0,1,0,0,1,30,30,1,1,10,6,1,1,0
1,0,0,24.34,0,0,0,0,0,0,1,0,0,2,30,30,1,1,13,6,6,1,0
1,0,0,27.4,0,0,0,1,0,0,1,0,0,3,30,30,0,2,10,4,6,1,0
1,0,0,27.46,0,0,0,1,0,0,1,0,0,3,3,2,0,2,10,6,6,1,0
1,1,0,25.85,0,0,0,0,0,0,1,0,0,3,30,10,0,1,6,6,10,1,0
1,1,0,24.37,0,0,0,1,0,0,1,0,0,2,30,30,0,2,10,5,6,1,0
1,0,0,28.17,0,0,0,1,0,0,1,0,0,2,30,30,0,2,13,5,3,1,0
1,1,0,31.09,1,0,0,1,0,0,0,0,0,3,5,30,1,2,10,6,10,1,0
1,1,0,26.29,0,0,0,1,0,0,1,0,0,2,2,30,0,1,10,6,6,1,0
1,0,0,31.47,1,0,0,1,0,0,1,0,0,2,30,30,0,1,10,4,6,1,0
1,1,0,24.8,1,0,0,1,0,0,1,0,0,2,30,30,0,2,10,6,3,1,0
1,0,0,24.63,0,0,0,1,0,0,1,0,0,3,30,30,0,2,12,4,6,1,0
1,0,0,21.97,0,0,0,1,0,0,1,0,0,2,1,2,0,2,10,6,6,1,0
1,1,0,23.42,0,0,0,1,0,0,1,0,0,2,30,30,0,1,5,6,10,1,0
1,1,0,27.4,0,0,0,0,0,0,1,0,0,3,30,30,0,1,6,5,6,1,0
1,1,0,27.4,0,1,0,1,0,0,1,0,1,1,30,30,0,2,10,4,6,1,0
1,0,0,16.69,1,0,0,1,0,0,0,0,0,2,15,30,0,1,10,6,6,1,0
1,0,0,27.4,1,0,0,0,0,0,1,0,0,2,4,30,0,2,5,6,6,1,0
1,1,0,24.03,0,0,0,1,0,0,1,0,0,3,20,30,0,2,3,6,6,1,0
1,0,0,24.41,1,0,0,1,0,0,1,0,0,3,1,14,0,2,10,6,6,1,0
1,0,0,26.78,0,0,0,1,0,0,1,0,1,3,17,15,0,1,10,6,6,1,0
1,1,0,21.21,0,0,0,1,0,0,1,0,0,2,30,10,0,2,13,5,5,1,0
1,0,0,27.4,1,0,0,1,0,0,1,0,0,2,30,30,0,1,13,6,11,1,0
1,0,0,23.67,1,0,0,1,0,0,1,0,0,3,30,30,0,1,10,4,5,1,0
1,0,0,29.23,0,0,0,0,0,0,1,0,0,2,30,30,0,1,11,5,6,1,0
1,1,0,22.38,0,0,0,1,0,0,1,0,0,2,30,30,0,1,10,6,11,1,0
1,0,0,32.12,0,0,0,1,0,0,1,0,0,3,30,5,0,2,10,5,6,1,0
1,0,0,28.29,1,0,0,1,0,0,1,0,0,3,30,30,0,1,11,6,6,1,0
1,1,0,24.13,1,0,0,1,0,0,1,0,0,3,30,3,0,2,4,5,5,1,0
1,0,0,25.09,1,0,0,1,0,0,1,0,0,3,30,30,0,1,12,4,6,1,0
1,0,0,30.67,1,0,0,1,0,0,1,0,0,2,15,5,0,2,3,5,6,1,0
1,1,0,32.92,0,0,0,1,0,0,1,0,0,1,30,30,0,2,10,6,6,1,0
1,0,0,26.63,0,0,0,1,0,0,1,0,0,4,20,30,0,1,5,6,10,1,0
1,0,0,26.52,0,0,0,1,0,0,1,0,0,3,30,30,0,2,10,4,5,1,0
1,0,0,24.53,0,0,0,1,0,0,1,0,0,3,30,2,0,1,10,6,6,1,0
1,0,0,20.34,1,0,1,1,0,0,1,0,0,3,30,30,0,1,13,6,6,1,0
1,1,0,17.49,0,0,0,1,0,0,1,0,0,2,10,30,0,1,2,6,6,1,0
1,1,0,29.53,1,0,0,0,0,0,1,0,0,3,1,2,0,2,5,5,5,1,0
1,0,0,29.95,0,0,0,1,0,0,1,0,0,1,30,2,0,1,10,5,6,1,0
1,1,0,24.85,1,0,0,1,0,0,1,0,0,2,30,30,0,1,10,5,6,1,0
1,1,0,27.4,0,0,0,1,0,0,1,0,0,3,1,1,0,2,6,5,1,1,0
1,0,0,27.4,1,0,0,1,0,0,1,0,0,4,30,30,0,2,10,4,11,1,0
1,0,0,23.3,1,0,0,1,0,0,1,0,1,1,30,30,0,2,10,5,4,1,0
1,0,0,27.12,0,0,0,1,0,0,1,0,0,2,30,30,0,1,10,6,6,1,0
1,0,0,27.4,0,0,0,1,0,0,1,0,0,2,10,14,0,2,2,6,6,1,0
1,1,0,28.7,0,0,0,0,0,0,1,0,0,2,10,30,0,1,6,4,6,1,0
1,0,0,31.28,1,0,0,1,0,0,1,0,0,2,30,30,0,1,10,6,6,1,0
1,1,0,30.91,0,0,0,1,0,0,1,0,0,3,3,30,0,2,5,6,6,1,0
1,1,0,25.09,1,0,0,1,0,0,1,0,0,1,30,30,0,1,10,4,6,1,0
1,0,0,30.41,0,0,0,1,0,0,1,0,0,2,30,30,0,2,11,6,6,1,0
1,0,0,30.13,0,0,0,1,0,0,1,0,0,2,30,2,0,1,10,5,6,1,0
1,0,0,25.82,0,0,1,1,0,0,1,0,0,2,30,30,0,2,10,6,5,1,0
1,0,0,27.4,0,0,0,1,0,0,1,0,0,4,30,30,0,1,6,4,6,1,0
1,0,0,23.41,0,0,0,0,0,0,1,0,0,5,30,30,1,2,5,6,6,1,0
1,0,0,22.96,1,0,0,1,0,0,1,0,0,3,15,30,0,1,5,6,6,1,0
1,0,0,20.22,1,0,1,1,0,0,1,0,0,3,30,30,0,1,10,5,6,1,0
1,1,0,30.13,1,0,0,1,0,0,1,0,0,3,30,30,0,1,5,6,6,1,0
1,1,0,33.23,0,0,0,0,0,0,1,0,0,3,30,30,0,1,4,6,6,1,0
1,0,0,30.36,0,0,0,1,0,0,1,0,0,2,30,30,1,1,6,4,6,1,0
1,1,0,23.17,0,0,0,1,0,0,1,0,0,1,30,30,0,2,10,5,11,1,0
1,0,0,30.11,0,0,0,1,0,0,1,0,0,2,30,3,0,1,11,4,4,1,0
1,0,0,24.41,0,0,0,0,0,0,1,0,0,2,30,30,0,1,13,6,6,1,0
1,1,0,27.37,1,0,0,1,0,0,1,0,0,2,30,4,0,1,10,5,10,1,0
1,0,0,25.84,0,0,0,1,0,0,1,0,0,2,30,30,0,1,11,6,6,1,0
1,1,0,36.92,0,0,0,1,0,0,1,0,0,1,30,30,0,1,10,6,11,1,0
1,0,0,26.58,1,0,0,1,0,0,0,0,0,2,30,30,1,1,10,5,6,1,0
1,0,0,23.49,0,0,0,1,0,0,1,0,0,2,30,2,0,2,12,6,5,1,0
1,0,0,23.74,0,0,1,1,0,0,1,0,0,2,30,30,0,2,11,5,6,1,0
1,1,0,29.05,1,0,0,1,0,0,0,0,0,2,30,30,0,1,11,4,6,1,0
1,1,0,33.66,1,0,0,1,0,0,1,0,0,2,30,30,0,2,10,6,10,1,0
1,1,0,26.45,0,0,0,1,0,0,1,0,0,2,30,30,0,1,10,6,6,1,0
1,0,0,26.63,0,0,0,1,0,0,1,0,0,3,30,30,0,2,10,5,6,1,0
1,0,0,30.13,1,0,0,1,0,0,1,0,1,3,30,5,0,1,6,5,6,1,0
1,1,0,23.87,1,0,0,1,0,0,1,0,0,2,30,30,0,1,10,5,4,1,0
1,0,0,20.78,0,0,0,0,0,0,1,0,0,2,30,30,0,2,12,5,6,1,0
1,1,0,23.67,0,0,0,1,0,0,1,0,0,1,30,30,0,1,11,5,6,1,0
1,0,0,24.69,1,0,0,1,0,0,1,0,0,3,2,30,0,1,5,4,6,1,0
1,0,0,27.41,0,0,0,1,0,0,1,0,0,1,30,20,0,2,10,6,6,1,0
1,1,0,27.4,0,0,0,1,0,0,0,0,0,3,30,5,0,2,10,4,6,1,0
1,0,0,22.56,1,0,0,1,0,0,1,0,0,3,30,30,0,1,12,3,6,1,0
1,0,0,37.42,0,0,0,1,0,0,1,0,0,3,30,30,0,1,5,6,10,1,0
1,0,0,27.44,0,0,0,1,0,0,1,0,0,3,30,30,0,1,12,6,6,1,0
1,0,0,27.4,0,0,0,1,0,0,1,0,0,3,3,3,0,2,4,6,6,1,0
1,0,0,27.4,0,0,0,0,0,0,1,0,0,1,30,30,0,1,10,6,6,1,0
1,1,0,33.52,1,0,0,0,0,0,0,0,0,2,30,1,0,1,10,6,6,1,0
1,1,0,24.39,1,0,0,1,0,0,1,0,0,2,1,30,0,1,13,6,6,1,0
1,0,0,27.12,0,0,0,1,0,0,1,0,0,2,30,5,0,1,2,5,6,1,0
1,1,0,25.7,0,0,0,1,0,0,1,0,0,3,30,1,0,2,10,6,11,1,0
1,0,0,33.96,0,0,0,1,0,0,1,0,0,3,10,2,0,2,10,6,10,1,0
1,0,0,34.67,0,0,0,1,0,0,1,0,1,2,1,3,0,1,10,6,3,1,0
1,0,0,27.4,0,0,0,0,0,0,1,0,0,4,30,15,0,2,6,4,1,1,0
1,0,0,25.29,0,0,0,1,0,0,1,0,0,2,30,30,0,1,13,5,6,1,0
1,1,0,19.58,0,0,0,1,0,0,1,0,0,1,30,30,0,2,12,4,6,1,0
1,0,0,32.28,1,0,0,1,0,0,1,0,0,4,30,30,0,2,6,4,6,1,0
1,0,1,24.21,0,0,0,1,0,0,1,0,0,1,1,30,0,1,10,6,6,1,0
1,0,0,24.28,0,0,0,0,0,0,1,0,0,3,30,30,0,1,10,5,6,1,0
1,0,0,32.55,0,0,0,1,0,0,1,0,0,2,30,30,0,1,10,6,6,1,0
1,1,0,21.52,0,0,0,1,0,0,1,0,0,3,1,30,0,1,3,6,6,1,0
1,1,0,33.09,1,0,0,1,0,0,1,0,0,3,30,30,0,2,6,6,6,1,0
1,0,0,19.74,1,0,1,1,0,0,1,0,0,2,30,30,0,2,10,5,3,1,0
0,0,0,25.5,0,0,0,1,0,0,1,0,0,2,30,3,0,2,11,6,6,1,0
1,0,0,22.92,1,0,0,1,0,0,1,0,0,2,30,30,0,1,12,4,6,1,0
1,1,0,27.48,0,0,0,1,0,0,1,0,0,2,30,30,0,2,10,6,6,1,0
1,1,0,26.61,1,0,0,1,0,0,0,0,0,3,30,10,1,2,10,5,6,1,0
1,1,0,28.97,1,0,0,1,0,0,1,0,0,3,30,30,0,2,10,6,11,1,0
1,0,0,27.4,0,0,0,0,0,0,1,0,0,4,30,30,0,1,2,5,6,1,0
1,0,0,26.63,0,0,0,1,0,0,1,0,0,3,30,30,0,1,10,4,6,1,0
1,0,0,22.05,0,0,0,1,0,0,1,0,0,1,1,30,0,2,11,6,6,1,0
1,0,0,27.98,1,0,0,1,0,0,1,0,0,3,30,3,0,1,10,5,6,1,0
1,0,0,25.73,0,0,0,1,0,0,1,0,0,1,30,30,0,1,13,6,6,1,0
1,1,0,27.96,1,1,0,1,0,0,1,0,0,3,15,30,0,2,4,5,6,1,0
1,1,0,26.26,0,0,1,1,0,0,0,0,0,2,4,1,0,2,10,5,4,1,0
1,1,0,23.4,0,0,0,1,0,0,1,0,0,3,30,30,0,2,10,5,6,1,0
1,0,0,30.11,1,0,0,1,0,0,1,0,0,3,30,30,0,2,11,5,6,1,0
1,0,0,28.41,0,0,0,1,0,0,1,0,0,3,30,30,0,1,4,6,11,1,0
1,0,0,27.4,0,0,0,1,0,0,1,0,0,2,30,30,1,2,11,4,3,1,0
1,0,0,30.36,0,0,0,1,0,0,1,0,0,1,30,30,0,2,10,6,5,1,0
1,0,0,32.08,1,0,0,1,0,0,1,0,0,2,30,30,0,1,10,6,6,1,0
1,0,0,29.16,0,0,0,1,0,0,1,0,0,1,3,30,0,1,6,5,6,1,0
1,0,0,30.34,1,0,0,1,0,0,1,0,0,2,30,30,0,1,10,6,11,1,0
1,1,0,27.44,1,0,0,0,0,0,1,0,0,2,30,30,0,2,10,5,5,1,0
1,1,0,20.67,0,0,0,1,0,0,1,0,0,2,30,30,0,1,10,5,6,1,0
1,0,0,27.34,0,0,0,1,0,0,1,0,0,3,30,30,0,2,10,4,5,1,0
1,1,0,31.18,1,0,0,1,0,0,1,0,0,3,5,30,0,2,4,6,6,1,0
1,0,0,20.36,1,0,0,0,0,0,1,0,0,3,30,30,0,2,11,5,6,1,0
1,0,0,34.36,0,0,0,0,0,0,1,0,0,4,30,10,0,2,3,4,5,1,0
1,1,0,27.46,0,0,0,1,0,0,1,0,0,1,30,4,0,2,12,5,6,1,0
1,1,0,25.97,0,0,0,1,0,0,1,0,0,3,30,2,0,2,6,6,6,1,0
1,1,0,21.24,1,0,0,1,0,0,1,0,0,2,30,30,0,1,6,5,6,1,0
1,1,0,26.89,0,0,0,1,0,0,1,0,0,2,30,30,0,2,10,6,10,1,0
1,1,0,27.4,0,0,0,1,0,0,1,0,0,1,30,2,0,2,10,4,6,1,0
1,0,0,37.2,1,0,0,0,0,0,1,0,0,3,30,5,0,2,3,5,5,1,0
1,0,0,26.15,0,0,0,1,0,0,1,0,0,3,30,30,0,1,6,3,6,1,0
1,0,0,30.11,0,0,0,1,0,0,1,0,0,1,30,30,0,1,11,5,6,1,0
1,0,0,21.31,0,0,0,1,0,0,1,0,0,2,4,30,0,1,5,6,6,1,0
1,0,0,23.02,0,0,0,0,0,0,1,0,0,1,30,30,0,1,10,5,6,1,0
1,0,0,28.17,0,0,0,1,0,0,1,0,0,1,30,30,0,1,1,5,6,1,0
1,0,0,26.22,1,0,0,0,0,0,1,0,0,1,30,30,0,1,10,4,6,1,0
1,1,0,27.4,1,0,0,1,0,0,1,0,1,4,30,5,0,2,3,4,6,1,0
1,1,0,24.21,0,0,0,1,0,0,1,0,0,2,30,30,0,2,11,5,10,1,0
1,0,0,35.87,1,0,0,1,0,0,1,0,0,2,30,30,0,1,11,6,6,1,0
1,0,0,27.4,0,0,0,0,0,0,1,0,0,3,30,30,0,2,10,6,6,1,0
1,0,0,29.41,1,0,0,0,0,0,1,0,0,5,20,20,0,2,5,6,6,1,0
1,0,0,24.39,1,0,0,1,0,0,1,0,0,2,2,30,0,1,13,6,6,1,0
1,1,0,24.68,0,0,1,1,0,0,1,0,0,2,30,30,0,1,1,4,5,1,0
1,0,0,21.21,0,0,0,1,0,0,1,0,0,2,30,30,0,2,13,6,5,1,0
1,0,0,24.8,1,0,0,1,0,0,1,0,1,3,15,30,0,2,13,5,6,1,0
1,1,0,26.32,1,0,0,1,0,0,1,0,0,2,30,30,0,1,10,5,5,1,0
1,0,0,27.32,1,0,0,1,0,0,0,0,1,4,30,30,0,1,5,6,1,1,0
1,1,0,28.89,0,0,0,0,0,0,1,0,0,3,30,1,0,2,5,6,6,1,0
1,1,0,22.96,1,0,0,1,0,0,1,0,0,3,3,30,0,1,10,5,6,1,0
1,0,0,17.14,1,1,0,1,0,0,1,0,0,4,2,30,1,2,13,6,6,1,0
1,1,0,18.94,1,0,0,1,0,0,1,0,0,3,5,30,0,2,10,5,6,1,0
1,0,0,34.06,0,0,0,1,0,0,1,0,0,3,30,1,0,2,10,6,6,1,0
1,1,0,25.99,0,0,0,1,0,0,1,0,0,2,3,30,0,2,10,4,6,1,0
1,0,0,21.63,0,0,0,0,0,0,1,0,0,3,30,30,0,1,10,5,6,1,0
1,0,0,40.18,0,0,0,1,0,0,1,0,0,1,30,30,0,1,11,6,6,1,0
1,0,0,27.05,0,0,0,1,0,0,1,0,0,2,30,30,0,1,10,6,11,1,0
1,0,0,27.4,0,0,0,1,0,0,1,0,1,4,5,30,0,2,6,6,6,1,0
1,1,0,23.08,1,0,0,1,0,0,1,0,1,3,4,30,0,2,10,4,6,1,0
1,0,0,22.38,0,0,0,1,0,0,1,0,0,1,30,2,0,1,10,6,3,1,0
1,0,0,19.58,0,0,0,0,0,0,1,0,0,3,30,30,0,2,11,4,6,1,0
1,0,0,21.97,0,0,0,1,0,0,1,0,0,3,30,2,0,1,11,5,6,1,0
1,1,0,24.41,0,0,0,1,0,0,1,0,0,3,30,30,0,1,5,4,4,1,0
1,0,0,20.98,0,0,0,1,0,0,1,0,0,2,30,5,1,2,13,5,6,1,0
1,0,0,30.38,0,0,0,1,0,0,1,0,0,2,30,30,0,2,10,6,6,1,0
1,0,1,32.96,0,1,1,0,0,0,0,0,0,1,30,30,1,1,3,4,11,1,0
1,0,0,21.63,1,0,0,1,0,0,1,0,0,5,30,30,0,2,10,6,11,1,0
1,0,0,28.78,0,0,0,1,0,0,1,0,0,2,12,15,0,2,13,5,6,1,0
1,0,0,33.75,1,0,0,1,0,0,1,0,0,2,30,30,0,1,11,5,5,1,0
1,0,0,31.19,0,0,0,1,0,0,1,0,0,3,3,3,0,1,4,6,11,1,0
1,0,0,25.75,0,0,0,1,0,0,1,0,0,2,30,30,0,2,10,6,10,1,0
1,0,0,27.8,0,0,0,1,0,0,0,0,0,2,15,30,0,1,2,6,6,1,0
1,1,0,28.34,0,0,0,1,0,0,1,0,0,2,5,30,0,2,12,6,6,1,0
1,1,0,28.41,0,0,0,1,0,0,1,0,0,3,30,30,0,1,4,6,11,1,0
1,0,0,22.24,0,0,0,1,0,0,1,0,0,3,30,30,0,1,1,4,5,1,0
1,0,0,21.77,1,0,0,0,0,0,1,0,0,2,30,30,0,1,11,6,6,1,0
1,0,0,22.55,1,0,0,0,0,0,1,0,0,1,30,15,1,2,12,5,5,1,0
1,1,0,20.85,0,0,0,1,0,0,1,0,0,3,30,30,0,2,11,5,6,1,0
1,0,0,31.32,1,0,0,1,0,0,0,0,0,2,30,1,0,2,10,6,6,1,0
1,1,0,26.45,0,0,0,1,0,0,1,0,0,3,5,5,0,2,5,6,6,1,0
1,0,0,14.12,0,0,0,0,0,0,1,0,0,4,30,30,1,1,10,6,6,1,0
1,0,0,21.26,0,0,0,1,0,0,1,0,0,2,30,30,0,2,10,4,6,1,0
1,0,0,22.05,0,0,0,1,0,0,0,0,0,2,30,30,0,1,13,6,6,1,0
1,1,0,27.98,0,0,0,1,0,0,1,0,0,1,2,30,0,2,10,5,1,1,0
1,0,0,33.47,0,0,0,1,0,0,1,0,0,2,30,30,0,1,10,5,6,1,0
1,0,0,30.21,0,1,0,0,0,0,1,0,1,3,30,30,0,1,1,2,6,1,0
1,0,0,20.81,0,0,0,1,0,0,1,0,0,3,30,30,0,1,13,5,6,1,0
1,1,0,38.37,0,0,0,1,0,0,1,0,0,3,30,2,0,1,2,6,6,1,0
1,0,0,29.95,1,0,0,1,0,0,1,0,0,4,30,30,0,2,5,5,5,1,0
1,0,0,22.38,0,0,0,0,0,0,1,0,1,3,30,30,0,1,10,6,6,1,0
1,0,0,37.12,0,0,0,1,0,0,1,0,0,2,30,30,0,2,10,4,6,1,0
1,0,0,22.96,0,0,0,1,0,0,1,0,0,3,1,1,0,2,4,4,6,1,0
1,1,0,21.26,0,0,0,1,0,0,1,0,0,3,5,3,0,2,10,6,6,1,0
1,0,0,28.5,1,0,0,0,0,0,1,0,0,2,30,30,0,2,11,5,6,1,0
1,0,0,27.4,0,0,0,0,0,0,1,0,0,1,30,30,0,1,13,2,6,1,0
1,1,0,32.89,1,0,0,1,0,0,1,0,0,1,3,30,1,1,6,5,6,1,0
1,0,0,21.41,0,0,0,1,0,0,1,0,0,3,30,30,0,2,12,6,6,1,0
1,0,0,29.26,0,0,0,1,0,0,1,0,0,4,14,2,0,1,2,6,6,1,0
1,1,0,28.23,0,0,0,1,0,0,1,0,0,2,30,30,0,1,10,6,10,1,0
1,1,0,27.4,0,0,0,1,0,0,1,0,0,2,2,30,0,1,10,6,6,1,0
1,0,0,26.63,0,0,0,1,0,0,1,0,0,2,30,30,0,2,13,3,5,1,0
1,0,0,29.26,0,0,0,1,0,0,1,0,0,3,30,30,0,2,6,6,6,1,0
1,0,0,22.86,0,0,0,0,0,0,1,0,0,2,30,30,0,2,10,5,11,1,0
1,0,0,36.35,0,0,0,1,0,0,1,0,0,3,1,30,0,1,6,6,6,1,0
1,0,0,37.97,0,0,0,1,0,0,1,0,0,2,30,14,0,1,5,6,10,1,0
1,1,0,34.11,1,0,0,1,0,0,1,0,0,2,30,30,0,2,5,6,6,1,0
1,0,0,39.11,0,0,0,0,0,0,1,0,0,3,2,30,0,2,4,6,10,1,0
1,0,0,31.17,1,0,0,1,0,0,0,0,0,3,30,30,0,2,10,6,6,1,0
1,0,0,26.09,1,0,0,1,0,0,1,0,0,3,30,30,0,1,10,4,10,1,0
1,0,0,25.78,0,0,0,0,0,0,1,0,0,3,2,2,0,2,10,5,6,1,0
1,1,0,27.12,0,0,0,1,0,0,1,0,0,3,30,30,0,2,6,4,2,1,0
1,1,0,24.37,0,0,0,0,0,0,1,0,0,2,30,30,0,1,10,5,6,1,0
1,1,0,23.73,0,0,0,1,0,0,1,0,0,2,3,30,0,1,5,5,10,1,0
1,0,0,27.4,1,0,0,1,0,0,1,0,0,4,30,30,0,1,5,5,6,1,0
1,0,0,24.21,1,0,0,1,0,0,0,0,1,3,15,12,1,2,10,5,6,1,0
1,0,0,28.37,1,0,0,0,0,0,1,0,0,2,30,30,0,1,12,6,6,1,0
1,0,0,30.13,0,0,0,1,0,0,1,0,0,3,30,30,0,1,2,6,6,1,0
1,1,0,29.29,0,0,0,1,0,0,1,0,0,2,30,2,0,2,11,6,10,1,0
1,0,0,27.4,0,0,0,1,0,0,1,0,0,2,30,30,0,2,10,5,6,1,0
1,0,1,44.29,0,0,0,0,0,0,1,0,0,4,30,6,0,2,2,4,2,1,0
1,1,0,20.92,1,0,0,1,0,0,1,0,0,2,30,1,0,1,13,6,10,1,0
1,1,0,26.37,0,0,0,1,0,0,1,0,0,2,30,30,0,2,10,6,6,1,0
1,1,0,25.1,0,0,0,1,0,0,1,0,0,2,30,30,0,2,10,6,6,1,0
1,0,0,27.4,1,0,0,0,0,0,1,0,0,2,30,30,0,2,13,4,6,1,0
1,0,0,27.4,0,0,0,1,0,0,1,0,0,3,30,30,0,2,10,5,6,1,0
1,0,0,32.08,1,0,0,1,0,0,1,0,0,4,15,2,1,1,4,4,6,1,0
1,0,0,25.1,1,0,0,1,0,0,1,0,0,3,1,30,0,1,12,5,6,1,0
1,0,0,27.4,1,0,0,1,0,0,0,0,0,2,30,30,0,1,10,5,6,1,0
1,1,0,20.48,0,0,0,1,0,0,1,0,0,2,30,30,0,2,13,6,6,1,0
1,0,0,27.4,0,0,0,1,0,0,1,0,0,3,5,2,1,2,11,5,6,1,0
1,0,0,29.84,0,0,0,1,0,0,1,0,0,3,30,30,0,2,10,5,4,1,0
1,0,1,31.32,0,0,0,1,0,0,1,0,1,3,30,10,0,2,3,5,5,1,0
1,1,0,22.86,1,0,0,1,0,0,1,0,0,2,30,30,0,2,12,6,6,1,0
1,0,0,32.08,0,0,0,1,0,0,1,0,0,2,30,1,0,1,10,5,6,1,0
1,0,0,28.62,0,0,0,1,0,0,1,0,1,2,1,4,0,1,3,4,6,1,0
1,0,0,30.48,0,0,0,1,0,0,1,0,0,2,30,30,0,1,3,5,6,1,0
1,0,0,21.52,0,0,0,0,0,0,1,0,0,3,30,30,0,1,13,6,6,1,0
1,1,0,23.3,1,0,0,0,0,0,1,0,0,2,30,30,0,2,10,6,6,1,0
1,1,0,27.44,0,0,0,1,0,0,1,0,1,3,4,2,0,2,4,6,6,1,0
1,1,0,27.17,0,0,0,1,0,0,1,0,0,2,30,1,0,1,10,6,6,1,0
1,1,0,23.56,1,0,0,1,0,0,1,0,0,3,30,30,0,1,6,3,3,1,0
1,1,0,27.4,0,0,0,1,0,0,1,0,0,2,30,30,0,1,10,5,11,1,0
1,0,0,24.21,0,0,0,1,0,0,1,0,0,2,30,2,0,2,10,6,10,1,0
1,1,0,33.25,0,0,0,1,0,0,1,0,0,3,30,3,0,2,5,6,6,1,0
1,0,0,30.21,0,0,0,0,0,0,1,0,0,1,30,30,0,2,11,6,5,1,0
1,0,0,24.41,1,0,0,1,0,0,1,0,0,1,5,30,0,1,1,4,11,1,0
1,1,0,22.66,0,0,0,0,0,0,1,0,0,2,1,30,0,2,12,4,6,1,0
1,0,0,19.34,0,0,0,1,0,0,1,0,0,2,30,30,0,1,10,4,4,1,0
1,1,0,25.75,0,0,0,1,0,0,1,0,0,2,30,3,0,2,10,6,6,1,0
1,1,0,27.4,0,0,0,0,0,0,1,0,0,3,5,6,0,2,2,6,6,1,0
1,0,0,26.61,1,0,0,1,0,0,1,0,0,2,30,3,0,1,10,5,6,1,0
1,0,0,27.4,1,0,0,1,0,0,1,0,0,4,30,30,0,2,10,5,6,1,0
1,1,0,28.8,1,0,0,1,0,0,1,0,0,2,30,30,0,1,10,6,6,1,0
1,1,0,26.63,0,0,0,1,0,0,1,0,0,1,30,30,0,1,12,6,4,1,0
1,0,0,35.9,1,0,0,0,0,0,1,0,0,3,20,30,0,2,4,4,6,1,0
1,0,0,23.73,1,0,0,1,0,0,1,0,0,2,30,30,0,1,12,6,6,1,0
1,0,0,22.15,1,0,0,1,0,0,0,0,0,3,30,30,0,1,6,5,10,1,0
1,0,0,25.06,0,0,0,1,0,0,1,0,0,1,30,30,0,2,10,6,6,1,0
1,0,0,25.75,0,0,0,1,0,0,1,0,0,2,30,30,0,2,13,5,6,1,0
1,0,0,27.44,0,0,0,1,0,0,1,0,0,3,30,30,0,2,3,4,6,1,0
1,0,0,29.53,0,0,0,0,0,0,1,0,0,3,30,30,0,2,11,6,6,1,0
1,1,0,26.99,0,0,0,1,0,0,1,0,0,2,30,30,0,1,10,6,6,1,0
1,0,0,27.4,0,0,0,0,0,0,1,0,0,3,30,30,0,2,6,5,6,1,0
1,1,0,33.28,0,0,0,1,0,0,1,0,0,4,2,3,0,2,4,6,6,1,0
1,0,0,29.12,0,0,0,1,0,0,1,0,0,2,30,30,0,2,12,5,4,1,0
1,0,0,29.26,0,0,0,1,0,0,1,0,0,2,30,30,0,2,10,6,6,1,0
1,1,0,32.32,0,0,0,1,0,0,1,0,0,2,30,30,0,1,10,6,11,1,0
1,0,0,27.4,1,0,0,0,0,0,1,0,0,3,14,30,0,2,10,6,6,1,0
1,0,0,27.44,0,0,0,1,0,0,1,0,0,3,5,2,0,2,2,6,6,1,0
1,0,0,27.61,1,0,0,1,0,0,1,0,0,2,2,30,0,2,10,5,6,1,0
1,1,0,25.79,0,0,0,1,0,0,1,0,0,3,30,30,0,2,11,6,11,1,0
1,0,0,29.18,1,0,0,0,0,0,1,0,0,2,12,30,0,2,10,5,6,1,0
1,1,0,26.88,1,0,0,1,0,0,1,0,0,2,30,30,0,1,11,6,6,1,0
1,0,0,30.3,1,0,0,1,0,0,1,0,0,1,30,3,1,1,13,4,5,1,0
1,0,0,34.87,0,0,0,1,0,0,1,0,0,2,30,30,0,1,2,5,6,1,0
1,0,0,24.21,0,0,0,1,0,0,1,0,0,3,30,30,0,2,6,6,6,1,0
1,0,0,24.33,1,0,0,1,0,0,1,0,0,3,30,2,0,1,13,6,6,1,0
1,0,0,32.61,0,0,0,1,0,0,1,0,0,2,20,30,0,1,10,5,6,1,0
1,1,0,24.69,0,0,0,1,0,0,1,0,1,3,3,30,0,2,10,6,6,1,0
1,0,0,31.01,0,0,0,0,0,0,1,0,0,2,30,30,0,1,10,5,6,1,0
1,0,0,34.53,1,0,0,1,0,0,1,0,0,4,30,30,0,1,5,4,6,1,0
1,1,0,29.99,0,0,0,1,0,0,1,0,1,3,3,21,0,1,5,5,6,1,0
1,0,0,31.87,1,0,0,1,0,0,1,0,0,2,30,30,0,1,10,5,6,1,0
1,0,0,17.15,1,0,0,1,0,0,0,0,1,5,15,30,0,1,2,5,2,1,0
1,0,0,21.79,1,0,0,1,0,0,1,0,0,2,2,10,1,1,4,4,6,1,0
1,1,0,27.88,1,0,0,1,0,0,1,0,0,1,30,30,0,1,11,5,6,1,0
1,0,0,25.11,1,0,0,1,0,0,1,0,0,2,30,30,1,1,13,6,6,1,0
1,0,1,27.41,0,0,0,0,0,0,1,0,0,3,30,30,0,2,2,4,6,1,0
1,0,0,21.52,1,0,0,0,0,0,1,0,0,3,30,30,0,1,13,6,6,1,0
1,0,0,30.11,0,0,0,1,0,0,1,0,0,3,30,30,0,2,12,6,11,1,0
1,0,0,27.4,0,0,0,1,0,0,1,0,0,3,30,2,0,2,11,6,5,1,0
1,1,0,22.11,1,0,0,1,0,0,1,0,0,2,1,2,0,2,10,6,6,1,0
1,0,0,38.39,0,0,0,0,0,0,1,0,1,4,20,5,0,1,1,5,6,1,0
1,0,0,20.48,0,0,0,1,0,0,1,0,0,1,30,30,0,2,10,4,6,1,0
1,0,0,28.07,0,0,0,1,0,0,1,0,0,2,30,30,0,1,12,6,6,1,0
1,0,0,29.53,0,0,0,1,0,0,1,0,0,1,30,30,0,1,10,6,6,1,0
1,1,0,24.69,1,0,0,1,0,0,1,0,0,2,30,30,0,2,11,6,6,1,0
1,0,0,27.37,0,0,0,1,0,0,1,0,0,1,4,30,0,2,10,6,11,1,0
1,1,0,32.28,1,0,0,0,0,0,0,0,0,3,10,30,0,1,5,4,10,1,0
1,1,0,33.0,1,0,0,1,0,0,1,0,0,1,30,30,0,1,10,6,11,1,0
1,0,0,23.33,0,0,0,0,0,0,1,0,0,2,30,5,0,1,13,6,6,1,0
1,0,0,23.62,1,0,0,0,0,0,1,0,0,2,30,30,1,1,12,6,6,1,0
1,0,0,38.26,1,0,0,1,0,0,1,0,0,2,4,30,0,1,4,5,11,1,0
1,0,0,30.28,0,0,0,1,0,0,1,0,0,1,30,30,0,1,10,6,6,1,0
1,0,0,33.23,1,0,0,1,0,0,1,0,0,2,30,2,0,1,11,6,6,1,0
1,0,0,31.28,1,0,0,1,0,0,0,0,0,3,30,30,1,1,11,6,6,1,0
1,0,0,25.18,0,0,0,1,0,0,1,0,0,3,30,30,0,2,10,5,5,1,0
1,0,0,27.44,0,0,0,1,0,0,1,0,0,2,30,2,0,2,6,4,5,1,0
1,0,0,25.56,1,0,0,1,0,0,1,0,0,4,30,30,0,1,4,4,6,1,0
1,0,0,43.94,0,0,0,1,0,0,1,0,0,3,5,30,0,2,6,5,6,1,0
1,0,0,19.14,0,0,0,0,0,0,1,0,0,3,30,30,0,2,13,4,6,1,0
1,0,0,28.13,1,0,0,1,0,0,1,0,0,2,15,30,0,2,5,5,6,1,0
1,0,0,27.41,0,0,0,0,0,0,1,0,0,2,30,30,0,1,10,5,6,1,0
0,0,1,23.91,0,0,1,1,0,0,1,0,0,3,30,30,0,2,13,3,2,1,0
1,1,0,27.72,0,0,0,1,0,0,1,0,0,3,30,30,0,1,4,6,6,1,0
1,0,0,32.55,1,0,0,1,0,0,1,0,0,1,30,30,0,1,3,4,1,1,0
1,0,0,18.62,0,0,0,1,0,0,1,0,0,3,30,1,0,1,13,6,6,1,0
1,0,0,27.87,0,0,0,1,0,0,1,0,0,3,30,30,0,1,11,6,5,1,0
1,0,0,18.3,1,0,0,1,0,0,1,0,0,3,30,30,0,2,10,5,6,1,0
1,0,0,27.4,0,0,0,1,0,0,1,0,0,2,30,30,0,2,2,6,6,1,0
1,0,0,40.72,0,0,0,1,0,0,1,0,1,3,10,20,0,2,2,6,6,1,0
1,0,0,30.0,1,0,0,1,0,0,1,0,0,2,30,30,0,1,6,5,6,1,0
1,0,0,33.47,0,0,0,1,0,0,1,0,0,3,30,30,0,2,5,6,6,1,0
1,0,0,19.58,0,0,0,1,0,0,1,0,0,3,30,30,0,2,13,5,6,1,0
1,1,0,27.4,0,0,0,1,0,0,1,0,0,2,3,30,0,2,11,6,6,1,0
1,0,0,18.88,0,0,0,1,0,0,1,0,0,2,30,30,0,2,13,6,6,1,0
1,0,0,24.03,0,0,0,1,0,0,1,0,0,1,30,30,0,2,6,6,6,1,0
1,0,0,28.25,0,0,0,1,0,0,1,0,0,3,30,1,0,2,12,6,6,1,0
1,1,0,27.4,1,0,0,0,0,0,1,0,0,2,30,30,0,2,10,5,6,1,0
1,0,0,21.77,1,0,0,1,0,0,1,0,0,3,2,30,0,2,13,5,5,1,0
1,1,0,27.4,1,0,0,0,0,0,1,0,0,3,30,30,0,1,4,5,6,1,0
1,0,0,27.4,1,0,0,0,0,0,1,0,0,4,20,6,0,2,4,5,6,1,0
1,0,0,26.61,1,0,0,1,0,0,1,0,0,3,30,30,0,1,10,4,6,1,0
1,0,0,29.18,1,0,0,0,0,0,1,0,0,4,30,20,0,2,5,5,6,1,0
1,0,0,25.5,1,0,0,1,0,0,1,0,0,3,30,30,0,1,11,5,5,1,0
1,0,0,39.13,1,0,0,1,0,0,1,0,1,2,30,30,0,1,6,5,4,1,0
1,1,0,30.79,0,0,0,1,0,0,1,0,0,2,30,30,0,2,10,6,6,1,0
1,0,0,27.4,0,0,0,1,0,0,1,0,0,2,30,30,0,2,10,6,6,1,0
1,1,0,27.4,1,0,0,1,0,0,1,0,0,3,1,30,0,2,10,6,6,1,0
1,0,0,28.34,1,0,0,1,0,0,1,0,0,2,30,30,0,2,10,5,6,1,0
1,0,0,25.82,0,0,0,1,0,0,1,0,1,3,30,30,1,2,6,5,6,1,0
1,0,0,26.95,1,0,0,1,0,0,1,0,0,2,30,6,0,1,12,4,5,1,0
1,0,0,26.61,0,0,0,1,0,0,1,0,0,2,30,30,0,2,11,3,6,1,0
0,0,0,27.4,1,0,0,1,0,0,1,0,0,4,30,30,0,2,5,6,3,1,0
1,1,0,29.26,1,0,0,1,0,0,0,0,0,5,15,30,0,2,6,5,6,1,0
1,0,0,23.43,0,0,0,1,0,0,1,0,0,2,2,30,0,2,12,6,6,1,0
1,0,0,26.57,0,0,0,1,0,0,1,0,0,2,1,30,0,2,10,5,6,1,0
1,0,0,31.1,0,0,0,1,0,0,1,0,0,2,5,30,0,1,11,4,4,1,0
1,0,0,25.61,1,0,1,1,0,0,1,0,0,3,30,20,0,2,11,5,6,1,0
1,0,1,19.94,0,0,0,1,0,0,1,0,0,4,30,30,0,1,13,6,6,1,0
1,1,0,35.9,1,0,0,0,0,0,1,0,0,2,5,30,0,2,3,4,5,1,0
1,0,0,22.32,0,0,0,1,0,0,1,0,0,2,30,30,0,1,10,4,6,1,0
1,0,0,22.6,1,0,0,1,0,0,0,0,0,4,30,30,0,1,10,4,6,1,0
1,0,1,19.01,1,0,0,0,0,0,1,0,0,5,30,30,0,1,10,5,6,1,0
1,0,0,27.4,0,0,0,1,0,0,1,0,0,3,30,30,0,2,13,6,6,1,0
1,1,0,21.93,0,0,0,1,0,0,1,0,0,2,30,30,0,1,10,6,5,1,0
1,0,1,33.89,0,0,0,0,0,0,1,0,0,3,6,30,0,2,6,4,5,1,0
1,0,0,32.55,0,0,0,0,0,0,1,0,0,3,30,3,1,1,5,4,5,1,0
1,0,0,27.4,0,0,0,1,0,0,1,0,0,2,30,30,0,2,13,6,6,1,0
1,0,0,27.4,0,0,0,1,0,0,1,0,0,2,30,30,0,2,10,4,5,1,0
1,0,1,31.93,1,0,0,1,0,0,1,0,1,3,15,30,0,1,3,4,6,1,0
1,0,0,30.41,0,0,0,1,0,0,1,0,0,3,2,1,0,2,10,5,6,1,0
1,1,0,24.64,0,0,0,1,0,0,1,0,0,3,30,30,0,2,6,6,5,1,0
1,0,0,41.15,1,0,0,1,0,0,1,0,0,1,30,3,0,2,10,5,6,1,0
1,0,0,25.66,0,0,0,1,0,0,1,0,0,2,30,30,0,1,11,6,6,1,0
1,1,0,22.96,0,0,0,1,0,0,1,0,0,2,30,30,0,2,10,6,6,1,0
1,1,0,26.96,0,0,0,1,0,0,1,0,0,3,10,30,0,2,10,6,11,1,0
1,0,0,26.57,0,0,0,1,0,0,1,0,0,3,30,30,1,2,10,4,6,1,0
1,0,0,35.26,1,0,0,1,0,0,0,0,0,3,30,30,0,1,6,5,6,1,0
1,0,0,27.4,0,0,0,1,0,0,1,0,0,2,30,1,0,2,13,4,6,1,0
1,1,0,20.53,1,0,0,1,0,0,1,0,0,2,30,5,0,2,11,6,6,1,0
1,0,0,35.3,0,0,0,1,0,0,1,0,0,2,30,2,0,1,3,4,6,1,0
1,0,0,23.21,0,1,0,1,0,0,1,0,0,2,30,30,0,2,13,5,6,1,0
1,0,1,28.08,1,0,0,1,0,0,1,0,0,4,30,30,0,1,10,4,5,1,0
1,0,0,27.4,0,0,0,0,0,0,1,0,0,3,30,30,0,1,10,5,6,1,0
1,1,0,27.4,0,0,0,1,0,0,1,0,0,3,4,2,0,1,4,6,6,1,0
0,1,0,30.13,0,0,0,1,0,0,1,0,0,3,15,30,0,2,5,5,6,1,0
1,0,0,28.32,0,0,0,1,0,0,1,0,0,4,3,30,0,2,10,6,6,1,0
1,0,0,33.47,1,0,0,1,0,0,1,0,0,2,30,30,0,1,12,6,6,1,0
1,1,0,28.7,1,0,0,1,0,0,1,0,0,1,30,30,0,1,12,6,11,1,0
1,1,0,31.38,1,0,0,0,0,0,1,0,0,3,2,3,0,1,5,6,6,1,0
1,0,0,26.34,0,0,0,1,0,0,1,0,0,2,30,30,0,2,13,3,6,1,0
1,1,0,27.99,1,0,0,1,0,0,1,0,0,2,2,1,0,2,5,6,6,1,0
1,0,0,25.5,0,0,0,1,0,0,1,0,0,1,30,30,0,1,10,4,10,1,0
1,1,0,28.19,1,0,0,1,0,0,1,0,1,2,20,30,0,2,10,6,6,1,0
1,0,0,25.51,0,0,0,1,0,0,1,0,0,1,4,30,0,2,13,5,4,1,0
1,0,0,28.32,0,0,0,1,0,0,1,0,0,2,3,30,0,2,10,5,6,1,0
1,0,0,26.57,0,0,0,1,0,0,1,0,0,2,30,30,0,2,11,6,11,1,0
1,0,0,31.19,0,0,0,1,0,0,1,0,0,3,1,30,0,1,10,5,6,1,0
1,1,0,33.28,0,0,0,1,0,0,1,0,1,4,6,3,0,2,2,6,6,1,0
1,1,0,26.45,1,0,0,1,0,0,1,0,0,3,15,30,0,2,10,6,6,1,0
1,0,1,23.11,1,0,0,1,0,0,1,0,0,5,30,30,0,1,13,6,6,1,0
1,1,0,33.23,1,0,0,0,0,0,1,0,0,1,30,30,0,1,5,4,3,1,0
1,0,0,22.5,0,0,0,1,0,0,1,0,0,3,30,30,0,1,11,4,6,1,0
1,0,0,32.78,1,0,0,1,0,0,1,0,0,2,30,30,0,1,5,5,6,1,0
1,1,0,21.8,0,0,0,1,0,0,1,0,0,3,1,12,0,2,10,4,6,1,0
1,0,0,30.67,1,0,0,1,0,0,1,0,0,3,30,4,0,2,10,6,6,1,0
1,0,0,28.19,1,0,0,1,0,0,0,0,0,2,30,30,1,1,10,6,6,1,0
1,1,0,21.8,0,0,0,1,0,0,1,0,0,1,30,30,0,2,12,4,5,1,0
1,1,0,30.27,0,0,0,1,0,0,1,0,0,2,1,1,0,1,3,5,6,1,0
1,0,0,27.4,1,0,0,0,0,0,1,0,0,2,1,30,1,2,13,6,6,1,0
1,0,0,35.3,0,1,0,1,0,0,1,0,0,2,30,30,0,2,10,6,6,1,0
1,0,0,27.4,0,0,0,0,0,0,1,0,0,1,30,30,0,1,14,6,6,1,0
1,1,0,24.03,1,0,0,1,0,0,1,0,0,2,30,30,0,2,12,5,5,1,0
1,0,0,28.59,0,0,0,1,0,0,1,0,0,2,6,6,0,1,11,6,6,1,0
1,0,0,41.6,1,0,0,1,0,0,1,0,0,3,5,30,0,2,6,6,6,1,0
1,0,0,25.1,1,0,0,1,0,0,1,0,0,1,30,30,0,1,12,6,6,1,0
1,1,0,25.02,0,0,0,1,0,0,1,0,0,2,30,30,0,2,13,6,6,1,0
1,0,0,27.4,1,0,0,1,0,0,1,0,0,3,3,30,1,2,10,6,3,1,0
1,0,0,24.89,0,0,0,1,0,0,1,0,0,3,30,30,0,2,4,5,6,1,0
1,1,0,22.13,1,0,0,1,0,0,0,0,0,3,30,30,1,2,10,3,3,1,0
1,0,0,28.89,1,0,0,1,0,0,1,0,0,3,5,30,0,2,4,6,6,1,0
1,0,0,30.85,1,0,0,1,0,0,1,0,1,4,20,10,1,2,6,6,10,1,0
1,0,0,26.14,1,0,0,1,0,0,1,0,0,2,30,30,0,1,13,6,6,1,0
1,0,1,30.9,0,0,0,1,0,0,1,0,0,3,30,30,1,2,10,4,5,1,0
1,1,0,27.91,0,0,0,1,0,0,1,0,0,4,1,30,0,1,4,6,6,1,0
1,0,0,25.83,0,0,0,1,0,0,1,0,0,3,30,2,0,1,2,5,6,1,0
1,0,1,29.29,0,0,0,1,0,0,1,0,0,1,30,30,0,1,13,6,6,1,0
1,1,0,29.18,0,0,0,1,0,0,1,0,0,3,30,30,0,2,5,6,6,1,0
1,0,0,31.47,0,0,0,0,0,0,1,0,0,4,5,10,0,2,3,5,6,1,0
1,0,0,34.7,0,0,0,1,0,0,1,0,0,2,30,30,0,2,10,6,6,1,0
1,1,0,28.72,0,0,0,1,0,0,1,0,0,2,30,30,0,2,10,4,6,1,0
1,0,0,27.4,0,0,0,1,0,0,1,0,0,3,5,30,0,2,10,4,6,1,0
1,0,0,33.2,0,0,0,1,0,0,1,0,1,1,30,30,1,2,10,4,6,1,0
1,0,0,27.26,1,0,0,1,0,0,1,0,0,2,30,2,0,1,11,5,6,1,0
1,0,0,23.57,1,0,0,0,0,0,1,0,0,2,30,30,0,1,13,4,6,1,0
1,0,0,32.77,0,0,0,1,0,0,1,0,0,3,30,30,0,2,3,4,5,1,0
1,0,0,23.4,1,0,0,1,0,0,1,0,1,2,30,30,0,1,6,2,5,1,0
1,0,0,29.16,0,0,0,1,0,0,1,0,0,3,30,30,0,1,10,6,10,1,0
1,0,0,28.48,0,0,0,1,0,0,1,0,0,2,30,30,0,1,11,6,6,1,0
1,0,0,27.4,0,0,0,1,0,0,1,0,0,3,30,2,0,2,11,4,5,1,0
1,0,0,24.41,0,0,0,1,0,0,1,0,0,1,2,30,0,2,10,6,6,1,0
1,0,0,25.79,1,0,0,1,0,0,0,0,0,4,20,10,0,2,10,4,6,1,0
1,0,0,16.69,0,0,0,0,0,0,1,0,0,2,30,14,0,1,5,4,5,1,0
1,0,0,27.4,0,0,0,0,0,0,1,0,0,1,30,30,0,1,13,5,6,1,0
1,1,0,30.41,0,0,0,1,0,0,1,0,0,4,30,1,0,1,3,6,6,1,0
1,0,0,26.31,0,0,0,1,0,0,1,0,0,2,30,30,0,1,10,6,6,1,0
1,0,0,26.39,1,1,0,1,0,0,1,0,0,2,30,10,0,1,10,5,6,1,0
1,0,0,34.87,0,0,0,1,0,0,1,0,0,1,30,30,0,1,11,4,6,1,0
1,0,0,27.4,0,0,0,0,0,0,1,0,0,3,30,30,0,1,2,4,6,1,0
1,1,0,30.68,0,0,0,1,0,0,1,0,0,3,30,30,0,1,5,6,6,1,0
1,1,0,34.11,0,0,0,1,0,0,1,0,0,2,30,1,0,1,6,6,6,1,0
1,1,0,27.4,0,0,0,0,0,0,1,0,0,1,15,30,1,2,13,6,6,1,0
1,0,0,20.98,0,0,0,1,0,0,1,0,0,2,30,30,0,1,1,4,6,1,0
1,0,0,27.4,0,0,0,0,0,0,1,0,1,4,30,30,0,2,6,6,6,1,0
1,1,0,27.46,1,0,0,1,0,0,1,0,0,3,5,5,0,2,5,5,6,1,0
1,0,1,17.96,0,1,0,0,0,0,1,0,1,5,30,25,0,2,10,5,6,1,0
1,0,0,25.89,0,0,0,1,0,0,1,0,0,2,2,30,0,2,3,4,4,1,0
1,1,0,25.85,0,0,0,1,0,0,1,0,0,2,30,30,0,1,10,5,6,1,0
1,0,0,32.98,0,0,0,1,0,0,1,0,0,2,30,30,0,1,11,5,6,1,0
1,0,0,28.12,1,0,0,1,0,0,1,0,0,4,3,30,0,1,2,6,6,1,0
1,0,0,25.51,0,0,0,1,0,0,1,0,1,2,30,30,1,2,10,2,6,1,0
1,0,0,31.47,0,0,0,0,0,0,0,0,0,2,30,30,0,1,10,4,4,1,0
1,0,0,36.95,0,0,0,0,0,0,0,0,0,4,15,3,0,2,10,5,11,1,0
1,1,0,24.33,0,0,0,1,0,0,1,0,0,2,30,30,0,2,11,6,6,1,0
1,0,0,31.15,1,0,0,1,0,0,1,0,1,3,30,30,0,1,4,3,5,1,0
1,0,0,27.46,0,0,0,1,0,0,1,0,0,3,30,30,0,2,10,4,3,1,0
1,0,0,33.38,1,0,0,1,0,0,1,0,0,2,30,2,0,1,11,5,5,1,0
1,0,0,31.71,0,0,0,1,0,0,1,0,0,2,30,30,0,1,13,6,6,1,0
1,0,0,26.58,0,0,0,1,0,0,1,0,0,2,30,30,0,1,13,6,6,1,0
1,0,0,23.73,0,0,0,1,0,0,1,0,0,2,30,30,0,1,13,4,6,1,0
1,1,0,26.17,0,0,0,1,0,0,1,0,0,2,30,30,0,2,10,6,10,1,0
1,0,0,30.68,0,0,0,1,0,0,1,0,0,2,30,30,0,1,13,6,6,1,0
1,0,0,29.86,0,0,0,0,0,0,1,0,0,2,30,30,0,1,10,6,6,1,0
1,0,0,26.31,0,0,0,0,0,0,1,0,0,3,30,30,1,2,10,4,6,1,0
1,0,0,27.4,0,0,0,1,0,0,1,0,0,4,20,10,0,2,10,6,6,1,0
1,0,1,26.63,0,0,0,1,0,0,1,0,0,2,30,30,0,1,5,6,6,1,0
1,1,0,29.82,0,0,0,1,0,0,1,0,0,2,30,2,0,1,3,5,6,1,0
1,0,0,32.92,1,1,0,1,0,0,1,0,0,2,30,30,0,2,4,3,3,1,0
1,1,0,27.4,0,0,0,1,0,0,1,0,0,2,30,30,0,2,12,6,6,1,0
1,1,0,29.7,1,0,0,1,0,0,1,0,0,3,5,30,0,2,6,6,6,1,0
1,0,0,20.53,1,0,0,0,0,0,0,0,0,3,30,30,0,1,10,4,6,1,0
1,0,0,33.89,0,0,0,1,0,0,1,0,0,2,15,30,0,2,3,5,6,1,0
1,0,0,32.45,0,0,0,1,0,0,1,0,0,3,10,15,0,2,3,4,6,1,0
1,0,0,28.72,0,0,0,1,0,0,1,0,0,3,5,30,1,2,11,6,6,1,0
1,0,0,24.28,1,0,0,1,0,0,1,0,1,1,30,30,0,1,12,2,4,1,0
1,1,0,29.03,0,0,0,1,0,0,1,0,0,1,30,30,0,1,10,5,6,1,0
1,0,0,41.96,1,0,0,1,0,0,1,0,0,2,30,12,0,2,4,6,6,1,0
1,0,0,25.39,1,0,0,1,0,0,1,0,0,3,30,30,0,2,10,5,5,1,0
1,0,0,27.4,0,0,0,1,0,0,1,0,0,3,30,14,0,2,10,6,6,1,0
1,0,0,23.17,0,0,0,1,0,0,1,0,0,4,6,15,0,2,14,6,11,1,0
1,0,0,31.32,0,0,0,0,0,0,1,0,0,3,2,2,0,2,2,4,5,1,0
0,0,0,23.91,0,0,0,1,0,0,1,0,0,2,5,30,0,2,5,6,6,1,0
1,0,0,22.24,0,0,0,1,0,0,1,0,0,2,5,5,0,1,4,6,6,1,0
1,0,0,21.63,0,0,0,1,0,0,1,0,0,2,5,30,0,2,10,6,6,1,0
1,1,0,22.07,0,0,0,1,0,0,1,0,0,2,30,3,0,2,10,6,5,1,0
1,0,0,27.27,1,0,0,1,0,0,1,0,0,3,14,30,0,2,6,5,6,1,0
0,0,0,30.85,1,0,0,1,0,0,1,0,1,4,30,30,1,2,1,6,5,1,0
1,0,0,27.4,0,0,0,1,0,0,1,0,0,2,2,5,0,2,13,6,6,1,0
1,1,0,23.69,1,0,0,1,0,0,1,0,0,1,30,30,1,2,12,5,11,1,0
1,0,0,34.7,0,0,0,1,0,0,1,0,0,2,30,30,0,2,4,6,11,1,0
1,0,0,27.26,1,0,0,0,0,0,1,0,0,2,30,30,0,1,12,6,6,1,0
1,0,0,22.74,0,0,0,1,0,0,1,0,0,3,30,30,0,1,6,6,6,1,0
1,0,0,32.59,1,0,0,1,0,0,1,0,0,3,30,30,0,2,10,4,6,1,0
1,0,1,36.62,0,0,0,1,0,0,1,0,0,4,30,30,1,2,10,6,6,1,0
1,1,0,25.13,1,0,0,1,0,0,1,0,0,2,15,30,0,2,10,4,6,1,0
1,1,0,28.48,0,0,0,1,0,0,1,0,0,2,30,30,0,1,10,5,10,1,0
1,1,0,33.0,0,0,0,1,0,0,0,0,0,3,30,30,0,1,10,6,10,1,0
1,0,0,27.4,0,0,0,1,0,0,1,0,0,3,30,30,0,1,10,6,6,1,0
1,0,0,33.66,0,0,0,1,0,0,1,0,0,2,30,30,0,2,12,5,6,1,0
1,1,0,37.62,1,0,0,1,0,0,1,0,0,2,15,30,0,1,6,6,6,1,0
1,1,0,23.62,1,0,0,1,0,0,1,0,0,3,30,30,0,2,10,6,6,1,0
1,0,0,27.12,0,0,0,1,0,0,1,0,0,2,30,30,0,1,10,4,6,1,0
1,0,0,29.23,0,0,0,0,0,0,1,0,0,1,30,30,0,2,10,3,6,1,0
1,0,0,24.51,1,0,0,1,0,0,1,0,0,2,30,30,0,1,13,6,6,1,0
1,1,0,25.1,0,0,0,1,0,0,1,0,0,2,30,30,0,1,10,6,10,1,0
0,0,0,27.4,0,0,0,1,0,0,1,0,1,4,30,25,0,2,5,2,1,1,0
1,0,0,27.12,0,0,0,1,0,0,1,0,0,3,30,3,0,1,10,6,6,1,0
1,0,0,29.05,1,0,0,1,0,0,1,0,0,2,30,30,0,2,13,5,6,1,0
1,1,0,27.4,0,0,0,1,0,0,1,0,0,2,30,30,0,2,10,6,6,1,0
1,0,0,29.63,0,0,0,1,0,0,1,0,0,2,30,2,0,2,10,4,6,1,0
1,0,0,46.11,1,0,0,1,0,0,0,0,0,4,15,28,0,1,4,6,6,1,0
1,1,0,38.75,0,0,0,1,0,0,1,0,0,2,30,2,0,1,1,5,6,1,0
1,1,0,20.53,0,0,0,1,0,0,1,0,0,3,30,30,0,2,10,5,10,1,0
1,0,0,34.16,0,0,0,1,0,0,1,0,0,2,30,30,0,2,10,5,6,1,0
1,0,0,27.07,1,0,0,1,0,0,1,0,0,3,30,30,0,2,13,5,6,1,0
1,0,0,22.1,1,0,1,1,0,0,1,0,0,2,30,30,0,1,13,5,6,1,0
1,0,0,22.71,0,0,0,1,0,0,1,0,0,2,2,30,0,2,11,6,5,1,0
1,1,0,28.29,1,0,0,1,0,0,0,0,0,3,30,30,0,2,10,6,6,1,0
1,1,0,27.26,1,0,0,1,0,0,1,0,0,2,30,30,0,1,10,6,6,1,0
1,1,0,30.08,0,0,0,1,0,0,1,0,1,2,30,30,0,1,10,5,11,1,0
1,0,0,32.59,0,0,0,1,0,0,1,0,0,4,30,30,0,2,2,6,6,1,0
1,0,0,20.69,0,0,0,1,0,0,1,0,0,2,2,30,0,2,1,4,11,1,0
1,0,0,21.52,1,0,0,1,0,0,0,0,0,3,14,2,0,1,3,6,6,1,0
1,0,0,27.12,0,0,0,0,0,0,1,0,0,4,30,30,0,2,4,4,1,1,0
0,0,0,31.32,0,0,0,1,0,0,1,0,1,4,30,3,0,2,3,5,6,1,0
1,1,0,22.92,0,0,0,1,0,0,1,0,0,3,30,30,0,1,10,6,11,1,0
1,0,0,28.25,0,0,0,1,0,0,1,0,0,2,30,30,0,2,10,6,6,1,0
1,0,0,34.87,1,1,0,1,0,0,1,0,0,2,30,30,0,1,10,6,6,1,0
1,0,0,25.61,0,0,0,1,0,0,1,0,0,1,2,30,0,2,10,4,6,1,0
1,0,0,33.96,0,0,0,1,0,0,1,0,0,2,30,1,0,2,5,6,10,1,0
1,0,0,23.53,1,0,0,0,0,0,0,0,0,3,30,30,0,1,12,4,6,1,0
1,0,0,31.53,1,0,0,1,0,0,1,0,0,1,30,30,0,1,13,4,4,1,0
1,0,0,30.34,1,0,0,0,0,0,1,0,0,2,30,5,0,2,10,4,6,1,0
1,0,0,24.46,0,1,0,1,0,0,1,0,0,1,30,30,0,2,10,6,6,1,0
1,0,0,28.32,1,0,0,1,0,0,1,0,0,2,30,30,0,2,10,4,10,1,0
1,0,0,27.34,0,0,0,1,0,0,1,0,1,4,20,10,0,2,2,6,3,1,0
1,0,0,30.9,0,0,0,1,0,0,1,0,0,2,30,3,0,2,4,6,6,1,0
1,0,0,19.91,0,0,0,1,0,0,1,0,0,2,1,30,0,2,10,6,6,1,0
1,0,1,32.45,1,0,0,1,0,0,1,0,0,3,30,5,0,2,4,6,6,1,0
1,0,0,40.87,0,0,0,0,0,0,1,0,1,3,30,10,0,2,4,5,3,1,0
1,0,0,30.07,1,0,0,0,0,0,1,0,0,2,5,30,0,2,12,6,6,1,0
1,1,0,27.4,0,0,0,0,0,0,1,0,0,3,30,30,0,1,2,2,2,1,0
1,0,0,35.51,0,0,0,1,0,0,1,0,1,3,30,30,0,2,5,2,6,1,0
1,1,0,30.24,0,0,0,1,0,0,1,0,0,2,3,2,0,1,10,6,10,1,0
1,1,0,29.95,1,0,0,1,0,0,1,0,0,3,30,30,0,2,6,4,6,1,0
1,0,0,27.89,1,0,0,1,0,0,1,0,0,2,30,30,0,1,12,6,6,1,0
1,0,0,25.97,0,0,0,1,0,0,1,0,1,5,30,30,0,1,3,6,6,1,0
1,1,0,25.1,0,0,0,1,0,0,1,0,0,2,2,30,0,1,11,6,6,1,0
1,1,0,28.34,0,0,0,1,0,0,1,0,0,2,1,30,0,2,10,6,6,1,0
1,1,0,37.12,0,0,0,1,0,0,1,0,0,3,20,12,0,2,2,6,6,1,0
1,1,0,35.15,0,0,0,1,0,0,1,0,0,3,30,30,0,2,3,5,6,1,0
1,0,0,31.25,0,0,0,0,0,0,1,0,0,2,30,26,0,1,10,4,5,1,0
1,0,0,27.4,0,0,0,1,0,0,1,0,0,3,30,5,0,2,11,4,6,1,0
1,0,0,29.53,0,0,0,1,0,0,1,0,0,3,30,2,0,1,10,6,11,1,0
1,0,0,29.62,0,0,0,1,0,0,1,0,0,3,5,30,0,2,10,5,6,1,0
1,0,0,19.67,0,0,0,1,0,0,1,0,0,3,30,5,0,1,13,5,5,1,0
1,0,0,31.25,1,0,0,1,0,0,1,0,0,3,15,30,0,2,5,5,6,1,0
1,0,0,50.3,0,0,0,1,0,0,1,0,0,3,30,30,0,2,1,4,6,1,0
1,0,0,28.48,0,0,0,0,0,0,0,0,0,3,30,15,1,1,10,6,6,1,0
1,0,0,39.06,0,0,0,1,0,0,1,0,0,2,5,30,0,2,11,6,6,1,0
0,0,0,27.4,0,0,0,1,0,0,1,0,0,3,30,30,0,2,14,6,6,1,0
1,0,0,22.81,0,0,0,1,0,0,1,0,0,2,30,30,0,2,12,6,6,1,0
1,1,0,32.32,0,0,0,1,0,0,1,0,0,2,30,30,0,1,5,4,6,1,0
1,0,1,34.58,1,0,0,1,0,0,1,0,0,2,30,30,0,1,10,5,6,1,0
1,0,0,25.77,1,0,0,1,0,0,1,0,0,3,30,30,0,1,13,6,6,1,0
1,1,0,28.0,1,0,0,1,0,0,0,0,0,2,15,30,0,1,11,6,6,1,0
1,0,0,19.8,0,0,0,1,0,0,1,0,0,3,30,30,0,2,11,6,6,1,0
1,0,1,25.09,0,0,0,0,0,0,1,0,0,3,30,30,0,1,4,4,6,1,0
1,0,0,27.44,1,0,0,1,0,0,0,0,0,1,30,30,0,2,2,5,6,1,0
1,0,1,34.33,1,0,0,0,0,0,1,0,0,5,30,30,0,2,4,4,2,1,0
1,0,0,24.46,1,0,0,1,0,0,1,0,0,3,30,30,0,2,13,4,6,1,0
1,1,0,29.76,0,0,0,1,0,0,1,0,0,2,30,30,0,2,10,5,6,1,0
1,0,0,29.53,0,0,0,1,0,0,1,0,0,3,30,2,0,1,10,6,6,1,0
1,0,1,40.18,1,0,0,1,0,0,1,0,0,2,30,30,0,1,10,5,6,1,0
1,0,1,38.97,0,0,0,1,0,0,1,0,0,4,20,5,0,2,2,6,6,1,0
1,0,0,24.96,0,0,0,1,0,0,1,0,0,1,30,30,0,2,10,5,11,1,0
1,1,0,21.63,0,0,0,1,0,0,1,0,0,2,30,30,0,2,12,5,4,1,0
1,0,0,27.4,0,0,0,1,0,0,1,0,0,3,30,30,0,1,10,4,6,1,0
1,1,0,33.61,0,1,0,1,0,0,1,0,0,2,30,6,0,1,5,6,10,1,0
1,0,0,32.98,0,0,0,1,0,0,1,0,0,2,10,5,0,2,1,5,5,1,0
1,0,0,17.54,0,0,0,1,0,0,1,0,1,5,30,30,1,2,10,5,6,1,0
1,0,0,38.01,1,0,0,1,0,0,1,0,0,2,3,4,0,2,5,5,6,1,0
1,1,0,27.4,0,0,0,0,0,0,1,0,0,3,30,30,0,2,5,5,6,1,0
1,0,0,25.77,0,0,0,1,0,0,1,0,0,2,2,30,0,1,10,6,6,1,0
1,0,0,32.89,0,0,0,1,0,0,0,0,0,1,30,30,1,2,4,5,6,1,0
1,0,0,25.06,0,0,0,1,0,0,1,0,0,1,30,30,0,2,10,4,6,1,0
1,0,0,26.63,0,0,0,1,0,0,1,0,0,3,5,30,0,1,10,6,6,1,0
1,0,0,27.4,0,0,0,0,0,0,1,0,0,3,5,30,0,2,12,5,6,1,0
1,0,0,32.55,0,0,0,1,0,0,1,0,0,2,30,30,0,1,10,4,4,1,0
1,0,1,37.28,0,0,0,0,0,0,1,0,0,4,30,30,0,2,6,3,6,1,0
1,0,0,35.51,0,0,0,1,0,0,1,0,0,3,30,30,0,2,5,6,5,1,0
1,0,0,22.47,0,0,0,1,0,0,1,0,0,4,30,30,0,1,10,4,6,1,0
1,1,0,28.29,0,0,0,1,0,0,1,0,0,2,30,1,0,2,10,5,6,1,0
1,0,0,26.0,1,1,0,1,0,0,1,0,0,2,3,30,0,1,10,5,6,1,0
1,0,0,29.12,0,0,0,1,0,0,1,0,0,3,30,30,0,2,10,5,6,1,0
1,1,0,30.9,0,0,0,1,0,0,1,0,0,2,30,30,0,2,10,6,6,1,0
1,0,0,21.93,0,0,0,1,0,0,1,0,0,2,30,30,0,2,2,6,10,1,0
1,0,0,24.34,0,0,0,1,0,0,1,0,0,2,30,30,0,1,11,6,6,1,0
1,1,0,25.51,1,0,0,1,0,0,1,0,0,2,30,13,0,2,12,6,6,1,0
1,0,0,36.94,0,0,0,1,0,0,1,0,0,2,30,1,0,1,5,6,6,1,0
1,1,0,24.53,0,0,0,1,0,0,0,0,0,2,30,3,0,2,11,6,6,1,0
1,0,0,19.94,0,1,0,0,0,0,1,0,0,4,30,30,0,2,4,3,6,1,0
1,0,0,25.04,1,0,1,1,0,0,1,0,0,2,30,30,0,1,10,4,6,1,0
1,1,0,23.72,0,0,0,1,0,0,1,0,0,2,15,30,0,1,11,6,6,1,0
1,1,0,29.86,1,0,0,1,0,0,1,0,0,2,30,30,0,2,10,6,6,1,0
1,0,0,28.62,0,0,0,1,0,0,1,0,0,2,3,30,0,1,13,6,4,1,0
1,1,0,29.57,0,0,1,1,0,0,1,0,0,2,5,30,0,1,10,6,11,1,0
1,0,0,32.1,0,0,0,1,0,0,1,0,0,2,3,1,0,1,10,6,6,1,0
1,1,0,25.84,1,0,0,1,0,0,0,0,0,3,30,30,0,1,13,6,10,1,0
1,0,0,26.16,1,0,0,0,0,0,1,0,0,2,30,10,1,1,10,4,6,1,0
1,0,0,22.6,0,1,0,1,0,0,1,0,1,1,30,30,0,2,13,6,6,1,0
1,0,0,29.16,0,0,1,1,0,0,1,0,0,1,30,30,1,1,13,6,10,1,0
1,1,0,38.41,0,0,0,0,0,0,1,0,1,2,30,30,0,1,4,6,6,1,0
1,0,0,26.92,1,0,0,1,0,0,1,0,0,2,30,30,0,1,12,5,6,1,0
1,1,0,27.98,0,0,0,1,0,0,1,0,0,3,5,30,0,1,3,5,6,1,0
0,1,0,27.44,0,0,0,1,0,0,1,0,0,2,2,3,0,2,3,4,6,1,0
1,0,0,27.44,0,0,0,1,0,0,1,0,1,2,30,30,0,1,10,6,6,1,0
1,0,0,27.4,0,0,0,1,0,0,1,0,0,3,30,30,0,1,10,4,6,1,0
1,1,0,22.71,0,0,0,1,0,0,1,0,0,2,30,30,0,1,10,6,6,1,0
1,0,0,30.07,1,0,0,1,0,0,1,0,0,3,10,30,0,1,10,4,6,1,0
1,1,0,25.08,1,0,0,0,0,0,1,0,0,4,3,10,0,2,4,4,5,1,0
1,1,0,29.29,0,0,0,1,0,0,1,0,0,1,30,1,0,2,10,5,6,1,0
1,0,0,27.4,0,0,0,1,0,0,1,0,0,3,30,30,0,2,10,4,5,1,0
1,0,0,33.47,1,0,0,0,0,0,1,0,0,3,30,14,0,2,5,6,6,1,0
1,0,1,34.18,0,0,0,1,0,0,1,0,0,2,15,2,0,2,3,4,6,1,0
1,0,0,33.1,0,0,0,1,0,0,1,0,0,2,30,3,0,2,10,6,6,1,0
1,0,0,21.14,0,0,0,1,0,0,1,0,0,1,30,30,0,2,4,5,6,1,0
1,0,1,27.4,0,0,0,1,0,0,1,0,0,4,30,30,0,2,12,4,4,1,0
1,0,0,21.97,0,0,1,1,0,0,1,0,0,3,30,30,0,2,13,5,6,1,0
1,0,0,38.62,0,0,0,1,0,0,1,0,0,2,30,30,0,2,10,5,6,1,0
1,0,0,27.12,0,0,0,1,0,0,1,0,0,2,30,30,0,1,13,6,6,1,0
1,0,0,17.58,0,0,0,1,0,0,1,0,0,2,5,30,0,2,13,6,6,1,0
1,0,0,22.6,1,0,0,1,0,0,0,0,1,3,10,2,0,1,5,5,6,1,0
1,0,0,28.34,0,0,0,1,0,0,1,0,0,2,30,30,0,2,13,5,6,1,0
1,1,0,29.24,0,1,0,1,0,0,1,0,0,3,30,1,0,1,4,6,11,1,0
1,0,0,25.51,1,0,0,1,0,0,1,0,0,2,30,30,0,2,12,5,6,1,0
1,1,0,21.29,0,0,0,1,0,0,1,0,0,4,30,15,0,1,4,4,2,1,0
1,0,0,33.89,1,0,0,1,0,0,1,0,0,3,1,30,0,2,10,6,10,1,0
1,0,0,30.34,1,1,0,1,0,0,1,0,0,3,30,30,0,1,5,4,6,1,0
1,0,0,31.32,1,0,0,0,0,0,1,0,0,1,30,30,0,2,10,5,6,1,0
1,1,0,29.99,0,0,0,1,0,0,1,0,0,2,30,10,0,1,5,4,6,1,0
1,0,0,29.86,0,0,0,1,0,0,1,0,0,3,30,30,0,1,10,6,6,1,0
1,0,0,24.82,0,0,0,1,0,0,1,0,0,2,30,30,0,1,11,6,6,1,0
1,1,0,25.52,0,0,0,1,0,0,1,0,0,3,5,5,0,1,5,6,6,1,0
1,0,0,31.87,1,0,1,1,0,0,1,0,0,1,30,30,0,1,10,6,6,1,0
1,0,0,30.67,0,0,0,1,0,0,1,0,0,3,30,30,0,2,10,4,5,1,0
1,0,1,29.26,0,0,0,1,0,0,1,0,1,4,2,3,0,2,1,4,6,1,0
1,0,0,21.7,0,0,0,1,0,0,1,0,0,3,30,30,0,1,10,4,11,1,0
1,0,0,28.19,0,0,0,0,0,0,1,0,1,4,30,5,0,2,5,4,2,1,0
1,0,0,28.21,0,0,0,1,0,0,1,0,0,2,30,30,0,1,10,6,2,1,0
1,0,0,34.41,0,0,0,1,0,0,1,0,0,4,25,15,0,1,4,4,5,1,0
1,0,0,44.63,0,0,0,0,0,0,1,0,0,3,25,30,0,2,4,6,5,1,0
1,0,0,38.77,0,0,0,1,0,0,1,0,0,1,30,30,0,2,12,3,6,1,0
1,0,0,26.45,1,0,0,1,0,0,1,0,0,3,30,10,1,1,6,5,5,1,0
1,1,0,25.11,1,0,0,1,0,0,1,0,0,3,30,30,0,2,10,5,10,1,0
1,1,0,24.34,1,0,0,1,0,0,0,0,0,2,30,30,0,1,10,4,3,1,0
1,0,0,26.96,0,0,0,1,0,0,1,0,0,2,2,1,0,1,11,6,6,1,0
1,1,0,21.03,1,0,0,0,0,0,1,0,0,1,30,30,0,2,10,3,1,1,0
1,0,0,32.26,0,0,0,1,0,0,1,0,0,2,30,30,0,1,11,5,6,1,0
1,1,0,23.4,1,0,0,1,0,0,1,0,0,2,30,30,0,1,10,5,6,1,0
1,1,0,26.63,0,0,0,1,0,0,1,0,0,2,30,1,0,2,11,6,5,1,0
1,1,0,23.78,0,0,0,1,0,0,1,0,0,2,30,30,0,2,5,6,6,1,0
1,0,0,26.45,0,0,0,1,0,0,1,0,0,2,30,30,0,1,12,6,6,1,0
1,0,0,25.84,0,0,0,1,0,0,1,0,0,3,30,30,0,1,10,6,10,1,0
1,0,0,24.03,0,0,0,1,0,0,1,0,0,3,30,5,0,2,3,4,1,1,0
1,1,0,26.63,0,0,0,1,0,0,1,0,0,1,30,30,0,1,10,5,6,1,0
1,1,0,22.24,1,0,0,1,0,0,1,0,0,3,2,30,0,1,6,5,6,1,0
1,0,0,23.41,1,0,0,1,0,0,1,0,0,2,30,30,0,2,12,4,6,1,0
1,0,0,27.4,0,0,0,0,0,0,1,0,0,3,30,30,0,2,5,6,6,1,0
1,0,0,24.53,0,0,0,1,0,0,0,0,0,2,4,2,0,2,3,6,6,1,0
1,0,1,28.6,1,0,0,1,0,0,1,0,0,3,3,30,0,1,3,3,6,1,0
1,0,0,19.37,0,0,0,1,0,0,1,0,0,2,1,1,0,1,10,4,6,1,0
1,0,0,23.57,0,0,0,1,0,0,1,0,0,3,2,30,0,1,10,6,6,1,0
1,0,0,27.4,1,0,0,1,0,0,1,0,0,3,30,2,0,2,11,4,6,1,0
1,1,0,27.44,0,0,0,1,0,0,1,0,0,2,30,30,0,2,11,5,6,1,0
1,1,0,27.4,0,0,0,1,0,0,1,0,0,3,30,30,0,1,4,6,4,1,0
1,1,0,21.79,0,1,1,1,0,0,1,0,0,3,15,15,1,2,5,6,5,1,0
1,0,0,33.28,0,0,0,1,0,0,1,0,0,3,30,30,0,2,10,6,6,1,0
1,1,0,27.4,0,0,0,1,0,0,1,0,0,2,5,30,0,1,10,5,6,1,0
1,0,0,32.98,0,0,0,1,0,0,1,0,0,2,30,30,0,1,2,4,6,1,0
1,0,0,29.24,0,0,0,1,0,0,1,0,1,2,30,30,0,1,2,4,3,1,0
1,0,0,30.62,1,0,0,1,0,0,1,0,0,1,30,30,0,1,10,6,11,1,0
1,0,0,27.4,0,0,0,1,0,0,1,0,0,2,30,30,0,2,10,5,6,1,0
1,0,0,27.4,0,0,0,1,0,0,1,0,0,3,30,30,0,1,10,5,6,1,0
1,0,0,27.4,0,0,0,0,0,0,1,0,0,3,10,6,1,1,6,5,6,1,0
1,1,0,25.09,1,0,0,1,0,0,1,0,0,2,30,30,0,1,10,4,5,1,0
1,1,0,23.03,0,0,0,1,0,0,1,0,0,2,30,2,0,2,10,6,6,1,0
1,0,0,27.97,1,0,1,1,0,0,1,0,0,1,30,30,1,1,13,6,6,1,0
1,0,0,41.6,0,0,0,1,0,0,1,0,0,3,30,30,0,2,5,4,6,1,0
1,0,0,36.61,0,0,0,1,0,0,1,0,0,3,30,30,0,1,5,5,6,1,0
1,0,0,27.37,1,0,0,1,0,0,1,0,0,2,30,30,0,2,12,6,10,1,0
1,0,0,25.09,1,1,0,1,0,0,1,0,0,3,30,1,0,2,6,5,6,1,0
1,0,0,27.4,0,0,0,1,0,0,1,0,0,5,30,30,0,2,5,4,6,1,0
1,1,0,28.89,1,0,0,1,0,0,1,0,0,1,30,30,0,1,12,6,6,1,0
1,1,0,24.11,1,0,0,1,0,0,1,0,0,2,2,30,0,1,12,6,6,1,0
1,0,0,26.57,0,0,0,0,0,0,1,0,0,1,30,30,0,2,13,4,6,1,0
1,0,0,27.26,0,0,0,1,0,0,1,0,0,3,1,1,1,2,11,5,5,1,0
1,0,0,27.4,0,0,0,1,0,0,1,0,0,3,2,30,0,2,10,6,6,1,0
1,0,0,28.32,0,0,0,1,0,0,1,0,0,3,1,1,0,2,10,6,6,1,0
1,0,0,27.4,0,0,0,1,0,0,1,0,0,2,30,30,0,2,10,4,6,1,0
1,0,0,24.41,0,0,0,0,0,0,1,0,0,2,30,30,0,1,10,5,6,1,0
1,1,0,25.54,1,0,0,1,0,0,1,0,0,3,3,30,0,1,10,6,11,1,0
1,0,0,27.4,0,0,0,1,0,0,1,0,0,3,30,30,0,2,3,3,6,1,0
1,0,0,35.14,0,0,0,1,0,0,1,0,0,3,10,5,1,2,6,6,6,1,0
1,0,0,30.67,1,0,0,1,0,0,1,0,0,4,15,30,1,2,6,5,1,1,0
1,0,0,33.57,0,0,0,1,0,0,1,0,0,2,30,30,0,1,6,4,5,1,0
1,0,0,26.58,1,0,0,1,0,0,1,0,0,4,12,30,0,2,11,6,6,1,0
1,0,0,33.38,1,0,0,1,0,0,1,0,0,2,30,30,0,1,5,5,6,1,0
1,1,0,31.82,0,0,0,1,0,0,1,0,0,2,30,30,0,2,5,6,11,1,0
1,0,0,28.5,1,1,0,1,0,0,1,0,0,2,30,30,0,1,10,6,10,1,0
1,0,0,31.32,0,0,0,1,0,0,1,0,0,2,30,30,0,1,2,6,6,1,0
1,1,0,28.89,0,0,0,1,0,0,1,0,0,2,30,15,0,2,10,6,5,1,0
1,1,0,27.4,0,0,0,0,0,0,1,0,0,2,30,30,0,2,10,6,6,1,0
1,1,0,23.24,1,0,0,1,0,0,1,0,0,3,2,30,0,1,5,5,6,1,0
1,1,0,29.29,0,0,0,0,0,0,1,0,0,2,6,30,0,2,10,6,6,1,0
1,0,0,26.63,0,0,0,0,0,0,1,0,0,3,30,30,0,2,6,5,6,1,0
1,0,0,27.4,0,0,0,1,0,0,1,0,0,3,30,30,0,2,10,2,6,1,0
1,0,0,28.29,1,0,0,0,0,0,1,0,0,2,30,30,0,2,11,5,6,1,0
1,1,0,33.47,0,0,0,1,0,0,1,0,0,2,30,30,0,2,10,5,11,1,0
1,0,0,25.34,0,0,0,1,0,0,1,0,0,1,30,30,0,2,1,5,6,1,0
1,0,0,28.84,0,0,0,1,0,0,1,0,0,2,30,30,0,2,10,6,10,1,0
1,0,0,27.4,0,0,0,1,0,0,1,0,0,3,30,30,0,2,10,4,6,1,0
1,0,0,36.02,1,0,0,0,0,0,1,0,0,2,30,30,0,2,5,6,6,1,0
1,0,0,29.53,1,0,0,0,0,0,1,0,0,3,30,30,0,2,5,4,6,1,0
1,1,0,29.05,0,0,0,1,0,0,1,0,0,3,30,5,0,1,5,4,5,1,0
1,0,0,33.2,0,0,0,1,0,0,1,0,0,3,2,1,0,2,3,4,4,1,0
1,0,0,32.28,0,0,0,1,0,0,1,0,0,2,30,2,0,2,10,6,6,1,0
1,1,0,30.17,0,0,0,0,0,0,0,0,0,3,30,30,0,1,6,5,11,1,0
1,0,0,28.25,0,0,0,1,0,0,1,0,0,3,30,30,0,2,10,6,6,1,0
1,1,0,21.93,1,0,0,1,0,0,1,0,0,1,30,30,0,2,10,6,10,1,0
1,0,0,28.21,0,0,0,1,0,0,1,0,0,3,30,30,0,1,10,4,6,1,0
1,0,0,36.94,1,0,0,0,0,0,1,0,0,1,30,30,0,2,10,4,5,1,0
1,0,0,27.4,1,0,0,1,0,0,1,0,0,3,30,30,0,2,12,6,6,1,0
1,0,0,25.83,1,0,0,1,0,0,1,0,0,2,30,30,0,1,10,4,6,1,0
1,0,0,25.7,0,0,0,1,0,0,1,0,0,2,30,30,0,1,11,6,6,1,0
1,0,0,25.75,1,0,0,1,0,0,1,0,0,2,30,30,0,2,10,6,6,1,0
1,0,0,28.34,0,0,0,0,0,0,1,0,0,2,30,30,0,2,12,4,5,1,0
1,1,0,35.19,1,0,0,1,0,0,1,0,0,1,30,30,0,2,10,4,6,1,0
1,0,0,26.69,1,0,0,0,0,0,1,0,0,3,30,30,0,1,10,6,5,1,0
1,1,0,27.44,1,0,0,1,0,0,1,0,0,2,30,30,0,2,10,4,4,1,0
1,1,0,27.4,1,0,0,1,0,0,0,0,0,2,30,3,0,2,10,4,6,1,0
1,0,0,31.32,1,0,0,1,0,0,1,0,0,3,30,30,0,2,10,6,6,1,0
1,0,0,22.2,0,0,0,1,0,0,1,0,0,3,30,30,0,1,12,6,6,1,0
1,0,0,35.24,0,0,0,1,0,0,1,0,0,3,20,30,0,2,2,6,6,1,0
1,0,0,21.83,1,0,0,0,0,0,1,0,0,4,30,30,0,1,1,5,6,1,0
1,0,0,26.54,1,0,0,1,0,0,1,0,0,2,30,30,0,1,3,5,6,1,0
1,1,0,27.4,0,0,0,0,0,0,1,0,0,2,30,30,0,2,10,6,6,1,0
1,0,0,31.0,0,0,0,0,0,0,1,0,0,2,30,30,0,2,10,5,6,1,0
1,0,0,21.7,1,0,0,1,0,0,1,0,0,1,30,10,0,1,10,6,11,1,0
1,1,0,25.85,0,0,0,1,0,0,1,0,0,3,30,3,0,1,4,6,6,1,0
1,0,0,21.7,1,0,0,1,0,0,0,0,0,3,1,30,0,1,3,4,6,1,0
1,1,0,27.4,0,0,0,0,0,0,1,0,0,2,30,10,0,2,10,6,6,1,0
1,0,0,31.62,0,0,0,1,0,0,1,0,1,3,30,30,0,2,4,4,6,1,0
1,0,0,42.97,1,0,0,0,0,0,1,0,0,1,30,30,0,1,2,4,6,1,0
1,0,0,38.92,0,0,0,1,0,0,1,0,0,3,4,6,0,2,1,5,6,1,0
1,0,0,30.67,1,0,0,1,0,0,1,0,0,2,30,30,0,1,10,5,6,1,0
1,1,0,25.5,1,0,0,1,0,0,1,0,0,2,30,30,0,2,10,6,6,1,0
1,0,0,31.89,0,0,0,1,0,0,1,0,0,2,30,30,0,2,10,6,6,1,0
1,1,0,27.46,0,0,0,1,0,0,1,0,0,2,2,30,0,2,10,6,6,1,0
1,0,0,24.96,1,0,0,0,0,0,1,0,0,3,30,5,0,2,12,5,6,1,0
1,1,0,27.44,1,0,0,1,0,0,1,0,0,2,30,30,0,2,11,5,6,1,0
1,0,0,20.12,0,0,0,1,0,0,1,0,0,2,10,30,0,2,10,6,6,1,0
1,0,1,29.18,0,0,0,1,0,0,1,0,1,5,30,30,0,2,1,4,6,1,0
1,0,1,24.39,1,0,0,0,0,0,1,0,0,2,30,30,0,1,10,4,1,1,0
1,1,0,33.47,0,0,0,0,0,0,1,0,0,1,30,30,0,1,10,5,11,1,0
1,0,0,39.32,0,0,0,1,0,0,1,0,0,2,5,30,0,2,4,4,6,1,0
1,0,0,24.39,0,0,0,1,0,0,1,0,0,2,30,30,0,1,12,6,6,1,0
1,0,0,31.8,0,0,0,1,0,0,1,0,0,3,30,30,0,1,10,6,6,1,0
1,0,0,27.4,0,0,0,0,0,0,1,0,1,5,30,30,0,2,5,5,4,1,0
1,1,0,31.01,1,0,0,1,0,0,1,0,0,2,30,30,0,1,10,6,11,1,0
1,1,0,25.61,1,0,0,1,0,0,1,0,0,3,2,30,0,2,10,5,10,1,0
1,0,0,26.63,0,0,0,1,0,0,1,0,0,2,1,30,0,1,11,6,4,1,0
0,0,0,18.88,0,0,0,1,0,0,1,0,0,3,10,2,0,2,6,6,2,1,0
1,1,0,24.69,1,0,0,1,0,0,1,0,0,3,30,2,0,2,10,6,6,1,0
1,0,0,25.54,1,0,0,1,0,0,1,0,0,3,30,30,0,1,12,5,6,1,0
1,1,0,26.54,0,0,0,1,0,0,1,0,0,3,4,30,0,1,4,6,6,1,0
1,1,0,28.35,0,0,0,1,0,0,1,0,0,3,2,30,0,1,6,6,6,1,0
1,0,0,24.64,1,0,0,1,0,0,1,0,0,4,30,28,0,2,10,6,2,1,0
1,0,0,33.89,0,0,0,0,0,0,1,0,0,3,30,2,0,2,10,6,11,1,0
1,0,0,29.23,0,0,0,1,0,0,1,0,0,2,30,30,0,2,11,6,6,1,0
1,1,0,22.92,0,0,0,1,0,0,1,0,0,2,30,30,0,1,12,6,11,1,0
1,0,0,35.28,1,0,0,1,0,0,1,0,0,3,30,30,1,2,6,5,2,1,0
1,0,1,27.4,0,0,0,1,0,0,1,0,0,3,30,30,1,2,11,6,5,1,0
1,0,0,33.0,0,0,0,1,0,0,1,0,0,1,30,30,0,1,6,5,6,1,0
1,0,0,35.87,0,0,0,0,0,0,1,0,0,2,30,30,0,1,10,6,11,1,0
1,0,0,23.83,0,0,1,1,0,0,1,0,0,2,30,30,0,2,13,4,6,1,0
1,0,0,30.68,0,0,0,1,0,0,1,0,0,3,30,30,0,1,10,5,6,1,0
1,0,0,37.12,1,0,0,0,0,0,1,0,0,2,30,30,0,2,11,6,6,1,0
1,1,0,22.27,0,0,0,1,0,0,1,0,0,3,15,30,0,2,10,4,6,1,0
1,0,0,27.34,1,0,0,1,0,0,1,0,0,2,5,30,1,2,13,5,6,1,0
1,1,0,28.41,1,0,0,0,0,0,1,0,0,3,30,30,1,1,5,6,10,1,0
1,1,0,21.97,0,1,0,1,0,0,1,0,0,2,5,30,0,2,10,5,6,1,0
1,1,0,33.45,1,0,0,1,0,0,1,0,1,2,15,30,0,2,10,6,10,1,0
1,0,0,25.99,0,0,0,1,0,0,1,0,0,3,30,4,0,1,10,6,6,1,0
1,1,0,29.05,0,0,0,1,0,0,1,0,0,2,30,30,0,2,10,6,6,1,0
1,1,0,26.61,0,0,0,1,0,0,1,0,0,2,30,30,0,1,10,6,10,1,0
1,0,0,31.46,0,0,0,1,0,0,1,0,0,2,30,30,1,2,12,6,6,1,0
1,0,0,21.93,1,0,0,1,0,0,1,0,0,2,2,30,0,1,2,6,6,1,0
1,0,0,27.4,0,0,0,1,0,0,1,0,0,3,30,30,0,1,4,4,6,1,0
1,1,0,32.28,0,0,0,1,0,0,1,0,0,2,30,30,0,1,10,6,11,1,0
1,0,0,27.4,0,0,0,0,0,0,1,0,0,2,30,30,0,2,12,6,6,1,0
1,0,0,41.6,1,0,0,1,0,0,1,0,0,3,30,30,0,2,3,4,2,1,0
1,0,0,36.05,1,0,0,0,0,0,1,0,1,3,6,5,0,2,6,5,6,1,0
1,0,0,19.49,0,0,0,1,0,0,1,0,0,5,14,30,0,2,4,5,6,1,0
1,1,0,21.29,0,0,0,1,0,0,1,0,0,2,30,30,0,2,6,6,10,1,0
1,0,0,30.13,0,0,0,1,0,0,1,0,0,1,30,30,0,1,11,6,5,1,0
1,0,0,27.34,0,0,0,1,0,0,1,0,0,3,30,30,0,2,10,4,6,1,0
1,1,0,23.56,0,0,0,1,0,0,1,0,0,1,1,30,0,2,10,6,6,1,0
1,0,0,29.23,1,0,0,0,0,0,1,0,0,4,5,30,1,2,5,4,1,1,0
1,0,0,39.75,0,0,0,1,0,0,1,0,0,3,30,2,0,1,4,4,5,1,0
1,0,0,30.11,1,0,0,1,0,0,1,0,0,1,30,30,0,1,11,5,6,1,0
1,0,0,31.11,1,0,0,0,0,0,1,0,1,4,15,30,1,2,4,4,6,1,0
1,0,0,26.61,0,0,0,1,0,0,1,0,0,1,30,30,0,2,12,6,6,1,0
1,0,0,27.4,1,0,0,1,0,0,1,0,0,3,30,30,0,1,11,6,6,1,0
1,0,0,26.57,0,0,0,1,0,0,1,0,0,4,30,30,0,2,4,6,10,1,0
1,0,0,28.25,1,0,0,1,0,0,1,0,0,1,30,30,0,1,5,2,6,1,0
1,0,0,22.6,0,0,0,1,0,0,1,0,0,1,30,30,0,2,10,6,6,1,0
1,0,0,34.46,0,0,0,1,0,0,1,0,0,4,4,5,0,2,6,6,6,1,0
1,0,0,29.69,0,0,0,1,0,0,1,0,0,1,30,30,0,2,10,6,6,1,0
1,1,0,33.51,0,0,0,1,0,0,0,0,0,2,6,30,0,1,12,6,6,1,0
1,0,0,26.88,0,0,0,1,0,0,1,0,0,3,30,30,0,1,11,6,6,1,0
1,0,0,33.47,0,0,0,1,0,0,1,0,0,2,30,30,0,1,11,5,6,1,0
1,1,0,27.4,1,0,0,1,0,0,1,0,0,2,30,30,0,2,10,4,6,1,0
1,1,0,25.09,1,0,0,1,0,0,1,0,1,1,30,30,0,1,11,6,6,1,0
1,0,0,21.24,1,0,0,1,0,0,1,0,0,2,30,30,0,1,13,4,6,1,0
1,0,0,37.97,1,0,0,1,0,0,1,0,0,3,25,2,0,1,5,5,6,1,0
1,0,0,31.75,0,0,0,1,0,0,1,0,0,2,30,30,0,2,10,6,6,1,0
1,1,0,31.01,1,0,0,1,0,0,1,0,0,3,30,30,0,1,5,6,10,1,0
1,1,0,28.7,0,0,0,1,0,0,0,0,0,2,30,30,0,1,10,6,11,1,0
1,1,0,27.41,0,0,0,1,0,0,1,0,0,2,30,30,0,1,10,6,6,1,0
1,0,1,27.4,1,0,0,1,0,0,1,0,0,5,30,15,0,2,10,5,6,1,0
1,0,0,28.35,0,0,0,0,0,0,1,0,0,2,30,30,0,2,12,5,6,1,0
1,0,0,25.62,0,0,0,1,0,0,1,0,0,3,30,1,0,1,6,6,10,1,0
1,1,0,22.15,0,0,0,1,0,0,1,0,0,2,15,3,1,2,4,6,6,1,0
1,1,0,25.82,0,0,0,1,0,0,1,0,0,2,1,1,0,2,10,6,5,1,0
1,0,0,20.8,0,0,0,1,0,0,1,0,0,3,30,30,0,2,13,6,4,1,0
1,1,0,34.7,0,0,0,1,0,0,1,0,0,3,2,30,0,2,6,6,5,1,0
1,1,0,27.39,0,0,0,1,0,0,1,0,0,2,5,30,0,1,4,4,6,1,0
1,0,0,31.19,1,0,0,1,0,0,1,0,0,2,30,30,0,1,10,4,6,1,0
1,0,0,26.57,0,0,0,0,0,0,1,0,0,2,30,30,0,2,13,6,4,1,0
1,1,0,25.82,0,0,0,1,0,0,1,0,0,2,30,30,0,2,10,5,6,1,0
1,0,0,27.4,0,0,0,1,0,0,1,0,0,4,30,30,0,2,10,6,6,1,0
1,1,0,25.8,0,0,0,1,0,0,1,0,0,2,30,30,0,1,10,6,11,1,0
1,0,0,29.26,1,0,0,1,0,0,1,0,0,3,30,30,1,2,10,6,3,1,0
1,1,0,21.26,0,0,0,0,0,0,1,0,0,3,2,2,1,2,10,6,11,1,0
1,0,0,25.8,0,0,0,0,0,0,1,0,0,2,30,30,0,1,10,4,6,1,0
1,0,0,26.5,1,0,0,1,0,0,1,0,1,4,30,30,0,1,6,6,6,1,0
1,0,0,30.85,0,0,0,1,0,0,1,0,0,2,30,3,0,1,11,6,6,1,0
1,0,0,35.02,1,0,0,1,0,0,1,0,0,3,30,2,0,2,5,4,5,1,0
1,1,0,29.86,1,0,0,1,0,0,1,0,0,3,30,30,0,1,3,4,6,1,0
1,0,0,24.41,0,0,0,1,0,0,1,0,0,2,30,30,0,1,13,6,6,1,0
1,0,0,30.87,1,0,0,1,0,0,1,0,0,1,30,30,0,1,13,6,6,1,0
1,0,0,33.2,1,0,0,0,0,0,1,0,0,3,10,30,0,2,10,6,6,1,0
1,1,0,23.67,0,0,0,1,0,0,1,0,0,2,30,30,0,1,10,6,6,1,0
1,0,0,25.06,0,0,0,1,0,0,1,0,0,3,30,30,0,2,13,5,6,1,0
1,1,0,20.99,1,0,0,1,0,0,1,0,0,2,28,30,0,2,10,6,6,1,0
1,0,0,36.49,0,0,0,1,0,0,1,0,0,1,30,30,0,2,10,6,6,1,0
1,0,0,27.4,0,0,0,1,0,0,1,0,0,3,30,2,0,1,11,6,6,1,0
1,0,0,31.87,0,0,0,1,0,0,1,0,0,3,1,30,0,1,3,5,6,1,0
1,0,0,25.09,0,0,0,1,0,0,1,0,1,3,25,30,0,1,2,6,6,1,0
1,0,0,26.64,0,0,0,1,0,0,1,0,0,1,30,30,0,1,10,4,10,1,0
1,1,0,18.48,0,0,0,1,0,0,1,0,0,2,30,4,0,1,12,6,10,1,0
1,1,0,28.48,1,1,0,1,0,0,1,0,0,1,30,30,0,1,10,6,11,1,0
1,1,0,21.3,0,1,0,1,0,0,1,0,0,1,30,30,0,2,11,4,6,1,0
1,0,0,27.46,0,0,0,1,0,0,1,0,0,2,30,30,0,2,12,4,5,1,0
1,0,0,24.56,0,0,0,1,0,0,1,0,0,2,30,30,0,2,13,5,6,1,0
1,0,0,27.4,1,0,0,1,0,0,1,0,0,4,30,30,0,2,10,5,6,1,0
1,0,0,27.4,0,0,0,0,0,0,1,0,1,3,30,30,0,2,6,3,3,1,0
1,1,0,23.63,0,0,0,1,0,0,1,0,0,1,3,2,0,2,13,5,6,1,0
1,0,0,24.81,0,0,0,0,0,0,1,0,0,3,30,30,1,2,3,4,4,1,0
1,0,0,30.67,1,0,0,1,0,0,1,0,0,3,5,30,0,2,4,5,6,1,0
1,0,0,27.4,0,1,0,1,0,0,1,0,0,2,30,30,0,1,5,1,6,1,0
1,1,0,26.63,0,0,0,1,0,0,1,0,0,2,1,1,0,2,10,6,11,1,0
1,0,0,26.52,0,0,0,0,0,0,1,0,0,3,30,30,0,2,10,5,6,1,0
1,1,0,27.12,0,0,0,1,0,0,0,0,0,1,30,30,0,1,14,6,6,1,0
1,0,0,30.41,0,0,0,1,0,0,1,0,1,2,30,14,0,1,6,6,10,1,0
1,0,0,26.61,1,0,0,1,0,0,1,0,1,5,30,30,1,2,5,5,2,1,0
1,0,0,33.45,1,0,0,1,0,0,1,0,0,2,30,30,0,2,10,4,6,1,0
1,0,0,29.05,1,0,0,1,0,0,1,0,0,1,30,30,0,1,11,5,5,1,0
1,1,0,24.09,0,0,0,1,0,0,1,0,0,3,30,30,0,2,10,6,6,1,0
1,1,0,28.28,0,0,0,1,0,0,1,0,0,1,30,30,0,2,10,4,5,1,0
1,0,0,27.12,0,0,0,1,0,0,1,0,0,3,30,2,0,1,6,6,10,1,0
1,0,0,30.11,1,0,0,1,0,0,1,0,0,2,30,30,0,2,11,6,6,1,0
1,0,0,19.05,0,0,0,1,0,0,1,0,0,1,30,30,0,2,11,6,6,1,0
1,0,0,27.57,0,0,1,1,0,0,1,0,0,4,30,15,1,1,3,4,6,1,0
1,0,0,39.71,0,0,0,1,0,0,1,0,0,3,30,30,0,2,5,6,11,1,0
1,0,0,27.46,0,0,0,1,0,0,1,0,0,2,30,30,0,2,10,5,6,1,0
1,1,0,20.6,1,0,0,0,0,0,1,0,0,2,30,30,0,2,10,4,5,1,0
1,1,0,29.29,0,0,0,1,0,0,0,0,0,2,30,30,0,1,6,6,11,1,0
1,0,0,31.62,0,0,0,1,0,0,1,0,0,4,30,10,1,2,5,6,11,1,0
1,1,0,27.4,1,0,0,1,0,0,1,0,0,3,5,5,0,2,10,6,10,1,0
1,0,0,24.69,1,0,1,1,0,0,1,0,1,3,2,30,0,2,10,4,5,1,0
1,1,0,28.24,0,0,0,1,0,0,1,0,0,1,30,30,0,1,10,6,10,1,0
1,1,0,22.6,1,0,0,1,0,0,1,0,0,3,30,30,0,2,10,5,6,1,0
1,0,0,33.0,0,0,0,1,0,0,1,0,0,3,30,30,0,2,10,6,6,1,0
1,0,0,27.4,0,0,0,1,0,0,1,0,1,3,30,30,1,1,10,6,5,1,0
1,0,0,39.87,1,0,0,1,0,0,1,0,0,1,30,30,1,2,10,3,6,1,0
1,0,0,21.11,1,0,0,1,0,0,1,0,0,2,30,30,0,2,4,4,6,1,0
1,1,0,23.71,0,0,0,1,0,0,1,0,0,1,30,30,0,1,13,6,6,1,0
1,0,0,25.68,0,0,0,0,0,0,1,0,0,3,2,3,0,1,10,4,6,1,0
1,1,0,28.34,0,0,0,1,0,0,1,0,1,2,30,30,0,2,6,2,5,1,0
1,0,0,27.4,0,0,0,0,0,0,1,0,0,3,30,4,0,2,10,6,6,1,0
1,0,0,21.81,1,0,0,1,0,0,1,0,1,3,1,14,1,2,4,3,5,1,0
1,0,0,25.61,0,0,0,1,0,0,1,0,0,3,30,30,0,2,12,4,6,1,0
1,0,0,33.45,0,0,0,1,0,0,1,0,0,3,30,30,0,2,10,6,6,1,0
1,0,0,23.09,0,0,0,1,0,0,1,0,0,3,30,30,0,1,13,6,6,1,0
1,0,0,28.53,0,0,0,1,0,0,1,0,0,2,5,30,0,2,10,6,2,1,0
1,0,0,27.4,0,0,0,1,0,0,1,0,1,2,30,30,0,1,6,2,2,1,0
1,0,0,27.4,0,0,0,0,0,0,1,0,1,3,30,30,0,1,4,6,3,1,0
1,0,0,24.8,1,0,0,0,0,0,1,0,0,3,30,30,0,2,12,4,6,1,0
1,0,1,27.4,0,0,0,0,0,0,1,0,1,3,30,30,0,2,3,3,6,1,0
1,1,0,34.11,0,0,0,1,0,0,1,0,0,2,30,30,0,2,10,6,10,1,0
1,0,0,32.01,0,0,0,1,0,0,1,0,0,3,30,30,0,1,1,6,6,1,0
1,1,0,28.7,1,0,0,1,0,0,1,0,0,2,20,30,0,1,10,6,6,1,0
1,1,0,16.25,0,0,0,1,0,0,1,0,0,2,30,30,0,2,10,2,6,1,0
1,0,0,33.91,1,0,0,1,0,0,1,0,0,2,30,30,0,1,10,6,6,1,0
1,0,0,30.27,1,0,0,1,0,0,1,0,0,3,30,30,1,2,10,5,5,1,0
1,0,0,31.93,0,0,0,1,0,0,1,0,0,2,30,30,0,2,10,4,6,1,0
1,0,0,32.12,0,0,0,0,0,0,1,0,0,2,6,10,0,2,10,5,5,1,0
1,0,1,24.63,0,0,0,1,0,0,1,0,0,4,15,30,0,1,6,4,6,1,0
1,1,0,29.95,0,0,0,1,0,0,0,0,0,2,30,30,0,2,11,6,6,1,0
1,1,0,25.37,1,0,0,1,0,0,1,0,0,2,30,30,0,2,12,6,6,1,0
1,0,0,23.57,0,0,0,1,0,0,1,0,0,3,30,4,0,1,1,5,5,1,0
1,1,0,22.24,1,0,0,1,0,0,0,0,0,2,30,30,0,2,10,6,5,1,0
1,0,0,33.91,1,0,0,1,0,0,1,0,0,1,30,30,0,1,10,4,6,1,0
1,1,0,21.63,0,0,0,1,0,0,1,0,0,2,30,30,0,2,10,5,6,1,0
1,0,0,26.54,1,0,0,0,0,0,1,0,0,4,30,30,0,1,6,6,6,1,0
1,1,0,27.44,0,0,0,1,0,0,1,0,0,3,30,30,0,2,10,6,11,1,0
1,0,0,25.84,0,0,0,1,0,0,1,0,0,2,30,2,0,1,10,5,6,1,0
1,1,0,33.09,0,0,0,1,0,0,1,0,0,2,30,30,0,1,6,5,6,1,0
1,0,0,35.85,0,0,0,1,0,0,1,0,0,2,3,30,0,2,10,5,6,1,0
1,0,0,25.09,0,0,0,1,0,0,1,0,0,2,30,5,0,1,10,6,6,1,0
1,1,0,27.46,1,0,0,0,0,0,1,0,0,2,14,30,0,2,10,4,6,1,0
1,0,0,27.55,1,0,0,1,0,0,1,0,1,3,3,2,0,1,10,6,5,1,0
1,0,0,24.94,0,0,0,1,0,0,1,0,0,2,30,2,0,2,11,4,6,1,0
1,0,0,24.63,0,0,0,1,0,0,1,0,0,3,30,4,0,1,11,6,6,1,0
1,1,0,23.12,0,0,0,1,0,0,1,0,0,2,30,30,0,2,10,2,6,1,0
0,0,1,39.48,1,0,0,0,0,0,0,0,0,3,30,30,0,2,10,6,6,1,0
1,0,0,24.33,1,0,0,1,0,0,1,0,0,1,30,30,0,1,13,4,5,1,0
0,1,0,29.18,0,0,0,1,0,0,1,0,0,3,15,10,0,2,3,6,10,1,0
1,0,0,24.39,0,0,0,1,0,0,1,0,0,1,30,30,0,1,11,6,6,1,0
1,1,0,22.15,1,0,0,1,0,0,1,0,0,2,30,30,0,2,12,6,6,1,0
1,0,0,26.78,1,0,0,1,0,0,1,0,1,2,2,30,0,2,4,5,4,1,0
1,1,0,24.41,0,0,0,1,0,0,1,0,0,2,30,30,0,1,10,6,6,1,0
1,0,0,24.68,1,0,1,1,0,0,1,0,0,2,30,30,0,1,13,6,6,1,0
1,0,0,35.43,0,0,0,1,0,0,1,0,0,2,30,30,0,2,10,6,6,1,0
1,0,0,28.97,0,0,0,1,0,0,1,0,0,2,30,30,0,2,10,6,6,1,0
1,0,0,28.37,0,0,0,1,0,0,1,0,0,1,30,30,0,1,10,6,6,1,0
1,0,0,28.89,1,0,0,1,0,0,1,0,0,3,30,30,0,1,6,6,11,1,0
1,1,0,33.28,1,0,0,1,0,0,0,0,0,2,5,30,0,2,6,4,4,1,0
1,0,0,19.97,0,0,0,1,0,0,1,0,0,2,3,1,0,2,10,4,6,1,0
1,0,0,29.53,0,0,0,1,0,0,1,0,0,3,30,30,0,1,11,6,6,1,0
1,0,1,35.24,1,0,0,1,0,0,0,0,0,4,2,30,0,1,4,4,5,1,0
1,0,0,34.33,0,0,0,1,0,0,1,0,0,2,30,30,0,2,6,6,6,1,0
1,0,0,27.79,1,0,0,1,0,0,1,0,0,3,30,30,0,2,10,5,6,1,0
1,0,0,31.93,1,0,0,1,0,0,1,0,0,3,30,30,0,2,11,6,6,1,0
1,0,0,33.89,1,0,0,0,0,0,1,0,0,3,30,30,0,2,10,5,10,1,0
1,1,0,24.37,0,0,0,1,0,0,1,0,0,2,30,15,0,1,10,5,6,1,0
1,0,0,25.9,1,0,0,1,0,0,1,0,0,3,30,30,0,1,10,6,6,1,0
1,0,0,29.53,0,0,0,1,0,0,1,0,0,2,30,30,0,2,12,5,6,1,0
1,0,0,27.4,0,0,0,0,0,0,1,0,0,3,30,30,0,2,11,5,6,1,0
1,0,0,20.98,1,0,0,1,0,0,1,0,0,3,30,30,0,2,10,5,6,1,0
1,0,0,24.53,0,0,0,0,0,0,1,0,0,3,30,30,0,2,10,5,4,1,0
1,0,0,30.92,0,0,0,1,0,0,1,0,0,2,30,30,0,1,10,5,6,1,0
1,1,0,22.45,0,0,0,1,0,0,1,0,0,3,3,30,0,2,5,6,6,1,0
1,1,0,23.44,1,0,0,1,0,0,1,0,0,1,30,30,0,2,11,5,5,1,0
1,0,0,27.4,1,0,0,1,0,0,1,0,0,3,30,30,0,2,10,4,6,1,0
1,0,0,31.58,0,0,1,1,0,0,1,0,1,3,5,1,0,2,2,6,5,1,0
1,0,0,40.39,1,0,0,1,0,0,1,0,0,2,1,10,0,2,3,5,2,1,0
1,0,1,27.4,1,0,0,1,0,0,1,0,0,4,1,5,1,2,3,4,3,1,0
1,1,0,24.41,1,0,0,1,0,0,1,0,0,1,30,30,0,1,12,6,4,1,0
1,0,0,25.24,0,0,0,0,0,0,1,0,0,1,30,30,1,1,13,4,6,1,0
1,0,0,23.01,0,0,0,1,0,0,1,0,0,1,30,30,0,1,12,6,6,1,0
1,0,0,25.09,0,0,0,1,0,0,0,0,0,2,30,30,0,1,11,4,5,1,0
1,0,0,39.14,0,0,0,1,0,0,1,0,0,3,30,30,0,2,5,3,4,1,0
1,1,0,24.33,1,0,0,1,0,0,1,0,0,3,10,30,0,2,10,5,6,1,0
1,0,0,23.44,1,0,0,0,0,0,1,0,0,3,30,30,1,2,11,5,3,1,0
1,0,0,23.58,0,0,0,0,0,0,1,0,1,4,15,30,1,1,2,5,5,1,0
1,1,0,31.18,1,0,0,1,0,0,1,0,0,3,20,10,1,2,3,6,6,1,0
1,1,0,21.29,0,0,0,1,0,0,1,0,0,2,30,30,0,2,13,6,6,1,0
1,1,0,23.23,0,0,0,1,0,0,1,0,0,3,30,30,0,2,10,6,11,1,0
1,0,0,26.32,1,0,0,0,0,0,0,0,0,2,30,30,0,1,10,4,6,1,0
1,0,0,29.18,0,0,0,1,0,0,1,0,0,3,30,30,0,2,10,5,6,1,0
1,1,0,28.66,0,0,0,1,0,0,1,0,0,2,30,30,0,1,11,6,11,1,0
1,0,0,27.71,0,0,0,1,0,0,1,0,1,3,30,30,0,1,2,5,6,1,0
1,1,0,19.26,1,0,0,1,0,0,1,0,0,1,30,30,0,1,12,6,6,1,0
1,0,0,23.63,1,0,0,1,0,0,1,0,0,3,30,30,1,1,5,4,6,1,0
1,0,0,25.83,0,0,0,0,0,0,1,0,0,3,30,2,0,1,10,5,6,1,0
1,1,0,31.83,0,0,0,1,0,0,1,0,0,1,30,30,0,2,10,4,6,1,0
1,0,0,20.09,0,0,0,0,0,0,1,0,0,2,10,30,1,2,13,4,6,1,0
1,0,0,21.3,0,0,0,1,0,0,1,0,0,3,30,5,0,1,13,6,11,1,0
1,0,0,27.4,1,0,0,1,0,0,1,0,0,3,30,30,0,2,11,6,6,1,0
1,0,0,27.4,1,0,0,1,0,0,1,0,0,3,30,30,0,2,10,6,11,1,0
1,0,0,28.25,1,0,0,0,0,0,1,0,0,3,30,30,0,2,10,4,5,1,0
1,0,0,26.5,1,0,0,1,0,0,1,0,0,3,30,30,0,1,5,5,6,1,0
1,0,0,30.34,0,0,0,1,0,0,1,0,0,2,3,5,0,1,2,5,3,1,0
1,0,0,27.4,1,0,0,1,0,0,1,0,0,3,20,1,0,2,10,4,6,1,0
1,0,1,25.75,1,0,0,0,0,0,1,0,0,3,30,30,0,1,10,4,6,1,0
1,0,0,30.79,0,0,0,1,0,0,1,0,0,2,3,30,0,1,1,5,6,1,0
1,1,0,25.82,1,0,0,1,0,0,1,0,0,3,30,30,0,1,4,5,3,1,0
1,0,0,34.33,0,0,0,1,0,0,1,0,1,2,5,30,0,2,4,6,6,1,0
1,1,0,34.33,0,0,0,1,0,0,1,0,0,3,5,1,0,2,5,6,6,1,0
1,0,0,27.4,0,0,0,1,0,0,1,0,0,2,30,30,0,2,2,6,6,1,0
1,0,0,27.4,1,0,0,1,0,0,1,0,0,3,2,30,0,2,10,4,6,1,0
1,0,0,26.31,0,0,0,1,0,0,1,0,0,3,2,2,0,1,10,5,10,1,0
1,0,0,27.4,0,0,0,0,0,0,1,0,0,3,30,30,1,2,10,6,6,1,0
1,0,1,18.14,1,0,0,1,0,0,1,0,1,4,20,30,1,2,1,3,3,1,0
1,0,0,27.4,0,0,0,0,0,0,1,0,1,4,30,30,0,2,5,2,6,1,0
1,0,0,28.89,1,0,0,1,0,0,1,0,0,2,30,30,0,2,11,4,5,1,0
1,0,0,27.4,0,0,0,1,0,0,1,0,0,2,30,5,0,1,1,5,6,1,0
1,0,0,25.18,1,0,0,1,0,0,1,0,0,3,30,30,0,1,10,6,11,1,0
1,0,0,42.97,0,0,0,1,0,0,1,0,0,4,30,5,0,2,2,6,6,1,0
1,0,0,26.78,0,0,0,1,0,0,1,0,0,3,30,30,0,1,11,6,6,1,0
1,1,0,33.66,0,0,0,1,0,0,1,0,0,1,5,10,0,2,10,4,11,1,0
1,0,1,31.19,0,0,0,0,0,0,1,0,0,3,30,30,0,1,10,2,6,1,0
1,0,1,27.47,1,0,0,1,0,0,1,0,0,2,30,30,0,1,11,6,4,1,0
1,0,0,21.62,1,0,1,1,0,0,1,0,0,3,30,30,0,1,10,6,6,1,0
1,1,0,32.28,0,0,0,0,0,0,1,0,0,2,30,30,0,2,6,4,3,1,0
1,0,0,23.34,0,0,0,1,0,0,1,0,1,3,1,5,0,2,3,4,1,1,0
1,0,0,21.11,0,0,0,1,0,0,1,0,0,2,30,30,0,2,10,6,10,1,0
1,0,0,26.54,0,0,0,1,0,0,1,0,0,3,30,30,0,1,10,6,11,1,0
1,0,0,23.71,0,0,0,1,0,0,1,0,0,2,2,30,0,1,10,6,5,1,0
1,0,0,25.86,1,0,0,1,0,0,1,0,0,4,30,30,0,1,6,6,10,1,0
1,0,0,35.85,0,0,0,1,0,0,1,0,0,2,30,30,0,2,10,6,6,1,0
1,0,0,20.53,0,0,0,1,0,0,1,0,0,3,2,10,0,2,10,4,6,1,0
1,0,0,24.66,1,0,1,0,0,0,1,0,0,2,30,30,0,1,12,6,6,1,0
1,0,0,27.59,0,0,0,1,0,0,1,0,0,3,3,2,0,2,10,5,6,1,0
1,1,0,25.07,1,0,0,1,0,0,1,0,0,2,30,30,0,1,11,6,6,1,0
1,0,0,30.71,1,1,0,1,0,0,1,0,0,2,2,30,0,1,10,6,11,1,0
1,0,0,20.98,0,0,0,1,0,0,1,0,0,4,30,30,0,1,11,6,4,1,0
1,0,0,19.53,1,0,1,1,0,0,1,0,0,3,30,30,0,1,13,5,6,1,0
1,0,0,29.84,0,0,0,0,0,0,1,0,0,3,5,30,0,1,10,5,11,1,0
1,0,0,27.4,1,0,0,1,0,0,1,0,0,3,30,5,0,2,5,6,6,1,0
1,0,1,30.0,1,0,0,1,0,0,0,0,0,4,30,30,0,1,12,6,4,1,0
1,0,0,24.0,1,0,0,1,0,0,1,0,0,3,30,30,0,2,10,6,6,1,0
1,0,0,23.96,1,0,0,1,0,0,0,0,0,4,30,30,0,1,11,4,6,1,0
1,0,0,36.96,0,0,0,1,0,0,1,0,0,4,5,2,0,1,2,4,6,1,0
1,0,0,25.77,1,0,0,1,0,0,1,0,0,2,30,30,0,1,10,6,6,1,0
1,0,0,27.12,0,0,0,1,0,0,1,0,0,3,30,30,0,2,10,5,6,1,0
1,0,0,26.54,0,0,0,1,0,0,1,0,0,3,30,30,0,1,4,5,6,1,0
1,0,0,31.62,1,0,0,0,0,0,1,0,0,2,30,30,0,2,12,5,6,1,0
1,0,0,41.61,1,0,0,1,0,0,1,0,0,2,30,14,0,1,6,6,10,1,0
1,1,0,23.78,0,0,0,1,0,0,1,0,0,1,30,30,0,2,11,4,5,1,0
1,0,0,29.12,1,0,0,1,0,0,1,0,0,2,3,30,0,2,5,5,6,1,0
1,1,0,24.72,1,0,0,1,0,0,1,0,0,3,30,30,0,1,5,6,11,1,0
1,0,0,29.53,0,0,0,1,0,0,1,0,0,3,10,30,0,1,10,6,6,1,0
1,0,0,23.91,0,0,0,1,0,0,1,0,0,2,3,30,0,2,10,6,6,1,0
1,1,0,23.3,0,0,0,1,0,0,0,0,0,2,30,30,0,2,10,6,11,1,0
1,1,0,27.4,0,0,0,0,0,0,1,0,0,2,30,30,0,2,10,5,6,1,0
1,0,0,21.08,0,0,0,1,0,0,1,0,0,1,30,30,0,2,13,4,6,1,0
1,0,0,25.52,0,0,0,1,0,0,1,0,0,4,5,2,0,1,10,6,6,1,0
1,1,0,26.45,1,0,0,1,0,0,1,0,0,3,30,14,0,1,4,6,6,1,0
1,1,0,30.41,0,0,0,1,0,0,1,0,0,2,30,30,0,2,10,6,6,1,0
1,1,0,34.36,0,0,0,0,0,0,1,0,0,3,30,2,0,1,1,3,6,1,0
1,0,0,23.11,0,0,0,1,0,0,1,0,0,1,30,5,0,1,4,6,10,1,0
1,1,0,28.97,0,1,0,1,0,0,1,0,0,1,30,30,0,1,10,5,6,1,0
1,1,0,16.98,1,0,0,0,0,0,1,0,0,2,30,30,0,2,11,5,6,1,0
1,1,0,26.73,0,0,0,1,0,0,1,0,0,2,1,30,0,1,10,6,11,1,0
1,1,0,26.54,0,0,1,1,0,0,1,0,0,2,30,30,0,1,10,6,10,1,0
1,0,0,22.15,0,0,0,1,0,0,1,0,0,3,30,30,0,1,13,6,10,1,0
1,1,0,27.4,1,0,0,0,0,0,1,0,0,2,10,30,1,2,10,6,5,1,0
1,0,0,28.48,1,0,0,1,0,0,1,0,1,3,30,30,0,1,10,4,6,1,0
1,0,0,25.73,1,0,0,1,0,0,1,0,0,2,2,30,0,1,11,6,6,1,0
1,0,0,32.45,0,0,0,1,0,0,1,0,0,2,30,30,0,2,12,5,6,1,0
1,1,0,31.87,0,0,0,1,0,0,1,0,0,2,30,30,0,1,10,6,11,1,0
1,0,0,31.89,1,0,0,1,0,0,1,0,0,2,30,30,0,2,11,5,2,1,0
1,0,0,25.8,1,0,0,1,0,0,1,0,0,3,30,30,0,1,11,5,6,1,0
1,1,0,30.04,1,0,0,1,0,0,1,0,0,1,30,30,0,1,4,6,6,1,0
1,1,0,21.18,0,0,0,1,0,0,1,0,0,3,30,30,0,1,11,6,10,1,0
1,0,0,33.91,0,0,0,1,0,0,1,0,0,3,1,30,0,1,4,6,6,1,0
1,0,0,31.57,0,0,0,1,0,0,1,0,1,4,30,30,0,2,6,5,6,1,0
1,1,0,31.19,0,0,0,1,0,0,1,0,0,1,30,30,0,1,10,6,6,1,0
1,1,0,30.52,0,0,1,0,0,0,1,0,0,3,10,30,0,1,5,6,11,1,0
1,0,0,27.12,0,0,0,1,0,0,1,0,0,2,30,30,0,1,10,5,6,1,0
1,0,0,23.38,0,1,0,1,0,0,1,0,0,3,30,30,0,2,11,6,6,1,0
1,0,0,42.05,0,0,0,1,0,0,1,0,0,4,2,30,0,2,6,6,11,1,0
1,0,0,39.75,1,0,0,1,0,0,1,0,1,3,30,30,0,1,5,6,6,1,0
1,0,0,35.15,0,0,0,0,0,0,1,0,0,2,2,30,0,2,6,6,6,1,0
1,0,0,23.11,1,0,0,0,0,0,1,0,1,2,30,30,0,1,10,4,2,1,0
1,1,0,23.08,0,0,0,1,0,0,1,0,0,2,6,2,0,2,10,6,6,1,0
1,0,0,25.83,1,0,0,0,0,0,1,0,0,2,5,30,1,2,6,6,6,1,0
1,0,0,24.39,0,0,0,1,0,0,1,0,0,2,30,1,1,1,11,6,6,1,0
1,0,1,30.18,0,0,0,0,0,0,1,0,0,3,30,30,0,2,1,4,6,1,0
1,0,0,25.06,1,0,0,1,0,0,1,0,0,4,2,30,0,2,2,3,1,1,0
1,0,0,18.3,0,0,0,0,0,0,1,0,0,3,30,3,0,2,13,4,6,1,0
1,1,0,25.0,0,0,0,1,0,0,1,0,1,2,10,30,0,2,11,6,5,1,0
1,0,0,27.4,0,0,0,1,0,0,1,0,0,3,30,30,0,1,2,6,6,1,0
1,1,0,29.48,1,0,0,1,0,0,0,0,0,3,5,30,0,2,10,4,6,1,0
1,0,0,25.83,0,0,0,1,0,0,1,0,0,3,30,30,0,1,1,4,6,1,0
1,1,0,35.94,1,0,0,1,0,0,1,0,0,3,5,5,0,1,4,6,11,1,0
1,0,0,45.19,1,0,0,1,0,0,1,0,1,4,14,30,0,2,3,6,6,1,0
1,0,0,27.4,0,0,0,1,0,0,1,0,0,3,30,30,0,1,12,6,6,1,0
1,0,0,22.96,0,0,0,1,0,0,1,0,0,3,30,30,0,1,4,6,11,1,0
1,0,1,12.83,1,0,0,0,0,0,1,0,0,1,30,30,0,1,12,6,10,1,0
1,0,0,27.4,1,0,0,1,0,0,1,0,0,2,30,30,0,2,4,5,6,1,0
1,1,0,23.06,0,0,0,0,0,0,1,0,0,1,30,30,0,1,13,5,6,1,0
1,0,0,25.82,0,0,0,1,0,0,1,0,0,3,30,30,0,2,12,4,6,1,0
1,0,0,27.44,1,0,0,0,0,0,1,0,0,2,30,30,0,1,10,6,11,1,0
1,0,0,27.12,1,0,0,0,0,0,1,0,0,2,30,30,0,1,10,4,6,1,0
1,1,0,27.4,0,0,0,0,0,0,1,0,1,1,30,30,0,2,10,3,6,1,0
1,1,0,30.34,1,0,0,1,0,0,1,0,0,3,30,30,0,1,4,5,6,1,0
1,1,0,27.32,1,0,0,1,0,0,1,0,0,2,2,1,0,1,11,6,11,1,0
1,1,0,26.63,1,0,0,0,0,0,1,0,0,2,10,2,0,2,10,4,6,1,0
1,1,0,26.54,1,0,0,1,0,0,0,0,1,4,30,15,0,1,6,3,6,1,0
1,0,0,28.75,0,0,0,1,0,0,1,0,0,3,30,30,0,1,10,5,6,1,0
1,0,0,25.82,0,0,0,1,0,0,1,0,0,3,30,30,0,2,6,6,10,1,0
1,0,0,24.9,1,0,0,1,0,0,0,0,0,3,30,30,0,1,3,5,4,1,0
1,0,0,26.57,0,0,0,1,0,0,1,0,0,2,1,4,0,2,11,6,6,1,0
1,0,0,35.43,0,0,0,1,0,0,1,0,0,2,30,2,0,2,10,6,6,1,0
1,0,0,38.08,1,0,0,1,0,0,1,0,0,1,30,30,0,2,10,5,6,1,0
1,0,0,26.29,1,0,0,1,0,0,1,0,0,2,30,30,0,1,10,5,6,1,0
1,0,0,29.16,0,0,0,1,0,0,1,0,0,3,3,30,0,1,2,4,6,1,0
1,1,0,29.57,1,0,0,1,0,0,0,0,0,3,30,30,0,1,11,6,6,1,0
1,0,0,19.53,0,0,0,0,0,0,1,0,0,2,30,30,0,2,10,5,4,1,0
1,0,0,27.44,0,0,0,1,0,0,1,0,0,4,5,30,0,2,10,6,6,1,0
1,0,0,37.44,1,0,0,1,0,0,1,0,1,3,10,30,0,2,2,6,6,1,0
1,0,0,27.4,0,0,0,1,0,0,1,0,0,1,30,30,0,1,12,6,6,1,0
1,0,1,32.78,0,0,0,1,0,0,1,0,0,2,30,30,0,2,10,5,6,1,0
1,0,0,31.75,1,1,0,1,0,0,1,0,0,2,30,10,0,2,11,5,6,1,0
1,1,0,28.97,0,0,0,1,0,0,1,0,1,1,30,30,0,1,5,6,6,1,0
1,0,0,31.38,0,0,0,1,0,0,1,0,0,3,30,30,0,1,10,6,11,1,0
1,0,0,20.41,0,0,0,0,0,0,1,0,1,1,3,30,0,2,2,4,4,1,0
1,1,0,29.58,0,0,0,1,0,0,1,0,0,2,30,30,0,2,6,5,6,1,0
1,0,0,41.77,0,0,0,1,0,0,1,0,0,4,14,30,0,1,4,5,11,1,0
1,0,0,27.46,0,0,0,1,0,0,1,0,1,5,30,30,1,2,1,4,6,1,0
1,0,0,25.1,1,0,0,1,0,0,1,0,0,1,30,10,1,1,11,5,6,1,0
1,0,0,27.4,0,0,0,1,0,0,1,0,0,3,5,30,0,2,2,5,6,1,0
1,0,0,28.41,0,0,0,1,0,0,1,0,0,2,30,30,0,2,12,4,6,1,0
1,0,0,33.96,1,0,0,1,0,0,1,0,0,3,30,30,0,2,3,5,6,1,0
1,1,0,22.38,1,0,0,1,0,0,1,0,0,2,30,30,0,1,11,6,10,1,0
1,0,0,27.4,1,0,0,1,0,0,1,0,0,3,30,30,0,2,6,6,10,1,0
1,1,0,27.4,0,0,0,1,0,0,1,0,0,1,26,26,0,2,11,6,6,1,0
1,0,0,26.76,1,0,0,1,0,0,1,0,0,3,30,30,0,1,10,6,10,1,0
1,0,0,22.32,0,0,1,1,0,0,1,0,0,3,30,30,0,1,13,6,10,1,0
1,0,0,28.34,0,0,0,0,0,0,1,0,0,1,3,30,0,1,10,5,4,1,0
1,0,0,27.4,0,0,0,1,0,0,1,0,1,4,30,30,0,1,6,3,6,1,0
1,0,0,27.4,0,0,0,1,0,0,1,0,1,1,15,30,0,1,4,3,6,1,0
1,0,0,29.21,1,0,0,0,0,0,1,0,0,3,30,30,0,1,6,6,6,1,0
1,1,0,26.45,0,0,0,1,0,0,1,0,0,2,30,30,0,2,10,4,6,1,0
1,1,0,23.72,1,0,0,1,0,0,1,0,0,3,30,2,0,2,10,6,6,1,0
1,0,0,30.52,0,0,0,1,0,0,1,0,0,2,30,30,0,1,10,6,11,1,0
1,0,0,27.0,0,0,0,0,0,0,1,0,0,2,30,30,0,1,3,5,4,1,0
1,0,0,23.63,1,0,0,0,0,0,1,0,0,4,4,3,0,2,6,5,6,1,0
1,0,0,21.14,0,0,0,1,0,0,1,0,0,3,30,4,0,2,13,5,5,1,0
1,0,0,31.0,0,0,0,0,0,0,1,0,0,2,30,30,0,2,11,6,5,1,0
1,0,0,35.19,1,0,0,1,0,0,1,0,0,2,3,30,0,1,10,4,6,1,0
1,0,0,28.7,1,0,0,0,0,0,1,0,0,1,30,30,0,2,13,6,6,1,0
1,0,0,22.96,0,0,0,1,0,0,1,0,0,4,30,30,0,2,5,6,6,1,0
1,0,0,26.39,1,0,0,1,0,0,1,0,0,3,30,30,0,1,3,6,10,1,0
1,1,0,28.12,1,0,0,0,0,0,0,0,0,3,30,30,0,1,5,4,6,1,0
1,0,0,40.69,1,0,0,1,0,0,1,0,0,2,2,30,0,1,4,6,6,1,0
1,0,0,36.94,1,0,0,1,0,0,1,0,0,2,30,2,0,1,6,5,6,1,0
1,1,0,23.67,0,0,0,1,0,0,1,0,0,1,30,30,0,1,11,4,6,1,0
1,0,1,24.14,0,0,0,1,0,0,1,0,0,3,30,21,0,2,12,6,3,1,0
1,0,0,32.34,0,0,1,1,0,0,1,0,0,2,30,30,0,1,11,6,10,1,0
1,1,0,25.09,1,0,0,1,0,0,1,0,0,3,30,30,0,1,10,6,11,1,0
1,1,0,22.27,1,0,0,1,0,0,1,0,0,1,30,30,0,2,11,6,6,1,0
1,0,0,28.62,1,0,0,1,0,0,1,0,0,3,30,5,0,2,10,5,10,1,0
1,0,0,24.34,0,0,0,0,0,0,1,0,0,2,30,5,0,1,11,6,6,1,0
1,1,0,24.41,1,0,0,1,0,0,1,0,0,2,30,30,0,1,13,6,11,1,0
1,0,0,23.49,0,0,0,1,0,0,1,0,0,2,30,30,0,1,12,4,6,1,0
1,0,0,30.43,1,0,0,1,0,0,1,0,0,2,10,30,0,1,5,5,2,1,0
1,0,0,20.69,0,0,0,0,0,0,1,0,0,3,30,5,1,2,13,6,6,1,0
1,0,1,39.89,1,0,0,1,0,0,1,0,0,3,30,2,0,1,4,5,6,1,0
1,1,0,27.96,0,0,0,1,0,0,1,0,0,2,1,1,0,2,11,6,10,1,0
1,0,0,27.89,1,0,0,1,0,0,1,0,0,2,30,30,1,1,10,6,6,1,0
1,1,0,25.39,0,0,0,1,0,0,1,0,0,2,30,30,0,2,11,5,6,1,0
1,1,0,28.12,0,0,0,1,0,0,0,0,0,2,30,30,0,1,10,6,10,1,0
1,0,0,36.28,0,0,0,1,0,0,1,0,0,4,15,20,1,2,4,5,4,1,0
1,0,0,29.53,0,0,0,1,0,0,1,0,0,2,30,30,0,1,10,5,6,1,0
1,1,0,28.25,0,0,0,1,0,0,1,0,0,2,3,6,0,2,4,6,6,1,0
1,0,0,24.63,0,0,0,1,0,0,1,0,0,2,30,30,0,2,12,4,6,1,0
1,0,0,22.96,0,0,0,0,0,0,1,0,0,2,30,30,1,1,13,6,6,1,0
1,0,0,35.43,0,0,0,0,0,0,1,0,0,3,30,2,0,2,1,4,4,1,0
1,1,0,24.03,1,0,0,1,0,0,1,0,0,2,30,30,0,1,10,6,6,1,0
1,1,0,22.96,0,0,0,1,0,0,1,0,0,3,30,30,0,2,10,5,6,1,0
1,1,0,27.8,0,0,0,0,0,0,1,0,0,1,1,2,0,1,10,5,6,1,0
1,0,0,23.75,0,0,0,0,0,0,1,0,0,3,30,28,0,1,10,4,5,1,0
1,0,0,25.04,0,0,0,1,0,0,1,0,0,3,30,30,0,1,10,5,6,1,0
1,0,0,31.62,1,1,0,1,0,0,1,0,0,4,30,30,0,2,5,5,3,1,0
1,1,0,29.95,1,0,0,0,0,0,1,0,0,2,30,15,0,2,6,5,6,1,0
1,1,0,31.32,0,0,0,1,0,0,1,0,0,1,30,30,0,1,10,6,6,1,0
1,1,0,32.08,0,0,0,1,0,0,1,0,0,1,30,30,0,1,10,5,6,1,0
1,1,0,19.2,0,0,0,1,0,0,1,0,0,3,30,4,0,2,11,6,6,1,0
1,0,0,27.4,1,0,0,1,0,0,1,0,0,3,30,30,0,1,10,6,5,1,0
1,1,0,31.62,1,0,0,0,0,0,1,0,0,2,30,30,0,2,6,5,11,1,0
1,1,0,26.5,1,0,0,1,0,0,0,0,0,3,30,5,0,1,10,4,6,1,0
1,0,0,26.58,1,0,0,1,0,0,1,0,0,2,1,30,0,1,10,5,6,1,0
1,0,0,28.12,1,0,0,1,0,0,0,0,0,3,30,30,1,1,10,3,4,1,0
1,0,0,30.41,0,0,0,1,0,0,1,0,0,2,30,30,0,2,10,4,2,1,0
1,0,0,27.44,1,0,0,1,0,0,1,0,0,3,30,30,0,2,11,5,6,1,0
1,1,0,36.05,0,0,0,1,0,0,1,0,0,2,30,30,0,1,6,6,6,1,0
1,1,0,25.33,1,0,0,1,0,0,1,0,1,1,30,30,0,1,10,4,3,1,0
1,0,0,29.16,0,0,0,1,0,0,1,0,0,2,30,30,0,1,11,5,6,1,0
1,0,0,28.7,1,0,0,1,0,0,0,0,0,3,30,30,0,1,10,5,6,1,0
1,0,0,30.27,0,0,0,1,0,0,1,0,0,3,30,30,0,2,10,6,6,1,0
1,0,0,26.88,0,0,0,1,0,0,1,0,0,2,30,2,0,1,10,6,6,1,0
1,0,0,29.94,0,0,0,1,0,0,1,0,0,2,30,30,0,2,10,6,6,1,0
1,0,0,31.66,1,0,0,1,0,0,1,0,0,2,30,30,0,1,12,5,5,1,0
1,0,0,36.9,1,0,0,1,0,0,1,0,0,2,30,30,0,2,5,5,10,1,0
1,0,0,22.6,0,0,0,1,0,0,1,0,0,2,30,30,0,1,10,4,5,1,0
1,0,0,23.73,0,0,0,1,0,0,1,0,0,2,30,30,0,1,13,6,6,1,0
1,1,0,23.78,0,0,0,1,0,0,1,0,0,3,3,6,0,2,10,6,6,1,0
1,0,0,27.46,0,0,0,0,0,0,1,0,0,2,1,30,0,2,10,4,6,1,0
1,1,0,25.02,0,0,0,1,0,0,1,0,0,1,30,30,0,2,10,6,10,1,0
1,1,0,33.96,1,1,1,1,0,0,1,0,1,1,30,5,0,2,3,6,6,1,0
1,0,0,23.09,1,0,0,1,0,0,1,0,0,2,30,2,1,1,13,6,6,1,0
1,1,0,27.4,1,0,0,1,0,0,1,0,0,2,30,30,1,2,10,5,6,1,0
1,1,0,23.17,0,0,0,1,0,0,0,0,0,3,30,30,0,2,11,6,3,1,0
1,1,0,23.03,1,0,0,1,0,0,1,0,0,2,30,30,0,2,10,4,6,1,0
1,0,0,27.4,0,0,0,0,0,0,1,0,0,3,30,10,0,2,10,6,6,1,0
1,0,0,24.21,0,0,0,1,0,0,1,0,0,2,30,30,0,2,13,5,6,1,0
1,0,0,39.37,0,0,0,1,0,0,1,0,0,3,30,2,0,1,2,4,6,1,0
1,1,0,20.68,1,0,0,1,0,0,1,0,0,2,30,30,0,2,11,6,6,1,0
1,1,0,36.58,0,0,0,0,0,0,1,0,1,3,30,1,0,2,1,4,4,1,0
1,1,0,28.84,0,0,0,1,0,0,0,0,0,1,30,30,0,2,11,6,6,1,0
0,1,0,32.32,1,0,0,0,0,0,1,0,0,3,30,30,0,2,4,4,6,1,0
1,0,0,31.32,0,0,0,1,0,0,1,0,0,2,15,10,0,2,6,6,6,1,0
1,0,0,23.63,0,0,0,1,0,0,1,0,0,3,30,1,0,1,11,6,6,1,0
1,1,0,30.11,0,0,0,1,0,0,1,0,0,2,30,30,0,2,6,6,10,1,0
1,0,0,29.18,0,0,0,0,0,0,1,0,0,2,30,2,0,2,10,4,6,1,0
1,0,0,23.63,1,0,0,0,0,0,1,0,0,3,3,30,1,2,13,5,6,1,0
1,0,0,34.62,0,0,0,1,0,0,1,0,0,1,30,3,1,2,13,6,6,1,0
1,0,0,34.33,0,0,0,1,0,0,1,0,0,2,30,1,1,2,10,5,4,1,0
1,0,0,30.52,0,0,0,0,0,0,1,0,0,2,30,30,0,1,10,6,6,1,0
1,0,0,30.41,1,0,0,1,0,0,1,0,0,3,30,30,1,1,10,6,11,1,0
1,0,0,23.63,1,0,0,1,0,0,1,0,0,4,30,30,0,1,4,5,6,1,0
1,0,0,27.41,0,0,0,0,0,0,1,0,0,3,30,30,0,1,5,4,6,1,0
1,1,0,26.96,0,0,0,1,0,0,1,0,0,3,10,30,0,1,6,6,10,1,0
1,0,0,25.09,0,0,0,1,0,0,1,0,0,2,30,1,0,2,10,6,6,1,0
1,0,0,31.01,0,0,0,1,0,0,1,0,0,4,30,2,0,2,6,6,6,1,0
1,0,0,25.68,1,0,0,1,0,0,1,0,0,3,10,30,1,1,10,5,3,1,0
1,1,0,24.97,1,0,0,1,0,0,0,0,0,2,1,30,0,1,12,4,6,1,0
1,0,0,29.26,0,0,0,1,0,0,1,0,0,4,2,20,0,2,10,6,6,1,0
1,1,0,28.06,0,0,0,1,0,0,1,0,0,2,30,30,0,1,10,6,11,1,0
1,0,0,35.26,1,0,0,1,0,0,1,0,0,2,30,4,0,1,11,6,6,1,0
1,0,1,29.29,0,0,0,0,0,0,1,0,0,2,30,30,1,2,13,4,6,1,0
1,0,0,30.85,1,0,0,1,0,0,1,0,0,2,30,5,1,1,12,6,6,1,0
1,0,0,23.33,0,0,0,1,0,0,1,0,0,2,30,30,0,1,12,6,6,1,0
1,0,0,30.67,0,0,0,0,0,0,1,0,0,3,15,15,0,2,6,5,6,1,0
1,0,0,33.83,0,0,0,1,0,0,1,0,0,2,3,30,0,2,10,6,6,1,0
1,1,0,27.02,1,0,0,1,0,0,1,0,0,1,30,30,0,1,12,6,11,1,0
1,0,0,29.18,0,0,0,1,0,0,1,0,0,2,30,30,0,2,10,5,6,1,0
1,0,0,27.4,0,0,0,1,0,0,1,0,0,1,30,30,1,2,10,5,6,1,0
1,0,0,27.4,0,0,0,1,0,0,1,0,0,2,30,30,0,1,14,6,6,1,0
1,1,0,25.61,0,0,0,0,0,0,1,0,1,3,30,30,0,1,4,4,5,1,0
1,1,0,30.18,0,0,0,1,0,0,1,0,0,4,15,30,0,2,6,6,10,1,0
1,0,0,28.7,0,0,0,1,0,0,1,0,0,3,10,30,1,2,11,6,3,1,0
1,1,0,22.86,1,0,0,1,0,0,1,0,0,2,30,2,0,2,10,4,10,1,0
1,1,0,25.32,0,0,0,1,0,0,1,0,0,1,30,30,0,2,10,4,10,1,0
1,1,0,20.8,1,0,0,0,0,0,0,0,0,3,30,1,1,2,12,6,6,1,0
1,1,0,25.84,1,0,0,1,0,0,1,0,0,1,30,30,0,1,12,6,6,1,0
1,0,0,30.68,1,0,0,1,0,0,1,0,0,2,30,30,0,1,11,6,6,1,0
1,0,0,27.4,0,0,0,0,0,0,1,0,0,2,30,1,0,2,11,6,6,1,0
1,0,0,38.01,0,0,0,1,0,0,1,0,1,3,5,30,0,2,3,6,5,1,0
1,1,0,27.4,0,0,0,1,0,0,1,0,0,2,30,30,0,1,10,6,6,1,0
1,0,0,40.35,0,0,0,1,0,0,1,0,0,3,5,30,0,2,1,5,6,1,0
1,1,0,25.83,1,0,0,1,0,0,1,0,0,2,2,30,0,1,10,4,6,1,0
1,1,0,20.37,1,0,1,1,0,0,1,0,0,1,15,30,0,2,1,6,6,1,0
1,0,0,31.57,0,0,0,1,0,0,1,0,0,3,2,1,0,1,5,6,6,1,0
1,1,0,23.87,0,0,0,1,0,0,1,0,0,2,30,30,0,1,10,6,6,1,0
1,0,0,18.56,1,0,0,0,0,0,1,0,0,2,30,30,0,1,13,3,6,1,0
1,1,0,31.25,0,0,0,1,0,0,1,0,0,2,2,5,0,2,10,6,6,1,0
1,0,0,34.97,0,0,0,1,0,0,1,0,0,2,30,30,0,1,11,6,5,1,0
1,0,0,27.4,0,0,0,0,0,0,1,0,0,4,30,15,0,2,6,3,3,1,0
1,1,0,24.33,0,0,0,0,0,0,1,0,0,1,30,30,0,1,1,5,6,1,0
1,0,0,23.03,0,0,0,1,0,0,1,0,0,2,30,3,0,2,13,5,6,1,0
1,0,0,37.59,0,0,0,1,0,0,1,0,0,3,30,30,0,1,6,4,6,1,0
1,0,0,32.08,1,0,0,1,0,0,1,0,0,2,30,30,0,1,10,6,10,1,0
1,1,0,28.06,0,0,0,1,0,0,1,0,0,2,30,30,0,1,10,6,11,1,0
1,1,0,29.26,0,0,0,1,0,0,1,0,0,2,30,30,0,2,10,5,6,1,0
1,0,0,32.55,0,0,0,1,0,0,1,0,0,2,30,30,0,1,6,6,11,1,0
1,0,0,31.47,1,0,0,1,0,0,1,0,1,4,30,2,1,1,5,6,4,1,0
1,0,0,22.96,1,0,1,1,0,0,1,0,0,3,30,30,0,1,12,6,11,1,0
1,0,0,33.84,1,0,0,0,0,0,1,0,0,2,30,30,0,2,11,4,6,1,0
1,0,0,25.1,1,0,0,1,0,0,1,0,0,3,30,30,0,1,12,4,6,1,0
1,1,0,19.73,0,0,0,1,0,0,1,0,0,2,1,30,0,2,10,6,6,1,0
1,0,0,26.15,1,0,0,1,0,0,1,0,0,2,30,30,1,2,13,4,6,1,0
1,0,0,41.61,0,0,0,1,0,0,1,0,0,3,11,2,0,2,4,6,10,1,0
1,0,0,27.4,0,0,0,1,0,0,1,0,0,3,30,3,0,2,10,5,6,1,0
1,1,0,33.19,0,0,0,1,0,0,1,0,0,3,30,30,0,1,1,4,6,1,0
1,0,0,25.83,0,1,0,1,0,0,1,0,1,1,30,30,0,1,11,6,6,1,0
1,0,1,18.89,0,0,0,0,0,0,1,0,0,2,4,30,0,2,2,4,6,1,0
1,0,0,38.08,1,0,0,0,0,0,1,0,0,3,3,30,0,1,4,3,3,1,0
1,0,0,23.44,0,0,0,1,0,0,1,0,0,1,30,30,1,2,10,4,6,1,0
1,0,0,33.89,0,0,0,1,0,0,1,0,0,3,30,30,1,2,11,6,11,1,0
1,0,0,30.52,0,0,0,1,0,0,1,0,0,2,30,30,1,1,12,6,6,1,0
1,0,0,25.82,0,0,0,1,0,0,1,0,0,2,30,30,0,2,10,6,10,1,0
1,0,0,27.4,1,0,0,1,0,0,1,0,0,2,30,30,0,2,10,6,6,1,0
1,0,0,22.27,0,0,0,1,0,0,1,0,0,1,1,2,0,2,10,4,5,1,0
1,1,0,29.7,1,0,0,1,0,0,0,0,0,3,30,30,0,1,10,6,6,1,0
1,0,0,28.48,0,0,0,1,0,0,0,0,0,3,30,3,0,1,10,6,6,1,0
1,0,0,27.4,0,0,0,0,0,0,1,0,0,2,30,30,0,2,13,5,6,1,0
0,0,0,32.42,0,0,0,0,0,0,1,0,1,4,30,14,0,2,4,4,6,1,0
1,0,0,23.63,0,0,0,1,0,0,1,0,0,3,30,30,0,1,10,6,6,1,0
1,0,0,25.02,0,0,0,1,0,0,1,0,0,2,14,4,0,2,11,5,6,1,0
1,0,0,24.13,0,0,0,1,0,0,1,0,0,3,30,30,0,2,10,6,6,1,0
1,0,0,40.89,0,0,0,1,0,0,0,0,0,2,30,30,0,1,11,6,6,1,0
1,1,0,28.04,0,0,0,1,0,0,1,0,0,2,5,30,0,2,10,4,6,1,0
1,0,0,26.58,0,0,0,1,0,0,1,0,0,1,30,30,0,1,10,6,11,1,0
1,1,0,24.89,1,0,0,1,0,0,1,0,0,2,10,30,0,2,10,5,6,1,0
1,1,0,31.32,0,0,0,1,0,0,1,0,0,2,5,30,0,2,10,5,6,1,0
1,0,0,20.36,0,0,0,1,0,0,1,0,0,2,30,30,0,2,13,5,5,1,0
1,0,0,21.03,0,0,0,1,0,0,1,0,0,3,30,30,0,2,5,6,6,1,0
1,1,0,27.4,0,0,0,1,0,0,1,0,0,3,30,30,0,2,6,4,6,1,0
1,0,0,30.54,1,1,0,1,0,0,1,0,0,2,30,30,0,1,10,5,6,1,0
1,0,0,27.4,0,0,0,1,0,0,1,0,0,3,20,30,0,1,10,6,6,1,0
1,1,0,28.34,0,0,0,1,0,0,1,0,0,2,20,30,0,2,11,6,6,1,0
1,1,0,26.09,1,0,0,1,0,0,0,0,0,3,30,30,0,2,11,6,6,1,0
1,0,0,31.18,0,0,0,1,0,0,1,0,0,3,15,4,0,2,10,4,5,1,0
1,0,0,39.14,1,0,0,1,0,0,1,0,1,2,30,2,0,2,10,6,6,1,0
1,0,0,41.57,1,0,0,0,0,0,1,0,0,2,5,30,0,2,3,4,1,1,0
1,1,0,26.96,1,0,0,1,0,0,1,0,0,1,30,30,0,1,12,5,6,1,0
1,0,0,23.89,0,0,0,1,0,0,1,0,0,3,30,30,0,1,10,6,6,1,0
1,0,0,27.05,0,0,0,1,0,0,1,0,0,3,30,30,0,1,10,4,6,1,0
1,0,1,32.95,1,0,0,1,0,0,1,0,0,3,20,30,0,2,3,4,1,1,0
1,0,0,23.59,0,0,0,0,0,0,1,0,0,2,30,30,0,2,13,5,6,1,0
1,0,0,30.29,1,0,1,1,0,0,1,0,0,4,30,15,0,2,5,5,5,1,0
1,1,0,27.4,0,0,0,1,0,0,1,0,0,4,30,30,0,2,5,6,6,1,0
1,0,0,28.06,0,0,0,1,0,0,1,0,1,3,2,30,1,2,10,3,5,1,0
1,0,1,27.4,0,0,0,0,0,0,1,0,0,1,30,30,1,2,12,5,6,1,0
1,1,0,23.43,0,0,0,1,0,0,1,0,0,3,2,30,0,1,6,6,11,1,0
1,0,0,27.12,0,0,0,1,0,0,1,0,0,3,1,30,0,1,10,5,6,1,0
1,0,0,27.4,1,0,0,1,0,0,1,0,0,2,10,10,0,2,4,5,6,1,0
1,0,0,35.43,1,0,0,1,0,0,1,0,0,2,2,30,0,2,12,6,5,1,0
1,0,0,27.4,0,0,0,1,0,0,1,0,1,2,30,30,0,2,11,3,6,1,0
1,0,0,33.72,1,0,0,1,0,0,1,0,0,2,30,30,0,1,10,5,6,1,0
1,0,0,27.4,0,0,0,1,0,0,1,0,1,3,3,30,0,2,6,4,6,1,0
1,1,0,27.44,1,0,0,1,0,0,1,0,0,1,30,30,0,2,12,6,6,1,0
1,1,0,27.46,0,0,0,1,0,0,1,0,0,2,30,5,0,2,10,5,6,1,0
1,1,0,19.53,0,0,0,1,0,0,1,0,0,3,30,30,0,2,10,4,6,1,0
1,0,0,26.47,1,0,0,1,0,0,1,0,0,5,20,30,1,1,4,4,5,1,0
1,0,0,31.87,0,0,0,1,0,0,1,0,0,2,30,30,0,1,10,4,6,1,0
1,0,0,25.68,0,0,0,0,0,0,1,0,0,3,30,30,0,1,10,4,6,1,0
1,1,0,21.95,0,0,0,1,0,0,1,0,0,2,30,30,0,2,13,6,6,1,0
1,0,0,25.25,1,0,0,1,0,0,1,0,1,4,30,6,0,1,3,4,6,1,0
1,1,0,25.13,0,0,0,1,0,0,1,0,0,1,30,30,0,2,11,6,6,1,0
1,0,0,24.22,1,0,0,1,0,0,1,0,0,3,30,30,0,1,10,5,6,1,0
1,0,0,22.14,0,0,0,0,0,0,1,0,0,2,30,30,0,2,13,5,6,1,0
1,0,0,26.37,0,0,0,1,0,0,1,0,0,4,15,30,0,2,1,4,6,1,0
1,0,0,30.21,0,0,0,1,0,0,1,0,0,1,30,30,1,2,13,4,3,1,0
1,1,0,23.17,0,0,0,1,0,0,1,0,0,2,30,30,0,2,11,6,6,1,0
1,1,0,41.9,1,0,0,1,0,0,1,0,0,2,5,2,0,1,4,6,6,1,0
1,1,0,30.68,0,0,0,1,0,0,1,0,0,2,30,2,0,1,6,4,6,1,0
1,0,0,34.44,0,0,0,1,0,0,1,0,0,2,30,30,0,1,10,6,10,1,0
1,0,0,32.45,0,0,0,1,0,0,1,0,1,3,1,4,0,2,2,6,6,1,0
1,0,0,33.57,0,0,0,1,0,0,1,0,1,3,2,30,0,2,2,4,5,1,0
1,0,0,21.52,0,0,0,1,0,0,1,0,0,3,30,5,0,2,4,6,11,1,0
1,0,0,27.4,0,0,0,1,0,0,1,0,0,2,30,30,0,2,12,6,6,1,0
1,0,0,21.95,0,0,0,1,0,0,1,0,0,2,30,30,0,1,12,6,6,1,0
1,0,0,22.6,1,0,0,1,0,0,1,0,0,3,1,30,0,1,12,6,5,1,0
1,0,0,35.87,1,0,0,1,0,0,1,0,0,3,10,5,0,1,5,5,6,1,0
1,1,0,35.24,0,0,0,1,0,0,1,0,0,4,30,30,0,1,1,6,6,1,0
1,0,0,33.23,1,0,0,0,0,0,1,0,0,2,30,2,0,1,11,6,6,1,0
1,0,0,21.79,1,0,0,1,0,0,1,0,0,4,22,30,0,2,4,4,2,1,0
1,1,0,23.4,0,0,0,1,0,0,1,0,0,3,30,30,0,2,10,6,6,1,0
1,0,0,32.32,1,0,0,1,0,0,0,0,0,2,30,30,0,1,13,6,6,1,0
1,0,0,25.61,0,0,0,1,0,0,1,0,0,3,30,30,0,2,10,6,6,1,0
1,0,0,30.04,0,0,0,1,0,0,1,0,0,2,30,15,0,2,12,4,6,1,0
1,0,0,31.28,0,0,0,1,0,0,1,0,0,2,5,2,0,2,12,6,6,1,0
1,0,0,32.12,0,0,0,0,0,0,1,0,0,3,30,30,0,2,3,5,6,1,0
1,1,0,19.74,1,0,0,1,0,0,0,0,0,3,2,30,0,2,10,5,6,1,0
1,0,0,27.4,0,0,0,1,0,0,1,0,0,3,3,2,1,1,10,5,4,1,0
1,0,0,36.25,0,0,0,1,0,0,1,0,0,2,2,30,0,1,5,6,6,1,0
1,0,0,19.77,1,0,0,1,0,0,1,0,0,4,30,15,0,1,4,4,6,1,0
1,0,1,34.18,0,0,0,0,0,0,1,0,1,3,30,30,1,2,6,1,5,1,0
1,0,0,22.81,0,0,0,1,0,0,1,0,0,3,30,30,0,1,11,6,6,1,0
1,0,0,32.01,1,0,0,1,0,0,1,0,0,1,30,30,0,2,11,5,6,1,0
1,0,0,29.05,0,0,0,1,0,0,1,0,0,3,30,30,0,1,10,6,6,1,0
1,0,0,32.28,1,0,0,0,0,0,1,0,0,2,30,30,0,1,10,6,6,1,0
1,0,0,30.9,1,0,0,1,0,0,1,0,0,3,30,30,0,2,10,5,5,1,0
1,0,0,24.21,0,0,0,1,0,0,1,0,0,4,2,30,0,2,12,6,6,1,0
1,0,0,31.4,0,0,0,1,0,0,1,0,0,2,30,30,0,1,6,6,10,1,0
1,0,0,19.97,1,0,0,0,0,0,1,0,0,3,30,30,0,2,11,5,6,1,0
1,1,0,27.34,0,0,0,1,0,0,1,0,0,2,30,30,0,2,10,5,6,1,0
1,0,0,20.52,1,0,0,0,0,0,1,0,0,3,15,30,0,1,10,4,6,1,0
1,0,0,32.89,0,0,0,1,0,0,1,0,0,2,30,30,0,2,10,5,6,1,0
1,1,0,27.44,1,0,0,1,0,0,1,0,0,2,30,3,0,2,10,5,4,1,0
1,0,0,23.49,0,0,0,1,0,0,1,0,0,2,30,30,0,2,10,5,4,1,0
1,0,0,29.53,1,0,0,1,0,0,1,0,0,3,30,30,0,1,10,5,6,1,0
1,0,0,33.45,0,0,0,1,0,0,1,0,0,3,30,30,0,1,5,6,6,1,0
1,0,0,27.4,1,0,0,0,0,0,1,0,0,3,30,30,0,2,10,5,6,1,0
1,0,0,38.96,0,0,0,1,0,0,1,0,0,2,30,30,0,2,10,6,6,1,0
1,0,0,27.4,1,0,0,1,0,0,1,0,0,3,30,2,0,2,11,4,6,1,0
1,0,0,18.29,0,0,0,0,0,0,1,0,0,2,30,30,0,2,12,5,6,1,0
1,0,0,36.02,0,0,0,1,0,0,1,0,0,3,30,30,0,1,4,6,6,1,0
1,1,0,25.9,1,0,0,1,0,0,1,0,0,2,30,1,0,1,6,4,6,1,0
0,0,0,27.4,1,0,0,0,0,0,1,0,0,3,2,1,0,2,13,6,5,1,0
1,1,0,27.98,1,0,0,1,0,0,1,0,0,2,30,30,0,1,10,6,6,1,0
1,1,0,29.7,0,0,0,1,0,0,1,0,0,2,30,30,0,1,10,6,11,1,0
1,1,0,25.77,0,0,0,1,0,0,1,0,0,1,30,30,0,1,4,6,6,1,0
1,0,1,27.4,0,0,0,0,0,0,1,0,0,4,30,2,0,2,11,4,6,1,0
1,0,0,27.4,1,0,0,1,0,0,1,0,1,3,2,30,0,1,10,6,5,1,0
1,0,0,35.15,1,0,0,1,0,0,1,0,0,3,15,2,0,2,10,6,10,1,0
1,0,0,22.81,1,0,0,1,0,0,1,0,0,3,30,30,0,2,12,6,6,1,0
1,0,0,34.9,1,0,0,0,0,0,1,0,1,3,1,30,0,2,5,6,6,1,0
1,0,0,33.91,1,0,0,1,0,0,1,0,0,2,30,30,0,1,11,6,6,1,0
1,1,0,27.1,0,0,0,0,0,0,1,0,0,2,30,30,0,2,10,6,6,1,0
1,0,0,34.69,0,0,0,1,0,0,1,0,0,2,10,5,0,1,5,5,6,1,0
1,0,0,19.05,0,0,0,1,0,0,1,0,0,3,30,30,0,1,11,6,10,1,0
1,1,0,27.4,0,0,0,0,0,0,1,0,0,3,15,15,0,2,5,5,1,1,0
1,0,0,32.22,1,0,0,1,0,0,0,0,0,4,30,30,0,2,5,6,6,1,0
1,1,0,24.53,0,0,0,1,0,0,1,0,0,2,30,30,0,2,10,4,6,1,0
1,0,0,25.83,0,0,0,0,0,0,1,0,0,2,30,30,0,1,13,4,11,1,0
1,0,0,23.38,0,0,0,1,0,0,1,0,0,3,30,30,0,2,12,4,2,1,0
1,1,0,24.59,0,0,0,1,0,0,1,0,0,2,30,30,0,1,10,4,6,1,0
1,0,0,26.61,1,0,0,1,0,0,1,0,0,3,1,1,0,1,5,4,6,1,0
1,1,0,34.7,1,0,0,1,0,0,1,0,0,2,30,30,0,1,6,4,10,1,0
1,0,1,27.4,0,0,0,1,0,0,1,0,1,1,30,30,0,1,4,5,6,1,0
1,0,0,25.06,0,0,0,1,0,0,1,0,0,3,5,30,0,2,10,5,3,1,0
1,0,0,41.2,0,0,0,1,0,0,1,0,0,3,30,30,0,2,6,6,10,1,0
1,0,0,29.23,0,0,0,1,0,0,1,0,0,2,30,30,0,2,13,6,6,1,0
1,0,0,27.34,0,0,0,1,0,0,1,0,0,2,15,30,0,2,1,5,6,1,0
1,0,0,35.62,0,0,0,1,0,0,1,0,0,3,5,3,0,1,2,6,6,1,0
1,0,1,27.4,0,0,0,1,0,0,1,0,0,2,10,30,0,2,2,6,6,1,0
1,0,0,25.82,0,0,0,1,0,0,1,0,0,3,30,30,0,2,11,6,6,1,0
1,0,0,32.12,0,0,0,0,0,0,1,0,0,2,30,30,0,2,6,6,6,1,0
1,0,0,31.85,0,0,0,1,0,0,0,0,0,2,30,30,0,1,10,5,6,1,0
1,0,0,27.4,0,0,0,0,0,0,1,0,0,3,30,30,0,2,11,5,6,1,0
1,1,0,21.22,1,0,0,1,0,0,1,0,0,2,30,2,0,2,10,2,6,1,0
1,0,1,20.91,0,0,0,1,0,0,1,0,1,4,30,30,0,1,1,6,1,1,0
1,0,0,25.82,0,0,0,1,0,0,1,0,0,2,2,14,0,2,11,4,6,1,0
1,1,0,28.19,0,0,0,1,0,0,1,0,0,3,2,30,0,2,10,6,11,1,0
1,0,0,32.55,0,0,0,1,0,0,1,0,0,2,30,30,0,1,10,5,6,1,0
1,0,0,32.12,0,0,0,1,0,0,1,0,0,2,30,30,0,2,11,6,6,1,0
1,1,0,19.2,0,0,0,1,0,0,1,0,0,2,30,30,0,2,13,6,6,1,0
1,0,0,33.2,0,0,0,1,0,0,1,0,0,3,6,30,0,1,10,6,6,1,0
1,1,0,27.98,1,0,0,1,0,0,1,0,0,1,10,10,0,2,10,5,6,1,0
1,1,0,26.61,1,0,0,1,0,0,0,0,0,2,2,30,0,1,12,6,6,1,0
1,0,0,26.61,0,0,0,0,0,0,1,0,0,2,15,30,0,2,10,5,6,1,0
1,1,0,20.18,0,0,0,1,0,0,1,0,0,2,1,30,0,2,10,6,6,1,0
1,0,0,27.52,0,0,0,1,0,0,1,0,0,4,10,30,0,2,10,6,6,1,0
1,0,0,27.4,0,0,0,1,0,0,1,0,0,2,30,30,0,1,12,5,6,1,0
1,1,0,26.78,0,0,0,1,0,0,1,0,0,2,30,30,0,2,11,6,6,1,0
1,0,0,29.87,0,0,0,1,0,0,1,0,0,2,30,30,0,2,12,5,6,1,0
1,1,0,25.69,1,0,0,1,0,0,1,0,0,3,4,2,0,2,10,6,6,1,0
1,1,0,23.49,1,0,0,1,0,0,0,0,0,2,30,30,0,1,13,5,6,1,0
1,1,0,23.3,0,0,0,0,0,0,1,0,0,2,3,2,0,1,10,4,6,1,0
1,0,0,34.31,0,0,0,1,0,0,1,0,0,2,30,30,0,1,10,4,6,1,0
1,1,0,27.34,0,0,0,0,0,0,1,0,0,2,5,30,0,2,11,6,6,1,0
1,0,0,33.47,0,0,0,1,0,0,1,0,0,3,30,30,0,1,10,6,10,1,0
1,1,0,19.92,0,0,1,1,0,0,1,0,0,3,30,1,0,2,10,6,6,1,0
1,0,0,20.36,0,0,0,1,0,0,1,0,0,2,30,30,0,2,12,6,6,1,0
1,0,0,24.41,1,0,0,1,0,0,1,0,0,3,30,30,0,1,5,5,6,1,0
1,0,0,29.26,1,0,0,0,0,0,0,0,0,2,10,30,0,2,11,5,6,1,0
1,0,0,23.03,1,0,0,1,0,0,0,0,0,1,30,30,0,1,11,4,1,1,0
1,0,0,21.3,1,0,0,1,0,0,1,0,0,3,30,30,0,2,2,5,6,1,0
1,0,0,33.2,0,0,0,1,0,0,1,0,0,3,30,30,0,2,10,5,6,1,0
1,0,0,26.31,1,0,0,1,0,0,1,0,0,3,30,30,0,2,13,6,10,1,0
1,0,0,27.4,0,0,0,1,0,0,1,0,0,1,30,4,0,2,4,4,5,1,0
1,1,0,29.13,0,0,0,1,0,0,1,0,1,3,15,30,0,2,5,4,6,1,0
1,1,0,22.31,0,0,0,1,0,0,1,0,0,2,30,30,0,2,10,5,6,1,0
1,0,0,26.94,0,0,0,1,0,0,1,0,0,3,1,30,0,2,10,6,6,1,0
1,1,0,31.8,0,0,0,1,0,0,1,0,0,2,30,30,0,1,5,4,6,1,0
1,0,0,27.4,1,0,0,1,0,0,0,0,0,3,30,30,0,1,5,4,6,1,0
1,1,0,22.86,0,0,0,1,0,0,1,0,0,3,30,10,0,2,10,6,6,1,0
1,1,0,26.88,1,0,0,1,0,0,1,0,0,2,30,30,0,1,10,5,6,1,0
1,0,0,27.44,1,0,0,1,0,0,1,0,0,1,30,30,0,2,13,3,4,1,0
1,0,0,22.14,1,0,0,0,0,0,1,0,0,2,30,30,0,2,12,5,6,1,0
1,0,0,27.84,0,0,0,1,0,0,1,0,0,3,30,30,0,2,10,4,6,1,0
1,0,0,33.91,0,0,0,1,0,0,1,0,0,2,30,30,0,1,10,5,6,1,0
1,0,0,24.24,0,0,0,0,0,0,1,0,0,5,30,30,0,2,6,4,6,1,0
1,0,0,27.96,1,0,0,1,0,0,1,0,0,3,10,30,0,2,12,6,6,1,0
1,0,0,25.09,1,0,0,1,0,0,1,0,0,1,30,3,0,1,10,4,10,1,0
1,0,0,29.95,0,0,0,1,0,0,1,0,0,4,30,20,1,2,5,5,4,1,0
1,0,0,34.7,1,0,0,1,0,0,1,0,0,1,30,30,0,1,2,4,5,1,0
1,0,0,29.84,0,0,0,1,0,0,1,0,0,3,2,30,1,1,10,6,10,1,0
1,0,0,27.4,0,0,0,1,0,0,1,0,0,3,30,30,0,2,6,5,5,1,0
1,1,0,16.69,1,0,0,1,0,0,1,0,0,2,30,30,0,1,13,5,6,1,0
1,0,0,26.54,1,0,0,1,0,0,1,0,0,3,30,30,0,1,10,4,6,1,0
1,0,0,29.95,0,0,0,1,0,0,1,0,0,3,30,30,0,2,10,4,6,1,0
1,1,0,25.75,0,0,0,1,0,0,1,0,0,4,30,30,0,2,6,5,6,1,0
1,0,0,29.29,1,0,0,1,0,0,1,0,0,3,30,2,0,2,10,5,6,1,0
1,0,0,29.27,1,0,0,1,0,0,1,0,0,3,30,30,0,1,10,6,6,1,0
1,0,0,31.62,0,0,0,1,0,0,1,0,1,2,30,30,0,2,10,4,6,1,0
1,1,0,24.03,0,0,0,1,0,0,1,0,0,2,1,30,0,1,10,6,6,1,0
1,0,0,23.69,0,0,0,1,0,0,1,0,0,2,30,30,0,2,11,6,11,1,0
1,0,0,26.46,1,0,0,0,0,0,1,0,0,3,15,30,0,2,10,5,5,1,0
1,0,1,27.4,0,0,0,1,0,0,1,0,1,3,30,15,0,2,6,5,6,1,0
0,0,0,30.11,0,0,0,1,0,0,1,0,0,3,30,30,0,2,10,6,11,1,0
1,0,0,26.52,1,0,0,1,0,0,1,0,0,3,30,30,0,1,10,6,10,1,0
1,1,0,31.0,0,0,0,1,0,0,1,0,0,3,2,30,0,2,6,6,6,1,0
1,1,0,27.44,1,0,0,1,0,0,1,0,0,3,30,30,0,1,6,5,6,1,0
1,0,0,31.32,0,0,0,1,0,0,1,0,0,3,30,30,0,1,10,5,11,1,0
1,0,0,19.97,0,0,0,1,0,0,1,0,0,1,30,30,0,1,13,4,6,1,0
1,0,0,29.41,0,0,0,1,0,0,1,0,0,3,30,3,0,1,6,5,10,1,0
1,0,0,43.4,0,0,0,1,0,0,1,0,0,4,30,5,0,2,1,4,6,1,0
1,0,0,27.4,0,0,0,1,0,0,1,0,0,3,30,5,0,2,10,5,6,1,0
1,0,0,27.2,0,0,0,1,0,0,1,0,0,3,30,30,0,1,10,6,6,1,0
1,0,0,28.89,0,0,0,1,0,0,1,0,0,2,3,5,0,1,6,6,6,1,0
1,0,0,25.09,0,0,0,1,0,0,1,0,0,2,30,30,0,1,10,5,5,1,0
1,0,0,33.28,0,0,0,0,0,0,1,0,0,2,2,30,0,2,11,4,6,1,0
1,1,0,27.26,1,0,0,1,0,0,1,0,0,1,30,30,0,1,13,6,6,1,0
1,0,0,27.59,0,0,0,1,0,0,1,0,1,1,10,30,0,2,10,3,5,1,0
1,0,0,27.46,0,0,0,1,0,0,1,0,0,2,30,30,0,2,6,6,6,1,0
1,0,0,38.74,0,0,1,1,0,0,1,0,0,2,30,30,0,2,5,5,6,1,0
1,1,0,25.8,0,0,0,1,0,0,0,0,1,2,30,3,0,1,2,6,6,1,0
1,0,0,23.96,1,0,0,0,0,0,1,0,0,3,30,30,0,2,10,4,6,1,0
1,0,0,25.82,0,0,0,1,0,0,1,0,0,3,30,10,0,2,12,4,6,1,0
1,0,0,25.02,0,0,0,1,0,0,1,0,0,1,30,10,0,1,13,6,6,1,0
1,0,0,33.0,1,0,0,1,0,0,1,0,0,3,30,30,0,1,6,6,6,1,0
1,0,0,24.02,0,0,0,1,0,0,0,0,0,2,30,30,0,2,10,4,11,1,0
1,0,0,29.05,1,0,0,1,0,0,1,0,0,3,30,30,0,2,10,6,6,1,0
1,0,0,27.12,1,0,0,1,0,0,1,0,0,3,30,30,0,1,10,5,11,1,0
1,0,0,27.4,0,0,0,1,0,0,1,0,0,3,14,30,0,2,10,6,6,1,0
1,0,0,27.4,0,0,0,1,0,0,1,0,0,5,30,30,0,2,2,6,6,1,0
1,1,0,34.7,0,0,0,1,0,0,0,0,0,2,30,2,0,1,10,6,11,1,0
1,1,0,27.4,0,0,0,1,0,0,1,0,0,2,30,10,0,2,10,5,10,1,0
0,0,0,33.23,0,0,0,1,0,0,1,0,0,2,30,30,0,2,10,6,11,1,0
1,1,0,23.63,0,0,0,1,0,0,1,0,0,2,2,30,0,1,10,6,10,1,0
1,0,0,21.93,0,1,0,1,0,0,1,0,0,5,30,28,1,2,5,5,3,1,0
0,1,0,28.35,1,0,0,1,0,0,1,0,0,2,2,3,0,2,4,5,6,1,0
1,0,0,25.85,0,0,0,1,0,0,1,0,0,2,30,30,0,1,4,6,5,1,0
1,1,0,30.11,0,0,0,1,0,0,1,0,1,2,15,3,0,2,10,6,10,1,0
1,0,0,31.32,0,0,0,1,0,0,1,0,0,2,30,30,0,2,10,6,10,1,0
1,0,0,28.06,0,0,0,1,0,0,1,0,0,2,30,2,0,1,2,5,10,1,0
1,1,0,28.75,0,0,0,1,0,0,1,0,0,2,3,30,0,1,3,6,11,1,0
1,0,0,37.11,1,0,0,1,0,0,1,0,0,2,30,30,0,2,2,4,6,1,0
1,0,0,21.52,1,0,0,0,0,0,1,0,0,1,30,30,1,1,12,4,3,1,0
1,0,0,23.75,1,0,0,0,0,0,1,0,0,3,30,30,0,1,10,3,6,1,0
1,1,0,21.73,0,0,0,1,0,0,1,0,0,2,30,30,0,2,10,6,11,1,0
1,1,0,27.4,0,0,0,1,0,0,1,0,0,4,30,25,0,2,6,6,6,1,0
1,0,0,39.16,1,0,0,1,0,0,1,0,0,2,30,30,0,1,10,6,6,1,0
1,1,0,27.44,0,0,0,1,0,0,1,0,0,2,30,30,0,2,10,5,5,1,0
1,1,0,24.69,0,0,0,1,0,0,1,0,0,3,10,5,0,2,6,4,6,1,0
1,0,0,34.34,0,0,0,1,0,0,1,0,0,3,30,21,0,2,1,3,6,1,0
1,0,0,25.68,1,0,0,1,0,0,1,0,0,2,30,2,0,1,10,5,5,1,0
1,0,0,27.4,0,0,0,0,0,0,1,0,0,2,3,30,0,2,13,6,6,1,0
1,0,0,24.24,0,0,0,0,0,0,1,0,0,3,30,30,0,2,10,6,6,1,0
1,0,0,27.89,1,0,0,1,0,0,1,0,0,2,30,30,0,1,11,6,10,1,0
1,0,0,33.45,0,0,0,1,0,0,1,0,0,2,30,30,0,2,10,5,11,1,0
1,1,0,27.4,1,0,0,1,0,0,1,0,0,2,30,30,0,2,10,4,6,1,0
1,0,0,34.58,0,0,0,1,0,0,1,0,0,3,2,6,0,1,6,5,6,1,0
1,0,0,30.13,1,0,0,1,0,0,1,0,0,3,30,2,0,1,10,6,10,1,0
1,0,0,26.15,0,0,0,0,0,0,1,0,0,2,30,2,0,1,13,6,6,1,0
1,1,0,20.12,1,0,0,1,0,0,1,0,0,3,30,30,0,2,11,4,6,1,0
1,0,0,23.75,1,0,0,1,0,0,1,0,0,2,30,30,0,1,12,4,6,1,0
1,1,0,29.05,0,0,0,1,0,0,1,0,0,2,15,30,0,2,6,5,6,1,0
1,0,0,21.23,1,0,0,1,0,0,1,0,1,3,30,30,0,1,10,5,4,1,0
1,0,0,28.25,0,0,0,0,0,0,0,0,0,4,3,30,0,2,3,3,6,1,0
1,0,0,27.82,1,0,0,0,0,0,1,0,1,1,30,30,0,2,10,5,6,1,0
1,0,0,27.7,1,0,0,1,0,0,1,0,0,2,30,30,0,2,10,4,6,1,0
1,0,0,30.79,0,0,0,1,0,0,1,0,0,4,30,30,1,2,3,5,1,1,0
1,1,0,26.58,1,0,0,1,0,0,1,0,1,3,30,30,0,1,5,2,5,1,0
1,0,0,21.26,1,0,0,0,0,0,1,0,0,1,30,30,0,2,13,6,6,1,0
1,0,0,33.28,0,0,0,1,0,0,0,0,0,3,30,1,1,1,6,5,6,1,0
1,1,0,32.1,0,0,0,0,0,0,1,0,0,2,30,30,0,1,6,4,6,1,0
1,0,0,27.4,0,0,0,1,0,0,1,0,0,2,30,30,0,2,10,5,3,1,0
1,0,1,27.89,0,0,0,1,0,0,1,0,0,1,30,30,0,1,3,3,6,1,0
1,0,0,36.14,1,0,0,1,0,0,1,0,0,2,30,30,0,1,10,4,6,1,0
1,0,0,25.09,0,0,0,1,0,0,1,0,0,2,30,30,0,1,12,6,6,1,0
1,0,0,33.2,0,0,0,1,0,0,1,0,0,1,30,30,0,2,10,4,5,1,0
1,1,0,28.19,0,0,0,1,0,0,1,0,0,3,30,30,0,2,6,5,5,1,0
1,0,0,27.62,1,0,0,0,0,0,1,0,0,2,30,6,1,2,10,5,5,1,0
1,0,0,25.39,0,0,0,1,0,0,1,0,0,3,2,2,0,2,10,4,6,1,0
1,0,0,21.52,0,0,0,0,0,0,1,0,0,1,30,30,0,1,2,6,6,1,0
1,1,0,21.52,0,0,0,1,0,0,1,0,0,2,30,30,0,1,10,6,6,1,0
1,0,1,25.77,0,0,0,0,0,0,1,0,0,3,1,10,0,2,11,6,6,1,0
1,1,0,27.98,1,0,0,1,0,0,1,0,0,2,30,30,0,2,11,5,10,1,0
1,0,0,27.89,1,0,0,1,0,0,1,0,0,1,5,30,0,1,4,4,6,1,0
1,1,0,25.06,1,0,0,1,0,0,1,0,0,2,30,30,0,1,11,5,6,1,0
1,0,0,23.75,1,0,0,1,0,0,1,0,0,1,30,30,0,1,12,6,6,1,0
1,1,0,28.35,0,0,0,0,0,0,0,0,0,2,30,30,1,1,10,5,6,1,0
1,1,0,27.4,1,0,0,1,0,0,1,0,0,2,3,30,0,1,10,6,6,1,0
1,1,0,32.55,0,0,0,1,0,0,1,0,0,3,30,30,0,1,6,6,10,1,0
1,0,0,27.4,0,0,0,1,0,0,1,0,0,2,2,30,1,2,12,6,6,1,0
1,0,0,32.28,0,0,0,0,0,0,1,0,0,2,30,30,0,2,12,6,6,1,0
1,1,0,28.7,0,0,0,1,0,0,1,0,0,2,30,30,0,1,10,5,11,1,0
1,0,0,26.39,0,0,0,1,0,0,1,0,0,2,30,3,0,2,12,6,6,1,0
1,0,0,26.58,0,0,0,1,0,0,1,0,1,2,5,30,0,1,10,5,6,1,0
1,1,0,28.62,1,0,0,1,0,0,1,0,0,2,30,30,0,2,10,6,11,1,0
1,1,0,29.79,0,0,0,1,0,0,1,0,0,4,4,3,0,2,2,6,6,1,0
1,1,0,17.79,0,0,0,0,0,0,1,0,1,2,30,5,0,2,6,4,3,1,0
1,0,0,28.0,0,0,0,1,0,0,1,0,0,2,30,30,1,1,11,6,6,1,0
1,1,0,29.52,0,0,0,1,0,0,1,0,0,2,30,30,0,2,10,5,10,1,0
1,0,1,27.4,0,1,0,0,0,0,1,0,0,4,30,30,0,1,4,5,6,1,0
1,0,0,34.97,0,0,0,1,0,0,1,0,0,1,30,30,0,1,11,4,6,1,0
1,1,0,24.21,0,0,0,1,0,0,1,0,0,1,30,30,1,2,13,4,6,1,0
1,0,0,27.2,1,0,0,1,0,0,1,0,0,3,5,10,0,1,10,5,5,1,0
1,0,1,26.15,1,0,0,1,0,0,1,0,1,3,30,4,1,1,13,6,3,1,0
1,0,0,31.09,0,0,0,0,0,0,1,0,0,2,30,30,0,2,12,5,6,1,0
1,0,0,28.84,1,0,0,1,0,0,1,0,0,2,30,30,0,2,10,6,6,1,0
1,1,0,20.92,0,0,0,1,0,0,1,0,0,2,30,30,0,1,10,4,2,1,0
1,1,0,25.85,0,0,0,1,0,0,1,0,0,1,30,30,0,1,10,6,6,1,0
1,0,0,27.4,0,0,0,1,0,0,1,0,0,2,30,30,0,2,11,5,5,1,0
1,1,0,37.12,1,0,0,1,0,0,1,0,0,2,30,30,0,2,5,5,6,1,0
1,0,1,43.33,0,0,0,1,0,0,1,0,0,3,15,5,0,2,1,4,6,1,0
1,1,0,24.71,1,0,0,0,0,0,1,0,0,2,30,5,0,1,10,6,10,1,0
1,0,0,33.0,0,0,0,1,0,0,1,0,0,2,30,30,0,1,10,6,6,1,0
1,0,0,24.91,0,0,0,0,0,0,1,0,1,3,20,30,0,2,4,6,3,1,0
1,0,0,31.32,0,0,0,1,0,0,1,0,0,4,30,30,1,2,6,4,6,1,0
1,0,0,27.4,0,0,0,0,0,0,1,0,0,1,1,4,0,2,10,6,6,1,0
1,1,0,29.37,0,0,0,1,0,0,1,0,0,3,2,2,0,1,4,4,6,1,0
1,1,0,32.08,0,0,0,0,0,0,1,0,0,2,10,30,0,1,6,6,6,1,0
1,1,0,25.69,0,0,0,1,0,0,1,0,0,2,30,30,0,1,11,6,6,1,0
1,0,0,23.34,0,0,0,1,0,0,1,0,0,3,30,30,1,2,12,5,10,1,0
1,0,0,23.67,1,0,0,1,0,0,1,0,0,2,30,2,0,1,10,4,6,1,0
1,0,0,23.12,1,0,0,0,0,0,1,0,0,2,30,30,0,1,10,6,6,1,0
1,1,0,30.18,1,0,0,1,0,0,1,0,0,1,30,30,0,2,11,5,6,1,0
1,0,0,31.62,0,0,0,1,0,0,1,0,0,3,30,1,0,2,10,6,6,1,0
1,0,1,32.89,1,0,0,0,0,0,1,0,0,3,30,30,0,2,5,5,6,1,0
1,0,0,42.57,1,0,0,1,0,0,1,0,1,3,30,2,0,2,3,4,2,1,0
1,0,0,28.27,1,0,0,1,0,0,1,0,0,2,30,30,0,2,11,6,6,1,0
1,0,0,25.84,0,0,0,1,0,0,1,0,0,3,15,30,0,1,13,6,6,1,0
1,0,0,37.5,0,0,0,1,0,0,1,0,0,2,30,30,0,1,11,6,10,1,0
1,0,0,27.89,0,0,0,1,0,0,1,0,0,2,1,30,0,1,10,6,6,1,0
1,0,0,27.89,0,0,0,1,0,0,1,0,0,3,30,30,0,1,3,4,6,1,0
1,0,0,22.31,0,0,0,1,0,0,1,0,0,2,30,30,0,2,10,5,6,1,0
1,1,0,27.4,0,0,0,1,0,0,1,0,0,2,30,30,0,2,10,6,6,1,0
1,1,0,23.63,0,0,0,1,0,0,1,0,0,2,30,30,1,1,5,2,6,1,0
1,1,0,29.05,1,0,0,1,0,0,1,0,0,3,30,30,0,2,5,6,10,1,0
1,1,0,25.73,0,0,0,1,0,0,1,0,0,2,30,30,0,1,10,6,6,1,0
1,1,0,28.62,1,0,0,1,0,0,1,0,0,3,30,14,0,2,5,6,6,1,0
1,0,0,27.4,0,0,0,1,0,0,1,0,0,3,30,30,1,2,11,5,6,1,0
1,0,0,34.67,0,0,0,1,0,0,1,0,0,3,30,30,0,1,4,6,6,1,0
1,0,0,29.84,0,0,0,1,0,0,1,0,0,3,30,30,0,1,10,6,6,1,0
1,1,0,23.0,1,0,1,1,0,0,1,0,0,2,30,30,0,2,10,6,10,1,0
1,0,0,28.97,0,0,0,1,0,0,1,0,0,2,1,30,0,1,10,6,6,1,0
1,0,0,27.4,0,0,0,1,0,0,1,0,0,3,30,30,1,2,10,4,3,1,0
1,1,0,15.12,0,0,0,1,0,0,1,0,1,4,30,30,0,2,4,4,4,1,0
1,0,0,29.13,0,0,0,0,0,0,1,0,0,2,30,30,0,1,13,6,6,1,0
1,0,0,34.96,0,0,0,1,0,0,1,0,0,2,30,30,0,1,10,6,6,1,0
1,1,0,24.01,0,0,0,1,0,0,1,0,0,1,30,30,0,1,11,4,5,1,0
1,1,0,30.87,0,0,0,1,0,0,1,0,0,1,30,30,0,1,10,4,6,1,0
1,1,0,27.89,0,0,0,1,0,0,1,0,0,1,30,30,0,1,11,6,6,1,0
1,0,0,16.82,1,0,0,1,0,0,1,0,1,4,30,30,0,1,10,6,6,1,0
1,0,0,25.85,0,0,0,1,0,0,1,0,0,3,2,2,0,1,12,5,6,1,0
1,0,0,24.68,1,0,0,1,0,0,1,0,0,3,30,30,0,1,10,5,11,1,0
1,0,0,25.84,0,0,0,1,0,0,1,0,0,2,30,30,0,1,13,4,6,1,0
1,1,0,31.28,0,0,0,1,0,0,1,0,0,1,30,30,0,1,11,5,6,1,0
1,0,1,33.13,0,0,0,1,0,0,1,0,1,4,3,30,0,2,10,4,3,1,0
1,0,0,33.29,0,0,0,1,0,0,1,0,0,2,3,10,1,2,11,6,6,1,0
1,0,0,27.62,1,0,0,1,0,0,1,0,0,2,30,30,0,2,10,4,6,1,0
1,0,1,27.12,1,0,0,1,0,0,1,0,0,3,30,30,0,1,12,4,6,1,0
1,0,0,27.4,1,0,0,1,0,0,1,0,0,4,30,30,0,2,10,5,6,1,0
1,0,0,26.63,0,0,0,1,0,0,1,0,0,2,30,30,0,1,2,5,6,1,0
1,0,0,24.55,1,0,0,1,0,0,1,0,0,4,30,30,0,1,10,5,6,1,0
1,0,0,27.41,0,0,0,1,0,0,1,0,0,2,30,30,0,1,10,6,6,1,0
1,0,0,29.99,0,0,0,1,0,0,1,0,0,1,3,30,0,1,5,4,6,1,0
1,0,0,30.67,1,0,0,1,0,0,1,0,0,3,30,30,0,2,10,5,5,1,0
1,0,0,33.47,0,0,0,1,0,0,1,0,0,1,30,30,0,1,11,6,6,1,0
1,1,0,32.55,0,0,0,1,0,0,1,0,0,3,15,30,0,1,5,5,6,1,0
1,0,0,31.25,0,0,0,1,0,0,1,0,0,2,30,5,0,2,11,4,6,1,0
1,1,0,28.13,0,0,0,1,0,0,1,0,0,2,30,30,0,1,10,6,6,1,0
1,0,0,25.38,0,0,0,1,0,0,1,0,0,2,30,30,0,1,6,6,11,1,0
1,0,0,31.75,1,0,0,1,0,0,1,0,0,2,30,30,0,1,12,6,11,1,0
1,0,0,23.75,1,0,0,0,0,0,1,0,0,3,30,30,0,1,10,4,6,1,0
1,0,0,27.46,0,0,0,1,0,0,1,0,0,3,30,30,0,2,13,6,6,1,0
0,0,0,30.27,1,0,0,1,0,0,1,0,0,1,30,30,0,2,6,6,6,1,0
1,1,0,29.57,1,0,1,1,0,0,1,0,0,2,2,30,0,2,10,6,11,1,0
1,0,0,27.4,0,0,0,1,0,0,1,0,0,2,30,30,0,2,2,6,6,1,0
1,0,0,28.32,0,0,0,1,0,0,1,0,0,4,10,30,0,2,10,5,6,1,0
1,0,0,27.81,0,0,0,1,0,0,1,0,0,3,10,10,0,2,11,5,6,1,0
1,0,1,25.82,0,0,0,0,0,0,1,0,0,2,30,1,0,2,12,6,6,1,0
1,1,0,28.29,1,0,0,1,0,0,1,0,0,2,30,30,0,2,10,5,5,1,0
1,0,0,25.79,0,0,0,1,0,0,1,0,0,1,30,30,0,2,10,6,6,1,0
1,1,0,23.63,0,0,0,1,0,0,1,0,0,3,3,1,0,1,10,6,10,1,0
1,0,0,25.09,0,0,0,0,0,0,1,0,0,3,30,30,0,1,4,4,6,1,0
1,0,0,27.4,0,0,0,1,0,0,1,0,0,3,30,30,0,2,10,4,6,1,0
1,1,0,27.4,1,0,0,1,0,0,1,0,0,2,30,30,1,2,10,6,6,1,0
1,0,0,30.54,0,0,0,1,0,0,1,0,0,2,30,30,0,2,13,6,6,1,0
1,1,0,27.29,0,0,0,1,0,0,1,0,0,2,15,30,0,2,10,5,6,1,0
1,0,0,27.4,0,0,0,0,0,0,1,0,0,3,30,30,0,2,10,4,6,1,0
1,1,0,29.7,1,0,0,1,0,0,1,0,0,2,30,30,0,2,10,5,6,1,0
1,0,0,27.6,0,0,0,1,0,0,1,0,0,2,30,30,0,1,13,6,6,1,0
1,0,0,27.4,1,0,0,0,0,0,1,0,0,3,15,15,0,1,10,5,4,1,0
1,0,0,21.61,0,1,0,1,0,0,1,0,0,2,30,30,0,2,12,5,10,1,0
1,0,0,36.01,1,0,0,1,0,0,0,0,0,3,4,2,0,1,5,4,5,1,0
1,1,0,26.14,1,0,1,1,0,0,1,0,0,2,30,30,0,1,10,6,11,1,0
0,1,0,22.46,1,0,0,1,0,0,1,0,0,2,30,30,1,2,10,4,6,1,0
1,0,0,21.29,0,1,0,0,0,0,1,0,0,3,30,3,0,1,11,6,6,1,0
1,0,0,23.81,1,0,0,1,0,0,1,0,0,3,30,30,0,1,12,5,6,1,0
1,1,0,25.29,0,0,0,1,0,0,1,0,0,3,30,30,0,2,10,6,11,1,0
1,0,0,31.09,0,0,0,1,0,0,1,0,0,2,30,30,0,2,10,6,6,1,0
1,0,0,27.4,0,0,0,1,0,0,1,0,1,4,22,15,0,2,3,6,10,1,0
1,0,0,25.75,0,0,0,1,0,0,1,0,0,2,5,30,0,2,10,6,6,1,0
1,0,0,24.96,0,0,0,1,0,0,1,0,0,2,30,4,0,2,6,6,11,1,0
1,1,0,24.31,1,0,0,1,0,0,1,0,0,3,30,30,0,1,6,6,5,1,0
1,1,0,30.23,0,0,0,1,0,0,1,0,0,3,30,30,0,2,6,6,6,1,0
1,1,0,32.77,0,0,0,1,0,0,1,0,0,3,15,3,0,2,5,6,6,1,0
1,0,0,24.37,0,0,0,1,0,0,1,0,0,1,30,30,0,1,10,6,11,1,0
1,0,0,24.93,1,0,0,1,0,0,1,0,0,3,30,30,0,1,10,6,6,1,0
1,0,0,20.92,1,0,0,1,0,0,1,0,1,3,25,10,0,1,10,5,6,1,0
1,0,0,22.89,0,0,0,1,0,0,1,0,0,2,30,30,0,1,11,6,11,1,0
1,0,0,32.01,0,0,0,1,0,0,1,0,0,3,30,30,0,2,10,6,6,1,0
1,0,0,27.4,0,0,0,1,0,0,1,0,0,2,30,30,0,2,11,6,6,1,0
1,0,0,27.4,1,0,0,1,0,0,1,0,0,3,10,3,0,2,10,6,11,1,0
1,0,0,30.0,0,0,0,1,0,0,1,0,0,3,30,2,0,1,1,3,6,1,0
1,0,0,21.41,0,0,0,1,0,0,1,0,0,2,10,30,0,1,1,4,6,1,0
1,0,0,31.65,1,0,0,0,0,0,1,0,0,3,10,3,0,1,6,4,6,1,0
1,0,0,24.41,1,0,0,1,0,0,1,0,0,3,2,30,0,1,10,6,11,1,0
1,0,0,31.83,1,0,0,1,0,0,1,0,0,3,1,30,0,2,12,6,5,1,0
1,0,0,29.29,0,0,0,1,0,0,1,0,0,3,30,30,0,2,10,4,6,1,0
1,1,0,26.96,0,0,0,1,0,0,1,0,1,2,2,5,0,1,10,5,6,1,0
1,1,0,23.81,1,0,0,1,0,0,1,0,0,2,10,4,0,1,12,6,5,1,0
1,0,0,19.21,0,0,1,0,0,0,0,0,0,4,3,10,1,1,10,4,6,1,0
1,0,0,27.4,0,0,0,0,0,0,1,0,0,2,15,30,0,2,10,6,6,1,0
1,0,0,27.4,0,0,0,1,0,0,1,0,0,1,30,2,0,2,10,4,11,1,0
1,0,0,25.85,1,0,0,1,0,0,1,0,0,3,30,30,0,1,10,6,6,1,0
1,0,0,40.25,1,0,0,1,0,0,1,0,0,3,3,15,0,1,6,5,10,1,0
1,0,0,27.17,1,0,0,1,0,0,1,0,0,3,3,30,0,1,10,3,6,1,0
1,1,0,28.34,0,0,0,1,0,0,1,0,0,3,30,30,0,2,6,4,6,1,0
1,0,0,25.2,1,0,0,1,0,0,1,0,0,3,3,30,1,1,13,6,10,1,0
1,0,0,29.12,0,0,0,1,0,0,1,0,0,2,30,30,0,2,10,5,6,1,0
1,1,0,19.97,1,0,0,0,0,0,1,0,0,5,30,30,0,2,5,6,11,1,0
1,1,0,27.81,0,0,0,1,0,0,1,0,0,2,30,30,0,2,4,4,6,1,0
1,0,0,24.01,0,0,0,1,0,0,1,0,0,3,30,30,0,1,4,5,2,1,0
1,0,0,24.41,1,0,0,1,0,0,1,0,0,2,30,30,0,1,10,6,11,1,0
1,0,0,27.4,0,0,0,1,0,0,1,0,0,3,2,30,1,2,13,6,6,1,0
1,0,0,23.78,1,0,0,1,0,0,1,0,0,2,30,30,0,1,12,2,5,1,0
1,0,0,34.2,0,0,0,0,0,0,1,0,0,4,2,30,0,2,4,5,6,1,0
1,1,0,27.4,0,0,0,1,0,0,1,0,0,2,30,30,0,2,5,5,6,1,0
1,0,0,20.37,0,0,0,1,0,0,1,0,0,1,30,30,0,2,13,4,3,1,0
1,1,0,23.11,1,0,0,1,0,0,1,0,0,1,30,30,0,1,13,6,6,1,0
1,1,0,31.57,0,0,0,1,0,0,1,0,0,3,30,30,0,1,5,6,11,1,0
1,0,0,20.92,1,0,0,1,0,0,1,0,0,3,30,30,0,1,11,5,5,1,0
1,0,0,27.4,0,0,0,1,0,0,1,0,0,1,30,30,0,1,10,6,6,1,0
1,1,0,26.09,1,0,0,1,0,0,1,0,0,1,30,30,0,2,12,6,6,1,0
1,0,0,25.85,1,0,0,0,0,0,1,0,0,3,30,30,0,1,10,5,6,1,0
1,0,0,24.78,0,0,1,1,0,0,1,0,0,3,30,2,0,1,11,6,11,1,0
1,0,0,27.4,1,0,0,1,0,0,1,0,0,2,30,30,0,1,5,6,6,1,0
1,0,0,27.12,0,0,0,1,0,0,1,0,0,3,30,30,0,1,10,6,6,1,0
1,0,0,29.7,0,0,0,1,0,0,1,0,0,3,2,30,0,1,10,6,11,1,0
1,0,0,24.63,0,0,0,1,0,0,1,0,0,4,2,30,0,2,6,5,6,1,0
1,1,0,22.31,0,0,0,1,0,0,1,0,0,1,30,10,0,1,12,6,10,1,0
1,0,0,29.43,0,1,0,1,0,0,1,0,0,2,30,30,0,1,10,4,6,1,0
1,0,0,27.32,1,0,0,1,0,0,1,0,0,2,30,30,0,1,11,6,6,1,0
1,0,0,27.4,0,0,0,1,0,0,1,0,0,3,30,30,0,2,10,6,6,1,0
1,0,0,27.4,0,0,0,0,0,0,1,0,0,3,30,30,0,2,10,5,5,1,0
1,0,0,25.75,0,0,0,1,0,0,1,0,0,3,30,30,0,2,10,4,6,1,0
1,0,0,29.84,0,0,0,1,0,0,1,0,0,3,30,30,0,1,10,6,6,1,0
1,0,0,27.4,1,0,0,0,0,0,1,0,0,2,30,30,0,2,10,5,6,1,0
1,1,0,21.46,0,0,1,1,0,0,1,0,0,1,30,1,0,1,11,6,6,1,0
1,0,0,50.21,1,0,0,1,0,0,1,0,0,3,28,30,0,2,3,5,6,1,0
1,0,0,27.98,1,0,0,1,0,0,1,0,0,2,30,14,0,1,11,4,3,1,0
1,0,0,21.46,0,0,0,1,0,0,1,0,0,2,30,30,0,2,12,5,6,1,0
1,0,0,26.63,1,0,0,1,0,0,1,0,0,4,30,30,1,1,6,4,6,1,0
1,0,0,22.6,1,0,0,1,0,0,1,0,0,2,2,30,0,2,10,6,6,1,0
1,1,0,27.62,0,0,0,1,0,0,1,0,0,2,3,30,0,1,10,6,6,1,0
1,0,0,34.7,0,0,0,0,0,0,1,0,0,2,5,30,0,2,10,4,6,1,0
1,1,0,25.0,0,0,0,1,0,0,1,0,0,3,30,30,0,2,10,6,6,1,0
1,0,0,27.4,0,1,0,1,0,0,1,0,1,1,30,30,0,2,13,4,4,1,0
1,0,0,31.25,1,0,0,1,0,0,1,0,0,2,30,30,0,1,6,5,10,1,0
1,0,0,23.91,0,0,0,1,0,0,1,0,0,2,30,30,0,2,3,6,6,1,0
1,0,0,45.19,0,0,0,1,0,0,1,0,0,3,20,30,0,1,2,5,6,1,0
1,0,0,18.3,0,1,0,1,0,0,1,0,0,2,30,30,0,2,13,3,6,1,0
1,0,0,35.43,0,0,0,1,0,0,1,0,0,3,20,30,0,2,5,6,10,1,0
1,0,0,20.98,0,0,0,1,0,0,1,0,0,2,30,30,0,2,13,6,6,1,0
1,0,0,29.68,0,0,0,1,0,0,1,0,0,2,30,30,0,1,10,4,5,1,0
1,0,0,27.87,1,0,0,1,0,0,1,0,0,2,30,30,0,1,11,6,11,1,0
1,0,0,26.11,1,0,0,1,0,0,1,0,0,3,30,20,0,1,10,5,6,1,0
1,0,0,22.47,1,0,0,1,0,0,1,0,0,2,30,30,0,1,11,5,6,1,0
1,0,0,23.4,0,0,0,1,0,0,1,0,0,3,30,30,0,1,13,6,6,1,0
1,0,0,37.79,0,0,0,1,0,0,1,0,0,2,30,30,0,2,10,4,6,1,0
1,0,0,27.6,0,1,0,1,0,0,1,0,0,3,5,30,0,1,10,5,6,1,0
1,0,0,21.13,0,1,0,1,0,0,1,0,0,4,2,4,1,2,10,5,6,1,0
1,0,0,30.18,1,0,0,1,0,0,1,0,0,3,30,30,0,2,5,5,6,1,0
1,0,0,27.4,0,0,0,1,0,0,1,0,0,1,30,30,1,2,14,5,6,1,0
1,0,0,21.63,1,0,0,0,0,0,1,0,0,3,30,30,0,2,6,5,6,1,0
1,1,0,34.73,1,0,0,1,0,0,0,0,0,2,30,30,0,1,10,4,6,1,0
1,1,0,30.47,0,0,0,1,0,0,1,0,0,1,1,30,0,2,11,6,6,1,0
1,0,0,29.62,0,0,0,1,0,0,1,0,0,2,30,30,0,2,10,6,10,1,0
1,0,0,23.18,0,0,0,1,0,0,1,0,0,2,5,30,0,2,5,6,10,1,0
1,0,0,29.29,1,0,0,1,0,0,0,0,0,3,30,30,0,1,4,6,11,1,0
1,1,0,22.5,1,0,0,1,0,0,1,0,0,2,30,30,0,2,6,6,6,1,0
1,0,0,25.8,0,0,0,1,0,0,1,0,0,3,15,1,0,1,10,6,6,1,0
1,0,1,29.43,0,1,0,0,0,0,1,0,0,3,30,30,1,1,10,4,5,1,0
1,1,0,21.48,0,0,0,1,0,0,1,0,1,3,30,3,0,2,10,6,6,1,0
1,0,0,28.25,0,0,0,1,0,0,1,0,0,3,30,30,0,1,10,5,10,1,0
1,1,0,31.66,1,0,0,1,0,0,1,0,0,3,5,2,0,2,6,5,6,1,0
1,0,0,29.54,1,0,0,1,0,0,1,0,0,3,30,30,0,2,5,6,6,1,0
1,0,0,29.29,0,0,0,1,0,0,1,0,0,2,30,30,0,2,13,5,6,1,0
1,0,0,26.52,0,0,0,1,0,0,1,0,0,4,30,30,0,2,10,6,6,1,0
1,0,0,29.99,1,0,0,1,0,0,1,0,0,2,30,30,0,1,10,4,6,1,0
1,0,0,23.09,1,0,0,1,0,0,1,0,0,2,30,30,0,1,10,4,6,1,0
1,1,0,21.3,1,0,0,1,0,0,1,0,0,3,30,30,0,2,10,4,6,1,0
1,1,0,27.96,1,0,0,1,0,0,1,0,0,2,30,1,0,2,10,6,6,1,0
1,0,0,36.52,0,0,0,0,0,0,1,0,0,3,4,3,0,2,2,6,6,1,0
1,0,0,29.29,0,0,0,1,0,0,1,0,0,2,30,3,0,2,11,5,6,1,0
1,0,0,28.13,1,0,0,1,0,0,1,0,0,2,30,30,0,2,10,4,10,1,0
1,1,0,23.49,0,0,0,1,0,0,1,0,1,2,1,30,0,2,4,6,6,1,0
1,0,0,29.07,0,0,0,1,0,0,1,0,1,2,1,2,0,1,5,2,5,1,0
1,0,0,31.19,0,0,0,1,0,0,1,0,0,3,2,2,0,1,10,6,5,1,0
1,0,0,21.79,1,0,0,0,0,0,1,0,0,2,30,1,0,1,13,6,6,1,0
1,0,0,27.4,0,0,0,0,0,0,1,0,0,2,30,30,0,2,10,6,6,1,0
1,0,0,26.93,1,0,0,1,0,0,0,0,0,3,2,3,0,2,10,5,6,1,0
1,1,0,30.71,0,0,0,1,0,0,1,0,0,2,2,1,0,2,10,5,6,1,0
1,0,0,28.8,0,0,0,1,0,0,1,0,0,2,30,5,0,1,13,6,6,1,0
1,0,0,23.81,0,0,0,0,0,0,1,0,0,1,4,28,0,2,12,6,6,1,0
1,0,0,30.41,1,0,0,1,0,0,1,0,0,2,30,30,1,1,10,6,6,1,0
1,0,0,27.4,1,0,1,1,0,0,1,0,0,3,30,10,0,1,10,6,6,1,0
1,0,0,27.96,0,0,0,1,0,0,1,0,0,3,30,10,1,2,10,6,2,1,0
1,1,0,24.21,0,0,0,1,0,0,1,0,0,3,4,30,0,2,10,5,6,1,0
1,1,0,25.8,1,0,0,1,0,0,1,0,0,2,30,30,0,1,6,5,6,1,0
1,0,0,22.16,0,1,0,1,0,0,1,0,0,3,30,30,1,1,10,5,6,1,0
1,0,0,24.8,0,0,0,0,0,0,1,0,0,3,30,30,0,2,10,6,6,1,0
1,0,0,28.97,1,0,0,1,0,0,1,0,0,3,30,30,0,1,10,5,4,1,0
1,0,0,23.3,0,0,0,0,0,0,1,0,0,1,30,30,0,2,10,2,3,1,0
1,0,0,36.05,0,0,0,1,0,0,1,0,0,2,30,30,0,2,10,6,6,1,0
1,1,0,30.79,0,0,0,1,0,0,1,0,0,2,30,10,0,2,10,6,6,1,0
1,0,0,27.46,0,0,0,1,0,0,1,0,0,3,30,2,0,2,1,5,5,1,0
1,0,0,23.75,1,0,0,1,0,0,1,0,0,3,30,30,0,1,11,6,6,1,0
1,0,0,36.92,1,0,0,1,0,0,1,0,0,2,3,30,0,2,4,4,10,1,0
1,1,0,26.39,1,0,0,1,0,0,1,0,0,1,30,30,0,1,10,4,5,1,0
1,0,0,26.93,0,0,0,1,0,0,1,0,1,3,30,2,0,2,10,4,6,1,0
1,0,0,35.62,1,0,0,1,0,0,1,0,0,3,2,30,0,1,2,5,6,1,0
1,0,0,27.44,1,0,0,1,0,0,1,0,0,2,30,30,0,2,11,6,5,1,0
1,0,0,24.37,0,0,0,1,0,0,1,0,0,1,30,30,0,1,12,6,6,1,0
1,1,0,24.19,0,0,0,1,0,0,1,0,0,1,30,30,0,2,12,6,6,1,0
1,0,0,28.19,1,0,0,1,0,0,1,0,0,3,30,30,0,2,10,4,6,1,0
1,0,0,29.03,0,0,0,1,0,0,1,0,0,3,30,30,0,1,10,6,6,1,0
1,0,0,29.29,1,1,0,0,0,0,1,0,0,2,4,30,1,2,10,5,6,1,0
1,0,0,23.03,0,0,0,1,0,0,1,0,0,3,30,30,0,1,10,4,10,1,0
1,0,0,27.4,0,0,0,1,0,0,1,0,0,3,30,30,0,2,12,4,6,1,0
1,0,0,24.41,0,0,0,1,0,0,1,0,0,3,30,30,0,1,10,6,6,1,0
1,0,0,33.64,1,0,0,1,0,0,0,0,0,3,15,4,0,2,3,4,6,1,0
1,0,0,26.09,1,0,0,0,0,0,0,0,0,3,10,30,0,1,11,4,6,1,0
1,0,0,23.11,0,0,0,1,0,0,1,0,0,2,30,5,0,1,2,4,6,1,0
1,0,0,35.43,0,0,0,1,0,0,1,0,0,1,30,30,0,2,4,5,6,1,0
1,0,0,33.28,1,0,0,1,0,0,1,0,0,3,30,30,0,2,5,6,6,1,0
1,0,0,25.96,0,0,0,0,0,0,1,0,0,3,30,30,0,2,11,5,6,1,0
1,1,0,29.68,1,0,0,1,0,0,1,0,0,3,30,4,0,1,5,6,6,1,0
1,1,0,26.5,0,0,0,1,0,0,1,0,0,2,30,30,0,1,10,5,6,1,0
1,0,0,35.15,0,0,0,1,0,0,1,0,0,3,30,30,0,1,10,6,11,1,0
1,1,0,31.46,0,0,0,1,0,0,1,0,0,1,30,30,0,1,10,6,11,1,0
1,1,0,28.32,0,0,0,0,0,0,1,0,1,3,1,30,0,2,6,5,6,1,0
1,0,0,32.1,0,0,0,1,0,0,0,0,0,3,5,30,0,1,5,6,6,1,0
1,0,1,26.39,1,0,0,1,0,0,1,0,0,3,30,30,0,1,6,6,10,1,0
1,0,0,30.11,0,0,0,0,0,0,1,0,0,3,30,30,0,2,1,5,6,1,0
1,0,0,27.4,0,0,0,1,0,0,1,0,0,3,30,30,0,1,10,6,6,1,0
1,0,0,27.4,0,0,0,1,0,0,1,0,0,2,30,30,0,1,10,6,6,1,0
1,0,0,25.85,0,0,0,1,0,0,1,0,0,2,30,30,0,1,11,4,6,1,0
1,0,0,30.27,0,0,0,0,0,0,1,0,0,3,30,10,0,1,5,4,5,1,0
1,1,0,27.07,0,0,0,1,0,0,1,0,0,3,30,30,0,2,5,5,6,1,0
1,0,0,19.53,0,0,0,1,0,0,1,0,0,1,30,30,0,2,12,4,5,1,0
1,0,0,28.41,0,0,0,1,0,0,1,0,0,3,10,30,0,2,1,4,6,1,0
1,0,0,21.77,1,0,0,1,0,0,1,0,0,3,30,2,0,1,2,5,6,1,0
1,0,0,34.97,1,1,0,1,0,0,1,0,0,2,2,3,0,2,10,5,6,1,0
1,1,0,28.7,0,0,0,1,0,0,1,0,0,2,30,30,0,1,5,6,6,1,0
1,0,0,26.52,0,0,0,1,0,0,1,0,0,3,1,30,0,2,12,6,10,1,0
1,0,0,25.61,0,0,0,1,0,0,1,0,0,3,30,5,0,2,10,6,10,1,0
1,0,0,27.4,0,0,0,0,0,0,1,0,1,1,15,15,1,2,10,4,4,1,0
1,0,0,26.15,0,0,1,1,0,0,1,0,0,1,30,30,1,1,11,5,6,1,0
1,0,0,25.56,1,0,0,1,0,0,1,0,0,3,30,17,0,1,10,4,6,1,0
1,1,0,30.23,0,0,0,1,0,0,1,0,0,3,2,30,0,2,5,5,6,1,0
1,0,0,34.44,0,0,0,1,0,0,1,0,0,3,30,30,0,1,10,6,10,1,0
1,0,0,33.0,0,0,0,0,0,0,0,0,0,2,30,30,0,1,10,4,10,1,0
1,0,0,27.4,1,0,0,1,0,0,1,0,0,3,30,30,0,2,10,5,5,1,0
1,0,0,28.89,0,0,0,1,0,0,1,0,0,3,30,30,0,1,10,5,6,1,0
1,0,0,25.23,1,0,0,0,0,0,1,0,0,2,30,2,0,2,10,4,6,1,0
1,1,0,22.66,1,0,0,1,0,0,0,0,0,3,30,30,0,1,13,5,6,1,0
1,0,0,36.62,0,0,0,1,0,0,1,0,0,2,30,30,0,1,10,6,10,1,0
1,0,0,20.98,1,0,0,0,0,0,1,0,1,5,30,30,1,2,5,5,1,1,0
1,0,0,25.61,0,0,0,1,0,0,1,0,0,2,30,30,0,2,13,5,6,1,0
1,0,0,28.19,0,0,0,1,0,0,1,0,0,3,6,1,0,1,10,6,5,1,0
1,0,0,28.29,0,0,0,1,0,0,1,0,0,3,30,30,0,1,10,6,6,1,0
1,0,0,37.2,1,0,0,1,0,0,1,0,0,3,10,2,0,2,5,6,6,1,0
1,0,0,24.52,1,0,0,1,0,0,1,0,0,2,30,3,0,1,12,6,6,1,0
1,1,0,26.52,0,0,0,1,0,0,1,0,0,2,30,30,0,2,10,5,6,1,0
1,0,0,24.96,0,0,0,0,0,0,1,0,1,2,30,30,1,2,10,4,5,1,0
1,1,0,30.3,0,0,0,1,0,0,1,0,0,2,30,30,0,2,10,6,6,1,0
1,1,0,34.54,0,0,0,1,0,0,1,0,0,1,30,30,0,2,11,5,6,1,0
1,0,0,24.46,0,0,0,1,0,0,1,0,0,2,30,30,0,2,13,3,3,1,0
1,0,0,30.83,1,0,0,1,0,0,1,0,0,3,20,30,1,1,4,6,5,1,0
1,0,0,34.33,1,0,0,0,0,0,1,0,0,2,15,30,0,2,5,4,6,1,0
1,0,0,27.44,0,0,0,1,0,0,1,0,1,3,30,3,0,2,10,6,2,1,0
1,1,0,30.61,0,0,0,1,0,0,1,0,0,2,30,30,0,2,10,6,6,1,0
1,1,0,22.67,0,0,0,1,0,0,1,0,0,3,2,15,0,2,10,5,6,1,0
1,0,0,27.75,1,0,0,1,0,0,1,0,0,2,20,30,0,1,11,4,3,1,0
1,1,0,24.33,0,0,0,1,0,0,1,0,0,2,2,30,0,1,11,6,6,1,0
1,0,0,39.87,1,0,0,1,0,0,1,0,0,2,30,30,0,1,5,5,11,1,0
1,0,0,27.4,0,0,0,1,0,0,1,0,1,4,30,30,0,2,5,3,2,1,0
1,1,0,32.61,0,0,0,1,0,0,1,0,0,2,2,30,0,1,5,6,11,1,0
1,0,0,28.48,1,0,0,1,0,0,1,0,0,3,30,5,0,1,10,5,6,1,0
1,0,0,27.4,0,0,0,0,0,0,1,0,0,3,30,2,1,2,10,5,6,1,0
1,1,0,27.8,0,0,0,1,0,0,1,0,0,3,20,15,0,2,6,6,6,1,0
1,0,0,25.77,1,0,0,1,0,0,1,0,0,3,30,4,0,1,11,6,6,1,0
1,0,0,20.51,1,0,0,1,0,0,0,0,0,1,30,30,0,2,10,6,11,1,0
1,0,0,44.63,1,0,0,1,0,0,1,0,1,3,25,15,0,2,4,5,5,1,0
1,0,1,36.26,0,0,0,1,0,0,1,0,0,3,30,30,0,1,2,4,6,1,0
1,0,0,27.41,0,0,0,0,0,0,1,0,0,3,30,3,0,2,10,5,6,1,0
1,1,0,21.29,0,0,0,1,0,0,1,0,0,1,30,30,0,1,6,6,6,1,0
1,0,0,28.34,1,1,0,1,0,0,1,0,0,3,30,30,0,2,11,6,6,1,0
1,0,0,22.96,0,0,0,1,0,0,1,0,0,2,30,30,0,1,13,4,6,1,0
1,1,0,26.33,0,0,0,1,0,0,1,0,0,1,30,30,0,2,11,6,6,1,0
1,1,0,30.34,0,0,0,1,0,0,1,0,0,3,30,30,0,1,6,4,11,1,0
1,0,0,23.24,0,0,0,1,0,0,1,0,0,1,30,30,0,2,10,6,6,1,0
1,1,0,30.18,0,0,0,1,0,0,1,0,0,2,30,30,0,2,10,6,6,1,0
1,0,0,24.34,0,0,0,0,0,0,1,0,0,3,30,30,0,1,12,6,6,1,0
1,1,0,27.37,0,1,0,1,0,0,1,0,0,2,30,30,0,2,10,6,11,1,0
1,0,0,27.4,0,0,0,1,0,0,1,0,0,3,10,1,0,2,10,6,6,1,0
1,0,0,29.05,0,0,0,1,0,0,1,0,0,2,3,3,0,1,11,6,6,1,0
1,1,0,26.97,0,0,0,1,0,0,1,0,0,1,30,30,0,1,10,6,10,1,0
1,1,0,34.33,0,0,0,1,0,0,1,0,0,3,14,30,1,2,4,6,5,1,0
1,0,0,34.26,1,0,0,0,0,0,0,0,0,2,30,30,0,1,13,5,4,1,0
1,0,0,27.12,1,0,0,1,0,0,1,0,0,3,30,30,0,2,10,6,6,1,0
1,0,0,23.49,1,0,0,1,0,0,1,0,0,1,30,30,0,1,2,4,1,1,0
1,1,0,25.82,1,0,0,1,0,0,0,0,0,3,10,2,0,2,10,4,6,1,0
1,0,0,35.44,0,0,0,1,0,0,1,0,1,2,30,2,0,2,10,5,6,1,0
1,0,0,34.54,0,0,0,0,0,0,1,0,0,3,30,30,0,2,5,5,6,1,0
1,0,0,24.96,0,0,0,1,0,0,1,0,0,2,2,30,0,2,10,6,4,1,0
1,0,0,24.12,1,0,0,1,0,0,0,0,0,4,30,30,0,1,10,5,6,1,0
1,0,0,29.84,0,0,0,1,0,0,1,0,0,2,30,30,0,1,10,3,6,1,0
1,0,0,27.4,1,0,0,1,0,0,1,0,0,4,30,30,0,2,10,5,6,1,0
1,0,0,34.33,0,0,0,0,0,0,1,0,0,3,3,30,0,2,6,3,5,1,0
1,0,0,40.35,0,0,0,1,0,0,1,0,0,3,30,30,0,2,5,6,6,1,0
1,0,0,26.25,0,0,0,1,0,0,1,0,0,1,30,30,0,1,11,4,6,1,0
1,0,0,31.19,1,0,0,1,0,0,1,0,0,2,30,30,0,1,12,6,6,1,0
1,0,0,25.34,1,0,0,1,0,0,1,0,0,2,30,30,0,2,10,5,6,1,0
1,0,0,32.28,1,0,0,1,0,0,1,0,0,2,30,30,0,1,10,4,10,1,0
1,0,0,27.12,1,0,0,1,0,0,1,0,0,2,30,14,0,1,10,6,6,1,0
1,0,0,25.97,0,0,0,0,0,0,0,0,0,3,30,30,0,2,10,6,6,1,0
1,0,0,26.91,1,0,0,1,0,0,1,0,0,2,3,30,0,2,13,5,6,1,0
1,0,0,31.47,0,0,0,0,0,0,1,0,0,3,5,30,0,2,1,4,4,1,0
1,0,0,27.4,1,0,0,0,0,0,1,0,0,3,15,30,1,2,11,5,6,1,0
1,0,0,32.49,1,0,0,1,0,0,1,0,0,2,1,2,0,1,11,6,6,1,0
1,1,0,24.21,0,0,0,1,0,0,1,0,0,2,5,3,0,2,11,6,6,1,0
1,0,0,37.28,0,0,0,0,0,0,1,0,1,3,30,30,0,2,3,1,6,1,0
1,1,0,23.09,0,0,0,1,0,0,1,0,0,2,5,1,0,1,2,6,6,1,0
1,0,0,37.31,0,0,0,1,0,0,1,0,0,1,2,2,0,1,5,6,11,1,0
1,0,0,32.28,1,0,0,1,0,0,0,0,0,1,30,30,0,1,10,5,4,1,0
1,0,0,25.39,0,1,0,1,0,0,1,0,1,1,4,4,1,2,10,4,6,1,0
1,1,0,25.39,0,0,0,1,0,0,1,0,0,2,30,2,0,1,10,6,6,1,0
1,1,0,27.41,0,0,0,1,0,0,1,0,0,2,30,30,0,2,10,6,11,1,0
1,0,0,30.27,1,0,0,1,0,0,1,0,0,1,1,1,0,1,4,4,6,1,0
1,0,0,21.43,0,0,0,1,0,0,1,0,0,3,30,30,0,2,4,6,11,1,0
1,0,0,26.32,0,0,1,1,0,0,1,0,0,2,30,30,0,1,12,6,6,1,0
1,0,0,18.02,0,0,0,1,0,0,1,0,0,2,30,30,0,2,13,5,6,1,0
1,0,0,26.5,0,0,0,1,0,0,1,0,0,2,30,15,0,1,12,5,6,1,0
1,0,0,25.07,1,0,0,0,0,0,1,0,0,4,30,4,0,1,4,3,11,1,0
1,0,0,27.4,0,0,0,1,0,0,1,0,0,2,30,30,0,2,14,6,6,1,0
1,0,1,46.87,0,0,0,1,0,0,1,0,0,4,15,6,0,2,3,5,6,1,0
1,1,0,29.26,1,0,0,1,0,0,1,0,0,1,30,30,0,2,13,6,6,1,0
1,0,0,27.55,0,0,0,1,0,0,1,0,0,1,30,30,0,1,13,5,5,1,0
1,0,0,28.13,1,0,0,1,0,0,1,0,0,2,30,30,0,1,13,5,6,1,0
1,0,0,28.5,1,0,0,1,0,0,1,0,0,1,30,30,0,1,13,5,6,1,0
1,1,0,25.02,0,0,0,1,0,0,1,0,0,2,30,1,0,2,2,5,6,1,0
1,0,0,25.83,0,0,0,0,0,0,1,0,0,2,30,30,0,1,13,6,6,1,0
1,0,0,27.4,0,0,0,1,0,0,1,0,0,3,30,30,1,2,11,4,6,1,0
1,1,0,29.26,0,0,0,1,0,0,1,0,0,2,15,30,0,2,12,6,11,1,0
1,0,0,26.63,0,0,0,1,0,0,1,0,0,1,30,30,0,2,5,5,6,1,0
1,0,0,26.95,0,0,0,1,0,0,1,0,0,3,30,2,0,2,10,5,4,1,0
1,0,0,28.12,0,0,0,1,0,0,1,0,0,1,30,30,0,1,5,4,4,1,0
1,0,0,21.79,0,0,0,1,0,0,1,0,0,3,5,4,0,2,4,6,6,1,0
1,0,0,29.43,1,0,0,1,0,0,1,0,0,3,30,3,0,1,4,5,6,1,0
1,1,0,29.24,0,0,0,1,0,0,1,0,0,2,10,30,0,1,10,6,6,1,0
1,0,0,26.5,1,0,0,1,0,0,1,0,0,1,30,30,0,1,10,5,6,1,0
1,0,0,33.28,0,0,0,1,0,0,1,0,0,3,2,2,0,2,6,6,11,1,0
1,0,0,28.89,0,0,0,1,0,0,1,0,0,1,30,30,0,1,10,5,6,1,0
1,0,0,28.89,1,0,0,0,0,0,1,0,0,2,30,30,0,1,10,5,10,1,0
1,0,0,37.76,0,0,0,1,0,0,1,0,0,2,10,10,0,2,5,4,6,1,0
1,0,0,22.67,1,0,0,1,0,0,1,0,0,3,2,30,0,2,11,4,6,1,0
1,0,0,27.4,0,0,0,1,0,0,1,0,0,2,30,30,0,2,6,2,5,1,0
1,0,0,28.0,1,0,0,1,0,0,1,0,0,2,30,30,0,1,10,5,3,1,0
1,0,0,32.69,0,0,0,1,0,0,1,0,0,4,5,30,0,1,3,4,6,1,0
1,0,0,24.11,1,0,0,1,0,0,1,0,0,1,30,30,0,1,12,5,6,1,0
1,0,0,27.4,0,0,0,0,0,0,1,0,0,3,30,30,0,2,4,4,6,1,0
1,1,0,30.12,1,0,0,1,0,0,1,0,0,2,30,30,1,2,6,6,3,1,0
1,0,0,27.4,0,0,0,0,0,0,1,0,0,3,30,30,0,2,11,5,6,1,0
1,0,0,27.4,0,0,0,1,0,0,1,0,0,3,30,30,0,1,10,5,6,1,0
1,0,0,34.97,0,0,0,1,0,0,0,0,0,3,15,30,0,2,6,6,6,1,0
1,0,0,32.89,0,0,0,1,0,0,1,0,0,3,30,30,0,2,10,6,6,1,0
1,0,0,39.54,0,0,0,1,0,0,1,0,0,2,30,30,0,2,3,6,6,1,0
1,1,0,30.52,1,0,0,1,0,0,1,0,0,1,30,21,0,1,10,6,11,1,0
1,0,0,26.63,1,0,0,0,0,0,1,0,0,2,2,20,0,2,10,4,5,1,0
1,0,0,20.98,0,0,0,1,0,0,1,0,0,2,30,30,0,2,10,6,6,1,0
1,0,0,23.01,1,0,0,1,0,0,1,0,0,4,3,2,0,1,10,6,6,1,0
1,1,0,32.57,1,0,0,1,0,0,1,0,0,2,30,30,0,1,6,6,6,1,0
1,1,0,26.96,0,0,0,1,0,0,1,0,0,3,30,30,0,1,6,6,5,1,0
1,1,0,31.01,1,0,0,1,0,0,0,0,0,3,3,14,0,1,10,6,6,1,0
1,0,0,22.38,1,0,0,1,0,0,1,0,1,3,30,2,0,1,5,5,4,1,0
1,0,0,25.77,1,0,0,1,0,0,1,0,0,2,5,30,0,1,10,5,6,1,0
1,1,0,27.12,1,0,0,1,0,0,1,0,0,2,30,10,0,1,10,6,6,1,0
1,0,0,19.13,0,0,0,1,0,0,1,0,0,2,3,3,0,1,1,6,6,1,0
1,1,0,23.17,0,0,0,1,0,0,1,0,0,2,2,30,0,2,10,6,6,1,0
1,0,0,35.31,0,0,0,1,0,0,1,0,0,4,30,30,0,1,6,5,11,1,0
1,0,0,18.56,0,0,0,1,0,0,1,0,0,2,30,30,0,1,12,6,6,1,0
1,0,0,21.8,0,0,0,1,0,0,0,0,0,3,30,30,0,2,12,6,6,1,0
1,0,0,27.4,0,0,0,1,0,0,1,0,0,3,10,30,0,2,11,5,6,1,0
1,0,0,37.59,1,0,0,1,0,0,1,0,0,3,2,30,0,2,5,6,6,1,0
1,1,0,30.04,1,0,0,0,0,0,1,0,0,3,2,30,0,2,6,6,6,1,0
1,1,0,26.57,1,0,0,0,0,0,1,0,0,2,30,5,0,2,10,6,5,1,0
1,0,0,21.29,0,0,0,1,0,0,1,0,0,3,30,30,0,1,6,5,6,1,0
1,1,0,26.5,1,0,0,1,0,0,1,0,0,1,30,1,0,1,11,6,10,1,0
1,0,0,23.71,1,0,0,1,0,0,1,0,1,3,25,18,0,2,6,5,6,1,0
1,1,0,26.31,0,0,0,1,0,0,1,0,0,2,3,30,0,1,11,5,6,1,0
1,0,0,27.4,1,0,0,1,0,0,1,0,0,3,30,30,0,2,10,5,6,1,0
1,1,0,27.12,0,0,0,1,0,0,1,0,0,2,30,30,0,1,6,4,6,1,0
1,0,0,29.1,0,0,0,1,0,0,1,0,0,3,25,2,0,2,5,5,6,1,0
1,0,0,24.33,1,0,0,1,0,0,1,0,0,3,30,30,0,1,13,6,6,1,0
1,0,0,21.3,0,0,0,1,0,0,1,0,0,4,30,30,1,2,10,3,6,1,0
1,0,0,27.12,1,0,0,1,0,0,1,0,0,2,2,30,0,1,10,5,6,1,0
1,1,0,20.37,1,0,0,1,0,0,0,0,0,4,30,10,0,2,10,4,6,1,0
1,1,0,27.4,0,0,0,0,0,0,1,0,0,2,30,30,0,2,10,6,6,1,0
1,0,0,22.14,1,0,0,1,0,0,0,0,0,2,30,30,0,2,6,4,6,1,0
1,0,0,25.83,1,0,0,1,0,0,0,0,0,3,30,30,0,1,6,6,6,1,0
1,0,0,29.29,0,0,0,1,0,0,1,0,0,2,30,30,0,1,12,6,6,1,0
1,0,0,24.23,0,0,0,1,0,0,1,0,0,3,30,30,0,2,10,4,4,1,0
1,0,0,29.01,1,1,0,1,0,0,1,0,0,1,30,30,0,1,13,6,4,1,0
1,0,0,33.23,1,0,0,1,0,0,1,0,0,3,1,30,0,1,10,5,11,1,0
1,1,0,27.4,0,0,0,1,0,0,1,0,1,3,20,3,0,1,6,6,6,1,0
1,0,0,30.04,0,0,0,1,0,0,1,0,0,2,4,2,0,2,6,5,10,1,0
1,1,0,27.4,0,0,0,1,0,0,1,0,0,3,10,30,0,2,2,6,6,1,0
1,0,0,29.18,1,0,0,1,0,0,1,0,0,2,30,30,0,2,10,4,6,1,0
1,0,0,25.73,0,0,0,1,0,0,1,0,0,3,30,30,0,1,10,6,6,1,0
1,1,0,28.8,1,0,0,1,0,0,1,0,1,2,30,14,0,2,10,6,5,1,0
1,0,0,25.83,1,0,0,0,0,0,1,0,0,3,30,30,0,1,11,6,6,1,0
1,0,0,30.87,1,0,0,1,0,0,1,0,0,3,30,30,0,1,10,6,6,1,0
1,0,0,25.09,1,0,0,1,0,0,1,0,0,2,30,30,0,1,12,6,10,1,0
1,0,0,27.4,0,0,0,0,0,0,1,0,0,1,30,30,0,1,10,6,6,1,0
1,1,0,29.53,0,0,0,0,0,0,1,0,0,2,30,30,0,1,4,4,6,1,0
1,0,0,21.11,1,0,0,1,0,0,1,0,0,4,30,30,1,1,10,5,6,1,0
1,0,0,25.61,1,0,0,1,0,0,1,0,0,2,3,1,0,2,3,5,6,1,0
1,0,0,26.31,1,0,0,1,0,0,1,0,0,3,30,30,1,1,10,4,6,1,0
1,0,0,49.92,0,0,0,1,0,0,1,0,0,3,5,30,0,2,2,5,6,1,0
1,0,0,34.44,1,0,0,1,0,0,1,0,0,2,30,30,0,1,10,6,5,1,0
1,0,0,26.63,0,0,0,1,0,0,1,0,0,2,30,30,0,2,10,6,6,1,0
1,1,0,23.4,0,0,0,0,0,0,1,0,0,2,30,30,0,2,10,6,6,1,0
0,0,0,29.23,0,0,0,1,0,0,1,0,0,3,10,4,0,2,6,6,6,1,0
1,0,0,23.62,1,0,0,0,0,0,1,0,0,4,30,30,1,2,5,4,3,1,0
1,1,0,22.89,0,0,0,1,0,0,1,0,0,2,30,30,0,1,12,5,6,1,0
1,0,1,37.45,0,0,0,1,0,0,1,0,0,2,30,30,0,2,10,6,6,1,0
1,0,0,21.14,0,0,0,1,0,0,1,0,0,4,30,30,0,2,10,6,6,1,0
1,0,0,30.79,0,0,0,1,0,0,1,0,0,2,30,30,0,2,6,5,6,1,0
1,0,0,26.63,0,0,0,1,0,0,1,0,0,3,30,30,0,1,10,6,5,1,0
1,0,0,39.05,0,0,0,0,0,0,1,0,0,3,2,20,0,1,5,6,6,1,0
1,1,0,30.79,0,0,0,1,0,0,1,0,0,2,5,30,0,2,11,5,11,1,0
1,0,0,39.33,0,0,0,1,0,0,1,0,0,3,30,30,0,1,6,5,10,1,0
1,0,0,34.46,1,0,0,1,0,0,1,0,1,4,15,10,0,2,6,6,10,1,0
1,1,0,33.45,0,0,0,1,0,0,1,0,0,3,30,30,0,1,6,6,10,1,0
1,0,0,25.18,0,0,0,1,0,0,1,0,0,3,30,30,0,2,12,4,6,1,0
1,1,0,30.81,0,0,0,1,0,0,1,0,0,3,30,30,0,1,5,6,10,1,0
1,0,0,29.05,1,0,0,1,0,0,1,0,0,2,30,30,0,2,10,6,6,1,0
1,1,0,28.17,0,0,0,1,0,0,1,0,0,2,30,30,0,2,11,6,6,1,0
1,0,0,21.47,0,0,0,1,0,0,1,0,0,3,2,30,0,2,12,6,6,1,0
1,0,0,27.41,0,0,0,1,0,0,1,0,0,4,2,20,0,2,10,6,6,1,0
1,0,0,24.75,0,0,0,1,0,0,1,0,0,2,30,30,0,2,10,6,6,1,0
1,1,0,27.06,0,0,0,1,0,0,1,0,0,2,30,30,0,1,10,5,11,1,0
1,1,0,29.87,0,0,0,1,0,0,1,0,0,1,30,30,0,1,10,5,6,1,0
1,1,0,26.29,0,0,0,1,0,0,1,0,0,2,30,30,1,1,10,6,6,1,0
1,0,0,21.52,1,0,0,1,0,0,1,0,0,4,30,30,0,1,4,5,5,1,0
1,1,0,27.5,0,0,0,1,0,0,1,0,0,3,30,30,0,1,4,5,6,1,0
1,1,0,25.1,0,0,0,0,0,0,1,0,0,2,30,30,0,1,10,6,6,1,0
1,0,0,25.4,0,0,0,1,0,0,1,0,0,1,1,30,0,2,13,6,6,1,0
1,0,0,30.27,1,0,0,0,0,0,1,0,0,3,30,2,0,2,10,6,6,1,0
1,0,0,27.05,1,0,0,1,0,0,1,0,0,2,5,30,0,1,2,5,11,1,0
1,1,0,27.4,1,0,0,0,0,0,1,0,0,2,3,30,0,2,10,5,6,1,0
1,0,0,29.03,0,0,0,1,0,0,1,0,0,3,30,30,0,1,10,4,6,1,0
1,1,0,33.2,1,0,0,0,0,0,1,0,0,3,10,30,0,2,6,5,10,1,0
1,0,0,34.33,0,0,0,1,0,0,1,0,1,3,30,30,0,2,5,4,3,1,0
1,0,0,32.12,0,0,0,1,0,0,1,0,1,3,30,30,0,2,6,2,3,1,0
1,0,0,25.83,0,0,0,1,0,0,0,0,0,3,30,2,0,1,5,5,6,1,0
1,1,0,29.7,1,0,0,1,0,0,0,0,0,3,30,30,0,1,6,4,6,1,0
1,1,0,28.67,0,0,0,1,0,0,1,0,0,2,30,30,1,2,10,6,6,1,0
1,0,0,26.31,0,0,0,1,0,0,1,0,0,3,30,30,0,2,11,6,6,1,0
1,0,0,32.71,0,0,0,1,0,0,1,0,0,3,5,4,0,1,3,5,6,1,0
1,0,0,27.4,0,0,0,1,0,0,1,0,0,3,30,30,0,1,10,6,6,1,0
1,1,0,27.89,0,0,0,1,0,0,1,0,0,2,30,30,0,2,10,6,10,1,0
1,0,0,34.17,0,0,0,1,0,0,0,0,0,2,30,30,0,1,10,6,11,1,0
1,0,0,27.46,0,0,0,0,0,0,1,0,0,1,30,30,0,2,10,2,1,1,0
1,0,0,30.3,0,0,0,1,0,0,1,0,0,3,2,30,0,2,10,4,4,1,0
1,1,0,27.75,0,0,0,1,0,0,1,0,0,2,30,1,0,1,10,6,10,1,0
1,0,0,29.23,0,0,0,1,0,0,1,0,0,4,10,30,0,2,10,6,6,1,0
1,0,1,27.62,0,0,0,1,0,0,0,0,1,4,30,25,0,1,3,5,6,1,0
1,1,0,40.46,0,0,0,1,0,0,1,0,0,2,30,30,0,1,3,6,10,1,0
1,0,0,35.88,0,0,0,1,0,0,1,0,0,1,10,30,0,1,10,5,5,1,0
1,0,0,23.11,0,0,0,1,0,0,1,0,0,3,2,2,0,1,12,6,6,1,0
0,1,0,21.93,0,0,0,0,0,0,1,0,0,3,30,30,0,2,10,6,10,1,0
1,1,0,23.26,0,0,0,1,0,0,0,0,0,2,30,30,0,2,12,6,6,1,0
1,0,0,26.3,0,0,0,1,0,0,1,0,0,1,30,30,0,1,11,6,6,1,0
1,0,0,41.14,1,0,0,1,0,0,1,0,0,3,30,30,1,1,3,6,1,1,0
1,0,0,30.79,0,0,0,0,0,0,1,0,0,3,30,30,0,1,6,5,6,1,0
1,0,0,24.69,0,1,0,1,0,0,1,0,0,2,30,30,0,2,13,5,5,1,0
1,0,0,24.39,1,0,0,1,0,0,1,0,0,3,30,30,0,2,6,4,6,1,0
1,0,0,25.0,0,0,1,0,0,0,1,0,0,1,30,30,0,2,11,2,3,1,0
1,0,0,28.53,1,0,0,0,0,0,1,0,0,2,3,30,1,2,12,5,5,1,0
1,1,0,23.33,1,0,0,1,0,0,0,0,0,3,15,30,0,1,5,5,6,1,0
1,0,0,29.53,0,0,0,1,0,0,0,0,0,4,3,30,0,1,5,6,6,1,0
1,0,0,36.44,1,0,0,1,0,0,1,0,0,3,30,30,0,1,6,5,6,1,0
1,1,0,25.85,1,0,0,1,0,0,1,0,0,2,30,1,0,2,11,5,6,1,0
1,1,0,28.27,0,0,0,0,0,0,1,0,0,1,30,30,0,1,10,4,6,1,0
1,0,0,21.58,1,0,0,1,0,0,1,0,0,3,30,30,0,2,4,5,6,1,0
1,0,0,37.73,0,0,0,1,0,0,0,0,0,2,30,30,0,1,10,6,10,1,0
1,0,0,24.03,0,0,0,1,0,0,1,0,0,4,2,30,0,2,10,5,6,1,0
1,0,0,40.74,0,0,0,1,0,0,1,0,0,2,20,30,0,2,10,6,6,1,0
1,0,0,28.31,0,0,0,1,0,0,1,0,0,2,30,30,0,1,10,6,6,1,0
1,0,0,22.86,0,0,0,0,0,0,1,0,0,2,30,30,0,2,13,6,6,1,0
1,0,0,24.89,0,0,0,1,0,0,1,0,0,2,30,30,0,2,10,6,4,1,0
1,0,0,25.68,0,0,0,1,0,0,1,0,0,3,30,30,0,1,3,6,11,1,0
1,1,0,27.46,1,0,0,1,0,0,0,0,0,3,30,5,1,2,10,6,6,1,0
1,1,0,23.0,1,0,0,1,0,0,1,0,0,4,30,2,0,1,2,4,6,1,0
1,0,0,26.5,0,0,0,0,0,0,1,0,0,3,6,28,0,1,3,4,6,1,0
1,0,0,23.49,1,0,1,1,0,0,1,0,0,3,30,30,0,2,11,5,6,1,0
1,0,0,23.75,1,0,0,1,0,0,1,0,0,3,30,3,1,1,11,5,6,1,0
1,0,0,21.14,0,0,0,1,0,0,1,0,1,2,30,30,0,1,3,4,3,1,0
1,0,0,27.41,0,0,0,1,0,0,1,0,0,2,30,30,0,2,13,6,6,1,0
1,1,0,27.12,0,0,0,1,0,0,1,0,0,2,5,30,0,1,3,5,6,1,0
1,1,0,24.95,0,0,0,1,0,0,1,0,0,2,30,30,0,1,10,6,6,1,0
1,0,0,27.1,0,0,0,1,0,0,1,0,0,3,30,30,0,1,10,6,6,1,0
1,0,0,27.37,1,0,0,1,0,0,0,0,1,3,30,30,0,1,6,4,6,1,0
1,0,0,41.42,0,0,0,1,0,0,1,0,0,2,2,30,0,1,10,6,11,1,0
1,0,0,27.4,0,0,0,1,0,0,1,0,0,3,30,30,0,2,12,4,6,1,0
1,0,0,30.54,1,0,0,0,0,0,0,0,0,3,18,30,1,2,10,4,1,1,0
1,0,0,26.72,0,0,0,1,0,0,1,0,0,1,30,3,0,1,11,6,6,1,0
1,0,0,25.11,1,0,0,1,0,0,1,0,0,2,30,30,0,1,11,6,6,1,0
1,0,0,25.36,0,0,0,1,0,0,1,0,0,3,30,30,0,1,12,6,6,1,0
1,0,0,25.84,0,0,0,1,0,0,1,0,0,3,1,1,0,2,10,5,6,1,0
1,0,0,24.37,0,0,0,1,0,0,1,0,0,3,1,30,0,1,12,6,6,1,0
1,0,0,31.95,0,0,0,1,0,0,1,0,0,3,30,5,0,2,3,5,5,1,0
1,0,0,27.4,0,0,0,1,0,0,1,0,0,3,30,30,0,1,10,5,6,1,0
1,0,0,25.06,0,1,0,0,0,0,1,0,0,3,25,30,0,2,5,5,6,1,0
1,1,0,19.14,1,0,0,1,0,0,1,0,0,2,30,30,0,2,14,6,6,1,0
1,1,0,21.29,0,0,0,1,0,0,1,0,0,1,30,30,0,2,11,6,11,1,0
1,0,0,27.4,0,1,0,1,0,0,1,0,1,1,30,29,0,2,11,4,6,1,0
1,0,0,31.82,0,0,0,1,0,0,1,0,0,2,30,30,0,2,6,4,6,1,0
1,1,0,27.89,0,0,0,1,0,0,1,0,0,1,30,30,0,1,6,6,6,1,0
1,0,0,27.4,0,0,0,1,0,0,1,0,1,4,20,10,1,2,6,4,2,1,0
1,0,0,31.24,0,0,0,1,0,0,1,0,0,2,30,30,0,2,10,6,6,1,0
1,0,0,32.49,1,0,0,0,0,0,1,0,0,3,30,30,0,2,10,6,6,1,0
1,0,0,24.21,1,0,0,1,0,0,1,0,0,1,30,30,0,2,10,5,6,1,0
1,0,0,39.58,0,0,0,0,0,0,1,0,0,2,30,30,0,1,4,4,3,1,0
1,1,0,27.4,0,0,0,1,0,0,1,0,0,2,30,30,0,2,11,6,11,1,0
1,1,0,26.15,0,0,0,1,0,0,1,0,0,2,30,30,0,2,10,5,6,1,0
1,0,0,26.6,1,0,0,1,0,0,0,0,1,4,5,30,0,1,4,4,6,1,0
1,1,0,25.55,1,0,0,1,0,0,0,0,0,3,30,30,0,1,10,5,6,1,0
1,0,0,26.5,0,0,0,1,0,0,1,0,0,2,30,30,0,1,10,6,6,1,0
1,0,0,27.4,0,0,0,0,0,0,1,0,0,1,30,30,0,1,10,2,6,1,0
1,0,0,25.61,0,0,0,1,0,0,1,0,0,2,30,30,0,2,11,4,6,1,0
1,0,0,26.43,1,0,0,1,0,0,1,0,0,2,30,3,1,1,12,5,6,1,0
1,0,0,33.47,1,0,0,1,0,0,1,0,0,2,30,30,0,2,10,5,6,1,0
1,1,0,25.69,1,0,0,0,0,0,0,0,0,2,5,30,0,2,10,4,6,1,0
1,0,0,28.21,0,0,0,0,0,0,1,0,0,3,30,3,0,1,10,6,6,1,0
1,0,0,26.57,0,0,0,1,0,0,1,0,0,2,1,30,0,2,10,6,10,1,0
1,0,0,21.47,1,0,0,1,0,0,1,0,0,1,30,30,0,1,12,5,6,1,0
1,0,0,49.6,1,0,0,1,0,0,0,0,1,4,30,30,0,2,4,6,6,1,0
1,0,0,34.33,0,0,0,1,0,0,1,0,0,2,30,30,0,2,10,5,6,1,0
1,0,0,27.4,0,0,0,0,0,0,1,0,0,3,15,1,0,2,6,2,6,1,0
1,0,0,31.17,1,0,0,0,0,0,1,0,0,2,30,30,0,1,10,5,6,1,0
1,0,0,27.4,0,0,0,0,0,0,1,0,0,4,30,30,0,1,4,5,6,1,0
1,0,0,27.5,1,0,0,1,0,0,1,0,0,2,30,30,1,1,10,5,6,1,0
1,0,0,25.58,0,0,0,1,0,0,1,0,0,1,30,30,0,2,10,5,6,1,0
1,0,0,22.46,0,0,0,0,0,0,1,0,1,3,30,3,0,2,5,6,6,1,0
1,0,0,25.54,0,0,0,0,0,0,1,0,0,2,20,30,0,2,10,6,6,1,0
1,0,0,23.26,0,0,0,1,0,0,1,0,0,2,30,2,0,2,11,6,6,1,0
1,0,0,23.71,0,0,0,1,0,0,1,0,0,2,2,30,0,1,10,6,6,1,0
1,0,0,27.4,0,0,0,0,0,0,1,0,0,2,30,30,0,2,14,6,6,1,0
1,1,0,22.6,0,0,0,1,0,0,1,0,0,3,2,30,0,2,2,5,6,1,0
1,0,0,24.39,0,0,0,1,0,0,1,0,0,3,30,30,0,1,11,4,5,1,0
1,0,0,26.15,0,0,0,1,0,0,1,0,1,3,30,30,0,1,10,6,6,1,0
1,0,0,27.4,1,0,0,1,0,0,1,0,0,2,30,30,1,1,11,5,6,1,0
1,0,0,31.6,0,0,0,1,0,0,1,0,0,1,30,30,0,1,10,6,6,1,0
1,0,0,34.28,0,0,0,0,0,0,1,0,0,2,30,30,0,2,10,5,6,1,0
1,1,0,27.1,0,0,0,1,0,0,1,0,0,3,30,30,0,1,4,2,4,1,0
1,1,0,29.38,0,0,0,1,0,0,1,0,0,2,20,15,0,2,10,6,10,1,0
1,0,0,36.58,1,0,0,1,0,0,1,0,0,3,30,30,0,2,2,4,6,1,0
1,0,0,30.34,1,0,0,1,0,0,0,0,0,3,30,30,0,1,2,5,3,1,0
1,0,0,21.11,1,0,0,0,0,0,1,0,0,3,30,30,0,1,11,6,6,1,0
1,1,0,27.8,1,0,0,1,0,0,1,0,1,3,14,4,0,1,2,4,3,1,0
1,0,0,20.6,0,0,0,1,0,0,1,0,0,1,2,1,0,2,4,5,10,1,0
1,0,0,23.67,1,1,0,1,0,0,1,0,0,3,30,1,0,1,10,6,6,1,0
1,0,0,34.96,1,0,0,0,0,0,0,0,0,4,30,30,0,2,6,5,6,1,0
1,1,0,29.26,0,0,0,0,0,0,1,0,0,4,30,5,0,2,1,3,4,1,0
1,0,0,26.52,1,0,0,1,0,0,1,0,0,2,4,30,0,2,3,5,6,1,0
1,1,0,29.86,0,0,0,1,0,0,0,0,0,3,15,30,1,2,10,5,6,1,0
1,0,0,32.89,1,0,0,1,0,0,1,0,0,2,2,30,0,2,10,6,6,1,0
1,0,0,31.93,1,0,0,1,0,0,0,0,1,3,28,30,0,1,4,4,6,1,0
1,0,0,32.01,0,0,0,1,0,0,1,0,0,2,30,30,1,2,12,6,6,1,0
1,0,0,28.7,1,0,0,1,0,0,1,0,0,3,30,30,0,1,5,6,11,1,0
1,0,1,37.66,1,0,0,1,0,0,1,0,0,3,30,14,1,2,10,5,3,1,0
1,1,0,18.48,0,0,0,1,0,0,0,0,0,3,30,30,0,2,11,5,6,1,0
1,0,0,29.86,1,0,1,0,0,0,1,0,0,1,30,30,0,1,13,6,6,1,0
1,0,0,29.52,0,0,0,1,0,0,1,0,0,2,30,30,0,1,6,6,6,1,0
1,0,1,30.27,0,0,0,1,0,0,1,0,1,3,30,30,0,2,3,5,6,1,0
0,0,0,35.51,1,0,0,1,0,0,1,0,0,3,3,30,0,2,10,5,6,1,0
1,0,0,30.68,0,0,0,1,0,0,1,0,0,2,30,30,0,1,11,6,6,1,0
1,0,0,30.82,0,0,0,1,0,0,1,0,0,3,30,30,0,2,11,6,6,1,0
1,0,0,25.07,1,0,0,0,0,0,1,0,0,5,30,30,1,1,4,6,6,1,0
1,0,0,22.31,0,0,0,1,0,0,1,0,0,3,30,30,0,2,4,4,3,1,0
1,1,0,27.4,0,0,0,1,0,0,1,0,0,2,30,30,0,2,11,6,6,1,0
1,1,0,29.53,1,0,0,1,0,0,1,0,0,2,30,30,0,1,10,6,11,1,0
1,1,0,27.4,0,0,0,1,0,0,1,0,0,1,30,30,0,1,11,5,6,1,0
1,0,0,27.32,0,0,0,1,0,0,1,0,0,2,30,1,0,2,6,6,10,1,0
1,1,0,29.66,1,0,0,0,0,0,0,0,0,2,30,30,0,2,10,5,6,1,0
1,1,0,26.57,1,0,0,1,0,0,1,0,0,2,30,30,0,2,10,4,6,1,0
1,0,0,32.28,0,0,0,1,0,0,1,0,0,2,30,4,0,2,11,6,6,1,0
1,0,0,29.12,0,0,0,1,0,0,1,0,0,3,30,30,0,2,10,4,6,1,0
1,0,0,25.09,0,0,0,0,0,0,1,0,0,2,30,30,0,1,13,4,5,1,0
1,0,0,27.44,0,0,0,1,0,0,1,0,0,2,30,30,0,1,12,4,5,1,0
1,0,0,23.03,0,0,0,1,0,0,1,0,0,3,2,30,0,2,10,6,11,1,0
1,0,0,23.67,0,0,0,1,0,0,1,0,0,3,30,1,0,1,11,5,6,1,0
1,0,0,27.4,1,0,0,0,0,0,1,0,0,4,30,30,0,1,4,3,6,1,0
1,1,0,24.33,1,0,0,0,0,0,1,0,0,2,30,30,0,2,10,6,6,1,0
1,0,0,27.46,1,0,0,1,0,0,1,0,0,3,1,3,0,2,10,5,3,1,0
1,1,0,21.4,0,0,0,1,0,0,1,0,0,3,30,30,0,1,5,5,10,1,0
1,0,0,33.09,0,0,0,1,0,0,1,0,0,3,30,16,0,2,10,6,6,1,0
1,0,0,27.4,1,0,0,0,0,0,1,0,0,3,30,30,1,2,10,5,6,1,0
1,0,0,28.28,0,0,0,1,0,0,1,0,0,3,30,30,0,2,10,6,6,1,0
1,0,0,29.53,0,0,0,1,0,0,1,0,0,3,30,30,0,1,10,6,6,1,0
1,1,0,27.4,0,0,0,1,0,0,1,0,0,2,30,30,0,2,10,4,6,1,0
1,0,0,32.28,1,0,0,1,0,0,1,0,0,2,5,30,0,1,13,6,6,1,0
1,1,0,22.96,1,0,0,1,0,0,1,0,0,3,30,30,0,2,10,5,6,1,0
1,0,0,32.27,0,0,0,0,0,0,1,0,0,3,10,15,0,2,5,5,6,1,0
1,0,0,32.77,0,0,0,1,0,0,1,0,0,3,30,30,0,2,4,6,4,1,0
1,0,0,27.4,1,0,0,0,0,0,1,0,0,3,30,2,0,2,10,6,6,1,0
1,0,0,31.5,1,0,0,1,0,0,0,0,0,3,30,30,0,1,5,4,5,1,0
1,1,0,27.98,1,0,0,1,0,0,0,0,0,2,30,30,1,1,10,6,11,1,0
1,0,0,27.4,1,0,0,0,0,0,1,0,0,4,30,3,1,2,4,5,4,1,0
1,1,0,18.43,1,0,0,1,0,0,1,0,0,3,30,5,0,2,10,6,2,1,0
1,0,0,27.67,1,0,0,1,0,0,1,0,0,2,30,30,0,1,11,5,6,1,0
1,0,0,31.32,0,0,0,0,0,0,1,0,0,4,30,30,0,2,1,6,6,1,0
1,0,0,29.76,0,0,0,1,0,0,1,0,0,2,30,14,0,1,10,5,11,1,0
1,0,0,35.56,0,0,0,0,0,0,0,0,0,3,15,1,0,1,6,5,6,1,0
1,1,0,21.14,1,0,0,1,0,0,1,0,0,3,2,30,0,1,6,5,5,1,0
1,1,0,28.32,1,0,0,1,0,0,1,0,0,2,3,30,0,2,11,4,6,1,0
1,1,0,22.46,1,0,0,1,0,0,1,0,1,4,2,30,0,2,6,4,2,1,0
1,0,0,35.43,0,0,0,1,0,0,1,0,0,2,30,30,0,2,11,6,6,1,0
1,1,0,27.26,0,0,0,1,0,0,0,0,1,3,30,30,0,1,10,5,5,1,0
1,0,0,29.53,0,0,0,1,0,0,1,0,0,3,30,30,0,1,10,6,6,1,0
1,0,0,25.02,0,0,0,1,0,0,1,0,0,2,30,30,0,2,13,6,6,1,0
1,0,0,27.44,0,0,0,1,0,0,1,0,0,2,30,30,0,2,11,6,6,1,0
1,0,0,28.34,0,0,0,1,0,0,1,0,0,3,30,30,0,2,10,4,6,1,0
1,1,0,29.26,1,0,0,1,0,0,0,0,0,3,30,2,0,2,10,4,6,1,0
1,0,0,26.37,0,0,0,1,0,0,1,0,0,3,30,30,0,2,12,5,6,1,0
1,1,0,24.39,1,0,0,1,0,0,1,0,0,2,30,30,0,1,12,6,6,1,0
1,0,0,27.4,1,0,0,1,0,0,1,0,0,3,1,30,0,2,5,6,6,1,0
1,0,0,29.86,1,0,0,1,0,0,1,0,0,2,30,30,0,2,10,4,5,1,0
1,0,0,27.4,0,0,0,0,0,0,1,0,0,3,30,30,0,2,10,5,6,1,0
1,0,0,36.24,0,0,0,1,0,0,1,0,0,2,2,2,0,2,2,3,2,1,0
1,0,0,27.4,0,0,0,1,0,0,1,0,0,3,30,30,0,2,11,6,6,1,0
1,0,0,29.53,0,0,0,1,0,0,1,0,0,2,30,2,0,1,10,5,6,1,0
1,0,0,20.67,1,0,0,0,0,0,1,0,0,2,30,30,0,2,11,6,6,1,0
1,1,0,20.8,1,0,0,0,0,0,1,0,0,4,15,5,0,2,6,5,6,1,0
1,0,1,37.5,1,0,0,1,0,0,1,0,0,3,20,30,0,1,4,6,6,1,0
1,1,0,22.92,0,0,0,1,0,0,1,0,0,3,30,30,0,2,6,5,4,1,0
1,1,0,30.54,1,0,0,1,0,0,0,0,0,2,14,30,0,2,10,5,6,1,0
0,1,0,22.13,0,0,0,1,0,0,1,0,0,2,3,30,0,2,10,4,6,1,0
1,0,0,37.5,1,0,0,1,0,0,1,0,0,3,30,30,0,1,5,5,6,1,0
1,1,0,27.12,0,0,0,1,0,0,1,0,0,2,30,30,0,1,10,6,6,1,0
1,0,0,25.84,0,0,0,1,0,0,1,0,0,2,15,5,0,2,10,5,6,1,0
1,1,0,27.4,0,0,0,1,0,0,1,0,0,2,30,30,0,2,11,6,6,1,0
1,1,0,24.46,0,0,0,1,0,0,1,0,0,3,30,30,0,2,10,6,6,1,0
1,1,0,24.78,0,0,0,1,0,0,1,0,0,3,2,5,0,1,4,6,10,1,0
1,0,0,40.35,1,0,0,1,0,0,1,0,0,4,30,2,0,2,3,4,5,1,0
1,0,0,32.32,0,0,0,1,0,0,1,0,0,2,30,30,0,1,10,6,6,1,0
1,0,0,30.41,0,0,0,1,0,0,0,0,0,2,30,30,0,2,10,6,6,1,0
1,0,0,22.59,1,0,0,1,0,0,1,0,0,3,28,30,0,1,13,5,6,1,0
1,0,0,30.54,1,0,0,1,0,0,0,0,1,2,30,30,0,2,10,5,6,1,0
1,1,0,27.4,1,0,0,1,0,0,1,0,0,4,30,15,1,2,2,3,6,1,0
1,0,0,22.05,0,0,0,1,0,0,0,0,0,2,30,2,0,1,12,6,10,1,0
1,0,0,30.85,1,0,0,1,0,0,1,0,0,2,30,30,0,1,10,4,10,1,0
1,0,0,33.12,1,0,0,1,0,0,1,0,0,2,24,21,1,2,4,4,6,1,0
1,0,0,29.95,1,0,0,1,0,0,1,0,0,2,30,30,0,1,6,6,6,1,0
1,0,0,27.4,0,0,0,1,0,0,1,0,0,3,30,30,0,2,5,6,6,1,0
1,0,0,27.4,1,0,0,1,0,0,1,0,0,3,30,30,0,2,10,5,6,1,0
1,0,0,26.52,0,1,0,1,0,0,1,0,0,3,15,30,1,2,2,5,6,1,0
1,0,0,30.9,0,0,0,1,0,0,1,0,0,3,30,30,0,2,5,6,5,1,0
1,0,0,25.1,0,0,0,1,0,0,1,0,0,3,30,30,0,1,5,4,2,1,0
1,0,0,22.14,0,0,0,1,0,0,1,0,0,3,30,30,0,2,11,6,3,1,0
1,0,0,24.33,0,0,0,1,0,0,1,0,0,2,20,30,0,1,1,5,3,1,0
1,0,0,33.47,0,0,0,0,0,0,1,0,0,2,30,15,1,2,10,5,6,1,0
1,0,0,18.55,0,0,0,0,0,0,1,0,0,4,10,30,0,2,3,4,6,1,0
1,1,0,20.97,1,0,0,1,0,0,0,0,0,2,30,30,1,2,11,3,6,1,0
1,0,0,26.52,0,0,0,1,0,0,1,0,0,2,30,30,0,2,12,6,5,1,0
1,0,0,24.21,0,0,0,1,0,0,1,0,0,4,30,3,0,2,10,6,6,1,0
1,0,0,28.32,0,0,0,1,0,0,1,0,0,3,5,4,1,2,11,5,6,1,0
1,0,0,24.33,1,0,0,0,0,0,1,0,0,3,30,30,0,1,10,4,6,1,0
1,0,0,22.6,1,0,0,1,0,0,0,0,0,3,30,30,0,1,10,4,6,1,0
1,0,0,26.61,0,0,0,1,0,0,1,0,0,4,30,15,0,2,10,6,5,1,0
1,0,0,25.69,1,0,0,1,0,0,0,0,0,3,30,30,0,2,10,6,11,1,0
1,0,0,24.17,1,0,0,1,0,0,1,0,0,3,10,20,1,1,10,5,5,1,0
1,1,0,22.6,0,0,0,1,0,0,1,0,0,4,15,10,0,2,5,6,10,1,0
1,0,0,25.77,1,0,0,1,0,0,1,0,0,3,30,30,0,1,11,5,5,1,0
1,0,0,26.52,0,0,0,1,0,0,1,0,0,2,30,30,0,2,10,6,6,1,0
1,0,0,38.97,0,0,0,1,0,0,1,0,0,2,12,10,0,2,1,4,6,1,0
1,0,0,27.4,0,0,0,1,0,0,1,0,0,3,30,30,0,1,12,6,6,1,0
1,0,0,24.41,1,0,0,1,0,0,1,0,0,1,30,30,0,1,6,6,6,1,0
1,0,0,25.75,0,0,0,1,0,0,1,0,0,3,30,30,0,1,11,6,6,1,0
1,0,0,16.64,0,0,0,0,0,0,1,0,0,3,30,30,0,1,10,3,6,1,0
1,0,0,29.66,1,0,0,1,0,0,1,0,0,3,30,30,0,1,10,6,11,1,0
1,0,0,36.49,0,0,0,1,0,0,1,0,0,2,30,4,1,2,10,5,6,1,0
0,1,0,27.4,0,0,0,0,0,0,1,0,0,5,30,30,0,2,2,4,6,1,0
1,0,0,44.39,0,0,0,1,0,0,1,0,0,2,30,30,0,1,3,5,6,1,0
1,1,0,25.8,0,0,0,1,0,0,1,0,0,4,30,30,0,1,3,5,6,1,0
1,0,0,25.06,0,0,0,1,0,0,1,0,0,4,20,20,0,1,4,3,6,1,0
1,0,0,32.55,1,0,0,0,0,0,1,0,0,2,30,30,0,1,10,6,6,1,0
1,0,0,25.11,0,0,0,1,0,0,1,0,0,1,14,14,1,1,13,5,6,1,0
1,0,0,23.65,0,0,0,1,0,0,0,0,0,3,30,12,0,1,10,6,11,1,0
1,1,0,24.8,1,0,0,0,0,0,1,0,0,2,30,30,0,2,10,4,6,1,0
1,0,0,32.43,0,0,0,1,0,0,1,0,0,2,30,30,0,1,11,4,5,1,0
1,0,0,23.0,1,0,0,0,0,0,1,0,0,3,2,4,0,2,13,5,5,1,0
1,1,0,21.3,1,0,0,1,0,0,1,0,0,4,17,20,0,2,6,5,6,1,0
1,0,0,25.84,1,0,0,1,0,0,1,0,1,2,30,30,0,1,10,4,5,1,0
1,1,0,28.7,0,0,0,1,0,0,1,0,0,4,2,10,0,2,2,6,11,1,0
1,1,0,27.4,0,0,0,0,0,0,1,0,0,3,30,1,0,2,4,2,6,1,0
1,0,0,33.07,0,0,0,0,0,0,1,0,0,2,30,2,0,2,3,5,6,1,0
1,0,0,25.38,0,0,0,1,0,0,1,0,0,3,5,3,0,2,10,6,10,1,0
1,0,0,25.4,0,0,0,0,0,0,1,0,0,3,30,30,0,1,10,5,6,1,0
1,0,0,27.4,0,0,0,1,0,0,1,0,0,2,30,30,0,2,13,5,6,1,0
1,1,0,23.17,0,0,0,1,0,0,1,0,0,3,30,3,0,2,6,4,10,1,0
1,0,0,25.32,0,0,0,1,0,0,1,0,0,3,30,30,0,1,6,4,6,1,0
1,0,0,38.36,0,1,0,1,0,0,1,0,1,3,5,30,0,2,5,4,4,1,0
1,1,0,25.32,0,0,0,1,0,0,1,0,0,2,30,4,0,2,10,6,6,1,0
1,0,0,22.38,0,0,0,1,0,0,1,0,0,1,30,30,0,1,10,5,11,1,0
1,0,0,30.81,0,0,0,1,0,0,1,0,0,2,30,1,0,1,10,5,6,1,0
1,1,0,33.15,0,0,0,1,0,0,1,0,0,1,30,30,0,1,10,6,6,1,0
1,1,0,27.4,1,0,0,1,0,0,1,0,0,1,30,30,0,2,11,6,6,1,0
1,0,0,28.89,0,0,0,1,0,0,1,0,0,2,30,30,0,1,12,6,6,1,0
1,1,0,29.03,0,0,0,1,0,0,1,0,0,2,30,30,0,1,10,6,6,1,0
1,0,0,37.66,0,0,0,1,0,0,1,0,0,1,30,30,0,1,10,6,6,1,0
1,0,0,22.5,1,0,0,1,0,0,1,0,0,2,30,30,0,1,10,5,6,1,0
1,0,0,27.4,0,0,0,1,0,0,1,0,0,3,30,30,0,2,6,2,6,1,0
1,0,0,26.87,0,0,0,1,0,0,1,0,0,2,12,30,1,1,10,6,6,1,0
1,0,0,23.63,0,0,0,1,0,0,1,0,0,5,10,30,0,1,6,6,6,1,0
1,1,0,33.38,1,0,0,0,0,0,1,0,0,2,30,30,0,1,6,6,6,1,0
1,0,0,27.4,0,0,0,1,0,0,1,0,0,3,30,30,0,1,11,5,6,1,0
1,0,0,27.26,0,1,0,0,0,0,1,0,0,3,30,30,0,1,6,5,6,1,0
1,1,0,25.5,0,0,0,1,0,0,1,0,0,3,30,30,0,2,10,6,11,1,0
1,1,0,27.4,0,0,0,1,0,0,1,0,0,2,30,30,0,2,11,6,11,1,0
1,1,0,23.34,1,0,0,1,0,0,1,0,1,3,17,30,0,1,4,4,6,1,0
1,0,0,33.91,0,0,0,1,0,0,1,0,0,2,30,30,0,1,10,6,10,1,0
1,0,0,32.28,0,0,0,1,0,0,1,0,0,5,30,20,0,1,2,5,6,1,0
1,0,0,25.82,0,0,0,1,0,0,1,0,0,2,30,14,0,2,12,4,5,1,0
1,1,0,23.78,0,0,0,1,0,0,1,0,0,1,30,30,0,2,3,5,6,1,0
1,0,0,26.05,0,0,0,0,0,0,1,0,0,3,30,30,0,2,6,2,6,1,0
1,0,0,27.2,0,0,0,1,0,0,1,0,0,2,30,30,0,1,14,5,6,1,0
1,1,0,33.63,0,0,0,1,0,0,1,0,0,3,30,2,0,2,3,6,6,1,0
1,0,0,29.63,0,0,0,1,0,0,1,0,0,3,30,3,1,2,10,6,6,1,0
1,0,1,27.4,0,0,0,0,0,0,1,0,1,4,30,2,1,2,5,3,3,1,0
1,1,0,27.82,1,0,0,1,0,0,1,0,0,1,30,30,0,1,10,6,11,1,0
1,0,0,31.71,0,0,0,1,0,0,1,0,0,2,30,30,0,2,10,5,6,1,0
1,1,0,26.12,0,0,0,1,0,0,1,0,0,2,30,30,0,2,10,5,6,1,0
1,0,0,28.32,0,0,0,1,0,0,1,0,0,3,30,30,0,2,11,6,6,1,0
1,0,0,28.37,0,0,0,1,0,0,1,0,0,3,30,30,0,1,11,6,11,1,0
1,0,1,36.58,1,0,0,0,0,0,1,0,0,2,10,30,0,2,2,4,5,1,0
1,0,0,27.4,0,0,0,1,0,0,1,0,0,2,5,30,0,1,10,4,6,1,0
1,0,0,23.37,0,0,0,1,0,0,1,0,0,1,30,30,0,1,10,6,11,1,0
1,0,0,29.38,0,0,0,1,0,0,1,0,0,2,30,30,0,2,12,5,6,1,0
1,1,0,30.9,1,0,0,1,0,0,1,0,0,1,30,30,0,2,11,6,6,1,0
1,0,0,23.49,0,0,0,1,0,0,1,0,0,3,30,30,1,2,12,4,6,1,0
1,0,0,27.32,0,0,0,1,0,0,1,0,0,3,30,30,0,1,10,5,6,1,0
1,0,0,27.12,1,0,0,0,0,0,1,0,0,3,1,2,0,1,10,5,6,1,0
1,1,0,31.47,1,0,0,1,0,0,1,0,0,2,30,30,0,2,10,6,6,1,0
1,0,0,25.79,0,0,0,0,0,0,1,0,0,2,30,30,0,2,11,6,6,1,0
1,1,0,31.47,1,1,0,0,0,0,1,0,1,1,30,30,0,1,6,4,6,1,0
1,0,0,27.4,1,0,0,1,0,0,1,0,0,3,20,5,0,1,10,4,6,1,0
1,0,0,18.26,0,0,0,0,0,0,1,0,0,3,30,30,0,1,11,6,6,1,0
1,0,0,24.21,1,0,0,1,0,0,0,0,1,4,30,4,0,2,2,4,3,1,0
1,0,0,32.73,0,0,0,1,0,0,1,0,0,3,30,30,0,2,10,6,6,1,0
1,1,0,27.4,0,0,0,1,0,0,1,0,0,2,30,30,0,1,6,6,6,1,0
1,0,0,32.87,0,0,0,1,0,0,1,0,0,2,30,30,0,1,10,4,6,1,0
1,0,0,29.95,0,0,0,1,0,0,1,0,0,3,14,30,0,2,10,6,6,1,0
1,0,0,32.28,0,0,0,0,0,0,1,0,0,2,30,6,1,2,11,6,6,1,0
1,0,0,21.63,0,0,0,1,0,0,1,0,0,2,30,30,0,2,12,4,2,1,0
1,0,0,27.46,1,0,0,1,0,0,1,0,0,2,30,30,0,2,10,3,5,1,0
1,0,0,24.63,0,0,0,1,0,0,1,0,0,3,30,30,1,2,12,6,6,1,0
1,0,0,20.38,0,0,0,1,0,0,1,0,0,4,30,30,0,1,10,6,6,1,0
1,0,0,36.33,0,0,0,1,0,0,1,0,0,3,6,30,0,1,3,5,5,1,0
1,0,0,26.69,1,0,0,1,0,0,1,0,0,2,12,30,0,1,10,5,6,1,0
1,0,0,21.29,0,0,0,1,0,0,1,0,0,2,30,30,0,2,12,6,11,1,0
1,0,0,28.31,0,0,0,1,0,0,1,0,0,2,3,1,1,1,10,6,5,1,0
1,1,0,24.34,1,0,0,0,0,0,0,0,0,3,5,30,0,1,10,4,10,1,0
1,0,0,23.73,0,1,0,0,0,0,1,0,0,3,4,30,0,1,10,5,6,1,0
1,1,0,25.86,0,0,0,1,0,0,1,0,0,3,2,30,0,2,10,6,6,1,0
1,1,0,21.3,0,0,0,1,0,0,1,0,0,2,30,30,0,1,13,6,6,1,0
1,0,1,29.23,0,0,0,0,0,0,1,0,1,3,14,30,0,2,10,6,5,1,0
1,0,0,29.65,1,0,0,1,0,0,1,0,0,3,30,30,0,1,6,4,6,1,0
1,0,0,31.96,0,0,0,1,0,0,1,0,0,3,30,2,0,2,6,5,6,1,0
1,0,0,26.78,0,1,0,1,0,0,1,0,0,2,30,30,0,1,10,5,5,1,0
1,0,0,21.11,1,0,0,1,0,0,1,0,0,3,30,30,0,2,11,6,6,1,0
1,0,0,29.76,0,0,0,1,0,0,1,0,0,2,30,30,0,2,10,5,6,1,0
1,0,0,27.4,0,0,0,1,0,0,1,0,0,3,30,30,0,1,10,4,5,1,0
1,1,0,23.06,1,0,0,0,0,0,1,0,0,3,30,2,0,1,6,6,6,1,0
1,0,0,30.13,0,0,0,1,0,0,1,0,0,2,30,10,0,1,12,5,6,1,0
1,0,0,27.41,0,0,0,1,0,0,1,0,1,2,30,30,0,1,10,5,6,1,0
1,0,0,28.19,0,0,0,1,0,0,1,0,0,2,30,30,0,2,12,3,6,1,0
1,0,0,29.76,0,0,0,1,0,0,1,0,0,2,30,30,0,2,12,6,5,1,0
1,1,0,27.44,1,0,0,1,0,0,1,0,0,2,28,30,0,2,11,6,6,1,0
1,0,0,27.44,0,0,0,1,0,0,1,0,0,2,2,30,0,2,10,4,6,1,0
1,0,0,28.76,0,0,0,1,0,0,1,0,0,2,30,30,0,1,10,5,3,1,0
1,0,0,37.25,0,0,0,1,0,0,1,0,0,2,30,14,0,2,11,6,6,1,0
1,0,0,27.4,1,0,0,0,0,0,1,0,1,3,30,1,0,2,10,6,6,1,0
1,0,0,30.54,1,0,0,1,0,0,1,0,0,1,15,30,0,2,10,6,10,1,0
1,0,0,27.4,0,0,0,0,0,0,1,0,0,3,30,2,0,2,10,4,6,1,0
1,0,0,24.8,1,0,0,1,0,0,1,0,0,3,30,30,0,1,10,3,3,1,0
1,1,0,17.7,0,0,0,1,0,0,1,0,0,3,30,10,0,2,10,4,6,1,0
1,0,0,25.23,0,0,0,1,0,0,1,0,0,3,30,5,0,1,12,6,6,1,0
1,0,0,31.89,0,0,0,0,0,0,1,0,0,2,30,3,0,2,12,5,6,1,0
0,0,0,30.18,1,0,0,1,0,0,1,0,0,4,30,30,0,2,6,6,10,1,0
0,0,0,44.63,1,0,0,1,0,0,1,0,0,1,4,30,0,2,4,4,6,1,0
1,1,0,22.43,0,0,0,1,0,0,0,0,0,3,30,30,0,1,6,6,6,1,0
1,0,0,30.85,1,0,0,0,0,0,1,0,0,3,30,30,0,1,6,4,6,1,0
1,0,0,33.64,0,0,0,0,0,0,1,0,0,2,3,30,0,1,6,6,10,1,0
1,1,0,22.22,0,0,0,1,0,0,1,0,0,2,1,30,1,2,13,6,6,1,0
1,0,0,33.52,0,0,0,1,0,0,1,0,0,4,30,15,1,2,4,5,2,1,0
1,0,0,27.89,1,0,0,1,0,0,1,0,0,3,30,30,0,1,10,6,6,1,0
1,0,0,23.34,0,0,0,1,0,0,1,0,0,2,1,4,0,2,13,6,6,1,0
1,1,0,36.62,1,0,0,1,0,0,0,0,0,3,30,30,0,1,5,6,11,1,0
1,1,0,24.13,1,0,0,0,0,0,0,0,0,2,30,30,0,2,4,5,6,1,0
1,0,0,24.03,0,0,0,1,0,0,1,0,0,4,30,1,0,2,11,6,6,1,0
1,0,0,31.8,1,0,0,1,0,0,1,0,0,2,30,3,0,1,12,6,6,1,0
1,0,0,35.15,1,0,0,1,0,0,1,0,0,1,30,30,0,1,6,6,6,1,0
1,0,0,29.18,0,0,0,0,0,0,1,0,0,3,10,30,0,2,10,5,5,1,0
1,1,0,24.94,1,0,0,1,0,0,1,0,0,1,30,30,1,1,11,4,10,1,0
1,1,0,32.6,0,0,0,1,0,0,1,0,0,4,2,30,0,1,2,6,6,1,0
1,0,0,31.09,0,0,0,0,0,0,1,0,0,2,30,30,0,1,6,4,4,1,0
1,1,0,28.66,1,0,0,1,0,0,1,0,0,2,30,30,0,1,10,5,10,1,0
1,0,0,33.67,0,0,0,1,0,0,1,0,0,3,30,3,0,2,10,6,6,1,0
1,1,0,24.96,0,0,0,1,0,0,1,0,0,2,30,30,0,1,11,6,6,1,0
1,0,1,27.4,0,0,0,1,0,0,1,0,0,4,30,30,0,2,11,5,6,1,0
1,0,0,27.1,1,0,0,1,0,0,1,0,0,3,30,30,0,1,6,5,6,1,0
1,0,0,25.84,1,0,0,1,0,0,1,0,0,3,30,30,0,1,13,6,6,1,0
1,0,0,39.54,1,0,0,1,0,0,1,0,1,2,1,3,0,2,6,6,11,1,0
1,1,0,25.2,0,0,0,1,0,0,1,0,0,2,30,30,0,1,4,1,6,1,0
1,0,0,40.0,0,0,0,1,0,0,1,0,0,1,30,30,0,1,6,5,6,1,0
1,1,0,23.3,1,0,0,0,0,0,1,0,0,3,10,30,0,2,10,6,5,1,0
1,0,0,25.1,0,0,0,0,0,0,1,0,0,2,3,30,0,1,10,6,11,1,0
1,1,0,26.63,0,0,0,1,0,0,1,0,0,2,30,30,0,1,10,5,6,1,0
1,0,0,37.38,0,0,0,0,0,0,0,0,0,2,30,30,1,1,10,4,6,1,0
1,0,0,29.65,1,0,0,0,0,0,1,0,0,2,30,30,0,1,11,5,6,1,0
1,1,0,29.26,1,0,0,1,0,0,0,0,0,3,2,30,0,2,10,6,6,1,0
1,1,0,27.4,1,0,0,1,0,0,1,0,0,1,10,30,0,2,2,5,6,1,0
1,0,0,30.54,0,0,0,0,0,0,1,0,0,3,30,21,0,1,5,3,6,1,0
1,0,0,25.99,0,0,0,1,0,0,1,0,0,3,2,4,0,1,10,6,10,1,0
1,1,0,35.56,1,0,0,1,0,0,1,0,0,1,1,2,0,1,6,5,6,1,0
1,0,0,23.63,0,0,0,1,0,0,1,0,0,3,30,30,0,2,10,6,6,1,0
1,0,0,27.4,1,0,0,1,0,0,1,0,0,3,30,30,0,2,10,3,6,1,0
1,0,0,19.53,1,0,0,1,0,0,1,0,0,2,30,30,0,2,12,6,11,1,0
1,0,0,28.29,0,0,0,0,0,0,1,0,0,1,30,30,0,2,5,5,6,1,0
1,1,0,28.19,1,0,0,1,0,0,0,0,0,4,10,30,0,2,10,6,6,1,0
1,1,0,25.15,1,0,0,1,0,0,1,0,0,3,6,30,0,2,10,6,10,1,0
1,1,0,22.6,0,0,0,1,0,0,1,0,0,2,30,30,0,2,11,6,6,1,0
1,1,0,24.33,1,0,0,1,0,0,1,0,0,3,30,30,0,2,10,5,6,1,0
1,1,0,32.49,1,0,0,1,0,0,1,0,0,2,30,30,0,1,6,6,6,1,0
1,0,0,27.4,0,0,0,1,0,0,1,0,0,2,30,30,0,2,14,6,6,1,0
1,0,0,29.62,0,0,0,1,0,0,1,0,0,3,30,30,0,2,3,4,6,1,0
1,1,0,26.58,0,0,0,1,0,0,1,0,0,1,30,30,0,1,6,6,11,1,0
1,0,1,34.3,0,0,0,1,0,0,1,0,0,3,30,30,0,2,1,4,6,1,0
1,0,0,27.73,0,0,0,1,0,0,0,0,0,1,30,30,0,1,2,5,6,1,0
1,0,0,45.73,1,0,0,1,0,0,1,0,0,3,20,30,0,2,3,4,6,1,0
1,0,0,27.4,0,0,0,1,0,0,1,0,0,3,3,30,1,2,10,5,6,1,0
1,0,0,23.49,0,0,0,1,0,0,1,0,0,2,30,30,0,2,13,5,6,1,0
1,0,0,20.54,1,0,0,1,0,0,1,0,0,2,5,30,0,1,6,6,6,1,0
1,1,0,27.44,0,0,0,1,0,0,1,0,0,2,30,30,0,2,10,6,6,1,0
1,1,0,26.63,1,0,1,1,0,0,0,0,0,3,30,30,0,1,10,6,6,1,0
1,1,0,25.1,1,0,0,1,0,0,1,0,0,2,5,30,0,1,12,6,6,1,0
1,1,0,33.28,0,0,0,0,0,0,1,0,0,1,30,30,0,1,4,6,5,1,0
1,0,0,31.14,0,0,0,1,0,0,1,0,0,3,3,30,0,1,4,5,6,1,0
1,1,0,33.07,0,0,0,1,0,0,1,0,0,1,30,30,0,2,10,4,3,1,0
1,0,0,27.32,0,0,0,1,0,0,1,0,0,2,30,30,0,1,4,6,11,1,0
1,0,0,31.93,0,0,0,1,0,0,1,0,1,4,30,30,0,1,6,5,10,1,0
1,0,0,36.54,1,0,0,1,0,0,1,0,0,2,30,30,0,1,10,5,6,1,0
1,1,0,22.47,1,0,0,1,0,0,1,0,1,2,30,30,0,1,4,4,6,1,0
1,0,0,28.34,1,0,0,0,0,0,1,0,0,2,30,30,0,2,12,6,6,1,0
1,0,0,23.71,0,0,0,1,0,0,1,0,0,4,30,30,0,1,2,6,6,1,0
1,0,0,30.11,0,0,0,1,0,0,1,0,0,2,30,30,0,2,13,4,6,1,0
1,0,0,27.4,0,0,0,1,0,0,1,0,0,3,30,30,0,2,10,6,5,1,0
1,1,0,25.75,0,0,0,1,0,0,1,0,0,2,30,30,0,2,10,6,6,1,0
1,0,0,24.89,0,1,0,0,0,0,1,0,0,2,30,30,0,2,12,6,6,1,0
1,0,0,27.4,0,0,0,1,0,0,1,0,0,2,30,15,0,1,10,6,6,1,0
1,0,0,18.69,0,0,0,1,0,0,1,0,0,1,30,30,0,2,1,5,5,1,0
1,0,0,21.93,1,0,1,1,0,0,1,0,0,4,30,30,1,2,4,5,1,1,0
1,0,0,26.78,0,1,0,1,0,0,1,0,0,1,30,30,0,1,13,5,6,1,0
1,0,0,33.66,1,0,0,1,0,0,1,0,0,3,3,30,0,2,11,6,6,1,0
1,0,0,22.55,0,0,0,1,0,0,1,0,0,2,4,30,0,2,10,6,10,1,0
1,0,0,27.4,1,0,0,1,0,0,1,0,0,3,30,30,1,2,10,6,6,1,0
1,1,0,29.16,0,0,0,1,0,0,1,0,0,2,30,30,0,1,10,6,11,1,0
1,1,0,22.31,1,0,0,1,0,0,1,0,1,3,30,30,0,2,10,5,6,1,0
1,0,0,31.57,1,0,0,1,0,0,1,0,0,3,20,30,1,1,4,5,6,1,0
1,0,0,23.23,1,0,0,1,0,0,1,0,0,2,30,30,0,2,10,4,6,1,0
1,0,0,26.63,0,0,0,1,0,0,1,0,0,3,5,2,0,2,6,6,10,1,0
1,0,0,26.61,1,0,0,0,0,0,1,0,0,3,30,30,1,2,10,5,6,1,0
1,0,0,23.75,1,0,1,1,0,0,1,0,0,3,30,15,0,1,10,5,6,1,0
1,0,0,36.58,1,0,0,1,0,0,1,0,0,3,30,30,0,2,3,4,6,1,0
1,0,0,20.34,0,0,0,0,0,0,1,0,0,3,30,30,1,1,13,6,6,1,0
1,0,0,19.94,0,0,0,1,0,0,1,0,0,3,30,30,0,1,10,4,6,1,0
1,0,1,25.39,1,0,0,1,0,0,1,0,0,2,20,5,0,2,10,6,6,1,0
1,0,0,27.4,0,0,0,1,0,0,1,0,0,3,10,5,0,2,1,4,6,1,0
1,0,0,30.68,0,0,0,1,0,0,1,0,0,2,30,1,0,1,11,6,6,1,0
1,1,0,23.44,1,0,0,1,0,0,1,0,0,2,20,30,0,2,10,5,6,1,0
1,0,0,29.79,1,0,0,1,0,0,1,0,0,2,30,30,0,2,12,5,6,1,0
1,0,0,27.63,0,0,0,1,0,0,1,0,0,3,30,30,0,2,12,5,6,1,0
1,0,0,27.4,0,0,0,1,0,0,1,0,0,3,30,30,0,2,10,6,6,1,0
1,1,0,27.5,0,0,0,1,0,0,1,0,0,2,10,30,0,1,6,6,6,1,0
1,1,0,21.41,0,0,0,1,0,0,1,0,0,2,30,1,0,1,10,6,6,1,0
1,0,0,28.35,0,0,0,1,0,0,1,0,0,3,10,10,0,2,11,6,6,1,0
1,0,0,20.98,0,0,0,1,0,0,1,0,0,3,1,30,0,1,10,6,6,1,0
1,0,0,23.57,1,0,1,1,0,0,1,0,0,2,30,30,0,1,12,4,6,1,0
1,0,0,32.61,0,0,0,0,0,0,1,0,0,2,30,30,0,2,10,6,11,1,0
1,0,0,24.02,0,0,0,1,0,0,1,0,0,4,3,30,0,1,10,5,4,1,0
1,1,0,29.53,0,0,0,1,0,0,1,0,0,2,5,30,0,1,10,6,10,1,0
1,0,0,27.12,0,0,0,1,0,0,1,0,0,2,30,30,0,1,10,5,11,1,0
1,0,0,29.29,1,0,0,1,0,0,1,0,0,3,30,30,0,1,5,4,6,1,0
1,0,0,30.9,1,0,0,1,0,0,1,0,1,4,30,3,0,2,5,4,6,1,0
1,1,0,29.26,0,0,0,1,0,0,1,0,0,2,30,30,0,2,10,6,6,1,0
1,0,0,42.07,1,0,0,1,0,0,1,0,0,1,30,4,1,2,6,2,4,1,0
1,0,0,27.4,1,0,0,1,0,0,1,0,1,3,30,30,0,2,10,5,6,1,0
1,0,0,30.9,1,0,0,1,0,0,1,0,0,3,30,30,0,2,10,4,5,1,0
1,0,0,29.05,1,0,0,1,0,0,1,0,0,1,30,30,0,2,13,5,3,1,0
0,1,0,27.4,0,0,0,1,0,0,1,0,0,3,30,30,0,2,6,6,6,1,0
1,0,0,33.0,0,0,0,1,0,0,1,0,0,3,30,1,0,1,1,6,6,1,0
1,1,0,30.9,1,0,0,0,0,0,1,0,0,2,30,30,0,2,6,5,6,1,0
1,0,0,25.8,0,0,0,1,0,0,1,0,0,1,30,2,0,1,10,5,6,1,0
1,1,0,27.1,1,0,0,0,0,0,1,0,0,2,30,30,0,1,5,1,3,1,0
1,0,0,27.4,1,0,0,0,0,0,1,0,0,4,2,30,0,2,3,6,6,1,0
1,1,0,25.8,0,0,0,1,0,0,1,0,0,2,4,30,0,1,10,6,5,1,0
1,1,0,28.13,1,0,0,1,0,0,1,0,0,3,5,30,0,1,6,6,10,1,0
1,0,0,23.38,1,0,0,1,0,0,1,0,0,2,30,30,0,2,13,6,6,1,0
1,0,1,36.58,0,0,0,1,0,0,1,0,0,3,30,30,1,2,10,6,5,1,0
1,0,0,26.57,0,0,0,1,0,0,1,0,0,2,30,30,0,2,13,6,6,1,0
1,0,0,27.4,0,0,0,1,0,0,1,0,0,2,30,2,0,1,10,6,6,1,0
1,1,0,21.03,0,0,1,1,0,0,1,0,1,2,30,30,0,2,10,6,6,1,0
1,0,0,28.06,1,0,0,1,0,0,1,0,0,2,30,30,0,1,10,6,6,1,0
1,0,0,29.41,0,0,0,1,0,0,1,0,0,2,30,30,0,1,10,6,6,1,0
1,0,0,20.78,0,0,0,1,0,0,1,0,0,3,30,30,0,2,10,6,6,1,0
1,0,0,27.4,0,0,0,1,0,0,0,0,0,4,30,3,0,2,10,5,3,1,0
1,0,0,25.11,0,0,0,1,0,0,1,0,0,3,3,30,0,1,10,4,6,1,0
1,0,0,22.31,0,0,0,1,0,0,1,0,0,2,30,30,0,2,12,5,6,1,0
1,1,0,29.12,0,0,0,1,0,0,1,0,0,2,5,30,0,2,3,6,6,1,0
1,1,0,17.14,1,0,1,1,0,0,1,0,1,3,15,20,1,2,10,5,6,1,0
1,0,0,27.44,1,0,1,0,0,0,1,0,0,2,30,30,0,2,10,4,2,1,0
1,0,0,25.06,1,0,0,1,0,0,1,0,0,2,30,30,0,1,10,6,6,1,0
1,0,0,27.4,0,0,0,0,0,0,1,0,1,2,30,30,0,1,10,6,6,1,0
1,0,0,32.77,0,0,0,1,0,0,1,0,0,3,5,5,0,2,10,5,6,1,0
1,0,0,26.45,0,0,0,1,0,0,1,0,0,2,30,30,0,1,10,5,6,1,0
1,1,0,21.86,0,1,0,1,0,0,1,0,0,2,30,30,0,2,10,4,5,1,0
1,0,0,27.4,0,0,0,1,0,0,1,0,0,1,30,30,0,1,11,6,6,1,0
1,0,0,27.4,1,0,0,0,0,0,1,0,0,3,30,30,0,2,10,4,6,1,0
1,0,0,33.0,0,0,0,1,0,0,1,0,0,2,30,30,0,1,12,6,6,1,0
1,0,0,34.7,0,0,0,1,0,0,1,0,0,2,30,30,0,2,3,3,5,1,0
1,0,0,27.4,1,0,0,1,0,0,1,0,0,2,30,30,0,2,10,6,6,1,0
1,1,0,22.3,0,0,0,1,0,0,1,0,0,2,30,30,0,2,12,5,6,1,0
1,0,0,30.81,0,0,0,1,0,0,1,0,0,3,30,20,0,1,11,6,11,1,0
1,0,0,25.83,1,0,0,1,0,0,1,0,0,2,30,30,0,1,12,6,6,1,0
1,1,0,31.0,0,0,0,1,0,0,1,0,0,3,3,1,0,1,1,5,6,1,0
1,0,0,27.4,0,0,0,1,0,0,1,0,0,2,30,30,0,1,14,5,6,1,0
1,1,0,31.62,0,0,0,1,0,0,1,0,0,3,1,30,0,2,3,6,6,1,0
1,0,0,24.94,0,0,0,1,0,0,1,0,0,4,30,30,0,1,10,6,11,1,0
1,1,0,27.37,0,0,0,1,0,0,1,0,0,2,30,1,0,1,10,6,6,1,0
1,1,0,35.26,1,0,0,1,0,0,1,0,0,2,10,30,0,1,5,5,6,1,0
1,0,0,25.11,1,0,0,1,0,0,1,0,0,2,2,30,0,1,14,5,6,1,0
1,0,0,26.61,0,0,0,1,0,0,1,0,0,2,30,30,0,1,10,5,10,1,0
1,1,0,27.05,1,0,0,0,0,0,1,0,0,3,30,30,0,1,5,6,6,1,0
1,0,0,31.75,0,0,0,1,0,0,1,0,0,2,17,5,0,2,3,5,6,1,0
1,0,0,25.84,1,0,0,1,0,0,1,0,0,2,30,30,0,1,10,5,6,1,0
1,0,0,29.98,1,0,0,1,0,0,1,0,0,2,30,30,0,1,10,5,6,1,0
1,0,0,24.02,1,0,0,1,0,0,1,0,0,2,1,5,0,2,12,4,4,1,0
1,0,0,27.4,0,0,0,1,0,0,1,0,0,3,30,30,0,1,10,3,6,1,0
1,0,0,30.41,0,0,0,1,0,0,0,0,0,3,30,30,0,1,10,6,6,1,0
1,0,0,42.37,0,0,0,1,0,0,1,0,0,3,30,30,0,1,6,6,10,1,0
1,1,0,28.8,0,0,0,1,0,0,1,0,0,2,30,30,0,2,6,5,6,1,0
1,0,0,28.5,0,0,0,0,0,0,1,0,0,2,30,30,0,2,13,6,6,1,0
1,0,0,34.46,1,0,0,1,0,0,1,0,0,2,30,30,0,1,2,4,6,1,0
1,0,0,39.86,0,0,1,1,0,0,1,0,0,3,2,14,0,2,4,6,6,1,0
1,0,0,29.21,1,0,0,1,0,0,1,0,0,2,30,30,0,1,10,5,6,1,0
1,0,0,22.43,0,0,0,1,0,0,1,0,0,2,30,30,1,1,10,4,11,1,0
1,0,0,26.86,0,0,0,1,0,0,0,0,0,3,28,30,0,2,13,5,5,1,0
1,0,1,28.32,0,0,0,1,0,0,1,0,0,3,30,5,1,2,10,2,3,1,0
1,0,0,25.73,1,0,0,1,0,0,1,0,0,1,15,30,0,1,3,6,6,1,0
1,0,0,21.73,1,0,0,0,0,0,1,0,0,2,20,30,0,2,13,6,4,1,0
1,0,0,27.4,0,0,0,1,0,0,1,0,0,4,30,30,0,2,6,6,6,1,0
1,0,0,30.51,1,0,0,1,0,0,1,0,0,2,5,30,0,2,5,6,6,1,0
1,0,0,25.33,1,0,0,1,0,0,0,0,0,4,30,5,1,1,11,6,6,1,0
1,0,0,28.91,0,0,0,1,0,0,1,0,0,2,30,30,0,2,12,5,6,1,0
1,0,0,30.52,0,0,0,1,0,0,1,0,0,3,30,30,0,1,10,6,6,1,0
1,0,0,36.58,1,0,0,1,0,0,1,0,0,2,2,2,0,2,10,5,4,1,0
1,0,0,27.4,0,0,0,1,0,0,1,0,0,3,30,30,0,1,3,4,3,1,0
1,0,0,27.12,0,0,0,1,0,0,1,0,0,3,1,3,0,1,10,6,11,1,0
1,0,0,28.7,0,0,0,0,0,0,1,0,0,2,30,30,0,1,10,5,6,1,0
1,0,0,20.97,0,0,0,1,0,0,1,0,0,3,30,2,0,2,13,6,6,1,0
1,0,0,29.37,1,0,0,0,0,0,1,0,0,3,15,4,0,1,5,4,5,1,0
1,1,0,31.58,1,0,0,1,0,0,1,0,1,3,20,30,0,2,5,6,6,1,0
1,0,0,30.81,1,0,0,0,0,0,1,0,0,2,30,30,0,1,11,4,6,1,0
1,0,0,28.29,0,0,0,1,0,0,1,0,0,2,30,30,0,2,10,6,6,1,0
1,0,0,20.78,0,0,0,1,0,0,1,0,0,3,30,30,1,2,13,6,6,1,0
1,0,0,23.44,0,0,0,0,0,0,1,0,0,4,4,30,0,2,10,6,6,1,0
1,0,0,32.98,1,0,0,1,0,0,1,0,0,2,30,30,0,1,10,4,5,1,0
1,0,0,25.69,1,0,1,1,0,0,1,0,0,1,30,30,0,2,13,4,4,1,0
1,1,0,30.68,1,0,0,1,0,0,1,0,0,1,30,30,0,1,10,4,6,1,0
1,1,0,27.97,0,0,0,1,0,0,1,0,0,2,30,30,0,1,5,6,11,1,0
1,0,0,29.86,0,0,0,1,0,0,1,0,0,3,30,30,0,2,10,5,4,1,0
1,0,0,23.99,0,0,0,1,0,0,1,0,0,2,30,1,0,1,10,6,6,1,0
1,0,0,32.54,0,0,0,0,0,0,1,0,0,2,30,30,0,2,10,5,6,1,0
1,0,0,27.4,1,0,0,0,0,0,1,0,0,4,30,30,1,2,3,3,3,1,0
1,0,0,38.27,0,0,0,1,0,0,1,0,0,2,30,30,0,1,10,6,10,1,0
1,0,0,33.28,1,0,0,0,0,0,1,0,0,3,2,30,0,2,2,4,6,1,0
1,0,0,25.8,0,0,0,1,0,0,1,0,0,2,30,3,0,1,1,4,6,1,0
1,0,0,27.41,0,0,0,1,0,0,1,0,0,1,30,30,0,1,13,6,6,1,0
1,0,0,21.86,0,0,0,1,0,0,1,0,0,2,30,3,0,1,2,5,6,1,0
1,0,0,21.52,0,0,0,1,0,0,1,0,0,2,30,30,0,1,10,6,3,1,0
1,0,0,27.12,0,0,0,0,0,0,1,0,0,1,30,30,0,1,10,6,6,1,0
1,0,0,41.98,0,0,0,0,0,0,1,0,0,3,5,30,0,2,2,6,6,1,0
1,1,0,27.72,1,0,0,1,0,0,1,0,0,1,30,30,0,1,10,6,10,1,0
1,0,0,27.96,0,0,0,1,0,0,1,0,0,1,1,30,0,2,10,5,5,1,0
1,0,0,24.39,0,0,0,1,0,0,1,0,0,2,30,30,1,1,13,5,6,1,0
1,0,0,33.0,1,0,0,1,0,0,1,0,0,2,3,30,0,1,10,5,6,1,0
1,1,0,18.12,0,0,0,1,0,0,1,0,0,1,30,3,1,1,6,5,6,1,0
1,0,0,27.4,0,0,0,1,0,0,1,0,1,3,30,30,0,1,5,5,6,1,0
1,0,0,27.4,0,0,0,1,0,0,1,0,0,4,30,30,0,2,10,6,6,1,0
1,1,0,25.02,1,0,0,1,0,0,1,0,0,2,30,30,0,1,12,6,6,1,0
1,0,0,25.51,1,0,0,0,0,0,1,0,0,2,30,30,0,2,13,6,6,1,0
1,0,0,27.4,0,0,1,1,0,0,1,0,1,3,30,5,0,2,1,6,6,1,0
1,0,0,29.65,0,0,0,1,0,0,1,0,0,3,30,30,0,2,10,6,6,1,0
1,0,0,27.2,0,0,0,0,0,0,1,0,0,2,30,30,0,1,10,4,6,1,0
1,0,0,46.11,0,0,0,1,0,0,1,0,1,2,25,2,0,1,2,5,6,1,0
1,0,0,35.78,1,0,0,1,0,0,1,0,0,2,30,30,1,2,10,5,10,1,0
1,0,0,23.78,0,0,0,1,0,0,1,0,0,3,30,30,0,2,13,6,6,1,0
1,0,0,42.57,0,0,0,1,0,0,1,0,0,3,25,30,0,2,2,6,6,1,0
1,0,0,20.98,1,0,0,0,0,0,1,0,0,5,4,30,1,2,4,5,6,1,0
1,1,0,35.44,1,0,0,1,0,0,1,0,0,2,30,2,0,2,6,6,6,1,0
1,0,0,24.34,0,0,0,1,0,0,1,0,0,2,30,30,1,1,10,6,6,1,0
1,0,0,23.3,1,0,0,1,0,0,1,0,0,2,30,30,0,1,13,3,6,1,0
1,0,0,29.53,1,0,0,1,0,0,1,0,0,2,25,30,0,1,3,5,5,1,0
1,1,0,27.26,0,0,0,1,0,0,1,0,0,2,30,30,0,1,10,6,6,1,0
1,0,0,23.03,0,0,0,0,0,0,1,0,0,3,30,2,0,2,6,6,6,1,0
1,0,0,22.05,1,0,0,1,0,0,1,0,0,2,30,30,0,2,10,5,3,1,0
1,1,0,25.51,0,0,0,1,0,0,1,0,0,2,30,30,0,2,12,6,6,1,0
1,1,0,25.02,0,0,0,1,0,0,1,0,0,1,30,3,0,2,11,6,6,1,0
1,1,0,28.25,0,0,0,1,0,0,1,0,0,2,5,30,0,1,4,5,6,1,0
1,0,0,35.62,1,0,0,1,0,0,1,0,0,3,30,1,0,1,6,4,6,1,0
1,1,0,22.5,0,0,0,0,0,0,1,0,0,1,30,30,0,1,10,5,6,1,0
1,0,1,32.98,1,0,0,1,0,0,1,0,0,3,30,30,0,1,3,6,6,1,0
1,0,0,20.61,1,0,0,0,0,0,1,0,1,5,30,30,1,1,6,5,5,1,0
1,0,0,31.93,0,0,0,1,0,0,1,0,0,2,30,30,0,1,10,6,6,1,0
1,0,0,27.4,0,0,0,1,0,0,1,0,0,2,2,30,0,2,10,6,6,1,0
1,0,0,27.5,0,0,0,0,0,0,1,0,0,2,30,30,0,1,13,6,4,1,0
1,0,0,23.78,1,0,0,1,0,0,1,0,0,3,30,30,0,2,12,4,6,1,0
1,0,0,34.3,1,0,0,0,0,0,1,0,1,2,1,30,0,1,3,5,6,1,0
1,1,0,25.1,0,0,0,1,0,0,1,0,0,3,10,30,0,1,11,6,11,1,0
1,1,0,27.4,1,0,0,1,0,0,1,0,0,3,30,30,0,2,10,6,10,1,0
1,1,0,34.06,1,0,0,1,0,0,1,0,0,3,2,30,0,2,5,5,6,1,0
1,0,0,30.67,0,0,0,1,0,0,1,0,0,3,5,3,0,2,10,5,4,1,0
1,0,0,20.18,0,0,0,0,0,0,1,0,0,2,30,6,1,2,13,4,6,1,0
1,0,0,24.27,1,0,0,1,0,0,1,0,0,2,30,30,0,2,11,6,6,1,0
1,1,0,23.49,0,0,0,1,0,0,1,0,0,3,30,30,0,2,10,6,6,1,0
1,0,0,24.96,0,0,0,1,0,0,1,0,0,2,2,30,1,2,13,4,6,1,0
1,0,0,27.4,0,0,0,1,0,0,1,0,0,3,30,30,0,2,10,4,6,1,0
1,1,0,26.61,0,0,0,1,0,0,1,0,1,1,2,5,0,1,5,6,6,1,0
1,0,0,28.25,0,0,0,1,0,0,1,0,0,3,30,30,0,1,1,4,6,1,0
1,0,0,27.55,1,0,0,1,0,0,1,0,0,2,30,30,0,1,11,4,6,1,0
1,0,0,22.81,0,0,0,1,0,0,1,0,0,2,30,30,0,1,14,6,6,1,0
1,0,0,29.86,0,0,0,1,0,0,1,0,0,1,30,30,0,1,11,4,3,1,0
1,0,0,31.19,1,0,0,1,0,0,1,0,0,2,30,30,0,1,10,6,6,1,0
1,1,0,22.6,1,0,0,1,0,0,1,0,0,3,2,30,0,1,10,6,6,1,0
1,1,0,23.75,0,0,0,1,0,0,1,0,0,1,30,30,0,1,12,6,6,1,0
1,0,0,21.51,0,0,0,1,0,0,1,0,0,2,30,3,0,1,10,6,6,1,0
1,0,0,23.67,1,0,0,1,0,0,1,0,0,2,30,30,0,1,10,5,6,1,0
1,0,0,27.4,0,0,0,1,0,0,1,0,0,3,30,15,0,1,5,3,6,1,0
1,1,0,21.74,1,0,0,1,0,0,1,0,0,2,30,30,0,1,12,4,6,1,0
1,0,0,28.19,0,0,1,1,0,0,1,0,0,2,30,2,1,2,10,4,6,1,0
1,1,0,32.1,0,0,0,1,0,0,0,0,0,2,30,30,1,1,10,4,11,1,0
1,0,0,25.06,0,0,0,0,0,0,1,0,0,3,30,30,0,1,10,4,6,1,0
1,0,0,33.64,0,0,0,1,0,0,1,0,0,2,13,30,0,2,10,6,6,1,0
1,1,0,24.41,0,0,0,1,0,0,1,0,0,1,30,30,0,1,10,6,6,1,0
1,0,0,19.49,1,0,0,1,0,0,0,0,0,4,30,30,0,2,10,4,2,1,0
1,1,0,24.37,0,0,0,1,0,0,1,0,0,2,30,30,0,1,10,6,10,1,0
1,0,1,37.86,0,0,0,1,0,0,1,0,0,3,30,2,0,2,4,4,5,1,0
1,0,0,25.1,1,0,0,1,0,0,1,0,0,3,30,30,0,1,11,6,6,1,0
1,1,0,27.4,0,0,0,1,0,0,1,0,0,2,30,30,0,2,10,6,6,1,0
1,0,0,29.53,0,0,0,1,0,0,1,0,0,2,30,30,0,1,11,6,6,1,0
1,0,0,29.49,0,0,0,1,0,0,1,0,0,3,30,30,0,2,10,4,6,1,0
1,0,0,24.13,0,0,0,1,0,0,1,0,0,2,30,30,0,2,11,6,6,1,0
1,1,0,28.7,0,0,0,1,0,0,1,0,0,2,30,30,0,1,10,6,6,1,0
1,0,0,27.4,1,0,0,0,0,0,1,0,0,1,30,30,0,1,5,1,6,1,0
1,0,0,25.09,1,0,0,0,0,0,1,0,1,3,30,30,0,1,5,5,6,1,0
1,0,0,17.94,0,0,0,1,0,0,1,0,0,3,30,30,0,2,6,6,10,1,0
1,0,0,24.41,1,0,0,1,0,0,1,0,0,4,30,30,0,1,4,6,5,1,0
1,1,0,21.73,0,0,0,1,0,0,1,0,0,3,30,30,0,2,10,6,6,1,0
1,1,0,21.03,0,0,0,1,0,0,1,0,0,2,30,30,0,2,11,6,6,1,0
1,1,0,30.27,1,0,0,1,0,0,1,0,0,1,30,20,0,1,10,4,6,1,0
1,0,0,38.45,1,0,0,1,0,0,1,0,0,2,15,30,0,2,5,5,1,1,0
0,0,1,28.88,0,0,0,1,0,0,1,0,0,3,30,30,0,2,3,6,6,1,0
1,0,0,26.57,0,0,0,0,0,0,1,0,0,2,30,30,1,2,12,3,5,1,0
1,0,0,31.39,0,0,0,0,0,0,1,0,0,3,15,30,0,1,1,3,4,1,0
1,1,0,23.71,1,0,0,1,0,0,1,0,0,2,30,30,0,2,11,4,6,1,0
1,0,0,26.15,1,1,0,1,0,0,1,0,0,2,30,30,0,2,11,4,6,1,0
1,1,0,26.63,0,0,0,1,0,0,1,0,0,2,14,14,0,1,10,6,11,1,0
1,0,0,28.17,1,0,0,1,0,0,1,0,0,2,30,30,1,2,12,4,3,1,0
1,0,0,27.4,0,0,0,1,0,0,1,0,0,3,30,30,0,1,10,5,5,1,0
1,0,0,32.59,0,0,0,0,0,0,1,0,0,4,30,30,0,2,5,6,6,1,0
1,1,0,25.75,0,0,0,1,0,0,1,0,0,3,1,1,0,2,11,6,10,1,0
1,0,0,26.78,0,0,0,0,0,0,1,0,0,2,30,1,1,2,12,4,6,1,0
1,0,0,28.32,1,1,0,1,0,0,1,0,0,3,30,30,0,2,10,5,6,1,0
1,0,0,29.16,1,0,0,1,0,0,1,0,1,3,1,3,0,1,3,6,6,1,0
1,0,0,36.95,0,0,0,0,0,0,1,0,0,2,30,30,0,1,6,4,2,1,0
1,0,0,25.7,1,1,0,1,0,0,1,0,0,2,30,10,0,1,13,5,6,1,0
1,1,0,36.61,1,0,0,1,0,0,1,0,0,2,30,30,0,2,6,6,6,1,0
1,0,0,21.95,0,0,0,1,0,0,1,0,0,2,30,30,0,2,10,5,6,1,0
1,1,0,24.52,1,0,0,1,0,0,1,0,0,2,30,30,0,1,10,6,10,1,0
1,1,0,35.67,0,0,0,1,0,0,1,0,0,2,2,6,0,2,10,6,10,1,0
1,1,0,23.67,0,0,0,0,0,0,1,0,0,2,1,30,1,2,11,5,5,1,0
1,0,0,30.13,1,0,0,1,0,0,1,0,0,2,30,30,1,1,12,5,6,1,0
1,0,0,27.4,1,0,0,1,0,0,1,0,0,3,1,30,0,2,10,6,6,1,0
1,0,0,32.28,0,0,0,1,0,0,1,0,0,3,30,30,0,2,10,6,6,1,0
1,0,0,29.53,0,0,0,1,0,0,1,0,0,3,1,5,0,1,6,6,10,1,0
1,0,0,36.61,0,0,0,1,0,0,1,0,0,3,30,30,0,2,6,6,6,1,0
1,0,0,24.21,0,0,0,0,0,0,1,0,0,4,5,3,0,2,6,6,6,1,0
1,0,0,25.11,0,0,0,1,0,0,1,0,0,2,30,30,0,1,13,6,6,1,0
1,1,0,20.08,1,0,0,1,0,0,1,0,0,2,30,30,0,2,10,6,6,1,0
1,0,1,24.8,1,0,0,1,0,0,1,0,0,4,25,25,0,2,5,5,2,1,0
1,0,0,31.62,1,0,0,1,0,0,1,0,0,3,3,5,0,2,10,5,11,1,0
1,0,0,22.31,0,0,0,1,0,0,1,0,0,1,30,30,0,1,1,5,2,1,0
1,0,0,26.5,1,0,0,1,0,0,1,0,0,3,30,2,0,1,12,6,6,1,0
1,1,0,27.4,0,0,0,1,0,0,1,0,0,3,30,30,0,2,1,2,6,1,0
1,0,0,24.39,0,0,0,1,0,0,1,0,0,2,30,2,0,1,12,5,5,1,0
1,0,0,25.82,0,0,0,1,0,0,1,0,0,2,30,30,1,2,11,5,5,1,0
1,0,0,34.33,0,0,0,1,0,0,0,0,0,3,30,3,0,2,10,6,6,1,0
1,0,0,27.88,0,0,0,1,0,0,1,0,0,3,30,30,0,2,6,4,3,1,0
1,0,0,26.5,1,0,0,1,0,0,1,0,0,3,30,30,0,1,10,5,6,1,0
1,0,0,22.53,1,0,0,1,0,0,1,0,0,3,30,30,0,1,5,5,6,1,0
1,0,0,27.4,0,0,0,1,0,0,1,0,0,2,4,4,1,2,11,6,10,1,0
1,0,0,30.13,1,0,0,1,0,0,1,0,0,2,30,30,0,1,12,6,6,1,0
1,0,0,21.85,0,0,0,0,0,0,1,0,0,4,30,30,0,1,5,2,5,1,0
1,1,0,30.72,1,0,0,1,0,0,1,0,0,3,5,30,0,2,6,5,6,1,0
1,0,0,19.26,1,0,0,1,0,0,1,0,0,1,3,30,1,1,10,6,6,1,0
1,0,0,21.89,0,0,0,1,0,0,1,0,1,2,10,30,0,1,2,4,11,1,0
1,0,0,27.4,0,0,0,1,0,0,1,0,0,2,30,30,0,2,10,4,6,1,0
1,0,1,34.9,0,0,0,1,0,0,1,0,0,2,30,30,0,2,10,4,4,1,0
1,1,0,24.64,1,0,0,1,0,0,1,0,0,2,15,30,0,2,12,5,6,1,0
1,0,0,21.46,0,1,0,1,0,0,1,0,0,3,4,5,0,2,11,6,2,1,0
1,0,0,24.69,1,0,0,1,0,0,1,0,0,2,30,30,0,2,10,6,6,1,0
1,0,0,32.55,1,0,0,1,0,0,1,0,0,1,30,30,0,1,11,6,6,1,0
1,1,0,26.52,0,0,0,0,0,0,1,0,0,3,3,20,0,2,6,5,4,1,0
1,0,0,27.06,0,0,0,1,0,0,1,0,0,3,30,30,0,1,12,6,6,1,0
1,0,1,30.41,0,0,0,1,0,0,1,0,0,3,30,30,0,1,10,4,6,1,0
1,0,0,21.43,0,0,0,0,0,0,1,0,0,3,30,2,1,2,13,6,6,1,0
1,0,0,27.4,0,0,0,1,0,0,1,0,0,2,30,4,0,1,10,5,6,1,0
1,0,0,27.4,0,0,1,1,0,0,1,0,0,3,30,30,0,1,10,6,6,1,0
1,0,0,23.0,0,0,0,1,0,0,0,0,0,3,14,30,0,2,11,6,6,1,0
1,1,0,28.7,1,0,0,1,0,0,1,0,1,3,5,30,0,1,3,5,6,1,0
1,1,0,27.57,1,0,0,1,0,0,1,0,0,1,30,5,0,1,10,6,6,1,0
1,0,0,27.4,0,0,0,1,0,0,1,0,0,3,30,5,0,2,5,4,6,1,0
1,0,0,27.4,0,0,0,1,0,0,1,0,0,3,2,1,0,2,11,5,6,1,0
1,1,0,43.94,0,0,0,1,0,0,1,0,0,2,1,30,0,2,3,6,6,1,0
1,1,0,20.67,1,0,0,1,0,0,1,0,0,3,2,30,0,2,12,6,6,1,0
1,0,1,39.11,1,0,0,0,0,0,0,0,0,4,10,30,0,2,10,6,6,1,0
1,0,0,27.4,0,0,0,1,0,0,1,0,0,3,30,30,0,2,5,6,11,1,0
1,1,0,28.89,1,0,0,1,0,0,1,0,0,2,2,30,0,2,10,6,6,1,0
1,0,0,27.4,0,0,0,1,0,0,1,0,0,3,30,30,0,1,11,6,6,1,0
1,0,0,24.89,0,0,0,0,0,0,1,0,1,4,3,15,0,2,6,5,4,1,0
1,0,0,25.61,0,0,0,1,0,0,1,0,0,3,30,30,0,2,10,6,6,1,0
1,0,0,30.04,0,0,0,1,0,0,1,0,0,2,30,30,0,2,12,4,6,1,0
1,0,0,27.4,1,1,0,1,0,0,1,0,1,3,2,30,0,2,10,5,6,1,0
1,0,0,38.62,0,0,0,1,0,0,1,0,1,2,13,5,0,2,6,5,6,1,0
1,1,0,30.41,1,0,0,1,0,0,0,0,0,2,2,30,0,1,12,6,6,1,0
1,1,0,22.96,0,0,0,1,0,0,1,0,0,2,30,30,0,1,10,6,6,1,0
1,0,0,29.86,1,0,0,1,0,0,1,0,0,3,30,30,0,2,6,3,1,1,0
1,1,0,29.68,0,0,0,1,0,0,1,0,0,2,30,30,0,1,10,5,11,1,0
1,1,0,23.63,0,0,0,1,0,0,1,0,0,1,1,30,0,1,6,6,6,1,0
1,0,0,29.35,0,0,0,1,0,0,1,0,0,1,14,5,0,1,10,6,6,1,0
1,0,0,26.93,1,1,0,1,0,0,1,0,0,2,30,30,0,2,10,4,3,1,0
1,0,0,27.71,0,0,0,1,0,0,1,0,0,3,30,30,0,1,10,6,6,1,0
1,1,0,21.46,1,0,0,1,0,0,0,0,0,4,10,15,1,2,10,5,2,1,0
1,0,0,25.37,1,0,0,1,0,0,1,0,1,1,30,30,0,2,10,5,4,1,0
1,0,0,27.4,0,0,0,0,0,0,1,0,0,3,30,30,0,2,10,6,6,1,0
1,0,0,26.32,1,0,0,0,0,0,1,0,0,2,30,30,0,1,11,6,6,1,0
1,0,0,25.11,1,0,0,1,0,0,1,0,0,3,1,30,0,1,11,5,6,1,0
1,0,1,27.4,0,0,0,0,0,0,1,0,1,2,30,30,1,2,14,6,6,1,0
1,0,1,42.18,0,0,0,1,0,0,1,0,0,3,10,30,0,2,1,5,1,1,0
1,0,0,28.34,0,0,0,0,0,0,1,0,0,4,30,30,0,2,5,4,1,1,0
1,1,0,23.74,0,0,0,0,0,0,1,0,0,1,30,30,0,2,10,5,5,1,0
1,0,0,23.91,0,1,0,1,0,0,1,0,0,3,30,30,0,2,10,5,4,1,0
1,1,0,27.44,0,0,0,1,0,0,1,0,0,1,30,30,0,2,11,5,6,1,0
1,0,0,29.84,1,0,1,1,0,0,1,0,0,2,30,30,0,1,10,5,6,1,0
1,1,0,25.96,0,0,0,1,0,0,1,0,0,2,2,3,0,2,10,6,10,1,0
1,0,0,27.12,0,0,0,1,0,0,1,0,0,2,30,30,0,1,10,5,6,1,0
1,0,0,29.84,1,0,0,1,0,0,1,0,0,3,30,2,0,1,10,5,6,1,0
1,0,0,30.11,0,0,0,1,0,0,1,0,0,2,30,30,0,2,11,5,6,1,0
1,0,0,29.6,0,0,0,0,0,0,1,0,0,4,15,15,1,2,4,4,5,1,0
1,1,0,26.63,0,0,0,1,0,0,1,0,0,1,30,30,0,2,11,6,6,1,0
1,1,0,25.68,1,0,0,1,0,0,1,0,0,4,30,30,0,1,5,6,10,1,0
1,0,0,27.4,1,0,1,0,0,0,1,0,0,2,6,30,1,2,10,6,6,1,0
1,0,0,24.63,0,0,0,1,0,0,1,0,0,3,30,5,1,2,12,6,6,1,0
1,0,0,21.01,0,0,0,1,0,0,1,0,0,4,30,3,0,2,12,5,6,1,0
1,0,0,16.46,1,0,0,1,0,0,1,0,0,2,30,30,0,1,10,5,6,1,0
1,0,0,27.4,0,0,0,1,0,0,1,0,0,3,30,3,0,1,10,6,6,1,0
1,0,0,24.21,0,0,0,1,0,0,1,0,0,3,30,4,0,2,12,4,6,1,0
1,1,0,20.81,1,0,0,1,0,0,1,0,0,3,3,30,0,1,11,5,6,1,0
1,0,0,41.5,1,0,0,1,0,0,1,0,0,4,2,20,1,2,4,6,6,1,0
1,0,0,30.17,1,0,0,1,0,0,1,0,0,2,1,4,0,1,10,4,10,1,0
1,0,1,32.54,0,0,0,1,0,0,1,0,0,3,30,30,0,1,12,4,6,1,0
1,0,0,20.8,1,1,0,1,0,0,1,0,0,4,5,15,0,1,6,6,11,1,0
1,0,0,28.56,0,0,0,1,0,0,1,0,0,2,20,30,0,1,10,6,6,1,0
1,0,0,27.6,1,0,0,1,0,0,1,0,0,3,30,3,0,1,10,4,5,1,0
1,0,0,25.75,0,0,0,0,0,0,1,0,0,2,30,30,0,2,2,4,6,1,0
1,0,0,27.12,0,0,0,1,0,0,1,0,0,2,30,30,0,1,1,5,6,1,0
1,0,0,24.03,0,0,0,1,0,0,1,0,0,3,30,30,0,2,11,4,4,1,0
1,0,0,26.04,0,0,0,1,0,0,1,0,0,1,30,30,0,1,10,6,11,1,0
1,0,0,25.4,0,1,0,1,0,0,1,0,0,3,10,10,1,2,10,5,6,1,0
1,0,0,22.15,0,0,0,0,0,0,1,0,0,3,2,30,0,2,10,4,6,1,0
1,0,0,27.32,1,0,0,0,0,0,1,0,0,3,30,30,0,1,5,5,6,1,0
1,0,0,25.29,1,0,0,1,0,0,1,0,0,3,30,30,0,1,12,6,6,1,0
1,0,0,24.41,1,0,0,1,0,0,1,0,0,2,30,30,0,1,12,6,6,1,0
1,1,0,23.74,1,0,0,1,0,0,1,0,0,2,30,30,0,2,12,5,6,1,0
1,1,0,31.14,1,0,0,1,0,0,1,0,0,3,15,30,0,1,6,5,6,1,0
1,0,0,27.4,0,0,0,1,0,0,1,0,0,3,30,30,0,2,11,6,6,1,0
1,1,0,28.48,0,0,0,1,0,0,1,0,0,4,5,30,0,2,4,6,6,1,0
1,0,0,29.26,0,0,0,1,0,0,1,0,0,2,30,30,0,2,10,5,6,1,0
1,0,0,26.54,0,0,0,1,0,0,1,0,0,2,30,30,0,1,11,4,6,1,0
1,0,0,31.62,1,0,0,1,0,0,1,0,0,2,30,30,0,1,10,5,5,1,0
1,1,0,27.4,1,0,0,1,0,0,1,0,0,2,30,30,0,2,10,4,6,1,0
1,0,0,27.4,0,0,0,1,0,0,1,0,0,2,30,30,1,2,10,6,6,1,0
1,1,0,22.85,0,0,0,0,0,0,1,0,1,2,30,30,0,2,10,4,3,1,0
1,0,0,28.42,1,0,0,0,0,0,1,0,0,2,1,30,0,2,13,6,6,1,0
1,0,0,23.17,0,0,0,1,0,0,1,0,0,2,30,1,0,1,10,6,6,1,0
1,1,0,27.4,0,0,0,1,0,0,1,0,0,3,5,30,0,2,4,5,6,1,0
1,0,0,22.96,0,0,0,1,0,0,1,0,0,3,30,15,0,1,10,6,6,1,0
1,0,0,23.01,1,0,0,1,0,0,1,0,0,3,30,30,0,1,12,4,6,1,0
1,0,0,31.89,1,0,0,1,0,0,1,0,1,2,30,2,0,2,10,5,6,1,0
1,0,0,34.16,0,0,0,0,0,0,1,0,0,2,4,30,0,2,4,4,6,1,0
1,0,0,29.79,1,0,0,1,0,0,1,0,0,2,1,30,0,1,11,6,6,1,0
1,0,1,18.02,1,0,0,1,0,0,0,0,0,3,30,30,0,2,10,6,6,1,0
1,0,0,24.24,0,0,0,1,0,0,1,0,0,2,30,30,1,2,13,5,4,1,0
1,1,0,29.03,1,0,0,1,0,0,1,0,0,3,30,30,0,1,5,3,6,1,0
1,0,0,27.4,0,0,0,1,0,0,1,0,0,2,30,30,1,2,13,6,6,1,0
1,0,0,23.0,0,0,0,0,0,0,1,0,0,3,30,30,1,2,10,2,6,1,0
1,0,0,35.43,1,0,0,1,0,0,1,0,0,3,30,30,0,2,4,4,6,1,0
1,0,0,27.4,0,0,0,1,0,0,1,0,0,3,30,30,0,1,10,6,6,1,0
1,1,0,23.4,1,0,0,1,0,0,1,0,0,3,30,30,0,2,11,6,6,1,0
1,1,0,25.77,0,0,0,1,0,0,1,0,0,1,30,5,0,1,13,5,6,1,0
1,0,0,20.36,1,0,0,1,0,0,1,0,0,2,30,30,0,1,10,6,11,1,0
1,0,0,27.4,0,0,0,0,0,0,1,0,0,3,30,30,0,2,6,4,3,1,0
1,0,0,24.96,0,0,0,1,0,0,1,0,0,2,30,30,0,2,10,6,6,1,0
1,0,0,36.49,1,0,0,1,0,0,1,0,1,3,30,30,0,1,3,5,5,1,0
1,0,0,27.89,0,0,0,1,0,0,1,0,0,1,30,30,0,1,11,6,10,1,0
1,1,0,31.45,0,0,0,1,0,0,1,0,0,3,3,3,0,2,5,6,6,1,0
1,0,0,27.4,1,0,0,1,0,0,1,0,0,3,30,2,0,2,6,6,10,1,0
1,0,0,28.37,0,0,0,1,0,0,0,0,0,4,30,30,1,1,10,5,6,1,0
1,0,0,25.85,1,0,0,1,0,0,1,0,0,3,30,30,0,1,10,6,10,1,0
1,0,0,25.4,0,0,0,0,0,0,1,0,0,2,30,30,0,1,5,4,3,1,0
1,0,0,27.76,0,0,1,1,0,0,1,0,0,2,30,30,0,1,10,6,6,1,0
1,0,0,37.12,1,0,0,0,0,0,1,0,0,4,30,15,0,2,1,4,6,1,0
1,1,0,27.4,1,0,0,1,0,0,1,0,0,2,2,30,0,2,11,6,10,1,0
1,1,0,28.5,1,0,0,1,0,0,0,0,0,4,4,30,0,2,6,6,6,1,0
1,1,0,31.37,0,0,0,1,0,0,1,0,0,2,30,30,0,2,6,5,5,1,0
1,0,0,26.58,0,0,0,1,0,0,1,0,0,3,30,30,0,1,10,4,6,1,0
1,0,0,33.2,0,0,0,1,0,0,1,0,0,2,30,1,0,2,11,6,6,1,0
1,1,0,27.4,0,0,0,1,0,0,1,0,0,2,30,30,0,2,10,4,6,1,0
1,0,0,27.4,0,0,0,1,0,0,1,0,0,3,30,30,0,2,10,5,5,1,0
1,0,0,33.67,0,0,0,0,0,0,1,0,1,2,30,5,1,2,10,6,6,1,0
1,1,0,20.8,0,0,0,1,0,0,1,0,0,1,30,30,0,2,13,6,4,1,0
1,0,0,24.8,0,0,0,1,0,0,1,0,0,2,30,30,0,2,13,5,6,1,0
1,0,0,27.4,0,0,0,1,0,0,1,0,0,3,2,30,0,2,12,4,5,1,0
1,0,0,29.44,1,0,0,1,0,0,1,0,0,3,30,30,0,1,13,6,11,1,0
1,0,0,33.91,0,0,0,0,0,0,1,0,0,1,30,30,0,1,11,6,5,1,0
1,1,0,25.75,0,0,0,1,0,0,1,0,0,2,30,30,0,2,11,6,6,1,0
1,0,0,30.81,1,0,0,1,0,0,0,0,0,3,30,30,0,1,10,6,6,1,0
1,1,0,39.48,0,0,0,1,0,0,0,0,0,2,5,30,0,2,5,6,10,1,0
1,1,0,20.22,0,0,0,1,0,0,1,0,0,3,30,30,0,2,10,5,6,1,0
1,0,0,27.17,0,0,0,1,0,0,1,0,0,3,30,30,0,1,10,4,10,1,0
1,0,0,28.62,1,0,0,1,0,0,1,0,0,3,2,30,0,2,12,5,6,1,0
1,0,0,35.43,1,0,0,1,0,0,1,0,0,4,12,2,0,2,6,6,6,1,0
1,0,0,29.53,0,0,0,1,0,0,1,0,0,2,30,30,0,1,10,5,6,1,0
1,0,0,26.63,1,0,0,1,0,0,1,0,0,2,30,30,0,2,12,6,6,1,0
1,0,0,35.56,0,0,0,1,0,0,1,0,0,3,2,3,0,1,6,5,3,1,0
1,0,0,27.4,0,0,0,1,0,0,1,0,0,3,30,18,0,2,10,5,6,1,0
1,0,0,31.01,0,0,0,1,0,0,1,0,0,3,10,30,0,1,10,5,10,1,0
1,0,0,23.01,0,0,0,1,0,0,1,0,0,1,30,30,0,1,3,2,6,1,0
1,1,0,25.09,1,0,0,1,0,0,1,0,0,1,30,30,0,1,12,6,6,1,0
1,0,0,25.1,1,0,0,0,0,0,1,0,1,3,30,30,1,1,10,5,6,1,0
1,0,0,31.66,1,0,0,0,0,0,1,0,0,3,30,30,0,1,5,5,6,1,0
1,0,0,23.83,0,0,0,0,0,0,1,0,0,3,30,30,0,2,4,3,6,1,0
1,0,0,24.37,0,0,0,0,0,0,1,0,0,4,30,5,0,2,6,5,6,1,0
1,0,0,26.89,1,0,0,1,0,0,1,0,1,3,30,2,0,2,10,3,5,1,0
1,0,0,25.24,1,0,0,1,0,0,1,0,0,3,30,30,0,2,11,5,6,1,0
1,0,0,37.38,1,0,0,1,0,0,1,0,0,2,15,30,0,1,6,3,6,1,0
1,0,1,23.52,0,0,0,1,0,0,1,0,1,3,5,30,0,1,2,6,6,1,0
1,0,0,30.52,1,0,0,1,0,0,1,0,0,3,30,30,0,1,10,5,6,1,0
1,0,0,28.12,0,0,1,1,0,0,1,0,0,3,10,30,0,1,11,6,11,1,0
1,0,0,24.11,0,0,0,0,0,0,1,0,0,2,30,30,0,1,13,5,6,1,0
1,0,0,25.84,1,0,0,1,0,0,1,0,0,1,30,30,0,1,12,2,6,1,0
1,1,0,22.32,0,0,0,1,0,0,1,0,0,3,30,30,0,1,10,6,11,1,0
1,0,0,22.96,1,0,0,0,0,0,1,0,1,4,10,20,0,2,10,5,6,1,0
1,0,1,31.87,0,0,1,1,0,0,1,0,0,2,30,30,1,1,10,5,6,1,0
1,0,0,27.53,0,0,0,1,0,0,1,0,0,3,1,30,0,1,10,6,6,1,0
1,0,0,34.54,0,0,0,1,0,0,1,0,0,1,30,5,0,2,11,6,6,1,0
1,0,0,20.2,1,0,0,1,0,0,1,0,0,3,2,30,0,2,10,4,6,1,0
1,0,0,33.09,0,0,0,1,0,0,1,0,1,4,30,30,0,1,5,6,6,1,0
1,0,0,33.72,1,0,0,1,0,0,1,0,0,4,25,30,0,1,4,6,6,1,0
1,1,0,26.57,0,0,0,1,0,0,1,0,0,2,30,30,0,2,12,6,6,1,0
1,0,0,27.4,1,0,0,0,0,0,1,0,0,3,4,12,0,2,11,6,4,1,0
1,1,0,25.18,0,0,0,1,0,0,1,0,0,2,30,30,0,1,10,6,6,1,0
1,1,0,18.02,1,0,0,0,0,0,0,0,0,4,30,30,1,2,10,5,5,1,0
1,1,0,25.11,0,0,0,1,0,0,1,0,0,3,5,10,0,2,6,5,6,1,0
1,1,0,24.33,1,0,0,1,0,0,1,0,0,2,30,10,0,2,11,5,6,1,0
1,0,0,27.98,0,0,0,1,0,0,1,0,0,3,2,2,1,1,5,4,6,1,0
1,0,0,27.4,0,0,0,1,0,0,1,0,0,4,30,30,0,2,5,6,6,1,0
1,1,0,27.4,0,0,0,1,0,0,1,0,0,4,4,30,0,2,6,6,6,1,0
1,1,0,28.29,1,0,0,1,0,0,1,0,0,1,30,30,0,2,13,5,6,1,0
1,1,0,25.06,0,0,0,1,0,0,0,0,0,1,3,30,0,2,12,5,6,1,0
1,0,0,25.61,0,0,0,1,0,0,1,0,0,2,30,30,0,2,10,6,6,1,0
1,0,0,24.37,1,0,0,1,0,0,1,0,0,2,30,15,0,1,10,6,6,1,0
1,0,0,31.93,1,0,0,0,0,0,0,0,1,2,2,30,0,2,10,5,6,1,0
1,0,0,29.29,1,0,0,0,0,0,1,0,0,3,30,30,0,2,10,5,10,1,0
1,1,0,25.23,0,0,0,1,0,0,1,0,0,1,30,30,0,1,10,4,6,1,0
1,0,0,29.18,0,0,0,1,0,0,1,0,0,3,5,14,0,2,10,6,6,1,0
1,0,0,27.12,1,0,0,0,0,0,1,0,0,1,30,1,0,1,1,3,6,1,0
1,0,0,27.4,0,0,0,1,0,0,1,0,0,4,30,30,0,1,4,5,6,1,0
1,0,0,40.24,0,0,0,1,0,0,1,0,0,1,30,30,0,2,10,6,11,1,0
1,0,0,23.23,0,0,0,1,0,0,1,0,1,4,30,4,1,2,6,4,6,1,0
1,1,0,23.03,0,0,0,1,0,0,1,0,0,2,30,30,0,2,13,6,6,1,0
1,0,0,28.32,1,0,0,0,0,0,1,0,0,1,30,30,1,2,1,4,1,1,0
1,0,1,27.4,1,0,0,0,0,0,0,0,0,5,30,30,1,1,10,2,5,1,0
1,0,0,23.03,0,0,0,1,0,0,1,0,0,3,30,30,0,2,10,5,6,1,0
1,0,0,27.4,0,0,0,1,0,0,1,0,0,2,30,30,0,2,10,4,6,1,0
1,0,0,35.51,1,0,0,1,0,0,1,0,0,2,30,30,0,1,10,5,6,1,0
1,0,0,27.4,0,0,0,1,0,0,1,0,0,3,10,2,0,2,6,6,6,1,0
1,1,0,29.65,0,0,0,0,0,0,1,0,0,1,30,30,0,1,10,5,10,1,0
1,0,0,25.24,0,0,0,0,0,0,1,0,0,3,20,25,0,1,12,6,6,1,0
1,0,0,28.41,1,0,0,1,0,0,1,0,0,1,30,30,0,1,10,5,11,1,0
1,0,0,32.08,1,0,0,1,0,0,1,0,0,3,30,30,0,1,10,6,6,1,0
1,0,0,26.54,1,0,0,1,0,0,1,0,0,2,30,30,0,1,11,4,5,1,0
1,0,0,31.01,0,0,0,1,0,0,1,0,0,3,2,30,0,1,2,5,6,1,0
1,0,0,26.61,0,0,0,1,0,0,1,0,0,2,30,30,0,1,12,6,6,1,0
1,0,0,45.0,1,0,0,1,0,0,1,0,0,3,30,30,0,1,1,3,6,1,0
1,1,0,32.12,0,0,0,0,0,0,1,0,0,1,30,2,0,2,10,6,6,1,0
1,0,0,22.66,0,0,0,1,0,0,1,0,0,3,30,30,0,2,11,5,5,1,0
1,1,0,27.2,1,0,0,1,0,0,1,0,0,2,30,30,0,1,6,4,6,1,0
1,0,0,30.9,1,0,0,0,0,0,1,0,0,3,15,30,0,2,5,5,10,1,0
1,0,0,25.09,0,0,0,1,0,0,1,0,0,2,30,30,0,1,12,4,10,1,0
1,0,0,27.89,1,0,0,1,0,0,1,0,0,1,30,30,0,1,12,6,11,1,0
1,1,0,27.4,0,0,0,1,0,0,1,0,0,2,30,30,0,2,10,4,6,1,0
1,1,0,27.72,0,0,0,1,0,0,1,0,0,2,30,30,0,1,5,4,1,1,0
1,0,0,19.49,0,0,0,0,0,0,1,0,0,3,30,28,1,2,13,6,5,1,0
1,0,0,23.69,1,0,0,0,0,0,1,0,1,3,30,30,0,2,11,6,5,1,0
1,0,0,30.79,1,0,0,1,0,0,1,0,0,3,30,30,0,1,10,5,6,1,0
1,1,0,33.2,0,0,0,1,0,0,1,0,1,3,3,14,0,2,6,5,6,1,0
1,0,0,32.56,0,0,0,1,0,0,1,0,0,3,30,30,1,2,4,5,6,1,0
1,0,0,30.61,0,0,0,1,0,0,1,0,0,3,30,30,0,2,4,5,10,1,0
1,1,0,21.95,1,1,0,1,0,0,0,0,0,2,5,30,0,2,10,5,5,1,0
1,0,0,30.71,0,0,0,1,0,0,1,0,0,2,30,30,0,1,10,6,6,1,0
1,0,0,26.57,0,0,0,1,0,0,1,0,0,2,30,30,0,2,10,5,6,1,0
1,0,0,28.28,1,0,0,0,0,0,1,0,0,3,30,30,0,1,10,5,6,1,0
1,0,0,24.8,0,0,0,1,0,0,1,0,0,3,30,30,0,2,10,6,6,1,0
1,0,0,30.79,1,0,0,1,0,0,1,0,0,3,15,2,0,1,5,6,6,1,0
1,0,0,25.84,0,0,0,1,0,0,1,0,0,3,30,30,0,2,12,5,6,1,0
1,0,0,26.32,1,0,0,1,0,0,1,0,0,2,30,30,0,1,11,6,6,1,0
1,0,0,27.4,1,0,0,0,0,0,1,0,1,3,20,30,0,2,10,6,6,1,0
1,1,0,17.85,0,0,0,1,0,0,1,0,0,3,30,1,0,1,10,6,10,1,0
1,1,0,37.79,0,0,0,1,0,0,1,0,0,2,30,30,0,2,4,4,6,1,0
1,0,0,30.9,1,0,0,1,0,0,1,0,0,1,15,30,0,2,10,4,6,1,0
1,0,0,32.08,1,0,0,1,0,0,1,0,0,2,30,30,0,1,10,5,10,1,0
1,0,0,27.37,1,0,0,1,0,0,1,0,0,4,30,30,0,1,5,2,6,1,0
1,1,0,24.39,0,0,0,1,0,0,1,0,0,2,30,30,0,1,10,6,6,1,0
1,0,0,18.14,0,0,0,1,0,0,1,0,0,3,2,10,0,2,2,5,6,1,0
1,0,0,25.02,0,0,0,1,0,0,1,0,0,2,30,3,0,1,11,6,6,1,0
1,0,0,27.4,0,0,0,1,0,0,1,0,0,3,10,4,0,2,10,5,6,1,0
1,0,0,26.57,1,0,0,1,0,0,1,0,0,3,2,3,0,2,4,6,6,1,0
1,0,0,36.34,0,0,0,0,0,0,1,0,0,3,30,30,0,2,4,4,6,1,0
1,0,0,27.12,1,0,0,1,0,0,0,0,0,2,2,30,0,2,11,6,6,1,0
1,0,0,23.24,0,0,0,0,0,0,1,0,0,1,30,30,0,1,10,4,5,1,0
1,1,0,29.86,1,0,0,1,0,0,0,0,0,2,30,2,0,1,11,4,6,1,0
1,1,0,30.41,0,0,0,1,0,0,1,0,0,2,30,30,0,1,6,6,11,1,0
1,0,0,26.58,1,0,0,1,0,0,1,0,0,4,30,30,0,1,6,2,6,1,0
1,1,0,25.06,1,0,0,1,0,0,1,0,0,3,3,30,0,2,10,6,6,1,0
1,0,0,40.34,0,0,0,1,0,0,1,0,0,3,20,2,0,2,3,6,6,1,0
1,1,0,30.41,0,0,0,1,0,0,0,0,0,3,30,30,0,2,10,6,6,1,0
1,0,0,22.96,0,0,0,1,0,0,1,0,0,3,30,30,0,1,10,4,6,1,0
1,0,0,27.4,1,0,0,0,0,0,1,0,0,3,30,30,0,2,10,6,6,1,0
1,0,0,25.23,1,0,0,1,0,0,1,0,0,3,30,30,1,2,5,5,1,1,0
1,1,0,33.66,1,0,0,1,0,0,1,0,0,3,2,30,0,2,4,6,6,1,0
1,1,0,39.16,0,0,0,1,0,0,1,0,0,3,2,30,0,2,5,5,10,1,0
1,0,0,38.52,1,0,0,1,0,0,1,0,0,2,30,30,0,1,4,6,10,1,0
1,1,0,29.41,1,0,0,1,0,0,1,0,0,2,30,5,0,1,10,6,11,1,0
1,0,0,28.34,0,0,0,1,0,0,1,0,0,3,30,30,0,2,6,6,6,1,0
1,0,0,22.6,1,0,1,1,0,0,1,0,0,3,30,30,0,1,11,4,6,1,0
1,0,0,27.4,0,0,0,1,0,0,1,0,0,1,30,30,0,2,12,4,6,1,0
1,0,0,33.38,0,0,0,1,0,0,1,0,0,2,30,30,0,1,2,5,6,1,0
1,0,0,27.4,1,0,1,1,0,0,1,0,0,2,2,2,0,2,14,6,6,1,0
1,1,0,29.26,0,0,0,1,0,0,1,0,0,1,30,30,0,2,10,4,3,1,0
1,0,0,30.11,0,1,0,0,0,0,1,0,0,2,30,30,0,2,10,6,11,1,0
1,0,0,22.1,1,0,0,1,0,0,1,0,0,2,2,30,0,1,13,5,5,1,0
1,0,0,36.31,0,0,0,1,0,0,1,0,0,3,30,2,0,2,5,6,6,1,0
1,1,0,27.44,1,0,0,1,0,0,1,0,1,3,30,30,0,2,5,6,6,1,0
1,1,0,27.4,0,0,0,1,0,0,1,0,0,2,4,2,0,1,6,6,6,1,0
1,0,0,26.58,0,0,0,1,0,0,1,0,1,4,4,30,0,2,5,5,6,1,0
1,1,0,27.44,1,0,0,1,0,0,1,0,0,2,1,1,0,2,11,6,11,1,0
1,1,0,24.21,0,0,0,0,0,0,1,0,0,2,21,5,0,1,10,6,10,1,0
1,0,0,19.77,0,0,0,1,0,0,0,0,0,5,10,30,1,1,6,5,3,1,0
1,1,0,26.93,0,0,0,1,0,0,1,0,0,2,30,2,0,2,10,6,5,1,0
1,0,0,35.24,0,0,0,1,0,0,1,0,0,1,30,30,0,1,5,6,6,1,0
1,0,0,27.4,1,0,0,0,0,0,1,0,1,5,2,30,1,2,2,2,3,1,0
1,0,0,21.87,1,0,1,1,0,0,1,0,0,2,1,30,0,1,4,6,6,1,0
1,0,0,34.87,0,0,0,1,0,0,1,0,0,3,2,30,0,1,2,6,6,1,0
1,1,0,25.84,0,0,1,1,0,0,1,0,0,1,30,30,0,1,10,6,6,1,0
1,0,0,29.95,0,0,0,1,0,0,1,0,0,2,30,30,0,2,10,6,11,1,0
1,1,0,28.21,1,0,0,0,0,0,1,0,0,2,30,30,0,1,6,5,6,1,0
1,0,0,33.28,0,0,0,1,0,0,1,0,0,2,30,5,0,2,11,5,6,1,0
1,0,0,24.39,1,0,0,1,0,0,1,0,0,3,30,30,0,1,6,4,6,1,0
1,0,0,27.4,0,0,0,1,0,0,1,0,0,3,30,10,0,2,10,5,4,1,0
1,0,0,30.99,0,0,0,1,0,0,1,0,0,2,30,30,0,1,11,6,6,1,0
1,1,0,26.57,1,0,0,1,0,0,1,0,0,2,30,30,0,2,10,4,6,1,0
1,1,0,25.68,1,0,0,1,0,0,1,0,0,2,30,30,0,1,10,4,6,1,0
1,1,0,23.52,0,0,0,1,0,0,1,0,0,2,30,30,0,2,10,5,6,1,0
1,0,0,29.26,0,0,0,0,0,0,1,0,0,2,30,30,0,2,11,4,5,1,0
1,0,0,26.63,1,0,0,1,0,0,1,0,0,1,10,30,1,1,13,6,6,1,0
1,0,0,27.4,0,0,0,1,0,0,1,0,1,4,30,15,0,1,4,6,3,1,0
1,0,0,20.78,1,0,0,1,0,0,0,0,0,3,20,2,0,2,10,3,4,1,0
1,0,0,26.78,0,0,0,1,0,0,1,0,0,3,30,30,0,1,11,6,6,1,0
1,0,0,27.96,1,0,0,1,0,0,1,0,0,2,1,1,0,1,12,6,6,1,0
1,0,0,28.25,0,0,0,1,0,0,1,0,0,2,30,2,0,2,6,6,6,1,0
1,0,0,27.71,0,0,0,1,0,0,1,0,0,2,30,30,0,1,10,6,6,1,0
1,0,0,27.4,0,0,0,1,0,0,1,0,0,3,1,14,0,2,3,4,6,1,0
1,1,0,28.48,0,0,0,1,0,0,1,0,0,2,30,30,0,1,10,6,6,1,0
1,0,1,30.54,0,0,0,0,0,0,1,0,0,1,30,30,0,2,13,6,6,1,0
1,0,0,30.17,0,0,0,1,0,0,1,0,0,2,30,30,0,1,10,3,5,1,0
1,0,0,28.06,0,0,0,1,0,0,1,0,0,3,11,10,0,1,10,5,6,1,0
1,1,0,26.43,0,0,0,1,0,0,1,0,0,2,30,10,0,2,10,5,6,1,0
1,0,0,27.71,0,0,0,1,0,0,1,0,1,3,2,4,0,1,10,5,6,1,0
1,0,0,23.34,0,0,0,1,0,0,1,0,0,3,3,30,0,2,13,5,6,1,0
1,1,0,35.78,0,0,0,1,0,0,1,0,1,3,5,30,0,2,4,6,6,1,0
1,1,0,21.63,0,0,0,1,0,0,1,0,0,2,10,30,0,2,12,6,6,1,0
1,1,0,24.8,0,0,0,1,0,0,1,0,0,1,30,30,0,2,10,6,11,1,0
1,0,0,24.09,0,0,0,0,0,0,1,0,0,3,30,30,0,2,10,6,3,1,0
1,0,0,25.1,0,0,0,0,0,0,1,0,0,2,30,30,1,1,12,6,6,1,0
1,1,0,31.89,1,0,0,1,0,0,1,0,0,3,30,15,0,2,4,5,6,1,0
1,0,0,26.78,1,0,0,1,0,0,1,0,0,3,30,30,0,1,10,6,6,1,0
1,0,0,27.61,1,0,0,0,0,0,1,0,0,2,5,10,1,2,12,6,6,1,0
1,1,0,29.84,1,0,0,1,0,0,1,0,0,2,30,30,0,1,11,6,11,1,0
1,1,0,27.4,0,0,0,1,0,0,1,0,0,4,30,30,1,2,1,5,2,1,0
1,0,0,27.91,0,0,0,1,0,0,1,0,0,2,30,30,0,1,11,5,6,1,0
1,0,0,29.29,0,0,0,1,0,0,1,0,0,2,30,30,0,2,12,4,6,1,0
1,1,0,36.96,0,0,0,1,0,0,1,0,0,2,30,30,0,1,6,6,6,1,0
1,0,0,33.47,1,0,0,1,0,0,1,0,0,3,2,30,0,2,11,5,6,1,0
1,0,0,42.05,0,0,0,1,0,0,1,0,0,3,10,30,0,2,5,5,6,1,0
1,1,0,19.52,1,0,0,1,0,0,1,0,0,1,30,30,0,1,14,6,6,1,0
1,0,1,31.62,0,0,0,1,0,0,1,0,0,2,30,30,0,2,1,5,4,1,0
1,1,0,25.85,1,0,0,1,0,0,1,0,0,1,30,2,0,2,11,6,6,1,0
1,0,0,27.89,1,0,0,0,0,0,1,0,0,2,30,30,0,1,10,4,6,1,0
1,0,0,22.31,0,0,0,1,0,0,1,0,0,1,30,30,0,2,13,4,6,1,0
1,1,0,20.83,1,0,0,1,0,0,1,0,0,2,30,15,0,2,10,6,6,1,0
1,0,0,23.57,1,0,0,1,0,0,1,0,0,2,30,30,0,1,13,6,6,1,0
1,1,0,27.32,1,0,0,1,0,0,1,0,0,2,30,3,0,1,11,6,10,1,0
1,1,0,23.54,0,0,0,1,0,0,1,0,0,2,30,30,0,2,13,6,6,1,0
1,0,0,26.09,0,0,0,0,0,0,1,0,0,3,30,30,0,2,10,4,6,1,0
1,0,0,20.92,0,0,0,1,0,0,1,0,0,3,30,30,0,1,1,4,5,1,0
1,0,0,26.96,1,0,0,1,0,0,1,0,0,3,30,2,0,1,12,6,6,1,0
0,0,1,27.25,0,0,0,0,0,0,1,0,0,3,5,5,0,2,10,4,6,1,0
1,0,0,36.94,0,0,0,1,0,0,1,0,0,2,14,2,0,1,3,5,6,1,0
0,0,0,26.63,0,0,0,0,0,0,1,0,0,3,30,30,1,2,6,5,3,1,0
1,1,0,31.62,0,0,0,1,0,0,1,0,0,3,10,30,0,2,4,4,6,1,0
1,0,0,24.13,1,0,0,0,0,0,0,0,0,2,30,30,0,2,10,5,11,1,0
1,0,0,25.8,0,0,0,1,0,0,1,0,1,1,30,30,0,1,10,4,6,1,0
1,0,0,34.7,1,0,0,0,0,0,1,0,0,3,30,4,0,2,4,5,6,1,0
1,0,0,30.62,0,0,0,1,0,0,1,0,0,2,3,2,0,2,11,6,6,1,0
1,1,0,25.04,1,0,0,1,0,0,1,0,0,2,15,30,0,1,1,4,6,1,0
1,1,0,30.68,1,0,0,1,0,0,1,0,0,2,1,1,0,1,10,6,10,1,0
1,1,0,23.37,0,0,0,1,0,0,1,0,0,1,30,30,0,1,12,6,10,1,0
1,0,0,29.18,0,0,0,1,0,0,1,0,0,2,30,3,0,2,11,4,6,1,0
1,0,0,20.83,1,0,0,1,0,0,1,0,0,2,30,30,0,1,13,4,6,1,0
1,0,0,24.14,0,0,0,1,0,0,1,0,0,2,2,30,0,2,1,5,1,1,0
1,0,0,31.32,0,0,0,1,0,0,1,0,0,1,30,30,0,2,10,6,6,1,0
1,0,0,27.4,0,0,0,1,0,0,1,0,0,2,30,30,0,2,12,4,6,1,0
1,0,1,20.36,1,1,1,0,0,0,1,0,0,4,30,30,0,2,10,2,6,1,0
1,0,0,27.8,1,0,0,1,0,0,1,0,0,2,15,2,0,1,10,5,6,1,0
1,1,0,26.09,0,0,0,1,0,0,1,0,1,2,1,10,0,2,10,6,3,1,0
1,1,0,30.61,1,0,0,1,0,0,1,0,0,3,30,30,0,1,5,6,11,1,0
1,0,0,23.57,0,0,0,1,0,0,1,0,0,3,30,14,0,2,4,6,6,1,0
1,1,0,26.57,1,0,0,1,0,0,1,0,0,2,30,30,0,2,10,6,6,1,0
1,1,0,23.05,0,0,0,1,0,0,1,0,0,2,6,30,0,2,10,5,4,1,0
1,0,0,27.4,0,0,0,1,0,0,1,0,0,3,30,2,0,2,10,5,6,1,0
