cycle,seed,model,train_label,truth,attribute,group,n,n_pos,tpr,tpr_weighted,fpr,auc
2017-2020,0,xgboost,diag,diag,Income,PIR<2,559,94,0.48936,0.49502,0.15269,0.81318
2017-2020,0,xgboost,diag,diag,Income,PIR>=2,686,101,0.38614,0.31778,0.06838,0.79853
2017-2020,0,xgboost,diag,diag,Education,HS_or_less,514,97,0.49485,0.35616,0.14868,0.78328
2017-2020,0,xgboost,diag,diag,Education,some_college+,731,98,0.37755,0.36871,0.07741,0.8202
2017-2020,0,xgboost,diag,diag,Sex,female,642,94,0.40426,0.28599,0.07664,0.81305
2017-2020,0,xgboost,diag,diag,Sex,male,603,101,0.46535,0.43245,0.13745,0.80101
2017-2020,0,xgboost,diag,diag,Age,18-44,475,18,0.16667,0.20105,0.01094,0.78872
2017-2020,0,xgboost,diag,diag,Age,45-64,460,84,0.39286,0.3445,0.11968,0.73502
2017-2020,0,xgboost,diag,diag,Age,65+,310,93,0.52688,0.4277,0.28111,0.69065
2017-2020,0,xgboost,diag,lab,Income,PIR<2,559,92,0.43478,0.3866,0.16488,0.77537
2017-2020,0,xgboost,diag,lab,Income,PIR>=2,686,82,0.34146,0.28017,0.08444,0.76446
2017-2020,0,xgboost,diag,lab,Education,HS_or_less,514,94,0.42553,0.33675,0.16667,0.76902
2017-2020,0,xgboost,diag,lab,Education,some_college+,731,80,0.35,0.29386,0.08909,0.7653
2017-2020,0,xgboost,diag,lab,Sex,female,642,82,0.37805,0.25435,0.0875,0.80163
2017-2020,0,xgboost,diag,lab,Sex,male,603,92,0.40217,0.36565,0.1546,0.75204
2017-2020,0,xgboost,diag,lab,Age,18-44,475,21,0.14286,0.18532,0.01101,0.78949
2017-2020,0,xgboost,diag,lab,Age,45-64,460,78,0.35897,0.31453,0.13089,0.70513
2017-2020,0,xgboost,diag,lab,Age,65+,310,75,0.49333,0.35924,0.31064,0.64925
2017-2020,0,xgboost,diag,total,Income,PIR<2,559,113,0.46903,0.44743,0.1435,0.80388
2017-2020,0,xgboost,diag,total,Income,PIR>=2,686,118,0.34746,0.30258,0.0669,0.78842
2017-2020,0,xgboost,diag,total,Education,HS_or_less,514,119,0.44538,0.31995,0.1443,0.77883
2017-2020,0,xgboost,diag,total,Education,some_college+,731,112,0.36607,0.3659,0.0727,0.8031
2017-2020,0,xgboost,diag,total,Sex,female,642,113,0.38938,0.28978,0.06805,0.81853
2017-2020,0,xgboost,diag,total,Sex,male,603,118,0.42373,0.39437,0.13608,0.77915
2017-2020,0,xgboost,diag,total,Age,18-44,475,30,0.16667,0.22167,0.00674,0.78479
2017-2020,0,xgboost,diag,total,Age,45-64,460,98,0.36735,0.32686,0.11602,0.72751
2017-2020,0,xgboost,diag,total,Age,65+,310,103,0.51456,0.40843,0.27536,0.69063
2017-2020,0,xgboost,lab,diag,Income,PIR<2,559,94,0.42553,0.4595,0.12043,0.79131
2017-2020,0,xgboost,lab,diag,Income,PIR>=2,686,101,0.32673,0.20756,0.07692,0.77903
2017-2020,0,xgboost,lab,diag,Education,HS_or_less,514,97,0.4433,0.25799,0.1199,0.77087
2017-2020,0,xgboost,lab,diag,Education,some_college+,731,98,0.30612,0.28361,0.08057,0.79618
2017-2020,0,xgboost,lab,diag,Sex,female,642,94,0.3617,0.27119,0.09124,0.77685
2017-2020,0,xgboost,lab,diag,Sex,male,603,101,0.38614,0.27191,0.10159,0.79431
2017-2020,0,xgboost,lab,diag,Age,18-44,475,18,0.11111,0.04549,0.01751,0.7672
2017-2020,0,xgboost,lab,diag,Age,45-64,460,84,0.39286,0.2499,0.1516,0.70786
2017-2020,0,xgboost,lab,diag,Age,65+,310,93,0.4086,0.35867,0.1659,0.68738
2017-2020,0,xgboost,lab,lab,Income,PIR<2,559,92,0.36957,0.35,0.13276,0.76012
2017-2020,0,xgboost,lab,lab,Income,PIR>=2,686,82,0.29268,0.16976,0.0894,0.73655
2017-2020,0,xgboost,lab,lab,Education,HS_or_less,514,94,0.38298,0.235,0.13571,0.74288
2017-2020,0,xgboost,lab,lab,Education,some_college+,731,80,0.275,0.22539,0.09063,0.75006
2017-2020,0,xgboost,lab,lab,Sex,female,642,82,0.32927,0.23072,0.10179,0.76551
2017-2020,0,xgboost,lab,lab,Sex,male,603,92,0.33696,0.23003,0.11546,0.73956
2017-2020,0,xgboost,lab,lab,Age,18-44,475,21,0.2381,0.22112,0.01101,0.76337
2017-2020,0,xgboost,lab,lab,Age,45-64,460,78,0.37179,0.22809,0.15969,0.69291
2017-2020,0,xgboost,lab,lab,Age,65+,310,75,0.32,0.23529,0.21277,0.60545
2017-2020,0,xgboost,lab,total,Income,PIR<2,559,113,0.38938,0.39052,0.11659,0.78594
2017-2020,0,xgboost,lab,total,Income,PIR>=2,686,118,0.30508,0.20639,0.07394,0.76986
2017-2020,0,xgboost,lab,total,Education,HS_or_less,514,119,0.39496,0.23305,0.11646,0.76168
2017-2020,0,xgboost,lab,total,Education,some_college+,731,112,0.29464,0.28241,0.07754,0.78672
2017-2020,0,xgboost,lab,total,Sex,female,642,113,0.33628,0.26534,0.08696,0.78159
2017-2020,0,xgboost,lab,total,Sex,male,603,118,0.35593,0.25108,0.09897,0.77707
2017-2020,0,xgboost,lab,total,Age,18-44,475,30,0.2,0.13938,0.00899,0.78577
2017-2020,0,xgboost,lab,total,Age,45-64,460,98,0.35714,0.23335,0.15193,0.70014
2017-2020,0,xgboost,lab,total,Age,65+,310,103,0.37864,0.32978,0.16908,0.6782
2017-2020,0,xgboost,total,diag,Income,PIR<2,559,94,0.54255,0.54667,0.17849,0.79442
2017-2020,0,xgboost,total,diag,Income,PIR>=2,686,101,0.43564,0.36605,0.0906,0.79712
2017-2020,0,xgboost,total,diag,Education,HS_or_less,514,97,0.5567,0.40229,0.17266,0.76949
2017-2020,0,xgboost,total,diag,Education,some_college+,731,98,0.41837,0.42049,0.10111,0.81957
2017-2020,0,xgboost,total,diag,Sex,female,642,94,0.47872,0.37094,0.10949,0.7951
2017-2020,0,xgboost,total,diag,Sex,male,603,101,0.49505,0.4491,0.15139,0.80224
2017-2020,0,xgboost,total,diag,Age,18-44,475,18,0.16667,0.20105,0.01751,0.79297
2017-2020,0,xgboost,total,diag,Age,45-64,460,84,0.5,0.43286,0.17553,0.72562
2017-2020,0,xgboost,total,diag,Age,65+,310,93,0.53763,0.45576,0.28571,0.68847
2017-2020,0,xgboost,total,lab,Income,PIR<2,559,92,0.51087,0.45385,0.1863,0.76627
2017-2020,0,xgboost,total,lab,Income,PIR>=2,686,82,0.36585,0.27351,0.11093,0.74921
2017-2020,0,xgboost,total,lab,Education,HS_or_less,514,94,0.5,0.39702,0.1881,0.74478
2017-2020,0,xgboost,total,lab,Education,some_college+,731,80,0.375,0.26741,0.11521,0.76617
2017-2020,0,xgboost,total,lab,Sex,female,642,82,0.43902,0.27088,0.12321,0.77663
2017-2020,0,xgboost,total,lab,Sex,male,603,92,0.44565,0.38517,0.16634,0.75098
2017-2020,0,xgboost,total,lab,Age,18-44,475,21,0.14286,0.09005,0.01762,0.77753
2017-2020,0,xgboost,total,lab,Age,45-64,460,78,0.46154,0.396,0.18848,0.69328
2017-2020,0,xgboost,total,lab,Age,65+,310,75,0.50667,0.35801,0.31489,0.63767
2017-2020,0,xgboost,total,total,Income,PIR<2,559,113,0.52212,0.50112,0.16816,0.78995
2017-2020,0,xgboost,total,total,Income,PIR>=2,686,118,0.38983,0.33235,0.08979,0.78714
2017-2020,0,xgboost,total,total,Education,HS_or_less,514,119,0.5042,0.36552,0.16709,0.76117
2017-2020,0,xgboost,total,total,Education,some_college+,731,112,0.40179,0.39352,0.09693,0.80783
2017-2020,0,xgboost,total,total,Sex,female,642,113,0.45133,0.3468,0.10208,0.79792
2017-2020,0,xgboost,total,total,Sex,male,603,118,0.45763,0.4112,0.14845,0.78492
2017-2020,0,xgboost,total,total,Age,18-44,475,30,0.16667,0.16638,0.01348,0.79513
2017-2020,0,xgboost,total,total,Age,45-64,460,98,0.46939,0.41594,0.17127,0.71784
2017-2020,0,xgboost,total,total,Age,65+,310,103,0.52427,0.43413,0.28019,0.69209
2017-2020,0,random_forest,diag,diag,Income,PIR<2,559,94,0.54255,0.53799,0.15699,0.79716
2017-2020,0,random_forest,diag,diag,Income,PIR>=2,686,101,0.40594,0.33998,0.06154,0.80235
2017-2020,0,random_forest,diag,diag,Education,HS_or_less,514,97,0.53608,0.42684,0.13669,0.79249
2017-2020,0,random_forest,diag,diag,Education,some_college+,731,98,0.40816,0.35783,0.08215,0.80358
2017-2020,0,random_forest,diag,diag,Sex,female,642,94,0.41489,0.33917,0.08759,0.79467
2017-2020,0,random_forest,diag,diag,Sex,male,603,101,0.52475,0.43661,0.12151,0.809
2017-2020,0,random_forest,diag,diag,Age,18-44,475,18,0.05556,0.01667,0.00656,0.7669
2017-2020,0,random_forest,diag,diag,Age,45-64,460,84,0.45238,0.39061,0.13032,0.73119
2017-2020,0,random_forest,diag,diag,Age,65+,310,93,0.56989,0.50136,0.26267,0.69922
2017-2020,0,random_forest,diag,lab,Income,PIR<2,559,92,0.51087,0.44949,0.16488,0.77955
2017-2020,0,random_forest,diag,lab,Income,PIR>=2,686,82,0.35366,0.30643,0.07947,0.75451
2017-2020,0,random_forest,diag,lab,Education,HS_or_less,514,94,0.48936,0.40039,0.15,0.7753
2017-2020,0,random_forest,diag,lab,Education,some_college+,731,80,0.375,0.30584,0.09524,0.75377
2017-2020,0,random_forest,diag,lab,Sex,female,642,82,0.40244,0.28819,0.09643,0.78885
2017-2020,0,random_forest,diag,lab,Sex,male,603,92,0.46739,0.40804,0.13894,0.75738
2017-2020,0,random_forest,diag,lab,Age,18-44,475,21,0.0,0.0,0.00881,0.80512
2017-2020,0,random_forest,diag,lab,Age,45-64,460,78,0.42308,0.36956,0.14136,0.70375
2017-2020,0,random_forest,diag,lab,Age,65+,310,75,0.57333,0.45535,0.28511,0.66374
2017-2020,0,random_forest,diag,total,Income,PIR<2,559,113,0.52212,0.4855,0.14574,0.79729
2017-2020,0,random_forest,diag,total,Income,PIR>=2,686,118,0.35593,0.30751,0.06162,0.78925
2017-2020,0,random_forest,diag,total,Education,HS_or_less,514,119,0.48739,0.38076,0.12911,0.78603
2017-2020,0,random_forest,diag,total,Education,some_college+,731,112,0.38393,0.33475,0.07916,0.79302
2017-2020,0,random_forest,diag,total,Sex,female,642,113,0.39823,0.31499,0.0794,0.80602
2017-2020,0,random_forest,diag,total,Sex,male,603,118,0.47458,0.39807,0.11959,0.78558
2017-2020,0,random_forest,diag,total,Age,18-44,475,30,0.03333,0.01104,0.00674,0.79007
2017-2020,0,random_forest,diag,total,Age,45-64,460,98,0.42857,0.37782,0.12431,0.72907
2017-2020,0,random_forest,diag,total,Age,65+,310,103,0.56311,0.48134,0.25121,0.70433
2017-2020,0,random_forest,lab,diag,Income,PIR<2,559,94,0.43617,0.48994,0.13978,0.76958
2017-2020,0,random_forest,lab,diag,Income,PIR>=2,686,101,0.31683,0.24384,0.06838,0.77964
2017-2020,0,random_forest,lab,diag,Education,HS_or_less,514,97,0.46392,0.36086,0.1199,0.7638
2017-2020,0,random_forest,lab,diag,Education,some_college+,731,98,0.28571,0.258,0.08689,0.78399
2017-2020,0,random_forest,lab,diag,Sex,female,642,94,0.3617,0.27304,0.10401,0.76932
2017-2020,0,random_forest,lab,diag,Sex,male,603,101,0.38614,0.33657,0.09562,0.78262
2017-2020,0,random_forest,lab,diag,Age,18-44,475,18,0.05556,0.01667,0.00656,0.72563
2017-2020,0,random_forest,lab,diag,Age,45-64,460,84,0.38095,0.37812,0.14362,0.71367
2017-2020,0,random_forest,lab,diag,Age,65+,310,93,0.43011,0.32742,0.2212,0.65252
2017-2020,0,random_forest,lab,lab,Income,PIR<2,559,92,0.42391,0.40206,0.14347,0.76316
2017-2020,0,random_forest,lab,lab,Income,PIR>=2,686,82,0.2439,0.17677,0.08609,0.72571
2017-2020,0,random_forest,lab,lab,Education,HS_or_less,514,94,0.41489,0.32724,0.13333,0.75058
2017-2020,0,random_forest,lab,lab,Education,some_college+,731,80,0.25,0.17319,0.09677,0.73457
2017-2020,0,random_forest,lab,lab,Sex,female,642,82,0.34146,0.20443,0.1125,0.76349
2017-2020,0,random_forest,lab,lab,Sex,male,603,92,0.33696,0.29128,0.10959,0.73182
2017-2020,0,random_forest,lab,lab,Age,18-44,475,21,0.04762,0.01014,0.00661,0.73348
2017-2020,0,random_forest,lab,lab,Age,45-64,460,78,0.37179,0.35821,0.14921,0.71055
2017-2020,0,random_forest,lab,lab,Age,65+,310,75,0.38667,0.23706,0.25106,0.57753
2017-2020,0,random_forest,lab,total,Income,PIR<2,559,113,0.42478,0.43951,0.13004,0.77801
2017-2020,0,random_forest,lab,total,Income,PIR>=2,686,118,0.27966,0.22031,0.06866,0.76803
2017-2020,0,random_forest,lab,total,Education,HS_or_less,514,119,0.42017,0.32158,0.11392,0.76345
2017-2020,0,random_forest,lab,total,Education,some_college+,731,112,0.27679,0.24309,0.08401,0.776
2017-2020,0,random_forest,lab,total,Sex,female,642,113,0.34513,0.25455,0.0983,0.78391
2017-2020,0,random_forest,lab,total,Sex,male,603,118,0.35593,0.30791,0.09278,0.76311
2017-2020,0,random_forest,lab,total,Age,18-44,475,30,0.06667,0.01692,0.00449,0.74622
2017-2020,0,random_forest,lab,total,Age,45-64,460,98,0.36735,0.36656,0.13812,0.72659
2017-2020,0,random_forest,lab,total,Age,65+,310,103,0.41748,0.31266,0.21739,0.64436
2017-2020,0,random_forest,total,diag,Income,PIR<2,559,94,0.56383,0.54076,0.1871,0.79189
2017-2020,0,random_forest,total,diag,Income,PIR>=2,686,101,0.45545,0.36608,0.07692,0.80369
2017-2020,0,random_forest,total,diag,Education,HS_or_less,514,97,0.56701,0.44208,0.16547,0.79368
2017-2020,0,random_forest,total,diag,Education,some_college+,731,98,0.44898,0.3824,0.09953,0.79873
2017-2020,0,random_forest,total,diag,Sex,female,642,94,0.48936,0.39252,0.12956,0.79697
2017-2020,0,random_forest,total,diag,Sex,male,603,101,0.52475,0.42673,0.12151,0.80089
2017-2020,0,random_forest,total,diag,Age,18-44,475,18,0.05556,0.01667,0.00219,0.77687
2017-2020,0,random_forest,total,diag,Age,45-64,460,84,0.53571,0.47751,0.18085,0.7418
2017-2020,0,random_forest,total,diag,Age,65+,310,93,0.56989,0.46682,0.29032,0.68228
2017-2020,0,random_forest,total,lab,Income,PIR<2,559,92,0.54348,0.45143,0.19272,0.77241
2017-2020,0,random_forest,total,lab,Income,PIR>=2,686,82,0.37805,0.30424,0.09934,0.74814
2017-2020,0,random_forest,total,lab,Education,HS_or_less,514,94,0.53191,0.4114,0.17619,0.76701
2017-2020,0,random_forest,total,lab,Education,some_college+,731,80,0.3875,0.29251,0.11674,0.74852
2017-2020,0,random_forest,total,lab,Sex,female,642,82,0.45122,0.30998,0.14286,0.78279
2017-2020,0,random_forest,total,lab,Sex,male,603,92,0.47826,0.389,0.13699,0.74671
2017-2020,0,random_forest,total,lab,Age,18-44,475,21,0.0,0.0,0.00441,0.76122
2017-2020,0,random_forest,total,lab,Age,45-64,460,78,0.52564,0.45159,0.18848,0.71775
2017-2020,0,random_forest,total,lab,Age,65+,310,75,0.53333,0.38106,0.3234,0.63523
2017-2020,0,random_forest,total,total,Income,PIR<2,559,113,0.53982,0.48481,0.17713,0.79514
2017-2020,0,random_forest,total,total,Income,PIR>=2,686,118,0.40678,0.33253,0.0757,0.79032
2017-2020,0,random_forest,total,total,Education,HS_or_less,514,119,0.52101,0.39402,0.15696,0.78387
2017-2020,0,random_forest,total,total,Education,some_college+,731,112,0.41964,0.35699,0.09693,0.79296
2017-2020,0,random_forest,total,total,Sex,female,642,113,0.46018,0.35746,0.12287,0.80953
2017-2020,0,random_forest,total,total,Sex,male,603,118,0.48305,0.3923,0.11753,0.77751
2017-2020,0,random_forest,total,total,Age,18-44,475,30,0.03333,0.01104,0.00225,0.78764
2017-2020,0,random_forest,total,total,Age,45-64,460,98,0.52041,0.46299,0.17127,0.74844
2017-2020,0,random_forest,total,total,Age,65+,310,103,0.5534,0.44426,0.28502,0.68407
2017-2020,0,logistic_regression,diag,diag,Income,PIR<2,559,94,0.5,0.49168,0.15054,0.80176
2017-2020,0,logistic_regression,diag,diag,Income,PIR>=2,686,101,0.38614,0.27901,0.06838,0.81378
2017-2020,0,logistic_regression,diag,diag,Education,HS_or_less,514,97,0.50515,0.36091,0.14868,0.79547
2017-2020,0,logistic_regression,diag,diag,Education,some_college+,731,98,0.37755,0.30829,0.07583,0.81486
2017-2020,0,logistic_regression,diag,diag,Sex,female,642,94,0.3617,0.30256,0.07847,0.80628
2017-2020,0,logistic_regression,diag,diag,Sex,male,603,101,0.51485,0.36066,0.13347,0.81454
2017-2020,0,logistic_regression,diag,diag,Age,18-44,475,18,0.05556,0.01667,0.00656,0.77413
2017-2020,0,logistic_regression,diag,diag,Age,45-64,460,84,0.39286,0.23342,0.10638,0.75247
2017-2020,0,logistic_regression,diag,diag,Age,65+,310,93,0.55914,0.518,0.30876,0.69615
2017-2020,0,logistic_regression,diag,lab,Income,PIR<2,559,92,0.46739,0.41738,0.15846,0.77488
2017-2020,0,logistic_regression,diag,lab,Income,PIR>=2,686,82,0.32927,0.2436,0.08609,0.76601
2017-2020,0,logistic_regression,diag,lab,Education,HS_or_less,514,94,0.44681,0.32497,0.16429,0.77632
2017-2020,0,logistic_regression,diag,lab,Education,some_college+,731,80,0.35,0.27764,0.08756,0.75808
2017-2020,0,logistic_regression,diag,lab,Sex,female,642,82,0.35366,0.28411,0.08571,0.78578
2017-2020,0,logistic_regression,diag,lab,Sex,male,603,92,0.44565,0.31645,0.15264,0.76576
2017-2020,0,logistic_regression,diag,lab,Age,18-44,475,21,0.0,0.0,0.00881,0.81865
2017-2020,0,logistic_regression,diag,lab,Age,45-64,460,78,0.38462,0.23474,0.11257,0.71604
2017-2020,0,logistic_regression,diag,lab,Age,65+,310,75,0.53333,0.4587,0.33617,0.65322
2017-2020,0,logistic_regression,diag,total,Income,PIR<2,559,113,0.47788,0.44223,0.14126,0.797
2017-2020,0,logistic_regression,diag,total,Income,PIR>=2,686,118,0.33898,0.25278,0.06866,0.7994
2017-2020,0,logistic_regression,diag,total,Education,HS_or_less,514,119,0.45378,0.3224,0.1443,0.78894
2017-2020,0,logistic_regression,diag,total,Education,some_college+,731,112,0.35714,0.28991,0.0727,0.79845
2017-2020,0,logistic_regression,diag,total,Sex,female,642,113,0.34513,0.28018,0.07183,0.81029
2017-2020,0,logistic_regression,diag,total,Sex,male,603,118,0.4661,0.33059,0.13196,0.79184
2017-2020,0,logistic_regression,diag,total,Age,18-44,475,30,0.03333,0.01104,0.00674,0.80981
2017-2020,0,logistic_regression,diag,total,Age,45-64,460,98,0.36735,0.23109,0.10221,0.74402
2017-2020,0,logistic_regression,diag,total,Age,65+,310,103,0.5534,0.49658,0.29952,0.69598
2017-2020,0,logistic_regression,lab,diag,Income,PIR<2,559,94,0.44681,0.4487,0.11828,0.79163
2017-2020,0,logistic_regression,lab,diag,Income,PIR>=2,686,101,0.38614,0.27255,0.06496,0.81005
2017-2020,0,logistic_regression,lab,diag,Education,HS_or_less,514,97,0.47423,0.35125,0.11751,0.7841
2017-2020,0,logistic_regression,lab,diag,Education,some_college+,731,98,0.35714,0.28717,0.06951,0.81313
2017-2020,0,logistic_regression,lab,diag,Sex,female,642,94,0.37234,0.34117,0.06569,0.79826
2017-2020,0,logistic_regression,lab,diag,Sex,male,603,101,0.45545,0.29566,0.11355,0.80963
2017-2020,0,logistic_regression,lab,diag,Age,18-44,475,18,0.0,0.0,0.01094,0.75261
2017-2020,0,logistic_regression,lab,diag,Age,45-64,460,84,0.35714,0.24513,0.08777,0.7424
2017-2020,0,logistic_regression,lab,diag,Age,65+,310,93,0.54839,0.47757,0.25346,0.69883
2017-2020,0,logistic_regression,lab,lab,Income,PIR<2,559,92,0.41304,0.36945,0.12634,0.76855
2017-2020,0,logistic_regression,lab,lab,Income,PIR>=2,686,82,0.32927,0.23631,0.08278,0.77078
2017-2020,0,logistic_regression,lab,lab,Education,HS_or_less,514,94,0.43617,0.36508,0.12857,0.77247
2017-2020,0,logistic_regression,lab,lab,Education,some_college+,731,80,0.3,0.19194,0.08449,0.76029
2017-2020,0,logistic_regression,lab,lab,Sex,female,642,82,0.34146,0.30941,0.07679,0.78402
2017-2020,0,logistic_regression,lab,lab,Sex,male,603,92,0.40217,0.25817,0.12916,0.76523
2017-2020,0,logistic_regression,lab,lab,Age,18-44,475,21,0.04762,0.04832,0.00881,0.80659
2017-2020,0,logistic_regression,lab,lab,Age,45-64,460,78,0.33333,0.21213,0.09686,0.71463
2017-2020,0,logistic_regression,lab,lab,Age,65+,310,75,0.50667,0.41692,0.28936,0.66009
2017-2020,0,logistic_regression,lab,total,Income,PIR<2,559,113,0.43363,0.40854,0.10762,0.78989
2017-2020,0,logistic_regression,lab,total,Income,PIR>=2,686,118,0.35593,0.27514,0.06162,0.80064
2017-2020,0,logistic_regression,lab,total,Education,HS_or_less,514,119,0.44538,0.35548,0.10633,0.78268
2017-2020,0,logistic_regression,lab,total,Education,some_college+,731,112,0.33929,0.27078,0.06624,0.80012
2017-2020,0,logistic_regression,lab,total,Sex,female,642,113,0.36283,0.34398,0.05671,0.80718
2017-2020,0,logistic_regression,lab,total,Sex,male,603,118,0.42373,0.28252,0.10928,0.78974
2017-2020,0,logistic_regression,lab,total,Age,18-44,475,30,0.03333,0.02805,0.00899,0.79918
2017-2020,0,logistic_regression,lab,total,Age,45-64,460,98,0.33673,0.24165,0.08287,0.7392
2017-2020,0,logistic_regression,lab,total,Age,65+,310,103,0.5534,0.49532,0.23671,0.70583
2017-2020,0,logistic_regression,total,diag,Income,PIR<2,559,94,0.56383,0.57104,0.17419,0.79902
2017-2020,0,logistic_regression,total,diag,Income,PIR>=2,686,101,0.45545,0.32462,0.08718,0.81329
2017-2020,0,logistic_regression,total,diag,Education,HS_or_less,514,97,0.57732,0.39877,0.17746,0.79241
2017-2020,0,logistic_regression,total,diag,Education,some_college+,731,98,0.43878,0.37697,0.09163,0.8148
2017-2020,0,logistic_regression,total,diag,Sex,female,642,94,0.43617,0.38411,0.10036,0.80451
2017-2020,0,logistic_regression,total,diag,Sex,male,603,101,0.57426,0.39004,0.15339,0.81247
2017-2020,0,logistic_regression,total,diag,Age,18-44,475,18,0.05556,0.01667,0.01313,0.76428
2017-2020,0,logistic_regression,total,diag,Age,45-64,460,84,0.44048,0.3005,0.13298,0.75079
2017-2020,0,logistic_regression,total,diag,Age,65+,310,93,0.65591,0.5766,0.35023,0.70229
2017-2020,0,logistic_regression,total,lab,Income,PIR<2,559,92,0.52174,0.47533,0.18415,0.77463
2017-2020,0,logistic_regression,total,lab,Income,PIR>=2,686,82,0.41463,0.30852,0.1043,0.76902
2017-2020,0,logistic_regression,total,lab,Education,HS_or_less,514,94,0.53191,0.41326,0.19048,0.77541
2017-2020,0,logistic_regression,total,lab,Education,some_college+,731,80,0.4,0.31295,0.10599,0.76148
2017-2020,0,logistic_regression,total,lab,Sex,female,642,82,0.41463,0.36583,0.11071,0.78763
2017-2020,0,logistic_regression,total,lab,Sex,male,603,92,0.52174,0.36357,0.17025,0.76561
2017-2020,0,logistic_regression,total,lab,Age,18-44,475,21,0.04762,0.04832,0.01322,0.80837
2017-2020,0,logistic_regression,total,lab,Age,45-64,460,78,0.42308,0.28242,0.14136,0.71862
2017-2020,0,logistic_regression,total,lab,Age,65+,310,75,0.64,0.53903,0.37872,0.66111
2017-2020,0,logistic_regression,total,total,Income,PIR<2,559,113,0.53097,0.50443,0.16592,0.79642
2017-2020,0,logistic_regression,total,total,Income,PIR>=2,686,118,0.41525,0.32188,0.08451,0.80255
2017-2020,0,logistic_regression,total,total,Education,HS_or_less,514,119,0.52941,0.39468,0.16962,0.78862
2017-2020,0,logistic_regression,total,total,Education,some_college+,731,112,0.41071,0.35208,0.08885,0.80151
2017-2020,0,logistic_regression,total,total,Sex,female,642,113,0.41593,0.38012,0.09263,0.81265
2017-2020,0,logistic_regression,total,total,Sex,male,603,118,0.52542,0.36638,0.15052,0.79165
2017-2020,0,logistic_regression,total,total,Age,18-44,475,30,0.06667,0.03909,0.01124,0.80479
2017-2020,0,logistic_regression,total,total,Age,45-64,460,98,0.40816,0.2916,0.12983,0.74659
2017-2020,0,logistic_regression,total,total,Age,65+,310,103,0.65049,0.586,0.33816,0.70606
2017-2020,1,xgboost,diag,diag,Income,PIR<2,545,84,0.44048,0.39237,0.16052,0.77194
2017-2020,1,xgboost,diag,diag,Income,PIR>=2,700,111,0.38739,0.36426,0.07131,0.79688
2017-2020,1,xgboost,diag,diag,Education,HS_or_less,502,84,0.5,0.49639,0.14593,0.78482
2017-2020,1,xgboost,diag,diag,Education,some_college+,743,111,0.34234,0.28403,0.08703,0.78763
2017-2020,1,xgboost,diag,diag,Sex,female,628,83,0.31325,0.27249,0.0789,0.76963
2017-2020,1,xgboost,diag,diag,Sex,male,617,112,0.48214,0.42901,0.14455,0.79253
2017-2020,1,xgboost,diag,diag,Age,18-44,461,18,0.11111,0.04591,0.01806,0.7379
2017-2020,1,xgboost,diag,diag,Age,45-64,471,86,0.34884,0.38099,0.13506,0.70322
2017-2020,1,xgboost,diag,diag,Age,65+,313,91,0.52747,0.45917,0.25225,0.69359
2017-2020,1,xgboost,diag,lab,Income,PIR<2,545,80,0.4,0.40758,0.16989,0.75249
2017-2020,1,xgboost,diag,lab,Income,PIR>=2,700,94,0.31915,0.33021,0.09076,0.76685
2017-2020,1,xgboost,diag,lab,Education,HS_or_less,502,81,0.4321,0.44461,0.16152,0.76272
2017-2020,1,xgboost,diag,lab,Education,some_college+,743,93,0.29032,0.27737,0.10154,0.75486
2017-2020,1,xgboost,diag,lab,Sex,female,628,83,0.28916,0.25118,0.08257,0.75977
2017-2020,1,xgboost,diag,lab,Sex,male,617,91,0.41758,0.42204,0.1692,0.75913
2017-2020,1,xgboost,diag,lab,Age,18-44,461,18,0.05556,0.05513,0.02032,0.66629
2017-2020,1,xgboost,diag,lab,Age,45-64,471,81,0.30864,0.3344,0.14615,0.69729
2017-2020,1,xgboost,diag,lab,Age,65+,313,75,0.48,0.48695,0.28571,0.66706
2017-2020,1,xgboost,diag,total,Income,PIR<2,545,105,0.40952,0.37228,0.15455,0.76057
2017-2020,1,xgboost,diag,total,Income,PIR>=2,700,126,0.34127,0.33084,0.07317,0.78547
2017-2020,1,xgboost,diag,total,Education,HS_or_less,502,105,0.44762,0.44674,0.14106,0.77274
2017-2020,1,xgboost,diag,total,Education,some_college+,743,126,0.30952,0.2626,0.08752,0.77392
2017-2020,1,xgboost,diag,total,Sex,female,628,100,0.29,0.25514,0.07576,0.77042
2017-2020,1,xgboost,diag,total,Sex,male,617,131,0.43511,0.39862,0.14403,0.77477
2017-2020,1,xgboost,diag,total,Age,18-44,461,28,0.10714,0.06471,0.01617,0.71272
2017-2020,1,xgboost,diag,total,Age,45-64,471,103,0.30097,0.34279,0.13859,0.70023
2017-2020,1,xgboost,diag,total,Age,65+,313,100,0.52,0.46074,0.24413,0.70202
2017-2020,1,xgboost,lab,diag,Income,PIR<2,545,84,0.45238,0.44645,0.12798,0.78436
2017-2020,1,xgboost,lab,diag,Income,PIR>=2,700,111,0.34234,0.31501,0.06621,0.77633
2017-2020,1,xgboost,lab,diag,Education,HS_or_less,502,84,0.47619,0.49284,0.12201,0.78992
2017-2020,1,xgboost,lab,diag,Education,some_college+,743,111,0.32432,0.25327,0.07437,0.77228
2017-2020,1,xgboost,lab,diag,Sex,female,628,83,0.39759,0.33288,0.08257,0.78632
2017-2020,1,xgboost,lab,diag,Sex,male,617,112,0.38393,0.36429,0.10495,0.76551
2017-2020,1,xgboost,lab,diag,Age,18-44,461,18,0.22222,0.1336,0.02257,0.769
2017-2020,1,xgboost,lab,diag,Age,45-64,471,86,0.4186,0.42377,0.12208,0.72143
2017-2020,1,xgboost,lab,diag,Age,65+,313,91,0.3956,0.34625,0.18468,0.66305
2017-2020,1,xgboost,lab,lab,Income,PIR<2,545,80,0.4,0.40868,0.13978,0.74582
2017-2020,1,xgboost,lab,lab,Income,PIR>=2,700,94,0.31915,0.31485,0.07756,0.75184
2017-2020,1,xgboost,lab,lab,Education,HS_or_less,502,81,0.38272,0.39851,0.14252,0.74008
2017-2020,1,xgboost,lab,lab,Education,some_college+,743,93,0.33333,0.29796,0.08,0.7508
2017-2020,1,xgboost,lab,lab,Sex,female,628,83,0.36145,0.35186,0.08807,0.76772
2017-2020,1,xgboost,lab,lab,Sex,male,617,91,0.35165,0.33946,0.12167,0.72898
2017-2020,1,xgboost,lab,lab,Age,18-44,461,18,0.11111,0.15201,0.02709,0.73727
2017-2020,1,xgboost,lab,lab,Age,45-64,471,81,0.38272,0.35846,0.13333,0.69511
2017-2020,1,xgboost,lab,lab,Age,65+,313,75,0.38667,0.39508,0.20168,0.62796
2017-2020,1,xgboost,lab,total,Income,PIR<2,545,105,0.40952,0.38519,0.12273,0.76438
2017-2020,1,xgboost,lab,total,Income,PIR>=2,700,126,0.31746,0.30663,0.06446,0.771
2017-2020,1,xgboost,lab,total,Education,HS_or_less,502,105,0.40952,0.4185,0.12091,0.76583
2017-2020,1,xgboost,lab,total,Education,some_college+,743,126,0.31746,0.26258,0.06969,0.7666
2017-2020,1,xgboost,lab,total,Sex,female,628,100,0.36,0.31788,0.07955,0.78083
2017-2020,1,xgboost,lab,total,Sex,male,617,131,0.35878,0.3398,0.10082,0.75199
2017-2020,1,xgboost,lab,total,Age,18-44,461,28,0.17857,0.16569,0.02079,0.77656
2017-2020,1,xgboost,lab,total,Age,45-64,471,103,0.37864,0.38133,0.11957,0.71081
2017-2020,1,xgboost,lab,total,Age,65+,313,100,0.39,0.34594,0.1784,0.65657
2017-2020,1,xgboost,total,diag,Income,PIR<2,545,84,0.53571,0.49018,0.18438,0.78978
2017-2020,1,xgboost,total,diag,Income,PIR>=2,700,111,0.43243,0.38928,0.08998,0.78709
2017-2020,1,xgboost,total,diag,Education,HS_or_less,502,84,0.55952,0.51904,0.17225,0.7939
2017-2020,1,xgboost,total,diag,Education,some_college+,743,111,0.41441,0.3467,0.10443,0.78405
2017-2020,1,xgboost,total,diag,Sex,female,628,83,0.45783,0.41705,0.12477,0.78808
2017-2020,1,xgboost,total,diag,Sex,male,617,112,0.49107,0.41915,0.13861,0.78316
2017-2020,1,xgboost,total,diag,Age,18-44,461,18,0.22222,0.1336,0.02257,0.76687
2017-2020,1,xgboost,total,diag,Age,45-64,471,86,0.5,0.47747,0.18701,0.71204
2017-2020,1,xgboost,total,diag,Age,65+,313,91,0.50549,0.4426,0.25225,0.68701
2017-2020,1,xgboost,total,lab,Income,PIR<2,545,80,0.4875,0.49402,0.1957,0.76345
2017-2020,1,xgboost,total,lab,Income,PIR>=2,700,94,0.32979,0.32938,0.11551,0.75183
2017-2020,1,xgboost,total,lab,Education,HS_or_less,502,81,0.45679,0.43257,0.19477,0.74964
2017-2020,1,xgboost,total,lab,Education,some_college+,743,93,0.35484,0.3371,0.12154,0.75849
2017-2020,1,xgboost,total,lab,Sex,female,628,83,0.38554,0.36132,0.13578,0.76746
2017-2020,1,xgboost,total,lab,Sex,male,617,91,0.41758,0.39411,0.1654,0.74741
2017-2020,1,xgboost,total,lab,Age,18-44,461,18,0.11111,0.08355,0.02709,0.75408
2017-2020,1,xgboost,total,lab,Age,45-64,471,81,0.41975,0.40561,0.20769,0.68602
2017-2020,1,xgboost,total,lab,Age,65+,313,75,0.45333,0.45629,0.28571,0.65126
2017-2020,1,xgboost,total,total,Income,PIR<2,545,105,0.50476,0.45894,0.175,0.78317
2017-2020,1,xgboost,total,total,Income,PIR>=2,700,126,0.38095,0.35357,0.09233,0.77548
2017-2020,1,xgboost,total,total,Education,HS_or_less,502,105,0.50476,0.467,0.16625,0.7807
2017-2020,1,xgboost,total,total,Education,some_college+,743,126,0.38095,0.32346,0.10373,0.77587
2017-2020,1,xgboost,total,total,Sex,female,628,100,0.42,0.38029,0.12121,0.78667
2017-2020,1,xgboost,total,total,Sex,male,617,131,0.45038,0.3909,0.1358,0.77072
2017-2020,1,xgboost,total,total,Age,18-44,461,28,0.17857,0.12367,0.02079,0.78753
2017-2020,1,xgboost,total,total,Age,45-64,471,103,0.4466,0.43372,0.1875,0.70036
2017-2020,1,xgboost,total,total,Age,65+,313,100,0.5,0.44496,0.24413,0.69549
2017-2020,1,random_forest,diag,diag,Income,PIR<2,545,84,0.5,0.45045,0.14534,0.79398
2017-2020,1,random_forest,diag,diag,Income,PIR>=2,700,111,0.40541,0.39677,0.07301,0.78652
2017-2020,1,random_forest,diag,diag,Education,HS_or_less,502,84,0.57143,0.53362,0.14833,0.79857
2017-2020,1,random_forest,diag,diag,Education,some_college+,743,111,0.35135,0.32581,0.07595,0.78279
2017-2020,1,random_forest,diag,diag,Sex,female,628,83,0.43373,0.41389,0.07339,0.79401
2017-2020,1,random_forest,diag,diag,Sex,male,617,112,0.45536,0.41133,0.13861,0.77911
2017-2020,1,random_forest,diag,diag,Age,18-44,461,18,0.11111,0.04591,0.0158,0.71664
2017-2020,1,random_forest,diag,diag,Age,45-64,471,86,0.43023,0.437,0.14286,0.70586
2017-2020,1,random_forest,diag,diag,Age,65+,313,91,0.52747,0.4946,0.21622,0.70995
2017-2020,1,random_forest,diag,lab,Income,PIR<2,545,80,0.4875,0.47271,0.15054,0.78031
2017-2020,1,random_forest,diag,lab,Income,PIR>=2,700,94,0.37234,0.37789,0.08746,0.7649
2017-2020,1,random_forest,diag,lab,Education,HS_or_less,502,81,0.53086,0.47611,0.15914,0.78275
2017-2020,1,random_forest,diag,lab,Education,some_college+,743,93,0.33333,0.3491,0.08615,0.75677
2017-2020,1,random_forest,diag,lab,Sex,female,628,83,0.38554,0.37163,0.08073,0.78554
2017-2020,1,random_forest,diag,lab,Sex,male,617,91,0.46154,0.43128,0.15019,0.75955
2017-2020,1,random_forest,diag,lab,Age,18-44,461,18,0.0,0.0,0.02032,0.69965
2017-2020,1,random_forest,diag,lab,Age,45-64,471,81,0.40741,0.39295,0.15128,0.69136
2017-2020,1,random_forest,diag,lab,Age,65+,313,75,0.54667,0.57192,0.23109,0.72218
2017-2020,1,random_forest,diag,total,Income,PIR<2,545,105,0.44762,0.39751,0.14091,0.78218
2017-2020,1,random_forest,diag,total,Income,PIR>=2,700,126,0.36508,0.36304,0.07317,0.77265
2017-2020,1,random_forest,diag,total,Education,HS_or_less,502,105,0.51429,0.47044,0.14106,0.78948
2017-2020,1,random_forest,diag,total,Education,some_college+,743,126,0.30952,0.29758,0.0778,0.76463
2017-2020,1,random_forest,diag,total,Sex,female,628,100,0.37,0.353,0.07386,0.78656
2017-2020,1,random_forest,diag,total,Sex,male,617,131,0.42748,0.38682,0.13374,0.76667
2017-2020,1,random_forest,diag,total,Age,18-44,461,28,0.07143,0.03087,0.01617,0.71705
2017-2020,1,random_forest,diag,total,Age,45-64,471,103,0.37864,0.39356,0.14402,0.69602
2017-2020,1,random_forest,diag,total,Age,65+,313,100,0.52,0.49462,0.20657,0.72486
2017-2020,1,random_forest,lab,diag,Income,PIR<2,545,84,0.45238,0.38911,0.13883,0.7812
2017-2020,1,random_forest,lab,diag,Income,PIR>=2,700,111,0.32432,0.31914,0.06621,0.77122
2017-2020,1,random_forest,lab,diag,Education,HS_or_less,502,84,0.47619,0.44579,0.13876,0.791
2017-2020,1,random_forest,lab,diag,Education,some_college+,743,111,0.30631,0.26349,0.0712,0.76256
2017-2020,1,random_forest,lab,diag,Sex,female,628,83,0.38554,0.30599,0.08257,0.79322
2017-2020,1,random_forest,lab,diag,Sex,male,617,112,0.375,0.35822,0.11485,0.75431
2017-2020,1,random_forest,lab,diag,Age,18-44,461,18,0.16667,0.07186,0.01354,0.73771
2017-2020,1,random_forest,lab,diag,Age,45-64,471,86,0.4186,0.46055,0.16104,0.69967
2017-2020,1,random_forest,lab,diag,Age,65+,313,91,0.38462,0.29638,0.15766,0.67867
2017-2020,1,random_forest,lab,lab,Income,PIR<2,545,80,0.425,0.38216,0.14624,0.7496
2017-2020,1,random_forest,lab,lab,Income,PIR>=2,700,94,0.26596,0.28833,0.08251,0.74724
2017-2020,1,random_forest,lab,lab,Education,HS_or_less,502,81,0.41975,0.37137,0.15202,0.75338
2017-2020,1,random_forest,lab,lab,Education,some_college+,743,93,0.26882,0.27197,0.08308,0.73676
2017-2020,1,random_forest,lab,lab,Sex,female,628,83,0.36145,0.30516,0.08624,0.77572
2017-2020,1,random_forest,lab,lab,Sex,male,617,91,0.31868,0.32612,0.13498,0.7212
2017-2020,1,random_forest,lab,lab,Age,18-44,461,18,0.11111,0.08355,0.0158,0.70379
2017-2020,1,random_forest,lab,lab,Age,45-64,471,81,0.38272,0.40319,0.17179,0.66815
2017-2020,1,random_forest,lab,lab,Age,65+,313,75,0.34667,0.29305,0.18487,0.66445
2017-2020,1,random_forest,lab,total,Income,PIR<2,545,105,0.41905,0.36107,0.13182,0.76352
2017-2020,1,random_forest,lab,total,Income,PIR>=2,700,126,0.28571,0.28986,0.06794,0.76285
2017-2020,1,random_forest,lab,total,Education,HS_or_less,502,105,0.4381,0.40298,0.13098,0.77612
2017-2020,1,random_forest,lab,total,Education,some_college+,743,126,0.26984,0.24066,0.07293,0.74923
2017-2020,1,random_forest,lab,total,Sex,female,628,100,0.35,0.28052,0.07955,0.78449
2017-2020,1,random_forest,lab,total,Sex,male,617,131,0.34351,0.33196,0.11317,0.74206
2017-2020,1,random_forest,lab,total,Age,18-44,461,28,0.14286,0.08216,0.01155,0.7434
2017-2020,1,random_forest,lab,total,Age,45-64,471,103,0.36893,0.41422,0.16304,0.68478
2017-2020,1,random_forest,lab,total,Age,65+,313,100,0.38,0.29714,0.15023,0.68383
2017-2020,1,random_forest,total,diag,Income,PIR<2,545,84,0.58333,0.53687,0.17354,0.79158
2017-2020,1,random_forest,total,diag,Income,PIR>=2,700,111,0.45045,0.43339,0.08829,0.78578
2017-2020,1,random_forest,total,diag,Education,HS_or_less,502,84,0.61905,0.57982,0.17225,0.80176
2017-2020,1,random_forest,total,diag,Education,some_college+,743,111,0.42342,0.3802,0.09494,0.77884
2017-2020,1,random_forest,total,diag,Sex,female,628,83,0.51807,0.44877,0.11009,0.80427
2017-2020,1,random_forest,total,diag,Sex,male,617,112,0.5,0.47144,0.14257,0.77139
2017-2020,1,random_forest,total,diag,Age,18-44,461,18,0.22222,0.1336,0.01806,0.75489
2017-2020,1,random_forest,total,diag,Age,45-64,471,86,0.52326,0.52766,0.17922,0.70507
2017-2020,1,random_forest,total,diag,Age,65+,313,91,0.54945,0.49522,0.24775,0.71216
2017-2020,1,random_forest,total,lab,Income,PIR<2,545,80,0.5125,0.48691,0.18925,0.76805
2017-2020,1,random_forest,total,lab,Income,PIR>=2,700,94,0.38298,0.3997,0.10891,0.75246
2017-2020,1,random_forest,total,lab,Education,HS_or_less,502,81,0.53086,0.47854,0.1924,0.76555
2017-2020,1,random_forest,total,lab,Education,some_college+,743,93,0.36559,0.38307,0.11231,0.74784
2017-2020,1,random_forest,total,lab,Sex,female,628,83,0.44578,0.39195,0.1211,0.78279
2017-2020,1,random_forest,total,lab,Sex,male,617,91,0.43956,0.45009,0.1673,0.73823
2017-2020,1,random_forest,total,lab,Age,18-44,461,18,0.05556,0.02842,0.02483,0.71639
2017-2020,1,random_forest,total,lab,Age,45-64,471,81,0.45679,0.46194,0.19744,0.67879
2017-2020,1,random_forest,total,lab,Age,65+,313,75,0.52,0.52517,0.27731,0.69972
2017-2020,1,random_forest,total,total,Income,PIR<2,545,105,0.51429,0.46641,0.17045,0.77573
2017-2020,1,random_forest,total,total,Income,PIR>=2,700,126,0.39683,0.39362,0.09059,0.77241
2017-2020,1,random_forest,total,total,Education,HS_or_less,502,105,0.54286,0.50429,0.16877,0.78474
2017-2020,1,random_forest,total,total,Education,some_college+,743,126,0.37302,0.34726,0.09724,0.763
2017-2020,1,random_forest,total,total,Sex,female,628,100,0.44,0.38192,0.11174,0.79336
2017-2020,1,random_forest,total,total,Sex,male,617,131,0.45802,0.43799,0.13992,0.75653
2017-2020,1,random_forest,total,total,Age,18-44,461,28,0.14286,0.08983,0.01848,0.74328
2017-2020,1,random_forest,total,total,Age,45-64,471,103,0.45631,0.47307,0.18207,0.68954
2017-2020,1,random_forest,total,total,Age,65+,313,100,0.53,0.49064,0.24413,0.72507
2017-2020,1,logistic_regression,diag,diag,Income,PIR<2,545,84,0.5119,0.42987,0.15835,0.80486
2017-2020,1,logistic_regression,diag,diag,Income,PIR>=2,700,111,0.38739,0.38081,0.06282,0.82419
2017-2020,1,logistic_regression,diag,diag,Education,HS_or_less,502,84,0.55952,0.54349,0.14115,0.81375
2017-2020,1,logistic_regression,diag,diag,Education,some_college+,743,111,0.35135,0.28917,0.0807,0.82029
2017-2020,1,logistic_regression,diag,diag,Sex,female,628,83,0.39759,0.34289,0.08624,0.82071
2017-2020,1,logistic_regression,diag,diag,Sex,male,617,112,0.47321,0.42449,0.12475,0.80807
2017-2020,1,logistic_regression,diag,diag,Age,18-44,461,18,0.16667,0.10805,0.01354,0.81164
2017-2020,1,logistic_regression,diag,diag,Age,45-64,471,86,0.30233,0.35453,0.09091,0.74064
2017-2020,1,logistic_regression,diag,diag,Age,65+,313,91,0.62637,0.51922,0.31081,0.73082
2017-2020,1,logistic_regression,diag,lab,Income,PIR<2,545,80,0.4875,0.41874,0.16559,0.79746
2017-2020,1,logistic_regression,diag,lab,Income,PIR>=2,700,94,0.35106,0.3667,0.07756,0.78613
2017-2020,1,logistic_regression,diag,lab,Education,HS_or_less,502,81,0.50617,0.46802,0.15439,0.79565
2017-2020,1,logistic_regression,diag,lab,Education,some_college+,743,93,0.33333,0.31027,0.09077,0.78635
2017-2020,1,logistic_regression,diag,lab,Sex,female,628,83,0.37349,0.33313,0.08991,0.80203
2017-2020,1,logistic_regression,diag,lab,Sex,male,617,91,0.45055,0.41567,0.14259,0.78326
2017-2020,1,logistic_regression,diag,lab,Age,18-44,461,18,0.05556,0.02842,0.01806,0.77339
2017-2020,1,logistic_regression,diag,lab,Age,45-64,471,81,0.32099,0.32675,0.08974,0.72803
2017-2020,1,logistic_regression,diag,lab,Age,65+,313,75,0.6,0.58111,0.34034,0.71535
2017-2020,1,logistic_regression,diag,total,Income,PIR<2,545,105,0.46667,0.38581,0.15227,0.7983
2017-2020,1,logistic_regression,diag,total,Income,PIR>=2,700,126,0.34127,0.34587,0.06446,0.80406
2017-2020,1,logistic_regression,diag,total,Education,HS_or_less,502,105,0.49524,0.47464,0.13602,0.80692
2017-2020,1,logistic_regression,diag,total,Education,some_college+,743,126,0.31746,0.2666,0.08104,0.79822
2017-2020,1,logistic_regression,diag,total,Sex,female,628,100,0.36,0.30468,0.08333,0.81231
2017-2020,1,logistic_regression,diag,total,Sex,male,617,131,0.42748,0.39163,0.12346,0.79205
2017-2020,1,logistic_regression,diag,total,Age,18-44,461,28,0.10714,0.07265,0.01386,0.79718
2017-2020,1,logistic_regression,diag,total,Age,45-64,471,103,0.28155,0.3273,0.08696,0.73252
2017-2020,1,logistic_regression,diag,total,Age,65+,313,100,0.6,0.51063,0.30986,0.73338
2017-2020,1,logistic_regression,lab,diag,Income,PIR<2,545,84,0.42857,0.39326,0.12581,0.80262
2017-2020,1,logistic_regression,lab,diag,Income,PIR>=2,700,111,0.34234,0.28026,0.07131,0.81707
2017-2020,1,logistic_regression,lab,diag,Education,HS_or_less,502,84,0.5119,0.47023,0.13158,0.80632
2017-2020,1,logistic_regression,lab,diag,Education,some_college+,743,111,0.27928,0.20075,0.0712,0.81811
2017-2020,1,logistic_regression,lab,diag,Sex,female,628,83,0.3494,0.30859,0.07156,0.82003
2017-2020,1,logistic_regression,lab,diag,Sex,male,617,112,0.40179,0.31527,0.12079,0.79966
2017-2020,1,logistic_regression,lab,diag,Age,18-44,461,18,0.05556,0.06173,0.00677,0.80976
2017-2020,1,logistic_regression,lab,diag,Age,45-64,471,86,0.2907,0.29099,0.09351,0.73858
2017-2020,1,logistic_regression,lab,diag,Age,65+,313,91,0.52747,0.40809,0.27477,0.72448
2017-2020,1,logistic_regression,lab,lab,Income,PIR<2,545,80,0.4125,0.38147,0.13118,0.78993
2017-2020,1,logistic_regression,lab,lab,Income,PIR>=2,700,94,0.30851,0.25111,0.08416,0.78339
2017-2020,1,logistic_regression,lab,lab,Education,HS_or_less,502,81,0.46914,0.39229,0.14252,0.7902
2017-2020,1,logistic_regression,lab,lab,Education,some_college+,743,93,0.25806,0.20626,0.08,0.78136
2017-2020,1,logistic_regression,lab,lab,Sex,female,628,83,0.3253,0.29643,0.07523,0.80195
2017-2020,1,logistic_regression,lab,lab,Sex,male,617,91,0.38462,0.28929,0.13498,0.77461
2017-2020,1,logistic_regression,lab,lab,Age,18-44,461,18,0.0,0.0,0.00903,0.78932
2017-2020,1,logistic_regression,lab,lab,Age,45-64,471,81,0.28395,0.24094,0.09744,0.71917
2017-2020,1,logistic_regression,lab,lab,Age,65+,313,75,0.52,0.46131,0.29412,0.70342
2017-2020,1,logistic_regression,lab,total,Income,PIR<2,545,105,0.39048,0.3483,0.12045,0.79544
2017-2020,1,logistic_regression,lab,total,Income,PIR>=2,700,126,0.30159,0.25454,0.07317,0.7987
2017-2020,1,logistic_regression,lab,total,Education,HS_or_less,502,105,0.44762,0.40845,0.12846,0.80181
2017-2020,1,logistic_regression,lab,total,Education,some_college+,743,126,0.25397,0.18584,0.07131,0.79414
2017-2020,1,logistic_regression,lab,total,Sex,female,628,100,0.31,0.26935,0.07008,0.81169
2017-2020,1,logistic_regression,lab,total,Sex,male,617,131,0.36641,0.29329,0.11934,0.78424
2017-2020,1,logistic_regression,lab,total,Age,18-44,461,28,0.03571,0.04151,0.00693,0.80403
2017-2020,1,logistic_regression,lab,total,Age,45-64,471,103,0.26214,0.26552,0.09239,0.72912
2017-2020,1,logistic_regression,lab,total,Age,65+,313,100,0.51,0.40482,0.2723,0.7207
2017-2020,1,logistic_regression,total,diag,Income,PIR<2,545,84,0.54762,0.47076,0.18004,0.80941
2017-2020,1,logistic_regression,total,diag,Income,PIR>=2,700,111,0.44144,0.41011,0.08998,0.81964
2017-2020,1,logistic_regression,total,diag,Education,HS_or_less,502,84,0.60714,0.58407,0.18421,0.81421
2017-2020,1,logistic_regression,total,diag,Education,some_college+,743,111,0.3964,0.31616,0.09335,0.82019
2017-2020,1,logistic_regression,total,diag,Sex,female,628,83,0.45783,0.38531,0.11743,0.82222
2017-2020,1,logistic_regression,total,diag,Sex,male,617,112,0.50893,0.45159,0.14257,0.8053
2017-2020,1,logistic_regression,total,diag,Age,18-44,461,18,0.16667,0.10805,0.01354,0.81101
2017-2020,1,logistic_regression,total,diag,Age,45-64,471,86,0.37209,0.39745,0.13247,0.73828
2017-2020,1,logistic_regression,total,diag,Age,65+,313,91,0.65934,0.55113,0.35586,0.73394
2017-2020,1,logistic_regression,total,lab,Income,PIR<2,545,80,0.5375,0.46614,0.18495,0.80009
2017-2020,1,logistic_regression,total,lab,Income,PIR>=2,700,94,0.41489,0.40514,0.10396,0.78425
2017-2020,1,logistic_regression,total,lab,Education,HS_or_less,502,81,0.58025,0.52986,0.1924,0.79603
2017-2020,1,logistic_regression,total,lab,Education,some_college+,743,93,0.37634,0.33389,0.10462,0.78587
2017-2020,1,logistic_regression,total,lab,Sex,female,628,83,0.44578,0.38136,0.11927,0.8038
2017-2020,1,logistic_regression,total,lab,Sex,male,617,91,0.49451,0.45238,0.1597,0.78117
2017-2020,1,logistic_regression,total,lab,Age,18-44,461,18,0.11111,0.08509,0.0158,0.78781
2017-2020,1,logistic_regression,total,lab,Age,45-64,471,81,0.38272,0.36019,0.13333,0.72012
2017-2020,1,logistic_regression,total,lab,Age,65+,313,75,0.65333,0.6268,0.37815,0.72045
2017-2020,1,logistic_regression,total,total,Income,PIR<2,545,105,0.50476,0.42113,0.17273,0.80282
2017-2020,1,logistic_regression,total,total,Income,PIR>=2,700,126,0.39683,0.38091,0.09059,0.8011
2017-2020,1,logistic_regression,total,total,Education,HS_or_less,502,105,0.55238,0.523,0.17632,0.80786
2017-2020,1,logistic_regression,total,total,Education,some_college+,743,126,0.35714,0.29125,0.094,0.7979
2017-2020,1,logistic_regression,total,total,Sex,female,628,100,0.42,0.3421,0.11364,0.81468
2017-2020,1,logistic_regression,total,total,Sex,male,617,131,0.46565,0.42534,0.13992,0.79008
2017-2020,1,logistic_regression,total,total,Age,18-44,461,28,0.14286,0.10743,0.01155,0.8032
2017-2020,1,logistic_regression,total,total,Age,45-64,471,103,0.33981,0.36494,0.13043,0.72743
2017-2020,1,logistic_regression,total,total,Age,65+,313,100,0.64,0.54317,0.35211,0.73685
2017-2020,2,xgboost,diag,diag,Income,PIR<2,562,97,0.41237,0.3549,0.15914,0.76717
2017-2020,2,xgboost,diag,diag,Income,PIR>=2,683,98,0.36735,0.39553,0.07863,0.83515
2017-2020,2,xgboost,diag,diag,Education,HS_or_less,495,86,0.46512,0.46117,0.1687,0.78618
2017-2020,2,xgboost,diag,diag,Education,some_college+,750,109,0.33028,0.31758,0.07956,0.81196
2017-2020,2,xgboost,diag,diag,Sex,female,639,89,0.25843,0.25734,0.08,0.76264
2017-2020,2,xgboost,diag,diag,Sex,male,606,106,0.5,0.47532,0.152,0.83643
2017-2020,2,xgboost,diag,diag,Age,18-44,477,24,0.125,0.08554,0.01325,0.76269
2017-2020,2,xgboost,diag,diag,Age,45-64,465,86,0.32558,0.34424,0.12929,0.75769
2017-2020,2,xgboost,diag,diag,Age,65+,303,85,0.52941,0.50067,0.29817,0.69331
2017-2020,2,xgboost,diag,lab,Income,PIR<2,562,86,0.44186,0.41672,0.15966,0.77602
2017-2020,2,xgboost,diag,lab,Income,PIR>=2,683,88,0.32955,0.40234,0.08908,0.78554
2017-2020,2,xgboost,diag,lab,Education,HS_or_less,495,75,0.46667,0.52061,0.17619,0.76403
2017-2020,2,xgboost,diag,lab,Education,some_college+,750,99,0.32323,0.32146,0.08449,0.79443
2017-2020,2,xgboost,diag,lab,Sex,female,639,82,0.30488,0.34126,0.0754,0.7746
2017-2020,2,xgboost,diag,lab,Sex,male,606,92,0.45652,0.44756,0.16926,0.78608
2017-2020,2,xgboost,diag,lab,Age,18-44,477,26,0.11538,0.11035,0.0133,0.8123
2017-2020,2,xgboost,diag,lab,Age,45-64,465,84,0.32143,0.3648,0.13123,0.73756
2017-2020,2,xgboost,diag,lab,Age,65+,303,64,0.57812,0.58532,0.30544,0.67965
2017-2020,2,xgboost,diag,total,Income,PIR<2,562,115,0.4087,0.34692,0.14989,0.77243
2017-2020,2,xgboost,diag,total,Income,PIR>=2,683,116,0.33621,0.36508,0.07584,0.80113
2017-2020,2,xgboost,diag,total,Education,HS_or_less,495,99,0.44444,0.44888,0.16414,0.76849
2017-2020,2,xgboost,diag,total,Education,some_college+,750,132,0.31818,0.28984,0.07282,0.80351
2017-2020,2,xgboost,diag,total,Sex,female,639,110,0.26364,0.25804,0.07183,0.76506
2017-2020,2,xgboost,diag,total,Sex,male,606,121,0.47107,0.43878,0.14845,0.81256
2017-2020,2,xgboost,diag,total,Age,18-44,477,36,0.11111,0.0905,0.01134,0.7825
2017-2020,2,xgboost,diag,total,Age,45-64,465,102,0.30392,0.31739,0.12672,0.7374
2017-2020,2,xgboost,diag,total,Age,65+,303,93,0.54839,0.51384,0.28095,0.70348
2017-2020,2,xgboost,lab,diag,Income,PIR<2,562,97,0.40206,0.42181,0.15054,0.74542
2017-2020,2,xgboost,lab,diag,Income,PIR>=2,683,98,0.31633,0.33648,0.05812,0.81809
2017-2020,2,xgboost,lab,diag,Education,HS_or_less,495,86,0.46512,0.56278,0.15892,0.77063
2017-2020,2,xgboost,lab,diag,Education,some_college+,750,109,0.27523,0.19184,0.06084,0.78939
2017-2020,2,xgboost,lab,diag,Sex,female,639,89,0.29213,0.24888,0.08727,0.74811
2017-2020,2,xgboost,lab,diag,Sex,male,606,106,0.41509,0.44432,0.112,0.81345
2017-2020,2,xgboost,lab,diag,Age,18-44,477,24,0.08333,0.0561,0.01987,0.78854
2017-2020,2,xgboost,lab,diag,Age,45-64,465,86,0.37209,0.48074,0.12665,0.70378
2017-2020,2,xgboost,lab,diag,Age,65+,303,85,0.42353,0.29625,0.2156,0.6905
2017-2020,2,xgboost,lab,lab,Income,PIR<2,562,86,0.38372,0.36692,0.15966,0.74316
2017-2020,2,xgboost,lab,lab,Income,PIR>=2,683,88,0.28409,0.3549,0.06723,0.77471
2017-2020,2,xgboost,lab,lab,Education,HS_or_less,495,75,0.4,0.56173,0.17857,0.73581
2017-2020,2,xgboost,lab,lab,Education,some_college+,750,99,0.28283,0.20681,0.06298,0.77703
2017-2020,2,xgboost,lab,lab,Sex,female,639,82,0.29268,0.27991,0.08977,0.75538
2017-2020,2,xgboost,lab,lab,Sex,male,606,92,0.36957,0.40775,0.1284,0.76449
2017-2020,2,xgboost,lab,lab,Age,18-44,477,26,0.07692,0.09288,0.01996,0.8094
2017-2020,2,xgboost,lab,lab,Age,45-64,465,84,0.35714,0.4957,0.13123,0.70332
2017-2020,2,xgboost,lab,lab,Age,65+,303,64,0.40625,0.28165,0.23849,0.65566
2017-2020,2,xgboost,lab,total,Income,PIR<2,562,115,0.38261,0.37979,0.14541,0.74967
2017-2020,2,xgboost,lab,total,Income,PIR>=2,683,116,0.2931,0.32155,0.05467,0.78477
2017-2020,2,xgboost,lab,total,Education,HS_or_less,495,99,0.43434,0.52969,0.15657,0.75209
2017-2020,2,xgboost,lab,total,Education,some_college+,750,132,0.26515,0.19175,0.05502,0.78152
2017-2020,2,xgboost,lab,total,Sex,female,639,110,0.28182,0.25052,0.08129,0.75137
2017-2020,2,xgboost,lab,total,Sex,male,606,121,0.38843,0.40937,0.10928,0.78638
2017-2020,2,xgboost,lab,total,Age,18-44,477,36,0.08333,0.08365,0.01814,0.78962
2017-2020,2,xgboost,lab,total,Age,45-64,465,102,0.34314,0.4397,0.12397,0.69419
2017-2020,2,xgboost,lab,total,Age,65+,303,93,0.43011,0.31134,0.20476,0.68991
2017-2020,2,xgboost,total,diag,Income,PIR<2,562,97,0.43299,0.39454,0.18065,0.76282
2017-2020,2,xgboost,total,diag,Income,PIR>=2,683,98,0.46939,0.52117,0.10085,0.82726
2017-2020,2,xgboost,total,diag,Education,HS_or_less,495,86,0.5,0.55829,0.20293,0.78561
2017-2020,2,xgboost,total,diag,Education,some_college+,750,109,0.41284,0.42001,0.0936,0.80316
2017-2020,2,xgboost,total,diag,Sex,female,639,89,0.31461,0.28567,0.10909,0.76533
2017-2020,2,xgboost,total,diag,Sex,male,606,106,0.56604,0.62757,0.166,0.82694
2017-2020,2,xgboost,total,diag,Age,18-44,477,24,0.16667,0.10342,0.02208,0.79755
2017-2020,2,xgboost,total,diag,Age,45-64,465,86,0.4186,0.53301,0.16359,0.73661
2017-2020,2,xgboost,total,diag,Age,65+,303,85,0.56471,0.51652,0.32569,0.70567
2017-2020,2,xgboost,total,lab,Income,PIR<2,562,86,0.44186,0.42596,0.18487,0.76175
2017-2020,2,xgboost,total,lab,Income,PIR>=2,683,88,0.42045,0.52489,0.11429,0.78014
2017-2020,2,xgboost,total,lab,Education,HS_or_less,495,75,0.48,0.62,0.21429,0.74902
2017-2020,2,xgboost,total,lab,Education,some_college+,750,99,0.39394,0.40382,0.10138,0.79004
2017-2020,2,xgboost,total,lab,Sex,female,639,82,0.32927,0.33933,0.10952,0.76956
2017-2020,2,xgboost,total,lab,Sex,male,606,92,0.52174,0.59478,0.18482,0.77629
2017-2020,2,xgboost,total,lab,Age,18-44,477,26,0.11538,0.10592,0.02439,0.81665
2017-2020,2,xgboost,total,lab,Age,45-64,465,84,0.40476,0.55817,0.16798,0.72194
2017-2020,2,xgboost,total,lab,Age,65+,303,64,0.59375,0.57302,0.33891,0.68456
2017-2020,2,xgboost,total,total,Income,PIR<2,562,115,0.42609,0.38033,0.17226,0.76726
2017-2020,2,xgboost,total,total,Income,PIR>=2,683,116,0.42241,0.47741,0.09877,0.79719
2017-2020,2,xgboost,total,total,Education,HS_or_less,495,99,0.47475,0.53825,0.19949,0.76553
2017-2020,2,xgboost,total,total,Education,some_college+,750,132,0.38636,0.37645,0.08738,0.79872
2017-2020,2,xgboost,total,total,Sex,female,639,110,0.30909,0.28193,0.10208,0.76926
2017-2020,2,xgboost,total,total,Sex,male,606,121,0.52893,0.57661,0.16289,0.80239
2017-2020,2,xgboost,total,total,Age,18-44,477,36,0.13889,0.10136,0.02041,0.80738
2017-2020,2,xgboost,total,total,Age,45-64,465,102,0.38235,0.48654,0.16253,0.71879
2017-2020,2,xgboost,total,total,Age,65+,303,93,0.58065,0.52903,0.30952,0.71669
2017-2020,2,random_forest,diag,diag,Income,PIR<2,562,97,0.46392,0.43331,0.13548,0.78292
2017-2020,2,random_forest,diag,diag,Income,PIR>=2,683,98,0.42857,0.44775,0.08205,0.81941
2017-2020,2,random_forest,diag,diag,Education,HS_or_less,495,86,0.52326,0.49791,0.13936,0.80274
2017-2020,2,random_forest,diag,diag,Education,some_college+,750,109,0.38532,0.39733,0.08424,0.8034
2017-2020,2,random_forest,diag,diag,Sex,female,639,89,0.2809,0.27726,0.07091,0.76413
2017-2020,2,random_forest,diag,diag,Sex,male,606,106,0.58491,0.56459,0.144,0.8389
2017-2020,2,random_forest,diag,diag,Age,18-44,477,24,0.0,0.0,0.00442,0.73354
2017-2020,2,random_forest,diag,diag,Age,45-64,465,86,0.44186,0.4703,0.1372,0.76629
2017-2020,2,random_forest,diag,diag,Age,65+,303,85,0.57647,0.51836,0.26147,0.71406
2017-2020,2,random_forest,diag,lab,Income,PIR<2,562,86,0.46512,0.42981,0.14286,0.77439
2017-2020,2,random_forest,diag,lab,Income,PIR>=2,683,88,0.36364,0.4416,0.09748,0.76757
2017-2020,2,random_forest,diag,lab,Education,HS_or_less,495,75,0.49333,0.51291,0.15476,0.77362
2017-2020,2,random_forest,diag,lab,Education,some_college+,750,99,0.35354,0.38246,0.0937,0.77281
2017-2020,2,random_forest,diag,lab,Sex,female,639,82,0.30488,0.33937,0.07002,0.75913
2017-2020,2,random_forest,diag,lab,Sex,male,606,92,0.51087,0.50032,0.16926,0.78481
2017-2020,2,random_forest,diag,lab,Age,18-44,477,26,0.0,0.0,0.00443,0.75414
2017-2020,2,random_forest,diag,lab,Age,45-64,465,84,0.41667,0.45855,0.14436,0.74417
2017-2020,2,random_forest,diag,lab,Age,65+,303,64,0.57812,0.59134,0.2887,0.6857
2017-2020,2,random_forest,diag,total,Income,PIR<2,562,115,0.43478,0.38948,0.12975,0.77883
2017-2020,2,random_forest,diag,total,Income,PIR>=2,683,116,0.37931,0.41068,0.08113,0.77913
2017-2020,2,random_forest,diag,total,Education,HS_or_less,495,99,0.48485,0.47,0.13636,0.78081
2017-2020,2,random_forest,diag,total,Education,some_college+,750,132,0.34848,0.35281,0.08091,0.78362
2017-2020,2,random_forest,diag,total,Sex,female,639,110,0.26364,0.25819,0.06616,0.75414
2017-2020,2,random_forest,diag,total,Sex,male,606,121,0.53719,0.51825,0.14227,0.8111
2017-2020,2,random_forest,diag,total,Age,18-44,477,36,0.0,0.0,0.00454,0.73243
2017-2020,2,random_forest,diag,total,Age,45-64,465,102,0.40196,0.43034,0.13499,0.74107
2017-2020,2,random_forest,diag,total,Age,65+,303,93,0.56989,0.5242,0.25238,0.7119
2017-2020,2,random_forest,lab,diag,Income,PIR<2,562,97,0.39175,0.40494,0.13763,0.762
2017-2020,2,random_forest,lab,diag,Income,PIR>=2,683,98,0.34694,0.33785,0.07009,0.79965
2017-2020,2,random_forest,lab,diag,Education,HS_or_less,495,86,0.44186,0.45911,0.1467,0.78178
2017-2020,2,random_forest,lab,diag,Education,some_college+,750,109,0.31193,0.27212,0.0702,0.78236
2017-2020,2,random_forest,lab,diag,Sex,female,639,89,0.22472,0.21711,0.08727,0.74587
2017-2020,2,random_forest,lab,diag,Sex,male,606,106,0.49057,0.46046,0.114,0.81535
2017-2020,2,random_forest,lab,diag,Age,18-44,477,24,0.04167,0.03275,0.01325,0.75478
2017-2020,2,random_forest,lab,diag,Age,45-64,465,86,0.43023,0.45616,0.1372,0.72286
2017-2020,2,random_forest,lab,diag,Age,65+,303,85,0.4,0.3208,0.2156,0.69439
2017-2020,2,random_forest,lab,lab,Income,PIR<2,562,86,0.39535,0.37867,0.14286,0.75904
2017-2020,2,random_forest,lab,lab,Income,PIR>=2,683,88,0.30682,0.35735,0.08067,0.75308
2017-2020,2,random_forest,lab,lab,Education,HS_or_less,495,75,0.4,0.44876,0.1619,0.75152
2017-2020,2,random_forest,lab,lab,Education,some_college+,750,99,0.31313,0.30002,0.07373,0.76268
2017-2020,2,random_forest,lab,lab,Sex,female,639,82,0.2439,0.27632,0.08618,0.75831
2017-2020,2,random_forest,lab,lab,Sex,male,606,92,0.44565,0.4184,0.1323,0.75768
2017-2020,2,random_forest,lab,lab,Age,18-44,477,26,0.07692,0.09288,0.01109,0.76569
2017-2020,2,random_forest,lab,lab,Age,45-64,465,84,0.41667,0.4661,0.14173,0.71643
2017-2020,2,random_forest,lab,lab,Age,65+,303,64,0.375,0.33608,0.23849,0.65148
2017-2020,2,random_forest,lab,total,Income,PIR<2,562,115,0.37391,0.36557,0.13199,0.76324
2017-2020,2,random_forest,lab,total,Income,PIR>=2,683,116,0.31034,0.31481,0.06878,0.76477
2017-2020,2,random_forest,lab,total,Education,HS_or_less,495,99,0.41414,0.4343,0.14394,0.76265
2017-2020,2,random_forest,lab,total,Education,some_college+,750,132,0.28788,0.24986,0.06634,0.77137
2017-2020,2,random_forest,lab,total,Sex,female,639,110,0.21818,0.21119,0.08318,0.74981
2017-2020,2,random_forest,lab,total,Sex,male,606,121,0.45455,0.42398,0.11134,0.78431
2017-2020,2,random_forest,lab,total,Age,18-44,477,36,0.05556,0.06947,0.01134,0.74424
2017-2020,2,random_forest,lab,total,Age,45-64,465,102,0.39216,0.41768,0.13499,0.71095
2017-2020,2,random_forest,lab,total,Age,65+,303,93,0.39785,0.32042,0.20952,0.68858
2017-2020,2,random_forest,total,diag,Income,PIR<2,562,97,0.47423,0.46404,0.17419,0.76305
2017-2020,2,random_forest,total,diag,Income,PIR>=2,683,98,0.47959,0.51405,0.10427,0.81136
2017-2020,2,random_forest,total,diag,Education,HS_or_less,495,86,0.52326,0.51008,0.19315,0.78537
2017-2020,2,random_forest,total,diag,Education,some_college+,750,109,0.44037,0.48987,0.09828,0.79097
2017-2020,2,random_forest,total,diag,Sex,female,639,89,0.38202,0.38832,0.10182,0.75326
2017-2020,2,random_forest,total,diag,Sex,male,606,106,0.5566,0.57992,0.172,0.82408
2017-2020,2,random_forest,total,diag,Age,18-44,477,24,0.08333,0.04587,0.01766,0.7253
2017-2020,2,random_forest,total,diag,Age,45-64,465,86,0.48837,0.54763,0.17678,0.74345
2017-2020,2,random_forest,total,diag,Age,65+,303,85,0.57647,0.5511,0.30734,0.69447
2017-2020,2,random_forest,total,lab,Income,PIR<2,562,86,0.46512,0.44631,0.18277,0.75746
2017-2020,2,random_forest,total,lab,Income,PIR>=2,683,88,0.39773,0.47324,0.12269,0.7649
2017-2020,2,random_forest,total,lab,Education,HS_or_less,495,75,0.49333,0.51769,0.20714,0.75348
2017-2020,2,random_forest,total,lab,Education,some_college+,750,99,0.38384,0.42646,0.11214,0.77051
2017-2020,2,random_forest,total,lab,Sex,female,639,82,0.36585,0.37936,0.10772,0.76088
2017-2020,2,random_forest,total,lab,Sex,male,606,92,0.48913,0.51955,0.19455,0.76709
2017-2020,2,random_forest,total,lab,Age,18-44,477,26,0.03846,0.02659,0.01996,0.76113
2017-2020,2,random_forest,total,lab,Age,45-64,465,84,0.46429,0.52028,0.18373,0.73274
2017-2020,2,random_forest,total,lab,Age,65+,303,64,0.54688,0.57206,0.33891,0.66403
2017-2020,2,random_forest,total,total,Income,PIR<2,562,115,0.44348,0.417,0.17002,0.75862
2017-2020,2,random_forest,total,total,Income,PIR>=2,683,116,0.43103,0.47104,0.10229,0.77578
2017-2020,2,random_forest,total,total,Education,HS_or_less,495,99,0.49495,0.48434,0.18939,0.76357
2017-2020,2,random_forest,total,total,Education,some_college+,750,132,0.39394,0.43084,0.09547,0.77595
2017-2020,2,random_forest,total,total,Sex,female,639,110,0.35455,0.355,0.09641,0.75334
2017-2020,2,random_forest,total,total,Sex,male,606,121,0.5124,0.53192,0.17113,0.79032
2017-2020,2,random_forest,total,total,Age,18-44,477,36,0.05556,0.02785,0.01814,0.72953
2017-2020,2,random_forest,total,total,Age,45-64,465,102,0.45098,0.50252,0.17355,0.72305
2017-2020,2,random_forest,total,total,Age,65+,303,93,0.56989,0.55526,0.3,0.69657
2017-2020,2,logistic_regression,diag,diag,Income,PIR<2,562,97,0.47423,0.45039,0.11613,0.7918
2017-2020,2,logistic_regression,diag,diag,Income,PIR>=2,683,98,0.41837,0.43302,0.09402,0.81922
2017-2020,2,logistic_regression,diag,diag,Education,HS_or_less,495,86,0.56977,0.56025,0.14914,0.80835
2017-2020,2,logistic_regression,diag,diag,Education,some_college+,750,109,0.34862,0.33485,0.07488,0.80556
2017-2020,2,logistic_regression,diag,diag,Sex,female,639,89,0.31461,0.32494,0.08182,0.78139
2017-2020,2,logistic_regression,diag,diag,Sex,male,606,106,0.5566,0.52076,0.128,0.83008
2017-2020,2,logistic_regression,diag,diag,Age,18-44,477,24,0.08333,0.04732,0.00442,0.78164
2017-2020,2,logistic_regression,diag,diag,Age,45-64,465,86,0.34884,0.38333,0.07124,0.76394
2017-2020,2,logistic_regression,diag,diag,Age,65+,303,85,0.64706,0.59611,0.36697,0.69968
2017-2020,2,logistic_regression,diag,lab,Income,PIR<2,562,86,0.4186,0.37062,0.13445,0.76705
2017-2020,2,logistic_regression,diag,lab,Income,PIR>=2,683,88,0.35227,0.4194,0.10924,0.7783
2017-2020,2,logistic_regression,diag,lab,Education,HS_or_less,495,75,0.49333,0.51353,0.17381,0.76629
2017-2020,2,logistic_regression,diag,lab,Education,some_college+,750,99,0.30303,0.32449,0.08602,0.778
2017-2020,2,logistic_regression,diag,lab,Sex,female,639,82,0.28049,0.31448,0.08977,0.78191
2017-2020,2,logistic_regression,diag,lab,Sex,male,606,92,0.47826,0.4623,0.1537,0.77003
2017-2020,2,logistic_regression,diag,lab,Age,18-44,477,26,0.03846,0.02776,0.00665,0.82475
2017-2020,2,logistic_regression,diag,lab,Age,45-64,465,84,0.30952,0.36611,0.08136,0.74094
2017-2020,2,logistic_regression,diag,lab,Age,65+,303,64,0.625,0.61406,0.39749,0.6518
2017-2020,2,logistic_regression,diag,total,Income,PIR<2,562,115,0.43478,0.39921,0.11186,0.7864
2017-2020,2,logistic_regression,diag,total,Income,PIR>=2,683,116,0.37069,0.39751,0.09347,0.78772
2017-2020,2,logistic_regression,diag,total,Education,HS_or_less,495,99,0.52525,0.52736,0.14646,0.7916
2017-2020,2,logistic_regression,diag,total,Education,some_college+,750,132,0.31061,0.2974,0.07282,0.78766
2017-2020,2,logistic_regression,diag,total,Sex,female,639,110,0.28182,0.2951,0.0794,0.78049
2017-2020,2,logistic_regression,diag,total,Sex,male,606,121,0.5124,0.47857,0.12577,0.80118
2017-2020,2,logistic_regression,diag,total,Age,18-44,477,36,0.05556,0.02873,0.00454,0.80329
2017-2020,2,logistic_regression,diag,total,Age,45-64,465,102,0.31373,0.34936,0.06887,0.73729
2017-2020,2,logistic_regression,diag,total,Age,65+,303,93,0.63441,0.59871,0.3619,0.68991
2017-2020,2,logistic_regression,lab,diag,Income,PIR<2,562,97,0.38144,0.38321,0.11828,0.77827
2017-2020,2,logistic_regression,lab,diag,Income,PIR>=2,683,98,0.33673,0.30253,0.08376,0.81893
2017-2020,2,logistic_regression,lab,diag,Education,HS_or_less,495,86,0.46512,0.42389,0.14181,0.79434
2017-2020,2,logistic_regression,lab,diag,Education,some_college+,750,109,0.27523,0.24419,0.07176,0.80511
2017-2020,2,logistic_regression,lab,diag,Sex,female,639,89,0.25843,0.25361,0.07818,0.77465
2017-2020,2,logistic_regression,lab,diag,Sex,male,606,106,0.4434,0.37978,0.122,0.82234
2017-2020,2,logistic_regression,lab,diag,Age,18-44,477,24,0.0,0.0,0.00883,0.77759
2017-2020,2,logistic_regression,lab,diag,Age,45-64,465,86,0.27907,0.27859,0.07916,0.74732
2017-2020,2,logistic_regression,lab,diag,Age,65+,303,85,0.54118,0.46103,0.3211,0.70448
2017-2020,2,logistic_regression,lab,lab,Income,PIR<2,562,86,0.34884,0.30161,0.13025,0.76204
2017-2020,2,logistic_regression,lab,lab,Income,PIR>=2,683,88,0.31818,0.32506,0.09076,0.78592
2017-2020,2,logistic_regression,lab,lab,Education,HS_or_less,495,75,0.4,0.37336,0.1619,0.75895
2017-2020,2,logistic_regression,lab,lab,Education,some_college+,750,99,0.28283,0.27716,0.07373,0.78709
2017-2020,2,logistic_regression,lab,lab,Sex,female,639,82,0.28049,0.3264,0.0772,0.78592
2017-2020,2,logistic_regression,lab,lab,Sex,male,606,92,0.38043,0.31312,0.14202,0.76713
2017-2020,2,logistic_regression,lab,lab,Age,18-44,477,26,0.03846,0.06629,0.00665,0.82125
2017-2020,2,logistic_regression,lab,lab,Age,45-64,465,84,0.25,0.2498,0.08661,0.73922
2017-2020,2,logistic_regression,lab,lab,Age,65+,303,64,0.5625,0.51508,0.33473,0.66436
2017-2020,2,logistic_regression,lab,total,Income,PIR<2,562,115,0.35652,0.34258,0.11409,0.7785
2017-2020,2,logistic_regression,lab,total,Income,PIR>=2,683,116,0.31034,0.2912,0.08113,0.7924
2017-2020,2,logistic_regression,lab,total,Education,HS_or_less,495,99,0.43434,0.4019,0.13889,0.78211
2017-2020,2,logistic_regression,lab,total,Education,some_college+,750,132,0.25758,0.23343,0.06796,0.79308
2017-2020,2,logistic_regression,lab,total,Sex,female,639,110,0.24545,0.25119,0.07372,0.78168
2017-2020,2,logistic_regression,lab,total,Sex,male,606,121,0.41322,0.35094,0.11959,0.79611
2017-2020,2,logistic_regression,lab,total,Age,18-44,477,36,0.02778,0.04959,0.0068,0.80297
2017-2020,2,logistic_regression,lab,total,Age,45-64,465,102,0.2549,0.2555,0.07713,0.73195
2017-2020,2,logistic_regression,lab,total,Age,65+,303,93,0.53763,0.46926,0.31429,0.69406
2017-2020,2,logistic_regression,total,diag,Income,PIR<2,562,97,0.50515,0.47415,0.13978,0.7855
2017-2020,2,logistic_regression,total,diag,Income,PIR>=2,683,98,0.5102,0.4904,0.11453,0.81889
2017-2020,2,logistic_regression,total,diag,Education,HS_or_less,495,86,0.61628,0.57882,0.17604,0.80474
2017-2020,2,logistic_regression,total,diag,Education,some_college+,750,109,0.42202,0.40657,0.0936,0.80369
2017-2020,2,logistic_regression,total,diag,Sex,female,639,89,0.38202,0.3728,0.09636,0.77806
2017-2020,2,logistic_regression,total,diag,Sex,male,606,106,0.61321,0.56775,0.158,0.82747
2017-2020,2,logistic_regression,total,diag,Age,18-44,477,24,0.08333,0.05134,0.01325,0.77916
2017-2020,2,logistic_regression,total,diag,Age,45-64,465,86,0.44186,0.44949,0.1029,0.75821
2017-2020,2,logistic_regression,total,diag,Age,65+,303,85,0.69412,0.63185,0.39908,0.70264
2017-2020,2,logistic_regression,total,lab,Income,PIR<2,562,86,0.45349,0.40026,0.15756,0.76778
2017-2020,2,logistic_regression,total,lab,Income,PIR>=2,683,88,0.47727,0.51343,0.12605,0.7809
2017-2020,2,logistic_regression,total,lab,Education,HS_or_less,495,75,0.56,0.55626,0.19762,0.76794
2017-2020,2,logistic_regression,total,lab,Education,some_college+,750,99,0.39394,0.42412,0.10292,0.78073
2017-2020,2,logistic_regression,total,lab,Sex,female,639,82,0.36585,0.40357,0.10233,0.78614
2017-2020,2,logistic_regression,total,lab,Sex,male,606,92,0.55435,0.52897,0.18093,0.76882
2017-2020,2,logistic_regression,total,lab,Age,18-44,477,26,0.11538,0.15032,0.01109,0.82048
2017-2020,2,logistic_regression,total,lab,Age,45-64,465,84,0.40476,0.4458,0.11286,0.74144
2017-2020,2,logistic_regression,total,lab,Age,65+,303,64,0.6875,0.66398,0.42678,0.65913
2017-2020,2,logistic_regression,total,total,Income,PIR<2,562,115,0.46087,0.41924,0.13647,0.78516
2017-2020,2,logistic_regression,total,total,Income,PIR>=2,683,116,0.46552,0.46743,0.11111,0.79082
2017-2020,2,logistic_regression,total,total,Education,HS_or_less,495,99,0.57576,0.55749,0.17172,0.79209
2017-2020,2,logistic_regression,total,total,Education,some_college+,750,132,0.37879,0.37074,0.09061,0.78959
2017-2020,2,logistic_regression,total,total,Sex,female,639,110,0.34545,0.35172,0.09263,0.78388
2017-2020,2,logistic_regression,total,total,Sex,male,606,121,0.57025,0.53129,0.15464,0.80026
2017-2020,2,logistic_regression,total,total,Age,18-44,477,36,0.11111,0.1204,0.00907,0.8036
2017-2020,2,logistic_regression,total,total,Age,45-64,465,102,0.39216,0.40865,0.10193,0.73718
2017-2020,2,logistic_regression,total,total,Age,65+,303,93,0.67742,0.63296,0.39524,0.69406
2017-2020,3,xgboost,diag,diag,Income,PIR<2,544,97,0.4433,0.48585,0.16331,0.74642
2017-2020,3,xgboost,diag,diag,Income,PIR>=2,701,98,0.40816,0.3482,0.06633,0.83646
2017-2020,3,xgboost,diag,diag,Education,HS_or_less,521,93,0.52688,0.48558,0.14486,0.8068
2017-2020,3,xgboost,diag,diag,Education,some_college+,724,102,0.33333,0.29755,0.08199,0.7854
2017-2020,3,xgboost,diag,diag,Sex,female,627,84,0.2619,0.22202,0.08471,0.74665
2017-2020,3,xgboost,diag,diag,Sex,male,618,111,0.54955,0.56837,0.13215,0.8308
2017-2020,3,xgboost,diag,diag,Age,18-44,480,21,0.14286,0.15155,0.00871,0.72964
2017-2020,3,xgboost,diag,diag,Age,45-64,440,87,0.36782,0.39519,0.11048,0.75015
2017-2020,3,xgboost,diag,diag,Age,65+,325,87,0.55172,0.43942,0.29412,0.68632
2017-2020,3,xgboost,diag,lab,Income,PIR<2,544,85,0.37647,0.41507,0.18301,0.70127
2017-2020,3,xgboost,diag,lab,Income,PIR>=2,701,89,0.32584,0.32751,0.08333,0.80636
2017-2020,3,xgboost,diag,lab,Education,HS_or_less,521,87,0.43678,0.44368,0.1682,0.74037
2017-2020,3,xgboost,diag,lab,Education,some_college+,724,87,0.26437,0.2503,0.09733,0.76714
2017-2020,3,xgboost,diag,lab,Sex,female,627,77,0.19481,0.14071,0.09636,0.73086
2017-2020,3,xgboost,diag,lab,Sex,male,618,97,0.47423,0.55335,0.15739,0.77951
2017-2020,3,xgboost,diag,lab,Age,18-44,480,25,0.12,0.12334,0.00879,0.79068
2017-2020,3,xgboost,diag,lab,Age,45-64,440,80,0.275,0.3379,0.13611,0.67497
2017-2020,3,xgboost,diag,lab,Age,65+,325,69,0.52174,0.45216,0.32031,0.67108
2017-2020,3,xgboost,diag,total,Income,PIR<2,544,116,0.39655,0.43445,0.16355,0.71763
2017-2020,3,xgboost,diag,total,Income,PIR>=2,701,115,0.36522,0.31402,0.06485,0.81928
2017-2020,3,xgboost,diag,total,Education,HS_or_less,521,114,0.44737,0.42256,0.14742,0.76193
2017-2020,3,xgboost,diag,total,Education,some_college+,724,117,0.31624,0.2804,0.07908,0.77657
2017-2020,3,xgboost,diag,total,Sex,female,627,105,0.24762,0.20176,0.08046,0.74335
2017-2020,3,xgboost,diag,total,Sex,male,618,126,0.49206,0.52526,0.13415,0.79641
2017-2020,3,xgboost,diag,total,Age,18-44,480,32,0.09375,0.09539,0.00893,0.72886
2017-2020,3,xgboost,diag,total,Age,45-64,440,102,0.32353,0.35017,0.11243,0.71661
2017-2020,3,xgboost,diag,total,Age,65+,325,97,0.53608,0.43344,0.28947,0.68073
2017-2020,3,xgboost,lab,diag,Income,PIR<2,544,97,0.38144,0.42069,0.15884,0.72965
2017-2020,3,xgboost,lab,diag,Income,PIR>=2,701,98,0.30612,0.27056,0.0597,0.82213
2017-2020,3,xgboost,lab,diag,Education,HS_or_less,521,93,0.48387,0.46586,0.13318,0.79977
2017-2020,3,xgboost,lab,diag,Education,some_college+,724,102,0.21569,0.16619,0.08039,0.7592
2017-2020,3,xgboost,lab,diag,Sex,female,627,84,0.32143,0.25635,0.09761,0.75013
2017-2020,3,xgboost,lab,diag,Sex,male,618,111,0.36036,0.38727,0.10651,0.79752
2017-2020,3,xgboost,lab,diag,Age,18-44,480,21,0.14286,0.06258,0.01961,0.73099
2017-2020,3,xgboost,lab,diag,Age,45-64,440,87,0.31034,0.37704,0.12748,0.71238
2017-2020,3,xgboost,lab,diag,Age,65+,325,87,0.42529,0.31808,0.22269,0.67362
2017-2020,3,xgboost,lab,lab,Income,PIR<2,544,85,0.30588,0.36276,0.17865,0.68702
2017-2020,3,xgboost,lab,lab,Income,PIR>=2,701,89,0.26966,0.25096,0.06863,0.78922
2017-2020,3,xgboost,lab,lab,Education,HS_or_less,521,87,0.36782,0.38939,0.16129,0.71807
2017-2020,3,xgboost,lab,lab,Education,some_college+,724,87,0.2069,0.16434,0.08477,0.75602
2017-2020,3,xgboost,lab,lab,Sex,female,627,77,0.23377,0.16291,0.11273,0.74446
2017-2020,3,xgboost,lab,lab,Sex,male,618,97,0.3299,0.40159,0.119,0.73627
2017-2020,3,xgboost,lab,lab,Age,18-44,480,25,0.12,0.05093,0.01978,0.77134
2017-2020,3,xgboost,lab,lab,Age,45-64,440,80,0.25,0.33555,0.14444,0.66573
2017-2020,3,xgboost,lab,lab,Age,65+,325,69,0.3913,0.30142,0.24609,0.65144
2017-2020,3,xgboost,lab,total,Income,PIR<2,544,116,0.32759,0.3688,0.16355,0.69952
2017-2020,3,xgboost,lab,total,Income,PIR>=2,701,115,0.26957,0.24368,0.05973,0.80521
2017-2020,3,xgboost,lab,total,Education,HS_or_less,521,114,0.39474,0.39924,0.14005,0.74865
2017-2020,3,xgboost,lab,total,Education,some_college+,724,117,0.20513,0.15987,0.07908,0.75626
2017-2020,3,xgboost,lab,total,Sex,female,627,105,0.27619,0.22411,0.0977,0.74682
2017-2020,3,xgboost,lab,total,Sex,male,618,126,0.31746,0.3569,0.10976,0.76019
2017-2020,3,xgboost,lab,total,Age,18-44,480,32,0.09375,0.03939,0.02009,0.72489
2017-2020,3,xgboost,lab,total,Age,45-64,440,102,0.26471,0.33209,0.13314,0.68952
2017-2020,3,xgboost,lab,total,Age,65+,325,97,0.40206,0.31121,0.22368,0.66472
2017-2020,3,xgboost,total,diag,Income,PIR<2,544,97,0.52577,0.59039,0.17897,0.74517
2017-2020,3,xgboost,total,diag,Income,PIR>=2,701,98,0.4898,0.46757,0.08624,0.83968
2017-2020,3,xgboost,total,diag,Education,HS_or_less,521,93,0.5914,0.64293,0.15654,0.80944
2017-2020,3,xgboost,total,diag,Education,some_college+,724,102,0.43137,0.36535,0.1045,0.78569
2017-2020,3,xgboost,total,diag,Sex,female,627,84,0.41667,0.42008,0.11602,0.75107
2017-2020,3,xgboost,total,diag,Sex,male,618,111,0.57658,0.59892,0.13609,0.82879
2017-2020,3,xgboost,total,diag,Age,18-44,480,21,0.2381,0.19136,0.02614,0.7424
2017-2020,3,xgboost,total,diag,Age,45-64,440,87,0.45977,0.58991,0.12748,0.75484
2017-2020,3,xgboost,total,diag,Age,65+,325,87,0.62069,0.49331,0.31513,0.69057
2017-2020,3,xgboost,total,lab,Income,PIR<2,544,85,0.43529,0.52484,0.20479,0.7016
2017-2020,3,xgboost,total,lab,Income,PIR>=2,701,89,0.42697,0.44667,0.10131,0.80199
2017-2020,3,xgboost,total,lab,Education,HS_or_less,521,87,0.49425,0.58518,0.18203,0.73489
2017-2020,3,xgboost,total,lab,Education,some_college+,724,87,0.36782,0.33565,0.12088,0.76936
2017-2020,3,xgboost,total,lab,Sex,female,627,77,0.35065,0.34463,0.12909,0.74302
2017-2020,3,xgboost,total,lab,Sex,male,618,97,0.49485,0.58903,0.16315,0.76492
2017-2020,3,xgboost,total,lab,Age,18-44,480,25,0.16,0.13753,0.02857,0.78488
2017-2020,3,xgboost,total,lab,Age,45-64,440,80,0.3875,0.54992,0.15,0.68264
2017-2020,3,xgboost,total,lab,Age,65+,325,69,0.57971,0.47964,0.34766,0.66927
2017-2020,3,xgboost,total,total,Income,PIR<2,544,116,0.44828,0.51434,0.18458,0.71187
2017-2020,3,xgboost,total,total,Income,PIR>=2,701,115,0.43478,0.42557,0.08532,0.81842
2017-2020,3,xgboost,total,total,Education,HS_or_less,521,114,0.49123,0.55849,0.16216,0.7573
2017-2020,3,xgboost,total,total,Education,some_college+,724,117,0.39316,0.34034,0.10379,0.77583
2017-2020,3,xgboost,total,total,Sex,female,627,105,0.3619,0.36962,0.11494,0.74729
2017-2020,3,xgboost,total,total,Sex,male,618,126,0.50794,0.55194,0.14024,0.78659
2017-2020,3,xgboost,total,total,Age,18-44,480,32,0.15625,0.12045,0.02679,0.74107
2017-2020,3,xgboost,total,total,Age,45-64,440,102,0.39216,0.51957,0.13314,0.71235
2017-2020,3,xgboost,total,total,Age,65+,325,97,0.58763,0.48631,0.31579,0.68141
2017-2020,3,random_forest,diag,diag,Income,PIR<2,544,97,0.48454,0.51557,0.14989,0.76891
2017-2020,3,random_forest,diag,diag,Income,PIR>=2,701,98,0.40816,0.39049,0.06965,0.81705
2017-2020,3,random_forest,diag,diag,Education,HS_or_less,521,93,0.53763,0.50507,0.13084,0.81666
2017-2020,3,random_forest,diag,diag,Education,some_college+,724,102,0.36275,0.35555,0.08521,0.78143
2017-2020,3,random_forest,diag,diag,Sex,female,627,84,0.32143,0.28443,0.08103,0.7557
2017-2020,3,random_forest,diag,diag,Sex,male,618,111,0.54054,0.58197,0.12821,0.82423
2017-2020,3,random_forest,diag,diag,Age,18-44,480,21,0.14286,0.06258,0.01307,0.74318
2017-2020,3,random_forest,diag,diag,Age,45-64,440,87,0.44828,0.56987,0.09915,0.76009
2017-2020,3,random_forest,diag,diag,Age,65+,325,87,0.51724,0.3748,0.28571,0.66633
2017-2020,3,random_forest,diag,lab,Income,PIR<2,544,85,0.38824,0.4368,0.17647,0.71287
2017-2020,3,random_forest,diag,lab,Income,PIR>=2,701,89,0.37079,0.41506,0.08007,0.80625
2017-2020,3,random_forest,diag,lab,Education,HS_or_less,521,87,0.43678,0.47023,0.15668,0.75384
2017-2020,3,random_forest,diag,lab,Education,some_college+,724,87,0.32184,0.36405,0.09733,0.76723
2017-2020,3,random_forest,diag,lab,Sex,female,627,77,0.27273,0.26172,0.09091,0.75584
2017-2020,3,random_forest,diag,lab,Sex,male,618,97,0.46392,0.56904,0.15355,0.7696
2017-2020,3,random_forest,diag,lab,Age,18-44,480,25,0.12,0.05093,0.01319,0.77881
2017-2020,3,random_forest,diag,lab,Age,45-64,440,80,0.375,0.53356,0.12222,0.72507
2017-2020,3,random_forest,diag,lab,Age,65+,325,69,0.47826,0.39868,0.3125,0.63397
2017-2020,3,random_forest,diag,total,Income,PIR<2,544,116,0.41379,0.44932,0.15421,0.73563
2017-2020,3,random_forest,diag,total,Income,PIR>=2,701,115,0.37391,0.35721,0.06655,0.81437
2017-2020,3,random_forest,diag,total,Education,HS_or_less,521,114,0.45614,0.44298,0.13268,0.78051
2017-2020,3,random_forest,diag,total,Education,some_college+,724,117,0.33333,0.32836,0.08402,0.77408
2017-2020,3,random_forest,diag,total,Sex,female,627,105,0.28571,0.25274,0.07854,0.76156
2017-2020,3,random_forest,diag,total,Sex,male,618,126,0.48413,0.53915,0.13008,0.79254
2017-2020,3,random_forest,diag,total,Age,18-44,480,32,0.09375,0.03939,0.01339,0.73256
2017-2020,3,random_forest,diag,total,Age,45-64,440,102,0.40196,0.51166,0.09763,0.74883
2017-2020,3,random_forest,diag,total,Age,65+,325,97,0.48454,0.36428,0.28947,0.65984
2017-2020,3,random_forest,lab,diag,Income,PIR<2,544,97,0.42268,0.46729,0.14989,0.73377
2017-2020,3,random_forest,lab,diag,Income,PIR>=2,701,98,0.31633,0.37329,0.06633,0.81337
2017-2020,3,random_forest,lab,diag,Education,HS_or_less,521,93,0.49462,0.57206,0.13785,0.79991
2017-2020,3,random_forest,lab,diag,Education,some_college+,724,102,0.2549,0.22531,0.07717,0.75794
2017-2020,3,random_forest,lab,diag,Sex,female,627,84,0.32143,0.36076,0.10313,0.7378
2017-2020,3,random_forest,lab,diag,Sex,male,618,111,0.40541,0.45001,0.10059,0.80771
2017-2020,3,random_forest,lab,diag,Age,18-44,480,21,0.04762,0.01075,0.01961,0.74437
2017-2020,3,random_forest,lab,diag,Age,45-64,440,87,0.3908,0.61039,0.14164,0.73251
2017-2020,3,random_forest,lab,diag,Age,65+,325,87,0.42529,0.28853,0.20168,0.63757
2017-2020,3,random_forest,lab,lab,Income,PIR<2,544,85,0.36471,0.4145,0.16776,0.69282
2017-2020,3,random_forest,lab,lab,Income,PIR>=2,701,89,0.32584,0.38213,0.06863,0.80838
2017-2020,3,random_forest,lab,lab,Education,HS_or_less,521,87,0.41379,0.51718,0.15899,0.73354
2017-2020,3,random_forest,lab,lab,Education,some_college+,724,87,0.27586,0.2422,0.07849,0.76651
2017-2020,3,random_forest,lab,lab,Sex,female,627,77,0.2987,0.31282,0.10909,0.75967
2017-2020,3,random_forest,lab,lab,Sex,male,618,97,0.38144,0.46585,0.11324,0.75091
2017-2020,3,random_forest,lab,lab,Age,18-44,480,25,0.04,0.00875,0.01978,0.80804
2017-2020,3,random_forest,lab,lab,Age,45-64,440,80,0.3875,0.5922,0.14722,0.72189
2017-2020,3,random_forest,lab,lab,Age,65+,325,69,0.4058,0.26249,0.22266,0.60258
2017-2020,3,random_forest,lab,total,Income,PIR<2,544,116,0.37931,0.41365,0.14953,0.70806
2017-2020,3,random_forest,lab,total,Income,PIR>=2,701,115,0.30435,0.34422,0.06143,0.81411
2017-2020,3,random_forest,lab,total,Education,HS_or_less,521,114,0.42982,0.49891,0.13759,0.76715
2017-2020,3,random_forest,lab,total,Education,some_college+,724,117,0.25641,0.21961,0.07249,0.75817
2017-2020,3,random_forest,lab,total,Sex,female,627,105,0.31429,0.32377,0.09579,0.75307
2017-2020,3,random_forest,lab,total,Sex,male,618,126,0.36508,0.41754,0.10163,0.77605
2017-2020,3,random_forest,lab,total,Age,18-44,480,32,0.03125,0.00677,0.02009,0.74435
2017-2020,3,random_forest,lab,total,Age,45-64,440,102,0.37255,0.55293,0.13609,0.73761
2017-2020,3,random_forest,lab,total,Age,65+,325,97,0.41237,0.285,0.19737,0.62618
2017-2020,3,random_forest,total,diag,Income,PIR<2,544,97,0.54639,0.58445,0.18568,0.7612
2017-2020,3,random_forest,total,diag,Income,PIR>=2,701,98,0.44898,0.47798,0.09287,0.8141
2017-2020,3,random_forest,total,diag,Education,HS_or_less,521,93,0.64516,0.65325,0.17757,0.81808
2017-2020,3,random_forest,total,diag,Education,some_college+,724,102,0.36275,0.36424,0.10129,0.77339
2017-2020,3,random_forest,total,diag,Sex,female,627,84,0.41667,0.44762,0.12155,0.74978
2017-2020,3,random_forest,total,diag,Sex,male,618,111,0.55856,0.58104,0.14398,0.82432
2017-2020,3,random_forest,total,diag,Age,18-44,480,21,0.19048,0.16687,0.02614,0.72855
2017-2020,3,random_forest,total,diag,Age,45-64,440,87,0.51724,0.68816,0.14164,0.76574
2017-2020,3,random_forest,total,diag,Age,65+,325,87,0.55172,0.41757,0.32353,0.66172
2017-2020,3,random_forest,total,lab,Income,PIR<2,544,85,0.48235,0.53309,0.20697,0.71464
2017-2020,3,random_forest,total,lab,Income,PIR>=2,701,89,0.42697,0.47998,0.10131,0.80535
2017-2020,3,random_forest,total,lab,Education,HS_or_less,521,87,0.54023,0.58249,0.20507,0.75158
2017-2020,3,random_forest,total,lab,Education,some_college+,724,87,0.36782,0.39439,0.10675,0.7706
2017-2020,3,random_forest,total,lab,Sex,female,627,77,0.37662,0.40695,0.13091,0.76011
2017-2020,3,random_forest,total,lab,Sex,male,618,97,0.51546,0.5801,0.16315,0.76854
2017-2020,3,random_forest,total,lab,Age,18-44,480,25,0.16,0.13581,0.02637,0.76993
2017-2020,3,random_forest,total,lab,Age,45-64,440,80,0.475,0.65436,0.15833,0.73995
2017-2020,3,random_forest,total,lab,Age,65+,325,69,0.53623,0.41348,0.34375,0.63468
2017-2020,3,random_forest,total,total,Income,PIR<2,544,116,0.49138,0.52799,0.18458,0.73361
2017-2020,3,random_forest,total,total,Income,PIR>=2,701,115,0.42609,0.43793,0.08703,0.81617
2017-2020,3,random_forest,total,total,Education,HS_or_less,521,114,0.57018,0.57955,0.17445,0.78268
2017-2020,3,random_forest,total,total,Education,some_college+,724,117,0.35043,0.34373,0.0972,0.77511
2017-2020,3,random_forest,total,total,Sex,female,627,105,0.39048,0.40211,0.11494,0.76575
2017-2020,3,random_forest,total,total,Sex,male,618,126,0.51587,0.54321,0.14228,0.7925
2017-2020,3,random_forest,total,total,Age,18-44,480,32,0.125,0.10504,0.02679,0.72893
2017-2020,3,random_forest,total,total,Age,45-64,440,102,0.4902,0.62751,0.13314,0.76201
2017-2020,3,random_forest,total,total,Age,65+,325,97,0.53608,0.41274,0.32018,0.66018
2017-2020,3,logistic_regression,diag,diag,Income,PIR<2,544,97,0.47423,0.52484,0.15213,0.76794
2017-2020,3,logistic_regression,diag,diag,Income,PIR>=2,701,98,0.38776,0.28756,0.07297,0.8369
2017-2020,3,logistic_regression,diag,diag,Education,HS_or_less,521,93,0.56989,0.46155,0.13551,0.83366
2017-2020,3,logistic_regression,diag,diag,Education,some_college+,724,102,0.30392,0.26812,0.08682,0.78734
2017-2020,3,logistic_regression,diag,diag,Sex,female,627,84,0.32143,0.2635,0.09024,0.7723
2017-2020,3,logistic_regression,diag,diag,Sex,male,618,111,0.51351,0.47363,0.12426,0.82732
2017-2020,3,logistic_regression,diag,diag,Age,18-44,480,21,0.14286,0.06469,0.00871,0.72134
2017-2020,3,logistic_regression,diag,diag,Age,45-64,440,87,0.34483,0.30075,0.07365,0.79805
2017-2020,3,logistic_regression,diag,diag,Age,65+,325,87,0.58621,0.48607,0.34454,0.6727
2017-2020,3,logistic_regression,diag,lab,Income,PIR<2,544,85,0.43529,0.48334,0.16776,0.73682
2017-2020,3,logistic_regression,diag,lab,Income,PIR>=2,701,89,0.37079,0.27512,0.08007,0.80697
2017-2020,3,logistic_regression,diag,lab,Education,HS_or_less,521,87,0.48276,0.38041,0.15899,0.77184
2017-2020,3,logistic_regression,diag,lab,Education,some_college+,724,87,0.32184,0.29824,0.08948,0.77309
2017-2020,3,logistic_regression,diag,lab,Sex,female,627,77,0.27273,0.19743,0.1,0.76217
2017-2020,3,logistic_regression,diag,lab,Sex,male,618,97,0.50515,0.47667,0.13628,0.78408
2017-2020,3,logistic_regression,diag,lab,Age,18-44,480,25,0.12,0.05265,0.00879,0.81415
2017-2020,3,logistic_regression,diag,lab,Age,45-64,440,80,0.325,0.28285,0.08333,0.73806
2017-2020,3,logistic_regression,diag,lab,Age,65+,325,69,0.5942,0.5103,0.35938,0.6712
2017-2020,3,logistic_regression,diag,total,Income,PIR<2,544,116,0.42241,0.47218,0.15187,0.74277
2017-2020,3,logistic_regression,diag,total,Income,PIR>=2,701,115,0.33913,0.25941,0.07338,0.81902
2017-2020,3,logistic_regression,diag,total,Education,HS_or_less,521,114,0.48246,0.40477,0.13759,0.78945
2017-2020,3,logistic_regression,diag,total,Education,some_college+,724,117,0.28205,0.25302,0.08567,0.77812
2017-2020,3,logistic_regression,diag,total,Sex,female,627,105,0.28571,0.23664,0.08812,0.76946
2017-2020,3,logistic_regression,diag,total,Sex,male,618,126,0.46032,0.44044,0.12602,0.79559
2017-2020,3,logistic_regression,diag,total,Age,18-44,480,32,0.09375,0.04072,0.00893,0.74937
2017-2020,3,logistic_regression,diag,total,Age,45-64,440,102,0.30392,0.27042,0.07396,0.76633
2017-2020,3,logistic_regression,diag,total,Age,65+,325,97,0.5567,0.4769,0.34649,0.66486
2017-2020,3,logistic_regression,lab,diag,Income,PIR<2,544,97,0.4433,0.51056,0.13199,0.75947
2017-2020,3,logistic_regression,lab,diag,Income,PIR>=2,701,98,0.31633,0.2237,0.06799,0.83701
2017-2020,3,logistic_regression,lab,diag,Education,HS_or_less,521,93,0.52688,0.43217,0.11682,0.82944
2017-2020,3,logistic_regression,lab,diag,Education,some_college+,724,102,0.2451,0.20221,0.08039,0.78446
2017-2020,3,logistic_regression,lab,diag,Sex,female,627,84,0.32143,0.2719,0.07919,0.77155
2017-2020,3,logistic_regression,lab,diag,Sex,male,618,111,0.42342,0.37136,0.11243,0.8225
2017-2020,3,logistic_regression,lab,diag,Age,18-44,480,21,0.04762,0.01075,0.00871,0.72093
2017-2020,3,logistic_regression,lab,diag,Age,45-64,440,87,0.29885,0.29012,0.06516,0.78949
2017-2020,3,logistic_regression,lab,diag,Age,65+,325,87,0.54023,0.40703,0.30672,0.67787
2017-2020,3,logistic_regression,lab,lab,Income,PIR<2,544,85,0.42353,0.48135,0.14379,0.73346
2017-2020,3,logistic_regression,lab,lab,Income,PIR>=2,701,89,0.30337,0.2062,0.07353,0.81345
2017-2020,3,logistic_regression,lab,lab,Education,HS_or_less,521,87,0.44828,0.35348,0.13825,0.77316
2017-2020,3,logistic_regression,lab,lab,Education,some_college+,724,87,0.27586,0.2269,0.08006,0.77506
2017-2020,3,logistic_regression,lab,lab,Sex,female,627,77,0.28571,0.21169,0.08727,0.76989
2017-2020,3,logistic_regression,lab,lab,Sex,male,618,97,0.42268,0.37353,0.12092,0.78149
2017-2020,3,logistic_regression,lab,lab,Age,18-44,480,25,0.04,0.00875,0.00879,0.81873
2017-2020,3,logistic_regression,lab,lab,Age,45-64,440,80,0.2875,0.27764,0.07222,0.74351
2017-2020,3,logistic_regression,lab,lab,Age,65+,325,69,0.56522,0.40971,0.31641,0.6751
2017-2020,3,logistic_regression,lab,total,Income,PIR<2,544,116,0.39655,0.45992,0.13084,0.73703
2017-2020,3,logistic_regression,lab,total,Income,PIR>=2,701,115,0.28696,0.20479,0.06655,0.82444
2017-2020,3,logistic_regression,lab,total,Education,HS_or_less,521,114,0.44737,0.3796,0.11794,0.7895
2017-2020,3,logistic_regression,lab,total,Education,some_college+,724,117,0.23932,0.19655,0.07743,0.77875
2017-2020,3,logistic_regression,lab,total,Sex,female,627,105,0.29524,0.24662,0.07471,0.77482
2017-2020,3,logistic_regression,lab,total,Sex,male,618,126,0.38095,0.34619,0.11382,0.79184
2017-2020,3,logistic_regression,lab,total,Age,18-44,480,32,0.03125,0.00677,0.00893,0.75816
2017-2020,3,logistic_regression,lab,total,Age,45-64,440,102,0.26471,0.26105,0.06509,0.7641
2017-2020,3,logistic_regression,lab,total,Age,65+,325,97,0.52577,0.40544,0.30263,0.67268
2017-2020,3,logistic_regression,total,diag,Income,PIR<2,544,97,0.53608,0.57265,0.18568,0.76618
2017-2020,3,logistic_regression,total,diag,Income,PIR>=2,701,98,0.43878,0.3889,0.08789,0.83988
2017-2020,3,logistic_regression,total,diag,Education,HS_or_less,521,93,0.63441,0.56319,0.1729,0.83773
2017-2020,3,logistic_regression,total,diag,Education,some_college+,724,102,0.35294,0.3311,0.09968,0.78687
2017-2020,3,logistic_regression,total,diag,Sex,female,627,84,0.39286,0.36822,0.11786,0.77512
2017-2020,3,logistic_regression,total,diag,Sex,male,618,111,0.55856,0.53504,0.14201,0.82869
2017-2020,3,logistic_regression,total,diag,Age,18-44,480,21,0.09524,0.02819,0.01525,0.72238
2017-2020,3,logistic_regression,total,diag,Age,45-64,440,87,0.37931,0.42354,0.10482,0.79838
2017-2020,3,logistic_regression,total,diag,Age,65+,325,87,0.68966,0.55431,0.38655,0.68371
2017-2020,3,logistic_regression,total,lab,Income,PIR<2,544,85,0.49412,0.53775,0.20261,0.7381
2017-2020,3,logistic_regression,total,lab,Income,PIR>=2,701,89,0.42697,0.39023,0.09477,0.81222
2017-2020,3,logistic_regression,total,lab,Education,HS_or_less,521,87,0.54023,0.48954,0.19816,0.77396
2017-2020,3,logistic_regression,total,lab,Education,some_college+,724,87,0.37931,0.37673,0.10204,0.77724
2017-2020,3,logistic_regression,total,lab,Sex,female,627,77,0.36364,0.32759,0.12545,0.77079
2017-2020,3,logistic_regression,total,lab,Sex,male,618,97,0.53608,0.53998,0.15739,0.78442
2017-2020,3,logistic_regression,total,lab,Age,18-44,480,25,0.08,0.02294,0.01538,0.81354
2017-2020,3,logistic_regression,total,lab,Age,45-64,440,80,0.3625,0.40925,0.11389,0.74358
2017-2020,3,logistic_regression,total,lab,Age,65+,325,69,0.71014,0.60564,0.40234,0.6824
2017-2020,3,logistic_regression,total,total,Income,PIR<2,544,116,0.47414,0.51318,0.18692,0.74194
2017-2020,3,logistic_regression,total,total,Income,PIR>=2,701,115,0.3913,0.35215,0.08703,0.82554
2017-2020,3,logistic_regression,total,total,Education,HS_or_less,521,114,0.53509,0.49188,0.1769,0.79363
2017-2020,3,logistic_regression,total,total,Education,some_college+,724,117,0.33333,0.31336,0.0972,0.78057
2017-2020,3,logistic_regression,total,total,Sex,female,627,105,0.35238,0.32772,0.11494,0.77637
2017-2020,3,logistic_regression,total,total,Sex,male,618,126,0.5,0.49703,0.14431,0.79659
2017-2020,3,logistic_regression,total,total,Age,18-44,480,32,0.0625,0.01774,0.01562,0.75384
2017-2020,3,logistic_regression,total,total,Age,45-64,440,102,0.33333,0.37857,0.10651,0.76938
2017-2020,3,logistic_regression,total,total,Age,65+,325,97,0.65979,0.54501,0.38596,0.67788
2017-2020,4,xgboost,diag,diag,Income,PIR<2,551,100,0.5,0.49118,0.14191,0.7906
2017-2020,4,xgboost,diag,diag,Income,PIR>=2,694,95,0.42105,0.37027,0.07012,0.84392
2017-2020,4,xgboost,diag,diag,Education,HS_or_less,492,97,0.51546,0.36914,0.16203,0.76675
2017-2020,4,xgboost,diag,diag,Education,some_college+,753,98,0.40816,0.43709,0.06412,0.85259
2017-2020,4,xgboost,diag,diag,Sex,female,639,90,0.42222,0.37423,0.08561,0.81356
2017-2020,4,xgboost,diag,diag,Sex,male,606,105,0.49524,0.42804,0.11776,0.82388
2017-2020,4,xgboost,diag,diag,Age,18-44,482,18,0.11111,0.05437,0.01724,0.8052
2017-2020,4,xgboost,diag,diag,Age,45-64,450,87,0.41379,0.41162,0.12121,0.75295
2017-2020,4,xgboost,diag,diag,Age,65+,313,90,0.57778,0.48258,0.24215,0.72357
2017-2020,4,xgboost,diag,lab,Income,PIR<2,551,87,0.3908,0.39192,0.17241,0.75377
2017-2020,4,xgboost,diag,lab,Income,PIR>=2,694,87,0.37931,0.35504,0.08072,0.78191
2017-2020,4,xgboost,diag,lab,Education,HS_or_less,492,89,0.41573,0.34314,0.19107,0.71389
2017-2020,4,xgboost,diag,lab,Education,some_college+,753,85,0.35294,0.38823,0.07784,0.7993
2017-2020,4,xgboost,diag,lab,Sex,female,639,85,0.36471,0.29945,0.09747,0.79272
2017-2020,4,xgboost,diag,lab,Sex,male,606,89,0.40449,0.40884,0.14507,0.74775
2017-2020,4,xgboost,diag,lab,Age,18-44,482,19,0.10526,0.10973,0.01728,0.7714
2017-2020,4,xgboost,diag,lab,Age,45-64,450,87,0.3908,0.40612,0.12672,0.72746
2017-2020,4,xgboost,diag,lab,Age,65+,313,68,0.45588,0.38108,0.30612,0.62011
2017-2020,4,xgboost,diag,total,Income,PIR<2,551,115,0.46957,0.45981,0.13761,0.78299
2017-2020,4,xgboost,diag,total,Income,PIR>=2,694,116,0.38793,0.35936,0.06401,0.82401
2017-2020,4,xgboost,diag,total,Education,HS_or_less,492,115,0.49565,0.38834,0.15119,0.76508
2017-2020,4,xgboost,diag,total,Education,some_college+,753,116,0.36207,0.39007,0.06279,0.82723
2017-2020,4,xgboost,diag,total,Sex,female,639,107,0.40187,0.3323,0.07895,0.8112
2017-2020,4,xgboost,diag,total,Sex,male,606,124,0.45161,0.42654,0.11411,0.79981
2017-2020,4,xgboost,diag,total,Age,18-44,482,24,0.125,0.08933,0.01528,0.78584
2017-2020,4,xgboost,diag,total,Age,45-64,450,103,0.37864,0.41636,0.11816,0.73613
2017-2020,4,xgboost,diag,total,Age,65+,313,104,0.54808,0.4359,0.23445,0.70597
2017-2020,4,xgboost,lab,diag,Income,PIR<2,551,100,0.4,0.41423,0.13525,0.76195
2017-2020,4,xgboost,lab,diag,Income,PIR>=2,694,95,0.37895,0.34923,0.06177,0.82244
2017-2020,4,xgboost,lab,diag,Education,HS_or_less,492,97,0.4433,0.34463,0.14937,0.75078
2017-2020,4,xgboost,lab,diag,Education,some_college+,753,98,0.33673,0.38823,0.05954,0.82371
2017-2020,4,xgboost,lab,diag,Sex,female,639,90,0.37778,0.31938,0.08925,0.79395
2017-2020,4,xgboost,lab,diag,Sex,male,606,105,0.4,0.4,0.0978,0.79272
2017-2020,4,xgboost,lab,diag,Age,18-44,482,18,0.11111,0.08393,0.01724,0.75635
2017-2020,4,xgboost,lab,diag,Age,45-64,450,87,0.35632,0.39898,0.13499,0.72065
2017-2020,4,xgboost,lab,diag,Age,65+,313,90,0.47778,0.40499,0.18386,0.71011
2017-2020,4,xgboost,lab,lab,Income,PIR<2,551,87,0.37931,0.37773,0.14655,0.73073
2017-2020,4,xgboost,lab,lab,Income,PIR>=2,694,87,0.31034,0.32373,0.07578,0.76559
2017-2020,4,xgboost,lab,lab,Education,HS_or_less,492,89,0.37079,0.3396,0.17122,0.69571
2017-2020,4,xgboost,lab,lab,Education,some_college+,753,85,0.31765,0.33856,0.06737,0.78108
2017-2020,4,xgboost,lab,lab,Sex,female,639,85,0.38824,0.27216,0.09025,0.78603
2017-2020,4,xgboost,lab,lab,Sex,male,606,89,0.30337,0.38296,0.12379,0.70991
2017-2020,4,xgboost,lab,lab,Age,18-44,482,19,0.15789,0.15487,0.01512,0.73116
2017-2020,4,xgboost,lab,lab,Age,45-64,450,87,0.37931,0.40917,0.12948,0.70916
2017-2020,4,xgboost,lab,lab,Age,65+,313,68,0.35294,0.30631,0.2449,0.5943
2017-2020,4,xgboost,lab,total,Income,PIR<2,551,115,0.3913,0.39495,0.12844,0.75562
2017-2020,4,xgboost,lab,total,Income,PIR>=2,694,116,0.33621,0.33823,0.05882,0.81066
2017-2020,4,xgboost,lab,total,Education,HS_or_less,492,115,0.4087,0.35839,0.14589,0.74185
2017-2020,4,xgboost,lab,total,Education,some_college+,753,116,0.31897,0.35227,0.05495,0.81104
2017-2020,4,xgboost,lab,total,Sex,female,639,107,0.37383,0.29314,0.08083,0.79738
2017-2020,4,xgboost,lab,total,Sex,male,606,124,0.35484,0.39567,0.09751,0.76973
2017-2020,4,xgboost,lab,total,Age,18-44,482,24,0.125,0.11243,0.01528,0.75446
2017-2020,4,xgboost,lab,total,Age,45-64,450,103,0.33981,0.41028,0.12968,0.71067
2017-2020,4,xgboost,lab,total,Age,65+,313,104,0.44231,0.35948,0.18182,0.68973
2017-2020,4,xgboost,total,diag,Income,PIR<2,551,100,0.53,0.54182,0.17517,0.77847
2017-2020,4,xgboost,total,diag,Income,PIR>=2,694,95,0.45263,0.39379,0.09349,0.84061
2017-2020,4,xgboost,total,diag,Education,HS_or_less,492,97,0.5567,0.40036,0.20253,0.762
2017-2020,4,xgboost,total,diag,Education,some_college+,753,98,0.42857,0.46947,0.08397,0.84561
2017-2020,4,xgboost,total,diag,Sex,female,639,90,0.44444,0.4208,0.11475,0.80421
2017-2020,4,xgboost,total,diag,Sex,male,606,105,0.53333,0.45085,0.14371,0.818
2017-2020,4,xgboost,total,diag,Age,18-44,482,18,0.16667,0.0963,0.01293,0.76293
2017-2020,4,xgboost,total,diag,Age,45-64,450,87,0.41379,0.42725,0.17631,0.7419
2017-2020,4,xgboost,total,diag,Age,65+,313,90,0.63333,0.52752,0.29148,0.73189
2017-2020,4,xgboost,total,lab,Income,PIR<2,551,87,0.44828,0.46199,0.20043,0.73573
2017-2020,4,xgboost,total,lab,Income,PIR>=2,694,87,0.41379,0.40937,0.10379,0.77617
2017-2020,4,xgboost,total,lab,Education,HS_or_less,492,89,0.47191,0.41747,0.22829,0.69986
2017-2020,4,xgboost,total,lab,Education,some_college+,753,85,0.38824,0.43129,0.09581,0.79169
2017-2020,4,xgboost,total,lab,Sex,female,639,85,0.41176,0.41086,0.12274,0.78216
2017-2020,4,xgboost,total,lab,Sex,male,606,89,0.44944,0.43316,0.17021,0.73214
2017-2020,4,xgboost,total,lab,Age,18-44,482,19,0.15789,0.15487,0.01296,0.73014
2017-2020,4,xgboost,total,lab,Age,45-64,450,87,0.4023,0.42998,0.17906,0.7072
2017-2020,4,xgboost,total,lab,Age,65+,313,68,0.54412,0.48068,0.34694,0.61969
2017-2020,4,xgboost,total,total,Income,PIR<2,551,115,0.50435,0.50596,0.16972,0.76929
2017-2020,4,xgboost,total,total,Income,PIR>=2,694,116,0.43103,0.41068,0.08478,0.82108
2017-2020,4,xgboost,total,total,Education,HS_or_less,492,115,0.53913,0.45015,0.19098,0.75359
2017-2020,4,xgboost,total,total,Education,some_college+,753,116,0.39655,0.42939,0.08006,0.82347
2017-2020,4,xgboost,total,total,Sex,female,639,107,0.43925,0.42353,0.10526,0.80239
2017-2020,4,xgboost,total,total,Sex,male,606,124,0.49194,0.44919,0.139,0.79026
2017-2020,4,xgboost,total,total,Age,18-44,482,24,0.16667,0.1221,0.01092,0.75837
2017-2020,4,xgboost,total,total,Age,45-64,450,103,0.38835,0.43412,0.17291,0.72029
2017-2020,4,xgboost,total,total,Age,65+,313,104,0.61538,0.52198,0.27751,0.71126
2017-2020,4,random_forest,diag,diag,Income,PIR<2,551,100,0.58,0.55929,0.14412,0.79777
2017-2020,4,random_forest,diag,diag,Income,PIR>=2,694,95,0.36842,0.32821,0.06678,0.82446
2017-2020,4,random_forest,diag,diag,Education,HS_or_less,492,97,0.58763,0.48255,0.15696,0.7689
2017-2020,4,random_forest,diag,diag,Education,some_college+,753,98,0.36735,0.33536,0.06565,0.84019
2017-2020,4,random_forest,diag,diag,Sex,female,639,90,0.48889,0.44625,0.08197,0.8084
2017-2020,4,random_forest,diag,diag,Sex,male,606,105,0.46667,0.37053,0.11976,0.81297
2017-2020,4,random_forest,diag,diag,Age,18-44,482,18,0.11111,0.05437,0.00647,0.77383
2017-2020,4,random_forest,diag,diag,Age,45-64,450,87,0.45977,0.50189,0.12948,0.74067
2017-2020,4,random_forest,diag,diag,Age,65+,313,90,0.56667,0.37985,0.24664,0.72835
2017-2020,4,random_forest,diag,lab,Income,PIR<2,551,87,0.51724,0.5133,0.1681,0.76393
2017-2020,4,random_forest,diag,lab,Income,PIR>=2,694,87,0.28736,0.30211,0.08237,0.76886
2017-2020,4,random_forest,diag,lab,Education,HS_or_less,492,89,0.48315,0.43562,0.18859,0.72072
2017-2020,4,random_forest,diag,lab,Education,some_college+,753,85,0.31765,0.28766,0.07784,0.79046
2017-2020,4,random_forest,diag,lab,Sex,female,639,85,0.43529,0.3885,0.09386,0.80136
2017-2020,4,random_forest,diag,lab,Sex,male,606,89,0.37079,0.3449,0.147,0.73465
2017-2020,4,random_forest,diag,lab,Age,18-44,482,19,0.05263,0.04522,0.00864,0.75037
2017-2020,4,random_forest,diag,lab,Age,45-64,450,87,0.43678,0.49439,0.13499,0.72778
2017-2020,4,random_forest,diag,lab,Age,65+,313,68,0.45588,0.29324,0.30612,0.61972
2017-2020,4,random_forest,diag,total,Income,PIR<2,551,115,0.53913,0.50374,0.13991,0.78732
2017-2020,4,random_forest,diag,total,Income,PIR>=2,694,116,0.31897,0.31747,0.06574,0.81265
2017-2020,4,random_forest,diag,total,Education,HS_or_less,492,115,0.53043,0.45935,0.15385,0.76239
2017-2020,4,random_forest,diag,total,Education,some_college+,753,116,0.32759,0.29782,0.06436,0.82155
2017-2020,4,random_forest,diag,total,Sex,female,639,107,0.43925,0.37052,0.07895,0.80991
2017-2020,4,random_forest,diag,total,Sex,male,606,124,0.41935,0.37449,0.11826,0.78964
2017-2020,4,random_forest,diag,total,Age,18-44,482,24,0.08333,0.0425,0.00655,0.73881
2017-2020,4,random_forest,diag,total,Age,45-64,450,103,0.41748,0.48938,0.1268,0.73393
2017-2020,4,random_forest,diag,total,Age,65+,313,104,0.51923,0.33737,0.2488,0.70655
2017-2020,4,random_forest,lab,diag,Income,PIR<2,551,100,0.4,0.39111,0.14412,0.76406
2017-2020,4,random_forest,lab,diag,Income,PIR>=2,694,95,0.31579,0.30523,0.07179,0.80141
2017-2020,4,random_forest,lab,diag,Education,HS_or_less,492,97,0.46392,0.39405,0.15949,0.74111
2017-2020,4,random_forest,lab,diag,Education,some_college+,753,98,0.2551,0.28365,0.0687,0.81878
2017-2020,4,random_forest,lab,diag,Sex,female,639,90,0.36667,0.36344,0.10018,0.8005
2017-2020,4,random_forest,lab,diag,Sex,male,606,105,0.35238,0.31213,0.10579,0.769
2017-2020,4,random_forest,lab,diag,Age,18-44,482,18,0.05556,0.042,0.01724,0.78556
2017-2020,4,random_forest,lab,diag,Age,45-64,450,87,0.34483,0.45206,0.13499,0.70436
2017-2020,4,random_forest,lab,diag,Age,65+,313,90,0.43333,0.2829,0.2287,0.68323
2017-2020,4,random_forest,lab,lab,Income,PIR<2,551,87,0.35632,0.34791,0.15948,0.73983
2017-2020,4,random_forest,lab,lab,Income,PIR>=2,694,87,0.26437,0.3026,0.08237,0.75594
2017-2020,4,random_forest,lab,lab,Education,HS_or_less,492,89,0.38202,0.39806,0.18362,0.69377
2017-2020,4,random_forest,lab,lab,Education,some_college+,753,85,0.23529,0.23174,0.07485,0.78549
2017-2020,4,random_forest,lab,lab,Sex,female,639,85,0.34118,0.35014,0.1065,0.79479
2017-2020,4,random_forest,lab,lab,Sex,male,606,89,0.2809,0.29276,0.12573,0.70085
2017-2020,4,random_forest,lab,lab,Age,18-44,482,19,0.05263,0.04522,0.01728,0.76896
2017-2020,4,random_forest,lab,lab,Age,45-64,450,87,0.34483,0.48371,0.13499,0.71065
2017-2020,4,random_forest,lab,lab,Age,65+,313,68,0.33824,0.197,0.27347,0.57521
2017-2020,4,random_forest,lab,total,Income,PIR<2,551,115,0.37391,0.35169,0.1422,0.76155
2017-2020,4,random_forest,lab,total,Income,PIR>=2,694,116,0.2931,0.31873,0.06747,0.79712
2017-2020,4,random_forest,lab,total,Education,HS_or_less,492,115,0.42609,0.41055,0.1565,0.73792
2017-2020,4,random_forest,lab,total,Education,some_college+,753,116,0.24138,0.25729,0.06593,0.81105
2017-2020,4,random_forest,lab,total,Sex,female,639,107,0.35514,0.33992,0.09398,0.80916
2017-2020,4,random_forest,lab,total,Sex,male,606,124,0.31452,0.3211,0.10581,0.75242
2017-2020,4,random_forest,lab,total,Age,18-44,482,24,0.04167,0.03283,0.01747,0.77406
2017-2020,4,random_forest,lab,total,Age,45-64,450,103,0.3301,0.47496,0.12968,0.7113
2017-2020,4,random_forest,lab,total,Age,65+,313,104,0.40385,0.2544,0.22967,0.66691
2017-2020,4,random_forest,total,diag,Income,PIR<2,551,100,0.57,0.52731,0.1796,0.78643
2017-2020,4,random_forest,total,diag,Income,PIR>=2,694,95,0.41053,0.38779,0.09683,0.82138
2017-2020,4,random_forest,total,diag,Education,HS_or_less,492,97,0.58763,0.4681,0.18987,0.75712
2017-2020,4,random_forest,total,diag,Education,some_college+,753,98,0.39796,0.40202,0.09771,0.8416
2017-2020,4,random_forest,total,diag,Sex,female,639,90,0.51111,0.446,0.12386,0.8133
2017-2020,4,random_forest,total,diag,Sex,male,606,105,0.47619,0.42139,0.14172,0.7973
2017-2020,4,random_forest,total,diag,Age,18-44,482,18,0.11111,0.05437,0.01724,0.78544
2017-2020,4,random_forest,total,diag,Age,45-64,450,87,0.47126,0.51372,0.17906,0.73756
2017-2020,4,random_forest,total,diag,Age,65+,313,90,0.58889,0.43665,0.29596,0.70947
2017-2020,4,random_forest,total,lab,Income,PIR<2,551,87,0.50575,0.47851,0.20259,0.7617
2017-2020,4,random_forest,total,lab,Income,PIR>=2,694,87,0.37931,0.38136,0.10544,0.76875
2017-2020,4,random_forest,total,lab,Education,HS_or_less,492,89,0.49438,0.43516,0.21836,0.71205
2017-2020,4,random_forest,total,lab,Education,some_college+,753,85,0.38824,0.38244,0.10479,0.80049
2017-2020,4,random_forest,total,lab,Sex,female,639,85,0.48235,0.4151,0.13177,0.80692
2017-2020,4,random_forest,total,lab,Sex,male,606,89,0.40449,0.40498,0.16441,0.72421
2017-2020,4,random_forest,total,lab,Age,18-44,482,19,0.10526,0.10973,0.01728,0.7793
2017-2020,4,random_forest,total,lab,Age,45-64,450,87,0.47126,0.51688,0.17906,0.73188
2017-2020,4,random_forest,total,lab,Age,65+,313,68,0.5,0.36216,0.34694,0.60384
2017-2020,4,random_forest,total,total,Income,PIR<2,551,115,0.53913,0.49352,0.17431,0.78139
2017-2020,4,random_forest,total,total,Income,PIR>=2,694,116,0.38793,0.38267,0.08997,0.81301
2017-2020,4,random_forest,total,total,Education,HS_or_less,492,115,0.54783,0.46407,0.18302,0.75581
2017-2020,4,random_forest,total,total,Education,some_college+,753,116,0.37931,0.37361,0.09262,0.82685
2017-2020,4,random_forest,total,total,Sex,female,639,107,0.49533,0.40688,0.11466,0.81813
2017-2020,4,random_forest,total,total,Sex,male,606,124,0.43548,0.42142,0.139,0.77816
2017-2020,4,random_forest,total,total,Age,18-44,482,24,0.125,0.08933,0.01528,0.77575
2017-2020,4,random_forest,total,total,Age,45-64,450,103,0.4466,0.50799,0.17291,0.73707
2017-2020,4,random_forest,total,total,Age,65+,313,104,0.55769,0.40335,0.29187,0.6892
2017-2020,4,logistic_regression,diag,diag,Income,PIR<2,551,100,0.49,0.5449,0.12417,0.81386
2017-2020,4,logistic_regression,diag,diag,Income,PIR>=2,694,95,0.46316,0.44817,0.07846,0.84606
2017-2020,4,logistic_regression,diag,diag,Education,HS_or_less,492,97,0.46392,0.41262,0.14937,0.77526
2017-2020,4,logistic_regression,diag,diag,Education,some_college+,753,98,0.4898,0.52831,0.06718,0.86658
2017-2020,4,logistic_regression,diag,diag,Sex,female,639,90,0.41111,0.43534,0.08561,0.82578
2017-2020,4,logistic_regression,diag,diag,Sex,male,606,105,0.53333,0.50424,0.11178,0.83798
2017-2020,4,logistic_regression,diag,diag,Age,18-44,482,18,0.11111,0.05437,0.00431,0.83477
2017-2020,4,logistic_regression,diag,diag,Age,45-64,450,87,0.33333,0.39219,0.07989,0.77502
2017-2020,4,logistic_regression,diag,diag,Age,65+,313,90,0.68889,0.65353,0.32287,0.73548
2017-2020,4,logistic_regression,diag,lab,Income,PIR<2,551,87,0.3908,0.42855,0.15302,0.77138
2017-2020,4,logistic_regression,diag,lab,Income,PIR>=2,694,87,0.35632,0.33861,0.09885,0.795
2017-2020,4,logistic_regression,diag,lab,Education,HS_or_less,492,89,0.32584,0.25951,0.1861,0.72337
2017-2020,4,logistic_regression,diag,lab,Education,some_college+,753,85,0.42353,0.47034,0.08383,0.81594
2017-2020,4,logistic_regression,diag,lab,Sex,female,639,85,0.35294,0.32749,0.09747,0.81894
2017-2020,4,logistic_regression,diag,lab,Sex,male,606,89,0.39326,0.38824,0.14894,0.74918
2017-2020,4,logistic_regression,diag,lab,Age,18-44,482,19,0.05263,0.04522,0.00648,0.82551
2017-2020,4,logistic_regression,diag,lab,Age,45-64,450,87,0.29885,0.28471,0.08815,0.75495
2017-2020,4,logistic_regression,diag,lab,Age,65+,313,68,0.55882,0.52363,0.39184,0.63571
2017-2020,4,logistic_regression,diag,total,Income,PIR<2,551,115,0.45217,0.485,0.12156,0.80353
2017-2020,4,logistic_regression,diag,total,Income,PIR>=2,694,116,0.40517,0.379,0.07612,0.83606
2017-2020,4,logistic_regression,diag,total,Education,HS_or_less,492,115,0.4087,0.32961,0.15119,0.77008
2017-2020,4,logistic_regression,diag,total,Education,some_college+,753,116,0.44828,0.48089,0.06279,0.8491
2017-2020,4,logistic_regression,diag,total,Sex,female,639,107,0.39252,0.38203,0.07895,0.83548
2017-2020,4,logistic_regression,diag,total,Sex,male,606,124,0.45968,0.42922,0.11411,0.80672
2017-2020,4,logistic_regression,diag,total,Age,18-44,482,24,0.08333,0.0425,0.00437,0.83079
2017-2020,4,logistic_regression,diag,total,Age,45-64,450,103,0.29126,0.32158,0.08069,0.76346
2017-2020,4,logistic_regression,diag,total,Age,65+,313,104,0.64423,0.59042,0.32057,0.71628
2017-2020,4,logistic_regression,lab,diag,Income,PIR<2,551,100,0.43,0.49694,0.11308,0.81062
2017-2020,4,logistic_regression,lab,diag,Income,PIR>=2,694,95,0.44211,0.41492,0.06344,0.84133
2017-2020,4,logistic_regression,lab,diag,Education,HS_or_less,492,97,0.41237,0.35858,0.13924,0.76978
2017-2020,4,logistic_regression,lab,diag,Education,some_college+,753,98,0.45918,0.50305,0.05191,0.8635
2017-2020,4,logistic_regression,lab,diag,Sex,female,639,90,0.34444,0.33647,0.08561,0.82495
2017-2020,4,logistic_regression,lab,diag,Sex,male,606,105,0.51429,0.50409,0.08383,0.83053
2017-2020,4,logistic_regression,lab,diag,Age,18-44,482,18,0.05556,0.042,0.00431,0.83273
2017-2020,4,logistic_regression,lab,diag,Age,45-64,450,87,0.32184,0.39063,0.06336,0.77157
2017-2020,4,logistic_regression,lab,diag,Age,65+,313,90,0.62222,0.5759,0.287,0.73034
2017-2020,4,logistic_regression,lab,lab,Income,PIR<2,551,87,0.36782,0.42759,0.13362,0.77854
2017-2020,4,logistic_regression,lab,lab,Income,PIR>=2,694,87,0.36782,0.35432,0.07908,0.79558
2017-2020,4,logistic_regression,lab,lab,Education,HS_or_less,492,89,0.32584,0.30456,0.16377,0.72919
2017-2020,4,logistic_regression,lab,lab,Education,some_college+,753,85,0.41176,0.44675,0.06587,0.81892
2017-2020,4,logistic_regression,lab,lab,Sex,female,639,85,0.34118,0.34179,0.08845,0.82423
2017-2020,4,logistic_regression,lab,lab,Sex,male,606,89,0.39326,0.39702,0.11799,0.75003
2017-2020,4,logistic_regression,lab,lab,Age,18-44,482,19,0.05263,0.04522,0.00432,0.82119
2017-2020,4,logistic_regression,lab,lab,Age,45-64,450,87,0.31034,0.30542,0.06612,0.76704
2017-2020,4,logistic_regression,lab,lab,Age,65+,313,68,0.52941,0.52665,0.34286,0.64022
2017-2020,4,logistic_regression,lab,total,Income,PIR<2,551,115,0.4087,0.46306,0.1078,0.80662
2017-2020,4,logistic_regression,lab,total,Income,PIR>=2,694,116,0.39655,0.37504,0.05882,0.83539
2017-2020,4,logistic_regression,lab,total,Education,HS_or_less,492,115,0.38261,0.33504,0.13528,0.77131
2017-2020,4,logistic_regression,lab,total,Education,some_college+,753,116,0.42241,0.45878,0.0471,0.8509
2017-2020,4,logistic_regression,lab,total,Sex,female,639,107,0.35514,0.35868,0.07519,0.83808
2017-2020,4,logistic_regression,lab,total,Sex,male,606,124,0.44355,0.4291,0.08506,0.80582
2017-2020,4,logistic_regression,lab,total,Age,18-44,482,24,0.04167,0.03283,0.00437,0.83479
2017-2020,4,logistic_regression,lab,total,Age,45-64,450,103,0.29126,0.33314,0.06052,0.77001
2017-2020,4,logistic_regression,lab,total,Age,65+,313,104,0.59615,0.56026,0.27751,0.71517
2017-2020,4,logistic_regression,total,diag,Income,PIR<2,551,100,0.54,0.59144,0.15521,0.81251
2017-2020,4,logistic_regression,total,diag,Income,PIR>=2,694,95,0.51579,0.46647,0.09683,0.8429
2017-2020,4,logistic_regression,total,diag,Education,HS_or_less,492,97,0.54639,0.45495,0.19747,0.77419
2017-2020,4,logistic_regression,total,diag,Education,some_college+,753,98,0.5102,0.5435,0.07634,0.86411
2017-2020,4,logistic_regression,total,diag,Sex,female,639,90,0.47778,0.4794,0.11658,0.82489
2017-2020,4,logistic_regression,total,diag,Sex,male,606,105,0.57143,0.52073,0.12774,0.83473
2017-2020,4,logistic_regression,total,diag,Age,18-44,482,18,0.11111,0.05437,0.01293,0.82747
2017-2020,4,logistic_regression,total,diag,Age,45-64,450,87,0.41379,0.44315,0.11295,0.77163
2017-2020,4,logistic_regression,total,diag,Age,65+,313,90,0.72222,0.66397,0.36323,0.73961
2017-2020,4,logistic_regression,total,lab,Income,PIR<2,551,87,0.43678,0.49177,0.18534,0.77519
2017-2020,4,logistic_regression,total,lab,Income,PIR>=2,694,87,0.42529,0.38859,0.11532,0.79475
2017-2020,4,logistic_regression,total,lab,Education,HS_or_less,492,89,0.41573,0.34839,0.23325,0.72892
2017-2020,4,logistic_regression,total,lab,Education,some_college+,753,85,0.44706,0.48845,0.09281,0.81555
2017-2020,4,logistic_regression,total,lab,Sex,female,639,85,0.43529,0.4346,0.12635,0.81911
2017-2020,4,logistic_regression,total,lab,Sex,male,606,89,0.42697,0.407,0.16634,0.75205
2017-2020,4,logistic_regression,total,lab,Age,18-44,482,19,0.05263,0.04522,0.01512,0.81619
2017-2020,4,logistic_regression,total,lab,Age,45-64,450,87,0.3908,0.35413,0.11846,0.75663
2017-2020,4,logistic_regression,total,lab,Age,65+,313,68,0.58824,0.57296,0.43265,0.64856
2017-2020,4,logistic_regression,total,total,Income,PIR<2,551,115,0.50435,0.54414,0.15138,0.80499
2017-2020,4,logistic_regression,total,total,Income,PIR>=2,694,116,0.46552,0.4204,0.0917,0.83648
2017-2020,4,logistic_regression,total,total,Education,HS_or_less,492,115,0.50435,0.41472,0.19363,0.77405
2017-2020,4,logistic_regression,total,total,Education,some_college+,753,116,0.46552,0.49418,0.07221,0.84883
2017-2020,4,logistic_regression,total,total,Sex,female,639,107,0.46729,0.47289,0.10714,0.83613
2017-2020,4,logistic_regression,total,total,Sex,male,606,124,0.5,0.447,0.12863,0.80817
2017-2020,4,logistic_regression,total,total,Age,18-44,482,24,0.08333,0.0425,0.0131,0.82888
2017-2020,4,logistic_regression,total,total,Age,45-64,450,103,0.37864,0.38075,0.10951,0.76428
2017-2020,4,logistic_regression,total,total,Age,65+,313,104,0.68269,0.63606,0.35885,0.72585
2017-2020,5,xgboost,diag,diag,Income,PIR<2,565,104,0.375,0.36558,0.13449,0.78346
2017-2020,5,xgboost,diag,diag,Income,PIR>=2,680,91,0.3956,0.50254,0.10017,0.80998
2017-2020,5,xgboost,diag,diag,Education,HS_or_less,492,93,0.39785,0.52461,0.14035,0.79532
2017-2020,5,xgboost,diag,diag,Education,some_college+,753,102,0.37255,0.40529,0.09985,0.79425
2017-2020,5,xgboost,diag,diag,Sex,female,636,83,0.28916,0.37471,0.08861,0.79427
2017-2020,5,xgboost,diag,diag,Sex,male,609,112,0.45536,0.51826,0.14487,0.79502
2017-2020,5,xgboost,diag,diag,Age,18-44,470,16,0.1875,0.12639,0.01101,0.81512
2017-2020,5,xgboost,diag,diag,Age,45-64,487,98,0.34694,0.51036,0.14139,0.72058
2017-2020,5,xgboost,diag,diag,Age,65+,288,81,0.46914,0.45819,0.29469,0.63804
2017-2020,5,xgboost,diag,lab,Income,PIR<2,565,92,0.32609,0.32384,0.15011,0.73817
2017-2020,5,xgboost,diag,lab,Income,PIR>=2,680,82,0.35366,0.43745,0.11037,0.74604
2017-2020,5,xgboost,diag,lab,Education,HS_or_less,492,81,0.33333,0.41846,0.16058,0.73711
2017-2020,5,xgboost,diag,lab,Education,some_college+,753,93,0.34409,0.38221,0.10758,0.74293
2017-2020,5,xgboost,diag,lab,Sex,female,636,77,0.24675,0.24606,0.0966,0.75833
2017-2020,5,xgboost,diag,lab,Sex,male,609,97,0.41237,0.48734,0.16211,0.72964
2017-2020,5,xgboost,diag,lab,Age,18-44,470,19,0.05263,0.05093,0.01552,0.74454
2017-2020,5,xgboost,diag,lab,Age,45-64,487,85,0.30588,0.41098,0.15672,0.64641
2017-2020,5,xgboost,diag,lab,Age,65+,288,70,0.45714,0.47205,0.30734,0.61363
2017-2020,5,xgboost,diag,total,Income,PIR<2,565,122,0.35246,0.33034,0.13093,0.76154
2017-2020,5,xgboost,diag,total,Income,PIR>=2,680,109,0.36697,0.47274,0.09632,0.7864
2017-2020,5,xgboost,diag,total,Education,HS_or_less,492,108,0.36111,0.4811,0.14062,0.76915
2017-2020,5,xgboost,diag,total,Education,some_college+,753,123,0.35772,0.38057,0.09365,0.77402
2017-2020,5,xgboost,diag,total,Sex,female,636,103,0.27184,0.34751,0.08443,0.7744
2017-2020,5,xgboost,diag,total,Sex,male,609,128,0.42969,0.48126,0.14137,0.77279
2017-2020,5,xgboost,diag,total,Age,18-44,470,25,0.12,0.08491,0.01124,0.75056
2017-2020,5,xgboost,diag,total,Age,45-64,487,113,0.30973,0.47555,0.14439,0.67924
2017-2020,5,xgboost,diag,total,Age,65+,288,93,0.48387,0.44879,0.27692,0.66055
2017-2020,5,xgboost,lab,diag,Income,PIR<2,565,104,0.30769,0.30502,0.11714,0.76016
2017-2020,5,xgboost,lab,diag,Income,PIR>=2,680,91,0.2967,0.39319,0.10357,0.78707
2017-2020,5,xgboost,lab,diag,Education,HS_or_less,492,93,0.31183,0.46139,0.13033,0.77029
2017-2020,5,xgboost,lab,diag,Education,some_college+,753,102,0.29412,0.28184,0.09677,0.77302
2017-2020,5,xgboost,lab,diag,Sex,female,636,83,0.31325,0.37012,0.1085,0.77915
2017-2020,5,xgboost,lab,diag,Sex,male,609,112,0.29464,0.36503,0.11066,0.7691
2017-2020,5,xgboost,lab,diag,Age,18-44,470,16,0.0,0.0,0.01762,0.81801
2017-2020,5,xgboost,lab,diag,Age,45-64,487,98,0.33673,0.44671,0.1671,0.67856
2017-2020,5,xgboost,lab,diag,Age,65+,288,81,0.32099,0.32733,0.2029,0.64704
2017-2020,5,xgboost,lab,lab,Income,PIR<2,565,92,0.28261,0.27403,0.12685,0.72888
2017-2020,5,xgboost,lab,lab,Income,PIR>=2,680,82,0.2561,0.33255,0.11204,0.7301
2017-2020,5,xgboost,lab,lab,Education,HS_or_less,492,81,0.24691,0.37332,0.14842,0.71854
2017-2020,5,xgboost,lab,lab,Education,some_college+,753,93,0.29032,0.26225,0.1,0.73478
2017-2020,5,xgboost,lab,lab,Sex,female,636,77,0.31169,0.27016,0.11091,0.75754
2017-2020,5,xgboost,lab,lab,Sex,male,609,97,0.23711,0.3372,0.12695,0.70615
2017-2020,5,xgboost,lab,lab,Age,18-44,470,19,0.0,0.0,0.01774,0.76847
2017-2020,5,xgboost,lab,lab,Age,45-64,487,85,0.31765,0.37194,0.17662,0.62909
2017-2020,5,xgboost,lab,lab,Age,65+,288,70,0.28571,0.32318,0.22018,0.61035
2017-2020,5,xgboost,lab,total,Income,PIR<2,565,122,0.28689,0.27025,0.11512,0.7467
2017-2020,5,xgboost,lab,total,Income,PIR>=2,680,109,0.27523,0.37397,0.10158,0.76772
2017-2020,5,xgboost,lab,total,Education,HS_or_less,492,108,0.27778,0.4193,0.13281,0.75019
2017-2020,5,xgboost,lab,total,Education,some_college+,753,123,0.28455,0.27231,0.09206,0.75947
2017-2020,5,xgboost,lab,total,Sex,female,636,103,0.30097,0.3542,0.10319,0.76856
2017-2020,5,xgboost,lab,total,Sex,male,609,128,0.26562,0.33235,0.11227,0.74795
2017-2020,5,xgboost,lab,total,Age,18-44,470,25,0.0,0.0,0.01798,0.7831
2017-2020,5,xgboost,lab,total,Age,45-64,487,113,0.30973,0.41821,0.16845,0.64746
2017-2020,5,xgboost,lab,total,Age,65+,288,93,0.32258,0.3242,0.19487,0.65696
2017-2020,5,xgboost,total,diag,Income,PIR<2,565,104,0.48077,0.444,0.15835,0.78004
2017-2020,5,xgboost,total,diag,Income,PIR>=2,680,91,0.41758,0.53208,0.11885,0.79485
2017-2020,5,xgboost,total,diag,Education,HS_or_less,492,93,0.49462,0.60413,0.15789,0.78834
2017-2020,5,xgboost,total,diag,Education,some_college+,753,102,0.41176,0.4173,0.12289,0.7857
2017-2020,5,xgboost,total,diag,Sex,female,636,83,0.39759,0.43253,0.11392,0.79211
2017-2020,5,xgboost,total,diag,Sex,male,609,112,0.49107,0.55339,0.16097,0.78212
2017-2020,5,xgboost,total,diag,Age,18-44,470,16,0.1875,0.16749,0.01762,0.81264
2017-2020,5,xgboost,total,diag,Age,45-64,487,98,0.41837,0.5703,0.18766,0.70303
2017-2020,5,xgboost,total,diag,Age,65+,288,81,0.54321,0.48152,0.29952,0.65366
2017-2020,5,xgboost,total,lab,Income,PIR<2,565,92,0.43478,0.39172,0.17548,0.74145
2017-2020,5,xgboost,total,lab,Income,PIR>=2,680,82,0.36585,0.45791,0.13043,0.75018
2017-2020,5,xgboost,total,lab,Education,HS_or_less,492,81,0.41975,0.48148,0.18248,0.73714
2017-2020,5,xgboost,total,lab,Education,some_college+,753,93,0.3871,0.39706,0.1303,0.75124
2017-2020,5,xgboost,total,lab,Sex,female,636,77,0.37662,0.34064,0.11986,0.77952
2017-2020,5,xgboost,total,lab,Sex,male,609,97,0.42268,0.49033,0.18359,0.71947
2017-2020,5,xgboost,total,lab,Age,18-44,470,19,0.10526,0.12504,0.01996,0.77162
2017-2020,5,xgboost,total,lab,Age,45-64,487,85,0.36471,0.45293,0.20647,0.64557
2017-2020,5,xgboost,total,lab,Age,65+,288,70,0.52857,0.49322,0.31651,0.6424
2017-2020,5,xgboost,total,total,Income,PIR<2,565,122,0.45082,0.39826,0.1535,0.76466
2017-2020,5,xgboost,total,total,Income,PIR>=2,680,109,0.3945,0.50726,0.11384,0.78239
2017-2020,5,xgboost,total,total,Education,HS_or_less,492,108,0.44444,0.55282,0.15885,0.76688
2017-2020,5,xgboost,total,total,Education,some_college+,753,123,0.4065,0.40225,0.11429,0.77695
2017-2020,5,xgboost,total,total,Sex,female,636,103,0.37864,0.41263,0.10694,0.78619
2017-2020,5,xgboost,total,total,Sex,male,609,128,0.46094,0.51295,0.158,0.76356
2017-2020,5,xgboost,total,total,Age,18-44,470,25,0.12,0.11253,0.01798,0.7822
2017-2020,5,xgboost,total,total,Age,45-64,487,113,0.38053,0.53267,0.18984,0.67235
2017-2020,5,xgboost,total,total,Age,65+,288,93,0.55914,0.48261,0.27692,0.68029
2017-2020,5,random_forest,diag,diag,Income,PIR<2,565,104,0.39423,0.34253,0.1128,0.7938
2017-2020,5,random_forest,diag,diag,Income,PIR>=2,680,91,0.3956,0.48938,0.11715,0.79215
2017-2020,5,random_forest,diag,diag,Education,HS_or_less,492,93,0.46237,0.56022,0.1203,0.8007
2017-2020,5,random_forest,diag,diag,Education,some_college+,753,102,0.33333,0.34252,0.11214,0.78361
2017-2020,5,random_forest,diag,diag,Sex,female,636,83,0.33735,0.36984,0.10669,0.76937
2017-2020,5,random_forest,diag,diag,Sex,male,609,112,0.4375,0.49492,0.12475,0.80649
2017-2020,5,random_forest,diag,diag,Age,18-44,470,16,0.0625,0.05622,0.00881,0.83521
2017-2020,5,random_forest,diag,diag,Age,45-64,487,98,0.40816,0.54573,0.1491,0.7116
2017-2020,5,random_forest,diag,diag,Age,65+,288,81,0.44444,0.38318,0.28502,0.6471
2017-2020,5,random_forest,diag,lab,Income,PIR<2,565,92,0.38043,0.35307,0.12262,0.76991
2017-2020,5,random_forest,diag,lab,Income,PIR>=2,680,82,0.34146,0.43791,0.12876,0.73057
2017-2020,5,random_forest,diag,lab,Education,HS_or_less,492,81,0.41975,0.47273,0.13869,0.76268
2017-2020,5,random_forest,diag,lab,Education,some_college+,753,93,0.31183,0.35611,0.11818,0.73853
2017-2020,5,random_forest,diag,lab,Sex,female,636,77,0.31169,0.29077,0.1127,0.75572
2017-2020,5,random_forest,diag,lab,Sex,male,609,97,0.40206,0.47763,0.14062,0.74547
2017-2020,5,random_forest,diag,lab,Age,18-44,470,19,0.05263,0.05093,0.00887,0.7865
2017-2020,5,random_forest,diag,lab,Age,45-64,487,85,0.34118,0.44162,0.17164,0.66359
2017-2020,5,random_forest,diag,lab,Age,65+,288,70,0.47143,0.4616,0.2844,0.62457
2017-2020,5,random_forest,diag,total,Income,PIR<2,565,122,0.36885,0.31113,0.10835,0.78089
2017-2020,5,random_forest,diag,total,Income,PIR>=2,680,109,0.36697,0.46444,0.11384,0.7703
2017-2020,5,random_forest,diag,total,Education,HS_or_less,492,108,0.41667,0.51322,0.11979,0.78267
2017-2020,5,random_forest,diag,total,Education,some_college+,753,123,0.3252,0.33021,0.10635,0.76675
2017-2020,5,random_forest,diag,total,Sex,female,636,103,0.31068,0.34965,0.10319,0.76405
2017-2020,5,random_forest,diag,total,Sex,male,609,128,0.41406,0.46019,0.12058,0.78399
2017-2020,5,random_forest,diag,total,Age,18-44,470,25,0.04,0.03777,0.00899,0.78144
2017-2020,5,random_forest,diag,total,Age,45-64,487,113,0.36283,0.50832,0.15241,0.69223
2017-2020,5,random_forest,diag,total,Age,65+,288,93,0.46237,0.3881,0.26667,0.65161
2017-2020,5,random_forest,lab,diag,Income,PIR<2,565,104,0.375,0.34086,0.11497,0.77574
2017-2020,5,random_forest,lab,diag,Income,PIR>=2,680,91,0.30769,0.33937,0.10017,0.77806
2017-2020,5,random_forest,lab,diag,Education,HS_or_less,492,93,0.4086,0.42241,0.14286,0.76922
2017-2020,5,random_forest,lab,diag,Education,some_college+,753,102,0.28431,0.26524,0.08449,0.77876
2017-2020,5,random_forest,lab,diag,Sex,female,636,83,0.3494,0.23279,0.09946,0.77579
2017-2020,5,random_forest,lab,diag,Sex,male,609,112,0.33929,0.40899,0.11469,0.77845
2017-2020,5,random_forest,lab,diag,Age,18-44,470,16,0.0625,0.05622,0.01542,0.81085
2017-2020,5,random_forest,lab,diag,Age,45-64,487,98,0.40816,0.41174,0.15424,0.71328
2017-2020,5,random_forest,lab,diag,Age,65+,288,81,0.32099,0.2953,0.21739,0.62778
2017-2020,5,random_forest,lab,lab,Income,PIR<2,565,92,0.34783,0.32091,0.12685,0.74383
2017-2020,5,random_forest,lab,lab,Income,PIR>=2,680,82,0.2439,0.32307,0.11204,0.72473
2017-2020,5,random_forest,lab,lab,Education,HS_or_less,492,81,0.37037,0.4345,0.15815,0.72595
2017-2020,5,random_forest,lab,lab,Education,some_college+,753,93,0.23656,0.22949,0.09394,0.73726
2017-2020,5,random_forest,lab,lab,Sex,female,636,77,0.32468,0.27276,0.10555,0.76033
2017-2020,5,random_forest,lab,lab,Sex,male,609,97,0.27835,0.35115,0.13281,0.71331
2017-2020,5,random_forest,lab,lab,Age,18-44,470,19,0.05263,0.05093,0.01552,0.77296
2017-2020,5,random_forest,lab,lab,Age,45-64,487,85,0.36471,0.39521,0.17164,0.67248
2017-2020,5,random_forest,lab,lab,Age,65+,288,70,0.28571,0.30713,0.23394,0.57841
2017-2020,5,random_forest,lab,total,Income,PIR<2,565,122,0.35246,0.3119,0.11061,0.76097
2017-2020,5,random_forest,lab,total,Income,PIR>=2,680,109,0.27523,0.31529,0.09982,0.76415
2017-2020,5,random_forest,lab,total,Education,HS_or_less,492,108,0.37963,0.39154,0.14062,0.75287
2017-2020,5,random_forest,lab,total,Education,some_college+,753,123,0.26016,0.24618,0.08254,0.76594
2017-2020,5,random_forest,lab,total,Sex,female,636,103,0.32039,0.2223,0.09568,0.77074
2017-2020,5,random_forest,lab,total,Sex,male,609,128,0.3125,0.37574,0.11435,0.75597
2017-2020,5,random_forest,lab,total,Age,18-44,470,25,0.04,0.03777,0.01573,0.77933
2017-2020,5,random_forest,lab,total,Age,45-64,487,113,0.38053,0.39117,0.15241,0.69594
2017-2020,5,random_forest,lab,total,Age,65+,288,93,0.31183,0.28182,0.21538,0.62487
2017-2020,5,random_forest,total,diag,Income,PIR<2,565,104,0.45192,0.3967,0.14534,0.78649
2017-2020,5,random_forest,total,diag,Income,PIR>=2,680,91,0.43956,0.5106,0.13413,0.79154
2017-2020,5,random_forest,total,diag,Education,HS_or_less,492,93,0.49462,0.57516,0.17293,0.79271
2017-2020,5,random_forest,total,diag,Education,some_college+,753,102,0.40196,0.38802,0.11828,0.78257
2017-2020,5,random_forest,total,diag,Sex,female,636,83,0.42169,0.4346,0.13382,0.77359
2017-2020,5,random_forest,total,diag,Sex,male,609,112,0.46429,0.50409,0.14487,0.80118
2017-2020,5,random_forest,total,diag,Age,18-44,470,16,0.1875,0.17872,0.01542,0.7902
2017-2020,5,random_forest,total,diag,Age,45-64,487,98,0.44898,0.55834,0.19537,0.7192
2017-2020,5,random_forest,total,diag,Age,65+,288,81,0.49383,0.42211,0.30435,0.65185
2017-2020,5,random_forest,total,lab,Income,PIR<2,565,92,0.43478,0.40553,0.15645,0.76234
2017-2020,5,random_forest,total,lab,Income,PIR>=2,680,82,0.41463,0.46608,0.14214,0.74021
2017-2020,5,random_forest,total,lab,Education,HS_or_less,492,81,0.46914,0.49699,0.18735,0.74996
2017-2020,5,random_forest,total,lab,Education,some_college+,753,93,0.3871,0.40269,0.12424,0.74883
2017-2020,5,random_forest,total,lab,Sex,female,636,77,0.42857,0.38541,0.13596,0.76464
2017-2020,5,random_forest,total,lab,Sex,male,609,97,0.42268,0.48027,0.16211,0.74193
2017-2020,5,random_forest,total,lab,Age,18-44,470,19,0.10526,0.12504,0.01774,0.77512
2017-2020,5,random_forest,total,lab,Age,45-64,487,85,0.41176,0.47019,0.21144,0.67567
2017-2020,5,random_forest,total,lab,Age,65+,288,70,0.52857,0.49765,0.30275,0.63401
2017-2020,5,random_forest,total,total,Income,PIR<2,565,122,0.41803,0.35844,0.14221,0.77409
2017-2020,5,random_forest,total,total,Income,PIR>=2,680,109,0.42202,0.48939,0.12785,0.77608
2017-2020,5,random_forest,total,total,Education,HS_or_less,492,108,0.4537,0.52931,0.17188,0.7717
2017-2020,5,random_forest,total,total,Education,some_college+,753,123,0.39024,0.37627,0.11111,0.77348
2017-2020,5,random_forest,total,total,Sex,female,636,103,0.39806,0.41717,0.12758,0.77258
2017-2020,5,random_forest,total,total,Sex,male,609,128,0.4375,0.46847,0.14137,0.77824
2017-2020,5,random_forest,total,total,Age,18-44,470,25,0.12,0.12007,0.01573,0.76593
2017-2020,5,random_forest,total,total,Age,45-64,487,113,0.41593,0.52693,0.19519,0.70376
2017-2020,5,random_forest,total,total,Age,65+,288,93,0.50538,0.42528,0.28718,0.65773
2017-2020,5,logistic_regression,diag,diag,Income,PIR<2,565,104,0.39423,0.37971,0.10846,0.81241
2017-2020,5,logistic_regression,diag,diag,Income,PIR>=2,680,91,0.42857,0.53386,0.11205,0.82252
2017-2020,5,logistic_regression,diag,diag,Education,HS_or_less,492,93,0.49462,0.63708,0.14035,0.82472
2017-2020,5,logistic_regression,diag,diag,Education,some_college+,753,102,0.33333,0.35364,0.09217,0.80677
2017-2020,5,logistic_regression,diag,diag,Sex,female,636,83,0.28916,0.40814,0.09042,0.80278
2017-2020,5,logistic_regression,diag,diag,Sex,male,609,112,0.5,0.53982,0.1328,0.82493
2017-2020,5,logistic_regression,diag,diag,Age,18-44,470,16,0.0625,0.05622,0.00661,0.82792
2017-2020,5,logistic_regression,diag,diag,Age,45-64,487,98,0.30612,0.46182,0.09769,0.7423
2017-2020,5,logistic_regression,diag,diag,Age,65+,288,81,0.60494,0.60179,0.36232,0.70812
2017-2020,5,logistic_regression,diag,lab,Income,PIR<2,565,92,0.40217,0.38969,0.11416,0.80046
2017-2020,5,logistic_regression,diag,lab,Income,PIR>=2,680,82,0.36585,0.46546,0.12542,0.7688
2017-2020,5,logistic_regression,diag,lab,Education,HS_or_less,492,81,0.45679,0.5499,0.15815,0.79901
2017-2020,5,logistic_regression,diag,lab,Education,some_college+,753,93,0.32258,0.34823,0.09697,0.76786
2017-2020,5,logistic_regression,diag,lab,Sex,female,636,77,0.32468,0.34668,0.08766,0.80536
2017-2020,5,logistic_regression,diag,lab,Sex,male,609,97,0.43299,0.49358,0.15625,0.76224
2017-2020,5,logistic_regression,diag,lab,Age,18-44,470,19,0.05263,0.05093,0.00665,0.86463
2017-2020,5,logistic_regression,diag,lab,Age,45-64,487,85,0.32941,0.3853,0.0995,0.69924
2017-2020,5,logistic_regression,diag,lab,Age,65+,288,70,0.54286,0.59969,0.3945,0.64168
2017-2020,5,logistic_regression,diag,total,Income,PIR<2,565,122,0.37705,0.36135,0.10158,0.8074
2017-2020,5,logistic_regression,diag,total,Income,PIR>=2,680,109,0.3945,0.50787,0.10858,0.80896
2017-2020,5,logistic_regression,diag,total,Education,HS_or_less,492,108,0.44444,0.58254,0.14062,0.8146
2017-2020,5,logistic_regression,diag,total,Education,some_college+,753,123,0.33333,0.3549,0.08413,0.79694
2017-2020,5,logistic_regression,diag,total,Sex,female,636,103,0.29126,0.40455,0.08255,0.80502
2017-2020,5,logistic_regression,diag,total,Sex,male,609,128,0.46094,0.49954,0.13098,0.808
2017-2020,5,logistic_regression,diag,total,Age,18-44,470,25,0.04,0.03777,0.00674,0.82508
2017-2020,5,logistic_regression,diag,total,Age,45-64,487,113,0.29204,0.44576,0.09358,0.72472
2017-2020,5,logistic_regression,diag,total,Age,65+,288,93,0.5914,0.58443,0.35385,0.71414
2017-2020,5,logistic_regression,lab,diag,Income,PIR<2,565,104,0.38462,0.36878,0.08894,0.80707
2017-2020,5,logistic_regression,lab,diag,Income,PIR>=2,680,91,0.38462,0.41274,0.09847,0.81554
2017-2020,5,logistic_regression,lab,diag,Education,HS_or_less,492,93,0.47312,0.50262,0.13033,0.81596
2017-2020,5,logistic_regression,lab,diag,Education,some_college+,753,102,0.30392,0.30677,0.0722,0.79975
2017-2020,5,logistic_regression,lab,diag,Sex,female,636,83,0.27711,0.25255,0.0868,0.79339
2017-2020,5,logistic_regression,lab,diag,Sex,male,609,112,0.46429,0.4948,0.10262,0.8212
2017-2020,5,logistic_regression,lab,diag,Age,18-44,470,16,0.0625,0.05622,0.00661,0.8337
2017-2020,5,logistic_regression,lab,diag,Age,45-64,487,98,0.29592,0.33879,0.09512,0.72646
2017-2020,5,logistic_regression,lab,diag,Age,65+,288,81,0.55556,0.54351,0.28502,0.71146
2017-2020,5,logistic_regression,lab,lab,Income,PIR<2,565,92,0.38043,0.3546,0.09725,0.80285
2017-2020,5,logistic_regression,lab,lab,Income,PIR>=2,680,82,0.34146,0.42103,0.1087,0.77343
2017-2020,5,logistic_regression,lab,lab,Education,HS_or_less,492,81,0.45679,0.55307,0.14355,0.80607
2017-2020,5,logistic_regression,lab,lab,Education,some_college+,753,93,0.27957,0.27024,0.07879,0.76802
2017-2020,5,logistic_regression,lab,lab,Sex,female,636,77,0.32468,0.33249,0.08229,0.80585
2017-2020,5,logistic_regression,lab,lab,Sex,male,609,97,0.39175,0.43661,0.12695,0.76806
2017-2020,5,logistic_regression,lab,lab,Age,18-44,470,19,0.10526,0.08142,0.00443,0.86159
2017-2020,5,logistic_regression,lab,lab,Age,45-64,487,85,0.32941,0.36871,0.09453,0.7043
2017-2020,5,logistic_regression,lab,lab,Age,65+,288,70,0.47143,0.51212,0.32569,0.65596
2017-2020,5,logistic_regression,lab,total,Income,PIR<2,565,122,0.36885,0.3486,0.08126,0.80666
2017-2020,5,logistic_regression,lab,total,Income,PIR>=2,680,109,0.36697,0.40009,0.09282,0.80874
2017-2020,5,logistic_regression,lab,total,Education,HS_or_less,492,108,0.44444,0.47818,0.125,0.81412
2017-2020,5,logistic_regression,lab,total,Education,some_college+,753,123,0.30081,0.30071,0.06508,0.79489
2017-2020,5,logistic_regression,lab,total,Sex,female,636,103,0.29126,0.27152,0.07692,0.80209
2017-2020,5,logistic_regression,lab,total,Sex,male,609,128,0.42969,0.45892,0.09979,0.81003
2017-2020,5,logistic_regression,lab,total,Age,18-44,470,25,0.08,0.06038,0.00449,0.82921
2017-2020,5,logistic_regression,lab,total,Age,45-64,487,113,0.28319,0.32955,0.09091,0.71994
2017-2020,5,logistic_regression,lab,total,Age,65+,288,93,0.54839,0.53223,0.27179,0.72242
2017-2020,5,logistic_regression,total,diag,Income,PIR<2,565,104,0.49038,0.45052,0.12798,0.80955
2017-2020,5,logistic_regression,total,diag,Income,PIR>=2,680,91,0.49451,0.58591,0.12903,0.81811
2017-2020,5,logistic_regression,total,diag,Education,HS_or_less,492,93,0.6129,0.6847,0.16291,0.82249
2017-2020,5,logistic_regression,total,diag,Education,some_college+,753,102,0.38235,0.42028,0.10753,0.80115
2017-2020,5,logistic_regression,total,diag,Sex,female,636,83,0.37349,0.44987,0.11031,0.79623
2017-2020,5,logistic_regression,total,diag,Sex,male,609,112,0.58036,0.6077,0.14889,0.82269
2017-2020,5,logistic_regression,total,diag,Age,18-44,470,16,0.125,0.07892,0.01322,0.82351
2017-2020,5,logistic_regression,total,diag,Age,45-64,487,98,0.39796,0.53682,0.12339,0.73178
2017-2020,5,logistic_regression,total,diag,Age,65+,288,81,0.67901,0.64254,0.3913,0.71116
2017-2020,5,logistic_regression,total,lab,Income,PIR<2,565,92,0.51087,0.4721,0.13319,0.80478
2017-2020,5,logistic_regression,total,lab,Income,PIR>=2,680,82,0.42683,0.54043,0.14381,0.77001
2017-2020,5,logistic_regression,total,lab,Education,HS_or_less,492,81,0.59259,0.63146,0.18005,0.80454
2017-2020,5,logistic_regression,total,lab,Education,some_college+,753,93,0.36559,0.42241,0.11364,0.76838
2017-2020,5,logistic_regression,total,lab,Sex,female,636,77,0.41558,0.40669,0.10733,0.80736
2017-2020,5,logistic_regression,total,lab,Sex,male,609,97,0.51546,0.58127,0.17383,0.76411
2017-2020,5,logistic_regression,total,lab,Age,18-44,470,19,0.15789,0.14617,0.01109,0.85903
2017-2020,5,logistic_regression,total,lab,Age,45-64,487,85,0.42353,0.49918,0.12687,0.7012
2017-2020,5,logistic_regression,total,lab,Age,65+,288,70,0.61429,0.63103,0.42661,0.65223
2017-2020,5,logistic_regression,total,total,Income,PIR<2,565,122,0.47541,0.44211,0.11738,0.80994
2017-2020,5,logistic_regression,total,total,Income,PIR>=2,680,109,0.46789,0.56432,0.12259,0.80842
2017-2020,5,logistic_regression,total,total,Education,HS_or_less,492,108,0.57407,0.65153,0.15625,0.81771
2017-2020,5,logistic_regression,total,total,Education,some_college+,753,123,0.38211,0.41479,0.09841,0.79605
2017-2020,5,logistic_regression,total,total,Sex,female,636,103,0.37864,0.45809,0.09944,0.80508
2017-2020,5,logistic_regression,total,total,Sex,male,609,128,0.54688,0.57079,0.14345,0.80885
2017-2020,5,logistic_regression,total,total,Age,18-44,470,25,0.12,0.1084,0.01124,0.82283
2017-2020,5,logistic_regression,total,total,Age,45-64,487,113,0.38938,0.52873,0.11497,0.72301
2017-2020,5,logistic_regression,total,total,Age,65+,288,93,0.66667,0.62269,0.37949,0.72004
2017-2020,6,xgboost,diag,diag,Income,PIR<2,545,92,0.5,0.42697,0.15894,0.82625
2017-2020,6,xgboost,diag,diag,Income,PIR>=2,700,103,0.32039,0.37617,0.07538,0.80021
2017-2020,6,xgboost,diag,diag,Education,HS_or_less,507,94,0.51064,0.47493,0.17433,0.81307
2017-2020,6,xgboost,diag,diag,Education,some_college+,738,101,0.30693,0.3075,0.07064,0.8059
2017-2020,6,xgboost,diag,diag,Sex,female,634,76,0.32895,0.48542,0.08602,0.82128
2017-2020,6,xgboost,diag,diag,Sex,male,611,119,0.45378,0.32951,0.14024,0.80061
2017-2020,6,xgboost,diag,diag,Age,18-44,470,16,0.125,0.04733,0.01542,0.73541
2017-2020,6,xgboost,diag,diag,Age,45-64,463,84,0.33333,0.42754,0.1372,0.74353
2017-2020,6,xgboost,diag,diag,Age,65+,312,95,0.51579,0.42011,0.26728,0.70905
2017-2020,6,xgboost,diag,lab,Income,PIR<2,545,86,0.46512,0.3617,0.16993,0.79242
2017-2020,6,xgboost,diag,lab,Income,PIR>=2,700,88,0.27273,0.28262,0.08824,0.7731
2017-2020,6,xgboost,diag,lab,Education,HS_or_less,507,83,0.49398,0.36232,0.18632,0.77074
2017-2020,6,xgboost,diag,lab,Education,some_college+,738,91,0.25275,0.26473,0.08192,0.79058
2017-2020,6,xgboost,diag,lab,Sex,female,634,76,0.23684,0.26026,0.09857,0.7762
2017-2020,6,xgboost,diag,lab,Sex,male,611,98,0.46939,0.34519,0.1501,0.78884
2017-2020,6,xgboost,diag,lab,Age,18-44,470,15,0.06667,0.03388,0.01758,0.79941
2017-2020,6,xgboost,diag,lab,Age,45-64,463,81,0.2716,0.29256,0.15183,0.69459
2017-2020,6,xgboost,diag,lab,Age,65+,312,78,0.52564,0.37825,0.28205,0.68097
2017-2020,6,xgboost,diag,total,Income,PIR<2,545,108,0.48148,0.37879,0.15103,0.81115
2017-2020,6,xgboost,diag,total,Income,PIR>=2,700,123,0.29268,0.34963,0.07279,0.78883
2017-2020,6,xgboost,diag,total,Education,HS_or_less,507,113,0.47788,0.42623,0.16751,0.79689
2017-2020,6,xgboost,diag,total,Education,some_college+,738,118,0.28814,0.2916,0.06774,0.79086
2017-2020,6,xgboost,diag,total,Sex,female,634,100,0.28,0.39827,0.08427,0.7964
2017-2020,6,xgboost,diag,total,Sex,male,611,131,0.45802,0.3266,0.13125,0.79668
2017-2020,6,xgboost,diag,total,Age,18-44,470,25,0.12,0.05008,0.01348,0.75029
2017-2020,6,xgboost,diag,total,Age,45-64,463,98,0.30612,0.39148,0.13699,0.72552
2017-2020,6,xgboost,diag,total,Age,65+,312,108,0.50926,0.39953,0.2549,0.70897
2017-2020,6,xgboost,lab,diag,Income,PIR<2,545,92,0.48913,0.48388,0.13024,0.82784
2017-2020,6,xgboost,lab,diag,Income,PIR>=2,700,103,0.28155,0.23594,0.06868,0.77328
2017-2020,6,xgboost,lab,diag,Education,HS_or_less,507,94,0.42553,0.30614,0.16223,0.79097
2017-2020,6,xgboost,lab,diag,Education,some_college+,738,101,0.33663,0.3234,0.05181,0.79396
2017-2020,6,xgboost,lab,diag,Sex,female,634,76,0.39474,0.31622,0.08065,0.82256
2017-2020,6,xgboost,lab,diag,Sex,male,611,119,0.36975,0.3136,0.11179,0.77501
2017-2020,6,xgboost,lab,diag,Age,18-44,470,16,0.3125,0.18115,0.01101,0.75441
2017-2020,6,xgboost,lab,diag,Age,45-64,463,84,0.35714,0.30431,0.12401,0.7222
2017-2020,6,xgboost,lab,diag,Age,65+,312,95,0.41053,0.35185,0.2212,0.68033
2017-2020,6,xgboost,lab,lab,Income,PIR<2,545,86,0.46512,0.4194,0.13943,0.79323
2017-2020,6,xgboost,lab,lab,Income,PIR>=2,700,88,0.25,0.24303,0.07843,0.74903
2017-2020,6,xgboost,lab,lab,Education,HS_or_less,507,83,0.39759,0.32502,0.17453,0.75119
2017-2020,6,xgboost,lab,lab,Education,some_college+,738,91,0.31868,0.29173,0.05873,0.77906
2017-2020,6,xgboost,lab,lab,Sex,female,634,76,0.31579,0.27886,0.0914,0.78205
2017-2020,6,xgboost,lab,lab,Sex,male,611,98,0.38776,0.32659,0.11891,0.75824
2017-2020,6,xgboost,lab,lab,Age,18-44,470,15,0.2,0.15669,0.01538,0.84674
2017-2020,6,xgboost,lab,lab,Age,45-64,463,81,0.34568,0.37005,0.12827,0.67012
2017-2020,6,xgboost,lab,lab,Age,65+,312,78,0.39744,0.27077,0.23932,0.64048
2017-2020,6,xgboost,lab,total,Income,PIR<2,545,108,0.46296,0.42006,0.12357,0.8099
2017-2020,6,xgboost,lab,total,Income,PIR>=2,700,123,0.26016,0.21774,0.06586,0.76851
2017-2020,6,xgboost,lab,total,Education,HS_or_less,507,113,0.40708,0.29058,0.15482,0.7775
2017-2020,6,xgboost,lab,total,Education,some_college+,738,118,0.30508,0.27837,0.05,0.78226
2017-2020,6,xgboost,lab,total,Sex,female,634,100,0.33,0.25592,0.07865,0.79423
2017-2020,6,xgboost,lab,total,Sex,male,611,131,0.37405,0.30843,0.10417,0.77619
2017-2020,6,xgboost,lab,total,Age,18-44,470,25,0.2,0.12274,0.01124,0.7796
2017-2020,6,xgboost,lab,total,Age,45-64,463,98,0.33673,0.29728,0.12055,0.70218
2017-2020,6,xgboost,lab,total,Age,65+,312,108,0.40741,0.30982,0.21078,0.6782
2017-2020,6,xgboost,total,diag,Income,PIR<2,545,92,0.6087,0.5441,0.17439,0.83926
2017-2020,6,xgboost,total,diag,Income,PIR>=2,700,103,0.37864,0.40577,0.09548,0.78907
2017-2020,6,xgboost,total,diag,Education,HS_or_less,507,94,0.57447,0.50796,0.1937,0.80581
2017-2020,6,xgboost,total,diag,Education,some_college+,738,101,0.40594,0.38988,0.08791,0.80985
2017-2020,6,xgboost,total,diag,Sex,female,634,76,0.47368,0.55929,0.10753,0.83567
2017-2020,6,xgboost,total,diag,Sex,male,611,119,0.4958,0.37579,0.15447,0.78949
2017-2020,6,xgboost,total,diag,Age,18-44,470,16,0.3125,0.17025,0.02423,0.74835
2017-2020,6,xgboost,total,diag,Age,45-64,463,84,0.42857,0.48439,0.16095,0.73938
2017-2020,6,xgboost,total,diag,Age,65+,312,95,0.56842,0.46544,0.29493,0.70454
2017-2020,6,xgboost,total,lab,Income,PIR<2,545,86,0.53488,0.43014,0.1939,0.79941
2017-2020,6,xgboost,total,lab,Income,PIR>=2,700,88,0.34091,0.32845,0.10784,0.77379
2017-2020,6,xgboost,total,lab,Education,HS_or_less,507,83,0.50602,0.36702,0.21698,0.76358
2017-2020,6,xgboost,total,lab,Education,some_college+,738,91,0.37363,0.36458,0.09737,0.803
2017-2020,6,xgboost,total,lab,Sex,female,634,76,0.36842,0.35994,0.12186,0.79959
2017-2020,6,xgboost,total,lab,Sex,male,611,98,0.4898,0.36955,0.16959,0.77567
2017-2020,6,xgboost,total,lab,Age,18-44,470,15,0.26667,0.19057,0.02637,0.83971
2017-2020,6,xgboost,total,lab,Age,45-64,463,81,0.37037,0.35917,0.17539,0.69634
2017-2020,6,xgboost,total,lab,Age,65+,312,78,0.53846,0.40229,0.32479,0.6671
2017-2020,6,xgboost,total,total,Income,PIR<2,545,108,0.56481,0.46892,0.16934,0.82255
2017-2020,6,xgboost,total,total,Income,PIR>=2,700,123,0.37398,0.39898,0.08666,0.78883
2017-2020,6,xgboost,total,total,Education,HS_or_less,507,113,0.53097,0.4621,0.18782,0.79318
2017-2020,6,xgboost,total,total,Education,some_college+,738,118,0.39831,0.38161,0.08065,0.80284
2017-2020,6,xgboost,total,total,Sex,female,634,100,0.42,0.48496,0.10112,0.81607
2017-2020,6,xgboost,total,total,Sex,male,611,131,0.49618,0.36942,0.14583,0.78974
2017-2020,6,xgboost,total,total,Age,18-44,470,25,0.24,0.13336,0.02247,0.77528
2017-2020,6,xgboost,total,total,Age,45-64,463,98,0.40816,0.46135,0.15616,0.72443
2017-2020,6,xgboost,total,total,Age,65+,312,108,0.56481,0.45013,0.27941,0.70897
2017-2020,6,random_forest,diag,diag,Income,PIR<2,545,92,0.5,0.49991,0.15453,0.82444
2017-2020,6,random_forest,diag,diag,Income,PIR>=2,700,103,0.38835,0.31268,0.07035,0.79444
2017-2020,6,random_forest,diag,diag,Education,HS_or_less,507,94,0.51064,0.38677,0.14044,0.81576
2017-2020,6,random_forest,diag,diag,Education,some_college+,738,101,0.37624,0.35709,0.08477,0.79535
2017-2020,6,random_forest,diag,diag,Sex,female,634,76,0.40789,0.38878,0.08781,0.82356
2017-2020,6,random_forest,diag,diag,Sex,male,611,119,0.46218,0.36089,0.12805,0.79049
2017-2020,6,random_forest,diag,diag,Age,18-44,470,16,0.125,0.04733,0.01322,0.77361
2017-2020,6,random_forest,diag,diag,Age,45-64,463,84,0.36905,0.33451,0.12929,0.72787
2017-2020,6,random_forest,diag,diag,Age,65+,312,95,0.55789,0.4763,0.26267,0.69236
2017-2020,6,random_forest,diag,lab,Income,PIR<2,545,86,0.47674,0.46782,0.1634,0.78822
2017-2020,6,random_forest,diag,lab,Income,PIR>=2,700,88,0.30682,0.27898,0.08987,0.76064
2017-2020,6,random_forest,diag,lab,Education,HS_or_less,507,83,0.44578,0.37124,0.16274,0.7633
2017-2020,6,random_forest,diag,lab,Education,some_college+,738,91,0.34066,0.32698,0.09428,0.77906
2017-2020,6,random_forest,diag,lab,Sex,female,634,76,0.30263,0.33808,0.10215,0.77317
2017-2020,6,random_forest,diag,lab,Sex,male,611,98,0.45918,0.3549,0.1423,0.77084
2017-2020,6,random_forest,diag,lab,Age,18-44,470,15,0.0,0.0,0.01758,0.74256
2017-2020,6,random_forest,diag,lab,Age,45-64,463,81,0.32099,0.31447,0.14136,0.69089
2017-2020,6,random_forest,diag,lab,Age,65+,312,78,0.53846,0.44173,0.2906,0.65601
2017-2020,6,random_forest,diag,total,Income,PIR<2,545,108,0.49074,0.47838,0.14416,0.81136
2017-2020,6,random_forest,diag,total,Income,PIR>=2,700,123,0.34959,0.30276,0.06759,0.78313
2017-2020,6,random_forest,diag,total,Education,HS_or_less,507,113,0.46903,0.3482,0.13452,0.79673
2017-2020,6,random_forest,diag,total,Education,some_college+,738,118,0.36441,0.37335,0.07903,0.78561
2017-2020,6,random_forest,diag,total,Sex,female,634,100,0.37,0.37433,0.08052,0.80122
2017-2020,6,random_forest,diag,total,Sex,male,611,131,0.45038,0.34931,0.12292,0.7839
2017-2020,6,random_forest,diag,total,Age,18-44,470,25,0.08,0.03207,0.01348,0.74234
2017-2020,6,random_forest,diag,total,Age,45-64,463,98,0.34694,0.31549,0.12603,0.72073
2017-2020,6,random_forest,diag,total,Age,65+,312,108,0.55556,0.48603,0.2451,0.6951
2017-2020,6,random_forest,lab,diag,Income,PIR<2,545,92,0.51087,0.51696,0.13466,0.81525
2017-2020,6,random_forest,lab,diag,Income,PIR>=2,700,103,0.29126,0.27759,0.067,0.77938
2017-2020,6,random_forest,lab,diag,Education,HS_or_less,507,94,0.44681,0.34204,0.13317,0.80596
2017-2020,6,random_forest,lab,diag,Education,some_college+,738,101,0.34653,0.36544,0.07221,0.78006
2017-2020,6,random_forest,lab,diag,Sex,female,634,76,0.38158,0.36355,0.08602,0.81638
2017-2020,6,random_forest,lab,diag,Sex,male,611,119,0.40336,0.34687,0.10772,0.77797
2017-2020,6,random_forest,lab,diag,Age,18-44,470,16,0.1875,0.09952,0.01101,0.73678
2017-2020,6,random_forest,lab,diag,Age,45-64,463,84,0.41667,0.40006,0.14512,0.70643
2017-2020,6,random_forest,lab,diag,Age,65+,312,95,0.41053,0.35147,0.18894,0.69981
2017-2020,6,random_forest,lab,lab,Income,PIR<2,545,86,0.5,0.48429,0.14161,0.79305
2017-2020,6,random_forest,lab,lab,Income,PIR>=2,700,88,0.22727,0.21934,0.0817,0.74593
2017-2020,6,random_forest,lab,lab,Education,HS_or_less,507,83,0.40964,0.32728,0.14858,0.75534
2017-2020,6,random_forest,lab,lab,Education,some_college+,738,91,0.31868,0.30659,0.08037,0.77377
2017-2020,6,random_forest,lab,lab,Sex,female,634,76,0.30263,0.28132,0.09677,0.78892
2017-2020,6,random_forest,lab,lab,Sex,male,611,98,0.40816,0.33954,0.11891,0.74921
2017-2020,6,random_forest,lab,lab,Age,18-44,470,15,0.13333,0.08597,0.01319,0.74007
2017-2020,6,random_forest,lab,lab,Age,45-64,463,81,0.37037,0.37903,0.15707,0.68745
2017-2020,6,random_forest,lab,lab,Age,65+,312,78,0.39744,0.29298,0.2094,0.65472
2017-2020,6,random_forest,lab,total,Income,PIR<2,545,108,0.5,0.49222,0.12357,0.81098
2017-2020,6,random_forest,lab,total,Income,PIR>=2,700,123,0.26016,0.25119,0.06586,0.7691
2017-2020,6,random_forest,lab,total,Education,HS_or_less,507,113,0.42478,0.32121,0.12437,0.79195
2017-2020,6,random_forest,lab,total,Education,some_college+,738,118,0.32203,0.34034,0.06935,0.7727
2017-2020,6,random_forest,lab,total,Sex,female,634,100,0.34,0.32403,0.08052,0.80426
2017-2020,6,random_forest,lab,total,Sex,male,611,131,0.39695,0.33633,0.10208,0.7693
2017-2020,6,random_forest,lab,total,Age,18-44,470,25,0.12,0.06743,0.01124,0.72472
2017-2020,6,random_forest,lab,total,Age,45-64,463,98,0.39796,0.38583,0.13973,0.71008
2017-2020,6,random_forest,lab,total,Age,65+,312,108,0.40741,0.33632,0.17647,0.70196
2017-2020,6,random_forest,total,diag,Income,PIR<2,545,92,0.59783,0.60747,0.16998,0.81728
2017-2020,6,random_forest,total,diag,Income,PIR>=2,700,103,0.39806,0.41656,0.09715,0.78803
2017-2020,6,random_forest,total,diag,Education,HS_or_less,507,94,0.57447,0.54016,0.16949,0.81907
2017-2020,6,random_forest,total,diag,Education,some_college+,738,101,0.41584,0.41253,0.10204,0.78232
2017-2020,6,random_forest,total,diag,Sex,female,634,76,0.48684,0.62746,0.10753,0.82091
2017-2020,6,random_forest,total,diag,Sex,male,611,119,0.4958,0.37583,0.15244,0.78237
2017-2020,6,random_forest,total,diag,Age,18-44,470,16,0.1875,0.0882,0.01762,0.72178
2017-2020,6,random_forest,total,diag,Age,45-64,463,84,0.45238,0.55181,0.16623,0.71862
2017-2020,6,random_forest,total,diag,Age,65+,312,95,0.57895,0.47008,0.29493,0.69913
2017-2020,6,random_forest,total,lab,Income,PIR<2,545,86,0.53488,0.51697,0.18736,0.79001
2017-2020,6,random_forest,total,lab,Income,PIR>=2,700,88,0.30682,0.27232,0.11765,0.75581
2017-2020,6,random_forest,total,lab,Education,HS_or_less,507,83,0.46988,0.33751,0.20047,0.75139
2017-2020,6,random_forest,total,lab,Education,some_college+,738,91,0.37363,0.38479,0.11283,0.7858
2017-2020,6,random_forest,total,lab,Sex,female,634,76,0.36842,0.38777,0.12366,0.7863
2017-2020,6,random_forest,total,lab,Sex,male,611,98,0.45918,0.34528,0.17349,0.75796
2017-2020,6,random_forest,total,lab,Age,18-44,470,15,0.06667,0.0521,0.02198,0.77289
2017-2020,6,random_forest,total,lab,Age,45-64,463,81,0.39506,0.39117,0.18063,0.6917
2017-2020,6,random_forest,total,lab,Age,65+,312,78,0.51282,0.38569,0.33761,0.64574
2017-2020,6,random_forest,total,total,Income,PIR<2,545,108,0.57407,0.56565,0.16018,0.81351
2017-2020,6,random_forest,total,total,Income,PIR>=2,700,123,0.37398,0.4031,0.09185,0.77986
2017-2020,6,random_forest,total,total,Education,HS_or_less,507,113,0.53097,0.48958,0.16244,0.80123
2017-2020,6,random_forest,total,total,Education,some_college+,738,118,0.40678,0.42356,0.09516,0.78078
2017-2020,6,random_forest,total,total,Sex,female,634,100,0.45,0.56859,0.09738,0.81132
2017-2020,6,random_forest,total,total,Sex,male,611,131,0.48092,0.36313,0.14792,0.77452
2017-2020,6,random_forest,total,total,Age,18-44,470,25,0.12,0.05976,0.01798,0.7284
2017-2020,6,random_forest,total,total,Age,45-64,463,98,0.43878,0.52474,0.1589,0.71943
2017-2020,6,random_forest,total,total,Age,65+,312,108,0.57407,0.48082,0.27941,0.70332
2017-2020,6,logistic_regression,diag,diag,Income,PIR<2,545,92,0.52174,0.46778,0.1479,0.83679
2017-2020,6,logistic_regression,diag,diag,Income,PIR>=2,700,103,0.37864,0.39717,0.07035,0.81025
2017-2020,6,logistic_regression,diag,diag,Education,HS_or_less,507,94,0.51064,0.49799,0.1477,0.81936
2017-2020,6,logistic_regression,diag,diag,Education,some_college+,738,101,0.38614,0.33912,0.07535,0.8225
2017-2020,6,logistic_regression,diag,diag,Sex,female,634,76,0.39474,0.51362,0.09498,0.8327
2017-2020,6,logistic_regression,diag,diag,Sex,male,611,119,0.47899,0.35619,0.11382,0.81284
2017-2020,6,logistic_regression,diag,diag,Age,18-44,470,16,0.1875,0.09952,0.0022,0.78029
2017-2020,6,logistic_regression,diag,diag,Age,45-64,463,84,0.2619,0.35758,0.07916,0.76473
2017-2020,6,logistic_regression,diag,diag,Age,65+,312,95,0.65263,0.54972,0.35945,0.69702
2017-2020,6,logistic_regression,diag,lab,Income,PIR<2,545,86,0.53488,0.50409,0.15033,0.82089
2017-2020,6,logistic_regression,diag,lab,Income,PIR>=2,700,88,0.31818,0.32149,0.0866,0.79566
2017-2020,6,logistic_regression,diag,lab,Education,HS_or_less,507,83,0.48193,0.37575,0.16274,0.78811
2017-2020,6,logistic_regression,diag,lab,Education,some_college+,738,91,0.37363,0.40024,0.08192,0.82181
2017-2020,6,logistic_regression,diag,lab,Sex,female,634,76,0.36842,0.4375,0.09857,0.82503
2017-2020,6,logistic_regression,diag,lab,Sex,male,611,98,0.46939,0.35645,0.1306,0.79128
2017-2020,6,logistic_regression,diag,lab,Age,18-44,470,15,0.13333,0.08597,0.0044,0.9074
2017-2020,6,logistic_regression,diag,lab,Age,45-64,463,81,0.28395,0.30058,0.07592,0.74339
2017-2020,6,logistic_regression,diag,lab,Age,65+,312,78,0.62821,0.52861,0.38889,0.66683
2017-2020,6,logistic_regression,diag,total,Income,PIR<2,545,108,0.51852,0.47517,0.13501,0.83193
2017-2020,6,logistic_regression,diag,total,Income,PIR>=2,700,123,0.34959,0.37898,0.06586,0.81244
2017-2020,6,logistic_regression,diag,total,Education,HS_or_less,507,113,0.48673,0.45358,0.13706,0.81438
2017-2020,6,logistic_regression,diag,total,Education,some_college+,738,118,0.37288,0.36742,0.06935,0.81952
2017-2020,6,logistic_regression,diag,total,Sex,female,634,100,0.37,0.48588,0.08614,0.83127
2017-2020,6,logistic_regression,diag,total,Sex,male,611,131,0.47328,0.34782,0.10625,0.80945
2017-2020,6,logistic_regression,diag,total,Age,18-44,470,25,0.12,0.06743,0.00225,0.82894
2017-2020,6,logistic_regression,diag,total,Age,45-64,463,98,0.26531,0.35446,0.07123,0.76556
2017-2020,6,logistic_regression,diag,total,Age,65+,312,108,0.64815,0.55099,0.34314,0.70162
2017-2020,6,logistic_regression,lab,diag,Income,PIR<2,545,92,0.46739,0.42148,0.12804,0.84344
2017-2020,6,logistic_regression,lab,diag,Income,PIR>=2,700,103,0.34951,0.29003,0.06198,0.81257
2017-2020,6,logistic_regression,lab,diag,Education,HS_or_less,507,94,0.46809,0.3498,0.14044,0.8134
2017-2020,6,logistic_regression,lab,diag,Education,some_college+,738,101,0.34653,0.31325,0.05808,0.83171
2017-2020,6,logistic_regression,lab,diag,Sex,female,634,76,0.35526,0.32936,0.07706,0.84137
2017-2020,6,logistic_regression,lab,diag,Sex,male,611,119,0.43697,0.33338,0.10569,0.81087
2017-2020,6,logistic_regression,lab,diag,Age,18-44,470,16,0.0625,0.02657,0.00441,0.78469
2017-2020,6,logistic_regression,lab,diag,Age,45-64,463,84,0.25,0.20815,0.06332,0.76382
2017-2020,6,logistic_regression,lab,diag,Age,65+,312,95,0.6,0.52689,0.31797,0.71943
2017-2020,6,logistic_regression,lab,lab,Income,PIR<2,545,86,0.5,0.45075,0.12636,0.83245
2017-2020,6,logistic_regression,lab,lab,Income,PIR>=2,700,88,0.32955,0.3593,0.0719,0.80039
2017-2020,6,logistic_regression,lab,lab,Education,HS_or_less,507,83,0.49398,0.42778,0.14387,0.79441
2017-2020,6,logistic_regression,lab,lab,Education,some_college+,738,91,0.34066,0.36053,0.06337,0.83122
2017-2020,6,logistic_regression,lab,lab,Sex,female,634,76,0.35526,0.46407,0.07706,0.83928
2017-2020,6,logistic_regression,lab,lab,Sex,male,611,98,0.45918,0.34633,0.11501,0.79347
2017-2020,6,logistic_regression,lab,lab,Age,18-44,470,15,0.06667,0.03388,0.0044,0.90842
2017-2020,6,logistic_regression,lab,lab,Age,45-64,463,81,0.28395,0.27415,0.05759,0.74876
2017-2020,6,logistic_regression,lab,lab,Age,65+,312,78,0.61538,0.57364,0.33333,0.69253
2017-2020,6,logistic_regression,lab,total,Income,PIR<2,545,108,0.46296,0.41475,0.1167,0.841
2017-2020,6,logistic_regression,lab,total,Income,PIR>=2,700,123,0.3252,0.31133,0.05719,0.817
2017-2020,6,logistic_regression,lab,total,Education,HS_or_less,507,113,0.45133,0.36014,0.12944,0.81393
2017-2020,6,logistic_regression,lab,total,Education,some_college+,738,118,0.33051,0.33062,0.05323,0.83032
2017-2020,6,logistic_regression,lab,total,Sex,female,634,100,0.34,0.37127,0.06742,0.84594
2017-2020,6,logistic_regression,lab,total,Sex,male,611,131,0.42748,0.32386,0.1,0.80817
2017-2020,6,logistic_regression,lab,total,Age,18-44,470,25,0.04,0.01801,0.00449,0.83344
2017-2020,6,logistic_regression,lab,total,Age,45-64,463,98,0.2449,0.20526,0.05753,0.76916
2017-2020,6,logistic_regression,lab,total,Age,65+,312,108,0.60185,0.56908,0.29902,0.72876
2017-2020,6,logistic_regression,total,diag,Income,PIR<2,545,92,0.57609,0.49711,0.17439,0.84068
2017-2020,6,logistic_regression,total,diag,Income,PIR>=2,700,103,0.40777,0.42739,0.09548,0.81046
2017-2020,6,logistic_regression,total,diag,Education,HS_or_less,507,94,0.55319,0.5146,0.18886,0.81771
2017-2020,6,logistic_regression,total,diag,Education,some_college+,738,101,0.42574,0.38273,0.09105,0.82613
2017-2020,6,logistic_regression,total,diag,Sex,female,634,76,0.43421,0.55609,0.11111,0.83932
2017-2020,6,logistic_regression,total,diag,Sex,male,611,119,0.52101,0.37767,0.15041,0.80877
2017-2020,6,logistic_regression,total,diag,Age,18-44,470,16,0.1875,0.09952,0.01101,0.78703
2017-2020,6,logistic_regression,total,diag,Age,45-64,463,84,0.32143,0.39836,0.11873,0.76137
2017-2020,6,logistic_regression,total,diag,Age,65+,312,95,0.68421,0.57349,0.39631,0.71181
2017-2020,6,logistic_regression,total,lab,Income,PIR<2,545,86,0.60465,0.55835,0.17429,0.82799
2017-2020,6,logistic_regression,total,lab,Income,PIR>=2,700,88,0.375,0.38971,0.10784,0.79748
2017-2020,6,logistic_regression,total,lab,Education,HS_or_less,507,83,0.56627,0.48433,0.19575,0.79115
2017-2020,6,logistic_regression,total,lab,Education,some_college+,738,91,0.41758,0.42125,0.09737,0.82742
2017-2020,6,logistic_regression,total,lab,Sex,female,634,76,0.43421,0.53802,0.11111,0.83515
2017-2020,6,logistic_regression,total,lab,Sex,male,611,98,0.53061,0.3951,0.16374,0.78977
2017-2020,6,logistic_regression,total,lab,Age,18-44,470,15,0.2,0.18984,0.01099,0.90974
2017-2020,6,logistic_regression,total,lab,Age,45-64,463,81,0.35802,0.33833,0.11257,0.74349
2017-2020,6,logistic_regression,total,lab,Age,65+,312,78,0.67949,0.61027,0.4188,0.68469
2017-2020,6,logistic_regression,total,total,Income,PIR<2,545,108,0.57407,0.518,0.16018,0.83842
2017-2020,6,logistic_regression,total,total,Income,PIR>=2,700,123,0.39837,0.44313,0.08666,0.81567
2017-2020,6,logistic_regression,total,total,Education,HS_or_less,507,113,0.54867,0.52732,0.17259,0.816
2017-2020,6,logistic_regression,total,total,Education,some_college+,738,118,0.41525,0.40775,0.08387,0.82664
2017-2020,6,logistic_regression,total,total,Sex,female,634,100,0.43,0.57481,0.09738,0.84333
2017-2020,6,logistic_regression,total,total,Sex,male,611,131,0.51908,0.37832,0.14167,0.80658
2017-2020,6,logistic_regression,total,total,Age,18-44,470,25,0.16,0.12263,0.00899,0.83506
2017-2020,6,logistic_regression,total,total,Age,45-64,463,98,0.33673,0.40864,0.10685,0.76682
2017-2020,6,logistic_regression,total,total,Age,65+,312,108,0.68519,0.61162,0.37745,0.72113
2017-2020,7,xgboost,diag,diag,Income,PIR<2,571,108,0.39815,0.46668,0.13607,0.7726
2017-2020,7,xgboost,diag,diag,Income,PIR>=2,674,87,0.42529,0.43714,0.09029,0.82931
2017-2020,7,xgboost,diag,diag,Education,HS_or_less,511,98,0.44898,0.58043,0.13317,0.79584
2017-2020,7,xgboost,diag,diag,Education,some_college+,734,97,0.37113,0.30893,0.09576,0.79996
2017-2020,7,xgboost,diag,diag,Sex,female,635,85,0.37647,0.45313,0.08545,0.78973
2017-2020,7,xgboost,diag,diag,Sex,male,610,110,0.43636,0.44364,0.138,0.80513
2017-2020,7,xgboost,diag,diag,Age,18-44,480,19,0.10526,0.03454,0.01085,0.75659
2017-2020,7,xgboost,diag,diag,Age,45-64,467,93,0.37634,0.46012,0.11765,0.74924
2017-2020,7,xgboost,diag,diag,Age,65+,298,83,0.51807,0.54397,0.31163,0.66321
2017-2020,7,xgboost,diag,lab,Income,PIR<2,571,92,0.36957,0.43016,0.15031,0.7603
2017-2020,7,xgboost,diag,lab,Income,PIR>=2,674,82,0.39024,0.44774,0.09797,0.77828
2017-2020,7,xgboost,diag,lab,Education,HS_or_less,511,93,0.39785,0.5703,0.14833,0.76107
2017-2020,7,xgboost,diag,lab,Education,some_college+,734,81,0.35802,0.23483,0.10413,0.77084
2017-2020,7,xgboost,diag,lab,Sex,female,635,77,0.35065,0.46285,0.09319,0.77657
2017-2020,7,xgboost,diag,lab,Sex,male,610,97,0.40206,0.42566,0.15205,0.76156
2017-2020,7,xgboost,diag,lab,Age,18-44,480,15,0.0,0.0,0.01505,0.76573
2017-2020,7,xgboost,diag,lab,Age,45-64,467,91,0.31868,0.446,0.13298,0.6786
2017-2020,7,xgboost,diag,lab,Age,65+,298,68,0.54412,0.5214,0.31739,0.65396
2017-2020,7,xgboost,diag,total,Income,PIR<2,571,125,0.376,0.43916,0.13229,0.76508
2017-2020,7,xgboost,diag,total,Income,PIR>=2,674,106,0.38679,0.43547,0.08627,0.81024
2017-2020,7,xgboost,diag,total,Education,HS_or_less,511,117,0.41026,0.56799,0.12944,0.78186
2017-2020,7,xgboost,diag,total,Education,some_college+,734,114,0.35088,0.29162,0.09194,0.78693
2017-2020,7,xgboost,diag,total,Sex,female,635,106,0.33019,0.40496,0.08318,0.77822
2017-2020,7,xgboost,diag,total,Sex,male,610,125,0.424,0.46333,0.13196,0.79475
2017-2020,7,xgboost,diag,total,Age,18-44,480,24,0.08333,0.03015,0.01096,0.76398
2017-2020,7,xgboost,diag,total,Age,45-64,467,117,0.32479,0.44519,0.11714,0.71001
2017-2020,7,xgboost,diag,total,Age,65+,298,90,0.53333,0.54475,0.29808,0.66827
2017-2020,7,xgboost,lab,diag,Income,PIR<2,571,108,0.33333,0.31793,0.13391,0.75202
2017-2020,7,xgboost,lab,diag,Income,PIR>=2,674,87,0.3908,0.38071,0.07155,0.80701
2017-2020,7,xgboost,lab,diag,Education,HS_or_less,511,98,0.38776,0.39719,0.11864,0.76728
2017-2020,7,xgboost,lab,diag,Education,some_college+,734,97,0.3299,0.31667,0.08634,0.78645
2017-2020,7,xgboost,lab,diag,Sex,female,635,85,0.34118,0.30834,0.09818,0.76629
2017-2020,7,xgboost,lab,diag,Sex,male,610,110,0.37273,0.39797,0.1,0.78518
2017-2020,7,xgboost,lab,diag,Age,18-44,480,19,0.10526,0.07201,0.01518,0.79347
2017-2020,7,xgboost,lab,diag,Age,45-64,467,93,0.3871,0.38171,0.13102,0.71819
2017-2020,7,xgboost,lab,diag,Age,65+,298,83,0.38554,0.40565,0.22326,0.63586
2017-2020,7,xgboost,lab,lab,Income,PIR<2,571,92,0.3587,0.33943,0.1357,0.74367
2017-2020,7,xgboost,lab,lab,Income,PIR>=2,674,82,0.32927,0.35215,0.08277,0.75956
2017-2020,7,xgboost,lab,lab,Education,HS_or_less,511,93,0.35484,0.4303,0.12919,0.73731
2017-2020,7,xgboost,lab,lab,Education,some_college+,734,81,0.33333,0.21499,0.09188,0.75942
2017-2020,7,xgboost,lab,lab,Sex,female,635,77,0.36364,0.30154,0.09857,0.76465
2017-2020,7,xgboost,lab,lab,Sex,male,610,97,0.3299,0.38153,0.11501,0.7331
2017-2020,7,xgboost,lab,lab,Age,18-44,480,15,0.06667,0.10522,0.0172,0.759
2017-2020,7,xgboost,lab,lab,Age,45-64,467,91,0.34066,0.33191,0.14362,0.6665
2017-2020,7,xgboost,lab,lab,Age,65+,298,68,0.41176,0.41619,0.22609,0.61662
2017-2020,7,xgboost,lab,total,Income,PIR<2,571,125,0.32,0.30642,0.13004,0.74499
2017-2020,7,xgboost,lab,total,Income,PIR>=2,674,106,0.35849,0.38722,0.0669,0.79607
2017-2020,7,xgboost,lab,total,Education,HS_or_less,511,117,0.35043,0.4081,0.11675,0.75381
2017-2020,7,xgboost,lab,total,Education,some_college+,734,114,0.32456,0.30317,0.08065,0.78004
2017-2020,7,xgboost,lab,total,Sex,female,635,106,0.32075,0.28601,0.09263,0.76508
2017-2020,7,xgboost,lab,total,Sex,male,610,125,0.352,0.41855,0.09691,0.77072
2017-2020,7,xgboost,lab,total,Age,18-44,480,24,0.08333,0.06287,0.01535,0.78564
2017-2020,7,xgboost,lab,total,Age,45-64,467,117,0.35043,0.38602,0.12571,0.68938
2017-2020,7,xgboost,lab,total,Age,65+,298,90,0.38889,0.40611,0.21635,0.63846
2017-2020,7,xgboost,total,diag,Income,PIR<2,571,108,0.4537,0.42305,0.17279,0.77822
2017-2020,7,xgboost,total,diag,Income,PIR>=2,674,87,0.45977,0.45131,0.10562,0.82761
2017-2020,7,xgboost,total,diag,Education,HS_or_less,511,98,0.4898,0.52648,0.15981,0.79822
2017-2020,7,xgboost,total,diag,Education,some_college+,734,97,0.42268,0.35146,0.11931,0.80293
2017-2020,7,xgboost,total,diag,Sex,female,635,85,0.41176,0.40926,0.12,0.78879
2017-2020,7,xgboost,total,diag,Sex,male,610,110,0.49091,0.46675,0.152,0.81164
2017-2020,7,xgboost,total,diag,Age,18-44,480,19,0.15789,0.09796,0.01735,0.7889
2017-2020,7,xgboost,total,diag,Age,45-64,467,93,0.43011,0.44783,0.14973,0.75976
2017-2020,7,xgboost,total,diag,Age,65+,298,83,0.55422,0.52487,0.36279,0.65901
2017-2020,7,xgboost,total,lab,Income,PIR<2,571,92,0.43478,0.37604,0.1858,0.76001
2017-2020,7,xgboost,total,lab,Income,PIR>=2,674,82,0.39024,0.43227,0.11824,0.77785
2017-2020,7,xgboost,total,lab,Education,HS_or_less,511,93,0.43011,0.50682,0.17703,0.75773
2017-2020,7,xgboost,total,lab,Education,some_college+,734,81,0.39506,0.26028,0.13017,0.77428
2017-2020,7,xgboost,total,lab,Sex,female,635,77,0.38961,0.37783,0.12724,0.7717
2017-2020,7,xgboost,total,lab,Sex,male,610,97,0.43299,0.43739,0.17154,0.76369
2017-2020,7,xgboost,total,lab,Age,18-44,480,15,0.06667,0.10522,0.02151,0.76086
2017-2020,7,xgboost,total,lab,Age,45-64,467,91,0.37363,0.4022,0.16489,0.69009
2017-2020,7,xgboost,total,lab,Age,65+,298,68,0.54412,0.48548,0.37826,0.65332
2017-2020,7,xgboost,total,total,Income,PIR<2,571,125,0.432,0.40264,0.16816,0.7668
2017-2020,7,xgboost,total,total,Income,PIR>=2,674,106,0.40566,0.44535,0.10387,0.80963
2017-2020,7,xgboost,total,total,Education,HS_or_less,511,117,0.44444,0.52043,0.15736,0.7775
2017-2020,7,xgboost,total,total,Education,some_college+,734,114,0.39474,0.33005,0.11613,0.7922
2017-2020,7,xgboost,total,total,Sex,female,635,106,0.36792,0.36895,0.1172,0.77658
2017-2020,7,xgboost,total,total,Sex,male,610,125,0.464,0.48101,0.14845,0.79776
2017-2020,7,xgboost,total,total,Age,18-44,480,24,0.125,0.08552,0.01754,0.78609
2017-2020,7,xgboost,total,total,Age,45-64,467,117,0.37607,0.43673,0.14857,0.71834
2017-2020,7,xgboost,total,total,Age,65+,298,90,0.55556,0.52216,0.35577,0.66421
2017-2020,7,random_forest,diag,diag,Income,PIR<2,571,108,0.40741,0.43462,0.13391,0.7756
2017-2020,7,random_forest,diag,diag,Income,PIR>=2,674,87,0.41379,0.44566,0.09199,0.79796
2017-2020,7,random_forest,diag,diag,Education,HS_or_less,511,98,0.47959,0.56555,0.13559,0.78709
2017-2020,7,random_forest,diag,diag,Education,some_college+,734,97,0.34021,0.31175,0.09419,0.78228
2017-2020,7,random_forest,diag,diag,Sex,female,635,85,0.4,0.48444,0.08,0.78375
2017-2020,7,random_forest,diag,diag,Sex,male,610,110,0.41818,0.40701,0.144,0.78489
2017-2020,7,random_forest,diag,diag,Age,18-44,480,19,0.10526,0.03454,0.00434,0.76156
2017-2020,7,random_forest,diag,diag,Age,45-64,467,93,0.39785,0.47135,0.12032,0.714
2017-2020,7,random_forest,diag,diag,Age,65+,298,83,0.49398,0.51482,0.32093,0.65867
2017-2020,7,random_forest,diag,lab,Income,PIR<2,571,92,0.3913,0.39728,0.14614,0.75216
2017-2020,7,random_forest,diag,lab,Income,PIR>=2,674,82,0.36585,0.43245,0.10135,0.75433
2017-2020,7,random_forest,diag,lab,Education,HS_or_less,511,93,0.43011,0.55344,0.15072,0.74448
2017-2020,7,random_forest,diag,lab,Education,some_college+,734,81,0.32099,0.20566,0.1026,0.7558
2017-2020,7,random_forest,diag,lab,Sex,female,635,77,0.35065,0.45799,0.0914,0.77152
2017-2020,7,random_forest,diag,lab,Sex,male,610,97,0.40206,0.39175,0.154,0.73555
2017-2020,7,random_forest,diag,lab,Age,18-44,480,15,0.0,0.0,0.0086,0.78867
2017-2020,7,random_forest,diag,lab,Age,45-64,467,91,0.32967,0.42872,0.1383,0.64387
2017-2020,7,random_forest,diag,lab,Age,65+,298,68,0.52941,0.48974,0.32174,0.64661
2017-2020,7,random_forest,diag,total,Income,PIR<2,571,125,0.392,0.41268,0.1278,0.76392
2017-2020,7,random_forest,diag,total,Income,PIR>=2,674,106,0.38679,0.44694,0.08627,0.78733
2017-2020,7,random_forest,diag,total,Education,HS_or_less,511,117,0.44444,0.5567,0.12944,0.76677
2017-2020,7,random_forest,diag,total,Education,some_college+,734,114,0.33333,0.29964,0.08871,0.77883
2017-2020,7,random_forest,diag,total,Sex,female,635,106,0.35849,0.43774,0.07561,0.77764
2017-2020,7,random_forest,diag,total,Sex,male,610,125,0.416,0.43211,0.13608,0.77223
2017-2020,7,random_forest,diag,total,Age,18-44,480,24,0.08333,0.03015,0.00439,0.76773
2017-2020,7,random_forest,diag,total,Age,45-64,467,117,0.35897,0.46087,0.11429,0.68258
2017-2020,7,random_forest,diag,total,Age,65+,298,90,0.51111,0.51681,0.30769,0.66803
2017-2020,7,random_forest,lab,diag,Income,PIR<2,571,108,0.33333,0.40941,0.12095,0.76846
2017-2020,7,random_forest,lab,diag,Income,PIR>=2,674,87,0.33333,0.40316,0.09029,0.78085
2017-2020,7,random_forest,lab,diag,Education,HS_or_less,511,98,0.39796,0.51601,0.12349,0.77589
2017-2020,7,random_forest,lab,diag,Education,some_college+,734,97,0.26804,0.28951,0.09105,0.77
2017-2020,7,random_forest,lab,diag,Sex,female,635,85,0.36471,0.45052,0.07818,0.78381
2017-2020,7,random_forest,lab,diag,Sex,male,610,110,0.30909,0.36894,0.132,0.76282
2017-2020,7,random_forest,lab,diag,Age,18-44,480,19,0.05263,0.06342,0.00868,0.79792
2017-2020,7,random_forest,lab,diag,Age,45-64,467,93,0.35484,0.4693,0.13636,0.70623
2017-2020,7,random_forest,lab,diag,Age,65+,298,83,0.37349,0.41959,0.25116,0.6241
2017-2020,7,random_forest,lab,lab,Income,PIR<2,571,92,0.33696,0.39653,0.12735,0.75672
2017-2020,7,random_forest,lab,lab,Income,PIR>=2,674,82,0.28049,0.38366,0.09966,0.74315
2017-2020,7,random_forest,lab,lab,Education,HS_or_less,511,93,0.35484,0.51535,0.13636,0.7352
2017-2020,7,random_forest,lab,lab,Education,some_college+,734,81,0.25926,0.18452,0.09648,0.75722
2017-2020,7,random_forest,lab,lab,Sex,female,635,77,0.33766,0.4305,0.08602,0.77943
2017-2020,7,random_forest,lab,lab,Sex,male,610,97,0.28866,0.35717,0.14035,0.72145
2017-2020,7,random_forest,lab,lab,Age,18-44,480,15,0.06667,0.10522,0.0086,0.77362
2017-2020,7,random_forest,lab,lab,Age,45-64,467,91,0.2967,0.43104,0.1516,0.65564
2017-2020,7,random_forest,lab,lab,Age,65+,298,68,0.38235,0.38545,0.25652,0.62359
2017-2020,7,random_forest,lab,total,Income,PIR<2,571,125,0.32,0.38806,0.11659,0.75623
2017-2020,7,random_forest,lab,total,Income,PIR>=2,674,106,0.30189,0.40642,0.08803,0.77527
2017-2020,7,random_forest,lab,total,Education,HS_or_less,511,117,0.35897,0.50982,0.12183,0.75328
2017-2020,7,random_forest,lab,total,Education,some_college+,734,114,0.26316,0.27816,0.0871,0.77221
2017-2020,7,random_forest,lab,total,Sex,female,635,106,0.33019,0.40842,0.07372,0.78036
2017-2020,7,random_forest,lab,total,Sex,male,610,125,0.296,0.3927,0.1299,0.75025
2017-2020,7,random_forest,lab,total,Age,18-44,480,24,0.04167,0.05537,0.00877,0.78321
2017-2020,7,random_forest,lab,total,Age,45-64,467,117,0.31624,0.45772,0.13429,0.67962
2017-2020,7,random_forest,lab,total,Age,65+,298,90,0.37778,0.41947,0.24519,0.63547
2017-2020,7,random_forest,total,diag,Income,PIR<2,571,108,0.43519,0.48677,0.16199,0.77655
2017-2020,7,random_forest,total,diag,Income,PIR>=2,674,87,0.43678,0.45584,0.12095,0.78529
2017-2020,7,random_forest,total,diag,Education,HS_or_less,511,98,0.5102,0.58253,0.16707,0.78356
2017-2020,7,random_forest,total,diag,Education,some_college+,734,97,0.36082,0.34606,0.12088,0.77424
2017-2020,7,random_forest,total,diag,Sex,female,635,85,0.47059,0.52757,0.10364,0.78549
2017-2020,7,random_forest,total,diag,Sex,male,610,110,0.40909,0.41814,0.178,0.77357
2017-2020,7,random_forest,total,diag,Age,18-44,480,19,0.15789,0.09796,0.00434,0.77418
2017-2020,7,random_forest,total,diag,Age,45-64,467,93,0.43011,0.52402,0.1631,0.72171
2017-2020,7,random_forest,total,diag,Age,65+,298,83,0.50602,0.49695,0.38605,0.62676
2017-2020,7,random_forest,total,lab,Income,PIR<2,571,92,0.41304,0.45491,0.17537,0.75419
2017-2020,7,random_forest,total,lab,Income,PIR>=2,674,82,0.37805,0.42241,0.13176,0.74195
2017-2020,7,random_forest,total,lab,Education,HS_or_less,511,93,0.45161,0.56738,0.18421,0.73705
2017-2020,7,random_forest,total,lab,Education,some_college+,734,81,0.33333,0.22028,0.13017,0.75237
2017-2020,7,random_forest,total,lab,Sex,female,635,77,0.42857,0.51007,0.1147,0.77338
2017-2020,7,random_forest,total,lab,Sex,male,610,97,0.37113,0.37805,0.19103,0.72576
2017-2020,7,random_forest,total,lab,Age,18-44,480,15,0.06667,0.10522,0.0086,0.74796
2017-2020,7,random_forest,total,lab,Age,45-64,467,91,0.35165,0.4592,0.18351,0.66083
2017-2020,7,random_forest,total,lab,Age,65+,298,68,0.52941,0.46408,0.38696,0.61519
2017-2020,7,random_forest,total,total,Income,PIR<2,571,125,0.416,0.45921,0.15695,0.76507
2017-2020,7,random_forest,total,total,Income,PIR>=2,674,106,0.40566,0.4558,0.1162,0.77608
2017-2020,7,random_forest,total,total,Education,HS_or_less,511,117,0.47009,0.57124,0.16244,0.761
2017-2020,7,random_forest,total,total,Education,some_college+,734,114,0.35088,0.33064,0.11613,0.77471
2017-2020,7,random_forest,total,total,Sex,female,635,106,0.41509,0.47502,0.10019,0.78048
2017-2020,7,random_forest,total,total,Sex,male,610,125,0.408,0.44201,0.17113,0.76098
2017-2020,7,random_forest,total,total,Age,18-44,480,24,0.125,0.08552,0.00439,0.75512
2017-2020,7,random_forest,total,total,Age,45-64,467,117,0.38462,0.50424,0.16,0.69405
2017-2020,7,random_forest,total,total,Age,65+,298,90,0.52222,0.49969,0.375,0.63806
2017-2020,7,logistic_regression,diag,diag,Income,PIR<2,571,108,0.46296,0.50202,0.12959,0.79184
2017-2020,7,logistic_regression,diag,diag,Income,PIR>=2,674,87,0.43678,0.39999,0.08177,0.82418
2017-2020,7,logistic_regression,diag,diag,Education,HS_or_less,511,98,0.55102,0.53716,0.12349,0.82233
2017-2020,7,logistic_regression,diag,diag,Education,some_college+,734,97,0.35052,0.33221,0.08948,0.79699
2017-2020,7,logistic_regression,diag,diag,Sex,female,635,85,0.35294,0.36442,0.08545,0.79155
2017-2020,7,logistic_regression,diag,diag,Sex,male,610,110,0.52727,0.49592,0.122,0.82447
2017-2020,7,logistic_regression,diag,diag,Age,18-44,480,19,0.10526,0.07201,0.00868,0.79941
2017-2020,7,logistic_regression,diag,diag,Age,45-64,467,93,0.37634,0.37273,0.07754,0.75398
2017-2020,7,logistic_regression,diag,diag,Age,65+,298,83,0.61446,0.6134,0.34884,0.68585
2017-2020,7,logistic_regression,diag,lab,Income,PIR<2,571,92,0.43478,0.46811,0.14614,0.76089
2017-2020,7,logistic_regression,diag,lab,Income,PIR>=2,674,82,0.36585,0.3205,0.09459,0.77855
2017-2020,7,logistic_regression,diag,lab,Education,HS_or_less,511,93,0.45161,0.44765,0.15072,0.76614
2017-2020,7,logistic_regression,diag,lab,Education,some_college+,734,81,0.34568,0.25431,0.09648,0.7671
2017-2020,7,logistic_regression,diag,lab,Sex,female,635,77,0.31169,0.31301,0.09498,0.77443
2017-2020,7,logistic_regression,diag,lab,Sex,male,610,97,0.47423,0.41787,0.1423,0.76741
2017-2020,7,logistic_regression,diag,lab,Age,18-44,480,15,0.06667,0.10522,0.01075,0.83842
2017-2020,7,logistic_regression,diag,lab,Age,45-64,467,91,0.30769,0.24881,0.09574,0.6736
2017-2020,7,logistic_regression,diag,lab,Age,65+,298,68,0.60294,0.59487,0.36957,0.65895
2017-2020,7,logistic_regression,diag,total,Income,PIR<2,571,125,0.424,0.46519,0.1278,0.77064
2017-2020,7,logistic_regression,diag,total,Income,PIR>=2,674,106,0.37736,0.35246,0.08099,0.8084
2017-2020,7,logistic_regression,diag,total,Education,HS_or_less,511,117,0.47009,0.46429,0.1269,0.78958
2017-2020,7,logistic_regression,diag,total,Education,some_college+,734,114,0.33333,0.31375,0.08548,0.78654
2017-2020,7,logistic_regression,diag,total,Sex,female,635,106,0.31132,0.32654,0.08318,0.7825
2017-2020,7,logistic_regression,diag,total,Sex,male,610,125,0.48,0.4481,0.12165,0.79995
2017-2020,7,logistic_regression,diag,total,Age,18-44,480,24,0.08333,0.06287,0.00877,0.81442
2017-2020,7,logistic_regression,diag,total,Age,45-64,467,117,0.31624,0.31147,0.07714,0.7086
2017-2020,7,logistic_regression,diag,total,Age,65+,298,90,0.6,0.60522,0.34615,0.68499
2017-2020,7,logistic_regression,lab,diag,Income,PIR<2,571,108,0.37963,0.36045,0.11879,0.78138
2017-2020,7,logistic_regression,lab,diag,Income,PIR>=2,674,87,0.3908,0.33797,0.07496,0.82365
2017-2020,7,logistic_regression,lab,diag,Education,HS_or_less,511,98,0.46939,0.38301,0.11138,0.80936
2017-2020,7,logistic_regression,lab,diag,Education,some_college+,734,97,0.29897,0.3075,0.0832,0.79644
2017-2020,7,logistic_regression,lab,diag,Sex,female,635,85,0.34118,0.27166,0.08,0.78492
2017-2020,7,logistic_regression,lab,diag,Sex,male,610,110,0.41818,0.40643,0.11,0.81905
2017-2020,7,logistic_regression,lab,diag,Age,18-44,480,19,0.0,0.0,0.01085,0.79233
2017-2020,7,logistic_regression,lab,diag,Age,45-64,467,93,0.33333,0.31628,0.08556,0.73998
2017-2020,7,logistic_regression,lab,diag,Age,65+,298,83,0.53012,0.47541,0.28837,0.68512
2017-2020,7,logistic_regression,lab,lab,Income,PIR<2,571,92,0.3587,0.31002,0.13152,0.76257
2017-2020,7,logistic_regression,lab,lab,Income,PIR>=2,674,82,0.32927,0.24927,0.08615,0.78212
2017-2020,7,logistic_regression,lab,lab,Education,HS_or_less,511,93,0.3871,0.30346,0.13397,0.7601
2017-2020,7,logistic_regression,lab,lab,Education,some_college+,734,81,0.2963,0.21905,0.08882,0.77625
2017-2020,7,logistic_regression,lab,lab,Sex,female,635,77,0.31169,0.20077,0.08781,0.78069
2017-2020,7,logistic_regression,lab,lab,Sex,male,610,97,0.37113,0.3228,0.12671,0.76664
2017-2020,7,logistic_regression,lab,lab,Age,18-44,480,15,0.0,0.0,0.01075,0.83039
2017-2020,7,logistic_regression,lab,lab,Age,45-64,467,91,0.28571,0.19405,0.0984,0.67816
2017-2020,7,logistic_regression,lab,lab,Age,65+,298,68,0.5,0.42845,0.31304,0.66381
2017-2020,7,logistic_regression,lab,total,Income,PIR<2,571,125,0.352,0.33885,0.11659,0.76682
2017-2020,7,logistic_regression,lab,total,Income,PIR>=2,674,106,0.33962,0.29844,0.07394,0.81099
2017-2020,7,logistic_regression,lab,total,Education,HS_or_less,511,117,0.40171,0.33233,0.11421,0.7811
2017-2020,7,logistic_regression,lab,total,Education,some_college+,734,114,0.28947,0.29142,0.07903,0.79154
2017-2020,7,logistic_regression,lab,total,Sex,female,635,106,0.30189,0.24635,0.0775,0.7845
2017-2020,7,logistic_regression,lab,total,Sex,male,610,125,0.384,0.36841,0.10928,0.79687
2017-2020,7,logistic_regression,lab,total,Age,18-44,480,24,0.0,0.0,0.01096,0.80903
2017-2020,7,logistic_regression,lab,total,Age,45-64,467,117,0.28205,0.26498,0.08571,0.70518
2017-2020,7,logistic_regression,lab,total,Age,65+,298,90,0.52222,0.47297,0.28365,0.68841
2017-2020,7,logistic_regression,total,diag,Income,PIR<2,571,108,0.51852,0.54732,0.14903,0.78748
2017-2020,7,logistic_regression,total,diag,Income,PIR>=2,674,87,0.51724,0.44667,0.10392,0.826
2017-2020,7,logistic_regression,total,diag,Education,HS_or_less,511,98,0.63265,0.57968,0.15496,0.81761
2017-2020,7,logistic_regression,total,diag,Education,some_college+,734,97,0.40206,0.38221,0.10361,0.79736
2017-2020,7,logistic_regression,total,diag,Sex,female,635,85,0.42353,0.40478,0.10727,0.78851
2017-2020,7,logistic_regression,total,diag,Sex,male,610,110,0.59091,0.54681,0.142,0.8234
2017-2020,7,logistic_regression,total,diag,Age,18-44,480,19,0.10526,0.07201,0.01085,0.7905
2017-2020,7,logistic_regression,total,diag,Age,45-64,467,93,0.45161,0.43765,0.12032,0.75062
2017-2020,7,logistic_regression,total,diag,Age,65+,298,83,0.68675,0.64917,0.37209,0.68613
2017-2020,7,logistic_regression,total,lab,Income,PIR<2,571,92,0.5,0.52207,0.16493,0.76282
2017-2020,7,logistic_regression,total,lab,Income,PIR>=2,674,82,0.47561,0.44354,0.11318,0.78358
2017-2020,7,logistic_regression,total,lab,Education,HS_or_less,511,93,0.54839,0.5603,0.17943,0.76452
2017-2020,7,logistic_regression,total,lab,Education,some_college+,734,81,0.41975,0.32958,0.10873,0.77403
2017-2020,7,logistic_regression,total,lab,Sex,female,635,77,0.41558,0.38592,0.1129,0.78057
2017-2020,7,logistic_regression,total,lab,Sex,male,610,97,0.54639,0.53486,0.16179,0.76865
2017-2020,7,logistic_regression,total,lab,Age,18-44,480,15,0.06667,0.10522,0.0129,0.8271
2017-2020,7,logistic_regression,total,lab,Age,45-64,467,91,0.38462,0.38601,0.1383,0.68249
2017-2020,7,logistic_regression,total,lab,Age,65+,298,68,0.72059,0.65951,0.38261,0.66368
2017-2020,7,logistic_regression,total,total,Income,PIR<2,571,125,0.472,0.50561,0.14798,0.7704
2017-2020,7,logistic_regression,total,total,Income,PIR>=2,674,106,0.48113,0.4545,0.09683,0.8131
2017-2020,7,logistic_regression,total,total,Education,HS_or_less,511,117,0.55556,0.57133,0.15482,0.78758
2017-2020,7,logistic_regression,total,total,Education,some_college+,734,114,0.39474,0.36378,0.09677,0.79172
2017-2020,7,logistic_regression,total,total,Sex,female,635,106,0.38679,0.37745,0.10208,0.78601
2017-2020,7,logistic_regression,total,total,Sex,male,610,125,0.552,0.5523,0.13814,0.80091
2017-2020,7,logistic_regression,total,total,Age,18-44,480,24,0.08333,0.06287,0.01096,0.80729
2017-2020,7,logistic_regression,total,total,Age,45-64,467,117,0.39316,0.42831,0.11714,0.71375
2017-2020,7,logistic_regression,total,total,Age,65+,298,90,0.68889,0.65659,0.36058,0.68761
2017-2020,8,xgboost,diag,diag,Income,PIR<2,588,109,0.40367,0.32004,0.13361,0.78612
2017-2020,8,xgboost,diag,diag,Income,PIR>=2,657,86,0.37209,0.37356,0.09807,0.80839
2017-2020,8,xgboost,diag,diag,Education,HS_or_less,535,106,0.5,0.44392,0.16783,0.787
2017-2020,8,xgboost,diag,diag,Education,some_college+,710,89,0.25843,0.21758,0.07729,0.79612
2017-2020,8,xgboost,diag,diag,Sex,female,625,87,0.31034,0.37471,0.0855,0.78723
2017-2020,8,xgboost,diag,diag,Sex,male,620,108,0.4537,0.32711,0.14453,0.80425
2017-2020,8,xgboost,diag,diag,Age,18-44,471,19,0.21053,0.3283,0.00885,0.78505
2017-2020,8,xgboost,diag,diag,Age,45-64,472,94,0.35106,0.35623,0.12698,0.74564
2017-2020,8,xgboost,diag,diag,Age,65+,302,82,0.47561,0.3518,0.30909,0.64335
2017-2020,8,xgboost,diag,lab,Income,PIR<2,588,94,0.41489,0.34669,0.13968,0.76445
2017-2020,8,xgboost,diag,lab,Income,PIR>=2,657,80,0.275,0.19118,0.11438,0.75808
2017-2020,8,xgboost,diag,lab,Education,HS_or_less,535,94,0.48936,0.35279,0.17914,0.76584
2017-2020,8,xgboost,diag,lab,Education,some_college+,710,80,0.1875,0.16369,0.08889,0.74298
2017-2020,8,xgboost,diag,lab,Sex,female,625,77,0.27273,0.24118,0.09489,0.78119
2017-2020,8,xgboost,diag,lab,Sex,male,620,97,0.41237,0.27712,0.1587,0.747
2017-2020,8,xgboost,diag,lab,Age,18-44,471,22,0.09091,0.10095,0.01336,0.80765
2017-2020,8,xgboost,diag,lab,Age,45-64,472,83,0.3012,0.20639,0.14396,0.68489
2017-2020,8,xgboost,diag,lab,Age,65+,302,69,0.49275,0.38568,0.3133,0.64129
2017-2020,8,xgboost,diag,total,Income,PIR<2,588,128,0.36719,0.29771,0.13261,0.76119
2017-2020,8,xgboost,diag,total,Income,PIR>=2,657,103,0.31068,0.32815,0.10108,0.78192
2017-2020,8,xgboost,diag,total,Education,HS_or_less,535,122,0.45902,0.42869,0.16707,0.76285
2017-2020,8,xgboost,diag,total,Education,some_college+,710,109,0.21101,0.17444,0.07987,0.77028
2017-2020,8,xgboost,diag,total,Sex,female,625,105,0.26667,0.3294,0.08654,0.77366
2017-2020,8,xgboost,diag,total,Sex,male,620,126,0.40476,0.3004,0.14575,0.77031
2017-2020,8,xgboost,diag,total,Age,18-44,471,30,0.13333,0.21042,0.00907,0.7904
2017-2020,8,xgboost,diag,total,Age,45-64,472,109,0.31193,0.3361,0.12948,0.70582
2017-2020,8,xgboost,diag,total,Age,65+,302,92,0.44565,0.33224,0.31429,0.62888
2017-2020,8,xgboost,lab,diag,Income,PIR<2,588,109,0.36697,0.29976,0.13361,0.78244
2017-2020,8,xgboost,lab,diag,Income,PIR>=2,657,86,0.31395,0.31778,0.07531,0.81285
2017-2020,8,xgboost,lab,diag,Education,HS_or_less,535,106,0.42453,0.36588,0.1655,0.7833
2017-2020,8,xgboost,lab,diag,Education,some_college+,710,89,0.24719,0.22997,0.05797,0.79996
2017-2020,8,xgboost,lab,diag,Sex,female,625,87,0.31034,0.31114,0.08364,0.80009
2017-2020,8,xgboost,lab,diag,Sex,male,620,108,0.37037,0.30944,0.12109,0.79783
2017-2020,8,xgboost,lab,diag,Age,18-44,471,19,0.10526,0.21302,0.02212,0.80717
2017-2020,8,xgboost,lab,diag,Age,45-64,472,94,0.35106,0.36976,0.12169,0.75301
2017-2020,8,xgboost,lab,diag,Age,65+,302,82,0.39024,0.26191,0.23182,0.66086
2017-2020,8,xgboost,lab,lab,Income,PIR<2,588,94,0.39362,0.3229,0.13563,0.76958
2017-2020,8,xgboost,lab,lab,Income,PIR>=2,657,80,0.275,0.18474,0.08319,0.76157
2017-2020,8,xgboost,lab,lab,Education,HS_or_less,535,94,0.41489,0.25405,0.1746,0.75821
2017-2020,8,xgboost,lab,lab,Education,some_college+,710,80,0.25,0.23755,0.06032,0.75877
2017-2020,8,xgboost,lab,lab,Sex,female,625,77,0.33766,0.22061,0.08394,0.79164
2017-2020,8,xgboost,lab,lab,Sex,male,620,97,0.34021,0.26881,0.13193,0.74351
2017-2020,8,xgboost,lab,lab,Age,18-44,471,22,0.09091,0.12533,0.02227,0.82648
2017-2020,8,xgboost,lab,lab,Age,45-64,472,83,0.36145,0.26455,0.12596,0.70694
2017-2020,8,xgboost,lab,lab,Age,65+,302,69,0.3913,0.26899,0.24034,0.64446
2017-2020,8,xgboost,lab,total,Income,PIR<2,588,128,0.33594,0.27838,0.13261,0.7618
2017-2020,8,xgboost,lab,total,Income,PIR>=2,657,103,0.28155,0.30061,0.07401,0.78462
2017-2020,8,xgboost,lab,total,Education,HS_or_less,535,122,0.38525,0.34962,0.16707,0.75652
2017-2020,8,xgboost,lab,total,Education,some_college+,710,109,0.22936,0.21874,0.05491,0.77902
2017-2020,8,xgboost,lab,total,Sex,female,625,105,0.29524,0.30433,0.07885,0.78441
2017-2020,8,xgboost,lab,total,Sex,male,620,126,0.3254,0.27732,0.12348,0.76446
2017-2020,8,xgboost,lab,total,Age,18-44,471,30,0.1,0.21021,0.02041,0.82751
2017-2020,8,xgboost,lab,total,Age,45-64,472,109,0.3211,0.35113,0.12121,0.71451
2017-2020,8,xgboost,lab,total,Age,65+,302,92,0.36957,0.24857,0.23333,0.64037
2017-2020,8,xgboost,total,diag,Income,PIR<2,588,109,0.47706,0.37966,0.16075,0.78543
2017-2020,8,xgboost,total,diag,Income,PIR>=2,657,86,0.43023,0.43317,0.11384,0.81279
2017-2020,8,xgboost,total,diag,Education,HS_or_less,535,106,0.53774,0.4694,0.20746,0.78711
2017-2020,8,xgboost,total,diag,Education,some_college+,710,89,0.35955,0.32654,0.08535,0.79911
2017-2020,8,xgboost,total,diag,Sex,female,625,87,0.4023,0.42883,0.11338,0.79353
2017-2020,8,xgboost,total,diag,Sex,male,620,108,0.5,0.39243,0.1582,0.80431
2017-2020,8,xgboost,total,diag,Age,18-44,471,19,0.26316,0.39119,0.02212,0.78843
2017-2020,8,xgboost,total,diag,Age,45-64,472,94,0.40426,0.41804,0.15873,0.74026
2017-2020,8,xgboost,total,diag,Age,65+,302,82,0.56098,0.40763,0.32727,0.67799
2017-2020,8,xgboost,total,lab,Income,PIR<2,588,94,0.45745,0.36082,0.17409,0.76874
2017-2020,8,xgboost,total,lab,Income,PIR>=2,657,80,0.3625,0.27348,0.12652,0.76501
2017-2020,8,xgboost,total,lab,Education,HS_or_less,535,94,0.51064,0.3569,0.22222,0.76456
2017-2020,8,xgboost,total,lab,Education,some_college+,710,80,0.3,0.26567,0.09683,0.75595
2017-2020,8,xgboost,total,lab,Sex,female,625,77,0.36364,0.28485,0.12409,0.78432
2017-2020,8,xgboost,total,lab,Sex,male,620,97,0.45361,0.33681,0.174,0.75248
2017-2020,8,xgboost,total,lab,Age,18-44,471,22,0.09091,0.10095,0.02895,0.80512
2017-2020,8,xgboost,total,lab,Age,45-64,472,83,0.36145,0.29662,0.17481,0.6957
2017-2020,8,xgboost,total,lab,Age,65+,302,69,0.57971,0.41108,0.33476,0.6704
2017-2020,8,xgboost,total,total,Income,PIR<2,588,128,0.44531,0.35879,0.15652,0.76445
2017-2020,8,xgboost,total,total,Income,PIR>=2,657,103,0.37864,0.38346,0.11372,0.7893
2017-2020,8,xgboost,total,total,Education,HS_or_less,535,122,0.5,0.45443,0.20581,0.76513
2017-2020,8,xgboost,total,total,Education,some_college+,710,109,0.3211,0.27196,0.08319,0.77838
2017-2020,8,xgboost,total,total,Sex,female,625,105,0.3619,0.38369,0.11154,0.77815
2017-2020,8,xgboost,total,total,Sex,male,620,126,0.46032,0.3618,0.15587,0.77607
2017-2020,8,xgboost,total,total,Age,18-44,471,30,0.16667,0.25073,0.02268,0.80469
2017-2020,8,xgboost,total,total,Age,45-64,472,109,0.36697,0.39557,0.15978,0.70708
2017-2020,8,xgboost,total,total,Age,65+,302,92,0.55435,0.39487,0.31905,0.66527
2017-2020,8,random_forest,diag,diag,Income,PIR<2,588,109,0.38532,0.41264,0.13361,0.79353
2017-2020,8,random_forest,diag,diag,Income,PIR>=2,657,86,0.39535,0.31037,0.10508,0.81806
2017-2020,8,random_forest,diag,diag,Education,HS_or_less,535,106,0.49057,0.40444,0.15385,0.80585
2017-2020,8,random_forest,diag,diag,Education,some_college+,710,89,0.26966,0.27808,0.0934,0.79688
2017-2020,8,random_forest,diag,diag,Sex,female,625,87,0.32184,0.38664,0.09108,0.80552
2017-2020,8,random_forest,diag,diag,Sex,male,620,108,0.44444,0.31755,0.14648,0.80575
2017-2020,8,random_forest,diag,diag,Age,18-44,471,19,0.05263,0.02603,0.01106,0.76444
2017-2020,8,random_forest,diag,diag,Age,45-64,472,94,0.34043,0.37851,0.1164,0.768
2017-2020,8,random_forest,diag,diag,Age,65+,302,82,0.52439,0.41419,0.34091,0.66056
2017-2020,8,random_forest,diag,lab,Income,PIR<2,588,94,0.38298,0.4027,0.1417,0.7729
2017-2020,8,random_forest,diag,lab,Income,PIR>=2,657,80,0.3375,0.29115,0.11612,0.77151
2017-2020,8,random_forest,diag,lab,Education,HS_or_less,535,94,0.48936,0.46743,0.16327,0.78623
2017-2020,8,random_forest,diag,lab,Education,some_college+,710,80,0.2125,0.20867,0.10317,0.75244
2017-2020,8,random_forest,diag,lab,Sex,female,625,77,0.28571,0.37998,0.10036,0.80184
2017-2020,8,random_forest,diag,lab,Sex,male,620,97,0.42268,0.30506,0.15679,0.75174
2017-2020,8,random_forest,diag,lab,Age,18-44,471,22,0.0,0.0,0.01336,0.78437
2017-2020,8,random_forest,diag,lab,Age,45-64,472,83,0.31325,0.38675,0.12853,0.71623
2017-2020,8,random_forest,diag,lab,Age,65+,302,69,0.53623,0.41328,0.34764,0.66004
2017-2020,8,random_forest,diag,total,Income,PIR<2,588,128,0.35938,0.38061,0.13043,0.76914
2017-2020,8,random_forest,diag,total,Income,PIR>=2,657,103,0.34951,0.27558,0.10469,0.7979
2017-2020,8,random_forest,diag,total,Education,HS_or_less,535,122,0.45902,0.39395,0.15012,0.78473
2017-2020,8,random_forest,diag,total,Education,some_college+,710,109,0.23853,0.22678,0.09318,0.77663
2017-2020,8,random_forest,diag,total,Sex,female,625,105,0.28571,0.34201,0.09038,0.79747
2017-2020,8,random_forest,diag,total,Sex,male,620,126,0.4127,0.29525,0.14372,0.77314
2017-2020,8,random_forest,diag,total,Age,18-44,471,30,0.03333,0.01668,0.01134,0.77494
2017-2020,8,random_forest,diag,total,Age,45-64,472,109,0.31193,0.35918,0.1157,0.73722
2017-2020,8,random_forest,diag,total,Age,65+,302,92,0.51087,0.39326,0.3381,0.65044
2017-2020,8,random_forest,lab,diag,Income,PIR<2,588,109,0.40367,0.43366,0.12526,0.78298
2017-2020,8,random_forest,lab,diag,Income,PIR>=2,657,86,0.38372,0.25304,0.07005,0.82798
2017-2020,8,random_forest,lab,diag,Education,HS_or_less,535,106,0.49057,0.36718,0.14452,0.79551
2017-2020,8,random_forest,lab,diag,Education,some_college+,710,89,0.2809,0.2712,0.06119,0.80301
2017-2020,8,random_forest,lab,diag,Sex,female,625,87,0.36782,0.34965,0.07621,0.8098
2017-2020,8,random_forest,lab,diag,Sex,male,620,108,0.41667,0.30535,0.11523,0.80346
2017-2020,8,random_forest,lab,diag,Age,18-44,471,19,0.05263,0.02603,0.00664,0.78726
2017-2020,8,random_forest,lab,diag,Age,45-64,472,94,0.41489,0.4221,0.10847,0.77792
2017-2020,8,random_forest,lab,diag,Age,65+,302,82,0.45122,0.29406,0.25455,0.65613
2017-2020,8,random_forest,lab,lab,Income,PIR<2,588,94,0.39362,0.42482,0.13563,0.77422
2017-2020,8,random_forest,lab,lab,Income,PIR>=2,657,80,0.3125,0.22679,0.08319,0.78212
2017-2020,8,random_forest,lab,lab,Education,HS_or_less,535,94,0.48936,0.42789,0.1542,0.78081
2017-2020,8,random_forest,lab,lab,Education,some_college+,710,80,0.2,0.19668,0.0746,0.76894
2017-2020,8,random_forest,lab,lab,Sex,female,625,77,0.33766,0.3488,0.08577,0.80637
2017-2020,8,random_forest,lab,lab,Sex,male,620,97,0.37113,0.28366,0.13002,0.75751
2017-2020,8,random_forest,lab,lab,Age,18-44,471,22,0.0,0.0,0.00891,0.78953
2017-2020,8,random_forest,lab,lab,Age,45-64,472,83,0.38554,0.44029,0.12339,0.74981
2017-2020,8,random_forest,lab,lab,Age,65+,302,69,0.43478,0.28052,0.27039,0.65127
2017-2020,8,random_forest,lab,total,Income,PIR<2,588,128,0.36719,0.39339,0.12391,0.76374
2017-2020,8,random_forest,lab,total,Income,PIR>=2,657,103,0.32039,0.22228,0.0722,0.80664
2017-2020,8,random_forest,lab,total,Education,HS_or_less,535,122,0.45082,0.35517,0.14286,0.77533
2017-2020,8,random_forest,lab,total,Education,some_college+,710,109,0.22936,0.21742,0.06323,0.78608
2017-2020,8,random_forest,lab,total,Sex,female,625,105,0.31429,0.30787,0.07692,0.7982
2017-2020,8,random_forest,lab,total,Sex,male,620,126,0.37302,0.27869,0.11538,0.77563
2017-2020,8,random_forest,lab,total,Age,18-44,471,30,0.03333,0.01668,0.0068,0.79565
2017-2020,8,random_forest,lab,total,Age,45-64,472,109,0.36697,0.39674,0.11019,0.75868
2017-2020,8,random_forest,lab,total,Age,65+,302,92,0.42391,0.27669,0.25714,0.63851
2017-2020,8,random_forest,total,diag,Income,PIR<2,588,109,0.48624,0.4925,0.15866,0.78636
2017-2020,8,random_forest,total,diag,Income,PIR>=2,657,86,0.47674,0.51426,0.12084,0.81623
2017-2020,8,random_forest,total,diag,Education,HS_or_less,535,106,0.63208,0.65225,0.1958,0.80135
2017-2020,8,random_forest,total,diag,Education,some_college+,710,89,0.30337,0.29271,0.09823,0.79315
2017-2020,8,random_forest,total,diag,Sex,female,625,87,0.45977,0.60227,0.1171,0.80703
2017-2020,8,random_forest,total,diag,Sex,male,620,108,0.5,0.40433,0.16016,0.79781
2017-2020,8,random_forest,total,diag,Age,18-44,471,19,0.21053,0.34835,0.01991,0.72904
2017-2020,8,random_forest,total,diag,Age,45-64,472,94,0.45745,0.55146,0.14286,0.76914
2017-2020,8,random_forest,total,diag,Age,65+,302,82,0.57317,0.49112,0.37273,0.66804
2017-2020,8,random_forest,total,lab,Income,PIR<2,588,94,0.46809,0.47914,0.17206,0.78073
2017-2020,8,random_forest,total,lab,Income,PIR>=2,657,80,0.3875,0.31791,0.13692,0.77479
2017-2020,8,random_forest,total,lab,Education,HS_or_less,535,94,0.58511,0.54224,0.21769,0.7844
2017-2020,8,random_forest,total,lab,Education,some_college+,710,80,0.25,0.23037,0.10794,0.76424
2017-2020,8,random_forest,total,lab,Sex,female,625,77,0.4026,0.45103,0.13139,0.81098
2017-2020,8,random_forest,total,lab,Sex,male,620,97,0.45361,0.33375,0.17591,0.75219
2017-2020,8,random_forest,total,lab,Age,18-44,471,22,0.04545,0.06032,0.02673,0.78963
2017-2020,8,random_forest,total,lab,Age,45-64,472,83,0.39759,0.44351,0.16452,0.72556
2017-2020,8,random_forest,total,lab,Age,65+,302,69,0.5942,0.44796,0.37768,0.67124
2017-2020,8,random_forest,total,total,Income,PIR<2,588,128,0.44531,0.44979,0.15652,0.76936
2017-2020,8,random_forest,total,total,Income,PIR>=2,657,103,0.41748,0.45469,0.12094,0.79981
2017-2020,8,random_forest,total,total,Education,HS_or_less,535,122,0.58197,0.62465,0.1937,0.7833
2017-2020,8,random_forest,total,total,Education,some_college+,710,109,0.26606,0.2385,0.09817,0.78133
2017-2020,8,random_forest,total,total,Sex,female,625,105,0.4,0.52726,0.11731,0.80273
2017-2020,8,random_forest,total,total,Sex,male,620,126,0.46032,0.37237,0.15789,0.77046
2017-2020,8,random_forest,total,total,Age,18-44,471,30,0.13333,0.22327,0.02041,0.77052
2017-2020,8,random_forest,total,total,Age,45-64,472,109,0.41284,0.51839,0.14325,0.74347
2017-2020,8,random_forest,total,total,Age,65+,302,92,0.55435,0.46318,0.37143,0.658
2017-2020,8,logistic_regression,diag,diag,Income,PIR<2,588,109,0.44954,0.44583,0.12526,0.80244
2017-2020,8,logistic_regression,diag,diag,Income,PIR>=2,657,86,0.38372,0.30469,0.09457,0.83623
2017-2020,8,logistic_regression,diag,diag,Education,HS_or_less,535,106,0.5,0.42482,0.15851,0.80088
2017-2020,8,logistic_regression,diag,diag,Education,some_college+,710,89,0.32584,0.27414,0.07407,0.82697
2017-2020,8,logistic_regression,diag,diag,Sex,female,625,87,0.34483,0.38688,0.08922,0.81528
2017-2020,8,logistic_regression,diag,diag,Sex,male,620,108,0.48148,0.33859,0.12891,0.82335
2017-2020,8,logistic_regression,diag,diag,Age,18-44,471,19,0.15789,0.24062,0.0,0.77632
2017-2020,8,logistic_regression,diag,diag,Age,45-64,472,94,0.32979,0.33527,0.08201,0.78721
2017-2020,8,logistic_regression,diag,diag,Age,65+,302,82,0.58537,0.43466,0.37727,0.68265
2017-2020,8,logistic_regression,diag,lab,Income,PIR<2,588,94,0.44681,0.44252,0.13563,0.79716
2017-2020,8,logistic_regression,diag,lab,Income,PIR>=2,657,80,0.3,0.23533,0.10919,0.77127
2017-2020,8,logistic_regression,diag,lab,Education,HS_or_less,535,94,0.48936,0.4481,0.17007,0.78062
2017-2020,8,logistic_regression,diag,lab,Education,some_college+,710,80,0.25,0.20135,0.0873,0.78052
2017-2020,8,logistic_regression,diag,lab,Sex,female,625,77,0.32468,0.4023,0.09672,0.81055
2017-2020,8,logistic_regression,diag,lab,Sex,male,620,97,0.42268,0.25938,0.14723,0.76273
2017-2020,8,logistic_regression,diag,lab,Age,18-44,471,22,0.09091,0.04248,0.00223,0.86202
2017-2020,8,logistic_regression,diag,lab,Age,45-64,472,83,0.31325,0.35527,0.09254,0.73212
2017-2020,8,logistic_regression,diag,lab,Age,65+,302,69,0.55072,0.40064,0.39914,0.6518
2017-2020,8,logistic_regression,diag,total,Income,PIR<2,588,128,0.41406,0.41068,0.12174,0.79074
2017-2020,8,logistic_regression,diag,total,Income,PIR>=2,657,103,0.3301,0.26974,0.09567,0.8084
2017-2020,8,logistic_regression,diag,total,Education,HS_or_less,535,122,0.45902,0.40883,0.15738,0.78139
2017-2020,8,logistic_regression,diag,total,Education,some_college+,710,109,0.2844,0.22885,0.07321,0.80908
2017-2020,8,logistic_regression,diag,total,Sex,female,625,105,0.31429,0.34766,0.08654,0.8074
2017-2020,8,logistic_regression,diag,total,Sex,male,620,126,0.42857,0.30822,0.12955,0.79431
2017-2020,8,logistic_regression,diag,total,Age,18-44,471,30,0.1,0.15422,0.0,0.82509
2017-2020,8,logistic_regression,diag,total,Age,45-64,472,109,0.30275,0.31937,0.07989,0.75803
2017-2020,8,logistic_regression,diag,total,Age,65+,302,92,0.55435,0.41202,0.38095,0.66102
2017-2020,8,logistic_regression,lab,diag,Income,PIR<2,588,109,0.38532,0.30265,0.11691,0.7951
2017-2020,8,logistic_regression,lab,diag,Income,PIR>=2,657,86,0.33721,0.25651,0.08231,0.83012
2017-2020,8,logistic_regression,lab,diag,Education,HS_or_less,535,106,0.4434,0.29093,0.13986,0.79127
2017-2020,8,logistic_regression,lab,diag,Education,some_college+,710,89,0.26966,0.25355,0.06924,0.82364
2017-2020,8,logistic_regression,lab,diag,Sex,female,625,87,0.27586,0.23268,0.08364,0.81314
2017-2020,8,logistic_regression,lab,diag,Sex,male,620,108,0.43519,0.32033,0.11328,0.81478
2017-2020,8,logistic_regression,lab,diag,Age,18-44,471,19,0.10526,0.21302,0.00221,0.77632
2017-2020,8,logistic_regression,lab,diag,Age,45-64,472,94,0.31915,0.21851,0.08466,0.77865
2017-2020,8,logistic_regression,lab,diag,Age,65+,302,82,0.47561,0.36733,0.31818,0.68016
2017-2020,8,logistic_regression,lab,lab,Income,PIR<2,588,94,0.41489,0.31486,0.11943,0.79869
2017-2020,8,logistic_regression,lab,lab,Income,PIR>=2,657,80,0.275,0.23152,0.09359,0.77251
2017-2020,8,logistic_regression,lab,lab,Education,HS_or_less,535,94,0.45745,0.33807,0.14512,0.77761
2017-2020,8,logistic_regression,lab,lab,Education,some_college+,710,80,0.225,0.19605,0.07778,0.78601
2017-2020,8,logistic_regression,lab,lab,Sex,female,625,77,0.27273,0.27493,0.08759,0.81588
2017-2020,8,logistic_regression,lab,lab,Sex,male,620,97,0.41237,0.2626,0.12428,0.7606
2017-2020,8,logistic_regression,lab,lab,Age,18-44,471,22,0.04545,0.0163,0.00445,0.85949
2017-2020,8,logistic_regression,lab,lab,Age,45-64,472,83,0.31325,0.26716,0.09254,0.735
2017-2020,8,logistic_regression,lab,lab,Age,65+,302,69,0.49275,0.36545,0.32189,0.66275
2017-2020,8,logistic_regression,lab,total,Income,PIR<2,588,128,0.35938,0.28665,0.11304,0.78787
2017-2020,8,logistic_regression,lab,total,Income,PIR>=2,657,103,0.29126,0.22742,0.08303,0.80535
2017-2020,8,logistic_regression,lab,total,Education,HS_or_less,535,122,0.40984,0.28419,0.13801,0.77609
2017-2020,8,logistic_regression,lab,total,Education,some_college+,710,109,0.23853,0.21233,0.06822,0.80955
2017-2020,8,logistic_regression,lab,total,Sex,female,625,105,0.25714,0.21517,0.08077,0.80799
2017-2020,8,logistic_regression,lab,total,Sex,male,620,126,0.38889,0.29199,0.11336,0.79016
2017-2020,8,logistic_regression,lab,total,Age,18-44,471,30,0.06667,0.13653,0.00227,0.83137
2017-2020,8,logistic_regression,lab,total,Age,45-64,472,109,0.29358,0.21189,0.08264,0.75287
2017-2020,8,logistic_regression,lab,total,Age,65+,302,92,0.45652,0.35084,0.31905,0.66211
2017-2020,8,logistic_regression,total,diag,Income,PIR<2,588,109,0.51376,0.50226,0.14614,0.79864
2017-2020,8,logistic_regression,total,diag,Income,PIR>=2,657,86,0.4186,0.33652,0.12084,0.82988
2017-2020,8,logistic_regression,total,diag,Education,HS_or_less,535,106,0.5566,0.46369,0.19814,0.79989
2017-2020,8,logistic_regression,total,diag,Education,some_college+,710,89,0.37079,0.32075,0.08696,0.8197
2017-2020,8,logistic_regression,total,diag,Sex,female,625,87,0.41379,0.42239,0.11338,0.81464
2017-2020,8,logistic_regression,total,diag,Sex,male,620,108,0.51852,0.38741,0.15234,0.81673
2017-2020,8,logistic_regression,total,diag,Age,18-44,471,19,0.21053,0.33951,0.00442,0.76875
2017-2020,8,logistic_regression,total,diag,Age,45-64,472,94,0.38298,0.37193,0.12169,0.77781
2017-2020,8,logistic_regression,total,diag,Age,65+,302,82,0.63415,0.46716,0.41364,0.68792
2017-2020,8,logistic_regression,total,lab,Income,PIR<2,588,94,0.52128,0.52618,0.15587,0.80134
2017-2020,8,logistic_regression,total,lab,Income,PIR>=2,657,80,0.35,0.28221,0.13345,0.76807
2017-2020,8,logistic_regression,total,lab,Education,HS_or_less,535,94,0.55319,0.50043,0.20862,0.78205
2017-2020,8,logistic_regression,total,lab,Education,some_college+,710,80,0.3125,0.2758,0.09841,0.78107
2017-2020,8,logistic_regression,total,lab,Sex,female,625,77,0.41558,0.4768,0.11861,0.81439
2017-2020,8,logistic_regression,total,lab,Sex,male,620,97,0.46392,0.31235,0.17017,0.76123
2017-2020,8,logistic_regression,total,lab,Age,18-44,471,22,0.13636,0.16597,0.00668,0.85918
2017-2020,8,logistic_regression,total,lab,Age,45-64,472,83,0.38554,0.41011,0.12853,0.72785
2017-2020,8,logistic_regression,total,lab,Age,65+,302,69,0.6087,0.45113,0.43348,0.66486
2017-2020,8,logistic_regression,total,total,Income,PIR<2,588,128,0.47656,0.48167,0.1413,0.79108
2017-2020,8,logistic_regression,total,total,Income,PIR>=2,657,103,0.36893,0.30156,0.12094,0.80399
2017-2020,8,logistic_regression,total,total,Education,HS_or_less,535,122,0.51639,0.44906,0.19613,0.78242
2017-2020,8,logistic_regression,total,total,Education,some_college+,710,109,0.33028,0.28695,0.08486,0.80583
2017-2020,8,logistic_regression,total,total,Sex,female,625,105,0.38095,0.39599,0.10962,0.80929
2017-2020,8,logistic_regression,total,total,Sex,male,620,126,0.46825,0.35626,0.15182,0.79026
2017-2020,8,logistic_regression,total,total,Age,18-44,471,30,0.16667,0.27799,0.00227,0.82729
2017-2020,8,logistic_regression,total,total,Age,45-64,472,109,0.3578,0.35785,0.11846,0.75065
2017-2020,8,logistic_regression,total,total,Age,65+,302,92,0.59783,0.44156,0.41905,0.66739
2017-2020,9,xgboost,diag,diag,Income,PIR<2,553,88,0.48864,0.47537,0.15054,0.80208
2017-2020,9,xgboost,diag,diag,Income,PIR>=2,692,107,0.34579,0.43798,0.07863,0.79051
2017-2020,9,xgboost,diag,diag,Education,HS_or_less,505,97,0.49485,0.53987,0.14461,0.78909
2017-2020,9,xgboost,diag,diag,Education,some_college+,740,98,0.32653,0.35258,0.08879,0.79312
2017-2020,9,xgboost,diag,diag,Sex,female,642,90,0.35556,0.48013,0.10145,0.79595
2017-2020,9,xgboost,diag,diag,Sex,male,603,105,0.45714,0.41645,0.12048,0.79505
2017-2020,9,xgboost,diag,diag,Age,18-44,472,14,0.21429,0.06732,0.00873,0.79975
2017-2020,9,xgboost,diag,diag,Age,45-64,449,81,0.34568,0.50504,0.14946,0.69005
2017-2020,9,xgboost,diag,diag,Age,65+,324,100,0.49,0.49102,0.25446,0.67594
2017-2020,9,xgboost,diag,lab,Income,PIR<2,553,79,0.40506,0.33414,0.17089,0.73423
2017-2020,9,xgboost,diag,lab,Income,PIR>=2,692,95,0.28421,0.40846,0.0938,0.75225
2017-2020,9,xgboost,diag,lab,Education,HS_or_less,505,85,0.43529,0.46162,0.16667,0.74644
2017-2020,9,xgboost,diag,lab,Education,some_college+,740,89,0.24719,0.31392,0.10292,0.73339
2017-2020,9,xgboost,diag,lab,Sex,female,642,89,0.26966,0.26332,0.11573,0.76344
2017-2020,9,xgboost,diag,lab,Sex,male,603,85,0.41176,0.51066,0.14093,0.72918
2017-2020,9,xgboost,diag,lab,Age,18-44,472,20,0.1,0.06634,0.01106,0.71184
2017-2020,9,xgboost,diag,lab,Age,45-64,449,79,0.3038,0.36575,0.15946,0.66726
2017-2020,9,xgboost,diag,lab,Age,65+,324,75,0.44,0.48585,0.29317,0.62099
2017-2020,9,xgboost,diag,total,Income,PIR<2,553,107,0.42991,0.39015,0.15022,0.76428
2017-2020,9,xgboost,diag,total,Income,PIR>=2,692,124,0.30645,0.39821,0.07923,0.76399
2017-2020,9,xgboost,diag,total,Education,HS_or_less,505,112,0.45536,0.49148,0.14249,0.7654
2017-2020,9,xgboost,diag,total,Education,some_college+,740,119,0.27731,0.30022,0.09018,0.75687
2017-2020,9,xgboost,diag,total,Sex,female,642,113,0.30088,0.40212,0.10208,0.77953
2017-2020,9,xgboost,diag,total,Sex,male,603,118,0.42373,0.38855,0.11959,0.75431
2017-2020,9,xgboost,diag,total,Age,18-44,472,25,0.12,0.04333,0.00895,0.67875
2017-2020,9,xgboost,diag,total,Age,45-64,449,99,0.31313,0.44799,0.14857,0.67726
2017-2020,9,xgboost,diag,total,Age,65+,324,107,0.46729,0.47058,0.25806,0.65825
2017-2020,9,xgboost,lab,diag,Income,PIR<2,553,88,0.35227,0.39276,0.14624,0.76486
2017-2020,9,xgboost,lab,diag,Income,PIR>=2,692,107,0.31776,0.29254,0.07009,0.76731
2017-2020,9,xgboost,lab,diag,Education,HS_or_less,505,97,0.37113,0.30381,0.14216,0.74914
2017-2020,9,xgboost,lab,diag,Education,some_college+,740,98,0.29592,0.33711,0.07944,0.77346
2017-2020,9,xgboost,lab,diag,Sex,female,642,90,0.33333,0.31835,0.1087,0.77993
2017-2020,9,xgboost,lab,diag,Sex,male,603,105,0.33333,0.32184,0.09839,0.75165
2017-2020,9,xgboost,lab,diag,Age,18-44,472,14,0.14286,0.08191,0.01747,0.82127
2017-2020,9,xgboost,lab,diag,Age,45-64,449,81,0.32099,0.32129,0.13587,0.68522
2017-2020,9,xgboost,lab,diag,Age,65+,324,100,0.37,0.3759,0.22768,0.61228
2017-2020,9,xgboost,lab,lab,Income,PIR<2,553,79,0.34177,0.32038,0.1519,0.72544
2017-2020,9,xgboost,lab,lab,Income,PIR>=2,692,95,0.27368,0.34327,0.08208,0.73217
2017-2020,9,xgboost,lab,lab,Education,HS_or_less,505,85,0.34118,0.33483,0.15476,0.72014
2017-2020,9,xgboost,lab,lab,Education,some_college+,740,89,0.26966,0.33545,0.08602,0.72832
2017-2020,9,xgboost,lab,lab,Sex,female,642,89,0.29213,0.25656,0.11573,0.74982
2017-2020,9,xgboost,lab,lab,Sex,male,603,85,0.31765,0.42017,0.11004,0.70702
2017-2020,9,xgboost,lab,lab,Age,18-44,472,20,0.15,0.17953,0.01549,0.75962
2017-2020,9,xgboost,lab,lab,Age,45-64,449,79,0.3038,0.35276,0.14054,0.669
2017-2020,9,xgboost,lab,lab,Age,65+,324,75,0.34667,0.36459,0.249,0.56964
2017-2020,9,xgboost,lab,total,Income,PIR<2,553,107,0.33645,0.34454,0.14126,0.74119
2017-2020,9,xgboost,lab,total,Income,PIR>=2,692,124,0.28226,0.27469,0.07042,0.74938
2017-2020,9,xgboost,lab,total,Education,HS_or_less,505,112,0.33929,0.28097,0.14249,0.73432
2017-2020,9,xgboost,lab,total,Education,some_college+,740,119,0.27731,0.31134,0.07568,0.74852
2017-2020,9,xgboost,lab,total,Sex,female,642,113,0.30973,0.29415,0.10397,0.76981
2017-2020,9,xgboost,lab,total,Sex,male,603,118,0.30508,0.29844,0.09897,0.72065
2017-2020,9,xgboost,lab,total,Age,18-44,472,25,0.12,0.09865,0.01566,0.73584
2017-2020,9,xgboost,lab,total,Age,45-64,449,99,0.30303,0.2974,0.13143,0.67457
2017-2020,9,xgboost,lab,total,Age,65+,324,107,0.35514,0.36464,0.23041,0.60834
2017-2020,9,xgboost,total,diag,Income,PIR<2,553,88,0.51136,0.49731,0.18495,0.78358
2017-2020,9,xgboost,total,diag,Income,PIR>=2,692,107,0.42056,0.46247,0.09402,0.7916
2017-2020,9,xgboost,total,diag,Education,HS_or_less,505,97,0.48454,0.51689,0.17157,0.77517
2017-2020,9,xgboost,total,diag,Education,some_college+,740,98,0.43878,0.4252,0.11059,0.79175
2017-2020,9,xgboost,total,diag,Sex,female,642,90,0.43333,0.54175,0.13587,0.79002
2017-2020,9,xgboost,total,diag,Sex,male,603,105,0.48571,0.40248,0.13253,0.78793
2017-2020,9,xgboost,total,diag,Age,18-44,472,14,0.28571,0.09727,0.02838,0.83016
2017-2020,9,xgboost,total,diag,Age,45-64,449,81,0.39506,0.51212,0.19293,0.69159
2017-2020,9,xgboost,total,diag,Age,65+,324,100,0.54,0.52748,0.25446,0.66402
2017-2020,9,xgboost,total,lab,Income,PIR<2,553,79,0.46835,0.40311,0.19831,0.72929
2017-2020,9,xgboost,total,lab,Income,PIR>=2,692,95,0.35789,0.4541,0.11055,0.75712
2017-2020,9,xgboost,total,lab,Education,HS_or_less,505,85,0.44706,0.4495,0.1881,0.74493
2017-2020,9,xgboost,total,lab,Education,some_college+,740,89,0.37079,0.42451,0.12442,0.73745
2017-2020,9,xgboost,total,lab,Sex,female,642,89,0.37079,0.37929,0.14647,0.76132
2017-2020,9,xgboost,total,lab,Sex,male,603,85,0.44706,0.49744,0.15251,0.7308
2017-2020,9,xgboost,total,lab,Age,18-44,472,20,0.2,0.18501,0.02876,0.75951
2017-2020,9,xgboost,total,lab,Age,45-64,449,79,0.37975,0.4117,0.1973,0.66955
2017-2020,9,xgboost,total,lab,Age,65+,324,75,0.49333,0.52803,0.29719,0.61697
2017-2020,9,xgboost,total,total,Income,PIR<2,553,107,0.46729,0.43742,0.18161,0.75208
2017-2020,9,xgboost,total,total,Income,PIR>=2,692,124,0.37097,0.42834,0.09507,0.77083
2017-2020,9,xgboost,total,total,Education,HS_or_less,505,112,0.4375,0.46815,0.17303,0.75516
2017-2020,9,xgboost,total,total,Education,some_college+,740,119,0.39496,0.3942,0.10789,0.76231
2017-2020,9,xgboost,total,total,Sex,female,642,113,0.38938,0.48327,0.13233,0.77911
2017-2020,9,xgboost,total,total,Sex,male,603,118,0.44068,0.37249,0.13402,0.74927
2017-2020,9,xgboost,total,total,Age,18-44,472,25,0.2,0.10854,0.02685,0.74166
2017-2020,9,xgboost,total,total,Age,45-64,449,99,0.37374,0.47672,0.18857,0.67616
2017-2020,9,xgboost,total,total,Age,65+,324,107,0.50467,0.50177,0.26267,0.65076
2017-2020,9,random_forest,diag,diag,Income,PIR<2,553,88,0.51136,0.50644,0.16129,0.80452
2017-2020,9,random_forest,diag,diag,Income,PIR>=2,692,107,0.34579,0.40724,0.06667,0.79317
2017-2020,9,random_forest,diag,diag,Education,HS_or_less,505,97,0.51546,0.54369,0.15441,0.80803
2017-2020,9,random_forest,diag,diag,Education,some_college+,740,98,0.32653,0.32048,0.07944,0.78311
2017-2020,9,random_forest,diag,diag,Sex,female,642,90,0.42222,0.52285,0.09783,0.80214
2017-2020,9,random_forest,diag,diag,Sex,male,603,105,0.41905,0.34636,0.12048,0.79481
2017-2020,9,random_forest,diag,diag,Age,18-44,472,14,0.21429,0.06388,0.00655,0.73058
2017-2020,9,random_forest,diag,diag,Age,45-64,449,81,0.4321,0.55943,0.14402,0.71581
2017-2020,9,random_forest,diag,diag,Age,65+,324,100,0.44,0.4171,0.25893,0.66692
2017-2020,9,random_forest,diag,lab,Income,PIR<2,553,79,0.41772,0.39983,0.18354,0.73384
2017-2020,9,random_forest,diag,lab,Income,PIR>=2,692,95,0.27368,0.35522,0.08375,0.7747
2017-2020,9,random_forest,diag,lab,Education,HS_or_less,505,85,0.44706,0.46987,0.17857,0.7688
2017-2020,9,random_forest,diag,lab,Education,some_college+,740,89,0.23596,0.28612,0.09524,0.73568
2017-2020,9,random_forest,diag,lab,Sex,female,642,89,0.33708,0.34092,0.11212,0.77768
2017-2020,9,random_forest,diag,lab,Sex,male,603,85,0.34118,0.40354,0.14479,0.73399
2017-2020,9,random_forest,diag,lab,Age,18-44,472,20,0.1,0.0623,0.00885,0.74314
2017-2020,9,random_forest,diag,lab,Age,45-64,449,79,0.34177,0.40481,0.16486,0.67985
2017-2020,9,random_forest,diag,lab,Age,65+,324,75,0.4,0.4303,0.28916,0.63256
2017-2020,9,random_forest,diag,total,Income,PIR<2,553,107,0.4486,0.42319,0.16143,0.77057
2017-2020,9,random_forest,diag,total,Income,PIR>=2,692,124,0.29839,0.36822,0.06866,0.77858
2017-2020,9,random_forest,diag,total,Education,HS_or_less,505,112,0.46429,0.49617,0.15522,0.79203
2017-2020,9,random_forest,diag,total,Education,some_college+,740,119,0.27731,0.27436,0.08052,0.7555
2017-2020,9,random_forest,diag,total,Sex,female,642,113,0.36283,0.44477,0.09641,0.79626
2017-2020,9,random_forest,diag,total,Sex,male,603,118,0.37288,0.31805,0.12371,0.75631
2017-2020,9,random_forest,diag,total,Age,18-44,472,25,0.12,0.04111,0.00671,0.68698
2017-2020,9,random_forest,diag,total,Age,45-64,449,99,0.38384,0.50115,0.14286,0.71159
2017-2020,9,random_forest,diag,total,Age,65+,324,107,0.41121,0.39676,0.26728,0.65014
2017-2020,9,random_forest,lab,diag,Income,PIR<2,553,88,0.39773,0.44014,0.15054,0.77816
2017-2020,9,random_forest,lab,diag,Income,PIR>=2,692,107,0.29907,0.24268,0.06667,0.77428
2017-2020,9,random_forest,lab,diag,Education,HS_or_less,505,97,0.40206,0.33246,0.16176,0.75485
2017-2020,9,random_forest,lab,diag,Education,some_college+,740,98,0.28571,0.25991,0.06698,0.78322
2017-2020,9,random_forest,lab,diag,Sex,female,642,90,0.41111,0.33577,0.09964,0.79701
2017-2020,9,random_forest,lab,diag,Sex,male,603,105,0.28571,0.25826,0.10843,0.7574
2017-2020,9,random_forest,lab,diag,Age,18-44,472,14,0.07143,0.03892,0.01092,0.80747
2017-2020,9,random_forest,lab,diag,Age,45-64,449,81,0.37037,0.33276,0.13859,0.70131
2017-2020,9,random_forest,lab,diag,Age,65+,324,100,0.36,0.32821,0.23661,0.63129
2017-2020,9,random_forest,lab,lab,Income,PIR<2,553,79,0.3038,0.31469,0.17089,0.71889
2017-2020,9,random_forest,lab,lab,Income,PIR>=2,692,95,0.23158,0.26788,0.08208,0.74444
2017-2020,9,random_forest,lab,lab,Education,HS_or_less,505,85,0.32941,0.36895,0.18333,0.72136
2017-2020,9,random_forest,lab,lab,Education,some_college+,740,89,0.20225,0.21189,0.08141,0.73092
2017-2020,9,random_forest,lab,lab,Sex,female,642,89,0.30337,0.28062,0.11754,0.76061
2017-2020,9,random_forest,lab,lab,Sex,male,603,85,0.22353,0.28859,0.12548,0.70166
2017-2020,9,random_forest,lab,lab,Age,18-44,472,20,0.1,0.12918,0.00885,0.78993
2017-2020,9,random_forest,lab,lab,Age,45-64,449,79,0.27848,0.34421,0.15946,0.66909
2017-2020,9,random_forest,lab,lab,Age,65+,324,75,0.29333,0.27816,0.26908,0.566
2017-2020,9,random_forest,lab,total,Income,PIR<2,553,107,0.35514,0.37223,0.15022,0.75179
2017-2020,9,random_forest,lab,total,Income,PIR>=2,692,124,0.27419,0.24745,0.06514,0.76163
2017-2020,9,random_forest,lab,total,Education,HS_or_less,505,112,0.38393,0.33841,0.15776,0.748
2017-2020,9,random_forest,lab,total,Education,some_college+,740,119,0.2437,0.23337,0.06763,0.75692
2017-2020,9,random_forest,lab,total,Sex,female,642,113,0.37168,0.32911,0.09452,0.78779
2017-2020,9,random_forest,lab,total,Sex,male,603,118,0.25424,0.23715,0.11134,0.7268
2017-2020,9,random_forest,lab,total,Age,18-44,472,25,0.08,0.07099,0.00895,0.75333
2017-2020,9,random_forest,lab,total,Age,45-64,449,99,0.34343,0.33805,0.13429,0.7014
2017-2020,9,random_forest,lab,total,Age,65+,324,107,0.33645,0.31221,0.24424,0.6132
2017-2020,9,random_forest,total,diag,Income,PIR<2,553,88,0.52273,0.51354,0.1871,0.80386
2017-2020,9,random_forest,total,diag,Income,PIR>=2,692,107,0.45794,0.46786,0.0906,0.8029
2017-2020,9,random_forest,total,diag,Education,HS_or_less,505,97,0.54639,0.56317,0.20343,0.78723
2017-2020,9,random_forest,total,diag,Education,some_college+,740,98,0.42857,0.39399,0.08879,0.81017
2017-2020,9,random_forest,total,diag,Sex,female,642,90,0.52222,0.56845,0.12681,0.81927
2017-2020,9,random_forest,total,diag,Sex,male,603,105,0.45714,0.39256,0.14056,0.7917
2017-2020,9,random_forest,total,diag,Age,18-44,472,14,0.21429,0.06388,0.02402,0.82455
2017-2020,9,random_forest,total,diag,Age,45-64,449,81,0.46914,0.57614,0.16576,0.72712
2017-2020,9,random_forest,total,diag,Age,65+,324,100,0.54,0.49868,0.30357,0.68513
2017-2020,9,random_forest,total,lab,Income,PIR<2,553,79,0.41772,0.38152,0.21097,0.73189
2017-2020,9,random_forest,total,lab,Income,PIR>=2,692,95,0.37895,0.46543,0.11055,0.76985
2017-2020,9,random_forest,total,lab,Education,HS_or_less,505,85,0.49412,0.53574,0.22381,0.74577
2017-2020,9,random_forest,total,lab,Education,some_college+,740,89,0.30337,0.34986,0.1106,0.74784
2017-2020,9,random_forest,total,lab,Sex,female,642,89,0.41573,0.42131,0.14467,0.78623
2017-2020,9,random_forest,total,lab,Sex,male,603,85,0.37647,0.45133,0.16602,0.71659
2017-2020,9,random_forest,total,lab,Age,18-44,472,20,0.15,0.14589,0.02434,0.75409
2017-2020,9,random_forest,total,lab,Age,45-64,449,79,0.37975,0.45983,0.18649,0.6883
2017-2020,9,random_forest,total,lab,Age,65+,324,75,0.48,0.49785,0.34538,0.62254
2017-2020,9,random_forest,total,total,Income,PIR<2,553,107,0.45794,0.4289,0.18834,0.76823
2017-2020,9,random_forest,total,total,Income,PIR>=2,692,124,0.41935,0.45294,0.08803,0.78678
2017-2020,9,random_forest,total,total,Education,HS_or_less,505,112,0.51786,0.54484,0.19847,0.77346
2017-2020,9,random_forest,total,total,Education,some_college+,740,119,0.36134,0.34651,0.09018,0.77693
2017-2020,9,random_forest,total,total,Sex,female,642,113,0.46903,0.52119,0.12098,0.80888
2017-2020,9,random_forest,total,total,Sex,male,603,118,0.40678,0.36048,0.14433,0.75061
2017-2020,9,random_forest,total,total,Age,18-44,472,25,0.16,0.08705,0.02237,0.73785
2017-2020,9,random_forest,total,total,Age,45-64,449,99,0.43434,0.54879,0.16,0.71802
2017-2020,9,random_forest,total,total,Age,65+,324,107,0.50467,0.47437,0.31336,0.66631
2017-2020,9,logistic_regression,diag,diag,Income,PIR<2,553,88,0.53409,0.5353,0.14839,0.82568
2017-2020,9,logistic_regression,diag,diag,Income,PIR>=2,692,107,0.36449,0.33827,0.07009,0.82293
2017-2020,9,logistic_regression,diag,diag,Education,HS_or_less,505,97,0.51546,0.43461,0.14951,0.80751
2017-2020,9,logistic_regression,diag,diag,Education,some_college+,740,98,0.36735,0.3484,0.07632,0.82814
2017-2020,9,logistic_regression,diag,diag,Sex,female,642,90,0.41111,0.38817,0.09601,0.8191
2017-2020,9,logistic_regression,diag,diag,Sex,male,603,105,0.46667,0.39671,0.11446,0.82964
2017-2020,9,logistic_regression,diag,diag,Age,18-44,472,14,0.14286,0.05319,0.00437,0.81332
2017-2020,9,logistic_regression,diag,diag,Age,45-64,449,81,0.32099,0.2912,0.09511,0.74208
2017-2020,9,logistic_regression,diag,diag,Age,65+,324,100,0.58,0.55912,0.32589,0.69732
2017-2020,9,logistic_regression,diag,lab,Income,PIR<2,553,79,0.48101,0.42027,0.16456,0.75672
2017-2020,9,logistic_regression,diag,lab,Income,PIR>=2,692,95,0.32632,0.39765,0.08208,0.78727
2017-2020,9,logistic_regression,diag,lab,Education,HS_or_less,505,85,0.51765,0.53421,0.15952,0.77619
2017-2020,9,logistic_regression,diag,lab,Education,some_college+,740,89,0.2809,0.29527,0.09217,0.76071
2017-2020,9,logistic_regression,diag,lab,Sex,female,642,89,0.34831,0.33019,0.10669,0.78792
2017-2020,9,logistic_regression,diag,lab,Sex,male,603,85,0.44706,0.48726,0.13127,0.75912
2017-2020,9,logistic_regression,diag,lab,Age,18-44,472,20,0.1,0.0623,0.00442,0.7521
2017-2020,9,logistic_regression,diag,lab,Age,45-64,449,79,0.29114,0.2972,0.1027,0.7053
2017-2020,9,logistic_regression,diag,lab,Age,65+,324,75,0.58667,0.59491,0.3494,0.66254
2017-2020,9,logistic_regression,diag,total,Income,PIR<2,553,107,0.48598,0.46406,0.1435,0.79035
2017-2020,9,logistic_regression,diag,total,Income,PIR>=2,692,124,0.32258,0.30806,0.07042,0.79925
2017-2020,9,logistic_regression,diag,total,Education,HS_or_less,505,112,0.49107,0.4121,0.14249,0.78914
2017-2020,9,logistic_regression,diag,total,Education,some_college+,740,119,0.31092,0.30011,0.07729,0.79245
2017-2020,9,logistic_regression,diag,total,Sex,female,642,113,0.37168,0.34582,0.09074,0.80703
2017-2020,9,logistic_regression,diag,total,Sex,male,603,118,0.42373,0.36752,0.11546,0.78543
2017-2020,9,logistic_regression,diag,total,Age,18-44,472,25,0.08,0.03424,0.00447,0.7277
2017-2020,9,logistic_regression,diag,total,Age,45-64,449,99,0.30303,0.27881,0.08857,0.72644
2017-2020,9,logistic_regression,diag,total,Age,65+,324,107,0.56075,0.54242,0.32719,0.68216
2017-2020,9,logistic_regression,lab,diag,Income,PIR<2,553,88,0.42045,0.43958,0.13118,0.81547
2017-2020,9,logistic_regression,lab,diag,Income,PIR>=2,692,107,0.3271,0.27999,0.07009,0.82254
2017-2020,9,logistic_regression,lab,diag,Education,HS_or_less,505,97,0.4433,0.35068,0.13971,0.8017
2017-2020,9,logistic_regression,lab,diag,Education,some_college+,740,98,0.29592,0.29587,0.07009,0.82575
2017-2020,9,logistic_regression,lab,diag,Sex,female,642,90,0.35556,0.35163,0.08696,0.81288
2017-2020,9,logistic_regression,lab,diag,Sex,male,603,105,0.38095,0.29617,0.10843,0.82748
2017-2020,9,logistic_regression,lab,diag,Age,18-44,472,14,0.07143,0.03892,0.00437,0.79538
2017-2020,9,logistic_regression,lab,diag,Age,45-64,449,81,0.30864,0.2697,0.10326,0.74252
2017-2020,9,logistic_regression,lab,diag,Age,65+,324,100,0.46,0.43772,0.27679,0.68813
2017-2020,9,logistic_regression,lab,lab,Income,PIR<2,553,79,0.40506,0.34137,0.13924,0.76043
2017-2020,9,logistic_regression,lab,lab,Income,PIR>=2,692,95,0.31579,0.33446,0.07705,0.79168
2017-2020,9,logistic_regression,lab,lab,Education,HS_or_less,505,85,0.44706,0.40712,0.14762,0.77894
2017-2020,9,logistic_regression,lab,lab,Education,some_college+,740,89,0.26966,0.27662,0.0768,0.76739
2017-2020,9,logistic_regression,lab,lab,Sex,female,642,89,0.33708,0.3211,0.09042,0.7954
2017-2020,9,logistic_regression,lab,lab,Sex,male,603,85,0.37647,0.354,0.11969,0.7625
2017-2020,9,logistic_regression,lab,lab,Age,18-44,472,20,0.1,0.12918,0.00221,0.75122
2017-2020,9,logistic_regression,lab,lab,Age,45-64,449,79,0.3038,0.28686,0.10541,0.71444
2017-2020,9,logistic_regression,lab,lab,Age,65+,324,75,0.48,0.43827,0.28916,0.66474
2017-2020,9,logistic_regression,lab,total,Income,PIR<2,553,107,0.39252,0.39016,0.12556,0.78714
2017-2020,9,logistic_regression,lab,total,Income,PIR>=2,692,124,0.29032,0.26334,0.07042,0.8009
2017-2020,9,logistic_regression,lab,total,Education,HS_or_less,505,112,0.41964,0.3349,0.13486,0.78546
2017-2020,9,logistic_regression,lab,total,Education,some_college+,740,119,0.2605,0.26986,0.06924,0.79448
2017-2020,9,logistic_regression,lab,total,Sex,female,642,113,0.33628,0.32935,0.0794,0.80804
2017-2020,9,logistic_regression,lab,total,Sex,male,603,118,0.33898,0.27197,0.11134,0.78378
2017-2020,9,logistic_regression,lab,total,Age,18-44,472,25,0.08,0.07099,0.00224,0.7285
2017-2020,9,logistic_regression,lab,total,Age,45-64,449,99,0.29293,0.26047,0.09714,0.72996
2017-2020,9,logistic_regression,lab,total,Age,65+,324,107,0.43925,0.42345,0.28111,0.67415
2017-2020,9,logistic_regression,total,diag,Income,PIR<2,553,88,0.59091,0.62062,0.17419,0.81948
2017-2020,9,logistic_regression,total,diag,Income,PIR>=2,692,107,0.42056,0.35863,0.0906,0.8224
2017-2020,9,logistic_regression,total,diag,Education,HS_or_less,505,97,0.57732,0.47963,0.18382,0.8041
2017-2020,9,logistic_regression,total,diag,Education,some_college+,740,98,0.41837,0.37953,0.0919,0.82712
2017-2020,9,logistic_regression,total,diag,Sex,female,642,90,0.47778,0.43683,0.12319,0.81455
2017-2020,9,logistic_regression,total,diag,Sex,male,603,105,0.51429,0.42453,0.13253,0.82945
2017-2020,9,logistic_regression,total,diag,Age,18-44,472,14,0.28571,0.12958,0.00873,0.79476
2017-2020,9,logistic_regression,total,diag,Age,45-64,449,81,0.38272,0.32661,0.12772,0.74356
2017-2020,9,logistic_regression,total,diag,Age,65+,324,100,0.62,0.59063,0.37054,0.69531
2017-2020,9,logistic_regression,total,lab,Income,PIR<2,553,79,0.55696,0.55687,0.18776,0.76051
2017-2020,9,logistic_regression,total,lab,Income,PIR>=2,692,95,0.4,0.44914,0.1005,0.78946
2017-2020,9,logistic_regression,total,lab,Education,HS_or_less,505,85,0.56471,0.56986,0.19762,0.77868
2017-2020,9,logistic_regression,total,lab,Education,some_college+,740,89,0.38202,0.41635,0.10138,0.76491
2017-2020,9,logistic_regression,total,lab,Sex,female,642,89,0.46067,0.46733,0.12658,0.79192
2017-2020,9,logistic_regression,total,lab,Sex,male,603,85,0.48235,0.50883,0.15251,0.76119
2017-2020,9,logistic_regression,total,lab,Age,18-44,472,20,0.3,0.35483,0.00442,0.74679
2017-2020,9,logistic_regression,total,lab,Age,45-64,449,79,0.37975,0.38537,0.12973,0.71184
2017-2020,9,logistic_regression,total,lab,Age,65+,324,75,0.61333,0.61099,0.39759,0.66758
2017-2020,9,logistic_regression,total,total,Income,PIR<2,553,107,0.5514,0.58659,0.16592,0.78905
2017-2020,9,logistic_regression,total,total,Income,PIR>=2,692,124,0.3871,0.34176,0.08803,0.80099
2017-2020,9,logistic_regression,total,total,Education,HS_or_less,505,112,0.54464,0.45187,0.17812,0.78867
2017-2020,9,logistic_regression,total,total,Education,some_college+,740,119,0.38655,0.38233,0.08696,0.79434
2017-2020,9,logistic_regression,total,total,Sex,female,642,113,0.46018,0.43839,0.11153,0.80802
2017-2020,9,logistic_regression,total,total,Sex,male,603,118,0.4661,0.39306,0.13402,0.78525
2017-2020,9,logistic_regression,total,total,Age,18-44,472,25,0.24,0.19498,0.00447,0.72322
2017-2020,9,logistic_regression,total,total,Age,45-64,449,99,0.36364,0.32688,0.12,0.73134
2017-2020,9,logistic_regression,total,total,Age,65+,324,107,0.60748,0.58053,0.36866,0.68211
2021-2023,0,xgboost,diag,diag,Income,PIR<2,266,42,0.54762,0.43136,0.15179,0.79273
2021-2023,0,xgboost,diag,diag,Income,PIR>=2,571,75,0.36,0.27067,0.06855,0.79124
2021-2023,0,xgboost,diag,diag,Education,HS_or_less,256,51,0.54902,0.43102,0.19512,0.76643
2021-2023,0,xgboost,diag,diag,Education,some_college+,581,66,0.33333,0.24534,0.05437,0.79264
2021-2023,0,xgboost,diag,diag,Sex,female,464,55,0.41818,0.34987,0.08557,0.81156
2021-2023,0,xgboost,diag,diag,Sex,male,373,62,0.43548,0.30491,0.10611,0.77119
2021-2023,0,xgboost,diag,diag,Age,18-44,282,11,0.0,0.0,0.01476,0.70547
2021-2023,0,xgboost,diag,diag,Age,45-64,292,51,0.54902,0.41165,0.13693,0.80449
2021-2023,0,xgboost,diag,diag,Age,65+,263,55,0.4,0.36619,0.14904,0.70682
2021-2023,0,xgboost,diag,lab,Income,PIR<2,266,34,0.52941,0.43733,0.1681,0.78334
2021-2023,0,xgboost,diag,lab,Income,PIR>=2,571,63,0.39683,0.31185,0.07087,0.78125
2021-2023,0,xgboost,diag,lab,Education,HS_or_less,256,51,0.56863,0.45934,0.19024,0.7582
2021-2023,0,xgboost,diag,lab,Education,some_college+,581,46,0.30435,0.2428,0.06729,0.76631
2021-2023,0,xgboost,diag,lab,Sex,female,464,44,0.40909,0.35718,0.09524,0.7967
2021-2023,0,xgboost,diag,lab,Sex,male,373,53,0.4717,0.35009,0.10938,0.77182
2021-2023,0,xgboost,diag,lab,Age,18-44,282,11,0.0,0.0,0.01476,0.70882
2021-2023,0,xgboost,diag,lab,Age,45-64,292,41,0.60976,0.48964,0.14343,0.82033
2021-2023,0,xgboost,diag,lab,Age,65+,263,45,0.4,0.39329,0.16055,0.69409
2021-2023,0,xgboost,diag,total,Income,PIR<2,266,48,0.5,0.40704,0.15138,0.78058
2021-2023,0,xgboost,diag,total,Income,PIR>=2,571,86,0.34884,0.2681,0.06392,0.7836
2021-2023,0,xgboost,diag,total,Education,HS_or_less,256,62,0.51613,0.41005,0.18557,0.74352
2021-2023,0,xgboost,diag,total,Education,some_college+,581,72,0.30556,0.23071,0.05501,0.78809
2021-2023,0,xgboost,diag,total,Sex,female,464,64,0.39062,0.32572,0.0825,0.80156
2021-2023,0,xgboost,diag,total,Sex,male,373,70,0.41429,0.30303,0.10231,0.76412
2021-2023,0,xgboost,diag,total,Age,18-44,282,15,0.0,0.0,0.01498,0.70487
2021-2023,0,xgboost,diag,total,Age,45-64,292,54,0.53704,0.40657,0.13445,0.8089
2021-2023,0,xgboost,diag,total,Age,65+,263,65,0.38462,0.36653,0.14141,0.70256
2021-2023,0,xgboost,lab,diag,Income,PIR<2,266,42,0.40476,0.39552,0.13839,0.75946
2021-2023,0,xgboost,lab,diag,Income,PIR>=2,571,75,0.29333,0.26149,0.05444,0.78984
2021-2023,0,xgboost,lab,diag,Education,HS_or_less,256,51,0.47059,0.41872,0.16098,0.75065
2021-2023,0,xgboost,lab,diag,Education,some_college+,581,66,0.22727,0.22317,0.04854,0.78285
2021-2023,0,xgboost,lab,diag,Sex,female,464,55,0.29091,0.29536,0.06357,0.7948
2021-2023,0,xgboost,lab,diag,Sex,male,373,62,0.37097,0.31338,0.10289,0.76242
2021-2023,0,xgboost,lab,diag,Age,18-44,282,11,0.09091,0.13315,0.01476,0.70379
2021-2023,0,xgboost,lab,diag,Age,45-64,292,51,0.39216,0.3329,0.12033,0.78041
2021-2023,0,xgboost,lab,diag,Age,65+,263,55,0.32727,0.35613,0.12019,0.71276
2021-2023,0,xgboost,lab,lab,Income,PIR<2,266,34,0.41176,0.43409,0.14655,0.75621
2021-2023,0,xgboost,lab,lab,Income,PIR>=2,571,63,0.33333,0.31285,0.05512,0.79578
2021-2023,0,xgboost,lab,lab,Education,HS_or_less,256,51,0.4902,0.45166,0.1561,0.72798
2021-2023,0,xgboost,lab,lab,Education,some_college+,581,46,0.21739,0.24996,0.05607,0.79065
2021-2023,0,xgboost,lab,lab,Sex,female,464,44,0.29545,0.3284,0.06905,0.79286
2021-2023,0,xgboost,lab,lab,Sex,male,373,53,0.41509,0.36961,0.10312,0.76846
2021-2023,0,xgboost,lab,lab,Age,18-44,282,11,0.09091,0.13549,0.01476,0.71754
2021-2023,0,xgboost,lab,lab,Age,45-64,292,41,0.43902,0.40009,0.12351,0.80721
2021-2023,0,xgboost,lab,lab,Age,65+,263,45,0.35556,0.42303,0.12385,0.71468
2021-2023,0,xgboost,lab,total,Income,PIR<2,266,48,0.39583,0.39458,0.13303,0.75325
2021-2023,0,xgboost,lab,total,Income,PIR>=2,571,86,0.2907,0.26294,0.04948,0.78096
2021-2023,0,xgboost,lab,total,Education,HS_or_less,256,62,0.45161,0.40384,0.14948,0.7224
2021-2023,0,xgboost,lab,total,Education,some_college+,581,72,0.22222,0.22211,0.04715,0.78313
2021-2023,0,xgboost,lab,total,Sex,female,464,64,0.29688,0.29777,0.0575,0.7848
2021-2023,0,xgboost,lab,total,Sex,male,373,70,0.35714,0.31057,0.09901,0.75615
2021-2023,0,xgboost,lab,total,Age,18-44,282,15,0.06667,0.1058,0.01498,0.69563
2021-2023,0,xgboost,lab,total,Age,45-64,292,54,0.38889,0.33481,0.11765,0.78462
2021-2023,0,xgboost,lab,total,Age,65+,263,65,0.33846,0.37649,0.10606,0.71383
2021-2023,0,xgboost,total,diag,Income,PIR<2,266,42,0.61905,0.48953,0.19643,0.78104
2021-2023,0,xgboost,total,diag,Income,PIR>=2,571,75,0.34667,0.26866,0.07661,0.78358
2021-2023,0,xgboost,total,diag,Education,HS_or_less,256,51,0.60784,0.4716,0.21951,0.76174
2021-2023,0,xgboost,total,diag,Education,some_college+,581,66,0.31818,0.24662,0.07184,0.77944
2021-2023,0,xgboost,total,diag,Sex,female,464,55,0.45455,0.38943,0.10024,0.79218
2021-2023,0,xgboost,total,diag,Sex,male,373,62,0.43548,0.30708,0.13183,0.77051
2021-2023,0,xgboost,total,diag,Age,18-44,282,11,0.0,0.0,0.02583,0.71889
2021-2023,0,xgboost,total,diag,Age,45-64,292,51,0.60784,0.45937,0.15353,0.78765
2021-2023,0,xgboost,total,diag,Age,65+,263,55,0.38182,0.35135,0.18269,0.69983
2021-2023,0,xgboost,total,lab,Income,PIR<2,266,34,0.61765,0.52831,0.21121,0.78005
2021-2023,0,xgboost,total,lab,Income,PIR>=2,571,63,0.42857,0.34618,0.07283,0.78562
2021-2023,0,xgboost,total,lab,Education,HS_or_less,256,51,0.64706,0.53275,0.20976,0.75352
2021-2023,0,xgboost,total,lab,Education,some_college+,581,46,0.32609,0.27447,0.08037,0.77241
2021-2023,0,xgboost,total,lab,Sex,female,464,44,0.5,0.4685,0.10476,0.79627
2021-2023,0,xgboost,total,lab,Sex,male,373,53,0.49057,0.36205,0.13125,0.76963
2021-2023,0,xgboost,total,lab,Age,18-44,282,11,0.09091,0.04792,0.02214,0.72996
2021-2023,0,xgboost,total,lab,Age,45-64,292,41,0.70732,0.57371,0.15538,0.81994
2021-2023,0,xgboost,total,lab,Age,65+,263,45,0.4,0.41031,0.18807,0.6843
2021-2023,0,xgboost,total,total,Income,PIR<2,266,48,0.58333,0.48034,0.19266,0.7716
2021-2023,0,xgboost,total,total,Income,PIR>=2,571,86,0.36047,0.28691,0.06804,0.77655
2021-2023,0,xgboost,total,total,Education,HS_or_less,256,62,0.59677,0.47345,0.20103,0.74119
2021-2023,0,xgboost,total,total,Education,some_college+,581,72,0.30556,0.24417,0.07073,0.77587
2021-2023,0,xgboost,total,total,Sex,female,464,64,0.46875,0.40865,0.09,0.78676
2021-2023,0,xgboost,total,total,Sex,male,373,70,0.41429,0.30496,0.12871,0.75978
2021-2023,0,xgboost,total,total,Age,18-44,282,15,0.06667,0.03742,0.02247,0.71336
2021-2023,0,xgboost,total,total,Age,45-64,292,54,0.61111,0.46711,0.14706,0.79528
2021-2023,0,xgboost,total,total,Age,65+,263,65,0.38462,0.37248,0.17172,0.69091
2021-2023,0,random_forest,diag,diag,Income,PIR<2,266,42,0.54762,0.44854,0.16071,0.80145
2021-2023,0,random_forest,diag,diag,Income,PIR>=2,571,75,0.37333,0.2815,0.06452,0.79044
2021-2023,0,random_forest,diag,diag,Education,HS_or_less,256,51,0.58824,0.46808,0.19024,0.78589
2021-2023,0,random_forest,diag,diag,Education,some_college+,581,66,0.31818,0.24062,0.05631,0.78372
2021-2023,0,random_forest,diag,diag,Sex,female,464,55,0.43636,0.38483,0.08802,0.81125
2021-2023,0,random_forest,diag,diag,Sex,male,373,62,0.43548,0.30187,0.10289,0.77388
2021-2023,0,random_forest,diag,diag,Age,18-44,282,11,0.0,0.0,0.00738,0.67293
2021-2023,0,random_forest,diag,diag,Age,45-64,292,51,0.4902,0.36664,0.14523,0.78846
2021-2023,0,random_forest,diag,diag,Age,65+,263,55,0.47273,0.46711,0.14904,0.73007
2021-2023,0,random_forest,diag,lab,Income,PIR<2,266,34,0.55882,0.48496,0.17241,0.79729
2021-2023,0,random_forest,diag,lab,Income,PIR>=2,571,63,0.4127,0.31156,0.06693,0.79256
2021-2023,0,random_forest,diag,lab,Education,HS_or_less,256,51,0.60784,0.48744,0.18537,0.77365
2021-2023,0,random_forest,diag,lab,Education,some_college+,581,46,0.30435,0.24508,0.06729,0.77034
2021-2023,0,random_forest,diag,lab,Sex,female,464,44,0.45455,0.4297,0.09524,0.81366
2021-2023,0,random_forest,diag,lab,Sex,male,373,53,0.4717,0.32548,0.10625,0.77078
2021-2023,0,random_forest,diag,lab,Age,18-44,282,11,0.09091,0.04792,0.00369,0.71754
2021-2023,0,random_forest,diag,lab,Age,45-64,292,41,0.56098,0.43963,0.14741,0.81868
2021-2023,0,random_forest,diag,lab,Age,65+,263,45,0.46667,0.47098,0.16514,0.70163
2021-2023,0,random_forest,diag,total,Income,PIR<2,266,48,0.5,0.42272,0.16055,0.78579
2021-2023,0,random_forest,diag,total,Income,PIR>=2,571,86,0.36047,0.26789,0.05979,0.78793
2021-2023,0,random_forest,diag,total,Education,HS_or_less,256,62,0.54839,0.42602,0.18041,0.75773
2021-2023,0,random_forest,diag,total,Education,some_college+,581,72,0.29167,0.22627,0.05697,0.78523
2021-2023,0,random_forest,diag,total,Sex,female,464,64,0.42188,0.37362,0.0825,0.81018
2021-2023,0,random_forest,diag,total,Sex,male,373,70,0.4,0.27625,0.10231,0.76183
2021-2023,0,random_forest,diag,total,Age,18-44,282,15,0.06667,0.03742,0.00375,0.69913
2021-2023,0,random_forest,diag,total,Age,45-64,292,54,0.48148,0.36328,0.14286,0.79466
2021-2023,0,random_forest,diag,total,Age,65+,263,65,0.43077,0.41282,0.14646,0.71371
2021-2023,0,random_forest,lab,diag,Income,PIR<2,266,42,0.47619,0.40667,0.14286,0.77641
2021-2023,0,random_forest,lab,diag,Income,PIR>=2,571,75,0.25333,0.21089,0.06048,0.77655
2021-2023,0,random_forest,lab,diag,Education,HS_or_less,256,51,0.47059,0.37365,0.18049,0.77183
2021-2023,0,random_forest,lab,diag,Education,some_college+,581,66,0.22727,0.20389,0.04854,0.76342
2021-2023,0,random_forest,lab,diag,Sex,female,464,55,0.30909,0.29174,0.0709,0.79335
2021-2023,0,random_forest,lab,diag,Sex,male,373,62,0.35484,0.26395,0.10611,0.75713
2021-2023,0,random_forest,lab,diag,Age,18-44,282,11,0.09091,0.13315,0.00738,0.67628
2021-2023,0,random_forest,lab,diag,Age,45-64,292,51,0.41176,0.30025,0.13693,0.7593
2021-2023,0,random_forest,lab,diag,Age,65+,263,55,0.30909,0.31399,0.12981,0.71329
2021-2023,0,random_forest,lab,lab,Income,PIR<2,266,34,0.5,0.45448,0.15086,0.7926
2021-2023,0,random_forest,lab,lab,Income,PIR>=2,571,63,0.30159,0.27224,0.05906,0.78957
2021-2023,0,random_forest,lab,lab,Education,HS_or_less,256,51,0.4902,0.41404,0.17561,0.76102
2021-2023,0,random_forest,lab,lab,Education,some_college+,581,46,0.23913,0.247,0.05421,0.77458
2021-2023,0,random_forest,lab,lab,Sex,female,464,44,0.31818,0.32281,0.07619,0.80912
2021-2023,0,random_forest,lab,lab,Sex,male,373,53,0.41509,0.33849,0.10312,0.76896
2021-2023,0,random_forest,lab,lab,Age,18-44,282,11,0.09091,0.13549,0.00738,0.77055
2021-2023,0,random_forest,lab,lab,Age,45-64,292,41,0.53659,0.41875,0.12749,0.80002
2021-2023,0,random_forest,lab,lab,Age,65+,263,45,0.28889,0.34114,0.1422,0.70994
2021-2023,0,random_forest,lab,total,Income,PIR<2,266,48,0.45833,0.40475,0.13761,0.76892
2021-2023,0,random_forest,lab,total,Income,PIR>=2,571,86,0.25581,0.21601,0.05567,0.77534
2021-2023,0,random_forest,lab,total,Education,HS_or_less,256,62,0.46774,0.37731,0.16495,0.7478
2021-2023,0,random_forest,lab,total,Education,some_college+,581,72,0.20833,0.19174,0.04912,0.76794
2021-2023,0,random_forest,lab,total,Sex,female,464,64,0.3125,0.29005,0.065,0.79156
2021-2023,0,random_forest,lab,total,Sex,male,373,70,0.34286,0.26656,0.10231,0.7516
2021-2023,0,random_forest,lab,total,Age,18-44,282,15,0.06667,0.1058,0.00749,0.68414
2021-2023,0,random_forest,lab,total,Age,45-64,292,54,0.42593,0.31408,0.13025,0.76926
2021-2023,0,random_forest,lab,total,Age,65+,263,65,0.30769,0.32275,0.12121,0.71305
2021-2023,0,random_forest,total,diag,Income,PIR<2,266,42,0.57143,0.46532,0.19643,0.79533
2021-2023,0,random_forest,total,diag,Income,PIR>=2,571,75,0.37333,0.29292,0.08065,0.7832
2021-2023,0,random_forest,total,diag,Education,HS_or_less,256,51,0.56863,0.44823,0.23415,0.78068
2021-2023,0,random_forest,total,diag,Education,some_college+,581,66,0.34848,0.27799,0.0699,0.77568
2021-2023,0,random_forest,total,diag,Sex,female,464,55,0.41818,0.35919,0.11002,0.79809
2021-2023,0,random_forest,total,diag,Sex,male,373,62,0.46774,0.34322,0.1254,0.77518
2021-2023,0,random_forest,total,diag,Age,18-44,282,11,0.0,0.0,0.00738,0.67612
2021-2023,0,random_forest,total,diag,Age,45-64,292,51,0.5098,0.40995,0.18672,0.77325
2021-2023,0,random_forest,total,diag,Age,65+,263,55,0.47273,0.44477,0.17788,0.72229
2021-2023,0,random_forest,total,lab,Income,PIR<2,266,34,0.58824,0.51216,0.2069,0.79925
2021-2023,0,random_forest,total,lab,Income,PIR>=2,571,63,0.39683,0.28741,0.08465,0.78875
2021-2023,0,random_forest,total,lab,Education,HS_or_less,256,51,0.56863,0.44265,0.23415,0.75318
2021-2023,0,random_forest,total,lab,Education,some_college+,581,46,0.34783,0.27664,0.08037,0.78249
2021-2023,0,random_forest,total,lab,Sex,female,464,44,0.47727,0.44174,0.1119,0.8108
2021-2023,0,random_forest,total,lab,Sex,male,373,53,0.45283,0.3046,0.1375,0.76981
2021-2023,0,random_forest,total,lab,Age,18-44,282,11,0.09091,0.04792,0.00369,0.74522
2021-2023,0,random_forest,total,lab,Age,45-64,292,41,0.56098,0.43874,0.19124,0.80648
2021-2023,0,random_forest,total,lab,Age,65+,263,45,0.46667,0.4513,0.19266,0.7
2021-2023,0,random_forest,total,total,Income,PIR<2,266,48,0.54167,0.45826,0.19266,0.78493
2021-2023,0,random_forest,total,total,Income,PIR>=2,571,86,0.37209,0.28764,0.07423,0.78093
2021-2023,0,random_forest,total,total,Education,HS_or_less,256,62,0.54839,0.42398,0.22165,0.7515
2021-2023,0,random_forest,total,total,Education,some_college+,581,72,0.33333,0.27367,0.06876,0.78161
2021-2023,0,random_forest,total,total,Sex,female,464,64,0.4375,0.38213,0.1,0.80047
2021-2023,0,random_forest,total,total,Sex,male,373,70,0.42857,0.31305,0.12541,0.76301
2021-2023,0,random_forest,total,total,Age,18-44,282,15,0.06667,0.03742,0.00375,0.67653
2021-2023,0,random_forest,total,total,Age,45-64,292,54,0.51852,0.41958,0.18067,0.78202
2021-2023,0,random_forest,total,total,Age,65+,263,65,0.44615,0.41248,0.17172,0.71608
2021-2023,0,logistic_regression,diag,diag,Income,PIR<2,266,42,0.66667,0.55945,0.16964,0.81866
2021-2023,0,logistic_regression,diag,diag,Income,PIR>=2,571,75,0.33333,0.22593,0.05444,0.84427
2021-2023,0,logistic_regression,diag,diag,Education,HS_or_less,256,51,0.66667,0.54609,0.21463,0.81148
2021-2023,0,logistic_regression,diag,diag,Education,some_college+,581,66,0.28788,0.18262,0.04078,0.83798
2021-2023,0,logistic_regression,diag,diag,Sex,female,464,55,0.54545,0.48828,0.07824,0.84623
2021-2023,0,logistic_regression,diag,diag,Sex,male,373,62,0.37097,0.22596,0.10611,0.8078
2021-2023,0,logistic_regression,diag,diag,Age,18-44,282,11,0.0,0.0,0.00369,0.7786
2021-2023,0,logistic_regression,diag,diag,Age,45-64,292,51,0.43137,0.29296,0.12033,0.81474
2021-2023,0,logistic_regression,diag,diag,Age,65+,263,55,0.56364,0.56904,0.16827,0.78619
2021-2023,0,logistic_regression,diag,lab,Income,PIR<2,266,34,0.64706,0.56857,0.18966,0.80287
2021-2023,0,logistic_regression,diag,lab,Income,PIR>=2,571,63,0.34921,0.25616,0.05906,0.82571
2021-2023,0,logistic_regression,diag,lab,Education,HS_or_less,256,51,0.62745,0.5249,0.22439,0.76432
2021-2023,0,logistic_regression,diag,lab,Education,some_college+,581,46,0.26087,0.18629,0.05234,0.82255
2021-2023,0,logistic_regression,diag,lab,Sex,female,464,44,0.52273,0.49294,0.09286,0.8434
2021-2023,0,logistic_regression,diag,lab,Sex,male,373,53,0.39623,0.26445,0.10938,0.78208
2021-2023,0,logistic_regression,diag,lab,Age,18-44,282,11,0.0,0.0,0.00369,0.77055
2021-2023,0,logistic_regression,diag,lab,Age,45-64,292,41,0.5122,0.39085,0.11952,0.84141
2021-2023,0,logistic_regression,diag,lab,Age,65+,263,45,0.51111,0.53259,0.19725,0.73201
2021-2023,0,logistic_regression,diag,total,Income,PIR<2,266,48,0.625,0.54413,0.16514,0.80419
2021-2023,0,logistic_regression,diag,total,Income,PIR>=2,571,86,0.31395,0.22216,0.05155,0.83143
2021-2023,0,logistic_regression,diag,total,Education,HS_or_less,256,62,0.6129,0.50804,0.20619,0.77436
2021-2023,0,logistic_regression,diag,total,Education,some_college+,581,72,0.26389,0.17174,0.04126,0.83442
2021-2023,0,logistic_regression,diag,total,Sex,female,464,64,0.5,0.45123,0.075,0.84238
2021-2023,0,logistic_regression,diag,total,Sex,male,373,70,0.35714,0.23275,0.10231,0.78868
2021-2023,0,logistic_regression,diag,total,Age,18-44,282,15,0.0,0.0,0.00375,0.7593
2021-2023,0,logistic_regression,diag,total,Age,45-64,292,54,0.42593,0.2964,0.11765,0.81902
2021-2023,0,logistic_regression,diag,total,Age,65+,263,65,0.52308,0.53663,0.16162,0.76527
2021-2023,0,logistic_regression,lab,diag,Income,PIR<2,266,42,0.47619,0.45478,0.13839,0.80145
2021-2023,0,logistic_regression,lab,diag,Income,PIR>=2,571,75,0.28,0.18676,0.0504,0.83728
2021-2023,0,logistic_regression,lab,diag,Education,HS_or_less,256,51,0.52941,0.45786,0.17561,0.79876
2021-2023,0,logistic_regression,lab,diag,Education,some_college+,581,66,0.21212,0.14184,0.03883,0.8291
2021-2023,0,logistic_regression,lab,diag,Sex,female,464,55,0.4,0.39818,0.06112,0.83396
2021-2023,0,logistic_regression,lab,diag,Sex,male,373,62,0.30645,0.18635,0.09968,0.79758
2021-2023,0,logistic_regression,lab,diag,Age,18-44,282,11,0.0,0.0,0.00738,0.76887
2021-2023,0,logistic_regression,lab,diag,Age,45-64,292,51,0.31373,0.23685,0.10788,0.8049
2021-2023,0,logistic_regression,lab,diag,Age,65+,263,55,0.45455,0.47044,0.13462,0.77212
2021-2023,0,logistic_regression,lab,lab,Income,PIR<2,266,34,0.52941,0.52102,0.14224,0.79564
2021-2023,0,logistic_regression,lab,lab,Income,PIR>=2,571,63,0.30159,0.21686,0.05315,0.82968
2021-2023,0,logistic_regression,lab,lab,Education,HS_or_less,256,51,0.52941,0.46998,0.17561,0.76241
2021-2023,0,logistic_regression,lab,lab,Education,some_college+,581,46,0.21739,0.15769,0.04486,0.82235
2021-2023,0,logistic_regression,lab,lab,Sex,female,464,44,0.43182,0.44549,0.06667,0.83864
2021-2023,0,logistic_regression,lab,lab,Sex,male,373,53,0.33962,0.22626,0.1,0.77936
2021-2023,0,logistic_regression,lab,lab,Age,18-44,282,11,0.0,0.0,0.00738,0.7625
2021-2023,0,logistic_regression,lab,lab,Age,45-64,292,41,0.41463,0.33668,0.0996,0.83646
2021-2023,0,logistic_regression,lab,lab,Age,65+,263,45,0.44444,0.4807,0.15138,0.73812
2021-2023,0,logistic_regression,lab,total,Income,PIR<2,266,48,0.45833,0.44864,0.13303,0.7889
2021-2023,0,logistic_regression,lab,total,Income,PIR>=2,571,86,0.26744,0.18802,0.04742,0.82748
2021-2023,0,logistic_regression,lab,total,Education,HS_or_less,256,62,0.5,0.43585,0.16495,0.76455
2021-2023,0,logistic_regression,lab,total,Education,some_college+,581,72,0.19444,0.13338,0.03929,0.82714
2021-2023,0,logistic_regression,lab,total,Sex,female,464,64,0.375,0.37223,0.0575,0.83051
2021-2023,0,logistic_regression,lab,total,Sex,male,373,70,0.3,0.19749,0.09571,0.78138
2021-2023,0,logistic_regression,lab,total,Age,18-44,282,15,0.0,0.0,0.00749,0.75306
2021-2023,0,logistic_regression,lab,total,Age,45-64,292,54,0.31481,0.24243,0.10504,0.80929
2021-2023,0,logistic_regression,lab,total,Age,65+,263,65,0.43077,0.45395,0.12626,0.75657
2021-2023,0,logistic_regression,total,diag,Income,PIR<2,266,42,0.69048,0.58148,0.20089,0.8125
2021-2023,0,logistic_regression,total,diag,Income,PIR>=2,571,75,0.38667,0.25836,0.0625,0.83927
2021-2023,0,logistic_regression,total,diag,Education,HS_or_less,256,51,0.72549,0.59002,0.2439,0.80488
2021-2023,0,logistic_regression,total,diag,Education,some_college+,581,66,0.31818,0.20069,0.05049,0.83042
2021-2023,0,logistic_regression,total,diag,Sex,female,464,55,0.56364,0.50323,0.08802,0.84094
2021-2023,0,logistic_regression,total,diag,Sex,male,373,62,0.43548,0.26514,0.12862,0.79981
2021-2023,0,logistic_regression,total,diag,Age,18-44,282,11,0.0,0.0,0.00738,0.77659
2021-2023,0,logistic_regression,total,diag,Age,45-64,292,51,0.47059,0.31802,0.14108,0.80718
2021-2023,0,logistic_regression,total,diag,Age,65+,263,55,0.61818,0.61841,0.19231,0.7792
2021-2023,0,logistic_regression,total,lab,Income,PIR<2,266,34,0.67647,0.59558,0.21983,0.79805
2021-2023,0,logistic_regression,total,lab,Income,PIR>=2,571,63,0.39683,0.28408,0.0689,0.82562
2021-2023,0,logistic_regression,total,lab,Education,HS_or_less,256,51,0.68627,0.56928,0.25366,0.7626
2021-2023,0,logistic_regression,total,lab,Education,some_college+,581,46,0.28261,0.19656,0.06355,0.81938
2021-2023,0,logistic_regression,total,lab,Sex,female,464,44,0.52273,0.49294,0.10476,0.84021
2021-2023,0,logistic_regression,total,lab,Sex,male,373,53,0.4717,0.31145,0.13125,0.7783
2021-2023,0,logistic_regression,total,lab,Age,18-44,282,11,0.0,0.0,0.00738,0.77122
2021-2023,0,logistic_regression,total,lab,Age,45-64,292,41,0.53659,0.40688,0.14343,0.83471
2021-2023,0,logistic_regression,total,lab,Age,65+,263,45,0.57778,0.59119,0.22018,0.73445
2021-2023,0,logistic_regression,total,total,Income,PIR<2,266,48,0.64583,0.56423,0.19725,0.79941
2021-2023,0,logistic_regression,total,total,Income,PIR>=2,571,86,0.36047,0.25042,0.05979,0.82841
2021-2023,0,logistic_regression,total,total,Education,HS_or_less,256,62,0.66129,0.54398,0.23711,0.77103
2021-2023,0,logistic_regression,total,total,Education,some_college+,581,72,0.29167,0.18872,0.05108,0.82905
2021-2023,0,logistic_regression,total,total,Sex,female,464,64,0.51562,0.46434,0.085,0.83781
2021-2023,0,logistic_regression,total,total,Sex,male,373,70,0.41429,0.26762,0.12541,0.78307
2021-2023,0,logistic_regression,total,total,Age,18-44,282,15,0.0,0.0,0.00749,0.7573
2021-2023,0,logistic_regression,total,total,Age,45-64,292,54,0.46296,0.32049,0.13866,0.8131
2021-2023,0,logistic_regression,total,total,Age,65+,263,65,0.56923,0.57803,0.18687,0.76294
2021-2023,1,xgboost,diag,diag,Income,PIR<2,268,50,0.46,0.51905,0.13761,0.78697
2021-2023,1,xgboost,diag,diag,Income,PIR>=2,569,67,0.38806,0.35865,0.07769,0.81614
2021-2023,1,xgboost,diag,diag,Education,HS_or_less,251,57,0.50877,0.51869,0.19072,0.7665
2021-2023,1,xgboost,diag,diag,Education,some_college+,586,60,0.33333,0.30937,0.06084,0.81166
2021-2023,1,xgboost,diag,diag,Sex,female,466,56,0.48214,0.53206,0.08537,0.84408
2021-2023,1,xgboost,diag,diag,Sex,male,371,61,0.36066,0.33505,0.10968,0.77816
2021-2023,1,xgboost,diag,diag,Age,18-44,268,11,0.0,0.0,0.00778,0.75557
2021-2023,1,xgboost,diag,diag,Age,45-64,288,48,0.4375,0.45944,0.12083,0.8053
2021-2023,1,xgboost,diag,diag,Age,65+,281,58,0.48276,0.50124,0.1704,0.73852
2021-2023,1,xgboost,diag,lab,Income,PIR<2,268,41,0.58537,0.6449,0.12775,0.8139
2021-2023,1,xgboost,diag,lab,Income,PIR>=2,569,56,0.41071,0.39606,0.08187,0.80201
2021-2023,1,xgboost,diag,lab,Education,HS_or_less,251,47,0.6383,0.6738,0.17647,0.80058
2021-2023,1,xgboost,diag,lab,Education,some_college+,586,50,0.34,0.31023,0.0653,0.79399
2021-2023,1,xgboost,diag,lab,Sex,female,466,49,0.55102,0.60397,0.08393,0.83786
2021-2023,1,xgboost,diag,lab,Sex,male,371,48,0.41667,0.40493,0.11146,0.78064
2021-2023,1,xgboost,diag,lab,Age,18-44,268,12,0.0,0.0,0.00781,0.74284
2021-2023,1,xgboost,diag,lab,Age,45-64,288,38,0.55263,0.59052,0.116,0.83726
2021-2023,1,xgboost,diag,lab,Age,65+,281,47,0.55319,0.57186,0.17094,0.76368
2021-2023,1,xgboost,diag,total,Income,PIR<2,268,58,0.46552,0.52385,0.12381,0.79433
2021-2023,1,xgboost,diag,total,Income,PIR>=2,569,76,0.38158,0.35433,0.07302,0.80351
2021-2023,1,xgboost,diag,total,Education,HS_or_less,251,64,0.53125,0.53803,0.17112,0.77766
2021-2023,1,xgboost,diag,total,Education,some_college+,586,70,0.31429,0.295,0.05814,0.80097
2021-2023,1,xgboost,diag,total,Sex,female,466,66,0.48485,0.53001,0.075,0.83769
2021-2023,1,xgboost,diag,total,Sex,male,371,68,0.35294,0.33219,0.10561,0.77349
2021-2023,1,xgboost,diag,total,Age,18-44,268,16,0.0,0.0,0.00794,0.77158
2021-2023,1,xgboost,diag,total,Age,45-64,288,53,0.45283,0.47641,0.11064,0.81293
2021-2023,1,xgboost,diag,total,Age,65+,281,65,0.49231,0.50459,0.15741,0.73967
2021-2023,1,xgboost,lab,diag,Income,PIR<2,268,50,0.44,0.49951,0.12385,0.76826
2021-2023,1,xgboost,lab,diag,Income,PIR>=2,569,67,0.31343,0.29457,0.05378,0.79943
2021-2023,1,xgboost,lab,diag,Education,HS_or_less,251,57,0.47368,0.48595,0.15979,0.74091
2021-2023,1,xgboost,lab,diag,Education,some_college+,586,60,0.26667,0.24642,0.04373,0.79591
2021-2023,1,xgboost,lab,diag,Sex,female,466,56,0.39286,0.45064,0.06098,0.82914
2021-2023,1,xgboost,lab,diag,Sex,male,371,61,0.34426,0.31448,0.09355,0.75621
2021-2023,1,xgboost,lab,diag,Age,18-44,268,11,0.09091,0.0785,0.01946,0.74036
2021-2023,1,xgboost,lab,diag,Age,45-64,288,48,0.4375,0.43293,0.1,0.7928
2021-2023,1,xgboost,lab,diag,Age,65+,281,58,0.36207,0.38994,0.11211,0.71594
2021-2023,1,xgboost,lab,lab,Income,PIR<2,268,41,0.4878,0.47059,0.12775,0.8009
2021-2023,1,xgboost,lab,lab,Income,PIR>=2,569,56,0.30357,0.29075,0.06043,0.77586
2021-2023,1,xgboost,lab,lab,Education,HS_or_less,251,47,0.48936,0.47913,0.17157,0.74635
2021-2023,1,xgboost,lab,lab,Education,some_college+,586,50,0.28,0.24128,0.04664,0.78642
2021-2023,1,xgboost,lab,lab,Sex,female,466,49,0.38776,0.39676,0.06715,0.82734
2021-2023,1,xgboost,lab,lab,Sex,male,371,48,0.375,0.33271,0.09907,0.74839
2021-2023,1,xgboost,lab,lab,Age,18-44,268,12,0.08333,0.04351,0.01953,0.76074
2021-2023,1,xgboost,lab,lab,Age,45-64,288,38,0.5,0.47321,0.104,0.80916
2021-2023,1,xgboost,lab,lab,Age,65+,281,47,0.3617,0.35291,0.12393,0.71749
2021-2023,1,xgboost,lab,total,Income,PIR<2,268,58,0.43103,0.48242,0.11429,0.78374
2021-2023,1,xgboost,lab,total,Income,PIR>=2,569,76,0.30263,0.28559,0.05071,0.78977
2021-2023,1,xgboost,lab,total,Education,HS_or_less,251,64,0.46875,0.48022,0.14973,0.74357
2021-2023,1,xgboost,lab,total,Education,some_college+,586,70,0.25714,0.23671,0.0407,0.79834
2021-2023,1,xgboost,lab,total,Sex,female,466,66,0.36364,0.41325,0.0575,0.82242
2021-2023,1,xgboost,lab,total,Sex,male,371,68,0.35294,0.32172,0.08581,0.76291
2021-2023,1,xgboost,lab,total,Age,18-44,268,16,0.125,0.09527,0.01587,0.77803
2021-2023,1,xgboost,lab,total,Age,45-64,288,53,0.43396,0.42943,0.09362,0.80008
2021-2023,1,xgboost,lab,total,Age,65+,281,65,0.35385,0.37817,0.10648,0.71439
2021-2023,1,xgboost,total,diag,Income,PIR<2,268,50,0.6,0.64076,0.16972,0.79193
2021-2023,1,xgboost,total,diag,Income,PIR>=2,569,67,0.43284,0.39831,0.0757,0.8178
2021-2023,1,xgboost,total,diag,Education,HS_or_less,251,57,0.63158,0.61166,0.21649,0.77573
2021-2023,1,xgboost,total,diag,Education,some_college+,586,60,0.38333,0.3561,0.06274,0.81286
2021-2023,1,xgboost,total,diag,Sex,female,466,56,0.58929,0.61513,0.09512,0.85353
2021-2023,1,xgboost,total,diag,Sex,male,371,61,0.42623,0.39726,0.11613,0.7743
2021-2023,1,xgboost,total,diag,Age,18-44,268,11,0.18182,0.13311,0.02335,0.76229
2021-2023,1,xgboost,total,diag,Age,45-64,288,48,0.54167,0.54305,0.12083,0.81198
2021-2023,1,xgboost,total,diag,Age,65+,281,58,0.53448,0.53789,0.17937,0.74099
2021-2023,1,xgboost,total,lab,Income,PIR<2,268,41,0.65854,0.69523,0.17621,0.8225
2021-2023,1,xgboost,total,lab,Income,PIR>=2,569,56,0.42857,0.41269,0.08382,0.79424
2021-2023,1,xgboost,total,lab,Education,HS_or_less,251,47,0.68085,0.6947,0.22549,0.79255
2021-2023,1,xgboost,total,lab,Education,some_college+,586,50,0.38,0.34917,0.06903,0.79463
2021-2023,1,xgboost,total,lab,Sex,female,466,49,0.61224,0.66668,0.10072,0.84975
2021-2023,1,xgboost,total,lab,Sex,male,371,48,0.4375,0.40838,0.12693,0.7638
2021-2023,1,xgboost,total,lab,Age,18-44,268,12,0.08333,0.04351,0.02734,0.75814
2021-2023,1,xgboost,total,lab,Age,45-64,288,38,0.60526,0.62663,0.128,0.83147
2021-2023,1,xgboost,total,lab,Age,65+,281,47,0.57447,0.58894,0.18803,0.76187
2021-2023,1,xgboost,total,total,Income,PIR<2,268,58,0.58621,0.63219,0.15714,0.80427
2021-2023,1,xgboost,total,total,Income,PIR>=2,569,76,0.40789,0.38041,0.07302,0.80562
2021-2023,1,xgboost,total,total,Education,HS_or_less,251,64,0.625,0.61228,0.20321,0.783
2021-2023,1,xgboost,total,total,Education,some_college+,586,70,0.35714,0.3362,0.06008,0.80786
2021-2023,1,xgboost,total,total,Sex,female,466,66,0.56061,0.59218,0.0875,0.85152
2021-2023,1,xgboost,total,total,Sex,male,371,68,0.41176,0.38734,0.11221,0.76922
2021-2023,1,xgboost,total,total,Age,18-44,268,16,0.1875,0.13782,0.01984,0.77654
2021-2023,1,xgboost,total,total,Age,45-64,288,53,0.5283,0.54508,0.11489,0.81823
2021-2023,1,xgboost,total,total,Age,65+,281,65,0.52308,0.52183,0.1713,0.74395
2021-2023,1,random_forest,diag,diag,Income,PIR<2,268,50,0.56,0.51812,0.13303,0.81835
2021-2023,1,random_forest,diag,diag,Income,PIR>=2,569,67,0.38806,0.36703,0.06972,0.82106
2021-2023,1,random_forest,diag,diag,Education,HS_or_less,251,57,0.61404,0.53103,0.15979,0.8114
2021-2023,1,random_forest,diag,diag,Education,some_college+,586,60,0.31667,0.30567,0.06274,0.81421
2021-2023,1,random_forest,diag,diag,Sex,female,466,56,0.53571,0.57063,0.0878,0.85902
2021-2023,1,random_forest,diag,diag,Sex,male,371,61,0.39344,0.31403,0.09032,0.79463
2021-2023,1,random_forest,diag,diag,Age,18-44,268,11,0.0,0.0,0.01167,0.73505
2021-2023,1,random_forest,diag,diag,Age,45-64,288,48,0.5,0.44625,0.1,0.83837
2021-2023,1,random_forest,diag,diag,Age,65+,281,58,0.51724,0.53011,0.16592,0.76094
2021-2023,1,random_forest,diag,lab,Income,PIR<2,268,41,0.63415,0.59238,0.13656,0.83888
2021-2023,1,random_forest,diag,lab,Income,PIR>=2,569,56,0.39286,0.39268,0.07602,0.80611
2021-2023,1,random_forest,diag,lab,Education,HS_or_less,251,47,0.70213,0.65364,0.16176,0.82494
2021-2023,1,random_forest,diag,lab,Education,some_college+,586,50,0.3,0.28506,0.06903,0.80584
2021-2023,1,random_forest,diag,lab,Sex,female,466,49,0.53061,0.59802,0.09592,0.84388
2021-2023,1,random_forest,diag,lab,Sex,male,371,48,0.45833,0.36889,0.09288,0.80137
2021-2023,1,random_forest,diag,lab,Age,18-44,268,12,0.0,0.0,0.01172,0.74105
2021-2023,1,random_forest,diag,lab,Age,45-64,288,38,0.57895,0.52491,0.104,0.84489
2021-2023,1,random_forest,diag,lab,Age,65+,281,47,0.55319,0.59125,0.17521,0.78378
2021-2023,1,random_forest,diag,total,Income,PIR<2,268,58,0.53448,0.51092,0.12381,0.82143
2021-2023,1,random_forest,diag,total,Income,PIR>=2,569,76,0.36842,0.3519,0.06694,0.80535
2021-2023,1,random_forest,diag,total,Education,HS_or_less,251,64,0.625,0.54947,0.13904,0.80932
2021-2023,1,random_forest,diag,total,Education,some_college+,586,70,0.27143,0.26917,0.06395,0.80788
2021-2023,1,random_forest,diag,total,Sex,female,466,66,0.5,0.53946,0.0825,0.84443
2021-2023,1,random_forest,diag,total,Sex,male,371,68,0.38235,0.31267,0.08581,0.7923
2021-2023,1,random_forest,diag,total,Age,18-44,268,16,0.0,0.0,0.0119,0.74913
2021-2023,1,random_forest,diag,total,Age,45-64,288,53,0.49057,0.45389,0.09362,0.84637
2021-2023,1,random_forest,diag,total,Age,65+,281,65,0.50769,0.51496,0.15741,0.75036
2021-2023,1,random_forest,lab,diag,Income,PIR<2,268,50,0.46,0.43404,0.1055,0.79257
2021-2023,1,random_forest,lab,diag,Income,PIR>=2,569,67,0.34328,0.33951,0.05578,0.81186
2021-2023,1,random_forest,lab,diag,Education,HS_or_less,251,57,0.52632,0.46574,0.14433,0.78911
2021-2023,1,random_forest,lab,diag,Education,some_college+,586,60,0.26667,0.27443,0.04373,0.80222
2021-2023,1,random_forest,lab,diag,Sex,female,466,56,0.41071,0.44449,0.06098,0.84758
2021-2023,1,random_forest,lab,diag,Sex,male,371,61,0.37705,0.32347,0.08387,0.76586
2021-2023,1,random_forest,lab,diag,Age,18-44,268,11,0.0,0.0,0.02335,0.70658
2021-2023,1,random_forest,lab,diag,Age,45-64,288,48,0.41667,0.39115,0.08333,0.81402
2021-2023,1,random_forest,lab,diag,Age,65+,281,58,0.44828,0.47286,0.11211,0.743
2021-2023,1,random_forest,lab,lab,Income,PIR<2,268,41,0.4878,0.42888,0.11454,0.8131
2021-2023,1,random_forest,lab,lab,Income,PIR>=2,569,56,0.35714,0.36723,0.06043,0.78752
2021-2023,1,random_forest,lab,lab,Education,HS_or_less,251,47,0.57447,0.51925,0.15196,0.78598
2021-2023,1,random_forest,lab,lab,Education,some_college+,586,50,0.26,0.2613,0.04851,0.79347
2021-2023,1,random_forest,lab,lab,Sex,female,466,49,0.40816,0.45123,0.06715,0.83292
2021-2023,1,random_forest,lab,lab,Sex,male,371,48,0.41667,0.34332,0.08978,0.76325
2021-2023,1,random_forest,lab,lab,Age,18-44,268,12,0.08333,0.04351,0.01953,0.73763
2021-2023,1,random_forest,lab,lab,Age,45-64,288,38,0.44737,0.40748,0.092,0.80937
2021-2023,1,random_forest,lab,lab,Age,65+,281,47,0.46809,0.5084,0.12393,0.75182
2021-2023,1,random_forest,lab,total,Income,PIR<2,268,58,0.44828,0.43851,0.09524,0.80591
2021-2023,1,random_forest,lab,total,Income,PIR>=2,569,76,0.32895,0.32671,0.05274,0.80044
2021-2023,1,random_forest,lab,total,Education,HS_or_less,251,64,0.53125,0.48147,0.12834,0.78952
2021-2023,1,random_forest,lab,total,Education,some_college+,586,70,0.24286,0.25154,0.04264,0.80421
2021-2023,1,random_forest,lab,total,Sex,female,466,66,0.37879,0.42039,0.0575,0.83712
2021-2023,1,random_forest,lab,total,Sex,male,371,68,0.38235,0.33007,0.07591,0.77361
2021-2023,1,random_forest,lab,total,Age,18-44,268,16,0.0625,0.0341,0.01984,0.74777
2021-2023,1,random_forest,lab,total,Age,45-64,288,53,0.41509,0.40199,0.0766,0.8216
2021-2023,1,random_forest,lab,total,Age,65+,281,65,0.43077,0.45326,0.10648,0.73643
2021-2023,1,random_forest,total,diag,Income,PIR<2,268,50,0.56,0.55438,0.14679,0.81161
2021-2023,1,random_forest,total,diag,Income,PIR>=2,569,67,0.43284,0.43727,0.09163,0.81446
2021-2023,1,random_forest,total,diag,Education,HS_or_less,251,57,0.63158,0.57517,0.18557,0.81208
2021-2023,1,random_forest,total,diag,Education,some_college+,586,60,0.35,0.37752,0.07985,0.80225
2021-2023,1,random_forest,total,diag,Sex,female,466,56,0.53571,0.58341,0.1,0.85314
2021-2023,1,random_forest,total,diag,Sex,male,371,61,0.44262,0.40511,0.11935,0.7825
2021-2023,1,random_forest,total,diag,Age,18-44,268,11,0.09091,0.0785,0.00778,0.72091
2021-2023,1,random_forest,total,diag,Age,45-64,288,48,0.5625,0.54807,0.13333,0.83377
2021-2023,1,random_forest,total,diag,Age,65+,281,58,0.5,0.52461,0.19731,0.74981
2021-2023,1,random_forest,total,lab,Income,PIR<2,268,41,0.65854,0.60914,0.14537,0.83985
2021-2023,1,random_forest,total,lab,Income,PIR>=2,569,56,0.41071,0.4464,0.10136,0.79941
2021-2023,1,random_forest,total,lab,Education,HS_or_less,251,47,0.70213,0.65364,0.19118,0.81727
2021-2023,1,random_forest,total,lab,Education,some_college+,586,50,0.34,0.36422,0.08582,0.80063
2021-2023,1,random_forest,total,lab,Sex,female,466,49,0.55102,0.61276,0.10552,0.84224
2021-2023,1,random_forest,total,lab,Sex,male,371,48,0.47917,0.4278,0.12693,0.78757
2021-2023,1,random_forest,total,lab,Age,18-44,268,12,0.0,0.0,0.01172,0.72217
2021-2023,1,random_forest,total,lab,Age,45-64,288,38,0.63158,0.61023,0.14,0.83184
2021-2023,1,random_forest,total,lab,Age,65+,281,47,0.55319,0.59125,0.20085,0.77905
2021-2023,1,random_forest,total,total,Income,PIR<2,268,58,0.55172,0.55528,0.13333,0.81897
2021-2023,1,random_forest,total,total,Income,PIR>=2,569,76,0.40789,0.41617,0.08925,0.80039
2021-2023,1,random_forest,total,total,Education,HS_or_less,251,64,0.64062,0.59043,0.16578,0.80807
2021-2023,1,random_forest,total,total,Education,some_college+,586,70,0.31429,0.34226,0.07946,0.80138
2021-2023,1,random_forest,total,total,Sex,female,466,66,0.51515,0.56125,0.0925,0.8442
2021-2023,1,random_forest,total,total,Sex,male,371,68,0.42647,0.39725,0.11551,0.779
2021-2023,1,random_forest,total,total,Age,18-44,268,16,0.0625,0.06117,0.00794,0.73611
2021-2023,1,random_forest,total,total,Age,45-64,288,53,0.56604,0.5599,0.1234,0.84079
2021-2023,1,random_forest,total,total,Age,65+,281,65,0.49231,0.50998,0.18981,0.74302
2021-2023,1,logistic_regression,diag,diag,Income,PIR<2,268,50,0.52,0.44108,0.11927,0.84394
2021-2023,1,logistic_regression,diag,diag,Income,PIR>=2,569,67,0.46269,0.41439,0.06972,0.83653
2021-2023,1,logistic_regression,diag,diag,Education,HS_or_less,251,57,0.66667,0.57005,0.20103,0.8233
2021-2023,1,logistic_regression,diag,diag,Education,some_college+,586,60,0.31667,0.26044,0.04183,0.83222
2021-2023,1,logistic_regression,diag,diag,Sex,female,466,56,0.58929,0.58868,0.08049,0.87557
2021-2023,1,logistic_regression,diag,diag,Sex,male,371,61,0.39344,0.29929,0.09032,0.81089
2021-2023,1,logistic_regression,diag,diag,Age,18-44,268,11,0.27273,0.15912,0.00389,0.81995
2021-2023,1,logistic_regression,diag,diag,Age,45-64,288,48,0.375,0.31449,0.08333,0.84089
2021-2023,1,logistic_regression,diag,diag,Age,65+,281,58,0.62069,0.64495,0.17937,0.78328
2021-2023,1,logistic_regression,diag,lab,Income,PIR<2,268,41,0.53659,0.46709,0.13216,0.83657
2021-2023,1,logistic_regression,diag,lab,Income,PIR>=2,569,56,0.48214,0.44087,0.07602,0.82226
2021-2023,1,logistic_regression,diag,lab,Education,HS_or_less,251,47,0.70213,0.64505,0.21569,0.81758
2021-2023,1,logistic_regression,diag,lab,Education,some_college+,586,50,0.32,0.25384,0.04664,0.82586
2021-2023,1,logistic_regression,diag,lab,Sex,female,466,49,0.65306,0.66663,0.08153,0.87848
2021-2023,1,logistic_regression,diag,lab,Sex,male,371,48,0.35417,0.27804,0.10836,0.78038
2021-2023,1,logistic_regression,diag,lab,Age,18-44,268,12,0.16667,0.06325,0.00781,0.78841
2021-2023,1,logistic_regression,diag,lab,Age,45-64,288,38,0.39474,0.32967,0.092,0.81768
2021-2023,1,logistic_regression,diag,lab,Age,65+,281,47,0.68085,0.74669,0.18803,0.82388
2021-2023,1,logistic_regression,diag,total,Income,PIR<2,268,58,0.51724,0.4545,0.10476,0.85
2021-2023,1,logistic_regression,diag,total,Income,PIR>=2,569,76,0.46053,0.41208,0.06288,0.82924
2021-2023,1,logistic_regression,diag,total,Education,HS_or_less,251,64,0.67188,0.58568,0.18182,0.82879
2021-2023,1,logistic_regression,diag,total,Education,some_college+,586,70,0.31429,0.2604,0.03682,0.83331
2021-2023,1,logistic_regression,diag,total,Sex,female,466,66,0.59091,0.58876,0.0675,0.87383
2021-2023,1,logistic_regression,diag,total,Sex,male,371,68,0.38235,0.29898,0.08581,0.80698
2021-2023,1,logistic_regression,diag,total,Age,18-44,268,16,0.25,0.15328,0.0,0.82589
2021-2023,1,logistic_regression,diag,total,Age,45-64,288,53,0.39623,0.33986,0.07234,0.84866
2021-2023,1,logistic_regression,diag,total,Age,65+,281,65,0.61538,0.63473,0.16667,0.78796
2021-2023,1,logistic_regression,lab,diag,Income,PIR<2,268,50,0.56,0.47376,0.07798,0.84349
2021-2023,1,logistic_regression,lab,diag,Income,PIR>=2,569,67,0.31343,0.29111,0.06175,0.83781
2021-2023,1,logistic_regression,lab,diag,Education,HS_or_less,251,57,0.64912,0.54136,0.15464,0.83035
2021-2023,1,logistic_regression,lab,diag,Education,some_college+,586,60,0.2,0.1582,0.03422,0.83159
2021-2023,1,logistic_regression,lab,diag,Sex,female,466,56,0.42857,0.40777,0.0561,0.86977
2021-2023,1,logistic_regression,lab,diag,Sex,male,371,61,0.40984,0.32601,0.08065,0.8101
2021-2023,1,logistic_regression,lab,diag,Age,18-44,268,11,0.18182,0.13311,0.00389,0.84683
2021-2023,1,logistic_regression,lab,diag,Age,45-64,288,48,0.39583,0.32201,0.05833,0.84045
2021-2023,1,logistic_regression,lab,diag,Age,65+,281,58,0.48276,0.48142,0.14798,0.76829
2021-2023,1,logistic_regression,lab,lab,Income,PIR<2,268,41,0.5122,0.42606,0.10573,0.84678
2021-2023,1,logistic_regression,lab,lab,Income,PIR>=2,569,56,0.32143,0.30953,0.06628,0.82105
2021-2023,1,logistic_regression,lab,lab,Education,HS_or_less,251,47,0.6383,0.55708,0.18137,0.82165
2021-2023,1,logistic_regression,lab,lab,Education,some_college+,586,50,0.18,0.14979,0.03918,0.82907
2021-2023,1,logistic_regression,lab,lab,Sex,female,466,49,0.44898,0.45861,0.05995,0.87745
2021-2023,1,logistic_regression,lab,lab,Sex,male,371,48,0.35417,0.27214,0.10217,0.78019
2021-2023,1,logistic_regression,lab,lab,Age,18-44,268,12,0.08333,0.03739,0.00781,0.82292
2021-2023,1,logistic_regression,lab,lab,Age,45-64,288,38,0.36842,0.31539,0.076,0.81674
2021-2023,1,logistic_regression,lab,lab,Age,65+,281,47,0.51064,0.52666,0.15812,0.81251
2021-2023,1,logistic_regression,lab,total,Income,PIR<2,268,58,0.53448,0.47146,0.06667,0.85772
2021-2023,1,logistic_regression,lab,total,Income,PIR>=2,569,76,0.31579,0.28917,0.0568,0.833
2021-2023,1,logistic_regression,lab,total,Education,HS_or_less,251,64,0.65625,0.55906,0.13369,0.84158
2021-2023,1,logistic_regression,lab,total,Education,some_college+,586,70,0.18571,0.1478,0.03295,0.8371
2021-2023,1,logistic_regression,lab,total,Sex,female,466,66,0.42424,0.40596,0.0475,0.87261
2021-2023,1,logistic_regression,lab,total,Sex,male,371,68,0.39706,0.32379,0.07591,0.81246
2021-2023,1,logistic_regression,lab,total,Age,18-44,268,16,0.1875,0.13301,0.0,0.85789
2021-2023,1,logistic_regression,lab,total,Age,45-64,288,53,0.39623,0.33686,0.05106,0.85018
2021-2023,1,logistic_regression,lab,total,Age,65+,281,65,0.47692,0.47086,0.13889,0.77899
2021-2023,1,logistic_regression,total,diag,Income,PIR<2,268,50,0.6,0.5202,0.14679,0.84633
2021-2023,1,logistic_regression,total,diag,Income,PIR>=2,569,67,0.49254,0.46757,0.07769,0.83567
2021-2023,1,logistic_regression,total,diag,Education,HS_or_less,251,57,0.73684,0.67285,0.22165,0.82827
2021-2023,1,logistic_regression,total,diag,Education,some_college+,586,60,0.35,0.27886,0.05323,0.82925
2021-2023,1,logistic_regression,total,diag,Sex,female,466,56,0.57143,0.56153,0.08293,0.87243
2021-2023,1,logistic_regression,total,diag,Sex,male,371,61,0.5082,0.4315,0.11935,0.80978
2021-2023,1,logistic_regression,total,diag,Age,18-44,268,11,0.27273,0.15912,0.00389,0.82667
2021-2023,1,logistic_regression,total,diag,Age,45-64,288,48,0.45833,0.43686,0.09583,0.84323
2021-2023,1,logistic_regression,total,diag,Age,65+,281,58,0.65517,0.65333,0.21076,0.7747
2021-2023,1,logistic_regression,total,lab,Income,PIR<2,268,41,0.60976,0.52344,0.163,0.83948
2021-2023,1,logistic_regression,total,lab,Income,PIR>=2,569,56,0.46429,0.41066,0.08967,0.81986
2021-2023,1,logistic_regression,total,lab,Education,HS_or_less,251,47,0.7234,0.64139,0.25,0.82186
2021-2023,1,logistic_regression,total,lab,Education,some_college+,586,50,0.34,0.26507,0.0597,0.82235
2021-2023,1,logistic_regression,total,lab,Sex,female,466,49,0.61224,0.61441,0.08633,0.87701
2021-2023,1,logistic_regression,total,lab,Sex,male,371,48,0.4375,0.3267,0.14551,0.77819
2021-2023,1,logistic_regression,total,lab,Age,18-44,268,12,0.16667,0.06325,0.00781,0.80729
2021-2023,1,logistic_regression,total,lab,Age,45-64,288,38,0.42105,0.34032,0.116,0.81716
2021-2023,1,logistic_regression,total,lab,Age,65+,281,47,0.70213,0.74367,0.22222,0.81469
2021-2023,1,logistic_regression,total,total,Income,PIR<2,268,58,0.60345,0.54181,0.12857,0.85534
2021-2023,1,logistic_regression,total,total,Income,PIR>=2,569,76,0.47368,0.45063,0.07302,0.83015
2021-2023,1,logistic_regression,total,total,Education,HS_or_less,251,64,0.73438,0.68106,0.20321,0.83665
2021-2023,1,logistic_regression,total,total,Education,some_college+,586,70,0.34286,0.27762,0.04845,0.83278
2021-2023,1,logistic_regression,total,total,Sex,female,466,66,0.56061,0.55124,0.0725,0.87322
2021-2023,1,logistic_regression,total,total,Sex,male,371,68,0.5,0.43376,0.11221,0.80873
2021-2023,1,logistic_regression,total,total,Age,18-44,268,16,0.25,0.15328,0.0,0.83953
2021-2023,1,logistic_regression,total,total,Age,45-64,288,53,0.4717,0.45513,0.08511,0.85211
2021-2023,1,logistic_regression,total,total,Age,65+,281,65,0.64615,0.64356,0.19907,0.78205
2021-2023,2,xgboost,diag,diag,Income,PIR<2,270,53,0.43396,0.37434,0.14747,0.77515
2021-2023,2,xgboost,diag,diag,Income,PIR>=2,567,64,0.28125,0.23487,0.08946,0.8015
2021-2023,2,xgboost,diag,diag,Education,HS_or_less,251,49,0.44898,0.3946,0.19802,0.73732
2021-2023,2,xgboost,diag,diag,Education,some_college+,586,68,0.27941,0.22334,0.07143,0.82001
2021-2023,2,xgboost,diag,diag,Sex,female,461,67,0.26866,0.20233,0.08122,0.78911
2021-2023,2,xgboost,diag,diag,Sex,male,376,50,0.46,0.41314,0.13804,0.81429
2021-2023,2,xgboost,diag,diag,Age,18-44,281,8,0.0,0.0,0.01099,0.75687
2021-2023,2,xgboost,diag,diag,Age,45-64,303,57,0.38596,0.2869,0.1626,0.73656
2021-2023,2,xgboost,diag,diag,Age,65+,253,52,0.36538,0.39173,0.16915,0.72015
2021-2023,2,xgboost,diag,lab,Income,PIR<2,270,44,0.45455,0.4125,0.15487,0.77041
2021-2023,2,xgboost,diag,lab,Income,PIR>=2,567,53,0.26415,0.26124,0.09533,0.7955
2021-2023,2,xgboost,diag,lab,Education,HS_or_less,251,46,0.47826,0.44748,0.19512,0.73765
2021-2023,2,xgboost,diag,lab,Education,some_college+,586,51,0.23529,0.21099,0.08224,0.80462
2021-2023,2,xgboost,diag,lab,Sex,female,461,52,0.28846,0.22803,0.08557,0.77939
2021-2023,2,xgboost,diag,lab,Sex,male,376,45,0.42222,0.43991,0.14804,0.8
2021-2023,2,xgboost,diag,lab,Age,18-44,281,10,0.0,0.0,0.01107,0.84576
2021-2023,2,xgboost,diag,lab,Age,45-64,303,42,0.38095,0.31013,0.17625,0.70854
2021-2023,2,xgboost,diag,lab,Age,65+,253,45,0.4,0.47672,0.16827,0.73152
2021-2023,2,xgboost,diag,total,Income,PIR<2,270,60,0.41667,0.36973,0.14286,0.775
2021-2023,2,xgboost,diag,total,Income,PIR>=2,567,74,0.25676,0.22799,0.08925,0.79872
2021-2023,2,xgboost,diag,total,Education,HS_or_less,251,57,0.42105,0.38148,0.19588,0.73033
2021-2023,2,xgboost,diag,total,Education,some_college+,586,77,0.25974,0.21352,0.07073,0.81831
2021-2023,2,xgboost,diag,total,Sex,female,461,77,0.24675,0.18308,0.08073,0.79011
2021-2023,2,xgboost,diag,total,Sex,male,376,57,0.4386,0.42002,0.1348,0.80806
2021-2023,2,xgboost,diag,total,Age,18-44,281,11,0.0,0.0,0.01111,0.81684
2021-2023,2,xgboost,diag,total,Age,45-64,303,62,0.37097,0.28262,0.16183,0.7331
2021-2023,2,xgboost,diag,total,Age,65+,253,61,0.34426,0.3867,0.16667,0.70184
2021-2023,2,xgboost,lab,diag,Income,PIR<2,270,53,0.35849,0.34852,0.14747,0.74446
2021-2023,2,xgboost,lab,diag,Income,PIR>=2,567,64,0.26562,0.2262,0.05765,0.79259
2021-2023,2,xgboost,lab,diag,Education,HS_or_less,251,49,0.40816,0.38122,0.19307,0.70853
2021-2023,2,xgboost,lab,diag,Education,some_college+,586,68,0.23529,0.20602,0.04247,0.80922
2021-2023,2,xgboost,lab,diag,Sex,female,461,67,0.23881,0.2237,0.06345,0.76703
2021-2023,2,xgboost,lab,diag,Sex,male,376,50,0.4,0.34762,0.11043,0.81294
2021-2023,2,xgboost,lab,diag,Age,18-44,281,8,0.125,0.06249,0.01832,0.6946
2021-2023,2,xgboost,lab,diag,Age,45-64,303,57,0.36842,0.32071,0.13415,0.74276
2021-2023,2,xgboost,lab,diag,Age,65+,253,52,0.26923,0.28061,0.11443,0.68724
2021-2023,2,xgboost,lab,lab,Income,PIR<2,270,44,0.38636,0.39517,0.15044,0.76076
2021-2023,2,xgboost,lab,lab,Income,PIR>=2,567,53,0.24528,0.23883,0.0642,0.78926
2021-2023,2,xgboost,lab,lab,Education,HS_or_less,251,46,0.41304,0.4058,0.19512,0.71707
2021-2023,2,xgboost,lab,lab,Education,some_college+,586,51,0.21569,0.20934,0.05047,0.80388
2021-2023,2,xgboost,lab,lab,Sex,female,461,52,0.25,0.24151,0.06846,0.76909
2021-2023,2,xgboost,lab,lab,Sex,male,376,45,0.37778,0.37678,0.11782,0.80316
2021-2023,2,xgboost,lab,lab,Age,18-44,281,10,0.1,0.05373,0.01845,0.81476
2021-2023,2,xgboost,lab,lab,Age,45-64,303,42,0.33333,0.32558,0.15326,0.70872
2021-2023,2,xgboost,lab,lab,Age,65+,253,45,0.33333,0.3782,0.10577,0.73515
2021-2023,2,xgboost,lab,total,Income,PIR<2,270,60,0.33333,0.32959,0.14762,0.7496
2021-2023,2,xgboost,lab,total,Income,PIR>=2,567,74,0.24324,0.22057,0.0568,0.79072
2021-2023,2,xgboost,lab,total,Education,HS_or_less,251,57,0.38596,0.3701,0.19072,0.69995
2021-2023,2,xgboost,lab,total,Education,some_college+,586,77,0.20779,0.1868,0.04322,0.81252
2021-2023,2,xgboost,lab,total,Sex,female,461,77,0.22078,0.2019,0.0625,0.77114
2021-2023,2,xgboost,lab,total,Sex,male,376,57,0.36842,0.3468,0.10972,0.8101
2021-2023,2,xgboost,lab,total,Age,18-44,281,11,0.09091,0.04695,0.01852,0.76835
2021-2023,2,xgboost,lab,total,Age,45-64,303,62,0.33871,0.30132,0.13693,0.73745
2021-2023,2,xgboost,lab,total,Age,65+,253,61,0.2623,0.29147,0.10938,0.68383
2021-2023,2,xgboost,total,diag,Income,PIR<2,270,53,0.49057,0.44699,0.17051,0.76767
2021-2023,2,xgboost,total,diag,Income,PIR>=2,567,64,0.35938,0.31724,0.09543,0.81194
2021-2023,2,xgboost,total,diag,Education,HS_or_less,251,49,0.55102,0.48524,0.21287,0.75793
2021-2023,2,xgboost,total,diag,Education,some_college+,586,68,0.32353,0.29342,0.08108,0.82024
2021-2023,2,xgboost,total,diag,Sex,female,461,67,0.32836,0.2828,0.09137,0.78987
2021-2023,2,xgboost,total,diag,Sex,male,376,50,0.54,0.48867,0.15031,0.82436
2021-2023,2,xgboost,total,diag,Age,18-44,281,8,0.125,0.06249,0.01465,0.78159
2021-2023,2,xgboost,total,diag,Age,45-64,303,57,0.49123,0.43526,0.1748,0.75225
2021-2023,2,xgboost,total,diag,Age,65+,253,52,0.38462,0.37491,0.18905,0.7167
2021-2023,2,xgboost,total,lab,Income,PIR<2,270,44,0.56818,0.53517,0.16814,0.78268
2021-2023,2,xgboost,total,lab,Income,PIR>=2,567,53,0.33962,0.31335,0.10311,0.81117
2021-2023,2,xgboost,total,lab,Education,HS_or_less,251,46,0.56522,0.51416,0.21463,0.76681
2021-2023,2,xgboost,total,lab,Education,some_college+,586,51,0.33333,0.30329,0.08785,0.8158
2021-2023,2,xgboost,total,lab,Sex,female,461,52,0.38462,0.32966,0.09291,0.7933
2021-2023,2,xgboost,total,lab,Sex,male,376,45,0.51111,0.4933,0.16012,0.81524
2021-2023,2,xgboost,total,lab,Age,18-44,281,10,0.2,0.1395,0.01107,0.85978
2021-2023,2,xgboost,total,lab,Age,45-64,303,42,0.47619,0.42592,0.1954,0.72286
2021-2023,2,xgboost,total,lab,Age,65+,253,45,0.46667,0.48583,0.17788,0.75962
2021-2023,2,xgboost,total,total,Income,PIR<2,270,60,0.48333,0.44635,0.1619,0.77063
2021-2023,2,xgboost,total,total,Income,PIR>=2,567,74,0.33784,0.31511,0.09331,0.81188
2021-2023,2,xgboost,total,total,Education,HS_or_less,251,57,0.50877,0.4586,0.21134,0.74561
2021-2023,2,xgboost,total,total,Education,some_college+,586,77,0.32468,0.30073,0.07662,0.82487
2021-2023,2,xgboost,total,total,Sex,female,461,77,0.32468,0.27787,0.08594,0.79488
2021-2023,2,xgboost,total,total,Sex,male,376,57,0.50877,0.48704,0.14734,0.81961
2021-2023,2,xgboost,total,total,Age,18-44,281,11,0.18182,0.12191,0.01111,0.83401
2021-2023,2,xgboost,total,total,Age,45-64,303,62,0.46774,0.42201,0.17427,0.74883
2021-2023,2,xgboost,total,total,Age,65+,253,61,0.37705,0.38217,0.18229,0.70842
2021-2023,2,random_forest,diag,diag,Income,PIR<2,270,53,0.50943,0.44648,0.15207,0.77193
2021-2023,2,random_forest,diag,diag,Income,PIR>=2,567,64,0.29688,0.22608,0.08151,0.77782
2021-2023,2,random_forest,diag,diag,Education,HS_or_less,251,49,0.44898,0.39918,0.19307,0.72813
2021-2023,2,random_forest,diag,diag,Education,some_college+,586,68,0.35294,0.26141,0.06757,0.80295
2021-2023,2,random_forest,diag,diag,Sex,female,461,67,0.35821,0.28399,0.08376,0.75089
2021-2023,2,random_forest,diag,diag,Sex,male,376,50,0.44,0.36112,0.12577,0.83064
2021-2023,2,random_forest,diag,diag,Age,18-44,281,8,0.0,0.0,0.00733,0.65614
2021-2023,2,random_forest,diag,diag,Age,45-64,303,57,0.40351,0.28842,0.1626,0.73267
2021-2023,2,random_forest,diag,diag,Age,65+,253,52,0.44231,0.45698,0.1592,0.71656
2021-2023,2,random_forest,diag,lab,Income,PIR<2,270,44,0.5,0.46337,0.16814,0.76363
2021-2023,2,random_forest,diag,lab,Income,PIR>=2,567,53,0.26415,0.23178,0.08949,0.7728
2021-2023,2,random_forest,diag,lab,Education,HS_or_less,251,46,0.45652,0.43102,0.19512,0.73542
2021-2023,2,random_forest,diag,lab,Education,some_college+,586,51,0.29412,0.23043,0.08224,0.78395
2021-2023,2,random_forest,diag,lab,Sex,female,461,52,0.34615,0.28093,0.09535,0.74022
2021-2023,2,random_forest,diag,lab,Sex,male,376,45,0.4,0.37909,0.13595,0.81443
2021-2023,2,random_forest,diag,lab,Age,18-44,281,10,0.1,0.08577,0.00369,0.78044
2021-2023,2,random_forest,diag,lab,Age,45-64,303,42,0.35714,0.27519,0.18391,0.71406
2021-2023,2,random_forest,diag,lab,Age,65+,253,45,0.44444,0.49119,0.16827,0.70844
2021-2023,2,random_forest,diag,total,Income,PIR<2,270,60,0.48333,0.43645,0.14762,0.77238
2021-2023,2,random_forest,diag,total,Income,PIR>=2,567,74,0.28378,0.23705,0.07911,0.77826
2021-2023,2,random_forest,diag,total,Education,HS_or_less,251,57,0.42105,0.38538,0.19072,0.72685
2021-2023,2,random_forest,diag,total,Education,some_college+,586,77,0.33766,0.26532,0.06483,0.80255
2021-2023,2,random_forest,diag,total,Sex,female,461,77,0.33766,0.27246,0.08073,0.75553
2021-2023,2,random_forest,diag,total,Sex,male,376,57,0.42105,0.37385,0.12226,0.82453
2021-2023,2,random_forest,diag,total,Age,18-44,281,11,0.09091,0.07495,0.0037,0.75219
2021-2023,2,random_forest,diag,total,Age,45-64,303,62,0.3871,0.28405,0.16183,0.73514
2021-2023,2,random_forest,diag,total,Age,65+,253,61,0.40984,0.44262,0.15625,0.68716
2021-2023,2,random_forest,lab,diag,Income,PIR<2,270,53,0.4717,0.4175,0.1106,0.77637
2021-2023,2,random_forest,lab,diag,Income,PIR>=2,567,64,0.32812,0.29159,0.06163,0.7772
2021-2023,2,random_forest,lab,diag,Education,HS_or_less,251,49,0.5102,0.43802,0.14851,0.75535
2021-2023,2,random_forest,lab,diag,Education,some_college+,586,68,0.30882,0.27968,0.04826,0.79601
2021-2023,2,random_forest,lab,diag,Sex,female,461,67,0.32836,0.2865,0.06345,0.75739
2021-2023,2,random_forest,lab,diag,Sex,male,376,50,0.48,0.41994,0.09202,0.8273
2021-2023,2,random_forest,lab,diag,Age,18-44,281,8,0.125,0.06249,0.01099,0.71864
2021-2023,2,random_forest,lab,diag,Age,45-64,303,57,0.4386,0.38678,0.12195,0.74408
2021-2023,2,random_forest,lab,diag,Age,65+,253,52,0.38462,0.36954,0.10945,0.7158
2021-2023,2,random_forest,lab,lab,Income,PIR<2,270,44,0.47727,0.44924,0.12389,0.78228
2021-2023,2,random_forest,lab,lab,Income,PIR>=2,567,53,0.30189,0.27938,0.07004,0.78045
2021-2023,2,random_forest,lab,lab,Education,HS_or_less,251,46,0.47826,0.43534,0.16098,0.74867
2021-2023,2,random_forest,lab,lab,Education,some_college+,586,51,0.29412,0.26974,0.05794,0.79327
2021-2023,2,random_forest,lab,lab,Sex,female,461,52,0.32692,0.29642,0.07335,0.77302
2021-2023,2,random_forest,lab,lab,Sex,male,376,45,0.44444,0.41143,0.10272,0.80755
2021-2023,2,random_forest,lab,lab,Age,18-44,281,10,0.2,0.1395,0.00738,0.84982
2021-2023,2,random_forest,lab,lab,Age,45-64,303,42,0.40476,0.35214,0.14559,0.72126
2021-2023,2,random_forest,lab,lab,Age,65+,253,45,0.4,0.43158,0.11538,0.73168
2021-2023,2,random_forest,lab,total,Income,PIR<2,270,60,0.43333,0.40236,0.10952,0.78012
2021-2023,2,random_forest,lab,total,Income,PIR>=2,567,74,0.31081,0.29314,0.05882,0.77753
2021-2023,2,random_forest,lab,total,Education,HS_or_less,251,57,0.45614,0.41156,0.14948,0.73725
2021-2023,2,random_forest,lab,total,Education,some_college+,586,77,0.2987,0.28189,0.04519,0.80271
2021-2023,2,random_forest,lab,total,Sex,female,461,77,0.2987,0.26967,0.0625,0.7649
2021-2023,2,random_forest,lab,total,Sex,male,376,57,0.45614,0.42605,0.08777,0.82118
2021-2023,2,random_forest,lab,total,Age,18-44,281,11,0.18182,0.12191,0.00741,0.78838
2021-2023,2,random_forest,lab,total,Age,45-64,303,62,0.41935,0.37646,0.12033,0.74123
2021-2023,2,random_forest,lab,total,Age,65+,253,61,0.34426,0.36005,0.10938,0.70334
2021-2023,2,random_forest,total,diag,Income,PIR<2,270,53,0.50943,0.45263,0.17051,0.77876
2021-2023,2,random_forest,total,diag,Income,PIR>=2,567,64,0.39062,0.35736,0.08946,0.79141
2021-2023,2,random_forest,total,diag,Education,HS_or_less,251,49,0.55102,0.48954,0.20297,0.76096
2021-2023,2,random_forest,total,diag,Education,some_college+,586,68,0.36765,0.33392,0.07915,0.80255
2021-2023,2,random_forest,total,diag,Sex,female,461,67,0.38806,0.33506,0.09645,0.77837
2021-2023,2,random_forest,total,diag,Sex,male,376,50,0.52,0.47924,0.13497,0.82617
2021-2023,2,random_forest,total,diag,Age,18-44,281,8,0.125,0.06249,0.01465,0.70971
2021-2023,2,random_forest,total,diag,Age,45-64,303,57,0.45614,0.4145,0.16667,0.76177
2021-2023,2,random_forest,total,diag,Age,65+,253,52,0.48077,0.47572,0.18408,0.71063
2021-2023,2,random_forest,total,lab,Income,PIR<2,270,44,0.52273,0.48535,0.18142,0.78233
2021-2023,2,random_forest,total,lab,Income,PIR>=2,567,53,0.33962,0.34089,0.10117,0.78465
2021-2023,2,random_forest,total,lab,Education,HS_or_less,251,46,0.56522,0.52253,0.20488,0.76649
2021-2023,2,random_forest,total,lab,Education,some_college+,586,51,0.29412,0.28959,0.09533,0.78805
2021-2023,2,random_forest,total,lab,Sex,female,461,52,0.40385,0.35432,0.10513,0.77511
2021-2023,2,random_forest,total,lab,Sex,male,376,45,0.44444,0.45453,0.15106,0.81198
2021-2023,2,random_forest,total,lab,Age,18-44,281,10,0.3,0.2127,0.00738,0.85646
2021-2023,2,random_forest,total,lab,Age,45-64,303,42,0.40476,0.38177,0.19157,0.72792
2021-2023,2,random_forest,total,lab,Age,65+,253,45,0.46667,0.50124,0.19712,0.71619
2021-2023,2,random_forest,total,total,Income,PIR<2,270,60,0.48333,0.44214,0.16667,0.78425
2021-2023,2,random_forest,total,total,Income,PIR>=2,567,74,0.37838,0.36363,0.08519,0.79095
2021-2023,2,random_forest,total,total,Education,HS_or_less,251,57,0.52632,0.48277,0.19588,0.75818
2021-2023,2,random_forest,total,total,Education,some_college+,586,77,0.35065,0.33107,0.07662,0.80421
2021-2023,2,random_forest,total,total,Sex,female,461,77,0.37662,0.33234,0.09115,0.78353
2021-2023,2,random_forest,total,total,Sex,male,376,57,0.49123,0.47868,0.13166,0.82385
2021-2023,2,random_forest,total,total,Age,18-44,281,11,0.27273,0.18588,0.00741,0.79125
2021-2023,2,random_forest,total,total,Age,45-64,303,62,0.43548,0.4025,0.16598,0.7599
2021-2023,2,random_forest,total,total,Age,65+,253,61,0.44262,0.45868,0.18229,0.69275
2021-2023,2,logistic_regression,diag,diag,Income,PIR<2,270,53,0.50943,0.48837,0.17972,0.79184
2021-2023,2,logistic_regression,diag,diag,Income,PIR>=2,567,64,0.26562,0.19877,0.06958,0.81803
2021-2023,2,logistic_regression,diag,diag,Education,HS_or_less,251,49,0.59184,0.52394,0.20792,0.76773
2021-2023,2,logistic_regression,diag,diag,Education,some_college+,586,68,0.22059,0.17924,0.06178,0.83349
2021-2023,2,logistic_regression,diag,diag,Sex,female,461,67,0.26866,0.24347,0.06599,0.80377
2021-2023,2,logistic_regression,diag,diag,Sex,male,376,50,0.52,0.41834,0.14724,0.83681
2021-2023,2,logistic_regression,diag,diag,Age,18-44,281,8,0.25,0.12184,0.01099,0.82921
2021-2023,2,logistic_regression,diag,diag,Age,45-64,303,57,0.33333,0.26091,0.13821,0.75189
2021-2023,2,logistic_regression,diag,diag,Age,65+,253,52,0.44231,0.46152,0.18408,0.74005
2021-2023,2,logistic_regression,diag,lab,Income,PIR<2,270,44,0.54545,0.52313,0.18584,0.79163
2021-2023,2,logistic_regression,diag,lab,Income,PIR>=2,567,53,0.30189,0.25452,0.07004,0.7984
2021-2023,2,logistic_regression,diag,lab,Education,HS_or_less,251,46,0.58696,0.52369,0.21463,0.74857
2021-2023,2,logistic_regression,diag,lab,Education,some_college+,586,51,0.2549,0.21944,0.06355,0.81451
2021-2023,2,logistic_regression,diag,lab,Sex,female,461,52,0.30769,0.26768,0.06846,0.78249
2021-2023,2,logistic_regression,diag,lab,Sex,male,376,45,0.53333,0.48074,0.15106,0.82424
2021-2023,2,logistic_regression,diag,lab,Age,18-44,281,10,0.3,0.19053,0.00738,0.88487
2021-2023,2,logistic_regression,diag,lab,Age,45-64,303,42,0.40476,0.31804,0.13793,0.74813
2021-2023,2,logistic_regression,diag,lab,Age,65+,253,45,0.44444,0.49258,0.19231,0.70833
2021-2023,2,logistic_regression,diag,total,Income,PIR<2,270,60,0.48333,0.47519,0.17619,0.78897
2021-2023,2,logistic_regression,diag,total,Income,PIR>=2,567,74,0.25676,0.21366,0.06694,0.80568
2021-2023,2,logistic_regression,diag,total,Education,HS_or_less,251,57,0.54386,0.49152,0.20619,0.74815
2021-2023,2,logistic_regression,diag,total,Education,some_college+,586,77,0.22078,0.19082,0.05894,0.82635
2021-2023,2,logistic_regression,diag,total,Sex,female,461,77,0.25974,0.23679,0.0625,0.79836
2021-2023,2,logistic_regression,diag,total,Sex,male,376,57,0.49123,0.42462,0.1442,0.82753
2021-2023,2,logistic_regression,diag,total,Age,18-44,281,11,0.27273,0.16651,0.00741,0.86532
2021-2023,2,logistic_regression,diag,total,Age,45-64,303,62,0.32258,0.2582,0.13693,0.74528
2021-2023,2,logistic_regression,diag,total,Age,65+,253,61,0.40984,0.44651,0.18229,0.71132
2021-2023,2,logistic_regression,lab,diag,Income,PIR<2,270,53,0.45283,0.42715,0.14286,0.77445
2021-2023,2,logistic_regression,lab,diag,Income,PIR>=2,567,64,0.21875,0.14726,0.05567,0.80595
2021-2023,2,logistic_regression,lab,diag,Education,HS_or_less,251,49,0.5102,0.44515,0.17327,0.74591
2021-2023,2,logistic_regression,lab,diag,Education,some_college+,586,68,0.19118,0.13943,0.04633,0.82654
2021-2023,2,logistic_regression,lab,diag,Sex,female,461,67,0.22388,0.19575,0.04315,0.79332
2021-2023,2,logistic_regression,lab,diag,Sex,male,376,50,0.46,0.35236,0.12883,0.83018
2021-2023,2,logistic_regression,lab,diag,Age,18-44,281,8,0.25,0.12184,0.01099,0.82555
2021-2023,2,logistic_regression,lab,diag,Age,45-64,303,57,0.31579,0.25593,0.13415,0.7295
2021-2023,2,logistic_regression,lab,diag,Age,65+,253,52,0.34615,0.31632,0.11443,0.74445
2021-2023,2,logistic_regression,lab,lab,Income,PIR<2,270,44,0.52273,0.51526,0.14159,0.786
2021-2023,2,logistic_regression,lab,lab,Income,PIR>=2,567,53,0.26415,0.20298,0.05447,0.80035
2021-2023,2,logistic_regression,lab,lab,Education,HS_or_less,251,46,0.54348,0.50013,0.17073,0.74168
2021-2023,2,logistic_regression,lab,lab,Education,some_college+,586,51,0.23529,0.17609,0.04673,0.81953
2021-2023,2,logistic_regression,lab,lab,Sex,female,461,52,0.30769,0.26768,0.03912,0.79359
2021-2023,2,logistic_regression,lab,lab,Sex,male,376,45,0.46667,0.4036,0.13293,0.81618
2021-2023,2,logistic_regression,lab,lab,Age,18-44,281,10,0.3,0.19053,0.00738,0.88782
2021-2023,2,logistic_regression,lab,lab,Age,45-64,303,42,0.38095,0.31137,0.1341,0.73426
2021-2023,2,logistic_regression,lab,lab,Age,65+,253,45,0.4,0.40856,0.11058,0.73526
2021-2023,2,logistic_regression,lab,total,Income,PIR<2,270,60,0.43333,0.41857,0.1381,0.77627
2021-2023,2,logistic_regression,lab,total,Income,PIR>=2,567,74,0.21622,0.16955,0.05274,0.79782
2021-2023,2,logistic_regression,lab,total,Education,HS_or_less,251,57,0.47368,0.42449,0.1701,0.73087
2021-2023,2,logistic_regression,lab,total,Education,some_college+,586,77,0.19481,0.15473,0.04322,0.8229
2021-2023,2,logistic_regression,lab,total,Sex,female,461,77,0.22078,0.19479,0.03906,0.79464
2021-2023,2,logistic_regression,lab,total,Sex,male,376,57,0.4386,0.36607,0.12539,0.8206
2021-2023,2,logistic_regression,lab,total,Age,18-44,281,11,0.27273,0.16651,0.00741,0.8633
2021-2023,2,logistic_regression,lab,total,Age,45-64,303,62,0.30645,0.25352,0.13278,0.7254
2021-2023,2,logistic_regression,lab,total,Age,65+,253,61,0.32787,0.32207,0.10938,0.72336
2021-2023,2,logistic_regression,total,diag,Income,PIR<2,270,53,0.50943,0.48837,0.19355,0.78611
2021-2023,2,logistic_regression,total,diag,Income,PIR>=2,567,64,0.3125,0.22784,0.08946,0.81741
2021-2023,2,logistic_regression,total,diag,Education,HS_or_less,251,49,0.61224,0.54348,0.22277,0.7649
2021-2023,2,logistic_regression,total,diag,Education,some_college+,586,68,0.25,0.19466,0.08108,0.83188
2021-2023,2,logistic_regression,total,diag,Sex,female,461,67,0.29851,0.26253,0.08122,0.80161
2021-2023,2,logistic_regression,total,diag,Sex,male,376,50,0.54,0.43276,0.16871,0.83712
2021-2023,2,logistic_regression,total,diag,Age,18-44,281,8,0.25,0.12184,0.01099,0.83791
2021-2023,2,logistic_regression,total,diag,Age,45-64,303,57,0.35088,0.26676,0.1626,0.74954
2021-2023,2,logistic_regression,total,diag,Age,65+,253,52,0.48077,0.50003,0.21891,0.74215
2021-2023,2,logistic_regression,total,lab,Income,PIR<2,270,44,0.54545,0.52313,0.19912,0.79153
2021-2023,2,logistic_regression,total,lab,Income,PIR>=2,567,53,0.33962,0.28279,0.09144,0.80449
2021-2023,2,logistic_regression,total,lab,Education,HS_or_less,251,46,0.6087,0.54404,0.22927,0.75133
2021-2023,2,logistic_regression,total,lab,Education,some_college+,586,51,0.27451,0.23345,0.08411,0.821
2021-2023,2,logistic_regression,total,lab,Sex,female,461,52,0.32692,0.28475,0.08557,0.79058
2021-2023,2,logistic_regression,total,lab,Sex,male,376,45,0.55556,0.4976,0.17221,0.82598
2021-2023,2,logistic_regression,total,lab,Age,18-44,281,10,0.3,0.19053,0.00738,0.89852
2021-2023,2,logistic_regression,total,lab,Age,45-64,303,42,0.40476,0.31804,0.16475,0.75014
2021-2023,2,logistic_regression,total,lab,Age,65+,253,45,0.48889,0.53868,0.22596,0.72083
2021-2023,2,logistic_regression,total,total,Income,PIR<2,270,60,0.48333,0.47519,0.19048,0.78643
2021-2023,2,logistic_regression,total,total,Income,PIR>=2,567,74,0.2973,0.23855,0.08722,0.80662
2021-2023,2,logistic_regression,total,total,Education,HS_or_less,251,57,0.5614,0.50814,0.22165,0.7486
2021-2023,2,logistic_regression,total,total,Education,some_college+,586,77,0.24675,0.2048,0.07859,0.82737
2021-2023,2,logistic_regression,total,total,Sex,female,461,77,0.28571,0.25357,0.07812,0.79968
2021-2023,2,logistic_regression,total,total,Sex,male,376,57,0.50877,0.43742,0.16614,0.8288
2021-2023,2,logistic_regression,total,total,Age,18-44,281,11,0.27273,0.16651,0.00741,0.87273
2021-2023,2,logistic_regression,total,total,Age,45-64,303,62,0.33871,0.2637,0.16183,0.74501
2021-2023,2,logistic_regression,total,total,Age,65+,253,61,0.44262,0.47951,0.21875,0.7179
2021-2023,3,xgboost,diag,diag,Income,PIR<2,267,48,0.52083,0.46366,0.14155,0.78177
2021-2023,3,xgboost,diag,diag,Income,PIR>=2,570,69,0.3913,0.40417,0.06986,0.82528
2021-2023,3,xgboost,diag,diag,Education,HS_or_less,254,50,0.58,0.53664,0.15196,0.77824
2021-2023,3,xgboost,diag,diag,Education,some_college+,583,67,0.34328,0.34465,0.06783,0.82619
2021-2023,3,xgboost,diag,diag,Sex,female,462,58,0.39655,0.38372,0.07426,0.81346
2021-2023,3,xgboost,diag,diag,Sex,male,375,59,0.49153,0.46649,0.11392,0.81463
2021-2023,3,xgboost,diag,diag,Age,18-44,271,13,0.15385,0.22704,0.01163,0.84556
2021-2023,3,xgboost,diag,diag,Age,45-64,289,52,0.5,0.46411,0.10549,0.81078
2021-2023,3,xgboost,diag,diag,Age,65+,277,52,0.46154,0.43511,0.16889,0.71624
2021-2023,3,xgboost,diag,lab,Income,PIR<2,267,38,0.47368,0.36721,0.16594,0.74604
2021-2023,3,xgboost,diag,lab,Income,PIR>=2,570,59,0.40678,0.43312,0.07436,0.80553
2021-2023,3,xgboost,diag,lab,Education,HS_or_less,254,41,0.56098,0.49366,0.17371,0.75427
2021-2023,3,xgboost,diag,lab,Education,some_college+,583,56,0.33929,0.34785,0.074,0.79951
2021-2023,3,xgboost,diag,lab,Sex,female,462,48,0.35417,0.31601,0.08696,0.77335
2021-2023,3,xgboost,diag,lab,Sex,male,375,49,0.5102,0.51491,0.1227,0.80305
2021-2023,3,xgboost,diag,lab,Age,18-44,271,15,0.13333,0.12357,0.01172,0.8651
2021-2023,3,xgboost,diag,lab,Age,45-64,289,42,0.52381,0.49153,0.11741,0.7754
2021-2023,3,xgboost,diag,lab,Age,65+,277,40,0.45,0.43856,0.18565,0.70475
2021-2023,3,xgboost,diag,total,Income,PIR<2,267,54,0.51852,0.44837,0.13146,0.78499
2021-2023,3,xgboost,diag,total,Income,PIR>=2,570,80,0.3625,0.37604,0.06735,0.80492
2021-2023,3,xgboost,diag,total,Education,HS_or_less,254,54,0.57407,0.5177,0.145,0.77
2021-2023,3,xgboost,diag,total,Education,some_college+,583,80,0.325,0.32321,0.06362,0.81434
2021-2023,3,xgboost,diag,total,Sex,female,462,70,0.37143,0.35517,0.06888,0.80372
2021-2023,3,xgboost,diag,total,Sex,male,375,64,0.48438,0.45297,0.10932,0.8024
2021-2023,3,xgboost,diag,total,Age,18-44,271,20,0.2,0.23484,0.00398,0.87131
2021-2023,3,xgboost,diag,total,Age,45-64,289,57,0.47368,0.43615,0.10345,0.78161
2021-2023,3,xgboost,diag,total,Age,65+,277,57,0.45614,0.42942,0.16364,0.72089
2021-2023,3,xgboost,lab,diag,Income,PIR<2,267,48,0.375,0.33271,0.11416,0.77654
2021-2023,3,xgboost,lab,diag,Income,PIR>=2,570,69,0.33333,0.32897,0.06188,0.81874
2021-2023,3,xgboost,lab,diag,Education,HS_or_less,254,50,0.46,0.44478,0.13725,0.79971
2021-2023,3,xgboost,lab,diag,Education,some_college+,583,67,0.26866,0.24789,0.05426,0.80507
2021-2023,3,xgboost,lab,diag,Sex,female,462,58,0.27586,0.28429,0.06931,0.80877
2021-2023,3,xgboost,lab,diag,Sex,male,375,59,0.42373,0.37653,0.08861,0.80385
2021-2023,3,xgboost,lab,diag,Age,18-44,271,13,0.0,0.0,0.00775,0.85271
2021-2023,3,xgboost,lab,diag,Age,45-64,289,52,0.42308,0.42072,0.09283,0.78343
2021-2023,3,xgboost,lab,diag,Age,65+,277,52,0.36538,0.3169,0.14222,0.72821
2021-2023,3,xgboost,lab,lab,Income,PIR<2,267,38,0.36842,0.29491,0.12664,0.75408
2021-2023,3,xgboost,lab,lab,Income,PIR>=2,570,59,0.35593,0.36133,0.06458,0.79203
2021-2023,3,xgboost,lab,lab,Education,HS_or_less,254,41,0.46341,0.44002,0.15023,0.76411
2021-2023,3,xgboost,lab,lab,Education,some_college+,583,56,0.28571,0.26202,0.05693,0.78473
2021-2023,3,xgboost,lab,lab,Sex,female,462,48,0.27083,0.25981,0.07488,0.76313
2021-2023,3,xgboost,lab,lab,Sex,male,375,49,0.44898,0.42559,0.09509,0.79917
2021-2023,3,xgboost,lab,lab,Age,18-44,271,15,0.13333,0.12357,0.0,0.8526
2021-2023,3,xgboost,lab,lab,Age,45-64,289,42,0.45238,0.42935,0.10121,0.75574
2021-2023,3,xgboost,lab,lab,Age,65+,277,40,0.35,0.32243,0.15612,0.71603
2021-2023,3,xgboost,lab,total,Income,PIR<2,267,54,0.37037,0.32245,0.10798,0.7863
2021-2023,3,xgboost,lab,total,Income,PIR>=2,570,80,0.3125,0.30988,0.05918,0.79753
2021-2023,3,xgboost,lab,total,Education,HS_or_less,254,54,0.46296,0.43324,0.13,0.79102
2021-2023,3,xgboost,lab,total,Education,some_college+,583,80,0.25,0.23453,0.05169,0.79811
2021-2023,3,xgboost,lab,total,Sex,female,462,70,0.27143,0.27203,0.06378,0.79625
2021-2023,3,xgboost,lab,total,Sex,male,375,64,0.40625,0.36165,0.08682,0.79693
2021-2023,3,xgboost,lab,total,Age,18-44,271,20,0.1,0.09043,0.0,0.86853
2021-2023,3,xgboost,lab,total,Age,45-64,289,57,0.40351,0.39611,0.09052,0.75998
2021-2023,3,xgboost,lab,total,Age,65+,277,57,0.35088,0.30956,0.14091,0.73333
2021-2023,3,xgboost,total,diag,Income,PIR<2,267,48,0.60417,0.57133,0.16895,0.80299
2021-2023,3,xgboost,total,diag,Income,PIR>=2,570,69,0.3913,0.34896,0.08184,0.82241
2021-2023,3,xgboost,total,diag,Education,HS_or_less,254,50,0.66,0.60827,0.18137,0.80441
2021-2023,3,xgboost,total,diag,Education,some_college+,583,67,0.34328,0.29621,0.07946,0.82014
2021-2023,3,xgboost,total,diag,Sex,female,462,58,0.39655,0.3845,0.09653,0.81982
2021-2023,3,xgboost,total,diag,Sex,male,375,59,0.55932,0.46931,0.12342,0.82112
2021-2023,3,xgboost,total,diag,Age,18-44,271,13,0.30769,0.3428,0.0155,0.87388
2021-2023,3,xgboost,total,diag,Age,45-64,289,52,0.53846,0.47473,0.1308,0.80566
2021-2023,3,xgboost,total,diag,Age,65+,277,52,0.46154,0.39337,0.19111,0.71957
2021-2023,3,xgboost,total,lab,Income,PIR<2,267,38,0.57895,0.48141,0.19214,0.7681
2021-2023,3,xgboost,total,lab,Income,PIR>=2,570,59,0.42373,0.38587,0.08415,0.81021
2021-2023,3,xgboost,total,lab,Education,HS_or_less,254,41,0.65854,0.56168,0.20188,0.7743
2021-2023,3,xgboost,total,lab,Education,some_college+,583,56,0.35714,0.31,0.08349,0.80388
2021-2023,3,xgboost,total,lab,Sex,female,462,48,0.39583,0.36885,0.10386,0.78694
2021-2023,3,xgboost,total,lab,Sex,male,375,49,0.57143,0.47302,0.13497,0.81013
2021-2023,3,xgboost,total,lab,Age,18-44,271,15,0.26667,0.22417,0.01562,0.89349
2021-2023,3,xgboost,total,lab,Age,45-64,289,42,0.57143,0.48799,0.1417,0.78321
2021-2023,3,xgboost,total,lab,Age,65+,277,40,0.475,0.41891,0.20253,0.69504
2021-2023,3,xgboost,total,total,Income,PIR<2,267,54,0.59259,0.54367,0.15962,0.80543
2021-2023,3,xgboost,total,total,Income,PIR>=2,570,80,0.3625,0.32747,0.07959,0.80709
2021-2023,3,xgboost,total,total,Education,HS_or_less,254,54,0.64815,0.58355,0.175,0.79241
2021-2023,3,xgboost,total,total,Education,some_college+,583,80,0.325,0.28173,0.07555,0.81578
2021-2023,3,xgboost,total,total,Sex,female,462,70,0.37143,0.35582,0.09184,0.81232
2021-2023,3,xgboost,total,total,Sex,male,375,64,0.54688,0.4556,0.11897,0.81054
2021-2023,3,xgboost,total,total,Age,18-44,271,20,0.3,0.30846,0.00797,0.89004
2021-2023,3,xgboost,total,total,Age,45-64,289,57,0.50877,0.44595,0.12931,0.78161
2021-2023,3,xgboost,total,total,Age,65+,277,57,0.45614,0.39036,0.18636,0.72129
2021-2023,3,random_forest,diag,diag,Income,PIR<2,267,48,0.52083,0.45765,0.17808,0.796
2021-2023,3,random_forest,diag,diag,Income,PIR>=2,570,69,0.37681,0.37148,0.06387,0.79995
2021-2023,3,random_forest,diag,diag,Education,HS_or_less,254,50,0.58,0.49827,0.16667,0.80211
2021-2023,3,random_forest,diag,diag,Education,some_college+,583,67,0.32836,0.33211,0.07171,0.7969
2021-2023,3,random_forest,diag,diag,Sex,female,462,58,0.43103,0.41351,0.09158,0.80446
2021-2023,3,random_forest,diag,diag,Sex,male,375,59,0.44068,0.38969,0.10759,0.80677
2021-2023,3,random_forest,diag,diag,Age,18-44,271,13,0.07692,0.1166,0.00775,0.85569
2021-2023,3,random_forest,diag,diag,Age,45-64,289,52,0.53846,0.48164,0.1097,0.78716
2021-2023,3,random_forest,diag,diag,Age,65+,277,52,0.42308,0.38774,0.19111,0.70543
2021-2023,3,random_forest,diag,lab,Income,PIR<2,267,38,0.5,0.39652,0.19651,0.76592
2021-2023,3,random_forest,diag,lab,Income,PIR>=2,570,59,0.38983,0.40576,0.06849,0.81771
2021-2023,3,random_forest,diag,lab,Education,HS_or_less,254,41,0.56098,0.45883,0.18779,0.7668
2021-2023,3,random_forest,diag,lab,Education,some_college+,583,56,0.33929,0.36006,0.0759,0.81762
2021-2023,3,random_forest,diag,lab,Sex,female,462,48,0.375,0.34751,0.10628,0.78538
2021-2023,3,random_forest,diag,lab,Sex,male,375,49,0.4898,0.4633,0.11043,0.82177
2021-2023,3,random_forest,diag,lab,Age,18-44,271,15,0.13333,0.12357,0.00391,0.87214
2021-2023,3,random_forest,diag,lab,Age,45-64,289,42,0.54762,0.50424,0.12551,0.77945
2021-2023,3,random_forest,diag,lab,Age,65+,277,40,0.425,0.40124,0.20253,0.72996
2021-2023,3,random_forest,diag,total,Income,PIR<2,267,54,0.51852,0.44304,0.16901,0.79317
2021-2023,3,random_forest,diag,total,Income,PIR>=2,570,80,0.3375,0.34172,0.06327,0.78747
2021-2023,3,random_forest,diag,total,Education,HS_or_less,254,54,0.57407,0.48241,0.16,0.78319
2021-2023,3,random_forest,diag,total,Education,some_college+,583,80,0.3,0.30643,0.06958,0.79922
2021-2023,3,random_forest,diag,total,Sex,female,462,70,0.38571,0.37322,0.08929,0.78863
2021-2023,3,random_forest,diag,total,Sex,male,375,64,0.4375,0.38133,0.10289,0.80446
2021-2023,3,random_forest,diag,total,Age,18-44,271,20,0.15,0.16459,0.0,0.85588
2021-2023,3,random_forest,diag,total,Age,45-64,289,57,0.49123,0.44447,0.11207,0.76891
2021-2023,3,random_forest,diag,total,Age,65+,277,57,0.42105,0.38508,0.18636,0.71017
2021-2023,3,random_forest,lab,diag,Income,PIR<2,267,48,0.4375,0.41319,0.14155,0.7792
2021-2023,3,random_forest,lab,diag,Income,PIR>=2,570,69,0.28986,0.28869,0.0499,0.80001
2021-2023,3,random_forest,lab,diag,Education,HS_or_less,254,50,0.44,0.40901,0.16176,0.78917
2021-2023,3,random_forest,lab,diag,Education,some_college+,583,67,0.28358,0.27704,0.04457,0.79
2021-2023,3,random_forest,lab,diag,Sex,female,462,58,0.36207,0.37168,0.07921,0.81745
2021-2023,3,random_forest,lab,diag,Sex,male,375,59,0.33898,0.29262,0.07595,0.77988
2021-2023,3,random_forest,lab,diag,Age,18-44,271,13,0.07692,0.06485,0.00775,0.90221
2021-2023,3,random_forest,lab,diag,Age,45-64,289,52,0.44231,0.42514,0.09283,0.77771
2021-2023,3,random_forest,lab,diag,Age,65+,277,52,0.32692,0.29779,0.14222,0.69188
2021-2023,3,random_forest,lab,lab,Income,PIR<2,267,38,0.42105,0.36572,0.15721,0.75747
2021-2023,3,random_forest,lab,lab,Income,PIR>=2,570,59,0.28814,0.30412,0.05479,0.79847
2021-2023,3,random_forest,lab,lab,Education,HS_or_less,254,41,0.41463,0.37133,0.1784,0.75072
2021-2023,3,random_forest,lab,lab,Education,some_college+,583,56,0.28571,0.29012,0.04934,0.79949
2021-2023,3,random_forest,lab,lab,Sex,female,462,48,0.33333,0.33327,0.08937,0.7771
2021-2023,3,random_forest,lab,lab,Sex,male,375,49,0.34694,0.31611,0.08282,0.80174
2021-2023,3,random_forest,lab,lab,Age,18-44,271,15,0.2,0.17993,0.0,0.84714
2021-2023,3,random_forest,lab,lab,Age,45-64,289,42,0.45238,0.42402,0.10526,0.7674
2021-2023,3,random_forest,lab,lab,Age,65+,277,40,0.275,0.26744,0.16034,0.71577
2021-2023,3,random_forest,lab,total,Income,PIR<2,267,54,0.42593,0.39369,0.13615,0.78608
2021-2023,3,random_forest,lab,total,Income,PIR>=2,570,80,0.2625,0.26888,0.04898,0.77481
2021-2023,3,random_forest,lab,total,Education,HS_or_less,254,54,0.44444,0.40035,0.155,0.77546
2021-2023,3,random_forest,lab,total,Education,some_college+,583,80,0.25,0.25344,0.04374,0.78234
2021-2023,3,random_forest,lab,total,Sex,female,462,70,0.32857,0.33825,0.07653,0.79165
2021-2023,3,random_forest,lab,total,Sex,male,375,64,0.32812,0.28337,0.07395,0.77753
2021-2023,3,random_forest,lab,total,Age,18-44,271,20,0.15,0.13167,0.0,0.87012
2021-2023,3,random_forest,lab,total,Age,45-64,289,57,0.40351,0.39233,0.09483,0.75344
2021-2023,3,random_forest,lab,total,Age,65+,277,57,0.31579,0.29168,0.14091,0.70152
2021-2023,3,random_forest,total,diag,Income,PIR<2,267,48,0.60417,0.54486,0.16438,0.80427
2021-2023,3,random_forest,total,diag,Income,PIR>=2,570,69,0.4058,0.40668,0.08982,0.81917
2021-2023,3,random_forest,total,diag,Education,HS_or_less,254,50,0.62,0.55409,0.18627,0.80863
2021-2023,3,random_forest,total,diag,Education,some_college+,583,67,0.38806,0.38376,0.08333,0.81417
2021-2023,3,random_forest,total,diag,Sex,female,462,58,0.51724,0.49018,0.10149,0.82558
2021-2023,3,random_forest,total,diag,Sex,male,375,59,0.45763,0.41969,0.12658,0.80999
2021-2023,3,random_forest,total,diag,Age,18-44,271,13,0.23077,0.19991,0.01163,0.91264
2021-2023,3,random_forest,total,diag,Age,45-64,289,52,0.57692,0.53041,0.13502,0.80445
2021-2023,3,random_forest,total,diag,Age,65+,277,52,0.46154,0.43806,0.20444,0.70547
2021-2023,3,random_forest,total,lab,Income,PIR<2,267,38,0.55263,0.45417,0.19214,0.77218
2021-2023,3,random_forest,total,lab,Income,PIR>=2,570,59,0.42373,0.43176,0.09393,0.82159
2021-2023,3,random_forest,total,lab,Education,HS_or_less,254,41,0.60976,0.50775,0.20657,0.77763
2021-2023,3,random_forest,total,lab,Education,some_college+,583,56,0.375,0.38766,0.09108,0.81635
2021-2023,3,random_forest,total,lab,Sex,female,462,48,0.47917,0.43292,0.11594,0.79695
2021-2023,3,random_forest,total,lab,Sex,male,375,49,0.46939,0.44652,0.13497,0.81667
2021-2023,3,random_forest,total,lab,Age,18-44,271,15,0.26667,0.19597,0.00781,0.8918
2021-2023,3,random_forest,total,lab,Age,45-64,289,42,0.59524,0.54976,0.1498,0.79767
2021-2023,3,random_forest,total,lab,Age,65+,277,40,0.425,0.41134,0.22363,0.71224
2021-2023,3,random_forest,total,total,Income,PIR<2,267,54,0.57407,0.51023,0.15962,0.80147
2021-2023,3,random_forest,total,total,Income,PIR>=2,570,80,0.375,0.37825,0.08776,0.7979
2021-2023,3,random_forest,total,total,Education,HS_or_less,254,54,0.61111,0.53374,0.18,0.7925
2021-2023,3,random_forest,total,total,Education,some_college+,583,80,0.35,0.35088,0.08151,0.80615
2021-2023,3,random_forest,total,total,Sex,female,462,70,0.47143,0.44417,0.09694,0.80423
2021-2023,3,random_forest,total,total,Sex,male,375,64,0.4375,0.40191,0.1254,0.80162
2021-2023,3,random_forest,total,total,Age,18-44,271,20,0.25,0.21758,0.00398,0.89661
2021-2023,3,random_forest,total,total,Age,45-64,289,57,0.54386,0.49734,0.13362,0.7815
2021-2023,3,random_forest,total,total,Age,65+,277,57,0.4386,0.42296,0.20455,0.70367
2021-2023,3,logistic_regression,diag,diag,Income,PIR<2,267,48,0.5625,0.5526,0.15068,0.81697
2021-2023,3,logistic_regression,diag,diag,Income,PIR>=2,570,69,0.36232,0.32069,0.06587,0.84631
2021-2023,3,logistic_regression,diag,diag,Education,HS_or_less,254,50,0.7,0.65227,0.16667,0.83294
2021-2023,3,logistic_regression,diag,diag,Education,some_college+,583,67,0.25373,0.22167,0.06202,0.83657
2021-2023,3,logistic_regression,diag,diag,Sex,female,462,58,0.46552,0.45761,0.08663,0.85238
2021-2023,3,logistic_regression,diag,diag,Sex,male,375,59,0.42373,0.34577,0.0981,0.82713
2021-2023,3,logistic_regression,diag,diag,Age,18-44,271,13,0.38462,0.40765,0.00775,0.90906
2021-2023,3,logistic_regression,diag,diag,Age,45-64,289,52,0.38462,0.33657,0.09283,0.82652
2021-2023,3,logistic_regression,diag,diag,Age,65+,277,52,0.51923,0.47869,0.18667,0.74085
2021-2023,3,logistic_regression,diag,lab,Income,PIR<2,267,38,0.57895,0.52596,0.16594,0.7997
2021-2023,3,logistic_regression,diag,lab,Income,PIR>=2,570,59,0.37288,0.35166,0.07045,0.80815
2021-2023,3,logistic_regression,diag,lab,Education,HS_or_less,254,41,0.70732,0.63982,0.18779,0.79492
2021-2023,3,logistic_regression,diag,lab,Education,some_college+,583,56,0.26786,0.23789,0.06452,0.8093
2021-2023,3,logistic_regression,diag,lab,Sex,female,462,48,0.45833,0.44604,0.09662,0.80802
2021-2023,3,logistic_regression,diag,lab,Sex,male,375,49,0.44898,0.37249,0.10429,0.80913
2021-2023,3,logistic_regression,diag,lab,Age,18-44,271,15,0.33333,0.28053,0.00781,0.85365
2021-2023,3,logistic_regression,diag,lab,Age,45-64,289,42,0.40476,0.35558,0.10121,0.79699
2021-2023,3,logistic_regression,diag,lab,Age,65+,277,40,0.55,0.53778,0.19831,0.74146
2021-2023,3,logistic_regression,diag,total,Income,PIR<2,267,54,0.55556,0.52709,0.14085,0.81473
2021-2023,3,logistic_regression,diag,total,Income,PIR>=2,570,80,0.3375,0.30698,0.06327,0.81365
2021-2023,3,logistic_regression,diag,total,Education,HS_or_less,254,54,0.68519,0.62401,0.16,0.81463
2021-2023,3,logistic_regression,diag,total,Education,some_college+,583,80,0.25,0.22266,0.05765,0.81822
2021-2023,3,logistic_regression,diag,total,Sex,female,462,70,0.42857,0.42235,0.08163,0.82307
2021-2023,3,logistic_regression,diag,total,Sex,male,375,64,0.42188,0.34035,0.09325,0.81285
2021-2023,3,logistic_regression,diag,total,Age,18-44,271,20,0.35,0.34971,0.0,0.88088
2021-2023,3,logistic_regression,diag,total,Age,45-64,289,57,0.35088,0.3106,0.09483,0.79303
2021-2023,3,logistic_regression,diag,total,Age,65+,277,57,0.52632,0.48733,0.17727,0.7429
2021-2023,3,logistic_regression,lab,diag,Income,PIR<2,267,48,0.54167,0.51506,0.10502,0.81221
2021-2023,3,logistic_regression,lab,diag,Income,PIR>=2,570,69,0.30435,0.26283,0.05389,0.84952
2021-2023,3,logistic_regression,lab,diag,Education,HS_or_less,254,50,0.68,0.61531,0.14706,0.83137
2021-2023,3,logistic_regression,lab,diag,Education,some_college+,583,67,0.19403,0.161,0.03876,0.84149
2021-2023,3,logistic_regression,lab,diag,Sex,female,462,58,0.37931,0.32985,0.05446,0.85277
2021-2023,3,logistic_regression,lab,diag,Sex,male,375,59,0.42373,0.37247,0.08861,0.8215
2021-2023,3,logistic_regression,lab,diag,Age,18-44,271,13,0.38462,0.36674,0.01163,0.92338
2021-2023,3,logistic_regression,lab,diag,Age,45-64,289,52,0.36538,0.32444,0.06329,0.818
2021-2023,3,logistic_regression,lab,diag,Age,65+,277,52,0.44231,0.37864,0.14222,0.74256
2021-2023,3,logistic_regression,lab,lab,Income,PIR<2,267,38,0.52632,0.43022,0.12664,0.79602
2021-2023,3,logistic_regression,lab,lab,Income,PIR>=2,570,59,0.32203,0.30604,0.05675,0.80792
2021-2023,3,logistic_regression,lab,lab,Education,HS_or_less,254,41,0.65854,0.54479,0.17371,0.79274
2021-2023,3,logistic_regression,lab,lab,Education,some_college+,583,56,0.21429,0.19966,0.03985,0.81143
2021-2023,3,logistic_regression,lab,lab,Sex,female,462,48,0.39583,0.34554,0.06039,0.80621
2021-2023,3,logistic_regression,lab,lab,Sex,male,375,49,0.40816,0.35142,0.10123,0.80468
2021-2023,3,logistic_regression,lab,lab,Age,18-44,271,15,0.33333,0.24498,0.01172,0.87083
2021-2023,3,logistic_regression,lab,lab,Age,45-64,289,42,0.38095,0.34088,0.07287,0.78697
2021-2023,3,logistic_regression,lab,lab,Age,65+,277,40,0.45,0.40361,0.15612,0.74473
2021-2023,3,logistic_regression,lab,total,Income,PIR<2,267,54,0.51852,0.48385,0.09859,0.81255
2021-2023,3,logistic_regression,lab,total,Income,PIR>=2,570,80,0.275,0.24612,0.05306,0.81393
2021-2023,3,logistic_regression,lab,total,Education,HS_or_less,254,54,0.66667,0.59003,0.14,0.81417
2021-2023,3,logistic_regression,lab,total,Education,some_college+,583,80,0.175,0.15406,0.03777,0.82169
2021-2023,3,logistic_regression,lab,total,Sex,female,462,70,0.34286,0.30327,0.05102,0.82212
2021-2023,3,logistic_regression,lab,total,Sex,male,375,64,0.40625,0.35786,0.08682,0.80913
2021-2023,3,logistic_regression,lab,total,Age,18-44,271,20,0.35,0.32369,0.00398,0.89741
2021-2023,3,logistic_regression,lab,total,Age,45-64,289,57,0.33333,0.2994,0.06466,0.78713
2021-2023,3,logistic_regression,lab,total,Age,65+,277,57,0.42105,0.36735,0.14091,0.73995
2021-2023,3,logistic_regression,total,diag,Income,PIR<2,267,48,0.66667,0.65845,0.15982,0.81783
2021-2023,3,logistic_regression,total,diag,Income,PIR>=2,570,69,0.3913,0.36572,0.07984,0.8503
2021-2023,3,logistic_regression,total,diag,Education,HS_or_less,254,50,0.74,0.68642,0.19118,0.83588
2021-2023,3,logistic_regression,total,diag,Education,some_college+,583,67,0.32836,0.31112,0.06977,0.8412
2021-2023,3,logistic_regression,total,diag,Sex,female,462,58,0.5,0.46512,0.09406,0.85507
2021-2023,3,logistic_regression,total,diag,Sex,male,375,59,0.50847,0.47121,0.11709,0.82734
2021-2023,3,logistic_regression,total,diag,Age,18-44,271,13,0.46154,0.43159,0.01163,0.91145
2021-2023,3,logistic_regression,total,diag,Age,45-64,289,52,0.46154,0.45367,0.1097,0.82952
2021-2023,3,logistic_regression,total,diag,Age,65+,277,52,0.55769,0.49615,0.20444,0.7435
2021-2023,3,logistic_regression,total,lab,Income,PIR<2,267,38,0.65789,0.58177,0.18341,0.79936
2021-2023,3,logistic_regression,total,lab,Income,PIR>=2,570,59,0.37288,0.34031,0.08806,0.81117
2021-2023,3,logistic_regression,total,lab,Education,HS_or_less,254,41,0.73171,0.6308,0.21596,0.79503
2021-2023,3,logistic_regression,total,lab,Education,some_college+,583,56,0.30357,0.26497,0.0778,0.81265
2021-2023,3,logistic_regression,total,lab,Sex,female,462,48,0.45833,0.42718,0.1087,0.80762
2021-2023,3,logistic_regression,total,lab,Sex,male,375,49,0.5102,0.41749,0.12883,0.81025
2021-2023,3,logistic_regression,total,lab,Age,18-44,271,15,0.4,0.30134,0.01172,0.86406
2021-2023,3,logistic_regression,total,lab,Age,45-64,289,42,0.42857,0.37399,0.12955,0.79747
2021-2023,3,logistic_regression,total,lab,Age,65+,277,40,0.575,0.53666,0.21941,0.74536
2021-2023,3,logistic_regression,total,total,Income,PIR<2,267,54,0.64815,0.62077,0.15023,0.81777
2021-2023,3,logistic_regression,total,total,Income,PIR>=2,570,80,0.35,0.33665,0.07959,0.81651
2021-2023,3,logistic_regression,total,total,Education,HS_or_less,254,54,0.72222,0.65541,0.185,0.81833
2021-2023,3,logistic_regression,total,total,Education,some_college+,583,80,0.3,0.28845,0.06759,0.82259
2021-2023,3,logistic_regression,total,total,Sex,female,462,70,0.44286,0.41638,0.09184,0.82413
2021-2023,3,logistic_regression,total,total,Sex,male,375,64,0.5,0.45738,0.11254,0.81471
2021-2023,3,logistic_regression,total,total,Age,18-44,271,20,0.4,0.36494,0.00398,0.88924
2021-2023,3,logistic_regression,total,total,Age,45-64,289,57,0.42105,0.41866,0.11207,0.79696
2021-2023,3,logistic_regression,total,total,Age,65+,277,57,0.54386,0.48655,0.2,0.74426
2021-2023,4,xgboost,diag,diag,Income,PIR<2,269,48,0.54167,0.4764,0.1448,0.7845
2021-2023,4,xgboost,diag,diag,Income,PIR>=2,568,69,0.30435,0.2642,0.07816,0.78909
2021-2023,4,xgboost,diag,diag,Education,HS_or_less,248,47,0.55319,0.48851,0.20398,0.71547
2021-2023,4,xgboost,diag,diag,Education,some_college+,589,70,0.3,0.24467,0.0578,0.8232
2021-2023,4,xgboost,diag,diag,Sex,female,475,63,0.38095,0.35489,0.0801,0.81207
2021-2023,4,xgboost,diag,diag,Sex,male,362,54,0.42593,0.33351,0.12338,0.76401
2021-2023,4,xgboost,diag,diag,Age,18-44,267,10,0.0,0.0,0.01167,0.76576
2021-2023,4,xgboost,diag,diag,Age,45-64,292,47,0.46809,0.39331,0.1102,0.80868
2021-2023,4,xgboost,diag,diag,Age,65+,278,60,0.41667,0.41546,0.18807,0.68578
2021-2023,4,xgboost,diag,lab,Income,PIR<2,269,38,0.5,0.49221,0.16883,0.74892
2021-2023,4,xgboost,diag,lab,Income,PIR>=2,568,59,0.32203,0.2999,0.08055,0.78842
2021-2023,4,xgboost,diag,lab,Education,HS_or_less,248,41,0.53659,0.49115,0.21739,0.68882
2021-2023,4,xgboost,diag,lab,Education,some_college+,589,56,0.28571,0.26488,0.06567,0.81523
2021-2023,4,xgboost,diag,lab,Sex,female,475,50,0.36,0.33383,0.09176,0.79991
2021-2023,4,xgboost,diag,lab,Sex,male,362,47,0.42553,0.39438,0.13016,0.74786
2021-2023,4,xgboost,diag,lab,Age,18-44,267,8,0.0,0.0,0.01158,0.78958
2021-2023,4,xgboost,diag,lab,Age,45-64,292,42,0.45238,0.43137,0.12,0.79924
2021-2023,4,xgboost,diag,lab,Age,65+,278,47,0.40426,0.39667,0.20346,0.64852
2021-2023,4,xgboost,diag,total,Income,PIR<2,269,56,0.48214,0.44142,0.14554,0.75696
2021-2023,4,xgboost,diag,total,Income,PIR>=2,568,78,0.29487,0.26474,0.07551,0.7831
2021-2023,4,xgboost,diag,total,Education,HS_or_less,248,55,0.52727,0.48508,0.19689,0.7138
2021-2023,4,xgboost,diag,total,Education,some_college+,589,79,0.26582,0.22119,0.05882,0.80382
2021-2023,4,xgboost,diag,total,Sex,female,475,71,0.35211,0.32727,0.07921,0.80515
2021-2023,4,xgboost,diag,total,Sex,male,362,63,0.39683,0.33441,0.1204,0.74439
2021-2023,4,xgboost,diag,total,Age,18-44,267,13,0.0,0.0,0.01181,0.77014
2021-2023,4,xgboost,diag,total,Age,45-64,292,52,0.42308,0.37421,0.1125,0.79976
2021-2023,4,xgboost,diag,total,Age,65+,278,69,0.4058,0.40837,0.18182,0.66549
2021-2023,4,xgboost,lab,diag,Income,PIR<2,269,48,0.47917,0.42885,0.11765,0.77215
2021-2023,4,xgboost,lab,diag,Income,PIR>=2,568,69,0.2029,0.14658,0.06814,0.77157
2021-2023,4,xgboost,lab,diag,Education,HS_or_less,248,47,0.51064,0.431,0.18408,0.72287
2021-2023,4,xgboost,lab,diag,Education,some_college+,589,70,0.18571,0.13023,0.04432,0.79549
2021-2023,4,xgboost,lab,diag,Sex,female,475,63,0.34921,0.32693,0.07039,0.8155
2021-2023,4,xgboost,lab,diag,Sex,male,362,54,0.27778,0.1786,0.10065,0.72228
2021-2023,4,xgboost,lab,diag,Age,18-44,267,10,0.0,0.0,0.02335,0.72062
2021-2023,4,xgboost,lab,diag,Age,45-64,292,47,0.38298,0.30726,0.09388,0.79158
2021-2023,4,xgboost,lab,diag,Age,65+,278,60,0.31667,0.2837,0.1422,0.675
2021-2023,4,xgboost,lab,lab,Income,PIR<2,269,38,0.42105,0.42238,0.14286,0.77387
2021-2023,4,xgboost,lab,lab,Income,PIR>=2,568,59,0.22034,0.15657,0.06876,0.78559
2021-2023,4,xgboost,lab,lab,Education,HS_or_less,248,41,0.46341,0.37966,0.2029,0.71026
2021-2023,4,xgboost,lab,lab,Education,some_college+,589,56,0.17857,0.14034,0.04878,0.81155
2021-2023,4,xgboost,lab,lab,Sex,female,475,50,0.32,0.30049,0.08235,0.81699
2021-2023,4,xgboost,lab,lab,Sex,male,362,47,0.2766,0.18948,0.10476,0.74043
2021-2023,4,xgboost,lab,lab,Age,18-44,267,8,0.0,0.0,0.02317,0.82625
2021-2023,4,xgboost,lab,lab,Age,45-64,292,42,0.33333,0.31566,0.108,0.79476
2021-2023,4,xgboost,lab,lab,Age,65+,278,47,0.31915,0.23531,0.15152,0.66344
2021-2023,4,xgboost,lab,total,Income,PIR<2,269,56,0.42857,0.39863,0.11737,0.76786
2021-2023,4,xgboost,lab,total,Income,PIR>=2,568,78,0.19231,0.13603,0.06735,0.77187
2021-2023,4,xgboost,lab,total,Education,HS_or_less,248,55,0.47273,0.39824,0.18135,0.72153
2021-2023,4,xgboost,lab,total,Education,some_college+,589,79,0.16456,0.11773,0.0451,0.7928
2021-2023,4,xgboost,lab,total,Sex,female,475,71,0.32394,0.30206,0.06931,0.80658
2021-2023,4,xgboost,lab,total,Sex,male,362,63,0.25397,0.16735,0.10033,0.73271
2021-2023,4,xgboost,lab,total,Age,18-44,267,13,0.0,0.0,0.02362,0.75409
2021-2023,4,xgboost,lab,total,Age,45-64,292,52,0.34615,0.29234,0.09583,0.79391
2021-2023,4,xgboost,lab,total,Age,65+,278,69,0.30435,0.26014,0.13876,0.66757
2021-2023,4,xgboost,total,diag,Income,PIR<2,269,48,0.60417,0.51723,0.1629,0.78101
2021-2023,4,xgboost,total,diag,Income,PIR>=2,568,69,0.34783,0.34435,0.09018,0.78566
2021-2023,4,xgboost,total,diag,Education,HS_or_less,248,47,0.61702,0.51865,0.22886,0.72383
2021-2023,4,xgboost,total,diag,Education,some_college+,589,70,0.34286,0.33427,0.06744,0.81255
2021-2023,4,xgboost,total,diag,Sex,female,475,63,0.46032,0.43329,0.09951,0.80814
2021-2023,4,xgboost,total,diag,Sex,male,362,54,0.44444,0.38564,0.12987,0.74952
2021-2023,4,xgboost,total,diag,Age,18-44,267,10,0.2,0.3234,0.01556,0.73502
2021-2023,4,xgboost,total,diag,Age,45-64,292,47,0.48936,0.40697,0.11837,0.80851
2021-2023,4,xgboost,total,diag,Age,65+,278,60,0.46667,0.44517,0.22018,0.67783
2021-2023,4,xgboost,total,lab,Income,PIR<2,269,38,0.55263,0.54553,0.19048,0.76316
2021-2023,4,xgboost,total,lab,Income,PIR>=2,568,59,0.37288,0.3934,0.09234,0.78815
2021-2023,4,xgboost,total,lab,Education,HS_or_less,248,41,0.56098,0.51316,0.25121,0.69553
2021-2023,4,xgboost,total,lab,Education,some_college+,589,56,0.35714,0.39029,0.07317,0.82086
2021-2023,4,xgboost,total,lab,Sex,female,475,50,0.44,0.42738,0.11294,0.80367
2021-2023,4,xgboost,total,lab,Sex,male,362,47,0.44681,0.46096,0.13651,0.74455
2021-2023,4,xgboost,total,lab,Age,18-44,267,8,0.25,0.46116,0.01544,0.81081
2021-2023,4,xgboost,total,lab,Age,45-64,292,42,0.47619,0.45065,0.128,0.80362
2021-2023,4,xgboost,total,lab,Age,65+,278,47,0.44681,0.43027,0.2381,0.64217
2021-2023,4,xgboost,total,total,Income,PIR<2,269,56,0.55357,0.49707,0.15962,0.76434
2021-2023,4,xgboost,total,total,Income,PIR>=2,568,78,0.33333,0.33597,0.08776,0.78072
2021-2023,4,xgboost,total,total,Education,HS_or_less,248,55,0.6,0.52854,0.21762,0.72548
2021-2023,4,xgboost,total,total,Education,some_college+,589,79,0.3038,0.30219,0.06863,0.80002
2021-2023,4,xgboost,total,total,Sex,female,475,71,0.43662,0.4122,0.09653,0.79982
2021-2023,4,xgboost,total,total,Sex,male,362,63,0.4127,0.38051,0.12709,0.74178
2021-2023,4,xgboost,total,total,Age,18-44,267,13,0.15385,0.27622,0.01575,0.75257
2021-2023,4,xgboost,total,total,Age,45-64,292,52,0.46154,0.40342,0.11667,0.80689
2021-2023,4,xgboost,total,total,Age,65+,278,69,0.44928,0.43349,0.21531,0.6616
2021-2023,4,random_forest,diag,diag,Income,PIR<2,269,48,0.58333,0.50309,0.16742,0.79548
2021-2023,4,random_forest,diag,diag,Income,PIR>=2,568,69,0.30435,0.27663,0.07014,0.78878
2021-2023,4,random_forest,diag,diag,Education,HS_or_less,248,47,0.51064,0.42896,0.18905,0.73632
2021-2023,4,random_forest,diag,diag,Education,some_college+,589,70,0.35714,0.31588,0.06551,0.8134
2021-2023,4,random_forest,diag,diag,Sex,female,475,63,0.49206,0.42701,0.08981,0.82384
2021-2023,4,random_forest,diag,diag,Sex,male,362,54,0.33333,0.29659,0.11364,0.75292
2021-2023,4,random_forest,diag,diag,Age,18-44,267,10,0.0,0.0,0.00778,0.80973
2021-2023,4,random_forest,diag,diag,Age,45-64,292,47,0.48936,0.42555,0.13061,0.80595
2021-2023,4,random_forest,diag,diag,Age,65+,278,60,0.43333,0.42273,0.17431,0.68108
2021-2023,4,random_forest,diag,lab,Income,PIR<2,269,38,0.55263,0.54553,0.19048,0.76509
2021-2023,4,random_forest,diag,lab,Income,PIR>=2,568,59,0.28814,0.26545,0.07662,0.78734
2021-2023,4,random_forest,diag,lab,Education,HS_or_less,248,41,0.43902,0.3743,0.21256,0.68782
2021-2023,4,random_forest,diag,lab,Education,some_college+,589,56,0.35714,0.34674,0.07317,0.82071
2021-2023,4,random_forest,diag,lab,Sex,female,475,50,0.44,0.38441,0.10824,0.80579
2021-2023,4,random_forest,diag,lab,Sex,male,362,47,0.34043,0.33304,0.11746,0.7488
2021-2023,4,random_forest,diag,lab,Age,18-44,267,8,0.0,0.0,0.00772,0.75772
2021-2023,4,random_forest,diag,lab,Age,45-64,292,42,0.45238,0.45204,0.144,0.79319
2021-2023,4,random_forest,diag,lab,Age,65+,278,47,0.40426,0.35698,0.19481,0.66478
2021-2023,4,random_forest,diag,total,Income,PIR<2,269,56,0.53571,0.48434,0.16432,0.77712
2021-2023,4,random_forest,diag,total,Income,PIR>=2,568,78,0.28205,0.25162,0.06939,0.77701
2021-2023,4,random_forest,diag,total,Education,HS_or_less,248,55,0.49091,0.41346,0.18135,0.72591
2021-2023,4,random_forest,diag,total,Education,some_college+,589,79,0.31646,0.28557,0.06667,0.80074
2021-2023,4,random_forest,diag,total,Sex,female,475,71,0.46479,0.40653,0.08663,0.81042
2021-2023,4,random_forest,diag,total,Sex,male,362,63,0.30159,0.27169,0.11371,0.74094
2021-2023,4,random_forest,diag,total,Age,18-44,267,13,0.0,0.0,0.00787,0.75818
2021-2023,4,random_forest,diag,total,Age,45-64,292,52,0.46154,0.42109,0.12917,0.79956
2021-2023,4,random_forest,diag,total,Age,65+,278,69,0.4058,0.37767,0.17225,0.66975
2021-2023,4,random_forest,lab,diag,Income,PIR<2,269,48,0.5,0.4433,0.11765,0.79982
2021-2023,4,random_forest,lab,diag,Income,PIR>=2,568,69,0.2029,0.16623,0.07214,0.76086
2021-2023,4,random_forest,lab,diag,Education,HS_or_less,248,47,0.48936,0.41677,0.1791,0.73515
2021-2023,4,random_forest,lab,diag,Education,some_college+,589,70,0.21429,0.16995,0.0501,0.7928
2021-2023,4,random_forest,lab,diag,Sex,female,475,63,0.36508,0.34544,0.07282,0.80941
2021-2023,4,random_forest,lab,diag,Sex,male,362,54,0.27778,0.19547,0.1039,0.73611
2021-2023,4,random_forest,lab,diag,Age,18-44,267,10,0.0,0.0,0.01167,0.7251
2021-2023,4,random_forest,lab,diag,Age,45-64,292,47,0.40426,0.3315,0.10612,0.80551
2021-2023,4,random_forest,lab,diag,Age,65+,278,60,0.31667,0.30023,0.15138,0.66732
2021-2023,4,random_forest,lab,lab,Income,PIR<2,269,38,0.39474,0.41478,0.15152,0.77723
2021-2023,4,random_forest,lab,lab,Income,PIR>=2,568,59,0.18644,0.15234,0.07662,0.78191
2021-2023,4,random_forest,lab,lab,Education,HS_or_less,248,41,0.41463,0.35741,0.2029,0.70078
2021-2023,4,random_forest,lab,lab,Education,some_college+,589,56,0.16071,0.14816,0.06004,0.81536
2021-2023,4,random_forest,lab,lab,Sex,female,475,50,0.28,0.28239,0.09176,0.80381
2021-2023,4,random_forest,lab,lab,Sex,male,362,47,0.25532,0.19697,0.11111,0.75157
2021-2023,4,random_forest,lab,lab,Age,18-44,267,8,0.0,0.0,0.01158,0.82312
2021-2023,4,random_forest,lab,lab,Age,45-64,292,42,0.33333,0.32359,0.124,0.80471
2021-2023,4,random_forest,lab,lab,Age,65+,278,47,0.25532,0.21136,0.17316,0.64765
2021-2023,4,random_forest,lab,total,Income,PIR<2,269,56,0.44643,0.41163,0.11737,0.79397
2021-2023,4,random_forest,lab,total,Income,PIR>=2,568,78,0.19231,0.1535,0.07143,0.76104
2021-2023,4,random_forest,lab,total,Education,HS_or_less,248,55,0.45455,0.38575,0.17617,0.72906
2021-2023,4,random_forest,lab,total,Education,some_college+,589,79,0.18987,0.15365,0.05098,0.79358
2021-2023,4,random_forest,lab,total,Sex,female,475,71,0.33803,0.31875,0.07178,0.80226
2021-2023,4,random_forest,lab,total,Sex,male,362,63,0.25397,0.18226,0.10368,0.74388
2021-2023,4,random_forest,lab,total,Age,18-44,267,13,0.0,0.0,0.01181,0.75591
2021-2023,4,random_forest,lab,total,Age,45-64,292,52,0.36538,0.3154,0.10833,0.80525
2021-2023,4,random_forest,lab,total,Age,65+,278,69,0.30435,0.27411,0.14833,0.66195
2021-2023,4,random_forest,total,diag,Income,PIR<2,269,48,0.60417,0.51723,0.18552,0.79317
2021-2023,4,random_forest,total,diag,Income,PIR>=2,568,69,0.31884,0.32629,0.08617,0.77088
2021-2023,4,random_forest,total,diag,Education,HS_or_less,248,47,0.53191,0.44367,0.23383,0.73018
2021-2023,4,random_forest,total,diag,Education,some_college+,589,70,0.37143,0.367,0.07129,0.799
2021-2023,4,random_forest,total,diag,Sex,female,475,63,0.47619,0.41997,0.10194,0.81754
2021-2023,4,random_forest,total,diag,Sex,male,362,54,0.38889,0.37649,0.13636,0.73304
2021-2023,4,random_forest,total,diag,Age,18-44,267,10,0.1,0.19402,0.01167,0.75934
2021-2023,4,random_forest,total,diag,Age,45-64,292,47,0.48936,0.42555,0.15918,0.79275
2021-2023,4,random_forest,total,diag,Age,65+,278,60,0.45,0.44283,0.19266,0.67515
2021-2023,4,random_forest,total,lab,Income,PIR<2,269,38,0.57895,0.56014,0.20779,0.76196
2021-2023,4,random_forest,total,lab,Income,PIR>=2,568,59,0.32203,0.35284,0.09037,0.78612
2021-2023,4,random_forest,total,lab,Education,HS_or_less,248,41,0.4878,0.43805,0.25121,0.6824
2021-2023,4,random_forest,total,lab,Education,some_college+,589,56,0.375,0.40939,0.0788,0.81826
2021-2023,4,random_forest,total,lab,Sex,female,475,50,0.42,0.37584,0.12,0.80621
2021-2023,4,random_forest,total,lab,Sex,male,362,47,0.42553,0.46836,0.13651,0.74188
2021-2023,4,random_forest,total,lab,Age,18-44,267,8,0.125,0.27666,0.01158,0.76327
2021-2023,4,random_forest,total,lab,Age,45-64,292,42,0.45238,0.45204,0.172,0.78976
2021-2023,4,random_forest,total,lab,Age,65+,278,47,0.44681,0.43091,0.20779,0.66441
2021-2023,4,random_forest,total,total,Income,PIR<2,269,56,0.57143,0.50662,0.1784,0.77557
2021-2023,4,random_forest,total,total,Income,PIR>=2,568,78,0.30769,0.31992,0.08367,0.76529
2021-2023,4,random_forest,total,total,Education,HS_or_less,248,55,0.52727,0.46275,0.2228,0.71748
2021-2023,4,random_forest,total,total,Education,some_college+,589,79,0.34177,0.33791,0.07059,0.79272
2021-2023,4,random_forest,total,total,Sex,female,475,71,0.4507,0.40018,0.09901,0.80712
2021-2023,4,random_forest,total,total,Sex,male,362,63,0.38095,0.37952,0.13043,0.72774
2021-2023,4,random_forest,total,total,Age,18-44,267,13,0.07692,0.16572,0.01181,0.7394
2021-2023,4,random_forest,total,total,Age,45-64,292,52,0.46154,0.42109,0.15833,0.7887
2021-2023,4,random_forest,total,total,Age,65+,278,69,0.44928,0.44021,0.18182,0.6685
2021-2023,4,logistic_regression,diag,diag,Income,PIR<2,269,48,0.54167,0.48903,0.15385,0.80439
2021-2023,4,logistic_regression,diag,diag,Income,PIR>=2,568,69,0.30435,0.22359,0.07415,0.82565
2021-2023,4,logistic_regression,diag,diag,Education,HS_or_less,248,47,0.59574,0.51594,0.23383,0.76659
2021-2023,4,logistic_regression,diag,diag,Education,some_college+,589,70,0.27143,0.19104,0.04624,0.8469
2021-2023,4,logistic_regression,diag,diag,Sex,female,475,63,0.44444,0.40632,0.08495,0.85013
2021-2023,4,logistic_regression,diag,diag,Sex,male,362,54,0.35185,0.24047,0.11688,0.77838
2021-2023,4,logistic_regression,diag,diag,Age,18-44,267,10,0.0,0.0,0.00389,0.80272
2021-2023,4,logistic_regression,diag,diag,Age,45-64,292,47,0.38298,0.31412,0.08163,0.82536
2021-2023,4,logistic_regression,diag,diag,Age,65+,278,60,0.48333,0.45738,0.22936,0.72676
2021-2023,4,logistic_regression,diag,lab,Income,PIR<2,269,38,0.5,0.52616,0.17749,0.75655
2021-2023,4,logistic_regression,diag,lab,Income,PIR>=2,568,59,0.32203,0.25372,0.07662,0.81306
2021-2023,4,logistic_regression,diag,lab,Education,HS_or_less,248,41,0.56098,0.52006,0.25121,0.70967
2021-2023,4,logistic_regression,diag,lab,Education,some_college+,589,56,0.26786,0.20771,0.05253,0.83563
2021-2023,4,logistic_regression,diag,lab,Sex,female,475,50,0.42,0.39453,0.09882,0.82758
2021-2023,4,logistic_regression,diag,lab,Sex,male,362,47,0.3617,0.29419,0.12063,0.75393
2021-2023,4,logistic_regression,diag,lab,Age,18-44,267,8,0.0,0.0,0.00386,0.84846
2021-2023,4,logistic_regression,diag,lab,Age,45-64,292,42,0.35714,0.34329,0.092,0.7879
2021-2023,4,logistic_regression,diag,lab,Age,65+,278,47,0.48936,0.45801,0.24242,0.69006
2021-2023,4,logistic_regression,diag,total,Income,PIR<2,269,56,0.5,0.47169,0.15023,0.77213
2021-2023,4,logistic_regression,diag,total,Income,PIR>=2,568,78,0.29487,0.22864,0.07143,0.81523
2021-2023,4,logistic_regression,diag,total,Education,HS_or_less,248,55,0.58182,0.52616,0.2228,0.74602
2021-2023,4,logistic_regression,diag,total,Education,some_college+,589,79,0.24051,0.17271,0.04706,0.83083
2021-2023,4,logistic_regression,diag,total,Sex,female,475,71,0.42254,0.38788,0.08168,0.8367
2021-2023,4,logistic_regression,diag,total,Sex,male,362,63,0.33333,0.25212,0.11371,0.75782
2021-2023,4,logistic_regression,diag,total,Age,18-44,267,13,0.0,0.0,0.00394,0.79558
2021-2023,4,logistic_regression,diag,total,Age,45-64,292,52,0.36538,0.31508,0.07917,0.80617
2021-2023,4,logistic_regression,diag,total,Age,65+,278,69,0.46377,0.4438,0.22488,0.70647
2021-2023,4,logistic_regression,lab,diag,Income,PIR<2,269,48,0.52083,0.49507,0.13122,0.81316
2021-2023,4,logistic_regression,lab,diag,Income,PIR>=2,568,69,0.21739,0.16457,0.05611,0.81691
2021-2023,4,logistic_regression,lab,diag,Education,HS_or_less,248,47,0.57447,0.51565,0.20398,0.76829
2021-2023,4,logistic_regression,lab,diag,Education,some_college+,589,70,0.18571,0.13296,0.03083,0.84605
2021-2023,4,logistic_regression,lab,diag,Sex,female,475,63,0.38095,0.37581,0.05583,0.85576
2021-2023,4,logistic_regression,lab,diag,Sex,male,362,54,0.2963,0.20198,0.11039,0.76323
2021-2023,4,logistic_regression,lab,diag,Age,18-44,267,10,0.0,0.0,0.00778,0.80934
2021-2023,4,logistic_regression,lab,diag,Age,45-64,292,47,0.40426,0.33097,0.08571,0.8251
2021-2023,4,logistic_regression,lab,diag,Age,65+,278,60,0.35,0.34846,0.15596,0.72209
2021-2023,4,logistic_regression,lab,lab,Income,PIR<2,269,38,0.5,0.54251,0.15152,0.7766
2021-2023,4,logistic_regression,lab,lab,Income,PIR>=2,568,59,0.25424,0.20452,0.05501,0.81413
2021-2023,4,logistic_regression,lab,lab,Education,HS_or_less,248,41,0.56098,0.52583,0.21739,0.71992
2021-2023,4,logistic_regression,lab,lab,Education,some_college+,589,56,0.19643,0.15454,0.03377,0.84334
2021-2023,4,logistic_regression,lab,lab,Sex,female,475,50,0.38,0.3747,0.06588,0.83506
2021-2023,4,logistic_regression,lab,lab,Sex,male,362,47,0.31915,0.25929,0.11111,0.75535
2021-2023,4,logistic_regression,lab,lab,Age,18-44,267,8,0.0,0.0,0.00772,0.81853
2021-2023,4,logistic_regression,lab,lab,Age,45-64,292,42,0.38095,0.36278,0.096,0.80314
2021-2023,4,logistic_regression,lab,lab,Age,65+,278,47,0.38298,0.36232,0.16017,0.70038
2021-2023,4,logistic_regression,lab,total,Income,PIR<2,269,56,0.48214,0.47712,0.12676,0.78823
2021-2023,4,logistic_regression,lab,total,Income,PIR>=2,568,78,0.21795,0.17618,0.05306,0.81115
2021-2023,4,logistic_regression,lab,total,Education,HS_or_less,248,55,0.56364,0.52591,0.19171,0.74828
2021-2023,4,logistic_regression,lab,total,Education,some_college+,589,79,0.16456,0.1202,0.03137,0.83733
2021-2023,4,logistic_regression,lab,total,Sex,female,475,71,0.3662,0.36036,0.05198,0.8419
2021-2023,4,logistic_regression,lab,total,Sex,male,362,63,0.28571,0.21809,0.10702,0.75532
2021-2023,4,logistic_regression,lab,total,Age,18-44,267,13,0.0,0.0,0.00787,0.79255
2021-2023,4,logistic_regression,lab,total,Age,45-64,292,52,0.38462,0.33111,0.08333,0.81482
2021-2023,4,logistic_regression,lab,total,Age,65+,278,69,0.34783,0.35172,0.14833,0.70987
2021-2023,4,logistic_regression,total,diag,Income,PIR<2,269,48,0.60417,0.55703,0.18552,0.81127
2021-2023,4,logistic_regression,total,diag,Income,PIR>=2,568,69,0.36232,0.27494,0.07816,0.82066
2021-2023,4,logistic_regression,total,diag,Education,HS_or_less,248,47,0.65957,0.57875,0.25871,0.76479
2021-2023,4,logistic_regression,total,diag,Education,some_college+,589,70,0.32857,0.24509,0.05395,0.84627
2021-2023,4,logistic_regression,total,diag,Sex,female,475,63,0.50794,0.46351,0.09951,0.85348
2021-2023,4,logistic_regression,total,diag,Sex,male,362,54,0.40741,0.29854,0.12662,0.77086
2021-2023,4,logistic_regression,total,diag,Age,18-44,267,10,0.0,0.0,0.00389,0.80934
2021-2023,4,logistic_regression,total,diag,Age,45-64,292,47,0.44681,0.37034,0.09388,0.82284
2021-2023,4,logistic_regression,total,diag,Age,65+,278,60,0.55,0.53844,0.25688,0.72706
2021-2023,4,logistic_regression,total,lab,Income,PIR<2,269,38,0.60526,0.64737,0.20346,0.76851
2021-2023,4,logistic_regression,total,lab,Income,PIR>=2,568,59,0.37288,0.30653,0.08251,0.81353
2021-2023,4,logistic_regression,total,lab,Education,HS_or_less,248,41,0.63415,0.59133,0.27536,0.71368
2021-2023,4,logistic_regression,total,lab,Education,some_college+,589,56,0.33929,0.2867,0.06004,0.83949
2021-2023,4,logistic_regression,total,lab,Sex,female,475,50,0.48,0.45677,0.11529,0.83059
2021-2023,4,logistic_regression,total,lab,Sex,male,362,47,0.44681,0.38327,0.12698,0.75866
2021-2023,4,logistic_regression,total,lab,Age,18-44,267,8,0.0,0.0,0.00386,0.8388
2021-2023,4,logistic_regression,total,lab,Age,45-64,292,42,0.42857,0.4083,0.104,0.7959
2021-2023,4,logistic_regression,total,lab,Age,65+,278,47,0.57447,0.57163,0.2684,0.699
2021-2023,4,logistic_regression,total,total,Income,PIR<2,269,56,0.57143,0.55088,0.1784,0.78328
2021-2023,4,logistic_regression,total,total,Income,PIR>=2,568,78,0.34615,0.27428,0.07551,0.81342
2021-2023,4,logistic_regression,total,total,Education,HS_or_less,248,55,0.63636,0.58128,0.2487,0.74668
2021-2023,4,logistic_regression,total,total,Education,some_college+,589,79,0.3038,0.2331,0.05294,0.83467
2021-2023,4,logistic_regression,total,total,Sex,female,475,71,0.47887,0.43945,0.09653,0.84019
2021-2023,4,logistic_regression,total,total,Sex,male,362,63,0.39683,0.31687,0.1204,0.75904
2021-2023,4,logistic_regression,total,total,Age,18-44,267,13,0.0,0.0,0.00394,0.80042
2021-2023,4,logistic_regression,total,total,Age,45-64,292,52,0.42308,0.36857,0.09167,0.81026
2021-2023,4,logistic_regression,total,total,Age,65+,278,69,0.53623,0.52874,0.2488,0.71139
2021-2023,5,xgboost,diag,diag,Income,PIR<2,263,48,0.41667,0.39604,0.13023,0.79516
2021-2023,5,xgboost,diag,diag,Income,PIR>=2,574,69,0.50725,0.45416,0.06931,0.8384
2021-2023,5,xgboost,diag,diag,Education,HS_or_less,257,58,0.58621,0.49222,0.1809,0.77898
2021-2023,5,xgboost,diag,diag,Education,some_college+,580,59,0.35593,0.36798,0.05182,0.83913
2021-2023,5,xgboost,diag,diag,Sex,female,448,55,0.49091,0.46599,0.08397,0.80736
2021-2023,5,xgboost,diag,diag,Sex,male,389,62,0.45161,0.39584,0.09174,0.84344
2021-2023,5,xgboost,diag,diag,Age,18-44,274,8,0.0,0.0,0.01128,0.87218
2021-2023,5,xgboost,diag,diag,Age,45-64,310,53,0.5283,0.53027,0.10895,0.80765
2021-2023,5,xgboost,diag,diag,Age,65+,253,56,0.48214,0.42257,0.16244,0.73178
2021-2023,5,xgboost,diag,lab,Income,PIR<2,263,40,0.4,0.38677,0.1435,0.762
2021-2023,5,xgboost,diag,lab,Income,PIR>=2,574,57,0.50877,0.52295,0.0793,0.84075
2021-2023,5,xgboost,diag,lab,Education,HS_or_less,257,49,0.61224,0.56449,0.19231,0.77119
2021-2023,5,xgboost,diag,lab,Education,some_college+,580,48,0.3125,0.3638,0.06203,0.82875
2021-2023,5,xgboost,diag,lab,Sex,female,448,43,0.4186,0.41311,0.1037,0.77152
2021-2023,5,xgboost,diag,lab,Sex,male,389,54,0.5,0.52147,0.09254,0.85484
2021-2023,5,xgboost,diag,lab,Age,18-44,274,11,0.0,0.0,0.01141,0.78949
2021-2023,5,xgboost,diag,lab,Age,45-64,310,43,0.51163,0.57522,0.12734,0.81648
2021-2023,5,xgboost,diag,lab,Age,65+,253,43,0.53488,0.53598,0.17143,0.76279
2021-2023,5,xgboost,diag,total,Income,PIR<2,263,54,0.38889,0.36476,0.12919,0.77671
2021-2023,5,xgboost,diag,total,Income,PIR>=2,574,80,0.475,0.44453,0.06478,0.833
2021-2023,5,xgboost,diag,total,Education,HS_or_less,257,64,0.57812,0.48897,0.17098,0.7823
2021-2023,5,xgboost,diag,total,Education,some_college+,580,70,0.31429,0.33802,0.05098,0.82129
2021-2023,5,xgboost,diag,total,Sex,female,448,65,0.44615,0.41731,0.08094,0.79502
2021-2023,5,xgboost,diag,total,Sex,male,389,69,0.43478,0.40801,0.0875,0.83664
2021-2023,5,xgboost,diag,total,Age,18-44,274,15,0.0,0.0,0.01158,0.84427
2021-2023,5,xgboost,diag,total,Age,45-64,310,56,0.5,0.51275,0.11024,0.80681
2021-2023,5,xgboost,diag,total,Age,65+,253,63,0.49206,0.45623,0.14737,0.74018
2021-2023,5,xgboost,lab,diag,Income,PIR<2,263,48,0.33333,0.35823,0.09767,0.7749
2021-2023,5,xgboost,lab,diag,Income,PIR>=2,574,69,0.42029,0.40059,0.06139,0.8188
2021-2023,5,xgboost,lab,diag,Education,HS_or_less,257,58,0.53448,0.49445,0.1407,0.77075
2021-2023,5,xgboost,lab,diag,Education,some_college+,580,59,0.23729,0.27069,0.04607,0.80972
2021-2023,5,xgboost,lab,diag,Sex,female,448,55,0.4,0.4168,0.05852,0.78621
2021-2023,5,xgboost,lab,diag,Sex,male,389,62,0.37097,0.35065,0.08869,0.81962
2021-2023,5,xgboost,lab,diag,Age,18-44,274,8,0.125,0.11778,0.0188,0.89098
2021-2023,5,xgboost,lab,diag,Age,45-64,310,53,0.37736,0.41711,0.10117,0.7578
2021-2023,5,xgboost,lab,diag,Age,65+,253,56,0.42857,0.41315,0.1066,0.72698
2021-2023,5,xgboost,lab,lab,Income,PIR<2,263,40,0.325,0.34104,0.10762,0.75056
2021-2023,5,xgboost,lab,lab,Income,PIR>=2,574,57,0.42105,0.45473,0.06963,0.82103
2021-2023,5,xgboost,lab,lab,Education,HS_or_less,257,49,0.55102,0.52385,0.15385,0.7707
2021-2023,5,xgboost,lab,lab,Education,some_college+,580,48,0.20833,0.28633,0.05263,0.79261
2021-2023,5,xgboost,lab,lab,Sex,female,448,43,0.37209,0.41225,0.0716,0.759
2021-2023,5,xgboost,lab,lab,Sex,male,389,54,0.38889,0.40132,0.09254,0.82659
2021-2023,5,xgboost,lab,lab,Age,18-44,274,11,0.09091,0.08491,0.01901,0.80989
2021-2023,5,xgboost,lab,lab,Age,45-64,310,43,0.37209,0.4564,0.11236,0.78234
2021-2023,5,xgboost,lab,lab,Age,65+,253,43,0.46512,0.48861,0.11905,0.75028
2021-2023,5,xgboost,lab,total,Income,PIR<2,263,54,0.2963,0.32371,0.10048,0.76006
2021-2023,5,xgboost,lab,total,Income,PIR>=2,574,80,0.4,0.38767,0.05668,0.81192
2021-2023,5,xgboost,lab,total,Education,HS_or_less,257,64,0.5,0.45391,0.1399,0.7772
2021-2023,5,xgboost,lab,total,Education,some_college+,580,70,0.22857,0.27229,0.04314,0.7893
2021-2023,5,xgboost,lab,total,Sex,female,448,65,0.36923,0.38823,0.05483,0.77429
2021-2023,5,xgboost,lab,total,Sex,male,389,69,0.34783,0.33551,0.0875,0.8135
2021-2023,5,xgboost,lab,total,Age,18-44,274,15,0.13333,0.13748,0.01544,0.86178
2021-2023,5,xgboost,lab,total,Age,45-64,310,56,0.35714,0.40334,0.10236,0.76005
2021-2023,5,xgboost,lab,total,Age,65+,253,63,0.4127,0.4012,0.1,0.7269
2021-2023,5,xgboost,total,diag,Income,PIR<2,263,48,0.52083,0.49569,0.16279,0.80766
2021-2023,5,xgboost,total,diag,Income,PIR>=2,574,69,0.47826,0.42924,0.08119,0.82554
2021-2023,5,xgboost,total,diag,Education,HS_or_less,257,58,0.60345,0.51336,0.20101,0.7808
2021-2023,5,xgboost,total,diag,Education,some_college+,580,59,0.38983,0.39828,0.0691,0.83145
2021-2023,5,xgboost,total,diag,Sex,female,448,55,0.49091,0.45915,0.09669,0.79829
2021-2023,5,xgboost,total,diag,Sex,male,389,62,0.5,0.45338,0.11621,0.8434
2021-2023,5,xgboost,total,diag,Age,18-44,274,8,0.125,0.11778,0.01504,0.89615
2021-2023,5,xgboost,total,diag,Age,45-64,310,53,0.58491,0.57296,0.13619,0.79781
2021-2023,5,xgboost,total,diag,Age,65+,253,56,0.46429,0.40209,0.18782,0.73142
2021-2023,5,xgboost,total,lab,Income,PIR<2,263,40,0.5,0.47228,0.17937,0.77119
2021-2023,5,xgboost,total,lab,Income,PIR>=2,574,57,0.52632,0.54186,0.08511,0.83053
2021-2023,5,xgboost,total,lab,Education,HS_or_less,257,49,0.61224,0.55939,0.21635,0.7708
2021-2023,5,xgboost,total,lab,Education,some_college+,580,48,0.41667,0.46436,0.07331,0.81669
2021-2023,5,xgboost,total,lab,Sex,female,448,43,0.48837,0.46305,0.10864,0.76526
2021-2023,5,xgboost,total,lab,Sex,male,389,54,0.53704,0.56516,0.1194,0.85019
2021-2023,5,xgboost,total,lab,Age,18-44,274,11,0.09091,0.08491,0.01521,0.79191
2021-2023,5,xgboost,total,lab,Age,45-64,310,43,0.60465,0.64588,0.14981,0.8143
2021-2023,5,xgboost,total,lab,Age,65+,253,43,0.53488,0.53598,0.19048,0.75869
2021-2023,5,xgboost,total,total,Income,PIR<2,263,54,0.48148,0.4548,0.16268,0.78575
2021-2023,5,xgboost,total,total,Income,PIR>=2,574,80,0.475,0.44505,0.07287,0.82105
2021-2023,5,xgboost,total,total,Education,HS_or_less,257,64,0.59375,0.50806,0.19171,0.78408
2021-2023,5,xgboost,total,total,Education,some_college+,580,70,0.37143,0.39103,0.06471,0.81076
2021-2023,5,xgboost,total,total,Sex,female,448,65,0.47692,0.43797,0.08877,0.78265
2021-2023,5,xgboost,total,total,Sex,male,389,69,0.47826,0.46016,0.1125,0.83782
2021-2023,5,xgboost,total,total,Age,18-44,274,15,0.13333,0.13748,0.01158,0.84607
2021-2023,5,xgboost,total,total,Age,45-64,310,56,0.57143,0.56241,0.13386,0.80139
2021-2023,5,xgboost,total,total,Age,65+,253,63,0.47619,0.43791,0.17368,0.73701
2021-2023,5,random_forest,diag,diag,Income,PIR<2,263,48,0.47917,0.46669,0.11628,0.82757
2021-2023,5,random_forest,diag,diag,Income,PIR>=2,574,69,0.44928,0.39282,0.08515,0.8299
2021-2023,5,random_forest,diag,diag,Education,HS_or_less,257,58,0.55172,0.46857,0.1608,0.81177
2021-2023,5,random_forest,diag,diag,Education,some_college+,580,59,0.37288,0.37643,0.0691,0.82986
2021-2023,5,random_forest,diag,diag,Sex,female,448,55,0.49091,0.44436,0.09924,0.81566
2021-2023,5,random_forest,diag,diag,Sex,male,389,62,0.43548,0.40175,0.08869,0.84564
2021-2023,5,random_forest,diag,diag,Age,18-44,274,8,0.0,0.0,0.01128,0.88393
2021-2023,5,random_forest,diag,diag,Age,45-64,310,53,0.5283,0.52017,0.1323,0.81147
2021-2023,5,random_forest,diag,diag,Age,65+,253,56,0.46429,0.41574,0.15736,0.75521
2021-2023,5,random_forest,diag,lab,Income,PIR<2,263,40,0.425,0.40248,0.13901,0.8005
2021-2023,5,random_forest,diag,lab,Income,PIR>=2,574,57,0.47368,0.48369,0.09091,0.83265
2021-2023,5,random_forest,diag,lab,Education,HS_or_less,257,49,0.53061,0.4742,0.18269,0.79209
2021-2023,5,random_forest,diag,lab,Education,some_college+,580,48,0.375,0.42413,0.07519,0.82997
2021-2023,5,random_forest,diag,lab,Sex,female,448,43,0.44186,0.4106,0.11605,0.79409
2021-2023,5,random_forest,diag,lab,Sex,male,389,54,0.46296,0.49086,0.09254,0.85025
2021-2023,5,random_forest,diag,lab,Age,18-44,274,11,0.09091,0.08491,0.0076,0.80418
2021-2023,5,random_forest,diag,lab,Age,45-64,310,43,0.51163,0.53302,0.14981,0.81665
2021-2023,5,random_forest,diag,lab,Age,65+,253,43,0.48837,0.50745,0.17143,0.77403
2021-2023,5,random_forest,diag,total,Income,PIR<2,263,54,0.44444,0.4286,0.11483,0.81344
2021-2023,5,random_forest,diag,total,Income,PIR>=2,574,80,0.45,0.41315,0.07692,0.82756
2021-2023,5,random_forest,diag,total,Education,HS_or_less,257,64,0.54688,0.46762,0.15026,0.81497
2021-2023,5,random_forest,diag,total,Education,some_college+,580,70,0.35714,0.37199,0.06471,0.81959
2021-2023,5,random_forest,diag,total,Sex,female,448,65,0.47692,0.42512,0.09138,0.81344
2021-2023,5,random_forest,diag,total,Sex,male,389,69,0.42029,0.41336,0.08438,0.83702
2021-2023,5,random_forest,diag,total,Age,18-44,274,15,0.06667,0.06349,0.00772,0.85071
2021-2023,5,random_forest,diag,total,Age,45-64,310,56,0.51786,0.51136,0.12992,0.81243
2021-2023,5,random_forest,diag,total,Age,65+,253,63,0.47619,0.45012,0.14211,0.76374
2021-2023,5,random_forest,lab,diag,Income,PIR<2,263,48,0.41667,0.4221,0.08837,0.77752
2021-2023,5,random_forest,lab,diag,Income,PIR>=2,574,69,0.43478,0.40655,0.05743,0.82293
2021-2023,5,random_forest,lab,diag,Education,HS_or_less,257,58,0.56897,0.50679,0.10553,0.79081
2021-2023,5,random_forest,lab,diag,Education,some_college+,580,59,0.28814,0.31758,0.05182,0.80323
2021-2023,5,random_forest,lab,diag,Sex,female,448,55,0.41818,0.40278,0.06107,0.78413
2021-2023,5,random_forest,lab,diag,Sex,male,389,62,0.43548,0.42275,0.07339,0.83494
2021-2023,5,random_forest,lab,diag,Age,18-44,274,8,0.125,0.11778,0.01128,0.90249
2021-2023,5,random_forest,lab,diag,Age,45-64,310,53,0.5283,0.54015,0.10506,0.77994
2021-2023,5,random_forest,lab,diag,Age,65+,253,56,0.375,0.3338,0.09137,0.72222
2021-2023,5,random_forest,lab,lab,Income,PIR<2,263,40,0.35,0.3597,0.11211,0.75022
2021-2023,5,random_forest,lab,lab,Income,PIR>=2,574,57,0.45614,0.47724,0.06383,0.81503
2021-2023,5,random_forest,lab,lab,Education,HS_or_less,257,49,0.53061,0.48911,0.13462,0.77389
2021-2023,5,random_forest,lab,lab,Education,some_college+,580,48,0.29167,0.36462,0.05639,0.7909
2021-2023,5,random_forest,lab,lab,Sex,female,448,43,0.37209,0.39779,0.07654,0.7445
2021-2023,5,random_forest,lab,lab,Sex,male,389,54,0.44444,0.45969,0.0806,0.84541
2021-2023,5,random_forest,lab,lab,Age,18-44,274,11,0.09091,0.08491,0.01141,0.74386
2021-2023,5,random_forest,lab,lab,Age,45-64,310,43,0.51163,0.57436,0.1236,0.78482
2021-2023,5,random_forest,lab,lab,Age,65+,253,43,0.39535,0.39659,0.10476,0.75936
2021-2023,5,random_forest,lab,total,Income,PIR<2,263,54,0.37037,0.38142,0.09091,0.7562
2021-2023,5,random_forest,lab,total,Income,PIR>=2,574,80,0.4125,0.3929,0.05263,0.80905
2021-2023,5,random_forest,lab,total,Education,HS_or_less,257,64,0.53125,0.46506,0.10363,0.787
2021-2023,5,random_forest,lab,total,Education,some_college+,580,70,0.27143,0.31315,0.04902,0.78105
2021-2023,5,random_forest,lab,total,Sex,female,448,65,0.38462,0.37605,0.05744,0.76116
2021-2023,5,random_forest,lab,total,Sex,male,389,69,0.4058,0.40086,0.07187,0.82971
2021-2023,5,random_forest,lab,total,Age,18-44,274,15,0.13333,0.13748,0.00772,0.81248
2021-2023,5,random_forest,lab,total,Age,45-64,310,56,0.5,0.52231,0.1063,0.77626
2021-2023,5,random_forest,lab,total,Age,65+,253,63,0.36508,0.33022,0.08421,0.72561
2021-2023,5,random_forest,total,diag,Income,PIR<2,263,48,0.5625,0.55147,0.12558,0.8204
2021-2023,5,random_forest,total,diag,Income,PIR>=2,574,69,0.49275,0.44046,0.09505,0.82652
2021-2023,5,random_forest,total,diag,Education,HS_or_less,257,58,0.65517,0.57431,0.17588,0.81026
2021-2023,5,random_forest,total,diag,Education,some_college+,580,59,0.38983,0.39551,0.07678,0.8195
2021-2023,5,random_forest,total,diag,Sex,female,448,55,0.52727,0.49014,0.10687,0.8121
2021-2023,5,random_forest,total,diag,Sex,male,389,62,0.51613,0.48108,0.10092,0.84327
2021-2023,5,random_forest,total,diag,Age,18-44,274,8,0.125,0.11778,0.0188,0.90461
2021-2023,5,random_forest,total,diag,Age,45-64,310,53,0.60377,0.59076,0.14786,0.80644
2021-2023,5,random_forest,total,diag,Age,65+,253,56,0.5,0.45375,0.16244,0.74719
2021-2023,5,random_forest,total,lab,Income,PIR<2,263,40,0.525,0.49739,0.14798,0.79496
2021-2023,5,random_forest,total,lab,Income,PIR>=2,574,57,0.50877,0.50755,0.10251,0.84499
2021-2023,5,random_forest,total,lab,Education,HS_or_less,257,49,0.63265,0.5559,0.20192,0.79577
2021-2023,5,random_forest,total,lab,Education,some_college+,580,48,0.39583,0.44899,0.08271,0.83402
2021-2023,5,random_forest,total,lab,Sex,female,448,43,0.51163,0.49028,0.12099,0.79386
2021-2023,5,random_forest,total,lab,Sex,male,389,54,0.51852,0.51705,0.11045,0.86122
2021-2023,5,random_forest,total,lab,Age,18-44,274,11,0.09091,0.08491,0.01901,0.80764
2021-2023,5,random_forest,total,lab,Age,45-64,310,43,0.60465,0.63013,0.16479,0.82597
2021-2023,5,random_forest,total,lab,Age,65+,253,43,0.53488,0.53054,0.17619,0.78073
2021-2023,5,random_forest,total,total,Income,PIR<2,263,54,0.51852,0.5052,0.1244,0.80356
2021-2023,5,random_forest,total,total,Income,PIR>=2,574,80,0.475,0.42895,0.08907,0.82596
2021-2023,5,random_forest,total,total,Education,HS_or_less,257,64,0.625,0.53158,0.17098,0.81092
2021-2023,5,random_forest,total,total,Education,some_college+,580,70,0.37143,0.38862,0.07255,0.81099
2021-2023,5,random_forest,total,total,Sex,female,448,65,0.50769,0.46487,0.09922,0.80347
2021-2023,5,random_forest,total,total,Sex,male,389,69,0.47826,0.45373,0.1,0.84033
2021-2023,5,random_forest,total,total,Age,18-44,274,15,0.13333,0.13748,0.01544,0.85689
2021-2023,5,random_forest,total,total,Age,45-64,310,56,0.58929,0.57962,0.14567,0.80793
2021-2023,5,random_forest,total,total,Age,65+,253,63,0.49206,0.44451,0.15263,0.75739
2021-2023,5,logistic_regression,diag,diag,Income,PIR<2,263,48,0.54167,0.4732,0.13023,0.83973
2021-2023,5,logistic_regression,diag,diag,Income,PIR>=2,574,69,0.52174,0.46366,0.05545,0.86681
2021-2023,5,logistic_regression,diag,diag,Education,HS_or_less,257,58,0.65517,0.529,0.1608,0.83686
2021-2023,5,logistic_regression,diag,diag,Education,some_college+,580,59,0.40678,0.40518,0.04607,0.85605
2021-2023,5,logistic_regression,diag,diag,Sex,female,448,55,0.50909,0.46779,0.07634,0.83581
2021-2023,5,logistic_regression,diag,diag,Sex,male,389,62,0.54839,0.46729,0.07951,0.88285
2021-2023,5,logistic_regression,diag,diag,Age,18-44,274,8,0.625,0.47076,0.01128,0.93468
2021-2023,5,logistic_regression,diag,diag,Age,45-64,310,53,0.49057,0.44843,0.09339,0.83364
2021-2023,5,logistic_regression,diag,diag,Age,65+,253,56,0.55357,0.49053,0.14721,0.77402
2021-2023,5,logistic_regression,diag,lab,Income,PIR<2,263,40,0.525,0.46778,0.14798,0.80101
2021-2023,5,logistic_regression,diag,lab,Income,PIR>=2,574,57,0.52632,0.53569,0.06576,0.86284
2021-2023,5,logistic_regression,diag,lab,Education,HS_or_less,257,49,0.67347,0.59111,0.17788,0.80632
2021-2023,5,logistic_regression,diag,lab,Education,some_college+,580,48,0.375,0.42052,0.05639,0.84982
2021-2023,5,logistic_regression,diag,lab,Sex,female,448,43,0.46512,0.44827,0.09383,0.81097
2021-2023,5,logistic_regression,diag,lab,Sex,male,389,54,0.57407,0.56956,0.08657,0.87319
2021-2023,5,logistic_regression,diag,lab,Age,18-44,274,11,0.18182,0.14301,0.02281,0.84411
2021-2023,5,logistic_regression,diag,lab,Age,45-64,310,43,0.53488,0.54823,0.10112,0.84705
2021-2023,5,logistic_regression,diag,lab,Age,65+,253,43,0.60465,0.61817,0.1619,0.79457
2021-2023,5,logistic_regression,diag,total,Income,PIR<2,263,54,0.5,0.43448,0.12919,0.81871
2021-2023,5,logistic_regression,diag,total,Income,PIR>=2,574,80,0.5,0.46888,0.04858,0.85989
2021-2023,5,logistic_regression,diag,total,Education,HS_or_less,257,64,0.64062,0.52218,0.15026,0.83242
2021-2023,5,logistic_regression,diag,total,Education,some_college+,580,70,0.37143,0.38951,0.04314,0.84202
2021-2023,5,logistic_regression,diag,total,Sex,female,448,65,0.47692,0.43793,0.0705,0.83017
2021-2023,5,logistic_regression,diag,total,Sex,male,389,69,0.52174,0.47277,0.075,0.86658
2021-2023,5,logistic_regression,diag,total,Age,18-44,274,15,0.4,0.35922,0.00772,0.89421
2021-2023,5,logistic_regression,diag,total,Age,45-64,310,56,0.46429,0.43361,0.09449,0.82269
2021-2023,5,logistic_regression,diag,total,Age,65+,253,63,0.55556,0.51703,0.13158,0.78296
2021-2023,5,logistic_regression,lab,diag,Income,PIR<2,263,48,0.54167,0.48787,0.09767,0.82432
2021-2023,5,logistic_regression,lab,diag,Income,PIR>=2,574,69,0.43478,0.38655,0.0396,0.86273
2021-2023,5,logistic_regression,lab,diag,Education,HS_or_less,257,58,0.67241,0.5487,0.1206,0.82715
2021-2023,5,logistic_regression,lab,diag,Education,some_college+,580,59,0.28814,0.30495,0.03263,0.8526
2021-2023,5,logistic_regression,lab,diag,Sex,female,448,55,0.41818,0.38171,0.05089,0.82794
2021-2023,5,logistic_regression,lab,diag,Sex,male,389,62,0.53226,0.47276,0.06422,0.87526
2021-2023,5,logistic_regression,lab,diag,Age,18-44,274,8,0.5,0.40161,0.00752,0.93233
2021-2023,5,logistic_regression,lab,diag,Age,45-64,310,53,0.43396,0.40087,0.07782,0.81051
2021-2023,5,logistic_regression,lab,diag,Age,65+,253,56,0.51786,0.46829,0.09645,0.78209
2021-2023,5,logistic_regression,lab,lab,Income,PIR<2,263,40,0.5,0.4332,0.12108,0.78812
2021-2023,5,logistic_regression,lab,lab,Income,PIR>=2,574,57,0.4386,0.44824,0.04836,0.86447
2021-2023,5,logistic_regression,lab,lab,Education,HS_or_less,257,49,0.67347,0.57257,0.14423,0.80485
2021-2023,5,logistic_regression,lab,lab,Education,some_college+,580,48,0.25,0.30713,0.04135,0.84962
2021-2023,5,logistic_regression,lab,lab,Sex,female,448,43,0.39535,0.38247,0.0642,0.81068
2021-2023,5,logistic_regression,lab,lab,Sex,male,389,54,0.51852,0.50494,0.07761,0.86683
2021-2023,5,logistic_regression,lab,lab,Age,18-44,274,11,0.0,0.0,0.02281,0.83719
2021-2023,5,logistic_regression,lab,lab,Age,45-64,310,43,0.46512,0.48396,0.08614,0.83207
2021-2023,5,logistic_regression,lab,lab,Age,65+,253,43,0.5814,0.58653,0.10952,0.81163
2021-2023,5,logistic_regression,lab,total,Income,PIR<2,263,54,0.5,0.44773,0.09569,0.80276
2021-2023,5,logistic_regression,lab,total,Income,PIR>=2,574,80,0.4,0.37078,0.03644,0.85488
2021-2023,5,logistic_regression,lab,total,Education,HS_or_less,257,64,0.65625,0.53997,0.10881,0.82408
2021-2023,5,logistic_regression,lab,total,Education,some_college+,580,70,0.24286,0.26581,0.03333,0.83801
2021-2023,5,logistic_regression,lab,total,Sex,female,448,65,0.38462,0.34415,0.047,0.82153
2021-2023,5,logistic_regression,lab,total,Sex,male,389,69,0.49275,0.46008,0.0625,0.86024
2021-2023,5,logistic_regression,lab,total,Age,18-44,274,15,0.26667,0.25229,0.00772,0.88906
2021-2023,5,logistic_regression,lab,total,Age,45-64,310,56,0.41071,0.38763,0.07874,0.80224
2021-2023,5,logistic_regression,lab,total,Age,65+,253,63,0.50794,0.47497,0.08421,0.7883
2021-2023,5,logistic_regression,total,diag,Income,PIR<2,263,48,0.60417,0.55749,0.14884,0.83498
2021-2023,5,logistic_regression,total,diag,Income,PIR>=2,574,69,0.53623,0.47642,0.07129,0.86578
2021-2023,5,logistic_regression,total,diag,Education,HS_or_less,257,58,0.72414,0.61204,0.20101,0.83504
2021-2023,5,logistic_regression,total,diag,Education,some_college+,580,59,0.40678,0.40518,0.05374,0.85393
2021-2023,5,logistic_regression,total,diag,Sex,female,448,55,0.54545,0.51004,0.08651,0.8322
2021-2023,5,logistic_regression,total,diag,Sex,male,389,62,0.58065,0.50869,0.10398,0.88118
2021-2023,5,logistic_regression,total,diag,Age,18-44,274,8,0.625,0.47076,0.01128,0.93703
2021-2023,5,logistic_regression,total,diag,Age,45-64,310,53,0.5283,0.50233,0.10895,0.82255
2021-2023,5,logistic_regression,total,diag,Age,65+,253,56,0.58929,0.52857,0.18782,0.78055
2021-2023,5,logistic_regression,total,lab,Income,PIR<2,263,40,0.575,0.52013,0.1704,0.79944
2021-2023,5,logistic_regression,total,lab,Income,PIR>=2,574,57,0.54386,0.55256,0.08124,0.86518
2021-2023,5,logistic_regression,total,lab,Education,HS_or_less,257,49,0.73469,0.6537,0.22115,0.80985
2021-2023,5,logistic_regression,total,lab,Education,some_college+,580,48,0.375,0.42052,0.06391,0.85068
2021-2023,5,logistic_regression,total,lab,Sex,female,448,43,0.51163,0.50073,0.1037,0.8108
2021-2023,5,logistic_regression,total,lab,Sex,male,389,54,0.59259,0.57943,0.11343,0.87418
2021-2023,5,logistic_regression,total,lab,Age,18-44,274,11,0.18182,0.14301,0.02281,0.85448
2021-2023,5,logistic_regression,total,lab,Age,45-64,310,43,0.55814,0.57462,0.11985,0.84383
2021-2023,5,logistic_regression,total,lab,Age,65+,253,43,0.65116,0.67096,0.2,0.80465
2021-2023,5,logistic_regression,total,total,Income,PIR<2,263,54,0.55556,0.51065,0.14833,0.81676
2021-2023,5,logistic_regression,total,total,Income,PIR>=2,574,80,0.5125,0.48005,0.06478,0.85919
2021-2023,5,logistic_regression,total,total,Education,HS_or_less,257,64,0.70312,0.59715,0.19171,0.8342
2021-2023,5,logistic_regression,total,total,Education,some_college+,580,70,0.37143,0.38951,0.05098,0.84078
2021-2023,5,logistic_regression,total,total,Sex,female,448,65,0.50769,0.4746,0.08094,0.82699
2021-2023,5,logistic_regression,total,total,Sex,male,389,69,0.55072,0.5103,0.1,0.86726
2021-2023,5,logistic_regression,total,total,Age,18-44,274,15,0.4,0.35922,0.00772,0.90167
2021-2023,5,logistic_regression,total,total,Age,45-64,310,56,0.5,0.48574,0.11024,0.81538
2021-2023,5,logistic_regression,total,total,Age,65+,253,63,0.5873,0.55106,0.17368,0.78897
2021-2023,6,xgboost,diag,diag,Income,PIR<2,292,58,0.53448,0.5385,0.1453,0.79347
2021-2023,6,xgboost,diag,diag,Income,PIR>=2,545,59,0.37288,0.39752,0.06379,0.83347
2021-2023,6,xgboost,diag,diag,Education,HS_or_less,240,45,0.64444,0.7042,0.16923,0.84342
2021-2023,6,xgboost,diag,diag,Education,some_college+,597,72,0.33333,0.30351,0.06095,0.80868
2021-2023,6,xgboost,diag,diag,Sex,female,459,60,0.46667,0.52502,0.07519,0.82502
2021-2023,6,xgboost,diag,diag,Sex,male,378,57,0.4386,0.4116,0.10903,0.81527
2021-2023,6,xgboost,diag,diag,Age,18-44,267,9,0.0,0.0,0.02326,0.6994
2021-2023,6,xgboost,diag,diag,Age,45-64,285,48,0.45833,0.46955,0.12236,0.8118
2021-2023,6,xgboost,diag,diag,Age,65+,285,60,0.51667,0.57223,0.13333,0.78533
2021-2023,6,xgboost,diag,lab,Income,PIR<2,292,47,0.3617,0.34781,0.19592,0.70126
2021-2023,6,xgboost,diag,lab,Income,PIR>=2,545,50,0.36,0.44406,0.07071,0.83297
2021-2023,6,xgboost,diag,lab,Education,HS_or_less,240,37,0.51351,0.57045,0.21182,0.77739
2021-2023,6,xgboost,diag,lab,Education,some_college+,597,60,0.26667,0.28126,0.07449,0.78265
2021-2023,6,xgboost,diag,lab,Sex,female,459,44,0.40909,0.43362,0.09639,0.80537
2021-2023,6,xgboost,diag,lab,Sex,male,378,53,0.32075,0.37281,0.13231,0.7593
2021-2023,6,xgboost,diag,lab,Age,18-44,267,8,0.0,0.0,0.02317,0.74035
2021-2023,6,xgboost,diag,lab,Age,45-64,285,40,0.425,0.50657,0.13878,0.78143
2021-2023,6,xgboost,diag,lab,Age,65+,285,49,0.36735,0.3835,0.1822,0.69206
2021-2023,6,xgboost,diag,total,Income,PIR<2,292,67,0.46269,0.46406,0.15111,0.75867
2021-2023,6,xgboost,diag,total,Income,PIR>=2,545,67,0.37313,0.40435,0.05858,0.82611
2021-2023,6,xgboost,diag,total,Education,HS_or_less,240,53,0.58491,0.63135,0.16578,0.8198
2021-2023,6,xgboost,diag,total,Education,some_college+,597,81,0.30864,0.28525,0.06008,0.78799
2021-2023,6,xgboost,diag,total,Sex,female,459,67,0.44776,0.48277,0.07143,0.81378
2021-2023,6,xgboost,diag,total,Sex,male,378,67,0.38806,0.39019,0.10932,0.78961
2021-2023,6,xgboost,diag,total,Age,18-44,267,12,0.0,0.0,0.02353,0.73203
2021-2023,6,xgboost,diag,total,Age,45-64,285,52,0.44231,0.45952,0.12017,0.79358
2021-2023,6,xgboost,diag,total,Age,65+,285,70,0.47143,0.52349,0.13023,0.74864
2021-2023,6,xgboost,lab,diag,Income,PIR<2,292,58,0.44828,0.47481,0.11966,0.78286
2021-2023,6,xgboost,lab,diag,Income,PIR>=2,545,59,0.28814,0.31196,0.0535,0.79546
2021-2023,6,xgboost,lab,diag,Education,HS_or_less,240,45,0.57778,0.63629,0.1641,0.81949
2021-2023,6,xgboost,lab,diag,Education,some_college+,597,72,0.23611,0.22363,0.0419,0.78222
2021-2023,6,xgboost,lab,diag,Sex,female,459,60,0.35,0.42968,0.06266,0.81245
2021-2023,6,xgboost,lab,diag,Sex,male,378,57,0.38596,0.35478,0.09034,0.78122
2021-2023,6,xgboost,lab,diag,Age,18-44,267,9,0.0,0.0,0.02326,0.70241
2021-2023,6,xgboost,lab,diag,Age,45-64,285,48,0.375,0.38811,0.09705,0.76116
2021-2023,6,xgboost,lab,diag,Age,65+,285,60,0.41667,0.48569,0.11111,0.77044
2021-2023,6,xgboost,lab,lab,Income,PIR<2,292,47,0.29787,0.30298,0.16327,0.72688
2021-2023,6,xgboost,lab,lab,Income,PIR>=2,545,50,0.3,0.37082,0.05657,0.78739
2021-2023,6,xgboost,lab,lab,Education,HS_or_less,240,37,0.45946,0.50265,0.20197,0.76475
2021-2023,6,xgboost,lab,lab,Education,some_college+,597,60,0.2,0.22667,0.05028,0.77126
2021-2023,6,xgboost,lab,lab,Sex,female,459,44,0.27273,0.3173,0.08193,0.79485
2021-2023,6,xgboost,lab,lab,Sex,male,378,53,0.32075,0.35573,0.10462,0.74926
2021-2023,6,xgboost,lab,lab,Age,18-44,267,8,0.0,0.0,0.02317,0.80936
2021-2023,6,xgboost,lab,lab,Age,45-64,285,40,0.325,0.40781,0.11429,0.73337
2021-2023,6,xgboost,lab,lab,Age,65+,285,49,0.32653,0.35038,0.14407,0.70296
2021-2023,6,xgboost,lab,total,Income,PIR<2,292,67,0.38806,0.40918,0.12444,0.77652
2021-2023,6,xgboost,lab,total,Income,PIR>=2,545,67,0.29851,0.32878,0.04812,0.78433
2021-2023,6,xgboost,lab,total,Education,HS_or_less,240,53,0.54717,0.58588,0.15508,0.81445
2021-2023,6,xgboost,lab,total,Education,some_college+,597,81,0.20988,0.20482,0.04264,0.77125
2021-2023,6,xgboost,lab,total,Sex,female,459,67,0.32836,0.38942,0.06122,0.80323
2021-2023,6,xgboost,lab,total,Sex,male,378,67,0.35821,0.34935,0.08682,0.77679
2021-2023,6,xgboost,lab,total,Age,18-44,267,12,0.0,0.0,0.02353,0.76601
2021-2023,6,xgboost,lab,total,Age,45-64,285,52,0.34615,0.37149,0.09871,0.75223
2021-2023,6,xgboost,lab,total,Age,65+,285,70,0.4,0.46094,0.10233,0.7491
2021-2023,6,xgboost,total,diag,Income,PIR<2,292,58,0.56897,0.53892,0.17094,0.79119
2021-2023,6,xgboost,total,diag,Income,PIR>=2,545,59,0.38983,0.39852,0.07819,0.83557
2021-2023,6,xgboost,total,diag,Education,HS_or_less,240,45,0.68889,0.70648,0.2,0.83635
2021-2023,6,xgboost,total,diag,Education,some_college+,597,72,0.34722,0.30318,0.07429,0.8096
2021-2023,6,xgboost,total,diag,Sex,female,459,60,0.5,0.50541,0.10025,0.83404
2021-2023,6,xgboost,total,diag,Sex,male,378,57,0.45614,0.43058,0.11838,0.80527
2021-2023,6,xgboost,total,diag,Age,18-44,267,9,0.0,0.0,0.02713,0.71146
2021-2023,6,xgboost,total,diag,Age,45-64,285,48,0.4375,0.46186,0.14768,0.79597
2021-2023,6,xgboost,total,diag,Age,65+,285,60,0.58333,0.58162,0.16,0.7937
2021-2023,6,xgboost,total,lab,Income,PIR<2,292,47,0.46809,0.43147,0.20816,0.73513
2021-2023,6,xgboost,total,lab,Income,PIR>=2,545,50,0.4,0.45167,0.08283,0.82776
2021-2023,6,xgboost,total,lab,Education,HS_or_less,240,37,0.64865,0.66553,0.2266,0.7935
2021-2023,6,xgboost,total,lab,Education,some_college+,597,60,0.3,0.28869,0.08566,0.7928
2021-2023,6,xgboost,total,lab,Sex,female,459,44,0.47727,0.46741,0.11807,0.81911
2021-2023,6,xgboost,total,lab,Sex,male,378,53,0.39623,0.42307,0.13231,0.77022
2021-2023,6,xgboost,total,lab,Age,18-44,267,8,0.125,0.07142,0.02317,0.78378
2021-2023,6,xgboost,total,lab,Age,45-64,285,40,0.45,0.51587,0.1551,0.78194
2021-2023,6,xgboost,total,lab,Age,65+,285,49,0.46939,0.45614,0.20339,0.71506
2021-2023,6,xgboost,total,total,Income,PIR<2,292,67,0.52239,0.48524,0.16889,0.77585
2021-2023,6,xgboost,total,total,Income,PIR>=2,545,67,0.40299,0.4142,0.07113,0.82467
2021-2023,6,xgboost,total,total,Education,HS_or_less,240,53,0.66038,0.65497,0.18717,0.82736
2021-2023,6,xgboost,total,total,Education,some_college+,597,81,0.33333,0.29448,0.07171,0.795
2021-2023,6,xgboost,total,total,Sex,female,459,67,0.49254,0.47551,0.09439,0.82341
2021-2023,6,xgboost,total,total,Sex,male,378,67,0.43284,0.42557,0.11254,0.79488
2021-2023,6,xgboost,total,total,Age,18-44,267,12,0.08333,0.04486,0.02353,0.76895
2021-2023,6,xgboost,total,total,Age,45-64,285,52,0.44231,0.46367,0.14163,0.78772
2021-2023,6,xgboost,total,total,Age,65+,285,70,0.54286,0.54114,0.15349,0.76279
2021-2023,6,random_forest,diag,diag,Income,PIR<2,292,58,0.56897,0.55385,0.13675,0.81289
2021-2023,6,random_forest,diag,diag,Income,PIR>=2,545,59,0.37288,0.35769,0.06584,0.83935
2021-2023,6,random_forest,diag,diag,Education,HS_or_less,240,45,0.64444,0.64587,0.17436,0.85185
2021-2023,6,random_forest,diag,diag,Education,some_college+,597,72,0.36111,0.32067,0.05714,0.82358
2021-2023,6,random_forest,diag,diag,Sex,female,459,60,0.53333,0.5325,0.08271,0.84016
2021-2023,6,random_forest,diag,diag,Sex,male,378,57,0.40351,0.37961,0.09657,0.82478
2021-2023,6,random_forest,diag,diag,Age,18-44,267,9,0.0,0.0,0.00775,0.71318
2021-2023,6,random_forest,diag,diag,Age,45-64,285,48,0.41667,0.41779,0.13924,0.80156
2021-2023,6,random_forest,diag,diag,Age,65+,285,60,0.58333,0.59457,0.12889,0.82504
2021-2023,6,random_forest,diag,lab,Income,PIR<2,292,47,0.42553,0.40334,0.18367,0.74472
2021-2023,6,random_forest,diag,lab,Income,PIR>=2,545,50,0.34,0.37844,0.07475,0.83311
2021-2023,6,random_forest,diag,lab,Education,HS_or_less,240,37,0.51351,0.52593,0.21675,0.78279
2021-2023,6,random_forest,diag,lab,Education,some_college+,597,60,0.3,0.29665,0.07076,0.80759
2021-2023,6,random_forest,diag,lab,Sex,female,459,44,0.5,0.48751,0.10361,0.83228
2021-2023,6,random_forest,diag,lab,Sex,male,378,53,0.28302,0.31592,0.12,0.77576
2021-2023,6,random_forest,diag,lab,Age,18-44,267,8,0.0,0.0,0.00772,0.80019
2021-2023,6,random_forest,diag,lab,Age,45-64,285,40,0.375,0.41342,0.1551,0.77179
2021-2023,6,random_forest,diag,lab,Age,65+,285,49,0.44898,0.46329,0.17797,0.74706
2021-2023,6,random_forest,diag,total,Income,PIR<2,292,67,0.49254,0.47729,0.14222,0.79433
2021-2023,6,random_forest,diag,total,Income,PIR>=2,545,67,0.37313,0.36878,0.06067,0.83306
2021-2023,6,random_forest,diag,total,Education,HS_or_less,240,53,0.58491,0.58312,0.17112,0.83407
2021-2023,6,random_forest,diag,total,Education,some_college+,597,81,0.33333,0.30097,0.0562,0.81314
2021-2023,6,random_forest,diag,total,Sex,female,459,67,0.50746,0.48939,0.07908,0.83578
2021-2023,6,random_forest,diag,total,Sex,male,378,67,0.35821,0.36236,0.09646,0.81022
2021-2023,6,random_forest,diag,total,Age,18-44,267,12,0.0,0.0,0.00784,0.7482
2021-2023,6,random_forest,diag,total,Age,45-64,285,52,0.40385,0.40998,0.13734,0.79593
2021-2023,6,random_forest,diag,total,Age,65+,285,70,0.52857,0.54217,0.12558,0.79837
2021-2023,6,random_forest,lab,diag,Income,PIR<2,292,58,0.55172,0.57164,0.12393,0.78212
2021-2023,6,random_forest,lab,diag,Income,PIR>=2,545,59,0.27119,0.2927,0.04527,0.79807
2021-2023,6,random_forest,lab,diag,Education,HS_or_less,240,45,0.62222,0.65658,0.15897,0.82689
2021-2023,6,random_forest,lab,diag,Education,some_college+,597,72,0.27778,0.27114,0.0381,0.78762
2021-2023,6,random_forest,lab,diag,Sex,female,459,60,0.45,0.4967,0.06516,0.81905
2021-2023,6,random_forest,lab,diag,Sex,male,378,57,0.36842,0.3639,0.07788,0.77996
2021-2023,6,random_forest,lab,diag,Age,18-44,267,9,0.0,0.0,0.00388,0.74074
2021-2023,6,random_forest,lab,diag,Age,45-64,285,48,0.41667,0.43668,0.11392,0.74275
2021-2023,6,random_forest,lab,diag,Age,65+,285,60,0.46667,0.51879,0.10222,0.78667
2021-2023,6,random_forest,lab,lab,Income,PIR<2,292,47,0.40426,0.3906,0.17143,0.72553
2021-2023,6,random_forest,lab,lab,Income,PIR>=2,545,50,0.3,0.36631,0.04646,0.78857
2021-2023,6,random_forest,lab,lab,Education,HS_or_less,240,37,0.48649,0.50362,0.20197,0.75989
2021-2023,6,random_forest,lab,lab,Education,some_college+,597,60,0.26667,0.29105,0.04469,0.77607
2021-2023,6,random_forest,lab,lab,Sex,female,459,44,0.40909,0.41535,0.08434,0.78872
2021-2023,6,random_forest,lab,lab,Sex,male,378,53,0.30189,0.34897,0.09231,0.75959
2021-2023,6,random_forest,lab,lab,Age,18-44,267,8,0.0,0.0,0.00386,0.82505
2021-2023,6,random_forest,lab,lab,Age,45-64,285,40,0.375,0.43798,0.13061,0.70082
2021-2023,6,random_forest,lab,lab,Age,65+,285,49,0.38776,0.40771,0.13559,0.74014
2021-2023,6,random_forest,lab,total,Income,PIR<2,292,67,0.49254,0.50231,0.12444,0.7809
2021-2023,6,random_forest,lab,total,Income,PIR>=2,545,67,0.26866,0.30261,0.04184,0.79253
2021-2023,6,random_forest,lab,total,Education,HS_or_less,240,53,0.58491,0.60304,0.14973,0.8203
2021-2023,6,random_forest,lab,total,Education,some_college+,597,81,0.24691,0.24834,0.03876,0.78324
2021-2023,6,random_forest,lab,total,Sex,female,459,67,0.43284,0.45893,0.06122,0.80586
2021-2023,6,random_forest,lab,total,Sex,male,378,67,0.32836,0.34869,0.07717,0.78905
2021-2023,6,random_forest,lab,total,Age,18-44,267,12,0.0,0.0,0.00392,0.78154
2021-2023,6,random_forest,lab,total,Age,45-64,285,52,0.40385,0.42948,0.11159,0.73052
2021-2023,6,random_forest,lab,total,Age,65+,285,70,0.42857,0.47881,0.09767,0.78568
2021-2023,6,random_forest,total,diag,Income,PIR<2,292,58,0.65517,0.65689,0.1453,0.79867
2021-2023,6,random_forest,total,diag,Income,PIR>=2,545,59,0.40678,0.38213,0.07819,0.82092
2021-2023,6,random_forest,total,diag,Education,HS_or_less,240,45,0.73333,0.74083,0.16923,0.84091
2021-2023,6,random_forest,total,diag,Education,some_college+,597,72,0.40278,0.36071,0.07429,0.8036
2021-2023,6,random_forest,total,diag,Sex,female,459,60,0.6,0.61634,0.09023,0.83429
2021-2023,6,random_forest,total,diag,Sex,male,378,57,0.45614,0.42239,0.11215,0.7971
2021-2023,6,random_forest,total,diag,Age,18-44,267,9,0.0,0.0,0.0155,0.71533
2021-2023,6,random_forest,total,diag,Age,45-64,285,48,0.45833,0.46955,0.14346,0.77527
2021-2023,6,random_forest,total,diag,Age,65+,285,60,0.66667,0.68222,0.15111,0.80393
2021-2023,6,random_forest,total,lab,Income,PIR<2,292,47,0.53191,0.49545,0.19184,0.74624
2021-2023,6,random_forest,total,lab,Income,PIR>=2,545,50,0.4,0.43369,0.08485,0.81982
2021-2023,6,random_forest,total,lab,Education,HS_or_less,240,37,0.62162,0.61192,0.21182,0.78159
2021-2023,6,random_forest,total,lab,Education,some_college+,597,60,0.36667,0.35983,0.08566,0.79918
2021-2023,6,random_forest,total,lab,Sex,female,459,44,0.56818,0.54086,0.11325,0.81498
2021-2023,6,random_forest,total,lab,Sex,male,378,53,0.37736,0.40294,0.12923,0.77814
2021-2023,6,random_forest,total,lab,Age,18-44,267,8,0.125,0.07142,0.01158,0.80936
2021-2023,6,random_forest,total,lab,Age,45-64,285,40,0.425,0.47581,0.15918,0.7502
2021-2023,6,random_forest,total,lab,Age,65+,285,49,0.55102,0.54695,0.19915,0.74771
2021-2023,6,random_forest,total,total,Income,PIR<2,292,67,0.58209,0.57723,0.14667,0.78982
2021-2023,6,random_forest,total,total,Income,PIR>=2,545,67,0.40299,0.3906,0.07322,0.81691
2021-2023,6,random_forest,total,total,Education,HS_or_less,240,53,0.66038,0.66163,0.16578,0.82686
2021-2023,6,random_forest,total,total,Education,some_college+,597,81,0.38272,0.34718,0.07171,0.80022
2021-2023,6,random_forest,total,total,Sex,female,459,67,0.56716,0.5637,0.08673,0.82442
2021-2023,6,random_forest,total,total,Sex,male,378,67,0.41791,0.40984,0.10932,0.80012
2021-2023,6,random_forest,total,total,Age,18-44,267,12,0.08333,0.04486,0.01176,0.76601
2021-2023,6,random_forest,total,total,Age,45-64,285,52,0.44231,0.45953,0.14163,0.76791
2021-2023,6,random_forest,total,total,Age,65+,285,70,0.6,0.61544,0.14884,0.79007
2021-2023,6,logistic_regression,diag,diag,Income,PIR<2,292,58,0.53448,0.51322,0.17094,0.80187
2021-2023,6,logistic_regression,diag,diag,Income,PIR>=2,545,59,0.42373,0.41475,0.04527,0.86528
2021-2023,6,logistic_regression,diag,diag,Education,HS_or_less,240,45,0.66667,0.62676,0.18462,0.85003
2021-2023,6,logistic_regression,diag,diag,Education,some_college+,597,72,0.36111,0.35057,0.04952,0.84397
2021-2023,6,logistic_regression,diag,diag,Sex,female,459,60,0.5,0.50793,0.07268,0.85535
2021-2023,6,logistic_regression,diag,diag,Sex,male,378,57,0.45614,0.42088,0.1028,0.83096
2021-2023,6,logistic_regression,diag,diag,Age,18-44,267,9,0.11111,0.03469,0.01163,0.81094
2021-2023,6,logistic_regression,diag,diag,Age,45-64,285,48,0.39583,0.4231,0.09283,0.82235
2021-2023,6,logistic_regression,diag,diag,Age,65+,285,60,0.6,0.60366,0.16444,0.80444
2021-2023,6,logistic_regression,diag,lab,Income,PIR<2,292,47,0.46809,0.44108,0.2,0.7498
2021-2023,6,logistic_regression,diag,lab,Income,PIR>=2,545,50,0.44,0.47897,0.05051,0.87184
2021-2023,6,logistic_regression,diag,lab,Education,HS_or_less,240,37,0.59459,0.56701,0.21675,0.79723
2021-2023,6,logistic_regression,diag,lab,Education,some_college+,597,60,0.36667,0.38856,0.05587,0.84516
2021-2023,6,logistic_regression,diag,lab,Sex,female,459,44,0.5,0.48181,0.08916,0.85958
2021-2023,6,logistic_regression,diag,lab,Sex,male,378,53,0.41509,0.44563,0.11385,0.8007
2021-2023,6,logistic_regression,diag,lab,Age,18-44,267,8,0.125,0.04245,0.01158,0.8861
2021-2023,6,logistic_regression,diag,lab,Age,45-64,285,40,0.4,0.46228,0.10204,0.79847
2021-2023,6,logistic_regression,diag,lab,Age,65+,285,49,0.55102,0.56592,0.19492,0.76799
2021-2023,6,logistic_regression,diag,total,Income,PIR<2,292,67,0.47761,0.45775,0.17333,0.78328
2021-2023,6,logistic_regression,diag,total,Income,PIR>=2,545,67,0.40299,0.4116,0.04184,0.86052
2021-2023,6,logistic_regression,diag,total,Education,HS_or_less,240,53,0.60377,0.56733,0.18182,0.83624
2021-2023,6,logistic_regression,diag,total,Education,some_college+,597,81,0.33333,0.33434,0.04845,0.83391
2021-2023,6,logistic_regression,diag,total,Sex,female,459,67,0.46269,0.45876,0.07143,0.84789
2021-2023,6,logistic_regression,diag,total,Sex,male,378,67,0.41791,0.41252,0.09968,0.82238
2021-2023,6,logistic_regression,diag,total,Age,18-44,267,12,0.08333,0.02666,0.01176,0.83007
2021-2023,6,logistic_regression,diag,total,Age,45-64,285,52,0.36538,0.40498,0.09442,0.81297
2021-2023,6,logistic_regression,diag,total,Age,65+,285,70,0.55714,0.56598,0.15814,0.78997
2021-2023,6,logistic_regression,lab,diag,Income,PIR<2,292,58,0.46552,0.44146,0.12821,0.78795
2021-2023,6,logistic_regression,lab,diag,Income,PIR>=2,545,59,0.37288,0.38946,0.03704,0.85865
2021-2023,6,logistic_regression,lab,diag,Education,HS_or_less,240,45,0.64444,0.60668,0.15897,0.82952
2021-2023,6,logistic_regression,lab,diag,Education,some_college+,597,72,0.27778,0.2843,0.03238,0.84624
2021-2023,6,logistic_regression,lab,diag,Sex,female,459,60,0.41667,0.42985,0.05263,0.84804
2021-2023,6,logistic_regression,lab,diag,Sex,male,378,57,0.42105,0.40061,0.08411,0.82445
2021-2023,6,logistic_regression,lab,diag,Age,18-44,267,9,0.11111,0.03469,0.0155,0.8118
2021-2023,6,logistic_regression,lab,diag,Age,45-64,285,48,0.33333,0.38557,0.06329,0.79905
2021-2023,6,logistic_regression,lab,diag,Age,65+,285,60,0.53333,0.53446,0.12889,0.8083
2021-2023,6,logistic_regression,lab,lab,Income,PIR<2,292,47,0.38298,0.3589,0.15918,0.74208
2021-2023,6,logistic_regression,lab,lab,Income,PIR>=2,545,50,0.42,0.46908,0.03838,0.86679
2021-2023,6,logistic_regression,lab,lab,Education,HS_or_less,240,37,0.56757,0.55333,0.19212,0.78232
2021-2023,6,logistic_regression,lab,lab,Education,some_college+,597,60,0.3,0.32427,0.03538,0.84826
2021-2023,6,logistic_regression,lab,lab,Sex,female,459,44,0.43182,0.43043,0.06506,0.8465
2021-2023,6,logistic_regression,lab,lab,Sex,male,378,53,0.37736,0.40784,0.09538,0.80203
2021-2023,6,logistic_regression,lab,lab,Age,18-44,267,8,0.125,0.04245,0.01544,0.86873
2021-2023,6,logistic_regression,lab,lab,Age,45-64,285,40,0.325,0.41705,0.07347,0.78194
2021-2023,6,logistic_regression,lab,lab,Age,65+,285,49,0.5102,0.51293,0.15254,0.7788
2021-2023,6,logistic_regression,lab,total,Income,PIR<2,292,67,0.41791,0.39591,0.12889,0.77904
2021-2023,6,logistic_regression,lab,total,Income,PIR>=2,545,67,0.35821,0.38902,0.03347,0.8539
2021-2023,6,logistic_regression,lab,total,Education,HS_or_less,240,53,0.58491,0.55072,0.15508,0.81919
2021-2023,6,logistic_regression,lab,total,Education,some_college+,597,81,0.25926,0.27365,0.03101,0.84027
2021-2023,6,logistic_regression,lab,total,Sex,female,459,67,0.38806,0.38957,0.05102,0.84157
2021-2023,6,logistic_regression,lab,total,Sex,male,378,67,0.38806,0.39488,0.08039,0.82176
2021-2023,6,logistic_regression,lab,total,Age,18-44,267,12,0.08333,0.02666,0.01569,0.82843
2021-2023,6,logistic_regression,lab,total,Age,45-64,285,52,0.30769,0.36906,0.06438,0.79333
2021-2023,6,logistic_regression,lab,total,Age,65+,285,70,0.5,0.50813,0.12093,0.80033
2021-2023,6,logistic_regression,total,diag,Income,PIR<2,292,58,0.60345,0.57928,0.18376,0.79443
2021-2023,6,logistic_regression,total,diag,Income,PIR>=2,545,59,0.42373,0.41475,0.06379,0.86305
2021-2023,6,logistic_regression,total,diag,Education,HS_or_less,240,45,0.71111,0.68457,0.22051,0.8433
2021-2023,6,logistic_regression,total,diag,Education,some_college+,597,72,0.38889,0.36467,0.05905,0.84352
2021-2023,6,logistic_regression,total,diag,Sex,female,459,60,0.53333,0.5257,0.08521,0.85497
2021-2023,6,logistic_regression,total,diag,Sex,male,378,57,0.49123,0.46518,0.12461,0.82516
2021-2023,6,logistic_regression,total,diag,Age,18-44,267,9,0.11111,0.03469,0.0155,0.81438
2021-2023,6,logistic_regression,total,diag,Age,45-64,285,48,0.4375,0.46166,0.11814,0.81294
2021-2023,6,logistic_regression,total,diag,Age,65+,285,60,0.63333,0.63612,0.18667,0.80556
2021-2023,6,logistic_regression,total,lab,Income,PIR<2,292,47,0.51064,0.48655,0.22041,0.74677
2021-2023,6,logistic_regression,total,lab,Income,PIR>=2,545,50,0.44,0.47897,0.06869,0.87111
2021-2023,6,logistic_regression,total,lab,Education,HS_or_less,240,37,0.64865,0.61914,0.25123,0.79483
2021-2023,6,logistic_regression,total,lab,Education,some_college+,597,60,0.36667,0.38856,0.0689,0.84643
2021-2023,6,logistic_regression,total,lab,Sex,female,459,44,0.5,0.48181,0.10602,0.85811
2021-2023,6,logistic_regression,total,lab,Sex,male,378,53,0.45283,0.48304,0.13538,0.80163
2021-2023,6,logistic_regression,total,lab,Age,18-44,267,8,0.125,0.04245,0.01544,0.87886
2021-2023,6,logistic_regression,total,lab,Age,45-64,285,40,0.425,0.49666,0.13061,0.79429
2021-2023,6,logistic_regression,total,lab,Age,65+,285,49,0.57143,0.5783,0.22034,0.77516
2021-2023,6,logistic_regression,total,total,Income,PIR<2,292,67,0.55224,0.52233,0.18222,0.78189
2021-2023,6,logistic_regression,total,total,Income,PIR>=2,545,67,0.40299,0.4116,0.06067,0.85961
2021-2023,6,logistic_regression,total,total,Education,HS_or_less,240,53,0.66038,0.62386,0.2139,0.83362
2021-2023,6,logistic_regression,total,total,Education,some_college+,597,81,0.35802,0.34725,0.05814,0.83654
2021-2023,6,logistic_regression,total,total,Sex,female,459,67,0.49254,0.47451,0.08418,0.84949
2021-2023,6,logistic_regression,total,total,Sex,male,378,67,0.46269,0.45811,0.11897,0.822
2021-2023,6,logistic_regression,total,total,Age,18-44,267,12,0.08333,0.02666,0.01569,0.83595
2021-2023,6,logistic_regression,total,total,Age,45-64,285,52,0.40385,0.44188,0.12017,0.8067
2021-2023,6,logistic_regression,total,total,Age,65+,285,70,0.6,0.60114,0.17674,0.79542
2021-2023,7,xgboost,diag,diag,Income,PIR<2,271,52,0.48077,0.55847,0.16438,0.77898
2021-2023,7,xgboost,diag,diag,Income,PIR>=2,566,65,0.32308,0.22872,0.07186,0.79754
2021-2023,7,xgboost,diag,diag,Education,HS_or_less,227,47,0.44681,0.42851,0.16667,0.74622
2021-2023,7,xgboost,diag,diag,Education,some_college+,610,70,0.35714,0.29691,0.07778,0.80958
2021-2023,7,xgboost,diag,diag,Sex,female,465,55,0.43636,0.38515,0.08293,0.81676
2021-2023,7,xgboost,diag,diag,Sex,male,372,62,0.35484,0.31187,0.12258,0.77076
2021-2023,7,xgboost,diag,diag,Age,18-44,269,9,0.0,0.0,0.00385,0.74444
2021-2023,7,xgboost,diag,diag,Age,45-64,291,46,0.3913,0.35725,0.14694,0.74862
2021-2023,7,xgboost,diag,diag,Age,65+,277,62,0.45161,0.42594,0.16279,0.73788
2021-2023,7,xgboost,diag,lab,Income,PIR<2,271,43,0.51163,0.60517,0.17105,0.75857
2021-2023,7,xgboost,diag,lab,Income,PIR>=2,566,54,0.27778,0.20485,0.08203,0.76617
2021-2023,7,xgboost,diag,lab,Education,HS_or_less,227,42,0.42857,0.38341,0.17838,0.72329
2021-2023,7,xgboost,diag,lab,Education,some_college+,610,55,0.34545,0.318,0.08649,0.77595
2021-2023,7,xgboost,diag,lab,Sex,female,465,42,0.45238,0.41543,0.0922,0.80952
2021-2023,7,xgboost,diag,lab,Sex,male,372,55,0.32727,0.29446,0.13249,0.72957
2021-2023,7,xgboost,diag,lab,Age,18-44,269,10,0.0,0.0,0.00386,0.74208
2021-2023,7,xgboost,diag,lab,Age,45-64,291,35,0.48571,0.48521,0.14453,0.72567
2021-2023,7,xgboost,diag,lab,Age,65+,277,52,0.38462,0.38091,0.19111,0.70573
2021-2023,7,xgboost,diag,total,Income,PIR<2,271,58,0.44828,0.52658,0.16432,0.75943
2021-2023,7,xgboost,diag,total,Income,PIR>=2,566,76,0.30263,0.20544,0.06939,0.79527
2021-2023,7,xgboost,diag,total,Education,HS_or_less,227,52,0.42308,0.38272,0.16571,0.73374
2021-2023,7,xgboost,diag,total,Education,some_college+,610,82,0.32927,0.27372,0.07576,0.80091
2021-2023,7,xgboost,diag,total,Sex,female,465,61,0.42623,0.37158,0.07921,0.82065
2021-2023,7,xgboost,diag,total,Sex,male,372,73,0.31507,0.27139,0.12375,0.75045
2021-2023,7,xgboost,diag,total,Age,18-44,269,12,0.0,0.0,0.00389,0.77302
2021-2023,7,xgboost,diag,total,Age,45-64,291,53,0.39623,0.36873,0.13866,0.73942
2021-2023,7,xgboost,diag,total,Age,65+,277,69,0.4058,0.37938,0.16827,0.71983
2021-2023,7,xgboost,lab,diag,Income,PIR<2,271,52,0.5,0.54546,0.10502,0.79575
2021-2023,7,xgboost,lab,diag,Income,PIR>=2,566,65,0.26154,0.21512,0.06188,0.82564
2021-2023,7,xgboost,lab,diag,Education,HS_or_less,227,47,0.44681,0.38997,0.10556,0.77104
2021-2023,7,xgboost,lab,diag,Education,some_college+,610,70,0.31429,0.29737,0.06481,0.82955
2021-2023,7,xgboost,lab,diag,Sex,female,465,55,0.36364,0.33215,0.04878,0.83069
2021-2023,7,xgboost,lab,diag,Sex,male,372,62,0.37097,0.32878,0.10968,0.79506
2021-2023,7,xgboost,lab,diag,Age,18-44,269,9,0.0,0.0,0.00385,0.74615
2021-2023,7,xgboost,lab,diag,Age,45-64,291,46,0.41304,0.39046,0.09388,0.8039
2021-2023,7,xgboost,lab,diag,Age,65+,277,62,0.3871,0.36249,0.13953,0.75724
2021-2023,7,xgboost,lab,lab,Income,PIR<2,271,43,0.48837,0.56627,0.12281,0.7907
2021-2023,7,xgboost,lab,lab,Income,PIR>=2,566,54,0.24074,0.20911,0.06836,0.79753
2021-2023,7,xgboost,lab,lab,Education,HS_or_less,227,42,0.42857,0.35969,0.11892,0.74221
2021-2023,7,xgboost,lab,lab,Education,some_college+,610,55,0.29091,0.31651,0.07387,0.8132
2021-2023,7,xgboost,lab,lab,Sex,female,465,42,0.33333,0.34903,0.06147,0.82776
2021-2023,7,xgboost,lab,lab,Sex,male,372,55,0.36364,0.32441,0.11672,0.76536
2021-2023,7,xgboost,lab,lab,Age,18-44,269,10,0.0,0.0,0.00386,0.76062
2021-2023,7,xgboost,lab,lab,Age,45-64,291,35,0.45714,0.50091,0.10156,0.81462
2021-2023,7,xgboost,lab,lab,Age,65+,277,52,0.34615,0.33961,0.16,0.72043
2021-2023,7,xgboost,lab,total,Income,PIR<2,271,58,0.46552,0.51507,0.10329,0.79132
2021-2023,7,xgboost,lab,total,Income,PIR>=2,566,76,0.23684,0.18806,0.06122,0.82422
2021-2023,7,xgboost,lab,total,Education,HS_or_less,227,52,0.42308,0.35097,0.10286,0.75352
2021-2023,7,xgboost,lab,total,Education,some_college+,610,82,0.28049,0.26793,0.06439,0.83423
2021-2023,7,xgboost,lab,total,Sex,female,465,61,0.34426,0.31611,0.04703,0.84102
2021-2023,7,xgboost,lab,total,Sex,male,372,73,0.32877,0.28572,0.11037,0.78275
2021-2023,7,xgboost,lab,total,Age,18-44,269,12,0.0,0.0,0.00389,0.78372
2021-2023,7,xgboost,lab,total,Age,45-64,291,53,0.39623,0.38937,0.08824,0.80894
2021-2023,7,xgboost,lab,total,Age,65+,277,69,0.34783,0.32287,0.14423,0.74422
2021-2023,7,xgboost,total,diag,Income,PIR<2,271,52,0.53846,0.59609,0.17352,0.77064
2021-2023,7,xgboost,total,diag,Income,PIR>=2,566,65,0.32308,0.2381,0.09381,0.8086
2021-2023,7,xgboost,total,diag,Education,HS_or_less,227,47,0.53191,0.48926,0.18333,0.75532
2021-2023,7,xgboost,total,diag,Education,some_college+,610,70,0.34286,0.29327,0.0963,0.80733
2021-2023,7,xgboost,total,diag,Sex,female,465,55,0.45455,0.39769,0.10488,0.82341
2021-2023,7,xgboost,total,diag,Sex,male,372,62,0.3871,0.33621,0.13548,0.7706
2021-2023,7,xgboost,total,diag,Age,18-44,269,9,0.0,0.0,0.00385,0.78632
2021-2023,7,xgboost,total,diag,Age,45-64,291,46,0.41304,0.37147,0.16327,0.74232
2021-2023,7,xgboost,total,diag,Age,65+,277,62,0.48387,0.4555,0.20465,0.73278
2021-2023,7,xgboost,total,lab,Income,PIR<2,271,43,0.55814,0.64064,0.18421,0.76224
2021-2023,7,xgboost,total,lab,Income,PIR>=2,566,54,0.31481,0.24162,0.09961,0.78704
2021-2023,7,xgboost,total,lab,Education,HS_or_less,227,42,0.5,0.43606,0.2,0.72921
2021-2023,7,xgboost,total,lab,Education,some_college+,610,55,0.36364,0.34224,0.1009,0.79168
2021-2023,7,xgboost,total,lab,Sex,female,465,42,0.47619,0.44828,0.11348,0.82241
2021-2023,7,xgboost,total,lab,Sex,male,372,55,0.38182,0.33333,0.14196,0.74259
2021-2023,7,xgboost,total,lab,Age,18-44,269,10,0.0,0.0,0.00386,0.77336
2021-2023,7,xgboost,total,lab,Age,45-64,291,35,0.51429,0.5039,0.16016,0.74922
2021-2023,7,xgboost,total,lab,Age,65+,277,52,0.44231,0.4513,0.22667,0.70538
2021-2023,7,xgboost,total,total,Income,PIR<2,271,58,0.5,0.55986,0.17371,0.757
2021-2023,7,xgboost,total,total,Income,PIR>=2,566,76,0.31579,0.22494,0.0898,0.80867
2021-2023,7,xgboost,total,total,Education,HS_or_less,227,52,0.5,0.43276,0.18286,0.74066
2021-2023,7,xgboost,total,total,Education,some_college+,610,82,0.32927,0.28267,0.0928,0.80675
2021-2023,7,xgboost,total,total,Sex,female,465,61,0.45902,0.40052,0.09901,0.82917
2021-2023,7,xgboost,total,total,Sex,male,372,73,0.34247,0.29201,0.13712,0.75604
2021-2023,7,xgboost,total,total,Age,18-44,269,12,0.0,0.0,0.00389,0.8035
2021-2023,7,xgboost,total,total,Age,45-64,291,53,0.41509,0.38158,0.15546,0.74219
2021-2023,7,xgboost,total,total,Age,65+,277,69,0.44928,0.42376,0.20673,0.71816
2021-2023,7,random_forest,diag,diag,Income,PIR<2,271,52,0.53846,0.60561,0.12329,0.79935
2021-2023,7,random_forest,diag,diag,Income,PIR>=2,566,65,0.33846,0.30391,0.08184,0.77339
2021-2023,7,random_forest,diag,diag,Education,HS_or_less,227,47,0.46809,0.4386,0.13889,0.76472
2021-2023,7,random_forest,diag,diag,Education,some_college+,610,70,0.4,0.39278,0.07963,0.78687
2021-2023,7,random_forest,diag,diag,Sex,female,465,55,0.41818,0.39383,0.07317,0.81412
2021-2023,7,random_forest,diag,diag,Sex,male,372,62,0.43548,0.4207,0.12258,0.76246
2021-2023,7,random_forest,diag,diag,Age,18-44,269,9,0.0,0.0,0.00385,0.74103
2021-2023,7,random_forest,diag,diag,Age,45-64,291,46,0.54348,0.52668,0.12653,0.75492
2021-2023,7,random_forest,diag,diag,Age,65+,277,62,0.40323,0.40622,0.16744,0.72682
2021-2023,7,random_forest,diag,lab,Income,PIR<2,271,43,0.53488,0.63035,0.14035,0.78004
2021-2023,7,random_forest,diag,lab,Income,PIR>=2,566,54,0.2963,0.24287,0.0918,0.76734
2021-2023,7,random_forest,diag,lab,Education,HS_or_less,227,42,0.45238,0.40718,0.15135,0.7509
2021-2023,7,random_forest,diag,lab,Education,some_college+,610,55,0.36364,0.35869,0.09189,0.76857
2021-2023,7,random_forest,diag,lab,Sex,female,465,42,0.45238,0.434,0.08038,0.80899
2021-2023,7,random_forest,diag,lab,Sex,male,372,55,0.36364,0.33896,0.14196,0.74514
2021-2023,7,random_forest,diag,lab,Age,18-44,269,10,0.0,0.0,0.00386,0.75579
2021-2023,7,random_forest,diag,lab,Age,45-64,291,35,0.54286,0.54571,0.14453,0.7293
2021-2023,7,random_forest,diag,lab,Age,65+,277,52,0.38462,0.40509,0.18222,0.72769
2021-2023,7,random_forest,diag,total,Income,PIR<2,271,58,0.5,0.56828,0.12207,0.77695
2021-2023,7,random_forest,diag,total,Income,PIR>=2,566,76,0.31579,0.269,0.07959,0.777
2021-2023,7,random_forest,diag,total,Education,HS_or_less,227,52,0.44231,0.39103,0.13714,0.75225
2021-2023,7,random_forest,diag,total,Education,some_college+,610,82,0.36585,0.35799,0.07765,0.78223
2021-2023,7,random_forest,diag,total,Sex,female,465,61,0.40984,0.37916,0.06931,0.82
2021-2023,7,random_forest,diag,total,Sex,male,372,73,0.38356,0.36358,0.12375,0.74412
2021-2023,7,random_forest,diag,total,Age,18-44,269,12,0.0,0.0,0.00389,0.78259
2021-2023,7,random_forest,diag,total,Age,45-64,291,53,0.5283,0.52186,0.11765,0.74588
2021-2023,7,random_forest,diag,total,Age,65+,277,69,0.36232,0.36182,0.17308,0.70718
2021-2023,7,random_forest,lab,diag,Income,PIR<2,271,52,0.5,0.55781,0.09132,0.81937
2021-2023,7,random_forest,lab,diag,Income,PIR>=2,566,65,0.27692,0.24778,0.06786,0.79797
2021-2023,7,random_forest,lab,diag,Education,HS_or_less,227,47,0.51064,0.45805,0.11667,0.7958
2021-2023,7,random_forest,lab,diag,Education,some_college+,610,70,0.28571,0.29955,0.06111,0.80894
2021-2023,7,random_forest,lab,diag,Sex,female,465,55,0.4,0.38304,0.0561,0.8292
2021-2023,7,random_forest,lab,diag,Sex,male,372,62,0.35484,0.335,0.1,0.78777
2021-2023,7,random_forest,lab,diag,Age,18-44,269,9,0.0,0.0,0.00385,0.77863
2021-2023,7,random_forest,lab,diag,Age,45-64,291,46,0.41304,0.42626,0.1102,0.77547
2021-2023,7,random_forest,lab,diag,Age,65+,277,62,0.40323,0.38506,0.12093,0.75653
2021-2023,7,random_forest,lab,lab,Income,PIR<2,271,43,0.48837,0.5528,0.10965,0.8035
2021-2023,7,random_forest,lab,lab,Income,PIR>=2,566,54,0.24074,0.20794,0.07617,0.7876
2021-2023,7,random_forest,lab,lab,Education,HS_or_less,227,42,0.45238,0.36563,0.14054,0.77342
2021-2023,7,random_forest,lab,lab,Education,some_college+,610,55,0.27273,0.30255,0.06847,0.79233
2021-2023,7,random_forest,lab,lab,Sex,female,465,42,0.35714,0.35035,0.07092,0.8254
2021-2023,7,random_forest,lab,lab,Sex,male,372,55,0.34545,0.31388,0.10726,0.76788
2021-2023,7,random_forest,lab,lab,Age,18-44,269,10,0.0,0.0,0.00386,0.79305
2021-2023,7,random_forest,lab,lab,Age,45-64,291,35,0.4,0.44171,0.125,0.77143
2021-2023,7,random_forest,lab,lab,Age,65+,277,52,0.38462,0.38205,0.13778,0.7406
2021-2023,7,random_forest,lab,total,Income,PIR<2,271,58,0.44828,0.49343,0.0939,0.80241
2021-2023,7,random_forest,lab,total,Income,PIR>=2,566,76,0.26316,0.22156,0.06531,0.80246
2021-2023,7,random_forest,lab,total,Education,HS_or_less,227,52,0.46154,0.3773,0.12,0.77445
2021-2023,7,random_forest,lab,total,Education,some_college+,610,82,0.26829,0.27604,0.05871,0.81235
2021-2023,7,random_forest,lab,total,Sex,female,465,61,0.37705,0.34388,0.05446,0.83667
2021-2023,7,random_forest,lab,total,Sex,male,372,73,0.31507,0.29098,0.10033,0.77365
2021-2023,7,random_forest,lab,total,Age,18-44,269,12,0.0,0.0,0.00389,0.81696
2021-2023,7,random_forest,lab,total,Age,45-64,291,53,0.39623,0.40459,0.10504,0.77303
2021-2023,7,random_forest,lab,total,Age,65+,277,69,0.36232,0.34297,0.125,0.74282
2021-2023,7,random_forest,total,diag,Income,PIR<2,271,52,0.63462,0.67842,0.15982,0.80616
2021-2023,7,random_forest,total,diag,Income,PIR>=2,566,65,0.29231,0.27189,0.0978,0.7903
2021-2023,7,random_forest,total,diag,Education,HS_or_less,227,47,0.53191,0.4891,0.18889,0.77547
2021-2023,7,random_forest,total,diag,Education,some_college+,610,70,0.38571,0.37198,0.09259,0.80005
2021-2023,7,random_forest,total,diag,Sex,female,465,55,0.49091,0.441,0.10488,0.82789
2021-2023,7,random_forest,total,diag,Sex,male,372,62,0.40323,0.39256,0.13226,0.77229
2021-2023,7,random_forest,total,diag,Age,18-44,269,9,0.11111,0.02364,0.01154,0.77521
2021-2023,7,random_forest,total,diag,Age,45-64,291,46,0.45652,0.46078,0.14286,0.76504
2021-2023,7,random_forest,total,diag,Age,65+,277,62,0.48387,0.47538,0.21395,0.72731
2021-2023,7,random_forest,total,lab,Income,PIR<2,271,43,0.65116,0.71154,0.17544,0.78662
2021-2023,7,random_forest,total,lab,Income,PIR>=2,566,54,0.25926,0.23233,0.10547,0.78405
2021-2023,7,random_forest,total,lab,Education,HS_or_less,227,42,0.52381,0.45815,0.2,0.75727
2021-2023,7,random_forest,total,lab,Education,some_college+,610,55,0.36364,0.35886,0.1027,0.78278
2021-2023,7,random_forest,total,lab,Sex,female,465,42,0.54762,0.50637,0.11111,0.8297
2021-2023,7,random_forest,total,lab,Sex,male,372,55,0.34545,0.32341,0.14826,0.74958
2021-2023,7,random_forest,total,lab,Age,18-44,269,10,0.2,0.0747,0.00772,0.77722
2021-2023,7,random_forest,total,lab,Age,45-64,291,35,0.42857,0.45908,0.16016,0.74688
2021-2023,7,random_forest,total,lab,Age,65+,277,52,0.48077,0.50348,0.22667,0.72124
2021-2023,7,random_forest,total,total,Income,PIR<2,271,58,0.60345,0.6537,0.15493,0.78554
2021-2023,7,random_forest,total,total,Income,PIR>=2,566,76,0.30263,0.26621,0.09184,0.79276
2021-2023,7,random_forest,total,total,Education,HS_or_less,227,52,0.51923,0.45536,0.18286,0.75874
2021-2023,7,random_forest,total,total,Education,some_college+,610,82,0.37805,0.36313,0.08712,0.79811
2021-2023,7,random_forest,total,total,Sex,female,465,61,0.5082,0.45812,0.09653,0.83416
2021-2023,7,random_forest,total,total,Sex,male,372,73,0.36986,0.35213,0.13043,0.7548
2021-2023,7,random_forest,total,total,Age,18-44,269,12,0.16667,0.06791,0.00778,0.80431
2021-2023,7,random_forest,total,total,Age,45-64,291,53,0.45283,0.4623,0.13445,0.75678
2021-2023,7,random_forest,total,total,Age,65+,277,69,0.46377,0.45823,0.21154,0.70906
2021-2023,7,logistic_regression,diag,diag,Income,PIR<2,271,52,0.55769,0.62495,0.15982,0.82139
2021-2023,7,logistic_regression,diag,diag,Income,PIR>=2,566,65,0.30769,0.27048,0.06786,0.82116
2021-2023,7,logistic_regression,diag,diag,Education,HS_or_less,227,47,0.6383,0.6433,0.18333,0.80638
2021-2023,7,logistic_regression,diag,diag,Education,some_college+,610,70,0.27143,0.25678,0.06667,0.82463
2021-2023,7,logistic_regression,diag,diag,Sex,female,465,55,0.45455,0.4248,0.07317,0.84971
2021-2023,7,logistic_regression,diag,diag,Sex,male,372,62,0.3871,0.37045,0.12581,0.7975
2021-2023,7,logistic_regression,diag,diag,Age,18-44,269,9,0.11111,0.14937,0.00385,0.85214
2021-2023,7,logistic_regression,diag,diag,Age,45-64,291,46,0.36957,0.35066,0.10204,0.7787
2021-2023,7,logistic_regression,diag,diag,Age,65+,277,62,0.5,0.50532,0.2,0.75896
2021-2023,7,logistic_regression,diag,lab,Income,PIR<2,271,43,0.51163,0.58661,0.18421,0.7807
2021-2023,7,logistic_regression,diag,lab,Income,PIR>=2,566,54,0.27778,0.27855,0.07617,0.79622
2021-2023,7,logistic_regression,diag,lab,Education,HS_or_less,227,42,0.59524,0.56481,0.20541,0.75792
2021-2023,7,logistic_regression,diag,lab,Education,some_college+,610,55,0.21818,0.25561,0.07748,0.79325
2021-2023,7,logistic_regression,diag,lab,Sex,female,465,42,0.38095,0.38121,0.0922,0.82742
2021-2023,7,logistic_regression,diag,lab,Sex,male,372,55,0.38182,0.39128,0.13249,0.76432
2021-2023,7,logistic_regression,diag,lab,Age,18-44,269,10,0.1,0.10783,0.00386,0.8444
2021-2023,7,logistic_regression,diag,lab,Age,45-64,291,35,0.34286,0.39688,0.11719,0.74487
2021-2023,7,logistic_regression,diag,lab,Age,65+,277,52,0.46154,0.5121,0.22222,0.72462
2021-2023,7,logistic_regression,diag,total,Income,PIR<2,271,58,0.5,0.55283,0.16432,0.7893
2021-2023,7,logistic_regression,diag,total,Income,PIR>=2,566,76,0.27632,0.24696,0.06735,0.81233
2021-2023,7,logistic_regression,diag,total,Education,HS_or_less,227,52,0.59615,0.56271,0.18286,0.78099
2021-2023,7,logistic_regression,diag,total,Education,some_college+,610,82,0.23171,0.22569,0.06818,0.80941
2021-2023,7,logistic_regression,diag,total,Sex,female,465,61,0.40984,0.37121,0.07426,0.84394
2021-2023,7,logistic_regression,diag,total,Sex,male,372,73,0.34247,0.33497,0.12709,0.76873
2021-2023,7,logistic_regression,diag,total,Age,18-44,269,12,0.08333,0.09803,0.00389,0.86479
2021-2023,7,logistic_regression,diag,total,Age,45-64,291,53,0.32075,0.31693,0.10504,0.75178
2021-2023,7,logistic_regression,diag,total,Age,65+,277,69,0.46377,0.47873,0.20192,0.73481
2021-2023,7,logistic_regression,lab,diag,Income,PIR<2,271,52,0.51923,0.5868,0.11872,0.8076
2021-2023,7,logistic_regression,lab,diag,Income,PIR>=2,566,65,0.21538,0.19658,0.05988,0.82871
2021-2023,7,logistic_regression,lab,diag,Education,HS_or_less,227,47,0.57447,0.52898,0.16111,0.81076
2021-2023,7,logistic_regression,lab,diag,Education,some_college+,610,70,0.2,0.22445,0.05,0.82635
2021-2023,7,logistic_regression,lab,diag,Sex,female,465,55,0.36364,0.36051,0.05366,0.84102
2021-2023,7,logistic_regression,lab,diag,Sex,male,372,62,0.33871,0.3112,0.10968,0.80172
2021-2023,7,logistic_regression,lab,diag,Age,18-44,269,9,0.11111,0.02364,0.00385,0.86667
2021-2023,7,logistic_regression,lab,diag,Age,45-64,291,46,0.28261,0.30152,0.10204,0.76948
2021-2023,7,logistic_regression,lab,diag,Age,65+,277,62,0.43548,0.44959,0.13953,0.76722
2021-2023,7,logistic_regression,lab,lab,Income,PIR<2,271,43,0.48837,0.55683,0.14035,0.78315
2021-2023,7,logistic_regression,lab,lab,Income,PIR>=2,566,54,0.25926,0.23271,0.05859,0.81301
2021-2023,7,logistic_regression,lab,lab,Education,HS_or_less,227,42,0.52381,0.45321,0.18378,0.76757
2021-2023,7,logistic_regression,lab,lab,Education,some_college+,610,55,0.23636,0.26822,0.05045,0.80531
2021-2023,7,logistic_regression,lab,lab,Sex,female,465,42,0.33333,0.33303,0.06619,0.82894
2021-2023,7,logistic_regression,lab,lab,Sex,male,372,55,0.38182,0.357,0.10726,0.77723
2021-2023,7,logistic_regression,lab,lab,Age,18-44,269,10,0.1,0.01706,0.00386,0.85985
2021-2023,7,logistic_regression,lab,lab,Age,45-64,291,35,0.34286,0.38818,0.10156,0.76607
2021-2023,7,logistic_regression,lab,lab,Age,65+,277,52,0.42308,0.46663,0.15556,0.73222
2021-2023,7,logistic_regression,lab,total,Income,PIR<2,271,58,0.46552,0.51908,0.12207,0.78379
2021-2023,7,logistic_regression,lab,total,Income,PIR>=2,566,76,0.21053,0.19075,0.05714,0.8232
2021-2023,7,logistic_regression,lab,total,Education,HS_or_less,227,52,0.53846,0.46855,0.16,0.79132
2021-2023,7,logistic_regression,lab,total,Education,some_college+,610,82,0.18293,0.20384,0.04924,0.81601
2021-2023,7,logistic_regression,lab,total,Sex,female,465,61,0.32787,0.31503,0.05446,0.83716
2021-2023,7,logistic_regression,lab,total,Sex,male,372,73,0.31507,0.29198,0.10702,0.77881
2021-2023,7,logistic_regression,lab,total,Age,18-44,269,12,0.08333,0.01551,0.00389,0.88035
2021-2023,7,logistic_regression,lab,total,Age,45-64,291,53,0.26415,0.28247,0.10084,0.75329
2021-2023,7,logistic_regression,lab,total,Age,65+,277,69,0.4058,0.4291,0.13942,0.74498
2021-2023,7,logistic_regression,total,diag,Income,PIR<2,271,52,0.63462,0.67722,0.17808,0.81252
2021-2023,7,logistic_regression,total,diag,Income,PIR>=2,566,65,0.30769,0.25946,0.08383,0.8246
2021-2023,7,logistic_regression,total,diag,Education,HS_or_less,227,47,0.6383,0.59798,0.20556,0.80662
2021-2023,7,logistic_regression,total,diag,Education,some_college+,610,70,0.32857,0.29884,0.08148,0.82474
2021-2023,7,logistic_regression,total,diag,Sex,female,465,55,0.50909,0.47022,0.09268,0.84612
2021-2023,7,logistic_regression,total,diag,Sex,male,372,62,0.40323,0.35519,0.13871,0.80021
2021-2023,7,logistic_regression,total,diag,Age,18-44,269,9,0.11111,0.02364,0.00769,0.85171
2021-2023,7,logistic_regression,total,diag,Age,45-64,291,46,0.3913,0.36117,0.12653,0.77604
2021-2023,7,logistic_regression,total,diag,Age,65+,277,62,0.54839,0.55504,0.22326,0.75896
2021-2023,7,logistic_regression,total,lab,Income,PIR<2,271,43,0.62791,0.67453,0.19737,0.78152
2021-2023,7,logistic_regression,total,lab,Income,PIR>=2,566,54,0.2963,0.27429,0.08984,0.80483
2021-2023,7,logistic_regression,total,lab,Education,HS_or_less,227,42,0.59524,0.52057,0.22703,0.76152
2021-2023,7,logistic_regression,total,lab,Education,some_college+,610,55,0.32727,0.33735,0.08829,0.80066
2021-2023,7,logistic_regression,total,lab,Sex,female,465,42,0.45238,0.43542,0.11111,0.83052
2021-2023,7,logistic_regression,total,lab,Sex,male,372,55,0.43636,0.40031,0.1388,0.77235
2021-2023,7,logistic_regression,total,lab,Age,18-44,269,10,0.1,0.01706,0.00772,0.84363
2021-2023,7,logistic_regression,total,lab,Age,45-64,291,35,0.4,0.42517,0.13672,0.7606
2021-2023,7,logistic_regression,total,lab,Age,65+,277,52,0.53846,0.5975,0.24,0.72444
2021-2023,7,logistic_regression,total,total,Income,PIR<2,271,58,0.58621,0.62008,0.1784,0.78598
2021-2023,7,logistic_regression,total,total,Income,PIR>=2,566,76,0.28947,0.2439,0.08163,0.81716
2021-2023,7,logistic_regression,total,total,Education,HS_or_less,227,52,0.59615,0.52538,0.20571,0.78495
2021-2023,7,logistic_regression,total,total,Education,some_college+,610,82,0.30488,0.28051,0.07955,0.81248
2021-2023,7,logistic_regression,total,total,Sex,female,465,61,0.45902,0.41091,0.09406,0.84142
2021-2023,7,logistic_regression,total,total,Sex,male,372,73,0.38356,0.34162,0.13378,0.7756
2021-2023,7,logistic_regression,total,total,Age,18-44,269,12,0.08333,0.01551,0.00778,0.86479
2021-2023,7,logistic_regression,total,total,Age,45-64,291,53,0.35849,0.33638,0.12605,0.75614
2021-2023,7,logistic_regression,total,total,Age,65+,277,69,0.52174,0.53978,0.22115,0.73551
2021-2023,8,xgboost,diag,diag,Income,PIR<2,268,51,0.41176,0.371,0.13825,0.79001
2021-2023,8,xgboost,diag,diag,Income,PIR>=2,569,66,0.40909,0.3638,0.07952,0.82086
2021-2023,8,xgboost,diag,diag,Education,HS_or_less,248,56,0.44643,0.44298,0.13542,0.80246
2021-2023,8,xgboost,diag,diag,Education,some_college+,589,61,0.37705,0.30519,0.08333,0.80235
2021-2023,8,xgboost,diag,diag,Sex,female,473,62,0.35484,0.32838,0.07543,0.8433
2021-2023,8,xgboost,diag,diag,Sex,male,364,55,0.47273,0.40345,0.12621,0.78105
2021-2023,8,xgboost,diag,diag,Age,18-44,281,11,0.09091,0.07638,0.01111,0.81279
2021-2023,8,xgboost,diag,diag,Age,45-64,291,46,0.5,0.48741,0.12653,0.78722
2021-2023,8,xgboost,diag,diag,Age,65+,265,60,0.4,0.36621,0.17561,0.73862
2021-2023,8,xgboost,diag,lab,Income,PIR<2,268,37,0.45946,0.42627,0.14719,0.8121
2021-2023,8,xgboost,diag,lab,Income,PIR>=2,569,60,0.41667,0.39391,0.08251,0.82043
2021-2023,8,xgboost,diag,lab,Education,HS_or_less,248,47,0.51064,0.48694,0.13433,0.8155
2021-2023,8,xgboost,diag,lab,Education,some_college+,589,50,0.36,0.32867,0.09091,0.80508
2021-2023,8,xgboost,diag,lab,Sex,female,473,49,0.34694,0.35476,0.08491,0.83895
2021-2023,8,xgboost,diag,lab,Sex,male,364,48,0.52083,0.45084,0.12658,0.79938
2021-2023,8,xgboost,diag,lab,Age,18-44,281,13,0.07692,0.05983,0.01119,0.83754
2021-2023,8,xgboost,diag,lab,Age,45-64,291,38,0.57895,0.59547,0.12648,0.81964
2021-2023,8,xgboost,diag,lab,Age,65+,265,46,0.41304,0.40435,0.18721,0.73685
2021-2023,8,xgboost,diag,total,Income,PIR<2,268,57,0.40351,0.35792,0.1327,0.79006
2021-2023,8,xgboost,diag,total,Income,PIR>=2,569,77,0.38961,0.35502,0.0752,0.81726
2021-2023,8,xgboost,diag,total,Education,HS_or_less,248,63,0.44444,0.41804,0.12432,0.80386
2021-2023,8,xgboost,diag,total,Education,some_college+,589,71,0.35211,0.30405,0.08108,0.8001
2021-2023,8,xgboost,diag,total,Sex,female,473,71,0.35211,0.32398,0.06965,0.84556
2021-2023,8,xgboost,diag,total,Sex,male,364,63,0.44444,0.38912,0.12292,0.77272
2021-2023,8,xgboost,diag,total,Age,18-44,281,18,0.11111,0.09636,0.0076,0.84199
2021-2023,8,xgboost,diag,total,Age,45-64,291,50,0.5,0.50059,0.12033,0.79295
2021-2023,8,xgboost,diag,total,Age,65+,265,66,0.39394,0.36029,0.17085,0.73709
2021-2023,8,xgboost,lab,diag,Income,PIR<2,268,51,0.37255,0.31397,0.12903,0.76886
2021-2023,8,xgboost,lab,diag,Income,PIR>=2,569,66,0.33333,0.30141,0.05567,0.81875
2021-2023,8,xgboost,lab,diag,Education,HS_or_less,248,56,0.42857,0.39373,0.125,0.78469
2021-2023,8,xgboost,lab,diag,Education,some_college+,589,61,0.27869,0.23589,0.06061,0.79294
2021-2023,8,xgboost,lab,diag,Sex,female,473,62,0.29032,0.27444,0.05353,0.83337
2021-2023,8,xgboost,lab,diag,Sex,male,364,55,0.41818,0.33683,0.11003,0.77064
2021-2023,8,xgboost,lab,diag,Age,18-44,281,11,0.0,0.0,0.01852,0.81717
2021-2023,8,xgboost,lab,diag,Age,45-64,291,46,0.45652,0.43195,0.08571,0.77826
2021-2023,8,xgboost,lab,diag,Age,65+,265,60,0.33333,0.30745,0.14634,0.72984
2021-2023,8,xgboost,lab,lab,Income,PIR<2,268,37,0.48649,0.43601,0.12554,0.81502
2021-2023,8,xgboost,lab,lab,Income,PIR>=2,569,60,0.35,0.33955,0.05697,0.81509
2021-2023,8,xgboost,lab,lab,Education,HS_or_less,248,47,0.51064,0.46201,0.1194,0.8173
2021-2023,8,xgboost,lab,lab,Education,some_college+,589,50,0.3,0.28718,0.06308,0.79692
2021-2023,8,xgboost,lab,lab,Sex,female,473,49,0.34694,0.34705,0.05425,0.83072
2021-2023,8,xgboost,lab,lab,Sex,male,364,48,0.45833,0.3931,0.11076,0.79688
2021-2023,8,xgboost,lab,lab,Age,18-44,281,13,0.07692,0.05983,0.01493,0.80626
2021-2023,8,xgboost,lab,lab,Age,45-64,291,38,0.52632,0.52794,0.08696,0.83014
2021-2023,8,xgboost,lab,lab,Age,65+,265,46,0.3913,0.38673,0.14612,0.73764
2021-2023,8,xgboost,lab,total,Income,PIR<2,268,57,0.36842,0.30941,0.12322,0.76894
2021-2023,8,xgboost,lab,total,Income,PIR>=2,569,77,0.32468,0.3002,0.05081,0.81174
2021-2023,8,xgboost,lab,total,Education,HS_or_less,248,63,0.42857,0.3764,0.11351,0.78481
2021-2023,8,xgboost,lab,total,Education,some_college+,589,71,0.26761,0.24259,0.05792,0.78819
2021-2023,8,xgboost,lab,total,Sex,female,473,71,0.29577,0.27848,0.04726,0.83172
2021-2023,8,xgboost,lab,total,Sex,male,364,63,0.39683,0.32963,0.10631,0.76117
2021-2023,8,xgboost,lab,total,Age,18-44,281,18,0.05556,0.0445,0.01521,0.82193
2021-2023,8,xgboost,lab,total,Age,45-64,291,50,0.46,0.44859,0.07884,0.78996
2021-2023,8,xgboost,lab,total,Age,65+,265,66,0.33333,0.30725,0.1407,0.72339
2021-2023,8,xgboost,total,diag,Income,PIR<2,268,51,0.54902,0.48024,0.15207,0.79922
2021-2023,8,xgboost,total,diag,Income,PIR>=2,569,66,0.42424,0.38166,0.08946,0.80957
2021-2023,8,xgboost,total,diag,Education,HS_or_less,248,56,0.55357,0.52649,0.15104,0.80776
2021-2023,8,xgboost,total,diag,Education,some_college+,589,61,0.40984,0.33223,0.0928,0.79319
2021-2023,8,xgboost,total,diag,Sex,female,473,62,0.41935,0.3778,0.08029,0.8382
2021-2023,8,xgboost,total,diag,Sex,male,364,55,0.54545,0.4583,0.14563,0.77788
2021-2023,8,xgboost,total,diag,Age,18-44,281,11,0.18182,0.12122,0.01852,0.77643
2021-2023,8,xgboost,total,diag,Age,45-64,291,46,0.56522,0.54563,0.13878,0.79468
2021-2023,8,xgboost,total,diag,Age,65+,265,60,0.46667,0.41559,0.19024,0.73114
2021-2023,8,xgboost,total,lab,Income,PIR<2,268,37,0.62162,0.55296,0.1645,0.83269
2021-2023,8,xgboost,total,lab,Income,PIR>=2,569,60,0.43333,0.40879,0.09234,0.80655
2021-2023,8,xgboost,total,lab,Education,HS_or_less,248,47,0.59574,0.53908,0.1592,0.81645
2021-2023,8,xgboost,total,lab,Education,some_college+,589,50,0.42,0.37892,0.09833,0.80004
2021-2023,8,xgboost,total,lab,Sex,female,473,49,0.42857,0.41514,0.08962,0.83972
2021-2023,8,xgboost,total,lab,Sex,male,364,48,0.58333,0.49337,0.14873,0.7916
2021-2023,8,xgboost,total,lab,Age,18-44,281,13,0.15385,0.10077,0.01866,0.80138
2021-2023,8,xgboost,total,lab,Age,45-64,291,38,0.60526,0.61669,0.14625,0.84013
2021-2023,8,xgboost,total,lab,Age,65+,265,46,0.52174,0.49244,0.19635,0.72245
2021-2023,8,xgboost,total,total,Income,PIR<2,268,57,0.52632,0.45083,0.14692,0.79546
2021-2023,8,xgboost,total,total,Income,PIR>=2,569,77,0.4026,0.37071,0.08537,0.80287
2021-2023,8,xgboost,total,total,Education,HS_or_less,248,63,0.53968,0.48864,0.14054,0.803
2021-2023,8,xgboost,total,total,Education,some_college+,589,71,0.38028,0.32804,0.09073,0.78865
2021-2023,8,xgboost,total,total,Sex,female,473,71,0.40845,0.36565,0.07463,0.83722
2021-2023,8,xgboost,total,total,Sex,male,364,63,0.50794,0.43811,0.14286,0.76507
2021-2023,8,xgboost,total,total,Age,18-44,281,18,0.16667,0.12682,0.01521,0.80059
2021-2023,8,xgboost,total,total,Age,45-64,291,50,0.56,0.55518,0.13278,0.80614
2021-2023,8,xgboost,total,total,Age,65+,265,66,0.45455,0.40487,0.18593,0.71913
2021-2023,8,random_forest,diag,diag,Income,PIR<2,268,51,0.52941,0.46738,0.12903,0.80248
2021-2023,8,random_forest,diag,diag,Income,PIR>=2,569,66,0.37879,0.34306,0.08151,0.79271
2021-2023,8,random_forest,diag,diag,Education,HS_or_less,248,56,0.5,0.4674,0.125,0.81329
2021-2023,8,random_forest,diag,diag,Education,some_college+,589,61,0.39344,0.32749,0.08523,0.7713
2021-2023,8,random_forest,diag,diag,Sex,female,473,62,0.45161,0.40647,0.07299,0.82786
2021-2023,8,random_forest,diag,diag,Sex,male,364,55,0.43636,0.37355,0.12621,0.7624
2021-2023,8,random_forest,diag,diag,Age,18-44,281,11,0.18182,0.12122,0.0037,0.78485
2021-2023,8,random_forest,diag,diag,Age,45-64,291,46,0.52174,0.49724,0.13878,0.77866
2021-2023,8,random_forest,diag,diag,Age,65+,265,60,0.43333,0.3936,0.16585,0.71724
2021-2023,8,random_forest,diag,lab,Income,PIR<2,268,37,0.56757,0.49426,0.14719,0.80596
2021-2023,8,random_forest,diag,lab,Income,PIR>=2,569,60,0.38333,0.37087,0.08448,0.79771
2021-2023,8,random_forest,diag,lab,Education,HS_or_less,248,47,0.53191,0.46941,0.13433,0.79824
2021-2023,8,random_forest,diag,lab,Education,some_college+,589,50,0.38,0.35721,0.09276,0.78724
2021-2023,8,random_forest,diag,lab,Sex,female,473,49,0.42857,0.40596,0.08726,0.80778
2021-2023,8,random_forest,diag,lab,Sex,male,364,48,0.47917,0.41552,0.12658,0.79114
2021-2023,8,random_forest,diag,lab,Age,18-44,281,13,0.15385,0.10077,0.00373,0.77397
2021-2023,8,random_forest,diag,lab,Age,45-64,291,38,0.55263,0.55343,0.14625,0.79597
2021-2023,8,random_forest,diag,lab,Age,65+,265,46,0.45652,0.44139,0.17808,0.723
2021-2023,8,random_forest,diag,total,Income,PIR<2,268,57,0.50877,0.4399,0.12322,0.79795
2021-2023,8,random_forest,diag,total,Income,PIR>=2,569,77,0.36364,0.33679,0.07724,0.79478
2021-2023,8,random_forest,diag,total,Education,HS_or_less,248,63,0.49206,0.43868,0.11351,0.79717
2021-2023,8,random_forest,diag,total,Education,some_college+,589,71,0.3662,0.32383,0.08301,0.78585
2021-2023,8,random_forest,diag,total,Sex,female,473,71,0.43662,0.38984,0.06716,0.82855
2021-2023,8,random_forest,diag,total,Sex,male,364,63,0.4127,0.36242,0.12292,0.7609
2021-2023,8,random_forest,diag,total,Age,18-44,281,18,0.16667,0.12682,0.0,0.79077
2021-2023,8,random_forest,diag,total,Age,45-64,291,50,0.52,0.50981,0.13278,0.79158
2021-2023,8,random_forest,diag,total,Age,65+,265,66,0.42424,0.38502,0.1608,0.72168
2021-2023,8,random_forest,lab,diag,Income,PIR<2,268,51,0.5098,0.48333,0.12442,0.79534
2021-2023,8,random_forest,lab,diag,Income,PIR>=2,569,66,0.28788,0.23835,0.0497,0.79167
2021-2023,8,random_forest,lab,diag,Education,HS_or_less,248,56,0.51786,0.48382,0.11458,0.78804
2021-2023,8,random_forest,lab,diag,Education,some_college+,589,61,0.2623,0.20729,0.05682,0.78291
2021-2023,8,random_forest,lab,diag,Sex,female,473,62,0.40323,0.3976,0.04866,0.83663
2021-2023,8,random_forest,lab,diag,Sex,male,364,55,0.36364,0.26519,0.10356,0.74813
2021-2023,8,random_forest,lab,diag,Age,18-44,281,11,0.18182,0.2362,0.00741,0.80253
2021-2023,8,random_forest,lab,diag,Age,45-64,291,46,0.45652,0.39647,0.08571,0.78452
2021-2023,8,random_forest,lab,diag,Age,65+,265,60,0.36667,0.30513,0.14146,0.71862
2021-2023,8,random_forest,lab,lab,Income,PIR<2,268,37,0.56757,0.53721,0.13853,0.82193
2021-2023,8,random_forest,lab,lab,Income,PIR>=2,569,60,0.28333,0.2471,0.05305,0.78566
2021-2023,8,random_forest,lab,lab,Education,HS_or_less,248,47,0.57447,0.50183,0.1194,0.7884
2021-2023,8,random_forest,lab,lab,Education,some_college+,589,50,0.22,0.19382,0.06494,0.78484
2021-2023,8,random_forest,lab,lab,Sex,female,473,49,0.38776,0.39866,0.06132,0.80581
2021-2023,8,random_forest,lab,lab,Sex,male,364,48,0.39583,0.28749,0.10443,0.78237
2021-2023,8,random_forest,lab,lab,Age,18-44,281,13,0.07692,0.1459,0.01119,0.78975
2021-2023,8,random_forest,lab,lab,Age,45-64,291,38,0.5,0.44769,0.09091,0.81033
2021-2023,8,random_forest,lab,lab,Age,65+,265,46,0.3913,0.34308,0.15068,0.71382
2021-2023,8,random_forest,lab,total,Income,PIR<2,268,57,0.47368,0.42574,0.12322,0.79284
2021-2023,8,random_forest,lab,total,Income,PIR>=2,569,77,0.27273,0.22936,0.04675,0.78963
2021-2023,8,random_forest,lab,total,Education,HS_or_less,248,63,0.49206,0.4293,0.10811,0.77812
2021-2023,8,random_forest,lab,total,Education,some_college+,589,71,0.23944,0.19972,0.05598,0.78574
2021-2023,8,random_forest,lab,total,Sex,female,473,71,0.3662,0.34259,0.04726,0.83007
2021-2023,8,random_forest,lab,total,Sex,male,364,63,0.34921,0.26564,0.09967,0.75007
2021-2023,8,random_forest,lab,total,Age,18-44,281,18,0.11111,0.16039,0.0076,0.80355
2021-2023,8,random_forest,lab,total,Age,45-64,291,50,0.44,0.38679,0.08299,0.79427
2021-2023,8,random_forest,lab,total,Age,65+,265,66,0.36364,0.30515,0.13568,0.72145
2021-2023,8,random_forest,total,diag,Income,PIR<2,268,51,0.56863,0.54424,0.15668,0.79208
2021-2023,8,random_forest,total,diag,Income,PIR>=2,569,66,0.39394,0.33774,0.08946,0.79952
2021-2023,8,random_forest,total,diag,Education,HS_or_less,248,56,0.55357,0.52286,0.13542,0.79618
2021-2023,8,random_forest,total,diag,Education,some_college+,589,61,0.39344,0.32904,0.10038,0.78307
2021-2023,8,random_forest,total,diag,Sex,female,473,62,0.5,0.47482,0.09246,0.83196
2021-2023,8,random_forest,total,diag,Sex,male,364,55,0.43636,0.35761,0.13269,0.75646
2021-2023,8,random_forest,total,diag,Age,18-44,281,11,0.27273,0.28104,0.00741,0.76717
2021-2023,8,random_forest,total,diag,Age,45-64,291,46,0.54348,0.51882,0.13469,0.77564
2021-2023,8,random_forest,total,diag,Age,65+,265,60,0.45,0.37068,0.21463,0.72191
2021-2023,8,random_forest,total,lab,Income,PIR<2,268,37,0.59459,0.59267,0.17749,0.80976
2021-2023,8,random_forest,total,lab,Income,PIR>=2,569,60,0.38333,0.34791,0.0943,0.79813
2021-2023,8,random_forest,total,lab,Education,HS_or_less,248,47,0.55319,0.50156,0.15423,0.78999
2021-2023,8,random_forest,total,lab,Education,some_college+,589,50,0.38,0.35918,0.10761,0.79074
2021-2023,8,random_forest,total,lab,Sex,female,473,49,0.46939,0.48389,0.10849,0.81426
2021-2023,8,random_forest,total,lab,Sex,male,364,48,0.45833,0.37441,0.13608,0.78547
2021-2023,8,random_forest,total,lab,Age,18-44,281,13,0.23077,0.24667,0.00746,0.78774
2021-2023,8,random_forest,total,lab,Age,45-64,291,38,0.55263,0.55072,0.14625,0.80211
2021-2023,8,random_forest,total,lab,Age,65+,265,46,0.45652,0.40316,0.22831,0.71645
2021-2023,8,random_forest,total,total,Income,PIR<2,268,57,0.54386,0.50528,0.15166,0.7881
2021-2023,8,random_forest,total,total,Income,PIR>=2,569,77,0.37662,0.33212,0.08537,0.79928
2021-2023,8,random_forest,total,total,Education,HS_or_less,248,63,0.53968,0.48557,0.12432,0.78185
2021-2023,8,random_forest,total,total,Education,some_college+,589,71,0.3662,0.3252,0.09846,0.79202
2021-2023,8,random_forest,total,total,Sex,female,473,71,0.47887,0.44749,0.08706,0.83225
2021-2023,8,random_forest,total,total,Sex,male,364,63,0.4127,0.34818,0.12957,0.75344
2021-2023,8,random_forest,total,total,Age,18-44,281,18,0.22222,0.23534,0.0038,0.7895
2021-2023,8,random_forest,total,total,Age,45-64,291,50,0.54,0.53004,0.12863,0.78996
2021-2023,8,random_forest,total,total,Age,65+,265,66,0.43939,0.36433,0.21106,0.71863
2021-2023,8,logistic_regression,diag,diag,Income,PIR<2,268,51,0.56863,0.51905,0.12442,0.81766
2021-2023,8,logistic_regression,diag,diag,Income,PIR>=2,569,66,0.39394,0.32736,0.07157,0.83324
2021-2023,8,logistic_regression,diag,diag,Education,HS_or_less,248,56,0.625,0.58505,0.14583,0.83017
2021-2023,8,logistic_regression,diag,diag,Education,some_college+,589,61,0.32787,0.25044,0.06629,0.80989
2021-2023,8,logistic_regression,diag,diag,Sex,female,473,62,0.54839,0.49046,0.06569,0.86622
2021-2023,8,logistic_regression,diag,diag,Sex,male,364,55,0.38182,0.31105,0.1165,0.78382
2021-2023,8,logistic_regression,diag,diag,Age,18-44,281,11,0.27273,0.14143,0.01852,0.82088
2021-2023,8,logistic_regression,diag,diag,Age,45-64,291,46,0.45652,0.44058,0.09388,0.8071
2021-2023,8,logistic_regression,diag,diag,Age,65+,265,60,0.51667,0.46099,0.17073,0.76398
2021-2023,8,logistic_regression,diag,lab,Income,PIR<2,268,37,0.51351,0.43152,0.16017,0.81444
2021-2023,8,logistic_regression,diag,lab,Income,PIR>=2,569,60,0.43333,0.38096,0.07073,0.8333
2021-2023,8,logistic_regression,diag,lab,Education,HS_or_less,248,47,0.59574,0.51952,0.17413,0.7993
2021-2023,8,logistic_regression,diag,lab,Education,some_college+,589,50,0.34,0.28526,0.0705,0.82709
2021-2023,8,logistic_regression,diag,lab,Sex,female,473,49,0.5102,0.44713,0.08491,0.84742
2021-2023,8,logistic_regression,diag,lab,Sex,male,364,48,0.41667,0.35083,0.11709,0.80274
2021-2023,8,logistic_regression,diag,lab,Age,18-44,281,13,0.23077,0.11922,0.01866,0.81745
2021-2023,8,logistic_regression,diag,lab,Age,45-64,291,38,0.44737,0.43283,0.10672,0.82182
2021-2023,8,logistic_regression,diag,lab,Age,65+,265,46,0.54348,0.5206,0.18721,0.77447
2021-2023,8,logistic_regression,diag,total,Income,PIR<2,268,57,0.52632,0.45612,0.12322,0.80777
2021-2023,8,logistic_regression,diag,total,Income,PIR>=2,569,77,0.38961,0.342,0.06504,0.83172
2021-2023,8,logistic_regression,diag,total,Education,HS_or_less,248,63,0.60317,0.54054,0.13514,0.81244
2021-2023,8,logistic_regression,diag,total,Education,some_college+,589,71,0.30986,0.25549,0.06371,0.81706
2021-2023,8,logistic_regression,diag,total,Sex,female,473,71,0.50704,0.4397,0.06219,0.8593
2021-2023,8,logistic_regression,diag,total,Sex,male,364,63,0.38095,0.33036,0.10963,0.78242
2021-2023,8,logistic_regression,diag,total,Age,18-44,281,18,0.22222,0.14054,0.01521,0.81411
2021-2023,8,logistic_regression,diag,total,Age,45-64,291,50,0.44,0.42815,0.09129,0.81237
2021-2023,8,logistic_regression,diag,total,Age,65+,265,66,0.51515,0.47418,0.1608,0.77364
2021-2023,8,logistic_regression,lab,diag,Income,PIR<2,268,51,0.5098,0.43328,0.1106,0.80004
2021-2023,8,logistic_regression,lab,diag,Income,PIR>=2,569,66,0.25758,0.20561,0.05964,0.83797
2021-2023,8,logistic_regression,lab,diag,Education,HS_or_less,248,56,0.55357,0.47954,0.13021,0.82096
2021-2023,8,logistic_regression,lab,diag,Education,some_college+,589,61,0.19672,0.14001,0.05492,0.81396
2021-2023,8,logistic_regression,lab,diag,Sex,female,473,62,0.41935,0.35508,0.0438,0.8672
2021-2023,8,logistic_regression,lab,diag,Sex,male,364,55,0.30909,0.22911,0.1165,0.77799
2021-2023,8,logistic_regression,lab,diag,Age,18-44,281,11,0.09091,0.07638,0.01852,0.83636
2021-2023,8,logistic_regression,lab,diag,Age,45-64,291,46,0.41304,0.37577,0.07755,0.80142
2021-2023,8,logistic_regression,lab,diag,Age,65+,265,60,0.38333,0.2954,0.14634,0.76569
2021-2023,8,logistic_regression,lab,lab,Income,PIR<2,268,37,0.51351,0.42363,0.1342,0.79279
2021-2023,8,logistic_regression,lab,lab,Income,PIR>=2,569,60,0.26667,0.22166,0.0609,0.8446
2021-2023,8,logistic_regression,lab,lab,Education,HS_or_less,248,47,0.53191,0.42238,0.15423,0.79306
2021-2023,8,logistic_regression,lab,lab,Education,some_college+,589,50,0.2,0.16311,0.05751,0.83117
2021-2023,8,logistic_regression,lab,lab,Sex,female,473,49,0.40816,0.35623,0.0566,0.85069
2021-2023,8,logistic_regression,lab,lab,Sex,male,364,48,0.3125,0.2226,0.12025,0.79879
2021-2023,8,logistic_regression,lab,lab,Age,18-44,281,13,0.07692,0.05983,0.01866,0.84443
2021-2023,8,logistic_regression,lab,lab,Age,45-64,291,38,0.39474,0.35392,0.09091,0.82182
2021-2023,8,logistic_regression,lab,lab,Age,65+,265,46,0.41304,0.34873,0.15525,0.77487
2021-2023,8,logistic_regression,lab,total,Income,PIR<2,268,57,0.47368,0.38316,0.109,0.79147
2021-2023,8,logistic_regression,lab,total,Income,PIR>=2,569,77,0.25974,0.21601,0.05488,0.83761
2021-2023,8,logistic_regression,lab,total,Education,HS_or_less,248,63,0.52381,0.42569,0.12432,0.80463
2021-2023,8,logistic_regression,lab,total,Education,some_college+,589,71,0.19718,0.15755,0.05212,0.82163
2021-2023,8,logistic_regression,lab,total,Sex,female,473,71,0.39437,0.32551,0.0398,0.86161
2021-2023,8,logistic_regression,lab,total,Sex,male,364,63,0.30159,0.23343,0.11296,0.77852
2021-2023,8,logistic_regression,lab,total,Age,18-44,281,18,0.11111,0.09636,0.01521,0.84263
2021-2023,8,logistic_regression,lab,total,Age,45-64,291,50,0.4,0.36738,0.07469,0.8078
2021-2023,8,logistic_regression,lab,total,Age,65+,265,66,0.37879,0.29636,0.1407,0.77052
2021-2023,8,logistic_regression,total,diag,Income,PIR<2,268,51,0.62745,0.56359,0.13825,0.81368
2021-2023,8,logistic_regression,total,diag,Income,PIR>=2,569,66,0.42424,0.35027,0.08748,0.8355
2021-2023,8,logistic_regression,total,diag,Education,HS_or_less,248,56,0.69643,0.63966,0.16146,0.83278
2021-2023,8,logistic_regression,total,diag,Education,some_college+,589,61,0.34426,0.26257,0.08144,0.81362
2021-2023,8,logistic_regression,total,diag,Sex,female,473,62,0.59677,0.53143,0.07786,0.8692
2021-2023,8,logistic_regression,total,diag,Sex,male,364,55,0.41818,0.33246,0.13592,0.78129
2021-2023,8,logistic_regression,total,diag,Age,18-44,281,11,0.27273,0.14143,0.01852,0.83064
2021-2023,8,logistic_regression,total,diag,Age,45-64,291,46,0.47826,0.45731,0.11429,0.80639
2021-2023,8,logistic_regression,total,diag,Age,65+,265,60,0.58333,0.51745,0.2,0.76789
2021-2023,8,logistic_regression,total,lab,Income,PIR<2,268,37,0.59459,0.4935,0.17316,0.80824
2021-2023,8,logistic_regression,total,lab,Income,PIR>=2,569,60,0.46667,0.40642,0.08644,0.83785
2021-2023,8,logistic_regression,total,lab,Education,HS_or_less,248,47,0.68085,0.58057,0.18905,0.80279
2021-2023,8,logistic_regression,total,lab,Education,some_college+,589,50,0.36,0.30077,0.08534,0.82831
2021-2023,8,logistic_regression,total,lab,Sex,female,473,49,0.57143,0.49727,0.0967,0.85199
2021-2023,8,logistic_regression,total,lab,Sex,male,364,48,0.45833,0.37612,0.13608,0.80063
2021-2023,8,logistic_regression,total,lab,Age,18-44,281,13,0.23077,0.11922,0.01866,0.83783
2021-2023,8,logistic_regression,total,lab,Age,45-64,291,38,0.47368,0.45319,0.12648,0.82442
2021-2023,8,logistic_regression,total,lab,Age,65+,265,46,0.63043,0.59694,0.21461,0.77407
2021-2023,8,logistic_regression,total,total,Income,PIR<2,268,57,0.57895,0.494,0.13744,0.80477
2021-2023,8,logistic_regression,total,total,Income,PIR>=2,569,77,0.41558,0.36213,0.0813,0.83452
2021-2023,8,logistic_regression,total,total,Education,HS_or_less,248,63,0.66667,0.58671,0.15135,0.81613
2021-2023,8,logistic_regression,total,total,Education,some_college+,589,71,0.32394,0.26625,0.07915,0.82049
2021-2023,8,logistic_regression,total,total,Sex,female,473,71,0.5493,0.47425,0.07463,0.86252
2021-2023,8,logistic_regression,total,total,Sex,male,364,63,0.4127,0.34947,0.12957,0.78115
2021-2023,8,logistic_regression,total,total,Age,18-44,281,18,0.22222,0.14054,0.01521,0.83418
2021-2023,8,logistic_regression,total,total,Age,45-64,291,50,0.46,0.44383,0.11203,0.81278
2021-2023,8,logistic_regression,total,total,Age,65+,265,66,0.57576,0.52515,0.19095,0.77372
2021-2023,9,xgboost,diag,diag,Income,PIR<2,286,55,0.41818,0.4255,0.13853,0.7985
2021-2023,9,xgboost,diag,diag,Income,PIR>=2,551,62,0.3871,0.33637,0.07975,0.82317
2021-2023,9,xgboost,diag,diag,Education,HS_or_less,237,53,0.45283,0.44395,0.19022,0.77482
2021-2023,9,xgboost,diag,diag,Education,some_college+,600,64,0.35938,0.30568,0.06716,0.82087
2021-2023,9,xgboost,diag,diag,Sex,female,470,61,0.44262,0.44814,0.10513,0.82412
2021-2023,9,xgboost,diag,diag,Sex,male,367,56,0.35714,0.30789,0.09003,0.81414
2021-2023,9,xgboost,diag,diag,Age,18-44,263,10,0.1,0.12781,0.02372,0.82016
2021-2023,9,xgboost,diag,diag,Age,45-64,303,50,0.46,0.3781,0.11067,0.81534
2021-2023,9,xgboost,diag,diag,Age,65+,271,57,0.40351,0.44367,0.1729,0.72159
2021-2023,9,xgboost,diag,lab,Income,PIR<2,286,40,0.45,0.40647,0.15041,0.76555
2021-2023,9,xgboost,diag,lab,Income,PIR>=2,551,57,0.38596,0.33909,0.083,0.81224
2021-2023,9,xgboost,diag,lab,Education,HS_or_less,237,41,0.46341,0.4226,0.20408,0.7271
2021-2023,9,xgboost,diag,lab,Education,some_college+,600,56,0.375,0.31519,0.06985,0.81765
2021-2023,9,xgboost,diag,lab,Sex,female,470,49,0.46939,0.4434,0.11164,0.81633
2021-2023,9,xgboost,diag,lab,Sex,male,367,48,0.35417,0.29634,0.09718,0.77632
2021-2023,9,xgboost,diag,lab,Age,18-44,263,12,0.16667,0.11131,0.01992,0.81208
2021-2023,9,xgboost,diag,lab,Age,45-64,303,42,0.45238,0.39679,0.12261,0.80168
2021-2023,9,xgboost,diag,lab,Age,65+,271,43,0.44186,0.46214,0.17982,0.71226
2021-2023,9,xgboost,diag,total,Income,PIR<2,286,62,0.43548,0.42654,0.125,0.80753
2021-2023,9,xgboost,diag,total,Income,PIR>=2,551,72,0.38889,0.31954,0.07307,0.82835
2021-2023,9,xgboost,diag,total,Education,HS_or_less,237,59,0.44068,0.40459,0.18539,0.755
2021-2023,9,xgboost,diag,total,Education,some_college+,600,75,0.38667,0.32594,0.05714,0.84343
2021-2023,9,xgboost,diag,total,Sex,female,470,71,0.4507,0.44984,0.09524,0.83642
2021-2023,9,xgboost,diag,total,Sex,male,367,63,0.36508,0.2888,0.08224,0.80926
2021-2023,9,xgboost,diag,total,Age,18-44,263,16,0.1875,0.15572,0.01619,0.8335
2021-2023,9,xgboost,diag,total,Age,45-64,303,59,0.45763,0.37474,0.09836,0.83322
2021-2023,9,xgboost,diag,total,Age,65+,271,59,0.42373,0.46023,0.16509,0.73289
2021-2023,9,xgboost,lab,diag,Income,PIR<2,286,55,0.36364,0.35445,0.12554,0.77961
2021-2023,9,xgboost,lab,diag,Income,PIR>=2,551,62,0.29032,0.2634,0.06135,0.82377
2021-2023,9,xgboost,lab,diag,Education,HS_or_less,237,53,0.43396,0.41107,0.20652,0.74764
2021-2023,9,xgboost,lab,diag,Education,some_college+,600,64,0.23438,0.19323,0.03918,0.81915
2021-2023,9,xgboost,lab,diag,Sex,female,470,61,0.29508,0.31984,0.08068,0.80885
2021-2023,9,xgboost,lab,diag,Sex,male,367,56,0.35714,0.28845,0.0836,0.80908
2021-2023,9,xgboost,lab,diag,Age,18-44,263,10,0.2,0.16299,0.01976,0.82806
2021-2023,9,xgboost,lab,diag,Age,45-64,303,50,0.44,0.37742,0.11067,0.79123
2021-2023,9,xgboost,lab,diag,Age,65+,271,57,0.24561,0.26132,0.1215,0.71963
2021-2023,9,xgboost,lab,lab,Income,PIR<2,286,40,0.375,0.33805,0.13821,0.75335
2021-2023,9,xgboost,lab,lab,Income,PIR>=2,551,57,0.29825,0.28195,0.06275,0.80393
2021-2023,9,xgboost,lab,lab,Education,HS_or_less,237,41,0.46341,0.41828,0.21429,0.71379
2021-2023,9,xgboost,lab,lab,Education,some_college+,600,56,0.23214,0.2033,0.04228,0.80777
2021-2023,9,xgboost,lab,lab,Sex,female,470,49,0.30612,0.327,0.08551,0.8028
2021-2023,9,xgboost,lab,lab,Sex,male,367,48,0.35417,0.28342,0.09091,0.76789
2021-2023,9,xgboost,lab,lab,Age,18-44,263,12,0.16667,0.11131,0.01992,0.80412
2021-2023,9,xgboost,lab,lab,Age,45-64,303,42,0.47619,0.44575,0.11494,0.79301
2021-2023,9,xgboost,lab,lab,Age,65+,271,43,0.23256,0.23162,0.13158,0.69227
2021-2023,9,xgboost,lab,total,Income,PIR<2,286,62,0.37097,0.35714,0.11607,0.79227
2021-2023,9,xgboost,lab,total,Income,PIR>=2,551,72,0.29167,0.25018,0.05637,0.82087
2021-2023,9,xgboost,lab,total,Education,HS_or_less,237,59,0.44068,0.38829,0.19663,0.74262
2021-2023,9,xgboost,lab,total,Education,some_college+,600,75,0.24,0.20183,0.03429,0.8287
2021-2023,9,xgboost,lab,total,Sex,female,470,71,0.32394,0.34487,0.07018,0.82587
2021-2023,9,xgboost,lab,total,Sex,male,367,63,0.33333,0.25209,0.08224,0.79631
2021-2023,9,xgboost,lab,total,Age,18-44,263,16,0.25,0.17503,0.01215,0.84868
2021-2023,9,xgboost,lab,total,Age,45-64,303,59,0.44068,0.37816,0.09836,0.81002
2021-2023,9,xgboost,lab,total,Age,65+,271,59,0.23729,0.25354,0.12264,0.71458
2021-2023,9,xgboost,total,diag,Income,PIR<2,286,55,0.50909,0.48261,0.15584,0.78811
2021-2023,9,xgboost,total,diag,Income,PIR>=2,551,62,0.43548,0.36756,0.08793,0.82011
2021-2023,9,xgboost,total,diag,Education,HS_or_less,237,53,0.50943,0.48676,0.20652,0.76118
2021-2023,9,xgboost,total,diag,Education,some_college+,600,64,0.4375,0.34815,0.07649,0.81399
2021-2023,9,xgboost,total,diag,Sex,female,470,61,0.5082,0.48235,0.11247,0.82095
2021-2023,9,xgboost,total,diag,Sex,male,367,56,0.42857,0.35844,0.10611,0.79881
2021-2023,9,xgboost,total,diag,Age,18-44,263,10,0.1,0.12781,0.01976,0.84506
2021-2023,9,xgboost,total,diag,Age,45-64,303,50,0.58,0.46334,0.12253,0.80142
2021-2023,9,xgboost,total,diag,Age,65+,271,57,0.4386,0.45091,0.20093,0.70438
2021-2023,9,xgboost,total,lab,Income,PIR<2,286,40,0.525,0.4569,0.1748,0.76118
2021-2023,9,xgboost,total,lab,Income,PIR>=2,551,57,0.4386,0.37373,0.09109,0.8105
2021-2023,9,xgboost,total,lab,Education,HS_or_less,237,41,0.5122,0.4681,0.22449,0.72748
2021-2023,9,xgboost,total,lab,Education,some_college+,600,56,0.44643,0.35189,0.08088,0.8105
2021-2023,9,xgboost,total,lab,Sex,female,470,49,0.5102,0.46583,0.12352,0.81192
2021-2023,9,xgboost,total,lab,Sex,male,367,48,0.4375,0.35347,0.11285,0.77234
2021-2023,9,xgboost,total,lab,Age,18-44,263,12,0.16667,0.11131,0.01594,0.84462
2021-2023,9,xgboost,total,lab,Age,45-64,303,42,0.57143,0.48923,0.13793,0.79748
2021-2023,9,xgboost,total,lab,Age,65+,271,43,0.46512,0.46107,0.21053,0.69002
2021-2023,9,xgboost,total,total,Income,PIR<2,286,62,0.51613,0.47542,0.14286,0.80192
2021-2023,9,xgboost,total,total,Income,PIR>=2,551,72,0.44444,0.35249,0.07933,0.82553
2021-2023,9,xgboost,total,total,Education,HS_or_less,237,59,0.49153,0.44044,0.20225,0.75348
2021-2023,9,xgboost,total,total,Education,some_college+,600,75,0.46667,0.36992,0.06476,0.83464
2021-2023,9,xgboost,total,total,Sex,female,470,71,0.52113,0.48738,0.10025,0.83646
2021-2023,9,xgboost,total,total,Sex,male,367,63,0.42857,0.33076,0.09868,0.7983
2021-2023,9,xgboost,total,total,Age,18-44,263,16,0.1875,0.15572,0.01215,0.86741
2021-2023,9,xgboost,total,total,Age,45-64,303,59,0.57627,0.45607,0.10656,0.82419
2021-2023,9,xgboost,total,total,Age,65+,271,59,0.45763,0.46726,0.1934,0.71346
2021-2023,9,random_forest,diag,diag,Income,PIR<2,286,55,0.50909,0.48905,0.15152,0.79504
2021-2023,9,random_forest,diag,diag,Income,PIR>=2,551,62,0.35484,0.3158,0.07771,0.83356
2021-2023,9,random_forest,diag,diag,Education,HS_or_less,237,53,0.5283,0.46609,0.20652,0.79599
2021-2023,9,random_forest,diag,diag,Education,some_college+,600,64,0.34375,0.3166,0.0653,0.8153
2021-2023,9,random_forest,diag,diag,Sex,female,470,61,0.40984,0.40989,0.10269,0.81472
2021-2023,9,random_forest,diag,diag,Sex,male,367,56,0.44643,0.37594,0.09968,0.83245
2021-2023,9,random_forest,diag,diag,Age,18-44,263,10,0.1,0.12781,0.02372,0.80158
2021-2023,9,random_forest,diag,diag,Age,45-64,303,50,0.5,0.3954,0.12253,0.82534
2021-2023,9,random_forest,diag,diag,Age,65+,271,57,0.42105,0.46424,0.16822,0.73483
2021-2023,9,random_forest,diag,lab,Income,PIR<2,286,40,0.575,0.48895,0.1626,0.76504
2021-2023,9,random_forest,diag,lab,Income,PIR>=2,551,57,0.36842,0.32457,0.07895,0.81408
2021-2023,9,random_forest,diag,lab,Education,HS_or_less,237,41,0.56098,0.45511,0.21939,0.74776
2021-2023,9,random_forest,diag,lab,Education,some_college+,600,56,0.375,0.33065,0.06618,0.80487
2021-2023,9,random_forest,diag,lab,Sex,female,470,49,0.44898,0.42674,0.10689,0.80813
2021-2023,9,random_forest,diag,lab,Sex,male,367,48,0.45833,0.35534,0.10658,0.78612
2021-2023,9,random_forest,diag,lab,Age,18-44,263,12,0.16667,0.11131,0.01992,0.81856
2021-2023,9,random_forest,diag,lab,Age,45-64,303,42,0.52381,0.41633,0.13027,0.79803
2021-2023,9,random_forest,diag,lab,Age,65+,271,43,0.46512,0.50286,0.17544,0.71129
2021-2023,9,random_forest,diag,total,Income,PIR<2,286,62,0.51613,0.48093,0.13839,0.80019
2021-2023,9,random_forest,diag,total,Income,PIR>=2,551,72,0.375,0.32011,0.06889,0.835
2021-2023,9,random_forest,diag,total,Education,HS_or_less,237,59,0.52542,0.43436,0.19663,0.77638
2021-2023,9,random_forest,diag,total,Education,some_college+,600,75,0.37333,0.34375,0.05524,0.83183
2021-2023,9,random_forest,diag,total,Sex,female,470,71,0.42254,0.42449,0.09273,0.82391
2021-2023,9,random_forest,diag,total,Sex,male,367,63,0.46032,0.35786,0.08882,0.82662
2021-2023,9,random_forest,diag,total,Age,18-44,263,16,0.1875,0.15572,0.01619,0.83591
2021-2023,9,random_forest,diag,total,Age,45-64,303,59,0.50847,0.41112,0.10656,0.82888
2021-2023,9,random_forest,diag,total,Age,65+,271,59,0.44068,0.48018,0.16038,0.74516
2021-2023,9,random_forest,lab,diag,Income,PIR<2,286,55,0.45455,0.41157,0.11255,0.79673
2021-2023,9,random_forest,lab,diag,Income,PIR>=2,551,62,0.35484,0.34421,0.05112,0.83757
2021-2023,9,random_forest,lab,diag,Education,HS_or_less,237,53,0.5283,0.46087,0.15761,0.79307
2021-2023,9,random_forest,lab,diag,Education,some_college+,600,64,0.29688,0.28467,0.04104,0.82299
2021-2023,9,random_forest,lab,diag,Sex,female,470,61,0.37705,0.38253,0.06357,0.81496
2021-2023,9,random_forest,lab,diag,Sex,male,367,56,0.42857,0.36595,0.08039,0.83762
2021-2023,9,random_forest,lab,diag,Age,18-44,263,10,0.1,0.06507,0.02767,0.8498
2021-2023,9,random_forest,lab,diag,Age,45-64,303,50,0.5,0.42611,0.09486,0.8236
2021-2023,9,random_forest,lab,diag,Age,65+,271,57,0.36842,0.40367,0.09346,0.74373
2021-2023,9,random_forest,lab,lab,Income,PIR<2,286,40,0.475,0.38272,0.13008,0.76545
2021-2023,9,random_forest,lab,lab,Income,PIR>=2,551,57,0.33333,0.31558,0.05668,0.8133
2021-2023,9,random_forest,lab,lab,Education,HS_or_less,237,41,0.53659,0.43878,0.17857,0.7426
2021-2023,9,random_forest,lab,lab,Education,some_college+,600,56,0.28571,0.25659,0.04596,0.81022
2021-2023,9,random_forest,lab,lab,Sex,female,470,49,0.36735,0.34971,0.07363,0.80098
2021-2023,9,random_forest,lab,lab,Sex,male,367,48,0.41667,0.33488,0.09091,0.79529
2021-2023,9,random_forest,lab,lab,Age,18-44,263,12,0.25,0.15779,0.01992,0.81624
2021-2023,9,random_forest,lab,lab,Age,45-64,303,42,0.47619,0.39739,0.11111,0.80209
2021-2023,9,random_forest,lab,lab,Age,65+,271,43,0.34884,0.3714,0.11404,0.71496
2021-2023,9,random_forest,lab,total,Income,PIR<2,286,62,0.43548,0.3794,0.10714,0.80566
2021-2023,9,random_forest,lab,total,Income,PIR>=2,551,72,0.31944,0.30239,0.0501,0.82882
2021-2023,9,random_forest,lab,total,Education,HS_or_less,237,59,0.49153,0.39605,0.1573,0.77799
2021-2023,9,random_forest,lab,total,Education,some_college+,600,75,0.28,0.27354,0.0381,0.83079
2021-2023,9,random_forest,lab,total,Sex,female,470,71,0.35211,0.35676,0.06015,0.81992
2021-2023,9,random_forest,lab,total,Sex,male,367,63,0.39683,0.31644,0.07895,0.83007
2021-2023,9,random_forest,lab,total,Age,18-44,263,16,0.1875,0.12128,0.02024,0.84527
2021-2023,9,random_forest,lab,total,Age,45-64,303,59,0.44068,0.37648,0.09426,0.82797
2021-2023,9,random_forest,lab,total,Age,65+,271,59,0.35593,0.39165,0.09434,0.74608
2021-2023,9,random_forest,total,diag,Income,PIR<2,286,55,0.6,0.55387,0.1645,0.79764
2021-2023,9,random_forest,total,diag,Income,PIR>=2,551,62,0.40323,0.35136,0.0818,0.84067
2021-2023,9,random_forest,total,diag,Education,HS_or_less,237,53,0.58491,0.51129,0.22283,0.79609
2021-2023,9,random_forest,total,diag,Education,some_college+,600,64,0.42188,0.36847,0.06903,0.82467
2021-2023,9,random_forest,total,diag,Sex,female,470,61,0.52459,0.49743,0.10513,0.82376
2021-2023,9,random_forest,total,diag,Sex,male,367,56,0.46429,0.38781,0.11254,0.83263
2021-2023,9,random_forest,total,diag,Age,18-44,263,10,0.2,0.19288,0.02767,0.82411
2021-2023,9,random_forest,total,diag,Age,45-64,303,50,0.54,0.40666,0.13043,0.82652
2021-2023,9,random_forest,total,diag,Age,65+,271,57,0.50877,0.54956,0.17757,0.74775
2021-2023,9,random_forest,total,lab,Income,PIR<2,286,40,0.6,0.51182,0.19106,0.76382
2021-2023,9,random_forest,total,lab,Income,PIR>=2,551,57,0.40351,0.34043,0.08502,0.8201
2021-2023,9,random_forest,total,lab,Education,HS_or_less,237,41,0.58537,0.49039,0.2449,0.74788
2021-2023,9,random_forest,total,lab,Education,some_college+,600,56,0.41071,0.33459,0.07537,0.81385
2021-2023,9,random_forest,total,lab,Sex,female,470,49,0.5102,0.49107,0.11876,0.81478
2021-2023,9,random_forest,total,lab,Sex,male,367,48,0.45833,0.33339,0.12226,0.78739
2021-2023,9,random_forest,total,lab,Age,18-44,263,12,0.25,0.15779,0.0239,0.82902
2021-2023,9,random_forest,total,lab,Age,45-64,303,42,0.52381,0.40719,0.14559,0.80264
2021-2023,9,random_forest,total,lab,Age,65+,271,43,0.51163,0.54081,0.19737,0.72445
2021-2023,9,random_forest,total,total,Income,PIR<2,286,62,0.59677,0.53642,0.15179,0.803
2021-2023,9,random_forest,total,total,Income,PIR>=2,551,72,0.40278,0.33941,0.07516,0.83791
2021-2023,9,random_forest,total,total,Education,HS_or_less,237,59,0.55932,0.46098,0.2191,0.77795
2021-2023,9,random_forest,total,total,Education,some_college+,600,75,0.44,0.38734,0.05905,0.83769
2021-2023,9,random_forest,total,total,Sex,female,470,71,0.50704,0.48682,0.09774,0.83054
2021-2023,9,random_forest,total,total,Sex,male,367,63,0.47619,0.36772,0.10197,0.82529
2021-2023,9,random_forest,total,total,Age,18-44,263,16,0.25,0.19144,0.02024,0.84464
2021-2023,9,random_forest,total,total,Age,45-64,303,59,0.52542,0.40827,0.11885,0.83103
2021-2023,9,random_forest,total,total,Age,65+,271,59,0.52542,0.56296,0.16981,0.75592
2021-2023,9,logistic_regression,diag,diag,Income,PIR<2,286,55,0.45455,0.43091,0.15584,0.79693
2021-2023,9,logistic_regression,diag,diag,Income,PIR>=2,551,62,0.32258,0.29609,0.07566,0.85385
2021-2023,9,logistic_regression,diag,diag,Education,HS_or_less,237,53,0.58491,0.50896,0.19565,0.7902
2021-2023,9,logistic_regression,diag,diag,Education,some_college+,600,64,0.21875,0.19812,0.06903,0.83707
2021-2023,9,logistic_regression,diag,diag,Sex,female,470,61,0.42623,0.42087,0.11002,0.83266
2021-2023,9,logistic_regression,diag,diag,Sex,male,367,56,0.33929,0.29453,0.09003,0.83372
2021-2023,9,logistic_regression,diag,diag,Age,18-44,263,10,0.3,0.22491,0.01976,0.88182
2021-2023,9,logistic_regression,diag,diag,Age,45-64,303,50,0.32,0.25832,0.10277,0.82925
2021-2023,9,logistic_regression,diag,diag,Age,65+,271,57,0.45614,0.50149,0.19626,0.73766
2021-2023,9,logistic_regression,diag,lab,Income,PIR<2,286,40,0.475,0.38826,0.17073,0.77337
2021-2023,9,logistic_regression,diag,lab,Income,PIR>=2,551,57,0.33333,0.31971,0.07692,0.81863
2021-2023,9,logistic_regression,diag,lab,Education,HS_or_less,237,41,0.53659,0.44973,0.22959,0.72262
2021-2023,9,logistic_regression,diag,lab,Education,some_college+,600,56,0.28571,0.25577,0.06434,0.8297
2021-2023,9,logistic_regression,diag,lab,Sex,female,470,49,0.42857,0.40219,0.11876,0.81327
2021-2023,9,logistic_regression,diag,lab,Sex,male,367,48,0.35417,0.29719,0.09404,0.79075
2021-2023,9,logistic_regression,diag,lab,Age,18-44,263,12,0.33333,0.18067,0.01594,0.87915
2021-2023,9,logistic_regression,diag,lab,Age,45-64,303,42,0.35714,0.30726,0.10345,0.80277
2021-2023,9,logistic_regression,diag,lab,Age,65+,271,43,0.44186,0.48324,0.21491,0.70063
2021-2023,9,logistic_regression,diag,total,Income,PIR<2,286,62,0.46774,0.41682,0.14286,0.80472
2021-2023,9,logistic_regression,diag,total,Income,PIR>=2,551,72,0.30556,0.27422,0.07307,0.8398
2021-2023,9,logistic_regression,diag,total,Education,HS_or_less,237,59,0.54237,0.43631,0.19663,0.77014
2021-2023,9,logistic_regression,diag,total,Education,some_college+,600,75,0.25333,0.23249,0.06095,0.84122
2021-2023,9,logistic_regression,diag,total,Sex,female,470,71,0.40845,0.40039,0.10526,0.83194
2021-2023,9,logistic_regression,diag,total,Sex,male,367,63,0.34921,0.27684,0.08224,0.82503
2021-2023,9,logistic_regression,diag,total,Age,18-44,263,16,0.3125,0.20903,0.01215,0.88917
2021-2023,9,logistic_regression,diag,total,Age,45-64,303,59,0.32203,0.25976,0.09426,0.83155
2021-2023,9,logistic_regression,diag,total,Age,65+,271,59,0.45763,0.49688,0.1934,0.73969
2021-2023,9,logistic_regression,lab,diag,Income,PIR<2,286,55,0.41818,0.41529,0.11255,0.78056
2021-2023,9,logistic_regression,lab,diag,Income,PIR>=2,551,62,0.33871,0.31119,0.05521,0.85362
2021-2023,9,logistic_regression,lab,diag,Education,HS_or_less,237,53,0.54717,0.49916,0.17391,0.77358
2021-2023,9,logistic_regression,lab,diag,Education,some_college+,600,64,0.23438,0.21128,0.03918,0.84049
2021-2023,9,logistic_regression,lab,diag,Sex,female,470,61,0.40984,0.41801,0.06846,0.82853
2021-2023,9,logistic_regression,lab,diag,Sex,male,367,56,0.33929,0.30016,0.08039,0.82573
2021-2023,9,logistic_regression,lab,diag,Age,18-44,263,10,0.3,0.22491,0.02372,0.87984
2021-2023,9,logistic_regression,lab,diag,Age,45-64,303,50,0.32,0.2667,0.083,0.81123
2021-2023,9,logistic_regression,lab,diag,Age,65+,271,57,0.4386,0.4958,0.1215,0.74602
2021-2023,9,logistic_regression,lab,lab,Income,PIR<2,286,40,0.375,0.33582,0.13821,0.75955
2021-2023,9,logistic_regression,lab,lab,Income,PIR>=2,551,57,0.35088,0.33578,0.05668,0.82786
2021-2023,9,logistic_regression,lab,lab,Education,HS_or_less,237,41,0.4878,0.43741,0.20918,0.72076
2021-2023,9,logistic_regression,lab,lab,Education,some_college+,600,56,0.26786,0.24642,0.0386,0.83587
2021-2023,9,logistic_regression,lab,lab,Sex,female,470,49,0.38776,0.38311,0.08076,0.81579
2021-2023,9,logistic_regression,lab,lab,Sex,male,367,48,0.33333,0.29385,0.08777,0.78807
2021-2023,9,logistic_regression,lab,lab,Age,18-44,263,12,0.33333,0.18067,0.01992,0.8911
2021-2023,9,logistic_regression,lab,lab,Age,45-64,303,42,0.33333,0.30087,0.08812,0.79338
2021-2023,9,logistic_regression,lab,lab,Age,65+,271,43,0.39535,0.46142,0.14912,0.70991
2021-2023,9,logistic_regression,lab,total,Income,PIR<2,286,62,0.40323,0.38258,0.10714,0.79162
2021-2023,9,logistic_regression,lab,total,Income,PIR>=2,551,72,0.31944,0.28669,0.05219,0.84554
2021-2023,9,logistic_regression,lab,total,Education,HS_or_less,237,59,0.50847,0.42811,0.17416,0.76109
2021-2023,9,logistic_regression,lab,total,Education,some_college+,600,75,0.24,0.22518,0.03429,0.84734
2021-2023,9,logistic_regression,lab,total,Sex,female,470,71,0.38028,0.38685,0.06516,0.83264
2021-2023,9,logistic_regression,lab,total,Sex,male,367,63,0.33333,0.27439,0.07566,0.82174
2021-2023,9,logistic_regression,lab,total,Age,18-44,263,16,0.3125,0.20903,0.01619,0.89904
2021-2023,9,logistic_regression,lab,total,Age,45-64,303,59,0.30508,0.25528,0.07787,0.81801
2021-2023,9,logistic_regression,lab,total,Age,65+,271,59,0.42373,0.48104,0.12264,0.74752
2021-2023,9,logistic_regression,total,diag,Income,PIR<2,286,55,0.50909,0.47413,0.17749,0.78811
2021-2023,9,logistic_regression,total,diag,Income,PIR>=2,551,62,0.37097,0.31263,0.08589,0.85507
2021-2023,9,logistic_regression,total,diag,Education,HS_or_less,237,53,0.60377,0.51866,0.21739,0.7864
2021-2023,9,logistic_regression,total,diag,Education,some_college+,600,64,0.29688,0.2456,0.08022,0.83807
2021-2023,9,logistic_regression,total,diag,Sex,female,470,61,0.4918,0.45948,0.1198,0.8313
2021-2023,9,logistic_regression,total,diag,Sex,male,367,56,0.375,0.31322,0.10932,0.82975
2021-2023,9,logistic_regression,total,diag,Age,18-44,263,10,0.3,0.22491,0.02767,0.87984
2021-2023,9,logistic_regression,total,diag,Age,45-64,303,50,0.36,0.2585,0.10672,0.82443
2021-2023,9,logistic_regression,total,diag,Age,65+,271,57,0.52632,0.5693,0.22897,0.73938
2021-2023,9,logistic_regression,total,lab,Income,PIR<2,286,40,0.5,0.39829,0.19919,0.76321
2021-2023,9,logistic_regression,total,lab,Income,PIR>=2,551,57,0.38596,0.33732,0.08704,0.82271
2021-2023,9,logistic_regression,total,lab,Education,HS_or_less,237,41,0.53659,0.43505,0.2551,0.72349
2021-2023,9,logistic_regression,total,lab,Education,some_college+,600,56,0.35714,0.29621,0.07721,0.83023
2021-2023,9,logistic_regression,total,lab,Sex,female,470,49,0.4898,0.43628,0.13064,0.81516
2021-2023,9,logistic_regression,total,lab,Sex,male,367,48,0.375,0.29458,0.11599,0.78638
2021-2023,9,logistic_regression,total,lab,Age,18-44,263,12,0.33333,0.18067,0.0239,0.88778
2021-2023,9,logistic_regression,total,lab,Age,45-64,303,42,0.38095,0.29476,0.11111,0.79621
2021-2023,9,logistic_regression,total,lab,Age,65+,271,43,0.51163,0.53912,0.25,0.7042
2021-2023,9,logistic_regression,total,total,Income,PIR<2,286,62,0.51613,0.45382,0.16518,0.7968
2021-2023,9,logistic_regression,total,total,Income,PIR>=2,551,72,0.34722,0.28788,0.08351,0.84316
2021-2023,9,logistic_regression,total,total,Education,HS_or_less,237,59,0.55932,0.44443,0.2191,0.77042
2021-2023,9,logistic_regression,total,total,Education,some_college+,600,75,0.32,0.27239,0.07238,0.84348
2021-2023,9,logistic_regression,total,total,Sex,female,470,71,0.46479,0.43314,0.11529,0.83314
2021-2023,9,logistic_regression,total,total,Sex,male,367,63,0.38095,0.29236,0.10197,0.82216
2021-2023,9,logistic_regression,total,total,Age,18-44,263,16,0.3125,0.20903,0.02024,0.89701
2021-2023,9,logistic_regression,total,total,Age,45-64,303,59,0.35593,0.25992,0.09836,0.82884
2021-2023,9,logistic_regression,total,total,Age,65+,271,59,0.52542,0.56267,0.22642,0.74177
