cycle,weighting,method,model,feature,label_1,label_2,n_seeds,mean_share_1,mean_share_2,diff,t_corrected,p_corrected,q_bh
2017-2020,unweighted,PI,logistic_regression,Age,diag,lab,10,0.4382620039011186,0.45212460920489006,-0.013862605303771558,-1.3108001210717333,0.22238429284026393,0.7184723307146988
2017-2020,unweighted,PI,logistic_regression,AnyHealthcare,diag,lab,10,0.008814972055036365,0.0031925646421141264,0.005622407412922242,1.036702658722441,0.326924819734067,0.7897308902690723
2017-2020,unweighted,PI,logistic_regression,BMI,diag,lab,10,0.11778746384115346,0.15662019268644387,-0.03883272884529042,-3.0230055583494466,0.014408989806383282,0.09379707110479926
2017-2020,unweighted,PI,logistic_regression,Education,diag,lab,10,0.005603733381521378,0.002314694200898996,0.0032890391806223813,1.4929225441069363,0.16965898195953535,0.5938064368583738
2017-2020,unweighted,PI,logistic_regression,GenHlth,diag,lab,10,0.2694298689636769,0.2731336261798071,-0.0037037572161302324,-0.21277892251556055,0.8362407677171985,0.9143894905350797
2017-2020,unweighted,PI,logistic_regression,HeartDiseaseorAttack,diag,lab,10,0.021242780597335396,0.00027184382793782466,0.020970936769397572,5.655618897990204,0.00031136613785437384,0.006538688894941851
2017-2020,unweighted,PI,logistic_regression,HighBP,diag,lab,10,0.07812122974088556,0.03183047153623941,0.04629075820464616,4.449157209923427,0.0016021462508174164,0.01771156784864688
2017-2020,unweighted,PI,logistic_regression,HighChol,diag,lab,10,0.02395933613210214,0.02488047418597847,-0.0009211380538763292,-0.27448027987941137,0.7899119180717966,0.9143894905350797
2017-2020,unweighted,PI,logistic_regression,Income,diag,lab,10,0.00109619541643639,0.00033807935177601785,0.000758116064660372,0.6052832477113934,0.5599417474168537,0.8710204959817723
2017-2020,unweighted,PI,logistic_regression,MentHlth,diag,lab,10,0.001934812656634477,0.0036740983169082893,-0.0017392856602738125,-1.0067796132537694,0.3403400873590926,0.7897308902690723
2017-2020,unweighted,PI,logistic_regression,PhysActivity_LTPA,diag,lab,10,0.0015808347627706408,0.0016492002740896403,-6.836551131899906e-05,-0.04771144899653142,0.9629881863613828,0.9629881863613828
2017-2020,unweighted,PI,logistic_regression,Sex,diag,lab,10,0.02886471421136071,0.03352514218706557,-0.0046604279757048615,-0.6207421262148595,0.5501637293608688,0.8710204959817723
2017-2020,unweighted,PI,logistic_regression,Smoker,diag,lab,10,0.0010764538779126608,0.0137188148231706,-0.012642360945257938,-4.413578018771596,0.0016868159855854172,0.01771156784864688
2017-2020,unweighted,PI,logistic_regression,Stroke,diag,lab,10,0.002225600462055337,0.0027261885826799317,-0.0005005881206245957,-0.27213886341607174,0.7916554543014365,0.9143894905350797
2017-2020,unweighted,PI,random_forest,Age,diag,lab,10,0.41386125038443256,0.4167710527288606,-0.00290980234442807,-0.11447350883186437,0.9113755879415482,0.9569443673386256
2017-2020,unweighted,PI,random_forest,AnyHealthcare,diag,lab,10,0.0017783901094066204,5.159424701315183e-05,0.0017267958623934684,0.758832375732619,0.4673598620005925,0.8178797585010369
2017-2020,unweighted,PI,random_forest,BMI,diag,lab,10,0.07884287356164453,0.13811283005928118,-0.059269956497636646,-3.458906203914745,0.007173175502558403,0.06025467422149059
2017-2020,unweighted,PI,random_forest,Education,diag,lab,10,0.003677274868349139,0.005264301536611184,-0.0015870266682620447,-0.45497609177025405,0.6599026009104791,0.9031258512082427
2017-2020,unweighted,PI,random_forest,GenHlth,diag,lab,10,0.19811905947098046,0.20195219831610484,-0.0038331388451243813,-0.19711007300955552,0.8481209405120487,0.9143894905350797
2017-2020,unweighted,PI,random_forest,HeartDiseaseorAttack,diag,lab,10,0.05560691818791831,0.01694405598998009,0.038662862197938214,2.972735329418533,0.01563284518413321,0.09379707110479926
2017-2020,unweighted,PI,random_forest,HighBP,diag,lab,10,0.1168751135895574,0.09912965114684197,0.01774546244271543,0.7759086244638125,0.45770668997809927,0.8178797585010369
2017-2020,unweighted,PI,random_forest,HighChol,diag,lab,10,0.07822052026200502,0.07051955419890935,0.007700966063095673,0.3844114787289689,0.7095988830921908,0.9031258512082427
2017-2020,unweighted,PI,random_forest,Income,diag,lab,10,0.0034612819938260484,0.002527155775308619,0.0009341262185174296,0.46651825070688846,0.6519307168322618,0.9031258512082427
2017-2020,unweighted,PI,random_forest,MentHlth,diag,lab,10,0.0087320369128646,0.003480756559676403,0.005251280353188197,0.8482525485927022,0.418285467980761,0.8178797585010369
2017-2020,unweighted,PI,random_forest,PhysActivity_LTPA,diag,lab,10,0.008707985007893852,0.012394296220598986,-0.0036863112127051337,-0.7138532795992447,0.4934135441060454,0.8289347540981562
2017-2020,unweighted,PI,random_forest,Sex,diag,lab,10,0.019963567944988686,0.01585187368913909,0.004111694255849599,0.400896936868554,0.6978468374242065,0.9031258512082427
2017-2020,unweighted,PI,random_forest,Smoker,diag,lab,10,0.007324090753145161,0.011154369717077502,-0.003830278963932339,-0.9702788831714282,0.3572592122645803,0.7897308902690723
2017-2020,unweighted,PI,random_forest,Stroke,diag,lab,10,0.004829636952987635,0.005846309814597023,-0.0010166728616093882,-0.19585287436088958,0.8490759554968598,0.9143894905350797
2017-2020,unweighted,PI,xgboost,Age,diag,lab,10,0.49167770002367844,0.515155015362525,-0.0234773153388466,-0.8130674545301911,0.4371588918972948,0.8178797585010369
2017-2020,unweighted,PI,xgboost,AnyHealthcare,diag,lab,10,0.0018675844097702115,0.0009389158686386705,0.0009286685411315406,0.42054217132895017,0.6839528134062307,0.9031258512082427
2017-2020,unweighted,PI,xgboost,BMI,diag,lab,10,0.08515819797617942,0.13305834293779026,-0.04790014496161084,-1.7082616036824156,0.1217638493902738,0.51140816743915
2017-2020,unweighted,PI,xgboost,Education,diag,lab,10,0.009537424009751577,0.00319301800689466,0.006344406002856917,1.522104864926032,0.1623116010734566,0.5938064368583738
2017-2020,unweighted,PI,xgboost,GenHlth,diag,lab,10,0.21929631786393874,0.18782691323118225,0.03146940463275647,1.7106197058914114,0.12131521101602526,0.51140816743915
2017-2020,unweighted,PI,xgboost,HeartDiseaseorAttack,diag,lab,10,0.02563636646069268,0.004744853948477069,0.02089151251221561,2.3571089018587585,0.04280365052324449,0.22471916524703356
2017-2020,unweighted,PI,xgboost,HighBP,diag,lab,10,0.08231618421930945,0.06764054806121839,0.01467563615809105,1.2540728477359175,0.24140805399895132,0.7242241619968539
2017-2020,unweighted,PI,xgboost,HighChol,diag,lab,10,0.040195995777731384,0.031445477383499974,0.008750518394231414,1.0839454834468496,0.3065712686599342,0.7897308902690723
2017-2020,unweighted,PI,xgboost,Income,diag,lab,10,0.005429542605398061,0.002506645410521172,0.0029228971948768896,0.9770562677278997,0.3540714166046719,0.7897308902690723
2017-2020,unweighted,PI,xgboost,MentHlth,diag,lab,10,0.007354873603628164,0.006989724237374477,0.00036514936625368764,0.07486465002492546,0.9419600399671463,0.9629881863613828
2017-2020,unweighted,PI,xgboost,PhysActivity_LTPA,diag,lab,10,0.008595173405986603,0.005570195512022043,0.003024977893964559,0.8405970929820968,0.4223434059006184,0.8178797585010369
2017-2020,unweighted,PI,xgboost,Sex,diag,lab,10,0.015148680264416455,0.016826762196002917,-0.0016780819315864622,-0.2705265717703602,0.7928567602180523,0.9143894905350797
2017-2020,unweighted,PI,xgboost,Smoker,diag,lab,10,0.004151153829734222,0.021757381203066892,-0.01760622737333267,-6.218350761968115,0.00015540763519087344,0.0065271206780166844
2017-2020,unweighted,PI,xgboost,Stroke,diag,lab,10,0.003634805549784609,0.002346206640786179,0.00128859890899843,0.43995030399017615,0.6703487318619218,0.9031258512082427
2017-2020,unweighted,SHAP,logistic_regression,Age,diag,lab,10,0.2507305243235785,0.27421466888210955,-0.02348414455853106,-3.372821237598769,0.008220086739471198,0.02301624287051935
2017-2020,unweighted,SHAP,logistic_regression,AnyHealthcare,diag,lab,10,0.03713659021475635,0.020432910238557672,0.01670367997619867,1.9215704764919863,0.08683775083873325,0.14940475246770052
2017-2020,unweighted,SHAP,logistic_regression,BMI,diag,lab,10,0.1317974614975011,0.14026039663684772,-0.008462935139346674,-1.25893080128155,0.23972775861442966,0.31464268318143895
2017-2020,unweighted,SHAP,logistic_regression,Education,diag,lab,10,0.04379204079264141,0.02168834294573632,0.02210369784690509,2.5411945993482266,0.03164868918082555,0.06996026029445648
2017-2020,unweighted,SHAP,logistic_regression,GenHlth,diag,lab,10,0.18971222675517058,0.20216804271121597,-0.012455815956045396,-1.9066899187955733,0.08893140027839318,0.14940475246770052
2017-2020,unweighted,SHAP,logistic_regression,HeartDiseaseorAttack,diag,lab,10,0.028861808787350368,0.00317034970005671,0.025691459087293655,7.091795753455098,5.7179592449543115e-05,0.0003001928603601014
2017-2020,unweighted,SHAP,logistic_regression,HighBP,diag,lab,10,0.11825385257576311,0.07121363655667372,0.04704021601908938,11.322942731942288,1.260795028340526e-06,1.3238347797575522e-05
2017-2020,unweighted,SHAP,logistic_regression,HighChol,diag,lab,10,0.040826097760242645,0.0521527055159731,-0.01132660775573046,-1.978982740920924,0.07918917495033849,0.14460631947453115
2017-2020,unweighted,SHAP,logistic_regression,Income,diag,lab,10,0.013599083940032211,0.007139910527373075,0.006459173412659136,1.2325858647588062,0.2489569451105809,0.31685429377710295
2017-2020,unweighted,SHAP,logistic_regression,MentHlth,diag,lab,10,0.0197064988406336,0.021845572813736832,-0.0021390739731032317,-0.547961658930488,0.5970445415971591,0.6965519651966857
2017-2020,unweighted,SHAP,logistic_regression,PhysActivity_LTPA,diag,lab,10,0.011019468823494905,0.026059154403426443,-0.015039685579931539,-2.3356382393637403,0.044335867820881926,0.08861361351544522
2017-2020,unweighted,SHAP,logistic_regression,Sex,diag,lab,10,0.0890912155583306,0.10983017905963917,-0.020738963501308567,-3.8854381129755655,0.0037005937674361657,0.01195576447940915
2017-2020,unweighted,SHAP,logistic_regression,Smoker,diag,lab,10,0.014513557105716704,0.03909132995766263,-0.02457777285194592,-2.9369734029862555,0.016568061431115364,0.04093285765334384
2017-2020,unweighted,SHAP,logistic_regression,Stroke,diag,lab,10,0.010959573024787941,0.01073280005099105,0.00022677297379688948,0.13313426880174573,0.8970164521012719,0.9418672747063356
2017-2020,unweighted,SHAP,random_forest,Age,diag,lab,10,0.17888752538769373,0.18440275383814514,-0.00551522845045146,-1.881283557730552,0.09261637957887091,0.14961107470432994
2017-2020,unweighted,SHAP,random_forest,AnyHealthcare,diag,lab,10,0.014037018000310953,0.012633751179057628,0.0014032668212533243,1.7815383265610518,0.10851226614372574,0.1687968584457956
2017-2020,unweighted,SHAP,random_forest,BMI,diag,lab,10,0.14840730371056607,0.17648308776256458,-0.02807578405199852,-10.780640500619521,1.9075955374596958e-06,1.6023802514661447e-05
2017-2020,unweighted,SHAP,random_forest,Education,diag,lab,10,0.04367859308483997,0.055799448527318565,-0.012120855442478592,-8.755780055211584,1.0686889072587448e-05,6.412133443552469e-05
2017-2020,unweighted,SHAP,random_forest,GenHlth,diag,lab,10,0.12576260491443442,0.13526326207773987,-0.009500657163305434,-3.161619417569093,0.011520174198563724,0.030240457271229777
2017-2020,unweighted,SHAP,random_forest,HeartDiseaseorAttack,diag,lab,10,0.05359366310361237,0.028503884494835686,0.025089778608776675,12.845286512779412,4.303126373852847e-07,7.864970551778947e-06
2017-2020,unweighted,SHAP,random_forest,HighBP,diag,lab,10,0.1552700751844606,0.12117603283034542,0.03409404235411515,12.451550137341854,5.617836108413534e-07,7.864970551778947e-06
2017-2020,unweighted,SHAP,random_forest,HighChol,diag,lab,10,0.08504686636772771,0.07970861797316141,0.005338248394566305,1.5351666052528656,0.15911506274750348,0.23044250466879815
2017-2020,unweighted,SHAP,random_forest,Income,diag,lab,10,0.04723898750413305,0.05057902121043552,-0.0033400337063024636,-4.645387877199792,0.0012099917744361705,0.004619968593301742
2017-2020,unweighted,SHAP,random_forest,MentHlth,diag,lab,10,0.02527206529109355,0.02903701026785831,-0.0037649449767647642,-4.359786514021345,0.0018240328126529295,0.0063841148442852534
2017-2020,unweighted,SHAP,random_forest,PhysActivity_LTPA,diag,lab,10,0.036645390513272584,0.037365945101402995,-0.0007205545881304014,-0.3413130242129286,0.740701275099659,0.7976782962611711
2017-2020,unweighted,SHAP,random_forest,Sex,diag,lab,10,0.04655496311132763,0.04636359204948992,0.00019137106183771263,0.08542420168984037,0.9337943127858579,0.9565697838294154
2017-2020,unweighted,SHAP,random_forest,Smoker,diag,lab,10,0.023443961805101738,0.02958024799401312,-0.0061362861889113825,-13.075735960545845,3.694016908055052e-07,7.864970551778947e-06
2017-2020,unweighted,SHAP,random_forest,Stroke,diag,lab,10,0.016160982021425692,0.01310334469363184,0.0030576373277938474,2.3598118137053885,0.04261450745871668,0.08861361351544522
2017-2020,unweighted,SHAP,xgboost,Age,diag,lab,10,0.273894096532456,0.2841815236329376,-0.010287427100481611,-1.7195270887752252,0.11963418039425767,0.17945127059138652
2017-2020,unweighted,SHAP,xgboost,AnyHealthcare,diag,lab,10,0.012116959212537783,0.012807489187987204,-0.0006905299754494216,-0.3972860454819257,0.7004138163434348,0.7741415864848491
2017-2020,unweighted,SHAP,xgboost,BMI,diag,lab,10,0.14616326677273955,0.16969683935103125,-0.02353357257829171,-3.75365098693517,0.004529110436506071,0.013587331309518214
2017-2020,unweighted,SHAP,xgboost,Education,diag,lab,10,0.03803988258746197,0.03940112249055124,-0.00136123990308928,-0.4440341628984015,0.6675020376440174,0.7577050157040197
2017-2020,unweighted,SHAP,xgboost,GenHlth,diag,lab,10,0.16023647490789142,0.1549571240001389,0.005279350907752533,1.0968598269004715,0.30118195144860116,0.37204829296591907
2017-2020,unweighted,SHAP,xgboost,HeartDiseaseorAttack,diag,lab,10,0.03350260794079571,0.01651134789821541,0.01699126004258029,9.169662141235385,7.326501767352995e-06,5.128551237147097e-05
2017-2020,unweighted,SHAP,xgboost,HighBP,diag,lab,10,0.10443793873510979,0.06934811436167689,0.0350898243734329,5.388539813686543,0.0004395496411073311,0.0018461084926507906
2017-2020,unweighted,SHAP,xgboost,HighChol,diag,lab,10,0.042228910528334974,0.04204177552934525,0.00018713499898972697,0.043814840176843464,0.966008708782899,0.966008708782899
2017-2020,unweighted,SHAP,xgboost,Income,diag,lab,10,0.0410640485580082,0.045123999099364966,-0.0040599505413567655,-1.3698047696460842,0.2039485459387952,0.28552796431431327
2017-2020,unweighted,SHAP,xgboost,MentHlth,diag,lab,10,0.0262896944270677,0.02534547079138767,0.0009442236356800304,0.720770470400997,0.4893481314604077,0.5872177577524892
2017-2020,unweighted,SHAP,xgboost,PhysActivity_LTPA,diag,lab,10,0.030554409908852415,0.027358600465362072,0.003195809443490341,1.312221703654313,0.22192414307087474,0.3006714196444109
2017-2020,unweighted,SHAP,xgboost,Sex,diag,lab,10,0.05436147681222782,0.06655343532470923,-0.012191958512481421,-2.3076239660760587,0.04641665469856654,0.08861361351544522
2017-2020,unweighted,SHAP,xgboost,Smoker,diag,lab,10,0.024783561386658916,0.03796660399910748,-0.01318304261244856,-5.416066907573809,0.00042400982745755477,0.0018461084926507906
2017-2020,unweighted,SHAP,xgboost,Stroke,diag,lab,10,0.012326671689857873,0.00870655386818486,0.0036201178216730147,2.5849361800445827,0.029457135331308292,0.06873331577305268
2017-2020,weighted,PI,logistic_regression,Age,diag,lab,10,0.4496957118740739,0.4582145858454084,-0.00851887397133464,-0.42231963386678395,0.6827017849891509,0.7964854158206761
2017-2020,weighted,PI,logistic_regression,AnyHealthcare,diag,lab,10,0.009922996543045983,0.0018655433547890288,0.008057453188256958,2.685321750911285,0.02498727057170257,0.18711354016983445
2017-2020,weighted,PI,logistic_regression,BMI,diag,lab,10,0.11359598046548,0.13941729279465556,-0.025821312329175554,-1.5485931807463744,0.15588754226843385,0.46946170445070334
2017-2020,weighted,PI,logistic_regression,Education,diag,lab,10,0.006525414958161208,0.000683104133155906,0.005842310825005302,1.8796955533120947,0.09285141238015658,0.324979943330548
2017-2020,weighted,PI,logistic_regression,GenHlth,diag,lab,10,0.24926746118894144,0.283900054210999,-0.03463259302205761,-2.2845559693794426,0.04820198165577332,0.26496075870090896
2017-2020,weighted,PI,logistic_regression,HeartDiseaseorAttack,diag,lab,10,0.027508321447778407,0.0006216749062620362,0.026886646541516367,4.110418416858819,0.0026353644946611383,0.055342654387883904
2017-2020,weighted,PI,logistic_regression,HighBP,diag,lab,10,0.07931893656818297,0.027565038770791816,0.051753897797391146,5.066196421576886,0.0006753427596140882,0.028364395903791705
2017-2020,weighted,PI,logistic_regression,HighChol,diag,lab,10,0.013274789254924691,0.010502631111241733,0.0027721581436829556,0.6445023623313518,0.5353293018916544,0.7908571804669514
2017-2020,weighted,PI,logistic_regression,Income,diag,lab,10,0.002450777128657772,0.00012399061686591033,0.0023267865117918615,2.0008036393971995,0.07645369736973504,0.3052262180587581
2017-2020,weighted,PI,logistic_regression,MentHlth,diag,lab,10,0.004346521793958131,0.005555517412756424,-0.001208995618798293,-0.5975063308563725,0.5648979860478225,0.7908571804669514
2017-2020,weighted,PI,logistic_regression,PhysActivity_LTPA,diag,lab,10,0.0011083358869611072,0.003114115701285497,-0.00200577981432439,-1.3930970092538308,0.1970377526277427,0.4788178201345938
2017-2020,weighted,PI,logistic_regression,Sex,diag,lab,10,0.037764114748148864,0.05593224844142245,-0.01816813369327358,-2.1886728357269942,0.05637206936823068,0.26496075870090896
2017-2020,weighted,PI,logistic_regression,Smoker,diag,lab,10,0.0006068072070064522,0.006678852589471926,-0.006072045382465474,-2.1842779625175983,0.05677730543590906,0.26496075870090896
2017-2020,weighted,PI,logistic_regression,Stroke,diag,lab,10,0.00461383093467917,0.005825350110894182,-0.0012115191762150125,-0.6241450192363679,0.5480246515725227,0.7908571804669514
2017-2020,weighted,PI,random_forest,Age,diag,lab,10,0.4057525744433342,0.44769193900359017,-0.041939364560256,-0.8791471884965923,0.4021839055697877,0.7038218347471286
2017-2020,weighted,PI,random_forest,AnyHealthcare,diag,lab,10,0.004146956197671255,0.001660210871509216,0.0024867453261620386,1.0595461703993219,0.3169574450633486,0.6051005769391201
2017-2020,weighted,PI,random_forest,BMI,diag,lab,10,0.08218939243906047,0.1151897424400398,-0.033000350000979305,-1.406610803791274,0.19312103394580124,0.4788178201345938
2017-2020,weighted,PI,random_forest,Education,diag,lab,10,0.001610598815251743,0.002028741895653329,-0.00041814308040158556,-0.22854402827564255,0.824331729921942,0.9102939687592094
2017-2020,weighted,PI,random_forest,GenHlth,diag,lab,10,0.20240068003378506,0.23372817039958785,-0.031327490365802735,-1.0135358121754907,0.33727539681364865,0.6158942028770975
2017-2020,weighted,PI,random_forest,HeartDiseaseorAttack,diag,lab,10,0.0745212368479328,0.024994477168147154,0.04952675967978566,2.827021761510987,0.019818517118248457,0.18711354016983445
2017-2020,weighted,PI,random_forest,HighBP,diag,lab,10,0.10771849533304867,0.0704439189018551,0.037274576431193564,1.546079882983707,0.1564872348169011,0.46946170445070334
2017-2020,weighted,PI,random_forest,HighChol,diag,lab,10,0.05371058871097174,0.03048607992968087,0.02322450878129088,1.1580012412858465,0.2766689750186447,0.5533379500372894
2017-2020,weighted,PI,random_forest,Income,diag,lab,10,0.0036911974676983156,0.002611187270344738,0.0010800101973535779,0.17238818619147903,0.8669466369135328,0.9102939687592094
2017-2020,weighted,PI,random_forest,MentHlth,diag,lab,10,0.005550457414570435,0.0031844741579107492,0.0023659832566596856,0.8264948491790787,0.42988923592748696,0.7192971999311909
2017-2020,weighted,PI,random_forest,PhysActivity_LTPA,diag,lab,10,0.013662906526264016,0.011493763386941257,0.0021691431393227557,0.22591173625522032,0.8263169685223603,0.9102939687592094
2017-2020,weighted,PI,random_forest,Sex,diag,lab,10,0.028549604176278616,0.018128407709064622,0.010421196467213996,0.6581645701241641,0.5269075590024054,0.7908571804669514
2017-2020,weighted,PI,random_forest,Smoker,diag,lab,10,0.006857471923937418,0.028082998033301432,-0.021225526109364012,-1.9731174197690804,0.07994019996776998,0.3052262180587581
2017-2020,weighted,PI,random_forest,Stroke,diag,lab,10,0.009637839670195303,0.010275888832373774,-0.0006380491621784714,-0.06037158606517091,0.9531790342949704,0.9531790342949704
2017-2020,weighted,PI,xgboost,Age,diag,lab,10,0.476805817505236,0.5170125484279449,-0.040206730922708815,-1.3288275300162333,0.21660806148945908,0.4788178201345938
2017-2020,weighted,PI,xgboost,AnyHealthcare,diag,lab,10,0.0021198326099617273,0.002618028110426561,-0.0004981955004648335,-0.17980397175746318,0.8612896148472374,0.9102939687592094
2017-2020,weighted,PI,xgboost,BMI,diag,lab,10,0.09168872281628929,0.08840345903994185,0.0032852637763474434,0.09726887120689542,0.9246445750631452,0.9471968817720025
2017-2020,weighted,PI,xgboost,Education,diag,lab,10,0.004252340580510712,0.008572329903787554,-0.0043199893232768434,-0.5349437401937385,0.6056511728793817,0.7949171644041886
2017-2020,weighted,PI,xgboost,GenHlth,diag,lab,10,0.23699251254306963,0.2227985138779494,0.014193998665120267,0.7982459895259952,0.44527921900502293,0.7192971999311909
2017-2020,weighted,PI,xgboost,HeartDiseaseorAttack,diag,lab,10,0.030775208505366008,0.005362949761542485,0.025412258743823517,2.644168220478883,0.02673050573854778,0.18711354016983445
2017-2020,weighted,PI,xgboost,HighBP,diag,lab,10,0.08051865677725609,0.05647412507646511,0.02404453170079097,1.4678118666477216,0.17621358728519854,0.4788178201345938
2017-2020,weighted,PI,xgboost,HighChol,diag,lab,10,0.028370828706583917,0.01807679274984058,0.010294035956743336,1.217526390856108,0.2543622693722559,0.5341607656817374
2017-2020,weighted,PI,xgboost,Income,diag,lab,10,0.007394421046266341,0.0025851403449279947,0.0048092807013383485,1.3336243848937075,0.21509256195983564,0.4788178201345938
2017-2020,weighted,PI,xgboost,MentHlth,diag,lab,10,0.004144800020135473,0.007305583961518617,-0.003160783941383144,-0.5008604012818195,0.6284891903304921,0.7964854158206761
2017-2020,weighted,PI,xgboost,PhysActivity_LTPA,diag,lab,10,0.0071493576159367645,0.011440180339693396,-0.004290822723756632,-0.5675518064168921,0.5842170022441958,0.7915198094921362
2017-2020,weighted,PI,xgboost,Sex,diag,lab,10,0.021846098257444317,0.027591512485290966,-0.005745414227846646,-0.46645548615815596,0.6519739419421996,0.7964854158206761
2017-2020,weighted,PI,xgboost,Smoker,diag,lab,10,0.0036427787807715925,0.025682765966916498,-0.022039987186144906,-3.6895327780752685,0.005001004529262124,0.07001406340966973
2017-2020,weighted,PI,xgboost,Stroke,diag,lab,10,0.004298624235172041,0.0060760699537541,-0.0017774457185820599,-0.44866357492891634,0.6642818430792623,0.7964854158206761
2017-2020,weighted,SHAP,logistic_regression,Age,diag,lab,10,0.2526517204804475,0.27507990038156016,-0.022428179901112642,-3.322328579561527,0.008907220423977796,0.026721661271933386
2017-2020,weighted,SHAP,logistic_regression,AnyHealthcare,diag,lab,10,0.0350965806143328,0.01932845287443441,0.015768127739898385,1.9536502279756809,0.08248170541630366,0.145708174918231
2017-2020,weighted,SHAP,logistic_regression,BMI,diag,lab,10,0.1301185397029363,0.1379053513413911,-0.0077868116384548075,-1.1761666481023192,0.2697006875658935,0.35398215243023523
2017-2020,weighted,SHAP,logistic_regression,Education,diag,lab,10,0.042593790528199935,0.02098704906086206,0.021606741467337872,2.557193104172305,0.030828768278654068,0.0669532964767858
2017-2020,weighted,SHAP,logistic_regression,GenHlth,diag,lab,10,0.19232995715073803,0.20401001416183337,-0.011680057011095313,-1.7546399904531211,0.11321389778942313,0.176110507672436
2017-2020,weighted,SHAP,logistic_regression,HeartDiseaseorAttack,diag,lab,10,0.0269860874849721,0.0029984536740973225,0.023987633810874775,7.105235281576068,5.634595890341255e-05,0.0003380757534204753
2017-2020,weighted,SHAP,logistic_regression,HighBP,diag,lab,10,0.11784264266805766,0.07063962986175723,0.047203012806300425,11.46162578621543,1.1372873785286793e-06,1.592202329940151e-05
2017-2020,weighted,SHAP,logistic_regression,HighChol,diag,lab,10,0.041543033642205074,0.05284262480120905,-0.01129959115900397,-1.9387980898534534,0.0844720720093963,0.145708174918231
2017-2020,weighted,SHAP,logistic_regression,Income,diag,lab,10,0.015032963216779724,0.007857501023276283,0.007175462193503439,1.2179345827118424,0.2542145024636239,0.34441964849910334
2017-2020,weighted,SHAP,logistic_regression,MentHlth,diag,lab,10,0.019601856537064897,0.021591082627575583,-0.001989226090510685,-0.5144613338946422,0.6193236194831058,0.6669638979048831
2017-2020,weighted,SHAP,logistic_regression,PhysActivity_LTPA,diag,lab,10,0.01129376530695404,0.026640835680704616,-0.015347070373750582,-2.325388929288451,0.04508625654220294,0.08607376248966016
2017-2020,weighted,SHAP,logistic_regression,Sex,diag,lab,10,0.09075998534641638,0.111374980332747,-0.02061499498633062,-3.8404530096038862,0.003963779461697729,0.013873228115942052
2017-2020,weighted,SHAP,logistic_regression,Smoker,diag,lab,10,0.014739186146118102,0.039557217132278624,-0.024818030986160523,-2.934088214490336,0.016645970162046414,0.04369567167537183
2017-2020,weighted,SHAP,logistic_regression,Stroke,diag,lab,10,0.00940989117477746,0.009186907046273186,0.00022298412850427451,0.15483640356670592,0.8803670837737836,0.8972364601514665
2017-2020,weighted,SHAP,random_forest,Age,diag,lab,10,0.1879990841485913,0.1939556579698246,-0.005956573821233357,-1.8339946065941681,0.09986004390161117,0.16131237861029496
2017-2020,weighted,SHAP,random_forest,AnyHealthcare,diag,lab,10,0.011499407966540316,0.01140227945933833,9.712850720198611e-05,0.13284798226062375,0.8972364601514665,0.8972364601514665
2017-2020,weighted,SHAP,random_forest,BMI,diag,lab,10,0.14343640252546952,0.1679527924044268,-0.024516389878957254,-10.99871837816796,1.6115151552978246e-06,1.692090913062716e-05
2017-2020,weighted,SHAP,random_forest,Education,diag,lab,10,0.045081882844973414,0.05438848198691606,-0.009306599141942647,-6.4095583791931245,0.00012387405670664372,0.0005780789312976707
2017-2020,weighted,SHAP,random_forest,GenHlth,diag,lab,10,0.13504965446181458,0.14436622957565087,-0.009316575113836262,-2.7621708940886633,0.02203379165192652,0.0544364264341714
2017-2020,weighted,SHAP,random_forest,HeartDiseaseorAttack,diag,lab,10,0.052580110085890905,0.027837524670818948,0.02474258541507195,12.71719842847187,4.689152157428673e-07,1.0002217656979156e-05
2017-2020,weighted,SHAP,random_forest,HighBP,diag,lab,10,0.15209026007961426,0.117075665113287,0.03501459496632724,12.694037662890192,4.7629607890376934e-07,1.0002217656979156e-05
2017-2020,weighted,SHAP,random_forest,HighChol,diag,lab,10,0.07909296416687059,0.07653279208758816,0.002560172079282411,0.7497640435994667,0.47253968958144404,0.5670476274977329
2017-2020,weighted,SHAP,random_forest,Income,diag,lab,10,0.04872101641189349,0.0547721490643993,-0.006051132652505804,-6.694466793435732,8.909675246368251e-05,0.0004677579504343332
2017-2020,weighted,SHAP,random_forest,MentHlth,diag,lab,10,0.023505245181479135,0.026430776987595578,-0.00292553180611645,-3.116078868685896,0.012396743591657922,0.03471088205664218
2017-2020,weighted,SHAP,random_forest,PhysActivity_LTPA,diag,lab,10,0.038332811502915336,0.04000542424843704,-0.0016726127455217066,-0.7067339230757044,0.4976198753844371,0.5805565212818433
2017-2020,weighted,SHAP,random_forest,Sex,diag,lab,10,0.04511313086205032,0.0456197288870386,-0.0005065980249882793,-0.23129385021516927,0.8222592606509932,0.8633722236835429
2017-2020,weighted,SHAP,random_forest,Smoker,diag,lab,10,0.02256022818441298,0.027866872831932225,-0.005306644647519244,-10.318339548753741,2.7550275772911585e-06,2.314223164924573e-05
2017-2020,weighted,SHAP,random_forest,Stroke,diag,lab,10,0.014937801577483905,0.011793624712746482,0.003144176864737425,2.418849184364493,0.038683569897951804,0.07736713979590361
2017-2020,weighted,SHAP,xgboost,Age,diag,lab,10,0.284672595979944,0.2956373299832419,-0.010964734003297828,-1.9223378463147158,0.08673105649894702,0.145708174918231
2017-2020,weighted,SHAP,xgboost,AnyHealthcare,diag,lab,10,0.010301498563485343,0.011837724327931547,-0.001536225764446206,-0.9655811165249856,0.3594812567716338,0.4575215995275339
2017-2020,weighted,SHAP,xgboost,BMI,diag,lab,10,0.14190839883401557,0.1634833234566772,-0.021574924622661674,-3.432919016576147,0.007473676345961254,0.024145723579259436
2017-2020,weighted,SHAP,xgboost,Education,diag,lab,10,0.037802125540819374,0.03526690657696679,0.0025352189638525803,0.8069502670578947,0.4404981731555978,0.5441448021333856
2017-2020,weighted,SHAP,xgboost,GenHlth,diag,lab,10,0.172161206384898,0.1626894525761333,0.00947175380876473,1.5880346935608243,0.14674100558448117,0.21252145636373135
2017-2020,weighted,SHAP,xgboost,HeartDiseaseorAttack,diag,lab,10,0.03190436820224142,0.015901548440123467,0.016002819762117947,8.267014373985985,1.7011746698451958e-05,0.0001190822268891637
2017-2020,weighted,SHAP,xgboost,HighBP,diag,lab,10,0.09944506195132093,0.06488394718846224,0.03456111476285869,5.476808831063588,0.0003917822734718096,0.0016454855485816004
2017-2020,weighted,SHAP,xgboost,HighChol,diag,lab,10,0.037405061066985476,0.04016001118538676,-0.0027549501184012757,-0.6192245093207944,0.5511192667890275,0.6091318211878725
2017-2020,weighted,SHAP,xgboost,Income,diag,lab,10,0.04228184601998598,0.04835785565130706,-0.006076009631321072,-1.7237635357557164,0.11884218570110368,0.17826327855165552
2017-2020,weighted,SHAP,xgboost,MentHlth,diag,lab,10,0.02528596495299338,0.023682357912659317,0.0016036070403340555,1.318615218527371,0.21986451341008711,0.30781031877412196
2017-2020,weighted,SHAP,xgboost,PhysActivity_LTPA,diag,lab,10,0.031190256211638713,0.029392265272657238,0.0017979909389814791,0.6820013989810474,0.5124056451024394,0.5816496511973636
2017-2020,weighted,SHAP,xgboost,Sex,diag,lab,10,0.05113188766135231,0.06515252307232403,-0.014020635410971722,-2.5367080744554715,0.03188252213180276,0.0669532964767858
2017-2020,weighted,SHAP,xgboost,Smoker,diag,lab,10,0.02393935223395358,0.036213296944275955,-0.012273944710322376,-4.735978391812798,0.0010649236799889473,0.004066072232685071
2017-2020,weighted,SHAP,xgboost,Stroke,diag,lab,10,0.010570376396365908,0.0073414574118532555,0.0032289189845126527,2.573913372166123,0.02999461675522062,0.0669532964767858
2021-2023,unweighted,PI,logistic_regression,Age,diag,lab,10,0.2024392953502149,0.22421446206966214,-0.02177516671944726,-1.3350114357414284,0.2146560154560304,0.4507776324576639
2021-2023,unweighted,PI,logistic_regression,AnyHealthcare,diag,lab,10,0.004727973557284276,5.765303541418813e-05,0.004670320521870088,2.4223058896090914,0.03846489459721282,0.1360095657132162
2021-2023,unweighted,PI,logistic_regression,BMI,diag,lab,10,0.20478361155704544,0.29673937080125845,-0.09195575924421302,-4.846188526087959,0.0009131487270980623,0.009588061634529655
2021-2023,unweighted,PI,logistic_regression,Education,diag,lab,10,0.038867439471711465,0.08072582068862631,-0.04185838121691484,-2.8081355463376325,0.020439199146055215,0.08718081633268789
2021-2023,unweighted,PI,logistic_regression,GenHlth,diag,lab,10,0.21183563788061419,0.2099081677656264,0.001927470114987781,0.18705372036020768,0.8557673159643021,0.8985556817625172
2021-2023,unweighted,PI,logistic_regression,HeartDiseaseorAttack,diag,lab,10,0.012859764899854215,0.010826378714836988,0.002033386185017229,0.9886927675515353,0.34864738171253884,0.6372016439974867
2021-2023,unweighted,PI,logistic_regression,HighBP,diag,lab,10,0.11509774067590539,0.04014153110646875,0.07495620956943663,5.534591525778971,0.0003635743122678788,0.005726680694044374
2021-2023,unweighted,PI,logistic_regression,HighChol,diag,lab,10,0.18285709571998232,0.09470642568013742,0.0881506700398449,6.090007020594498,0.00018143227116589202,0.005726680694044374
2021-2023,unweighted,PI,logistic_regression,Income,diag,lab,10,0.0042656112131169155,0.0015816305343253148,0.002683980678791601,1.8349761170277665,0.0997044550093351,0.27917247402613826
2021-2023,unweighted,PI,logistic_regression,MentHlth,diag,lab,10,0.00023929273468058414,0.0017441335813523928,-0.0015048408466718085,-1.604192874545571,0.14313473923938894,0.37572869050339597
2021-2023,unweighted,PI,logistic_regression,PhysActivity_LTPA,diag,lab,10,0.002695615313996902,0.004558548182889248,-0.001862932868892346,-0.7533320896736404,0.47049720542595724,0.7318845417737113
2021-2023,unweighted,PI,logistic_regression,Sex,diag,lab,10,0.01863433716889826,0.033324480927893196,-0.014690143758994939,-2.9156240783324634,0.017153523847063125,0.08718081633268789
2021-2023,unweighted,PI,logistic_regression,Smoker,diag,lab,10,0.00046339362886773955,0.0013477820600677072,-0.0008843884311999676,-0.5643966009240712,0.5862728226614198,0.768545093600099
2021-2023,unweighted,PI,logistic_regression,Stroke,diag,lab,10,0.00023319082782737458,0.00012361485144145735,0.00010957597638591723,0.21232703087225882,0.8365827958849583,0.8985556817625172
2021-2023,unweighted,PI,random_forest,Age,diag,lab,10,0.19124767054153438,0.19545685992767411,-0.004209189386139764,-0.21461457960945926,0.834851768431419,0.8985556817625172
2021-2023,unweighted,PI,random_forest,AnyHealthcare,diag,lab,10,0.0031431160012172937,0.0011063118612279067,0.002036804139989387,0.9880534695824786,0.34894375742719513,0.6372016439974867
2021-2023,unweighted,PI,random_forest,BMI,diag,lab,10,0.15523677202926872,0.2521520645099891,-0.09691529248072038,-5.443620618618708,0.00040904862100316953,0.005726680694044374
2021-2023,unweighted,PI,random_forest,Education,diag,lab,10,0.03407103221603828,0.06340283851242068,-0.0293318062963824,-1.4522695852924155,0.18038057332377866,0.40922559899197947
2021-2023,unweighted,PI,random_forest,GenHlth,diag,lab,10,0.1983234191422952,0.18273257692834388,0.015590842213951314,0.6505811534366266,0.5315723580572691,0.7442013012801767
2021-2023,unweighted,PI,random_forest,HeartDiseaseorAttack,diag,lab,10,0.028515192725964606,0.020926757932420204,0.0075884347935444,0.5695147017011726,0.5829400389215617,0.768545093600099
2021-2023,unweighted,PI,random_forest,HighBP,diag,lab,10,0.1457395578288893,0.06556627841418337,0.08017327941470594,2.7986803762654096,0.020757337222068545,0.08718081633268789
2021-2023,unweighted,PI,random_forest,HighChol,diag,lab,10,0.16473947490519486,0.10401719577178478,0.06072227913341007,3.100512940343549,0.01271192999173232,0.08718081633268789
2021-2023,unweighted,PI,random_forest,Income,diag,lab,10,0.011756901221544004,0.015355520930442146,-0.0035986197088981424,-0.4236860754141089,0.6817407399374624,0.8421503258051006
2021-2023,unweighted,PI,random_forest,MentHlth,diag,lab,10,0.012020659433502437,0.006370556874396476,0.005650102559105962,0.790380022587569,0.4496295606696164,0.7318845417737113
2021-2023,unweighted,PI,random_forest,PhysActivity_LTPA,diag,lab,10,0.016195759265484767,0.023208358631805773,-0.0070125993663210096,-0.6866060851056746,0.5096325825312318,0.7442013012801767
2021-2023,unweighted,PI,random_forest,Sex,diag,lab,10,0.02918169781182205,0.05074695155798546,-0.021565253746163422,-1.0578857817500693,0.3176739708723937,0.6353479417447874
2021-2023,unweighted,PI,random_forest,Smoker,diag,lab,10,0.006469548060259291,0.013294955896850133,-0.006825407836590842,-0.7696553426680379,0.4612263461381189,0.7318845417737113
2021-2023,unweighted,PI,random_forest,Stroke,diag,lab,10,0.003359198816984806,0.005662772250475903,-0.002303573433491096,-0.5376496039084606,0.6038568592572207,0.768545093600099
2021-2023,unweighted,PI,xgboost,Age,diag,lab,10,0.3157743897886302,0.3139887725916671,0.0017856171969631933,0.06471019238443679,0.9498192828162215,0.9498192828162215
2021-2023,unweighted,PI,xgboost,AnyHealthcare,diag,lab,10,0.009112303354330888,0.0019497360349846394,0.007162567319346247,2.1500824573214516,0.06002859397095066,0.18008578191285196
2021-2023,unweighted,PI,xgboost,BMI,diag,lab,10,0.17593442628629274,0.21658542665983432,-0.04065100037354154,-1.4472554494046341,0.1817430866045242,0.40922559899197947
2021-2023,unweighted,PI,xgboost,Education,diag,lab,10,0.0280578593535164,0.029652943862162183,-0.001595084508645787,-0.13505969730836848,0.8955370240646352,0.9173793905052361
2021-2023,unweighted,PI,xgboost,GenHlth,diag,lab,10,0.16895776990689262,0.19810827872845843,-0.029150508821565828,-2.401749786352747,0.039783585974995685,0.1360095657132162
2021-2023,unweighted,PI,xgboost,HeartDiseaseorAttack,diag,lab,10,0.017031215991101474,0.012403671655962593,0.004627544335138883,0.6624305368913245,0.5242942387425478,0.7442013012801767
2021-2023,unweighted,PI,xgboost,HighBP,diag,lab,10,0.09445092134391782,0.042007321368414945,0.05244359997550287,3.2563207334893676,0.009896796196848504,0.08313308805352744
2021-2023,unweighted,PI,xgboost,HighChol,diag,lab,10,0.11672211135565377,0.07902209853636784,0.03770001281928596,2.919794184119214,0.017037524579231845,0.08718081633268789
2021-2023,unweighted,PI,xgboost,Income,diag,lab,10,0.017533585365014218,0.03798328670818466,-0.02044970134317044,-1.4349464333945803,0.18512586621065735,0.40922559899197947
2021-2023,unweighted,PI,xgboost,MentHlth,diag,lab,10,0.01100009675526862,0.0063518260025817825,0.004648270752686837,0.7995239433230285,0.44457510181951976,0.7318845417737113
2021-2023,unweighted,PI,xgboost,PhysActivity_LTPA,diag,lab,10,0.01220478454851865,0.009851076630629485,0.0023537079178891666,0.275718527308186,0.788990355239418,0.8985556817625172
2021-2023,unweighted,PI,xgboost,Sex,diag,lab,10,0.023039701714731183,0.04303676951695219,-0.019997067802221,-2.3672508433025317,0.042098198911233585,0.1360095657132162
2021-2023,unweighted,PI,xgboost,Smoker,diag,lab,10,0.009343891067246033,0.007616007648276646,0.0017278834189693871,0.2485585528901896,0.8092812015704932,0.8985556817625172
2021-2023,unweighted,PI,xgboost,Stroke,diag,lab,10,0.0008369431688852944,0.0014427840555232387,-0.0006058408866379446,-0.39302035354508497,0.7034514751022123,0.8441417701226547
2021-2023,unweighted,SHAP,logistic_regression,Age,diag,lab,10,0.1840715987879093,0.19422928905480596,-0.010157690266896714,-1.1967116158046618,0.26199054295332086,0.3334425092133175
2021-2023,unweighted,SHAP,logistic_regression,AnyHealthcare,diag,lab,10,0.015728656275812956,0.005825356877612558,0.009903299398200402,2.3971852528990993,0.04008243710391119,0.08417311791821351
2021-2023,unweighted,SHAP,logistic_regression,BMI,diag,lab,10,0.14667334684826683,0.1840815755820496,-0.03740822873378276,-9.412774763752363,5.907594827738095e-06,8.270632758833334e-05
2021-2023,unweighted,SHAP,logistic_regression,Education,diag,lab,10,0.06878546952137596,0.10626281346581883,-0.037477343944442874,-5.457770444243446,0.00040158840042012146,0.0012974394475111616
2021-2023,unweighted,SHAP,logistic_regression,GenHlth,diag,lab,10,0.15043482815262907,0.16049400810445602,-0.010059179951826955,-1.6867155924035795,0.12593391895188202,0.19589720725848314
2021-2023,unweighted,SHAP,logistic_regression,HeartDiseaseorAttack,diag,lab,10,0.01838364944622751,0.01376593761146637,0.004617711834761144,1.632336351383435,0.13704344738647356,0.20556517107971034
2021-2023,unweighted,SHAP,logistic_regression,HighBP,diag,lab,10,0.12388416572966474,0.07164175176043444,0.05224241396923031,6.538064890696801,0.00010663418774803303,0.0005557985424944627
2021-2023,unweighted,SHAP,logistic_regression,HighChol,diag,lab,10,0.17760273965120604,0.1362865249076273,0.04131621474357873,6.452313735689359,0.00011782252317335963,0.0005557985424944627
2021-2023,unweighted,SHAP,logistic_regression,Income,diag,lab,10,0.0213417476073128,0.01514868194857317,0.006193065658739628,1.3611385181757423,0.206572128111202,0.28485452959800883
2021-2023,unweighted,SHAP,logistic_regression,MentHlth,diag,lab,10,0.0073595453391019664,0.00978852596738923,-0.0024289806282872623,-0.377341697437546,0.7146639369371182,0.8112401446313233
2021-2023,unweighted,SHAP,logistic_regression,PhysActivity_LTPA,diag,lab,10,0.022168903840436995,0.023390333587369437,-0.0012214297469324443,-0.2626438290423621,0.7987383879974238,0.8515840711974133
2021-2023,unweighted,SHAP,logistic_regression,Sex,diag,lab,10,0.04524795503335184,0.05677429110692276,-0.011526336073570911,-2.742832256392763,0.022741939812955685,0.05306452623022993
2021-2023,unweighted,SHAP,logistic_regression,Smoker,diag,lab,10,0.014399132578523991,0.01853463264187665,-0.004135500063352659,-0.6637868060426341,0.5234650274051231,0.6281580328861477
2021-2023,unweighted,SHAP,logistic_regression,Stroke,diag,lab,10,0.003918261188180035,0.0037762773835976504,0.00014198380458238454,0.06262865968149528,0.9514310640214162,0.9514310640214162
2021-2023,unweighted,SHAP,random_forest,Age,diag,lab,10,0.12454839809531211,0.13329163400470867,-0.008743235909396564,-3.6214280954062126,0.005559367361938403,0.015566228613427527
2021-2023,unweighted,SHAP,random_forest,AnyHealthcare,diag,lab,10,0.008070916938481897,0.009561930419137436,-0.0014910134806555395,-1.9040220045556566,0.08931176754880603,0.15629559321041056
2021-2023,unweighted,SHAP,random_forest,BMI,diag,lab,10,0.17046029984710775,0.2047494040260613,-0.034289104178953575,-12.653703344576206,4.894583618939198e-07,2.055725119954463e-05
2021-2023,unweighted,SHAP,random_forest,Education,diag,lab,10,0.06264606078286843,0.07961407089370978,-0.01696801011084136,-7.053891161556714,5.960431116315953e-05,0.0004221837026377975
2021-2023,unweighted,SHAP,random_forest,GenHlth,diag,lab,10,0.12303700993360873,0.1310377707249079,-0.008000760791299176,-1.9179290959962663,0.08734573751896477,0.15629559321041056
2021-2023,unweighted,SHAP,random_forest,HeartDiseaseorAttack,diag,lab,10,0.03825182593401983,0.032300138610971064,0.005951687323048763,2.541013803778162,0.03165807874667305,0.06998101617685622
2021-2023,unweighted,SHAP,random_forest,HighBP,diag,lab,10,0.1392688290512655,0.09902529495147211,0.04024353409979341,8.448087953043522,1.4284519393479744e-05,0.0001499874536315373
2021-2023,unweighted,SHAP,random_forest,HighChol,diag,lab,10,0.14423765812651773,0.10192221368733594,0.04231544443918182,11.202693181299932,1.3799406432471596e-06,2.8978753508190352e-05
2021-2023,unweighted,SHAP,random_forest,Income,diag,lab,10,0.05394814395478048,0.06009354638926395,-0.0061454024344834626,-4.833982447019662,0.0009287514492576067,0.0027862543477728203
2021-2023,unweighted,SHAP,random_forest,MentHlth,diag,lab,10,0.03720241052058787,0.03753938537596572,-0.0003369748553778515,-0.464812769233207,0.653105747048975,0.7619567048904708
2021-2023,unweighted,SHAP,random_forest,PhysActivity_LTPA,diag,lab,10,0.03390346494116955,0.03686097751622935,-0.0029575125750598004,-1.1578665869537585,0.27672116181999995,0.3418320234247058
2021-2023,unweighted,SHAP,random_forest,Sex,diag,lab,10,0.029936109836434056,0.03862924822930561,-0.008693138392871558,-5.911503236935664,0.00022583016818040076,0.0007986480482111179
2021-2023,unweighted,SHAP,random_forest,Smoker,diag,lab,10,0.024263750093892582,0.025420478483318704,-0.0011567283894261212,-2.062454604990479,0.06920457296279464,0.13840914592558928
2021-2023,unweighted,SHAP,random_forest,Stroke,diag,lab,10,0.010225121943953475,0.009953906687612457,0.0002712152563410182,0.24622421676805337,0.8110324487594412,0.8515840711974133
2021-2023,unweighted,SHAP,xgboost,Age,diag,lab,10,0.1989315747376556,0.21165773867910978,-0.012726163941454167,-1.603526921025648,0.1432817829185144,0.2075115476750898
2021-2023,unweighted,SHAP,xgboost,AnyHealthcare,diag,lab,10,0.011956923298113705,0.006270275409214943,0.0056866478888987606,3.518686720501063,0.0065288958238722905,0.017138351537664763
2021-2023,unweighted,SHAP,xgboost,BMI,diag,lab,10,0.1854026715103218,0.22338241554639882,-0.03797974403607697,-5.903127629974255,0.000228185156631748,0.0007986480482111179
2021-2023,unweighted,SHAP,xgboost,Education,diag,lab,10,0.06402467937943263,0.08158605224279325,-0.017561372863360614,-3.1615867588500173,0.011520779305429345,0.028463101813413678
2021-2023,unweighted,SHAP,xgboost,GenHlth,diag,lab,10,0.12583197317980416,0.1385051453558039,-0.01267317217599977,-1.6985902034958964,0.12361980579649283,0.19589720725848314
2021-2023,unweighted,SHAP,xgboost,HeartDiseaseorAttack,diag,lab,10,0.02174838594493421,0.016739056356033052,0.005009329588901157,1.987255172779017,0.07814134007068452,0.149178921953125
2021-2023,unweighted,SHAP,xgboost,HighBP,diag,lab,10,0.11305655847231551,0.06281956281985893,0.050236995652456574,6.443093979201294,0.00011909968767738486,0.0005557985424944627
2021-2023,unweighted,SHAP,xgboost,HighChol,diag,lab,10,0.1326153364680927,0.09102282660109631,0.041592509866996384,7.043146074193859,6.031195751968536e-05,0.0004221837026377975
2021-2023,unweighted,SHAP,xgboost,Income,diag,lab,10,0.04005516234925628,0.04395832246604123,-0.0039031601167849503,-1.317718557141734,0.22015239441180126,0.28895001766548917
2021-2023,unweighted,SHAP,xgboost,MentHlth,diag,lab,10,0.02481741334316458,0.02826692849724429,-0.003449515154079712,-1.8585540784790828,0.0960342984299932,0.16133762136238858
2021-2023,unweighted,SHAP,xgboost,PhysActivity_LTPA,diag,lab,10,0.022938511597638038,0.02661401083369854,-0.0036754992360605067,-1.3491468030913545,0.21024977184614937,0.28485452959800883
2021-2023,unweighted,SHAP,xgboost,Sex,diag,lab,10,0.03298277611069506,0.04443338882014986,-0.011450612709454803,-6.0829944922426895,0.00018298485149687664,0.0007685363762868819
2021-2023,unweighted,SHAP,xgboost,Smoker,diag,lab,10,0.020496619294831705,0.019769028650831307,0.0007275906440003977,0.3227614188989734,0.7542481095985639,0.8336426474510444
2021-2023,unweighted,SHAP,xgboost,Stroke,diag,lab,10,0.005141414313744002,0.004975247721725814,0.00016616659201818627,0.14461973400767053,0.8881978781338525,0.9098612410151661
2021-2023,weighted,PI,logistic_regression,Age,diag,lab,10,0.22433217301107958,0.24786668801290096,-0.023534515001821465,-1.7481853073788574,0.11436977759551065,0.35047139541232886
2021-2023,weighted,PI,logistic_regression,AnyHealthcare,diag,lab,10,0.00574371238796093,0.0004682913854902685,0.005275421002470662,1.6839181038736382,0.1264848149967148,0.35047139541232886
2021-2023,weighted,PI,logistic_regression,BMI,diag,lab,10,0.21194879186451626,0.29911446094049116,-0.0871656690759749,-6.829108644838865,7.650652291773661e-05,0.0016066369812724687
2021-2023,weighted,PI,logistic_regression,Education,diag,lab,10,0.021022970430805386,0.0681799163789714,-0.04715694594816601,-3.7111735553167047,0.0048361932561285115,0.03385335279289958
2021-2023,weighted,PI,logistic_regression,GenHlth,diag,lab,10,0.16476116574209115,0.17964711765601163,-0.014885951913920448,-1.0413368729831085,0.3248836400305118,0.6497672800610236
2021-2023,weighted,PI,logistic_regression,HeartDiseaseorAttack,diag,lab,10,0.009696018867423979,0.010344923236741684,-0.0006489043693177072,-0.2617034653740566,0.799440935353708,0.9326810912459927
2021-2023,weighted,PI,logistic_regression,HighBP,diag,lab,10,0.12758336336901363,0.0408048884448423,0.08677847492417134,6.226804140795825,0.00015384224549160817,0.0016153435776618858
2021-2023,weighted,PI,logistic_regression,HighChol,diag,lab,10,0.2103904539633783,0.11744924767177975,0.09294120629159855,8.290664413714206,1.6625066717677082e-05,0.0006982528021424374
2021-2023,weighted,PI,logistic_regression,Income,diag,lab,10,0.0024930206979523477,0.000944874026120922,0.0015481466718314254,0.7860157245003266,0.4520554380174799,0.7302433998743906
2021-2023,weighted,PI,logistic_regression,MentHlth,diag,lab,10,0.00023302431080572222,0.001444431925322094,-0.0012114076145163717,-1.4922628442633847,0.16982840794443269,0.3962662852036763
2021-2023,weighted,PI,logistic_regression,PhysActivity_LTPA,diag,lab,10,0.0023981595565629806,0.003924972846696457,-0.0015268132901334775,-0.5338019792787341,0.606409138162675,0.8401845345383696
2021-2023,weighted,PI,logistic_regression,Sex,diag,lab,10,0.018701450966644367,0.02828044251461278,-0.009578991547968412,-2.22854962675353,0.05282171630912836,0.18487600708194926
2021-2023,weighted,PI,logistic_regression,Smoker,diag,lab,10,0.0005292135554751806,0.0015017033844252636,-0.000972489828950083,-0.800151843027144,0.44422941973834557,0.7302433998743906
2021-2023,weighted,PI,logistic_regression,Stroke,diag,lab,10,0.00016648127629023728,2.804157559330066e-05,0.00013843970069693664,0.5111645950795408,0.6215389818895317,0.8401845345383696
2021-2023,weighted,PI,random_forest,Age,diag,lab,10,0.19954487724167516,0.19737428990664324,0.0021705873350319317,0.09873206222123818,0.9235150762273789,0.9783478991325979
2021-2023,weighted,PI,random_forest,AnyHealthcare,diag,lab,10,0.001643730360952759,0.0,0.001643730360952759,1.3331281773721058,0.2152489154171499,0.4758133919747525
2021-2023,weighted,PI,random_forest,BMI,diag,lab,10,0.1624231985806279,0.24892712926555513,-0.08650393068492725,-2.315411555664682,0.04582875701864394,0.1749825267984587
2021-2023,weighted,PI,random_forest,Education,diag,lab,10,0.02211056192771198,0.05420918185572141,-0.03209861992800944,-1.6491699368228756,0.13351291253803005,0.35047139541232886
2021-2023,weighted,PI,random_forest,GenHlth,diag,lab,10,0.14432512956218607,0.18221423309658163,-0.03788910353439559,-1.0676051453487163,0.3134973298631622,0.6497672800610236
2021-2023,weighted,PI,random_forest,HeartDiseaseorAttack,diag,lab,10,0.032060179550611474,0.02547632764474293,0.00658385190586854,0.45734302633809676,0.658264073428561,0.8401845345383696
2021-2023,weighted,PI,random_forest,HighBP,diag,lab,10,0.16653163905235913,0.06065075000998203,0.1058808890423771,2.969928083363766,0.015704258989484476,0.0693050164987817
2021-2023,weighted,PI,random_forest,HighChol,diag,lab,10,0.21633605722631458,0.12378472780749572,0.09255132941881887,3.408856391440165,0.007763660664571695,0.04658196398743017
2021-2023,weighted,PI,random_forest,Income,diag,lab,10,0.00805951409384019,0.007226776259076037,0.0008327378347641509,0.15185987601911557,0.8826471328501454,0.9755573573606872
2021-2023,weighted,PI,random_forest,MentHlth,diag,lab,10,0.0034649754428213173,0.0035160796862706506,-5.1104243449333166e-05,-0.010134567962294973,0.9921350172824757,0.9921350172824757
2021-2023,weighted,PI,random_forest,PhysActivity_LTPA,diag,lab,10,0.013612973975289155,0.026047122746391614,-0.01243414877110246,-0.9414064686543178,0.3710768366408204,0.7084194154052026
2021-2023,weighted,PI,random_forest,Sex,diag,lab,10,0.023003765438930852,0.05506971432657709,-0.03206594888764624,-1.6681523047582107,0.129630777149627,0.35047139541232886
2021-2023,weighted,PI,random_forest,Smoker,diag,lab,10,0.0038890021584356968,0.010205147409780863,-0.006316145251345165,-0.5296488980516711,0.6091703803823866,0.8401845345383696
2021-2023,weighted,PI,random_forest,Stroke,diag,lab,10,0.0029943953882437214,0.005298519985181583,-0.002304124596937862,-0.8214170986764175,0.43262862572932825,0.7302433998743906
2021-2023,weighted,PI,xgboost,Age,diag,lab,10,0.3292298053486038,0.3471976015866003,-0.01796779623799642,-0.4490006872077816,0.6640476325091245,0.8401845345383696
2021-2023,weighted,PI,xgboost,AnyHealthcare,diag,lab,10,0.009217533762777045,0.0017023335795799907,0.007515200183197053,1.590285909307379,0.14623372900236045,0.36128333047642
2021-2023,weighted,PI,xgboost,BMI,diag,lab,10,0.1992625781813949,0.21356271569309423,-0.01430013751169933,-0.42595060756319425,0.6801493851024897,0.8401845345383696
2021-2023,weighted,PI,xgboost,Education,diag,lab,10,0.023425767703855717,0.02458415126173324,-0.0011583835578775255,-0.0713302063196374,0.9446948855410944,0.9783478991325979
2021-2023,weighted,PI,xgboost,GenHlth,diag,lab,10,0.12339600246154736,0.1901464039761859,-0.06675040151463855,-3.197713887055677,0.010871114371319018,0.057073350449424846
2021-2023,weighted,PI,xgboost,HeartDiseaseorAttack,diag,lab,10,0.01591988537057914,0.013026646011352418,0.0028932393592267175,0.4308113356280359,0.6767392566763886,0.8401845345383696
2021-2023,weighted,PI,xgboost,HighBP,diag,lab,10,0.10696847911412362,0.03782395139094319,0.06914452772318043,2.9394607944662705,0.01650119440447183,0.0693050164987817
2021-2023,weighted,PI,xgboost,HighChol,diag,lab,10,0.14038457688076825,0.08165848044379599,0.05872609643697224,6.434206599509,0.00012034510852891688,0.0016153435776618858
2021-2023,weighted,PI,xgboost,Income,diag,lab,10,0.009958057338071674,0.020529120776070733,-0.010571063437999056,-0.8898277379707579,0.39672006582923125,0.7244453376012049
2021-2023,weighted,PI,xgboost,MentHlth,diag,lab,10,0.0039953910488673096,0.006204979618128005,-0.0022095885692606947,-0.30403347085526167,0.7680143636866427,0.9216172364239712
2021-2023,weighted,PI,xgboost,PhysActivity_LTPA,diag,lab,10,0.009591075574070672,0.01021475756271584,-0.0006236819886451681,-0.05795103551892184,0.9550539015342027,0.9783478991325979
2021-2023,weighted,PI,xgboost,Sex,diag,lab,10,0.01704801242755318,0.043398474076078074,-0.026350461648524892,-3.7756180281958662,0.0043784334683966515,0.03385335279289958
2021-2023,weighted,PI,xgboost,Smoker,diag,lab,10,0.0108101439314314,0.008242792068291857,0.002567351863139545,0.21015277370388796,0.8382289556600195,0.9515031388573194
2021-2023,weighted,PI,xgboost,Stroke,diag,lab,10,0.0007926908563559737,0.0017075919554302907,-0.0009149010990743169,-0.4264818962035419,0.6797762743507467,0.8401845345383696
2021-2023,weighted,SHAP,logistic_regression,Age,diag,lab,10,0.19348121487701433,0.20376841613724245,-0.010287201260228066,-1.1428651068259033,0.2825845424352891,0.37089221194631694
2021-2023,weighted,SHAP,logistic_regression,AnyHealthcare,diag,lab,10,0.016543910629619824,0.006094726929958722,0.010449183699661099,2.4947894957096266,0.034152564343291274,0.06830512868658255
2021-2023,weighted,SHAP,logistic_regression,BMI,diag,lab,10,0.14688025010535477,0.18391803456991287,-0.03703778446455812,-9.302845893349753,6.5077573395918856e-06,9.110860275428639e-05
2021-2023,weighted,SHAP,logistic_regression,Education,diag,lab,10,0.06761176577334968,0.10410028475645532,-0.03648851898310562,-5.610435447937467,0.0003298393894279931,0.0012593867596341556
2021-2023,weighted,SHAP,logistic_regression,GenHlth,diag,lab,10,0.1500171574604971,0.15967476059826843,-0.009657603137771333,-1.621201784743334,0.13942486549637334,0.20192566727060968
2021-2023,weighted,SHAP,logistic_regression,HeartDiseaseorAttack,diag,lab,10,0.016413622147057796,0.012236722823596466,0.004176899323461333,1.6358605761091518,0.1362973916018132,0.20192566727060968
2021-2023,weighted,SHAP,logistic_regression,HighBP,diag,lab,10,0.11948946425621576,0.06893351415015926,0.05055595010605653,6.461526405569015,0.00011656124101046949,0.000612408378647584
2021-2023,weighted,SHAP,logistic_regression,HighChol,diag,lab,10,0.1753635849453848,0.1342953044648433,0.041068280480541515,6.5703598800777,0.00010272549707175892,0.000612408378647584
2021-2023,weighted,SHAP,logistic_regression,Income,diag,lab,10,0.02132065667312965,0.015125796704738481,0.006194859968391168,1.3715421426533798,0.20342601460838747,0.2847964204517424
2021-2023,weighted,SHAP,logistic_regression,MentHlth,diag,lab,10,0.007152321940080851,0.009528849472965445,-0.002376527532884593,-0.3845129008570931,0.7095263293024755,0.8022401209773697
2021-2023,weighted,SHAP,logistic_regression,PhysActivity_LTPA,diag,lab,10,0.021829455948233607,0.022926974944623278,-0.0010975189963896735,-0.2420494275280502,0.8141671906807257,0.8767954361177046
2021-2023,weighted,SHAP,logistic_regression,Sex,diag,lab,10,0.04603436378582638,0.05759005751126389,-0.011555693725437527,-2.7195004444993325,0.023627127920567908,0.058372904274344245
2021-2023,weighted,SHAP,logistic_regression,Smoker,diag,lab,10,0.014400849436160098,0.018457001384849212,-0.0040561519486891125,-0.6542016831195409,0.5293421932617162,0.6352106319140594
2021-2023,weighted,SHAP,logistic_regression,Stroke,diag,lab,10,0.003461382022075293,0.003349555551122912,0.00011182647095238103,0.055915600798953025,0.9566306991742254,0.9668624381873449
2021-2023,weighted,SHAP,random_forest,Age,diag,lab,10,0.15528921915404895,0.16546906740866232,-0.01017984825461336,-3.0677852181880203,0.013401882769437953,0.035179942269774625
2021-2023,weighted,SHAP,random_forest,AnyHealthcare,diag,lab,10,0.008157017252208272,0.00947570441626271,-0.0013186871640544356,-1.7451608231516766,0.11491512533141363,0.18895366752234113
2021-2023,weighted,SHAP,random_forest,BMI,diag,lab,10,0.16372590064330353,0.19737376202494183,-0.03364786138163829,-12.838473664178094,4.3227496405389025e-07,1.8155548490263392e-05
2021-2023,weighted,SHAP,random_forest,Education,diag,lab,10,0.057042826086496634,0.07225885798148507,-0.015216031894988446,-7.485887615676711,3.747865156844522e-05,0.00031482067317493983
2021-2023,weighted,SHAP,random_forest,GenHlth,diag,lab,10,0.11992137009422092,0.1304558265097566,-0.010534456415535704,-2.5407800102704066,0.031670224883652114,0.06830512868658255
2021-2023,weighted,SHAP,random_forest,HeartDiseaseorAttack,diag,lab,10,0.03489655648835856,0.029571722303339855,0.005324834185018704,2.5069091906653167,0.033480117550560955,0.06830512868658255
2021-2023,weighted,SHAP,random_forest,HighBP,diag,lab,10,0.1376497987091921,0.09798458528617257,0.039665213423019555,8.57145771858891,1.2702928146237512e-05,0.00013338074553549388
2021-2023,weighted,SHAP,random_forest,HighChol,diag,lab,10,0.144782242352197,0.10296335005233104,0.041818892299865976,11.354819416045554,1.231148222432592e-06,2.585411267108443e-05
2021-2023,weighted,SHAP,random_forest,Income,diag,lab,10,0.051933652546396016,0.05777577210574494,-0.005842119559348916,-4.882588844767725,0.0008682697764473894,0.002604809329342168
2021-2023,weighted,SHAP,random_forest,MentHlth,diag,lab,10,0.034797136590077625,0.0350728453689644,-0.00027570877888677056,-0.36181939134575564,0.7258362999319059,0.8022401209773697
2021-2023,weighted,SHAP,random_forest,PhysActivity_LTPA,diag,lab,10,0.03283247242726802,0.03479655880509176,-0.0019640863778237457,-0.775018465538354,0.4582066333366811,0.5660199588276649
2021-2023,weighted,SHAP,random_forest,Sex,diag,lab,10,0.026373735993041075,0.03374555334009727,-0.007371817347056192,-6.331901668664101,0.0001357503875302448,0.0006335018084744758
2021-2023,weighted,SHAP,random_forest,Smoker,diag,lab,10,0.02309381659585927,0.024093523791626756,-0.0009997071957674845,-1.7288013778558668,0.117906639376757,0.18895366752234113
2021-2023,weighted,SHAP,random_forest,Stroke,diag,lab,10,0.009504255067332022,0.008962870605522906,0.0005413844618091142,0.47579341852040896,0.6455581970153684,0.7531512298512633
2021-2023,weighted,SHAP,xgboost,Age,diag,lab,10,0.22959671106528418,0.24736155216324202,-0.017764841097957833,-1.9271496507342125,0.0860648473819007,0.15061348291832624
2021-2023,weighted,SHAP,xgboost,AnyHealthcare,diag,lab,10,0.011895187611516386,0.00634429146105224,0.005550896150464145,3.3998626927032465,0.007875041246218255,0.022050115489411114
2021-2023,weighted,SHAP,xgboost,BMI,diag,lab,10,0.18417040727312473,0.21975441564265016,-0.03558400836952545,-5.052533038132523,0.0006879748818598151,0.0022226880798547873
2021-2023,weighted,SHAP,xgboost,Education,diag,lab,10,0.06181999854463453,0.07519023504032415,-0.013370236495689618,-2.606414063268542,0.028437502057736343,0.06635417146805148
2021-2023,weighted,SHAP,xgboost,GenHlth,diag,lab,10,0.12121119932410318,0.1359373825122518,-0.01472618318814865,-1.9856317178045364,0.07834592931201018,0.14956950141383762
2021-2023,weighted,SHAP,xgboost,HeartDiseaseorAttack,diag,lab,10,0.018204287206165088,0.013900676897609515,0.004303610308555572,1.9445286453894195,0.08369877357088241,0.15061348291832624
2021-2023,weighted,SHAP,xgboost,HighBP,diag,lab,10,0.10805645629197795,0.05955765545003492,0.04849880084194304,6.120777545647139,0.0001747870421050031,0.0007341055768410131
2021-2023,weighted,SHAP,xgboost,HighChol,diag,lab,10,0.13053465517515564,0.08925144918839467,0.04128320598676097,6.460880306566227,0.00011664921498049219,0.000612408378647584
2021-2023,weighted,SHAP,xgboost,Income,diag,lab,10,0.03890465648122934,0.042484678266652504,-0.003580021785423168,-1.1042888467301937,0.29811541749688536,0.3794196222687632
2021-2023,weighted,SHAP,xgboost,MentHlth,diag,lab,10,0.022856324441560955,0.026210739845220786,-0.003354415403659834,-1.7098040836464263,0.12147021483579074,0.18895366752234113
2021-2023,weighted,SHAP,xgboost,PhysActivity_LTPA,diag,lab,10,0.021677840699835336,0.024256729356394998,-0.002578888656559665,-1.207941844517441,0.2578520845067072,0.34934798546070006
2021-2023,weighted,SHAP,xgboost,Sex,diag,lab,10,0.027906616925605237,0.03688134213211838,-0.00897472520651315,-5.508657799276417,0.0003759525669137226,0.001315833984198029
2021-2023,weighted,SHAP,xgboost,Smoker,diag,lab,10,0.01880803474684475,0.018706337185423118,0.00010169756142163565,0.04271362791093511,0.9668624381873449,0.9668624381873449
2021-2023,weighted,SHAP,xgboost,Stroke,diag,lab,10,0.004357624212962759,0.004162514858630734,0.00019510935433202404,0.1925843767999914,0.8515600418079604,0.8941380438983585
2017-2020,unweighted,PI,logistic_regression,Age,diag,total,10,0.4382620039011186,0.42634552803446224,0.011916475866656262,1.357750440266772,0.20760560477060874,0.39633797274388943
2017-2020,unweighted,PI,logistic_regression,AnyHealthcare,diag,total,10,0.008814972055036365,0.00017000258617165274,0.008644969468864717,2.315955412333131,0.045787975421096506,0.14793038212969642
2017-2020,unweighted,PI,logistic_regression,BMI,diag,total,10,0.11778746384115346,0.17530060600823025,-0.05751314216707679,-6.664873200366912,9.21571997186518e-05,0.0032043653883266003
2017-2020,unweighted,PI,logistic_regression,Education,diag,total,10,0.005603733381521378,0.006950208976952045,-0.0013464755954306674,-0.7219803610471434,0.48863922739707477,0.6190515584818815
2017-2020,unweighted,PI,logistic_regression,GenHlth,diag,total,10,0.2694298689636769,0.23458345051671942,0.034846418446957496,4.458399163136921,0.0015809042530975288,0.013279595726019243
2017-2020,unweighted,PI,logistic_regression,HeartDiseaseorAttack,diag,total,10,0.021242780597335396,0.01200314368856496,0.00923963690877044,4.2503796473096385,0.0021412732379240793,0.01377705009670436
2017-2020,unweighted,PI,logistic_regression,HighBP,diag,total,10,0.07812122974088556,0.09407114677486403,-0.015949917033978446,-4.168939273130822,0.002415420017285618,0.01377705009670436
2017-2020,unweighted,PI,logistic_regression,HighChol,diag,total,10,0.02395933613210214,0.01485561930331596,0.00910371682878618,4.113261761084697,0.002624200018419878,0.01377705009670436
2017-2020,unweighted,PI,logistic_regression,Income,diag,total,10,0.00109619541643639,0.0011963766400787358,-0.00010018122364234571,-0.30259648924538335,0.7690742697705152,0.8452553332384107
2017-2020,unweighted,PI,logistic_regression,MentHlth,diag,total,10,0.001934812656634477,0.005073353238112026,-0.003138540581477549,-1.515807141697344,0.1638730119860691,0.36224560544288964
2017-2020,unweighted,PI,logistic_regression,PhysActivity_LTPA,diag,total,10,0.0015808347627706408,0.0023053861075750066,-0.000724551344804366,-0.49628247493177147,0.631589521651208,0.7368544419264094
2017-2020,unweighted,PI,logistic_regression,Sex,diag,total,10,0.02886471421136071,0.021859704345104744,0.007005009866255965,2.0142011141347815,0.07481910298218247,0.1979423625512292
2017-2020,unweighted,PI,logistic_regression,Smoker,diag,total,10,0.0010764538779126608,0.0027240714620409704,-0.0016476175841283098,-2.183344571385007,0.05686373454901831,0.17059120364705493
2017-2020,unweighted,PI,logistic_regression,Stroke,diag,total,10,0.002225600462055337,0.002561402317807952,-0.0003358018557526158,-0.2458410826071562,0.8113199870628861,0.8452553332384107
2017-2020,unweighted,PI,random_forest,Age,diag,total,10,0.41386125038443256,0.3879073468096254,0.025953903574807112,1.4540244055345113,0.17990583316310085,0.37183244755480727
2017-2020,unweighted,PI,random_forest,AnyHealthcare,diag,total,10,0.0017783901094066204,0.0014695357543165351,0.00030885435509008516,0.24106502110172398,0.8149068680019045,0.8452553332384107
2017-2020,unweighted,PI,random_forest,BMI,diag,total,10,0.07884287356164453,0.13714200751602718,-0.058299133954382666,-5.396407118930893,0.0004350463794709637,0.005403545197758785
2017-2020,unweighted,PI,random_forest,Education,diag,total,10,0.003677274868349139,0.013528589347773684,-0.009851314479424545,-1.19461643344041,0.2627685694056979,0.45984499645997134
2017-2020,unweighted,PI,random_forest,GenHlth,diag,total,10,0.19811905947098046,0.16786017414215987,0.030258885328820595,3.1980789890027292,0.010864746098895284,0.05070214846151133
2017-2020,unweighted,PI,random_forest,HeartDiseaseorAttack,diag,total,10,0.05560691818791831,0.03872598814531616,0.016880930042602146,2.378446459123637,0.04133280615888257,0.14466482155608898
2017-2020,unweighted,PI,random_forest,HighBP,diag,total,10,0.1168751135895574,0.13306264194351478,-0.0161875283539574,-1.6371553946273123,0.13602421060674896,0.32176097294029055
2017-2020,unweighted,PI,random_forest,HighChol,diag,total,10,0.07822052026200502,0.06697870716446994,0.011241813097535056,1.3200169616477306,0.21941510612064444,0.400671063350742
2017-2020,unweighted,PI,random_forest,Income,diag,total,10,0.0034612819938260484,0.0,0.0034612819938260484,1.0479952845813936,0.3219679404623872,0.5008390184970467
2017-2020,unweighted,PI,random_forest,MentHlth,diag,total,10,0.0087320369128646,0.003204542254390563,0.005527494658474037,1.0769889199019038,0.3095052467910677,0.4999700140471094
2017-2020,unweighted,PI,random_forest,PhysActivity_LTPA,diag,total,10,0.008707985007893852,0.019890593362776238,-0.011182608354882386,-2.0093538497675696,0.07540661430523017,0.1979423625512292
2017-2020,unweighted,PI,random_forest,Sex,diag,total,10,0.019963567944988686,0.015218535047333115,0.0047450328976555755,0.6762597911538948,0.5158762987349013,0.6190515584818815
2017-2020,unweighted,PI,random_forest,Smoker,diag,total,10,0.007324090753145161,0.011364676188486281,-0.004040585435341118,-0.8099653770552657,0.43885012817876,0.614390179450264
2017-2020,unweighted,PI,random_forest,Stroke,diag,total,10,0.004829636952987635,0.00364666232381019,0.0011829746291774441,0.7326293976008125,0.48242778306751766,0.6190515584818815
2017-2020,unweighted,PI,xgboost,Age,diag,total,10,0.49167770002367844,0.48143996363939695,0.01023773638428152,0.683683973003216,0.5113912851076549,0.6190515584818815
2017-2020,unweighted,PI,xgboost,AnyHealthcare,diag,total,10,0.0018675844097702115,0.001687961490957979,0.00017962291881223205,0.13621682604291083,0.8946481339680656,0.8946481339680656
2017-2020,unweighted,PI,xgboost,BMI,diag,total,10,0.08515819797617942,0.14364501096439722,-0.058486812988217785,-5.268895040004081,0.0005146233521675034,0.005403545197758785
2017-2020,unweighted,PI,xgboost,Education,diag,total,10,0.009537424009751577,0.010775893501652572,-0.001238469491900997,-0.22748509350177068,0.8251302062565438,0.8452553332384107
2017-2020,unweighted,PI,xgboost,GenHlth,diag,total,10,0.21929631786393874,0.1665061604104642,0.052790157453474526,6.233640614161768,0.0001525888280155524,0.0032043653883266003
2017-2020,unweighted,PI,xgboost,HeartDiseaseorAttack,diag,total,10,0.02563636646069268,0.019000646540803384,0.006635719919889292,1.6283229109770356,0.13789755983155308,0.32176097294029055
2017-2020,unweighted,PI,xgboost,HighBP,diag,total,10,0.08231618421930945,0.10376949794399448,-0.021453313724685032,-2.6741473653900254,0.02544892742617884,0.10688549518995112
2017-2020,unweighted,PI,xgboost,HighChol,diag,total,10,0.040195995777731384,0.03398255628842635,0.006213439489305037,1.101806111902112,0.2991375038700148,0.4999700140471094
2017-2020,unweighted,PI,xgboost,Income,diag,total,10,0.005429542605398061,0.002794572867056307,0.0026349697383417545,0.8285176379467484,0.42880126304134286,0.614390179450264
2017-2020,unweighted,PI,xgboost,MentHlth,diag,total,10,0.007354873603628164,0.004364685143350501,0.0029901884602776636,0.7612682394831654,0.4659748118816322,0.6190515584818815
2017-2020,unweighted,PI,xgboost,PhysActivity_LTPA,diag,total,10,0.008595173405986603,0.00951754770594727,-0.0009223742999606687,-0.4240161571477606,0.6815086778089514,0.7736044450804312
2017-2020,unweighted,PI,xgboost,Sex,diag,total,10,0.015148680264416455,0.009565076669821818,0.005583603594594639,0.896071971036788,0.39355015372217356,0.5903252305832604
2017-2020,unweighted,PI,xgboost,Smoker,diag,total,10,0.004151153829734222,0.011381495588877407,-0.007230341759143185,-2.5133076008920794,0.033130463346083015,0.12649813277595334
2017-2020,unweighted,PI,xgboost,Stroke,diag,total,10,0.003634805549784609,0.0015689312448535868,0.002065874304931022,1.432098687208566,0.18591622377740363,0.37183244755480727
2017-2020,unweighted,SHAP,logistic_regression,Age,diag,total,10,0.2507305243235785,0.24902522538632338,0.0017052989372551785,0.562204184890139,0.5877036398547019,0.6856542464971522
2017-2020,unweighted,SHAP,logistic_regression,AnyHealthcare,diag,total,10,0.03713659021475635,0.006502633897753851,0.030633956317002487,6.532247289378099,0.00010735539239683713,0.000590546331882091
2017-2020,unweighted,SHAP,logistic_regression,BMI,diag,total,10,0.1317974614975011,0.15158053183597536,-0.019783070338474287,-5.850165475963571,0.00024370855570340455,0.0009305235763220901
2017-2020,unweighted,SHAP,logistic_regression,Education,diag,total,10,0.04379204079264141,0.041057650559366804,0.002734390233274607,0.9634256788858677,0.3605041827962188,0.4588235053770058
2017-2020,unweighted,SHAP,logistic_regression,GenHlth,diag,total,10,0.18971222675517058,0.18008524018045277,0.009626986574717783,3.3918250686314653,0.007975992998653762,0.015226895724702637
2017-2020,unweighted,SHAP,logistic_regression,HeartDiseaseorAttack,diag,total,10,0.028861808787350368,0.022700226919544444,0.006161581867805923,7.127854662169854,5.4972769739312005e-05,0.000384809388175184
2017-2020,unweighted,SHAP,logistic_regression,HighBP,diag,total,10,0.11825385257576311,0.13305558777596632,-0.014801735200203253,-5.631828728515982,0.0003209487848363394,0.0009628463545090182
2017-2020,unweighted,SHAP,logistic_regression,HighChol,diag,total,10,0.040826097760242645,0.033396109395384496,0.007429988364858149,3.5147480412502246,0.006569420204274858,0.013795782428977202
2017-2020,unweighted,SHAP,logistic_regression,Income,diag,total,10,0.013599083940032211,0.014248278276907389,-0.0006491943368751779,-0.29130763639524826,0.7774183060636154,0.837219714222355
2017-2020,unweighted,SHAP,logistic_regression,MentHlth,diag,total,10,0.0197064988406336,0.027098221932127027,-0.0073917230914934285,-8.866224730968517,9.649191701443965e-06,0.0003272797581618783
2017-2020,unweighted,SHAP,logistic_regression,PhysActivity_LTPA,diag,total,10,0.011019468823494905,0.027503489014466153,-0.016484020190971248,-4.743039276036438,0.001054428791811379,0.0026050593680045837
2017-2020,unweighted,SHAP,logistic_regression,Sex,diag,total,10,0.0890912155583306,0.08119091847961628,0.007900297078714315,3.1578763532209417,0.011589740986425982,0.02116387484477788
2017-2020,unweighted,SHAP,logistic_regression,Smoker,diag,total,10,0.014513557105716704,0.01792935419502503,-0.003415797089308323,-1.0936053394199907,0.30253307257776746,0.40862132226139364
2017-2020,unweighted,SHAP,logistic_regression,Stroke,diag,total,10,0.010959573024787941,0.01462653215109071,-0.00366695912630277,-2.8035404435258733,0.020593185854345476,0.0345965522353004
2017-2020,unweighted,SHAP,random_forest,Age,diag,total,10,0.17888752538769373,0.17630003662537486,0.002587488762318854,1.072686865915981,0.3113305312467761,0.40862132226139364
2017-2020,unweighted,SHAP,random_forest,AnyHealthcare,diag,total,10,0.014037018000310953,0.010408388790050429,0.0036286292102605234,7.854220294739388,2.5630363032675675e-05,0.00035083496408201914
2017-2020,unweighted,SHAP,random_forest,BMI,diag,total,10,0.14840730371056607,0.158950509259478,-0.01054320554891198,-7.595780153989015,3.341285372209706e-05,0.00035083496408201914
2017-2020,unweighted,SHAP,random_forest,Education,diag,total,10,0.04367859308483997,0.04548664031487248,-0.0018080472300325042,-1.9537317403567747,0.08247090549706901,0.12370635824560351
2017-2020,unweighted,SHAP,random_forest,GenHlth,diag,total,10,0.12576260491443442,0.12661916064321604,-0.0008565557287816036,-0.4291695554946516,0.6778902109705356,0.7650638686314396
2017-2020,unweighted,SHAP,random_forest,HeartDiseaseorAttack,diag,total,10,0.05359366310361237,0.0452503543963508,0.008343308707261562,7.265092923678335,4.738747941690814e-05,0.000384809388175184
2017-2020,unweighted,SHAP,random_forest,HighBP,diag,total,10,0.1552700751844606,0.16662388753665844,-0.0113538123521979,-6.35691727308575,0.00013179448218936853,0.000590546331882091
2017-2020,unweighted,SHAP,random_forest,HighChol,diag,total,10,0.08504686636772771,0.07990019687986678,0.005146669487860934,2.7470642588258642,0.02258502167321053,0.03648349654903239
2017-2020,unweighted,SHAP,random_forest,Income,diag,total,10,0.04723898750413305,0.04275563601327789,0.00448335149085516,4.273998060649202,0.002068118680125158,0.004825610253625369
2017-2020,unweighted,SHAP,random_forest,MentHlth,diag,total,10,0.02527206529109355,0.02273599274654022,0.0025360725445533285,6.302259161385291,0.00014060626949573594,0.000590546331882091
2017-2020,unweighted,SHAP,random_forest,PhysActivity_LTPA,diag,total,10,0.036645390513272584,0.042633831183276814,-0.005988440670004226,-5.048812783488827,0.0006914583033561046,0.0018150780463097745
2017-2020,unweighted,SHAP,random_forest,Sex,diag,total,10,0.04655496311132763,0.0427956346022414,0.00375932850908624,2.3689492115713726,0.04198119328730762,0.06530407844692297
2017-2020,unweighted,SHAP,random_forest,Smoker,diag,total,10,0.023443961805101738,0.02317611765531757,0.00026784414978416466,0.4088594730883048,0.692200643047493,0.7650638686314396
2017-2020,unweighted,SHAP,random_forest,Stroke,diag,total,10,0.016160982021425692,0.01636361335347823,-0.00020263133205254328,-0.25752729462164925,0.8025632550098718,0.8426914177603654
2017-2020,unweighted,SHAP,xgboost,Age,diag,total,10,0.273894096532456,0.2595962835656457,0.014297812966810295,2.8749776733045898,0.018327402600473542,0.032072954550828696
2017-2020,unweighted,SHAP,xgboost,AnyHealthcare,diag,total,10,0.012116959212537783,0.00866041082486616,0.003456548387671622,3.3955966418188916,0.007928455275708438,0.015226895724702637
2017-2020,unweighted,SHAP,xgboost,BMI,diag,total,10,0.14616326677273955,0.16845150367139766,-0.02228823689865811,-8.357418076126633,1.558475038866087e-05,0.0003272797581618783
2017-2020,unweighted,SHAP,xgboost,Education,diag,total,10,0.03803988258746197,0.035749923615117,0.002289958972344964,1.271596225000735,0.23539241736658564,0.3295493843132199
2017-2020,unweighted,SHAP,xgboost,GenHlth,diag,total,10,0.16023647490789142,0.14112356384563593,0.01911291106225547,6.322967638334,0.00013719439407697734,0.000590546331882091
2017-2020,unweighted,SHAP,xgboost,HeartDiseaseorAttack,diag,total,10,0.03350260794079571,0.02820049487503849,0.0053021130657572154,5.682699161513322,0.000300834270788959,0.0009628463545090182
2017-2020,unweighted,SHAP,xgboost,HighBP,diag,total,10,0.10443793873510979,0.12118794243411454,-0.016750003699004777,-5.72020857100712,0.00028687957007351577,0.0009628463545090182
2017-2020,unweighted,SHAP,xgboost,HighChol,diag,total,10,0.042228910528334974,0.03595438785733024,0.0062745226710047425,3.718523536612597,0.004781527101213412,0.010569691486892806
2017-2020,unweighted,SHAP,xgboost,Income,diag,total,10,0.0410640485580082,0.04102628313039304,3.7765427615176275e-05,0.029550074522576433,0.9770707867710079,0.9770707867710079
2017-2020,unweighted,SHAP,xgboost,MentHlth,diag,total,10,0.0262896944270677,0.027365826620611676,-0.0010761321935439747,-0.6754144028468577,0.5163885212961721,0.6196662255554065
2017-2020,unweighted,SHAP,xgboost,PhysActivity_LTPA,diag,total,10,0.030554409908852415,0.03333366338359517,-0.002779253474742755,-1.9032876679628137,0.08941673158035858,0.1295000940129331
2017-2020,unweighted,SHAP,xgboost,Sex,diag,total,10,0.05436147681222782,0.0565651388800413,-0.0022036620678134874,-0.6811149859275941,0.5129405248457792,0.6196662255554065
2017-2020,unweighted,SHAP,xgboost,Smoker,diag,total,10,0.024783561386658916,0.03042719183345774,-0.005643630446798823,-5.471705972446706,0.0003943849217392324,0.0011042777808698506
2017-2020,unweighted,SHAP,xgboost,Stroke,diag,total,10,0.012326671689857873,0.012357385462755388,-3.071377289751258e-05,-0.037567016461039736,0.9708529897436843,0.9770707867710079
2017-2020,weighted,PI,logistic_regression,Age,diag,total,10,0.4496957118740739,0.4305105185912862,0.019185193282787644,1.4901831688757496,0.17036348931306902,0.4472041594468062
2017-2020,weighted,PI,logistic_regression,AnyHealthcare,diag,total,10,0.009922996543045983,0.00012479631238225314,0.009798200230663733,3.840325556736062,0.003964552629604133,0.05550373681445787
2017-2020,weighted,PI,logistic_regression,BMI,diag,total,10,0.11359598046548,0.16935806490729524,-0.055762084441815275,-5.288972293429145,0.0005011139437984611,0.021046785639535368
2017-2020,weighted,PI,logistic_regression,Education,diag,total,10,0.006525414958161208,0.004790054889213837,0.0017353600689473715,0.6921479776743539,0.50630736580898,0.6121307904220933
2017-2020,weighted,PI,logistic_regression,GenHlth,diag,total,10,0.24926746118894144,0.2268511297935746,0.022416331395366813,2.910072901009474,0.01730919593560517,0.0723725660964533
2017-2020,weighted,PI,logistic_regression,HeartDiseaseorAttack,diag,total,10,0.027508321447778407,0.015884535991717706,0.011623785456060697,3.3151814288335166,0.00900921210966476,0.056492572045485745
2017-2020,weighted,PI,logistic_regression,HighBP,diag,total,10,0.07931893656818297,0.09800841658399329,-0.018689480015810323,-3.3451471826905204,0.008589564292673983,0.056492572045485745
2017-2020,weighted,PI,logistic_regression,HighChol,diag,total,10,0.013274789254924691,0.00689554959530803,0.006379239659616659,2.652792708394222,0.026355282037070535,0.09224348712974687
2017-2020,weighted,PI,logistic_regression,Income,diag,total,10,0.002450777128657772,0.002484775393521969,-3.399826486419794e-05,-0.041722313884421325,0.9676310057125161,0.9676310057125161
2017-2020,weighted,PI,logistic_regression,MentHlth,diag,total,10,0.004346521793958131,0.007265085936171459,-0.0029185641422133273,-2.2169896107784406,0.05382784553905649,0.17390534712618252
2017-2020,weighted,PI,logistic_regression,PhysActivity_LTPA,diag,total,10,0.0011083358869611072,0.0019086808529487566,-0.0008003449659876492,-0.48657179657897487,0.638191120876479,0.670100676920303
2017-2020,weighted,PI,logistic_regression,Sex,diag,total,10,0.037764114748148864,0.028605256999811007,0.009158857748337858,3.2397611905237462,0.01016254255002562,0.056492572045485745
2017-2020,weighted,PI,logistic_regression,Smoker,diag,total,10,0.0006068072070064522,0.0008714504668209336,-0.0002646432598144816,-0.6579573602201941,0.5270346938172951,0.6121307904220933
2017-2020,weighted,PI,logistic_regression,Stroke,diag,total,10,0.00461383093467917,0.0064416836859546665,-0.0018278527512754967,-1.2595423675155435,0.23951691342362877,0.5076517321788104
2017-2020,weighted,PI,random_forest,Age,diag,total,10,0.4057525744433342,0.3734514751551977,0.03230109928813647,1.8848699926490988,0.09208762504286032,0.27626287512858094
2017-2020,weighted,PI,random_forest,AnyHealthcare,diag,total,10,0.004146956197671255,0.0014564774169711545,0.0026904787807001005,1.2435852850811706,0.24506869691692945,0.5076517321788104
2017-2020,weighted,PI,random_forest,BMI,diag,total,10,0.08218939243906047,0.1451320234239629,-0.06294263098490242,-3.3266222659049367,0.008846527048359797,0.056492572045485745
2017-2020,weighted,PI,random_forest,Education,diag,total,10,0.001610598815251743,0.004950196271463582,-0.003339597456211839,-0.6066595001852956,0.5590672426798665,0.6121307904220933
2017-2020,weighted,PI,random_forest,GenHlth,diag,total,10,0.20240068003378506,0.18389014973099735,0.018510530302787712,1.3178059819364303,0.22012431197140198,0.5076517321788104
2017-2020,weighted,PI,random_forest,HeartDiseaseorAttack,diag,total,10,0.0745212368479328,0.051920583850848204,0.022600652997084608,2.8543341325401945,0.018954719691928246,0.0723725660964533
2017-2020,weighted,PI,random_forest,HighBP,diag,total,10,0.10771849533304867,0.1285845101552013,-0.020866014822152643,-1.0113223152693962,0.3382771659387494,0.5076517321788104
2017-2020,weighted,PI,random_forest,HighChol,diag,total,10,0.05371058871097174,0.042583250656261264,0.011127338054710483,0.777580443024849,0.45676871179273826,0.5813419968271214
2017-2020,weighted,PI,random_forest,Income,diag,total,10,0.0036911974676983156,0.0,0.0036911974676983156,0.8269110188404506,0.42966524216015844,0.563935630335208
2017-2020,weighted,PI,random_forest,MentHlth,diag,total,10,0.005550457414570435,0.001346378820215377,0.004204078594355058,1.1454701251221366,0.28155932424142766,0.5076517321788104
2017-2020,weighted,PI,random_forest,PhysActivity_LTPA,diag,total,10,0.013662906526264016,0.026356947543389374,-0.012694041017125356,-1.4064502511435357,0.19316717099112357,0.4772365400957171
2017-2020,weighted,PI,random_forest,Sex,diag,total,10,0.028549604176278616,0.021646481634003782,0.0069031225422748355,0.862980415707248,0.41055466596921475,0.5562353538937748
2017-2020,weighted,PI,random_forest,Smoker,diag,total,10,0.006857471923937418,0.011047047780670203,-0.004189575856732784,-0.6577311086000146,0.5271735327723278,0.6121307904220933
2017-2020,weighted,PI,random_forest,Stroke,diag,total,10,0.009637839670195303,0.0076344775608178355,0.002003362109377466,0.6035944222471641,0.5610159319006897,0.6121307904220933
2017-2020,weighted,PI,xgboost,Age,diag,total,10,0.476805817505236,0.4548442131282237,0.021961604377012344,1.1310626015821554,0.2872666889019637,0.5076517321788104
2017-2020,weighted,PI,xgboost,AnyHealthcare,diag,total,10,0.0021198326099617273,0.0022971106057599728,-0.00017727799579824588,-0.10186116901583835,0.9211001978715344,0.943566056356206
2017-2020,weighted,PI,xgboost,BMI,diag,total,10,0.09168872281628929,0.14073942250344967,-0.04905069968716037,-3.204087883484437,0.010760489913425856,0.056492572045485745
2017-2020,weighted,PI,xgboost,Education,diag,total,10,0.004252340580510712,0.009688165838542522,-0.005435825258031811,-1.012971741113564,0.3375304675829688,0.5076517321788104
2017-2020,weighted,PI,xgboost,GenHlth,diag,total,10,0.23699251254306963,0.18395280463894542,0.05303970790412421,4.620892756507231,0.0012527621510143605,0.02630800517130157
2017-2020,weighted,PI,xgboost,HeartDiseaseorAttack,diag,total,10,0.030775208505366008,0.025529562017801998,0.005245646487564001,0.941807013091759,0.37088251367916586,0.5192355191508322
2017-2020,weighted,PI,xgboost,HighBP,diag,total,10,0.08051865677725609,0.10299684348029134,-0.02247818670303526,-2.9436130944737564,0.016390186308149108,0.0723725660964533
2017-2020,weighted,PI,xgboost,HighChol,diag,total,10,0.028370828706583917,0.02369691422058469,0.004673914485999225,1.1016933979297983,0.29918397071465974,0.5076517321788104
2017-2020,weighted,PI,xgboost,Income,diag,total,10,0.007394421046266341,0.012120972788649802,-0.004726551742383461,-0.5920233104451866,0.568407162534801,0.6121307904220933
2017-2020,weighted,PI,xgboost,MentHlth,diag,total,10,0.004144800020135473,0.0006063687011211355,0.0035384313190143374,0.9846571288485233,0.3505214341234643,0.5076517321788104
2017-2020,weighted,PI,xgboost,PhysActivity_LTPA,diag,total,10,0.0071493576159367645,0.011520337738687911,-0.004370980122751149,-1.0083291708027387,0.33963534507147447,0.5076517321788104
2017-2020,weighted,PI,xgboost,Sex,diag,total,10,0.021846098257444317,0.015330847356778591,0.006515250900665728,1.0660621057325366,0.3141575675328179,0.5076517321788104
2017-2020,weighted,PI,xgboost,Smoker,diag,total,10,0.0036427787807715925,0.013737347457069926,-0.010094568676298332,-1.768000186690118,0.1108555850572156,0.31039563816020366
2017-2020,weighted,PI,xgboost,Stroke,diag,total,10,0.004298624235172041,0.002939089524093258,0.001359534711078782,1.0225363014786422,0.33322506539295904,0.5076517321788104
2017-2020,weighted,SHAP,logistic_regression,Age,diag,total,10,0.2526517204804475,0.25063406189350357,0.002017658586943946,0.6877392039192326,0.5089516045757752,0.6107419254909302
2017-2020,weighted,SHAP,logistic_regression,AnyHealthcare,diag,total,10,0.0350965806143328,0.006083850175742674,0.029012730438590116,6.3087249091103175,0.00013953116847380945,0.0007325386344874996
2017-2020,weighted,SHAP,logistic_regression,BMI,diag,total,10,0.1301185397029363,0.14948227853003823,-0.01936373882710194,-5.6217018269027985,0.00032512449968146833,0.001211801281708506
2017-2020,weighted,SHAP,logistic_regression,Education,diag,total,10,0.042593790528199935,0.03988259816385301,0.002711192364346922,0.9710597787152753,0.3568908339642484,0.4542246977726798
2017-2020,weighted,SHAP,logistic_regression,GenHlth,diag,total,10,0.19232995715073803,0.18228819320033826,0.010041763950399796,3.4407364272901617,0.007381920714914726,0.016317930001390448
2017-2020,weighted,SHAP,logistic_regression,HeartDiseaseorAttack,diag,total,10,0.0269860874849721,0.02114406890606873,0.0058420185789033715,6.3548094822329375,0.00013212290866636167,0.0007325386344874996
2017-2020,weighted,SHAP,logistic_regression,HighBP,diag,total,10,0.11784264266805766,0.13242776770738923,-0.014585125039331528,-5.51045263138103,0.00037508134910025184,0.001211801281708506
2017-2020,weighted,SHAP,logistic_regression,HighChol,diag,total,10,0.041543033642205074,0.033942803092223535,0.0076002305499815416,3.5417237742334073,0.006297059913467025,0.014693139798089725
2017-2020,weighted,SHAP,logistic_regression,Income,diag,total,10,0.015032963216779724,0.01579501650595808,-0.0007620532891783553,-0.3202912841119573,0.7560587021159417,0.8559816884507394
2017-2020,weighted,SHAP,logistic_regression,MentHlth,diag,total,10,0.019601856537064897,0.026898163064023466,-0.007296306526958565,-9.538867715500793,5.293123522797846e-06,0.00018740435218023857
2017-2020,weighted,SHAP,logistic_regression,PhysActivity_LTPA,diag,total,10,0.01129376530695404,0.02814002978215909,-0.016846264475205052,-4.73221572571871,0.0010705620576677598,0.0026449180248262305
2017-2020,weighted,SHAP,logistic_regression,Sex,diag,total,10,0.09075998534641638,0.08259185697518566,0.008168128371230736,3.24342910801847,0.010103048076768381,0.0212164009612136
2017-2020,weighted,SHAP,logistic_regression,Smoker,diag,total,10,0.014739186146118102,0.018184564201259492,-0.0034453780551413904,-1.0921471036935344,0.30314000080051556,0.41070580753618235
2017-2020,weighted,SHAP,logistic_regression,Stroke,diag,total,10,0.00940989117477746,0.012504747802257025,-0.003094856627479564,-2.697397807747893,0.024497876698478745,0.043864352164339024
2017-2020,weighted,SHAP,random_forest,Age,diag,total,10,0.1879990841485913,0.18456017033533167,0.00343891381325957,1.2812612771740457,0.23212803058392065,0.3249792428174889
2017-2020,weighted,SHAP,random_forest,AnyHealthcare,diag,total,10,0.011499407966540316,0.008872899694359383,0.0026265082721809345,7.350437078777696,4.325281174094803e-05,0.00036332361862396345
2017-2020,weighted,SHAP,random_forest,BMI,diag,total,10,0.14343640252546952,0.1533939091805779,-0.009957506655108375,-7.370796984484003,4.232588099457093e-05,0.00036332361862396345
2017-2020,weighted,SHAP,random_forest,Education,diag,total,10,0.045081882844973414,0.04535766042768209,-0.00027577758270868474,-0.29530575758252803,0.7744596228840023,0.8559816884507394
2017-2020,weighted,SHAP,random_forest,GenHlth,diag,total,10,0.13504965446181458,0.13424504653248803,0.0008046079293265604,0.3758496626111656,0.7157347851417915,0.8350239159987567
2017-2020,weighted,SHAP,random_forest,HeartDiseaseorAttack,diag,total,10,0.052580110085890905,0.044575259683064146,0.00800485040282675,7.373634306485807,4.2198441498496255e-05,0.00036332361862396345
2017-2020,weighted,SHAP,random_forest,HighBP,diag,total,10,0.15209026007961426,0.16367740698698655,-0.011587146907372285,-6.014999711277216,0.00019881124312903423,0.0009277858012688264
2017-2020,weighted,SHAP,random_forest,HighChol,diag,total,10,0.07909296416687059,0.07495636541359561,0.004136598753274966,2.1265691506021334,0.06236829446381302,0.09355244169571952
2017-2020,weighted,SHAP,random_forest,Income,diag,total,10,0.04872101641189349,0.04493145670388663,0.0037895597080068607,3.127144298546235,0.012177602770635077,0.024355205541270155
2017-2020,weighted,SHAP,random_forest,MentHlth,diag,total,10,0.023505245181479135,0.02095463030113822,0.002550614880340913,5.069308145164979,0.0006725010022522078,0.0020175030067566234
2017-2020,weighted,SHAP,random_forest,PhysActivity_LTPA,diag,total,10,0.038332811502915336,0.04479312917122771,-0.006460317668312371,-5.536325811526015,0.00036276242726120367,0.001211801281708506
2017-2020,weighted,SHAP,random_forest,Sex,diag,total,10,0.04511313086205032,0.04230851667854516,0.0028046141835051655,1.889650840918286,0.09138718972308622,0.1323538609782628
2017-2020,weighted,SHAP,random_forest,Smoker,diag,total,10,0.02256022818441298,0.02240400134369119,0.00015622684072178934,0.26758495352027706,0.7950500231549524,0.8562077172437949
2017-2020,weighted,SHAP,random_forest,Stroke,diag,total,10,0.014937801577483905,0.014969547547425698,-3.174596994179133e-05,-0.0442289007167696,0.9656877146368841,0.9656877146368841
2017-2020,weighted,SHAP,xgboost,Age,diag,total,10,0.284672595979944,0.2708145318481241,0.013858064131819902,2.856599039179504,0.01888483594427879,0.03605286862089587
2017-2020,weighted,SHAP,xgboost,AnyHealthcare,diag,total,10,0.010301498563485343,0.007838301344673606,0.0024631972188117364,2.446977267615321,0.03693943013721197,0.057461335768996404
2017-2020,weighted,SHAP,xgboost,BMI,diag,total,10,0.14190839883401557,0.16496421727141586,-0.02305581843740031,-8.951465493451,8.92401677048755e-06,0.00018740435218023857
2017-2020,weighted,SHAP,xgboost,Education,diag,total,10,0.037802125540819374,0.03219766100537218,0.005604464535447194,2.5423855893562153,0.03158690515589464,0.051025000636445196
2017-2020,weighted,SHAP,xgboost,GenHlth,diag,total,10,0.172161206384898,0.14838235105039738,0.023778855334500644,6.7852923002413705,8.037633473576031e-05,0.0005626343431503222
2017-2020,weighted,SHAP,xgboost,HeartDiseaseorAttack,diag,total,10,0.03190436820224142,0.027102027359765857,0.004802340842475562,4.8401285043584314,0.000920859568705037,0.0025126091107304203
2017-2020,weighted,SHAP,xgboost,HighBP,diag,total,10,0.09944506195132093,0.11682539405825627,-0.017380332106935324,-5.925401983083529,0.00022198029032489277,0.0009323172193645497
2017-2020,weighted,SHAP,xgboost,HighChol,diag,total,10,0.037405061066985476,0.03265078716831531,0.004754273898670171,2.593154031958053,0.029062732219151177,0.048825390128173975
2017-2020,weighted,SHAP,xgboost,Income,diag,total,10,0.04228184601998598,0.04254911445434533,-0.00026726843435934675,-0.2244068480353443,0.8274525217145418,0.8688251478002689
2017-2020,weighted,SHAP,xgboost,MentHlth,diag,total,10,0.02528596495299338,0.026623987811864362,-0.00133802285887099,-0.859282583441984,0.4124862818746529,0.5095418776098654
2017-2020,weighted,SHAP,xgboost,PhysActivity_LTPA,diag,total,10,0.031190256211638713,0.03488567127940455,-0.0036954150677658373,-2.6834173955582106,0.025065344093908013,0.043864352164339024
2017-2020,weighted,SHAP,xgboost,Sex,diag,total,10,0.05113188766135231,0.054682451121050336,-0.003550563459698041,-0.9760717878242198,0.35453316183168593,0.4542246977726798
2017-2020,weighted,SHAP,xgboost,Smoker,diag,total,10,0.02393935223395358,0.029835990257830913,-0.005896638023877332,-4.812295900938663,0.0009571844231353982,0.0025126091107304203
2017-2020,weighted,SHAP,xgboost,Stroke,diag,total,10,0.010570376396365908,0.010647513969183989,-7.713757281807973e-05,-0.11152663349867008,0.9136464132637874,0.9359304721238798
2021-2023,unweighted,PI,logistic_regression,Age,diag,total,10,0.2024392953502149,0.2424567448253371,-0.040017449475122216,-3.0439691643760933,0.013928149927446625,0.08356889956467975
2021-2023,unweighted,PI,logistic_regression,AnyHealthcare,diag,total,10,0.004727973557284276,0.0005484997999175279,0.004179473757366748,2.631421549021397,0.02729496267892892,0.1042171302286377
2021-2023,unweighted,PI,logistic_regression,BMI,diag,total,10,0.20478361155704544,0.2916949371679729,-0.08691132561092745,-6.04547507961027,0.00019154100108489537,0.0026815740151885353
2021-2023,unweighted,PI,logistic_regression,Education,diag,total,10,0.038867439471711465,0.04876363093195462,-0.009896191460243156,-1.883384498295565,0.09230628887620254,0.2579472715832584
2021-2023,unweighted,PI,logistic_regression,GenHlth,diag,total,10,0.21183563788061419,0.1624487194635742,0.04938691841703999,7.2790026827706535,4.6685066252029874e-05,0.0009803863912926274
2021-2023,unweighted,PI,logistic_regression,HeartDiseaseorAttack,diag,total,10,0.012859764899854215,0.011728084440946925,0.0011316804589072901,0.7160573558154177,0.49211585031832356,0.728423941478491
2021-2023,unweighted,PI,logistic_regression,HighBP,diag,total,10,0.11509774067590539,0.07056647292126669,0.04453126775463872,5.282856920784006,0.0005051877539309396,0.004243577133019893
2021-2023,unweighted,PI,logistic_regression,HighChol,diag,total,10,0.18285709571998232,0.13571901051521168,0.047138085204770655,9.70493941159055,4.5886996077425605e-06,0.00019272538352518753
2021-2023,unweighted,PI,logistic_regression,Income,diag,total,10,0.0042656112131169155,0.010270844370831802,-0.006005233157714886,-2.863052055879553,0.018687166706745854,0.09479649625296802
2021-2023,unweighted,PI,logistic_regression,MentHlth,diag,total,10,0.00023929273468058414,0.0003533044124369265,-0.00011401167775634236,-0.35166805200901113,0.7331802789526243,0.9056932857650065
2021-2023,unweighted,PI,logistic_regression,PhysActivity_LTPA,diag,total,10,0.002695615313996902,0.0008833454221304132,0.0018122698918664887,1.9274342045012514,0.08602560195308716,0.2579472715832584
2021-2023,unweighted,PI,logistic_regression,Sex,diag,total,10,0.01863433716889826,0.02304976249775945,-0.004415425328861191,-1.5921692871534483,0.14581054744888916,0.29616146475682825
2021-2023,unweighted,PI,logistic_regression,Smoker,diag,total,10,0.00046339362886773955,0.0007449045413065556,-0.0002815109124388161,-0.2841681733247258,0.7827110499670131,0.9139492353920929
2021-2023,unweighted,PI,logistic_regression,Stroke,diag,total,10,0.00023319082782737458,0.0007717386893531968,-0.0005385478615258223,-0.9338117130528472,0.3747754414673604,0.6296227416651655
2021-2023,unweighted,PI,random_forest,Age,diag,total,10,0.19124767054153438,0.22351471225884662,-0.03226704171731225,-1.60962038414908,0.14194138607276868,0.29616146475682825
2021-2023,unweighted,PI,random_forest,AnyHealthcare,diag,total,10,0.0031431160012172937,0.000854475608311571,0.002288640392905723,1.6313328307249402,0.1372565603556867,0.29616146475682825
2021-2023,unweighted,PI,random_forest,BMI,diag,total,10,0.15523677202926872,0.23745026703431554,-0.0822134950050468,-5.655762920087744,0.00031130907935977576,0.0032687453332776455
2021-2023,unweighted,PI,random_forest,Education,diag,total,10,0.03407103221603828,0.03418847917831115,-0.0001174469622728741,-0.009822359236810773,0.9923772996475531,0.9923772996475531
2021-2023,unweighted,PI,random_forest,GenHlth,diag,total,10,0.1983234191422952,0.15292964286823016,0.045393776274065045,2.3880666662291015,0.04068613323012318,0.14240146630543113
2021-2023,unweighted,PI,random_forest,HeartDiseaseorAttack,diag,total,10,0.028515192725964606,0.017838050515108415,0.010677142210856192,1.5714445745102168,0.15052818486379937,0.29616146475682825
2021-2023,unweighted,PI,random_forest,HighBP,diag,total,10,0.1457395578288893,0.10306400203335084,0.042675555795538486,2.8119116773773047,0.020313534911350288,0.09479649625296802
2021-2023,unweighted,PI,random_forest,HighChol,diag,total,10,0.16473947490519486,0.13628922627006246,0.028450248635132437,1.6565463675374887,0.13199197305249222,0.29616146475682825
2021-2023,unweighted,PI,random_forest,Income,diag,total,10,0.011756901221544004,0.01777365946113173,-0.006016758239587729,-0.6977505538670581,0.50295938816372,0.728423941478491
2021-2023,unweighted,PI,random_forest,MentHlth,diag,total,10,0.012020659433502437,0.008461328844585852,0.003559330588916585,0.517554200012109,0.6172489401098775,0.8624541752092483
2021-2023,unweighted,PI,random_forest,PhysActivity_LTPA,diag,total,10,0.016195759265484767,0.017389269452879032,-0.001193510187394269,-0.2251304560853186,0.8269064510690364,0.9139492353920929
2021-2023,unweighted,PI,random_forest,Sex,diag,total,10,0.02918169781182205,0.03419425510769185,-0.005012557295869804,-0.42424897544079476,0.6813450174779677,0.8942653354398327
2021-2023,unweighted,PI,random_forest,Smoker,diag,total,10,0.006469548060259291,0.012278735349364177,-0.005809187289104885,-0.7402337982824845,0.4780231930999598,0.728423941478491
2021-2023,unweighted,PI,random_forest,Stroke,diag,total,10,0.003359198816984806,0.0037738960178106884,-0.00041469720082588213,-0.19490938832680835,0.8497928336759433,0.9151615131894774
2021-2023,unweighted,PI,xgboost,Age,diag,total,10,0.3157743897886302,0.3263652851929071,-0.010590895404276846,-0.48894688781337997,0.6365733197973024,0.8624541752092483
2021-2023,unweighted,PI,xgboost,AnyHealthcare,diag,total,10,0.009112303354330888,0.0015075221358487288,0.007604781218482158,1.8441211807832842,0.09826562726981272,0.2579472715832584
2021-2023,unweighted,PI,xgboost,BMI,diag,total,10,0.17593442628629274,0.23256586117981262,-0.056631434893519794,-2.6426877537748816,0.026795455950632728,0.1042171302286377
2021-2023,unweighted,PI,xgboost,Education,diag,total,10,0.0280578593535164,0.02908135242769543,-0.001023493074179034,-0.15347311700225638,0.88141123136471,0.9254817929329455
2021-2023,unweighted,PI,xgboost,GenHlth,diag,total,10,0.16895776990689262,0.13326745083683716,0.03569031907005543,3.4433624792879582,0.007351362653209363,0.05145953857246554
2021-2023,unweighted,PI,xgboost,HeartDiseaseorAttack,diag,total,10,0.017031215991101474,0.016657310937531596,0.0003739050535698786,0.06249664405240294,0.951533294872945,0.9747414240161876
2021-2023,unweighted,PI,xgboost,HighBP,diag,total,10,0.09445092134391782,0.07332619315270508,0.02112472819121274,2.2419398539415285,0.051679259660448305,0.16696376197990992
2021-2023,unweighted,PI,xgboost,HighChol,diag,total,10,0.11672211135565377,0.10432269647569485,0.012399414879958928,1.1356464581368786,0.28544098553411584,0.49952172468470274
2021-2023,unweighted,PI,xgboost,Income,diag,total,10,0.017533585365014218,0.03155254979207018,-0.01401896442705596,-1.3316015976866886,0.2157305380919913,0.3939427217332015
2021-2023,unweighted,PI,xgboost,MentHlth,diag,total,10,0.01100009675526862,0.008851023300747883,0.002149073454520735,0.24107085982556561,0.8149024802463563,0.9139492353920929
2021-2023,unweighted,PI,xgboost,PhysActivity_LTPA,diag,total,10,0.01220478454851865,0.0050811989322431285,0.007123585616275521,1.5517710829945695,0.15513219582500526,0.29616146475682825
2021-2023,unweighted,PI,xgboost,Sex,diag,total,10,0.023039701714731183,0.027580868161595377,-0.004541166446864196,-0.7721276762642959,0.45983267643458997,0.728423941478491
2021-2023,unweighted,PI,xgboost,Smoker,diag,total,10,0.009343891067246033,0.008472103480513079,0.0008717875867329522,0.23179164292771726,0.821884242345094,0.9139492353920929
2021-2023,unweighted,PI,xgboost,Stroke,diag,total,10,0.0008369431688852944,0.0013685839937978245,-0.0005316408249125301,-0.3516780254352751,0.733173049441265,0.9056932857650065
2021-2023,unweighted,SHAP,logistic_regression,Age,diag,total,10,0.1840715987879093,0.2045116602848792,-0.0204400614969699,-4.244522815927831,0.002159837454217177,0.00824665209792013
2021-2023,unweighted,SHAP,logistic_regression,AnyHealthcare,diag,total,10,0.015728656275812956,0.010646062510337733,0.005082593765475226,2.8242787787068497,0.01990745742164488,0.04231062470328566
2021-2023,unweighted,SHAP,logistic_regression,BMI,diag,total,10,0.14667334684826683,0.17956364219641338,-0.032890295348146546,-16.171591172423703,5.86095113320064e-08,2.4615994759442687e-06
2021-2023,unweighted,SHAP,logistic_regression,Education,diag,total,10,0.06878546952137596,0.07974474944678628,-0.010959279925410315,-2.005092500786526,0.07592674788577891,0.12265090043087362
2021-2023,unweighted,SHAP,logistic_regression,GenHlth,diag,total,10,0.15043482815262907,0.13596273351718452,0.014472094635444558,4.168719435620551,0.002416208717802316,0.008456730512308105
2021-2023,unweighted,SHAP,logistic_regression,HeartDiseaseorAttack,diag,total,10,0.01838364944622751,0.016908359213576595,0.0014752902326509159,1.7061371843424304,0.12216932915510068,0.183253993732651
2021-2023,unweighted,SHAP,logistic_regression,HighBP,diag,total,10,0.12388416572966474,0.09430791220650966,0.029576253523155082,9.617564738316293,4.945487823783172e-06,0.0001038552442994466
2021-2023,unweighted,SHAP,logistic_regression,HighChol,diag,total,10,0.17760273965120604,0.15613776241796018,0.021464977233245856,7.110106996128613,5.6047064276000545e-05,0.00039232944993200384
2021-2023,unweighted,SHAP,logistic_regression,Income,diag,total,10,0.0213417476073128,0.03197708092190464,-0.010635333314591839,-2.9551342042760758,0.016086171602909576,0.04067037878499459
2021-2023,unweighted,SHAP,logistic_regression,MentHlth,diag,total,10,0.0073595453391019664,0.0051184841591177645,0.0022410611799842032,1.1960253885263046,0.26224516127215136,0.3441967741696987
2021-2023,unweighted,SHAP,logistic_regression,PhysActivity_LTPA,diag,total,10,0.022168903840436995,0.011983324964261325,0.010185578876175667,2.8398972423033135,0.01940641584385178,0.04231062470328566
2021-2023,unweighted,SHAP,logistic_regression,Sex,diag,total,10,0.04524795503335184,0.05267953518521775,-0.007431580151865911,-2.40254304786159,0.039731875076992176,0.06953078138473631
2021-2023,unweighted,SHAP,logistic_regression,Smoker,diag,total,10,0.014399132578523991,0.015618490920529068,-0.0012193583420050788,-0.26880676006566145,0.794138815113335,0.8363365821686832
2021-2023,unweighted,SHAP,logistic_regression,Stroke,diag,total,10,0.003918261188180035,0.004840202055321937,-0.0009219408671419028,-1.352351440769656,0.20926156336946142,0.3030684710868062
2021-2023,unweighted,SHAP,random_forest,Age,diag,total,10,0.12454839809531211,0.12845532411657232,-0.003906926021260223,-1.8876308437728968,0.09168252297194589,0.14261725795636027
2021-2023,unweighted,SHAP,random_forest,AnyHealthcare,diag,total,10,0.008070916938481897,0.007705384099499837,0.0003655328389820592,1.0820500239448554,0.3073685422619993,0.3911963265152718
2021-2023,unweighted,SHAP,random_forest,BMI,diag,total,10,0.17046029984710775,0.189358817242176,-0.018898517395068218,-7.848204767532601,2.578706959268487e-05,0.0003610189742975882
2021-2023,unweighted,SHAP,random_forest,Education,diag,total,10,0.06264606078286843,0.06842038874463233,-0.005774327961763889,-5.620250374877265,0.0003257277998686285,0.0015200630660535998
2021-2023,unweighted,SHAP,random_forest,GenHlth,diag,total,10,0.12303700993360873,0.12481567778833495,-0.001778667854726225,-0.9695049270769047,0.3576245940946587,0.441771557411049
2021-2023,unweighted,SHAP,random_forest,HeartDiseaseorAttack,diag,total,10,0.03825182593401983,0.03551786490704764,0.0027339610269721893,2.578035764953391,0.0297924617441258,0.05440362579362102
2021-2023,unweighted,SHAP,random_forest,HighBP,diag,total,10,0.1392688290512655,0.12652611037460862,0.012742718676656892,7.143949317384435,5.401798948708186e-05,0.00039232944993200384
2021-2023,unweighted,SHAP,random_forest,HighChol,diag,total,10,0.14423765812651773,0.13072030014479039,0.013517357981727351,5.159936136775664,0.0005951428609575556,0.0024996000160217337
2021-2023,unweighted,SHAP,random_forest,Income,diag,total,10,0.05394814395478048,0.05423439570948637,-0.0002862517547058775,-0.2656268581299248,0.7965110306368411,0.8363365821686832
2021-2023,unweighted,SHAP,random_forest,MentHlth,diag,total,10,0.03720241052058787,0.03524247730920169,0.001959933211386168,3.2390305621185855,0.010174436884003143,0.03052331065200943
2021-2023,unweighted,SHAP,random_forest,PhysActivity_LTPA,diag,total,10,0.03390346494116955,0.033368491050823214,0.0005349738903463318,0.5537328682945755,0.5932499619534868,0.6921249556124013
2021-2023,unweighted,SHAP,random_forest,Sex,diag,total,10,0.029936109836434056,0.032383327770971145,-0.0024472179345370907,-2.8169249084059547,0.02014791652537412,0.04231062470328566
2021-2023,unweighted,SHAP,random_forest,Smoker,diag,total,10,0.024263750093892582,0.023085667945857962,0.0011780821480346193,3.0920308910039385,0.012887149712656415,0.03608401919543796
2021-2023,unweighted,SHAP,random_forest,Stroke,diag,total,10,0.010225121943953475,0.010165772795997579,5.934914795589618e-05,0.10948604346788228,0.9152193530816474,0.9152193530816474
2021-2023,unweighted,SHAP,xgboost,Age,diag,total,10,0.1989315747376556,0.21456952242976338,-0.015637947692107763,-3.982810167244841,0.0031922132624540582,0.010313304386390035
2021-2023,unweighted,SHAP,xgboost,AnyHealthcare,diag,total,10,0.011956923298113705,0.009390283053448762,0.0025666402446649405,2.6296291175535367,0.02737529431872928,0.05226192551757408
2021-2023,unweighted,SHAP,xgboost,BMI,diag,total,10,0.1854026715103218,0.20816231527347123,-0.02275964376314942,-7.364798271864072,4.2596705264952196e-05,0.00039232944993200384
2021-2023,unweighted,SHAP,xgboost,Education,diag,total,10,0.06402467937943263,0.06764575033052285,-0.0036210709510901967,-1.2900847685485781,0.22918086552998715,0.320853211741982
2021-2023,unweighted,SHAP,xgboost,GenHlth,diag,total,10,0.12583197317980416,0.1165345129037703,0.009297460276033832,2.7215540280249653,0.023547834211411548,0.047095668422823096
2021-2023,unweighted,SHAP,xgboost,HeartDiseaseorAttack,diag,total,10,0.02174838594493421,0.020808364175092797,0.0009400217698414117,0.7907417628784911,0.44942887813715543,0.5393146537645865
2021-2023,unweighted,SHAP,xgboost,HighBP,diag,total,10,0.11305655847231551,0.09304286708124435,0.020013691391071148,6.899564180961562,7.070396236275492e-05,0.0004242237741765295
2021-2023,unweighted,SHAP,xgboost,HighChol,diag,total,10,0.1326153364680927,0.11352356388475016,0.019091772583342572,5.784304426919111,0.0002646322682363204,0.0013893194082406821
2021-2023,unweighted,SHAP,xgboost,Income,diag,total,10,0.04005516234925628,0.0469041840982788,-0.006849021749022524,-2.9409303237997815,0.016461819984402572,0.04067037878499459
2021-2023,unweighted,SHAP,xgboost,MentHlth,diag,total,10,0.02481741334316458,0.025331377249540765,-0.0005139639063761823,-0.48694465160890305,0.6379370152719153,0.7241447200383903
2021-2023,unweighted,SHAP,xgboost,PhysActivity_LTPA,diag,total,10,0.022938511597638038,0.021078729495253926,0.0018597821023841124,1.217776017676704,0.2542718952498653,0.3441967741696987
2021-2023,unweighted,SHAP,xgboost,Sex,diag,total,10,0.03298277611069506,0.036719938301708666,-0.0037371621910136056,-2.026834394721383,0.07330838585371768,0.12265090043087362
2021-2023,unweighted,SHAP,xgboost,Smoker,diag,total,10,0.020496619294831705,0.020976126666233354,-0.0004795073714016516,-0.1960134543405354,0.8489539584266256,0.8696601525345921
2021-2023,unweighted,SHAP,xgboost,Stroke,diag,total,10,0.005141414313744002,0.00531246505692067,-0.00017105074317666865,-0.30001430934557277,0.7709801376912886,0.8363365821686832
2021-2023,weighted,PI,logistic_regression,Age,diag,total,10,0.22433217301107958,0.27121416294874245,-0.046881989937662884,-3.7530132680499113,0.0045335655410864715,0.038081950545126364
2021-2023,weighted,PI,logistic_regression,AnyHealthcare,diag,total,10,0.00574371238796093,0.002160585223350794,0.0035831271646101365,1.7157102102129047,0.12035188169848099,0.4241038215696544
2021-2023,weighted,PI,logistic_regression,BMI,diag,total,10,0.21194879186451626,0.2900312739327632,-0.07808248206824694,-5.982293525324575,0.00020694893828806412,0.004345927704049347
2021-2023,weighted,PI,logistic_regression,Education,diag,total,10,0.021022970430805386,0.03235530998473916,-0.011332339553933765,-1.5528678195768555,0.15487227241568613,0.43364236276392115
2021-2023,weighted,PI,logistic_regression,GenHlth,diag,total,10,0.16476116574209115,0.12415994231523955,0.04060122342685161,5.591969322167566,0.00033772838232044286,0.004544284595072579
2021-2023,weighted,PI,logistic_regression,HeartDiseaseorAttack,diag,total,10,0.009696018867423979,0.009298670204138569,0.0003973486632854077,0.2892471910547546,0.7789445584356735,0.9622256310087731
2021-2023,weighted,PI,logistic_regression,HighBP,diag,total,10,0.12758336336901363,0.07682820736651476,0.05075515600249889,5.400384018252712,0.0004327890090545313,0.004544284595072579
2021-2023,weighted,PI,logistic_regression,HighChol,diag,total,10,0.2103904539633783,0.1623057154726078,0.04808473849077048,9.744327575896008,4.437215277158383e-06,0.0001863630416406521
2021-2023,weighted,PI,logistic_regression,Income,diag,total,10,0.0024930206979523477,0.005717740324287344,-0.0032247196263349973,-2.103832075574244,0.0647145433269875,0.35931588770441053
2021-2023,weighted,PI,logistic_regression,MentHlth,diag,total,10,0.00023302431080572222,0.0002386498710138675,-5.6255602081453005e-06,-0.015322701736321874,0.9881090306587067,0.9881090306587067
2021-2023,weighted,PI,logistic_regression,PhysActivity_LTPA,diag,total,10,0.0023981595565629806,0.0008328319400399715,0.0015653276165230091,1.0356619251459116,0.327384561020213,0.5709441626461553
2021-2023,weighted,PI,logistic_regression,Sex,diag,total,10,0.018701450966644367,0.02267009744780692,-0.003968646481162553,-1.4217035235764084,0.18882613112429375,0.4405943059566855
2021-2023,weighted,PI,logistic_regression,Smoker,diag,total,10,0.0005292135554751806,0.001547167618350294,-0.0010179540628751133,-1.1701725568454588,0.271984281239925,0.519242718730766
2021-2023,weighted,PI,logistic_regression,Stroke,diag,total,10,0.00016648127629023728,0.0006396453504053559,-0.00047316407411511854,-1.0862537500485159,0.30560253064991644,0.5580567950998474
2021-2023,weighted,PI,random_forest,Age,diag,total,10,0.19954487724167516,0.24808572190678585,-0.04854084466511064,-1.6673316612364215,0.12979646480748486,0.4241038215696544
2021-2023,weighted,PI,random_forest,AnyHealthcare,diag,total,10,0.001643730360952759,0.0005335533566718546,0.0011101770042809046,0.8235963354074662,0.4314515013623307,0.647177252043496
2021-2023,weighted,PI,random_forest,BMI,diag,total,10,0.1624231985806279,0.24818578745398812,-0.08576258887336022,-2.8001305723579386,0.020708217144278143,0.144957520009947
2021-2023,weighted,PI,random_forest,Education,diag,total,10,0.02211056192771198,0.020171109978897577,0.0019394519488144025,0.14780885081171632,0.8857520889634389,0.9781321875602207
2021-2023,weighted,PI,random_forest,GenHlth,diag,total,10,0.14432512956218607,0.11444218214030999,0.029882947421876083,1.2933796343308603,0.22808836979204794,0.48881412795909107
2021-2023,weighted,PI,random_forest,HeartDiseaseorAttack,diag,total,10,0.032060179550611474,0.025628131780536863,0.006432047770074616,0.8713653655309452,0.4061980654657967,0.6318636573912393
2021-2023,weighted,PI,random_forest,HighBP,diag,total,10,0.16653163905235913,0.11229687190825026,0.05423476714410884,2.065588939151419,0.06885421583264964,0.35931588770441053
2021-2023,weighted,PI,random_forest,HighChol,diag,total,10,0.21633605722631458,0.17185584479487057,0.04448021243144403,1.496608173832152,0.16871515859844377,0.43657411935591545
2021-2023,weighted,PI,random_forest,Income,diag,total,10,0.00805951409384019,0.00970520373559074,-0.0016456896417505519,-0.5389779690309489,0.6029770202089151,0.791407339024201
2021-2023,weighted,PI,random_forest,MentHlth,diag,total,10,0.0034649754428213173,0.0005800590641442688,0.0028849163786770484,0.9706537695850873,0.3570823289517653,0.5768253006143901
2021-2023,weighted,PI,random_forest,PhysActivity_LTPA,diag,total,10,0.013612973975289155,0.012906802162053338,0.0007061718132358166,0.13616024846345468,0.894691592471111,0.9781321875602207
2021-2023,weighted,PI,random_forest,Sex,diag,total,10,0.023003765438930852,0.025655122408254093,-0.0026513569693232407,-0.18056732383837829,0.8607077711456932,0.9781321875602207
2021-2023,weighted,PI,random_forest,Smoker,diag,total,10,0.0038890021584356968,0.005242926491019015,-0.0013539243325833173,-0.21051960503690118,0.8379511640945279,0.9781321875602207
2021-2023,weighted,PI,random_forest,Stroke,diag,total,10,0.0029943953882437214,0.004710682818627504,-0.0017162874303837832,-0.4381245843331033,0.6716231713510338,0.854793127174043
2021-2023,weighted,PI,xgboost,Age,diag,total,10,0.3292298053486038,0.36091770018187014,-0.031687894833266325,-1.8521301545395183,0.097021515743493,0.40749036612267064
2021-2023,weighted,PI,xgboost,AnyHealthcare,diag,total,10,0.009217533762777045,0.002596100261331029,0.006621433501446014,1.2454712318694685,0.24440706397954554,0.48881412795909107
2021-2023,weighted,PI,xgboost,BMI,diag,total,10,0.1992625781813949,0.23937684123946706,-0.04011426305807213,-1.6358867823914682,0.13629185768093796,0.4241038215696544
2021-2023,weighted,PI,xgboost,Education,diag,total,10,0.023425767703855717,0.024422298434944305,-0.0009965307310885855,-0.07638923258573611,0.9407806099452942,0.9781321875602207
2021-2023,weighted,PI,xgboost,GenHlth,diag,total,10,0.12339600246154736,0.10118798095419627,0.022208021507351065,1.6122431007146734,0.14136794052321813,0.4241038215696544
2021-2023,weighted,PI,xgboost,HeartDiseaseorAttack,diag,total,10,0.01591988537057914,0.016203553425884386,-0.00028366805530525007,-0.058222880394002655,0.954843325951644,0.9781321875602207
2021-2023,weighted,PI,xgboost,HighBP,diag,total,10,0.10696847911412362,0.08060333826945987,0.026365140844663747,1.996417064621598,0.07699626165094511,0.35931588770441053
2021-2023,weighted,PI,xgboost,HighChol,diag,total,10,0.14038457688076825,0.12014275222584996,0.020241824654918264,1.465948959132477,0.17670857212025148,0.43657411935591545
2021-2023,weighted,PI,xgboost,Income,diag,total,10,0.009958057338071674,0.016795291737137404,-0.006837234399065728,-0.632916180601257,0.5425333655708631,0.7595467117992083
2021-2023,weighted,PI,xgboost,MentHlth,diag,total,10,0.0039953910488673096,0.00449027453616003,-0.0004948834872927205,-0.09318846813258776,0.9277953445520384,0.9781321875602207
2021-2023,weighted,PI,xgboost,PhysActivity_LTPA,diag,total,10,0.009591075574070672,0.003649024359422579,0.005942051214648092,1.0078619645298392,0.33984771586080675,0.5709441626461553
2021-2023,weighted,PI,xgboost,Sex,diag,total,10,0.01704801242755318,0.023232351312715414,-0.006184338885162231,-1.2788866340244724,0.23292656116672023,0.48881412795909107
2021-2023,weighted,PI,xgboost,Smoker,diag,total,10,0.0108101439314314,0.006139649631402707,0.004670494300028694,0.5745768480337298,0.5796539233397521,0.7853375735570834
2021-2023,weighted,PI,xgboost,Stroke,diag,total,10,0.0007926908563559737,0.0002428434301588683,0.0005498474261971055,0.6446460699504231,0.5352403035837495,0.7595467117992083
2021-2023,weighted,SHAP,logistic_regression,Age,diag,total,10,0.19348121487701433,0.21454126256229805,-0.021060047685283707,-4.0882626980776,0.0027241082033353124,0.009534378711673593
2021-2023,weighted,SHAP,logistic_regression,AnyHealthcare,diag,total,10,0.016543910629619824,0.011108774252964792,0.005435136376655032,2.900771771206706,0.01757327673161255,0.043416330748689835
2021-2023,weighted,SHAP,logistic_regression,BMI,diag,total,10,0.14688025010535477,0.17941147928460924,-0.03253122917925446,-15.73039905964085,7.459756241903218e-08,3.1330976215993515e-06
2021-2023,weighted,SHAP,logistic_regression,Education,diag,total,10,0.06761176577334968,0.07811812927353383,-0.010506363500184142,-1.996438275823811,0.07699362927521658,0.1243743242138114
2021-2023,weighted,SHAP,logistic_regression,GenHlth,diag,total,10,0.1500171574604971,0.13521485734077265,0.01480230011972443,4.2173659881090195,0.0022481848488096283,0.008583978513636762
2021-2023,weighted,SHAP,logistic_regression,HeartDiseaseorAttack,diag,total,10,0.016413622147057796,0.015065575738745531,0.0013480464083122663,1.7016810860700113,0.12302386567780124,0.18453579851670188
2021-2023,weighted,SHAP,logistic_regression,HighBP,diag,total,10,0.11948946425621576,0.09076186309216534,0.028727601164050442,9.550739913243765,5.238997582528619e-06,0.00011001894923310099
2021-2023,weighted,SHAP,logistic_regression,HighChol,diag,total,10,0.1753635849453848,0.1538277271142061,0.021535857831178718,7.171682839125357,5.2415042421394494e-05,0.00036690529694976144
2021-2023,weighted,SHAP,logistic_regression,Income,diag,total,10,0.02132065667312965,0.03192238675311738,-0.010601730079987728,-2.91027587764493,0.017303478452683655,0.043416330748689835
2021-2023,weighted,SHAP,logistic_regression,MentHlth,diag,total,10,0.007152321940080851,0.004958598529415074,0.002193723410665776,1.2127658966009152,0.2560907636944105,0.33611912734891375
2021-2023,weighted,SHAP,logistic_regression,PhysActivity_LTPA,diag,total,10,0.021829455948233607,0.011762768981787398,0.01006668696644621,2.8505286071947755,0.019072734143820557,0.043938538507941736
2021-2023,weighted,SHAP,logistic_regression,Sex,diag,total,10,0.04603436378582638,0.053452950805836674,-0.007418587020010303,-2.363786643336457,0.0423378587834966,0.07731261169160249
2021-2023,weighted,SHAP,logistic_regression,Smoker,diag,total,10,0.014400849436160098,0.015558954393364794,-0.0011581049572046947,-0.2568586472461559,0.8030635157267886,0.837585129732051
2021-2023,weighted,SHAP,logistic_regression,Stroke,diag,total,10,0.003461382022075293,0.004294671877183158,-0.0008332898551078657,-1.311278910053502,0.2222292250250441,0.31112091503506173
2021-2023,weighted,SHAP,random_forest,Age,diag,total,10,0.15528921915404895,0.1598598785168531,-0.004570659362804141,-1.8684787887885606,0.09452757592776609,0.14704289588763614
2021-2023,weighted,SHAP,random_forest,AnyHealthcare,diag,total,10,0.008157017252208272,0.007826239473968825,0.000330777778239448,0.9538883709842735,0.3650561044615681,0.4380673253538817
2021-2023,weighted,SHAP,random_forest,BMI,diag,total,10,0.16372590064330353,0.18289544765550642,-0.0191695470122029,-8.299193450502731,1.6487993120917907e-05,0.0002308319036928507
2021-2023,weighted,SHAP,random_forest,Education,diag,total,10,0.057042826086496634,0.0627263777504416,-0.0056835516639449765,-6.394306042960114,0.0001261141708125634,0.0007566850248753804
2021-2023,weighted,SHAP,random_forest,GenHlth,diag,total,10,0.11992137009422092,0.12236683297770341,-0.0024454628834825074,-1.2587889886237618,0.23977667223134944,0.324858717216667
2021-2023,weighted,SHAP,random_forest,HeartDiseaseorAttack,diag,total,10,0.03489655648835856,0.032089195074577546,0.0028073614137810003,2.8209967424874187,0.020014411070614548,0.043938538507941736
2021-2023,weighted,SHAP,random_forest,HighBP,diag,total,10,0.1376497987091921,0.12466859236785169,0.012981206341340434,7.900920605247372,2.4448741405592542e-05,0.00025671178475872167
2021-2023,weighted,SHAP,random_forest,HighChol,diag,total,10,0.144782242352197,0.13084483253959045,0.013937409812606539,5.7011325463075,0.0002938866034175529,0.0015429046679421526
2021-2023,weighted,SHAP,random_forest,Income,diag,total,10,0.051933652546396016,0.0521446391119695,-0.00021098656557348854,-0.1725250791045351,0.8668421365580573,0.8668421365580573
2021-2023,weighted,SHAP,random_forest,MentHlth,diag,total,10,0.034797136590077625,0.03299156562000623,0.001805570970071399,3.116295132361622,0.012392421879229336,0.03717726563768801
2021-2023,weighted,SHAP,random_forest,PhysActivity_LTPA,diag,total,10,0.03283247242726802,0.03185868436225965,0.0009737880650083633,1.09309766111081,0.30274426429260554,0.3853108818269525
2021-2023,weighted,SHAP,random_forest,Sex,diag,total,10,0.026373735993041075,0.028483088953757098,-0.0021093529607160177,-2.737317507921757,0.02294808199652349,0.04589616399304698
2021-2023,weighted,SHAP,random_forest,Smoker,diag,total,10,0.02309381659585927,0.021871587035697256,0.001222229560162017,2.7938117336848984,0.020923113575210348,0.043938538507941736
2021-2023,weighted,SHAP,random_forest,Stroke,diag,total,10,0.009504255067332022,0.009373038559817162,0.00013121650751485883,0.24635697516372942,0.8109328219109537,0.837585129732051
2021-2023,weighted,SHAP,xgboost,Age,diag,total,10,0.22959671106528418,0.24635366202592532,-0.016756950960641177,-3.371382908361492,0.00823887568007805,0.026617906043329087
2021-2023,weighted,SHAP,xgboost,AnyHealthcare,diag,total,10,0.011895187611516386,0.009347298499385216,0.002547889112131169,2.476613602056311,0.03518639589568782,0.06717402852813129
2021-2023,weighted,SHAP,xgboost,BMI,diag,total,10,0.18417040727312473,0.2057983467452019,-0.02162793947207717,-4.899384301529518,0.0008483675076142039,0.0035631435319796565
2021-2023,weighted,SHAP,xgboost,Education,diag,total,10,0.06181999854463453,0.06433064440423666,-0.0025106458596021236,-0.9628611904847395,0.3607724311769442,0.4380673253538817
2021-2023,weighted,SHAP,xgboost,GenHlth,diag,total,10,0.12121119932410318,0.11300073582264167,0.008210463501461492,2.274625525771092,0.0489911590267874,0.08573452829687794
2021-2023,weighted,SHAP,xgboost,HeartDiseaseorAttack,diag,total,10,0.018204287206165088,0.017259308486527368,0.0009449787196377214,0.8945856810923533,0.3943030392815324,0.46002021249512115
2021-2023,weighted,SHAP,xgboost,HighBP,diag,total,10,0.10805645629197795,0.08862558805801146,0.019430868233966492,7.621758689473421,3.252400123323958e-05,0.0002732016103592125
2021-2023,weighted,SHAP,xgboost,HighChol,diag,total,10,0.13053465517515564,0.11150685467208613,0.019027800503069504,5.333100229462744,0.0004727495064996907,0.0022061643636652234
2021-2023,weighted,SHAP,xgboost,Income,diag,total,10,0.03890465648122934,0.04597657831510133,-0.007071921833871994,-3.040288571459761,0.014011360092633601,0.03923180825937408
2021-2023,weighted,SHAP,xgboost,MentHlth,diag,total,10,0.022856324441560955,0.023296067962719127,-0.000439743521158174,-0.4826558310777059,0.640862912794184,0.7274660091177223
2021-2023,weighted,SHAP,xgboost,PhysActivity_LTPA,diag,total,10,0.021677840699835336,0.019224024417382503,0.002453816282452831,1.6594365922281336,0.13140033985299807,0.19030394047675583
2021-2023,weighted,SHAP,xgboost,Sex,diag,total,10,0.027906616925605237,0.03139595383136536,-0.0034893369057601305,-2.0981793510509674,0.06531095275342096,0.1097224006257472
2021-2023,weighted,SHAP,xgboost,Smoker,diag,total,10,0.01880803474684475,0.019390249135676794,-0.0005822143888320446,-0.23742634245361396,0.8176426266431926,0.837585129732051
2021-2023,weighted,SHAP,xgboost,Stroke,diag,total,10,0.004357624212962759,0.004494687623739159,-0.0001370634107763992,-0.2774762006511139,0.7876828063629496,0.837585129732051
2017-2020,unweighted,PI,logistic_regression,Age,lab,total,10,0.45212460920489006,0.42634552803446224,0.02577908117042782,1.8867250375824307,0.09181524756791666,0.25708269319016663
2017-2020,unweighted,PI,logistic_regression,AnyHealthcare,lab,total,10,0.0031925646421141264,0.00017000258617165274,0.003022562055942473,1.308150329358494,0.2232441374399152,0.5221754431722302
2017-2020,unweighted,PI,logistic_regression,BMI,lab,total,10,0.15662019268644387,0.17530060600823025,-0.01868041332178637,-2.33982500797851,0.0440328958059179,0.23117270298106896
2017-2020,unweighted,PI,logistic_regression,Education,lab,total,10,0.002314694200898996,0.006950208976952045,-0.004635514776053049,-1.9057191272940914,0.08906962987234834,0.25708269319016663
2017-2020,unweighted,PI,logistic_regression,GenHlth,lab,total,10,0.2731336261798071,0.23458345051671942,0.03855017566308773,3.120175496107573,0.012315142441853546,0.08620599709297483
2017-2020,unweighted,PI,logistic_regression,HeartDiseaseorAttack,lab,total,10,0.00027184382793782466,0.01200314368856496,-0.011731299860627136,-3.564764959002492,0.006073800659962399,0.051019925543684154
2017-2020,unweighted,PI,logistic_regression,HighBP,lab,total,10,0.03183047153623941,0.09407114677486403,-0.06224067523862462,-8.110540915957936,1.983300175031282e-05,0.00041649303675656924
2017-2020,unweighted,PI,logistic_regression,HighChol,lab,total,10,0.02488047418597847,0.01485561930331596,0.010024854882662509,3.845282362507065,0.003934600230036983,0.041313302415388324
2017-2020,unweighted,PI,logistic_regression,Income,lab,total,10,0.00033807935177601785,0.0011963766400787358,-0.0008582972883027179,-0.7135484953264226,0.4935931610914335,0.6910304255280069
2017-2020,unweighted,PI,logistic_regression,MentHlth,lab,total,10,0.0036740983169082893,0.005073353238112026,-0.001399254921203736,-0.7951576228219297,0.44698390177810926,0.6910304255280069
2017-2020,unweighted,PI,logistic_regression,PhysActivity_LTPA,lab,total,10,0.0016492002740896403,0.0023053861075750066,-0.0006561858334853669,-1.1059364249328052,0.29743865815425885,0.5431488540208205
2017-2020,unweighted,PI,logistic_regression,Sex,lab,total,10,0.03352514218706557,0.021859704345104744,0.011665437841960826,2.0867133624171155,0.06653703681284036,0.25708269319016663
2017-2020,unweighted,PI,logistic_regression,Smoker,lab,total,10,0.0137188148231706,0.0027240714620409704,0.010994743361129627,3.926236882905052,0.003477860751585159,0.041313302415388324
2017-2020,unweighted,PI,logistic_regression,Stroke,lab,total,10,0.0027261885826799317,0.002561402317807952,0.00016478626487197965,0.09669307388908684,0.9250891063637143,0.9756890930041275
2017-2020,unweighted,PI,random_forest,Age,lab,total,10,0.4167710527288606,0.3879073468096254,0.028863705919235184,0.9757109328029425,0.3547025233924811,0.6207294159368419
2017-2020,unweighted,PI,random_forest,AnyHealthcare,lab,total,10,5.159424701315183e-05,0.0014695357543165351,-0.0014179415073033836,-0.7884294868728974,0.4507126860391096,0.6910304255280069
2017-2020,unweighted,PI,random_forest,BMI,lab,total,10,0.13811283005928118,0.13714200751602718,0.0009708225432539866,0.06181223027625733,0.9520633092380727,0.9756890930041275
2017-2020,unweighted,PI,random_forest,Education,lab,total,10,0.005264301536611184,0.013528589347773684,-0.008264287811162499,-1.3064741890016014,0.2237894756452415,0.5221754431722302
2017-2020,unweighted,PI,random_forest,GenHlth,lab,total,10,0.20195219831610484,0.16786017414215987,0.03409202417394498,1.8914387431625546,0.09112653693349636,0.25708269319016663
2017-2020,unweighted,PI,random_forest,HeartDiseaseorAttack,lab,total,10,0.01694405598998009,0.03872598814531616,-0.021781932155336067,-2.4582746163840667,0.03626114084414982,0.2175668450648989
2017-2020,unweighted,PI,random_forest,HighBP,lab,total,10,0.09912965114684197,0.13306264194351478,-0.033932990796672835,-2.0095580717988413,0.07538177293787927,0.25708269319016663
2017-2020,unweighted,PI,random_forest,HighChol,lab,total,10,0.07051955419890935,0.06697870716446994,0.0035408470344393842,0.23855032295996317,0.8167972758893475,0.9529301552042387
2017-2020,unweighted,PI,random_forest,Income,lab,total,10,0.002527155775308619,0.0,0.002527155775308619,0.7141468706600337,0.493240562414331,0.6910304255280069
2017-2020,unweighted,PI,random_forest,MentHlth,lab,total,10,0.003480756559676403,0.003204542254390563,0.00027621430528584006,0.04881367886700772,0.9621338851484186,0.9756890930041275
2017-2020,unweighted,PI,random_forest,PhysActivity_LTPA,lab,total,10,0.012394296220598986,0.019890593362776238,-0.007496297142177251,-1.228881887725799,0.2502776207105157,0.5250023586575678
2017-2020,unweighted,PI,random_forest,Sex,lab,total,10,0.01585187368913909,0.015218535047333115,0.000633338641805976,0.06170365608501368,0.9521473920755431,0.9756890930041275
2017-2020,unweighted,PI,random_forest,Smoker,lab,total,10,0.011154369717077502,0.011364676188486281,-0.00021030647140877958,-0.031331364528344834,0.9756890930041275,0.9756890930041275
2017-2020,unweighted,PI,random_forest,Stroke,lab,total,10,0.005846309814597023,0.00364666232381019,0.0021996474907868316,0.49881897975196554,0.6298707668393204,0.8246618227902427
2017-2020,unweighted,PI,xgboost,Age,lab,total,10,0.515155015362525,0.48143996363939695,0.03371505172312812,1.463156233798148,0.17745288933475376,0.4658138345037286
2017-2020,unweighted,PI,xgboost,AnyHealthcare,lab,total,10,0.0009389158686386705,0.001687961490957979,-0.0007490456223193088,-0.45304590786992455,0.6612402044396292,0.8246618227902427
2017-2020,unweighted,PI,xgboost,BMI,lab,total,10,0.13305834293779026,0.14364501096439722,-0.010586668026606951,-0.446189094961411,0.6660021785161282,0.8246618227902427
2017-2020,unweighted,PI,xgboost,Education,lab,total,10,0.00319301800689466,0.010775893501652572,-0.007582875494757915,-1.1623151420469795,0.27500123548729744,0.5250023586575678
2017-2020,unweighted,PI,xgboost,GenHlth,lab,total,10,0.18782691323118225,0.1665061604104642,0.02132075282071807,1.2438479732305334,0.2449764516957827,0.5250023586575678
2017-2020,unweighted,PI,xgboost,HeartDiseaseorAttack,lab,total,10,0.004744853948477069,0.019000646540803384,-0.014255792592326316,-2.0775098775481915,0.06753720522470702,0.25708269319016663
2017-2020,unweighted,PI,xgboost,HighBP,lab,total,10,0.06764054806121839,0.10376949794399448,-0.03612894988277608,-8.662717506760716,1.1656913663049508e-05,0.00041649303675656924
2017-2020,unweighted,PI,xgboost,HighChol,lab,total,10,0.031445477383499974,0.03398255628842635,-0.002537078904926376,-0.2415206836069743,0.8145644616821984,0.9529301552042387
2017-2020,unweighted,PI,xgboost,Income,lab,total,10,0.002506645410521172,0.002794572867056307,-0.0002879274565351352,-0.15468395053243306,0.8804838361799875,0.9756890930041275
2017-2020,unweighted,PI,xgboost,MentHlth,lab,total,10,0.006989724237374477,0.004364685143350501,0.002625039094023976,0.72793662775393,0.4851587920867905,0.6910304255280069
2017-2020,unweighted,PI,xgboost,PhysActivity_LTPA,lab,total,10,0.005570195512022043,0.00951754770594727,-0.003947352193925228,-1.1720577282237217,0.2712644111642972,0.5250023586575678
2017-2020,unweighted,PI,xgboost,Sex,lab,total,10,0.016826762196002917,0.009565076669821818,0.0072616855261811,0.8955338733364936,0.39382261102040284,0.6616219865142767
2017-2020,unweighted,PI,xgboost,Smoker,lab,total,10,0.021757381203066892,0.011381495588877407,0.010375885614189485,2.1374549030804957,0.061274324629237285,0.25708269319016663
2017-2020,unweighted,PI,xgboost,Stroke,lab,total,10,0.002346206640786179,0.0015689312448535868,0.0007772753959325916,0.4439173574079545,0.667583380354006,0.8246618227902427
2017-2020,unweighted,SHAP,logistic_regression,Age,lab,total,10,0.27421466888210955,0.24902522538632338,0.02518944349578624,4.858063206631437,0.000898239847810467,0.002694719543431401
2017-2020,unweighted,SHAP,logistic_regression,AnyHealthcare,lab,total,10,0.020432910238557672,0.006502633897753851,0.013930276340803825,1.6084436182734385,0.14219936048424836,0.16589925389828977
2017-2020,unweighted,SHAP,logistic_regression,BMI,lab,total,10,0.14026039663684772,0.15158053183597536,-0.011320135199127612,-2.5081914087129764,0.03340975377540901,0.048386539950592354
2017-2020,unweighted,SHAP,logistic_regression,Education,lab,total,10,0.02168834294573632,0.041057650559366804,-0.019369307613630482,-3.020325544688641,0.014471680961350427,0.02337733078371992
2017-2020,unweighted,SHAP,logistic_regression,GenHlth,lab,total,10,0.20216804271121597,0.18008524018045277,0.02208280253076318,5.493315936762411,0.0003834896191681249,0.001342213667088437
2017-2020,unweighted,SHAP,logistic_regression,HeartDiseaseorAttack,lab,total,10,0.00317034970005671,0.022700226919544444,-0.01952987721948773,-5.012719060445289,0.0007262586546058415,0.0023463741148804108
2017-2020,unweighted,SHAP,logistic_regression,HighBP,lab,total,10,0.07121363655667372,0.13305558777596632,-0.061841951219292646,-18.54129682767567,1.768836971929837e-08,3.714557641052658e-07
2017-2020,unweighted,SHAP,logistic_regression,HighChol,lab,total,10,0.0521527055159731,0.033396109395384496,0.018756596120588605,4.751756973068818,0.0010416243042393357,0.00291654805187014
2017-2020,unweighted,SHAP,logistic_regression,Income,lab,total,10,0.007139910527373075,0.014248278276907389,-0.007108367749534312,-1.0858393119893994,0.30577628727200995,0.32929754013908763
2017-2020,unweighted,SHAP,logistic_regression,MentHlth,lab,total,10,0.021845572813736832,0.027098221932127027,-0.005252649118390196,-1.4936197269331626,0.16948009092471253,0.19238280591453855
2017-2020,unweighted,SHAP,logistic_regression,PhysActivity_LTPA,lab,total,10,0.026059154403426443,0.027503489014466153,-0.0014443346110397052,-0.277322533429028,0.7877970928193657,0.8070116560588625
2017-2020,unweighted,SHAP,logistic_regression,Sex,lab,total,10,0.10983017905963917,0.08119091847961628,0.028639260580022884,7.344734630661165,4.351639651185393e-05,0.00020307651705531835
2017-2020,unweighted,SHAP,logistic_regression,Smoker,lab,total,10,0.03909132995766263,0.01792935419502503,0.0211619757626376,2.9506054910553647,0.016204977824584053,0.025207743282686306
2017-2020,unweighted,SHAP,logistic_regression,Stroke,lab,total,10,0.01073280005099105,0.01462653215109071,-0.0038937321000996603,-3.465089182142652,0.007103557136009992,0.012431224988017487
2017-2020,unweighted,SHAP,random_forest,Age,lab,total,10,0.18440275383814514,0.17630003662537486,0.008102717212770314,3.6876122236781512,0.005015914030136297,0.009575835875714749
2017-2020,unweighted,SHAP,random_forest,AnyHealthcare,lab,total,10,0.012633751179057628,0.010408388790050429,0.0022253623890071987,4.364189582975007,0.0018123649495871042,0.004006280414876757
2017-2020,unweighted,SHAP,random_forest,BMI,lab,total,10,0.17648308776256458,0.158950509259478,0.017532578503086538,7.241673375693943,4.8596393587770963e-05,0.00020410485306863806
2017-2020,unweighted,SHAP,random_forest,Education,lab,total,10,0.055799448527318565,0.04548664031487248,0.010312808212446086,9.49230974038558,5.511405596069802e-06,3.7500056186072264e-05
2017-2020,unweighted,SHAP,random_forest,GenHlth,lab,total,10,0.13526326207773987,0.12661916064321604,0.008644101434523831,3.765239383233706,0.00444895308554069,0.00889790617108138
2017-2020,unweighted,SHAP,random_forest,HeartDiseaseorAttack,lab,total,10,0.028503884494835686,0.0452503543963508,-0.016746469901515112,-8.236845116954969,1.75194217967884e-05,9.19769644331391e-05
2017-2020,unweighted,SHAP,random_forest,HighBP,lab,total,10,0.12117603283034542,0.16662388753665844,-0.04544785470631305,-24.954257228636727,1.2795947742257407e-09,5.374298051748111e-08
2017-2020,unweighted,SHAP,random_forest,HighChol,lab,total,10,0.07970861797316141,0.07990019687986678,-0.00019157890670537108,-0.0958327978421821,0.9257533141693058,0.9257533141693058
2017-2020,unweighted,SHAP,random_forest,Income,lab,total,10,0.05057902121043552,0.04275563601327789,0.007823385197157622,9.793427111124293,4.256045435134205e-06,3.7500056186072264e-05
2017-2020,unweighted,SHAP,random_forest,MentHlth,lab,total,10,0.02903701026785831,0.02273599274654022,0.006301017521318092,10.345787929770248,2.6944923716767325e-06,3.7500056186072264e-05
2017-2020,unweighted,SHAP,random_forest,PhysActivity_LTPA,lab,total,10,0.037365945101402995,0.042633831183276814,-0.005267886081873825,-2.3880274651816724,0.040688747891030684,0.05512669069107383
2017-2020,unweighted,SHAP,random_forest,Sex,lab,total,10,0.04636359204948992,0.0427956346022414,0.0035679574472485273,1.6294320922083174,0.1376610320956534,0.16519323851478407
2017-2020,unweighted,SHAP,random_forest,Smoker,lab,total,10,0.02958024799401312,0.02317611765531757,0.0064041303386955465,9.348629113909967,6.250009364345377e-06,3.7500056186072264e-05
2017-2020,unweighted,SHAP,random_forest,Stroke,lab,total,10,0.01310334469363184,0.01636361335347823,-0.003260268659846391,-4.378225462166036,0.0017756997203702046,0.004006280414876757
2017-2020,unweighted,SHAP,xgboost,Age,lab,total,10,0.2841815236329376,0.2595962835656457,0.024585240067291906,4.6311437774819515,0.0012346690091503256,0.003162688207068092
2017-2020,unweighted,SHAP,xgboost,AnyHealthcare,lab,total,10,0.012807489187987204,0.00866041082486616,0.004147078363121043,3.948964555838264,0.0033599790055463667,0.0070559559116473705
2017-2020,unweighted,SHAP,xgboost,BMI,lab,total,10,0.16969683935103125,0.16845150367139766,0.0012453356796335996,0.2798313464208653,0.7859318941964297,0.8070116560588625
2017-2020,unweighted,SHAP,xgboost,Education,lab,total,10,0.03940112249055124,0.035749923615117,0.003651198875434244,1.734989534690394,0.11676673884285697,0.14424126562941156
2017-2020,unweighted,SHAP,xgboost,GenHlth,lab,total,10,0.1549571240001389,0.14112356384563593,0.013833560154502938,4.605681666090144,0.0012801357028608944,0.003162688207068092
2017-2020,unweighted,SHAP,xgboost,HeartDiseaseorAttack,lab,total,10,0.01651134789821541,0.02820049487503849,-0.011689146976823075,-6.132820464612701,0.00017225875141577048,0.0006577152326783964
2017-2020,unweighted,SHAP,xgboost,HighBP,lab,total,10,0.06934811436167689,0.12118794243411454,-0.05183982807243768,-9.722409653680531,4.520818301499061e-06,3.7500056186072264e-05
2017-2020,unweighted,SHAP,xgboost,HighChol,lab,total,10,0.04204177552934525,0.03595438785733024,0.0060873876720150145,1.9807455404538024,0.07896477280457298,0.10050061993309288
2017-2020,unweighted,SHAP,xgboost,Income,lab,total,10,0.045123999099364966,0.04102628313039304,0.004097715968971941,1.4754525364212498,0.17419607591194705,0.1925325049553099
2017-2020,unweighted,SHAP,xgboost,MentHlth,lab,total,10,0.02534547079138767,0.027365826620611676,-0.002020355829224005,-2.1032995809325614,0.0647705008999998,0.08501128243124975
2017-2020,unweighted,SHAP,xgboost,PhysActivity_LTPA,lab,total,10,0.027358600465362072,0.03333366338359517,-0.005975062918233095,-2.4618410023404156,0.03604960308877647,0.05046944432428706
2017-2020,unweighted,SHAP,xgboost,Sex,lab,total,10,0.06655343532470923,0.0565651388800413,0.009988296444667933,2.789878267676464,0.021058030748371346,0.03158704612255702
2017-2020,unweighted,SHAP,xgboost,Smoker,lab,total,10,0.03796660399910748,0.03042719183345774,0.007539412165649734,3.243002746665403,0.010109945146219598,0.016984707845648924
2017-2020,unweighted,SHAP,xgboost,Stroke,lab,total,10,0.00870655386818486,0.012357385462755388,-0.0036508315945705276,-3.609755978788309,0.005661464033469724,0.010338325626336017
2017-2020,weighted,PI,logistic_regression,Age,lab,total,10,0.4582145858454084,0.4305105185912862,0.027704067254122285,1.7657280314929116,0.1112534304654707,0.2748614164441041
2017-2020,weighted,PI,logistic_regression,AnyHealthcare,lab,total,10,0.0018655433547890288,0.00012479631238225314,0.0017407470424067755,1.5952901747374106,0.14511172398351602,0.31697008003551097
2017-2020,weighted,PI,logistic_regression,BMI,lab,total,10,0.13941729279465556,0.16935806490729524,-0.029940772112639708,-3.0458739572997016,0.013885286720740513,0.07289775528388769
2017-2020,weighted,PI,logistic_regression,Education,lab,total,10,0.000683104133155906,0.004790054889213837,-0.0041069507560579305,-1.9421316632339258,0.08402140999731292,0.22055620124294642
2017-2020,weighted,PI,logistic_regression,GenHlth,lab,total,10,0.283900054210999,0.2268511297935746,0.057048924417424415,5.084119019569833,0.0006591507045611477,0.0138421647957841
2017-2020,weighted,PI,logistic_regression,HeartDiseaseorAttack,lab,total,10,0.0006216749062620362,0.015884535991717706,-0.01526286108545567,-4.497713442233592,0.001493852058936724,0.020913928825114135
2017-2020,weighted,PI,logistic_regression,HighBP,lab,total,10,0.027565038770791816,0.09800841658399329,-0.07044337781320148,-11.484599648416582,1.1181479632610464e-06,4.696221445696395e-05
2017-2020,weighted,PI,logistic_regression,HighChol,lab,total,10,0.010502631111241733,0.00689554959530803,0.0036070815159337027,1.0450683501029785,0.3232471613627271,0.5221684914320976
2017-2020,weighted,PI,logistic_regression,Income,lab,total,10,0.00012399061686591033,0.002484775393521969,-0.0023607847766560592,-2.280008480213916,0.04856181138768644,0.21663800243875947
2017-2020,weighted,PI,logistic_regression,MentHlth,lab,total,10,0.005555517412756424,0.007265085936171459,-0.0017095685234150347,-0.8658415301433691,0.40906445498436916,0.5726902369781168
2017-2020,weighted,PI,logistic_regression,PhysActivity_LTPA,lab,total,10,0.003114115701285497,0.0019086808529487566,0.0012054348483367407,0.47245419564859353,0.6478489346662027,0.7774187215994433
2017-2020,weighted,PI,logistic_regression,Sex,lab,total,10,0.05593224844142245,0.028605256999811007,0.02732699144161143,4.073808019278505,0.002783713441630106,0.029228991137116113
2017-2020,weighted,PI,logistic_regression,Smoker,lab,total,10,0.006678852589471926,0.0008714504668209336,0.005807402122650992,2.1620724519521755,0.05886851768880034,0.21663800243875947
2017-2020,weighted,PI,logistic_regression,Stroke,lab,total,10,0.005825350110894182,0.0064416836859546665,-0.0006163335750604844,-0.2203075019710951,0.8305479335149986,0.9179740317797354
2017-2020,weighted,PI,random_forest,Age,lab,total,10,0.44769193900359017,0.3734514751551977,0.07424046384839247,1.537768407995983,0.15848504001775549,0.31697008003551097
2017-2020,weighted,PI,random_forest,AnyHealthcare,lab,total,10,0.001660210871509216,0.0014564774169711545,0.00020373345453806183,0.09690750210421785,0.9249235586894191,0.9474826698769659
2017-2020,weighted,PI,random_forest,BMI,lab,total,10,0.1151897424400398,0.1451320234239629,-0.029942280983923118,-1.5659856566536516,0.15179330933627302,0.31697008003551097
2017-2020,weighted,PI,random_forest,Education,lab,total,10,0.002028741895653329,0.004950196271463582,-0.0029214543758102536,-0.5912994611642434,0.5688713450222244,0.724018075482831
2017-2020,weighted,PI,random_forest,GenHlth,lab,total,10,0.23372817039958785,0.18389014973099735,0.04983802066859045,1.9597802625900822,0.08167324540888198,0.22055620124294642
2017-2020,weighted,PI,random_forest,HeartDiseaseorAttack,lab,total,10,0.024994477168147154,0.051920583850848204,-0.026926106682701047,-2.1312402586754464,0.061896572125359844,0.21663800243875947
2017-2020,weighted,PI,random_forest,HighBP,lab,total,10,0.0704439189018551,0.1285845101552013,-0.0581405912533462,-3.740453272353861,0.00462225782155795,0.038826965701086784
2017-2020,weighted,PI,random_forest,HighChol,lab,total,10,0.03048607992968087,0.042583250656261264,-0.012097170726580394,-1.0975824859750622,0.3008825753969158,0.5054827266668186
2017-2020,weighted,PI,random_forest,Income,lab,total,10,0.002611187270344738,0.0,0.002611187270344738,0.7593501700818028,0.4670652162571604,0.613023096337523
2017-2020,weighted,PI,random_forest,MentHlth,lab,total,10,0.0031844741579107492,0.001346378820215377,0.0018380953376953726,0.8254689796165086,0.43044172652462676,0.5831791133559459
2017-2020,weighted,PI,random_forest,PhysActivity_LTPA,lab,total,10,0.011493763386941257,0.026356947543389374,-0.014863184156448115,-1.2825888559538399,0.23168259424260831,0.40544453992456453
2017-2020,weighted,PI,random_forest,Sex,lab,total,10,0.018128407709064622,0.021646481634003782,-0.0035180739249391613,-0.2428450202935691,0.813569528969204,0.9179740317797354
2017-2020,weighted,PI,random_forest,Smoker,lab,total,10,0.028082998033301432,0.011047047780670203,0.017035950252631233,1.3476791785373803,0.21070366097837084,0.38476320700398153
2017-2020,weighted,PI,random_forest,Stroke,lab,total,10,0.010275888832373774,0.0076344775608178355,0.0026414112715559385,0.3070714955949183,0.7657752197717568,0.8934044230670496
2017-2020,weighted,PI,xgboost,Age,lab,total,10,0.5170125484279449,0.4548442131282237,0.062168335299721156,2.2006609119278466,0.055280958785049295,0.21663800243875947
2017-2020,weighted,PI,xgboost,AnyHealthcare,lab,total,10,0.002618028110426561,0.0022971106057599728,0.00032091750466658754,0.15949790682780804,0.8767986743510175,0.9442447262241727
2017-2020,weighted,PI,xgboost,BMI,lab,total,10,0.08840345903994185,0.14073942250344967,-0.052335963463507815,-2.0058473982319676,0.07583435725807253,0.22055620124294642
2017-2020,weighted,PI,xgboost,Education,lab,total,10,0.008572329903787554,0.009688165838542522,-0.0011158359347549682,-0.10732358095459274,0.9168866608495806,0.9474826698769659
2017-2020,weighted,PI,xgboost,GenHlth,lab,total,10,0.2227985138779494,0.18395280463894542,0.03884570923900395,3.535001387632129,0.006363806149415774,0.04454664304591042
2017-2020,weighted,PI,xgboost,HeartDiseaseorAttack,lab,total,10,0.005362949761542485,0.025529562017801998,-0.020166612256259518,-1.977184481719758,0.0794187164128862,0.22055620124294642
2017-2020,weighted,PI,xgboost,HighBP,lab,total,10,0.05647412507646511,0.10299684348029134,-0.04652271840382623,-3.2621218491374213,0.009805415958031768,0.058832495748190605
2017-2020,weighted,PI,xgboost,HighChol,lab,total,10,0.01807679274984058,0.02369691422058469,-0.005620121470744112,-0.5501790966964171,0.5955850391052522,0.7357226953653115
2017-2020,weighted,PI,xgboost,Income,lab,total,10,0.0025851403449279947,0.012120972788649802,-0.009535832443721809,-0.9449684123635315,0.3693513713784764,0.5540270570677146
2017-2020,weighted,PI,xgboost,MentHlth,lab,total,10,0.007305583961518617,0.0006063687011211355,0.006699215260397483,1.4652089078235018,0.17690554464543617,0.3377287670503782
2017-2020,weighted,PI,xgboost,PhysActivity_LTPA,lab,total,10,0.011440180339693396,0.011520337738687911,-8.015739899451673e-05,-0.008878907852347748,0.9931094481968332,0.9931094481968332
2017-2020,weighted,PI,xgboost,Sex,lab,total,10,0.027591512485290966,0.015330847356778591,0.012260665128512371,0.9680033833815685,0.3583342543327473,0.5540270570677146
2017-2020,weighted,PI,xgboost,Smoker,lab,total,10,0.025682765966916498,0.013737347457069926,0.011945418509846574,1.672924012681917,0.12867117700300953,0.3002327463403556
2017-2020,weighted,PI,xgboost,Stroke,lab,total,10,0.0060760699537541,0.002939089524093258,0.0031369804296608413,0.8671199820978356,0.40839979584883446,0.5726902369781168
2017-2020,weighted,SHAP,logistic_regression,Age,lab,total,10,0.27507990038156016,0.25063406189350357,0.02444583848805659,4.7829175133075275,0.0009972040724416848,0.0026176606901594226
2017-2020,weighted,SHAP,logistic_regression,AnyHealthcare,lab,total,10,0.01932845287443441,0.006083850175742674,0.013244602698691738,1.6095473513186802,0.1419573843000972,0.1656169483501134
2017-2020,weighted,SHAP,logistic_regression,BMI,lab,total,10,0.1379053513413911,0.14948227853003823,-0.011576927188647132,-2.6371398901302627,0.0270402677111757,0.0391617670299786
2017-2020,weighted,SHAP,logistic_regression,Education,lab,total,10,0.02098704906086206,0.03988259816385301,-0.018895549102990954,-3.0337945477771435,0.014159426284898144,0.02202577422095267
2017-2020,weighted,SHAP,logistic_regression,GenHlth,lab,total,10,0.20401001416183337,0.18228819320033826,0.02172182096149511,5.219035732064504,0.0005499045701021583,0.001924665995357554
2017-2020,weighted,SHAP,logistic_regression,HeartDiseaseorAttack,lab,total,10,0.0029984536740973225,0.02114406890606873,-0.018145615231971404,-5.075021742915252,0.0006673166209271907,0.002001949862781572
2017-2020,weighted,SHAP,logistic_regression,HighBP,lab,total,10,0.07063962986175723,0.13242776770738923,-0.06178813784563195,-18.246671602693535,2.0361997988588435e-08,4.276019577603571e-07
2017-2020,weighted,SHAP,logistic_regression,HighChol,lab,total,10,0.05284262480120905,0.033942803092223535,0.01889982170898551,4.701494441106459,0.0011178154126063233,0.0027616616076156226
2017-2020,weighted,SHAP,logistic_regression,Income,lab,total,10,0.007857501023276283,0.01579501650595808,-0.007937515482681793,-1.085078019528546,0.30609566571162256,0.3296414861509781
2017-2020,weighted,SHAP,logistic_regression,MentHlth,lab,total,10,0.021591082627575583,0.026898163064023466,-0.005307080436447882,-1.506872530154779,0.166110944355329,0.18359630691904785
2017-2020,weighted,SHAP,logistic_regression,PhysActivity_LTPA,lab,total,10,0.026640835680704616,0.02814002978215909,-0.00149919410145447,-0.2842732848992245,0.7826330404172952,0.7826330404172952
2017-2020,weighted,SHAP,logistic_regression,Sex,lab,total,10,0.111374980332747,0.08259185697518566,0.028783123357561353,7.301700994653205,4.556319754267821e-05,0.000212628255199165
2017-2020,weighted,SHAP,logistic_regression,Smoker,lab,total,10,0.039557217132278624,0.018184564201259492,0.02137265293101913,2.9471475160979543,0.016296299919247432,0.02444444987887115
2017-2020,weighted,SHAP,logistic_regression,Stroke,lab,total,10,0.009186907046273186,0.012504747802257025,-0.0033178407559838383,-3.7198526819525037,0.00477171116186533,0.008713559512971472
2017-2020,weighted,SHAP,random_forest,Age,lab,total,10,0.1939556579698246,0.18456017033533167,0.009395487634492928,4.406350336956422,0.0017045935617155297,0.003977384977336236
2017-2020,weighted,SHAP,random_forest,AnyHealthcare,lab,total,10,0.01140227945933833,0.008872899694359383,0.002529379764978949,5.135685028325922,0.0006148548228754135,0.0019864540431359513
2017-2020,weighted,SHAP,random_forest,BMI,lab,total,10,0.1679527924044268,0.1533939091805779,0.014558883223848879,6.430901719685021,0.00012081184893048825,0.0005074097655080506
2017-2020,weighted,SHAP,random_forest,Education,lab,total,10,0.05438848198691606,0.04535766042768209,0.009030821559233963,8.086905839301624,2.0302139144821973e-05,0.00010658623051031536
2017-2020,weighted,SHAP,random_forest,GenHlth,lab,total,10,0.14436622957565087,0.13424504653248803,0.010121183043162823,4.0738290074000485,0.0027836258975800295,0.005598775160645066
2017-2020,weighted,SHAP,random_forest,HeartDiseaseorAttack,lab,total,10,0.027837524670818948,0.044575259683064146,-0.016737735012245198,-8.156554355166364,1.8953434541111972e-05,0.00010658623051031536
2017-2020,weighted,SHAP,random_forest,HighBP,lab,total,10,0.117075665113287,0.16367740698698655,-0.046601741873699525,-24.026953945919544,1.7909977696809617e-09,7.522190632660039e-08
2017-2020,weighted,SHAP,random_forest,HighChol,lab,total,10,0.07653279208758816,0.07495636541359561,0.001576426673992555,0.7734222867028248,0.45910400126531065,0.4820592013285762
2017-2020,weighted,SHAP,random_forest,Income,lab,total,10,0.0547721490643993,0.04493145670388663,0.009840692360512665,10.542804773441024,2.3006942492205827e-06,2.5310755657822167e-05
2017-2020,weighted,SHAP,random_forest,MentHlth,lab,total,10,0.026430776987595578,0.02095463030113822,0.005476146686457363,8.39965235714779,1.4963601291820756e-05,0.0001047452090427453
2017-2020,weighted,SHAP,random_forest,PhysActivity_LTPA,lab,total,10,0.04000542424843704,0.04479312917122771,-0.0047877049227906645,-1.9618249914743158,0.08140525363542458,0.10360668644508583
2017-2020,weighted,SHAP,random_forest,Sex,lab,total,10,0.0456197288870386,0.04230851667854516,0.0033112122084934447,1.7323283419696476,0.11725570112608977,0.1448452778616403
2017-2020,weighted,SHAP,random_forest,Smoker,lab,total,10,0.027866872831932225,0.02240400134369119,0.005462871488241032,10.167939646469035,3.114516715890812e-06,2.6161940413482823e-05
2017-2020,weighted,SHAP,random_forest,Stroke,lab,total,10,0.011793624712746482,0.014969547547425698,-0.0031759228346792167,-4.194693186004485,0.0023248934710634658,0.005139238199192925
2017-2020,weighted,SHAP,xgboost,Age,lab,total,10,0.2956373299832419,0.2708145318481241,0.02482279813511773,4.918852970019588,0.0008259099763245745,0.0023125479337088085
2017-2020,weighted,SHAP,xgboost,AnyHealthcare,lab,total,10,0.011837724327931547,0.007838301344673606,0.003999422983257942,3.959344135525201,0.0033075579402912316,0.0063144287951014426
2017-2020,weighted,SHAP,xgboost,BMI,lab,total,10,0.1634833234566772,0.16496421727141586,-0.0014808938147386319,-0.36742154337768296,0.721796007749002,0.7394007884258069
2017-2020,weighted,SHAP,xgboost,Education,lab,total,10,0.03526690657696679,0.03219766100537218,0.0030692455715946145,1.5280449653877086,0.1608509272101254,0.18258753899527747
2017-2020,weighted,SHAP,xgboost,GenHlth,lab,total,10,0.1626894525761333,0.14838235105039738,0.014307101525735912,4.07006150166789,0.002799387580322533,0.005598775160645066
2017-2020,weighted,SHAP,xgboost,HeartDiseaseorAttack,lab,total,10,0.015901548440123467,0.027102027359765857,-0.011200478919642388,-5.380864484102707,0.0004439916501044383,0.00169524084585331
2017-2020,weighted,SHAP,xgboost,HighBP,lab,total,10,0.06488394718846224,0.11682539405825627,-0.051941446869794,-10.484309182855434,2.4105481578878253e-06,2.5310755657822167e-05
2017-2020,weighted,SHAP,xgboost,HighChol,lab,total,10,0.04016001118538676,0.03265078716831531,0.007509224017071448,2.2642489141831006,0.0498293410662861,0.0675107201543231
2017-2020,weighted,SHAP,xgboost,Income,lab,total,10,0.04835785565130706,0.04254911445434533,0.005808741196961726,1.6229796283872964,0.13904213908838223,0.1656169483501134
2017-2020,weighted,SHAP,xgboost,MentHlth,lab,total,10,0.023682357912659317,0.026623987811864362,-0.002941629899205046,-2.353857823533597,0.043032252364444884,0.060245153310222836
2017-2020,weighted,SHAP,xgboost,PhysActivity_LTPA,lab,total,10,0.029392265272657238,0.03488567127940455,-0.0054934060067473155,-1.9676394543708968,0.08064774048465104,0.10360668644508583
2017-2020,weighted,SHAP,xgboost,Sex,lab,total,10,0.06515252307232403,0.054682451121050336,0.010470071951273682,3.0872761958235055,0.012986459187121883,0.02097812637919689
2017-2020,weighted,SHAP,xgboost,Smoker,lab,total,10,0.036213296944275955,0.029835990257830913,0.006377306686445046,3.1094568026649387,0.01252983228009876,0.02097812637919689
2017-2020,weighted,SHAP,xgboost,Stroke,lab,total,10,0.0073414574118532555,0.010647513969183989,-0.003306056557330732,-3.5329277365765908,0.006384544669015183,0.011172953170776571
2021-2023,unweighted,PI,logistic_regression,Age,lab,total,10,0.22421446206966214,0.2424567448253371,-0.01824228275567495,-2.0770245701819916,0.06759034479027878,0.23656620676597573
2021-2023,unweighted,PI,logistic_regression,AnyHealthcare,lab,total,10,5.765303541418813e-05,0.0005484997999175279,-0.0004908467645033398,-1.0403056735025822,0.3253369973870773,0.6871012774591035
2021-2023,unweighted,PI,logistic_regression,BMI,lab,total,10,0.29673937080125845,0.2916949371679729,0.0050444336332855525,0.3342837185759073,0.7458234469292955,0.9031448235512893
2021-2023,unweighted,PI,logistic_regression,Education,lab,total,10,0.08072582068862631,0.04876363093195462,0.031962189756671686,2.2991918155854982,0.04706158244394573,0.21065859853607963
2021-2023,unweighted,PI,logistic_regression,GenHlth,lab,total,10,0.2099081677656264,0.1624487194635742,0.04745944830205221,4.677611373969956,0.0011560967414960283,0.048556063142833186
2021-2023,unweighted,PI,logistic_regression,HeartDiseaseorAttack,lab,total,10,0.010826378714836988,0.011728084440946925,-0.0009017057261099389,-0.5307414419932622,0.6084433486609195,0.8564677125649154
2021-2023,unweighted,PI,logistic_regression,HighBP,lab,total,10,0.04014153110646875,0.07056647292126669,-0.030424941814797928,-4.1892603732821225,0.0023436850621733397,0.04921738630564013
2021-2023,unweighted,PI,logistic_regression,HighChol,lab,total,10,0.09470642568013742,0.13571901051521168,-0.04101258483507424,-3.5811616082270175,0.005919991510180166,0.062159910856891744
2021-2023,unweighted,PI,logistic_regression,Income,lab,total,10,0.0015816305343253148,0.010270844370831802,-0.008689213836506487,-3.425867579598503,0.007557463898107792,0.06348269674410545
2021-2023,unweighted,PI,logistic_regression,MentHlth,lab,total,10,0.0017441335813523928,0.0003533044124369265,0.0013908291689154661,1.386098098483309,0.19909292823446928,0.49187664622633587
2021-2023,unweighted,PI,logistic_regression,PhysActivity_LTPA,lab,total,10,0.004558548182889248,0.0008833454221304132,0.0036752027607588346,1.6440697898218157,0.13457377884068447,0.3814350466696342
2021-2023,unweighted,PI,logistic_regression,Sex,lab,total,10,0.033324480927893196,0.02304976249775945,0.010274718430133752,2.2018652363544327,0.05517249009278276,0.21065859853607963
2021-2023,unweighted,PI,logistic_regression,Smoker,lab,total,10,0.0013477820600677072,0.0007449045413065556,0.0006028775187611515,0.45081578945111256,0.6627872431109313,0.8564677125649154
2021-2023,unweighted,PI,logistic_regression,Stroke,lab,total,10,0.00012361485144145735,0.0007717386893531968,-0.0006481238379117396,-0.8338922573339737,0.42591962092118424,0.813119276304079
2021-2023,unweighted,PI,random_forest,Age,lab,total,10,0.19545685992767411,0.22351471225884662,-0.028057852331172483,-2.285507855988728,0.0481269937387067,0.21065859853607963
2021-2023,unweighted,PI,random_forest,AnyHealthcare,lab,total,10,0.0011063118612279067,0.000854475608311571,0.0002518362529163356,0.24139008686938912,0.8146625939873055,0.9031448235512893
2021-2023,unweighted,PI,random_forest,BMI,lab,total,10,0.2521520645099891,0.23745026703431554,0.014701797475673595,0.8752864249892475,0.4041719348024149,0.8083438696048298
2021-2023,unweighted,PI,random_forest,Education,lab,total,10,0.06340283851242068,0.03418847917831115,0.02921435933410953,1.5273746632441028,0.1610151704860826,0.4226648225259668
2021-2023,unweighted,PI,random_forest,GenHlth,lab,total,10,0.18273257692834388,0.15292964286823016,0.02980293406011373,1.884943866746476,0.09207676354659099,0.2974787745351401
2021-2023,unweighted,PI,random_forest,HeartDiseaseorAttack,lab,total,10,0.020926757932420204,0.017838050515108415,0.0030887074173117915,0.254401853860532,0.8049024226346413,0.9031448235512893
2021-2023,unweighted,PI,random_forest,HighBP,lab,total,10,0.06556627841418337,0.10306400203335084,-0.037497723619167436,-1.2931316108527047,0.22817045657993146,0.5323977320198401
2021-2023,unweighted,PI,random_forest,HighChol,lab,total,10,0.10401719577178478,0.13628922627006246,-0.03227203049827765,-1.6361949286282504,0.1362268023820122,0.3814350466696342
2021-2023,unweighted,PI,random_forest,Income,lab,total,10,0.015355520930442146,0.01777365946113173,-0.0024181385306895863,-0.3068831665536855,0.7659139591532126,0.9031448235512893
2021-2023,unweighted,PI,random_forest,MentHlth,lab,total,10,0.006370556874396476,0.008461328844585852,-0.002090771970189376,-0.44705041398192125,0.6654031279016247,0.8564677125649154
2021-2023,unweighted,PI,random_forest,PhysActivity_LTPA,lab,total,10,0.023208358631805773,0.017389269452879032,0.00581908917892674,0.5243216252001781,0.6127218912593798,0.8564677125649154
2021-2023,unweighted,PI,random_forest,Sex,lab,total,10,0.05074695155798546,0.03419425510769185,0.016552696450293614,1.0360997694225527,0.327191084504335,0.6871012774591035
2021-2023,unweighted,PI,random_forest,Smoker,lab,total,10,0.013294955896850133,0.012278735349364177,0.0010162205474859567,0.13523270810682161,0.895404109764808,0.9401743152530484
2021-2023,unweighted,PI,random_forest,Stroke,lab,total,10,0.005662772250475903,0.0037738960178106884,0.0018888762326652142,0.5719686370112548,0.5813457814645101,0.8564677125649154
2021-2023,unweighted,PI,xgboost,Age,lab,total,10,0.3139887725916671,0.3263652851929071,-0.01237651260124004,-0.5414486057153185,0.6013424040709304,0.8564677125649154
2021-2023,unweighted,PI,xgboost,AnyHealthcare,lab,total,10,0.0019497360349846394,0.0015075221358487288,0.0004422138991359106,0.23810652187386788,0.8171310308321188,0.9031448235512893
2021-2023,unweighted,PI,xgboost,BMI,lab,total,10,0.21658542665983432,0.23256586117981262,-0.01598043451997826,-0.43624135610523457,0.6729389170152906,0.8564677125649154
2021-2023,unweighted,PI,xgboost,Education,lab,total,10,0.029652943862162183,0.02908135242769543,0.0005715914344667534,0.049244750253387135,0.9617997900746995,0.9714825732403445
2021-2023,unweighted,PI,xgboost,GenHlth,lab,total,10,0.19810827872845843,0.13326745083683716,0.06484082789162127,3.623344723761909,0.005542788276073031,0.062159910856891744
2021-2023,unweighted,PI,xgboost,HeartDiseaseorAttack,lab,total,10,0.012403671655962593,0.016657310937531596,-0.004253639281569005,-0.5331053750576048,0.6068718278301937,0.8564677125649154
2021-2023,unweighted,PI,xgboost,HighBP,lab,total,10,0.042007321368414945,0.07332619315270508,-0.03131887178429013,-2.4861342579831893,0.03464103107163045,0.2078461864297827
2021-2023,unweighted,PI,xgboost,HighChol,lab,total,10,0.07902209853636784,0.10432269647569485,-0.025300597939327023,-2.251393072566703,0.050887305444729976,0.21065859853607963
2021-2023,unweighted,PI,xgboost,Income,lab,total,10,0.03798328670818466,0.03155254979207018,0.006430736916114477,0.6461696776312372,0.5342972701632059,0.8564677125649154
2021-2023,unweighted,PI,xgboost,MentHlth,lab,total,10,0.0063518260025817825,0.008851023300747883,-0.002499197298166102,-0.43908515016261296,0.6709525120102776,0.8564677125649154
2021-2023,unweighted,PI,xgboost,PhysActivity_LTPA,lab,total,10,0.009851076630629485,0.0050811989322431285,0.004769877698386355,0.7092908694453325,0.4961065790675919,0.8564677125649154
2021-2023,unweighted,PI,xgboost,Sex,lab,total,10,0.04303676951695219,0.027580868161595377,0.015455901355356804,2.6215464438995055,0.027740506224234886,0.1941835435696442
2021-2023,unweighted,PI,xgboost,Smoker,lab,total,10,0.007616007648276646,0.008472103480513079,-0.0008560958322364351,-0.15216575864053616,0.8824127707455734,0.9401743152530484
2021-2023,unweighted,PI,xgboost,Stroke,lab,total,10,0.0014427840555232387,0.0013685839937978245,7.420006172541432e-05,0.036755147913567196,0.9714825732403445,0.9714825732403445
2021-2023,unweighted,SHAP,logistic_regression,Age,lab,total,10,0.19422928905480596,0.2045116602848792,-0.01028237123007319,-1.9802011769663406,0.07903400490222326,0.12767031561128372
2021-2023,unweighted,SHAP,logistic_regression,AnyHealthcare,lab,total,10,0.005825356877612558,0.010646062510337733,-0.004820705632725177,-1.3544573515709757,0.20861431706392544,0.26550913080863237
2021-2023,unweighted,SHAP,logistic_regression,BMI,lab,total,10,0.1840815755820496,0.17956364219641338,0.004517933385636205,1.4814879088446449,0.1726167616633459,0.2265594996831415
2021-2023,unweighted,SHAP,logistic_regression,Education,lab,total,10,0.10626281346581883,0.07974474944678628,0.02651806401903256,7.198823509619227,5.0896619078142186e-05,0.0007125526670939906
2021-2023,unweighted,SHAP,logistic_regression,GenHlth,lab,total,10,0.16049400810445602,0.13596273351718452,0.02453127458727151,4.404749582128342,0.0017085578793774843,0.0055199562256811035
2021-2023,unweighted,SHAP,logistic_regression,HeartDiseaseorAttack,lab,total,10,0.01376593761146637,0.016908359213576595,-0.003142421602110228,-1.291167456617916,0.22882139219510372,0.28266171977042226
2021-2023,unweighted,SHAP,logistic_regression,HighBP,lab,total,10,0.07164175176043444,0.09430791220650966,-0.022666160446075213,-3.4152823452148326,0.007685088034558569,0.018986688085379996
2021-2023,unweighted,SHAP,logistic_regression,HighChol,lab,total,10,0.1362865249076273,0.15613776241796018,-0.019851237510332874,-4.5004703055915565,0.0014879431627870627,0.005207801069754719
2021-2023,unweighted,SHAP,logistic_regression,Income,lab,total,10,0.01514868194857317,0.03197708092190464,-0.016828398973331472,-2.9869827255422923,0.01527551071141099,0.033766918414697984
2021-2023,unweighted,SHAP,logistic_regression,MentHlth,lab,total,10,0.00978852596738923,0.0051184841591177645,0.004670041808271466,0.8954293139122087,0.39387556858487094,0.45788520589627585
2021-2023,unweighted,SHAP,logistic_regression,PhysActivity_LTPA,lab,total,10,0.023390333587369437,0.011983324964261325,0.011407008623108112,3.5150491263285035,0.006566313110820404,0.01723657191590356
2021-2023,unweighted,SHAP,logistic_regression,Sex,lab,total,10,0.05677429110692276,0.05267953518521775,0.004094755921705001,1.6514089080998253,0.13304958953288235,0.18806384465618822
2021-2023,unweighted,SHAP,logistic_regression,Smoker,lab,total,10,0.01853463264187665,0.015618490920529068,0.0029161417213475803,0.7855761247876478,0.4523002684255335,0.49991082299664236
2021-2023,unweighted,SHAP,logistic_regression,Stroke,lab,total,10,0.0037762773835976504,0.004840202055321937,-0.0010639246717242873,-0.5032384996062882,0.6268816852255589,0.6751033533198326
2021-2023,unweighted,SHAP,random_forest,Age,lab,total,10,0.13329163400470867,0.12845532411657232,0.004836309888136341,2.2066957340541915,0.054739508093717706,0.09196237359744575
2021-2023,unweighted,SHAP,random_forest,AnyHealthcare,lab,total,10,0.009561930419137436,0.007705384099499837,0.0018565463196375989,2.7481238072047716,0.022545907010485405,0.04734640472201935
2021-2023,unweighted,SHAP,random_forest,BMI,lab,total,10,0.2047494040260613,0.189358817242176,0.015390586783885357,6.868451348682964,7.320481134967419e-05,0.0007686505191715789
2021-2023,unweighted,SHAP,random_forest,Education,lab,total,10,0.07961407089370978,0.06842038874463233,0.011193682149077469,5.235003581666941,0.0005383291417063406,0.0028262279939582882
2021-2023,unweighted,SHAP,random_forest,GenHlth,lab,total,10,0.1310377707249079,0.12481567778833495,0.006222092936572951,1.6352823512442394,0.1364195457392176,0.18806384465618822
2021-2023,unweighted,SHAP,random_forest,HeartDiseaseorAttack,lab,total,10,0.032300138610971064,0.03551786490704764,-0.0032177262960765736,-1.6240646413600324,0.13880902819861513,0.18806384465618822
2021-2023,unweighted,SHAP,random_forest,HighBP,lab,total,10,0.09902529495147211,0.12652611037460862,-0.027500815423136517,-6.528167497042585,0.00010786433524173034,0.0009060604160305349
2021-2023,unweighted,SHAP,random_forest,HighChol,lab,total,10,0.10192221368733594,0.13072030014479039,-0.028798086457454464,-8.387978506287633,1.5132526019071329e-05,0.0003177830464004979
2021-2023,unweighted,SHAP,random_forest,Income,lab,total,10,0.06009354638926395,0.05423439570948637,0.0058591506797775845,6.0253974019173775,0.0001962975802540519,0.0013740830617783634
2021-2023,unweighted,SHAP,random_forest,MentHlth,lab,total,10,0.03753938537596572,0.03524247730920169,0.0022969080667640195,2.6248115442352815,0.02759238685598757,0.05267637490688536
2021-2023,unweighted,SHAP,random_forest,PhysActivity_LTPA,lab,total,10,0.03686097751622935,0.033368491050823214,0.0034924864654061324,1.800947894670567,0.10523266919935187,0.1578490037990278
2021-2023,unweighted,SHAP,random_forest,Sex,lab,total,10,0.03862924822930561,0.032383327770971145,0.006245920458334468,8.628869354275977,1.2033404928749844e-05,0.0003177830464004979
2021-2023,unweighted,SHAP,random_forest,Smoker,lab,total,10,0.025420478483318704,0.023085667945857962,0.0023348105374607405,5.024224052087027,0.000714965283091212,0.003318202676510076
2021-2023,unweighted,SHAP,random_forest,Stroke,lab,total,10,0.009953906687612457,0.010165772795997579,-0.000211866108385122,-0.2952177939257701,0.7745246764455016,0.7745246764455016
2021-2023,unweighted,SHAP,xgboost,Age,lab,total,10,0.21165773867910978,0.21456952242976338,-0.002911783750653596,-0.4784844665291649,0.643714980318971,0.6759007293349196
2021-2023,unweighted,SHAP,xgboost,AnyHealthcare,lab,total,10,0.006270275409214943,0.009390283053448762,-0.0031200076442338197,-2.3671259941820013,0.0421068128545208,0.07368692249541141
2021-2023,unweighted,SHAP,xgboost,BMI,lab,total,10,0.22338241554639882,0.20816231527347123,0.015220100272927547,3.0213361549304367,0.014448007769893625,0.033712018129751796
2021-2023,unweighted,SHAP,xgboost,Education,lab,total,10,0.08158605224279325,0.06764575033052285,0.013940301912270414,4.219289152087623,0.0022418034076860404,0.006725410223058122
2021-2023,unweighted,SHAP,xgboost,GenHlth,lab,total,10,0.1385051453558039,0.1165345129037703,0.021970632452033602,4.019692551832422,0.0030194590858665885,0.008454485440426446
2021-2023,unweighted,SHAP,xgboost,HeartDiseaseorAttack,lab,total,10,0.016739056356033052,0.020808364175092797,-0.004069307819059746,-2.441457643521439,0.03727540457764984,0.0680681300983171
2021-2023,unweighted,SHAP,xgboost,HighBP,lab,total,10,0.06281956281985893,0.09304286708124435,-0.030223304261385427,-4.88193631351905,0.0008690530819431151,0.003318202676510076
2021-2023,unweighted,SHAP,xgboost,HighChol,lab,total,10,0.09102282660109631,0.11352356388475016,-0.022500737283653812,-5.679858684977318,0.0003019206160853532,0.0018115236965121192
2021-2023,unweighted,SHAP,xgboost,Income,lab,total,10,0.04395832246604123,0.0469041840982788,-0.0029458616322375723,-1.2183638051026908,0.25405919799181836,0.304871037590182
2021-2023,unweighted,SHAP,xgboost,MentHlth,lab,total,10,0.02826692849724429,0.025331377249540765,0.0029355512477035298,1.8540080847056262,0.09673194003283275,0.15047190671773983
2021-2023,unweighted,SHAP,xgboost,PhysActivity_LTPA,lab,total,10,0.02661401083369854,0.021078729495253926,0.005535281338444618,2.7109701354818756,0.023959409522439738,0.047918819044879477
2021-2023,unweighted,SHAP,xgboost,Sex,lab,total,10,0.04443338882014986,0.036719938301708666,0.007713450518441198,4.89782027385216,0.0008501999544065761,0.003318202676510076
2021-2023,unweighted,SHAP,xgboost,Smoker,lab,total,10,0.019769028650831307,0.020976126666233354,-0.0012070980154020492,-0.8768323490145191,0.4033750623371954,0.45788520589627585
2021-2023,unweighted,SHAP,xgboost,Stroke,lab,total,10,0.004975247721725814,0.00531246505692067,-0.00033721733519485495,-0.36815189527445624,0.7212699429398448,0.7388618927676459
2021-2023,weighted,PI,logistic_regression,Age,lab,total,10,0.24786668801290096,0.27121416294874245,-0.023347474935841415,-1.9545101377397787,0.08236783991154592,0.27054672060778306
2021-2023,weighted,PI,logistic_regression,AnyHealthcare,lab,total,10,0.0004682913854902685,0.002160585223350794,-0.0016922938378605254,-1.2325472872284762,0.24897067066817655,0.5503562193717587
2021-2023,weighted,PI,logistic_regression,BMI,lab,total,10,0.29911446094049116,0.2900312739327632,0.009083187007727958,0.6260251942515856,0.5468448349998687,0.820267252499803
2021-2023,weighted,PI,logistic_regression,Education,lab,total,10,0.0681799163789714,0.03235530998473916,0.03582460639423225,2.941929699037955,0.01643509785342812,0.11504568497399684
2021-2023,weighted,PI,logistic_regression,GenHlth,lab,total,10,0.17964711765601163,0.12415994231523955,0.05548717534077204,4.759681809885738,0.001030129217882734,0.010816356787768707
2021-2023,weighted,PI,logistic_regression,HeartDiseaseorAttack,lab,total,10,0.010344923236741684,0.009298670204138569,0.0010462530326031151,0.6752186119016875,0.516507195573571,0.8050354393400766
2021-2023,weighted,PI,logistic_regression,HighBP,lab,total,10,0.0408048884448423,0.07682820736651476,-0.03602331892167245,-4.855116950636384,0.0009019143439206723,0.010816356787768707
2021-2023,weighted,PI,logistic_regression,HighChol,lab,total,10,0.11744924767177975,0.1623057154726078,-0.04485646780082807,-3.4671781109881525,0.007080196479277204,0.05947365042592852
2021-2023,weighted,PI,logistic_regression,Income,lab,total,10,0.000944874026120922,0.005717740324287344,-0.004772866298166423,-1.585087316769199,0.14740753487195674,0.36418332144836374
2021-2023,weighted,PI,logistic_regression,MentHlth,lab,total,10,0.001444431925322094,0.0002386498710138675,0.0012057820543082264,1.6569209127583329,0.13191516695540642,0.3548617999356649
2021-2023,weighted,PI,logistic_regression,PhysActivity_LTPA,lab,total,10,0.003924972846696457,0.0008328319400399715,0.0030921409066564866,1.1941339077897186,0.2629480156346364,0.5521908328327364
2021-2023,weighted,PI,logistic_regression,Sex,lab,total,10,0.02828044251461278,0.02267009744780692,0.0056103450668058595,1.983601179703735,0.07860253779494196,0.27054672060778306
2021-2023,weighted,PI,logistic_regression,Smoker,lab,total,10,0.0015017033844252636,0.001547167618350294,-4.546423392503031e-05,-0.046363004071884185,0.9640333883208614,0.9929391928049274
2021-2023,weighted,PI,logistic_regression,Stroke,lab,total,10,2.804157559330066e-05,0.0006396453504053559,-0.0006116037748120551,-1.057820193023685,0.3177023006521239,0.6354046013042478
2021-2023,weighted,PI,random_forest,Age,lab,total,10,0.19737428990664324,0.24808572190678585,-0.05071143200014257,-1.6657036386089765,0.13012573214472842,0.3548617999356649
2021-2023,weighted,PI,random_forest,AnyHealthcare,lab,total,10,0.0,0.0005335533566718546,-0.0005335533566718546,-0.5434116086655923,0.6000453231527031,0.8622132605702617
2021-2023,weighted,PI,random_forest,BMI,lab,total,10,0.24892712926555513,0.24818578745398812,0.0007413418115670284,0.030130166251792906,0.9766208177323749,0.9929391928049274
2021-2023,weighted,PI,random_forest,Education,lab,total,10,0.05420918185572141,0.020171109978897577,0.03403807187682384,1.6411457011065138,0.13518544759453902,0.3548617999356649
2021-2023,weighted,PI,random_forest,GenHlth,lab,total,10,0.18221423309658163,0.11444218214030999,0.06777205095627166,2.340245572815031,0.04400257514509696,0.18481081560940724
2021-2023,weighted,PI,random_forest,HeartDiseaseorAttack,lab,total,10,0.02547632764474293,0.025628131780536863,-0.0001518041357939244,-0.009098299240379377,0.9929391928049274,0.9929391928049274
2021-2023,weighted,PI,random_forest,HighBP,lab,total,10,0.06065075000998203,0.11229687190825026,-0.05164612189826823,-2.4834169184866366,0.03479582056662243,0.17860690067579513
2021-2023,weighted,PI,random_forest,HighChol,lab,total,10,0.12378472780749572,0.17185584479487057,-0.04807111698737483,-1.9442170242931172,0.08374065161669476,0.27054672060778306
2021-2023,weighted,PI,random_forest,Income,lab,total,10,0.007226776259076037,0.00970520373559074,-0.0024784274765147023,-0.3360132739405101,0.7445619044754854,0.8686555552213997
2021-2023,weighted,PI,random_forest,MentHlth,lab,total,10,0.0035160796862706506,0.0005800590641442688,0.0029360206221263813,0.7476053080177687,0.4737782101024956,0.8050354393400766
2021-2023,weighted,PI,random_forest,PhysActivity_LTPA,lab,total,10,0.026047122746391614,0.012906802162053338,0.013140320584338278,0.9065680269566094,0.3882624371265527,0.7412282890597824
2021-2023,weighted,PI,random_forest,Sex,lab,total,10,0.05506971432657709,0.025655122408254093,0.029414591918322998,1.4536494369258628,0.18000718375301328,0.4200167620903643
2021-2023,weighted,PI,random_forest,Smoker,lab,total,10,0.010205147409780863,0.005242926491019015,0.004962220918761846,0.41260350269317825,0.6895526703615842,0.8622132605702617
2021-2023,weighted,PI,random_forest,Stroke,lab,total,10,0.005298519985181583,0.004710682818627504,0.0005878371665540783,0.13822142129461298,0.8931086003561113,0.9871200319725442
2021-2023,weighted,PI,xgboost,Age,lab,total,10,0.3471976015866003,0.36091770018187014,-0.013720098595269906,-0.415881812103331,0.6872377380134274,0.8622132605702617
2021-2023,weighted,PI,xgboost,AnyHealthcare,lab,total,10,0.0017023335795799907,0.002596100261331029,-0.0008937666817510385,-0.43994615116407104,0.6703516294712124,0.8622132605702617
2021-2023,weighted,PI,xgboost,BMI,lab,total,10,0.21356271569309423,0.23937684123946706,-0.0258141255463728,-0.6735441963280633,0.5175227824329064,0.8050354393400766
2021-2023,weighted,PI,xgboost,Education,lab,total,10,0.02458415126173324,0.024422298434944305,0.00016185282678893957,0.012835496154020073,0.990039062739109,0.9929391928049274
2021-2023,weighted,PI,xgboost,GenHlth,lab,total,10,0.1901464039761859,0.10118798095419627,0.08895842302198963,5.010189185733869,0.0007287676888749489,0.010816356787768707
2021-2023,weighted,PI,xgboost,HeartDiseaseorAttack,lab,total,10,0.013026646011352418,0.016203553425884386,-0.0031769074145319674,-0.44709278644125494,0.6653736641633664,0.8622132605702617
2021-2023,weighted,PI,xgboost,HighBP,lab,total,10,0.03782395139094319,0.08060333826945987,-0.04277938687851668,-2.478474051892844,0.03507915586902686,0.17860690067579513
2021-2023,weighted,PI,xgboost,HighChol,lab,total,10,0.08165848044379599,0.12014275222584996,-0.03848427178205398,-4.774860204890113,0.0010084914313694938,0.010816356787768707
2021-2023,weighted,PI,xgboost,Income,lab,total,10,0.020529120776070733,0.016795291737137404,0.0037338290389333263,0.40070643592973154,0.6979821633187833,0.8622132605702617
2021-2023,weighted,PI,xgboost,MentHlth,lab,total,10,0.006204979618128005,0.00449027453616003,0.001714705081967974,0.34172121922313986,0.7404042395401732,0.8686555552213997
2021-2023,weighted,PI,xgboost,PhysActivity_LTPA,lab,total,10,0.01021475756271584,0.003649024359422579,0.006565733203293261,0.8457678214736691,0.41959959020652843,0.7662253386380083
2021-2023,weighted,PI,xgboost,Sex,lab,total,10,0.043398474076078074,0.023232351312715414,0.02016612276336266,2.4253568570710735,0.03827290728767038,0.17860690067579513
2021-2023,weighted,PI,xgboost,Smoker,lab,total,10,0.008242792068291857,0.006139649631402707,0.0021031424368891495,0.23849582012046244,0.8168382619542639,0.9272218108670022
2021-2023,weighted,PI,xgboost,Stroke,lab,total,10,0.0017075919554302907,0.0002428434301588683,0.0014647485252714224,0.7032461754307296,0.49968869969288277,0.8050354393400766
2021-2023,weighted,SHAP,logistic_regression,Age,lab,total,10,0.20376841613724245,0.21454126256229805,-0.01077284642505564,-1.9959556421238027,0.07705354685800492,0.11986107289022987
2021-2023,weighted,SHAP,logistic_regression,AnyHealthcare,lab,total,10,0.006094726929958722,0.011108774252964792,-0.005014047323006069,-1.350323130006181,0.20988657087957635,0.26712836293764264
2021-2023,weighted,SHAP,logistic_regression,BMI,lab,total,10,0.18391803456991287,0.17941147928460924,0.0045065552853036485,1.4739230404227543,0.17459831250841767,0.23693642409198667
2021-2023,weighted,SHAP,logistic_regression,Education,lab,total,10,0.10410028475645532,0.07811812927353383,0.025982155482921477,7.21434495172138,5.0049931757348755e-05,0.0005255242834521619
2021-2023,weighted,SHAP,logistic_regression,GenHlth,lab,total,10,0.15967476059826843,0.13521485734077265,0.024459903257495762,4.351009439881503,0.001847531511145405,0.006295525613075039
2021-2023,weighted,SHAP,logistic_regression,HeartDiseaseorAttack,lab,total,10,0.012236722823596466,0.015065575738745531,-0.0028288529151490657,-1.2950196811558232,0.22754619437662976,0.281086475406425
2021-2023,weighted,SHAP,logistic_regression,HighBP,lab,total,10,0.06893351415015926,0.09076186309216534,-0.02182834894200609,-3.3673578820674854,0.008291693117902423,0.02048535946775893
2021-2023,weighted,SHAP,logistic_regression,HighChol,lab,total,10,0.1342953044648433,0.1538277271142061,-0.019532422649362793,-4.553883484336343,0.0013782640672154289,0.005262462802095274
2021-2023,weighted,SHAP,logistic_regression,Income,lab,total,10,0.015125796704738481,0.03192238675311738,-0.016796590048378895,-2.9657607090877636,0.01581089128184438,0.033202871691873206
2021-2023,weighted,SHAP,logistic_regression,MentHlth,lab,total,10,0.009528849472965445,0.004958598529415074,0.0045702509435503694,0.909213227498014,0.3869378774949571,0.45142752374411665
2021-2023,weighted,SHAP,logistic_regression,PhysActivity_LTPA,lab,total,10,0.022926974944623278,0.011762768981787398,0.011164205962835882,3.5302779140158695,0.006411148605143541,0.01900338286551111
2021-2023,weighted,SHAP,logistic_regression,Sex,lab,total,10,0.05759005751126389,0.053452950805836674,0.0041371067054272225,1.6637812147850815,0.13051551974545098,0.1890224768727221
2021-2023,weighted,SHAP,logistic_regression,Smoker,lab,total,10,0.018457001384849212,0.015558954393364794,0.0028980469914844185,0.7816609432577735,0.4544846649953147,0.5159015116163032
2021-2023,weighted,SHAP,logistic_regression,Stroke,lab,total,10,0.003349555551122912,0.004294671877183158,-0.0009451163260602469,-0.5185107857285941,0.6166079913714042,0.6474383909399745
2021-2023,weighted,SHAP,random_forest,Age,lab,total,10,0.16546906740866232,0.1598598785168531,0.0056091888918092195,2.331577852068599,0.04463165856937878,0.07810540249641286
2021-2023,weighted,SHAP,random_forest,AnyHealthcare,lab,total,10,0.00947570441626271,0.007826239473968825,0.0016494649422938838,2.3324214978201323,0.04457004095963025,0.07810540249641286
2021-2023,weighted,SHAP,random_forest,BMI,lab,total,10,0.19737376202494183,0.18289544765550642,0.014478314369435382,7.830023969659649,2.626710856482185e-05,0.0003677395199075059
2021-2023,weighted,SHAP,random_forest,Education,lab,total,10,0.07225885798148507,0.0627263777504416,0.009532480231043472,5.536639373288034,0.00036261584685105266,0.002175695081106316
2021-2023,weighted,SHAP,random_forest,GenHlth,lab,total,10,0.1304558265097566,0.12236683297770341,0.008088993532053196,2.194546451598905,0.05583487823595218,0.09019480330423045
2021-2023,weighted,SHAP,random_forest,HeartDiseaseorAttack,lab,total,10,0.029571722303339855,0.032089195074577546,-0.0025174727712377032,-1.4465388961621022,0.18193852803890231,0.23879431805105927
2021-2023,weighted,SHAP,random_forest,HighBP,lab,total,10,0.09798458528617257,0.12466859236785169,-0.026684007081679124,-6.303345122283724,0.00014042507112123727,0.0011795705974183932
2021-2023,weighted,SHAP,random_forest,HighChol,lab,total,10,0.10296335005233104,0.13084483253959045,-0.02788148248725944,-8.387762497355888,1.5135671420212825e-05,0.0003178490998244693
2021-2023,weighted,SHAP,random_forest,Income,lab,total,10,0.05777577210574494,0.0521446391119695,0.005631132993775428,5.325531684590723,0.0004774883959266822,0.0025068140786150815
2021-2023,weighted,SHAP,random_forest,MentHlth,lab,total,10,0.0350728453689644,0.03299156562000623,0.0020812797489581695,2.60458612261384,0.028522881488365546,0.05704576297673109
2021-2023,weighted,SHAP,random_forest,PhysActivity_LTPA,lab,total,10,0.03479655880509176,0.03185868436225965,0.002937874442832109,1.4728475192905013,0.17488164635360923,0.23693642409198667
2021-2023,weighted,SHAP,random_forest,Sex,lab,total,10,0.03374555334009727,0.028483088953757098,0.005262464386340175,9.629022306910489,4.897006624500066e-06,0.00020567427822900278
2021-2023,weighted,SHAP,random_forest,Smoker,lab,total,10,0.024093523791626756,0.021871587035697256,0.0022219367559295016,5.641923004685389,0.00031684432484446165,0.002175695081106316
2021-2023,weighted,SHAP,random_forest,Stroke,lab,total,10,0.008962870605522906,0.009373038559817162,-0.0004101679542942554,-0.5381279647530828,0.6035399402202591,0.6474383909399745
2021-2023,weighted,SHAP,xgboost,Age,lab,total,10,0.24736155216324202,0.24635366202592532,0.0010078901373166526,0.13801209214385762,0.8932693436121422,0.8932693436121422
2021-2023,weighted,SHAP,xgboost,AnyHealthcare,lab,total,10,0.00634429146105224,0.009347298499385216,-0.003003007038332976,-2.357468278659958,0.04277845447723851,0.07810540249641286
2021-2023,weighted,SHAP,xgboost,BMI,lab,total,10,0.21975441564265016,0.2057983467452019,0.01395606889744828,3.30701378605844,0.009127256257756976,0.02129693126809961
2021-2023,weighted,SHAP,xgboost,Education,lab,total,10,0.07519023504032415,0.06433064440423666,0.010859590636087496,3.3939116504728792,0.007949656624679207,0.02048535946775893
2021-2023,weighted,SHAP,xgboost,GenHlth,lab,total,10,0.1359373825122518,0.11300073582264167,0.022936646689610145,4.314565663752416,0.0019486150707137026,0.006295525613075039
2021-2023,weighted,SHAP,xgboost,HeartDiseaseorAttack,lab,total,10,0.013900676897609515,0.017259308486527368,-0.0033586315889178506,-2.2565570089211864,0.05045972300324692,0.08477233464545482
2021-2023,weighted,SHAP,xgboost,HighBP,lab,total,10,0.05955765545003492,0.08862558805801146,-0.029067932607976542,-4.656872378658193,0.0011904806255008057,0.005000018627103384
2021-2023,weighted,SHAP,xgboost,HighChol,lab,total,10,0.08925144918839467,0.11150685467208613,-0.02225540548369146,-5.111306661323731,0.0006353822084847471,0.0029651169729288203
2021-2023,weighted,SHAP,xgboost,Income,lab,total,10,0.042484678266652504,0.04597657831510133,-0.0034919000484488253,-1.2648513885360877,0.23769299917323305,0.28523159900787964
2021-2023,weighted,SHAP,xgboost,MentHlth,lab,total,10,0.026210739845220786,0.023296067962719127,0.0029146718825016596,1.7493903650157843,0.11415315777879481,0.17122973666819222
2021-2023,weighted,SHAP,xgboost,PhysActivity_LTPA,lab,total,10,0.024256729356394998,0.019224024417382503,0.005032704939012496,3.1997591430359784,0.010835489891094808,0.023952135548735893
2021-2023,weighted,SHAP,xgboost,Sex,lab,total,10,0.03688134213211838,0.03139595383136536,0.0054853883007530205,3.494034034735566,0.0067869224519682535,0.01900338286551111
2021-2023,weighted,SHAP,xgboost,Smoker,lab,total,10,0.018706337185423118,0.019390249135676794,-0.0006839119502536804,-0.5547646785432132,0.5925729133150349,0.6474383909399745
2021-2023,weighted,SHAP,xgboost,Stroke,lab,total,10,0.004162514858630734,0.004494687623739159,-0.00033217276510842317,-0.4152003799704049,0.6877186394265075,0.7044922647783736
