axis,level_1,level_2,cycle,seed,weighting,method,model,label,n_features,size_A1,size_A2,J_A,J_B,J_C,OC_A,size_ratio_A,contradiction_A,A_only_1,A_only_2,spearman,kendall_tau_b,weighted_tau,top5_order_identical,top5,top6,top7,top10,rbo_ext_p90,rbo_ext_p80,rbo_ext_p50
label,diag,lab,2017-2020,0,unweighted,SHAP,xgboost,,14,4,3,0.75,0.4286,0.5714,1.0,0.75,0,HighBP,,0.8989,0.7582,0.845,0,1.0,1.0,0.8571,0.9,0.9006,0.8643,0.8567
label,diag,total,2017-2020,0,unweighted,SHAP,xgboost,,14,4,4,1.0,0.6667,0.6667,1.0,1.0,0,,,0.978,0.9121,0.9296,0,1.0,1.0,0.8571,1.0,0.9393,0.9062,0.8734
label,lab,total,2017-2020,0,unweighted,SHAP,xgboost,,14,3,4,0.75,0.5,0.5,1.0,0.75,0,,HighBP,0.9033,0.7582,0.8764,0,1.0,1.0,0.8571,0.9,0.9434,0.9433,0.9817
label,diag,lab,2017-2020,0,unweighted,SHAP,random_forest,,14,5,5,1.0,0.8,0.8,1.0,1.0,0,,,0.9297,0.8022,0.8774,0,1.0,0.8333,0.7143,1.0,0.935,0.9214,0.9528
label,diag,total,2017-2020,0,unweighted,SHAP,random_forest,,14,5,5,1.0,1.0,1.0,1.0,1.0,0,,,0.9912,0.956,0.9536,0,1.0,1.0,1.0,1.0,0.9528,0.9189,0.875
label,lab,total,2017-2020,0,unweighted,SHAP,random_forest,,14,5,5,1.0,0.8,0.8,1.0,1.0,0,,,0.9253,0.8022,0.843,0,1.0,0.8333,0.7143,1.0,0.8922,0.8425,0.8278
label,diag,lab,2017-2020,0,unweighted,SHAP,logistic_regression,,14,5,5,1.0,0.1667,0.375,1.0,1.0,0,,,0.7978,0.6703,0.8475,0,1.0,1.0,0.8571,0.8,0.9338,0.9372,0.9815
label,diag,total,2017-2020,0,unweighted,SHAP,logistic_regression,,14,5,5,1.0,0.2857,0.2857,1.0,1.0,0,,,0.7802,0.6703,0.8548,1,1.0,1.0,0.8571,0.8,0.9552,0.9648,0.9972
label,lab,total,2017-2020,0,unweighted,SHAP,logistic_regression,,14,5,5,1.0,0.6,0.6667,1.0,1.0,0,,,0.8418,0.6923,0.8551,0,1.0,1.0,0.8571,0.9,0.9436,0.9451,0.9821
model,xgboost,random_forest,2017-2020,0,unweighted,SHAP,,diag,14,4,5,0.8,0.5,0.6667,1.0,0.8,0,,HighChol,0.9429,0.8242,0.8527,0,0.8,0.6667,0.8571,1.0,0.8797,0.8259,0.8205
model,xgboost,logistic_regression,2017-2020,0,unweighted,SHAP,,diag,14,4,5,0.8,0.3333,0.5714,1.0,0.8,0,,Sex,0.7275,0.6044,0.8196,1,1.0,0.8333,0.8571,0.8,0.9396,0.9505,0.9945
model,random_forest,logistic_regression,2017-2020,0,unweighted,SHAP,,diag,14,5,5,0.6667,0.2857,0.5,0.8,1.0,1,HighChol,Sex,0.7714,0.6044,0.7651,0,0.8,0.8333,0.8571,0.8,0.8592,0.8151,0.8218
model,xgboost,random_forest,2017-2020,0,unweighted,SHAP,,lab,14,3,5,0.6,0.4286,0.6667,1.0,0.6,0,,"HighBP,HighChol",0.8462,0.6923,0.8188,0,0.8,0.6667,0.7143,0.9,0.9138,0.9065,0.9698
model,xgboost,logistic_regression,2017-2020,0,unweighted,SHAP,,lab,14,3,5,0.6,0.2857,0.5714,1.0,0.6,0,,"HighBP,Sex",0.7846,0.6484,0.8061,0,1.0,0.8333,0.8571,0.9,0.8984,0.8731,0.8696
model,random_forest,logistic_regression,2017-2020,0,unweighted,SHAP,,lab,14,5,5,0.6667,0.1667,0.5714,0.8,1.0,1,HighChol,Sex,0.6835,0.5165,0.7315,0,0.8,0.8333,0.7143,0.8,0.8524,0.819,0.8465
model,xgboost,random_forest,2017-2020,0,unweighted,SHAP,,total,14,4,5,0.8,0.8333,1.0,1.0,0.8,0,,HighChol,0.9033,0.7802,0.8277,0,0.8,0.6667,0.7143,1.0,0.8661,0.8132,0.8189
model,xgboost,logistic_regression,2017-2020,0,unweighted,SHAP,,total,14,4,5,0.8,0.375,0.3333,1.0,0.8,0,,Sex,0.8066,0.6703,0.8092,0,1.0,0.8333,0.7143,0.8,0.9009,0.8726,0.869
model,random_forest,logistic_regression,2017-2020,0,unweighted,SHAP,,total,14,5,5,0.6667,0.25,0.3333,0.8,1.0,1,HighChol,Sex,0.8066,0.6264,0.7413,0,0.8,0.8333,0.8571,0.8,0.8624,0.8158,0.8217
label,diag,lab,2017-2020,0,unweighted,PI,xgboost,,14,3,3,1.0,0.4,0.6667,1.0,1.0,0,,,0.8023,0.6481,0.7796,0,0.8,0.8333,0.7143,0.9,0.8867,0.8546,0.8624
label,diag,total,2017-2020,0,unweighted,PI,xgboost,,14,3,4,0.75,0.5,0.7143,1.0,0.75,0,,HighBP,0.8934,0.7845,0.8722,0,1.0,1.0,0.8571,0.9,0.9114,0.886,0.8723
label,lab,total,2017-2020,0,unweighted,PI,xgboost,,14,3,4,0.75,0.3333,0.625,1.0,0.75,0,,HighBP,0.8798,0.7765,0.8772,0,0.8,0.8333,0.8571,0.9,0.949,0.9502,0.9892
label,diag,lab,2017-2020,0,unweighted,PI,random_forest,,14,4,5,0.8,0.6667,0.8,1.0,0.8,0,,HighChol,0.9083,0.7978,0.8825,0,1.0,0.8333,1.0,0.9,0.9168,0.8896,0.8715
label,diag,total,2017-2020,0,unweighted,PI,random_forest,,14,4,4,1.0,0.6667,0.6667,1.0,1.0,0,,,0.9083,0.809,0.8619,0,1.0,1.0,0.8571,0.9,0.9,0.8548,0.8313
label,lab,total,2017-2020,0,unweighted,PI,random_forest,,14,5,4,0.8,0.6667,0.8,1.0,0.8,0,HighChol,,0.9512,0.8636,0.9166,0,1.0,0.8333,0.8571,1.0,0.9416,0.9292,0.9541
label,diag,lab,2017-2020,0,unweighted,PI,logistic_regression,,14,4,3,0.75,0.5,0.875,1.0,0.75,0,HighBP,,0.7867,0.6405,0.8065,0,0.8,0.8333,0.8571,0.8,0.9052,0.8948,0.9467
label,diag,total,2017-2020,0,unweighted,PI,logistic_regression,,14,4,4,1.0,0.75,0.8571,1.0,1.0,0,,,0.9648,0.8889,0.9271,0,1.0,0.8333,1.0,0.9,0.9485,0.9348,0.9549
label,lab,total,2017-2020,0,unweighted,PI,logistic_regression,,14,3,4,0.75,0.4,0.75,1.0,0.75,0,,HighBP,0.8398,0.7079,0.8622,0,0.8,1.0,0.8571,0.8,0.948,0.9536,0.9914
model,xgboost,random_forest,2017-2020,0,unweighted,PI,,diag,14,3,4,0.75,0.5,0.7143,1.0,0.75,0,,HighBP,0.8933,0.7735,0.8772,0,1.0,1.0,0.8571,0.8,0.9308,0.9235,0.9556
model,xgboost,logistic_regression,2017-2020,0,unweighted,PI,,diag,14,3,4,0.75,0.75,1.0,1.0,0.75,0,,HighBP,0.9417,0.8398,0.9136,0,1.0,1.0,1.0,0.8,0.9491,0.94,0.9574
model,random_forest,logistic_regression,2017-2020,0,unweighted,PI,,diag,14,4,4,1.0,0.6,0.7143,1.0,1.0,0,,,0.8987,0.8,0.9074,1,1.0,1.0,0.8571,0.9,0.9638,0.9699,0.9973
model,xgboost,random_forest,2017-2020,0,unweighted,PI,,lab,14,3,5,0.6,0.3333,0.5,1.0,0.6,0,,"HighBP,HighChol",0.817,0.6822,0.7715,0,0.8,0.8333,0.8571,0.9,0.8663,0.8185,0.8218
model,xgboost,logistic_regression,2017-2020,0,unweighted,PI,,lab,14,3,3,1.0,0.2,0.6,1.0,1.0,0,,,0.692,0.5781,0.7622,0,0.8,0.6667,0.7143,0.8,0.8666,0.8371,0.8596
model,random_forest,logistic_regression,2017-2020,0,unweighted,PI,,lab,14,5,3,0.6,0.1429,0.5,1.0,0.6,0,"HighBP,HighChol",,0.6984,0.5341,0.7329,0,0.8,0.8333,0.8571,0.7,0.8458,0.805,0.8213
model,xgboost,random_forest,2017-2020,0,unweighted,PI,,total,14,4,4,1.0,0.6667,0.6667,1.0,1.0,0,,,0.9531,0.8672,0.889,0,1.0,1.0,0.8571,1.0,0.9017,0.8564,0.8314
model,xgboost,logistic_regression,2017-2020,0,unweighted,PI,,total,14,4,4,1.0,0.5,0.5714,1.0,1.0,0,,,0.8321,0.6974,0.8293,0,1.0,0.8333,0.8571,0.8,0.8946,0.8705,0.8695
model,random_forest,logistic_regression,2017-2020,0,unweighted,PI,,total,14,4,4,1.0,0.2857,0.375,1.0,1.0,0,,,0.8332,0.6742,0.7749,0,1.0,0.8333,0.8571,0.8,0.8755,0.8322,0.8279
method,SHAP,PI,2017-2020,0,unweighted,,xgboost,diag,14,4,3,0.75,0.6,0.8571,1.0,0.75,0,HighBP,,0.8154,0.6923,0.8443,0,0.8,0.6667,0.8571,0.9,0.9322,0.9345,0.9863
method,SHAP,PI,2017-2020,0,unweighted,,xgboost,lab,14,3,3,1.0,0.2857,0.4444,1.0,1.0,0,,,0.6978,0.5571,0.7625,0,0.8,0.6667,0.7143,0.8,0.8939,0.8908,0.9688
method,SHAP,PI,2017-2020,0,unweighted,,xgboost,total,14,4,4,1.0,0.5714,0.5,1.0,1.0,0,,,0.8045,0.6936,0.8306,0,0.8,0.6667,0.7143,0.9,0.9234,0.9255,0.9849
method,SHAP,PI,2017-2020,0,unweighted,,random_forest,diag,14,5,4,0.8,0.4286,0.5,1.0,0.8,0,HighChol,,0.7877,0.5967,0.751,0,1.0,1.0,0.8571,0.8,0.88,0.8401,0.8305
method,SHAP,PI,2017-2020,0,unweighted,,random_forest,lab,14,5,5,1.0,0.5,0.5,1.0,1.0,0,,,0.7572,0.5587,0.7192,0,1.0,0.8333,0.7143,0.9,0.8664,0.8244,0.8269
method,SHAP,PI,2017-2020,0,unweighted,,random_forest,total,14,5,4,0.8,0.4286,0.5,1.0,0.8,0,HighChol,,0.8676,0.7822,0.904,1,1.0,1.0,0.8571,0.9,0.9533,0.9641,0.9972
method,SHAP,PI,2017-2020,0,unweighted,,logistic_regression,diag,14,5,4,0.8,0.4,0.7143,1.0,0.8,0,Sex,,0.8383,0.6851,0.8305,0,0.8,0.8333,0.8571,0.8,0.916,0.9038,0.9474
method,SHAP,PI,2017-2020,0,unweighted,,logistic_regression,lab,14,5,3,0.6,0.2,0.75,1.0,0.6,0,"HighBP,Sex",,0.8896,0.7599,0.885,0,1.0,1.0,1.0,0.8,0.9505,0.9519,0.9832
method,SHAP,PI,2017-2020,0,unweighted,,logistic_regression,total,14,5,4,0.8,0.2857,0.4286,1.0,0.8,0,Sex,,0.9109,0.7956,0.8998,0,0.8,1.0,0.8571,0.8,0.9554,0.9588,0.9917
label,diag,lab,2017-2020,0,weighted,SHAP,xgboost,,14,4,3,0.75,0.4286,0.5714,1.0,0.75,0,HighBP,,0.9473,0.8242,0.8787,0,1.0,1.0,1.0,0.9,0.9174,0.879,0.8584
label,diag,total,2017-2020,0,weighted,SHAP,xgboost,,14,4,4,1.0,0.8,0.8333,1.0,1.0,0,,,0.9604,0.8681,0.9105,0,1.0,1.0,0.8571,0.9,0.9306,0.8998,0.8731
label,lab,total,2017-2020,0,weighted,SHAP,xgboost,,14,3,4,0.75,0.5,0.7143,1.0,0.75,0,,HighBP,0.956,0.8681,0.9285,0,1.0,1.0,0.8571,0.9,0.9574,0.9542,0.9824
label,diag,lab,2017-2020,0,weighted,SHAP,random_forest,,14,5,5,1.0,0.8,0.8,1.0,1.0,0,,,0.9341,0.8242,0.8614,0,1.0,0.8333,0.8571,1.0,0.8966,0.848,0.8289
label,diag,total,2017-2020,0,weighted,SHAP,random_forest,,14,5,5,1.0,1.0,1.0,1.0,1.0,0,,,0.978,0.9121,0.9559,1,1.0,0.8333,1.0,1.0,0.9762,0.9782,0.9966
label,lab,total,2017-2020,0,weighted,SHAP,random_forest,,14,5,5,1.0,0.8,0.8,1.0,1.0,0,,,0.9429,0.8242,0.863,0,1.0,1.0,0.8571,1.0,0.9037,0.8556,0.831
label,diag,lab,2017-2020,0,weighted,SHAP,logistic_regression,,14,5,5,1.0,0.1667,0.375,1.0,1.0,0,,,0.8066,0.6923,0.8564,0,1.0,1.0,0.8571,0.8,0.9338,0.9372,0.9815
label,diag,total,2017-2020,0,weighted,SHAP,logistic_regression,,14,5,5,1.0,0.5,0.5,1.0,1.0,0,,,0.7978,0.6923,0.8656,1,1.0,1.0,0.8571,0.8,0.96,0.9685,0.9974
label,lab,total,2017-2020,0,weighted,SHAP,logistic_regression,,14,5,5,1.0,0.6,0.6667,1.0,1.0,0,,,0.8418,0.6923,0.8551,0,1.0,1.0,0.8571,0.9,0.9436,0.9451,0.9821
model,xgboost,random_forest,2017-2020,0,weighted,SHAP,,diag,14,4,5,0.8,0.6667,0.8,1.0,0.8,0,,HighChol,0.9297,0.7582,0.7972,0,0.8,0.6667,0.8571,1.0,0.8775,0.8249,0.8205
model,xgboost,logistic_regression,2017-2020,0,weighted,SHAP,,diag,14,4,5,0.8,0.125,0.25,1.0,0.8,0,,Sex,0.7099,0.5824,0.8094,1,1.0,0.8333,0.8571,0.8,0.9348,0.9467,0.9943
model,random_forest,logistic_regression,2017-2020,0,weighted,SHAP,,diag,14,5,5,0.6667,0.125,0.2857,0.8,1.0,1,HighChol,Sex,0.6879,0.5165,0.698,0,0.8,0.8333,0.7143,0.8,0.8468,0.8039,0.8205
model,xgboost,random_forest,2017-2020,0,weighted,SHAP,,lab,14,3,5,0.6,0.2857,0.5714,1.0,0.6,0,,"HighBP,HighChol",0.9165,0.8022,0.878,0,0.8,0.8333,0.8571,0.9,0.9344,0.9269,0.9736
model,xgboost,logistic_regression,2017-2020,0,weighted,SHAP,,lab,14,3,5,0.6,0.3333,0.7143,1.0,0.6,0,,"HighBP,Sex",0.7978,0.6703,0.8243,0,1.0,0.8333,0.8571,0.9,0.9044,0.8784,0.8701
model,random_forest,logistic_regression,2017-2020,0,weighted,SHAP,,lab,14,5,5,0.6667,0.1667,0.5714,0.8,1.0,1,HighChol,Sex,0.6923,0.5165,0.7284,0,0.8,0.8333,0.7143,0.8,0.8556,0.821,0.8465
model,xgboost,random_forest,2017-2020,0,weighted,SHAP,,total,14,4,5,0.8,0.5,0.6667,1.0,0.8,0,,HighChol,0.8989,0.7582,0.8124,0,0.8,0.8333,0.7143,0.9,0.8752,0.8234,0.8214
model,xgboost,logistic_regression,2017-2020,0,weighted,SHAP,,total,14,4,5,0.8,0.2857,0.4286,1.0,0.8,0,,Sex,0.8066,0.6703,0.8092,0,1.0,0.8333,0.7143,0.8,0.9009,0.8726,0.869
model,random_forest,logistic_regression,2017-2020,0,weighted,SHAP,,total,14,5,5,0.6667,0.25,0.3333,0.8,1.0,1,HighChol,Sex,0.7407,0.5604,0.7031,0,0.8,0.8333,0.7143,0.8,0.8548,0.8084,0.8206
label,diag,lab,2017-2020,0,weighted,PI,xgboost,,14,3,2,0.6667,0.375,0.5,1.0,0.6667,0,BMI,,0.7498,0.6288,0.7817,0,0.8,0.8333,0.7143,0.8,0.8992,0.8891,0.9457
label,diag,total,2017-2020,0,weighted,PI,xgboost,,14,3,3,1.0,0.6667,0.7143,1.0,1.0,0,,,0.9481,0.8765,0.9439,1,1.0,0.8333,1.0,0.9,0.9757,0.9793,0.997
label,lab,total,2017-2020,0,weighted,PI,xgboost,,14,2,3,0.6667,0.2857,0.5556,1.0,0.6667,0,,BMI,0.7366,0.5897,0.7651,0,0.8,0.6667,0.7143,0.8,0.8894,0.8781,0.9431
label,diag,lab,2017-2020,0,weighted,PI,random_forest,,14,4,3,0.75,0.5,0.7143,1.0,0.75,0,HighBP,,0.8204,0.6872,0.8462,0,1.0,0.8333,0.8571,0.7,0.9115,0.9084,0.9532
label,diag,total,2017-2020,0,weighted,PI,random_forest,,14,4,4,1.0,0.6667,0.6667,1.0,1.0,0,,,0.8713,0.7735,0.8826,0,1.0,1.0,0.8571,0.9,0.9428,0.9337,0.9563
label,lab,total,2017-2020,0,weighted,PI,random_forest,,14,3,4,0.75,0.5,0.7143,1.0,0.75,0,,HighBP,0.9158,0.8316,0.926,1,1.0,0.8333,1.0,0.8,0.9547,0.965,0.9963
label,diag,lab,2017-2020,0,weighted,PI,logistic_regression,,14,4,3,0.75,0.5,0.875,1.0,0.75,0,HighBP,,0.7538,0.6264,0.8122,0,1.0,0.8333,0.8571,0.8,0.9239,0.9263,0.9789
label,diag,total,2017-2020,0,weighted,PI,logistic_regression,,14,4,4,1.0,0.6667,0.875,1.0,1.0,0,,,0.8945,0.7582,0.8916,1,1.0,1.0,0.8571,0.9,0.9638,0.9712,0.9975
label,lab,total,2017-2020,0,weighted,PI,logistic_regression,,14,3,4,0.75,0.25,0.7778,1.0,0.75,0,,HighBP,0.7099,0.5604,0.7854,0,1.0,0.8333,0.8571,0.8,0.9239,0.9263,0.9789
model,xgboost,random_forest,2017-2020,0,weighted,PI,,diag,14,3,4,0.75,0.5714,0.6667,1.0,0.75,0,,HighBP,0.9175,0.7956,0.8842,0,0.8,1.0,0.8571,0.9,0.9297,0.9174,0.9501
model,xgboost,logistic_regression,2017-2020,0,weighted,PI,,diag,14,3,4,0.75,0.5,0.7143,1.0,0.75,0,,HighBP,0.8031,0.6409,0.8236,0,0.8,0.8333,0.8571,0.8,0.9372,0.9418,0.9888
model,random_forest,logistic_regression,2017-2020,0,weighted,PI,,diag,14,4,4,1.0,0.6,0.7143,1.0,1.0,0,,,0.811,0.6484,0.8231,0,0.8,0.8333,1.0,0.8,0.913,0.9041,0.9482
model,xgboost,random_forest,2017-2020,0,weighted,PI,,lab,14,2,3,0.6667,0.5,0.75,1.0,0.6667,0,,BMI,0.7705,0.6267,0.8131,0,0.8,1.0,0.8571,0.7,0.9054,0.8984,0.9489
model,xgboost,logistic_regression,2017-2020,0,weighted,PI,,lab,14,2,3,0.6667,0.3333,0.6667,1.0,0.6667,0,,BMI,0.6289,0.5117,0.7244,0,0.8,0.6667,0.7143,0.8,0.8616,0.8451,0.9271
model,random_forest,logistic_regression,2017-2020,0,weighted,PI,,lab,14,3,3,1.0,0.4,0.6667,1.0,1.0,0,,,0.5327,0.431,0.6945,0,0.8,0.6667,0.7143,0.7,0.8789,0.8817,0.9686
model,xgboost,random_forest,2017-2020,0,weighted,PI,,total,14,3,4,0.75,0.5,0.7143,1.0,0.75,0,,HighBP,0.8818,0.7866,0.8897,0,0.8,0.8333,0.8571,0.9,0.9457,0.9464,0.9887
model,xgboost,logistic_regression,2017-2020,0,weighted,PI,,total,14,3,4,0.75,0.2,0.6667,1.0,0.75,0,,HighBP,0.7042,0.5811,0.7863,0,0.8,0.6667,0.7143,0.8,0.9068,0.9134,0.9844
model,random_forest,logistic_regression,2017-2020,0,weighted,PI,,total,14,4,4,1.0,0.1667,0.4444,1.0,1.0,0,,,0.7063,0.5525,0.7744,0,0.8,0.8333,0.7143,0.8,0.9139,0.921,0.9865
method,SHAP,PI,2017-2020,0,weighted,,xgboost,diag,14,4,3,0.75,0.5714,0.6667,1.0,0.75,0,HighBP,,0.7459,0.6188,0.8168,0,0.8,0.6667,0.7143,0.8,0.9198,0.9246,0.9853
method,SHAP,PI,2017-2020,0,weighted,,xgboost,lab,14,3,2,0.6667,0.4286,0.625,1.0,0.6667,0,BMI,,0.6334,0.4889,0.687,0,0.8,0.6667,0.7143,0.7,0.8149,0.7635,0.802
method,SHAP,PI,2017-2020,0,weighted,,xgboost,total,14,4,3,0.75,0.3333,0.625,1.0,0.75,0,HighBP,,0.7748,0.6258,0.7817,0,0.8,0.6667,0.7143,0.9,0.8786,0.8473,0.8604
method,SHAP,PI,2017-2020,0,weighted,,random_forest,diag,14,5,4,0.8,0.4286,0.5,1.0,0.8,0,HighChol,,0.7846,0.6264,0.7843,0,0.8,1.0,0.8571,0.8,0.8671,0.8256,0.8247
method,SHAP,PI,2017-2020,0,weighted,,random_forest,lab,14,5,3,0.6,0.0,0.3333,1.0,0.6,0,"HighBP,HighChol",,0.6451,0.5241,0.7356,0,0.8,0.6667,0.7143,0.8,0.8559,0.8281,0.8589
method,SHAP,PI,2017-2020,0,weighted,,random_forest,total,14,5,4,0.8,0.4286,0.5,1.0,0.8,0,HighChol,,0.7591,0.5746,0.7228,0,0.8,0.8333,0.8571,0.8,0.8576,0.8134,0.8217
method,SHAP,PI,2017-2020,0,weighted,,logistic_regression,diag,14,5,4,0.8,0.1667,0.5,1.0,0.8,0,Sex,,0.9077,0.8022,0.9039,1,1.0,0.8333,0.8571,0.9,0.9578,0.9632,0.9952
method,SHAP,PI,2017-2020,0,weighted,,logistic_regression,lab,14,5,3,0.6,0.2,0.75,1.0,0.6,0,"HighBP,Sex",,0.8857,0.7802,0.8961,1,1.0,1.0,0.8571,0.8,0.96,0.9672,0.9972
method,SHAP,PI,2017-2020,0,weighted,,logistic_regression,total,14,5,4,0.8,0.0,0.3333,1.0,0.8,0,Sex,,0.8462,0.7363,0.866,1,1.0,0.8333,0.8571,0.8,0.9501,0.9563,0.9946
label,diag,lab,2017-2020,1,unweighted,SHAP,xgboost,,14,4,4,0.6,0.5,0.6,0.75,1.0,1,HighBP,Sex,0.9297,0.8242,0.9099,0,1.0,1.0,0.8571,0.9,0.9538,0.9519,0.9824
label,diag,total,2017-2020,1,unweighted,SHAP,xgboost,,14,4,4,1.0,1.0,1.0,1.0,1.0,0,,,0.9912,0.956,0.9847,1,1.0,1.0,1.0,1.0,0.9947,0.997,0.9999
label,lab,total,2017-2020,1,unweighted,SHAP,xgboost,,14,4,4,0.6,0.5,0.6,0.75,1.0,1,Sex,HighBP,0.9429,0.8242,0.9114,0,1.0,1.0,0.8571,0.9,0.9548,0.9528,0.9824
label,diag,lab,2017-2020,1,unweighted,SHAP,random_forest,,14,5,5,1.0,0.8,0.8,1.0,1.0,0,,,0.8945,0.8022,0.8817,0,1.0,0.8333,0.8571,0.9,0.9378,0.9253,0.9538
label,diag,total,2017-2020,1,unweighted,SHAP,random_forest,,14,5,5,1.0,1.0,1.0,1.0,1.0,0,,,0.956,0.8681,0.9291,1,1.0,0.8333,0.8571,1.0,0.9686,0.9707,0.9955
label,lab,total,2017-2020,1,unweighted,SHAP,random_forest,,14,5,5,1.0,0.8,0.8,1.0,1.0,0,,,0.9604,0.8901,0.9337,0,1.0,1.0,1.0,0.9,0.9552,0.9437,0.9575
label,diag,lab,2017-2020,1,unweighted,SHAP,logistic_regression,,14,5,4,0.8,0.125,0.25,1.0,0.8,0,HighBP,,0.7011,0.5385,0.7748,0,0.8,0.8333,0.8571,0.8,0.9034,0.9047,0.9724
label,diag,total,2017-2020,1,unweighted,SHAP,logistic_regression,,14,5,4,0.8,0.3333,0.5714,1.0,0.8,0,Sex,,0.8593,0.7363,0.862,0,1.0,1.0,1.0,0.9,0.925,0.8987,0.8739
label,lab,total,2017-2020,1,unweighted,SHAP,logistic_regression,,14,4,4,0.6,0.2857,0.5714,0.75,1.0,1,Sex,HighBP,0.8418,0.6703,0.8002,0,0.8,0.8333,0.8571,0.9,0.8836,0.8435,0.8485
model,xgboost,random_forest,2017-2020,1,unweighted,SHAP,,diag,14,4,5,0.8,0.5714,0.6,1.0,0.8,0,,HighChol,0.8725,0.7363,0.8319,0,0.8,0.6667,0.7143,0.9,0.9082,0.8914,0.9438
model,xgboost,logistic_regression,2017-2020,1,unweighted,SHAP,,diag,14,4,5,0.8,0.25,0.2857,1.0,0.8,0,,Sex,0.7846,0.6484,0.8129,0,1.0,0.8333,0.8571,0.8,0.9005,0.8757,0.87
model,random_forest,logistic_regression,2017-2020,1,unweighted,SHAP,,diag,14,5,5,0.6667,0.2857,0.5,0.8,1.0,1,HighChol,Sex,0.7407,0.5604,0.7341,0,0.8,0.6667,0.7143,0.8,0.8418,0.7967,0.8181
model,xgboost,random_forest,2017-2020,1,unweighted,SHAP,,lab,14,4,5,0.5,0.25,0.5,0.75,0.8,1,Sex,"HighBP,HighChol",0.8989,0.7582,0.8566,0,0.8,0.6667,0.8571,0.9,0.922,0.9145,0.971
model,xgboost,logistic_regression,2017-2020,1,unweighted,SHAP,,lab,14,4,4,1.0,0.5714,0.5,1.0,1.0,0,,,0.833,0.7143,0.8309,0,0.8,0.8333,0.8571,0.9,0.8971,0.8654,0.8639
model,random_forest,logistic_regression,2017-2020,1,unweighted,SHAP,,lab,14,5,4,0.5,0.125,0.4286,0.75,0.8,1,"HighBP,HighChol",Sex,0.7714,0.6044,0.7538,0,0.8,0.8333,0.7143,0.9,0.8627,0.8256,0.8467
model,xgboost,random_forest,2017-2020,1,unweighted,SHAP,,total,14,4,5,0.8,0.5714,0.6,1.0,0.8,0,,HighChol,0.8857,0.7363,0.8333,0,0.8,0.6667,0.8571,0.9,0.9148,0.898,0.9449
model,xgboost,logistic_regression,2017-2020,1,unweighted,SHAP,,total,14,4,4,1.0,0.6667,0.6667,1.0,1.0,0,,,0.8593,0.7802,0.8959,1,1.0,0.8333,0.8571,0.9,0.959,0.9646,0.9954
model,random_forest,logistic_regression,2017-2020,1,unweighted,SHAP,,total,14,5,4,0.8,0.2857,0.4286,1.0,0.8,0,HighChol,,0.8022,0.6484,0.802,0,0.8,0.8333,0.8571,0.9,0.9081,0.8966,0.9467
label,diag,lab,2017-2020,1,unweighted,PI,xgboost,,14,4,4,1.0,0.3333,0.5,1.0,1.0,0,,,0.7559,0.6236,0.8245,0,1.0,1.0,0.8571,0.7,0.9137,0.9123,0.9552
label,diag,total,2017-2020,1,unweighted,PI,xgboost,,14,4,4,1.0,0.6,0.7143,1.0,1.0,0,,,0.8996,0.7516,0.8286,0,0.8,0.8333,1.0,0.9,0.8906,0.8402,0.8241
label,lab,total,2017-2020,1,unweighted,PI,xgboost,,14,4,4,1.0,0.5,0.75,1.0,1.0,0,,,0.7922,0.6843,0.8117,0,0.8,0.8333,0.8571,0.8,0.8872,0.8575,0.8633
label,diag,lab,2017-2020,1,unweighted,PI,random_forest,,14,4,4,0.6,0.2,0.75,0.75,1.0,1,HighChol,BMI,0.8805,0.7778,0.8662,0,1.0,0.8333,0.8571,0.9,0.9088,0.892,0.9376
label,diag,total,2017-2020,1,unweighted,PI,random_forest,,14,4,5,0.8,0.5,0.8571,1.0,0.8,0,,BMI,0.8841,0.7713,0.8621,0,1.0,1.0,1.0,0.8,0.9077,0.8729,0.8582
label,lab,total,2017-2020,1,unweighted,PI,random_forest,,14,4,5,0.8,0.3333,0.875,1.0,0.8,0,,HighChol,0.8387,0.7231,0.8232,0,1.0,0.8333,0.8571,0.8,0.8733,0.8312,0.8279
label,diag,lab,2017-2020,1,unweighted,PI,logistic_regression,,14,4,3,0.75,0.3333,0.625,1.0,0.75,0,HighBP,,0.8061,0.6771,0.8479,0,1.0,1.0,0.8571,0.7,0.9321,0.9356,0.9814
label,diag,total,2017-2020,1,unweighted,PI,logistic_regression,,14,4,4,1.0,0.75,0.8571,1.0,1.0,0,,,0.9383,0.8444,0.9279,1,1.0,0.8333,1.0,0.9,0.9724,0.9755,0.9965
label,lab,total,2017-2020,1,unweighted,PI,logistic_regression,,14,3,4,0.75,0.4,0.75,1.0,0.75,0,,HighBP,0.8427,0.7497,0.8726,0,1.0,0.8333,0.8571,0.7,0.9222,0.9247,0.9788
model,xgboost,random_forest,2017-2020,1,unweighted,PI,,diag,14,4,4,0.6,0.2857,0.5714,0.75,1.0,1,BMI,HighChol,0.8015,0.6633,0.8437,0,1.0,0.8333,0.8571,0.7,0.926,0.9288,0.9793
model,xgboost,logistic_regression,2017-2020,1,unweighted,PI,,diag,14,4,4,1.0,0.5,0.5714,1.0,1.0,0,,,0.8,0.663,0.8321,0,0.8,1.0,0.8571,0.8,0.9153,0.9076,0.9497
model,random_forest,logistic_regression,2017-2020,1,unweighted,PI,,diag,14,4,4,0.6,0.3333,0.7143,0.75,1.0,1,HighChol,BMI,0.9023,0.7847,0.8655,0,0.8,0.8333,1.0,0.9,0.9092,0.8883,0.933
model,xgboost,random_forest,2017-2020,1,unweighted,PI,,lab,14,4,4,1.0,0.6667,0.875,1.0,1.0,0,,,0.9779,0.9432,0.9745,1,1.0,1.0,0.8571,0.9,0.9838,0.9861,0.9986
model,xgboost,logistic_regression,2017-2020,1,unweighted,PI,,lab,14,4,3,0.75,0.75,1.0,1.0,0.75,0,HighBP,,0.9857,0.9474,0.9583,0,0.8,1.0,1.0,1.0,0.9687,0.958,0.9781
model,random_forest,logistic_regression,2017-2020,1,unweighted,PI,,lab,14,4,3,0.75,0.5,0.875,1.0,0.75,0,HighBP,,0.9639,0.8922,0.9334,0,0.8,1.0,0.8571,0.9,0.9524,0.9441,0.9767
model,xgboost,random_forest,2017-2020,1,unweighted,PI,,total,14,4,5,0.8,0.25,0.75,1.0,0.8,0,,HighChol,0.8753,0.7059,0.7736,0,0.8,0.6667,0.8571,0.9,0.865,0.8155,0.8199
model,xgboost,logistic_regression,2017-2020,1,unweighted,PI,,total,14,4,4,1.0,0.5,0.75,1.0,1.0,0,,,0.732,0.6174,0.7875,0,0.8,0.8333,0.8571,0.8,0.889,0.8611,0.8639
model,random_forest,logistic_regression,2017-2020,1,unweighted,PI,,total,14,5,4,0.8,0.6667,1.0,1.0,0.8,0,HighChol,,0.7676,0.5488,0.7464,0,0.8,0.8333,1.0,0.7,0.861,0.8195,0.8231
method,SHAP,PI,2017-2020,1,unweighted,,xgboost,diag,14,4,4,1.0,0.5714,0.5,1.0,1.0,0,,,0.8896,0.7375,0.8185,0,0.8,0.8333,0.8571,0.9,0.877,0.8275,0.8225
method,SHAP,PI,2017-2020,1,unweighted,,xgboost,lab,14,4,4,0.6,0.2857,0.5714,0.75,1.0,1,Sex,HighBP,0.7961,0.6493,0.7983,0,0.8,0.8333,0.8571,0.8,0.866,0.8318,0.8481
method,SHAP,PI,2017-2020,1,unweighted,,xgboost,total,14,4,4,1.0,0.5,0.5714,1.0,1.0,0,,,0.8267,0.7163,0.861,0,0.8,0.8333,0.8571,0.8,0.935,0.9407,0.9888
method,SHAP,PI,2017-2020,1,unweighted,,random_forest,diag,14,5,4,0.8,0.2857,0.4286,1.0,0.8,0,BMI,,0.7935,0.6406,0.7548,0,1.0,1.0,0.8571,0.7,0.8553,0.8104,0.8147
method,SHAP,PI,2017-2020,1,unweighted,,random_forest,lab,14,5,4,0.8,0.2,0.625,1.0,0.8,0,HighChol,,0.708,0.5707,0.7732,0,1.0,0.8333,0.7143,0.7,0.8751,0.8546,0.8681
method,SHAP,PI,2017-2020,1,unweighted,,random_forest,total,14,5,5,1.0,0.4,0.5714,1.0,1.0,0,,,0.8289,0.6708,0.7929,0,1.0,0.8333,0.7143,0.9,0.8686,0.8267,0.8271
method,SHAP,PI,2017-2020,1,unweighted,,logistic_regression,diag,14,5,4,0.8,0.6,0.8333,1.0,0.8,0,Sex,,0.8449,0.7735,0.8928,1,1.0,0.8333,0.8571,0.9,0.96,0.9655,0.9954
method,SHAP,PI,2017-2020,1,unweighted,,logistic_regression,lab,14,4,3,0.75,0.5,0.7143,1.0,0.75,0,Sex,,0.9082,0.8177,0.9175,0,0.8,1.0,1.0,0.8,0.9498,0.9577,0.9925
method,SHAP,PI,2017-2020,1,unweighted,,logistic_regression,total,14,4,4,1.0,0.4,0.625,1.0,1.0,0,,,0.7437,0.6188,0.7941,0,1.0,0.8333,0.8571,0.8,0.9005,0.8757,0.87
label,diag,lab,2017-2020,1,weighted,SHAP,xgboost,,14,4,3,0.75,0.4444,0.3333,1.0,0.75,0,HighBP,,0.8505,0.6923,0.8062,0,0.8,0.8333,0.8571,0.9,0.8776,0.8383,0.848
label,diag,total,2017-2020,1,weighted,SHAP,xgboost,,14,4,4,1.0,0.8571,0.75,1.0,1.0,0,,,0.9473,0.8462,0.8857,0,0.8,0.8333,0.8571,1.0,0.9105,0.8743,0.8643
label,lab,total,2017-2020,1,weighted,SHAP,xgboost,,14,3,4,0.75,0.5,0.5,1.0,0.75,0,,HighBP,0.9165,0.8022,0.8993,0,1.0,1.0,0.8571,0.9,0.944,0.9438,0.9817
label,diag,lab,2017-2020,1,weighted,SHAP,random_forest,,14,5,5,1.0,0.8,0.8,1.0,1.0,0,,,0.9385,0.8242,0.8996,0,1.0,0.8333,1.0,0.9,0.9454,0.9328,0.9549
label,diag,total,2017-2020,1,weighted,SHAP,random_forest,,14,5,5,1.0,1.0,1.0,1.0,1.0,0,,,0.978,0.9121,0.9284,0,1.0,1.0,0.8571,1.0,0.9383,0.9053,0.8734
label,lab,total,2017-2020,1,weighted,SHAP,random_forest,,14,5,5,1.0,0.8,0.8,1.0,1.0,0,,,0.9341,0.8242,0.8648,0,1.0,0.8333,0.8571,0.9,0.8928,0.8453,0.8288
label,diag,lab,2017-2020,1,weighted,SHAP,logistic_regression,,14,5,4,0.8,0.125,0.25,1.0,0.8,0,HighBP,,0.6835,0.5165,0.7663,0,0.8,0.8333,0.8571,0.8,0.9034,0.9047,0.9724
label,diag,total,2017-2020,1,weighted,SHAP,logistic_regression,,14,5,4,0.8,0.3333,0.5714,1.0,0.8,0,Sex,,0.8637,0.7582,0.9014,1,1.0,1.0,1.0,0.9,0.97,0.9787,0.9989
label,lab,total,2017-2020,1,weighted,SHAP,logistic_regression,,14,4,4,0.6,0.2857,0.5714,0.75,1.0,1,Sex,HighBP,0.8505,0.7143,0.847,0,0.8,0.8333,0.8571,0.9,0.9286,0.9235,0.9735
model,xgboost,random_forest,2017-2020,1,weighted,SHAP,,diag,14,4,5,0.8,0.7143,0.75,1.0,0.8,0,,HighChol,0.8989,0.7582,0.8157,0,0.8,0.8333,0.8571,0.9,0.8768,0.8256,0.8221
model,xgboost,logistic_regression,2017-2020,1,weighted,SHAP,,diag,14,4,5,0.8,0.375,0.3333,1.0,0.8,0,,Sex,0.7143,0.5824,0.7961,0,0.8,0.8333,0.8571,0.8,0.9264,0.9341,0.9883
model,random_forest,logistic_regression,2017-2020,1,weighted,SHAP,,diag,14,5,5,0.6667,0.2857,0.5,0.8,1.0,1,HighChol,Sex,0.7319,0.5604,0.7376,0,0.8,0.8333,0.8571,0.8,0.8544,0.8114,0.8216
model,xgboost,random_forest,2017-2020,1,weighted,SHAP,,lab,14,3,5,0.6,0.4286,0.6667,1.0,0.6,0,,"HighBP,HighChol",0.8945,0.7582,0.8595,0,0.8,0.8333,0.8571,0.9,0.9318,0.9255,0.9736
model,xgboost,logistic_regression,2017-2020,1,weighted,SHAP,,lab,14,3,4,0.75,0.5714,0.6667,1.0,0.75,0,,Sex,0.8681,0.7582,0.8494,0,0.8,0.8333,0.8571,0.9,0.9019,0.8691,0.8642
model,random_forest,logistic_regression,2017-2020,1,weighted,SHAP,,lab,14,5,4,0.5,0.125,0.4286,0.75,0.8,1,"HighBP,HighChol",Sex,0.7934,0.6044,0.7499,0,0.8,0.8333,0.7143,0.9,0.8653,0.827,0.8467
model,xgboost,random_forest,2017-2020,1,weighted,SHAP,,total,14,4,5,0.8,0.5714,0.6,1.0,0.8,0,,HighChol,0.7934,0.6044,0.7304,0,0.8,0.6667,0.7143,0.9,0.8514,0.8015,0.8181
model,xgboost,logistic_regression,2017-2020,1,weighted,SHAP,,total,14,4,4,1.0,0.6667,0.6667,1.0,1.0,0,,,0.8198,0.6703,0.8066,0,1.0,0.8333,0.7143,0.9,0.9004,0.8719,0.8688
model,random_forest,logistic_regression,2017-2020,1,weighted,SHAP,,total,14,5,4,0.8,0.2857,0.4286,1.0,0.8,0,HighChol,,0.8066,0.6264,0.7391,0,0.8,0.8333,0.8571,0.9,0.8631,0.8166,0.8217
label,diag,lab,2017-2020,1,weighted,PI,xgboost,,14,4,3,0.75,0.125,0.3333,1.0,0.75,0,HighBP,,0.6984,0.5795,0.7814,0,0.8,0.8333,0.7143,0.7,0.888,0.8812,0.9454
label,diag,total,2017-2020,1,weighted,PI,xgboost,,14,4,4,1.0,0.3333,0.5,1.0,1.0,0,,,0.7395,0.6034,0.7886,0,0.8,0.8333,0.7143,0.8,0.8928,0.8836,0.9453
label,lab,total,2017-2020,1,weighted,PI,xgboost,,14,3,4,0.75,0.25,0.7778,1.0,0.75,0,,HighBP,0.7837,0.6481,0.8351,1,1.0,0.8333,0.8571,0.8,0.9406,0.9501,0.9944
label,diag,lab,2017-2020,1,weighted,PI,random_forest,,14,4,3,0.4,0.1429,0.625,0.6667,0.75,1,"HeartDiseaseorAttack,HighBP",BMI,0.6273,0.538,0.7032,0,0.6,0.8333,0.8571,0.7,0.846,0.8211,0.909
label,diag,total,2017-2020,1,weighted,PI,random_forest,,14,4,4,0.6,0.6,1.0,0.75,1.0,1,HeartDiseaseorAttack,BMI,0.9152,0.7978,0.8702,0,0.8,0.8333,0.8571,0.9,0.9146,0.8909,0.9326
label,lab,total,2017-2020,1,weighted,PI,random_forest,,14,3,4,0.75,0.3333,0.625,1.0,0.75,0,,HighBP,0.6905,0.6096,0.779,0,0.8,0.8333,0.7143,0.8,0.9006,0.901,0.9715
label,diag,lab,2017-2020,1,weighted,PI,logistic_regression,,14,3,3,0.5,0.2,0.7778,0.6667,1.0,1,HighBP,BMI,0.8429,0.7105,0.8324,0,1.0,0.8333,0.7143,0.8,0.9001,0.8851,0.9369
label,diag,total,2017-2020,1,weighted,PI,logistic_regression,,14,3,4,0.75,0.6667,1.0,1.0,0.75,0,,BMI,0.8945,0.7802,0.879,0,1.0,1.0,0.8571,0.8,0.9437,0.9336,0.9563
label,lab,total,2017-2020,1,weighted,PI,logistic_regression,,14,3,4,0.75,0.25,0.7778,1.0,0.75,0,,HighBP,0.789,0.6872,0.8403,0,1.0,0.8333,0.7143,0.8,0.9164,0.9188,0.9778
model,xgboost,random_forest,2017-2020,1,weighted,PI,,diag,14,4,4,0.6,0.25,0.4286,0.75,1.0,1,BMI,HeartDiseaseorAttack,0.7029,0.5568,0.7805,0,0.8,0.8333,0.8571,0.8,0.906,0.9062,0.9725
model,xgboost,logistic_regression,2017-2020,1,weighted,PI,,diag,14,4,3,0.75,0.2857,0.5,1.0,0.75,0,BMI,,0.8057,0.6705,0.8471,0,0.8,1.0,0.8571,0.8,0.9373,0.9446,0.9907
model,random_forest,logistic_regression,2017-2020,1,weighted,PI,,diag,14,4,3,0.75,0.4,0.75,1.0,0.75,0,HeartDiseaseorAttack,,0.8587,0.7152,0.8401,0,0.6,0.8333,0.8571,0.8,0.9116,0.9044,0.9672
model,xgboost,random_forest,2017-2020,1,weighted,PI,,lab,14,3,3,1.0,0.75,0.875,1.0,1.0,0,,,0.9145,0.807,0.8849,0,0.6,0.8333,0.8571,0.9,0.9237,0.9134,0.9678
model,xgboost,logistic_regression,2017-2020,1,weighted,PI,,lab,14,3,3,1.0,0.5,0.7778,1.0,1.0,0,,,0.6976,0.5685,0.7919,0,1.0,0.8333,0.8571,0.7,0.9153,0.9199,0.9786
model,random_forest,logistic_regression,2017-2020,1,weighted,PI,,lab,14,3,3,1.0,0.4,0.6667,1.0,1.0,0,,,0.5942,0.5226,0.7301,0,0.6,0.6667,0.7143,0.8,0.8729,0.8699,0.9625
model,xgboost,random_forest,2017-2020,1,weighted,PI,,total,14,4,4,1.0,0.2,0.5556,1.0,1.0,0,,,0.6667,0.5571,0.7714,0,0.8,0.6667,0.5714,0.8,0.8992,0.9059,0.9833
model,xgboost,logistic_regression,2017-2020,1,weighted,PI,,total,14,4,4,1.0,0.3333,0.7778,1.0,1.0,0,,,0.5736,0.3846,0.7182,1,1.0,0.8333,0.7143,0.7,0.9201,0.9346,0.9931
model,random_forest,logistic_regression,2017-2020,1,weighted,PI,,total,14,4,4,1.0,0.5,0.75,1.0,1.0,0,,,0.8312,0.6936,0.8492,0,0.8,0.8333,0.7143,0.9,0.9361,0.9397,0.988
method,SHAP,PI,2017-2020,1,weighted,,xgboost,diag,14,4,4,1.0,0.8571,0.75,1.0,1.0,0,,,0.8146,0.6481,0.8033,0,0.8,0.6667,0.8571,0.9,0.9052,0.8918,0.9447
method,SHAP,PI,2017-2020,1,weighted,,xgboost,lab,14,3,3,1.0,0.5,0.625,1.0,1.0,0,,,0.6556,0.447,0.7154,0,1.0,0.8333,0.7143,0.7,0.8617,0.8327,0.8527
method,SHAP,PI,2017-2020,1,weighted,,xgboost,total,14,4,4,1.0,0.3333,0.5,1.0,1.0,0,,,0.6791,0.5604,0.7661,0,1.0,0.8333,0.7143,0.7,0.8749,0.8527,0.8676
method,SHAP,PI,2017-2020,1,weighted,,random_forest,diag,14,5,4,0.5,0.2857,0.6667,0.75,0.8,1,"BMI,HighChol",HeartDiseaseorAttack,0.6512,0.4917,0.6546,0,0.8,0.8333,0.7143,0.8,0.8286,0.7783,0.8049
method,SHAP,PI,2017-2020,1,weighted,,random_forest,lab,14,5,3,0.6,0.1429,0.3333,1.0,0.6,0,"HighBP,HighChol",,0.4918,0.3848,0.6377,0,0.6,0.6667,0.5714,0.7,0.8073,0.7726,0.8357
method,SHAP,PI,2017-2020,1,weighted,,random_forest,total,14,5,4,0.8,0.5,0.6667,1.0,0.8,0,HighChol,,0.8,0.6254,0.7375,0,0.8,0.6667,0.8571,0.9,0.8485,0.8032,0.8191
method,SHAP,PI,2017-2020,1,weighted,,logistic_regression,diag,14,5,3,0.6,0.1667,0.625,1.0,0.6,0,"BMI,Sex",,0.8066,0.6923,0.8305,0,1.0,0.8333,0.7143,0.8,0.9215,0.9127,0.9525
method,SHAP,PI,2017-2020,1,weighted,,logistic_regression,lab,14,4,3,0.75,0.3333,0.625,1.0,0.75,0,Sex,,0.7935,0.6639,0.845,0,0.8,1.0,0.8571,0.8,0.9363,0.945,0.9909
method,SHAP,PI,2017-2020,1,weighted,,logistic_regression,total,14,4,4,1.0,0.2,0.5556,1.0,1.0,0,,,0.789,0.6703,0.8405,1,1.0,0.8333,0.7143,0.9,0.945,0.9528,0.994
label,diag,lab,2017-2020,2,unweighted,SHAP,xgboost,,14,4,4,1.0,0.6667,0.6667,1.0,1.0,0,,,0.9341,0.8242,0.8944,0,1.0,1.0,1.0,0.8,0.9333,0.9037,0.8741
label,diag,total,2017-2020,2,unweighted,SHAP,xgboost,,14,4,4,1.0,0.8333,0.8,1.0,1.0,0,,,0.9868,0.9341,0.9348,0,1.0,0.8333,1.0,1.0,0.9392,0.9038,0.8719
label,lab,total,2017-2020,2,unweighted,SHAP,xgboost,,14,4,4,1.0,0.5714,0.5,1.0,1.0,0,,,0.9516,0.8462,0.9307,1,1.0,0.8333,1.0,0.8,0.9745,0.978,0.9969
label,diag,lab,2017-2020,2,unweighted,SHAP,random_forest,,14,5,5,1.0,0.6,0.6667,1.0,1.0,0,,,0.9297,0.8022,0.8656,0,1.0,0.8333,0.7143,1.0,0.917,0.8841,0.8694
label,diag,total,2017-2020,2,unweighted,SHAP,random_forest,,14,5,5,1.0,0.8,0.8,1.0,1.0,0,,,0.9692,0.9121,0.9528,1,1.0,0.8333,0.8571,1.0,0.9734,0.9744,0.9957
label,lab,total,2017-2020,2,unweighted,SHAP,random_forest,,14,5,5,1.0,0.8,0.8,1.0,1.0,0,,,0.956,0.8462,0.8992,0,1.0,1.0,0.8571,1.0,0.9313,0.9005,0.8731
label,diag,lab,2017-2020,2,unweighted,SHAP,logistic_regression,,14,5,4,0.8,0.375,0.3333,1.0,0.8,0,HighBP,,0.7758,0.6264,0.8287,0,1.0,1.0,0.8571,0.8,0.9312,0.9358,0.9815
label,diag,total,2017-2020,2,unweighted,SHAP,logistic_regression,,14,5,5,1.0,0.8,0.8,1.0,1.0,0,,,0.8505,0.7802,0.9076,1,1.0,1.0,0.8571,0.9,0.9698,0.9764,0.998
label,lab,total,2017-2020,2,unweighted,SHAP,logistic_regression,,14,4,5,0.8,0.25,0.2857,1.0,0.8,0,,HighBP,0.7802,0.6264,0.8291,0,1.0,1.0,0.8571,0.8,0.9371,0.941,0.982
model,xgboost,random_forest,2017-2020,2,unweighted,SHAP,,diag,14,4,5,0.8,0.8,1.0,1.0,0.8,0,,HighChol,0.9516,0.8242,0.8364,0,0.8,0.8333,0.8571,0.9,0.8914,0.8388,0.8233
model,xgboost,logistic_regression,2017-2020,2,unweighted,SHAP,,diag,14,4,5,0.8,0.4286,0.5,1.0,0.8,0,,Sex,0.8418,0.6923,0.8634,1,1.0,1.0,0.8571,0.9,0.9564,0.966,0.9973
model,random_forest,logistic_regression,2017-2020,2,unweighted,SHAP,,diag,14,5,5,0.6667,0.2857,0.5,0.8,1.0,1,HighChol,Sex,0.7582,0.5604,0.7217,0,0.8,0.8333,0.8571,0.8,0.8576,0.8134,0.8217
model,xgboost,random_forest,2017-2020,2,unweighted,SHAP,,lab,14,4,5,0.8,0.5,0.6667,1.0,0.8,0,,HighChol,0.9341,0.8022,0.8773,0,0.8,0.8333,0.8571,0.9,0.9306,0.9142,0.948
model,xgboost,logistic_regression,2017-2020,2,unweighted,SHAP,,lab,14,4,4,0.6,0.2222,0.2857,0.75,1.0,1,HighBP,Sex,0.8242,0.6703,0.813,0,1.0,1.0,0.8571,0.8,0.8893,0.8577,0.8566
model,random_forest,logistic_regression,2017-2020,2,unweighted,SHAP,,lab,14,5,4,0.5,0.1111,0.2857,0.75,0.8,1,"HighBP,HighChol",Sex,0.6703,0.5165,0.7043,0,0.8,0.8333,0.7143,0.7,0.8247,0.7756,0.8048
model,xgboost,random_forest,2017-2020,2,unweighted,SHAP,,total,14,4,5,0.8,0.5714,0.6,1.0,0.8,0,,HighChol,0.9033,0.7582,0.8218,0,0.8,0.6667,0.7143,0.9,0.8648,0.8132,0.819
model,xgboost,logistic_regression,2017-2020,2,unweighted,SHAP,,total,14,4,5,0.8,0.6667,0.8,1.0,0.8,0,,Sex,0.9121,0.8022,0.8761,0,1.0,0.8333,0.8571,0.9,0.9181,0.8874,0.8704
model,random_forest,logistic_regression,2017-2020,2,unweighted,SHAP,,total,14,5,5,0.6667,0.2857,0.5,0.8,1.0,1,HighChol,Sex,0.8945,0.7363,0.7959,0,0.8,0.8333,0.8571,0.9,0.877,0.8275,0.8225
label,diag,lab,2017-2020,2,unweighted,PI,xgboost,,14,2,3,0.6667,0.2857,0.5556,1.0,0.6667,0,,BMI,0.7492,0.6405,0.8049,0,0.8,0.6667,0.5714,0.9,0.9158,0.918,0.9838
label,diag,total,2017-2020,2,unweighted,PI,xgboost,,14,2,4,0.5,0.25,0.5,1.0,0.5,0,,"BMI,HighBP",0.9549,0.8619,0.908,0,0.8,0.6667,0.8571,1.0,0.9574,0.9532,0.9874
label,lab,total,2017-2020,2,unweighted,PI,xgboost,,14,3,4,0.75,0.375,0.4286,1.0,0.75,0,,HighBP,0.8543,0.7375,0.8717,1,1.0,0.8333,0.7143,0.9,0.9486,0.9538,0.9938
label,diag,lab,2017-2020,2,unweighted,PI,random_forest,,14,4,4,1.0,0.3333,0.5,1.0,1.0,0,,,0.8505,0.7143,0.8427,0,0.8,0.8333,0.8571,0.8,0.915,0.9029,0.9474
label,diag,total,2017-2020,2,unweighted,PI,random_forest,,14,4,4,1.0,0.5,0.75,1.0,1.0,0,,,0.8367,0.6928,0.834,0,0.8,0.8333,0.8571,0.9,0.9093,0.8993,0.9472
label,lab,total,2017-2020,2,unweighted,PI,random_forest,,14,4,4,1.0,0.6,0.7143,1.0,1.0,0,,,0.9117,0.8269,0.9259,1,1.0,1.0,1.0,0.9,0.9726,0.9802,0.9989
label,diag,lab,2017-2020,2,unweighted,PI,logistic_regression,,14,3,3,1.0,0.2,0.6,1.0,1.0,0,,,0.7624,0.663,0.8191,0,0.8,0.8333,0.8571,0.9,0.9361,0.9401,0.9884
label,diag,total,2017-2020,2,unweighted,PI,logistic_regression,,14,3,4,0.75,0.0,0.5,1.0,0.75,0,,HighBP,0.674,0.5169,0.7327,0,0.8,0.6667,0.5714,0.8,0.906,0.9088,0.9831
label,lab,total,2017-2020,2,unweighted,PI,logistic_regression,,14,3,4,0.75,0.1429,0.4444,1.0,0.75,0,,HighBP,0.8492,0.7273,0.8537,0,0.8,0.6667,0.7143,0.9,0.9234,0.9255,0.9849
model,xgboost,random_forest,2017-2020,2,unweighted,PI,,diag,14,2,4,0.5,0.4,0.875,1.0,0.5,0,,"BMI,HighBP",0.8757,0.7293,0.8627,0,1.0,1.0,0.8571,0.8,0.933,0.9258,0.9558
model,xgboost,logistic_regression,2017-2020,2,unweighted,PI,,diag,14,2,3,0.6667,0.2,0.7,1.0,0.6667,0,,BMI,0.7368,0.6333,0.804,0,0.8,0.6667,0.7143,0.8,0.9116,0.9171,0.9846
model,random_forest,logistic_regression,2017-2020,2,unweighted,PI,,diag,14,4,3,0.75,0.0,0.6,1.0,0.75,0,HighBP,,0.6997,0.5525,0.7576,0,0.8,0.6667,0.8571,0.8,0.8972,0.8875,0.9447
model,xgboost,random_forest,2017-2020,2,unweighted,PI,,lab,14,3,4,0.75,0.25,0.375,1.0,0.75,0,,HighBP,0.7528,0.6258,0.8056,0,0.8,0.8333,0.7143,0.9,0.9259,0.9312,0.9873
model,xgboost,logistic_regression,2017-2020,2,unweighted,PI,,lab,14,3,3,1.0,0.8,0.8571,1.0,1.0,0,,,0.8271,0.75,0.883,1,1.0,0.8333,0.8571,0.8,0.9513,0.9591,0.9951
model,random_forest,logistic_regression,2017-2020,2,unweighted,PI,,lab,14,4,3,0.75,0.125,0.3333,1.0,0.75,0,HighBP,,0.6645,0.5364,0.7605,0,0.8,0.6667,0.7143,0.8,0.9014,0.9086,0.9839
model,xgboost,random_forest,2017-2020,2,unweighted,PI,,total,14,4,4,1.0,0.5,0.5714,1.0,1.0,0,,,0.819,0.6481,0.8283,0,0.8,0.6667,0.7143,0.9,0.9236,0.9273,0.9854
model,xgboost,logistic_regression,2017-2020,2,unweighted,PI,,total,14,4,4,1.0,0.4286,0.4286,1.0,1.0,0,,,0.7969,0.7152,0.8453,0,0.8,0.6667,0.7143,0.9,0.9294,0.9307,0.9854
model,random_forest,logistic_regression,2017-2020,2,unweighted,PI,,total,14,4,4,1.0,0.1667,0.4444,1.0,1.0,0,,,0.7916,0.6591,0.8139,0,0.8,0.6667,0.7143,0.9,0.9187,0.9217,0.9847
method,SHAP,PI,2017-2020,2,unweighted,,xgboost,diag,14,4,2,0.5,0.2857,0.625,1.0,0.5,0,"BMI,HighBP",,0.7987,0.663,0.8217,0,0.8,0.8333,0.7143,0.8,0.9268,0.931,0.9872
method,SHAP,PI,2017-2020,2,unweighted,,xgboost,lab,14,4,3,0.75,0.4286,0.5714,1.0,0.75,0,HighBP,,0.8543,0.6928,0.8122,0,0.8,0.6667,0.7143,1.0,0.8797,0.8467,0.86
method,SHAP,PI,2017-2020,2,unweighted,,xgboost,total,14,4,4,1.0,0.5,0.3333,1.0,1.0,0,,,0.7143,0.5385,0.7205,0,0.8,0.6667,0.7143,0.8,0.8698,0.839,0.8596
method,SHAP,PI,2017-2020,2,unweighted,,random_forest,diag,14,5,4,0.8,0.4,0.7143,1.0,0.8,0,HighChol,,0.9516,0.8462,0.8727,0,0.8,1.0,1.0,0.9,0.9002,0.8493,0.8263
method,SHAP,PI,2017-2020,2,unweighted,,random_forest,lab,14,5,4,0.8,0.5,0.6667,1.0,0.8,0,HighChol,,0.8374,0.6703,0.7954,0,1.0,0.8333,0.7143,0.9,0.8712,0.8281,0.8271
method,SHAP,PI,2017-2020,2,unweighted,,random_forest,total,14,5,4,0.8,0.3333,0.5714,1.0,0.8,0,HighChol,,0.7704,0.6258,0.751,0,1.0,0.8333,0.8571,0.8,0.8628,0.8241,0.8277
method,SHAP,PI,2017-2020,2,unweighted,,logistic_regression,diag,14,5,3,0.6,0.1667,0.4444,1.0,0.6,0,"HighBP,Sex",,0.8867,0.7514,0.8877,0,0.8,0.8333,1.0,0.9,0.9487,0.9532,0.9902
method,SHAP,PI,2017-2020,2,unweighted,,logistic_regression,lab,14,4,3,0.75,0.4286,0.5714,1.0,0.75,0,Sex,,0.766,0.5811,0.8046,0,0.8,0.8333,1.0,0.7,0.9147,0.9166,0.9741
method,SHAP,PI,2017-2020,2,unweighted,,logistic_regression,total,14,5,4,0.8,0.3333,0.375,1.0,0.8,0,Sex,,0.6247,0.4917,0.7288,0,0.8,0.6667,0.5714,0.8,0.8954,0.9029,0.983
label,diag,lab,2017-2020,2,weighted,SHAP,xgboost,,14,4,4,1.0,0.5,0.3333,1.0,1.0,0,,,0.9473,0.8242,0.8912,0,1.0,0.8333,1.0,0.8,0.9295,0.898,0.8719
label,diag,total,2017-2020,2,weighted,SHAP,xgboost,,14,4,4,1.0,0.8571,0.75,1.0,1.0,0,,,0.9736,0.9121,0.9303,0,1.0,1.0,1.0,0.9,0.9404,0.9083,0.8742
label,lab,total,2017-2020,2,weighted,SHAP,xgboost,,14,4,4,1.0,0.625,0.4,1.0,1.0,0,,,0.9297,0.8242,0.9176,1,1.0,0.8333,1.0,0.9,0.9676,0.9717,0.9963
label,diag,lab,2017-2020,2,weighted,SHAP,random_forest,,14,5,5,1.0,0.8,0.8,1.0,1.0,0,,,0.9253,0.7802,0.842,0,1.0,0.8333,0.8571,1.0,0.8945,0.8469,0.8289
label,diag,total,2017-2020,2,weighted,SHAP,random_forest,,14,5,5,1.0,1.0,1.0,1.0,1.0,0,,,0.978,0.9121,0.9506,1,1.0,0.8333,0.8571,1.0,0.9794,0.9796,0.9962
label,lab,total,2017-2020,2,weighted,SHAP,random_forest,,14,5,5,1.0,0.8,0.8,1.0,1.0,0,,,0.9648,0.8681,0.8922,0,1.0,1.0,1.0,1.0,0.9151,0.8673,0.8326
label,diag,lab,2017-2020,2,weighted,SHAP,logistic_regression,,14,5,4,0.8,0.375,0.3333,1.0,0.8,0,HighBP,,0.7934,0.6264,0.8267,0,1.0,1.0,0.8571,0.8,0.9312,0.9358,0.9815
label,diag,total,2017-2020,2,weighted,SHAP,logistic_regression,,14,5,5,1.0,0.6,0.6667,1.0,1.0,0,,,0.8813,0.8022,0.9215,1,1.0,1.0,1.0,0.9,0.9774,0.9839,0.9991
label,lab,total,2017-2020,2,weighted,SHAP,logistic_regression,,14,4,5,0.8,0.2857,0.4286,1.0,0.8,0,,HighBP,0.8022,0.6484,0.838,0,1.0,1.0,0.8571,0.8,0.9371,0.941,0.982
model,xgboost,random_forest,2017-2020,2,weighted,SHAP,,diag,14,4,5,0.8,0.5714,0.6,1.0,0.8,0,,HighChol,0.9077,0.7363,0.7823,0,0.8,0.6667,0.8571,0.9,0.8756,0.8226,0.8202
model,xgboost,logistic_regression,2017-2020,2,weighted,SHAP,,diag,14,4,5,0.8,0.5714,0.6,1.0,0.8,0,,Sex,0.8593,0.7363,0.8791,1,1.0,0.8333,0.8571,0.9,0.9552,0.9618,0.9952
model,random_forest,logistic_regression,2017-2020,2,weighted,SHAP,,diag,14,5,5,0.6667,0.25,0.3333,0.8,1.0,1,HighChol,Sex,0.7495,0.5604,0.7146,0,0.8,0.8333,0.7143,0.8,0.8526,0.8073,0.8206
model,xgboost,random_forest,2017-2020,2,weighted,SHAP,,lab,14,4,5,0.8,0.6667,0.8,1.0,0.8,0,,HighChol,0.9253,0.8242,0.9016,0,0.8,0.8333,0.8571,0.9,0.9516,0.9516,0.9892
model,xgboost,logistic_regression,2017-2020,2,weighted,SHAP,,lab,14,4,4,0.6,0.3333,0.3333,0.75,1.0,1,HighBP,Sex,0.8242,0.6703,0.813,0,1.0,1.0,0.8571,0.8,0.8893,0.8577,0.8566
model,random_forest,logistic_regression,2017-2020,2,weighted,SHAP,,lab,14,5,4,0.5,0.1111,0.2857,0.75,0.8,1,"HighBP,HighChol",Sex,0.6659,0.5385,0.731,0,0.8,0.8333,0.7143,0.7,0.8458,0.8131,0.846
model,xgboost,random_forest,2017-2020,2,weighted,SHAP,,total,14,4,5,0.8,0.7143,0.75,1.0,0.8,0,,HighChol,0.8945,0.7363,0.806,0,0.8,0.6667,0.8571,1.0,0.8715,0.8196,0.82
model,xgboost,logistic_regression,2017-2020,2,weighted,SHAP,,total,14,4,5,0.8,0.4286,0.5,1.0,0.8,0,,Sex,0.8901,0.7582,0.8515,0,1.0,0.8333,0.8571,0.9,0.91,0.8799,0.8698
model,random_forest,logistic_regression,2017-2020,2,weighted,SHAP,,total,14,5,5,0.6667,0.1429,0.4286,0.8,1.0,1,HighChol,Sex,0.8681,0.7143,0.7799,0,0.8,0.8333,0.8571,0.9,0.8737,0.8237,0.822
label,diag,lab,2017-2020,2,weighted,PI,xgboost,,14,4,3,0.75,0.125,0.3333,1.0,0.75,0,HighBP,,0.622,0.4945,0.69,0,0.6,0.5,0.7143,0.8,0.8428,0.8193,0.918
label,diag,total,2017-2020,2,weighted,PI,xgboost,,14,4,4,1.0,0.4286,0.4286,1.0,1.0,0,,,0.8625,0.7293,0.8377,0,0.8,0.8333,0.7143,0.9,0.9095,0.8944,0.9457
label,lab,total,2017-2020,2,weighted,PI,xgboost,,14,3,4,0.75,0.2222,0.25,1.0,0.75,0,,HighBP,0.6579,0.5304,0.7222,0,0.6,0.5,0.7143,0.8,0.8698,0.8619,0.9597
label,diag,lab,2017-2020,2,weighted,PI,random_forest,,14,5,3,0.6,0.1429,0.5,1.0,0.6,0,"HeartDiseaseorAttack,HighBP",,0.7379,0.5889,0.7899,0,0.8,0.6667,0.8571,0.8,0.8984,0.8975,0.9701
label,diag,total,2017-2020,2,weighted,PI,random_forest,,14,5,5,0.6667,0.1667,0.5714,0.8,1.0,1,HeartDiseaseorAttack,PhysActivity_LTPA,0.8977,0.7775,0.8952,0,0.8,0.8333,1.0,0.9,0.9518,0.9552,0.9902
label,lab,total,2017-2020,2,weighted,PI,random_forest,,14,3,5,0.6,0.4,0.8571,1.0,0.6,0,,"HighBP,PhysActivity_LTPA",0.8921,0.7889,0.8912,0,1.0,0.8333,0.8571,0.8,0.9347,0.9353,0.9796
label,diag,lab,2017-2020,2,weighted,PI,logistic_regression,,14,4,3,0.75,0.1667,0.5556,1.0,0.75,0,HighBP,,0.7935,0.6406,0.8136,0,1.0,0.8333,0.7143,0.9,0.9232,0.9216,0.9775
label,diag,total,2017-2020,2,weighted,PI,logistic_regression,,14,4,4,1.0,0.6,0.7143,1.0,1.0,0,,,0.8625,0.7735,0.9017,1,1.0,1.0,0.8571,0.8,0.9681,0.9748,0.9979
label,lab,total,2017-2020,2,weighted,PI,logistic_regression,,14,3,4,0.75,0.1667,0.5556,1.0,0.75,0,,HighBP,0.8168,0.691,0.8379,0,1.0,0.8333,0.7143,0.8,0.9195,0.9207,0.9779
model,xgboost,random_forest,2017-2020,2,weighted,PI,,diag,14,4,5,0.8,0.6,0.8333,1.0,0.8,0,,HeartDiseaseorAttack,0.9021,0.7735,0.8909,0,1.0,1.0,0.8571,0.9,0.943,0.9356,0.9568
model,xgboost,logistic_regression,2017-2020,2,weighted,PI,,diag,14,4,4,1.0,0.3333,0.5,1.0,1.0,0,,,0.7626,0.6044,0.7938,0,0.8,0.8333,0.8571,0.8,0.8973,0.8891,0.9464
model,random_forest,logistic_regression,2017-2020,2,weighted,PI,,diag,14,5,4,0.8,0.1429,0.375,1.0,0.8,0,HeartDiseaseorAttack,,0.6799,0.5525,0.7888,0,0.8,0.8333,0.7143,0.7,0.9102,0.9202,0.9869
model,xgboost,random_forest,2017-2020,2,weighted,PI,,lab,14,3,3,1.0,0.2857,0.4444,1.0,1.0,0,,,0.5435,0.4199,0.6593,0,0.6,0.6667,0.7143,0.8,0.8776,0.8737,0.9627
model,xgboost,logistic_regression,2017-2020,2,weighted,PI,,lab,14,3,3,1.0,0.6,0.75,1.0,1.0,0,,,0.6451,0.5008,0.7656,0,0.8,0.8333,0.8571,0.6,0.9107,0.923,0.9878
model,random_forest,logistic_regression,2017-2020,2,weighted,PI,,lab,14,3,3,1.0,0.4,0.6667,1.0,1.0,0,,,0.5378,0.4451,0.6875,0,0.8,0.8333,0.7143,0.7,0.8828,0.8874,0.9707
model,xgboost,random_forest,2017-2020,2,weighted,PI,,total,14,4,5,0.8,0.5,0.6667,1.0,0.8,0,,PhysActivity_LTPA,0.8599,0.7546,0.892,1,1.0,1.0,0.8571,0.9,0.9581,0.9665,0.9973
model,xgboost,logistic_regression,2017-2020,2,weighted,PI,,total,14,4,4,1.0,0.25,0.25,1.0,1.0,0,,,0.7742,0.6556,0.8195,0,0.8,0.8333,0.8571,0.8,0.9322,0.9375,0.9883
model,random_forest,logistic_regression,2017-2020,2,weighted,PI,,total,14,5,4,0.8,0.1667,0.3333,1.0,0.8,0,PhysActivity_LTPA,,0.6819,0.5717,0.7803,0,0.8,0.8333,0.7143,0.8,0.9081,0.9176,0.9865
method,SHAP,PI,2017-2020,2,weighted,,xgboost,diag,14,4,4,1.0,0.4286,0.4286,1.0,1.0,0,,,0.8242,0.6703,0.8075,0,0.8,0.6667,0.8571,0.8,0.8975,0.8849,0.9441
method,SHAP,PI,2017-2020,2,weighted,,xgboost,lab,14,4,3,0.75,0.375,0.4286,1.0,0.75,0,HighBP,,0.7802,0.6484,0.772,0,0.8,0.6667,0.7143,0.9,0.8576,0.8172,0.8441
method,SHAP,PI,2017-2020,2,weighted,,xgboost,total,14,4,4,1.0,0.625,0.4,1.0,1.0,0,,,0.7877,0.6188,0.7609,0,0.8,0.6667,0.5714,0.9,0.8682,0.8353,0.8586
method,SHAP,PI,2017-2020,2,weighted,,random_forest,diag,14,5,5,0.6667,0.2857,0.5,0.8,1.0,1,HighChol,HeartDiseaseorAttack,0.7569,0.5967,0.7428,0,0.8,1.0,0.8571,0.8,0.8643,0.8223,0.8242
method,SHAP,PI,2017-2020,2,weighted,,random_forest,lab,14,5,3,0.6,0.1429,0.3333,1.0,0.6,0,"HighBP,HighChol",,0.6007,0.4641,0.6826,0,0.8,0.6667,0.5714,0.7,0.8262,0.7923,0.842
method,SHAP,PI,2017-2020,2,weighted,,random_forest,total,14,5,5,0.6667,0.1429,0.4286,0.8,1.0,1,HighChol,PhysActivity_LTPA,0.7334,0.5799,0.7114,0,0.8,0.6667,0.7143,0.8,0.8348,0.7907,0.8177
method,SHAP,PI,2017-2020,2,weighted,,logistic_regression,diag,14,5,4,0.8,0.5,0.6667,1.0,0.8,0,Sex,,0.8286,0.6703,0.8439,1,1.0,0.8333,0.7143,0.9,0.9444,0.9523,0.994
method,SHAP,PI,2017-2020,2,weighted,,logistic_regression,lab,14,4,3,0.75,0.2857,0.5,1.0,0.75,0,Sex,,0.8339,0.7105,0.8794,1,1.0,0.8333,1.0,0.8,0.9531,0.9632,0.9961
method,SHAP,PI,2017-2020,2,weighted,,logistic_regression,total,14,5,4,0.8,0.1667,0.5,1.0,0.8,0,Sex,,0.7899,0.663,0.8415,1,1.0,0.8333,0.8571,0.8,0.9422,0.9519,0.9946
label,diag,lab,2017-2020,3,unweighted,SHAP,xgboost,,14,4,3,0.75,0.5714,0.6667,1.0,0.75,0,HighBP,,0.9077,0.7582,0.8439,0,1.0,0.8333,0.8571,0.9,0.8994,0.8613,0.8548
label,diag,total,2017-2020,3,unweighted,SHAP,xgboost,,14,4,4,1.0,0.6667,0.6667,1.0,1.0,0,,,0.9824,0.9341,0.9415,0,1.0,1.0,1.0,0.9,0.9463,0.9136,0.8747
label,lab,total,2017-2020,3,unweighted,SHAP,xgboost,,14,3,4,0.75,0.5714,0.6667,1.0,0.75,0,,HighBP,0.9429,0.8242,0.9023,0,1.0,0.8333,0.8571,1.0,0.9482,0.944,0.9799
label,diag,lab,2017-2020,3,unweighted,SHAP,random_forest,,14,5,5,1.0,0.75,0.8333,1.0,1.0,0,,,0.8637,0.7143,0.806,0,1.0,0.8333,0.7143,0.8,0.8813,0.8351,0.8276
label,diag,total,2017-2020,3,unweighted,SHAP,random_forest,,14,5,5,1.0,0.8,0.8,1.0,1.0,0,,,0.9648,0.8901,0.908,0,1.0,0.8333,0.8571,1.0,0.9316,0.8963,0.8708
label,lab,total,2017-2020,3,unweighted,SHAP,random_forest,,14,5,5,1.0,0.6,0.6667,1.0,1.0,0,,,0.9297,0.8242,0.9026,0,1.0,1.0,0.8571,0.8,0.9437,0.9336,0.9563
label,diag,lab,2017-2020,3,unweighted,SHAP,logistic_regression,,14,5,4,0.8,0.3333,0.5714,1.0,0.8,0,HighBP,,0.7099,0.5604,0.7861,0,1.0,0.8333,0.7143,0.8,0.9197,0.9226,0.9783
label,diag,total,2017-2020,3,unweighted,SHAP,logistic_regression,,14,5,5,1.0,0.6,0.6667,1.0,1.0,0,,,0.9473,0.8681,0.9329,1,1.0,0.8333,0.8571,1.0,0.9696,0.9716,0.9956
label,lab,total,2017-2020,3,unweighted,SHAP,logistic_regression,,14,4,5,0.8,0.3333,0.5714,1.0,0.8,0,,HighBP,0.7934,0.6484,0.8366,0,1.0,0.8333,0.8571,0.8,0.9321,0.9338,0.9796
model,xgboost,random_forest,2017-2020,3,unweighted,SHAP,,diag,14,4,5,0.8,0.8,1.0,1.0,0.8,0,,HighChol,0.9341,0.8022,0.8236,0,0.8,0.8333,0.8571,0.9,0.8844,0.8327,0.8227
model,xgboost,logistic_regression,2017-2020,3,unweighted,SHAP,,diag,14,4,5,0.8,0.5,0.6667,1.0,0.8,0,,Sex,0.7934,0.6923,0.8534,1,1.0,0.8333,0.7143,0.9,0.9498,0.9566,0.9943
model,random_forest,logistic_regression,2017-2020,3,unweighted,SHAP,,diag,14,5,5,0.6667,0.3333,0.6667,0.8,1.0,1,HighChol,Sex,0.7231,0.5385,0.7015,0,0.8,0.6667,0.7143,0.8,0.8449,0.7987,0.8182
model,xgboost,random_forest,2017-2020,3,unweighted,SHAP,,lab,14,3,5,0.6,0.5,0.8333,1.0,0.6,0,,"HighBP,HighChol",0.8901,0.7582,0.8456,0,0.8,0.6667,0.7143,1.0,0.9209,0.9112,0.97
model,xgboost,logistic_regression,2017-2020,3,unweighted,SHAP,,lab,14,3,4,0.75,0.6667,0.8333,1.0,0.75,0,,Sex,0.8769,0.7582,0.8524,0,1.0,0.8333,0.8571,0.9,0.915,0.8855,0.8704
model,random_forest,logistic_regression,2017-2020,3,unweighted,SHAP,,lab,14,5,4,0.5,0.1667,0.7143,0.75,0.8,1,"HighBP,HighChol",Sex,0.8681,0.7363,0.8216,0,0.8,0.8333,0.7143,0.9,0.8782,0.8371,0.8474
model,xgboost,random_forest,2017-2020,3,unweighted,SHAP,,total,14,4,5,0.8,0.4286,0.5,1.0,0.8,0,,HighChol,0.9209,0.8022,0.8795,0,0.8,0.8333,0.8571,0.8,0.9208,0.9062,0.9474
model,xgboost,logistic_regression,2017-2020,3,unweighted,SHAP,,total,14,4,5,0.8,0.5,0.6667,1.0,0.8,0,,Sex,0.8637,0.7143,0.847,0,1.0,0.8333,0.8571,0.8,0.9085,0.8814,0.8703
model,random_forest,logistic_regression,2017-2020,3,unweighted,SHAP,,total,14,5,5,0.6667,0.2857,0.5,0.8,1.0,1,HighChol,Sex,0.8725,0.6923,0.8048,0,0.8,0.8333,1.0,0.8,0.876,0.8298,0.8235
label,diag,lab,2017-2020,3,unweighted,PI,xgboost,,14,4,3,0.75,0.5,0.875,1.0,0.75,0,HighBP,,0.7935,0.6872,0.8721,1,1.0,1.0,0.8571,0.8,0.9554,0.9666,0.9976
label,diag,total,2017-2020,3,unweighted,PI,xgboost,,14,4,4,1.0,0.25,0.6667,1.0,1.0,0,,,0.7748,0.6258,0.7982,0,1.0,0.8333,0.8571,0.8,0.9053,0.8782,0.8701
label,lab,total,2017-2020,3,unweighted,PI,xgboost,,14,3,4,0.75,0.4,0.75,1.0,0.75,0,,HighBP,0.9099,0.7936,0.8796,0,1.0,0.8333,0.8571,0.9,0.921,0.8907,0.8709
label,diag,lab,2017-2020,3,unweighted,PI,random_forest,,14,4,5,0.8,0.2857,0.4286,1.0,0.8,0,,HighChol,0.8714,0.75,0.8612,0,1.0,0.8333,0.8571,0.9,0.927,0.9176,0.9532
label,diag,total,2017-2020,3,unweighted,PI,random_forest,,14,4,4,1.0,0.4,0.625,1.0,1.0,0,,,0.9246,0.8409,0.9278,1,1.0,1.0,0.8571,0.9,0.972,0.9775,0.998
label,lab,total,2017-2020,3,unweighted,PI,random_forest,,14,5,4,0.8,0.4286,0.5,1.0,0.8,0,HighChol,,0.7339,0.625,0.8047,0,1.0,0.8333,0.7143,0.8,0.899,0.8951,0.9513
label,diag,lab,2017-2020,3,unweighted,PI,logistic_regression,,14,4,3,0.75,0.4,0.75,1.0,0.75,0,HighBP,,0.7865,0.6588,0.8379,0,1.0,1.0,0.8571,0.8,0.9312,0.9345,0.9813
label,diag,total,2017-2020,3,unweighted,PI,logistic_regression,,14,4,4,1.0,0.6,0.7143,1.0,1.0,0,,,0.9152,0.8441,0.9351,1,1.0,1.0,1.0,0.9,0.9764,0.983,0.9991
label,lab,total,2017-2020,3,unweighted,PI,logistic_regression,,14,3,4,0.75,0.4,0.75,1.0,0.75,0,,HighBP,0.8415,0.7284,0.8677,0,1.0,1.0,0.8571,0.8,0.9451,0.9455,0.9821
model,xgboost,random_forest,2017-2020,3,unweighted,PI,,diag,14,4,4,1.0,0.6667,0.875,1.0,1.0,0,,,0.8764,0.7375,0.8689,0,1.0,0.8333,1.0,0.8,0.9357,0.9267,0.9547
model,xgboost,logistic_regression,2017-2020,3,unweighted,PI,,diag,14,4,4,1.0,0.5,0.75,1.0,1.0,0,,,0.9667,0.8755,0.9388,0,0.8,1.0,1.0,1.0,0.9761,0.9746,0.993
model,random_forest,logistic_regression,2017-2020,3,unweighted,PI,,diag,14,4,4,1.0,0.75,0.8571,1.0,1.0,0,,,0.8639,0.7284,0.8548,0,0.8,0.8333,1.0,0.8,0.9178,0.9066,0.9483
model,xgboost,random_forest,2017-2020,3,unweighted,PI,,lab,14,3,5,0.6,0.25,0.4286,1.0,0.6,0,,"HighBP,HighChol",0.8602,0.7699,0.888,1,1.0,0.8333,0.8571,0.8,0.9443,0.9542,0.9948
model,xgboost,logistic_regression,2017-2020,3,unweighted,PI,,lab,14,3,3,1.0,0.75,0.875,1.0,1.0,0,,,0.8455,0.7231,0.868,0,0.8,1.0,1.0,0.8,0.9316,0.9321,0.9769
model,random_forest,logistic_regression,2017-2020,3,unweighted,PI,,lab,14,5,3,0.6,0.125,0.375,1.0,0.6,0,"HighBP,HighChol",,0.8348,0.7053,0.8466,0,0.8,0.8333,0.8571,0.8,0.92,0.9171,0.9732
model,xgboost,random_forest,2017-2020,3,unweighted,PI,,total,14,4,4,1.0,0.75,0.8571,1.0,1.0,0,,,0.9512,0.8636,0.8808,0,1.0,0.8333,0.8571,1.0,0.8998,0.8499,0.8289
model,xgboost,logistic_regression,2017-2020,3,unweighted,PI,,total,14,4,4,1.0,0.4,0.625,1.0,1.0,0,,,0.7827,0.625,0.7917,0,0.8,0.8333,0.8571,0.8,0.8922,0.8618,0.8638
model,random_forest,logistic_regression,2017-2020,3,unweighted,PI,,total,14,4,4,1.0,0.3333,0.5,1.0,1.0,0,,,0.796,0.6705,0.8259,0,0.8,0.8333,0.8571,0.8,0.9042,0.8939,0.9466
method,SHAP,PI,2017-2020,3,unweighted,,xgboost,diag,14,4,4,1.0,0.4,0.625,1.0,1.0,0,,,0.9033,0.7802,0.8971,0,0.8,1.0,0.8571,0.9,0.9507,0.9548,0.9913
method,SHAP,PI,2017-2020,3,unweighted,,xgboost,lab,14,3,3,1.0,0.6667,0.7143,1.0,1.0,0,,,0.726,0.5707,0.7566,0,0.8,0.8333,0.8571,0.7,0.8562,0.8238,0.8475
method,SHAP,PI,2017-2020,3,unweighted,,xgboost,total,14,4,4,1.0,0.1429,0.3333,1.0,1.0,0,,,0.7086,0.5811,0.8004,0,0.8,0.8333,0.7143,0.7,0.9128,0.9216,0.9869
method,SHAP,PI,2017-2020,3,unweighted,,random_forest,diag,14,5,4,0.8,0.4,0.7143,1.0,0.8,0,HighChol,,0.8322,0.6705,0.8131,0,1.0,1.0,1.0,0.8,0.8936,0.8529,0.8321
method,SHAP,PI,2017-2020,3,unweighted,,random_forest,lab,14,5,5,1.0,0.125,0.125,1.0,1.0,0,,,0.7042,0.5364,0.7541,0,1.0,0.8333,0.7143,0.7,0.8831,0.8603,0.8683
method,SHAP,PI,2017-2020,3,unweighted,,random_forest,total,14,5,4,0.8,0.2857,0.4286,1.0,0.8,0,HighChol,,0.7748,0.6034,0.7432,0,1.0,0.8333,0.7143,0.8,0.8626,0.8217,0.8268
method,SHAP,PI,2017-2020,3,unweighted,,logistic_regression,diag,14,5,4,0.8,0.6,0.8333,1.0,0.8,0,Sex,,0.8912,0.8073,0.9058,1,1.0,0.8333,0.7143,0.9,0.9556,0.96,0.9943
method,SHAP,PI,2017-2020,3,unweighted,,logistic_regression,lab,14,4,3,0.75,0.4,0.75,1.0,0.75,0,Sex,,0.8778,0.7845,0.9152,1,1.0,1.0,1.0,0.8,0.9646,0.9759,0.9989
method,SHAP,PI,2017-2020,3,unweighted,,logistic_regression,total,14,5,4,0.8,0.6,0.8333,1.0,0.8,0,Sex,,0.8102,0.7152,0.8721,1,1.0,0.8333,0.8571,0.8,0.9503,0.9594,0.9952
label,diag,lab,2017-2020,3,weighted,SHAP,xgboost,,14,4,3,0.75,0.4286,0.5714,1.0,0.75,0,HighBP,,0.8945,0.7582,0.8742,0,1.0,0.8333,0.8571,0.9,0.9444,0.9413,0.9798
label,diag,total,2017-2020,3,weighted,SHAP,xgboost,,14,4,4,1.0,0.8,0.8333,1.0,1.0,0,,,0.9648,0.8901,0.9484,1,1.0,0.8333,1.0,0.9,0.9783,0.9807,0.997
label,lab,total,2017-2020,3,weighted,SHAP,xgboost,,14,3,4,0.75,0.5,0.7143,1.0,0.75,0,,HighBP,0.9385,0.8242,0.9067,0,1.0,1.0,0.8571,0.9,0.9574,0.9542,0.9824
label,diag,lab,2017-2020,3,weighted,SHAP,random_forest,,14,5,5,1.0,0.75,0.8333,1.0,1.0,0,,,0.8901,0.7582,0.8294,0,1.0,0.8333,0.7143,0.9,0.8852,0.8378,0.8276
label,diag,total,2017-2020,3,weighted,SHAP,random_forest,,14,5,5,1.0,0.8,0.8,1.0,1.0,0,,,0.9736,0.9121,0.9071,0,1.0,1.0,0.8571,1.0,0.9144,0.8646,0.8317
label,lab,total,2017-2020,3,weighted,SHAP,random_forest,,14,5,5,1.0,0.6,0.6667,1.0,1.0,0,,,0.9209,0.8022,0.8559,0,1.0,0.8333,0.8571,0.9,0.8928,0.8453,0.8288
label,diag,lab,2017-2020,3,weighted,SHAP,logistic_regression,,14,5,4,0.8,0.1667,0.5,1.0,0.8,0,HighBP,,0.7538,0.6044,0.8158,0,1.0,1.0,0.8571,0.8,0.9371,0.941,0.982
label,diag,total,2017-2020,3,weighted,SHAP,logistic_regression,,14,5,5,1.0,0.6,0.6667,1.0,1.0,0,,,0.9341,0.8242,0.9167,1,1.0,0.8333,0.8571,0.9,0.9631,0.9674,0.9954
label,lab,total,2017-2020,3,weighted,SHAP,logistic_regression,,14,4,5,0.8,0.1667,0.5,1.0,0.8,0,,HighBP,0.7934,0.6484,0.8373,0,1.0,0.8333,0.8571,0.8,0.9321,0.9338,0.9796
model,xgboost,random_forest,2017-2020,3,weighted,SHAP,,diag,14,4,5,0.8,0.8,1.0,1.0,0.8,0,,HighChol,0.978,0.9121,0.9311,0,0.8,1.0,0.8571,1.0,0.9463,0.9282,0.9505
model,xgboost,logistic_regression,2017-2020,3,weighted,SHAP,,diag,14,4,5,0.8,0.5,0.6667,1.0,0.8,0,,Sex,0.833,0.7143,0.8774,1,1.0,1.0,0.8571,0.9,0.9672,0.975,0.998
model,random_forest,logistic_regression,2017-2020,3,weighted,SHAP,,diag,14,5,5,0.6667,0.3333,0.6667,0.8,1.0,1,HighChol,Sex,0.8242,0.6703,0.8326,0,0.8,1.0,0.8571,0.9,0.9211,0.9107,0.9496
model,xgboost,random_forest,2017-2020,3,weighted,SHAP,,lab,14,3,5,0.6,0.6,0.7143,1.0,0.6,0,,"HighBP,HighChol",0.8857,0.7363,0.8062,0,0.8,0.6667,0.7143,1.0,0.8759,0.8312,0.845
model,xgboost,logistic_regression,2017-2020,3,weighted,SHAP,,lab,14,3,4,0.75,0.3333,0.625,1.0,0.75,0,,Sex,0.9033,0.7802,0.8926,1,1.0,0.8333,0.8571,0.9,0.96,0.9655,0.9954
model,random_forest,logistic_regression,2017-2020,3,weighted,SHAP,,lab,14,5,4,0.5,0.0,0.625,0.75,0.8,1,"HighBP,HighChol",Sex,0.8681,0.7363,0.8224,0,0.8,0.8333,0.7143,0.9,0.8734,0.8333,0.8472
model,xgboost,random_forest,2017-2020,3,weighted,SHAP,,total,14,4,5,0.8,0.5,0.6667,1.0,0.8,0,,HighChol,0.9033,0.7582,0.8037,0,0.8,0.8333,0.8571,0.9,0.8796,0.8289,0.8225
model,xgboost,logistic_regression,2017-2020,3,weighted,SHAP,,total,14,4,5,0.8,0.3333,0.5714,1.0,0.8,0,,Sex,0.8505,0.7363,0.8791,1,1.0,0.8333,0.8571,0.8,0.9529,0.9609,0.9953
model,random_forest,logistic_regression,2017-2020,3,weighted,SHAP,,total,14,5,5,0.6667,0.2857,0.5,0.8,1.0,1,HighChol,Sex,0.8857,0.7143,0.7953,0,0.8,0.8333,1.0,0.8,0.8786,0.8312,0.8235
label,diag,lab,2017-2020,3,weighted,PI,xgboost,,14,4,2,0.5,0.3333,0.75,1.0,0.5,0,"BMI,HighBP",,0.8619,0.7529,0.8929,1,1.0,0.8333,1.0,0.8,0.9557,0.9646,0.9962
label,diag,total,2017-2020,3,weighted,PI,xgboost,,14,4,4,1.0,0.4,0.625,1.0,1.0,0,,,0.7696,0.6559,0.8427,1,1.0,0.8333,0.7143,0.8,0.9406,0.9496,0.9939
label,lab,total,2017-2020,3,weighted,PI,xgboost,,14,2,4,0.5,0.1667,0.6667,1.0,0.5,0,,"BMI,HighBP",0.8647,0.7699,0.8829,1,1.0,0.8333,0.7143,0.9,0.9464,0.9528,0.9938
label,diag,lab,2017-2020,3,weighted,PI,random_forest,,14,4,4,1.0,0.4,0.625,1.0,1.0,0,,,0.7174,0.5811,0.7815,0,0.8,0.8333,0.7143,0.8,0.9246,0.93,0.9872
label,diag,total,2017-2020,3,weighted,PI,random_forest,,14,4,4,1.0,0.5,0.75,1.0,1.0,0,,,0.8125,0.7053,0.8469,0,0.8,0.6667,0.8571,0.8,0.9226,0.9284,0.9862
label,lab,total,2017-2020,3,weighted,PI,random_forest,,14,4,4,1.0,0.8,0.8333,1.0,1.0,0,,,0.8845,0.7391,0.8625,0,0.8,0.6667,0.7143,0.9,0.9284,0.931,0.9856
label,diag,lab,2017-2020,3,weighted,PI,logistic_regression,,14,4,3,0.75,0.4,0.75,1.0,0.75,0,HighBP,,0.6134,0.5117,0.7634,0,0.8,0.8333,0.7143,0.7,0.907,0.9182,0.9868
label,diag,total,2017-2020,3,weighted,PI,logistic_regression,,14,4,4,1.0,0.5,0.5714,1.0,1.0,0,,,0.74,0.6708,0.8361,0,0.8,0.8333,0.8571,0.9,0.9361,0.9401,0.9884
label,lab,total,2017-2020,3,weighted,PI,logistic_regression,,14,3,4,0.75,0.3333,0.625,1.0,0.75,0,,HighBP,0.7099,0.5824,0.795,0,0.8,0.8333,0.7143,0.8,0.9188,0.9266,0.9872
model,xgboost,random_forest,2017-2020,3,weighted,PI,,diag,14,4,4,1.0,0.5,0.75,1.0,1.0,0,,,0.8796,0.7304,0.855,0,0.8,0.8333,0.8571,0.9,0.9189,0.9055,0.9475
model,xgboost,logistic_regression,2017-2020,3,weighted,PI,,diag,14,4,4,1.0,0.6,0.7143,1.0,1.0,0,,,0.7776,0.6631,0.8298,0,0.8,0.8333,0.7143,0.8,0.9328,0.9363,0.9877
model,random_forest,logistic_regression,2017-2020,3,weighted,PI,,diag,14,4,4,1.0,0.5,0.75,1.0,1.0,0,,,0.8549,0.7284,0.8446,0,0.8,0.8333,0.8571,0.9,0.9189,0.9055,0.9475
model,xgboost,random_forest,2017-2020,3,weighted,PI,,lab,14,2,4,0.5,0.125,0.4444,1.0,0.5,0,,"BMI,HighBP",0.8808,0.7599,0.8549,0,0.8,0.8333,0.7143,0.9,0.9144,0.9,0.9464
model,xgboost,logistic_regression,2017-2020,3,weighted,PI,,lab,14,2,3,0.6667,0.75,1.0,1.0,0.6667,0,,BMI,0.8676,0.7375,0.8754,0,0.8,1.0,0.8571,0.8,0.949,0.9532,0.9912
model,random_forest,logistic_regression,2017-2020,3,weighted,PI,,lab,14,4,3,0.75,0.1429,0.4444,1.0,0.75,0,HighBP,,0.8066,0.6703,0.8055,0,0.8,0.8333,0.8571,0.8,0.9074,0.8958,0.9467
model,xgboost,random_forest,2017-2020,3,weighted,PI,,total,14,4,4,1.0,0.75,0.8571,1.0,1.0,0,,,0.9523,0.8557,0.9017,0,0.8,0.8333,0.8571,1.0,0.9424,0.9225,0.9484
model,xgboost,logistic_regression,2017-2020,3,weighted,PI,,total,14,4,4,1.0,0.3333,0.5,1.0,1.0,0,,,0.7125,0.5707,0.808,1,1.0,0.8333,0.8571,0.6,0.9239,0.9394,0.9941
model,random_forest,logistic_regression,2017-2020,3,weighted,PI,,total,14,4,4,1.0,0.2857,0.375,1.0,1.0,0,,,0.5534,0.398,0.6884,0,0.8,0.6667,0.7143,0.6,0.8663,0.8619,0.9424
method,SHAP,PI,2017-2020,3,weighted,,xgboost,diag,14,4,4,1.0,0.5,0.5714,1.0,1.0,0,,,0.8647,0.7072,0.8565,0,0.8,0.8333,0.8571,0.9,0.9409,0.9439,0.9887
method,SHAP,PI,2017-2020,3,weighted,,xgboost,lab,14,3,2,0.6667,0.2857,0.5556,1.0,0.6667,0,BMI,,0.6998,0.5587,0.773,0,0.8,0.8333,0.7143,0.8,0.8946,0.8957,0.9711
method,SHAP,PI,2017-2020,3,weighted,,xgboost,total,14,4,4,1.0,0.1667,0.4444,1.0,1.0,0,,,0.5777,0.4776,0.7409,0,0.8,0.6667,0.7143,0.6,0.8825,0.8956,0.9834
method,SHAP,PI,2017-2020,3,weighted,,random_forest,diag,14,5,4,0.8,0.2,0.625,1.0,0.8,0,HighChol,,0.7748,0.6481,0.8359,0,0.8,0.8333,0.8571,0.8,0.929,0.9355,0.9883
method,SHAP,PI,2017-2020,3,weighted,,random_forest,lab,14,5,4,0.8,0.0,0.2222,1.0,0.8,0,HighChol,,0.5912,0.4066,0.6574,0,0.8,0.8333,0.7143,0.7,0.8348,0.7937,0.8197
method,SHAP,PI,2017-2020,3,weighted,,random_forest,total,14,5,4,0.8,0.2857,0.4286,1.0,0.8,0,HighChol,,0.5556,0.398,0.6511,0,0.8,0.6667,0.5714,0.7,0.8176,0.7771,0.8164
method,SHAP,PI,2017-2020,3,weighted,,logistic_regression,diag,14,5,4,0.8,0.6,0.8333,1.0,0.8,0,Sex,,0.9067,0.8073,0.8948,0,0.8,0.8333,0.8571,0.9,0.95,0.9511,0.9892
method,SHAP,PI,2017-2020,3,weighted,,logistic_regression,lab,14,4,3,0.75,0.5,0.875,1.0,0.75,0,Sex,,0.9297,0.8242,0.918,0,1.0,1.0,1.0,0.9,0.9592,0.9583,0.9835
method,SHAP,PI,2017-2020,3,weighted,,logistic_regression,total,14,5,4,0.8,0.8,1.0,1.0,0.8,0,Sex,,0.8769,0.7143,0.8479,0,0.8,0.6667,0.7143,0.9,0.9342,0.9344,0.9856
label,diag,lab,2017-2020,4,unweighted,SHAP,xgboost,,14,4,4,1.0,0.5714,0.5,1.0,1.0,0,,,0.9209,0.8022,0.9075,1,1.0,0.8333,1.0,0.8,0.9637,0.9691,0.9962
label,diag,total,2017-2020,4,unweighted,SHAP,xgboost,,14,4,4,1.0,0.7143,0.6,1.0,1.0,0,,,0.9692,0.8901,0.948,1,1.0,0.8333,1.0,0.9,0.9734,0.9764,0.9966
label,lab,total,2017-2020,4,unweighted,SHAP,xgboost,,14,4,4,1.0,0.5714,0.5,1.0,1.0,0,,,0.9473,0.8681,0.9452,1,1.0,1.0,1.0,0.8,0.9761,0.9827,0.999
label,diag,lab,2017-2020,4,unweighted,SHAP,random_forest,,14,5,5,1.0,0.8,0.8,1.0,1.0,0,,,0.9253,0.8022,0.8475,0,1.0,0.8333,0.8571,1.0,0.8966,0.848,0.8289
label,diag,total,2017-2020,4,unweighted,SHAP,random_forest,,14,5,4,0.8,0.8333,1.0,1.0,0.8,0,HighChol,,0.956,0.8681,0.9394,1,1.0,1.0,0.8571,1.0,0.9703,0.9753,0.9976
label,lab,total,2017-2020,4,unweighted,SHAP,random_forest,,14,5,4,0.8,0.6667,0.8,1.0,0.8,0,HighChol,,0.9253,0.8022,0.852,0,1.0,0.8333,0.8571,1.0,0.8917,0.8436,0.8284
label,diag,lab,2017-2020,4,unweighted,SHAP,logistic_regression,,14,5,5,1.0,0.3333,0.4286,1.0,1.0,0,,,0.7187,0.6044,0.785,0,1.0,0.8333,0.7143,0.8,0.8867,0.8747,0.9361
label,diag,total,2017-2020,4,unweighted,SHAP,logistic_regression,,14,5,5,1.0,0.6,0.6667,1.0,1.0,0,,,0.8374,0.7143,0.8767,1,1.0,1.0,0.8571,0.9,0.9612,0.9697,0.9975
label,lab,total,2017-2020,4,unweighted,SHAP,logistic_regression,,14,5,5,1.0,0.3333,0.4286,1.0,1.0,0,,,0.7011,0.5385,0.7653,0,1.0,0.8333,0.8571,0.8,0.8943,0.8822,0.9372
model,xgboost,random_forest,2017-2020,4,unweighted,SHAP,,diag,14,4,5,0.8,0.8333,1.0,1.0,0.8,0,,HighChol,0.8769,0.7143,0.7849,0,0.8,0.6667,0.7143,1.0,0.8661,0.8132,0.8189
model,xgboost,logistic_regression,2017-2020,4,unweighted,SHAP,,diag,14,4,5,0.8,0.25,0.2857,1.0,0.8,0,,Sex,0.8242,0.6484,0.7932,0,1.0,1.0,0.8571,0.8,0.8892,0.8473,0.831
model,random_forest,logistic_regression,2017-2020,4,unweighted,SHAP,,diag,14,5,5,0.6667,0.2857,0.2857,0.8,1.0,1,HighChol,Sex,0.7055,0.5385,0.7156,0,0.8,0.6667,0.5714,0.8,0.832,0.7869,0.8168
model,xgboost,random_forest,2017-2020,4,unweighted,SHAP,,lab,14,4,5,0.8,0.5,0.6667,1.0,0.8,0,,HighChol,0.8945,0.7582,0.8613,0,0.8,0.6667,0.8571,0.8,0.9379,0.938,0.9865
model,xgboost,logistic_regression,2017-2020,4,unweighted,SHAP,,lab,14,4,5,0.8,0.2857,0.4286,1.0,0.8,0,,Sex,0.7758,0.6264,0.7858,0,1.0,0.8333,0.7143,0.8,0.8719,0.8393,0.8528
model,random_forest,logistic_regression,2017-2020,4,unweighted,SHAP,,lab,14,5,5,0.6667,0.1429,0.4286,0.8,1.0,1,HighChol,Sex,0.6659,0.5165,0.7179,0,0.8,0.6667,0.7143,0.8,0.8458,0.8101,0.8439
model,xgboost,random_forest,2017-2020,4,unweighted,SHAP,,total,14,4,4,1.0,0.7143,0.6,1.0,1.0,0,,,0.789,0.6044,0.7233,0,0.8,0.6667,0.7143,0.9,0.8546,0.8035,0.8181
model,xgboost,logistic_regression,2017-2020,4,unweighted,SHAP,,total,14,4,5,0.8,0.6667,0.8,1.0,0.8,0,,Sex,0.8593,0.7802,0.8421,0,1.0,0.8333,0.8571,0.9,0.8901,0.8439,0.8287
model,random_forest,logistic_regression,2017-2020,4,unweighted,SHAP,,total,14,4,5,0.8,0.4286,0.5,1.0,0.8,0,,Sex,0.7802,0.6044,0.7337,0,0.8,0.6667,0.7143,0.9,0.8488,0.8001,0.8181
label,diag,lab,2017-2020,4,unweighted,PI,xgboost,,14,4,4,1.0,0.2,0.5556,1.0,1.0,0,,,0.6586,0.5281,0.7608,0,0.8,0.8333,0.7143,0.8,0.9155,0.9228,0.9867
label,diag,total,2017-2020,4,unweighted,PI,xgboost,,14,4,4,1.0,1.0,1.0,1.0,1.0,0,,,0.8954,0.7444,0.8772,0,0.8,1.0,0.8571,0.9,0.9507,0.9548,0.9913
label,lab,total,2017-2020,4,unweighted,PI,xgboost,,14,4,4,1.0,0.2,0.5556,1.0,1.0,0,,,0.842,0.7416,0.8677,1,1.0,0.8333,0.7143,0.9,0.9546,0.9591,0.9943
label,diag,lab,2017-2020,4,unweighted,PI,random_forest,,14,6,4,0.6667,0.4,0.5714,1.0,0.6667,0,"HeartDiseaseorAttack,HighBP",,0.9053,0.7936,0.8891,0,1.0,0.8333,0.8571,0.9,0.9348,0.9338,0.9793
label,diag,total,2017-2020,4,unweighted,PI,random_forest,,14,6,4,0.6667,0.1667,0.5714,1.0,0.6667,0,"HeartDiseaseorAttack,HighChol",,0.942,0.8903,0.9516,1,1.0,1.0,1.0,0.9,0.9796,0.985,0.9991
label,lab,total,2017-2020,4,unweighted,PI,random_forest,,14,4,4,0.6,0.3333,0.7143,0.75,1.0,1,HighChol,HighBP,0.9569,0.8798,0.929,0,1.0,0.8333,0.8571,0.9,0.9487,0.9447,0.98
label,diag,lab,2017-2020,4,unweighted,PI,logistic_regression,,14,4,3,0.75,0.3333,0.625,1.0,0.75,0,HighBP,,0.7217,0.5746,0.7934,0,1.0,0.8333,0.8571,0.8,0.9245,0.9268,0.979
label,diag,total,2017-2020,4,unweighted,PI,logistic_regression,,14,4,4,1.0,0.8,0.8333,1.0,1.0,0,,,0.9504,0.8778,0.9472,1,1.0,1.0,0.8571,0.9,0.9746,0.9801,0.9982
label,lab,total,2017-2020,4,unweighted,PI,logistic_regression,,14,3,4,0.75,0.2857,0.5,1.0,0.75,0,,HighBP,0.7019,0.5525,0.7772,0,1.0,0.8333,0.7143,0.8,0.9137,0.9174,0.9778
model,xgboost,random_forest,2017-2020,4,unweighted,PI,,diag,14,4,6,0.6667,0.0,0.625,1.0,0.6667,0,,"HeartDiseaseorAttack,HighChol",0.8707,0.7753,0.8929,0,0.8,1.0,0.8571,0.9,0.9481,0.9521,0.9911
model,xgboost,logistic_regression,2017-2020,4,unweighted,PI,,diag,14,4,4,1.0,0.5,0.75,1.0,1.0,0,,,0.8458,0.7333,0.8614,0,0.8,0.8333,0.8571,0.8,0.937,0.9399,0.9884
model,random_forest,logistic_regression,2017-2020,4,unweighted,PI,,diag,14,6,4,0.6667,0.1667,0.5714,1.0,0.6667,0,"HeartDiseaseorAttack,HighChol",,0.8177,0.6405,0.8308,0,0.8,0.8333,1.0,0.8,0.9448,0.9493,0.9899
model,xgboost,random_forest,2017-2020,4,unweighted,PI,,lab,14,4,4,0.6,0.1429,0.5,0.75,1.0,1,HighBP,HighChol,0.7699,0.6751,0.8376,0,1.0,0.8333,0.7143,0.8,0.9137,0.9174,0.9778
model,xgboost,logistic_regression,2017-2020,4,unweighted,PI,,lab,14,4,3,0.75,0.6,0.8571,1.0,0.75,0,HighBP,,0.925,0.8269,0.8982,0,0.8,0.8333,0.8571,1.0,0.9373,0.9299,0.9738
model,random_forest,logistic_regression,2017-2020,4,unweighted,PI,,lab,14,4,3,0.75,0.3333,0.625,1.0,0.75,0,HighChol,,0.78,0.6173,0.8126,0,0.8,1.0,0.8571,0.8,0.924,0.9246,0.9758
model,xgboost,random_forest,2017-2020,4,unweighted,PI,,total,14,4,4,1.0,0.5,0.75,1.0,1.0,0,,,0.9611,0.9032,0.9593,1,1.0,1.0,1.0,0.9,0.9774,0.9839,0.9991
model,xgboost,logistic_regression,2017-2020,4,unweighted,PI,,total,14,4,4,1.0,0.4,0.625,1.0,1.0,0,,,0.8381,0.7222,0.8544,0,0.8,0.8333,0.8571,0.9,0.943,0.9449,0.9887
model,random_forest,logistic_regression,2017-2020,4,unweighted,PI,,total,14,4,4,1.0,0.8,0.8333,1.0,1.0,0,,,0.8743,0.766,0.8732,0,0.8,0.8333,0.8571,0.9,0.95,0.9511,0.9892
method,SHAP,PI,2017-2020,4,unweighted,,xgboost,diag,14,4,4,1.0,0.3333,0.5,1.0,1.0,0,,,0.5919,0.4641,0.7029,0,0.8,0.6667,0.5714,0.8,0.8456,0.8192,0.8577
method,SHAP,PI,2017-2020,4,unweighted,,xgboost,lab,14,4,4,1.0,0.5,0.5714,1.0,1.0,0,,,0.6733,0.5587,0.7463,0,0.8,0.6667,0.5714,0.8,0.8564,0.8282,0.8584
method,SHAP,PI,2017-2020,4,unweighted,,xgboost,total,14,4,4,1.0,0.1429,0.3333,1.0,1.0,0,,,0.5985,0.4641,0.698,0,0.8,0.6667,0.7143,0.8,0.8532,0.8267,0.8589
method,SHAP,PI,2017-2020,4,unweighted,,random_forest,diag,14,5,6,0.8333,0.3333,0.5,1.0,0.8333,0,,HeartDiseaseorAttack,0.8852,0.7375,0.817,0,1.0,1.0,0.8571,0.9,0.9012,0.8576,0.8318
method,SHAP,PI,2017-2020,4,unweighted,,random_forest,lab,14,5,4,0.8,0.3333,0.5714,1.0,0.8,0,HighBP,,0.7485,0.6173,0.7837,0,1.0,0.8333,0.7143,0.8,0.8687,0.8374,0.8528
method,SHAP,PI,2017-2020,4,unweighted,,random_forest,total,14,4,4,1.0,0.6667,0.6667,1.0,1.0,0,,,0.8134,0.6481,0.7734,0,1.0,1.0,0.8571,0.8,0.8834,0.844,0.831
method,SHAP,PI,2017-2020,4,unweighted,,logistic_regression,diag,14,5,4,0.8,0.3333,0.5714,1.0,0.8,0,Sex,,0.8581,0.7072,0.8504,0,1.0,0.8333,0.7143,0.9,0.918,0.9102,0.9524
method,SHAP,PI,2017-2020,4,unweighted,,logistic_regression,lab,14,5,3,0.6,0.3333,0.7143,1.0,0.6,0,"HighBP,Sex",,0.956,0.8681,0.9392,1,1.0,0.8333,1.0,0.9,0.9697,0.974,0.9965
method,SHAP,PI,2017-2020,4,unweighted,,logistic_regression,total,14,5,4,0.8,0.5,0.6667,1.0,0.8,0,Sex,,0.9109,0.8177,0.8912,0,1.0,0.8333,0.8571,0.9,0.9356,0.9243,0.9538
label,diag,lab,2017-2020,4,weighted,SHAP,xgboost,,14,4,4,1.0,0.4286,0.4286,1.0,1.0,0,,,0.9473,0.8681,0.9411,1,1.0,1.0,1.0,0.9,0.9774,0.9827,0.9989
label,diag,total,2017-2020,4,weighted,SHAP,xgboost,,14,4,4,1.0,0.8333,0.8,1.0,1.0,0,,,0.9736,0.8901,0.9218,0,1.0,1.0,0.8571,0.9,0.9366,0.905,0.8736
label,lab,total,2017-2020,4,weighted,SHAP,xgboost,,14,4,4,1.0,0.5714,0.5,1.0,1.0,0,,,0.9473,0.8462,0.902,0,1.0,1.0,0.8571,0.9,0.9274,0.8978,0.873
label,diag,lab,2017-2020,4,weighted,SHAP,random_forest,,14,4,4,1.0,0.8333,0.8,1.0,1.0,0,,,0.9385,0.8462,0.8733,0,1.0,0.8333,0.8571,1.0,0.8966,0.848,0.8289
label,diag,total,2017-2020,4,weighted,SHAP,random_forest,,14,4,4,1.0,1.0,1.0,1.0,1.0,0,,,0.978,0.9121,0.9635,1,1.0,1.0,1.0,1.0,0.9839,0.988,0.9992
label,lab,total,2017-2020,4,weighted,SHAP,random_forest,,14,4,4,1.0,0.8333,0.8,1.0,1.0,0,,,0.9253,0.8022,0.852,0,1.0,0.8333,0.8571,1.0,0.8917,0.8436,0.8284
label,diag,lab,2017-2020,4,weighted,SHAP,logistic_regression,,14,5,5,1.0,0.2857,0.2857,1.0,1.0,0,,,0.7407,0.6264,0.7941,0,1.0,0.8333,0.7143,0.8,0.8867,0.8747,0.9361
label,diag,total,2017-2020,4,weighted,SHAP,logistic_regression,,14,5,5,1.0,0.6,0.6667,1.0,1.0,0,,,0.8418,0.7363,0.8815,1,1.0,0.8333,0.8571,0.9,0.9574,0.9641,0.9954
label,lab,total,2017-2020,4,weighted,SHAP,logistic_regression,,14,5,5,1.0,0.2857,0.2857,1.0,1.0,0,,,0.7582,0.5824,0.793,0,1.0,1.0,0.8571,0.8,0.9101,0.8984,0.9403
model,xgboost,random_forest,2017-2020,4,weighted,SHAP,,diag,14,4,4,1.0,0.8333,0.8,1.0,1.0,0,,,0.8549,0.6703,0.7398,0,0.8,0.6667,0.7143,1.0,0.8601,0.808,0.8184
model,xgboost,logistic_regression,2017-2020,4,weighted,SHAP,,diag,14,4,5,0.8,0.2857,0.4286,1.0,0.8,0,,Sex,0.7934,0.6264,0.8036,0,1.0,0.8333,0.8571,0.8,0.9205,0.9122,0.9529
model,random_forest,logistic_regression,2017-2020,4,weighted,SHAP,,diag,14,4,5,0.8,0.25,0.2857,1.0,0.8,0,,Sex,0.6879,0.5165,0.6966,0,0.8,0.6667,0.5714,0.8,0.8282,0.7827,0.8163
model,xgboost,random_forest,2017-2020,4,weighted,SHAP,,lab,14,4,4,1.0,0.6667,0.6667,1.0,1.0,0,,,0.9077,0.7802,0.8457,0,0.8,0.8333,0.8571,0.9,0.9066,0.8716,0.8642
model,xgboost,logistic_regression,2017-2020,4,weighted,SHAP,,lab,14,4,5,0.8,0.4286,0.5,1.0,0.8,0,,Sex,0.8022,0.6923,0.8448,0,1.0,0.8333,0.7143,0.9,0.9208,0.922,0.9779
model,random_forest,logistic_regression,2017-2020,4,weighted,SHAP,,lab,14,4,5,0.8,0.4286,0.5,1.0,0.8,0,,Sex,0.6967,0.5604,0.7409,0,0.8,0.6667,0.7143,0.8,0.8458,0.8101,0.8439
model,xgboost,random_forest,2017-2020,4,weighted,SHAP,,total,14,4,4,1.0,0.7143,0.6,1.0,1.0,0,,,0.8022,0.6484,0.7491,0,0.8,0.6667,0.7143,0.9,0.8546,0.8035,0.8181
model,xgboost,logistic_regression,2017-2020,4,weighted,SHAP,,total,14,4,5,0.8,0.6667,0.8,1.0,0.8,0,,Sex,0.8462,0.7363,0.8155,0,1.0,0.8333,0.7143,0.9,0.8826,0.8364,0.8276
model,random_forest,logistic_regression,2017-2020,4,weighted,SHAP,,total,14,4,5,0.8,0.4286,0.5,1.0,0.8,0,,Sex,0.7099,0.5165,0.6861,0,0.8,0.6667,0.5714,0.9,0.8353,0.7874,0.8165
label,diag,lab,2017-2020,4,weighted,PI,xgboost,,14,3,3,1.0,0.6,0.75,1.0,1.0,0,,,0.7277,0.6128,0.7803,0,0.8,0.6667,0.8571,0.8,0.901,0.899,0.9701
label,diag,total,2017-2020,4,weighted,PI,xgboost,,14,3,4,0.75,0.6,0.8571,1.0,0.75,0,,HighBP,0.9366,0.8575,0.9273,0,1.0,1.0,1.0,0.9,0.9544,0.9546,0.9833
label,lab,total,2017-2020,4,weighted,PI,xgboost,,14,3,4,0.75,0.6,0.8571,1.0,0.75,0,,HighBP,0.8332,0.6967,0.8338,0,0.8,0.6667,0.8571,0.8,0.9284,0.9318,0.9862
label,diag,lab,2017-2020,4,weighted,PI,random_forest,,14,4,3,0.75,0.6,0.8571,1.0,0.75,0,HeartDiseaseorAttack,,0.8281,0.6706,0.8091,0,0.8,0.8333,1.0,0.8,0.8996,0.8823,0.9328
label,diag,total,2017-2020,4,weighted,PI,random_forest,,14,4,4,0.6,0.5,1.0,0.75,1.0,1,HeartDiseaseorAttack,HighBP,0.875,0.7516,0.8517,0,0.8,0.8333,1.0,0.9,0.9092,0.8883,0.933
label,lab,total,2017-2020,4,weighted,PI,random_forest,,14,3,4,0.75,0.6,0.8571,1.0,0.75,0,,HighBP,0.9315,0.8235,0.8862,0,0.6,0.8333,1.0,0.9,0.9339,0.9236,0.9691
label,diag,lab,2017-2020,4,weighted,PI,logistic_regression,,14,3,3,1.0,0.5,0.7778,1.0,1.0,0,,,0.7219,0.6258,0.8318,1,1.0,0.8333,0.8571,0.7,0.9309,0.944,0.9942
label,diag,total,2017-2020,4,weighted,PI,logistic_regression,,14,3,4,0.75,0.6667,1.0,1.0,0.75,0,,HighBP,0.9241,0.8398,0.9174,0,1.0,1.0,0.8571,0.9,0.9538,0.9519,0.9824
label,lab,total,2017-2020,4,weighted,PI,logistic_regression,,14,3,4,0.75,0.25,0.7778,1.0,0.75,0,,HighBP,0.7646,0.6405,0.8163,0,1.0,0.8333,0.7143,0.8,0.9137,0.9174,0.9778
model,xgboost,random_forest,2017-2020,4,weighted,PI,,diag,14,3,4,0.75,0.75,1.0,1.0,0.75,0,,HeartDiseaseorAttack,0.9063,0.7978,0.8851,0,0.8,0.8333,1.0,0.9,0.9274,0.9139,0.9486
model,xgboost,logistic_regression,2017-2020,4,weighted,PI,,diag,14,3,3,1.0,0.75,0.875,1.0,1.0,0,,,0.8423,0.6936,0.8386,0,0.8,0.8333,1.0,0.8,0.9276,0.9246,0.9743
model,random_forest,logistic_regression,2017-2020,4,weighted,PI,,diag,14,4,3,0.75,0.5,0.875,1.0,0.75,0,HeartDiseaseorAttack,,0.8543,0.6928,0.8143,0,0.6,0.8333,1.0,0.8,0.8922,0.868,0.9264
model,xgboost,random_forest,2017-2020,4,weighted,PI,,lab,14,3,3,1.0,0.5,0.625,1.0,1.0,0,,,0.7723,0.6359,0.8064,0,0.6,0.8333,0.8571,0.8,0.8977,0.8935,0.9664
model,xgboost,logistic_regression,2017-2020,4,weighted,PI,,lab,14,3,3,1.0,0.75,0.875,1.0,1.0,0,,,0.796,0.6705,0.8292,0,0.8,0.8333,0.8571,0.9,0.9207,0.9178,0.9733
model,random_forest,logistic_regression,2017-2020,4,weighted,PI,,lab,14,3,3,1.0,0.6,0.75,1.0,1.0,0,,,0.8572,0.7516,0.8832,0,0.8,1.0,0.8571,0.9,0.9541,0.9574,0.9915
model,xgboost,random_forest,2017-2020,4,weighted,PI,,total,14,4,4,1.0,0.75,0.8571,1.0,1.0,0,,,0.9544,0.9032,0.9591,1,1.0,1.0,1.0,0.9,0.9774,0.9839,0.9991
model,xgboost,logistic_regression,2017-2020,4,weighted,PI,,total,14,4,4,1.0,0.5,0.75,1.0,1.0,0,,,0.7599,0.6111,0.8185,0,0.8,0.8333,0.8571,0.8,0.9264,0.9341,0.9883
model,random_forest,logistic_regression,2017-2020,4,weighted,PI,,total,14,4,4,1.0,0.6667,0.875,1.0,1.0,0,,,0.8488,0.7317,0.8698,0,0.8,0.8333,0.8571,0.9,0.9442,0.9477,0.9891
method,SHAP,PI,2017-2020,4,weighted,,xgboost,diag,14,4,3,0.75,0.2857,0.5,1.0,0.75,0,HighBP,,0.5889,0.4662,0.7284,0,0.8,0.6667,0.7143,0.7,0.8761,0.8784,0.9681
method,SHAP,PI,2017-2020,4,weighted,,xgboost,lab,14,4,3,0.75,0.5,0.7143,1.0,0.75,0,HighBP,,0.7219,0.6258,0.8166,0,0.8,0.8333,0.7143,0.8,0.9236,0.9291,0.9872
method,SHAP,PI,2017-2020,4,weighted,,xgboost,total,14,4,4,1.0,0.4286,0.4286,1.0,1.0,0,,,0.6447,0.5083,0.7226,0,0.8,0.6667,0.7143,0.8,0.858,0.8304,0.8591
method,SHAP,PI,2017-2020,4,weighted,,random_forest,diag,14,4,4,0.6,0.2857,0.5714,0.75,1.0,1,HighBP,HeartDiseaseorAttack,0.7925,0.6034,0.6926,0,0.8,0.8333,0.8571,0.8,0.8231,0.7541,0.7651
method,SHAP,PI,2017-2020,4,weighted,,random_forest,lab,14,4,3,0.75,0.25,0.375,1.0,0.75,0,HighBP,,0.6778,0.5117,0.7147,0,0.8,0.8333,0.7143,0.8,0.854,0.8192,0.8464
method,SHAP,PI,2017-2020,4,weighted,,random_forest,total,14,4,4,1.0,0.5,0.5714,1.0,1.0,0,,,0.74,0.5571,0.7255,0,0.8,1.0,0.8571,0.7,0.8556,0.8159,0.8239
method,SHAP,PI,2017-2020,4,weighted,,logistic_regression,diag,14,5,3,0.6,0.1667,0.625,1.0,0.6,0,"HighBP,Sex",,0.7978,0.6044,0.7959,0,1.0,0.8333,0.7143,0.9,0.8954,0.8811,0.9364
method,SHAP,PI,2017-2020,4,weighted,,logistic_regression,lab,14,5,3,0.6,0.1429,0.5,1.0,0.6,0,"HighBP,Sex",,0.819,0.6928,0.8572,1,1.0,0.8333,0.8571,0.8,0.9422,0.9519,0.9946
method,SHAP,PI,2017-2020,4,weighted,,logistic_regression,total,14,5,4,0.8,0.2,0.625,1.0,0.8,0,Sex,,0.7679,0.6409,0.8103,0,1.0,0.8333,0.8571,0.8,0.9152,0.9092,0.9529
label,diag,lab,2017-2020,5,unweighted,SHAP,xgboost,,14,4,4,1.0,0.8,0.8333,1.0,1.0,0,,,0.956,0.8462,0.8987,0,1.0,0.8333,0.8571,0.9,0.9236,0.8922,0.8709
label,diag,total,2017-2020,5,unweighted,SHAP,xgboost,,14,4,4,1.0,0.8,0.8333,1.0,1.0,0,,,0.978,0.9121,0.9306,0,1.0,1.0,0.8571,0.9,0.9404,0.9079,0.8737
label,lab,total,2017-2020,5,unweighted,SHAP,xgboost,,14,4,4,1.0,0.6667,0.6667,1.0,1.0,0,,,0.9736,0.8901,0.9419,1,1.0,0.8333,0.8571,1.0,0.9756,0.9768,0.9961
label,diag,lab,2017-2020,5,unweighted,SHAP,random_forest,,14,5,5,1.0,0.8,0.8,1.0,1.0,0,,,0.8725,0.7363,0.8171,0,1.0,0.8333,0.7143,0.9,0.883,0.8368,0.8276
label,diag,total,2017-2020,5,unweighted,SHAP,random_forest,,14,5,5,1.0,1.0,1.0,1.0,1.0,0,,,0.9209,0.8242,0.902,1,1.0,0.8333,0.7143,1.0,0.9582,0.9599,0.994
label,lab,total,2017-2020,5,unweighted,SHAP,random_forest,,14,5,5,1.0,0.8,0.8,1.0,1.0,0,,,0.9516,0.8242,0.8708,0,1.0,1.0,0.8571,0.9,0.9052,0.8589,0.8316
label,diag,lab,2017-2020,5,unweighted,SHAP,logistic_regression,,14,5,5,1.0,0.6,0.6667,1.0,1.0,0,,,0.9121,0.7363,0.8734,0,1.0,0.8333,0.8571,1.0,0.943,0.9411,0.9799
label,diag,total,2017-2020,5,unweighted,SHAP,logistic_regression,,14,5,5,1.0,0.6,0.6667,1.0,1.0,0,,,0.8769,0.7582,0.8891,1,1.0,1.0,0.8571,0.9,0.9628,0.9703,0.9975
label,lab,total,2017-2020,5,unweighted,SHAP,logistic_regression,,14,5,5,1.0,1.0,1.0,1.0,1.0,0,,,0.8989,0.7582,0.8834,0,1.0,0.8333,0.8571,0.9,0.9407,0.9402,0.9799
model,xgboost,random_forest,2017-2020,5,unweighted,SHAP,,diag,14,4,5,0.8,0.5,0.6667,1.0,0.8,0,,HighChol,0.9077,0.7802,0.8033,0,0.8,0.6667,0.8571,1.0,0.8768,0.8226,0.8201
model,xgboost,logistic_regression,2017-2020,5,unweighted,SHAP,,diag,14,4,5,0.8,0.3333,0.5714,1.0,0.8,0,,Sex,0.811,0.6923,0.8681,1,1.0,1.0,0.8571,0.8,0.958,0.968,0.9976
model,random_forest,logistic_regression,2017-2020,5,unweighted,SHAP,,diag,14,5,5,0.6667,0.125,0.2857,0.8,1.0,1,HighChol,Sex,0.6967,0.5165,0.6921,0,0.8,0.6667,0.7143,0.8,0.8396,0.7944,0.8179
model,xgboost,random_forest,2017-2020,5,unweighted,SHAP,,lab,14,4,5,0.8,0.5,0.6667,1.0,0.8,0,,HighChol,0.9648,0.8901,0.931,0,0.8,0.8333,0.8571,1.0,0.9647,0.9615,0.9898
model,xgboost,logistic_regression,2017-2020,5,unweighted,SHAP,,lab,14,4,5,0.8,0.2857,0.4286,1.0,0.8,0,,Sex,0.8462,0.7143,0.8352,0,1.0,1.0,0.8571,0.8,0.8953,0.863,0.857
model,random_forest,logistic_regression,2017-2020,5,unweighted,SHAP,,lab,14,5,5,0.6667,0.3333,0.6667,0.8,1.0,1,HighChol,Sex,0.8242,0.6923,0.8114,0,0.8,0.8333,0.8571,0.8,0.8771,0.8394,0.8484
model,xgboost,random_forest,2017-2020,5,unweighted,SHAP,,total,14,4,5,0.8,0.6667,0.8,1.0,0.8,0,,HighChol,0.9165,0.7802,0.8278,0,0.8,0.8333,0.7143,0.9,0.8768,0.8252,0.8216
model,xgboost,logistic_regression,2017-2020,5,unweighted,SHAP,,total,14,4,5,0.8,0.5,0.6667,1.0,0.8,0,,Sex,0.8989,0.7582,0.8637,0,1.0,1.0,0.8571,0.9,0.9188,0.8912,0.8725
model,random_forest,logistic_regression,2017-2020,5,unweighted,SHAP,,total,14,5,5,0.6667,0.2857,0.5,0.8,1.0,1,HighChol,Sex,0.8505,0.6703,0.7593,0,0.8,0.8333,0.8571,0.9,0.8717,0.8245,0.8224
label,diag,lab,2017-2020,5,unweighted,PI,xgboost,,14,3,3,0.5,0.1429,0.5556,0.6667,1.0,1,HighBP,BMI,0.7263,0.5811,0.7822,0,1.0,0.8333,0.7143,0.9,0.9088,0.903,0.9518
label,diag,total,2017-2020,5,unweighted,PI,xgboost,,14,3,4,0.75,0.1429,0.4444,1.0,0.75,0,,BMI,0.8896,0.7599,0.8583,0,0.8,0.8333,0.7143,1.0,0.9102,0.8964,0.946
label,lab,total,2017-2020,5,unweighted,PI,xgboost,,14,3,4,0.75,0.1429,0.4444,1.0,0.75,0,,HighBP,0.7118,0.5682,0.7631,0,0.8,0.6667,0.7143,0.9,0.9148,0.9175,0.9842
label,diag,lab,2017-2020,5,unweighted,PI,random_forest,,14,5,4,0.8,0.75,1.0,1.0,0.8,0,HeartDiseaseorAttack,,0.9099,0.8173,0.8565,0,0.8,0.8333,0.8571,0.9,0.9092,0.8879,0.9325
label,diag,total,2017-2020,5,unweighted,PI,random_forest,,14,5,4,0.8,0.5,0.8571,1.0,0.8,0,HeartDiseaseorAttack,,0.8929,0.7516,0.8427,0,1.0,0.8333,0.8571,0.9,0.9116,0.8953,0.9381
label,lab,total,2017-2020,5,unweighted,PI,random_forest,,14,4,4,1.0,0.75,0.8571,1.0,1.0,0,,,0.9069,0.8075,0.8907,0,0.8,0.6667,0.8571,0.9,0.945,0.9426,0.9866
label,diag,lab,2017-2020,5,unweighted,PI,logistic_regression,,14,3,3,1.0,0.75,0.875,1.0,1.0,0,,,0.7679,0.663,0.8238,0,0.8,0.8333,0.8571,0.9,0.9255,0.9216,0.9735
label,diag,total,2017-2020,5,unweighted,PI,logistic_regression,,14,3,4,0.75,0.6,0.8571,1.0,0.75,0,,HighBP,0.9437,0.8765,0.9406,1,1.0,0.8333,0.8571,0.9,0.9707,0.9732,0.9959
label,lab,total,2017-2020,5,unweighted,PI,logistic_regression,,14,3,4,0.75,0.4,0.75,1.0,0.75,0,,HighBP,0.8146,0.6705,0.8401,0,0.8,1.0,0.8571,0.8,0.9266,0.9261,0.9758
model,xgboost,random_forest,2017-2020,5,unweighted,PI,,diag,14,3,5,0.6,0.4,0.8571,1.0,0.6,0,,"BMI,HeartDiseaseorAttack",0.9029,0.7822,0.8677,0,0.8,0.8333,1.0,0.9,0.9152,0.8936,0.9335
model,xgboost,logistic_regression,2017-2020,5,unweighted,PI,,diag,14,3,3,0.5,0.6,1.0,0.6667,1.0,1,HighBP,BMI,0.8977,0.7956,0.8953,0,1.0,1.0,1.0,0.8,0.9439,0.9359,0.9572
model,random_forest,logistic_regression,2017-2020,5,unweighted,PI,,diag,14,5,3,0.6,0.4,0.8571,1.0,0.6,0,"HeartDiseaseorAttack,HighBP",,0.8862,0.7304,0.8271,0,0.8,0.8333,1.0,0.9,0.9092,0.8883,0.933
model,xgboost,random_forest,2017-2020,5,unweighted,PI,,lab,14,3,4,0.75,0.1429,0.4444,1.0,0.75,0,,HighBP,0.7563,0.6514,0.8285,0,0.8,0.8333,0.7143,0.8,0.9236,0.9291,0.9872
model,xgboost,logistic_regression,2017-2020,5,unweighted,PI,,lab,14,3,3,1.0,0.4,0.6667,1.0,1.0,0,,,0.8543,0.7375,0.8617,0,0.8,0.8333,0.8571,0.8,0.9216,0.9189,0.9734
model,random_forest,logistic_regression,2017-2020,5,unweighted,PI,,lab,14,4,3,0.75,0.4,0.75,1.0,0.75,0,HighBP,,0.753,0.594,0.7967,0,0.8,1.0,0.8571,0.8,0.918,0.9194,0.9753
model,xgboost,random_forest,2017-2020,5,unweighted,PI,,total,14,4,4,1.0,0.4,0.625,1.0,1.0,0,,,0.9621,0.8903,0.9471,1,1.0,1.0,0.8571,1.0,0.9759,0.9802,0.9981
model,xgboost,logistic_regression,2017-2020,5,unweighted,PI,,total,14,4,4,1.0,0.3333,0.5,1.0,1.0,0,,,0.7561,0.6364,0.8054,0,0.8,0.6667,0.5714,0.9,0.9111,0.9142,0.9836
model,random_forest,logistic_regression,2017-2020,5,unweighted,PI,,total,14,4,4,1.0,0.4,0.625,1.0,1.0,0,,,0.8148,0.6822,0.8305,0,0.8,0.6667,0.7143,0.9,0.9188,0.9236,0.9852
method,SHAP,PI,2017-2020,5,unweighted,,xgboost,diag,14,4,3,0.75,0.3333,0.625,1.0,0.75,0,BMI,,0.7978,0.6484,0.8188,0,1.0,0.8333,0.8571,0.9,0.9164,0.9105,0.953
method,SHAP,PI,2017-2020,5,unweighted,,xgboost,lab,14,4,3,0.75,0.2857,0.5,1.0,0.75,0,HighBP,,0.8896,0.7599,0.8503,0,1.0,0.8333,0.7143,0.9,0.9067,0.8758,0.8689
method,SHAP,PI,2017-2020,5,unweighted,,xgboost,total,14,4,4,1.0,0.2857,0.375,1.0,1.0,0,,,0.6954,0.5364,0.7211,0,0.8,0.6667,0.5714,0.8,0.8562,0.8263,0.858
method,SHAP,PI,2017-2020,5,unweighted,,random_forest,diag,14,5,5,0.6667,0.3333,0.6667,0.8,1.0,1,HighChol,HeartDiseaseorAttack,0.8896,0.7375,0.7959,0,0.8,1.0,1.0,0.9,0.8444,0.7752,0.7689
method,SHAP,PI,2017-2020,5,unweighted,,random_forest,lab,14,5,4,0.8,0.3333,0.5714,1.0,0.8,0,HighChol,,0.8429,0.7338,0.8449,0,1.0,0.8333,0.7143,0.8,0.8965,0.8692,0.8687
method,SHAP,PI,2017-2020,5,unweighted,,random_forest,total,14,5,4,0.8,0.3333,0.5714,1.0,0.8,0,HighChol,,0.8401,0.6708,0.7571,0,0.8,0.6667,0.8571,0.9,0.8571,0.8098,0.8196
method,SHAP,PI,2017-2020,5,unweighted,,logistic_regression,diag,14,5,3,0.6,0.1429,0.5,1.0,0.6,0,"HighBP,Sex",,0.8449,0.7072,0.8639,1,1.0,0.8333,0.7143,0.8,0.9459,0.9539,0.9942
method,SHAP,PI,2017-2020,5,unweighted,,logistic_regression,lab,14,5,3,0.6,0.1667,0.625,1.0,0.6,0,"HighBP,Sex",,0.9033,0.7802,0.8917,0,0.8,1.0,0.8571,0.8,0.9528,0.9561,0.9915
method,SHAP,PI,2017-2020,5,unweighted,,logistic_regression,total,14,5,4,0.8,0.3333,0.5714,1.0,0.8,0,Sex,,0.819,0.6928,0.8624,1,1.0,0.8333,0.8571,0.8,0.9396,0.9505,0.9945
label,diag,lab,2017-2020,5,weighted,SHAP,xgboost,,14,4,4,1.0,0.8,0.8333,1.0,1.0,0,,,0.956,0.8462,0.9245,1,1.0,0.8333,0.8571,0.9,0.9686,0.9722,0.9959
label,diag,total,2017-2020,5,weighted,SHAP,xgboost,,14,4,4,1.0,0.8,0.8333,1.0,1.0,0,,,0.9736,0.8901,0.9174,0,1.0,0.8333,1.0,0.9,0.9321,0.8992,0.8718
label,lab,total,2017-2020,5,weighted,SHAP,xgboost,,14,4,4,1.0,0.6667,0.6667,1.0,1.0,0,,,0.956,0.8681,0.9045,0,1.0,0.8333,0.8571,1.0,0.9246,0.8916,0.8706
label,diag,lab,2017-2020,5,weighted,SHAP,random_forest,,14,5,5,1.0,0.8,0.8,1.0,1.0,0,,,0.9121,0.8022,0.8511,0,1.0,0.8333,0.8571,0.9,0.8938,0.8462,0.8288
label,diag,total,2017-2020,5,weighted,SHAP,random_forest,,14,5,5,1.0,1.0,1.0,1.0,1.0,0,,,0.9385,0.8462,0.912,1,1.0,0.8333,0.7143,1.0,0.9642,0.9651,0.9945
label,lab,total,2017-2020,5,weighted,SHAP,random_forest,,14,5,5,1.0,0.8,0.8,1.0,1.0,0,,,0.9385,0.8242,0.8659,0,1.0,0.8333,0.8571,0.9,0.8938,0.8462,0.8288
label,diag,lab,2017-2020,5,weighted,SHAP,logistic_regression,,14,5,5,1.0,0.8,0.8,1.0,1.0,0,,,0.9121,0.7363,0.8734,0,1.0,0.8333,0.8571,1.0,0.943,0.9411,0.9799
label,diag,total,2017-2020,5,weighted,SHAP,logistic_regression,,14,5,5,1.0,0.8,0.8,1.0,1.0,0,,,0.8769,0.7582,0.8891,1,1.0,1.0,0.8571,0.9,0.9628,0.9703,0.9975
label,lab,total,2017-2020,5,weighted,SHAP,logistic_regression,,14,5,5,1.0,1.0,1.0,1.0,1.0,0,,,0.8989,0.7582,0.8834,0,1.0,0.8333,0.8571,0.9,0.9407,0.9402,0.9799
model,xgboost,random_forest,2017-2020,5,weighted,SHAP,,diag,14,4,5,0.8,0.5,0.6667,1.0,0.8,0,,HighChol,0.8813,0.7143,0.7601,0,0.8,0.6667,0.7143,1.0,0.8692,0.8152,0.8189
model,xgboost,logistic_regression,2017-2020,5,weighted,SHAP,,diag,14,4,5,0.8,0.2857,0.4286,1.0,0.8,0,,Sex,0.7934,0.6703,0.8556,1,1.0,1.0,0.8571,0.8,0.958,0.968,0.9976
model,random_forest,logistic_regression,2017-2020,5,weighted,SHAP,,diag,14,5,5,0.6667,0.25,0.3333,0.8,1.0,1,HighChol,Sex,0.6615,0.4725,0.6639,0,0.8,0.6667,0.5714,0.8,0.832,0.7869,0.8168
model,xgboost,random_forest,2017-2020,5,weighted,SHAP,,lab,14,4,5,0.8,0.5,0.6667,1.0,0.8,0,,HighChol,0.956,0.8462,0.8833,0,0.8,0.8333,0.8571,1.0,0.9165,0.8795,0.8648
model,xgboost,logistic_regression,2017-2020,5,weighted,SHAP,,lab,14,4,5,0.8,0.2857,0.4286,1.0,0.8,0,,Sex,0.8505,0.7363,0.8747,0,1.0,1.0,0.8571,0.8,0.9403,0.943,0.982
model,random_forest,logistic_regression,2017-2020,5,weighted,SHAP,,lab,14,5,5,0.6667,0.3333,0.6667,0.8,1.0,1,HighChol,Sex,0.8022,0.6703,0.8029,0,0.8,0.8333,0.8571,0.8,0.874,0.8374,0.8484
model,xgboost,random_forest,2017-2020,5,weighted,SHAP,,total,14,4,5,0.8,0.6667,0.8,1.0,0.8,0,,HighChol,0.8549,0.6703,0.7614,0,0.8,0.6667,0.7143,0.9,0.8622,0.8105,0.8188
model,xgboost,logistic_regression,2017-2020,5,weighted,SHAP,,total,14,4,5,0.8,0.5,0.6667,1.0,0.8,0,,Sex,0.8901,0.7582,0.8603,0,1.0,0.8333,0.8571,0.9,0.915,0.8855,0.8704
model,random_forest,logistic_regression,2017-2020,5,weighted,SHAP,,total,14,5,5,0.6667,0.2857,0.5,0.8,1.0,1,HighChol,Sex,0.7934,0.6044,0.7215,0,0.8,0.6667,0.8571,0.9,0.8511,0.8046,0.8191
label,diag,lab,2017-2020,5,weighted,PI,xgboost,,14,4,2,0.5,0.2857,0.625,1.0,0.5,0,"BMI,HighBP",,0.5693,0.4451,0.6978,0,0.8,0.6667,0.7143,0.6,0.8481,0.8363,0.9268
label,diag,total,2017-2020,5,weighted,PI,xgboost,,14,4,4,1.0,0.4,0.625,1.0,1.0,0,,,0.8185,0.6851,0.8526,0,0.8,0.8333,0.8571,0.9,0.9303,0.9368,0.9884
label,lab,total,2017-2020,5,weighted,PI,xgboost,,14,2,4,0.5,0.25,0.5,1.0,0.5,0,,"BMI,HighBP",0.5912,0.5008,0.7056,0,0.6,0.5,0.7143,0.7,0.8417,0.8199,0.9184
label,diag,lab,2017-2020,5,weighted,PI,random_forest,,14,5,4,0.8,0.4,0.5,1.0,0.8,0,HeartDiseaseorAttack,,0.6408,0.5341,0.7481,0,0.8,0.8333,0.7143,0.8,0.8918,0.8839,0.9455
label,diag,total,2017-2020,5,weighted,PI,random_forest,,14,5,5,1.0,0.75,0.8333,1.0,1.0,0,,,0.8951,0.8209,0.8921,0,1.0,1.0,0.8571,0.9,0.9216,0.8945,0.873
label,lab,total,2017-2020,5,weighted,PI,random_forest,,14,4,5,0.8,0.5,0.625,1.0,0.8,0,,HeartDiseaseorAttack,0.7813,0.6591,0.7737,0,0.8,0.8333,0.7143,0.9,0.8615,0.8156,0.8213
label,diag,lab,2017-2020,5,weighted,PI,logistic_regression,,14,4,4,0.6,0.0,0.4444,0.75,1.0,1,HighBP,Sex,0.7258,0.5889,0.7884,0,1.0,0.8333,0.7143,0.8,0.9185,0.9199,0.9778
label,diag,total,2017-2020,5,weighted,PI,logistic_regression,,14,4,4,1.0,0.6667,0.875,1.0,1.0,0,,,0.9262,0.8556,0.9441,1,1.0,1.0,1.0,0.9,0.9856,0.9902,0.9996
label,lab,total,2017-2020,5,weighted,PI,logistic_regression,,14,4,4,0.6,0.0,0.5556,0.75,1.0,1,Sex,HighBP,0.7941,0.6333,0.8074,0,1.0,0.8333,0.7143,0.8,0.9233,0.9236,0.978
model,xgboost,random_forest,2017-2020,5,weighted,PI,,diag,14,4,5,0.8,0.4,0.7143,1.0,0.8,0,,HeartDiseaseorAttack,0.9193,0.7978,0.9033,0,0.8,1.0,0.8571,0.9,0.9541,0.9586,0.9917
model,xgboost,logistic_regression,2017-2020,5,weighted,PI,,diag,14,4,4,1.0,1.0,1.0,1.0,1.0,0,,,0.87,0.7444,0.8819,0,1.0,1.0,1.0,0.9,0.9446,0.9379,0.9574
model,random_forest,logistic_regression,2017-2020,5,weighted,PI,,diag,14,5,4,0.8,0.4,0.7143,1.0,0.8,0,HeartDiseaseorAttack,,0.8619,0.7304,0.8569,0,0.8,1.0,0.8571,0.8,0.9198,0.9094,0.9495
model,xgboost,random_forest,2017-2020,5,weighted,PI,,lab,14,2,4,0.5,0.5,0.8571,1.0,0.5,0,,"BMI,HighBP",0.8692,0.7462,0.8268,0,0.8,0.8333,0.8571,0.8,0.892,0.8748,0.9317
model,xgboost,logistic_regression,2017-2020,5,weighted,PI,,lab,14,2,4,0.5,0.25,0.5,1.0,0.5,0,,"BMI,Sex",0.7673,0.6559,0.8017,0,0.8,0.8333,0.8571,0.9,0.8956,0.8756,0.9314
model,random_forest,logistic_regression,2017-2020,5,weighted,PI,,lab,14,4,4,0.6,0.1667,0.625,0.75,1.0,1,HighBP,Sex,0.8,0.663,0.8443,0,1.0,1.0,0.8571,0.8,0.9312,0.9358,0.9815
model,xgboost,random_forest,2017-2020,5,weighted,PI,,total,14,4,5,0.8,0.1667,0.5,1.0,0.8,0,,HeartDiseaseorAttack,0.8378,0.7163,0.8346,0,1.0,0.8333,0.8571,0.9,0.909,0.879,0.8697
model,xgboost,logistic_regression,2017-2020,5,weighted,PI,,total,14,4,4,1.0,0.5,0.75,1.0,1.0,0,,,0.7481,0.5746,0.7888,0,0.8,0.8333,0.8571,0.8,0.8963,0.8894,0.9466
model,random_forest,logistic_regression,2017-2020,5,weighted,PI,,total,14,5,4,0.8,0.25,0.75,1.0,0.8,0,HeartDiseaseorAttack,,0.7798,0.6174,0.7796,0,0.8,1.0,0.8571,0.7,0.8632,0.8229,0.8246
method,SHAP,PI,2017-2020,5,weighted,,xgboost,diag,14,4,4,1.0,0.4,0.625,1.0,1.0,0,,,0.7723,0.6188,0.7971,0,1.0,0.8333,0.7143,0.9,0.9136,0.9055,0.9519
method,SHAP,PI,2017-2020,5,weighted,,xgboost,lab,14,4,2,0.5,0.5714,0.8333,1.0,0.5,0,"BMI,HighBP",,0.8159,0.6639,0.7781,0,0.8,0.6667,0.7143,0.8,0.8793,0.8588,0.928
method,SHAP,PI,2017-2020,5,weighted,,xgboost,total,14,4,4,1.0,0.2857,0.375,1.0,1.0,0,,,0.767,0.5824,0.7387,0,0.8,0.8333,0.8571,0.9,0.8609,0.8155,0.8217
method,SHAP,PI,2017-2020,5,weighted,,random_forest,diag,14,5,5,0.6667,0.5,0.8,0.8,1.0,1,HighChol,HeartDiseaseorAttack,0.8896,0.7375,0.8158,0,0.8,0.8333,0.8571,1.0,0.8701,0.8225,0.8221
method,SHAP,PI,2017-2020,5,weighted,,random_forest,lab,14,5,4,0.8,0.1667,0.5,1.0,0.8,0,HighChol,,0.7837,0.6258,0.785,0,0.8,0.6667,0.7143,0.9,0.8727,0.8421,0.8599
method,SHAP,PI,2017-2020,5,weighted,,random_forest,total,14,5,5,0.6667,0.3333,0.6667,0.8,1.0,1,HighChol,HeartDiseaseorAttack,0.8401,0.7163,0.8268,0,0.8,0.6667,0.7143,0.9,0.8964,0.8828,0.9433
method,SHAP,PI,2017-2020,5,weighted,,logistic_regression,diag,14,5,4,0.8,0.1429,0.375,1.0,0.8,0,Sex,,0.7129,0.5746,0.8006,1,1.0,0.8333,0.7143,0.7,0.9233,0.9365,0.9931
method,SHAP,PI,2017-2020,5,weighted,,logistic_regression,lab,14,5,4,0.8,0.1429,0.375,1.0,0.8,0,HighBP,,0.6997,0.5746,0.8022,1,1.0,0.8333,0.7143,0.8,0.926,0.9377,0.9929
method,SHAP,PI,2017-2020,5,weighted,,logistic_regression,total,14,5,4,0.8,0.0,0.4444,1.0,0.8,0,Sex,,0.7327,0.5746,0.793,1,1.0,0.8333,0.7143,0.8,0.9318,0.9411,0.993
label,diag,lab,2017-2020,6,unweighted,SHAP,xgboost,,14,4,3,0.75,0.5714,0.6667,1.0,0.75,0,HighBP,,0.9429,0.8242,0.903,0,0.8,0.8333,1.0,0.9,0.9448,0.9377,0.9752
label,diag,total,2017-2020,6,unweighted,SHAP,xgboost,,14,4,4,1.0,0.8333,0.8,1.0,1.0,0,,,0.9736,0.8901,0.911,0,0.8,1.0,0.8571,1.0,0.9251,0.8889,0.8671
label,lab,total,2017-2020,6,unweighted,SHAP,xgboost,,14,3,4,0.75,0.6667,0.8333,1.0,0.75,0,,HighBP,0.9341,0.8022,0.866,0,1.0,0.8333,0.8571,0.9,0.8994,0.8613,0.8548
label,diag,lab,2017-2020,6,unweighted,SHAP,random_forest,,14,5,5,1.0,0.8,0.8,1.0,1.0,0,,,0.8769,0.7582,0.7595,0,1.0,0.8333,0.8571,0.9,0.7928,0.6453,0.3288
label,diag,total,2017-2020,6,unweighted,SHAP,random_forest,,14,5,5,1.0,1.0,1.0,1.0,1.0,0,,,0.9692,0.8901,0.8821,0,1.0,0.8333,0.8571,1.0,0.8734,0.7744,0.4957
label,lab,total,2017-2020,6,unweighted,SHAP,random_forest,,14,5,5,1.0,0.8,0.8,1.0,1.0,0,,,0.8857,0.7363,0.7004,0,1.0,0.8333,0.8571,0.9,0.7868,0.6401,0.3283
label,diag,lab,2017-2020,6,unweighted,SHAP,logistic_regression,,14,4,4,0.6,0.3333,0.7143,0.75,1.0,1,HighBP,Sex,0.833,0.6703,0.8428,0,0.8,1.0,0.8571,0.8,0.9288,0.9284,0.976
label,diag,total,2017-2020,6,unweighted,SHAP,logistic_regression,,14,4,4,1.0,0.6,0.7143,1.0,1.0,0,,,0.9033,0.8022,0.9221,1,1.0,1.0,1.0,0.8,0.9795,0.9865,0.9995
label,lab,total,2017-2020,6,unweighted,SHAP,logistic_regression,,14,4,4,0.6,0.2,0.75,0.75,1.0,1,Sex,HighBP,0.7802,0.6484,0.8297,0,0.8,1.0,0.8571,0.8,0.924,0.9246,0.9758
model,xgboost,random_forest,2017-2020,6,unweighted,SHAP,,diag,14,4,5,0.8,0.8333,1.0,1.0,0.8,0,,HighChol,0.8945,0.7582,0.7922,0,0.8,0.6667,0.8571,1.0,0.8768,0.8226,0.8201
model,xgboost,logistic_regression,2017-2020,6,unweighted,SHAP,,diag,14,4,4,1.0,0.5714,0.5,1.0,1.0,0,,,0.7451,0.6264,0.8274,0,0.8,0.8333,0.8571,0.8,0.9324,0.9393,0.9888
model,random_forest,logistic_regression,2017-2020,6,unweighted,SHAP,,diag,14,5,4,0.8,0.4286,0.5,1.0,0.8,0,HighChol,,0.7275,0.5165,0.7011,0,0.8,0.8333,0.7143,0.8,0.8528,0.8092,0.821
model,xgboost,random_forest,2017-2020,6,unweighted,SHAP,,lab,14,3,5,0.6,0.5,0.8333,1.0,0.6,0,,"HighBP,HighChol",0.9209,0.7802,0.7735,0,0.8,0.8333,0.8571,0.9,0.7954,0.6521,0.3491
model,xgboost,logistic_regression,2017-2020,6,unweighted,SHAP,,lab,14,3,4,0.75,0.3333,0.625,1.0,0.75,0,,Sex,0.7978,0.6923,0.8569,0,0.8,1.0,0.8571,0.9,0.9541,0.9586,0.9917
model,random_forest,logistic_regression,2017-2020,6,unweighted,SHAP,,lab,14,5,4,0.5,0.0,0.5,0.75,0.8,1,"HighBP,HighChol",Sex,0.7011,0.5165,0.6524,0,0.8,0.8333,0.7143,0.8,0.7648,0.6282,0.3471
model,xgboost,random_forest,2017-2020,6,unweighted,SHAP,,total,14,4,5,0.8,0.6667,0.8,1.0,0.8,0,,HighChol,0.8901,0.7582,0.7333,0,0.8,0.8333,0.8571,1.0,0.7867,0.6336,0.3227
model,xgboost,logistic_regression,2017-2020,6,unweighted,SHAP,,total,14,4,4,1.0,0.6,0.7143,1.0,1.0,0,,,0.8418,0.7143,0.8329,0,1.0,0.8333,0.7143,0.9,0.8982,0.8708,0.8688
model,random_forest,logistic_regression,2017-2020,6,unweighted,SHAP,,total,14,5,4,0.8,0.3333,0.5714,1.0,0.8,0,HighChol,,0.7758,0.5604,0.6258,0,0.8,0.8333,0.7143,0.9,0.7581,0.6118,0.3208
label,diag,lab,2017-2020,6,unweighted,PI,xgboost,,14,3,3,1.0,0.3333,0.5556,1.0,1.0,0,,,0.9111,0.7775,0.8951,1,1.0,0.8333,0.8571,0.9,0.9621,0.9678,0.9956
label,diag,total,2017-2020,6,unweighted,PI,xgboost,,14,3,4,0.75,0.3333,0.625,1.0,0.75,0,,HighBP,0.9042,0.7889,0.8989,1,1.0,0.8333,0.8571,0.9,0.9562,0.9613,0.9949
label,lab,total,2017-2020,6,unweighted,PI,xgboost,,14,3,4,0.75,0.4286,0.5714,1.0,0.75,0,,HighBP,0.8154,0.7089,0.8622,1,1.0,0.8333,0.7143,0.8,0.9425,0.9501,0.9937
label,diag,lab,2017-2020,6,unweighted,PI,random_forest,,14,3,4,0.75,0.2,0.6667,1.0,0.75,0,,BMI,0.6954,0.5861,0.7919,0,0.8,0.8333,0.7143,0.8,0.8956,0.8954,0.9709
label,diag,total,2017-2020,6,unweighted,PI,random_forest,,14,3,4,0.75,0.5,0.7143,1.0,0.75,0,,BMI,0.926,0.7866,0.8568,0,0.8,1.0,1.0,0.9,0.9174,0.8975,0.9354
label,lab,total,2017-2020,6,unweighted,PI,random_forest,,14,4,4,1.0,0.4,0.625,1.0,1.0,0,,,0.7636,0.6551,0.8159,0,0.8,0.8333,0.7143,0.9,0.9037,0.891,0.9457
label,diag,lab,2017-2020,6,unweighted,PI,logistic_regression,,14,3,3,1.0,0.6,0.75,1.0,1.0,0,,,0.8141,0.663,0.8272,0,0.8,1.0,0.8571,0.9,0.9267,0.9246,0.9754
label,diag,total,2017-2020,6,unweighted,PI,logistic_regression,,14,3,3,1.0,0.75,0.875,1.0,1.0,0,,,0.895,0.7866,0.8815,0,0.8,1.0,0.8571,0.9,0.9373,0.9317,0.9757
label,lab,total,2017-2020,6,unweighted,PI,logistic_regression,,14,3,3,1.0,0.75,0.875,1.0,1.0,0,,,0.819,0.6928,0.8483,0,0.8,1.0,0.8571,0.8,0.9288,0.9271,0.9758
model,xgboost,random_forest,2017-2020,6,unweighted,PI,,diag,14,3,3,0.5,0.4,0.875,0.6667,1.0,1,BMI,HighBP,0.9039,0.7753,0.8555,0,0.8,1.0,0.8571,0.9,0.9196,0.8981,0.935
model,xgboost,logistic_regression,2017-2020,6,unweighted,PI,,diag,14,3,3,1.0,0.75,0.875,1.0,1.0,0,,,0.8249,0.7,0.8429,0,0.8,0.8333,0.8571,0.9,0.926,0.9208,0.9733
model,random_forest,logistic_regression,2017-2020,6,unweighted,PI,,diag,14,3,3,0.5,0.6,1.0,0.6667,1.0,1,HighBP,BMI,0.8707,0.7079,0.8022,0,0.6,0.8333,1.0,0.9,0.88,0.8474,0.9111
model,xgboost,random_forest,2017-2020,6,unweighted,PI,,lab,14,3,4,0.75,0.1667,0.5556,1.0,0.75,0,,HighBP,0.7713,0.6741,0.8132,0,0.8,0.8333,0.7143,0.8,0.889,0.8794,0.9449
model,xgboost,logistic_regression,2017-2020,6,unweighted,PI,,lab,14,3,3,1.0,0.8,0.8571,1.0,1.0,0,,,0.8623,0.7163,0.8591,0,0.8,0.8333,0.8571,0.8,0.9276,0.9241,0.9739
model,random_forest,logistic_regression,2017-2020,6,unweighted,PI,,lab,14,4,3,0.75,0.2,0.6667,1.0,0.75,0,HighBP,,0.5046,0.4009,0.666,0,0.6,0.6667,0.7143,0.8,0.8399,0.822,0.9203
model,xgboost,random_forest,2017-2020,6,unweighted,PI,,total,14,4,4,1.0,0.6667,0.6667,1.0,1.0,0,,,0.8932,0.7889,0.9004,1,1.0,0.8333,0.8571,0.8,0.9561,0.9628,0.9953
model,xgboost,logistic_regression,2017-2020,6,unweighted,PI,,total,14,4,3,0.75,0.1429,0.4444,1.0,0.75,0,HighBP,,0.8309,0.7079,0.861,1,1.0,0.8333,0.7143,0.8,0.9447,0.9511,0.9937
model,random_forest,logistic_regression,2017-2020,6,unweighted,PI,,total,14,4,3,0.75,0.3333,0.625,1.0,0.75,0,HighBP,,0.8221,0.6854,0.8609,1,1.0,0.8333,0.8571,0.8,0.9443,0.9542,0.9948
method,SHAP,PI,2017-2020,6,unweighted,,xgboost,diag,14,4,3,0.75,0.2857,0.5,1.0,0.75,0,HighBP,,0.7833,0.663,0.8166,0,0.8,0.6667,0.7143,0.8,0.9126,0.9167,0.9844
method,SHAP,PI,2017-2020,6,unweighted,,xgboost,lab,14,3,3,1.0,0.4286,0.5,1.0,1.0,0,,,0.7223,0.6026,0.7991,0,0.8,0.8333,0.7143,0.7,0.8967,0.8983,0.9714
method,SHAP,PI,2017-2020,6,unweighted,,xgboost,total,14,4,4,1.0,0.25,0.25,1.0,1.0,0,,,0.6645,0.5525,0.7358,0,0.8,0.6667,0.5714,0.8,0.8514,0.8226,0.8578
method,SHAP,PI,2017-2020,6,unweighted,,random_forest,diag,14,5,3,0.6,0.2857,0.5714,1.0,0.6,0,"BMI,HighChol",,0.7219,0.5364,0.7171,0,0.8,1.0,0.8571,0.7,0.84,0.7917,0.8083
method,SHAP,PI,2017-2020,6,unweighted,,random_forest,lab,14,5,4,0.8,0.0,0.3,1.0,0.8,0,HighChol,,0.4811,0.3258,0.5388,0,0.8,0.6667,0.5714,0.6,0.697,0.5602,0.3151
method,SHAP,PI,2017-2020,6,unweighted,,random_forest,total,14,5,4,0.8,0.4286,0.5,1.0,0.8,0,HighChol,,0.6645,0.5083,0.6218,0,1.0,0.8333,0.7143,0.8,0.76,0.6203,0.3268
method,SHAP,PI,2017-2020,6,unweighted,,logistic_regression,diag,14,4,3,0.75,0.5,0.7143,1.0,0.75,0,HighBP,,0.9417,0.8398,0.9207,0,1.0,1.0,0.8571,0.9,0.9564,0.9545,0.9826
method,SHAP,PI,2017-2020,6,unweighted,,logistic_regression,lab,14,4,3,0.75,0.4,0.75,1.0,0.75,0,Sex,,0.9341,0.8242,0.9096,0,1.0,1.0,0.8571,0.9,0.9488,0.9475,0.9819
method,SHAP,PI,2017-2020,6,unweighted,,logistic_regression,total,14,4,3,0.75,0.5,0.875,1.0,0.75,0,HighBP,,0.9426,0.8493,0.9252,0,0.8,1.0,0.8571,0.9,0.9567,0.96,0.9918
label,diag,lab,2017-2020,6,weighted,SHAP,xgboost,,14,4,3,0.75,0.5714,0.6667,1.0,0.75,0,HighBP,,0.9473,0.8242,0.9052,0,0.8,1.0,0.8571,0.9,0.9471,0.9411,0.9766
label,diag,total,2017-2020,6,weighted,SHAP,xgboost,,14,4,4,1.0,0.6667,0.6667,1.0,1.0,0,,,0.9736,0.8901,0.9074,0,0.8,1.0,0.8571,1.0,0.9283,0.8909,0.8671
label,lab,total,2017-2020,6,weighted,SHAP,xgboost,,14,3,4,0.75,0.5,0.7143,1.0,0.75,0,,HighBP,0.9341,0.8022,0.872,0,1.0,1.0,0.8571,0.9,0.9092,0.8722,0.8574
label,diag,lab,2017-2020,6,weighted,SHAP,random_forest,,14,5,5,1.0,0.8,0.8,1.0,1.0,0,,,0.8901,0.8022,0.8507,0,1.0,0.8333,0.8571,0.9,0.8928,0.8453,0.8288
label,diag,total,2017-2020,6,weighted,SHAP,random_forest,,14,5,5,1.0,1.0,1.0,1.0,1.0,0,,,0.9868,0.956,0.9725,1,1.0,0.8333,0.8571,1.0,0.9826,0.9816,0.9963
label,lab,total,2017-2020,6,weighted,SHAP,random_forest,,14,5,5,1.0,0.8,0.8,1.0,1.0,0,,,0.9341,0.8462,0.8793,0,1.0,1.0,0.8571,0.9,0.9026,0.8562,0.8314
label,diag,lab,2017-2020,6,weighted,SHAP,logistic_regression,,14,4,5,0.5,0.2857,0.6667,0.75,0.8,1,HighBP,"HighChol,Sex",0.8374,0.6923,0.8515,0,0.8,1.0,0.8571,0.8,0.9288,0.9284,0.976
label,diag,total,2017-2020,6,weighted,SHAP,logistic_regression,,14,4,4,1.0,0.6,0.7143,1.0,1.0,0,,,0.8813,0.8022,0.9193,1,1.0,1.0,1.0,0.9,0.9774,0.9839,0.9991
label,lab,total,2017-2020,6,weighted,SHAP,logistic_regression,,14,5,4,0.5,0.1667,0.7143,0.75,0.8,1,"HighChol,Sex",HighBP,0.7934,0.6703,0.8402,0,0.8,1.0,0.8571,0.8,0.924,0.9246,0.9758
model,xgboost,random_forest,2017-2020,6,weighted,SHAP,,diag,14,4,5,0.8,0.8333,1.0,1.0,0.8,0,,HighChol,0.8681,0.6923,0.7587,0,0.8,0.6667,0.7143,1.0,0.8601,0.808,0.8184
model,xgboost,logistic_regression,2017-2020,6,weighted,SHAP,,diag,14,4,4,1.0,0.5714,0.5,1.0,1.0,0,,,0.7495,0.6264,0.8225,0,0.8,0.8333,0.8571,0.8,0.9324,0.9393,0.9888
model,random_forest,logistic_regression,2017-2020,6,weighted,SHAP,,diag,14,5,4,0.8,0.4286,0.5,1.0,0.8,0,HighChol,,0.6923,0.4945,0.6902,0,0.8,0.8333,0.7143,0.8,0.8437,0.802,0.8205
model,xgboost,random_forest,2017-2020,6,weighted,SHAP,,lab,14,3,5,0.6,0.5,0.8333,1.0,0.6,0,,"HighBP,HighChol",0.9121,0.8022,0.8462,0,0.8,0.8333,0.8571,1.0,0.8933,0.8496,0.8487
model,xgboost,logistic_regression,2017-2020,6,weighted,SHAP,,lab,14,3,5,0.6,0.2857,0.5714,1.0,0.6,0,,"HighChol,Sex",0.7582,0.6703,0.8397,0,0.8,0.8333,0.8571,0.9,0.9442,0.9477,0.9891
model,random_forest,logistic_regression,2017-2020,6,weighted,SHAP,,lab,14,5,5,0.6667,0.1429,0.4286,0.8,1.0,1,HighBP,Sex,0.6659,0.5165,0.712,0,0.8,0.8333,0.7143,0.9,0.8627,0.8256,0.8467
model,xgboost,random_forest,2017-2020,6,weighted,SHAP,,total,14,4,5,0.8,0.5,0.6667,1.0,0.8,0,,HighChol,0.8989,0.7582,0.8138,0,0.8,0.8333,0.8571,1.0,0.8835,0.8316,0.8226
model,xgboost,logistic_regression,2017-2020,6,weighted,SHAP,,total,14,4,4,1.0,0.4,0.625,1.0,1.0,0,,,0.8725,0.7582,0.852,0,1.0,0.8333,0.7143,0.9,0.9074,0.878,0.8693
model,random_forest,logistic_regression,2017-2020,6,weighted,SHAP,,total,14,5,4,0.8,0.3333,0.5714,1.0,0.8,0,HighChol,,0.7934,0.6044,0.7264,0,0.8,0.8333,0.7143,0.9,0.8581,0.8118,0.8208
label,diag,lab,2017-2020,6,weighted,PI,xgboost,,14,4,2,0.5,0.125,0.4444,1.0,0.5,0,"BMI,HighBP",,0.6585,0.5114,0.7299,0,0.8,0.6667,0.7143,0.8,0.8654,0.8492,0.9274
label,diag,total,2017-2020,6,weighted,PI,xgboost,,14,4,4,1.0,1.0,1.0,1.0,1.0,0,,,0.9658,0.8765,0.9216,0,1.0,0.8333,0.8571,0.9,0.9469,0.9325,0.9543
label,lab,total,2017-2020,6,weighted,PI,xgboost,,14,2,4,0.5,0.125,0.4444,1.0,0.5,0,,"BMI,HighBP",0.5856,0.4382,0.6764,0,0.8,0.6667,0.5714,0.7,0.8491,0.8353,0.926
label,diag,lab,2017-2020,6,weighted,PI,random_forest,,14,4,3,0.75,0.3333,0.8889,1.0,0.75,0,HeartDiseaseorAttack,,0.8611,0.7888,0.8804,0,0.8,0.8333,0.8571,0.9,0.9246,0.9089,0.9475
label,diag,total,2017-2020,6,weighted,PI,random_forest,,14,4,5,0.8,0.25,0.75,1.0,0.8,0,,BMI,0.8892,0.7826,0.8665,0,0.8,1.0,0.8571,0.9,0.9009,0.8847,0.9342
label,lab,total,2017-2020,6,weighted,PI,random_forest,,14,3,5,0.6,0.0,0.6667,1.0,0.6,0,,"BMI,HeartDiseaseorAttack",0.8567,0.7618,0.885,0,1.0,0.8333,0.7143,0.8,0.9165,0.9207,0.9782
label,diag,lab,2017-2020,6,weighted,PI,logistic_regression,,14,3,3,1.0,0.4,0.6667,1.0,1.0,0,,,0.717,0.5889,0.8018,1,1.0,0.8333,0.7143,0.8,0.9308,0.9402,0.993
label,diag,total,2017-2020,6,weighted,PI,logistic_regression,,14,3,4,0.75,0.5,0.875,1.0,0.75,0,,HighBP,0.8995,0.8315,0.9093,0,1.0,1.0,0.8571,0.9,0.9564,0.9533,0.9824
label,lab,total,2017-2020,6,weighted,PI,logistic_regression,,14,3,4,0.75,0.4,0.75,1.0,0.75,0,,HighBP,0.7116,0.5731,0.79,0,1.0,0.8333,0.8571,0.7,0.9175,0.9209,0.9786
model,xgboost,random_forest,2017-2020,6,weighted,PI,,diag,14,4,4,0.6,0.2,0.75,0.75,1.0,1,BMI,HeartDiseaseorAttack,0.8111,0.6848,0.8224,0,0.8,0.8333,0.8571,0.9,0.8958,0.8762,0.9316
model,xgboost,logistic_regression,2017-2020,6,weighted,PI,,diag,14,4,3,0.75,0.4,0.75,1.0,0.75,0,HighBP,,0.7845,0.6405,0.8015,0,0.8,0.8333,0.8571,0.8,0.892,0.8735,0.9315
model,random_forest,logistic_regression,2017-2020,6,weighted,PI,,diag,14,4,3,0.4,0.25,1.0,0.6667,0.75,1,"HeartDiseaseorAttack,HighBP",BMI,0.8702,0.7013,0.7938,0,0.8,1.0,0.8571,0.9,0.8964,0.8669,0.9187
model,xgboost,random_forest,2017-2020,6,weighted,PI,,lab,14,2,3,0.6667,0.1667,0.6,1.0,0.6667,0,,HighBP,0.6715,0.5893,0.7502,0,0.8,0.6667,0.5714,0.8,0.8422,0.829,0.9254
model,xgboost,logistic_regression,2017-2020,6,weighted,PI,,lab,14,2,3,0.6667,0.8,1.0,1.0,0.6667,0,,BMI,0.8906,0.7529,0.8646,0,1.0,1.0,1.0,0.9,0.9248,0.9105,0.9416
model,random_forest,logistic_regression,2017-2020,6,weighted,PI,,lab,14,3,3,0.5,0.0,0.6,0.6667,1.0,1,HighBP,BMI,0.6539,0.5543,0.7364,0,0.8,0.6667,0.5714,0.7,0.8173,0.7962,0.9091
model,xgboost,random_forest,2017-2020,6,weighted,PI,,total,14,4,5,0.8,0.75,1.0,1.0,0.8,0,,HeartDiseaseorAttack,0.8906,0.7529,0.8698,0,1.0,0.8333,0.8571,0.8,0.9319,0.9234,0.9541
model,xgboost,logistic_regression,2017-2020,6,weighted,PI,,total,14,4,4,1.0,0.4,0.625,1.0,1.0,0,,,0.8464,0.7529,0.8721,0,0.8,0.8333,0.7143,0.9,0.9414,0.9427,0.988
model,random_forest,logistic_regression,2017-2020,6,weighted,PI,,total,14,5,4,0.8,0.2,0.625,1.0,0.8,0,HeartDiseaseorAttack,,0.8137,0.6705,0.8393,0,0.8,1.0,0.8571,0.8,0.9169,0.9093,0.9499
method,SHAP,PI,2017-2020,6,weighted,,xgboost,diag,14,4,4,1.0,0.6667,0.6667,1.0,1.0,0,,,0.8322,0.6705,0.7987,0,0.8,0.6667,0.7143,0.9,0.8976,0.8843,0.9435
method,SHAP,PI,2017-2020,6,weighted,,xgboost,lab,14,3,2,0.6667,0.25,0.4444,1.0,0.6667,0,BMI,,0.6645,0.5364,0.7546,0,1.0,0.8333,0.7143,0.7,0.8797,0.8701,0.936
method,SHAP,PI,2017-2020,6,weighted,,xgboost,total,14,4,4,1.0,0.3333,0.5,1.0,1.0,0,,,0.8339,0.6409,0.7753,0,0.8,0.6667,0.5714,1.0,0.8747,0.8406,0.8589
method,SHAP,PI,2017-2020,6,weighted,,random_forest,diag,14,5,4,0.5,0.1667,0.5,0.75,0.8,1,"BMI,HighChol",HeartDiseaseorAttack,0.6153,0.4569,0.6476,0,0.6,0.8333,0.7143,0.9,0.789,0.7181,0.7566
method,SHAP,PI,2017-2020,6,weighted,,random_forest,lab,14,5,3,0.6,0.0,0.4,1.0,0.6,0,"BMI,HighChol",,0.6122,0.4947,0.6884,0,0.8,0.6667,0.7143,0.7,0.8175,0.7661,0.8022
method,SHAP,PI,2017-2020,6,weighted,,random_forest,total,14,5,5,0.6667,0.3333,0.6667,0.8,1.0,1,HighChol,HeartDiseaseorAttack,0.6777,0.5364,0.7246,0,0.8,0.6667,0.7143,0.8,0.837,0.793,0.8179
method,SHAP,PI,2017-2020,6,weighted,,logistic_regression,diag,14,4,3,0.75,0.3333,0.625,1.0,0.75,0,HighBP,,0.9219,0.7956,0.8919,0,1.0,0.8333,0.7143,1.0,0.938,0.9351,0.9788
method,SHAP,PI,2017-2020,6,weighted,,logistic_regression,lab,14,5,3,0.6,0.3333,0.5,1.0,0.6,0,"HighChol,Sex",,0.7129,0.5967,0.7959,0,0.8,0.8333,0.7143,0.8,0.916,0.9233,0.9867
method,SHAP,PI,2017-2020,6,weighted,,logistic_regression,total,14,4,4,1.0,0.2,0.5556,1.0,1.0,0,,,0.9029,0.8046,0.903,1,1.0,0.8333,0.7143,0.9,0.9464,0.9528,0.9938
label,diag,lab,2017-2020,7,unweighted,SHAP,xgboost,,14,4,3,0.75,0.5714,0.6667,1.0,0.75,0,HighBP,,0.9341,0.8462,0.9316,1,1.0,1.0,0.8571,0.9,0.9724,0.9778,0.998
label,diag,total,2017-2020,7,unweighted,SHAP,xgboost,,14,4,4,1.0,0.6667,0.6667,1.0,1.0,0,,,0.978,0.9341,0.966,1,1.0,1.0,0.8571,1.0,0.9816,0.9835,0.9982
label,lab,total,2017-2020,7,unweighted,SHAP,xgboost,,14,3,4,0.75,0.5714,0.6667,1.0,0.75,0,,HighBP,0.9297,0.8242,0.9186,1,1.0,1.0,0.8571,0.9,0.9665,0.9726,0.9975
label,diag,lab,2017-2020,7,unweighted,SHAP,random_forest,,14,5,5,1.0,0.8,0.8,1.0,1.0,0,,,0.8945,0.7582,0.825,0,1.0,0.8333,0.7143,0.9,0.8852,0.8378,0.8276
label,diag,total,2017-2020,7,unweighted,SHAP,random_forest,,14,5,5,1.0,1.0,1.0,1.0,1.0,0,,,0.9604,0.8901,0.9477,1,1.0,1.0,0.8571,1.0,0.9735,0.9772,0.9977
label,lab,total,2017-2020,7,unweighted,SHAP,random_forest,,14,5,5,1.0,0.8,0.8,1.0,1.0,0,,,0.8901,0.7363,0.8226,0,1.0,0.8333,0.8571,0.9,0.8846,0.839,0.8283
label,diag,lab,2017-2020,7,unweighted,SHAP,logistic_regression,,14,5,4,0.8,0.1667,0.5,1.0,0.8,0,HighBP,,0.7055,0.5385,0.7876,0,1.0,1.0,0.8571,0.8,0.9232,0.9301,0.9813
label,diag,total,2017-2020,7,unweighted,SHAP,logistic_regression,,14,5,5,1.0,0.6,0.6667,1.0,1.0,0,,,0.9692,0.8901,0.9536,1,1.0,1.0,1.0,1.0,0.9845,0.9885,0.9993
label,lab,total,2017-2020,7,unweighted,SHAP,logistic_regression,,14,4,5,0.8,0.2857,0.4286,1.0,0.8,0,,HighBP,0.7582,0.6044,0.8196,0,1.0,1.0,0.8571,0.8,0.934,0.9391,0.982
model,xgboost,random_forest,2017-2020,7,unweighted,SHAP,,diag,14,4,5,0.8,0.6667,0.8,1.0,0.8,0,,HighChol,0.9385,0.8022,0.8473,0,0.8,0.8333,0.8571,1.0,0.8861,0.8343,0.8228
model,xgboost,logistic_regression,2017-2020,7,unweighted,SHAP,,diag,14,4,5,0.8,0.6,0.8333,1.0,0.8,0,,Sex,0.9253,0.8022,0.8903,0,1.0,1.0,1.0,0.9,0.9324,0.9039,0.8741
model,random_forest,logistic_regression,2017-2020,7,unweighted,SHAP,,diag,14,5,5,0.6667,0.3333,0.6667,0.8,1.0,1,HighChol,Sex,0.9121,0.7363,0.7978,0,0.8,0.8333,0.8571,0.9,0.878,0.8284,0.8225
model,xgboost,random_forest,2017-2020,7,unweighted,SHAP,,lab,14,3,5,0.6,0.4286,0.6667,1.0,0.6,0,,"HighBP,HighChol",0.9341,0.8462,0.912,0,0.8,0.8333,0.7143,1.0,0.9479,0.9468,0.9882
model,xgboost,logistic_regression,2017-2020,7,unweighted,SHAP,,lab,14,3,4,0.75,0.4286,0.5714,1.0,0.75,0,,Sex,0.8462,0.7143,0.8409,0,1.0,1.0,1.0,0.8,0.8997,0.8685,0.8581
model,random_forest,logistic_regression,2017-2020,7,unweighted,SHAP,,lab,14,5,4,0.5,0.1429,0.5714,0.75,0.8,1,"HighBP,HighChol",Sex,0.6923,0.5604,0.7469,0,0.8,0.8333,0.7143,0.8,0.8524,0.819,0.8465
model,xgboost,random_forest,2017-2020,7,unweighted,SHAP,,total,14,4,5,0.8,0.6667,0.8,1.0,0.8,0,,HighChol,0.8813,0.7143,0.7945,0,0.8,0.8333,0.7143,1.0,0.8699,0.8189,0.821
model,xgboost,logistic_regression,2017-2020,7,unweighted,SHAP,,total,14,4,5,0.8,0.4286,0.5,1.0,0.8,0,,Sex,0.9209,0.8022,0.8796,0,1.0,1.0,0.8571,0.9,0.927,0.8975,0.873
model,random_forest,logistic_regression,2017-2020,7,unweighted,SHAP,,total,14,5,5,0.6667,0.4286,0.6,0.8,1.0,1,HighChol,Sex,0.8945,0.7363,0.7871,0,0.8,0.8333,0.8571,0.9,0.8802,0.8294,0.8225
label,diag,lab,2017-2020,7,unweighted,PI,xgboost,,14,4,3,0.75,0.1667,0.5556,1.0,0.75,0,HighBP,,0.8376,0.7225,0.8258,0,1.0,0.8333,0.7143,0.8,0.8735,0.8399,0.8528
label,diag,total,2017-2020,7,unweighted,PI,xgboost,,14,4,4,1.0,0.75,0.8571,1.0,1.0,0,,,0.8873,0.7936,0.8853,0,1.0,1.0,1.0,0.8,0.9148,0.8922,0.8737
label,lab,total,2017-2020,7,unweighted,PI,xgboost,,14,3,4,0.75,0.2,0.6667,1.0,0.75,0,,HighBP,0.8897,0.8025,0.8941,0,1.0,0.8333,0.7143,0.9,0.9342,0.9324,0.9787
label,diag,lab,2017-2020,7,unweighted,PI,random_forest,,14,5,4,0.5,0.0,0.75,0.75,0.8,1,"HeartDiseaseorAttack,HighBP",BMI,0.8843,0.7647,0.8477,0,0.8,1.0,1.0,0.8,0.9126,0.8939,0.9353
label,diag,total,2017-2020,7,unweighted,PI,random_forest,,14,5,5,0.6667,0.25,0.8571,0.8,1.0,1,HeartDiseaseorAttack,BMI,0.9448,0.8765,0.9305,0,0.8,1.0,1.0,0.9,0.9542,0.9482,0.9777
label,lab,total,2017-2020,7,unweighted,PI,random_forest,,14,4,5,0.8,0.3333,0.875,1.0,0.8,0,,HighBP,0.9522,0.8922,0.9232,0,1.0,1.0,1.0,0.9,0.9401,0.9201,0.9419
label,diag,lab,2017-2020,7,unweighted,PI,logistic_regression,,14,4,3,0.75,0.3333,0.625,1.0,0.75,0,HighBP,,0.7359,0.618,0.8134,0,0.8,0.8333,0.8571,0.8,0.9264,0.9341,0.9883
label,diag,total,2017-2020,7,unweighted,PI,logistic_regression,,14,4,4,1.0,0.75,0.8571,1.0,1.0,0,,,0.8817,0.7978,0.9071,1,1.0,0.8333,0.8571,0.9,0.9552,0.9618,0.9952
label,lab,total,2017-2020,7,unweighted,PI,logistic_regression,,14,3,4,0.75,0.2857,0.5,1.0,0.75,0,,HighBP,0.7498,0.6517,0.8172,0,0.8,0.6667,0.7143,0.8,0.917,0.9201,0.9846
model,xgboost,random_forest,2017-2020,7,unweighted,PI,,diag,14,4,5,0.5,0.1667,0.7143,0.75,0.8,1,BMI,"HeartDiseaseorAttack,HighChol",0.9144,0.8173,0.883,0,0.8,1.0,1.0,0.8,0.912,0.8946,0.9354
model,xgboost,logistic_regression,2017-2020,7,unweighted,PI,,diag,14,4,4,1.0,0.75,0.8571,1.0,1.0,0,,,0.8492,0.6932,0.8649,0,0.8,0.8333,0.8571,0.8,0.94,0.9463,0.9894
model,random_forest,logistic_regression,2017-2020,7,unweighted,PI,,diag,14,5,4,0.5,0.0,0.625,0.75,0.8,1,"HeartDiseaseorAttack,HighChol",BMI,0.8421,0.6988,0.8166,0,0.8,0.8333,0.8571,0.9,0.9038,0.8819,0.9319
model,xgboost,random_forest,2017-2020,7,unweighted,PI,,lab,14,3,4,0.75,0.25,0.7778,1.0,0.75,0,,HighChol,0.8188,0.7392,0.8466,0,1.0,0.8333,0.7143,0.8,0.8927,0.8663,0.8685
model,xgboost,logistic_regression,2017-2020,7,unweighted,PI,,lab,14,3,3,1.0,0.6,0.75,1.0,1.0,0,,,0.7628,0.6442,0.7855,0,0.8,0.8333,0.8571,0.8,0.8712,0.8329,0.8477
model,random_forest,logistic_regression,2017-2020,7,unweighted,PI,,lab,14,4,3,0.75,0.1667,0.5556,1.0,0.75,0,HighChol,,0.6011,0.4716,0.7388,0,0.8,0.8333,0.7143,0.7,0.8812,0.8856,0.9705
model,xgboost,random_forest,2017-2020,7,unweighted,PI,,total,14,4,5,0.8,0.6667,1.0,1.0,0.8,0,,HighChol,0.9126,0.8272,0.8758,0,1.0,1.0,1.0,0.9,0.9054,0.8612,0.8325
model,xgboost,logistic_regression,2017-2020,7,unweighted,PI,,total,14,4,4,1.0,0.4,0.625,1.0,1.0,0,,,0.7819,0.6749,0.8077,0,0.8,0.8333,0.7143,0.8,0.8796,0.85,0.8622
model,random_forest,logistic_regression,2017-2020,7,unweighted,PI,,total,14,5,4,0.8,0.2,0.625,1.0,0.8,0,HighChol,,0.7182,0.6026,0.7933,0,0.8,0.8333,0.7143,0.7,0.8832,0.8775,0.9452
method,SHAP,PI,2017-2020,7,unweighted,,xgboost,diag,14,4,4,1.0,0.5,0.5714,1.0,1.0,0,,,0.766,0.6258,0.7881,0,0.8,0.8333,0.7143,0.8,0.8786,0.8503,0.8624
method,SHAP,PI,2017-2020,7,unweighted,,xgboost,lab,14,3,3,1.0,0.5,0.625,1.0,1.0,0,,,0.6811,0.5707,0.7888,0,0.8,0.8333,0.8571,0.6,0.8925,0.8974,0.9722
method,SHAP,PI,2017-2020,7,unweighted,,xgboost,total,14,4,4,1.0,0.1429,0.3333,1.0,1.0,0,,,0.6631,0.5474,0.7766,0,0.8,0.8333,0.7143,0.7,0.9042,0.9149,0.9864
method,SHAP,PI,2017-2020,7,unweighted,,random_forest,diag,14,5,5,0.6667,0.0,0.25,0.8,1.0,1,BMI,HeartDiseaseorAttack,0.7575,0.594,0.7539,0,0.8,1.0,0.8571,0.7,0.8422,0.794,0.8085
method,SHAP,PI,2017-2020,7,unweighted,,random_forest,lab,14,5,4,0.8,0.0,0.4444,1.0,0.8,0,HighBP,,0.6657,0.505,0.7316,0,1.0,0.8333,0.7143,0.7,0.8557,0.8275,0.8522
method,SHAP,PI,2017-2020,7,unweighted,,random_forest,total,14,5,5,1.0,0.1667,0.375,1.0,1.0,0,,,0.789,0.6406,0.7918,0,1.0,1.0,0.8571,0.7,0.8735,0.836,0.8304
method,SHAP,PI,2017-2020,7,unweighted,,logistic_regression,diag,14,5,4,0.8,0.5,0.8571,1.0,0.8,0,Sex,,0.8322,0.6928,0.8547,0,0.8,0.8333,0.8571,0.8,0.9372,0.9418,0.9888
method,SHAP,PI,2017-2020,7,unweighted,,logistic_regression,lab,14,4,3,0.75,0.5,0.7143,1.0,0.75,0,Sex,,0.9065,0.8177,0.9139,0,1.0,1.0,1.0,0.9,0.9592,0.9583,0.9835
method,SHAP,PI,2017-2020,7,unweighted,,logistic_regression,total,14,5,4,0.8,0.5,0.6667,1.0,0.8,0,Sex,,0.7978,0.6481,0.8254,0,0.8,0.6667,0.8571,0.8,0.9194,0.9264,0.9861
label,diag,lab,2017-2020,7,weighted,SHAP,xgboost,,14,4,3,0.75,0.375,0.4286,1.0,0.75,0,HighBP,,0.9385,0.8242,0.8925,0,1.0,1.0,0.8571,0.9,0.9274,0.8978,0.873
label,diag,total,2017-2020,7,weighted,SHAP,xgboost,,14,4,4,1.0,0.6667,0.6667,1.0,1.0,0,,,0.9385,0.8462,0.8969,0,1.0,1.0,0.8571,0.9,0.928,0.8971,0.8729
label,lab,total,2017-2020,7,weighted,SHAP,xgboost,,14,3,4,0.75,0.5,0.7143,1.0,0.75,0,,HighBP,0.9648,0.8901,0.9544,1,1.0,1.0,1.0,0.9,0.98,0.9853,0.9991
label,diag,lab,2017-2020,7,weighted,SHAP,random_forest,,14,5,5,1.0,0.8,0.8,1.0,1.0,0,,,0.9033,0.7802,0.8392,0,1.0,0.8333,0.7143,0.9,0.8862,0.8387,0.8277
label,diag,total,2017-2020,7,weighted,SHAP,random_forest,,14,5,5,1.0,1.0,1.0,1.0,1.0,0,,,0.9341,0.8681,0.9266,1,1.0,0.8333,0.7143,1.0,0.9582,0.9599,0.994
label,lab,total,2017-2020,7,weighted,SHAP,random_forest,,14,5,5,1.0,0.8,0.8,1.0,1.0,0,,,0.9121,0.7802,0.8428,0,1.0,0.8333,0.8571,0.9,0.8878,0.841,0.8283
label,diag,lab,2017-2020,7,weighted,SHAP,logistic_regression,,14,5,4,0.8,0.1429,0.375,1.0,0.8,0,HighBP,,0.6703,0.4945,0.7692,0,1.0,1.0,0.8571,0.7,0.9193,0.9274,0.9812
label,diag,total,2017-2020,7,weighted,SHAP,logistic_regression,,14,5,5,1.0,0.5,0.5,1.0,1.0,0,,,0.9473,0.8462,0.9349,1,1.0,1.0,1.0,0.9,0.9758,0.9821,0.999
label,lab,total,2017-2020,7,weighted,SHAP,logistic_regression,,14,4,5,0.8,0.2857,0.4286,1.0,0.8,0,,HighBP,0.7495,0.6044,0.8184,0,1.0,1.0,0.8571,0.8,0.934,0.9391,0.982
model,xgboost,random_forest,2017-2020,7,weighted,SHAP,,diag,14,4,5,0.8,0.8333,1.0,1.0,0.8,0,,HighChol,0.9429,0.8242,0.829,0,0.8,0.8333,0.8571,1.0,0.8915,0.8373,0.8229
model,xgboost,logistic_regression,2017-2020,7,weighted,SHAP,,diag,14,4,5,0.8,0.6667,0.8,1.0,0.8,0,,Sex,0.9648,0.8901,0.9586,1,1.0,1.0,1.0,1.0,0.9861,0.9903,0.9994
model,random_forest,logistic_regression,2017-2020,7,weighted,SHAP,,diag,14,5,5,0.6667,0.5,0.8,0.8,1.0,1,HighChol,Sex,0.9209,0.7582,0.8109,0,0.8,0.8333,0.8571,1.0,0.8835,0.8329,0.8228
model,xgboost,random_forest,2017-2020,7,weighted,SHAP,,lab,14,3,5,0.6,0.2857,0.5714,1.0,0.6,0,,"HighBP,HighChol",0.9516,0.8681,0.925,0,0.8,0.8333,0.8571,1.0,0.9555,0.9543,0.9893
model,xgboost,logistic_regression,2017-2020,7,weighted,SHAP,,lab,14,3,4,0.75,0.5,0.7143,1.0,0.75,0,,Sex,0.8242,0.6923,0.8276,0,1.0,1.0,0.8571,0.8,0.8921,0.861,0.857
model,random_forest,logistic_regression,2017-2020,7,weighted,SHAP,,lab,14,5,4,0.5,0.1429,0.5714,0.75,0.8,1,"HighBP,HighChol",Sex,0.6923,0.5604,0.7469,0,0.8,0.8333,0.7143,0.8,0.8524,0.819,0.8465
model,xgboost,random_forest,2017-2020,7,weighted,SHAP,,total,14,4,5,0.8,0.5,0.6667,1.0,0.8,0,,HighChol,0.8549,0.7143,0.7953,0,0.8,0.8333,0.7143,0.9,0.8645,0.8144,0.8207
model,xgboost,logistic_regression,2017-2020,7,weighted,SHAP,,total,14,4,5,0.8,0.5,0.6667,1.0,0.8,0,,Sex,0.8813,0.7582,0.8605,0,1.0,1.0,0.8571,0.8,0.9183,0.8911,0.8727
model,random_forest,logistic_regression,2017-2020,7,weighted,SHAP,,total,14,5,5,0.6667,0.4286,0.6,0.8,1.0,1,HighChol,Sex,0.8901,0.7363,0.7954,0,0.8,0.8333,0.8571,0.9,0.877,0.8275,0.8225
label,diag,lab,2017-2020,7,weighted,PI,xgboost,,14,3,3,1.0,0.2857,0.4444,1.0,1.0,0,,,0.7223,0.5571,0.7709,0,1.0,0.8333,0.7143,0.8,0.9135,0.9155,0.9774
label,diag,total,2017-2020,7,weighted,PI,xgboost,,14,3,4,0.75,0.5,0.7143,1.0,0.75,0,,HighBP,0.9241,0.8177,0.9069,1,1.0,0.8333,0.8571,0.9,0.9626,0.9669,0.9954
label,lab,total,2017-2020,7,weighted,PI,xgboost,,14,3,4,0.75,0.4286,0.5714,1.0,0.75,0,,HighBP,0.821,0.7203,0.8559,0,1.0,0.8333,0.8571,0.8,0.9271,0.9282,0.979
label,diag,lab,2017-2020,7,weighted,PI,random_forest,,14,4,4,0.6,0.2,0.75,0.75,1.0,1,HighBP,BMI,0.8168,0.6676,0.793,0,0.8,0.8333,0.8571,0.8,0.8872,0.871,0.9315
label,diag,total,2017-2020,7,weighted,PI,random_forest,,14,4,4,0.6,0.4,0.8571,0.75,1.0,1,HighChol,BMI,0.9633,0.8804,0.9264,0,0.8,1.0,0.8571,1.0,0.9525,0.9439,0.9765
label,lab,total,2017-2020,7,weighted,PI,random_forest,,14,4,4,0.6,0.1667,0.625,0.75,1.0,1,HighChol,HighBP,0.8228,0.699,0.8306,0,1.0,0.8333,0.8571,0.8,0.8943,0.8822,0.9372
label,diag,lab,2017-2020,7,weighted,PI,logistic_regression,,14,4,3,0.75,0.2,0.6667,1.0,0.75,0,HighBP,,0.7833,0.6409,0.8224,0,1.0,0.8333,0.7143,0.8,0.9271,0.9278,0.9785
label,diag,total,2017-2020,7,weighted,PI,logistic_regression,,14,4,4,1.0,0.6,0.7143,1.0,1.0,0,,,0.9014,0.827,0.9193,1,1.0,0.8333,0.8571,0.9,0.9621,0.9665,0.9954
label,lab,total,2017-2020,7,weighted,PI,logistic_regression,,14,3,4,0.75,0.2,0.6667,1.0,0.75,0,,HighBP,0.8056,0.6793,0.8541,0,1.0,1.0,0.8571,0.7,0.9301,0.9364,0.9819
model,xgboost,random_forest,2017-2020,7,weighted,PI,,diag,14,3,4,0.4,0.4,1.0,0.6667,0.75,1,BMI,"HighBP,HighChol",0.8625,0.7293,0.8436,0,0.8,0.8333,1.0,0.9,0.906,0.8864,0.9329
model,xgboost,logistic_regression,2017-2020,7,weighted,PI,,diag,14,3,4,0.75,0.6,0.8571,1.0,0.75,0,,HighBP,0.8549,0.7143,0.8693,0,0.8,0.8333,1.0,0.8,0.9448,0.9505,0.9901
model,random_forest,logistic_regression,2017-2020,7,weighted,PI,,diag,14,4,4,0.6,0.4,0.8571,0.75,1.0,1,HighChol,BMI,0.8273,0.6409,0.7897,0,0.6,0.8333,1.0,0.8,0.8891,0.8673,0.9266
model,xgboost,random_forest,2017-2020,7,weighted,PI,,lab,14,3,4,0.75,0.3333,0.625,1.0,0.75,0,,HighChol,0.8501,0.7713,0.898,1,1.0,1.0,0.8571,0.8,0.958,0.968,0.9976
model,xgboost,logistic_regression,2017-2020,7,weighted,PI,,lab,14,3,3,1.0,0.1667,0.5,1.0,1.0,0,,,0.673,0.5488,0.7361,0,0.8,0.6667,0.5714,0.9,0.8871,0.8852,0.9679
model,random_forest,logistic_regression,2017-2020,7,weighted,PI,,lab,14,4,3,0.75,0.25,0.6,1.0,0.75,0,HighChol,,0.6661,0.5388,0.735,0,0.8,0.6667,0.5714,0.8,0.888,0.8863,0.968
model,xgboost,random_forest,2017-2020,7,weighted,PI,,total,14,4,4,1.0,0.8,0.8333,1.0,1.0,0,,,0.9811,0.9261,0.9474,0,1.0,0.8333,1.0,1.0,0.9526,0.9405,0.9556
model,xgboost,logistic_regression,2017-2020,7,weighted,PI,,total,14,4,4,1.0,0.5,0.5714,1.0,1.0,0,,,0.6436,0.5388,0.7643,0,0.8,0.6667,0.7143,0.7,0.902,0.911,0.9844
model,random_forest,logistic_regression,2017-2020,7,weighted,PI,,total,14,4,4,1.0,0.3333,0.5,1.0,1.0,0,,,0.6682,0.5544,0.7573,0,0.8,0.6667,0.7143,0.7,0.875,0.8684,0.9428
method,SHAP,PI,2017-2020,7,weighted,,xgboost,diag,14,4,3,0.75,0.4286,0.5714,1.0,0.75,0,HighBP,,0.8374,0.7143,0.8678,0,0.8,1.0,0.8571,0.9,0.9535,0.9581,0.9917
method,SHAP,PI,2017-2020,7,weighted,,xgboost,lab,14,3,3,1.0,0.4286,0.5,1.0,1.0,0,,,0.7112,0.5799,0.7538,0,0.8,0.8333,0.7143,0.8,0.8582,0.8224,0.8466
method,SHAP,PI,2017-2020,7,weighted,,xgboost,total,14,4,4,1.0,0.5,0.5714,1.0,1.0,0,,,0.8581,0.7072,0.8249,0,0.8,0.8333,0.7143,0.9,0.8916,0.8589,0.8628
method,SHAP,PI,2017-2020,7,weighted,,random_forest,diag,14,5,4,0.8,0.3333,0.5714,1.0,0.8,0,BMI,,0.8295,0.663,0.7842,0,0.8,1.0,1.0,0.8,0.8654,0.8128,0.8103
method,SHAP,PI,2017-2020,7,weighted,,random_forest,lab,14,5,4,0.8,0.0,0.3333,1.0,0.8,0,HighBP,,0.6226,0.4776,0.7213,0,1.0,0.8333,0.7143,0.6,0.8423,0.8173,0.8516
method,SHAP,PI,2017-2020,7,weighted,,random_forest,total,14,5,4,0.8,0.5,0.6667,1.0,0.8,0,HighChol,,0.8245,0.6936,0.8082,0,1.0,0.8333,0.8571,0.8,0.8815,0.8387,0.8286
method,SHAP,PI,2017-2020,7,weighted,,logistic_regression,diag,14,5,4,0.8,0.3333,0.5714,1.0,0.8,0,Sex,,0.8462,0.7143,0.8711,1,1.0,0.8333,0.8571,0.7,0.9464,0.9555,0.995
method,SHAP,PI,2017-2020,7,weighted,,logistic_regression,lab,14,4,3,0.75,0.2,0.6667,1.0,0.75,0,Sex,,0.8867,0.7956,0.8971,1,1.0,0.8333,0.7143,0.9,0.9448,0.951,0.9936
method,SHAP,PI,2017-2020,7,weighted,,logistic_regression,total,14,5,4,0.8,0.125,0.25,1.0,0.8,0,Sex,,0.762,0.6639,0.839,1,1.0,0.8333,0.7143,0.7,0.9247,0.9365,0.9929
label,diag,lab,2017-2020,8,unweighted,SHAP,xgboost,,14,4,3,0.75,0.5714,0.6667,1.0,0.75,0,HighBP,,0.8769,0.7363,0.8337,0,1.0,0.8333,0.8571,0.9,0.8994,0.8613,0.8548
label,diag,total,2017-2020,8,unweighted,SHAP,xgboost,,14,4,4,1.0,0.5714,0.5,1.0,1.0,0,,,0.8989,0.7802,0.8672,0,1.0,1.0,0.8571,0.9,0.9188,0.8899,0.8723
label,lab,total,2017-2020,8,unweighted,SHAP,xgboost,,14,3,4,0.75,0.7143,0.8,1.0,0.75,0,,HighBP,0.956,0.8681,0.9228,0,1.0,0.8333,0.8571,1.0,0.9514,0.946,0.9799
label,diag,lab,2017-2020,8,unweighted,SHAP,random_forest,,14,5,4,0.8,0.6,0.8333,1.0,0.8,0,HighChol,,0.9165,0.7582,0.8278,0,1.0,0.8333,0.7143,1.0,0.8869,0.8395,0.8277
label,diag,total,2017-2020,8,unweighted,SHAP,random_forest,,14,5,4,0.8,0.6667,0.8,1.0,0.8,0,HighChol,,0.9429,0.8462,0.9201,1,1.0,0.8333,0.8571,1.0,0.9627,0.9654,0.995
label,lab,total,2017-2020,8,unweighted,SHAP,random_forest,,14,4,4,1.0,0.6667,0.6667,1.0,1.0,0,,,0.9341,0.8242,0.8621,0,1.0,0.8333,0.7143,1.0,0.89,0.8414,0.8278
label,diag,lab,2017-2020,8,unweighted,SHAP,logistic_regression,,14,5,4,0.8,0.375,0.3333,1.0,0.8,0,HighBP,,0.811,0.6703,0.8302,0,1.0,0.8333,0.7143,0.8,0.9185,0.9199,0.9778
label,diag,total,2017-2020,8,unweighted,SHAP,logistic_regression,,14,5,5,1.0,0.2857,0.2857,1.0,1.0,0,,,0.7538,0.6044,0.823,1,1.0,1.0,0.8571,0.7,0.9434,0.9564,0.9968
label,lab,total,2017-2020,8,unweighted,SHAP,logistic_regression,,14,4,5,0.8,0.4286,0.5,1.0,0.8,0,,HighBP,0.8462,0.7143,0.8543,0,1.0,0.8333,0.7143,0.8,0.9243,0.9245,0.9781
model,xgboost,random_forest,2017-2020,8,unweighted,SHAP,,diag,14,4,5,0.8,0.8,1.0,1.0,0.8,0,,HighChol,0.9253,0.8022,0.8138,0,0.8,0.6667,0.8571,1.0,0.8816,0.8264,0.8203
model,xgboost,logistic_regression,2017-2020,8,unweighted,SHAP,,diag,14,4,5,0.8,0.6667,0.8,1.0,0.8,0,,Sex,0.8505,0.7582,0.8926,1,1.0,1.0,0.8571,0.9,0.9607,0.9692,0.9975
model,random_forest,logistic_regression,2017-2020,8,unweighted,SHAP,,diag,14,5,5,0.6667,0.5,0.8,0.8,1.0,1,HighChol,Sex,0.7714,0.6044,0.7259,0,0.8,0.6667,0.7143,0.9,0.8483,0.8008,0.8182
model,xgboost,random_forest,2017-2020,8,unweighted,SHAP,,lab,14,3,4,0.75,0.6667,0.8333,1.0,0.75,0,,HighBP,0.8549,0.7363,0.8352,0,0.8,0.6667,0.7143,0.9,0.916,0.9076,0.9698
model,xgboost,logistic_regression,2017-2020,8,unweighted,SHAP,,lab,14,3,4,0.75,0.5,0.5,1.0,0.75,0,,Sex,0.9253,0.8242,0.8926,0,1.0,1.0,0.8571,0.9,0.927,0.8975,0.873
model,random_forest,logistic_regression,2017-2020,8,unweighted,SHAP,,lab,14,4,4,0.6,0.25,0.4286,0.75,1.0,1,HighBP,Sex,0.789,0.6484,0.7792,0,0.8,0.6667,0.7143,0.8,0.8613,0.8215,0.8447
model,xgboost,random_forest,2017-2020,8,unweighted,SHAP,,total,14,4,4,1.0,0.7143,0.6,1.0,1.0,0,,,0.8769,0.7363,0.8113,0,0.8,0.8333,0.8571,0.9,0.8749,0.8252,0.8223
model,xgboost,logistic_regression,2017-2020,8,unweighted,SHAP,,total,14,4,5,0.8,0.6667,0.8,1.0,0.8,0,,Sex,0.9868,0.9341,0.9404,0,1.0,1.0,1.0,0.9,0.9451,0.9121,0.8744
model,random_forest,logistic_regression,2017-2020,8,unweighted,SHAP,,total,14,4,5,0.8,0.4286,0.5,1.0,0.8,0,,Sex,0.8462,0.7143,0.7775,0,0.8,0.8333,0.8571,0.8,0.871,0.8225,0.8222
label,diag,lab,2017-2020,8,unweighted,PI,xgboost,,14,3,3,0.5,0.1429,0.5556,0.6667,1.0,1,HighBP,BMI,0.691,0.5364,0.7135,0,1.0,0.8333,0.7143,0.8,0.8341,0.7877,0.8105
label,diag,total,2017-2020,8,unweighted,PI,xgboost,,14,3,4,0.75,0.75,1.0,1.0,0.75,0,,BMI,0.9165,0.7802,0.8783,0,1.0,0.8333,1.0,0.9,0.9257,0.9085,0.9397
label,lab,total,2017-2020,8,unweighted,PI,xgboost,,14,3,4,0.75,0.1667,0.5556,1.0,0.75,0,,HighBP,0.8234,0.6928,0.8206,0,1.0,0.8333,0.7143,0.9,0.8928,0.8648,0.8681
label,diag,lab,2017-2020,8,unweighted,PI,random_forest,,14,5,5,1.0,0.4,0.5714,1.0,1.0,0,,,0.9077,0.7802,0.822,0,1.0,0.8333,0.7143,0.9,0.8701,0.8142,0.8121
label,diag,total,2017-2020,8,unweighted,PI,random_forest,,14,5,5,1.0,0.3333,0.4286,1.0,1.0,0,,,0.8689,0.7391,0.8455,0,1.0,0.8333,0.8571,0.9,0.904,0.8883,0.9374
label,lab,total,2017-2020,8,unweighted,PI,random_forest,,14,5,5,1.0,0.4,0.5714,1.0,1.0,0,,,0.9178,0.7845,0.8618,0,1.0,0.8333,0.7143,1.0,0.9113,0.8807,0.8694
label,diag,lab,2017-2020,8,unweighted,PI,logistic_regression,,14,3,3,1.0,0.75,0.875,1.0,1.0,0,,,0.7978,0.663,0.8339,0,0.8,0.8333,0.8571,0.9,0.9411,0.9457,0.9891
label,diag,total,2017-2020,8,unweighted,PI,logistic_regression,,14,3,4,0.75,0.6,0.8571,1.0,0.75,0,,HighBP,0.9177,0.8232,0.9177,0,0.8,0.8333,1.0,0.9,0.9546,0.9585,0.9907
label,lab,total,2017-2020,8,unweighted,PI,logistic_regression,,14,3,4,0.75,0.4,0.75,1.0,0.75,0,,HighBP,0.9576,0.8672,0.9294,0,0.8,1.0,0.8571,1.0,0.9654,0.9652,0.9919
model,xgboost,random_forest,2017-2020,8,unweighted,PI,,diag,14,3,5,0.6,0.1429,0.5,1.0,0.6,0,,"BMI,HighChol",0.8549,0.7582,0.894,1,1.0,1.0,0.8571,0.8,0.9612,0.97,0.9977
model,xgboost,logistic_regression,2017-2020,8,unweighted,PI,,diag,14,3,3,0.5,0.3333,0.75,0.6667,1.0,1,HighBP,BMI,0.8471,0.7072,0.8348,0,0.8,1.0,0.8571,0.8,0.9018,0.8845,0.9341
model,random_forest,logistic_regression,2017-2020,8,unweighted,PI,,diag,14,5,3,0.6,0.1429,0.5,1.0,0.6,0,"HighBP,HighChol",,0.7437,0.5746,0.7813,0,0.8,1.0,0.8571,0.8,0.8863,0.873,0.9334
model,xgboost,random_forest,2017-2020,8,unweighted,PI,,lab,14,3,5,0.6,0.1667,0.625,1.0,0.6,0,,"HighBP,HighChol",0.9294,0.8269,0.9156,1,1.0,0.8333,0.8571,0.9,0.9584,0.9637,0.9952
model,xgboost,logistic_regression,2017-2020,8,unweighted,PI,,lab,14,3,3,1.0,0.4,0.6667,1.0,1.0,0,,,0.8891,0.7727,0.8569,0,0.8,0.8333,0.8571,0.9,0.904,0.8702,0.8642
model,random_forest,logistic_regression,2017-2020,8,unweighted,PI,,lab,14,5,3,0.6,0.2,0.75,1.0,0.6,0,"HighBP,HighChol",,0.8808,0.7599,0.8639,0,0.8,1.0,1.0,0.9,0.9145,0.8838,0.8677
model,xgboost,random_forest,2017-2020,8,unweighted,PI,,total,14,4,5,0.8,0.4,0.7143,1.0,0.8,0,,HighChol,0.9045,0.83,0.9308,1,1.0,1.0,1.0,0.9,0.9764,0.983,0.9991
model,xgboost,logistic_regression,2017-2020,8,unweighted,PI,,total,14,4,4,1.0,0.75,0.8571,1.0,1.0,0,,,0.7889,0.6708,0.8483,1,1.0,0.8333,0.8571,0.8,0.9503,0.9582,0.9951
model,random_forest,logistic_regression,2017-2020,8,unweighted,PI,,total,14,5,4,0.8,0.6,0.8333,1.0,0.8,0,HighChol,,0.9382,0.8471,0.9256,1,1.0,0.8333,0.8571,0.9,0.9681,0.9718,0.9959
method,SHAP,PI,2017-2020,8,unweighted,,xgboost,diag,14,4,3,0.75,0.5,0.7143,1.0,0.75,0,BMI,,0.8286,0.6703,0.794,0,0.8,0.6667,0.8571,0.9,0.8842,0.8629,0.9286
method,SHAP,PI,2017-2020,8,unweighted,,xgboost,lab,14,3,3,1.0,0.6667,0.7143,1.0,1.0,0,,,0.894,0.7599,0.8539,0,0.8,0.8333,0.7143,0.9,0.928,0.9208,0.9726
method,SHAP,PI,2017-2020,8,unweighted,,xgboost,total,14,4,4,1.0,0.2857,0.375,1.0,1.0,0,,,0.7231,0.5824,0.7494,0,0.8,0.8333,0.7143,0.9,0.8835,0.8526,0.8623
method,SHAP,PI,2017-2020,8,unweighted,,random_forest,diag,14,5,5,1.0,0.3333,0.4286,1.0,1.0,0,,,0.8901,0.7582,0.8243,0,1.0,1.0,0.8571,0.9,0.8736,0.8217,0.815
method,SHAP,PI,2017-2020,8,unweighted,,random_forest,lab,14,4,5,0.8,0.1667,0.5,1.0,0.8,0,,HighChol,0.8725,0.7363,0.8674,1,1.0,0.8333,0.7143,0.9,0.9474,0.9524,0.9936
method,SHAP,PI,2017-2020,8,unweighted,,random_forest,total,14,4,5,0.8,0.6667,0.8,1.0,0.8,0,,HighChol,0.9245,0.7845,0.8232,0,1.0,0.8333,0.7143,0.9,0.8852,0.8391,0.8278
method,SHAP,PI,2017-2020,8,unweighted,,logistic_regression,diag,14,5,3,0.6,0.2857,0.5714,1.0,0.6,0,"HighBP,Sex",,0.8625,0.7072,0.8572,0,0.8,0.6667,0.7143,0.9,0.9284,0.931,0.9856
method,SHAP,PI,2017-2020,8,unweighted,,logistic_regression,lab,14,4,3,0.75,0.2857,0.5,1.0,0.75,0,Sex,,0.9205,0.8046,0.9059,0,1.0,0.8333,1.0,0.9,0.9543,0.9517,0.9813
method,SHAP,PI,2017-2020,8,unweighted,,logistic_regression,total,14,5,4,0.8,0.1429,0.375,1.0,0.8,0,Sex,,0.6912,0.5799,0.7981,0,0.8,0.8333,0.7143,0.7,0.9176,0.9253,0.9871
label,diag,lab,2017-2020,8,weighted,SHAP,xgboost,,14,4,3,0.75,0.5,0.5,1.0,0.75,0,HighBP,,0.8989,0.7582,0.8469,0,1.0,0.8333,0.8571,0.9,0.8994,0.8613,0.8548
label,diag,total,2017-2020,8,weighted,SHAP,xgboost,,14,4,4,1.0,0.5714,0.5,1.0,1.0,0,,,0.9033,0.8022,0.8786,0,1.0,1.0,0.8571,0.9,0.9188,0.8899,0.8723
label,lab,total,2017-2020,8,weighted,SHAP,xgboost,,14,3,4,0.75,0.5714,0.6667,1.0,0.75,0,,HighBP,0.9385,0.8242,0.8969,0,1.0,0.8333,0.7143,1.0,0.9438,0.9385,0.9788
label,diag,lab,2017-2020,8,weighted,SHAP,random_forest,,14,4,4,1.0,0.6667,0.6667,1.0,1.0,0,,,0.9165,0.7582,0.8278,0,1.0,0.8333,0.7143,1.0,0.8869,0.8395,0.8277
label,diag,total,2017-2020,8,weighted,SHAP,random_forest,,14,4,4,1.0,0.8333,0.8,1.0,1.0,0,,,0.9297,0.8242,0.9059,1,1.0,0.8333,0.8571,1.0,0.9627,0.9654,0.995
label,lab,total,2017-2020,8,weighted,SHAP,random_forest,,14,4,4,1.0,0.8333,0.8,1.0,1.0,0,,,0.9297,0.8022,0.8492,0,1.0,0.8333,0.7143,1.0,0.89,0.8414,0.8278
label,diag,lab,2017-2020,8,weighted,SHAP,logistic_regression,,14,5,4,0.8,0.375,0.3333,1.0,0.8,0,HighBP,,0.8198,0.6923,0.8392,0,1.0,0.8333,0.7143,0.8,0.9185,0.9199,0.9778
label,diag,total,2017-2020,8,weighted,SHAP,logistic_regression,,14,5,5,1.0,0.4286,0.3333,1.0,1.0,0,,,0.8066,0.6923,0.863,1,1.0,1.0,0.8571,0.8,0.958,0.968,0.9976
label,lab,total,2017-2020,8,weighted,SHAP,logistic_regression,,14,4,5,0.8,0.5,0.6667,1.0,0.8,0,,HighBP,0.8637,0.7363,0.8641,0,1.0,0.8333,0.7143,0.9,0.9282,0.9272,0.9782
model,xgboost,random_forest,2017-2020,8,weighted,SHAP,,diag,14,4,4,1.0,0.8333,0.8,1.0,1.0,0,,,0.9121,0.7802,0.7998,0,0.8,0.6667,0.7143,1.0,0.874,0.8189,0.8192
model,xgboost,logistic_regression,2017-2020,8,weighted,SHAP,,diag,14,4,5,0.8,0.5,0.4,1.0,0.8,0,,Sex,0.8637,0.8022,0.9151,1,1.0,1.0,0.8571,0.9,0.9666,0.9745,0.998
model,random_forest,logistic_regression,2017-2020,8,weighted,SHAP,,diag,14,4,5,0.8,0.5714,0.6,1.0,0.8,0,,Sex,0.7538,0.5824,0.7152,0,0.8,0.6667,0.7143,0.9,0.8483,0.8008,0.8182
model,xgboost,random_forest,2017-2020,8,weighted,SHAP,,lab,14,3,4,0.75,0.5714,0.6667,1.0,0.75,0,,HighBP,0.8681,0.7363,0.8349,0,0.8,0.6667,0.7143,0.9,0.916,0.9076,0.9698
model,xgboost,logistic_regression,2017-2020,8,weighted,SHAP,,lab,14,3,4,0.75,0.5714,0.6667,1.0,0.75,0,,Sex,0.8813,0.7802,0.864,0,1.0,0.8333,0.8571,0.9,0.9171,0.8865,0.8704
model,random_forest,logistic_regression,2017-2020,8,weighted,SHAP,,lab,14,4,4,0.6,0.4286,0.6667,0.75,1.0,1,HighBP,Sex,0.789,0.6484,0.7792,0,0.8,0.6667,0.7143,0.8,0.8613,0.8215,0.8447
model,xgboost,random_forest,2017-2020,8,weighted,SHAP,,total,14,4,4,1.0,0.5714,0.5,1.0,1.0,0,,,0.8681,0.7143,0.7953,0,0.8,0.6667,0.8571,0.9,0.865,0.8143,0.8197
model,xgboost,logistic_regression,2017-2020,8,weighted,SHAP,,total,14,4,5,0.8,0.8,1.0,1.0,0.8,0,,Sex,0.9912,0.956,0.9494,0,1.0,1.0,1.0,1.0,0.949,0.9148,0.8745
model,random_forest,logistic_regression,2017-2020,8,weighted,SHAP,,total,14,4,5,0.8,0.4286,0.5,1.0,0.8,0,,Sex,0.8681,0.7143,0.7719,0,0.8,0.6667,0.8571,0.9,0.865,0.8143,0.8197
label,diag,lab,2017-2020,8,weighted,PI,xgboost,,14,3,3,0.5,0.125,0.4444,0.6667,1.0,1,HighBP,BMI,0.6371,0.4824,0.7411,0,1.0,0.8333,0.7143,0.7,0.8919,0.8904,0.9511
label,diag,total,2017-2020,8,weighted,PI,xgboost,,14,3,4,0.75,0.6,0.8571,1.0,0.75,0,,BMI,0.7902,0.6475,0.8207,0,0.8,0.8333,0.8571,0.7,0.9015,0.894,0.947
label,lab,total,2017-2020,8,weighted,PI,xgboost,,14,3,4,0.75,0.2857,0.5,1.0,0.75,0,,HighBP,0.692,0.6012,0.8117,0,0.8,0.8333,0.8571,0.7,0.9178,0.9277,0.988
label,diag,lab,2017-2020,8,weighted,PI,random_forest,,14,5,3,0.6,0.0,0.5556,1.0,0.6,0,"HighBP,HighChol",,0.7633,0.6719,0.8011,0,0.6,0.6667,0.7143,0.8,0.8776,0.8737,0.9627
label,diag,total,2017-2020,8,weighted,PI,random_forest,,14,5,3,0.6,0.25,0.875,1.0,0.6,0,"HighBP,HighChol",,0.9698,0.9323,0.9606,0,1.0,1.0,1.0,0.9,0.9614,0.9594,0.9835
label,lab,total,2017-2020,8,weighted,PI,random_forest,,14,3,3,1.0,0.4,0.6667,1.0,1.0,0,,,0.6953,0.6482,0.7948,0,0.6,0.6667,0.7143,0.7,0.8598,0.8601,0.9618
label,diag,lab,2017-2020,8,weighted,PI,logistic_regression,,14,4,3,0.75,0.3333,0.625,1.0,0.75,0,HighBP,,0.7137,0.6012,0.7878,0,0.8,0.8333,0.7143,0.9,0.9124,0.9081,0.9717
label,diag,total,2017-2020,8,weighted,PI,logistic_regression,,14,4,4,1.0,0.8,0.8333,1.0,1.0,0,,,0.9417,0.8177,0.9076,1,1.0,0.8333,0.7143,0.9,0.962,0.9642,0.9945
label,lab,total,2017-2020,8,weighted,PI,logistic_regression,,14,3,4,0.75,0.4,0.75,1.0,0.75,0,,HighBP,0.7363,0.6167,0.7976,0,0.8,0.6667,0.7143,0.8,0.9015,0.8978,0.9695
model,xgboost,random_forest,2017-2020,8,weighted,PI,,diag,14,3,5,0.6,0.2,0.75,1.0,0.6,0,,"BMI,HighChol",0.9206,0.846,0.9012,0,1.0,1.0,0.8571,0.9,0.9294,0.9106,0.9407
model,xgboost,logistic_regression,2017-2020,8,weighted,PI,,diag,14,3,4,0.75,0.2857,0.5,1.0,0.75,0,,BMI,0.8534,0.7163,0.8447,0,0.8,1.0,0.8571,0.9,0.9285,0.9146,0.9496
model,random_forest,logistic_regression,2017-2020,8,weighted,PI,,diag,14,5,4,0.8,0.4,0.7143,1.0,0.8,0,HighChol,,0.9059,0.7936,0.8895,0,0.8,1.0,0.8571,1.0,0.9551,0.9453,0.9765
model,xgboost,random_forest,2017-2020,8,weighted,PI,,lab,14,3,3,1.0,0.8,0.8571,1.0,1.0,0,,,0.8978,0.7765,0.8615,0,0.6,0.8333,0.8571,0.9,0.9237,0.9134,0.9678
model,xgboost,logistic_regression,2017-2020,8,weighted,PI,,lab,14,3,3,1.0,0.6,0.75,1.0,1.0,0,,,0.872,0.7963,0.8795,0,0.8,0.8333,0.8571,0.8,0.919,0.9174,0.9734
model,random_forest,logistic_regression,2017-2020,8,weighted,PI,,lab,14,3,3,1.0,0.75,0.875,1.0,1.0,0,,,0.8628,0.8212,0.9054,0,0.8,0.8333,0.8571,0.8,0.9382,0.9427,0.9888
model,xgboost,random_forest,2017-2020,8,weighted,PI,,total,14,4,3,0.75,0.4,0.75,1.0,0.75,0,HighBP,,0.7897,0.7135,0.8579,0,0.8,0.8333,0.7143,0.8,0.9215,0.928,0.9872
model,xgboost,logistic_regression,2017-2020,8,weighted,PI,,total,14,4,4,1.0,0.3333,0.5,1.0,1.0,0,,,0.6497,0.5281,0.762,0,0.8,0.6667,0.5714,0.8,0.9014,0.9082,0.9834
model,random_forest,logistic_regression,2017-2020,8,weighted,PI,,total,14,3,4,0.75,0.4,0.75,1.0,0.75,0,,HighBP,0.8952,0.8063,0.9053,0,0.8,0.8333,0.8571,0.9,0.949,0.9502,0.9892
method,SHAP,PI,2017-2020,8,weighted,,xgboost,diag,14,4,3,0.75,0.4286,0.5714,1.0,0.75,0,BMI,,0.7156,0.5571,0.7619,0,0.8,0.6667,0.7143,0.8,0.8868,0.8767,0.9431
method,SHAP,PI,2017-2020,8,weighted,,xgboost,lab,14,3,3,1.0,0.5714,0.5714,1.0,1.0,0,,,0.7023,0.5571,0.7359,0,0.8,0.6667,0.7143,0.8,0.8484,0.8115,0.844
method,SHAP,PI,2017-2020,8,weighted,,xgboost,total,14,4,4,1.0,0.2857,0.375,1.0,1.0,0,,,0.6865,0.5364,0.7211,0,0.8,0.6667,0.5714,0.9,0.8543,0.8256,0.8581
method,SHAP,PI,2017-2020,8,weighted,,random_forest,diag,14,4,5,0.8,0.1667,0.5,1.0,0.8,0,,HighChol,0.8212,0.6734,0.772,0,1.0,1.0,0.8571,0.8,0.8699,0.8221,0.8156
method,SHAP,PI,2017-2020,8,weighted,,random_forest,lab,14,4,3,0.75,0.2857,0.5,1.0,0.75,0,HighBP,,0.66,0.5344,0.7174,0,0.6,0.6667,0.7143,0.8,0.8358,0.7956,0.8377
method,SHAP,PI,2017-2020,8,weighted,,random_forest,total,14,4,3,0.75,0.2857,0.5,1.0,0.75,0,HighBP,,0.7346,0.5764,0.7341,0,1.0,0.8333,0.7143,0.8,0.8508,0.8131,0.8262
method,SHAP,PI,2017-2020,8,weighted,,logistic_regression,diag,14,5,4,0.8,0.375,0.3333,1.0,0.8,0,Sex,,0.7626,0.5824,0.7893,0,0.8,0.6667,0.7143,0.9,0.9129,0.9183,0.9847
method,SHAP,PI,2017-2020,8,weighted,,logistic_regression,lab,14,4,3,0.75,0.3333,0.625,1.0,0.75,0,Sex,,0.7984,0.6974,0.8676,1,1.0,0.8333,0.8571,0.9,0.9434,0.9531,0.9946
method,SHAP,PI,2017-2020,8,weighted,,logistic_regression,total,14,5,4,0.8,0.0,0.2222,1.0,0.8,0,Sex,,0.5919,0.4862,0.7433,0,0.8,0.6667,0.7143,0.8,0.8982,0.9067,0.9839
label,diag,lab,2017-2020,9,unweighted,SHAP,xgboost,,14,4,3,0.75,0.6667,0.8333,1.0,0.75,0,HighBP,,0.9473,0.8462,0.8878,0,1.0,1.0,0.8571,0.9,0.9114,0.8733,0.8574
label,diag,total,2017-2020,9,unweighted,SHAP,xgboost,,14,4,4,1.0,0.6667,0.6667,1.0,1.0,0,,,0.9341,0.8242,0.8881,0,1.0,1.0,0.8571,0.9,0.9258,0.8961,0.8729
label,lab,total,2017-2020,9,unweighted,SHAP,xgboost,,14,3,4,0.75,0.7143,0.8,1.0,0.75,0,,HighBP,0.978,0.8901,0.9408,0,1.0,1.0,0.8571,1.0,0.9641,0.9602,0.983
label,diag,lab,2017-2020,9,unweighted,SHAP,random_forest,,14,5,5,1.0,0.6,0.6667,1.0,1.0,0,,,0.8813,0.7582,0.7986,0,1.0,0.8333,0.8571,0.9,0.8378,0.7253,0.4538
label,diag,total,2017-2020,9,unweighted,SHAP,random_forest,,14,5,5,1.0,1.0,1.0,1.0,1.0,0,,,0.9429,0.8462,0.917,1,1.0,0.8333,0.7143,1.0,0.961,0.9632,0.9944
label,lab,total,2017-2020,9,unweighted,SHAP,random_forest,,14,5,5,1.0,0.6,0.6667,1.0,1.0,0,,,0.9297,0.8242,0.839,0,1.0,1.0,0.8571,0.9,0.8476,0.7362,0.4564
label,diag,lab,2017-2020,9,unweighted,SHAP,logistic_regression,,14,5,5,1.0,0.75,0.8333,1.0,1.0,0,,,0.8857,0.7582,0.8846,0,1.0,0.8333,1.0,0.8,0.9423,0.9427,0.9808
label,diag,total,2017-2020,9,unweighted,SHAP,logistic_regression,,14,5,5,1.0,0.6,0.6667,1.0,1.0,0,,,0.8857,0.7582,0.8902,1,1.0,0.8333,0.8571,0.8,0.9583,0.9639,0.9953
label,lab,total,2017-2020,9,unweighted,SHAP,logistic_regression,,14,5,5,1.0,0.75,0.8333,1.0,1.0,0,,,0.9604,0.8681,0.9331,0,1.0,1.0,0.8571,1.0,0.9614,0.9587,0.983
model,xgboost,random_forest,2017-2020,9,unweighted,SHAP,,diag,14,4,5,0.8,0.5,0.6667,1.0,0.8,0,,HighChol,0.9165,0.7582,0.8201,0,0.8,0.6667,0.8571,0.9,0.8724,0.8207,0.8201
model,xgboost,logistic_regression,2017-2020,9,unweighted,SHAP,,diag,14,4,5,0.8,0.3333,0.5714,1.0,0.8,0,,Sex,0.7582,0.6484,0.8392,1,1.0,0.8333,0.8571,0.9,0.9434,0.9531,0.9946
model,random_forest,logistic_regression,2017-2020,9,unweighted,SHAP,,diag,14,5,5,0.6667,0.125,0.2857,0.8,1.0,1,HighChol,Sex,0.6659,0.4945,0.7134,0,0.8,0.8333,0.7143,0.8,0.8468,0.8039,0.8205
model,xgboost,random_forest,2017-2020,9,unweighted,SHAP,,lab,14,3,5,0.6,0.5,0.8333,1.0,0.6,0,,"HighBP,HighChol",0.9033,0.7582,0.7869,0,0.8,0.6667,0.8571,1.0,0.8284,0.7187,0.4711
model,xgboost,logistic_regression,2017-2020,9,unweighted,SHAP,,lab,14,3,5,0.6,0.5,0.8333,1.0,0.6,0,,"HighBP,Sex",0.8286,0.6923,0.8262,0,1.0,0.8333,0.7143,0.9,0.9048,0.8766,0.8693
model,random_forest,logistic_regression,2017-2020,9,unweighted,SHAP,,lab,14,5,5,0.6667,0.2,0.7143,0.8,1.0,1,HighChol,Sex,0.7802,0.6264,0.702,0,0.8,0.6667,0.7143,0.9,0.7588,0.6199,0.3446
model,xgboost,random_forest,2017-2020,9,unweighted,SHAP,,total,14,4,5,0.8,0.5714,0.6,1.0,0.8,0,,HighChol,0.833,0.6923,0.8094,0,0.8,0.6667,0.7143,0.9,0.8996,0.8835,0.9431
model,xgboost,logistic_regression,2017-2020,9,unweighted,SHAP,,total,14,4,5,0.8,0.6667,0.8,1.0,0.8,0,,Sex,0.8286,0.7582,0.8561,0,1.0,0.8333,0.8571,0.9,0.915,0.8855,0.8704
model,random_forest,logistic_regression,2017-2020,9,unweighted,SHAP,,total,14,5,5,0.6667,0.2857,0.5,0.8,1.0,1,HighChol,Sex,0.833,0.6703,0.7812,0,0.8,0.6667,0.8571,0.8,0.8611,0.8128,0.8198
label,diag,lab,2017-2020,9,unweighted,PI,xgboost,,14,3,4,0.75,0.25,0.7778,1.0,0.75,0,,BMI,0.8437,0.7284,0.8481,0,1.0,0.8333,0.7143,0.9,0.9216,0.9111,0.9521
label,diag,total,2017-2020,9,unweighted,PI,xgboost,,14,3,4,0.75,0.4,0.75,1.0,0.75,0,,BMI,0.9428,0.8922,0.9463,1,1.0,0.8333,0.8571,1.0,0.9718,0.9726,0.9956
label,lab,total,2017-2020,9,unweighted,PI,xgboost,,14,4,4,1.0,0.5,0.75,1.0,1.0,0,,,0.8563,0.7647,0.8778,0,1.0,1.0,0.8571,0.9,0.9342,0.9258,0.9556
label,diag,lab,2017-2020,9,unweighted,PI,random_forest,,14,4,5,0.8,0.3333,0.875,1.0,0.8,0,,HighChol,0.9086,0.8259,0.896,0,1.0,1.0,0.8571,0.8,0.9149,0.9008,0.9404
label,diag,total,2017-2020,9,unweighted,PI,random_forest,,14,4,5,0.8,0.4,0.7143,1.0,0.8,0,,HighChol,0.9686,0.912,0.957,1,1.0,0.8333,0.8571,0.9,0.9729,0.9755,0.9961
label,lab,total,2017-2020,9,unweighted,PI,random_forest,,14,5,5,1.0,0.25,0.625,1.0,1.0,0,,,0.8703,0.7655,0.8658,0,1.0,0.8333,1.0,0.7,0.9088,0.8947,0.9388
label,diag,lab,2017-2020,9,unweighted,PI,logistic_regression,,14,3,3,1.0,0.75,0.875,1.0,1.0,0,,,0.8337,0.7,0.8538,0,0.8,0.8333,0.8571,0.8,0.936,0.9403,0.9885
label,diag,total,2017-2020,9,unweighted,PI,logistic_regression,,14,3,4,0.75,0.5,0.875,1.0,0.75,0,,HighBP,0.8579,0.7444,0.8846,1,1.0,1.0,0.8571,0.9,0.9581,0.9665,0.9973
label,lab,total,2017-2020,9,unweighted,PI,logistic_regression,,14,3,4,0.75,0.4,0.75,1.0,0.75,0,,HighBP,0.9383,0.8222,0.9091,0,0.8,0.8333,0.8571,0.8,0.9537,0.9542,0.9896
model,xgboost,random_forest,2017-2020,9,unweighted,PI,,diag,14,3,4,0.75,0.5,0.875,1.0,0.75,0,,BMI,0.9218,0.8519,0.9325,1,1.0,0.8333,1.0,1.0,0.9794,0.9801,0.9967
model,xgboost,logistic_regression,2017-2020,9,unweighted,PI,,diag,14,3,3,0.5,0.5,1.0,0.6667,1.0,1,HighBP,BMI,0.9699,0.9018,0.9356,0,0.8,1.0,1.0,0.9,0.9502,0.9349,0.9519
model,random_forest,logistic_regression,2017-2020,9,unweighted,PI,,diag,14,4,3,0.75,0.5,0.875,1.0,0.75,0,HighBP,,0.9068,0.7847,0.8775,0,0.8,0.8333,1.0,0.9,0.9296,0.915,0.9486
model,xgboost,random_forest,2017-2020,9,unweighted,PI,,lab,14,4,5,0.8,0.0,0.7778,1.0,0.8,0,,HighChol,0.8513,0.7699,0.8817,0,1.0,0.8333,0.7143,0.8,0.9217,0.9218,0.9779
model,xgboost,logistic_regression,2017-2020,9,unweighted,PI,,lab,14,4,3,0.75,0.5,0.875,1.0,0.75,0,HighBP,,0.8393,0.7613,0.8948,1,1.0,1.0,0.8571,0.7,0.9503,0.9612,0.9971
model,random_forest,logistic_regression,2017-2020,9,unweighted,PI,,lab,14,5,3,0.6,0.0,0.6667,1.0,0.6,0,"HighBP,HighChol",,0.7675,0.6507,0.8324,0,1.0,0.8333,0.7143,0.8,0.9078,0.9109,0.9771
model,xgboost,random_forest,2017-2020,9,unweighted,PI,,total,14,4,5,0.8,0.6,0.8333,1.0,0.8,0,,HighChol,0.8846,0.7826,0.891,1,1.0,0.8333,0.7143,0.9,0.9593,0.9628,0.9945
model,xgboost,logistic_regression,2017-2020,9,unweighted,PI,,total,14,4,4,1.0,0.4,0.625,1.0,1.0,0,,,0.8863,0.7738,0.8709,0,0.8,0.8333,0.8571,0.8,0.9102,0.8991,0.9471
model,random_forest,logistic_regression,2017-2020,9,unweighted,PI,,total,14,5,4,0.8,0.1667,0.5,1.0,0.8,0,HighChol,,0.7337,0.5955,0.7823,0,0.8,0.8333,0.7143,0.9,0.9005,0.8891,0.9456
method,SHAP,PI,2017-2020,9,unweighted,,xgboost,diag,14,4,3,0.75,0.4,0.75,1.0,0.75,0,BMI,,0.789,0.6639,0.8216,0,0.8,0.8333,0.8571,0.9,0.9081,0.8966,0.9467
method,SHAP,PI,2017-2020,9,unweighted,,xgboost,lab,14,3,4,0.75,0.3333,0.625,1.0,0.75,0,,HighBP,0.5462,0.431,0.6666,0,0.8,0.6667,0.5714,0.8,0.8322,0.7961,0.8421
method,SHAP,PI,2017-2020,9,unweighted,,xgboost,total,14,4,4,1.0,0.4286,0.4286,1.0,1.0,0,,,0.7663,0.6253,0.7597,0,0.8,0.6667,0.8571,0.8,0.8472,0.8019,0.819
method,SHAP,PI,2017-2020,9,unweighted,,random_forest,diag,14,5,4,0.8,0.3333,0.5714,1.0,0.8,0,HighChol,,0.8789,0.7571,0.8208,0,1.0,1.0,0.8571,0.8,0.8908,0.8491,0.8312
method,SHAP,PI,2017-2020,9,unweighted,,random_forest,lab,14,5,5,1.0,0.0,0.5556,1.0,1.0,0,,,0.7521,0.5943,0.7033,0,1.0,0.8333,0.8571,0.7,0.7751,0.6436,0.3538
method,SHAP,PI,2017-2020,9,unweighted,,random_forest,total,14,5,5,1.0,0.5,0.5,1.0,1.0,0,,,0.925,0.7822,0.836,0,1.0,1.0,0.8571,0.9,0.9038,0.859,0.8318
method,SHAP,PI,2017-2020,9,unweighted,,logistic_regression,diag,14,5,3,0.6,0.1667,0.625,1.0,0.6,0,"HighBP,Sex",,0.9351,0.8398,0.927,1,1.0,1.0,0.8571,0.9,0.9698,0.9764,0.998
method,SHAP,PI,2017-2020,9,unweighted,,logistic_regression,lab,14,5,3,0.6,0.4,0.8571,1.0,0.6,0,"HighBP,Sex",,0.8361,0.6851,0.8388,0,0.8,0.8333,1.0,0.8,0.9266,0.9249,0.9745
method,SHAP,PI,2017-2020,9,unweighted,,logistic_regression,total,14,5,4,0.8,0.1667,0.5,1.0,0.8,0,Sex,,0.8405,0.7293,0.8762,1,1.0,0.8333,0.7143,0.9,0.9498,0.9566,0.9943
label,diag,lab,2017-2020,9,weighted,SHAP,xgboost,,14,4,3,0.75,0.5,0.7143,1.0,0.75,0,HighBP,,0.9385,0.8462,0.915,0,1.0,1.0,0.8571,0.9,0.9564,0.9533,0.9824
label,diag,total,2017-2020,9,weighted,SHAP,xgboost,,14,4,4,1.0,0.5,0.5714,1.0,1.0,0,,,0.9297,0.8022,0.8762,0,1.0,1.0,0.8571,0.9,0.9246,0.8946,0.8726
label,lab,total,2017-2020,9,weighted,SHAP,xgboost,,14,3,4,0.75,0.6667,0.8333,1.0,0.75,0,,HighBP,0.9692,0.8681,0.9028,0,1.0,1.0,1.0,1.0,0.9207,0.8824,0.8586
label,diag,lab,2017-2020,9,weighted,SHAP,random_forest,,14,5,5,1.0,0.8,0.8,1.0,1.0,0,,,0.9253,0.8242,0.8936,0,1.0,0.8333,0.8571,0.9,0.9378,0.9253,0.9538
label,diag,total,2017-2020,9,weighted,SHAP,random_forest,,14,5,5,1.0,1.0,1.0,1.0,1.0,0,,,0.9165,0.7802,0.8553,0,1.0,0.8333,0.7143,1.0,0.9101,0.8779,0.8689
label,lab,total,2017-2020,9,weighted,SHAP,random_forest,,14,5,5,1.0,0.8,0.8,1.0,1.0,0,,,0.9297,0.8242,0.8601,0,1.0,0.8333,0.7143,0.9,0.8883,0.8398,0.8277
label,diag,lab,2017-2020,9,weighted,SHAP,logistic_regression,,14,5,5,1.0,0.75,0.8333,1.0,1.0,0,,,0.9033,0.7802,0.8961,0,1.0,0.8333,1.0,0.8,0.9483,0.948,0.9812
label,diag,total,2017-2020,9,weighted,SHAP,logistic_regression,,14,5,5,1.0,0.6,0.6667,1.0,1.0,0,,,0.9121,0.7802,0.902,1,1.0,0.8333,0.8571,0.8,0.9643,0.9691,0.9958
label,lab,total,2017-2020,9,weighted,SHAP,logistic_regression,,14,5,5,1.0,0.75,0.8333,1.0,1.0,0,,,0.9604,0.8681,0.9331,0,1.0,1.0,0.8571,1.0,0.9614,0.9587,0.983
model,xgboost,random_forest,2017-2020,9,weighted,SHAP,,diag,14,4,5,0.8,0.5,0.6667,1.0,0.8,0,,HighChol,0.9253,0.7802,0.8329,0,0.8,0.8333,0.8571,1.0,0.8813,0.8306,0.8226
model,xgboost,logistic_regression,2017-2020,9,weighted,SHAP,,diag,14,4,5,0.8,0.3333,0.5714,1.0,0.8,0,,Sex,0.7407,0.6264,0.8306,1,1.0,0.8333,0.8571,0.8,0.9455,0.9557,0.995
model,random_forest,logistic_regression,2017-2020,9,weighted,SHAP,,diag,14,5,5,0.6667,0.125,0.2857,0.8,1.0,1,HighChol,Sex,0.6703,0.4945,0.7109,0,0.8,0.8333,0.7143,0.8,0.8468,0.8039,0.8205
model,xgboost,random_forest,2017-2020,9,weighted,SHAP,,lab,14,3,5,0.6,0.5,0.5714,1.0,0.6,0,,"HighBP,HighChol",0.8813,0.7143,0.7979,0,0.8,0.6667,0.7143,1.0,0.8727,0.8292,0.8449
model,xgboost,logistic_regression,2017-2020,9,weighted,SHAP,,lab,14,3,5,0.6,0.3333,0.7143,1.0,0.6,0,,"HighBP,Sex",0.8418,0.7363,0.8793,1,1.0,0.8333,0.8571,0.9,0.9574,0.9641,0.9954
model,random_forest,logistic_regression,2017-2020,9,weighted,SHAP,,lab,14,5,5,0.6667,0.1667,0.5714,0.8,1.0,1,HighChol,Sex,0.767,0.6264,0.7724,0,0.8,0.6667,0.7143,0.9,0.8556,0.818,0.8445
model,xgboost,random_forest,2017-2020,9,weighted,SHAP,,total,14,4,5,0.8,0.6667,0.5,1.0,0.8,0,,HighChol,0.8462,0.7143,0.7942,0,0.8,0.8333,0.7143,0.9,0.8645,0.8144,0.8207
model,xgboost,logistic_regression,2017-2020,9,weighted,SHAP,,total,14,4,5,0.8,0.5,0.6667,1.0,0.8,0,,Sex,0.8198,0.7363,0.8442,0,1.0,0.8333,0.8571,0.9,0.909,0.8802,0.8699
model,random_forest,logistic_regression,2017-2020,9,weighted,SHAP,,total,14,5,5,0.6667,0.2857,0.5,0.8,1.0,1,HighChol,Sex,0.8374,0.6703,0.7625,0,0.8,0.8333,0.7143,0.8,0.8634,0.8163,0.8213
label,diag,lab,2017-2020,9,weighted,PI,xgboost,,14,4,4,1.0,0.2,0.5556,1.0,1.0,0,,,0.7523,0.6352,0.8023,0,0.8,0.8333,0.7143,0.8,0.9026,0.8929,0.9462
label,diag,total,2017-2020,9,weighted,PI,xgboost,,14,4,4,1.0,0.75,0.8571,1.0,1.0,0,,,0.8454,0.7341,0.8435,0,0.8,0.8333,0.8571,0.8,0.8874,0.8593,0.8638
label,lab,total,2017-2020,9,weighted,PI,xgboost,,14,4,4,1.0,0.4,0.625,1.0,1.0,0,,,0.7939,0.6992,0.8006,0,0.8,0.8333,0.8571,0.9,0.8722,0.8238,0.8223
label,diag,lab,2017-2020,9,weighted,PI,random_forest,,14,4,5,0.8,0.5,0.8571,1.0,0.8,0,,HighChol,0.8253,0.6914,0.8051,0,0.8,0.8333,0.8571,0.8,0.863,0.8181,0.8221
label,diag,total,2017-2020,9,weighted,PI,random_forest,,14,4,5,0.8,0.6667,1.0,1.0,0.8,0,,HighChol,0.9387,0.8557,0.8795,0,0.8,1.0,1.0,0.9,0.8945,0.8459,0.8262
label,lab,total,2017-2020,9,weighted,PI,random_forest,,14,5,5,1.0,0.6667,0.8571,1.0,1.0,0,,,0.8728,0.7713,0.8457,0,1.0,0.8333,0.8571,0.9,0.888,0.8428,0.8287
label,diag,lab,2017-2020,9,weighted,PI,logistic_regression,,14,4,3,0.75,0.3333,0.625,1.0,0.75,0,HighBP,,0.7042,0.5587,0.7781,0,0.8,0.8333,0.8571,0.7,0.9043,0.9058,0.9726
label,diag,total,2017-2020,9,weighted,PI,logistic_regression,,14,4,4,1.0,0.6,0.7143,1.0,1.0,0,,,0.8918,0.7699,0.865,0,0.8,1.0,0.8571,0.9,0.9165,0.8825,0.8668
label,lab,total,2017-2020,9,weighted,PI,logistic_regression,,14,3,4,0.75,0.3333,0.625,1.0,0.75,0,,HighBP,0.7665,0.6173,0.783,0,1.0,0.8333,0.7143,0.7,0.8677,0.838,0.8531
model,xgboost,random_forest,2017-2020,9,weighted,PI,,diag,14,4,4,1.0,1.0,1.0,1.0,1.0,0,,,0.9387,0.8557,0.8865,0,1.0,1.0,1.0,0.9,0.9076,0.8623,0.8325
model,xgboost,logistic_regression,2017-2020,9,weighted,PI,,diag,14,4,4,1.0,0.75,0.8571,1.0,1.0,0,,,0.9107,0.8209,0.9219,1,1.0,0.8333,1.0,0.8,0.9637,0.9703,0.9964
model,random_forest,logistic_regression,2017-2020,9,weighted,PI,,diag,14,4,4,1.0,0.75,0.8571,1.0,1.0,0,,,0.8873,0.7699,0.8504,0,1.0,0.8333,1.0,0.9,0.8956,0.8503,0.8299
model,xgboost,random_forest,2017-2020,9,weighted,PI,,lab,14,4,5,0.8,0.0,0.4444,1.0,0.8,0,,HighChol,0.7657,0.664,0.8198,0,0.8,0.8333,0.7143,0.8,0.8966,0.8864,0.9455
model,xgboost,logistic_regression,2017-2020,9,weighted,PI,,lab,14,4,3,0.75,0.4,0.75,1.0,0.75,0,HighBP,,0.7534,0.6515,0.7881,0,0.8,0.8333,0.8571,0.7,0.8725,0.8594,0.9307
model,random_forest,logistic_regression,2017-2020,9,weighted,PI,,lab,14,5,3,0.6,0.1667,0.625,1.0,0.6,0,"HighBP,HighChol",,0.744,0.5707,0.7936,0,0.8,1.0,0.8571,0.7,0.9062,0.911,0.9749
model,xgboost,random_forest,2017-2020,9,weighted,PI,,total,14,4,5,0.8,0.5,0.8571,1.0,0.8,0,,HighChol,0.8593,0.759,0.8746,0,1.0,0.8333,0.8571,0.8,0.9185,0.913,0.9534
model,xgboost,logistic_regression,2017-2020,9,weighted,PI,,total,14,4,4,1.0,0.6,0.7143,1.0,1.0,0,,,0.8446,0.7647,0.883,0,0.8,0.8333,0.7143,0.8,0.9328,0.9363,0.9877
model,random_forest,logistic_regression,2017-2020,9,weighted,PI,,total,14,5,4,0.8,0.5,0.8571,1.0,0.8,0,HighChol,,0.8023,0.6508,0.8154,0,0.8,0.8333,0.8571,0.8,0.908,0.8981,0.9471
method,SHAP,PI,2017-2020,9,weighted,,xgboost,diag,14,4,4,1.0,0.4,0.625,1.0,1.0,0,,,0.7156,0.5799,0.7933,0,0.8,0.6667,0.8571,0.8,0.9166,0.9231,0.9857
method,SHAP,PI,2017-2020,9,weighted,,xgboost,lab,14,3,4,0.75,0.1429,0.4444,1.0,0.75,0,,HighBP,0.683,0.5513,0.7324,0,0.8,0.6667,0.7143,0.8,0.8578,0.8409,0.9266
method,SHAP,PI,2017-2020,9,weighted,,xgboost,total,14,4,4,1.0,0.2857,0.375,1.0,1.0,0,,,0.7892,0.6974,0.8478,0,0.8,0.8333,0.8571,0.8,0.929,0.9355,0.9883
method,SHAP,PI,2017-2020,9,weighted,,random_forest,diag,14,5,4,0.8,0.3333,0.5714,1.0,0.8,0,HighChol,,0.7485,0.594,0.7673,0,0.8,0.8333,0.8571,0.8,0.8604,0.8166,0.8221
method,SHAP,PI,2017-2020,9,weighted,,random_forest,lab,14,5,5,1.0,0.4,0.5714,1.0,1.0,0,,,0.8654,0.7571,0.8529,0,1.0,0.8333,0.8571,0.8,0.9111,0.8828,0.8703
method,SHAP,PI,2017-2020,9,weighted,,random_forest,total,14,5,5,1.0,0.4,0.5714,1.0,1.0,0,,,0.8356,0.6936,0.8391,0,1.0,0.8333,0.8571,0.8,0.9053,0.8794,0.8702
method,SHAP,PI,2017-2020,9,weighted,,logistic_regression,diag,14,5,4,0.8,0.3333,0.5714,1.0,0.8,0,Sex,,0.8278,0.7152,0.8553,0,0.8,0.8333,0.8571,0.9,0.9335,0.9387,0.9884
method,SHAP,PI,2017-2020,9,weighted,,logistic_regression,lab,14,5,3,0.6,0.4,0.8571,1.0,0.6,0,"HighBP,Sex",,0.8945,0.8022,0.9141,1,1.0,0.8333,1.0,0.9,0.9676,0.973,0.9965
method,SHAP,PI,2017-2020,9,weighted,,logistic_regression,total,14,5,4,0.8,0.1429,0.375,1.0,0.8,0,Sex,,0.7035,0.5474,0.7584,0,1.0,0.8333,0.7143,0.7,0.8783,0.8565,0.8681
label,diag,lab,2021-2023,0,unweighted,SHAP,xgboost,,14,6,5,0.8333,0.4,0.6667,1.0,0.8333,0,HighBP,,0.9824,0.9121,0.8741,0,0.8,1.0,1.0,1.0,0.8551,0.7372,0.4519
label,diag,total,2021-2023,0,unweighted,SHAP,xgboost,,14,6,5,0.8333,0.6,0.8,1.0,0.8333,0,Education,,0.9824,0.9341,0.9512,0,1.0,1.0,1.0,1.0,0.9622,0.9484,0.9576
label,lab,total,2021-2023,0,unweighted,SHAP,xgboost,,14,5,5,0.6667,0.4,0.8333,0.8,1.0,1,Education,HighBP,0.9868,0.9341,0.9005,0,0.8,1.0,1.0,1.0,0.8809,0.7784,0.4933
label,diag,lab,2021-2023,0,unweighted,SHAP,random_forest,,14,5,6,0.8333,0.5,0.8333,1.0,0.8333,0,,Education,0.9604,0.8681,0.8803,0,1.0,1.0,1.0,0.9,0.9011,0.8453,0.8174
label,diag,total,2021-2023,0,unweighted,SHAP,random_forest,,14,5,6,0.8333,0.4,0.6667,1.0,0.8333,0,,Education,0.9736,0.9121,0.9119,0,1.0,1.0,1.0,0.9,0.9193,0.8709,0.833
label,lab,total,2021-2023,0,unweighted,SHAP,random_forest,,14,6,6,1.0,0.75,0.8,1.0,1.0,0,,,0.9912,0.956,0.9687,0,1.0,1.0,1.0,1.0,0.977,0.9707,0.9842
label,diag,lab,2021-2023,0,unweighted,SHAP,logistic_regression,,14,6,6,1.0,1.0,1.0,1.0,1.0,0,,,0.9297,0.8022,0.8785,0,0.8,1.0,0.8571,0.9,0.9165,0.8838,0.867
label,diag,total,2021-2023,0,unweighted,SHAP,logistic_regression,,14,6,6,1.0,1.0,1.0,1.0,1.0,0,,,0.9824,0.9121,0.9333,0,1.0,1.0,1.0,0.9,0.943,0.911,0.8744
label,lab,total,2021-2023,0,unweighted,SHAP,logistic_regression,,14,6,6,1.0,1.0,1.0,1.0,1.0,0,,,0.9516,0.8462,0.9307,0,0.8,1.0,0.8571,0.9,0.9675,0.969,0.9925
model,xgboost,random_forest,2021-2023,0,unweighted,SHAP,,diag,14,6,5,0.8333,0.4,0.6667,1.0,0.8333,0,Education,,0.9077,0.7582,0.7563,0,1.0,1.0,1.0,0.8,0.7859,0.6344,0.3168
model,xgboost,logistic_regression,2021-2023,0,unweighted,SHAP,,diag,14,6,6,1.0,0.75,0.8,1.0,1.0,0,,,0.9868,0.9341,0.9423,0,1.0,1.0,1.0,1.0,0.947,0.9143,0.8747
model,random_forest,logistic_regression,2021-2023,0,unweighted,SHAP,,diag,14,5,6,0.8333,0.2,0.5714,1.0,0.8333,0,,Education,0.8901,0.7363,0.7,0,1.0,1.0,1.0,0.8,0.7811,0.6307,0.3165
model,xgboost,random_forest,2021-2023,0,unweighted,SHAP,,lab,14,5,6,0.8333,0.5,0.8333,1.0,0.8333,0,,HighBP,0.9516,0.8462,0.9094,0,0.8,1.0,1.0,0.9,0.9399,0.9263,0.9512
model,xgboost,logistic_regression,2021-2023,0,unweighted,SHAP,,lab,14,5,6,0.8333,0.5,0.8333,1.0,0.8333,0,,HighBP,0.9341,0.8242,0.8453,0,1.0,1.0,0.8571,0.9,0.8476,0.7375,0.4566
model,random_forest,logistic_regression,2021-2023,0,unweighted,SHAP,,lab,14,6,6,1.0,0.5,0.6667,1.0,1.0,0,,,0.8462,0.7143,0.8075,0,0.8,1.0,0.8571,0.9,0.8567,0.76,0.4918
model,xgboost,random_forest,2021-2023,0,unweighted,SHAP,,total,14,5,6,0.8333,0.3333,0.5,1.0,0.8333,0,,Education,0.9209,0.7802,0.8133,0,1.0,1.0,1.0,0.9,0.83,0.7133,0.4416
model,xgboost,logistic_regression,2021-2023,0,unweighted,SHAP,,total,14,5,6,0.8333,0.75,1.0,1.0,0.8333,0,,Education,0.978,0.9121,0.9481,0,1.0,1.0,1.0,0.9,0.9638,0.9516,0.9582
model,random_forest,logistic_regression,2021-2023,0,unweighted,SHAP,,total,14,6,6,1.0,0.4,0.5,1.0,1.0,0,,,0.9121,0.7802,0.8304,0,1.0,1.0,1.0,0.8,0.8553,0.7544,0.4832
label,diag,lab,2021-2023,0,unweighted,PI,xgboost,,14,5,5,0.4286,0.0,0.5714,0.6,1.0,1,"HighBP,HighChol","Income,Sex",0.9161,0.7822,0.8726,0,0.6,0.8333,1.0,0.9,0.9231,0.9146,0.9684
label,diag,total,2021-2023,0,unweighted,PI,xgboost,,14,5,5,1.0,0.75,0.8333,1.0,1.0,0,,,0.8867,0.7391,0.8434,0,1.0,0.8333,1.0,0.9,0.9192,0.9028,0.9392
label,lab,total,2021-2023,0,unweighted,PI,xgboost,,14,5,5,0.4286,0.0,0.7143,0.6,1.0,1,"Income,Sex","HighBP,HighChol",0.8795,0.7053,0.7903,0,0.6,0.8333,1.0,0.9,0.8874,0.8526,0.9113
label,diag,lab,2021-2023,0,unweighted,PI,random_forest,,14,6,6,0.5,0.0,1.0,0.6667,1.0,1,"HeartDiseaseorAttack,HighChol","Education,Sex",0.8667,0.6708,0.6575,0,0.8,0.6667,0.8571,0.9,0.7528,0.5952,0.3047
label,diag,total,2021-2023,0,unweighted,PI,random_forest,,14,6,5,0.8333,0.25,0.7143,1.0,0.8333,0,HeartDiseaseorAttack,,0.8955,0.7472,0.7812,0,1.0,0.8333,1.0,0.8,0.8233,0.7045,0.4392
label,lab,total,2021-2023,0,unweighted,PI,random_forest,,14,6,5,0.5714,0.25,0.7143,0.8,0.8333,1,"Education,Sex",HighChol,0.753,0.6173,0.743,0,0.8,0.8333,0.8571,0.7,0.8409,0.7898,0.8064
label,diag,lab,2021-2023,0,unweighted,PI,logistic_regression,,14,5,5,0.6667,0.5,1.0,0.8,1.0,1,HighChol,Education,0.8334,0.6481,0.7104,0,0.8,0.8333,0.8571,0.9,0.8116,0.7344,0.75
label,diag,total,2021-2023,0,unweighted,PI,logistic_regression,,14,5,5,1.0,1.0,1.0,1.0,1.0,0,,,0.8757,0.6851,0.7678,0,1.0,0.8333,0.8571,0.8,0.8719,0.8198,0.8135
label,lab,total,2021-2023,0,unweighted,PI,logistic_regression,,14,5,5,0.6667,0.5,1.0,0.8,1.0,1,Education,HighChol,0.9188,0.7889,0.847,0,0.8,1.0,1.0,0.9,0.9068,0.8789,0.9204
model,xgboost,random_forest,2021-2023,0,unweighted,PI,,diag,14,5,6,0.8333,0.2,0.5714,1.0,0.8333,0,,HeartDiseaseorAttack,0.8067,0.6254,0.655,0,1.0,0.8333,0.8571,0.9,0.7558,0.6063,0.3124
model,xgboost,logistic_regression,2021-2023,0,unweighted,PI,,diag,14,5,5,1.0,0.4,0.5714,1.0,1.0,0,,,0.6835,0.4945,0.6634,0,1.0,0.8333,0.8571,0.8,0.8223,0.7595,0.7706
model,random_forest,logistic_regression,2021-2023,0,unweighted,PI,,diag,14,6,5,0.8333,0.6667,1.0,1.0,0.8333,0,HeartDiseaseorAttack,,0.9201,0.8073,0.8453,0,1.0,1.0,1.0,0.9,0.8506,0.7431,0.4579
model,xgboost,random_forest,2021-2023,0,unweighted,PI,,lab,14,5,6,0.5714,0.25,0.5,0.8,0.8333,1,Income,"Education,HighBP",0.8234,0.6705,0.7981,0,0.6,0.8333,0.7143,0.9,0.9019,0.8944,0.9657
model,xgboost,logistic_regression,2021-2023,0,unweighted,PI,,lab,14,5,5,0.4286,0.2,0.5,0.6,1.0,1,"Income,Sex","Education,HighBP",0.7366,0.6359,0.7619,0,0.6,0.6667,0.8571,0.9,0.9045,0.8934,0.9642
model,random_forest,logistic_regression,2021-2023,0,unweighted,PI,,lab,14,6,5,0.8333,0.6667,1.0,1.0,0.8333,0,Sex,,0.9178,0.8073,0.9016,0,1.0,0.8333,0.8571,0.8,0.9407,0.9405,0.9801
model,xgboost,random_forest,2021-2023,0,unweighted,PI,,total,14,5,5,1.0,0.5,0.7143,1.0,1.0,0,,,0.8864,0.7954,0.8612,0,1.0,1.0,0.8571,0.9,0.9026,0.8562,0.8314
model,xgboost,logistic_regression,2021-2023,0,unweighted,PI,,total,14,5,5,1.0,0.5,0.7143,1.0,1.0,0,,,0.7486,0.6403,0.838,1,1.0,0.8333,0.8571,0.7,0.9443,0.9544,0.9949
model,random_forest,logistic_regression,2021-2023,0,unweighted,PI,,total,14,5,5,1.0,0.5,0.7143,1.0,1.0,0,,,0.8483,0.7379,0.828,0,1.0,0.8333,0.8571,0.8,0.8793,0.8364,0.8284
method,SHAP,PI,2021-2023,0,unweighted,,xgboost,diag,14,6,5,0.8333,0.6,0.5,1.0,0.8333,0,Education,,0.8725,0.7363,0.8477,0,1.0,0.8333,0.8571,0.8,0.9135,0.896,0.938
method,SHAP,PI,2021-2023,0,unweighted,,xgboost,lab,14,5,5,0.4286,0.2,0.7143,0.6,1.0,1,"Education,HighChol","Income,Sex",0.8013,0.6258,0.7193,0,0.6,0.6667,0.8571,0.8,0.7992,0.6908,0.4644
method,SHAP,PI,2021-2023,0,unweighted,,xgboost,total,14,5,5,1.0,0.4,0.5714,1.0,1.0,0,,,0.7445,0.6026,0.7861,0,1.0,0.8333,0.8571,0.7,0.8952,0.882,0.9372
method,SHAP,PI,2021-2023,0,unweighted,,random_forest,diag,14,5,6,0.8333,0.25,0.5,1.0,0.8333,0,,HeartDiseaseorAttack,0.7912,0.6026,0.5713,0,1.0,0.8333,0.7143,0.9,0.6794,0.4781,0.1446
method,SHAP,PI,2021-2023,0,unweighted,,random_forest,lab,14,6,6,0.7143,0.0,0.5714,0.8333,1.0,1,HighChol,Sex,0.8242,0.6923,0.7459,0,0.8,0.8333,0.7143,0.8,0.789,0.6679,0.4302
method,SHAP,PI,2021-2023,0,unweighted,,random_forest,total,14,6,5,0.8333,0.4,0.4286,1.0,0.8333,0,Education,,0.753,0.5707,0.6714,0,1.0,0.8333,0.7143,0.8,0.7598,0.6184,0.3263
method,SHAP,PI,2021-2023,0,unweighted,,logistic_regression,diag,14,6,5,0.8333,0.2,0.5714,1.0,0.8333,0,Education,,0.7451,0.5604,0.7199,0,1.0,0.8333,0.7143,0.8,0.8525,0.8037,0.8118
method,SHAP,PI,2021-2023,0,unweighted,,logistic_regression,lab,14,6,5,0.8333,0.2,0.5714,1.0,0.8333,0,HighChol,,0.7934,0.6481,0.8079,0,0.8,1.0,0.8571,0.8,0.8937,0.8782,0.9336
method,SHAP,PI,2021-2023,0,unweighted,,logistic_regression,total,14,6,5,0.8333,0.2,0.5714,1.0,0.8333,0,Education,,0.7701,0.663,0.8431,0,1.0,1.0,0.8571,0.8,0.9312,0.9358,0.9815
label,diag,lab,2021-2023,0,weighted,SHAP,xgboost,,14,6,4,0.6667,0.1667,0.5714,1.0,0.6667,0,"Education,HighBP",,0.9736,0.8901,0.9232,0,0.8,1.0,1.0,1.0,0.9491,0.932,0.9514
label,diag,total,2021-2023,0,weighted,SHAP,xgboost,,14,6,5,0.8333,0.4,0.6667,1.0,0.8333,0,Education,,0.9824,0.9341,0.9512,0,1.0,1.0,1.0,1.0,0.9622,0.9484,0.9576
label,lab,total,2021-2023,0,weighted,SHAP,xgboost,,14,4,5,0.8,0.5,0.8571,1.0,0.8,0,,HighBP,0.9912,0.956,0.9715,0,0.8,1.0,1.0,1.0,0.9809,0.9784,0.9933
label,diag,lab,2021-2023,0,weighted,SHAP,random_forest,,14,5,6,0.8333,0.4,0.6667,1.0,0.8333,0,,Education,0.9912,0.956,0.9697,0,1.0,1.0,1.0,0.9,0.9779,0.9717,0.9843
label,diag,total,2021-2023,0,weighted,SHAP,random_forest,,14,5,5,1.0,1.0,1.0,1.0,1.0,0,,,1.0,1.0,1.0,1,1.0,1.0,1.0,1.0,1.0,1.0,1.0
label,lab,total,2021-2023,0,weighted,SHAP,random_forest,,14,6,5,0.8333,0.4,0.6667,1.0,0.8333,0,Education,,0.9912,0.956,0.9697,0,1.0,1.0,1.0,0.9,0.9779,0.9717,0.9843
label,diag,lab,2021-2023,0,weighted,SHAP,logistic_regression,,14,6,6,1.0,1.0,1.0,1.0,1.0,0,,,0.9341,0.8242,0.8871,0,0.8,1.0,0.8571,0.9,0.9165,0.8838,0.867
label,diag,total,2021-2023,0,weighted,SHAP,logistic_regression,,14,6,6,1.0,1.0,1.0,1.0,1.0,0,,,0.978,0.9121,0.9362,0,1.0,1.0,1.0,0.9,0.9458,0.9143,0.8748
label,lab,total,2021-2023,0,weighted,SHAP,logistic_regression,,14,6,6,1.0,1.0,1.0,1.0,1.0,0,,,0.9429,0.8242,0.9194,0,0.8,1.0,0.8571,0.9,0.9615,0.9638,0.992
model,xgboost,random_forest,2021-2023,0,weighted,SHAP,,diag,14,6,5,0.8333,0.4,0.6667,1.0,0.8333,0,Education,,0.9473,0.8242,0.8551,0,1.0,1.0,1.0,0.8,0.8639,0.7623,0.4839
model,xgboost,logistic_regression,2021-2023,0,weighted,SHAP,,diag,14,6,6,1.0,0.75,0.8,1.0,1.0,0,,,0.978,0.9121,0.9288,0,1.0,1.0,1.0,1.0,0.9442,0.911,0.8743
model,random_forest,logistic_regression,2021-2023,0,weighted,SHAP,,diag,14,5,6,0.8333,0.2,0.5714,1.0,0.8333,0,,Education,0.9121,0.7802,0.7954,0,1.0,1.0,1.0,0.8,0.8081,0.6733,0.3582
model,xgboost,random_forest,2021-2023,0,weighted,SHAP,,lab,14,4,6,0.6667,0.1667,0.5714,1.0,0.6667,0,,"Education,HighBP",0.9341,0.8022,0.8283,0,0.8,1.0,1.0,0.9,0.8351,0.7226,0.451
model,xgboost,logistic_regression,2021-2023,0,weighted,SHAP,,lab,14,4,6,0.6667,0.2,0.7143,1.0,0.6667,0,,"Education,HighBP",0.9385,0.8462,0.9163,0,1.0,1.0,0.8571,0.9,0.9476,0.9375,0.9566
model,random_forest,logistic_regression,2021-2023,0,weighted,SHAP,,lab,14,6,6,1.0,0.4,0.5,1.0,1.0,0,,,0.8418,0.6923,0.7975,0,0.8,1.0,0.8571,0.9,0.8519,0.7563,0.4915
model,xgboost,random_forest,2021-2023,0,weighted,SHAP,,total,14,5,5,1.0,0.5,0.7143,1.0,1.0,0,,,0.9077,0.7582,0.8046,0,1.0,1.0,1.0,0.8,0.8261,0.7107,0.4415
model,xgboost,logistic_regression,2021-2023,0,weighted,SHAP,,total,14,5,6,0.8333,0.5,0.8333,1.0,0.8333,0,,Education,0.9736,0.8901,0.9369,0,1.0,1.0,1.0,0.9,0.9578,0.9464,0.9577
model,random_forest,logistic_regression,2021-2023,0,weighted,SHAP,,total,14,5,6,0.8333,0.2,0.5714,1.0,0.8333,0,,Education,0.9121,0.7802,0.8306,0,1.0,1.0,1.0,0.8,0.8553,0.7544,0.4832
label,diag,lab,2021-2023,0,weighted,PI,xgboost,,14,5,5,0.6667,0.125,0.2857,0.8,1.0,1,HighBP,Income,0.8,0.6481,0.8315,0,0.8,0.8333,1.0,0.8,0.9218,0.9212,0.9743
label,diag,total,2021-2023,0,weighted,PI,xgboost,,14,5,5,1.0,0.6,0.6667,1.0,1.0,0,,,0.9402,0.8658,0.9274,0,1.0,1.0,1.0,0.8,0.9439,0.9371,0.9573
label,lab,total,2021-2023,0,weighted,PI,xgboost,,14,5,5,0.6667,0.1667,0.5714,0.8,1.0,1,Income,HighBP,0.9067,0.7963,0.8701,0,0.8,0.8333,1.0,0.9,0.914,0.8908,0.933
label,diag,lab,2021-2023,0,weighted,PI,random_forest,,14,5,5,0.6667,0.5,1.0,0.8,1.0,1,HighBP,Sex,0.8319,0.6749,0.6355,0,0.8,0.8333,0.8571,0.8,0.6836,0.4788,0.1405
label,diag,total,2021-2023,0,weighted,PI,random_forest,,14,5,5,1.0,0.6667,0.8571,1.0,1.0,0,,,0.8251,0.6749,0.7097,0,1.0,0.8333,0.8571,0.8,0.7633,0.6119,0.3128
label,lab,total,2021-2023,0,weighted,PI,random_forest,,14,5,5,0.6667,0.25,0.8571,0.8,1.0,1,Sex,HighBP,0.8667,0.7284,0.6776,0,0.8,1.0,1.0,0.9,0.7471,0.5766,0.2689
label,diag,lab,2021-2023,0,weighted,PI,logistic_regression,,14,5,5,0.6667,0.3333,0.6667,0.8,1.0,1,HighBP,Education,0.8847,0.7273,0.7338,0,0.8,0.8333,0.8571,0.9,0.783,0.6327,0.323
label,diag,total,2021-2023,0,weighted,PI,logistic_regression,,14,5,5,1.0,0.75,0.8333,1.0,1.0,0,,,0.9658,0.8765,0.8451,0,1.0,1.0,0.8571,0.9,0.8361,0.7047,0.3735
label,lab,total,2021-2023,0,weighted,PI,logistic_regression,,14,5,5,0.6667,0.4,0.8333,0.8,1.0,1,Education,HighBP,0.9304,0.809,0.8829,0,0.8,0.8333,1.0,0.8,0.9343,0.919,0.949
model,xgboost,random_forest,2021-2023,0,weighted,PI,,diag,14,5,5,1.0,0.3333,0.4286,1.0,1.0,0,,,0.72,0.4889,0.5024,0,1.0,0.8333,0.7143,0.8,0.6771,0.4772,0.1447
model,xgboost,logistic_regression,2021-2023,0,weighted,PI,,diag,14,5,5,1.0,0.2857,0.2857,1.0,1.0,0,,,0.6777,0.514,0.6577,0,1.0,0.8333,0.8571,0.7,0.7605,0.6231,0.3277
model,random_forest,logistic_regression,2021-2023,0,weighted,PI,,diag,14,5,5,1.0,0.75,0.8333,1.0,1.0,0,,,0.8661,0.6822,0.7564,0,1.0,0.8333,0.8571,0.8,0.847,0.7782,0.7718
model,xgboost,random_forest,2021-2023,0,weighted,PI,,lab,14,5,5,0.6667,0.4,0.5714,0.8,1.0,1,Income,Sex,0.8114,0.7352,0.7448,0,0.8,0.8333,0.8571,0.9,0.7884,0.646,0.3486
model,xgboost,logistic_regression,2021-2023,0,weighted,PI,,lab,14,5,5,0.6667,0.6,0.6667,0.8,1.0,1,Income,Education,0.7679,0.7053,0.825,0,0.8,0.8333,0.8571,0.9,0.9255,0.9216,0.9735
model,random_forest,logistic_regression,2021-2023,0,weighted,PI,,lab,14,5,5,0.6667,0.4,0.8333,0.8,1.0,1,Sex,Education,0.9415,0.841,0.8172,0,0.8,0.8333,0.8571,0.9,0.8126,0.6781,0.3649
model,xgboost,random_forest,2021-2023,0,weighted,PI,,total,14,5,5,1.0,0.6667,0.8571,1.0,1.0,0,,,0.8422,0.7392,0.8187,0,1.0,0.8333,0.8571,0.8,0.8579,0.8089,0.8128
model,xgboost,logistic_regression,2021-2023,0,weighted,PI,,total,14,5,5,1.0,0.5,0.7143,1.0,1.0,0,,,0.7935,0.7134,0.8711,1,1.0,0.8333,0.8571,0.9,0.9568,0.9635,0.9954
model,random_forest,logistic_regression,2021-2023,0,weighted,PI,,total,14,5,5,1.0,0.6667,0.8571,1.0,1.0,0,,,0.8798,0.7613,0.8318,0,1.0,1.0,0.8571,0.9,0.8849,0.8312,0.8158
method,SHAP,PI,2021-2023,0,weighted,,xgboost,diag,14,6,5,0.8333,0.8,0.6,1.0,0.8333,0,Education,,0.8066,0.6923,0.8401,0,1.0,0.8333,0.8571,0.9,0.9224,0.9157,0.9535
method,SHAP,PI,2021-2023,0,weighted,,xgboost,lab,14,4,5,0.8,0.4,0.7143,1.0,0.8,0,,Income,0.8823,0.7391,0.8523,0,0.8,0.6667,0.8571,0.8,0.9199,0.9142,0.9713
method,SHAP,PI,2021-2023,0,weighted,,xgboost,total,14,5,5,1.0,0.2,0.5,1.0,1.0,0,,,0.8258,0.7215,0.8555,0,1.0,0.8333,0.8571,0.8,0.9221,0.914,0.9531
method,SHAP,PI,2021-2023,0,weighted,,random_forest,diag,14,5,5,1.0,0.2,0.5,1.0,1.0,0,,,0.7645,0.5799,0.5682,0,1.0,0.8333,0.8571,0.8,0.6773,0.4795,0.1456
method,SHAP,PI,2021-2023,0,weighted,,random_forest,lab,14,6,5,0.5714,0.0,0.4286,0.8,0.8333,1,"Education,HighBP",Sex,0.762,0.594,0.6236,0,0.8,0.8333,0.7143,0.8,0.7526,0.6073,0.3206
method,SHAP,PI,2021-2023,0,weighted,,random_forest,total,14,5,5,1.0,0.0,0.4444,1.0,1.0,0,,,0.6766,0.5008,0.6338,0,1.0,0.8333,0.7143,0.7,0.7453,0.6086,0.3259
method,SHAP,PI,2021-2023,0,weighted,,logistic_regression,diag,14,6,5,0.8333,0.1667,0.4286,1.0,0.8333,0,Education,,0.7307,0.5811,0.7534,0,1.0,0.8333,0.7143,0.7,0.8309,0.7436,0.4938
method,SHAP,PI,2021-2023,0,weighted,,logistic_regression,lab,14,6,5,0.8333,0.1667,0.4286,1.0,0.8333,0,HighBP,,0.7704,0.6258,0.8168,0,1.0,0.8333,0.8571,0.8,0.9126,0.9078,0.9529
method,SHAP,PI,2021-2023,0,weighted,,logistic_regression,total,14,6,5,0.8333,0.2,0.5714,1.0,0.8333,0,Education,,0.7679,0.6188,0.8374,1,1.0,0.8333,0.8571,0.8,0.9424,0.9537,0.995
label,diag,lab,2021-2023,1,unweighted,SHAP,xgboost,,14,5,5,0.6667,0.6,1.0,0.8,1.0,1,HighBP,Education,0.9692,0.8681,0.8541,0,0.8,1.0,0.8571,0.9,0.8452,0.7288,0.4508
label,diag,total,2021-2023,1,unweighted,SHAP,xgboost,,14,5,5,1.0,1.0,1.0,1.0,1.0,0,,,0.9956,0.978,0.929,0,1.0,1.0,1.0,1.0,0.9,0.8,0.5
label,lab,total,2021-2023,1,unweighted,SHAP,xgboost,,14,5,5,0.6667,0.6,1.0,0.8,1.0,1,Education,HighBP,0.9736,0.8901,0.9251,0,0.8,1.0,0.8571,0.9,0.9452,0.9288,0.9508
label,diag,lab,2021-2023,1,unweighted,SHAP,random_forest,,14,5,6,0.8333,0.6667,0.75,1.0,0.8333,0,,Education,0.9385,0.8242,0.8583,0,1.0,1.0,1.0,0.9,0.8951,0.8401,0.8169
label,diag,total,2021-2023,1,unweighted,SHAP,random_forest,,14,5,5,1.0,0.8,0.8,1.0,1.0,0,,,0.9868,0.9341,0.9522,0,1.0,1.0,1.0,0.9,0.9631,0.9494,0.9577
label,lab,total,2021-2023,1,unweighted,SHAP,random_forest,,14,6,5,0.8333,0.5,0.6,1.0,0.8333,0,Education,,0.9692,0.8901,0.909,0,1.0,1.0,1.0,0.9,0.9221,0.8827,0.8586
label,diag,lab,2021-2023,1,unweighted,SHAP,logistic_regression,,14,5,6,0.8333,0.6,0.8,1.0,0.8333,0,,Education,0.8857,0.6923,0.7044,0,0.8,1.0,0.8571,1.0,0.7644,0.6092,0.3091
label,diag,total,2021-2023,1,unweighted,SHAP,logistic_regression,,14,5,6,0.8333,0.3333,0.5,1.0,0.8333,0,,Education,0.9516,0.8242,0.8176,0,1.0,1.0,1.0,0.9,0.838,0.719,0.4419
label,lab,total,2021-2023,1,unweighted,SHAP,logistic_regression,,14,6,6,1.0,0.6,0.6,1.0,1.0,0,,,0.9341,0.8242,0.8841,0,0.8,1.0,0.8571,0.9,0.9139,0.8811,0.8668
model,xgboost,random_forest,2021-2023,1,unweighted,SHAP,,diag,14,5,5,1.0,0.5,0.5,1.0,1.0,0,,,0.9297,0.8022,0.7722,0,1.0,1.0,1.0,0.9,0.793,0.639,0.3169
model,xgboost,logistic_regression,2021-2023,1,unweighted,SHAP,,diag,14,5,5,1.0,0.1429,0.25,1.0,1.0,0,,,0.8242,0.6264,0.6785,0,1.0,1.0,0.8571,0.8,0.765,0.6153,0.3147
model,random_forest,logistic_regression,2021-2023,1,unweighted,SHAP,,diag,14,5,5,1.0,0.5,0.5,1.0,1.0,0,,,0.833,0.6484,0.6632,0,1.0,1.0,0.8571,0.8,0.7735,0.6232,0.3154
model,xgboost,random_forest,2021-2023,1,unweighted,SHAP,,lab,14,5,6,0.8333,0.5,0.6,1.0,0.8333,0,,HighBP,0.978,0.8901,0.9271,0,0.8,1.0,0.8571,1.0,0.9469,0.9305,0.9509
model,xgboost,logistic_regression,2021-2023,1,unweighted,SHAP,,lab,14,5,6,0.8333,0.1429,0.2857,1.0,0.8333,0,,HighBP,0.8901,0.7582,0.8187,0,1.0,1.0,1.0,0.8,0.8417,0.7348,0.4571
model,random_forest,logistic_regression,2021-2023,1,unweighted,SHAP,,lab,14,6,6,1.0,0.5,0.4,1.0,1.0,0,,,0.8681,0.7363,0.8132,0,0.8,1.0,0.8571,0.8,0.8502,0.7547,0.4915
model,xgboost,random_forest,2021-2023,1,unweighted,SHAP,,total,14,5,5,1.0,0.6,0.6667,1.0,1.0,0,,,0.9736,0.8901,0.911,0,1.0,1.0,1.0,1.0,0.9238,0.8844,0.8587
model,xgboost,logistic_regression,2021-2023,1,unweighted,SHAP,,total,14,5,6,0.8333,0.3333,0.5,1.0,0.8333,0,,Education,0.8857,0.7363,0.7815,0,1.0,1.0,0.8571,0.9,0.8226,0.6941,0.3728
model,random_forest,logistic_regression,2021-2023,1,unweighted,SHAP,,total,14,5,6,0.8333,0.3333,0.5,1.0,0.8333,0,,Education,0.8593,0.6703,0.6906,0,1.0,1.0,0.8571,0.9,0.8006,0.6643,0.3567
label,diag,lab,2021-2023,1,unweighted,PI,xgboost,,14,5,4,0.8,0.1667,0.5,1.0,0.8,0,HighBP,,0.8944,0.766,0.8238,0,1.0,0.8333,0.8571,0.9,0.8621,0.7665,0.4954
label,diag,total,2021-2023,1,unweighted,PI,xgboost,,14,5,5,1.0,0.3333,0.4286,1.0,1.0,0,,,0.8634,0.7556,0.8765,1,1.0,0.8333,0.8571,0.9,0.954,0.959,0.9947
label,lab,total,2021-2023,1,unweighted,PI,xgboost,,14,4,5,0.8,0.4,0.7143,1.0,0.8,0,,HighBP,0.9322,0.8118,0.8436,0,1.0,0.8333,0.8571,1.0,0.8692,0.7712,0.4956
label,diag,lab,2021-2023,1,unweighted,PI,random_forest,,14,5,4,0.8,0.4,0.7143,1.0,0.8,0,HighBP,,0.894,0.7375,0.7522,0,1.0,0.8333,0.8571,1.0,0.7892,0.6441,0.3288
label,diag,total,2021-2023,1,unweighted,PI,random_forest,,14,5,5,1.0,0.6,0.6667,1.0,1.0,0,,,0.9117,0.7599,0.7662,0,1.0,1.0,0.8571,1.0,0.7991,0.655,0.3314
label,lab,total,2021-2023,1,unweighted,PI,random_forest,,14,4,5,0.8,0.5,0.6667,1.0,0.8,0,,HighBP,0.9823,0.9318,0.9637,1,1.0,0.8333,1.0,1.0,0.9794,0.9801,0.9967
label,diag,lab,2021-2023,1,unweighted,PI,logistic_regression,,14,5,5,0.6667,0.5,1.0,0.8,1.0,1,HighBP,Education,0.8733,0.7,0.7592,0,0.8,1.0,1.0,0.8,0.8022,0.6636,0.3526
label,diag,total,2021-2023,1,unweighted,PI,logistic_regression,,14,5,4,0.8,0.5,0.8571,1.0,0.8,0,HighBP,,0.9702,0.8765,0.7949,0,0.8,1.0,1.0,0.9,0.838,0.7009,0.3687
label,lab,total,2021-2023,1,unweighted,PI,logistic_regression,,14,5,4,0.8,0.5,0.8571,1.0,0.8,0,Education,,0.8995,0.7753,0.8687,0,1.0,1.0,1.0,0.8,0.9153,0.88,0.8589
model,xgboost,random_forest,2021-2023,1,unweighted,PI,,diag,14,5,5,1.0,0.4,0.5714,1.0,1.0,0,,,0.8933,0.7735,0.8536,0,1.0,1.0,1.0,0.9,0.9044,0.8603,0.8324
model,xgboost,logistic_regression,2021-2023,1,unweighted,PI,,diag,14,5,5,1.0,0.4,0.5714,1.0,1.0,0,,,0.8711,0.7444,0.7884,0,1.0,1.0,0.8571,0.9,0.8222,0.6937,0.3728
model,random_forest,logistic_regression,2021-2023,1,unweighted,PI,,diag,14,5,5,1.0,0.5,0.7143,1.0,1.0,0,,,0.9483,0.8398,0.8494,0,1.0,1.0,0.8571,1.0,0.8489,0.7375,0.4564
model,xgboost,random_forest,2021-2023,1,unweighted,PI,,lab,14,4,4,1.0,0.75,0.8571,1.0,1.0,0,,,0.8996,0.8209,0.923,1,1.0,1.0,0.8571,0.9,0.964,0.973,0.9979
model,xgboost,logistic_regression,2021-2023,1,unweighted,PI,,lab,14,4,5,0.8,1.0,0.8571,1.0,0.8,0,,Education,0.8966,0.7889,0.85,0,0.8,0.8333,0.8571,0.9,0.8932,0.8497,0.8488
model,random_forest,logistic_regression,2021-2023,1,unweighted,PI,,lab,14,4,5,0.8,0.75,1.0,1.0,0.8,0,,Education,0.8376,0.663,0.8115,0,0.8,0.8333,1.0,0.8,0.8844,0.8482,0.8499
model,xgboost,random_forest,2021-2023,1,unweighted,PI,,total,14,5,5,1.0,0.8,0.8,1.0,1.0,0,,,0.9039,0.7529,0.8222,0,1.0,0.8333,0.7143,0.9,0.854,0.7598,0.4945
model,xgboost,logistic_regression,2021-2023,1,unweighted,PI,,total,14,5,4,0.8,0.4,0.7143,1.0,0.8,0,HighBP,,0.9083,0.7641,0.8105,0,0.8,0.8333,0.7143,0.9,0.8462,0.7464,0.4883
model,random_forest,logistic_regression,2021-2023,1,unweighted,PI,,total,14,5,4,0.8,0.3333,0.5714,1.0,0.8,0,HighBP,,0.9601,0.8864,0.9458,0,0.8,1.0,1.0,0.9,0.9691,0.9712,0.9931
method,SHAP,PI,2021-2023,1,unweighted,,xgboost,diag,14,5,5,1.0,0.1429,0.25,1.0,1.0,0,,,0.8141,0.6851,0.8403,0,1.0,1.0,0.8571,0.8,0.9224,0.9175,0.9553
method,SHAP,PI,2021-2023,1,unweighted,,xgboost,lab,14,5,4,0.8,0.4,0.5,1.0,0.8,0,Education,,0.8289,0.7163,0.8597,0,0.8,0.8333,0.8571,0.8,0.9312,0.9366,0.9883
method,SHAP,PI,2021-2023,1,unweighted,,xgboost,total,14,5,5,1.0,0.6,0.6667,1.0,1.0,0,,,0.8845,0.7293,0.7962,0,1.0,0.8333,0.8571,0.9,0.832,0.7219,0.4537
method,SHAP,PI,2021-2023,1,unweighted,,random_forest,diag,14,5,5,1.0,0.6,0.6667,1.0,1.0,0,,,0.9077,0.7582,0.6498,0,1.0,1.0,0.8571,0.9,0.7194,0.5141,0.1496
method,SHAP,PI,2021-2023,1,unweighted,,random_forest,lab,14,6,4,0.6667,0.2857,0.5,1.0,0.6667,0,"Education,HighBP",,0.894,0.7599,0.8716,0,1.0,0.8333,0.8571,0.9,0.9256,0.9177,0.9535
method,SHAP,PI,2021-2023,1,unweighted,,random_forest,total,14,5,5,1.0,0.5,0.5,1.0,1.0,0,,,0.8852,0.7599,0.8318,0,1.0,1.0,0.8571,0.9,0.877,0.8267,0.8157
method,SHAP,PI,2021-2023,1,unweighted,,logistic_regression,diag,14,5,5,1.0,0.4,0.5714,1.0,1.0,0,,,0.8097,0.6409,0.6212,0,1.0,1.0,0.8571,0.9,0.75,0.5828,0.2738
method,SHAP,PI,2021-2023,1,unweighted,,logistic_regression,lab,14,6,5,0.8333,0.4,0.6667,1.0,0.8333,0,HighBP,,0.8647,0.7072,0.7476,0,1.0,1.0,1.0,0.9,0.7846,0.6342,0.3168
method,SHAP,PI,2021-2023,1,unweighted,,logistic_regression,total,14,6,4,0.6667,0.1667,0.5714,1.0,0.6667,0,"Education,HighBP",,0.8499,0.7152,0.7511,0,0.8,1.0,0.8571,0.9,0.7847,0.6374,0.3251
label,diag,lab,2021-2023,1,weighted,SHAP,xgboost,,14,5,5,0.6667,0.4,0.8333,0.8,1.0,1,HighBP,Education,0.9824,0.9121,0.9356,0,0.8,1.0,1.0,1.0,0.9507,0.9338,0.9516
label,diag,total,2021-2023,1,weighted,SHAP,xgboost,,14,5,5,1.0,0.75,0.8333,1.0,1.0,0,,,0.9824,0.9341,0.9715,1,1.0,1.0,1.0,0.9,0.987,0.9901,0.9994
label,lab,total,2021-2023,1,weighted,SHAP,xgboost,,14,5,5,0.6667,0.6,1.0,0.8,1.0,1,Education,HighBP,0.9736,0.8901,0.9291,0,0.8,1.0,1.0,0.9,0.9528,0.9363,0.9519
label,diag,lab,2021-2023,1,weighted,SHAP,random_forest,,14,5,5,1.0,0.6667,0.6,1.0,1.0,0,,,0.9604,0.8681,0.9266,0,1.0,0.8333,1.0,0.9,0.9551,0.9508,0.981
label,diag,total,2021-2023,1,weighted,SHAP,random_forest,,14,5,5,1.0,1.0,1.0,1.0,1.0,0,,,0.9912,0.956,0.9742,1,1.0,0.8333,1.0,1.0,0.9842,0.9838,0.9969
label,lab,total,2021-2023,1,weighted,SHAP,random_forest,,14,5,5,1.0,0.6667,0.6,1.0,1.0,0,,,0.978,0.9121,0.9526,0,1.0,1.0,1.0,0.9,0.9709,0.9669,0.9841
label,diag,lab,2021-2023,1,weighted,SHAP,logistic_regression,,14,5,5,0.6667,0.3333,0.6667,0.8,1.0,1,HighBP,Education,0.8857,0.6923,0.7253,0,0.8,1.0,0.8571,1.0,0.7677,0.613,0.3095
label,diag,total,2021-2023,1,weighted,SHAP,logistic_regression,,14,5,6,0.8333,0.3333,0.5,1.0,0.8333,0,,Education,0.9385,0.8022,0.8237,0,1.0,1.0,1.0,0.9,0.8354,0.7176,0.4419
label,lab,total,2021-2023,1,weighted,SHAP,logistic_regression,,14,5,6,0.8333,0.3333,0.5,1.0,0.8333,0,,HighBP,0.9165,0.8022,0.8769,0,0.8,1.0,0.8571,0.9,0.9117,0.88,0.8668
model,xgboost,random_forest,2021-2023,1,weighted,SHAP,,diag,14,5,5,1.0,0.6,0.6667,1.0,1.0,0,,,0.9516,0.8242,0.8461,0,1.0,0.8333,1.0,0.9,0.8551,0.7508,0.481
model,xgboost,logistic_regression,2021-2023,1,weighted,SHAP,,diag,14,5,5,1.0,0.1667,0.375,1.0,1.0,0,,,0.7978,0.6044,0.6854,0,1.0,1.0,0.8571,0.8,0.7623,0.6138,0.3147
model,random_forest,logistic_regression,2021-2023,1,weighted,SHAP,,diag,14,5,5,1.0,0.5,0.5,1.0,1.0,0,,,0.7758,0.5604,0.5824,0,1.0,0.8333,0.8571,0.8,0.7551,0.6056,0.3123
model,xgboost,random_forest,2021-2023,1,weighted,SHAP,,lab,14,5,5,0.6667,0.5,0.8,0.8,1.0,1,Education,HighBP,0.9692,0.8681,0.8546,0,0.8,1.0,1.0,1.0,0.8459,0.73,0.4513
model,xgboost,logistic_regression,2021-2023,1,weighted,SHAP,,lab,14,5,5,1.0,0.3333,0.4286,1.0,1.0,0,,,0.8418,0.7363,0.868,0,1.0,1.0,0.8571,0.8,0.9342,0.9273,0.956
model,random_forest,logistic_regression,2021-2023,1,weighted,SHAP,,lab,14,5,5,0.6667,0.2857,0.5,0.8,1.0,1,HighBP,Education,0.811,0.6484,0.7747,0,0.8,1.0,0.8571,0.8,0.8421,0.7484,0.491
model,xgboost,random_forest,2021-2023,1,weighted,SHAP,,total,14,5,5,1.0,0.5,0.5,1.0,1.0,0,,,0.9516,0.8462,0.862,0,1.0,1.0,1.0,0.9,0.8618,0.7597,0.4835
model,xgboost,logistic_regression,2021-2023,1,weighted,SHAP,,total,14,5,6,0.8333,0.3333,0.5,1.0,0.8333,0,,Education,0.9121,0.7802,0.8695,0,1.0,1.0,0.8571,0.9,0.9226,0.8941,0.8728
model,random_forest,logistic_regression,2021-2023,1,weighted,SHAP,,total,14,5,6,0.8333,0.2857,0.3333,1.0,0.8333,0,,Education,0.8505,0.6703,0.7366,0,1.0,1.0,0.8571,0.8,0.7967,0.6616,0.3566
label,diag,lab,2021-2023,1,weighted,PI,xgboost,,14,4,4,1.0,0.5,0.5714,1.0,1.0,0,,,0.772,0.6603,0.8148,0,0.8,0.6667,0.7143,0.9,0.9268,0.928,0.9852
label,diag,total,2021-2023,1,weighted,PI,xgboost,,14,4,4,1.0,0.6,0.7143,1.0,1.0,0,,,0.8862,0.7866,0.8993,1,1.0,0.8333,0.8571,0.8,0.9609,0.9653,0.9953
label,lab,total,2021-2023,1,weighted,PI,xgboost,,14,4,4,1.0,0.4,0.625,1.0,1.0,0,,,0.7649,0.6771,0.8307,0,0.8,0.8333,0.8571,0.8,0.9264,0.9328,0.9881
label,diag,lab,2021-2023,1,weighted,PI,random_forest,,14,5,6,0.5714,0.25,0.7143,0.8,0.8333,1,HighBP,"Education,Sex",0.7789,0.6359,0.6304,0,0.8,0.8333,0.8571,0.9,0.754,0.5982,0.3067
label,diag,total,2021-2023,1,weighted,PI,random_forest,,14,5,4,0.8,0.5,0.6667,1.0,0.8,0,HighBP,,0.913,0.7978,0.7796,0,0.8,1.0,1.0,0.9,0.7973,0.6492,0.3267
label,lab,total,2021-2023,1,weighted,PI,random_forest,,14,6,4,0.6667,0.2,0.7143,1.0,0.6667,0,"Education,Sex",,0.8674,0.7714,0.8382,0,0.8,0.8333,0.8571,0.9,0.8884,0.846,0.8486
label,diag,lab,2021-2023,1,weighted,PI,logistic_regression,,14,4,5,0.8,0.25,0.75,1.0,0.8,0,,Education,0.9437,0.854,0.9015,0,0.8,1.0,1.0,0.9,0.9301,0.8953,0.8684
label,diag,total,2021-2023,1,weighted,PI,logistic_regression,,14,4,4,1.0,0.6667,0.875,1.0,1.0,0,,,0.9692,0.8889,0.9156,0,0.8,1.0,1.0,0.9,0.9301,0.8953,0.8684
label,lab,total,2021-2023,1,weighted,PI,logistic_regression,,14,5,4,0.8,0.5,0.8571,1.0,0.8,0,Education,,0.9658,0.9214,0.9685,1,1.0,1.0,1.0,0.9,0.9882,0.9916,0.9996
model,xgboost,random_forest,2021-2023,1,weighted,PI,,diag,14,4,5,0.8,0.5,0.6667,1.0,0.8,0,,HighBP,0.9113,0.7955,0.7806,0,1.0,1.0,0.8571,0.9,0.8,0.6548,0.3313
model,xgboost,logistic_regression,2021-2023,1,weighted,PI,,diag,14,4,4,1.0,0.4,0.625,1.0,1.0,0,,,0.8287,0.7079,0.8417,0,1.0,1.0,0.8571,0.8,0.9199,0.8928,0.8729
model,random_forest,logistic_regression,2021-2023,1,weighted,PI,,diag,14,5,4,0.8,0.2,0.625,1.0,0.8,0,HighBP,,0.895,0.7529,0.7426,0,1.0,1.0,0.8571,0.9,0.806,0.66,0.3318
model,xgboost,random_forest,2021-2023,1,weighted,PI,,lab,14,4,6,0.6667,0.25,0.8571,1.0,0.6667,0,,"Education,Sex",0.9274,0.8289,0.882,0,1.0,0.8333,1.0,0.9,0.9065,0.8684,0.8559
model,xgboost,logistic_regression,2021-2023,1,weighted,PI,,lab,14,4,5,0.8,0.4,0.7143,1.0,0.8,0,,Education,0.8157,0.7092,0.8589,0,0.8,0.6667,0.8571,0.8,0.9305,0.9328,0.9862
model,random_forest,logistic_regression,2021-2023,1,weighted,PI,,lab,14,6,5,0.8333,0.3333,0.8571,1.0,0.8333,0,Sex,,0.8111,0.6848,0.8102,0,0.8,0.8333,0.8571,0.8,0.8798,0.8396,0.8482
model,xgboost,random_forest,2021-2023,1,weighted,PI,,total,14,4,4,1.0,0.6,0.7143,1.0,1.0,0,,,0.9589,0.8575,0.9253,0,0.8,0.8333,1.0,1.0,0.9605,0.9603,0.9904
model,xgboost,logistic_regression,2021-2023,1,weighted,PI,,total,14,4,4,1.0,0.5,0.75,1.0,1.0,0,,,0.9218,0.8111,0.9045,0,0.8,0.8333,0.8571,0.9,0.949,0.9502,0.9892
model,random_forest,logistic_regression,2021-2023,1,weighted,PI,,total,14,4,4,1.0,0.6,0.7143,1.0,1.0,0,,,0.9656,0.9032,0.9579,1,1.0,1.0,0.8571,0.9,0.9838,0.9861,0.9986
method,SHAP,PI,2021-2023,1,weighted,,xgboost,diag,14,5,4,0.8,0.1429,0.375,1.0,0.8,0,HighBP,,0.7484,0.5587,0.7237,0,1.0,1.0,0.8571,0.7,0.8185,0.7148,0.4552
method,SHAP,PI,2021-2023,1,weighted,,xgboost,lab,14,5,4,0.8,0.1429,0.375,1.0,0.8,0,Education,,0.7091,0.5772,0.7288,0,0.8,0.6667,0.7143,0.7,0.8051,0.7117,0.4843
method,SHAP,PI,2021-2023,1,weighted,,xgboost,total,14,5,4,0.8,0.1667,0.5,1.0,0.8,0,HighBP,,0.8757,0.7514,0.8056,0,1.0,0.8333,0.8571,0.9,0.8304,0.7202,0.4535
method,SHAP,PI,2021-2023,1,weighted,,random_forest,diag,14,5,5,1.0,0.2857,0.2857,1.0,1.0,0,,,0.819,0.6705,0.736,0,1.0,0.8333,0.8571,0.8,0.7881,0.6535,0.3545
method,SHAP,PI,2021-2023,1,weighted,,random_forest,lab,14,5,6,0.5714,0.0,0.375,0.8,0.8333,1,HighBP,"Education,Sex",0.668,0.5291,0.695,0,0.8,0.8333,0.7143,0.8,0.8258,0.7738,0.8042
method,SHAP,PI,2021-2023,1,weighted,,random_forest,total,14,5,4,0.8,0.4286,0.5,1.0,0.8,0,HighBP,,0.8756,0.7391,0.8438,0,0.8,1.0,0.8571,0.9,0.9007,0.8828,0.9338
method,SHAP,PI,2021-2023,1,weighted,,logistic_regression,diag,14,5,4,0.8,0.2,0.625,1.0,0.8,0,HighBP,,0.8097,0.6188,0.5634,0,1.0,1.0,0.8571,0.9,0.7308,0.544,0.1902
method,SHAP,PI,2021-2023,1,weighted,,logistic_regression,lab,14,5,5,1.0,0.4,0.5714,1.0,1.0,0,,,0.8367,0.6928,0.7965,0,1.0,1.0,1.0,0.8,0.836,0.7314,0.4571
method,SHAP,PI,2021-2023,1,weighted,,logistic_regression,total,14,6,4,0.6667,0.1667,0.5714,1.0,0.6667,0,"Education,HighBP",,0.8383,0.7072,0.7477,0,0.8,1.0,0.8571,0.9,0.7847,0.6374,0.3251
label,diag,lab,2021-2023,2,unweighted,SHAP,xgboost,,14,5,4,0.8,0.75,1.0,1.0,0.8,0,HighBP,,0.978,0.9121,0.8878,0,0.8,0.8333,1.0,0.9,0.8732,0.77,0.491
label,diag,total,2021-2023,2,unweighted,SHAP,xgboost,,14,5,5,1.0,1.0,1.0,1.0,1.0,0,,,0.9912,0.956,0.92,0,1.0,1.0,1.0,0.9,0.8961,0.7973,0.4999
label,lab,total,2021-2023,2,unweighted,SHAP,xgboost,,14,4,5,0.8,0.75,1.0,1.0,0.8,0,,HighBP,0.9868,0.956,0.9678,0,0.8,0.8333,1.0,1.0,0.977,0.9727,0.9911
label,diag,lab,2021-2023,2,unweighted,SHAP,random_forest,,14,5,6,0.8333,0.5,0.6,1.0,0.8333,0,,Education,0.9473,0.8462,0.8525,0,1.0,1.0,1.0,0.9,0.8719,0.8016,0.7757
label,diag,total,2021-2023,2,unweighted,SHAP,random_forest,,14,5,5,1.0,0.6,0.6667,1.0,1.0,0,,,0.9736,0.9121,0.8999,0,1.0,1.0,1.0,0.9,0.9059,0.849,0.8176
label,lab,total,2021-2023,2,unweighted,SHAP,random_forest,,14,6,5,0.8333,0.4,0.6667,1.0,0.8333,0,Education,,0.9868,0.9341,0.9554,0,1.0,1.0,1.0,1.0,0.966,0.9525,0.9581
label,diag,lab,2021-2023,2,unweighted,SHAP,logistic_regression,,14,7,6,0.8571,0.25,0.6667,1.0,0.8571,0,HighBP,,0.9033,0.7363,0.794,0,0.8,0.8333,1.0,0.9,0.8264,0.7143,0.4488
label,diag,total,2021-2023,2,unweighted,SHAP,logistic_regression,,14,7,7,1.0,0.6667,0.8,1.0,1.0,0,,,0.9648,0.8681,0.8854,0,0.8,1.0,1.0,1.0,0.9019,0.8509,0.8264
label,lab,total,2021-2023,2,unweighted,SHAP,logistic_regression,,14,6,7,0.8571,0.0,0.5714,1.0,0.8571,0,,HighBP,0.8681,0.6923,0.7613,0,0.8,0.8333,1.0,0.9,0.8037,0.6732,0.3652
model,xgboost,random_forest,2021-2023,2,unweighted,SHAP,,diag,14,5,5,1.0,0.6,0.6667,1.0,1.0,0,,,0.9165,0.7582,0.7032,0,1.0,1.0,0.8571,0.9,0.766,0.5959,0.2748
model,xgboost,logistic_regression,2021-2023,2,unweighted,SHAP,,diag,14,5,7,0.7143,0.2,0.6667,1.0,0.7143,0,,"Education,Sex",0.8637,0.6923,0.8152,0,1.0,0.8333,1.0,0.8,0.8859,0.843,0.8295
model,random_forest,logistic_regression,2021-2023,2,unweighted,SHAP,,diag,14,5,7,0.7143,0.1429,0.3333,1.0,0.7143,0,,"Education,Sex",0.767,0.5385,0.5143,0,1.0,0.8333,0.8571,0.8,0.6891,0.4881,0.1461
model,xgboost,random_forest,2021-2023,2,unweighted,SHAP,,lab,14,4,6,0.6667,0.3333,0.6667,1.0,0.6667,0,,"Education,HighBP",0.9648,0.8681,0.8973,0,0.8,0.8333,0.8571,1.0,0.9165,0.8795,0.8648
model,xgboost,logistic_regression,2021-2023,2,unweighted,SHAP,,lab,14,4,6,0.6667,0.2,0.7143,1.0,0.6667,0,,"Education,Sex",0.8593,0.6923,0.729,0,1.0,1.0,1.0,0.9,0.8218,0.6968,0.3738
model,random_forest,logistic_regression,2021-2023,2,unweighted,SHAP,,lab,14,6,6,0.7143,0.2,0.6667,0.8333,1.0,1,HighBP,Sex,0.8374,0.6923,0.7566,0,0.8,0.8333,0.8571,0.9,0.7961,0.6657,0.3641
model,xgboost,random_forest,2021-2023,2,unweighted,SHAP,,total,14,5,5,1.0,1.0,1.0,1.0,1.0,0,,,0.9736,0.8901,0.9031,0,1.0,1.0,0.8571,1.0,0.9151,0.8668,0.8322
model,xgboost,logistic_regression,2021-2023,2,unweighted,SHAP,,total,14,5,7,0.7143,0.25,0.8333,1.0,0.7143,0,,"Education,Sex",0.8857,0.7363,0.8197,0,0.8,0.8333,1.0,0.9,0.8573,0.7599,0.4907
model,random_forest,logistic_regression,2021-2023,2,unweighted,SHAP,,total,14,5,7,0.7143,0.25,0.8333,1.0,0.7143,0,,"Education,Sex",0.8374,0.6703,0.7205,0,0.8,0.8333,0.8571,0.9,0.7808,0.6317,0.323
label,diag,lab,2021-2023,2,unweighted,PI,xgboost,,14,5,4,0.8,0.3333,0.5714,1.0,0.8,0,HighBP,,0.7563,0.6514,0.8072,0,0.8,0.6667,0.8571,0.8,0.9079,0.9038,0.9703
label,diag,total,2021-2023,2,unweighted,PI,xgboost,,14,5,5,1.0,0.3333,0.4286,1.0,1.0,0,,,0.8359,0.7273,0.8567,0,1.0,0.8333,0.8571,0.9,0.9332,0.932,0.9791
label,lab,total,2021-2023,2,unweighted,PI,xgboost,,14,4,5,0.8,0.0,0.2222,1.0,0.8,0,,HighBP,0.6389,0.533,0.7617,0,0.8,0.6667,0.7143,0.7,0.8991,0.9065,0.9838
label,diag,lab,2021-2023,2,unweighted,PI,random_forest,,14,5,4,0.8,0.5,0.8571,1.0,0.8,0,HighBP,,0.8404,0.7273,0.7604,0,1.0,0.8333,0.8571,0.9,0.8015,0.6624,0.3548
label,diag,total,2021-2023,2,unweighted,PI,random_forest,,14,5,5,1.0,0.6667,0.8571,1.0,1.0,0,,,0.8587,0.6705,0.7419,0,1.0,0.8333,0.8571,0.9,0.791,0.6565,0.3547
label,lab,total,2021-2023,2,unweighted,PI,random_forest,,14,4,5,0.8,0.4,0.7143,1.0,0.8,0,,HighBP,0.8587,0.7152,0.8614,1,1.0,0.8333,0.7143,0.8,0.9459,0.9539,0.9942
label,diag,lab,2021-2023,2,unweighted,PI,logistic_regression,,14,5,4,0.5,0.0,0.75,0.75,0.8,1,"HighBP,HighChol",Education,0.8404,0.7273,0.8406,0,0.8,1.0,0.8571,0.9,0.9163,0.8943,0.9345
label,diag,total,2021-2023,2,unweighted,PI,logistic_regression,,14,5,5,1.0,0.25,0.625,1.0,1.0,0,,,0.872,0.7375,0.8343,0,1.0,1.0,0.8571,0.9,0.8872,0.8466,0.8311
label,lab,total,2021-2023,2,unweighted,PI,logistic_regression,,14,4,5,0.5,0.0,0.875,0.75,0.8,1,Education,"HighBP,HighChol",0.7881,0.6034,0.7857,0,0.8,1.0,0.8571,0.8,0.8759,0.8427,0.8507
model,xgboost,random_forest,2021-2023,2,unweighted,PI,,diag,14,5,5,1.0,0.5,0.7143,1.0,1.0,0,,,0.9113,0.75,0.7371,0,1.0,0.8333,0.8571,0.9,0.8198,0.6892,0.3706
model,xgboost,logistic_regression,2021-2023,2,unweighted,PI,,diag,14,5,5,1.0,0.1667,0.375,1.0,1.0,0,,,0.7029,0.5341,0.6437,0,1.0,0.8333,0.7143,0.8,0.7465,0.5972,0.3112
model,random_forest,logistic_regression,2021-2023,2,unweighted,PI,,diag,14,5,5,1.0,0.0,0.4444,1.0,1.0,0,,,0.6364,0.4432,0.6503,0,1.0,0.8333,0.7143,0.7,0.7797,0.6701,0.436
model,xgboost,random_forest,2021-2023,2,unweighted,PI,,lab,14,4,4,1.0,1.0,1.0,1.0,1.0,0,,,0.9279,0.8173,0.846,0,0.8,0.8333,0.8571,0.8,0.8432,0.7483,0.4895
model,xgboost,logistic_regression,2021-2023,2,unweighted,PI,,lab,14,4,4,0.6,0.2,0.75,0.75,1.0,1,HighChol,Education,0.9324,0.7936,0.7898,0,1.0,0.8333,0.8571,0.9,0.8063,0.6661,0.355
model,random_forest,logistic_regression,2021-2023,2,unweighted,PI,,lab,14,4,4,0.6,0.2,0.75,0.75,1.0,1,HighChol,Education,0.8581,0.7159,0.8306,0,0.8,1.0,0.8571,0.8,0.8838,0.8484,0.851
model,xgboost,random_forest,2021-2023,2,unweighted,PI,,total,14,5,5,1.0,0.1667,0.375,1.0,1.0,0,,,0.8499,0.7375,0.8093,0,1.0,0.8333,0.7143,0.9,0.8356,0.7438,0.4931
model,xgboost,logistic_regression,2021-2023,2,unweighted,PI,,total,14,5,5,1.0,0.2,0.5,1.0,1.0,0,,,0.6821,0.5364,0.724,0,1.0,0.8333,0.7143,0.7,0.8309,0.7436,0.4938
model,random_forest,logistic_regression,2021-2023,2,unweighted,PI,,total,14,5,5,1.0,0.0,0.4444,1.0,1.0,0,,,0.5868,0.4945,0.765,1,1.0,0.8333,0.7143,0.6,0.9055,0.9229,0.9923
method,SHAP,PI,2021-2023,2,unweighted,,xgboost,diag,14,5,5,1.0,0.1667,0.375,1.0,1.0,0,,,0.6998,0.5364,0.7631,0,1.0,0.8333,0.7143,0.8,0.9078,0.9109,0.9771
method,SHAP,PI,2021-2023,2,unweighted,,xgboost,lab,14,4,4,1.0,0.6,0.7143,1.0,1.0,0,,,0.8609,0.7338,0.8133,0,1.0,0.8333,0.8571,0.8,0.8503,0.7582,0.4951
method,SHAP,PI,2021-2023,2,unweighted,,xgboost,total,14,5,5,1.0,0.1667,0.375,1.0,1.0,0,,,0.766,0.6034,0.7441,0,1.0,0.8333,0.7143,0.8,0.8399,0.7474,0.4935
method,SHAP,PI,2021-2023,2,unweighted,,random_forest,diag,14,5,5,1.0,0.1667,0.375,1.0,1.0,0,,,0.6115,0.447,0.5651,0,1.0,0.8333,0.7143,0.7,0.7029,0.5437,0.2691
method,SHAP,PI,2021-2023,2,unweighted,,random_forest,lab,14,6,4,0.6667,0.3333,0.6667,1.0,0.6667,0,"Education,HighBP",,0.8367,0.7152,0.8511,0,1.0,1.0,0.8571,0.8,0.9152,0.8903,0.8728
method,SHAP,PI,2021-2023,2,unweighted,,random_forest,total,14,5,5,1.0,0.2,0.5,1.0,1.0,0,,,0.7758,0.6044,0.7513,0,1.0,0.8333,0.7143,0.8,0.8705,0.8262,0.8268
method,SHAP,PI,2021-2023,2,unweighted,,logistic_regression,diag,14,7,5,0.7143,0.2,0.4286,1.0,0.7143,0,"Education,Sex",,0.8146,0.6705,0.6386,0,1.0,0.8333,0.8571,0.9,0.7901,0.6439,0.3287
method,SHAP,PI,2021-2023,2,unweighted,,logistic_regression,lab,14,6,4,0.6667,0.3333,0.75,1.0,0.6667,0,"HighChol,Sex",,0.8322,0.6705,0.7424,0,1.0,0.8333,0.8571,0.8,0.7897,0.6553,0.3546
method,SHAP,PI,2021-2023,2,unweighted,,logistic_regression,total,14,7,5,0.7143,0.3333,0.7143,1.0,0.7143,0,"Education,Sex",,0.7407,0.6484,0.7676,0,0.8,0.8333,0.8571,0.8,0.835,0.7407,0.4888
label,diag,lab,2021-2023,2,weighted,SHAP,xgboost,,14,5,4,0.8,0.75,1.0,1.0,0.8,0,HighBP,,0.978,0.9121,0.9541,0,0.8,1.0,1.0,0.9,0.9782,0.9772,0.9934
label,diag,total,2021-2023,2,weighted,SHAP,xgboost,,14,5,5,1.0,1.0,1.0,1.0,1.0,0,,,0.9824,0.9341,0.9714,1,1.0,1.0,1.0,0.9,0.9913,0.9936,0.9997
label,lab,total,2021-2023,2,weighted,SHAP,xgboost,,14,4,5,0.8,0.75,1.0,1.0,0.8,0,,HighBP,0.9956,0.978,0.9827,0,0.8,1.0,1.0,1.0,0.9869,0.9836,0.9938
label,diag,lab,2021-2023,2,weighted,SHAP,random_forest,,14,5,5,1.0,1.0,1.0,1.0,1.0,0,,,0.9736,0.8901,0.8623,0,1.0,1.0,1.0,1.0,0.8478,0.7269,0.4425
label,diag,total,2021-2023,2,weighted,SHAP,random_forest,,14,5,5,1.0,0.6,0.6667,1.0,1.0,0,,,0.9824,0.9341,0.8793,0,1.0,1.0,1.0,1.0,0.8548,0.7317,0.4427
label,lab,total,2021-2023,2,weighted,SHAP,random_forest,,14,5,5,1.0,0.6,0.6667,1.0,1.0,0,,,0.9912,0.956,0.983,1,1.0,1.0,1.0,1.0,0.993,0.9952,0.9998
label,diag,lab,2021-2023,2,weighted,SHAP,logistic_regression,,14,7,6,0.8571,0.25,0.6667,1.0,0.8571,0,HighBP,,0.9033,0.7363,0.794,0,0.8,0.8333,1.0,0.9,0.8264,0.7143,0.4488
label,diag,total,2021-2023,2,weighted,SHAP,logistic_regression,,14,7,7,1.0,0.6667,0.8,1.0,1.0,0,,,0.956,0.8462,0.8705,0,0.8,0.8333,1.0,1.0,0.8921,0.84,0.8238
label,lab,total,2021-2023,2,weighted,SHAP,logistic_regression,,14,6,7,0.8571,0.0,0.5714,1.0,0.8571,0,,HighBP,0.8769,0.7143,0.7761,0,0.8,1.0,1.0,0.9,0.8135,0.6841,0.3678
model,xgboost,random_forest,2021-2023,2,weighted,SHAP,,diag,14,5,5,1.0,0.6,0.6667,1.0,1.0,0,,,0.9473,0.8242,0.8937,0,1.0,1.0,0.8571,0.9,0.9332,0.9148,0.9412
model,xgboost,logistic_regression,2021-2023,2,weighted,SHAP,,diag,14,5,7,0.7143,0.2,0.6667,1.0,0.7143,0,,"Education,Sex",0.8857,0.7363,0.8327,0,1.0,0.8333,1.0,0.9,0.8898,0.8457,0.8296
model,random_forest,logistic_regression,2021-2023,2,weighted,SHAP,,diag,14,5,7,0.7143,0.3333,0.6,1.0,0.7143,0,,"Education,Sex",0.8198,0.6484,0.7536,0,1.0,0.8333,0.8571,0.9,0.865,0.8135,0.8129
model,xgboost,random_forest,2021-2023,2,weighted,SHAP,,lab,14,4,5,0.8,0.5,0.6667,1.0,0.8,0,,HighBP,0.978,0.8901,0.8808,0,0.8,1.0,0.8571,1.0,0.8713,0.7704,0.4924
model,xgboost,logistic_regression,2021-2023,2,weighted,SHAP,,lab,14,4,6,0.6667,0.2,0.7143,1.0,0.6667,0,,"Education,Sex",0.8593,0.6923,0.7695,0,1.0,0.8333,1.0,0.9,0.812,0.6859,0.3712
model,random_forest,logistic_regression,2021-2023,2,weighted,SHAP,,lab,14,5,6,0.5714,0.1667,0.6667,0.8,0.8333,1,HighBP,"Education,Sex",0.833,0.6703,0.7014,0,0.8,0.8333,0.8571,0.9,0.7961,0.6657,0.3641
model,xgboost,random_forest,2021-2023,2,weighted,SHAP,,total,14,5,5,1.0,1.0,1.0,1.0,1.0,0,,,0.9824,0.9121,0.9011,0,1.0,1.0,0.8571,1.0,0.8871,0.7895,0.4988
model,xgboost,logistic_regression,2021-2023,2,weighted,SHAP,,total,14,5,7,0.7143,0.25,0.8333,1.0,0.7143,0,,"Education,Sex",0.8857,0.7363,0.8747,0,0.8,0.8333,1.0,0.9,0.9573,0.9599,0.9907
model,random_forest,logistic_regression,2021-2023,2,weighted,SHAP,,total,14,5,7,0.7143,0.25,0.8333,1.0,0.7143,0,,"Education,Sex",0.8549,0.6923,0.7912,0,0.8,0.8333,0.8571,0.9,0.8528,0.7543,0.4896
label,diag,lab,2021-2023,2,weighted,PI,xgboost,,14,5,4,0.8,0.5,0.8571,1.0,0.8,0,HighBP,,0.9034,0.7778,0.8531,0,1.0,0.8333,0.8571,0.9,0.9169,0.8983,0.9381
label,diag,total,2021-2023,2,weighted,PI,xgboost,,14,5,5,1.0,0.25,0.625,1.0,1.0,0,,,0.8726,0.7902,0.8895,0,1.0,1.0,0.8571,0.8,0.9332,0.9264,0.956
label,lab,total,2021-2023,2,weighted,PI,xgboost,,14,4,5,0.8,0.1667,0.5,1.0,0.8,0,,HighBP,0.7463,0.6245,0.8002,0,1.0,0.8333,0.7143,0.8,0.8915,0.8772,0.9362
label,diag,lab,2021-2023,2,weighted,PI,random_forest,,14,5,4,0.8,0.2,0.625,1.0,0.8,0,GenHlth,,0.815,0.6514,0.7183,0,0.8,1.0,0.8571,0.9,0.7681,0.625,0.3243
label,diag,total,2021-2023,2,weighted,PI,random_forest,,14,5,5,1.0,0.6667,0.8571,1.0,1.0,0,,,0.8621,0.7531,0.76,0,1.0,0.8333,0.8571,0.9,0.788,0.6428,0.3287
label,lab,total,2021-2023,2,weighted,PI,random_forest,,14,4,5,0.8,0.1667,0.5,1.0,0.8,0,,GenHlth,0.8015,0.6751,0.8348,0,0.8,0.8333,0.7143,0.8,0.9246,0.93,0.9872
label,diag,lab,2021-2023,2,weighted,PI,logistic_regression,,14,5,4,0.8,0.0,0.6667,1.0,0.8,0,HighBP,,0.783,0.6594,0.7781,0,1.0,0.8333,0.8571,0.9,0.8777,0.8217,0.8132
label,diag,total,2021-2023,2,weighted,PI,logistic_regression,,14,5,5,1.0,0.6667,0.8571,1.0,1.0,0,,,0.9,0.7738,0.859,0,1.0,0.8333,1.0,0.8,0.8899,0.8576,0.8555
label,lab,total,2021-2023,2,weighted,PI,logistic_regression,,14,4,5,0.8,0.0,0.5556,1.0,0.8,0,,HighBP,0.7086,0.5717,0.7876,0,1.0,0.8333,0.8571,0.7,0.9039,0.9014,0.9526
model,xgboost,random_forest,2021-2023,2,weighted,PI,,diag,14,5,5,1.0,0.3333,0.75,1.0,1.0,0,,,0.8207,0.716,0.8421,0,1.0,0.8333,0.8571,0.8,0.8946,0.8705,0.8695
model,xgboost,logistic_regression,2021-2023,2,weighted,PI,,diag,14,5,5,1.0,0.3333,0.75,1.0,1.0,0,,,0.8422,0.7392,0.7587,0,1.0,0.8333,0.8571,0.8,0.7783,0.6355,0.3284
model,random_forest,logistic_regression,2021-2023,2,weighted,PI,,diag,14,5,5,1.0,0.3333,0.75,1.0,1.0,0,,,0.8025,0.6628,0.6796,0,1.0,0.8333,0.8571,0.8,0.7252,0.5492,0.2029
model,xgboost,random_forest,2021-2023,2,weighted,PI,,lab,14,4,4,0.6,0.3333,0.7143,0.75,1.0,1,GenHlth,HighBP,0.9189,0.7936,0.8046,0,0.8,0.8333,1.0,0.9,0.8034,0.6849,0.4329
model,xgboost,logistic_regression,2021-2023,2,weighted,PI,,lab,14,4,4,1.0,0.2,0.5556,1.0,1.0,0,,,0.8637,0.7472,0.817,0,1.0,0.8333,0.7143,0.8,0.8533,0.7578,0.4942
model,random_forest,logistic_regression,2021-2023,2,weighted,PI,,lab,14,4,4,0.6,0.2,0.75,0.75,1.0,1,HighBP,GenHlth,0.7299,0.6012,0.7759,0,0.8,0.8333,0.7143,0.8,0.8764,0.8616,0.9303
model,xgboost,random_forest,2021-2023,2,weighted,PI,,total,14,5,5,1.0,0.5,0.7143,1.0,1.0,0,,,0.8797,0.7902,0.8413,0,1.0,0.8333,0.8571,0.8,0.8455,0.7557,0.495
model,xgboost,logistic_regression,2021-2023,2,weighted,PI,,total,14,5,5,1.0,0.2,0.5,1.0,1.0,0,,,0.8176,0.6771,0.7837,0,1.0,1.0,0.8571,0.8,0.829,0.7335,0.4813
model,random_forest,logistic_regression,2021-2023,2,weighted,PI,,total,14,5,5,1.0,0.2,0.5,1.0,1.0,0,,,0.7898,0.6559,0.8327,0,1.0,0.8333,0.8571,0.9,0.9252,0.9275,0.979
method,SHAP,PI,2021-2023,2,weighted,,xgboost,diag,14,5,5,1.0,0.0,0.4444,1.0,1.0,0,,,0.7395,0.5474,0.7367,0,1.0,0.8333,0.7143,0.8,0.8855,0.8719,0.9357
method,SHAP,PI,2021-2023,2,weighted,,xgboost,lab,14,4,4,1.0,0.3333,0.5,1.0,1.0,0,,,0.8204,0.7105,0.855,0,0.8,0.8333,0.8571,0.8,0.9312,0.9366,0.9883
method,SHAP,PI,2021-2023,2,weighted,,xgboost,total,14,5,5,1.0,0.0,0.3333,1.0,1.0,0,,,0.7069,0.5531,0.7602,0,1.0,0.8333,0.7143,0.7,0.8817,0.8693,0.9356
method,SHAP,PI,2021-2023,2,weighted,,random_forest,diag,14,5,5,1.0,0.1667,0.375,1.0,1.0,0,,,0.6631,0.5241,0.7382,0,1.0,0.8333,0.7143,0.7,0.8513,0.8139,0.8264
method,SHAP,PI,2021-2023,2,weighted,,random_forest,lab,14,5,4,0.8,0.5,0.6667,1.0,0.8,0,GenHlth,,0.7793,0.6258,0.793,0,0.8,0.8333,0.7143,0.8,0.8844,0.8673,0.9306
method,SHAP,PI,2021-2023,2,weighted,,random_forest,total,14,5,5,1.0,0.2,0.5,1.0,1.0,0,,,0.6586,0.5008,0.7364,0,1.0,0.8333,0.7143,0.6,0.871,0.8636,0.9357
method,SHAP,PI,2021-2023,2,weighted,,logistic_regression,diag,14,7,5,0.7143,0.25,0.375,1.0,0.7143,0,"Education,Sex",,0.7572,0.5772,0.5859,0,1.0,0.8333,0.7143,0.9,0.7133,0.5255,0.1865
method,SHAP,PI,2021-2023,2,weighted,,logistic_regression,lab,14,6,4,0.6667,0.3333,0.75,1.0,0.6667,0,"Education,Sex",,0.7489,0.5799,0.6559,0,0.8,0.8333,0.8571,0.8,0.79,0.6607,0.3638
method,SHAP,PI,2021-2023,2,weighted,,logistic_regression,total,14,7,5,0.7143,0.6667,0.5714,1.0,0.7143,0,"Education,Sex",,0.5809,0.442,0.6404,0,0.8,0.6667,0.7143,0.7,0.7781,0.6703,0.4428
label,diag,lab,2021-2023,3,unweighted,SHAP,xgboost,,14,5,5,0.6667,0.6,1.0,0.8,1.0,1,HighBP,Education,0.9692,0.8901,0.9109,0,0.8,1.0,0.8571,0.9,0.9302,0.9052,0.9352
label,diag,total,2021-2023,3,unweighted,SHAP,xgboost,,14,5,5,1.0,1.0,1.0,1.0,1.0,0,,,0.9956,0.978,0.9787,0,1.0,1.0,1.0,1.0,0.9818,0.9744,0.9844
label,lab,total,2021-2023,3,unweighted,SHAP,xgboost,,14,5,5,0.6667,0.6,1.0,0.8,1.0,1,Education,HighBP,0.9824,0.9121,0.9333,0,0.8,1.0,0.8571,0.9,0.9484,0.9308,0.9509
label,diag,lab,2021-2023,3,unweighted,SHAP,random_forest,,14,5,6,0.8333,0.6667,0.75,1.0,0.8333,0,,Education,0.9253,0.7802,0.8002,0,1.0,1.0,1.0,0.9,0.866,0.7964,0.7752
label,diag,total,2021-2023,3,unweighted,SHAP,random_forest,,14,5,5,1.0,0.8,0.8,1.0,1.0,0,,,0.9912,0.956,0.9634,0,1.0,1.0,1.0,0.9,0.9691,0.9546,0.9582
label,lab,total,2021-2023,3,unweighted,SHAP,random_forest,,14,6,5,0.8333,0.5,0.6,1.0,0.8333,0,Education,,0.9473,0.8242,0.8338,0,1.0,1.0,1.0,1.0,0.8968,0.8417,0.817
label,diag,lab,2021-2023,3,unweighted,SHAP,logistic_regression,,14,5,5,0.6667,0.2,0.7143,0.8,1.0,1,HighBP,Education,0.9516,0.8462,0.8759,0,0.8,0.8333,1.0,1.0,0.8971,0.8456,0.8244
label,diag,total,2021-2023,3,unweighted,SHAP,logistic_regression,,14,5,6,0.8333,0.5,0.8333,1.0,0.8333,0,,Education,0.9824,0.9341,0.9393,0,1.0,1.0,1.0,1.0,0.9442,0.911,0.8743
label,lab,total,2021-2023,3,unweighted,SHAP,logistic_regression,,14,5,6,0.8333,0.3333,0.8571,1.0,0.8333,0,,HighBP,0.9473,0.8242,0.8961,0,0.8,0.8333,1.0,1.0,0.9313,0.9166,0.9487
model,xgboost,random_forest,2021-2023,3,unweighted,SHAP,,diag,14,5,5,1.0,0.5,0.5,1.0,1.0,0,,,0.9385,0.8242,0.7943,0,1.0,1.0,1.0,0.9,0.8112,0.6646,0.3325
model,xgboost,logistic_regression,2021-2023,3,unweighted,SHAP,,diag,14,5,5,1.0,0.6,0.6667,1.0,1.0,0,,,0.9165,0.7802,0.8625,0,1.0,1.0,0.8571,0.9,0.9088,0.8719,0.8574
model,random_forest,logistic_regression,2021-2023,3,unweighted,SHAP,,diag,14,5,5,1.0,0.5,0.5,1.0,1.0,0,,,0.8418,0.6484,0.6582,0,1.0,1.0,0.8571,0.9,0.7688,0.6192,0.315
model,xgboost,random_forest,2021-2023,3,unweighted,SHAP,,lab,14,5,6,0.8333,0.5,0.6,1.0,0.8333,0,,HighBP,0.9736,0.8901,0.8427,0,0.8,1.0,0.8571,0.9,0.8304,0.6934,0.3675
model,xgboost,logistic_regression,2021-2023,3,unweighted,SHAP,,lab,14,5,5,1.0,0.5,0.7143,1.0,1.0,0,,,0.9604,0.8681,0.9404,1,1.0,0.8333,1.0,0.9,0.9707,0.9749,0.9966
model,random_forest,logistic_regression,2021-2023,3,unweighted,SHAP,,lab,14,6,5,0.8333,0.1667,0.4286,1.0,0.8333,0,HighBP,,0.9165,0.7582,0.782,0,0.8,0.8333,0.8571,0.9,0.805,0.6711,0.3642
model,xgboost,random_forest,2021-2023,3,unweighted,SHAP,,total,14,5,5,1.0,0.6,0.6667,1.0,1.0,0,,,0.9604,0.8462,0.8216,0,1.0,1.0,1.0,1.0,0.8238,0.6844,0.3587
model,xgboost,logistic_regression,2021-2023,3,unweighted,SHAP,,total,14,5,6,0.8333,0.5,0.8333,1.0,0.8333,0,,Education,0.9473,0.8681,0.9442,1,1.0,1.0,0.8571,0.9,0.978,0.9827,0.9985
model,random_forest,logistic_regression,2021-2023,3,unweighted,SHAP,,total,14,5,6,0.8333,0.2,0.5714,1.0,0.8333,0,,Education,0.8989,0.7582,0.786,0,1.0,1.0,0.8571,0.9,0.8066,0.6708,0.3574
label,diag,lab,2021-2023,3,unweighted,PI,xgboost,,14,5,4,0.8,0.2857,0.4286,1.0,0.8,0,HighBP,,0.9107,0.8209,0.9202,1,1.0,0.8333,1.0,0.9,0.9666,0.9721,0.9965
label,diag,total,2021-2023,3,unweighted,PI,xgboost,,14,5,4,0.8,0.2857,0.4286,1.0,0.8,0,HighBP,,0.8936,0.7841,0.8817,0,1.0,1.0,1.0,0.9,0.9314,0.903,0.8741
label,lab,total,2021-2023,3,unweighted,PI,xgboost,,14,4,4,1.0,1.0,1.0,1.0,1.0,0,,,0.9844,0.9366,0.9389,0,1.0,0.8333,1.0,1.0,0.9452,0.9091,0.8724
label,diag,lab,2021-2023,3,unweighted,PI,random_forest,,14,5,6,0.8333,0.25,0.7143,1.0,0.8333,0,,PhysActivity_LTPA,0.9648,0.8889,0.8885,0,1.0,1.0,0.8571,0.9,0.8806,0.7841,0.4985
label,diag,total,2021-2023,3,unweighted,PI,random_forest,,14,5,5,1.0,0.6667,0.8571,1.0,1.0,0,,,0.957,0.8778,0.8526,0,1.0,1.0,1.0,0.9,0.8453,0.7139,0.3748
label,lab,total,2021-2023,3,unweighted,PI,random_forest,,14,6,5,0.8333,0.5,0.8333,1.0,0.8333,0,PhysActivity_LTPA,,0.924,0.8111,0.8909,0,1.0,1.0,0.8571,0.9,0.9298,0.9008,0.8735
label,diag,lab,2021-2023,3,unweighted,PI,logistic_regression,,14,5,4,0.8,0.5,0.8571,1.0,0.8,0,HighBP,,0.9593,0.8556,0.9173,0,0.8,1.0,1.0,1.0,0.9493,0.9338,0.9518
label,diag,total,2021-2023,3,unweighted,PI,logistic_regression,,14,5,4,0.8,0.5,0.8571,1.0,0.8,0,HighBP,,0.9339,0.8333,0.887,0,1.0,1.0,1.0,0.9,0.9136,0.8688,0.8331
label,lab,total,2021-2023,3,unweighted,PI,logistic_regression,,14,4,4,1.0,1.0,1.0,1.0,1.0,0,,,0.9681,0.8778,0.9127,0,0.8,1.0,1.0,0.9,0.9284,0.8947,0.8684
model,xgboost,random_forest,2021-2023,3,unweighted,PI,,diag,14,5,5,1.0,0.4,0.5714,1.0,1.0,0,,,0.9061,0.7304,0.7682,0,1.0,0.8333,0.8571,0.9,0.8065,0.668,0.3554
model,xgboost,logistic_regression,2021-2023,3,unweighted,PI,,diag,14,5,5,1.0,0.3333,0.4286,1.0,1.0,0,,,0.8155,0.6405,0.6756,0,1.0,1.0,1.0,0.8,0.7958,0.6539,0.3321
model,random_forest,logistic_regression,2021-2023,3,unweighted,PI,,diag,14,5,5,1.0,0.25,0.625,1.0,1.0,0,,,0.8689,0.7222,0.7763,0,1.0,0.8333,0.8571,0.9,0.8121,0.6946,0.4379
model,xgboost,random_forest,2021-2023,3,unweighted,PI,,lab,14,4,6,0.6667,0.4,0.5714,1.0,0.6667,0,,"HighBP,PhysActivity_LTPA",0.8677,0.6974,0.7003,0,1.0,0.8333,0.8571,0.9,0.7968,0.6587,0.3546
model,xgboost,logistic_regression,2021-2023,3,unweighted,PI,,lab,14,4,4,1.0,0.75,0.8571,1.0,1.0,0,,,0.8988,0.7432,0.7298,0,0.8,0.8333,1.0,0.9,0.81,0.6759,0.3651
model,random_forest,logistic_regression,2021-2023,3,unweighted,PI,,lab,14,6,4,0.6667,0.5,0.7143,1.0,0.6667,0,"HighBP,PhysActivity_LTPA",,0.935,0.8333,0.9019,0,0.8,0.8333,0.8571,1.0,0.9395,0.931,0.9739
model,xgboost,random_forest,2021-2023,3,unweighted,PI,,total,14,4,5,0.8,0.4,0.7143,1.0,0.8,0,,HighBP,0.926,0.7866,0.8207,0,1.0,0.8333,0.8571,1.0,0.8478,0.7436,0.4799
model,xgboost,logistic_regression,2021-2023,3,unweighted,PI,,total,14,4,4,1.0,0.75,0.8571,1.0,1.0,0,,,0.9658,0.8989,0.8941,0,1.0,1.0,1.0,0.9,0.8806,0.7859,0.4992
model,random_forest,logistic_regression,2021-2023,3,unweighted,PI,,total,14,5,4,0.8,0.5,0.8571,1.0,0.8,0,HighBP,,0.8733,0.7222,0.8554,0,1.0,0.8333,0.8571,0.9,0.937,0.9362,0.9796
method,SHAP,PI,2021-2023,3,unweighted,,xgboost,diag,14,5,5,1.0,0.5,0.5,1.0,1.0,0,,,0.819,0.6928,0.8007,0,1.0,1.0,0.8571,0.8,0.8699,0.8208,0.8154
method,SHAP,PI,2021-2023,3,unweighted,,xgboost,lab,14,5,4,0.8,0.6,0.8333,1.0,0.8,0,Education,,0.9245,0.8073,0.8781,0,0.8,0.8333,1.0,0.9,0.9176,0.8829,0.8658
method,SHAP,PI,2021-2023,3,unweighted,,xgboost,total,14,5,4,0.8,0.6,0.8333,1.0,0.8,0,HighBP,,0.9294,0.8046,0.8986,0,1.0,1.0,0.8571,0.8,0.9471,0.9374,0.9567
method,SHAP,PI,2021-2023,3,unweighted,,random_forest,diag,14,5,5,1.0,0.1667,0.375,1.0,1.0,0,,,0.7415,0.5304,0.5686,0,1.0,0.8333,0.7143,0.8,0.7157,0.5517,0.2693
method,SHAP,PI,2021-2023,3,unweighted,,random_forest,lab,14,6,6,0.7143,0.3333,0.6,0.8333,1.0,1,Education,PhysActivity_LTPA,0.8625,0.7293,0.861,0,1.0,0.8333,0.8571,0.9,0.9391,0.9372,0.9796
method,SHAP,PI,2021-2023,3,unweighted,,random_forest,total,14,5,5,1.0,0.1667,0.375,1.0,1.0,0,,,0.8009,0.6188,0.7366,0,1.0,0.8333,0.7143,0.8,0.8454,0.7958,0.811
method,SHAP,PI,2021-2023,3,unweighted,,logistic_regression,diag,14,5,5,1.0,0.4,0.5714,1.0,1.0,0,,,0.9351,0.7956,0.7119,0,1.0,1.0,1.0,1.0,0.7696,0.5869,0.2076
method,SHAP,PI,2021-2023,3,unweighted,,logistic_regression,lab,14,5,4,0.8,0.6667,1.0,1.0,0.8,0,Education,,0.9417,0.8177,0.8207,0,1.0,0.8333,1.0,1.0,0.8264,0.6957,0.3716
method,SHAP,PI,2021-2023,3,unweighted,,logistic_regression,total,14,6,4,0.6667,0.25,0.8571,1.0,0.6667,0,"Education,HighBP",,0.9527,0.8398,0.8562,0,1.0,1.0,1.0,0.9,0.8552,0.745,0.4577
label,diag,lab,2021-2023,3,weighted,SHAP,xgboost,,14,5,4,0.8,0.8,1.0,1.0,0.8,0,HighBP,,0.9736,0.9121,0.9243,0,0.8,1.0,1.0,1.0,0.9385,0.9134,0.9364
label,diag,total,2021-2023,3,weighted,SHAP,xgboost,,14,5,5,1.0,1.0,1.0,1.0,1.0,0,,,0.9912,0.956,0.9697,0,1.0,1.0,1.0,0.9,0.9779,0.9717,0.9843
label,lab,total,2021-2023,3,weighted,SHAP,xgboost,,14,4,5,0.8,0.8,1.0,1.0,0.8,0,,HighBP,0.978,0.9121,0.9377,0,0.8,1.0,1.0,0.9,0.9528,0.9363,0.9519
label,diag,lab,2021-2023,3,weighted,SHAP,random_forest,,14,5,6,0.8333,0.6667,0.75,1.0,0.8333,0,,Education,0.9516,0.8242,0.8274,0,1.0,0.8333,1.0,0.9,0.8281,0.7081,0.4393
label,diag,total,2021-2023,3,weighted,SHAP,random_forest,,14,5,5,1.0,0.8,0.8,1.0,1.0,0,,,0.9912,0.956,0.9144,0,1.0,0.8333,1.0,1.0,0.8902,0.7891,0.4974
label,lab,total,2021-2023,3,weighted,SHAP,random_forest,,14,6,5,0.8333,0.5,0.6,1.0,0.8333,0,Education,,0.9604,0.8681,0.913,0,1.0,1.0,1.0,0.9,0.938,0.919,0.9419
label,diag,lab,2021-2023,3,weighted,SHAP,logistic_regression,,14,5,5,0.6667,0.2,0.7143,0.8,1.0,1,HighBP,Education,0.9516,0.8462,0.8759,0,0.8,0.8333,1.0,1.0,0.8971,0.8456,0.8244
label,diag,total,2021-2023,3,weighted,SHAP,logistic_regression,,14,5,6,0.8333,0.5,0.8333,1.0,0.8333,0,,Education,0.9912,0.956,0.9494,0,1.0,1.0,1.0,1.0,0.949,0.9148,0.8745
label,lab,total,2021-2023,3,weighted,SHAP,logistic_regression,,14,5,6,0.8333,0.3333,0.8571,1.0,0.8333,0,,HighBP,0.956,0.8462,0.9061,0,0.8,0.8333,1.0,1.0,0.9361,0.9203,0.9489
model,xgboost,random_forest,2021-2023,3,weighted,SHAP,,diag,14,5,5,1.0,0.5,0.5,1.0,1.0,0,,,0.9516,0.8462,0.9277,1,1.0,0.8333,1.0,0.9,0.9734,0.9764,0.9966
model,xgboost,logistic_regression,2021-2023,3,weighted,SHAP,,diag,14,5,5,1.0,0.6,0.6667,1.0,1.0,0,,,0.9253,0.8022,0.8721,0,1.0,1.0,0.8571,0.9,0.9088,0.8719,0.8574
model,random_forest,logistic_regression,2021-2023,3,weighted,SHAP,,diag,14,5,5,1.0,0.5,0.5,1.0,1.0,0,,,0.8593,0.6923,0.8175,0,1.0,0.8333,0.8571,0.9,0.886,0.8509,0.8541
model,xgboost,random_forest,2021-2023,3,weighted,SHAP,,lab,14,4,6,0.6667,0.4286,0.6,1.0,0.6667,0,,"Education,HighBP",0.9736,0.8901,0.8832,0,0.8,1.0,1.0,0.9,0.8739,0.7737,0.4931
model,xgboost,logistic_regression,2021-2023,3,weighted,SHAP,,lab,14,4,5,0.8,0.4,0.7143,1.0,0.8,0,,Education,0.9297,0.8242,0.9192,1,1.0,0.8333,0.8571,0.9,0.96,0.9655,0.9954
model,random_forest,logistic_regression,2021-2023,3,weighted,SHAP,,lab,14,6,5,0.8333,0.1667,0.4286,1.0,0.8333,0,HighBP,,0.9033,0.7582,0.8177,0,0.8,0.8333,0.8571,0.9,0.844,0.7458,0.4887
model,xgboost,random_forest,2021-2023,3,weighted,SHAP,,total,14,5,5,1.0,0.6,0.6667,1.0,1.0,0,,,0.956,0.8462,0.8597,0,1.0,1.0,1.0,0.9,0.865,0.7617,0.4836
model,xgboost,logistic_regression,2021-2023,3,weighted,SHAP,,total,14,5,6,0.8333,0.5,0.8333,1.0,0.8333,0,,Education,0.9429,0.8462,0.9347,1,1.0,1.0,0.8571,0.9,0.978,0.9827,0.9985
model,random_forest,logistic_regression,2021-2023,3,weighted,SHAP,,total,14,5,6,0.8333,0.2,0.5714,1.0,0.8333,0,,Education,0.8857,0.7363,0.8129,0,1.0,1.0,0.8571,0.9,0.8468,0.7471,0.4822
label,diag,lab,2021-2023,3,weighted,PI,xgboost,,14,5,4,0.8,0.2,0.625,1.0,0.8,0,HighBP,,0.8706,0.7516,0.862,0,1.0,0.8333,0.8571,0.9,0.9244,0.9149,0.953
label,diag,total,2021-2023,3,weighted,PI,xgboost,,14,5,4,0.8,0.1667,0.5,1.0,0.8,0,HighBP,,0.8625,0.7273,0.8251,0,1.0,0.8333,0.8571,0.8,0.8863,0.8412,0.8286
label,lab,total,2021-2023,3,weighted,PI,xgboost,,14,4,4,1.0,0.6667,0.875,1.0,1.0,0,,,0.9331,0.8441,0.8986,0,1.0,1.0,0.8571,0.9,0.9296,0.8989,0.873
label,diag,lab,2021-2023,3,weighted,PI,random_forest,,14,6,6,1.0,0.3333,0.7143,1.0,1.0,0,,,0.7819,0.5785,0.5382,0,1.0,1.0,1.0,0.8,0.7065,0.5066,0.1498
label,diag,total,2021-2023,3,weighted,PI,random_forest,,14,6,5,0.8333,0.3333,0.8571,1.0,0.8333,0,PhysActivity_LTPA,,0.9144,0.7936,0.7627,0,1.0,1.0,1.0,0.8,0.7915,0.6393,0.3172
label,lab,total,2021-2023,3,weighted,PI,random_forest,,14,6,5,0.8333,0.3333,0.8571,1.0,0.8333,0,PhysActivity_LTPA,,0.8549,0.7169,0.7652,0,1.0,1.0,1.0,0.8,0.7957,0.6552,0.3323
label,diag,lab,2021-2023,3,weighted,PI,logistic_regression,,14,5,4,0.8,0.6667,1.0,1.0,0.8,0,HighBP,,0.8376,0.6854,0.7992,0,1.0,1.0,1.0,0.8,0.8957,0.8552,0.8323
label,diag,total,2021-2023,3,weighted,PI,logistic_regression,,14,5,5,1.0,1.0,1.0,1.0,1.0,0,,,0.848,0.6778,0.8167,0,1.0,0.8333,1.0,0.8,0.8859,0.8442,0.8297
label,lab,total,2021-2023,3,weighted,PI,logistic_regression,,14,4,5,0.8,0.6667,1.0,1.0,0.8,0,,HighBP,0.8995,0.7753,0.8823,0,1.0,0.8333,1.0,0.9,0.9358,0.9266,0.9546
model,xgboost,random_forest,2021-2023,3,weighted,PI,,diag,14,5,6,0.8333,0.2,0.5714,1.0,0.8333,0,,PhysActivity_LTPA,0.9144,0.7936,0.7774,0,1.0,1.0,1.0,0.9,0.7894,0.6367,0.3168
model,xgboost,logistic_regression,2021-2023,3,weighted,PI,,diag,14,5,5,1.0,0.2,0.5,1.0,1.0,0,,,0.7691,0.5506,0.5504,0,1.0,0.8333,0.8571,0.8,0.7257,0.5497,0.2029
model,random_forest,logistic_regression,2021-2023,3,weighted,PI,,diag,14,6,5,0.8333,0.3333,0.625,1.0,0.8333,0,PhysActivity_LTPA,,0.6998,0.5153,0.582,0,1.0,0.8333,0.8571,0.8,0.7223,0.5595,0.2706
model,xgboost,random_forest,2021-2023,3,weighted,PI,,lab,14,4,6,0.6667,0.3333,0.75,1.0,0.6667,0,,"HighBP,PhysActivity_LTPA",0.7865,0.6353,0.6877,0,1.0,0.8333,0.8571,0.8,0.8003,0.6738,0.3696
model,xgboost,logistic_regression,2021-2023,3,weighted,PI,,lab,14,4,4,1.0,0.6667,0.875,1.0,1.0,0,,,0.8839,0.7516,0.7866,0,1.0,0.8333,0.8571,0.9,0.8171,0.6865,0.3704
model,random_forest,logistic_regression,2021-2023,3,weighted,PI,,lab,14,6,4,0.6667,0.25,0.625,1.0,0.6667,0,"HighBP,PhysActivity_LTPA",,0.7991,0.6706,0.8188,0,1.0,0.8333,0.8571,0.8,0.9053,0.8794,0.8702
model,xgboost,random_forest,2021-2023,3,weighted,PI,,total,14,4,5,0.8,0.25,0.75,1.0,0.8,0,,HighBP,0.8004,0.6705,0.8366,0,1.0,0.8333,0.8571,0.7,0.9194,0.9128,0.9533
model,xgboost,logistic_regression,2021-2023,3,weighted,PI,,total,14,4,5,0.8,0.6667,1.0,1.0,0.8,0,,HighBP,0.8751,0.7529,0.8165,0,1.0,1.0,1.0,0.8,0.8417,0.7348,0.4571
model,random_forest,logistic_regression,2021-2023,3,weighted,PI,,total,14,5,5,1.0,0.3333,0.75,1.0,1.0,0,,,0.7006,0.5731,0.7465,0,1.0,0.8333,0.8571,0.8,0.8396,0.7505,0.4945
method,SHAP,PI,2021-2023,3,weighted,,xgboost,diag,14,5,5,1.0,0.3333,0.4286,1.0,1.0,0,,,0.7395,0.5587,0.7031,0,1.0,0.8333,0.7143,0.8,0.8465,0.7972,0.8112
method,SHAP,PI,2021-2023,3,weighted,,xgboost,lab,14,4,4,1.0,0.4,0.625,1.0,1.0,0,,,0.7934,0.6481,0.801,0,0.8,0.8333,0.7143,0.8,0.8846,0.8543,0.8627
method,SHAP,PI,2021-2023,3,weighted,,xgboost,total,14,5,4,0.8,0.4,0.7143,1.0,0.8,0,HighBP,,0.8499,0.7152,0.8553,0,1.0,0.8333,0.8571,0.8,0.9233,0.9155,0.9534
method,SHAP,PI,2021-2023,3,weighted,,random_forest,diag,14,5,6,0.8333,0.0,0.25,1.0,0.8333,0,,PhysActivity_LTPA,0.6046,0.4543,0.6162,0,1.0,0.8333,0.7143,0.7,0.7249,0.5807,0.3101
method,SHAP,PI,2021-2023,3,weighted,,random_forest,lab,14,6,6,0.7143,0.4,0.5,0.8333,1.0,1,Education,PhysActivity_LTPA,0.7534,0.6026,0.7836,0,1.0,0.8333,0.7143,0.8,0.881,0.8577,0.8679
method,SHAP,PI,2021-2023,3,weighted,,random_forest,total,14,5,5,1.0,0.0,0.3333,1.0,1.0,0,,,0.6733,0.514,0.6965,0,1.0,0.8333,0.7143,0.8,0.8056,0.7098,0.4771
method,SHAP,PI,2021-2023,3,weighted,,logistic_regression,diag,14,5,5,1.0,0.5,0.7143,1.0,1.0,0,,,0.8691,0.7072,0.7036,0,1.0,1.0,1.0,0.8,0.7989,0.6571,0.3323
method,SHAP,PI,2021-2023,3,weighted,,logistic_regression,lab,14,5,4,0.8,0.6667,1.0,1.0,0.8,0,Education,,0.8278,0.6705,0.7901,0,0.8,0.8333,1.0,0.8,0.8426,0.7482,0.4899
method,SHAP,PI,2021-2023,3,weighted,,logistic_regression,total,14,6,5,0.8333,0.3333,0.8571,1.0,0.8333,0,Education,,0.9175,0.7956,0.8516,0,1.0,0.8333,1.0,0.9,0.8735,0.7782,0.497
label,diag,lab,2021-2023,4,unweighted,SHAP,xgboost,,14,5,6,0.8333,0.4,0.6667,1.0,0.8333,0,,Education,0.9516,0.8242,0.8331,0,0.8,1.0,0.8571,0.9,0.8514,0.7445,0.4768
label,diag,total,2021-2023,4,unweighted,SHAP,xgboost,,14,5,5,1.0,1.0,1.0,1.0,1.0,0,,,0.978,0.9121,0.9521,0,1.0,1.0,1.0,0.9,0.9705,0.9666,0.984
label,lab,total,2021-2023,4,unweighted,SHAP,xgboost,,14,6,5,0.8333,0.4,0.6667,1.0,0.8333,0,Education,,0.9692,0.8681,0.8591,0,0.8,1.0,0.8571,1.0,0.8531,0.7448,0.4767
label,diag,lab,2021-2023,4,unweighted,SHAP,random_forest,,14,5,6,0.8333,0.5,0.6,1.0,0.8333,0,,Education,0.9209,0.7802,0.7977,0,1.0,1.0,1.0,0.9,0.8634,0.7937,0.775
label,diag,total,2021-2023,4,unweighted,SHAP,random_forest,,14,5,6,0.8333,0.6667,0.75,1.0,0.8333,0,,Education,0.9912,0.956,0.9624,0,1.0,1.0,1.0,1.0,0.9682,0.9536,0.9581
label,lab,total,2021-2023,4,unweighted,SHAP,random_forest,,14,6,6,1.0,0.8,0.75,1.0,1.0,0,,,0.9385,0.8242,0.8327,0,1.0,1.0,1.0,0.9,0.8951,0.8401,0.8169
label,diag,lab,2021-2023,4,unweighted,SHAP,logistic_regression,,14,5,6,0.8333,0.6,0.8,1.0,0.8333,0,,Education,0.9516,0.8242,0.7993,0,0.8,1.0,1.0,0.9,0.7997,0.65,0.3264
label,diag,total,2021-2023,4,unweighted,SHAP,logistic_regression,,14,5,6,0.8333,0.5,0.6,1.0,0.8333,0,,Education,0.9604,0.8462,0.9101,0,1.0,1.0,1.0,0.9,0.9416,0.9111,0.8747
label,lab,total,2021-2023,4,unweighted,SHAP,logistic_regression,,14,6,6,1.0,0.4,0.5,1.0,1.0,0,,,0.9033,0.7582,0.8123,0,0.8,1.0,1.0,0.8,0.8334,0.7222,0.4511
model,xgboost,random_forest,2021-2023,4,unweighted,SHAP,,diag,14,5,5,1.0,0.3333,0.4286,1.0,1.0,0,,,0.8857,0.6923,0.6533,0,1.0,1.0,1.0,0.9,0.7586,0.5912,0.275
model,xgboost,logistic_regression,2021-2023,4,unweighted,SHAP,,diag,14,5,5,1.0,0.6,0.6667,1.0,1.0,0,,,0.9648,0.8681,0.894,0,1.0,1.0,0.8571,0.9,0.9112,0.8641,0.8321
model,random_forest,logistic_regression,2021-2023,4,unweighted,SHAP,,diag,14,5,5,1.0,0.4286,0.3333,1.0,1.0,0,,,0.811,0.6044,0.5875,0,1.0,1.0,0.8571,0.8,0.7259,0.5417,0.1904
model,xgboost,random_forest,2021-2023,4,unweighted,SHAP,,lab,14,6,6,1.0,1.0,1.0,1.0,1.0,0,,,0.9648,0.8681,0.9218,0,0.8,1.0,0.8571,1.0,0.9497,0.9423,0.9765
model,xgboost,logistic_regression,2021-2023,4,unweighted,SHAP,,lab,14,6,6,1.0,0.75,0.8,1.0,1.0,0,,,0.9648,0.8681,0.926,0,0.8,1.0,1.0,1.0,0.9569,0.9494,0.9776
model,random_forest,logistic_regression,2021-2023,4,unweighted,SHAP,,lab,14,6,6,1.0,0.75,0.8,1.0,1.0,0,,,0.9429,0.8242,0.9022,0,0.8,1.0,0.8571,1.0,0.9471,0.9408,0.9764
model,xgboost,random_forest,2021-2023,4,unweighted,SHAP,,total,14,5,6,0.8333,0.3333,0.5,1.0,0.8333,0,,Education,0.9033,0.7363,0.7057,0,1.0,1.0,1.0,0.9,0.7882,0.6353,0.3167
model,xgboost,logistic_regression,2021-2023,4,unweighted,SHAP,,total,14,5,6,0.8333,0.4,0.6667,1.0,0.8333,0,,Education,0.8945,0.7582,0.869,0,1.0,1.0,0.8571,0.8,0.9267,0.9107,0.9411
model,random_forest,logistic_regression,2021-2023,4,unweighted,SHAP,,total,14,6,6,1.0,0.5,0.4,1.0,1.0,0,,,0.8198,0.6264,0.6273,0,1.0,1.0,0.8571,0.8,0.7487,0.5828,0.274
label,diag,lab,2021-2023,4,unweighted,PI,xgboost,,14,4,4,1.0,0.6,0.7143,1.0,1.0,0,,,0.8774,0.7191,0.7854,0,0.8,0.8333,0.8571,0.9,0.8722,0.8238,0.8223
label,diag,total,2021-2023,4,unweighted,PI,xgboost,,14,4,4,1.0,0.3333,0.5,1.0,1.0,0,,,0.867,0.75,0.8373,0,1.0,1.0,0.8571,0.9,0.8918,0.8485,0.8309
label,lab,total,2021-2023,4,unweighted,PI,xgboost,,14,4,4,1.0,0.6,0.7143,1.0,1.0,0,,,0.853,0.7304,0.8538,0,0.8,0.8333,0.8571,0.8,0.9102,0.9004,0.9473
label,diag,lab,2021-2023,4,unweighted,PI,random_forest,,14,5,5,0.6667,0.2,0.5,0.8,1.0,1,HighBP,Sex,0.7381,0.6093,0.6805,0,0.8,0.8333,0.7143,0.7,0.7456,0.6027,0.3204
label,diag,total,2021-2023,4,unweighted,PI,random_forest,,14,5,4,0.8,0.25,0.75,1.0,0.8,0,HighBP,,0.9209,0.8226,0.7791,0,0.8,1.0,0.8571,0.9,0.7895,0.6399,0.3251
label,lab,total,2021-2023,4,unweighted,PI,random_forest,,14,5,4,0.8,0.4,0.7143,1.0,0.8,0,Sex,,0.8501,0.7341,0.8682,0,0.8,0.8333,0.8571,0.8,0.9398,0.9445,0.989
label,diag,lab,2021-2023,4,unweighted,PI,logistic_regression,,14,5,4,0.8,0.5,0.8571,1.0,0.8,0,HighBP,,0.8803,0.7159,0.6961,0,0.8,0.8333,1.0,0.9,0.7826,0.6358,0.324
label,diag,total,2021-2023,4,unweighted,PI,logistic_regression,,14,5,4,0.8,0.5,0.8571,1.0,0.8,0,HighBP,,0.9481,0.854,0.8398,0,1.0,1.0,1.0,0.9,0.8406,0.7102,0.3746
label,lab,total,2021-2023,4,unweighted,PI,logistic_regression,,14,4,4,1.0,1.0,1.0,1.0,1.0,0,,,0.9216,0.7978,0.8251,0,0.8,0.8333,1.0,0.9,0.8308,0.7177,0.4491
model,xgboost,random_forest,2021-2023,4,unweighted,PI,,diag,14,4,5,0.8,0.5,0.8571,1.0,0.8,0,,HighBP,0.9406,0.8919,0.9574,1,1.0,1.0,1.0,0.9,0.9742,0.982,0.9991
model,xgboost,logistic_regression,2021-2023,4,unweighted,PI,,diag,14,4,5,0.8,0.1667,0.5,1.0,0.8,0,,HighBP,0.7738,0.625,0.7457,0,1.0,0.8333,0.7143,0.8,0.805,0.7003,0.4518
model,random_forest,logistic_regression,2021-2023,4,unweighted,PI,,diag,14,5,5,1.0,0.25,0.625,1.0,1.0,0,,,0.7944,0.6625,0.7595,0,1.0,0.8333,0.7143,0.7,0.8059,0.7001,0.4517
model,xgboost,random_forest,2021-2023,4,unweighted,PI,,lab,14,4,5,0.8,0.3333,0.5714,1.0,0.8,0,,Sex,0.8454,0.6974,0.7737,0,0.8,0.8333,0.8571,0.8,0.8134,0.7011,0.4472
model,xgboost,logistic_regression,2021-2023,4,unweighted,PI,,lab,14,4,4,1.0,0.4,0.625,1.0,1.0,0,,,0.6652,0.5506,0.7069,0,0.8,0.8333,0.8571,0.8,0.8216,0.7303,0.4881
model,random_forest,logistic_regression,2021-2023,4,unweighted,PI,,lab,14,5,4,0.8,0.4,0.7143,1.0,0.8,0,Sex,,0.7299,0.5781,0.7882,0,0.8,0.8333,0.8571,0.7,0.8956,0.8887,0.9465
model,xgboost,random_forest,2021-2023,4,unweighted,PI,,total,14,4,4,1.0,0.75,0.8571,1.0,1.0,0,,,0.8547,0.7337,0.8173,0,0.8,1.0,0.8571,0.8,0.847,0.754,0.4916
model,xgboost,logistic_regression,2021-2023,4,unweighted,PI,,total,14,4,4,1.0,0.75,0.8571,1.0,1.0,0,,,0.895,0.7978,0.9076,1,1.0,0.8333,0.8571,0.9,0.9574,0.9641,0.9954
model,random_forest,logistic_regression,2021-2023,4,unweighted,PI,,total,14,4,4,1.0,0.5,0.75,1.0,1.0,0,,,0.8634,0.7497,0.8081,0,0.8,0.8333,0.8571,0.9,0.8538,0.7539,0.4894
method,SHAP,PI,2021-2023,4,unweighted,,xgboost,diag,14,5,4,0.8,0.1667,0.5,1.0,0.8,0,HighBP,,0.8543,0.6928,0.7874,0,1.0,0.8333,0.8571,0.9,0.8772,0.8339,0.828
method,SHAP,PI,2021-2023,4,unweighted,,xgboost,lab,14,6,4,0.6667,0.6,0.6667,1.0,0.6667,0,"Education,HighBP",,0.7195,0.5525,0.6861,0,0.6,0.6667,0.8571,0.8,0.7938,0.6878,0.4643
method,SHAP,PI,2021-2023,4,unweighted,,xgboost,total,14,5,4,0.8,0.75,1.0,1.0,0.8,0,HighBP,,0.925,0.8046,0.8888,0,1.0,0.8333,1.0,0.9,0.9273,0.9103,0.9399
method,SHAP,PI,2021-2023,4,unweighted,,random_forest,diag,14,5,5,1.0,0.4,0.5714,1.0,1.0,0,,,0.8097,0.6265,0.5509,0,1.0,0.8333,0.8571,0.9,0.6977,0.4946,0.1464
method,SHAP,PI,2021-2023,4,unweighted,,random_forest,lab,14,6,5,0.5714,0.3333,0.8,0.8,0.8333,1,"Education,HighBP",Sex,0.8756,0.6936,0.8151,0,0.8,0.8333,0.7143,0.9,0.8962,0.8756,0.9309
method,SHAP,PI,2021-2023,4,unweighted,,random_forest,total,14,6,4,0.6667,0.3333,0.4286,1.0,0.6667,0,"Education,HighBP",,0.7846,0.6012,0.6808,0,0.8,0.8333,0.8571,0.8,0.8258,0.7555,0.7651
method,SHAP,PI,2021-2023,4,unweighted,,logistic_regression,diag,14,5,5,1.0,0.3333,0.4286,1.0,1.0,0,,,0.8985,0.7822,0.849,0,1.0,1.0,1.0,0.8,0.8735,0.7812,0.499
method,SHAP,PI,2021-2023,4,unweighted,,logistic_regression,lab,14,6,4,0.6667,0.2,0.7143,1.0,0.6667,0,"Education,HighBP",,0.8057,0.6705,0.8609,1,1.0,0.8333,1.0,0.8,0.95,0.9612,0.9961
method,SHAP,PI,2021-2023,4,unweighted,,logistic_regression,total,14,6,4,0.6667,0.1667,0.5714,1.0,0.6667,0,"Education,HighBP",,0.9373,0.8398,0.9382,1,1.0,1.0,1.0,0.9,0.979,0.9857,0.9993
label,diag,lab,2021-2023,4,weighted,SHAP,xgboost,,14,5,6,0.8333,0.4,0.6667,1.0,0.8333,0,,Education,0.9736,0.9121,0.9451,0,0.8,1.0,1.0,1.0,0.9629,0.9546,0.9781
label,diag,total,2021-2023,4,weighted,SHAP,xgboost,,14,5,5,1.0,1.0,1.0,1.0,1.0,0,,,0.9824,0.9341,0.9742,1,1.0,1.0,1.0,1.0,0.9894,0.9929,0.9997
label,lab,total,2021-2023,4,weighted,SHAP,xgboost,,14,6,5,0.8333,0.4,0.6667,1.0,0.8333,0,Education,,0.9824,0.9341,0.951,0,0.8,1.0,1.0,1.0,0.9639,0.9543,0.9779
label,diag,lab,2021-2023,4,weighted,SHAP,random_forest,,14,5,6,0.8333,0.5,0.6,1.0,0.8333,0,,Education,0.956,0.8681,0.9093,0,1.0,1.0,1.0,0.9,0.9401,0.9201,0.9419
label,diag,total,2021-2023,4,weighted,SHAP,random_forest,,14,5,5,1.0,1.0,1.0,1.0,1.0,0,,,0.9956,0.978,0.99,1,1.0,1.0,1.0,1.0,0.9952,0.9963,0.9998
label,lab,total,2021-2023,4,weighted,SHAP,random_forest,,14,6,5,0.8333,0.5,0.6,1.0,0.8333,0,Education,,0.9604,0.8901,0.9199,0,1.0,1.0,1.0,0.9,0.9401,0.9201,0.9419
label,diag,lab,2021-2023,4,weighted,SHAP,logistic_regression,,14,5,6,0.8333,0.6,0.8,1.0,0.8333,0,,Education,0.9516,0.8242,0.7993,0,0.8,1.0,1.0,0.9,0.7997,0.65,0.3264
label,diag,total,2021-2023,4,weighted,SHAP,logistic_regression,,14,5,6,0.8333,0.5,0.6,1.0,0.8333,0,,Education,0.9604,0.8462,0.9101,0,1.0,1.0,1.0,0.9,0.9416,0.9111,0.8747
label,lab,total,2021-2023,4,weighted,SHAP,logistic_regression,,14,6,6,1.0,0.4,0.5,1.0,1.0,0,,,0.9033,0.7582,0.8123,0,0.8,1.0,1.0,0.8,0.8334,0.7222,0.4511
model,xgboost,random_forest,2021-2023,4,weighted,SHAP,,diag,14,5,5,1.0,0.3333,0.4286,1.0,1.0,0,,,0.9209,0.7363,0.7797,0,1.0,1.0,1.0,0.9,0.8306,0.7139,0.4417
model,xgboost,logistic_regression,2021-2023,4,weighted,SHAP,,diag,14,5,5,1.0,0.6,0.6667,1.0,1.0,0,,,0.9604,0.8462,0.8854,0,1.0,1.0,0.8571,0.9,0.9112,0.8641,0.8321
model,random_forest,logistic_regression,2021-2023,4,weighted,SHAP,,diag,14,5,5,1.0,0.4286,0.3333,1.0,1.0,0,,,0.8462,0.6703,0.7267,0,1.0,1.0,0.8571,0.8,0.7709,0.6217,0.3154
model,xgboost,random_forest,2021-2023,4,weighted,SHAP,,lab,14,6,6,1.0,1.0,1.0,1.0,1.0,0,,,0.956,0.8242,0.8342,0,0.8,1.0,1.0,1.0,0.8525,0.746,0.4774
model,xgboost,logistic_regression,2021-2023,4,weighted,SHAP,,lab,14,6,6,1.0,0.75,0.8,1.0,1.0,0,,,0.9604,0.8462,0.86,0,1.0,1.0,0.8571,1.0,0.8624,0.7583,0.4827
model,random_forest,logistic_regression,2021-2023,4,weighted,SHAP,,lab,14,6,6,1.0,0.75,0.8,1.0,1.0,0,,,0.9297,0.8022,0.8919,0,0.8,1.0,0.8571,1.0,0.9423,0.9371,0.9762
model,xgboost,random_forest,2021-2023,4,weighted,SHAP,,total,14,5,5,1.0,0.3333,0.4286,1.0,1.0,0,,,0.9121,0.7363,0.7788,0,1.0,1.0,1.0,0.9,0.83,0.7133,0.4416
model,xgboost,logistic_regression,2021-2023,4,weighted,SHAP,,total,14,5,6,0.8333,0.4,0.6667,1.0,0.8333,0,,Education,0.8901,0.7582,0.8824,0,1.0,1.0,0.8571,0.8,0.9417,0.9344,0.9567
model,random_forest,logistic_regression,2021-2023,4,weighted,SHAP,,total,14,5,6,0.8333,0.2857,0.3333,1.0,0.8333,0,,Education,0.8637,0.7143,0.7881,0,1.0,1.0,0.8571,0.8,0.8207,0.7055,0.4406
label,diag,lab,2021-2023,4,weighted,PI,xgboost,,14,5,4,0.8,0.1667,0.5,1.0,0.8,0,HighBP,,0.6797,0.5031,0.6845,0,0.8,0.8333,0.7143,0.8,0.8421,0.8002,0.8203
label,diag,total,2021-2023,4,weighted,PI,xgboost,,14,5,5,1.0,0.25,0.625,1.0,1.0,0,,,0.8795,0.7747,0.8614,0,1.0,0.8333,0.8571,0.9,0.9064,0.8776,0.8697
label,lab,total,2021-2023,4,weighted,PI,xgboost,,14,4,5,0.8,0.6,0.8333,1.0,0.8,0,,HighBP,0.8774,0.7304,0.8229,0,0.8,0.8333,0.8571,0.9,0.8782,0.8303,0.823
label,diag,lab,2021-2023,4,weighted,PI,random_forest,,14,5,5,0.6667,0.2,0.5,0.8,1.0,1,HighBP,Sex,0.7112,0.5804,0.7371,0,0.8,0.6667,0.7143,0.8,0.8338,0.791,0.8179
label,diag,total,2021-2023,4,weighted,PI,random_forest,,14,5,4,0.8,0.25,0.75,1.0,0.8,0,HighBP,,0.9428,0.8412,0.7743,0,0.8,1.0,1.0,1.0,0.8359,0.6984,0.3683
label,lab,total,2021-2023,4,weighted,PI,random_forest,,14,5,4,0.8,0.25,0.5556,1.0,0.8,0,Sex,,0.641,0.4891,0.6223,0,0.8,0.6667,0.7143,0.8,0.7278,0.5858,0.3174
label,diag,lab,2021-2023,4,weighted,PI,logistic_regression,,14,5,4,0.8,0.6667,1.0,1.0,0.8,0,HighBP,,0.964,0.8883,0.8966,0,0.8,1.0,1.0,0.9,0.903,0.8538,0.8269
label,diag,total,2021-2023,4,weighted,PI,logistic_regression,,14,5,5,1.0,1.0,1.0,1.0,1.0,0,,,0.9614,0.9039,0.9283,0,1.0,1.0,1.0,0.9,0.9372,0.9064,0.8742
label,lab,total,2021-2023,4,weighted,PI,logistic_regression,,14,4,5,0.8,0.6667,1.0,1.0,0.8,0,,HighBP,0.9241,0.8209,0.9006,0,0.8,1.0,1.0,0.9,0.9341,0.9229,0.9512
model,xgboost,random_forest,2021-2023,4,weighted,PI,,diag,14,5,5,1.0,0.25,0.625,1.0,1.0,0,,,0.8455,0.7472,0.8793,1,1.0,0.8333,0.7143,0.8,0.9437,0.9516,0.994
model,xgboost,logistic_regression,2021-2023,4,weighted,PI,,diag,14,5,5,1.0,0.3333,0.75,1.0,1.0,0,,,0.8614,0.7954,0.9034,1,1.0,0.8333,0.8571,0.8,0.9583,0.9639,0.9953
model,random_forest,logistic_regression,2021-2023,4,weighted,PI,,diag,14,5,5,1.0,0.25,0.625,1.0,1.0,0,,,0.7885,0.6914,0.8528,1,1.0,0.8333,0.7143,0.8,0.9379,0.9482,0.9939
model,xgboost,random_forest,2021-2023,4,weighted,PI,,lab,14,4,5,0.8,0.3333,0.5714,1.0,0.8,0,,Sex,0.895,0.7753,0.8695,0,1.0,0.8333,0.8571,0.9,0.9092,0.8821,0.8703
model,xgboost,logistic_regression,2021-2023,4,weighted,PI,,lab,14,4,4,1.0,0.6,0.7143,1.0,1.0,0,,,0.8376,0.7079,0.843,0,1.0,1.0,0.8571,0.8,0.9135,0.8886,0.8727
model,random_forest,logistic_regression,2021-2023,4,weighted,PI,,lab,14,5,4,0.8,0.5,0.8571,1.0,0.8,0,Sex,,0.8182,0.6705,0.8595,1,1.0,0.8333,1.0,0.7,0.9492,0.9605,0.996
model,xgboost,random_forest,2021-2023,4,weighted,PI,,total,14,5,4,0.8,0.25,0.75,1.0,0.8,0,HighBP,,0.7835,0.6359,0.7344,0,0.8,1.0,0.8571,0.7,0.7874,0.6623,0.3658
model,xgboost,logistic_regression,2021-2023,4,weighted,PI,,total,14,5,5,1.0,0.6667,0.8571,1.0,1.0,0,,,0.9509,0.8672,0.9311,1,1.0,0.8333,0.8571,0.9,0.9695,0.9717,0.9956
model,random_forest,logistic_regression,2021-2023,4,weighted,PI,,total,14,4,5,0.8,0.0,0.6667,1.0,0.8,0,,HighBP,0.7275,0.6096,0.7085,0,0.8,0.8333,0.7143,0.8,0.7679,0.6413,0.3617
method,SHAP,PI,2021-2023,4,weighted,,xgboost,diag,14,5,5,1.0,0.25,0.625,1.0,1.0,0,,,0.7867,0.6254,0.7838,0,1.0,1.0,0.8571,0.8,0.8774,0.8375,0.8303
method,SHAP,PI,2021-2023,4,weighted,,xgboost,lab,14,6,4,0.6667,0.2857,0.5,1.0,0.6667,0,"Education,HighBP",,0.8471,0.663,0.7912,0,0.8,0.8333,0.8571,0.9,0.8864,0.8468,0.849
method,SHAP,PI,2021-2023,4,weighted,,xgboost,total,14,5,5,1.0,1.0,1.0,1.0,1.0,0,,,0.9559,0.8716,0.9243,0,1.0,0.8333,1.0,0.9,0.9487,0.9366,0.9553
method,SHAP,PI,2021-2023,4,weighted,,random_forest,diag,14,5,5,1.0,0.6,0.6667,1.0,1.0,0,,,0.8789,0.7105,0.7414,0,1.0,0.8333,0.8571,0.8,0.7661,0.6164,0.3134
method,SHAP,PI,2021-2023,4,weighted,,random_forest,lab,14,6,5,0.5714,0.1667,0.6667,0.8,0.8333,1,"Education,HighBP",Sex,0.8411,0.6705,0.7613,0,0.8,0.8333,0.8571,0.9,0.8228,0.7201,0.4735
method,SHAP,PI,2021-2023,4,weighted,,random_forest,total,14,5,4,0.8,0.1667,0.5,1.0,0.8,0,HighBP,,0.7938,0.6493,0.7736,0,0.8,0.8333,0.8571,0.8,0.847,0.7948,0.8067
method,SHAP,PI,2021-2023,4,weighted,,logistic_regression,diag,14,5,5,1.0,0.4,0.5714,1.0,1.0,0,,,0.8519,0.7338,0.8883,1,1.0,0.8333,1.0,0.8,0.9557,0.9646,0.9962
method,SHAP,PI,2021-2023,4,weighted,,logistic_regression,lab,14,6,4,0.6667,0.2,0.7143,1.0,0.6667,0,"Education,HighBP",,0.7881,0.6034,0.7556,0,0.8,0.8333,1.0,0.8,0.8368,0.7448,0.4898
method,SHAP,PI,2021-2023,4,weighted,,logistic_regression,total,14,6,5,0.8333,0.2,0.5714,1.0,0.8333,0,Education,,0.9312,0.8528,0.934,1,1.0,0.8333,1.0,0.9,0.9676,0.973,0.9965
label,diag,lab,2021-2023,5,unweighted,SHAP,xgboost,,14,5,5,0.6667,0.3333,0.6667,0.8,1.0,1,HighBP,Education,0.978,0.9121,0.9541,0,0.8,1.0,1.0,0.9,0.9782,0.9772,0.9934
label,diag,total,2021-2023,5,unweighted,SHAP,xgboost,,14,5,5,0.6667,0.5,1.0,0.8,1.0,1,HighBP,Education,0.978,0.9121,0.9541,0,0.8,1.0,1.0,0.9,0.9782,0.9772,0.9934
label,lab,total,2021-2023,5,unweighted,SHAP,xgboost,,14,5,5,1.0,0.6,0.6667,1.0,1.0,0,,,1.0,1.0,1.0,1,1.0,1.0,1.0,1.0,1.0,1.0,1.0
label,diag,lab,2021-2023,5,unweighted,SHAP,random_forest,,14,5,6,0.8333,0.5,0.6,1.0,0.8333,0,,Education,0.9429,0.8462,0.8422,0,1.0,1.0,1.0,0.9,0.8951,0.8401,0.8169
label,diag,total,2021-2023,5,unweighted,SHAP,random_forest,,14,5,5,1.0,0.8,0.8,1.0,1.0,0,,,0.9648,0.8901,0.8615,0,1.0,1.0,1.0,1.0,0.9038,0.8465,0.8172
label,lab,total,2021-2023,5,unweighted,SHAP,random_forest,,14,6,5,0.8333,0.6,0.8,1.0,0.8333,0,Education,,0.9692,0.9121,0.959,1,1.0,1.0,1.0,0.9,0.9854,0.9883,0.9992
label,diag,lab,2021-2023,5,unweighted,SHAP,logistic_regression,,14,5,6,0.5714,0.25,1.0,0.8,0.8333,1,HighBP,"Education,Sex",0.833,0.6264,0.6626,0,0.8,0.8333,1.0,0.9,0.7826,0.6358,0.324
label,diag,total,2021-2023,5,unweighted,SHAP,logistic_regression,,14,5,6,0.8333,0.3333,0.8571,1.0,0.8333,0,,Education,0.8813,0.7363,0.7852,0,0.8,1.0,1.0,0.9,0.8145,0.6838,0.3677
label,lab,total,2021-2023,5,unweighted,SHAP,logistic_regression,,14,6,6,0.7143,0.0,0.8571,0.8333,1.0,1,Sex,HighBP,0.9429,0.8022,0.832,0,1.0,0.8333,1.0,1.0,0.8444,0.733,0.4549
model,xgboost,random_forest,2021-2023,5,unweighted,SHAP,,diag,14,5,5,1.0,0.3333,0.4286,1.0,1.0,0,,,0.8945,0.7363,0.7975,0,1.0,1.0,1.0,0.8,0.8811,0.8307,0.8165
model,xgboost,logistic_regression,2021-2023,5,unweighted,SHAP,,diag,14,5,5,1.0,0.5,0.7143,1.0,1.0,0,,,0.7934,0.6264,0.6645,0,1.0,1.0,0.8571,0.8,0.786,0.6454,0.331
model,random_forest,logistic_regression,2021-2023,5,unweighted,SHAP,,diag,14,5,5,1.0,0.3333,0.4286,1.0,1.0,0,,,0.7275,0.5385,0.6632,0,1.0,1.0,0.8571,0.8,0.7618,0.6145,0.3149
model,xgboost,random_forest,2021-2023,5,unweighted,SHAP,,lab,14,5,6,0.8333,0.8,1.0,1.0,0.8333,0,,HighBP,0.9868,0.9341,0.9674,0,0.8,1.0,1.0,1.0,0.9815,0.9806,0.9937
model,xgboost,logistic_regression,2021-2023,5,unweighted,SHAP,,lab,14,5,6,0.8333,0.4,0.6667,1.0,0.8333,0,,Sex,0.9341,0.8242,0.9192,1,1.0,0.8333,0.8571,0.9,0.96,0.9655,0.9954
model,random_forest,logistic_regression,2021-2023,5,unweighted,SHAP,,lab,14,6,6,0.7143,0.2,0.6667,0.8333,1.0,1,HighBP,Sex,0.9473,0.8462,0.917,0,0.8,0.8333,0.8571,0.9,0.9522,0.9521,0.9892
model,xgboost,random_forest,2021-2023,5,unweighted,SHAP,,total,14,5,5,0.6667,0.1667,0.5714,0.8,1.0,1,Education,HighBP,0.9516,0.8462,0.9264,0,0.8,1.0,1.0,0.9,0.9669,0.969,0.9929
model,xgboost,logistic_regression,2021-2023,5,unweighted,SHAP,,total,14,5,6,0.8333,0.3333,0.8571,1.0,0.8333,0,,HighBP,0.8945,0.7582,0.8171,0,1.0,1.0,0.8571,0.9,0.8396,0.7318,0.4563
model,random_forest,logistic_regression,2021-2023,5,unweighted,SHAP,,total,14,5,6,0.8333,0.0,0.5,1.0,0.8333,0,,Education,0.8769,0.6923,0.7781,0,0.8,1.0,0.8571,0.9,0.8189,0.7084,0.4494
label,diag,lab,2021-2023,5,unweighted,PI,xgboost,,14,5,4,0.8,0.2857,0.4286,1.0,0.8,0,HighBP,,0.6821,0.5746,0.7589,0,0.8,0.6667,0.5714,0.8,0.8852,0.8818,0.9674
label,diag,total,2021-2023,5,unweighted,PI,xgboost,,14,5,4,0.8,0.5,0.6667,1.0,0.8,0,HighBP,,0.8603,0.7072,0.8164,0,1.0,0.8333,0.7143,0.9,0.8853,0.8482,0.8532
label,lab,total,2021-2023,5,unweighted,PI,xgboost,,14,4,4,1.0,0.4286,0.4286,1.0,1.0,0,,,0.7495,0.6044,0.7701,0,0.8,0.8333,0.7143,0.8,0.8786,0.8491,0.8622
label,diag,lab,2021-2023,5,unweighted,PI,random_forest,,14,5,3,0.6,0.6,0.7143,1.0,0.6,0,"HighBP,HighChol",,0.6619,0.4778,0.5209,0,0.8,0.6667,0.8571,0.8,0.729,0.5763,0.3034
label,diag,total,2021-2023,5,unweighted,PI,random_forest,,14,5,5,1.0,1.0,1.0,1.0,1.0,0,,,0.8811,0.7,0.7193,0,1.0,0.8333,0.8571,0.9,0.7719,0.6195,0.3133
label,lab,total,2021-2023,5,unweighted,PI,random_forest,,14,3,5,0.6,0.6,0.7143,1.0,0.6,0,,"HighBP,HighChol",0.7687,0.5889,0.7388,0,0.8,0.8333,0.8571,0.8,0.8324,0.7393,0.4888
label,diag,lab,2021-2023,5,unweighted,PI,logistic_regression,,14,5,5,0.6667,0.5,1.0,0.8,1.0,1,HighBP,Education,0.8706,0.7053,0.6759,0,0.8,0.8333,1.0,0.8,0.7711,0.6134,0.3084
label,diag,total,2021-2023,5,unweighted,PI,logistic_regression,,14,5,4,0.8,0.5,0.8571,1.0,0.8,0,HighBP,,0.9621,0.8903,0.8234,0,1.0,1.0,1.0,1.0,0.82,0.6717,0.3331
label,lab,total,2021-2023,5,unweighted,PI,logistic_regression,,14,5,4,0.8,0.5,0.8571,1.0,0.8,0,Education,,0.8899,0.7529,0.8458,0,0.8,0.8333,1.0,0.8,0.8981,0.856,0.8501
model,xgboost,random_forest,2021-2023,5,unweighted,PI,,diag,14,5,5,1.0,0.3333,0.4286,1.0,1.0,0,,,0.8634,0.7111,0.7711,0,1.0,0.8333,0.8571,0.8,0.8049,0.6881,0.4373
model,xgboost,logistic_regression,2021-2023,5,unweighted,PI,,diag,14,5,5,1.0,0.75,0.8333,1.0,1.0,0,,,0.9238,0.7978,0.8782,0,1.0,0.8333,0.8571,0.9,0.9217,0.902,0.9383
model,random_forest,logistic_regression,2021-2023,5,unweighted,PI,,diag,14,5,5,1.0,0.4,0.5714,1.0,1.0,0,,,0.8442,0.7079,0.7867,0,1.0,1.0,1.0,0.8,0.8225,0.7083,0.4415
model,xgboost,random_forest,2021-2023,5,unweighted,PI,,lab,14,4,3,0.75,0.5,0.7143,1.0,0.75,0,HighChol,,0.8031,0.663,0.7564,0,1.0,1.0,0.8571,0.8,0.813,0.688,0.3726
model,xgboost,logistic_regression,2021-2023,5,unweighted,PI,,lab,14,4,5,0.8,0.3333,0.5714,1.0,0.8,0,,Education,0.7289,0.6026,0.6471,0,0.8,0.8333,0.7143,0.8,0.7604,0.6235,0.3466
model,random_forest,logistic_regression,2021-2023,5,unweighted,PI,,lab,14,3,5,0.6,0.1667,0.625,1.0,0.6,0,,"Education,HighChol",0.7575,0.6174,0.7761,0,0.8,0.8333,0.8571,0.8,0.8632,0.8285,0.8477
model,xgboost,random_forest,2021-2023,5,unweighted,PI,,total,14,4,5,0.8,0.5,0.6667,1.0,0.8,0,,HighBP,0.8691,0.7514,0.8803,1,1.0,0.8333,0.7143,0.9,0.9524,0.958,0.9943
model,xgboost,logistic_regression,2021-2023,5,unweighted,PI,,total,14,4,4,1.0,0.6,0.7143,1.0,1.0,0,,,0.8845,0.7845,0.8384,0,1.0,0.8333,0.8571,0.9,0.8621,0.7665,0.4954
model,random_forest,logistic_regression,2021-2023,5,unweighted,PI,,total,14,5,4,0.8,0.4,0.7143,1.0,0.8,0,HighBP,,0.7909,0.6631,0.7867,0,1.0,0.8333,0.8571,0.8,0.8487,0.7576,0.4951
method,SHAP,PI,2021-2023,5,unweighted,,xgboost,diag,14,5,5,1.0,0.4,0.5714,1.0,1.0,0,,,0.7393,0.5746,0.6926,0,1.0,0.8333,0.8571,0.8,0.7811,0.6473,0.3539
method,SHAP,PI,2021-2023,5,unweighted,,xgboost,lab,14,5,4,0.8,0.4286,0.5,1.0,0.8,0,Education,,0.8242,0.6484,0.7146,0,0.8,0.6667,0.7143,0.8,0.7827,0.6491,0.3603
method,SHAP,PI,2021-2023,5,unweighted,,xgboost,total,14,5,4,0.8,0.3333,0.5714,1.0,0.8,0,Education,,0.8418,0.6923,0.7886,0,0.8,0.8333,0.7143,0.8,0.8344,0.738,0.4879
method,SHAP,PI,2021-2023,5,unweighted,,random_forest,diag,14,5,5,1.0,0.2857,0.2857,1.0,1.0,0,,,0.7371,0.5083,0.5222,0,1.0,1.0,0.8571,0.8,0.6958,0.4971,0.1487
method,SHAP,PI,2021-2023,5,unweighted,,random_forest,lab,14,6,3,0.5,0.1429,0.375,1.0,0.5,0,"Education,HighBP,HighChol",,0.6403,0.5083,0.757,0,0.8,0.6667,0.7143,0.8,0.901,0.91,0.9843
method,SHAP,PI,2021-2023,5,unweighted,,random_forest,total,14,5,5,1.0,0.3333,0.4286,1.0,1.0,0,,,0.7283,0.5746,0.7471,0,1.0,0.8333,0.8571,0.7,0.8357,0.7478,0.4944
method,SHAP,PI,2021-2023,5,unweighted,,logistic_regression,diag,14,5,5,1.0,0.5,0.7143,1.0,1.0,0,,,0.9029,0.7599,0.7811,0,1.0,1.0,1.0,0.9,0.8054,0.6612,0.3325
method,SHAP,PI,2021-2023,5,unweighted,,logistic_regression,lab,14,6,5,0.8333,0.25,0.7143,1.0,0.8333,0,Sex,,0.9445,0.8528,0.896,0,1.0,1.0,1.0,0.9,0.9142,0.8783,0.8585
method,SHAP,PI,2021-2023,5,unweighted,,logistic_regression,total,14,6,4,0.6667,0.3333,1.0,1.0,0.6667,0,"Education,HighBP",,0.9645,0.8755,0.8619,0,0.8,1.0,1.0,0.9,0.8507,0.7353,0.4519
label,diag,lab,2021-2023,5,weighted,SHAP,xgboost,,14,5,5,0.6667,0.3333,0.6667,0.8,1.0,1,HighBP,Education,0.9736,0.8901,0.9265,0,0.8,1.0,1.0,0.9,0.9512,0.9345,0.9518
label,diag,total,2021-2023,5,weighted,SHAP,xgboost,,14,5,4,0.8,0.5,0.8571,1.0,0.8,0,HighBP,,0.978,0.9121,0.9438,0,1.0,1.0,1.0,0.9,0.9643,0.9509,0.958
label,lab,total,2021-2023,5,weighted,SHAP,xgboost,,14,5,4,0.8,0.3333,0.5714,1.0,0.8,0,Education,,0.9956,0.978,0.9827,0,0.8,1.0,1.0,1.0,0.9869,0.9836,0.9938
label,diag,lab,2021-2023,5,weighted,SHAP,random_forest,,14,5,5,1.0,0.6667,0.6,1.0,1.0,0,,,0.956,0.8462,0.842,0,1.0,1.0,1.0,0.9,0.838,0.719,0.4419
label,diag,total,2021-2023,5,weighted,SHAP,random_forest,,14,5,5,1.0,0.8,0.8,1.0,1.0,0,,,0.9824,0.9341,0.8793,0,1.0,1.0,1.0,1.0,0.8548,0.7317,0.4427
label,lab,total,2021-2023,5,weighted,SHAP,random_forest,,14,5,5,1.0,0.8,0.8,1.0,1.0,0,,,0.9736,0.9121,0.9627,1,1.0,1.0,1.0,0.9,0.9832,0.9873,0.9992
label,diag,lab,2021-2023,5,weighted,SHAP,logistic_regression,,14,5,6,0.5714,0.2,0.8333,0.8,0.8333,1,HighBP,"Education,Sex",0.8462,0.6703,0.7254,0,0.8,0.8333,1.0,0.9,0.7853,0.6372,0.324
label,diag,total,2021-2023,5,weighted,SHAP,logistic_regression,,14,5,5,0.6667,0.25,0.8571,0.8,1.0,1,HighBP,Education,0.8813,0.7363,0.7852,0,0.8,1.0,1.0,0.9,0.8145,0.6838,0.3677
label,lab,total,2021-2023,5,weighted,SHAP,logistic_regression,,14,6,5,0.8333,0.25,0.7143,1.0,0.8333,0,Sex,,0.9429,0.8022,0.8957,0,1.0,0.8333,1.0,1.0,0.9444,0.933,0.9549
model,xgboost,random_forest,2021-2023,5,weighted,SHAP,,diag,14,5,5,1.0,0.3333,0.4286,1.0,1.0,0,,,0.9253,0.8242,0.9137,0,1.0,1.0,1.0,0.8,0.9531,0.9533,0.9832
model,xgboost,logistic_regression,2021-2023,5,weighted,SHAP,,diag,14,5,5,1.0,0.5,0.7143,1.0,1.0,0,,,0.811,0.6703,0.7591,0,1.0,1.0,0.8571,0.8,0.813,0.688,0.3726
model,random_forest,logistic_regression,2021-2023,5,weighted,SHAP,,diag,14,5,5,1.0,0.3333,0.4286,1.0,1.0,0,,,0.7626,0.5824,0.7078,0,1.0,1.0,0.8571,0.8,0.7948,0.6624,0.357
model,xgboost,random_forest,2021-2023,5,weighted,SHAP,,lab,14,5,5,0.6667,0.6667,1.0,0.8,1.0,1,Education,HighBP,0.9824,0.9121,0.8923,0,0.8,1.0,1.0,1.0,0.8777,0.7764,0.4932
model,xgboost,logistic_regression,2021-2023,5,weighted,SHAP,,lab,14,5,6,0.8333,0.6,0.8,1.0,0.8333,0,,Sex,0.9473,0.8462,0.9268,1,1.0,0.8333,0.8571,0.9,0.9626,0.9669,0.9954
model,random_forest,logistic_regression,2021-2023,5,weighted,SHAP,,lab,14,5,6,0.5714,0.3333,0.8,0.8,0.8333,1,HighBP,"Education,Sex",0.9209,0.8022,0.8349,0,0.8,0.8333,0.8571,0.9,0.8467,0.7472,0.4887
model,xgboost,random_forest,2021-2023,5,weighted,SHAP,,total,14,4,5,0.8,0.4,0.7143,1.0,0.8,0,,HighBP,0.9516,0.8462,0.8727,0,1.0,1.0,1.0,0.9,0.88,0.7853,0.4991
model,xgboost,logistic_regression,2021-2023,5,weighted,SHAP,,total,14,4,5,0.8,0.25,0.75,1.0,0.8,0,,Education,0.8945,0.7582,0.8707,0,0.8,1.0,0.8571,0.9,0.9265,0.9154,0.95
model,random_forest,logistic_regression,2021-2023,5,weighted,SHAP,,total,14,5,5,0.6667,0.0,0.5,0.8,1.0,1,HighBP,Education,0.8769,0.6923,0.7781,0,0.8,1.0,0.8571,0.9,0.8189,0.7084,0.4494
label,diag,lab,2021-2023,5,weighted,PI,xgboost,,14,5,4,0.8,0.4286,0.5,1.0,0.8,0,HighBP,,0.7178,0.5505,0.6289,0,0.8,0.6667,0.7143,0.8,0.8013,0.7309,0.7609
label,diag,total,2021-2023,5,weighted,PI,xgboost,,14,5,5,1.0,1.0,1.0,1.0,1.0,0,,,0.9432,0.8316,0.835,0,1.0,1.0,0.8571,0.9,0.8923,0.8363,0.816
label,lab,total,2021-2023,5,weighted,PI,xgboost,,14,4,5,0.8,0.4286,0.5,1.0,0.8,0,,HighBP,0.8054,0.6746,0.7811,0,0.8,0.6667,0.7143,0.8,0.8525,0.8044,0.8186
label,diag,lab,2021-2023,5,weighted,PI,random_forest,,14,5,4,0.5,0.1667,0.7143,0.75,0.8,1,"HighBP,HighChol",Education,0.7656,0.5781,0.7171,0,0.8,0.8333,1.0,0.7,0.8245,0.7683,0.7918
label,diag,total,2021-2023,5,weighted,PI,random_forest,,14,5,5,1.0,1.0,1.0,1.0,1.0,0,,,0.9046,0.7713,0.8116,0,1.0,0.8333,1.0,0.9,0.8855,0.831,0.8147
label,lab,total,2021-2023,5,weighted,PI,random_forest,,14,4,5,0.5,0.1667,0.7143,0.75,0.8,1,Education,"HighBP,HighChol",0.9189,0.7936,0.8531,0,0.8,1.0,1.0,0.8,0.8914,0.8559,0.8521
label,diag,lab,2021-2023,5,weighted,PI,logistic_regression,,14,5,5,0.6667,0.2,0.7143,0.8,1.0,1,HighBP,Education,0.8562,0.7059,0.7371,0,0.8,1.0,1.0,0.8,0.775,0.6191,0.3105
label,diag,total,2021-2023,5,weighted,PI,logistic_regression,,14,5,5,1.0,0.6667,0.8571,1.0,1.0,0,,,0.9472,0.8706,0.9055,0,1.0,1.0,1.0,0.9,0.9223,0.8846,0.859
label,lab,total,2021-2023,5,weighted,PI,logistic_regression,,14,5,5,0.6667,0.25,0.8571,0.8,1.0,1,Education,HighBP,0.8124,0.6471,0.7688,0,0.8,1.0,1.0,0.7,0.8238,0.7149,0.4508
model,xgboost,random_forest,2021-2023,5,weighted,PI,,diag,14,5,5,1.0,0.75,0.8333,1.0,1.0,0,,,0.9432,0.8316,0.8856,0,1.0,0.8333,0.8571,0.9,0.9275,0.9054,0.9384
model,xgboost,logistic_regression,2021-2023,5,weighted,PI,,diag,14,5,5,1.0,0.75,0.8333,1.0,1.0,0,,,0.9705,0.9039,0.9048,0,1.0,0.8333,1.0,1.0,0.9182,0.8664,0.8307
model,random_forest,logistic_regression,2021-2023,5,weighted,PI,,diag,14,5,5,1.0,0.5,0.7143,1.0,1.0,0,,,0.909,0.7765,0.814,0,1.0,0.8333,0.8571,0.9,0.8555,0.7827,0.7717
model,xgboost,random_forest,2021-2023,5,weighted,PI,,lab,14,4,4,0.6,0.4286,0.6667,0.75,1.0,1,HighChol,Education,0.8862,0.7529,0.8643,0,0.8,0.6667,0.8571,0.9,0.9248,0.9178,0.9714
model,xgboost,logistic_regression,2021-2023,5,weighted,PI,,lab,14,4,5,0.8,0.5,0.6667,1.0,0.8,0,,Education,0.8254,0.7203,0.7536,0,0.8,0.6667,0.7143,0.9,0.7866,0.6518,0.3604
model,random_forest,logistic_regression,2021-2023,5,weighted,PI,,lab,14,4,5,0.8,0.4,0.7143,1.0,0.8,0,,HighChol,0.8482,0.7053,0.7601,0,1.0,1.0,0.8571,0.8,0.7921,0.661,0.357
model,xgboost,random_forest,2021-2023,5,weighted,PI,,total,14,5,5,1.0,0.75,0.8333,1.0,1.0,0,,,0.9091,0.7713,0.8645,0,1.0,0.8333,0.8571,0.9,0.9229,0.9035,0.9386
model,xgboost,logistic_regression,2021-2023,5,weighted,PI,,total,14,5,5,1.0,0.5,0.7143,1.0,1.0,0,,,0.8629,0.7765,0.9005,1,1.0,0.8333,0.8571,0.8,0.9583,0.9639,0.9953
model,random_forest,logistic_regression,2021-2023,5,weighted,PI,,total,14,5,5,1.0,0.6667,0.8571,1.0,1.0,0,,,0.8546,0.7472,0.8595,0,1.0,1.0,0.8571,0.9,0.922,0.9055,0.9405
method,SHAP,PI,2021-2023,5,weighted,,xgboost,diag,14,5,5,1.0,0.4,0.5714,1.0,1.0,0,,,0.7305,0.5707,0.7175,0,1.0,0.8333,0.8571,0.8,0.8541,0.8047,0.8123
method,SHAP,PI,2021-2023,5,weighted,,xgboost,lab,14,5,4,0.8,0.375,0.3333,1.0,0.8,0,Education,,0.7613,0.6188,0.7795,0,0.8,0.6667,0.7143,0.8,0.8748,0.8434,0.8601
method,SHAP,PI,2021-2023,5,weighted,,xgboost,total,14,4,5,0.8,0.1667,0.5,1.0,0.8,0,,HighBP,0.7756,0.6481,0.8174,0,1.0,0.8333,0.7143,0.8,0.9157,0.908,0.9523
method,SHAP,PI,2021-2023,5,weighted,,random_forest,diag,14,5,5,1.0,0.3333,0.4286,1.0,1.0,0,,,0.7223,0.5117,0.6758,0,1.0,0.8333,0.8571,0.8,0.8233,0.7592,0.7704
method,SHAP,PI,2021-2023,5,weighted,,random_forest,lab,14,5,4,0.5,0.125,0.4286,0.75,0.8,1,"HighBP,HighChol",Education,0.7395,0.5587,0.6901,0,0.8,1.0,0.8571,0.8,0.773,0.6394,0.3503
method,SHAP,PI,2021-2023,5,weighted,,random_forest,total,14,5,5,1.0,0.1667,0.375,1.0,1.0,0,,,0.8024,0.6639,0.7769,0,1.0,1.0,0.8571,0.7,0.8251,0.7308,0.4812
method,SHAP,PI,2021-2023,5,weighted,,logistic_regression,diag,14,5,5,1.0,0.2,0.5,1.0,1.0,0,,,0.8734,0.7163,0.804,0,1.0,1.0,0.8571,0.9,0.8424,0.7436,0.4818
method,SHAP,PI,2021-2023,5,weighted,,logistic_regression,lab,14,6,5,0.8333,0.2,0.5714,1.0,0.8333,0,Sex,,0.9267,0.83,0.8576,0,1.0,0.8333,0.8571,0.9,0.86,0.7655,0.4954
method,SHAP,PI,2021-2023,5,weighted,,logistic_regression,total,14,5,5,0.6667,0.0,0.75,0.8,1.0,1,Education,HighBP,0.8556,0.7391,0.8818,0,0.8,1.0,0.8571,0.8,0.9496,0.9554,0.9916
label,diag,lab,2021-2023,6,unweighted,SHAP,xgboost,,14,6,6,1.0,0.5,0.6667,1.0,1.0,0,,,0.9209,0.7802,0.7802,0,0.8,1.0,1.0,0.8,0.8077,0.6787,0.4204
label,diag,total,2021-2023,6,unweighted,SHAP,xgboost,,14,6,6,1.0,1.0,1.0,1.0,1.0,0,,,0.9648,0.8681,0.8376,0,1.0,1.0,1.0,0.9,0.8477,0.7271,0.4426
label,lab,total,2021-2023,6,unweighted,SHAP,xgboost,,14,6,6,1.0,0.5,0.6667,1.0,1.0,0,,,0.9736,0.9121,0.9419,0,0.8,1.0,1.0,0.9,0.96,0.9516,0.9778
label,diag,lab,2021-2023,6,unweighted,SHAP,random_forest,,14,5,6,0.8333,0.5,0.6,1.0,0.8333,0,,Education,0.9516,0.8681,0.8595,0,1.0,1.0,1.0,0.9,0.8741,0.8027,0.7757
label,diag,total,2021-2023,6,unweighted,SHAP,random_forest,,14,5,6,0.8333,0.5,0.6,1.0,0.8333,0,,Education,0.9956,0.978,0.9724,0,1.0,1.0,1.0,1.0,0.973,0.9573,0.9583
label,lab,total,2021-2023,6,unweighted,SHAP,random_forest,,14,6,6,1.0,1.0,1.0,1.0,1.0,0,,,0.9648,0.8901,0.8899,0,1.0,1.0,1.0,0.9,0.9011,0.8453,0.8174
label,diag,lab,2021-2023,6,unweighted,SHAP,logistic_regression,,14,6,6,1.0,0.4,0.5,1.0,1.0,0,,,0.833,0.6484,0.7299,0,0.8,1.0,1.0,0.8,0.7826,0.6388,0.326
label,diag,total,2021-2023,6,unweighted,SHAP,logistic_regression,,14,6,6,1.0,1.0,1.0,1.0,1.0,0,,,0.9692,0.8901,0.8992,0,1.0,1.0,1.0,1.0,0.9172,0.8684,0.8326
label,lab,total,2021-2023,6,unweighted,SHAP,logistic_regression,,14,6,6,1.0,0.4,0.5,1.0,1.0,0,,,0.8418,0.6703,0.7978,0,0.8,1.0,1.0,0.8,0.8546,0.7615,0.4927
model,xgboost,random_forest,2021-2023,6,unweighted,SHAP,,diag,14,6,5,0.8333,0.4,0.6667,1.0,0.8333,0,Education,,0.9077,0.7582,0.719,0,1.0,1.0,1.0,0.9,0.7898,0.6371,0.3169
model,xgboost,logistic_regression,2021-2023,6,unweighted,SHAP,,diag,14,6,6,1.0,0.75,0.8,1.0,1.0,0,,,0.8857,0.7582,0.8542,0,1.0,1.0,0.8571,0.9,0.904,0.8694,0.8574
model,random_forest,logistic_regression,2021-2023,6,unweighted,SHAP,,diag,14,5,6,0.8333,0.3333,0.5,1.0,0.8333,0,,Education,0.7451,0.5165,0.5506,0,1.0,1.0,0.8571,0.9,0.718,0.5358,0.1899
model,xgboost,random_forest,2021-2023,6,unweighted,SHAP,,lab,14,6,6,1.0,0.6,0.6,1.0,1.0,0,,,0.9516,0.8462,0.8841,0,0.8,1.0,1.0,0.9,0.9068,0.8653,0.8523
model,xgboost,logistic_regression,2021-2023,6,unweighted,SHAP,,lab,14,6,6,1.0,0.2,0.4286,1.0,1.0,0,,,0.8769,0.7582,0.8702,0,0.8,1.0,0.8571,0.9,0.9359,0.9318,0.9759
model,random_forest,logistic_regression,2021-2023,6,unweighted,SHAP,,lab,14,6,6,1.0,0.6,0.6,1.0,1.0,0,,,0.8725,0.7363,0.8325,0,0.8,1.0,0.8571,0.9,0.8935,0.8544,0.8511
model,xgboost,random_forest,2021-2023,6,unweighted,SHAP,,total,14,6,6,1.0,0.6,0.6,1.0,1.0,0,,,0.9429,0.8242,0.8353,0,1.0,1.0,1.0,0.9,0.893,0.839,0.8169
model,xgboost,logistic_regression,2021-2023,6,unweighted,SHAP,,total,14,6,6,1.0,0.75,0.8,1.0,1.0,0,,,0.9165,0.7802,0.8387,0,1.0,1.0,0.8571,0.9,0.8566,0.7564,0.483
model,random_forest,logistic_regression,2021-2023,6,unweighted,SHAP,,total,14,6,6,1.0,0.5,0.4,1.0,1.0,0,,,0.8154,0.6044,0.6395,0,1.0,1.0,0.8571,0.9,0.7738,0.6248,0.3157
label,diag,lab,2021-2023,6,unweighted,PI,xgboost,,14,5,5,1.0,0.6667,0.8571,1.0,1.0,0,,,0.8969,0.8037,0.879,0,1.0,0.8333,0.8571,0.9,0.915,0.8855,0.8704
label,diag,total,2021-2023,6,unweighted,PI,xgboost,,14,5,5,1.0,0.6667,0.8571,1.0,1.0,0,,,0.8154,0.6923,0.8547,0,1.0,1.0,0.8571,0.8,0.9332,0.9277,0.9562
label,lab,total,2021-2023,6,unweighted,PI,xgboost,,14,5,5,1.0,1.0,1.0,1.0,1.0,0,,,0.9598,0.8736,0.8944,0,1.0,0.8333,1.0,0.9,0.9037,0.8579,0.8305
label,diag,lab,2021-2023,6,unweighted,PI,random_forest,,14,5,5,1.0,0.4,0.5714,1.0,1.0,0,,,0.8278,0.6481,0.7047,0,1.0,0.8333,1.0,0.8,0.7677,0.6186,0.3141
label,diag,total,2021-2023,6,unweighted,PI,random_forest,,14,5,5,1.0,0.3333,0.4286,1.0,1.0,0,,,0.872,0.7152,0.7014,0,1.0,1.0,1.0,0.9,0.8006,0.6575,0.3322
label,lab,total,2021-2023,6,unweighted,PI,random_forest,,14,5,5,1.0,0.5,0.5,1.0,1.0,0,,,0.9024,0.7727,0.8559,0,1.0,0.8333,1.0,0.9,0.8996,0.8637,0.8557
label,diag,lab,2021-2023,6,unweighted,PI,logistic_regression,,14,5,5,0.6667,0.25,0.8571,0.8,1.0,1,HighBP,Education,0.8616,0.7053,0.7824,0,0.8,0.8333,1.0,0.8,0.8236,0.71,0.4483
label,diag,total,2021-2023,6,unweighted,PI,logistic_regression,,14,5,4,0.8,0.5,0.8571,1.0,0.8,0,HighBP,,0.8549,0.7169,0.7652,0,1.0,1.0,1.0,0.8,0.7926,0.6532,0.3322
label,lab,total,2021-2023,6,unweighted,PI,logistic_regression,,14,5,4,0.8,0.6667,1.0,1.0,0.8,0,Education,,0.8079,0.6471,0.8143,0,0.8,0.8333,1.0,0.7,0.888,0.8622,0.8647
model,xgboost,random_forest,2021-2023,6,unweighted,PI,,diag,14,5,5,1.0,1.0,1.0,1.0,1.0,0,,,0.9077,0.7582,0.7625,0,1.0,0.8333,0.8571,0.9,0.7805,0.6262,0.3138
model,xgboost,logistic_regression,2021-2023,6,unweighted,PI,,diag,14,5,5,1.0,0.5,0.7143,1.0,1.0,0,,,0.9426,0.8269,0.7462,0,1.0,1.0,0.8571,1.0,0.8049,0.6584,0.3315
model,random_forest,logistic_regression,2021-2023,6,unweighted,PI,,diag,14,5,5,1.0,0.5,0.7143,1.0,1.0,0,,,0.8631,0.7375,0.8027,0,1.0,0.8333,1.0,0.9,0.8477,0.7806,0.7725
model,xgboost,random_forest,2021-2023,6,unweighted,PI,,lab,14,5,5,1.0,0.5,0.7143,1.0,1.0,0,,,0.9144,0.7936,0.76,0,1.0,0.8333,1.0,0.8,0.8209,0.6914,0.3714
model,xgboost,logistic_regression,2021-2023,6,unweighted,PI,,lab,14,5,5,0.6667,0.3333,1.0,0.8,1.0,1,HighBP,Education,0.9478,0.8075,0.7508,0,0.8,0.8333,1.0,0.9,0.8222,0.6848,0.3656
model,random_forest,logistic_regression,2021-2023,6,unweighted,PI,,lab,14,5,5,0.6667,0.2,0.7143,0.8,1.0,1,HighBP,Education,0.942,0.8441,0.9193,0,0.8,0.8333,1.0,0.9,0.9566,0.9577,0.9903
model,xgboost,random_forest,2021-2023,6,unweighted,PI,,total,14,5,5,1.0,0.4,0.5714,1.0,1.0,0,,,0.9205,0.7822,0.8086,0,1.0,0.8333,1.0,0.9,0.8245,0.7058,0.4392
model,xgboost,logistic_regression,2021-2023,6,unweighted,PI,,total,14,5,4,0.8,0.6667,1.0,1.0,0.8,0,HighBP,,0.8223,0.6708,0.7851,0,1.0,1.0,1.0,0.8,0.836,0.7314,0.4571
model,random_forest,logistic_regression,2021-2023,6,unweighted,PI,,total,14,5,4,0.8,0.3333,0.5714,1.0,0.8,0,HighBP,,0.875,0.7516,0.8796,0,1.0,0.8333,1.0,0.8,0.9349,0.9376,0.9805
method,SHAP,PI,2021-2023,6,unweighted,,xgboost,diag,14,6,5,0.8333,0.5,0.8333,1.0,0.8333,0,Education,,0.8813,0.7363,0.8643,0,1.0,1.0,1.0,0.8,0.9311,0.9162,0.9422
method,SHAP,PI,2021-2023,6,unweighted,,xgboost,lab,14,6,5,0.8333,0.25,0.7143,1.0,0.8333,0,Education,,0.8699,0.7105,0.7366,0,0.8,0.8333,0.8571,0.9,0.7858,0.6446,0.3485
method,SHAP,PI,2021-2023,6,unweighted,,xgboost,total,14,6,5,0.8333,0.25,0.7143,1.0,0.8333,0,Education,,0.8066,0.6484,0.7567,0,1.0,1.0,0.8571,0.8,0.8159,0.7017,0.4404
method,SHAP,PI,2021-2023,6,unweighted,,random_forest,diag,14,5,5,1.0,0.4,0.5714,1.0,1.0,0,,,0.8242,0.6484,0.5949,0,1.0,0.8333,0.8571,0.9,0.6999,0.4956,0.1465
method,SHAP,PI,2021-2023,6,unweighted,,random_forest,lab,14,6,5,0.8333,0.5,0.6,1.0,0.8333,0,Education,,0.8852,0.7822,0.8895,0,1.0,1.0,0.8571,0.8,0.9477,0.9481,0.9823
method,SHAP,PI,2021-2023,6,unweighted,,random_forest,total,14,6,5,0.8333,0.4286,0.4,1.0,0.8333,0,Education,,0.7395,0.5587,0.709,0,1.0,0.8333,0.8571,0.8,0.8445,0.7985,0.812
method,SHAP,PI,2021-2023,6,unweighted,,logistic_regression,diag,14,6,5,0.8333,0.4,0.6667,1.0,0.8333,0,Education,,0.8631,0.6705,0.6298,0,1.0,1.0,1.0,0.9,0.7606,0.5831,0.2079
method,SHAP,PI,2021-2023,6,unweighted,,logistic_regression,lab,14,6,5,0.8333,0.25,0.7143,1.0,0.8333,0,HighBP,,0.9623,0.8528,0.9016,0,1.0,0.8333,1.0,1.0,0.9286,0.8967,0.8716
method,SHAP,PI,2021-2023,6,unweighted,,logistic_regression,total,14,6,4,0.6667,0.1667,0.5714,1.0,0.6667,0,"Education,HighBP",,0.9267,0.83,0.8698,0,1.0,1.0,1.0,0.8,0.8821,0.7879,0.4995
label,diag,lab,2021-2023,6,weighted,SHAP,xgboost,,14,6,4,0.6667,0.4,0.8333,1.0,0.6667,0,"HighBP,HighChol",,0.9516,0.8462,0.8861,0,0.8,1.0,1.0,0.9,0.9346,0.9107,0.9363
label,diag,total,2021-2023,6,weighted,SHAP,xgboost,,14,6,6,1.0,1.0,1.0,1.0,1.0,0,,,0.9692,0.8901,0.9244,0,1.0,1.0,1.0,0.9,0.9477,0.9271,0.9426
label,lab,total,2021-2023,6,weighted,SHAP,xgboost,,14,4,6,0.6667,0.4,0.8333,1.0,0.6667,0,,"HighBP,HighChol",0.9868,0.956,0.961,0,0.8,1.0,1.0,1.0,0.9687,0.958,0.9781
label,diag,lab,2021-2023,6,weighted,SHAP,random_forest,,14,5,6,0.8333,0.5,0.6,1.0,0.8333,0,,Education,0.9648,0.8681,0.9147,0,1.0,1.0,1.0,0.9,0.9439,0.9243,0.9424
label,diag,total,2021-2023,6,weighted,SHAP,random_forest,,14,5,5,1.0,1.0,1.0,1.0,1.0,0,,,0.9956,0.978,0.9787,0,1.0,1.0,1.0,1.0,0.9818,0.9744,0.9844
label,lab,total,2021-2023,6,weighted,SHAP,random_forest,,14,6,5,0.8333,0.5,0.6,1.0,0.8333,0,Education,,0.9736,0.8901,0.9368,0,1.0,1.0,1.0,0.9,0.9622,0.9499,0.958
label,diag,lab,2021-2023,6,weighted,SHAP,logistic_regression,,14,6,6,1.0,0.4,0.5,1.0,1.0,0,,,0.8198,0.6484,0.7975,0,0.8,1.0,1.0,0.8,0.8826,0.8388,0.826
label,diag,total,2021-2023,6,weighted,SHAP,logistic_regression,,14,6,6,1.0,1.0,1.0,1.0,1.0,0,,,0.9692,0.8901,0.8992,0,1.0,1.0,1.0,1.0,0.9172,0.8684,0.8326
label,lab,total,2021-2023,6,weighted,SHAP,logistic_regression,,14,6,6,1.0,0.4,0.5,1.0,1.0,0,,,0.8242,0.6703,0.8576,0,0.8,1.0,1.0,0.8,0.9546,0.9615,0.9927
model,xgboost,random_forest,2021-2023,6,weighted,SHAP,,diag,14,6,5,0.8333,0.1667,0.4286,1.0,0.8333,0,Education,,0.9121,0.7802,0.8143,0,1.0,1.0,1.0,0.8,0.8261,0.7107,0.4415
model,xgboost,logistic_regression,2021-2023,6,weighted,SHAP,,diag,14,6,6,1.0,0.4,0.5,1.0,1.0,0,,,0.8549,0.7143,0.848,0,1.0,1.0,0.8571,0.8,0.9135,0.8886,0.8727
model,random_forest,logistic_regression,2021-2023,6,weighted,SHAP,,diag,14,5,6,0.8333,0.3333,0.5,1.0,0.8333,0,,Education,0.7802,0.5824,0.6897,0,1.0,1.0,0.8571,0.9,0.763,0.6158,0.3149
model,xgboost,random_forest,2021-2023,6,weighted,SHAP,,lab,14,4,6,0.6667,0.2857,0.5,1.0,0.6667,0,,"HighBP,HighChol",0.9516,0.8462,0.849,0,0.8,1.0,1.0,0.9,0.854,0.7464,0.4773
model,xgboost,logistic_regression,2021-2023,6,weighted,SHAP,,lab,14,4,6,0.6667,0.1667,0.5714,1.0,0.6667,0,,"HighBP,HighChol",0.8813,0.7802,0.8803,0,0.8,1.0,0.8571,0.9,0.9359,0.9318,0.9759
model,random_forest,logistic_regression,2021-2023,6,weighted,SHAP,,lab,14,6,6,1.0,0.6,0.6,1.0,1.0,0,,,0.8549,0.7143,0.7866,0,0.8,1.0,0.8571,0.9,0.8299,0.7265,0.4754
model,xgboost,random_forest,2021-2023,6,weighted,SHAP,,total,14,6,5,0.8333,0.1667,0.4286,1.0,0.8333,0,Education,,0.9473,0.8242,0.8439,0,1.0,1.0,1.0,0.9,0.8514,0.7409,0.4573
model,xgboost,logistic_regression,2021-2023,6,weighted,SHAP,,total,14,6,6,1.0,0.4,0.5,1.0,1.0,0,,,0.8813,0.7582,0.8902,0,1.0,1.0,0.8571,0.8,0.9479,0.95,0.9827
model,random_forest,logistic_regression,2021-2023,6,weighted,SHAP,,total,14,5,6,0.8333,0.3333,0.5,1.0,0.8333,0,,Education,0.8549,0.6703,0.7728,0,1.0,1.0,0.8571,0.9,0.8188,0.7048,0.4407
label,diag,lab,2021-2023,6,weighted,PI,xgboost,,14,5,6,0.8333,0.3333,0.8571,1.0,0.8333,0,,Sex,0.88,0.7581,0.8041,0,1.0,1.0,0.8571,0.8,0.8699,0.8208,0.8154
label,diag,total,2021-2023,6,weighted,PI,xgboost,,14,5,5,1.0,0.5,0.7143,1.0,1.0,0,,,0.8376,0.7079,0.8604,0,1.0,0.8333,0.8571,0.9,0.936,0.9365,0.9797
label,lab,total,2021-2023,6,weighted,PI,xgboost,,14,6,5,0.8333,0.3333,0.8571,1.0,0.8333,0,Sex,,0.916,0.7738,0.7945,0,1.0,0.8333,1.0,0.9,0.8833,0.83,0.8147
label,diag,lab,2021-2023,6,weighted,PI,random_forest,,14,5,6,0.8333,0.6667,0.7143,1.0,0.8333,0,,Education,0.8278,0.6481,0.7077,0,1.0,0.8333,0.8571,0.8,0.7659,0.6145,0.313
label,diag,total,2021-2023,6,weighted,PI,random_forest,,14,5,5,1.0,0.4,0.5714,1.0,1.0,0,,,0.8985,0.7375,0.7423,0,1.0,1.0,1.0,0.9,0.7872,0.6356,0.3168
label,lab,total,2021-2023,6,weighted,PI,random_forest,,14,6,5,0.8333,0.2,0.5714,1.0,0.8333,0,Education,,0.929,0.8182,0.8992,0,1.0,0.8333,0.8571,0.9,0.9449,0.9406,0.9796
label,diag,lab,2021-2023,6,weighted,PI,logistic_regression,,14,5,5,0.6667,0.3333,1.0,0.8,1.0,1,HighBP,Education,0.8728,0.699,0.6988,0,0.8,0.8333,1.0,0.8,0.7776,0.6304,0.3235
label,diag,total,2021-2023,6,weighted,PI,logistic_regression,,14,5,4,0.8,0.6667,1.0,1.0,0.8,0,HighBP,,0.8933,0.7546,0.7757,0,1.0,0.8333,1.0,0.9,0.7989,0.6541,0.3303
label,lab,total,2021-2023,6,weighted,PI,logistic_regression,,14,5,4,0.8,0.6667,1.0,1.0,0.8,0,Education,,0.8618,0.7262,0.8564,0,0.8,0.8333,1.0,0.8,0.9146,0.9059,0.9484
model,xgboost,random_forest,2021-2023,6,weighted,PI,,diag,14,5,5,1.0,0.2,0.5,1.0,1.0,0,,,0.7616,0.5811,0.6859,0,1.0,1.0,0.8571,0.8,0.764,0.6168,0.3151
model,xgboost,logistic_regression,2021-2023,6,weighted,PI,,diag,14,5,5,1.0,0.6667,0.8571,1.0,1.0,0,,,0.9554,0.8672,0.8213,0,1.0,1.0,0.8571,0.9,0.8107,0.6638,0.3321
model,random_forest,logistic_regression,2021-2023,6,weighted,PI,,diag,14,5,5,1.0,0.25,0.625,1.0,1.0,0,,,0.8556,0.7391,0.8755,0,1.0,1.0,0.8571,0.8,0.9417,0.9429,0.9818
model,xgboost,random_forest,2021-2023,6,weighted,PI,,lab,14,6,6,0.7143,0.0,0.8571,0.8333,1.0,1,Sex,Education,0.9122,0.7826,0.8136,0,1.0,0.8333,1.0,0.9,0.8811,0.8275,0.8144
model,xgboost,logistic_regression,2021-2023,6,weighted,PI,,lab,14,6,5,0.5714,0.0,1.0,0.8,0.8333,1,"HighBP,Sex",Education,0.861,0.7137,0.7949,0,0.8,0.8333,1.0,0.9,0.869,0.8108,0.808
model,random_forest,logistic_regression,2021-2023,6,weighted,PI,,lab,14,6,5,0.8333,0.3333,0.8571,1.0,0.8333,0,HighBP,,0.9234,0.8173,0.8921,0,0.8,0.8333,1.0,0.8,0.9257,0.9123,0.9485
model,xgboost,random_forest,2021-2023,6,weighted,PI,,total,14,5,5,1.0,0.4,0.5714,1.0,1.0,0,,,0.9039,0.7978,0.9081,1,1.0,0.8333,0.8571,0.9,0.96,0.9655,0.9954
model,xgboost,logistic_regression,2021-2023,6,weighted,PI,,total,14,5,4,0.8,0.5,0.8571,1.0,0.8,0,HighBP,,0.804,0.6556,0.8491,0,1.0,1.0,1.0,0.8,0.9416,0.9466,0.9831
model,random_forest,logistic_regression,2021-2023,6,weighted,PI,,total,14,5,4,0.8,0.4,0.7143,1.0,0.8,0,HighBP,,0.8199,0.6854,0.8469,0,1.0,0.8333,0.8571,0.9,0.9312,0.9328,0.9795
method,SHAP,PI,2021-2023,6,weighted,,xgboost,diag,14,6,5,0.8333,0.5,0.8333,1.0,0.8333,0,Education,,0.9603,0.8716,0.9357,1,1.0,0.8333,0.8571,0.9,0.9729,0.9755,0.9961
method,SHAP,PI,2021-2023,6,weighted,,xgboost,lab,14,4,6,0.4286,0.0,0.8571,0.75,0.6667,1,Education,"HighBP,HighChol,Sex",0.835,0.6734,0.7533,0,0.8,0.8333,0.8571,0.8,0.8319,0.7699,0.7909
method,SHAP,PI,2021-2023,6,weighted,,xgboost,total,14,6,5,0.8333,0.2,0.5714,1.0,0.8333,0,Education,,0.8537,0.7293,0.8375,0,1.0,1.0,0.8571,0.9,0.922,0.9067,0.9407
method,SHAP,PI,2021-2023,6,weighted,,random_forest,diag,14,5,5,1.0,0.1667,0.375,1.0,1.0,0,,,0.6791,0.4725,0.508,0,1.0,0.8333,0.7143,0.8,0.7147,0.552,0.2695
method,SHAP,PI,2021-2023,6,weighted,,random_forest,lab,14,6,6,1.0,0.4,0.5,1.0,1.0,0,,,0.8543,0.7152,0.7786,0,1.0,1.0,0.8571,0.8,0.8181,0.7028,0.4404
method,SHAP,PI,2021-2023,6,weighted,,random_forest,total,14,5,5,1.0,0.1429,0.25,1.0,1.0,0,,,0.7837,0.6258,0.7294,0,1.0,0.8333,0.7143,0.8,0.7877,0.6744,0.436
method,SHAP,PI,2021-2023,6,weighted,,logistic_regression,diag,14,6,5,0.8333,0.2,0.5714,1.0,0.8333,0,Education,,0.8623,0.7163,0.7967,0,1.0,0.8333,1.0,0.8,0.8319,0.7239,0.4545
method,SHAP,PI,2021-2023,6,weighted,,logistic_regression,lab,14,6,5,0.8333,0.25,0.7143,1.0,0.8333,0,HighBP,,0.9373,0.8503,0.9318,1,1.0,0.8333,1.0,0.9,0.9697,0.974,0.9965
method,SHAP,PI,2021-2023,6,weighted,,logistic_regression,total,14,6,4,0.6667,0.1667,0.5714,1.0,0.6667,0,"Education,HighBP",,0.9549,0.884,0.9383,0,1.0,1.0,1.0,0.9,0.9612,0.9502,0.9582
label,diag,lab,2021-2023,7,unweighted,SHAP,xgboost,,14,5,5,0.6667,0.4,0.8333,0.8,1.0,1,HighBP,Education,0.9868,0.9341,0.9468,0,0.8,1.0,1.0,1.0,0.9567,0.939,0.952
label,diag,total,2021-2023,7,unweighted,SHAP,xgboost,,14,5,5,1.0,0.75,0.8333,1.0,1.0,0,,,0.9868,0.956,0.9827,1,1.0,1.0,1.0,0.9,0.993,0.9954,0.9999
label,lab,total,2021-2023,7,unweighted,SHAP,xgboost,,14,5,5,0.6667,0.5,1.0,0.8,1.0,1,Education,HighBP,0.9736,0.8901,0.9291,0,0.8,1.0,1.0,0.9,0.9528,0.9363,0.9519
label,diag,lab,2021-2023,7,unweighted,SHAP,random_forest,,14,5,6,0.8333,0.5,0.6,1.0,0.8333,0,,Education,0.9516,0.8681,0.8595,0,1.0,1.0,1.0,0.9,0.8741,0.8027,0.7757
label,diag,total,2021-2023,7,unweighted,SHAP,random_forest,,14,5,5,1.0,0.75,0.8333,1.0,1.0,0,,,0.9956,0.978,0.99,1,1.0,1.0,1.0,1.0,0.9952,0.9963,0.9998
label,lab,total,2021-2023,7,unweighted,SHAP,random_forest,,14,6,5,0.8333,0.3333,0.5,1.0,0.8333,0,Education,,0.9473,0.8462,0.85,0,1.0,1.0,1.0,0.9,0.8741,0.8027,0.7757
label,diag,lab,2021-2023,7,unweighted,SHAP,logistic_regression,,14,5,5,0.6667,0.4,0.8333,0.8,1.0,1,HighBP,Education,0.9341,0.8022,0.7916,0,0.8,1.0,1.0,0.9,0.7971,0.6486,0.3264
label,diag,total,2021-2023,7,unweighted,SHAP,logistic_regression,,14,5,6,0.8333,0.75,1.0,1.0,0.8333,0,,Education,0.9473,0.8242,0.8472,0,1.0,1.0,0.8571,0.9,0.8557,0.7438,0.4571
label,lab,total,2021-2023,7,unweighted,SHAP,logistic_regression,,14,5,6,0.8333,0.5,0.8333,1.0,0.8333,0,,HighBP,0.956,0.8462,0.8964,0,0.8,1.0,0.8571,1.0,0.9203,0.8864,0.8671
model,xgboost,random_forest,2021-2023,7,unweighted,SHAP,,diag,14,5,5,1.0,0.6,0.6667,1.0,1.0,0,,,0.9429,0.8462,0.8513,0,1.0,1.0,1.0,0.9,0.8951,0.8401,0.8169
model,xgboost,logistic_regression,2021-2023,7,unweighted,SHAP,,diag,14,5,5,1.0,0.6,0.6667,1.0,1.0,0,,,0.9253,0.7802,0.7299,0,1.0,1.0,0.8571,0.9,0.806,0.66,0.3318
model,random_forest,logistic_regression,2021-2023,7,unweighted,SHAP,,diag,14,5,5,1.0,0.3333,0.4286,1.0,1.0,0,,,0.8462,0.6703,0.6706,0,1.0,1.0,0.8571,0.8,0.7461,0.5801,0.2737
model,xgboost,random_forest,2021-2023,7,unweighted,SHAP,,lab,14,5,6,0.8333,0.3333,0.5,1.0,0.8333,0,,HighBP,0.9824,0.9121,0.9238,0,0.8,1.0,1.0,1.0,0.9327,0.8964,0.8682
model,xgboost,logistic_regression,2021-2023,7,unweighted,SHAP,,lab,14,5,5,1.0,0.5,0.7143,1.0,1.0,0,,,0.9253,0.7802,0.8247,0,1.0,1.0,0.8571,0.8,0.8416,0.7325,0.4563
model,random_forest,logistic_regression,2021-2023,7,unweighted,SHAP,,lab,14,6,5,0.8333,0.1429,0.2857,1.0,0.8333,0,HighBP,,0.8769,0.6923,0.7372,0,0.8,1.0,0.8571,0.8,0.7775,0.6309,0.3245
model,xgboost,random_forest,2021-2023,7,unweighted,SHAP,,total,14,5,5,1.0,0.5,0.7143,1.0,1.0,0,,,0.9341,0.8242,0.843,0,1.0,1.0,1.0,0.9,0.892,0.8381,0.8169
model,xgboost,logistic_regression,2021-2023,7,unweighted,SHAP,,total,14,5,6,0.8333,0.5,0.8333,1.0,0.8333,0,,Education,0.9648,0.8681,0.8456,0,1.0,1.0,1.0,0.9,0.8437,0.7122,0.3747
model,random_forest,logistic_regression,2021-2023,7,unweighted,SHAP,,total,14,5,6,0.8333,0.2,0.5714,1.0,0.8333,0,,Education,0.8637,0.6923,0.6514,0,1.0,1.0,1.0,0.8,0.7807,0.6303,0.3165
label,diag,lab,2021-2023,7,unweighted,PI,xgboost,,14,4,3,0.75,0.5,0.7143,1.0,0.75,0,HighChol,,0.8418,0.7363,0.8751,1,1.0,0.8333,0.8571,0.9,0.9542,0.9621,0.9953
label,diag,total,2021-2023,7,unweighted,PI,xgboost,,14,4,4,1.0,0.8,0.8333,1.0,1.0,0,,,0.8977,0.7956,0.9108,0,0.8,1.0,1.0,0.9,0.9585,0.9641,0.9928
label,lab,total,2021-2023,7,unweighted,PI,xgboost,,14,3,4,0.75,0.6667,0.8333,1.0,0.75,0,,HighChol,0.9505,0.884,0.9271,0,0.8,0.8333,0.8571,1.0,0.9613,0.9589,0.9895
label,diag,lab,2021-2023,7,unweighted,PI,random_forest,,14,5,4,0.8,0.6,0.8333,1.0,0.8,0,HighBP,,0.8969,0.7338,0.7986,0,1.0,0.8333,0.7143,0.9,0.8826,0.8364,0.8276
label,diag,total,2021-2023,7,unweighted,PI,random_forest,,14,5,4,0.8,0.6,0.8333,1.0,0.8,0,HighBP,,0.8985,0.7375,0.8207,0,0.8,0.8333,0.8571,0.9,0.8782,0.8303,0.823
label,lab,total,2021-2023,7,unweighted,PI,random_forest,,14,4,4,1.0,1.0,1.0,1.0,1.0,0,,,0.9053,0.7699,0.8544,0,0.8,0.6667,0.7143,0.9,0.9014,0.8884,0.9439
label,diag,lab,2021-2023,7,unweighted,PI,logistic_regression,,14,5,5,0.6667,0.5,1.0,0.8,1.0,1,HighBP,Education,0.9424,0.8409,0.8372,0,0.8,1.0,1.0,1.0,0.8935,0.8334,0.8114
label,diag,total,2021-2023,7,unweighted,PI,logistic_regression,,14,5,4,0.8,0.5,0.8571,1.0,0.8,0,HighBP,,0.9645,0.8864,0.8966,0,0.8,1.0,1.0,1.0,0.9117,0.859,0.827
label,lab,total,2021-2023,7,unweighted,PI,logistic_regression,,14,5,4,0.8,0.5,0.8571,1.0,0.8,0,Education,,0.9867,0.9545,0.9498,0,1.0,1.0,1.0,1.0,0.9548,0.9317,0.9427
model,xgboost,random_forest,2021-2023,7,unweighted,PI,,diag,14,4,5,0.8,0.75,1.0,1.0,0.8,0,,HighBP,0.9473,0.8242,0.8499,0,1.0,0.8333,1.0,0.9,0.9085,0.8603,0.8306
model,xgboost,logistic_regression,2021-2023,7,unweighted,PI,,diag,14,4,5,0.8,0.75,1.0,1.0,0.8,0,,HighBP,0.8676,0.6705,0.779,0,1.0,0.8333,0.8571,0.8,0.8891,0.8445,0.8291
model,random_forest,logistic_regression,2021-2023,7,unweighted,PI,,diag,14,5,5,1.0,1.0,1.0,1.0,1.0,0,,,0.9117,0.8046,0.9131,1,1.0,0.8333,0.8571,0.9,0.965,0.9698,0.9959
model,xgboost,random_forest,2021-2023,7,unweighted,PI,,lab,14,3,4,0.75,0.4286,0.5714,1.0,0.75,0,,HighChol,0.8429,0.7338,0.8691,1,1.0,0.8333,0.7143,0.8,0.9367,0.9467,0.9936
model,xgboost,logistic_regression,2021-2023,7,unweighted,PI,,lab,14,3,5,0.6,0.3333,0.7143,1.0,0.6,0,,"Education,HighChol",0.9029,0.7822,0.875,0,0.8,0.8333,0.8571,0.9,0.9308,0.9258,0.9737
model,random_forest,logistic_regression,2021-2023,7,unweighted,PI,,lab,14,4,5,0.8,0.6,0.8333,1.0,0.8,0,,Education,0.9279,0.8173,0.8976,0,0.8,1.0,0.8571,0.9,0.9433,0.9369,0.9762
model,xgboost,random_forest,2021-2023,7,unweighted,PI,,total,14,4,4,1.0,0.6667,0.6667,1.0,1.0,0,,,0.8995,0.7866,0.8826,0,1.0,0.8333,0.8571,0.8,0.9291,0.9201,0.9536
model,xgboost,logistic_regression,2021-2023,7,unweighted,PI,,total,14,4,4,1.0,0.6,0.7143,1.0,1.0,0,,,0.8995,0.7529,0.8514,0,0.8,0.8333,0.8571,0.9,0.922,0.9087,0.9477
model,random_forest,logistic_regression,2021-2023,7,unweighted,PI,,total,14,4,4,1.0,0.6,0.7143,1.0,1.0,0,,,0.8847,0.7386,0.8682,0,0.8,0.6667,0.8571,0.9,0.9372,0.94,0.987
method,SHAP,PI,2021-2023,7,unweighted,,xgboost,diag,14,5,4,0.8,0.3333,0.5714,1.0,0.8,0,HighBP,,0.8198,0.6703,0.7621,0,1.0,0.8333,0.7143,0.8,0.8157,0.708,0.4523
method,SHAP,PI,2021-2023,7,unweighted,,xgboost,lab,14,5,3,0.6,0.6,1.0,1.0,0.6,0,"Education,HighChol",,0.8989,0.7363,0.8141,0,0.8,0.8333,0.8571,0.8,0.849,0.7517,0.4895
method,SHAP,PI,2021-2023,7,unweighted,,xgboost,total,14,5,4,0.8,0.6,0.8333,1.0,0.8,0,HighBP,,0.8515,0.6851,0.7598,0,0.8,0.8333,0.7143,0.9,0.8123,0.699,0.4464
method,SHAP,PI,2021-2023,7,unweighted,,random_forest,diag,14,5,5,1.0,0.1667,0.375,1.0,1.0,0,,,0.7538,0.5165,0.5197,0,1.0,0.8333,0.7143,0.8,0.7205,0.5542,0.2693
method,SHAP,PI,2021-2023,7,unweighted,,random_forest,lab,14,6,4,0.6667,0.4286,0.6,1.0,0.6667,0,"Education,HighBP",,0.8429,0.7105,0.7689,0,1.0,1.0,0.8571,0.8,0.8124,0.6858,0.3722
method,SHAP,PI,2021-2023,7,unweighted,,random_forest,total,14,5,4,0.8,0.1429,0.375,1.0,0.8,0,HighBP,,0.638,0.4693,0.5641,0,0.8,0.6667,0.7143,0.8,0.7188,0.5674,0.3023
method,SHAP,PI,2021-2023,7,unweighted,,logistic_regression,diag,14,5,5,1.0,0.4,0.5714,1.0,1.0,0,,,0.8896,0.7822,0.8491,0,1.0,1.0,1.0,0.9,0.8764,0.783,0.4991
method,SHAP,PI,2021-2023,7,unweighted,,logistic_regression,lab,14,5,5,1.0,0.5,0.7143,1.0,1.0,0,,,0.9161,0.8269,0.8942,0,1.0,1.0,1.0,0.9,0.9322,0.9156,0.9418
method,SHAP,PI,2021-2023,7,unweighted,,logistic_regression,total,14,6,4,0.6667,0.2,0.7143,1.0,0.6667,0,"Education,HighBP",,0.9117,0.7822,0.8688,0,0.8,1.0,0.8571,0.9,0.9139,0.8811,0.8668
label,diag,lab,2021-2023,7,weighted,SHAP,xgboost,,14,5,5,0.6667,0.5,1.0,0.8,1.0,1,HighBP,Education,0.9736,0.8901,0.9313,0,0.8,1.0,1.0,1.0,0.9541,0.9376,0.952
label,diag,total,2021-2023,7,weighted,SHAP,xgboost,,14,5,5,1.0,1.0,1.0,1.0,1.0,0,,,0.9604,0.8901,0.9585,1,1.0,1.0,1.0,0.9,0.9872,0.992,0.9998
label,lab,total,2021-2023,7,weighted,SHAP,xgboost,,14,5,5,0.6667,0.5,1.0,0.8,1.0,1,Education,HighBP,0.978,0.9121,0.9377,0,0.8,1.0,1.0,0.9,0.9528,0.9363,0.9519
label,diag,lab,2021-2023,7,weighted,SHAP,random_forest,,14,5,6,0.8333,0.5,0.6,1.0,0.8333,0,,Education,0.9736,0.9121,0.8999,0,1.0,1.0,1.0,0.9,0.9059,0.849,0.8176
label,diag,total,2021-2023,7,weighted,SHAP,random_forest,,14,5,5,1.0,0.75,0.8333,1.0,1.0,0,,,0.9956,0.978,0.9606,0,1.0,1.0,1.0,1.0,0.955,0.92,0.875
label,lab,total,2021-2023,7,weighted,SHAP,random_forest,,14,6,5,0.8333,0.3333,0.5,1.0,0.8333,0,Education,,0.9824,0.9341,0.9413,0,1.0,1.0,1.0,0.9,0.9509,0.929,0.9426
label,diag,lab,2021-2023,7,weighted,SHAP,logistic_regression,,14,5,5,0.6667,0.4,0.8333,0.8,1.0,1,HighBP,Education,0.9429,0.8242,0.7986,0,0.8,1.0,1.0,0.9,0.7992,0.6496,0.3264
label,diag,total,2021-2023,7,weighted,SHAP,logistic_regression,,14,5,6,0.8333,0.75,1.0,1.0,0.8333,0,,Education,0.9473,0.8242,0.8472,0,1.0,1.0,0.8571,0.9,0.8557,0.7438,0.4571
label,lab,total,2021-2023,7,weighted,SHAP,logistic_regression,,14,5,6,0.8333,0.5,0.8333,1.0,0.8333,0,,HighBP,0.9648,0.8681,0.9034,0,0.8,1.0,0.8571,1.0,0.9225,0.8875,0.8671
model,xgboost,random_forest,2021-2023,7,weighted,SHAP,,diag,14,5,5,1.0,0.4,0.5714,1.0,1.0,0,,,0.9385,0.8242,0.8141,0,1.0,1.0,1.0,0.9,0.8164,0.6794,0.3585
model,xgboost,logistic_regression,2021-2023,7,weighted,SHAP,,diag,14,5,5,1.0,0.75,0.8333,1.0,1.0,0,,,0.9253,0.8022,0.7947,0,1.0,1.0,0.8571,0.9,0.806,0.66,0.3318
model,random_forest,logistic_regression,2021-2023,7,weighted,SHAP,,diag,14,5,5,1.0,0.3333,0.4286,1.0,1.0,0,,,0.8637,0.7143,0.7313,0,1.0,1.0,0.8571,0.8,0.7731,0.6228,0.3154
model,xgboost,random_forest,2021-2023,7,weighted,SHAP,,lab,14,5,6,0.8333,0.3333,0.5,1.0,0.8333,0,,HighBP,0.9736,0.8901,0.8822,0,0.8,1.0,1.0,1.0,0.8729,0.7727,0.493
model,xgboost,logistic_regression,2021-2023,7,weighted,SHAP,,lab,14,5,5,1.0,0.5,0.7143,1.0,1.0,0,,,0.9341,0.8242,0.9027,0,1.0,1.0,0.8571,0.8,0.9437,0.9336,0.9563
model,random_forest,logistic_regression,2021-2023,7,weighted,SHAP,,lab,14,6,5,0.8333,0.1429,0.2857,1.0,0.8333,0,HighBP,,0.8769,0.7143,0.7827,0,0.8,1.0,0.8571,0.8,0.8198,0.7082,0.4493
model,xgboost,random_forest,2021-2023,7,weighted,SHAP,,total,14,5,5,1.0,0.5,0.7143,1.0,1.0,0,,,0.9385,0.8242,0.8508,0,1.0,1.0,1.0,0.8,0.8601,0.7581,0.4834
model,xgboost,logistic_regression,2021-2023,7,weighted,SHAP,,total,14,5,6,0.8333,0.5,0.8333,1.0,0.8333,0,,Education,0.978,0.9121,0.9339,0,1.0,1.0,1.0,0.9,0.9437,0.9122,0.8747
model,random_forest,logistic_regression,2021-2023,7,weighted,SHAP,,total,14,5,6,0.8333,0.2,0.5714,1.0,0.8333,0,,Education,0.8857,0.7363,0.7755,0,1.0,1.0,1.0,0.8,0.8077,0.6729,0.3582
label,diag,lab,2021-2023,7,weighted,PI,xgboost,,14,4,4,1.0,0.6,0.7143,1.0,1.0,0,,,0.8458,0.6556,0.8337,0,1.0,0.8333,0.8571,0.8,0.9293,0.922,0.9541
label,diag,total,2021-2023,7,weighted,PI,xgboost,,14,4,4,1.0,0.6,0.7143,1.0,1.0,0,,,0.8843,0.8081,0.9162,1,1.0,1.0,0.8571,0.9,0.964,0.973,0.9979
label,lab,total,2021-2023,7,weighted,PI,xgboost,,14,4,4,1.0,0.5,0.75,1.0,1.0,0,,,0.8101,0.6793,0.8426,0,1.0,0.8333,0.8571,0.8,0.9233,0.9155,0.9534
label,diag,lab,2021-2023,7,weighted,PI,random_forest,,14,6,5,0.8333,0.5,0.8333,1.0,0.8333,0,HeartDiseaseorAttack,,0.8753,0.7294,0.7095,0,1.0,0.8333,1.0,0.9,0.7853,0.6292,0.3143
label,diag,total,2021-2023,7,weighted,PI,random_forest,,14,6,4,0.6667,0.25,0.8571,1.0,0.6667,0,"GenHlth,HeartDiseaseorAttack",,0.9022,0.8,0.8139,0,1.0,1.0,1.0,0.9,0.8356,0.7046,0.374
label,lab,total,2021-2023,7,weighted,PI,random_forest,,14,5,4,0.8,0.4,0.7143,1.0,0.8,0,GenHlth,,0.964,0.8824,0.8787,0,1.0,0.8333,1.0,1.0,0.8952,0.8371,0.8149
label,diag,lab,2021-2023,7,weighted,PI,logistic_regression,,14,5,6,0.8333,0.5,0.8333,1.0,0.8333,0,,Education,0.9171,0.7641,0.7742,0,0.8,1.0,1.0,0.9,0.8116,0.6814,0.4205
label,diag,total,2021-2023,7,weighted,PI,logistic_regression,,14,5,5,1.0,0.75,0.8333,1.0,1.0,0,,,0.9956,0.9773,0.9899,1,1.0,1.0,1.0,1.0,0.9952,0.9963,0.9998
label,lab,total,2021-2023,7,weighted,PI,logistic_regression,,14,6,5,0.8333,0.6667,1.0,1.0,0.8333,0,Education,,0.926,0.7866,0.7839,0,0.8,1.0,1.0,0.9,0.8116,0.6814,0.4205
model,xgboost,random_forest,2021-2023,7,weighted,PI,,diag,14,4,6,0.6667,0.1667,0.5714,1.0,0.6667,0,,"HeartDiseaseorAttack,HighBP",0.861,0.7203,0.7186,0,1.0,1.0,0.8571,0.8,0.8027,0.6681,0.3573
model,xgboost,logistic_regression,2021-2023,7,weighted,PI,,diag,14,4,5,0.8,0.8,1.0,1.0,0.8,0,,HighBP,0.9437,0.8427,0.9181,0,1.0,0.8333,0.8571,0.9,0.9499,0.9474,0.9805
model,random_forest,logistic_regression,2021-2023,7,weighted,PI,,diag,14,6,5,0.8333,0.2,0.5714,1.0,0.8333,0,HeartDiseaseorAttack,,0.8438,0.7053,0.7144,0,1.0,0.8333,0.8571,0.9,0.815,0.6855,0.3704
model,xgboost,random_forest,2021-2023,7,weighted,PI,,lab,14,4,5,0.8,0.4,0.7143,1.0,0.8,0,,HighBP,0.9344,0.8346,0.8292,0,1.0,1.0,0.8571,0.9,0.8298,0.7008,0.3735
model,xgboost,logistic_regression,2021-2023,7,weighted,PI,,lab,14,4,6,0.6667,0.25,0.8571,1.0,0.6667,0,,"Education,HighBP",0.9548,0.8556,0.8435,0,0.8,0.8333,1.0,1.0,0.854,0.7446,0.4755
model,random_forest,logistic_regression,2021-2023,7,weighted,PI,,lab,14,5,6,0.8333,0.5,0.8333,1.0,0.8333,0,,Education,0.8821,0.7317,0.8214,0,0.8,0.8333,0.8571,0.9,0.8864,0.8468,0.849
model,xgboost,random_forest,2021-2023,7,weighted,PI,,total,14,4,4,0.6,0.5,1.0,0.75,1.0,1,GenHlth,HighBP,0.9137,0.8195,0.851,0,1.0,1.0,1.0,0.9,0.8614,0.7594,0.4835
model,xgboost,logistic_regression,2021-2023,7,weighted,PI,,total,14,4,5,0.8,0.5,0.8571,1.0,0.8,0,,HighBP,0.8195,0.6988,0.8489,0,1.0,0.8333,0.8571,0.9,0.9338,0.9342,0.9795
model,random_forest,logistic_regression,2021-2023,7,weighted,PI,,total,14,4,5,0.8,0.5,0.8571,1.0,0.8,0,,GenHlth,0.9197,0.7978,0.8437,0,1.0,0.8333,0.8571,0.9,0.866,0.7707,0.4959
method,SHAP,PI,2021-2023,7,weighted,,xgboost,diag,14,5,4,0.8,0.3333,0.5714,1.0,0.8,0,HighBP,,0.7415,0.6188,0.8282,1,1.0,0.8333,0.8571,0.7,0.9417,0.953,0.9949
method,SHAP,PI,2021-2023,7,weighted,,xgboost,lab,14,5,4,0.8,0.5,0.8571,1.0,0.8,0,Education,,0.9043,0.7735,0.8897,0,0.8,0.8333,0.8571,0.9,0.9469,0.9491,0.9892
method,SHAP,PI,2021-2023,7,weighted,,xgboost,total,14,5,4,0.8,0.2,0.625,1.0,0.8,0,HighBP,,0.6586,0.5241,0.7857,1,1.0,0.8333,0.7143,0.7,0.9233,0.9365,0.9931
method,SHAP,PI,2021-2023,7,weighted,,random_forest,diag,14,5,6,0.8333,0.2,0.375,1.0,0.8333,0,,HeartDiseaseorAttack,0.6445,0.5117,0.7122,0,1.0,0.8333,0.7143,0.7,0.8173,0.7313,0.4926
method,SHAP,PI,2021-2023,7,weighted,,random_forest,lab,14,6,5,0.8333,0.5,0.6,1.0,0.8333,0,Education,,0.7667,0.6254,0.7971,0,1.0,0.8333,0.7143,0.8,0.887,0.863,0.8684
method,SHAP,PI,2021-2023,7,weighted,,random_forest,total,14,5,4,0.8,0.0,0.4444,1.0,0.8,0,GenHlth,,0.7489,0.6254,0.8276,1,1.0,0.8333,0.7143,0.8,0.9272,0.9392,0.9932
method,SHAP,PI,2021-2023,7,weighted,,logistic_regression,diag,14,5,5,1.0,0.3333,0.4286,1.0,1.0,0,,,0.8278,0.6481,0.7195,0,1.0,1.0,1.0,0.8,0.7775,0.6283,0.3165
method,SHAP,PI,2021-2023,7,weighted,,logistic_regression,lab,14,5,6,0.8333,0.25,0.7143,1.0,0.8333,0,,HighBP,0.8867,0.7735,0.8005,0,0.8,1.0,1.0,0.9,0.8212,0.7003,0.4356
method,SHAP,PI,2021-2023,7,weighted,,logistic_regression,total,14,6,5,0.8333,0.2,0.5714,1.0,0.8333,0,Education,,0.8543,0.7152,0.8364,0,1.0,1.0,0.8571,0.8,0.8969,0.8635,0.857
label,diag,lab,2021-2023,8,unweighted,SHAP,xgboost,,14,5,5,0.6667,0.3333,0.6667,0.8,1.0,1,HighBP,Education,0.978,0.8901,0.9254,0,0.8,1.0,0.8571,1.0,0.9453,0.9287,0.9507
label,diag,total,2021-2023,8,unweighted,SHAP,xgboost,,14,5,5,1.0,0.75,0.8333,1.0,1.0,0,,,0.9912,0.956,0.9624,0,1.0,1.0,1.0,1.0,0.9682,0.9536,0.9581
label,lab,total,2021-2023,8,unweighted,SHAP,xgboost,,14,5,5,0.6667,0.4,0.8333,0.8,1.0,1,Education,HighBP,0.9868,0.9341,0.963,0,0.8,1.0,0.8571,1.0,0.9771,0.9751,0.9926
label,diag,lab,2021-2023,8,unweighted,SHAP,random_forest,,14,5,6,0.8333,0.6667,0.75,1.0,0.8333,0,,Education,0.9429,0.8242,0.7988,0,1.0,1.0,1.0,0.9,0.8741,0.8027,0.7757
label,diag,total,2021-2023,8,unweighted,SHAP,random_forest,,14,5,5,1.0,0.8333,0.75,1.0,1.0,0,,,0.9604,0.8901,0.8482,0,1.0,1.0,1.0,1.0,0.8828,0.8091,0.776
label,lab,total,2021-2023,8,unweighted,SHAP,random_forest,,14,6,5,0.8333,0.8333,1.0,1.0,0.8333,0,Education,,0.9824,0.9341,0.9596,0,1.0,1.0,1.0,0.9,0.9731,0.968,0.9841
label,diag,lab,2021-2023,8,unweighted,SHAP,logistic_regression,,14,5,5,0.6667,0.4,0.8333,0.8,1.0,1,HighBP,Education,0.9429,0.8462,0.802,0,0.8,1.0,1.0,1.0,0.8069,0.6565,0.327
label,diag,total,2021-2023,8,unweighted,SHAP,logistic_regression,,14,5,5,1.0,0.5,0.7143,1.0,1.0,0,,,0.9692,0.8901,0.8327,0,1.0,1.0,1.0,1.0,0.8189,0.6701,0.3328
label,lab,total,2021-2023,8,unweighted,SHAP,logistic_regression,,14,5,5,0.6667,0.4,0.8333,0.8,1.0,1,Education,HighBP,0.9648,0.8681,0.8879,0,0.8,1.0,1.0,1.0,0.9041,0.8532,0.8266
model,xgboost,random_forest,2021-2023,8,unweighted,SHAP,,diag,14,5,5,1.0,0.5,0.5,1.0,1.0,0,,,0.9121,0.7802,0.7366,0,1.0,1.0,1.0,0.9,0.7898,0.6371,0.3169
model,xgboost,logistic_regression,2021-2023,8,unweighted,SHAP,,diag,14,5,5,1.0,0.75,0.8333,1.0,1.0,0,,,0.9165,0.7802,0.785,0,1.0,1.0,0.8571,0.9,0.8,0.6548,0.3313
model,random_forest,logistic_regression,2021-2023,8,unweighted,SHAP,,diag,14,5,5,1.0,0.3333,0.4286,1.0,1.0,0,,,0.8066,0.6044,0.6443,0,1.0,1.0,0.8571,0.8,0.7408,0.5771,0.2737
model,xgboost,random_forest,2021-2023,8,unweighted,SHAP,,lab,14,5,6,0.8333,0.5,0.6,1.0,0.8333,0,,HighBP,0.956,0.8462,0.8478,0,0.8,1.0,0.8571,1.0,0.8471,0.7396,0.4763
model,xgboost,logistic_regression,2021-2023,8,unweighted,SHAP,,lab,14,5,5,1.0,0.3333,0.4286,1.0,1.0,0,,,0.9473,0.8681,0.9118,0,1.0,1.0,1.0,0.9,0.9324,0.9027,0.8739
model,random_forest,logistic_regression,2021-2023,8,unweighted,SHAP,,lab,14,6,5,0.8333,0.2857,0.3333,1.0,0.8333,0,HighBP,,0.9165,0.7582,0.7705,0,0.8,1.0,0.8571,0.9,0.7983,0.6569,0.3512
model,xgboost,random_forest,2021-2023,8,unweighted,SHAP,,total,14,5,5,1.0,0.5,0.5,1.0,1.0,0,,,0.9516,0.8462,0.8727,0,1.0,1.0,1.0,0.9,0.88,0.7853,0.4991
model,xgboost,logistic_regression,2021-2023,8,unweighted,SHAP,,total,14,5,5,1.0,0.5,0.7143,1.0,1.0,0,,,0.9121,0.8022,0.8928,0,1.0,1.0,0.8571,0.9,0.9402,0.9311,0.9561
model,random_forest,logistic_regression,2021-2023,8,unweighted,SHAP,,total,14,5,5,1.0,0.2857,0.2857,1.0,1.0,0,,,0.8505,0.6923,0.7834,0,1.0,1.0,0.8571,0.8,0.8282,0.7221,0.4555
label,diag,lab,2021-2023,8,unweighted,PI,xgboost,,14,5,3,0.6,0.5,0.8333,1.0,0.6,0,"HighBP,HighChol",,0.9127,0.7978,0.895,0,0.8,0.8333,0.8571,0.9,0.955,0.9554,0.9897
label,diag,total,2021-2023,8,unweighted,PI,xgboost,,14,5,5,1.0,0.75,0.8333,1.0,1.0,0,,,0.9468,0.8864,0.9515,1,1.0,1.0,0.8571,0.9,0.9806,0.9841,0.9985
label,lab,total,2021-2023,8,unweighted,PI,xgboost,,14,3,5,0.6,0.6,1.0,1.0,0.6,0,,"HighBP,HighChol",0.9149,0.7978,0.8992,0,0.8,0.8333,1.0,0.8,0.9587,0.9602,0.9907
label,diag,lab,2021-2023,8,unweighted,PI,random_forest,,14,5,5,0.6667,0.3333,0.4286,0.8,1.0,1,HighBP,Education,0.5826,0.4162,0.6126,0,0.8,0.8333,0.7143,0.7,0.7438,0.6126,0.3462
label,diag,total,2021-2023,8,unweighted,PI,random_forest,,14,5,4,0.5,0.1429,0.5714,0.75,0.8,1,"HighBP,HighChol",Education,0.8332,0.6631,0.7307,0,0.8,1.0,1.0,0.8,0.7866,0.6521,0.3519
label,lab,total,2021-2023,8,unweighted,PI,random_forest,,14,5,4,0.8,0.4286,0.5,1.0,0.8,0,HighChol,,0.7801,0.6854,0.8364,0,0.8,0.8333,0.7143,0.9,0.9285,0.9326,0.9873
label,diag,lab,2021-2023,8,unweighted,PI,logistic_regression,,14,5,5,0.6667,0.25,0.8571,0.8,1.0,1,HighBP,Education,0.9732,0.9134,0.9541,0,0.8,1.0,0.8571,0.9,0.9754,0.9734,0.9925
label,diag,total,2021-2023,8,unweighted,PI,logistic_regression,,14,5,5,0.6667,0.25,0.8571,0.8,1.0,1,HighBP,Education,0.9705,0.9039,0.9486,0,0.8,1.0,0.8571,1.0,0.9733,0.9709,0.9921
label,lab,total,2021-2023,8,unweighted,PI,logistic_regression,,14,5,5,1.0,1.0,1.0,1.0,1.0,0,,,0.9776,0.9357,0.9738,1,1.0,1.0,1.0,0.9,0.9901,0.9921,0.9994
model,xgboost,random_forest,2021-2023,8,unweighted,PI,,diag,14,5,5,1.0,0.1667,0.375,1.0,1.0,0,,,0.6942,0.5087,0.6443,0,1.0,1.0,0.8571,0.7,0.7973,0.6767,0.372
model,xgboost,logistic_regression,2021-2023,8,unweighted,PI,,diag,14,5,5,1.0,0.4,0.5714,1.0,1.0,0,,,0.8884,0.8209,0.8598,0,1.0,1.0,0.8571,0.9,0.8688,0.7755,0.498
model,random_forest,logistic_regression,2021-2023,8,unweighted,PI,,diag,14,5,5,1.0,0.5,0.7143,1.0,1.0,0,,,0.8517,0.7294,0.7869,0,1.0,1.0,1.0,0.8,0.8237,0.6975,0.3738
model,xgboost,random_forest,2021-2023,8,unweighted,PI,,lab,14,3,5,0.6,0.25,0.4286,1.0,0.6,0,,"Education,HighChol",0.7403,0.5731,0.7352,0,0.8,1.0,0.8571,0.8,0.824,0.7246,0.4758
model,xgboost,logistic_regression,2021-2023,8,unweighted,PI,,lab,14,3,5,0.6,0.4,0.8571,1.0,0.6,0,,"Education,HighChol",0.9304,0.8315,0.8494,0,0.8,0.8333,0.8571,0.9,0.8564,0.7553,0.4894
model,random_forest,logistic_regression,2021-2023,8,unweighted,PI,,lab,14,5,5,1.0,0.1667,0.375,1.0,1.0,0,,,0.7029,0.5568,0.7863,0,1.0,0.8333,0.7143,0.8,0.9106,0.9154,0.9777
model,xgboost,random_forest,2021-2023,8,unweighted,PI,,total,14,5,4,0.5,0.3333,0.8333,0.75,0.8,1,"HighBP,HighChol",Education,0.8685,0.7079,0.7834,0,0.8,1.0,0.8571,0.8,0.8346,0.7317,0.476
model,xgboost,logistic_regression,2021-2023,8,unweighted,PI,,total,14,5,5,0.6667,0.25,0.8571,0.8,1.0,1,HighBP,Education,0.9415,0.841,0.8614,0,0.8,1.0,0.8571,0.8,0.8578,0.7617,0.4921
model,random_forest,logistic_regression,2021-2023,8,unweighted,PI,,total,14,4,5,0.8,0.4,0.7143,1.0,0.8,0,,HighChol,0.9473,0.8316,0.905,0,0.8,1.0,0.8571,0.9,0.9375,0.9348,0.9763
method,SHAP,PI,2021-2023,8,unweighted,,xgboost,diag,14,5,5,1.0,0.6,0.6667,1.0,1.0,0,,,0.9294,0.8269,0.9096,0,1.0,1.0,0.8571,0.9,0.951,0.94,0.9568
method,SHAP,PI,2021-2023,8,unweighted,,xgboost,lab,14,5,3,0.6,0.5,0.8333,1.0,0.6,0,"Education,HighChol",,0.8823,0.7514,0.8837,0,0.8,0.8333,0.8571,0.8,0.9458,0.9497,0.9895
method,SHAP,PI,2021-2023,8,unweighted,,xgboost,total,14,5,5,1.0,1.0,1.0,1.0,1.0,0,,,0.9559,0.9163,0.9666,1,1.0,1.0,1.0,0.9,0.9856,0.9902,0.9996
method,SHAP,PI,2021-2023,8,unweighted,,random_forest,diag,14,5,5,1.0,0.3333,0.4286,1.0,1.0,0,,,0.7,0.5117,0.6265,0,1.0,1.0,0.8571,0.8,0.7274,0.5667,0.273
method,SHAP,PI,2021-2023,8,unweighted,,random_forest,lab,14,6,5,0.8333,0.4286,0.1667,1.0,0.8333,0,HighBP,,0.6645,0.5364,0.7496,0,0.8,0.8333,0.8571,0.7,0.9043,0.9058,0.9726
method,SHAP,PI,2021-2023,8,unweighted,,random_forest,total,14,5,4,0.5,0.375,0.6,0.75,0.8,1,"HighBP,HighChol",Education,0.8097,0.663,0.8281,0,0.8,1.0,0.8571,0.8,0.924,0.9246,0.9758
method,SHAP,PI,2021-2023,8,unweighted,,logistic_regression,diag,14,5,5,1.0,0.5,0.7143,1.0,1.0,0,,,0.8201,0.6481,0.6359,0,1.0,1.0,0.8571,0.8,0.7882,0.6464,0.331
method,SHAP,PI,2021-2023,8,unweighted,,logistic_regression,lab,14,5,5,1.0,0.5,0.7143,1.0,1.0,0,,,0.8455,0.7152,0.7824,0,1.0,1.0,1.0,0.8,0.8206,0.6955,0.3738
method,SHAP,PI,2021-2023,8,unweighted,,logistic_regression,total,14,5,5,0.6667,0.25,0.8571,0.8,1.0,1,HighBP,Education,0.9014,0.7804,0.819,0,0.8,1.0,1.0,0.8,0.8276,0.7175,0.4509
label,diag,lab,2021-2023,8,weighted,SHAP,xgboost,,14,5,4,0.8,0.6,0.8333,1.0,0.8,0,HighBP,,0.9824,0.9121,0.938,0,0.8,1.0,1.0,1.0,0.9529,0.9362,0.9519
label,diag,total,2021-2023,8,weighted,SHAP,xgboost,,14,5,5,1.0,0.75,0.8333,1.0,1.0,0,,,0.9912,0.956,0.9624,0,1.0,1.0,1.0,1.0,0.9682,0.9536,0.9581
label,lab,total,2021-2023,8,weighted,SHAP,xgboost,,14,4,5,0.8,0.75,1.0,1.0,0.8,0,,HighBP,0.9912,0.956,0.9756,0,0.8,1.0,1.0,1.0,0.9847,0.9826,0.9937
label,diag,lab,2021-2023,8,weighted,SHAP,random_forest,,14,5,5,1.0,0.6667,0.6,1.0,1.0,0,,,0.978,0.9121,0.8703,0,1.0,1.0,1.0,0.9,0.8509,0.729,0.4426
label,diag,total,2021-2023,8,weighted,SHAP,random_forest,,14,5,5,1.0,1.0,1.0,1.0,1.0,0,,,0.9956,0.978,0.9787,0,1.0,1.0,1.0,1.0,0.9818,0.9744,0.9844
label,lab,total,2021-2023,8,weighted,SHAP,random_forest,,14,5,5,1.0,0.6667,0.6,1.0,1.0,0,,,0.9868,0.9341,0.8924,0,1.0,1.0,1.0,0.9,0.8691,0.7546,0.4582
label,diag,lab,2021-2023,8,weighted,SHAP,logistic_regression,,14,5,5,0.6667,0.4,0.8333,0.8,1.0,1,HighBP,Education,0.9516,0.8462,0.8572,0,0.8,1.0,1.0,1.0,0.9069,0.8565,0.827
label,diag,total,2021-2023,8,weighted,SHAP,logistic_regression,,14,5,5,1.0,0.5,0.7143,1.0,1.0,0,,,0.9824,0.9341,0.9198,0,1.0,1.0,1.0,1.0,0.922,0.8721,0.8328
label,lab,total,2021-2023,8,weighted,SHAP,logistic_regression,,14,5,5,0.6667,0.4,0.8333,0.8,1.0,1,Education,HighBP,0.9604,0.8681,0.9209,0,0.8,1.0,1.0,1.0,0.9459,0.9313,0.9515
model,xgboost,random_forest,2021-2023,8,weighted,SHAP,,diag,14,5,5,1.0,0.5,0.5,1.0,1.0,0,,,0.956,0.8681,0.933,0,1.0,1.0,1.0,0.9,0.9618,0.9597,0.9835
model,xgboost,logistic_regression,2021-2023,8,weighted,SHAP,,diag,14,5,5,1.0,0.75,0.8333,1.0,1.0,0,,,0.9253,0.8022,0.8639,0,1.0,1.0,0.8571,0.9,0.9,0.8548,0.8313
model,random_forest,logistic_regression,2021-2023,8,weighted,SHAP,,diag,14,5,5,1.0,0.3333,0.4286,1.0,1.0,0,,,0.8374,0.6703,0.7938,0,1.0,1.0,0.8571,0.8,0.8678,0.8198,0.8154
model,xgboost,random_forest,2021-2023,8,weighted,SHAP,,lab,14,4,5,0.8,0.5,0.6667,1.0,0.8,0,,HighBP,0.9692,0.8681,0.8716,0,0.8,1.0,1.0,1.0,0.8729,0.7727,0.493
model,xgboost,logistic_regression,2021-2023,8,weighted,SHAP,,lab,14,4,5,0.8,0.3333,0.5714,1.0,0.8,0,,Education,0.9385,0.8681,0.9383,1,1.0,1.0,0.8571,0.9,0.9698,0.9752,0.9978
model,random_forest,logistic_regression,2021-2023,8,weighted,SHAP,,lab,14,5,5,0.6667,0.2857,0.5,0.8,1.0,1,HighBP,Education,0.9121,0.7802,0.8292,0,0.8,1.0,0.8571,0.9,0.8567,0.7588,0.4916
model,xgboost,random_forest,2021-2023,8,weighted,SHAP,,total,14,5,5,1.0,0.3333,0.4286,1.0,1.0,0,,,0.9516,0.8462,0.9161,0,1.0,1.0,1.0,0.9,0.953,0.9427,0.9575
model,xgboost,logistic_regression,2021-2023,8,weighted,SHAP,,total,14,5,5,1.0,0.5,0.7143,1.0,1.0,0,,,0.9077,0.7802,0.8849,0,1.0,1.0,0.8571,0.9,0.9402,0.9311,0.9561
model,random_forest,logistic_regression,2021-2023,8,weighted,SHAP,,total,14,5,5,1.0,0.1429,0.25,1.0,1.0,0,,,0.8418,0.7143,0.874,1,1.0,1.0,0.8571,0.8,0.952,0.9628,0.9972
label,diag,lab,2021-2023,8,weighted,PI,xgboost,,14,5,3,0.6,0.2857,0.5714,1.0,0.6,0,"HighBP,HighChol",,0.7116,0.5731,0.7445,0,0.6,0.6667,0.7143,0.8,0.8856,0.8781,0.9628
label,diag,total,2021-2023,8,weighted,PI,xgboost,,14,5,5,1.0,0.4,0.5714,1.0,1.0,0,,,0.8906,0.7641,0.8719,0,1.0,1.0,0.8571,0.9,0.9368,0.9273,0.9557
label,lab,total,2021-2023,8,weighted,PI,xgboost,,14,3,5,0.6,0.6,1.0,1.0,0.6,0,,"HighBP,HighChol",0.8535,0.6778,0.7706,0,0.6,0.6667,0.8571,0.9,0.8916,0.8636,0.9237
label,diag,lab,2021-2023,8,weighted,PI,random_forest,,14,5,5,0.6667,0.5,0.5,0.8,1.0,1,HighBP,Education,0.3701,0.321,0.2721,0,0.8,0.6667,0.7143,0.8,0.6736,0.4979,0.2448
label,diag,total,2021-2023,8,weighted,PI,random_forest,,14,5,4,0.5,0.25,1.0,0.75,0.8,1,"HighBP,HighChol",HeartDiseaseorAttack,0.8352,0.6882,0.5601,0,0.8,1.0,1.0,0.9,0.6648,0.4328,0.0867
label,lab,total,2021-2023,8,weighted,PI,random_forest,,14,5,4,0.5,0.1667,0.5,0.75,0.8,1,"Education,HighChol",HeartDiseaseorAttack,0.5755,0.4716,0.6548,0,0.6,0.6667,0.7143,0.8,0.8104,0.7535,0.7961
label,diag,lab,2021-2023,8,weighted,PI,logistic_regression,,14,5,5,0.6667,0.5,1.0,0.8,1.0,1,HighBP,Education,0.9569,0.8765,0.9183,0,0.8,0.8333,1.0,0.9,0.943,0.9254,0.9493
label,diag,total,2021-2023,8,weighted,PI,logistic_regression,,14,5,5,1.0,0.5,0.7143,1.0,1.0,0,,,0.9603,0.8716,0.9423,1,1.0,0.8333,1.0,1.0,0.9714,0.9757,0.9966
label,lab,total,2021-2023,8,weighted,PI,logistic_regression,,14,5,5,0.6667,0.2,0.7143,0.8,1.0,1,Education,HighBP,0.9571,0.8619,0.9151,0,0.8,1.0,1.0,0.9,0.9405,0.9268,0.9513
model,xgboost,random_forest,2021-2023,8,weighted,PI,,diag,14,5,5,1.0,0.0,0.3333,1.0,1.0,0,,,0.517,0.2843,0.3941,0,1.0,0.8333,0.7143,0.7,0.6519,0.4584,0.1436
model,xgboost,logistic_regression,2021-2023,8,weighted,PI,,diag,14,5,5,1.0,0.4,0.5714,1.0,1.0,0,,,0.8581,0.7045,0.7694,0,1.0,0.8333,0.8571,0.9,0.8109,0.693,0.4376
model,random_forest,logistic_regression,2021-2023,8,weighted,PI,,diag,14,5,5,1.0,0.25,0.625,1.0,1.0,0,,,0.5893,0.3316,0.398,0,1.0,0.8333,0.7143,0.7,0.6611,0.4656,0.1441
model,xgboost,random_forest,2021-2023,8,weighted,PI,,lab,14,3,5,0.6,0.125,0.375,1.0,0.6,0,,"Education,HighChol",0.6503,0.5388,0.6491,0,0.6,0.6667,0.7143,0.8,0.7293,0.5899,0.3372
model,xgboost,logistic_regression,2021-2023,8,weighted,PI,,lab,14,3,5,0.6,0.3333,0.7143,1.0,0.6,0,,"Education,HighChol",0.7566,0.5889,0.7112,0,0.6,0.6667,0.8571,0.8,0.796,0.6889,0.4643
model,random_forest,logistic_regression,2021-2023,8,weighted,PI,,lab,14,5,5,1.0,0.4,0.5714,1.0,1.0,0,,,0.6728,0.5153,0.7371,0,1.0,0.8333,0.7143,0.7,0.8617,0.8327,0.8527
model,xgboost,random_forest,2021-2023,8,weighted,PI,,total,14,5,4,0.5,0.0,0.4444,0.75,0.8,1,"HighBP,HighChol",HeartDiseaseorAttack,0.5324,0.399,0.5975,0,0.8,0.8333,0.7143,0.7,0.7558,0.6447,0.429
model,xgboost,logistic_regression,2021-2023,8,weighted,PI,,total,14,5,5,1.0,1.0,1.0,1.0,1.0,0,,,0.8889,0.7072,0.7726,0,1.0,1.0,0.8571,0.9,0.828,0.712,0.4412
model,random_forest,logistic_regression,2021-2023,8,weighted,PI,,total,14,4,5,0.5,0.0,0.4444,0.75,0.8,1,HeartDiseaseorAttack,"HighBP,HighChol",0.6199,0.481,0.6923,0,0.8,0.8333,0.7143,0.8,0.8676,0.8531,0.9294
method,SHAP,PI,2021-2023,8,weighted,,xgboost,diag,14,5,5,1.0,0.3333,0.4286,1.0,1.0,0,,,0.8322,0.6928,0.8309,0,1.0,1.0,0.8571,0.8,0.9121,0.8975,0.9399
method,SHAP,PI,2021-2023,8,weighted,,xgboost,lab,14,4,3,0.75,0.8,1.0,1.0,0.75,0,HighChol,,0.8603,0.6851,0.8117,0,0.6,0.6667,0.8571,0.9,0.9085,0.8995,0.9651
method,SHAP,PI,2021-2023,8,weighted,,xgboost,total,14,5,5,1.0,1.0,1.0,1.0,1.0,0,,,0.9329,0.8619,0.913,0,1.0,1.0,1.0,0.9,0.9403,0.9219,0.9423
method,SHAP,PI,2021-2023,8,weighted,,random_forest,diag,14,5,5,1.0,0.1667,0.375,1.0,1.0,0,,,0.5642,0.3145,0.3863,0,1.0,0.8333,0.7143,0.8,0.659,0.4631,0.1438
method,SHAP,PI,2021-2023,8,weighted,,random_forest,lab,14,5,5,0.6667,0.2857,0.2857,0.8,1.0,1,HighBP,Education,0.6856,0.5474,0.7397,0,0.8,0.8333,0.7143,0.7,0.847,0.8146,0.8462
method,SHAP,PI,2021-2023,8,weighted,,random_forest,total,14,5,4,0.5,0.0,0.375,0.75,0.8,1,"HighBP,HighChol",HeartDiseaseorAttack,0.5399,0.3848,0.587,0,0.8,0.8333,0.7143,0.8,0.7629,0.6493,0.4292
method,SHAP,PI,2021-2023,8,weighted,,logistic_regression,diag,14,5,5,1.0,0.5,0.7143,1.0,1.0,0,,,0.8764,0.7375,0.7522,0,1.0,0.8333,1.0,0.9,0.7977,0.6514,0.3299
method,SHAP,PI,2021-2023,8,weighted,,logistic_regression,lab,14,5,5,1.0,0.4,0.5714,1.0,1.0,0,,,0.8889,0.7735,0.8439,0,1.0,1.0,1.0,0.8,0.8735,0.7812,0.499
method,SHAP,PI,2021-2023,8,weighted,,logistic_regression,total,14,5,5,1.0,0.5,0.7143,1.0,1.0,0,,,0.8769,0.7582,0.8412,0,1.0,1.0,1.0,0.9,0.8668,0.7768,0.4988
label,diag,lab,2021-2023,9,unweighted,SHAP,xgboost,,14,5,5,0.6667,0.5,1.0,0.8,1.0,1,HighBP,Education,0.9692,0.8681,0.858,0,0.8,1.0,1.0,0.9,0.849,0.7335,0.4518
label,diag,total,2021-2023,9,unweighted,SHAP,xgboost,,14,5,5,1.0,1.0,1.0,1.0,1.0,0,,,0.9824,0.9121,0.8844,0,1.0,1.0,1.0,1.0,0.866,0.7525,0.4581
label,lab,total,2021-2023,9,unweighted,SHAP,xgboost,,14,5,5,0.6667,0.5,1.0,0.8,1.0,1,Education,HighBP,0.978,0.9121,0.9541,0,0.8,1.0,1.0,0.9,0.9782,0.9772,0.9934
label,diag,lab,2021-2023,9,unweighted,SHAP,random_forest,,14,5,6,0.8333,0.6667,0.75,1.0,0.8333,0,,Education,0.9341,0.8242,0.8376,0,1.0,1.0,1.0,0.9,0.8681,0.7974,0.7752
label,diag,total,2021-2023,9,unweighted,SHAP,random_forest,,14,5,5,1.0,0.6,0.6667,1.0,1.0,0,,,0.9604,0.8901,0.8695,0,1.0,1.0,1.0,0.9,0.8789,0.8064,0.7759
label,lab,total,2021-2023,9,unweighted,SHAP,random_forest,,14,6,5,0.8333,0.3333,0.5,1.0,0.8333,0,Education,,0.9824,0.9341,0.9682,1,1.0,1.0,1.0,1.0,0.9892,0.991,0.9993
label,diag,lab,2021-2023,9,unweighted,SHAP,logistic_regression,,14,5,6,0.8333,0.2,0.5714,1.0,0.8333,0,,Education,0.9077,0.7363,0.7686,0,0.8,1.0,1.0,0.9,0.7945,0.6471,0.3264
label,diag,total,2021-2023,9,unweighted,SHAP,logistic_regression,,14,5,5,1.0,0.6667,0.8571,1.0,1.0,0,,,0.9604,0.8681,0.9165,0,1.0,1.0,1.0,1.0,0.9363,0.9066,0.8742
label,lab,total,2021-2023,9,unweighted,SHAP,logistic_regression,,14,6,5,0.8333,0.1667,0.4286,1.0,0.8333,0,Education,,0.9253,0.7802,0.8201,0,0.8,1.0,1.0,0.9,0.8373,0.7249,0.4512
model,xgboost,random_forest,2021-2023,9,unweighted,SHAP,,diag,14,5,5,1.0,0.3333,0.4286,1.0,1.0,0,,,0.9165,0.7802,0.7343,0,1.0,1.0,1.0,0.9,0.793,0.639,0.3169
model,xgboost,logistic_regression,2021-2023,9,unweighted,SHAP,,diag,14,5,5,1.0,0.6667,0.8571,1.0,1.0,0,,,0.8901,0.7802,0.8759,0,1.0,1.0,0.8571,0.9,0.92,0.8927,0.8728
model,random_forest,logistic_regression,2021-2023,9,unweighted,SHAP,,diag,14,5,5,1.0,0.1667,0.375,1.0,1.0,0,,,0.8154,0.6044,0.6127,0,1.0,1.0,0.8571,0.9,0.7748,0.6244,0.3155
model,xgboost,random_forest,2021-2023,9,unweighted,SHAP,,lab,14,5,6,0.8333,0.3333,0.5,1.0,0.8333,0,,HighBP,0.978,0.9121,0.9242,0,0.8,1.0,1.0,0.9,0.9332,0.8972,0.8684
model,xgboost,logistic_regression,2021-2023,9,unweighted,SHAP,,lab,14,5,6,0.8333,0.1667,0.4286,1.0,0.8333,0,,HighBP,0.9473,0.8681,0.9394,1,1.0,1.0,0.8571,0.9,0.9752,0.9794,0.9981
model,random_forest,logistic_regression,2021-2023,9,unweighted,SHAP,,lab,14,6,6,1.0,0.8,0.75,1.0,1.0,0,,,0.9253,0.7802,0.8619,0,0.8,1.0,0.8571,0.9,0.9123,0.8793,0.8666
model,xgboost,random_forest,2021-2023,9,unweighted,SHAP,,total,14,5,5,1.0,0.5,0.7143,1.0,1.0,0,,,0.9824,0.9341,0.9393,0,1.0,1.0,1.0,1.0,0.9442,0.911,0.8743
model,xgboost,logistic_regression,2021-2023,9,unweighted,SHAP,,total,14,5,5,1.0,1.0,1.0,1.0,1.0,0,,,0.9385,0.8242,0.8491,0,1.0,1.0,0.8571,0.9,0.851,0.7413,0.457
model,random_forest,logistic_regression,2021-2023,9,unweighted,SHAP,,total,14,5,5,1.0,0.5,0.7143,1.0,1.0,0,,,0.8901,0.7582,0.7781,0,1.0,1.0,0.8571,0.9,0.7952,0.6523,0.3313
label,diag,lab,2021-2023,9,unweighted,PI,xgboost,,14,5,5,0.6667,0.5,0.8,0.8,1.0,1,HighBP,Income,0.9023,0.8073,0.908,0,0.8,0.8333,1.0,0.9,0.9518,0.9552,0.9902
label,diag,total,2021-2023,9,unweighted,PI,xgboost,,14,5,5,1.0,0.8,0.8,1.0,1.0,0,,,0.9522,0.8804,0.8873,0,1.0,1.0,1.0,0.9,0.8796,0.785,0.4991
label,lab,total,2021-2023,9,unweighted,PI,xgboost,,14,5,5,0.6667,0.6,1.0,0.8,1.0,1,Income,HighBP,0.9659,0.884,0.8789,0,0.8,0.8333,1.0,1.0,0.8691,0.7683,0.4911
label,diag,lab,2021-2023,9,unweighted,PI,random_forest,,14,5,5,1.0,0.8,0.8,1.0,1.0,0,,,0.9197,0.7978,0.6984,0,1.0,1.0,1.0,0.9,0.7503,0.5619,0.1923
label,diag,total,2021-2023,9,unweighted,PI,random_forest,,14,5,6,0.8333,0.75,1.0,1.0,0.8333,0,,Education,0.942,0.8441,0.7339,0,1.0,1.0,1.0,0.9,0.7733,0.5913,0.2082
label,lab,total,2021-2023,9,unweighted,PI,random_forest,,14,5,6,0.8333,0.6,0.8,1.0,0.8333,0,,Education,0.991,0.9529,0.968,0,1.0,1.0,1.0,1.0,0.977,0.9707,0.9842
label,diag,lab,2021-2023,9,unweighted,PI,logistic_regression,,14,5,4,0.8,0.6667,1.0,1.0,0.8,0,HighBP,,0.8954,0.7444,0.7884,0,0.8,1.0,1.0,0.9,0.8183,0.6866,0.3678
label,diag,total,2021-2023,9,unweighted,PI,logistic_regression,,14,5,5,1.0,0.6667,0.8571,1.0,1.0,0,,,0.9416,0.8111,0.7746,0,1.0,1.0,1.0,0.9,0.8377,0.7069,0.3742
label,lab,total,2021-2023,9,unweighted,PI,logistic_regression,,14,4,5,0.8,0.5,0.8571,1.0,0.8,0,,HighBP,0.9108,0.7889,0.8737,0,0.8,1.0,1.0,0.9,0.9183,0.8866,0.8678
model,xgboost,random_forest,2021-2023,9,unweighted,PI,,diag,14,5,5,1.0,0.8,0.8,1.0,1.0,0,,,0.8906,0.7053,0.5648,0,1.0,0.8333,1.0,1.0,0.7114,0.5058,0.1477
model,xgboost,logistic_regression,2021-2023,9,unweighted,PI,,diag,14,5,5,1.0,0.4,0.5714,1.0,1.0,0,,,0.8032,0.6746,0.7481,0,1.0,0.8333,0.8571,0.8,0.8003,0.6726,0.3694
model,random_forest,logistic_regression,2021-2023,9,unweighted,PI,,diag,14,5,5,1.0,0.5,0.7143,1.0,1.0,0,,,0.7448,0.5506,0.5775,0,1.0,1.0,0.8571,0.8,0.692,0.4929,0.1482
model,xgboost,random_forest,2021-2023,9,unweighted,PI,,lab,14,5,5,0.6667,0.5,0.8,0.8,1.0,1,Income,HighBP,0.9401,0.8073,0.7701,0,0.8,0.8333,1.0,1.0,0.7955,0.6438,0.3242
model,xgboost,logistic_regression,2021-2023,9,unweighted,PI,,lab,14,5,4,0.8,0.75,0.7143,1.0,0.8,0,Income,,0.7767,0.6188,0.7132,0,0.8,0.8333,0.8571,0.8,0.7872,0.6575,0.3633
model,random_forest,logistic_regression,2021-2023,9,unweighted,PI,,lab,14,5,4,0.8,0.3333,0.5714,1.0,0.8,0,HighBP,,0.8165,0.6517,0.8181,0,0.8,1.0,0.8571,0.8,0.9124,0.903,0.9491
model,xgboost,random_forest,2021-2023,9,unweighted,PI,,total,14,5,6,0.8333,0.75,1.0,1.0,0.8333,0,,Education,0.9589,0.8804,0.8803,0,1.0,0.8333,1.0,1.0,0.8941,0.8374,0.815
model,xgboost,logistic_regression,2021-2023,9,unweighted,PI,,total,14,5,5,1.0,0.75,0.8333,1.0,1.0,0,,,0.8689,0.7444,0.886,1,1.0,0.8333,0.8571,0.8,0.9551,0.9619,0.9953
model,random_forest,logistic_regression,2021-2023,9,unweighted,PI,,total,14,6,5,0.8333,0.5,0.8333,1.0,0.8333,0,Education,,0.8376,0.686,0.8032,0,1.0,1.0,0.8571,0.8,0.8747,0.8246,0.8156
method,SHAP,PI,2021-2023,9,unweighted,,xgboost,diag,14,5,5,1.0,0.6,0.6667,1.0,1.0,0,,,0.9423,0.83,0.9041,0,1.0,0.8333,1.0,0.9,0.9459,0.9333,0.9549
method,SHAP,PI,2021-2023,9,unweighted,,xgboost,lab,14,5,5,0.6667,0.4,0.8333,0.8,1.0,1,Education,Income,0.9253,0.8022,0.8417,0,0.8,0.8333,1.0,0.9,0.8566,0.7577,0.4903
method,SHAP,PI,2021-2023,9,unweighted,,xgboost,total,14,5,5,1.0,0.75,0.8333,1.0,1.0,0,,,0.9549,0.8619,0.9362,1,1.0,0.8333,1.0,0.9,0.9702,0.9744,0.9965
method,SHAP,PI,2021-2023,9,unweighted,,random_forest,diag,14,5,5,1.0,0.5,0.5,1.0,1.0,0,,,0.9029,0.8046,0.7866,0,1.0,1.0,1.0,0.9,0.8054,0.6612,0.3325
method,SHAP,PI,2021-2023,9,unweighted,,random_forest,lab,14,6,5,0.8333,0.4286,0.4,1.0,0.8333,0,Education,,0.9401,0.8528,0.9211,0,1.0,1.0,1.0,0.9,0.9504,0.9412,0.9575
method,SHAP,PI,2021-2023,9,unweighted,,random_forest,total,14,5,6,0.8333,0.2,0.5714,1.0,0.8333,0,,Education,0.9178,0.83,0.8983,0,1.0,1.0,1.0,0.9,0.9322,0.9156,0.9418
method,SHAP,PI,2021-2023,9,unweighted,,logistic_regression,diag,14,5,5,1.0,1.0,1.0,1.0,1.0,0,,,0.9417,0.8177,0.7728,0,1.0,1.0,1.0,0.9,0.8146,0.6684,0.333
method,SHAP,PI,2021-2023,9,unweighted,,logistic_regression,lab,14,6,4,0.6667,0.1667,0.5714,1.0,0.6667,0,"Education,HighBP",,0.9659,0.9061,0.9337,0,1.0,1.0,1.0,0.9,0.9432,0.9129,0.8748
method,SHAP,PI,2021-2023,9,unweighted,,logistic_regression,total,14,5,5,1.0,1.0,1.0,1.0,1.0,0,,,0.9659,0.884,0.8764,0,1.0,1.0,1.0,1.0,0.865,0.7529,0.4583
label,diag,lab,2021-2023,9,weighted,SHAP,xgboost,,14,5,5,0.6667,0.2,0.7143,0.8,1.0,1,HighBP,Education,0.9736,0.8901,0.9256,0,0.8,1.0,1.0,1.0,0.9459,0.93,0.9513
label,diag,total,2021-2023,9,weighted,SHAP,xgboost,,14,5,5,1.0,0.6667,0.8571,1.0,1.0,0,,,0.9956,0.978,0.9888,1,1.0,1.0,1.0,1.0,0.994,0.9948,0.9995
label,lab,total,2021-2023,9,weighted,SHAP,xgboost,,14,5,5,0.6667,0.4,0.8333,0.8,1.0,1,Education,HighBP,0.9824,0.9121,0.9368,0,0.8,1.0,1.0,1.0,0.9519,0.9353,0.9518
label,diag,lab,2021-2023,9,weighted,SHAP,random_forest,,14,5,6,0.8333,0.6667,0.75,1.0,0.8333,0,,Education,0.9604,0.8462,0.9033,0,1.0,1.0,1.0,1.0,0.9387,0.9198,0.9419
label,diag,total,2021-2023,9,weighted,SHAP,random_forest,,14,5,5,1.0,0.8,0.8,1.0,1.0,0,,,0.9824,0.9341,0.9421,0,1.0,1.0,1.0,1.0,0.9516,0.9298,0.9427
label,lab,total,2021-2023,9,weighted,SHAP,random_forest,,14,6,5,0.8333,0.5,0.6,1.0,0.8333,0,Education,,0.978,0.9121,0.9612,1,1.0,1.0,1.0,1.0,0.9871,0.99,0.9993
label,diag,lab,2021-2023,9,weighted,SHAP,logistic_regression,,14,5,6,0.8333,0.25,0.7143,1.0,0.8333,0,,Education,0.8901,0.7363,0.8099,0,0.8,1.0,1.0,0.9,0.8406,0.7287,0.4517
label,diag,total,2021-2023,9,weighted,SHAP,logistic_regression,,14,5,5,1.0,0.6667,0.8571,1.0,1.0,0,,,0.9429,0.8462,0.9361,1,1.0,1.0,1.0,0.9,0.9774,0.9839,0.9991
label,lab,total,2021-2023,9,weighted,SHAP,logistic_regression,,14,6,5,0.8333,0.2,0.5714,1.0,0.8333,0,Education,,0.9077,0.7582,0.8104,0,0.8,1.0,1.0,0.9,0.8325,0.7211,0.451
model,xgboost,random_forest,2021-2023,9,weighted,SHAP,,diag,14,5,5,1.0,0.4,0.5714,1.0,1.0,0,,,0.9341,0.8022,0.8418,0,1.0,1.0,1.0,0.9,0.857,0.756,0.4833
model,xgboost,logistic_regression,2021-2023,9,weighted,SHAP,,diag,14,5,5,1.0,0.3333,0.75,1.0,1.0,0,,,0.8374,0.7582,0.8938,1,1.0,1.0,0.8571,0.8,0.9552,0.9648,0.9972
model,random_forest,logistic_regression,2021-2023,9,weighted,SHAP,,diag,14,5,5,1.0,0.1667,0.375,1.0,1.0,0,,,0.8242,0.6484,0.7733,0,1.0,1.0,0.8571,0.8,0.8386,0.7409,0.4818
model,xgboost,random_forest,2021-2023,9,weighted,SHAP,,lab,14,5,6,0.8333,0.5,0.6,1.0,0.8333,0,,HighBP,0.9516,0.8462,0.8624,0,0.8,1.0,1.0,0.9,0.8691,0.77,0.4929
model,xgboost,logistic_regression,2021-2023,9,weighted,SHAP,,lab,14,5,6,0.8333,0.4,0.6667,1.0,0.8333,0,,HighBP,0.9253,0.8242,0.8625,0,1.0,1.0,0.8571,0.9,0.8698,0.7764,0.498
model,random_forest,logistic_regression,2021-2023,9,weighted,SHAP,,lab,14,6,6,1.0,0.6,0.6,1.0,1.0,0,,,0.9077,0.7582,0.8808,0,0.8,1.0,0.8571,0.9,0.9539,0.9567,0.9913
model,xgboost,random_forest,2021-2023,9,weighted,SHAP,,total,14,5,5,1.0,0.4,0.5714,1.0,1.0,0,,,0.9429,0.8022,0.8338,0,1.0,1.0,1.0,0.9,0.8514,0.7409,0.4573
model,xgboost,logistic_regression,2021-2023,9,weighted,SHAP,,total,14,5,5,1.0,1.0,1.0,1.0,1.0,0,,,0.9209,0.8022,0.9203,1,1.0,1.0,0.8571,0.9,0.9732,0.9802,0.9985
model,random_forest,logistic_regression,2021-2023,9,weighted,SHAP,,total,14,5,5,1.0,0.4,0.5714,1.0,1.0,0,,,0.9033,0.7802,0.8272,0,1.0,1.0,0.8571,0.9,0.8402,0.7323,0.4563
label,diag,lab,2021-2023,9,weighted,PI,xgboost,,14,5,4,0.8,0.1667,0.5,1.0,0.8,0,HighBP,,0.6597,0.4802,0.574,0,0.8,0.8333,0.7143,0.8,0.682,0.4965,0.1797
label,diag,total,2021-2023,9,weighted,PI,xgboost,,14,5,5,1.0,0.2,0.5,1.0,1.0,0,,,0.742,0.5945,0.7727,0,1.0,0.8333,0.8571,0.8,0.8843,0.8493,0.854
label,lab,total,2021-2023,9,weighted,PI,xgboost,,14,4,5,0.8,0.5,0.6667,1.0,0.8,0,,HighBP,0.9152,0.7667,0.7572,0,0.8,0.8333,0.8571,1.0,0.7819,0.6311,0.3226
label,diag,lab,2021-2023,9,weighted,PI,random_forest,,14,5,5,1.0,0.6667,0.8571,1.0,1.0,0,,,0.95,0.8118,0.8109,0,1.0,1.0,1.0,1.0,0.8382,0.7194,0.4419
label,diag,total,2021-2023,9,weighted,PI,random_forest,,14,5,6,0.8333,0.5,1.0,1.0,0.8333,0,,Education,0.9481,0.8315,0.8388,0,0.8,1.0,1.0,0.9,0.8378,0.7241,0.451
label,lab,total,2021-2023,9,weighted,PI,random_forest,,14,5,6,0.8333,0.3333,0.8571,1.0,0.8333,0,,Education,0.9353,0.8441,0.8947,0,0.8,1.0,1.0,0.9,0.9272,0.9056,0.9361
label,diag,lab,2021-2023,9,weighted,PI,logistic_regression,,14,5,4,0.8,0.4,0.7143,1.0,0.8,0,HighBP,,0.8933,0.7546,0.8403,0,0.8,1.0,1.0,0.9,0.8945,0.8459,0.8262
label,diag,total,2021-2023,9,weighted,PI,logistic_regression,,14,5,4,0.8,0.4,0.7143,1.0,0.8,0,HighBP,,0.9571,0.8619,0.91,0,1.0,1.0,1.0,0.9,0.9377,0.9069,0.8742
label,lab,total,2021-2023,9,weighted,PI,logistic_regression,,14,4,4,1.0,1.0,1.0,1.0,1.0,0,,,0.8978,0.7845,0.8828,0,0.8,1.0,1.0,0.8,0.9382,0.9247,0.9511
model,xgboost,random_forest,2021-2023,9,weighted,PI,,diag,14,5,5,1.0,0.3333,0.75,1.0,1.0,0,,,0.7965,0.6517,0.756,0,1.0,0.8333,0.8571,0.8,0.8205,0.7122,0.4529
model,xgboost,logistic_regression,2021-2023,9,weighted,PI,,diag,14,5,5,1.0,0.0,0.3333,1.0,1.0,0,,,0.7653,0.6288,0.8059,0,1.0,0.8333,0.7143,0.8,0.9243,0.9232,0.9779
model,random_forest,logistic_regression,2021-2023,9,weighted,PI,,diag,14,5,5,1.0,0.2,0.5,1.0,1.0,0,,,0.7874,0.6333,0.7458,0,1.0,1.0,0.8571,0.7,0.8051,0.6929,0.4398
model,xgboost,random_forest,2021-2023,9,weighted,PI,,lab,14,4,5,0.8,0.6,0.8333,1.0,0.8,0,,HighBP,0.8988,0.7203,0.6575,0,0.8,0.8333,0.8571,0.9,0.732,0.5487,0.1977
model,xgboost,logistic_regression,2021-2023,9,weighted,PI,,lab,14,4,4,1.0,0.3333,0.5,1.0,1.0,0,,,0.6819,0.5488,0.6804,0,0.8,0.8333,0.7143,0.8,0.7691,0.6428,0.362
model,random_forest,logistic_regression,2021-2023,9,weighted,PI,,lab,14,5,4,0.8,0.2,0.625,1.0,0.8,0,HighBP,,0.7573,0.5647,0.7266,0,0.8,1.0,0.8571,0.8,0.8643,0.8211,0.824
model,xgboost,random_forest,2021-2023,9,weighted,PI,,total,14,5,6,0.8333,0.25,0.7143,1.0,0.8333,0,,Education,0.9746,0.8989,0.9081,0,0.8,1.0,1.0,0.9,0.9198,0.8753,0.853
model,xgboost,logistic_regression,2021-2023,9,weighted,PI,,total,14,5,4,0.8,0.4,0.7143,1.0,0.8,0,HighBP,,0.9021,0.8177,0.9212,1,1.0,1.0,0.8571,0.8,0.9649,0.9728,0.9979
model,random_forest,logistic_regression,2021-2023,9,weighted,PI,,total,14,6,4,0.6667,0.0,0.75,1.0,0.6667,0,"Education,HighBP",,0.894,0.7599,0.8472,0,0.8,1.0,0.8571,0.9,0.8925,0.8535,0.8511
method,SHAP,PI,2021-2023,9,weighted,,xgboost,diag,14,5,5,1.0,0.3333,0.75,1.0,1.0,0,,,0.8401,0.6936,0.7417,0,1.0,0.8333,0.8571,0.9,0.7913,0.6539,0.3541
method,SHAP,PI,2021-2023,9,weighted,,xgboost,lab,14,5,4,0.8,0.2857,0.4286,1.0,0.8,0,Education,,0.8823,0.7514,0.8494,0,0.8,0.8333,0.8571,0.9,0.8971,0.8654,0.8639
method,SHAP,PI,2021-2023,9,weighted,,xgboost,total,14,5,5,1.0,0.75,0.8333,1.0,1.0,0,,,0.9263,0.8398,0.8717,0,1.0,1.0,1.0,0.9,0.8796,0.785,0.4991
method,SHAP,PI,2021-2023,9,weighted,,random_forest,diag,14,5,5,1.0,0.4,0.5714,1.0,1.0,0,,,0.9505,0.8619,0.8226,0,1.0,1.0,1.0,0.9,0.814,0.6679,0.333
method,SHAP,PI,2021-2023,9,weighted,,random_forest,lab,14,6,5,0.8333,0.1429,0.2857,1.0,0.8333,0,Education,,0.9067,0.7845,0.8352,0,1.0,1.0,1.0,0.9,0.9044,0.8603,0.8324
method,SHAP,PI,2021-2023,9,weighted,,random_forest,total,14,5,6,0.8333,0.25,0.7143,1.0,0.8333,0,,Education,0.872,0.7152,0.8062,0,0.8,1.0,1.0,0.8,0.8654,0.8128,0.8103
method,SHAP,PI,2021-2023,9,weighted,,logistic_regression,diag,14,5,5,1.0,0.5,0.7143,1.0,1.0,0,,,0.9549,0.8398,0.8332,0,1.0,1.0,1.0,1.0,0.8395,0.7085,0.3743
method,SHAP,PI,2021-2023,9,weighted,,logistic_regression,lab,14,6,4,0.6667,0.2,0.7143,1.0,0.6667,0,"Education,HighBP",,0.9401,0.8755,0.9524,1,1.0,1.0,1.0,0.9,0.9776,0.9858,0.9995
method,SHAP,PI,2021-2023,9,weighted,,logistic_regression,total,14,5,4,0.8,0.5,0.8571,1.0,0.8,0,HighBP,,0.956,0.8681,0.8897,0,1.0,1.0,1.0,0.9,0.8882,0.7929,0.4998
seed,0,1,2017-2020,-1,unweighted,PI,logistic_regression,diag,14,4,4,1.0,0.75,0.8571,1.0,1.0,0,,,0.7907,0.6111,0.8081,0,0.8,0.8333,1.0,0.7,0.9091,0.9014,0.9481
seed,0,2,2017-2020,-1,unweighted,PI,logistic_regression,diag,14,4,3,0.75,0.0,0.6,1.0,0.75,0,HighBP,,0.7919,0.7,0.8225,0,0.8,0.6667,0.8571,0.9,0.9122,0.8966,0.9449
seed,0,3,2017-2020,-1,unweighted,PI,logistic_regression,diag,14,4,4,1.0,0.75,0.8571,1.0,1.0,0,,,0.7809,0.5945,0.8047,0,0.8,0.8333,1.0,0.7,0.9091,0.9014,0.9481
seed,0,4,2017-2020,-1,unweighted,PI,logistic_regression,diag,14,4,4,1.0,0.75,0.8571,1.0,1.0,0,,,0.8844,0.7222,0.8499,0,0.8,0.8333,1.0,0.8,0.9264,0.9145,0.9489
seed,0,5,2017-2020,-1,unweighted,PI,logistic_regression,diag,14,4,3,0.75,0.75,1.0,1.0,0.75,0,HighBP,,0.9064,0.7667,0.8681,0,0.8,0.8333,1.0,0.9,0.9324,0.9183,0.9491
seed,0,6,2017-2020,-1,unweighted,PI,logistic_regression,diag,14,4,3,0.75,0.75,1.0,1.0,0.75,0,HighBP,,0.8084,0.6333,0.8077,0,0.8,0.8333,1.0,0.8,0.8996,0.8823,0.9328
seed,0,7,2017-2020,-1,unweighted,PI,logistic_regression,diag,14,4,4,1.0,1.0,1.0,1.0,1.0,0,,,0.895,0.7529,0.8684,0,0.8,0.8333,1.0,0.9,0.9217,0.9105,0.9485
seed,0,8,2017-2020,-1,unweighted,PI,logistic_regression,diag,14,4,3,0.75,0.75,1.0,1.0,0.75,0,HighBP,,0.8998,0.7667,0.8811,0,0.8,1.0,1.0,0.8,0.9362,0.9255,0.9516
seed,0,9,2017-2020,-1,unweighted,PI,logistic_regression,diag,14,4,3,0.75,0.5,0.875,1.0,0.75,0,HighBP,,0.8381,0.6778,0.8338,0,0.8,0.8333,1.0,0.8,0.9156,0.9056,0.9482
seed,1,2,2017-2020,-1,unweighted,PI,logistic_regression,diag,14,4,3,0.75,0.2,0.6667,1.0,0.75,0,HighBP,,0.8436,0.6778,0.8562,0,0.8,0.8333,0.8571,0.8,0.9432,0.9483,0.9895
seed,1,3,2017-2020,-1,unweighted,PI,logistic_regression,diag,14,4,4,1.0,1.0,1.0,1.0,1.0,0,,,0.9856,0.949,0.9801,1,1.0,1.0,1.0,1.0,0.9846,0.9904,0.9997
seed,1,4,2017-2020,-1,unweighted,PI,logistic_regression,diag,14,4,4,1.0,0.6,0.7143,1.0,1.0,0,,,0.8326,0.7222,0.8827,1,1.0,0.8333,1.0,0.8,0.9531,0.9632,0.9961
seed,1,5,2017-2020,-1,unweighted,PI,logistic_regression,diag,14,4,3,0.75,0.6,0.8571,1.0,0.75,0,HighBP,,0.8392,0.7,0.8762,1,1.0,0.8333,1.0,0.8,0.9579,0.9669,0.9964
seed,1,6,2017-2020,-1,unweighted,PI,logistic_regression,diag,14,4,3,0.75,0.6,0.8571,1.0,0.75,0,HighBP,,0.9229,0.8333,0.9246,0,1.0,1.0,1.0,0.9,0.9625,0.9621,0.984
seed,1,7,2017-2020,-1,unweighted,PI,logistic_regression,diag,14,4,4,1.0,0.75,0.8571,1.0,1.0,0,,,0.8663,0.7304,0.8799,0,0.8,0.8333,1.0,0.8,0.9448,0.9505,0.9901
seed,1,8,2017-2020,-1,unweighted,PI,logistic_regression,diag,14,4,3,0.75,0.6,0.8571,1.0,0.75,0,HighBP,,0.8348,0.6778,0.8504,0,0.8,0.8333,1.0,0.8,0.9448,0.9505,0.9901
seed,1,9,2017-2020,-1,unweighted,PI,logistic_regression,diag,14,4,3,0.75,0.4,0.75,1.0,0.75,0,HighBP,,0.8789,0.7889,0.9199,1,1.0,1.0,1.0,0.8,0.9706,0.9811,0.9994
seed,2,3,2017-2020,-1,unweighted,PI,logistic_regression,diag,14,3,4,0.75,0.2,0.6667,1.0,0.75,0,,HighBP,0.8543,0.7089,0.8705,0,0.8,0.8333,0.8571,0.8,0.9432,0.9483,0.9895
seed,2,4,2017-2020,-1,unweighted,PI,logistic_regression,diag,14,3,4,0.75,0.0,0.5,1.0,0.75,0,,HighBP,0.8689,0.7444,0.8721,0,0.8,0.8333,0.8571,0.9,0.9437,0.9472,0.9891
seed,2,5,2017-2020,-1,unweighted,PI,logistic_regression,diag,14,3,3,1.0,0.2,0.6,1.0,1.0,0,,,0.9383,0.8444,0.9114,0,0.8,0.8333,0.8571,0.9,0.9564,0.9553,0.9894
seed,2,6,2017-2020,-1,unweighted,PI,logistic_regression,diag,14,3,3,1.0,0.2,0.6,1.0,1.0,0,,,0.8833,0.7222,0.8644,0,0.8,0.8333,0.8571,0.9,0.9336,0.9291,0.9742
seed,2,7,2017-2020,-1,unweighted,PI,logistic_regression,diag,14,3,4,0.75,0.0,0.6,1.0,0.75,0,,HighBP,0.8995,0.7866,0.8803,0,0.8,0.8333,0.8571,0.9,0.9469,0.9491,0.9892
seed,2,8,2017-2020,-1,unweighted,PI,logistic_regression,diag,14,3,3,1.0,0.2,0.6,1.0,1.0,0,,,0.8976,0.7444,0.8601,0,0.8,0.6667,0.8571,0.9,0.9418,0.9419,0.9868
seed,2,9,2017-2020,-1,unweighted,PI,logistic_regression,diag,14,3,3,1.0,0.25,0.7,1.0,1.0,0,,,0.935,0.8333,0.9157,0,0.8,0.8333,0.8571,0.9,0.9528,0.9543,0.9896
seed,3,4,2017-2020,-1,unweighted,PI,logistic_regression,diag,14,4,4,1.0,0.6,0.7143,1.0,1.0,0,,,0.8643,0.7546,0.8943,1,1.0,0.8333,1.0,0.8,0.9589,0.9666,0.9962
seed,3,5,2017-2020,-1,unweighted,PI,logistic_regression,diag,14,4,3,0.75,0.6,0.8571,1.0,0.75,0,HighBP,,0.8566,0.7317,0.89,1,1.0,0.8333,1.0,0.8,0.9579,0.9669,0.9964
seed,3,6,2017-2020,-1,unweighted,PI,logistic_regression,diag,14,4,3,0.75,0.6,0.8571,1.0,0.75,0,HighBP,,0.9544,0.8804,0.9393,0,1.0,1.0,1.0,0.9,0.9731,0.968,0.9841
seed,3,7,2017-2020,-1,unweighted,PI,logistic_regression,diag,14,4,4,1.0,0.75,0.8571,1.0,1.0,0,,,0.8639,0.74,0.8831,0,0.8,0.8333,1.0,0.8,0.9474,0.952,0.9901
seed,3,8,2017-2020,-1,unweighted,PI,logistic_regression,diag,14,4,3,0.75,0.6,0.8571,1.0,0.75,0,HighBP,,0.8599,0.7089,0.8626,0,0.8,0.8333,1.0,0.8,0.9474,0.952,0.9901
seed,3,9,2017-2020,-1,unweighted,PI,logistic_regression,diag,14,4,3,0.75,0.4,0.75,1.0,0.75,0,HighBP,,0.8977,0.8003,0.9233,1,1.0,1.0,1.0,0.8,0.9785,0.9856,0.9995
seed,4,5,2017-2020,-1,unweighted,PI,logistic_regression,diag,14,4,3,0.75,0.6,0.8571,1.0,0.75,0,HighBP,,0.9615,0.9,0.9613,1,1.0,1.0,1.0,0.9,0.9834,0.9891,0.9996
seed,4,6,2017-2020,-1,unweighted,PI,logistic_regression,diag,14,4,3,0.75,0.6,0.8571,1.0,0.75,0,HighBP,,0.9394,0.8333,0.9138,0,1.0,0.8333,1.0,0.9,0.9493,0.9474,0.9809
seed,4,7,2017-2020,-1,unweighted,PI,logistic_regression,diag,14,4,4,1.0,0.75,0.8571,1.0,1.0,0,,,0.9304,0.8315,0.9192,0,0.8,1.0,1.0,0.9,0.9617,0.9648,0.9927
seed,4,8,2017-2020,-1,unweighted,PI,logistic_regression,diag,14,4,3,0.75,0.6,0.8571,1.0,0.75,0,HighBP,,0.978,0.9111,0.9494,0,0.8,0.8333,1.0,1.0,0.9691,0.967,0.9909
seed,4,9,2017-2020,-1,unweighted,PI,logistic_regression,diag,14,4,3,0.75,0.4,0.75,1.0,0.75,0,HighBP,,0.913,0.8111,0.9146,1,1.0,0.8333,1.0,0.9,0.9628,0.9693,0.9963
seed,5,6,2017-2020,-1,unweighted,PI,logistic_regression,diag,14,3,3,1.0,1.0,1.0,1.0,1.0,0,,,0.9119,0.7667,0.8922,0,1.0,0.8333,1.0,0.9,0.9483,0.9477,0.981
seed,5,7,2017-2020,-1,unweighted,PI,logistic_regression,diag,14,3,4,0.75,0.75,1.0,1.0,0.75,0,,HighBP,0.9746,0.8989,0.9467,0,0.8,1.0,1.0,1.0,0.9713,0.9722,0.993
seed,5,8,2017-2020,-1,unweighted,PI,logistic_regression,diag,14,3,3,1.0,1.0,1.0,1.0,1.0,0,,,0.9725,0.9,0.9474,0,0.8,0.8333,1.0,0.9,0.9684,0.9675,0.991
seed,5,9,2017-2020,-1,unweighted,PI,logistic_regression,diag,14,3,3,1.0,0.75,0.875,1.0,1.0,0,,,0.9196,0.8111,0.9168,1,1.0,0.8333,1.0,0.8,0.9637,0.9703,0.9964
seed,6,7,2017-2020,-1,unweighted,PI,logistic_regression,diag,14,3,4,0.75,0.75,1.0,1.0,0.75,0,,HighBP,0.8751,0.7529,0.8738,0,0.8,0.8333,1.0,0.9,0.933,0.929,0.9746
seed,6,8,2017-2020,-1,unweighted,PI,logistic_regression,diag,14,3,3,1.0,1.0,1.0,1.0,1.0,0,,,0.9196,0.7889,0.881,0,0.8,0.8333,1.0,0.9,0.9378,0.9328,0.9748
seed,6,9,2017-2020,-1,unweighted,PI,logistic_regression,diag,14,3,3,1.0,0.75,0.875,1.0,1.0,0,,,0.9108,0.8111,0.9133,0,1.0,1.0,1.0,0.8,0.9603,0.96,0.9839
seed,7,8,2017-2020,-1,unweighted,PI,logistic_regression,diag,14,4,3,0.75,0.75,1.0,1.0,0.75,0,HighBP,,0.9613,0.8765,0.9402,1,1.0,0.8333,1.0,0.9,0.9729,0.976,0.9966
seed,7,9,2017-2020,-1,unweighted,PI,logistic_regression,diag,14,4,3,0.75,0.5,0.875,1.0,0.75,0,HighBP,,0.8751,0.7529,0.8848,0,0.8,0.8333,1.0,0.8,0.948,0.9525,0.9902
seed,8,9,2017-2020,-1,unweighted,PI,logistic_regression,diag,14,3,3,1.0,0.75,0.875,1.0,1.0,0,,,0.902,0.7667,0.8836,0,0.8,0.8333,1.0,0.9,0.9544,0.9566,0.9903
seed,0,1,2017-2020,-1,unweighted,PI,logistic_regression,lab,14,3,3,1.0,0.75,0.875,1.0,1.0,0,,,0.9443,0.8804,0.9391,0,1.0,1.0,1.0,0.9,0.9614,0.9594,0.9835
seed,0,2,2017-2020,-1,unweighted,PI,logistic_regression,lab,14,3,3,1.0,0.75,0.875,1.0,1.0,0,,,0.8625,0.7386,0.881,0,0.8,0.8333,1.0,0.8,0.9496,0.953,0.9901
seed,0,3,2017-2020,-1,unweighted,PI,logistic_regression,lab,14,3,3,1.0,1.0,1.0,1.0,1.0,0,,,0.9264,0.8441,0.9262,0,1.0,1.0,1.0,0.9,0.962,0.9616,0.9839
seed,0,4,2017-2020,-1,unweighted,PI,logistic_regression,lab,14,3,3,1.0,0.75,0.875,1.0,1.0,0,,,0.8985,0.8046,0.9072,0,1.0,1.0,1.0,0.9,0.9566,0.9569,0.9835
seed,0,5,2017-2020,-1,unweighted,PI,logistic_regression,lab,14,3,3,1.0,1.0,1.0,1.0,1.0,0,,,0.9382,0.8046,0.8943,0,0.8,1.0,1.0,0.9,0.9444,0.9401,0.9771
seed,0,6,2017-2020,-1,unweighted,PI,logistic_regression,lab,14,3,3,1.0,0.75,0.875,1.0,1.0,0,,,0.9117,0.8046,0.8928,0,0.8,1.0,1.0,0.9,0.952,0.9472,0.9777
seed,0,7,2017-2020,-1,unweighted,PI,logistic_regression,lab,14,3,3,1.0,0.6,0.75,1.0,1.0,0,,,0.9746,0.9214,0.9657,1,1.0,1.0,1.0,0.9,0.9854,0.9883,0.9992
seed,0,8,2017-2020,-1,unweighted,PI,logistic_regression,lab,14,3,3,1.0,1.0,1.0,1.0,1.0,0,,,0.8581,0.7614,0.9022,1,1.0,1.0,1.0,0.8,0.9656,0.9755,0.9988
seed,0,9,2017-2020,-1,unweighted,PI,logistic_regression,lab,14,3,3,1.0,0.75,0.875,1.0,1.0,0,,,0.895,0.7753,0.9007,0,0.8,0.8333,1.0,0.9,0.9546,0.9585,0.9907
seed,1,2,2017-2020,-1,unweighted,PI,logistic_regression,lab,14,3,3,1.0,1.0,1.0,1.0,1.0,0,,,0.942,0.856,0.9173,0,0.8,0.8333,1.0,0.9,0.947,0.9387,0.9752
seed,1,3,2017-2020,-1,unweighted,PI,logistic_regression,lab,14,3,3,1.0,0.75,0.875,1.0,1.0,0,,,0.8986,0.8336,0.9331,1,1.0,1.0,1.0,0.8,0.963,0.9741,0.9987
seed,1,4,2017-2020,-1,unweighted,PI,logistic_regression,lab,14,3,3,1.0,1.0,1.0,1.0,1.0,0,,,0.8807,0.7936,0.9179,1,1.0,1.0,1.0,0.8,0.963,0.9741,0.9987
seed,1,5,2017-2020,-1,unweighted,PI,logistic_regression,lab,14,3,3,1.0,0.75,0.875,1.0,1.0,0,,,0.9242,0.8417,0.9273,0,0.8,1.0,1.0,1.0,0.9655,0.9688,0.993
seed,1,6,2017-2020,-1,unweighted,PI,logistic_regression,lab,14,3,3,1.0,1.0,1.0,1.0,1.0,0,,,0.851,0.7215,0.8696,0,0.8,1.0,1.0,0.9,0.9403,0.9385,0.9772
seed,1,7,2017-2020,-1,unweighted,PI,logistic_regression,lab,14,3,3,1.0,0.8,0.8571,1.0,1.0,0,,,0.9092,0.8222,0.915,0,1.0,1.0,1.0,0.9,0.9614,0.9594,0.9835
seed,1,8,2017-2020,-1,unweighted,PI,logistic_regression,lab,14,3,3,1.0,0.75,0.875,1.0,1.0,0,,,0.88,0.7826,0.901,0,1.0,1.0,1.0,0.9,0.9592,0.9583,0.9835
seed,1,9,2017-2020,-1,unweighted,PI,logistic_regression,lab,14,3,3,1.0,1.0,1.0,1.0,1.0,0,,,0.8462,0.7134,0.8591,0,0.8,0.8333,1.0,0.8,0.9234,0.923,0.9744
seed,2,3,2017-2020,-1,unweighted,PI,logistic_regression,lab,14,3,3,1.0,0.75,0.875,1.0,1.0,0,,,0.7746,0.6012,0.8155,0,0.8,0.8333,1.0,0.7,0.9147,0.9166,0.9741
seed,2,4,2017-2020,-1,unweighted,PI,logistic_regression,lab,14,3,3,1.0,1.0,1.0,1.0,1.0,0,,,0.7528,0.5587,0.7956,0,0.8,0.8333,1.0,0.7,0.9147,0.9166,0.9741
seed,2,5,2017-2020,-1,unweighted,PI,logistic_regression,lab,14,3,3,1.0,0.75,0.875,1.0,1.0,0,,,0.8367,0.6705,0.8332,0,0.6,0.8333,1.0,0.9,0.9125,0.9075,0.9681
seed,2,6,2017-2020,-1,unweighted,PI,logistic_regression,lab,14,3,3,1.0,1.0,1.0,1.0,1.0,0,,,0.7528,0.5364,0.7673,0,0.6,0.8333,1.0,0.8,0.9055,0.9029,0.968
seed,2,7,2017-2020,-1,unweighted,PI,logistic_regression,lab,14,3,3,1.0,0.8,0.8571,1.0,1.0,0,,,0.842,0.7079,0.865,0,0.8,0.8333,1.0,0.8,0.9448,0.9493,0.9899
seed,2,8,2017-2020,-1,unweighted,PI,logistic_regression,lab,14,3,3,1.0,0.75,0.875,1.0,1.0,0,,,0.8847,0.7727,0.8905,0,0.8,0.8333,1.0,0.9,0.9497,0.9529,0.9901
seed,2,9,2017-2020,-1,unweighted,PI,logistic_regression,lab,14,3,3,1.0,1.0,1.0,1.0,1.0,0,,,0.7713,0.5955,0.8227,0,0.8,0.8333,1.0,0.7,0.933,0.9422,0.9897
seed,3,4,2017-2020,-1,unweighted,PI,logistic_regression,lab,14,3,3,1.0,0.75,0.875,1.0,1.0,0,,,0.9845,0.9437,0.9772,1,1.0,1.0,1.0,1.0,0.9861,0.9903,0.9994
seed,3,5,2017-2020,-1,unweighted,PI,logistic_regression,lab,14,3,3,1.0,1.0,1.0,1.0,1.0,0,,,0.8889,0.7845,0.901,0,0.8,1.0,1.0,0.8,0.9525,0.9592,0.9925
seed,3,6,2017-2020,-1,unweighted,PI,logistic_regression,lab,14,3,3,1.0,0.75,0.875,1.0,1.0,0,,,0.9556,0.8755,0.9295,0,0.8,1.0,1.0,0.9,0.9568,0.9497,0.9778
seed,3,7,2017-2020,-1,unweighted,PI,logistic_regression,lab,14,3,3,1.0,0.6,0.75,1.0,1.0,0,,,0.9177,0.8232,0.9173,0,1.0,1.0,1.0,0.9,0.956,0.9564,0.9835
seed,3,8,2017-2020,-1,unweighted,PI,logistic_regression,lab,14,3,3,1.0,1.0,1.0,1.0,1.0,0,,,0.8371,0.7169,0.8729,0,1.0,1.0,1.0,0.8,0.9495,0.951,0.9831
seed,3,9,2017-2020,-1,unweighted,PI,logistic_regression,lab,14,3,3,1.0,0.75,0.875,1.0,1.0,0,,,0.9433,0.8575,0.9155,0,0.8,0.8333,1.0,0.9,0.9444,0.9373,0.9751
seed,4,5,2017-2020,-1,unweighted,PI,logistic_regression,lab,14,3,3,1.0,0.75,0.875,1.0,1.0,0,,,0.9077,0.7802,0.8972,0,0.8,1.0,1.0,0.8,0.9578,0.9622,0.9926
seed,4,6,2017-2020,-1,unweighted,PI,logistic_regression,lab,14,3,3,1.0,1.0,1.0,1.0,1.0,0,,,0.9473,0.8462,0.9159,0,0.8,1.0,1.0,0.9,0.9492,0.9439,0.9773
seed,4,7,2017-2020,-1,unweighted,PI,logistic_regression,lab,14,3,3,1.0,0.8,0.8571,1.0,1.0,0,,,0.8955,0.7956,0.9043,0,1.0,1.0,1.0,0.9,0.9566,0.9569,0.9835
seed,4,8,2017-2020,-1,unweighted,PI,logistic_regression,lab,14,3,3,1.0,0.75,0.875,1.0,1.0,0,,,0.8455,0.7152,0.8715,0,1.0,1.0,1.0,0.8,0.9474,0.9499,0.9831
seed,4,9,2017-2020,-1,unweighted,PI,logistic_regression,lab,14,3,3,1.0,1.0,1.0,1.0,1.0,0,,,0.9175,0.7956,0.8901,0,0.8,0.8333,1.0,0.9,0.9362,0.931,0.9746
seed,5,6,2017-2020,-1,unweighted,PI,logistic_regression,lab,14,3,3,1.0,0.75,0.875,1.0,1.0,0,,,0.9209,0.8022,0.9073,0,1.0,1.0,1.0,0.9,0.9592,0.9583,0.9835
seed,5,7,2017-2020,-1,unweighted,PI,logistic_regression,lab,14,3,3,1.0,0.6,0.75,1.0,1.0,0,,,0.9505,0.8398,0.9141,0,0.8,1.0,1.0,0.9,0.9492,0.9439,0.9773
seed,5,8,2017-2020,-1,unweighted,PI,logistic_regression,lab,14,3,3,1.0,1.0,1.0,1.0,1.0,0,,,0.9117,0.7822,0.8983,0,0.8,1.0,1.0,0.9,0.951,0.9475,0.9779
seed,5,9,2017-2020,-1,unweighted,PI,logistic_regression,lab,14,3,3,1.0,0.75,0.875,1.0,1.0,0,,,0.8251,0.663,0.8254,0,0.8,0.8333,1.0,0.8,0.9266,0.9249,0.9745
seed,6,7,2017-2020,-1,unweighted,PI,logistic_regression,lab,14,3,3,1.0,0.8,0.8571,1.0,1.0,0,,,0.9439,0.8177,0.8976,0,0.8,1.0,1.0,1.0,0.9547,0.9483,0.9776
seed,6,8,2017-2020,-1,unweighted,PI,logistic_regression,lab,14,3,3,1.0,0.75,0.875,1.0,1.0,0,,,0.8896,0.7599,0.8693,0,0.8,1.0,1.0,0.9,0.9451,0.941,0.9772
seed,6,9,2017-2020,-1,unweighted,PI,logistic_regression,lab,14,3,3,1.0,1.0,1.0,1.0,1.0,0,,,0.9307,0.8177,0.9024,0,0.8,0.8333,1.0,0.9,0.9492,0.941,0.9754
seed,7,8,2017-2020,-1,unweighted,PI,logistic_regression,lab,14,3,3,1.0,0.6,0.75,1.0,1.0,0,,,0.9216,0.8427,0.9371,1,1.0,1.0,1.0,0.9,0.9742,0.982,0.9991
seed,7,9,2017-2020,-1,unweighted,PI,logistic_regression,lab,14,3,3,1.0,0.8,0.8571,1.0,1.0,0,,,0.9009,0.7444,0.8882,0,0.8,0.8333,1.0,0.9,0.9534,0.9569,0.9904
seed,8,9,2017-2020,-1,unweighted,PI,logistic_regression,lab,14,3,3,1.0,0.75,0.875,1.0,1.0,0,,,0.8442,0.7079,0.8656,0,0.8,0.8333,1.0,0.8,0.9496,0.953,0.9901
seed,0,1,2017-2020,-1,unweighted,PI,logistic_regression,total,14,4,4,1.0,0.75,0.8571,1.0,1.0,0,,,0.8943,0.7667,0.8953,0,0.8,0.8333,1.0,0.8,0.9539,0.9577,0.9906
seed,0,2,2017-2020,-1,unweighted,PI,logistic_regression,total,14,4,4,1.0,0.1429,0.3333,1.0,1.0,0,,,0.7492,0.6293,0.7984,0,0.8,0.6667,0.7143,0.8,0.911,0.9149,0.9842
seed,0,3,2017-2020,-1,unweighted,PI,logistic_regression,total,14,4,4,1.0,1.0,1.0,1.0,1.0,0,,,0.8862,0.7529,0.8951,0,0.8,1.0,1.0,0.8,0.9606,0.9667,0.9932
seed,0,4,2017-2020,-1,unweighted,PI,logistic_regression,total,14,4,4,1.0,0.5,0.5714,1.0,1.0,0,,,0.9031,0.8222,0.9032,0,0.8,0.8333,0.8571,0.9,0.9457,0.9464,0.9887
seed,0,5,2017-2020,-1,unweighted,PI,logistic_regression,total,14,4,4,1.0,0.6,0.7143,1.0,1.0,0,,,0.9171,0.8315,0.9175,0,0.8,1.0,0.8571,0.9,0.9589,0.9611,0.9918
seed,0,6,2017-2020,-1,unweighted,PI,logistic_regression,total,14,4,3,0.75,0.4,0.75,1.0,0.75,0,HighBP,,0.9282,0.8203,0.9262,1,1.0,1.0,0.8571,0.9,0.9688,0.9768,0.9982
seed,0,7,2017-2020,-1,unweighted,PI,logistic_regression,total,14,4,4,1.0,0.6,0.7143,1.0,1.0,0,,,0.8899,0.766,0.8727,0,0.8,0.6667,0.8571,0.9,0.9344,0.9368,0.9865
seed,0,8,2017-2020,-1,unweighted,PI,logistic_regression,total,14,4,4,1.0,0.6,0.7143,1.0,1.0,0,,,0.8999,0.8232,0.9292,1,1.0,1.0,1.0,0.8,0.9709,0.9798,0.999
seed,0,9,2017-2020,-1,unweighted,PI,logistic_regression,total,14,4,4,1.0,0.75,0.8571,1.0,1.0,0,,,0.8436,0.7222,0.8761,0,0.8,1.0,0.8571,0.8,0.9423,0.9502,0.9914
seed,1,2,2017-2020,-1,unweighted,PI,logistic_regression,total,14,4,4,1.0,0.1667,0.4444,1.0,1.0,0,,,0.6519,0.5281,0.7633,0,0.8,0.8333,0.7143,0.7,0.909,0.9187,0.9866
seed,1,3,2017-2020,-1,unweighted,PI,logistic_regression,total,14,4,4,1.0,0.75,0.8571,1.0,1.0,0,,,0.9459,0.8652,0.9424,1,1.0,0.8333,1.0,0.9,0.9735,0.9782,0.997
seed,1,4,2017-2020,-1,unweighted,PI,logistic_regression,total,14,4,4,1.0,0.6,0.7143,1.0,1.0,0,,,0.7709,0.6778,0.8623,1,1.0,1.0,0.8571,0.8,0.9494,0.9614,0.9971
seed,1,5,2017-2020,-1,unweighted,PI,logistic_regression,total,14,4,4,1.0,0.75,0.8571,1.0,1.0,0,,,0.7735,0.6405,0.8436,1,1.0,0.8333,0.8571,0.7,0.9417,0.953,0.9949
seed,1,6,2017-2020,-1,unweighted,PI,logistic_regression,total,14,4,3,0.75,0.5,0.875,1.0,0.75,0,HighBP,,0.8398,0.7079,0.8657,0,0.8,0.8333,0.8571,0.9,0.9411,0.9457,0.9891
seed,1,7,2017-2020,-1,unweighted,PI,logistic_regression,total,14,4,4,1.0,0.75,0.8571,1.0,1.0,0,,,0.7976,0.7089,0.8598,0,0.8,0.8333,0.8571,0.8,0.942,0.9455,0.989
seed,1,8,2017-2020,-1,unweighted,PI,logistic_regression,total,14,4,4,1.0,0.75,0.8571,1.0,1.0,0,,,0.8443,0.7089,0.8676,0,0.8,0.8333,1.0,0.8,0.9474,0.952,0.9901
seed,1,9,2017-2020,-1,unweighted,PI,logistic_regression,total,14,4,4,1.0,0.5,0.75,1.0,1.0,0,,,0.8976,0.8111,0.9133,1,1.0,0.8333,0.8571,0.9,0.96,0.9655,0.9954
seed,2,3,2017-2020,-1,unweighted,PI,logistic_regression,total,14,4,4,1.0,0.1429,0.3333,1.0,1.0,0,,,0.5743,0.4432,0.7163,0,0.8,0.6667,0.7143,0.7,0.8944,0.904,0.9838
seed,2,4,2017-2020,-1,unweighted,PI,logistic_regression,total,14,4,4,1.0,0.2857,0.375,1.0,1.0,0,,,0.7536,0.6293,0.7995,0,0.8,0.8333,0.7143,0.8,0.9268,0.931,0.9872
seed,2,5,2017-2020,-1,unweighted,PI,logistic_regression,total,14,4,4,1.0,0.3333,0.5,1.0,1.0,0,,,0.8182,0.6591,0.8034,0,0.8,0.6667,0.5714,0.9,0.9238,0.9224,0.9839
seed,2,6,2017-2020,-1,unweighted,PI,logistic_regression,total,14,4,3,0.75,0.0,0.4,1.0,0.75,0,HighBP,,0.5654,0.4432,0.7136,0,0.8,0.6667,0.5714,0.7,0.8916,0.9002,0.9829
seed,2,7,2017-2020,-1,unweighted,PI,logistic_regression,total,14,4,4,1.0,0.3333,0.5,1.0,1.0,0,,,0.8706,0.7516,0.8662,0,0.8,0.8333,0.7143,0.9,0.9333,0.9364,0.9875
seed,2,8,2017-2020,-1,unweighted,PI,logistic_regression,total,14,4,4,1.0,0.3333,0.5,1.0,1.0,0,,,0.7366,0.6128,0.7919,0,0.8,0.6667,0.7143,0.8,0.9138,0.9194,0.9848
seed,2,9,2017-2020,-1,unweighted,PI,logistic_regression,total,14,4,4,1.0,0.0,0.3,1.0,1.0,0,,,0.5436,0.4158,0.6969,0,0.8,0.6667,0.5714,0.8,0.8906,0.8992,0.9827
seed,3,4,2017-2020,-1,unweighted,PI,logistic_regression,total,14,4,4,1.0,0.5,0.5714,1.0,1.0,0,,,0.8243,0.7079,0.8668,1,1.0,0.8333,0.8571,0.9,0.9434,0.9531,0.9946
seed,3,5,2017-2020,-1,unweighted,PI,logistic_regression,total,14,4,4,1.0,0.6,0.7143,1.0,1.0,0,,,0.7916,0.6705,0.8607,1,1.0,1.0,0.8571,0.8,0.9554,0.9666,0.9976
seed,3,6,2017-2020,-1,unweighted,PI,logistic_regression,total,14,4,3,0.75,0.4,0.75,1.0,0.75,0,HighBP,,0.9157,0.8409,0.922,0,0.8,1.0,0.8571,0.9,0.9589,0.9611,0.9918
seed,3,7,2017-2020,-1,unweighted,PI,logistic_regression,total,14,4,4,1.0,0.6,0.7143,1.0,1.0,0,,,0.7478,0.6244,0.8217,0,0.8,0.6667,0.8571,0.7,0.9155,0.9238,0.986
seed,3,8,2017-2020,-1,unweighted,PI,logistic_regression,total,14,4,4,1.0,0.6,0.7143,1.0,1.0,0,,,0.8237,0.6937,0.8679,0,0.8,1.0,1.0,0.7,0.9508,0.9575,0.9924
seed,3,9,2017-2020,-1,unweighted,PI,logistic_regression,total,14,4,4,1.0,0.75,0.8571,1.0,1.0,0,,,0.9437,0.854,0.9324,1,1.0,1.0,0.8571,0.9,0.973,0.9771,0.9979
seed,4,5,2017-2020,-1,unweighted,PI,logistic_regression,total,14,4,4,1.0,0.8,0.8333,1.0,1.0,0,,,0.9304,0.8315,0.9154,1,1.0,0.8333,0.8571,0.9,0.9621,0.9665,0.9954
seed,4,6,2017-2020,-1,unweighted,PI,logistic_regression,total,14,4,3,0.75,0.3333,0.625,1.0,0.75,0,HighBP,,0.8619,0.7304,0.8616,0,0.8,0.8333,0.7143,0.9,0.9307,0.9349,0.9875
seed,4,7,2017-2020,-1,unweighted,PI,logistic_regression,total,14,4,4,1.0,0.8,0.8333,1.0,1.0,0,,,0.8988,0.7889,0.8989,0,0.8,0.8333,1.0,0.8,0.9448,0.9505,0.9901
seed,4,8,2017-2020,-1,unweighted,PI,logistic_regression,total,14,4,4,1.0,0.8,0.8333,1.0,1.0,0,,,0.8443,0.7317,0.8737,0,0.8,0.8333,0.8571,0.8,0.9372,0.943,0.989
seed,4,9,2017-2020,-1,unweighted,PI,logistic_regression,total,14,4,4,1.0,0.3333,0.5,1.0,1.0,0,,,0.7621,0.6333,0.8273,1,1.0,0.8333,0.7143,0.9,0.9299,0.9404,0.993
seed,5,6,2017-2020,-1,unweighted,PI,logistic_regression,total,14,4,3,0.75,0.4,0.75,1.0,0.75,0,HighBP,,0.8448,0.7386,0.8822,0,0.8,1.0,0.8571,0.8,0.947,0.954,0.9916
seed,5,7,2017-2020,-1,unweighted,PI,logistic_regression,total,14,4,4,1.0,1.0,1.0,1.0,1.0,0,,,0.9331,0.8209,0.898,0,0.8,0.6667,0.8571,0.9,0.943,0.9434,0.987
seed,5,8,2017-2020,-1,unweighted,PI,logistic_regression,total,14,4,4,1.0,1.0,1.0,1.0,1.0,0,,,0.9197,0.8209,0.9178,0,0.8,1.0,0.8571,0.8,0.953,0.9592,0.9921
seed,5,9,2017-2020,-1,unweighted,PI,logistic_regression,total,14,4,4,1.0,0.4,0.625,1.0,1.0,0,,,0.7403,0.5955,0.823,1,1.0,1.0,0.8571,0.8,0.9446,0.9576,0.9969
seed,6,7,2017-2020,-1,unweighted,PI,logistic_regression,total,14,3,4,0.75,0.4,0.75,1.0,0.75,0,,HighBP,0.7902,0.6244,0.8103,0,0.8,0.6667,0.7143,0.8,0.9166,0.9227,0.9852
seed,6,8,2017-2020,-1,unweighted,PI,logistic_regression,total,14,3,4,0.75,0.4,0.75,1.0,0.75,0,,HighBP,0.8482,0.74,0.89,1,1.0,1.0,0.8571,0.8,0.9649,0.9728,0.9979
seed,6,9,2017-2020,-1,unweighted,PI,logistic_regression,total,14,3,4,0.75,0.5,0.875,1.0,0.75,0,,HighBP,0.8575,0.7304,0.8785,0,0.8,1.0,1.0,0.8,0.9578,0.9622,0.9926
seed,7,8,2017-2020,-1,unweighted,PI,logistic_regression,total,14,4,4,1.0,1.0,1.0,1.0,1.0,0,,,0.9315,0.8235,0.9014,0,0.8,0.6667,0.8571,0.9,0.9478,0.9472,0.9873
seed,7,9,2017-2020,-1,unweighted,PI,logistic_regression,total,14,4,4,1.0,0.4,0.625,1.0,1.0,0,,,0.6719,0.5717,0.791,0,0.8,0.6667,0.7143,0.8,0.9058,0.9137,0.9845
seed,8,9,2017-2020,-1,unweighted,PI,logistic_regression,total,14,4,4,1.0,0.4,0.625,1.0,1.0,0,,,0.7954,0.6631,0.8461,0,0.8,1.0,0.8571,0.8,0.9411,0.9475,0.9909
seed,0,1,2017-2020,-1,unweighted,PI,random_forest,diag,14,4,4,0.6,0.2857,0.5714,0.75,1.0,1,BMI,HighChol,0.8618,0.7613,0.8811,0,1.0,1.0,0.8571,0.8,0.9312,0.9358,0.9815
seed,0,2,2017-2020,-1,unweighted,PI,random_forest,diag,14,4,4,1.0,0.6,0.7143,1.0,1.0,0,,,0.8757,0.7514,0.8822,0,0.8,1.0,0.8571,0.8,0.9496,0.9554,0.9916
seed,0,3,2017-2020,-1,unweighted,PI,random_forest,diag,14,4,4,1.0,0.6,0.7143,1.0,1.0,0,,,0.9348,0.8427,0.9329,1,1.0,1.0,0.8571,0.9,0.9698,0.9764,0.998
seed,0,4,2017-2020,-1,unweighted,PI,random_forest,diag,14,4,6,0.6667,0.1429,0.4286,1.0,0.6667,0,,"HeartDiseaseorAttack,HighChol",0.8265,0.7079,0.8515,0,1.0,1.0,0.8571,0.9,0.9294,0.9233,0.9556
seed,0,5,2017-2020,-1,unweighted,PI,random_forest,diag,14,4,5,0.8,0.6,0.8333,1.0,0.8,0,,HeartDiseaseorAttack,0.842,0.7079,0.8321,0,0.8,1.0,0.8571,0.9,0.9057,0.8884,0.9344
seed,0,6,2017-2020,-1,unweighted,PI,random_forest,diag,14,4,3,0.75,0.5,0.7143,1.0,0.75,0,BMI,,0.8111,0.663,0.825,0,0.8,1.0,0.8571,0.8,0.918,0.9194,0.9753
seed,0,7,2017-2020,-1,unweighted,PI,random_forest,diag,14,4,5,0.5,0.0,0.375,0.75,0.8,1,BMI,"HeartDiseaseorAttack,HighChol",0.8438,0.7144,0.8514,0,0.8,1.0,0.8571,0.8,0.918,0.9194,0.9753
seed,0,8,2017-2020,-1,unweighted,PI,random_forest,diag,14,4,5,0.8,0.5,0.6667,1.0,0.8,0,,HighChol,0.9197,0.7956,0.9038,0,1.0,1.0,0.8571,0.9,0.9544,0.9541,0.9828
seed,0,9,2017-2020,-1,unweighted,PI,random_forest,diag,14,4,4,1.0,0.6,0.7143,1.0,1.0,0,,,0.8888,0.8081,0.916,1,1.0,1.0,0.8571,0.8,0.9542,0.9651,0.9974
seed,1,2,2017-2020,-1,unweighted,PI,random_forest,diag,14,4,4,0.6,0.4,0.8571,0.75,1.0,1,HighChol,BMI,0.8744,0.7571,0.8807,0,0.8,1.0,1.0,0.8,0.9316,0.9321,0.9769
seed,1,3,2017-2020,-1,unweighted,PI,random_forest,diag,14,4,4,0.6,0.4,0.8571,0.75,1.0,1,HighChol,BMI,0.9053,0.8173,0.9146,0,1.0,1.0,1.0,0.8,0.9495,0.9522,0.9833
seed,1,4,2017-2020,-1,unweighted,PI,random_forest,diag,14,4,6,0.6667,0.1667,0.5714,1.0,0.6667,0,,"BMI,HeartDiseaseorAttack",0.9144,0.8173,0.8912,0,1.0,1.0,1.0,0.8,0.9273,0.9121,0.9417
seed,1,5,2017-2020,-1,unweighted,PI,random_forest,diag,14,4,5,0.5,0.1667,0.7143,0.75,0.8,1,HighChol,"BMI,HeartDiseaseorAttack",0.8466,0.6988,0.8247,0,0.8,1.0,1.0,0.8,0.9094,0.8919,0.9352
seed,1,6,2017-2020,-1,unweighted,PI,random_forest,diag,14,4,3,0.75,0.6,0.8571,1.0,0.75,0,HighChol,,0.9144,0.8173,0.9083,0,0.8,1.0,1.0,0.9,0.952,0.9472,0.9777
seed,1,7,2017-2020,-1,unweighted,PI,random_forest,diag,14,4,5,0.8,0.4,0.7143,1.0,0.8,0,,HeartDiseaseorAttack,0.977,0.9012,0.9446,0,0.8,1.0,0.8571,1.0,0.9733,0.9709,0.9921
seed,1,8,2017-2020,-1,unweighted,PI,random_forest,diag,14,4,5,0.8,0.1429,0.375,1.0,0.8,0,,BMI,0.7845,0.6872,0.8653,1,1.0,1.0,0.8571,0.7,0.9376,0.953,0.9968
seed,1,9,2017-2020,-1,unweighted,PI,random_forest,diag,14,4,4,0.6,0.4,0.8571,0.75,1.0,1,HighChol,BMI,0.8805,0.7901,0.9031,0,1.0,1.0,1.0,0.8,0.9505,0.9519,0.9832
seed,2,3,2017-2020,-1,unweighted,PI,random_forest,diag,14,4,4,1.0,1.0,1.0,1.0,1.0,0,,,0.8852,0.7599,0.8939,0,0.8,1.0,1.0,0.9,0.9563,0.9618,0.9926
seed,2,4,2017-2020,-1,unweighted,PI,random_forest,diag,14,4,6,0.6667,0.2,0.7143,1.0,0.6667,0,,"HeartDiseaseorAttack,HighChol",0.8852,0.7599,0.8735,0,0.8,1.0,1.0,0.8,0.926,0.917,0.9509
seed,2,5,2017-2020,-1,unweighted,PI,random_forest,diag,14,4,5,0.8,0.5,0.8571,1.0,0.8,0,,HeartDiseaseorAttack,0.9426,0.8493,0.9104,0,1.0,1.0,1.0,0.9,0.9403,0.9232,0.9425
seed,2,6,2017-2020,-1,unweighted,PI,random_forest,diag,14,4,3,0.75,0.75,1.0,1.0,0.75,0,BMI,,0.8411,0.6928,0.854,0,0.8,1.0,1.0,0.8,0.9342,0.9336,0.9769
seed,2,7,2017-2020,-1,unweighted,PI,random_forest,diag,14,4,5,0.5,0.0,0.625,0.75,0.8,1,BMI,"HeartDiseaseorAttack,HighChol",0.8159,0.6639,0.8241,0,0.8,1.0,0.8571,0.8,0.918,0.9194,0.9753
seed,2,8,2017-2020,-1,unweighted,PI,random_forest,diag,14,4,5,0.8,0.1667,0.5,1.0,0.8,0,,HighChol,0.9033,0.7802,0.8803,0,0.8,1.0,0.8571,0.8,0.9346,0.9305,0.9758
seed,2,9,2017-2020,-1,unweighted,PI,random_forest,diag,14,4,4,1.0,1.0,1.0,1.0,1.0,0,,,0.9148,0.827,0.9216,0,0.8,1.0,1.0,0.8,0.9572,0.9629,0.9927
seed,3,4,2017-2020,-1,unweighted,PI,random_forest,diag,14,4,6,0.6667,0.2,0.7143,1.0,0.6667,0,,"HeartDiseaseorAttack,HighChol",0.8315,0.6932,0.8549,0,1.0,1.0,1.0,0.8,0.936,0.9314,0.9571
seed,3,5,2017-2020,-1,unweighted,PI,random_forest,diag,14,4,5,0.8,0.5,0.8571,1.0,0.8,0,,HeartDiseaseorAttack,0.8004,0.6477,0.8186,0,0.8,1.0,1.0,0.8,0.9014,0.8875,0.9352
seed,3,6,2017-2020,-1,unweighted,PI,random_forest,diag,14,4,3,0.75,0.75,1.0,1.0,0.75,0,BMI,,0.9335,0.8182,0.8941,0,0.8,1.0,1.0,0.9,0.9482,0.943,0.9773
seed,3,7,2017-2020,-1,unweighted,PI,random_forest,diag,14,4,5,0.5,0.0,0.625,0.75,0.8,1,BMI,"HeartDiseaseorAttack,HighChol",0.8421,0.7225,0.8588,0,0.8,1.0,0.8571,0.8,0.9228,0.9231,0.9755
seed,3,8,2017-2020,-1,unweighted,PI,random_forest,diag,14,4,5,0.8,0.1667,0.5,1.0,0.8,0,,HighChol,0.872,0.7375,0.8751,0,1.0,1.0,0.8571,0.9,0.9436,0.9451,0.9821
seed,3,9,2017-2020,-1,unweighted,PI,random_forest,diag,14,4,4,1.0,1.0,1.0,1.0,1.0,0,,,0.9053,0.841,0.9364,1,1.0,1.0,1.0,0.8,0.9757,0.9823,0.999
seed,4,5,2017-2020,-1,unweighted,PI,random_forest,diag,14,6,5,0.8333,0.2,0.5714,1.0,0.8333,0,HighChol,,0.8936,0.75,0.8384,0,0.8,1.0,1.0,0.9,0.9164,0.8966,0.9354
seed,4,6,2017-2020,-1,unweighted,PI,random_forest,diag,14,6,3,0.5,0.1667,0.7143,1.0,0.5,0,"BMI,HeartDiseaseorAttack,HighChol",,0.7738,0.6023,0.7894,0,0.8,1.0,1.0,0.7,0.8976,0.8848,0.9351
seed,4,7,2017-2020,-1,unweighted,PI,random_forest,diag,14,6,5,0.8333,0.2,0.5714,1.0,0.8333,0,BMI,,0.8828,0.7699,0.8579,0,0.8,1.0,0.8571,0.8,0.9006,0.8829,0.9338
seed,4,8,2017-2020,-1,unweighted,PI,random_forest,diag,14,6,5,0.8333,0.1667,0.4286,1.0,0.8333,0,HeartDiseaseorAttack,,0.8411,0.6928,0.8341,0,1.0,1.0,0.8571,0.9,0.908,0.8958,0.9399
seed,4,9,2017-2020,-1,unweighted,PI,random_forest,diag,14,6,4,0.6667,0.2,0.7143,1.0,0.6667,0,"HeartDiseaseorAttack,HighChol",,0.8331,0.7107,0.8662,0,1.0,1.0,1.0,0.7,0.9289,0.9268,0.9569
seed,5,6,2017-2020,-1,unweighted,PI,random_forest,diag,14,5,3,0.6,0.4,0.8571,1.0,0.6,0,"BMI,HeartDiseaseorAttack",,0.7871,0.625,0.8229,0,0.8,1.0,1.0,0.7,0.9158,0.9104,0.9507
seed,5,7,2017-2020,-1,unweighted,PI,random_forest,diag,14,5,5,0.6667,0.0,0.5,0.8,1.0,1,BMI,HighChol,0.8286,0.6988,0.8311,0,0.8,1.0,0.8571,0.8,0.8958,0.8792,0.9336
seed,5,8,2017-2020,-1,unweighted,PI,random_forest,diag,14,5,5,0.6667,0.1667,0.5714,0.8,1.0,1,HeartDiseaseorAttack,HighChol,0.8499,0.6928,0.8166,0,0.8,1.0,0.8571,0.8,0.9002,0.8839,0.9341
seed,5,9,2017-2020,-1,unweighted,PI,random_forest,diag,14,5,4,0.8,0.5,0.8571,1.0,0.8,0,HeartDiseaseorAttack,,0.8828,0.7699,0.8659,0,0.8,1.0,1.0,0.8,0.9062,0.8912,0.9354
seed,6,7,2017-2020,-1,unweighted,PI,random_forest,diag,14,3,5,0.6,0.1667,0.625,1.0,0.6,0,,"HeartDiseaseorAttack,HighChol",0.8692,0.7699,0.8882,0,1.0,1.0,0.8571,0.9,0.9516,0.9508,0.9824
seed,6,8,2017-2020,-1,unweighted,PI,random_forest,diag,14,3,5,0.6,0.1429,0.5,1.0,0.6,0,,"BMI,HighChol",0.7528,0.6034,0.808,0,0.8,1.0,0.8571,0.8,0.9159,0.9171,0.9751
seed,6,9,2017-2020,-1,unweighted,PI,random_forest,diag,14,3,4,0.75,0.75,1.0,1.0,0.75,0,,BMI,0.8963,0.7699,0.8723,0,0.8,1.0,1.0,0.9,0.9492,0.9426,0.9771
seed,7,8,2017-2020,-1,unweighted,PI,random_forest,diag,14,5,5,0.6667,0.0,0.375,0.8,1.0,1,HeartDiseaseorAttack,BMI,0.753,0.594,0.8158,0,0.8,1.0,0.8571,0.7,0.9244,0.9366,0.9905
seed,7,9,2017-2020,-1,unweighted,PI,random_forest,diag,14,5,4,0.5,0.0,0.625,0.75,0.8,1,"HeartDiseaseorAttack,HighChol",BMI,0.8253,0.716,0.8582,0,0.8,1.0,0.8571,0.8,0.9238,0.9228,0.9753
seed,8,9,2017-2020,-1,unweighted,PI,random_forest,diag,14,5,4,0.8,0.1667,0.5,1.0,0.8,0,HighChol,,0.8654,0.7571,0.8787,0,1.0,1.0,0.8571,0.8,0.9338,0.9372,0.9815
seed,0,1,2017-2020,-1,unweighted,PI,random_forest,lab,14,5,4,0.8,0.1667,0.5,1.0,0.8,0,HighChol,,0.7879,0.6751,0.7995,0,1.0,0.8333,0.7143,0.8,0.8657,0.8237,0.8268
seed,0,2,2017-2020,-1,unweighted,PI,random_forest,lab,14,5,4,0.8,0.4286,0.5,1.0,0.8,0,HighChol,,0.8234,0.6481,0.7891,0,1.0,0.8333,0.8571,0.9,0.8762,0.8342,0.8282
seed,0,3,2017-2020,-1,unweighted,PI,random_forest,lab,14,5,5,1.0,0.5714,0.4,1.0,1.0,0,,,0.6718,0.5114,0.7189,0,1.0,0.8333,0.7143,0.8,0.8492,0.8113,0.826
seed,0,4,2017-2020,-1,unweighted,PI,random_forest,lab,14,5,4,0.8,0.2857,0.4286,1.0,0.8,0,HighBP,,0.7383,0.5804,0.736,0,1.0,0.8333,0.7143,0.8,0.8415,0.7928,0.8107
seed,0,5,2017-2020,-1,unweighted,PI,random_forest,lab,14,5,4,0.8,0.5,0.6667,1.0,0.8,0,HighChol,,0.8466,0.6988,0.7993,0,1.0,0.8333,0.7143,0.9,0.8766,0.8311,0.8271
seed,0,6,2017-2020,-1,unweighted,PI,random_forest,lab,14,5,4,0.8,0.4,0.5,1.0,0.8,0,HighChol,,0.7661,0.6371,0.7951,0,0.8,0.8333,0.8571,0.8,0.8814,0.8541,0.8633
seed,0,7,2017-2020,-1,unweighted,PI,random_forest,lab,14,5,4,0.8,0.1667,0.5,1.0,0.8,0,HighBP,,0.772,0.6359,0.7702,0,1.0,0.8333,0.8571,0.8,0.8541,0.8059,0.8125
seed,0,8,2017-2020,-1,unweighted,PI,random_forest,lab,14,5,5,1.0,0.6,0.6667,1.0,1.0,0,,,0.9029,0.7375,0.8077,0,1.0,0.8333,0.8571,1.0,0.8918,0.8455,0.8288
seed,0,9,2017-2020,-1,unweighted,PI,random_forest,lab,14,5,5,1.0,0.2,0.5,1.0,1.0,0,,,0.8556,0.7387,0.8181,0,1.0,0.8333,0.8571,0.7,0.8562,0.8072,0.8127
seed,1,2,2017-2020,-1,unweighted,PI,random_forest,lab,14,4,4,1.0,0.1667,0.4444,1.0,1.0,0,,,0.6901,0.5474,0.7844,1,1.0,0.8333,0.7143,0.7,0.9173,0.9313,0.9926
seed,1,3,2017-2020,-1,unweighted,PI,random_forest,lab,14,4,5,0.8,0.1429,0.375,1.0,0.8,0,,HighChol,0.8782,0.8173,0.9122,1,1.0,0.8333,0.8571,0.8,0.9503,0.9594,0.9952
seed,1,4,2017-2020,-1,unweighted,PI,random_forest,lab,14,4,4,0.6,0.2,0.75,0.75,1.0,1,HighBP,HighChol,0.8989,0.8272,0.9116,0,1.0,1.0,0.8571,0.9,0.9516,0.9508,0.9824
seed,1,5,2017-2020,-1,unweighted,PI,random_forest,lab,14,4,4,1.0,0.5,0.75,1.0,1.0,0,,,0.8253,0.7407,0.8866,1,1.0,1.0,0.8571,0.8,0.9494,0.9614,0.9971
seed,1,6,2017-2020,-1,unweighted,PI,random_forest,lab,14,4,4,1.0,0.0,0.6,1.0,1.0,0,,,0.7897,0.664,0.8003,0,0.8,0.6667,0.7143,0.9,0.8938,0.8801,0.9431
seed,1,7,2017-2020,-1,unweighted,PI,random_forest,lab,14,4,4,0.6,0.0,0.7778,0.75,1.0,1,HighBP,HighChol,0.8352,0.7392,0.8656,0,1.0,0.8333,0.8571,0.8,0.9213,0.9249,0.9789
seed,1,8,2017-2020,-1,unweighted,PI,random_forest,lab,14,4,5,0.8,0.25,0.75,1.0,0.8,0,,HighChol,0.8699,0.7804,0.8769,0,1.0,1.0,0.8571,0.8,0.9152,0.8903,0.8728
seed,1,9,2017-2020,-1,unweighted,PI,random_forest,lab,14,4,5,0.8,0.0,0.7778,1.0,0.8,0,,HighChol,0.8513,0.7699,0.8817,0,1.0,0.8333,0.7143,0.7,0.8959,0.9038,0.9769
seed,2,3,2017-2020,-1,unweighted,PI,random_forest,lab,14,4,5,0.8,0.2222,0.1429,1.0,0.8,0,,HighChol,0.6821,0.5364,0.7805,1,1.0,0.8333,0.7143,0.7,0.9173,0.9313,0.9926
seed,2,4,2017-2020,-1,unweighted,PI,random_forest,lab,14,4,4,0.6,0.125,0.375,0.75,1.0,1,HighBP,HighChol,0.78,0.6639,0.8359,0,1.0,0.8333,0.8571,0.7,0.9175,0.9222,0.9788
seed,2,5,2017-2020,-1,unweighted,PI,random_forest,lab,14,4,4,1.0,0.5,0.5714,1.0,1.0,0,,,0.8294,0.7571,0.8892,1,1.0,0.8333,0.8571,0.8,0.9471,0.9575,0.9952
seed,2,6,2017-2020,-1,unweighted,PI,random_forest,lab,14,4,4,1.0,0.1667,0.4444,1.0,1.0,0,,,0.7064,0.6014,0.7825,0,0.8,0.6667,0.7143,0.8,0.8739,0.8654,0.9422
seed,2,7,2017-2020,-1,unweighted,PI,random_forest,lab,14,4,4,0.6,0.1667,0.625,0.75,1.0,1,HighBP,HighChol,0.8807,0.7696,0.8845,0,1.0,0.8333,0.8571,0.8,0.9347,0.9353,0.9796
seed,2,8,2017-2020,-1,unweighted,PI,random_forest,lab,14,4,5,0.8,0.1429,0.375,1.0,0.8,0,,HighChol,0.8154,0.6703,0.8066,0,1.0,0.8333,0.7143,0.9,0.8988,0.8701,0.8686
seed,2,9,2017-2020,-1,unweighted,PI,random_forest,lab,14,4,5,0.8,0.2,0.625,1.0,0.8,0,,HighChol,0.8762,0.7792,0.8916,0,1.0,0.8333,0.8571,0.8,0.9261,0.9286,0.9791
seed,3,4,2017-2020,-1,unweighted,PI,random_forest,lab,14,5,4,0.8,0.4286,0.5,1.0,0.8,0,HighBP,,0.8828,0.7936,0.8876,0,1.0,0.8333,0.8571,0.9,0.936,0.9365,0.9797
seed,3,5,2017-2020,-1,unweighted,PI,random_forest,lab,14,5,4,0.8,0.4286,0.5,1.0,0.8,0,HighChol,,0.815,0.7225,0.8718,1,1.0,0.8333,0.8571,0.8,0.9396,0.9505,0.9945
seed,3,6,2017-2020,-1,unweighted,PI,random_forest,lab,14,5,4,0.8,0.3333,0.375,1.0,0.8,0,HighChol,,0.686,0.5606,0.7551,0,0.8,0.6667,0.5714,0.7,0.8598,0.8538,0.941
seed,3,7,2017-2020,-1,unweighted,PI,random_forest,lab,14,5,4,0.8,0.1429,0.375,1.0,0.8,0,HighBP,,0.8318,0.7337,0.8581,0,1.0,0.8333,0.7143,0.8,0.9137,0.9174,0.9778
seed,3,8,2017-2020,-1,unweighted,PI,random_forest,lab,14,5,5,1.0,0.5,0.5,1.0,1.0,0,,,0.7881,0.6705,0.8165,0,1.0,0.8333,0.8571,0.8,0.8946,0.8705,0.8695
seed,3,9,2017-2020,-1,unweighted,PI,random_forest,lab,14,5,5,1.0,0.1667,0.375,1.0,1.0,0,,,0.8361,0.7387,0.8687,0,1.0,0.8333,0.7143,0.7,0.8959,0.9038,0.9769
seed,4,5,2017-2020,-1,unweighted,PI,random_forest,lab,14,4,4,0.6,0.3333,0.7143,0.75,1.0,1,HighChol,HighBP,0.9356,0.8765,0.937,0,1.0,1.0,1.0,0.9,0.9592,0.9583,0.9835
seed,4,6,2017-2020,-1,unweighted,PI,random_forest,lab,14,4,4,0.6,0.0,0.4,0.75,1.0,1,HighChol,HighBP,0.6361,0.5312,0.7285,0,0.8,0.6667,0.5714,0.8,0.8454,0.8309,0.9255
seed,4,7,2017-2020,-1,unweighted,PI,random_forest,lab,14,4,4,1.0,0.2,0.5556,1.0,1.0,0,,,0.9007,0.8157,0.9043,1,1.0,0.8333,0.7143,0.9,0.9546,0.9591,0.9943
seed,4,8,2017-2020,-1,unweighted,PI,random_forest,lab,14,4,5,0.8,0.1667,0.5,1.0,0.8,0,,HighBP,0.8474,0.7105,0.832,0,1.0,1.0,0.8571,0.8,0.891,0.8595,0.8567
seed,4,9,2017-2020,-1,unweighted,PI,random_forest,lab,14,4,5,0.8,0.0,0.5556,1.0,0.8,0,,HighBP,0.8563,0.7979,0.9051,1,1.0,0.8333,0.7143,0.7,0.9199,0.9327,0.9926
seed,5,6,2017-2020,-1,unweighted,PI,random_forest,lab,14,4,4,1.0,0.2,0.5556,1.0,1.0,0,,,0.6265,0.5179,0.7481,0,0.8,0.6667,0.5714,0.8,0.8636,0.8565,0.9411
seed,5,7,2017-2020,-1,unweighted,PI,random_forest,lab,14,4,4,0.6,0.2,0.75,0.75,1.0,1,HighBP,HighChol,0.8376,0.7392,0.865,0,1.0,0.8333,0.7143,0.9,0.9342,0.9324,0.9787
seed,5,8,2017-2020,-1,unweighted,PI,random_forest,lab,14,4,5,0.8,0.4,0.7143,1.0,0.8,0,,HighChol,0.9148,0.827,0.8914,0,1.0,1.0,0.8571,0.9,0.9216,0.8945,0.873
seed,5,9,2017-2020,-1,unweighted,PI,random_forest,lab,14,4,5,0.8,0.25,0.75,1.0,0.8,0,,HighChol,0.8737,0.7979,0.895,0,1.0,0.8333,0.7143,0.8,0.9243,0.9232,0.9779
seed,6,7,2017-2020,-1,unweighted,PI,random_forest,lab,14,4,4,0.6,0.3333,0.7778,0.75,1.0,1,HighBP,HighChol,0.767,0.6992,0.8178,0,0.8,0.8333,0.8571,0.9,0.8909,0.8719,0.9312
seed,6,8,2017-2020,-1,unweighted,PI,random_forest,lab,14,4,5,0.8,0.6667,0.75,1.0,0.8,0,,HighChol,0.7017,0.5513,0.7287,0,0.8,0.6667,0.7143,0.8,0.829,0.7873,0.8176
seed,6,9,2017-2020,-1,unweighted,PI,random_forest,lab,14,4,5,0.8,0.5,0.7778,1.0,0.8,0,,HighChol,0.7693,0.7077,0.8264,0,0.8,0.8333,0.7143,0.8,0.8736,0.8583,0.9299
seed,7,8,2017-2020,-1,unweighted,PI,random_forest,lab,14,4,5,0.8,0.25,0.75,1.0,0.8,0,,HighBP,0.7618,0.6253,0.786,0,1.0,0.8333,0.7143,0.8,0.8656,0.8354,0.8527
seed,7,9,2017-2020,-1,unweighted,PI,random_forest,lab,14,4,5,0.8,0.5,1.0,1.0,0.8,0,,HighBP,0.9399,0.9105,0.9621,1,1.0,1.0,0.8571,0.8,0.9552,0.9648,0.9972
seed,8,9,2017-2020,-1,unweighted,PI,random_forest,lab,14,5,5,1.0,0.3333,0.75,1.0,1.0,0,,,0.8494,0.7264,0.8345,0,1.0,0.8333,0.7143,0.7,0.8627,0.8324,0.8525
seed,0,1,2017-2020,-1,unweighted,PI,random_forest,total,14,4,5,0.8,0.1667,0.5,1.0,0.8,0,,HighChol,0.9353,0.8441,0.9094,0,1.0,1.0,0.8571,0.9,0.9428,0.9337,0.9563
seed,0,2,2017-2020,-1,unweighted,PI,random_forest,total,14,4,4,1.0,0.6,0.7143,1.0,1.0,0,,,0.8936,0.75,0.8123,0,1.0,0.8333,0.8571,0.9,0.888,0.8428,0.8287
seed,0,3,2017-2020,-1,unweighted,PI,random_forest,total,14,4,4,1.0,0.8,0.8333,1.0,1.0,0,,,0.9157,0.8182,0.87,0,1.0,1.0,0.8571,0.9,0.8978,0.8537,0.8313
seed,0,4,2017-2020,-1,unweighted,PI,random_forest,total,14,4,4,1.0,0.5,0.5714,1.0,1.0,0,,,0.8371,0.7053,0.7955,0,1.0,1.0,0.8571,0.8,0.8892,0.8473,0.831
seed,0,5,2017-2020,-1,unweighted,PI,random_forest,total,14,4,4,1.0,0.6,0.7143,1.0,1.0,0,,,0.8906,0.7284,0.7977,0,0.8,0.8333,0.8571,0.9,0.875,0.8283,0.8229
seed,0,6,2017-2020,-1,unweighted,PI,random_forest,total,14,4,4,1.0,0.6667,0.6667,1.0,1.0,0,,,0.853,0.6854,0.7891,0,1.0,1.0,0.8571,0.9,0.8887,0.8466,0.8308
seed,0,7,2017-2020,-1,unweighted,PI,random_forest,total,14,4,5,0.8,0.1667,0.5,1.0,0.8,0,,HighChol,0.8015,0.6751,0.8073,0,1.0,1.0,0.8571,0.7,0.8735,0.836,0.8304
seed,0,8,2017-2020,-1,unweighted,PI,random_forest,total,14,4,5,0.8,0.5,0.6667,1.0,0.8,0,,HighChol,0.9576,0.8441,0.8532,0,1.0,0.8333,1.0,1.0,0.8994,0.853,0.8299
seed,0,9,2017-2020,-1,unweighted,PI,random_forest,total,14,4,5,0.8,0.5,0.6667,1.0,0.8,0,,HighChol,0.9468,0.8182,0.8672,0,1.0,0.8333,1.0,1.0,0.8994,0.853,0.8299
seed,1,2,2017-2020,-1,unweighted,PI,random_forest,total,14,5,4,0.8,0.25,0.75,1.0,0.8,0,HighChol,,0.817,0.6822,0.8066,0,1.0,0.8333,0.8571,0.8,0.8735,0.833,0.8284
seed,1,3,2017-2020,-1,unweighted,PI,random_forest,total,14,5,4,0.8,0.2,0.625,1.0,0.8,0,HighChol,,0.8951,0.7978,0.8834,0,1.0,1.0,0.8571,0.8,0.9209,0.8937,0.8729
seed,1,4,2017-2020,-1,unweighted,PI,random_forest,total,14,5,4,0.8,0.5,0.8571,1.0,0.8,0,HighChol,,0.9427,0.8706,0.8971,0,1.0,1.0,1.0,0.9,0.9136,0.8675,0.833
seed,1,5,2017-2020,-1,unweighted,PI,random_forest,total,14,5,4,0.8,0.25,0.75,1.0,0.8,0,HighChol,,0.9022,0.7765,0.8392,0,0.8,0.8333,0.8571,0.9,0.8749,0.8264,0.8225
seed,1,6,2017-2020,-1,unweighted,PI,random_forest,total,14,5,4,0.8,0.4,0.7143,1.0,0.8,0,HighChol,,0.8443,0.7089,0.8302,0,1.0,1.0,1.0,0.8,0.8957,0.8552,0.8323
seed,1,7,2017-2020,-1,unweighted,PI,random_forest,total,14,5,5,1.0,0.3333,0.75,1.0,1.0,0,,,0.8478,0.7472,0.8571,0,1.0,1.0,0.8571,0.8,0.9124,0.8858,0.8722
seed,1,8,2017-2020,-1,unweighted,PI,random_forest,total,14,5,5,1.0,0.5,0.7143,1.0,1.0,0,,,0.9315,0.8235,0.8677,0,1.0,0.8333,0.8571,0.9,0.8928,0.8466,0.829
seed,1,9,2017-2020,-1,unweighted,PI,random_forest,total,14,5,5,1.0,0.5,0.7143,1.0,1.0,0,,,0.9085,0.7978,0.878,0,1.0,0.8333,0.8571,0.9,0.915,0.8855,0.8704
seed,2,3,2017-2020,-1,unweighted,PI,random_forest,total,14,4,4,1.0,0.75,0.8571,1.0,1.0,0,,,0.8891,0.7614,0.8826,0,1.0,0.8333,1.0,0.8,0.9369,0.9295,0.9552
seed,2,4,2017-2020,-1,unweighted,PI,random_forest,total,14,4,4,1.0,0.75,0.8571,1.0,1.0,0,,,0.8371,0.7284,0.8767,1,1.0,0.8333,0.8571,0.8,0.9513,0.9591,0.9951
seed,2,5,2017-2020,-1,unweighted,PI,random_forest,total,14,4,4,1.0,1.0,1.0,1.0,1.0,0,,,0.9018,0.7747,0.8861,0,0.8,0.8333,1.0,0.9,0.9487,0.9532,0.9902
seed,2,6,2017-2020,-1,unweighted,PI,random_forest,total,14,4,4,1.0,0.3333,0.5,1.0,1.0,0,,,0.7602,0.663,0.8446,1,1.0,0.8333,0.8571,0.8,0.9481,0.9571,0.995
seed,2,7,2017-2020,-1,unweighted,PI,random_forest,total,14,4,5,0.8,0.25,0.75,1.0,0.8,0,,HighChol,0.8828,0.7699,0.8728,0,1.0,0.8333,0.8571,0.8,0.9231,0.9149,0.9532
seed,2,8,2017-2020,-1,unweighted,PI,random_forest,total,14,4,5,0.8,0.4,0.7143,1.0,0.8,0,,HighChol,0.846,0.7516,0.881,1,1.0,0.8333,0.8571,0.9,0.9434,0.9531,0.9946
seed,2,9,2017-2020,-1,unweighted,PI,random_forest,total,14,4,5,0.8,0.1667,0.5,1.0,0.8,0,,HighChol,0.8137,0.6705,0.8281,0,1.0,0.8333,0.8571,0.9,0.9164,0.9105,0.953
seed,3,4,2017-2020,-1,unweighted,PI,random_forest,total,14,4,4,1.0,0.6,0.7143,1.0,1.0,0,,,0.8639,0.74,0.8748,0,1.0,1.0,0.8571,0.8,0.9332,0.9277,0.9562
seed,3,5,2017-2020,-1,unweighted,PI,random_forest,total,14,4,4,1.0,0.75,0.8571,1.0,1.0,0,,,0.8639,0.7284,0.8548,0,0.8,0.8333,1.0,0.8,0.921,0.9086,0.9483
seed,3,6,2017-2020,-1,unweighted,PI,random_forest,total,14,4,4,1.0,0.5,0.5714,1.0,1.0,0,,,0.8729,0.7753,0.8817,0,1.0,1.0,0.8571,0.9,0.9402,0.9323,0.9563
seed,3,7,2017-2020,-1,unweighted,PI,random_forest,total,14,4,5,0.8,0.2,0.625,1.0,0.8,0,,HighChol,0.7834,0.687,0.8683,1,1.0,1.0,0.8571,0.8,0.9494,0.9614,0.9971
seed,3,8,2017-2020,-1,unweighted,PI,random_forest,total,14,4,5,0.8,0.3333,0.5714,1.0,0.8,0,,HighChol,0.9018,0.7978,0.8826,0,1.0,0.8333,0.8571,0.9,0.935,0.922,0.9533
seed,3,9,2017-2020,-1,unweighted,PI,random_forest,total,14,4,5,0.8,0.3333,0.5714,1.0,0.8,0,,HighChol,0.9157,0.8182,0.9059,1,1.0,0.8333,0.8571,0.9,0.962,0.9647,0.995
seed,4,5,2017-2020,-1,unweighted,PI,random_forest,total,14,4,4,1.0,0.75,0.8571,1.0,1.0,0,,,0.8843,0.7765,0.8887,0,0.8,0.8333,0.8571,0.9,0.9421,0.9454,0.9889
seed,4,6,2017-2020,-1,unweighted,PI,random_forest,total,14,4,4,1.0,0.5,0.5714,1.0,1.0,0,,,0.8221,0.686,0.872,1,1.0,1.0,1.0,0.7,0.9617,0.9729,0.9987
seed,4,7,2017-2020,-1,unweighted,PI,random_forest,total,14,4,5,0.8,0.2,0.625,1.0,0.8,0,,HighChol,0.916,0.8316,0.9031,0,1.0,1.0,0.8571,0.9,0.939,0.9296,0.9559
seed,4,8,2017-2020,-1,unweighted,PI,random_forest,total,14,4,5,0.8,0.6,0.8333,1.0,0.8,0,,HighChol,0.8427,0.7765,0.8992,1,1.0,0.8333,0.8571,0.8,0.9503,0.9594,0.9952
seed,4,9,2017-2020,-1,unweighted,PI,random_forest,total,14,4,5,0.8,0.3333,0.5714,1.0,0.8,0,,HighChol,0.7991,0.6937,0.8469,0,1.0,0.8333,0.8571,0.8,0.9185,0.913,0.9534
seed,5,6,2017-2020,-1,unweighted,PI,random_forest,total,14,4,4,1.0,0.3333,0.5,1.0,1.0,0,,,0.7709,0.6631,0.8368,0,0.8,0.8333,0.8571,0.8,0.9296,0.936,0.9883
seed,5,7,2017-2020,-1,unweighted,PI,random_forest,total,14,4,5,0.8,0.25,0.75,1.0,0.8,0,,HighChol,0.8455,0.7231,0.8465,0,0.8,0.8333,0.8571,0.8,0.91,0.8985,0.9469
seed,5,8,2017-2020,-1,unweighted,PI,random_forest,total,14,4,5,0.8,0.4,0.7143,1.0,0.8,0,,HighChol,0.9022,0.8,0.8944,0,0.8,0.6667,0.8571,0.9,0.9392,0.9392,0.9866
seed,5,9,2017-2020,-1,unweighted,PI,random_forest,total,14,4,5,0.8,0.1667,0.5,1.0,0.8,0,,HighChol,0.8549,0.7284,0.8458,0,0.8,0.6667,0.8571,0.9,0.9074,0.8928,0.9447
seed,6,7,2017-2020,-1,unweighted,PI,random_forest,total,14,4,5,0.8,0.1667,0.5,1.0,0.8,0,,HighChol,0.7471,0.609,0.814,0,1.0,1.0,0.8571,0.7,0.9137,0.9123,0.9552
seed,6,8,2017-2020,-1,unweighted,PI,random_forest,total,14,4,5,0.8,0.5,0.6667,1.0,0.8,0,,HighChol,0.8999,0.8003,0.9108,1,1.0,0.8333,0.8571,0.9,0.9574,0.9641,0.9954
seed,6,9,2017-2020,-1,unweighted,PI,random_forest,total,14,4,5,0.8,0.8,1.0,1.0,0.8,0,,HighChol,0.9282,0.8203,0.9002,0,1.0,0.8333,0.8571,0.9,0.9351,0.9251,0.9539
seed,7,8,2017-2020,-1,unweighted,PI,random_forest,total,14,5,5,1.0,0.2,0.5,1.0,1.0,0,,,0.75,0.6267,0.814,0,1.0,0.8333,0.8571,0.7,0.9087,0.9051,0.9528
seed,7,9,2017-2020,-1,unweighted,PI,random_forest,total,14,5,5,1.0,0.2,0.5,1.0,1.0,0,,,0.7157,0.5922,0.8193,1,1.0,0.8333,0.8571,0.7,0.9309,0.944,0.9942
seed,8,9,2017-2020,-1,unweighted,PI,random_forest,total,14,5,5,1.0,0.6,0.6667,1.0,1.0,0,,,0.9844,0.9366,0.9557,0,1.0,1.0,1.0,1.0,0.9682,0.9536,0.9581
seed,0,1,2017-2020,-1,unweighted,PI,xgboost,diag,14,3,4,0.75,0.5,0.7143,1.0,0.75,0,,HighBP,0.8543,0.7152,0.8584,0,1.0,0.8333,0.8571,0.9,0.9272,0.9194,0.9537
seed,0,2,2017-2020,-1,unweighted,PI,xgboost,diag,14,3,2,0.6667,0.6,0.875,1.0,0.6667,0,BMI,,0.8295,0.7072,0.8647,0,0.8,1.0,0.8571,0.8,0.9394,0.9469,0.9909
seed,0,3,2017-2020,-1,unweighted,PI,xgboost,diag,14,3,4,0.75,0.5,0.875,1.0,0.75,0,,HighBP,0.8901,0.8022,0.9178,1,1.0,0.8333,1.0,0.8,0.9639,0.9722,0.9968
seed,0,4,2017-2020,-1,unweighted,PI,xgboost,diag,14,3,4,0.75,0.5,0.875,1.0,0.75,0,,HighBP,0.8779,0.7293,0.8702,0,0.8,1.0,0.8571,0.9,0.9459,0.9511,0.9911
seed,0,5,2017-2020,-1,unweighted,PI,xgboost,diag,14,3,3,0.5,0.6,1.0,0.6667,1.0,1,BMI,HighBP,0.9429,0.8022,0.8801,0,0.8,0.8333,1.0,1.0,0.9313,0.9166,0.9487
seed,0,6,2017-2020,-1,unweighted,PI,xgboost,diag,14,3,3,1.0,0.75,0.875,1.0,1.0,0,,,0.9615,0.884,0.9505,1,1.0,1.0,0.8571,0.9,0.9758,0.9817,0.9985
seed,0,7,2017-2020,-1,unweighted,PI,xgboost,diag,14,3,4,0.75,0.6,0.8571,1.0,0.75,0,,HighBP,0.8278,0.7152,0.878,1,1.0,1.0,0.8571,0.7,0.9515,0.9639,0.9975
seed,0,8,2017-2020,-1,unweighted,PI,xgboost,diag,14,3,3,0.5,0.3333,0.75,0.6667,1.0,1,BMI,HighBP,0.8901,0.7363,0.8533,0,1.0,1.0,0.8571,0.9,0.9186,0.9029,0.9402
seed,0,9,2017-2020,-1,unweighted,PI,xgboost,diag,14,3,3,0.5,0.4,0.875,0.6667,1.0,1,BMI,HighBP,0.8339,0.6872,0.8498,0,1.0,0.8333,1.0,0.8,0.9293,0.9225,0.9545
seed,1,2,2017-2020,-1,unweighted,PI,xgboost,diag,14,4,2,0.5,0.2857,0.625,1.0,0.5,0,"BMI,HighBP",,0.8553,0.7191,0.8374,0,0.8,0.8333,0.8571,0.9,0.9172,0.9038,0.9473
seed,1,3,2017-2020,-1,unweighted,PI,xgboost,diag,14,4,4,1.0,0.4,0.625,1.0,1.0,0,,,0.8896,0.7822,0.8848,0,1.0,1.0,0.8571,0.8,0.9437,0.9336,0.9563
seed,1,4,2017-2020,-1,unweighted,PI,xgboost,diag,14,4,4,1.0,0.4,0.625,1.0,1.0,0,,,0.7315,0.5955,0.7869,0,0.8,0.8333,0.7143,0.8,0.8897,0.8816,0.9453
seed,1,5,2017-2020,-1,unweighted,PI,xgboost,diag,14,4,3,0.75,0.5,0.7143,1.0,0.75,0,BMI,,0.8499,0.7152,0.8674,0,0.8,0.8333,0.8571,0.9,0.9389,0.9434,0.9889
seed,1,6,2017-2020,-1,unweighted,PI,xgboost,diag,14,4,3,0.75,0.3333,0.625,1.0,0.75,0,HighBP,,0.8111,0.7079,0.8471,0,1.0,0.8333,0.7143,0.8,0.9157,0.908,0.9523
seed,1,7,2017-2020,-1,unweighted,PI,xgboost,diag,14,4,4,1.0,0.5,0.5714,1.0,1.0,0,,,0.7605,0.625,0.8168,0,1.0,0.8333,0.7143,0.8,0.9126,0.9073,0.9524
seed,1,8,2017-2020,-1,unweighted,PI,xgboost,diag,14,4,3,0.75,0.5,0.7143,1.0,0.75,0,BMI,,0.872,0.7375,0.8631,0,1.0,0.8333,0.8571,0.9,0.937,0.9362,0.9796
seed,1,9,2017-2020,-1,unweighted,PI,xgboost,diag,14,4,3,0.75,0.3333,0.625,1.0,0.75,0,BMI,,0.8512,0.7699,0.9023,1,1.0,1.0,0.8571,0.8,0.9602,0.9691,0.9977
seed,2,3,2017-2020,-1,unweighted,PI,xgboost,diag,14,2,4,0.5,0.2,0.7778,1.0,0.5,0,,"BMI,HighBP",0.7459,0.5967,0.807,0,0.8,0.8333,0.8571,0.7,0.9226,0.9301,0.988
seed,2,4,2017-2020,-1,unweighted,PI,xgboost,diag,14,2,4,0.5,0.5,1.0,1.0,0.5,0,,"BMI,HighBP",0.7291,0.5889,0.8245,1,1.0,1.0,0.8571,0.7,0.9455,0.9587,0.997
seed,2,5,2017-2020,-1,unweighted,PI,xgboost,diag,14,2,3,0.6667,0.6,0.875,1.0,0.6667,0,,HighBP,0.7415,0.5967,0.7934,0,0.8,0.8333,0.8571,0.8,0.8994,0.8914,0.9466
seed,2,6,2017-2020,-1,unweighted,PI,xgboost,diag,14,2,3,0.6667,0.75,1.0,1.0,0.6667,0,,BMI,0.8337,0.7,0.8563,0,0.8,1.0,0.8571,0.8,0.9442,0.9494,0.991
seed,2,7,2017-2020,-1,unweighted,PI,xgboost,diag,14,2,4,0.5,0.3333,0.75,1.0,0.5,0,,"BMI,HighBP",0.7403,0.5731,0.8055,0,0.8,1.0,0.8571,0.8,0.9315,0.9413,0.9907
seed,2,8,2017-2020,-1,unweighted,PI,xgboost,diag,14,2,3,0.6667,0.6,0.875,1.0,0.6667,0,,HighBP,0.8449,0.7072,0.8422,0,0.8,1.0,1.0,0.9,0.9164,0.8978,0.9356
seed,2,9,2017-2020,-1,unweighted,PI,xgboost,diag,14,2,3,0.6667,0.4,0.7778,1.0,0.6667,0,,HighBP,0.7943,0.6676,0.8209,0,0.8,0.8333,0.8571,0.8,0.9042,0.8939,0.9466
seed,3,4,2017-2020,-1,unweighted,PI,xgboost,diag,14,4,4,1.0,0.3333,0.7778,1.0,1.0,0,,,0.7547,0.5967,0.8098,0,0.8,0.8333,0.8571,0.8,0.929,0.9355,0.9883
seed,3,5,2017-2020,-1,unweighted,PI,xgboost,diag,14,4,3,0.75,0.5,0.875,1.0,0.75,0,BMI,,0.8593,0.6923,0.8436,0,0.8,0.8333,1.0,0.8,0.9204,0.9093,0.9485
seed,3,6,2017-2020,-1,unweighted,PI,xgboost,diag,14,4,3,0.75,0.25,0.7778,1.0,0.75,0,HighBP,,0.9131,0.7956,0.9091,1,1.0,0.8333,0.8571,0.8,0.9643,0.9691,0.9958
seed,3,7,2017-2020,-1,unweighted,PI,xgboost,diag,14,4,4,1.0,0.5,0.75,1.0,1.0,0,,,0.8102,0.6928,0.8659,1,1.0,0.8333,0.8571,0.8,0.9503,0.9594,0.9952
seed,3,8,2017-2020,-1,unweighted,PI,xgboost,diag,14,4,3,0.75,0.2,0.6667,1.0,0.75,0,BMI,,0.8242,0.6703,0.8156,0,1.0,0.8333,0.8571,0.8,0.9001,0.8856,0.9373
seed,3,9,2017-2020,-1,unweighted,PI,xgboost,diag,14,4,3,0.75,0.6667,1.0,1.0,0.75,0,BMI,,0.8834,0.7804,0.8924,0,1.0,1.0,1.0,0.8,0.9439,0.9359,0.9572
seed,4,5,2017-2020,-1,unweighted,PI,xgboost,diag,14,4,3,0.75,0.5,0.875,1.0,0.75,0,BMI,,0.8977,0.7956,0.87,0,0.8,0.8333,0.8571,0.9,0.9256,0.9098,0.9476
seed,4,6,2017-2020,-1,unweighted,PI,xgboost,diag,14,4,3,0.75,0.6667,1.0,1.0,0.75,0,HighBP,,0.7841,0.6556,0.8441,0,0.8,1.0,0.8571,0.8,0.9363,0.945,0.9909
seed,4,7,2017-2020,-1,unweighted,PI,xgboost,diag,14,4,4,1.0,0.5,0.75,1.0,1.0,0,,,0.8398,0.7079,0.8744,0,0.8,1.0,1.0,0.8,0.9498,0.9577,0.9925
seed,4,8,2017-2020,-1,unweighted,PI,xgboost,diag,14,4,3,0.75,0.5,0.875,1.0,0.75,0,BMI,,0.8559,0.7072,0.8292,0,0.8,1.0,0.8571,0.8,0.9098,0.8901,0.9344
seed,4,9,2017-2020,-1,unweighted,PI,xgboost,diag,14,4,3,0.75,0.25,0.7778,1.0,0.75,0,BMI,,0.7471,0.609,0.801,0,0.8,0.8333,0.8571,0.7,0.8908,0.885,0.9463
seed,5,6,2017-2020,-1,unweighted,PI,xgboost,diag,14,3,3,0.5,0.4,0.875,0.6667,1.0,1,HighBP,BMI,0.8493,0.6851,0.8293,0,0.8,0.8333,0.8571,0.9,0.9141,0.9031,0.9474
seed,5,7,2017-2020,-1,unweighted,PI,xgboost,diag,14,3,4,0.75,0.6,0.8571,1.0,0.75,0,,BMI,0.7704,0.5811,0.7863,0,0.8,0.8333,0.8571,0.7,0.9015,0.894,0.947
seed,5,8,2017-2020,-1,unweighted,PI,xgboost,diag,14,3,3,1.0,0.6,0.75,1.0,1.0,0,,,0.8374,0.7143,0.8372,0,0.8,0.8333,0.8571,0.9,0.9286,0.9235,0.9735
seed,5,9,2017-2020,-1,unweighted,PI,xgboost,diag,14,3,3,1.0,0.75,0.875,1.0,1.0,0,,,0.8384,0.7105,0.869,0,0.8,0.8333,1.0,0.8,0.94,0.9468,0.9899
seed,6,7,2017-2020,-1,unweighted,PI,xgboost,diag,14,3,4,0.75,0.4,0.75,1.0,0.75,0,,HighBP,0.8376,0.7304,0.8794,1,1.0,1.0,0.8571,0.8,0.9585,0.9686,0.9977
seed,6,8,2017-2020,-1,unweighted,PI,xgboost,diag,14,3,3,0.5,0.4,0.875,0.6667,1.0,1,BMI,HighBP,0.8405,0.7072,0.8415,0,1.0,1.0,0.8571,0.8,0.91,0.8965,0.9399
seed,6,9,2017-2020,-1,unweighted,PI,xgboost,diag,14,3,3,0.5,0.2,0.7778,0.6667,1.0,1,BMI,HighBP,0.8438,0.7262,0.8605,0,1.0,0.8333,0.8571,0.9,0.9351,0.9239,0.9537
seed,7,8,2017-2020,-1,unweighted,PI,xgboost,diag,14,4,3,0.75,0.3333,0.625,1.0,0.75,0,BMI,,0.7307,0.5364,0.7656,0,1.0,1.0,0.8571,0.7,0.8955,0.8867,0.9395
seed,7,9,2017-2020,-1,unweighted,PI,xgboost,diag,14,4,3,0.75,0.4,0.75,1.0,0.75,0,BMI,,0.8421,0.7225,0.8577,0,1.0,0.8333,0.8571,0.8,0.9211,0.9145,0.9534
seed,8,9,2017-2020,-1,unweighted,PI,xgboost,diag,14,3,3,1.0,0.4,0.6667,1.0,1.0,0,,,0.7035,0.5707,0.8015,0,1.0,0.8333,0.8571,0.7,0.9127,0.9184,0.9786
seed,0,1,2017-2020,-1,unweighted,PI,xgboost,lab,14,3,4,0.75,0.2,0.6667,1.0,0.75,0,,HighBP,0.7344,0.6096,0.7728,0,0.8,0.6667,0.7143,0.7,0.8553,0.8292,0.8593
seed,0,2,2017-2020,-1,unweighted,PI,xgboost,lab,14,3,3,1.0,0.3333,0.5556,1.0,1.0,0,,,0.7902,0.6937,0.8344,0,1.0,0.8333,0.8571,0.8,0.9005,0.8757,0.87
seed,0,3,2017-2020,-1,unweighted,PI,xgboost,lab,14,3,3,1.0,0.4,0.6667,1.0,1.0,0,,,0.8046,0.6749,0.8022,0,0.8,0.6667,0.7143,0.8,0.87,0.8409,0.8601
seed,0,4,2017-2020,-1,unweighted,PI,xgboost,lab,14,3,4,0.75,0.1667,0.5556,1.0,0.75,0,,HighBP,0.7902,0.6359,0.7819,0,0.8,0.8333,0.7143,0.9,0.8851,0.8544,0.8625
seed,0,5,2017-2020,-1,unweighted,PI,xgboost,lab,14,3,3,1.0,0.4,0.6667,1.0,1.0,0,,,0.7924,0.6822,0.8099,0,0.8,0.8333,0.7143,0.9,0.8857,0.8537,0.8623
seed,0,6,2017-2020,-1,unweighted,PI,xgboost,lab,14,3,3,1.0,0.3333,0.5556,1.0,1.0,0,,,0.8258,0.6824,0.8047,0,0.8,0.8333,0.7143,0.9,0.8883,0.8564,0.8625
seed,0,7,2017-2020,-1,unweighted,PI,xgboost,lab,14,3,3,1.0,0.5,0.7778,1.0,1.0,0,,,0.7728,0.6749,0.8225,0,0.8,0.8333,0.7143,0.8,0.9006,0.901,0.9715
seed,0,8,2017-2020,-1,unweighted,PI,xgboost,lab,14,3,3,1.0,0.4,0.6667,1.0,1.0,0,,,0.7389,0.6359,0.8165,0,0.8,0.8333,0.7143,0.8,0.922,0.9273,0.987
seed,0,9,2017-2020,-1,unweighted,PI,xgboost,lab,14,3,4,0.75,0.25,0.7778,1.0,0.75,0,,HighBP,0.7864,0.6749,0.8065,0,0.8,0.8333,0.7143,0.8,0.8818,0.851,0.8622
seed,1,2,2017-2020,-1,unweighted,PI,xgboost,lab,14,4,3,0.75,0.6,0.8571,1.0,0.75,0,HighBP,,0.8432,0.7337,0.8608,0,0.8,0.6667,0.8571,0.8,0.9252,0.9298,0.9862
seed,1,3,2017-2020,-1,unweighted,PI,xgboost,lab,14,4,3,0.75,0.75,1.0,1.0,0.75,0,HighBP,,0.9662,0.9432,0.9757,1,1.0,1.0,1.0,0.9,0.9854,0.9883,0.9992
seed,1,4,2017-2020,-1,unweighted,PI,xgboost,lab,14,4,4,1.0,0.75,0.8571,1.0,1.0,0,,,0.8869,0.807,0.9113,1,1.0,0.8333,0.8571,0.8,0.9455,0.9557,0.995
seed,1,5,2017-2020,-1,unweighted,PI,xgboost,lab,14,4,3,0.75,0.4,0.75,1.0,0.75,0,HighBP,,0.8409,0.7337,0.8752,0,0.8,0.8333,0.8571,0.8,0.9292,0.9374,0.9887
seed,1,6,2017-2020,-1,unweighted,PI,xgboost,lab,14,4,3,0.75,0.6,0.8571,1.0,0.75,0,HighBP,,0.9091,0.846,0.9268,1,1.0,0.8333,0.8571,0.8,0.9535,0.9601,0.9951
seed,1,7,2017-2020,-1,unweighted,PI,xgboost,lab,14,4,3,0.75,0.5,0.875,1.0,0.75,0,HighBP,,0.8235,0.7137,0.8259,0,1.0,0.8333,0.8571,0.8,0.8843,0.8493,0.854
seed,1,8,2017-2020,-1,unweighted,PI,xgboost,lab,14,4,3,0.75,0.4,0.75,1.0,0.75,0,HighBP,,0.8501,0.7337,0.8528,0,1.0,0.8333,0.8571,0.8,0.9031,0.8771,0.87
seed,1,9,2017-2020,-1,unweighted,PI,xgboost,lab,14,4,4,1.0,0.6667,0.875,1.0,1.0,0,,,0.7837,0.701,0.8672,1,1.0,0.8333,0.8571,0.8,0.9396,0.9505,0.9945
seed,2,3,2017-2020,-1,unweighted,PI,xgboost,lab,14,3,3,1.0,0.8,0.8571,1.0,1.0,0,,,0.7879,0.6514,0.8267,0,0.8,0.6667,0.8571,0.7,0.9213,0.9271,0.9861
seed,2,4,2017-2020,-1,unweighted,PI,xgboost,lab,14,3,4,0.75,0.5,0.7143,1.0,0.75,0,,HighBP,0.8004,0.6477,0.832,0,0.8,0.8333,0.7143,0.8,0.9322,0.937,0.9879
seed,2,5,2017-2020,-1,unweighted,PI,xgboost,lab,14,3,3,1.0,0.5,0.625,1.0,1.0,0,,,0.8625,0.7727,0.8825,0,0.8,0.8333,0.8571,0.9,0.9469,0.9491,0.9892
seed,2,6,2017-2020,-1,unweighted,PI,xgboost,lab,14,3,3,1.0,0.6667,0.7143,1.0,1.0,0,,,0.721,0.5781,0.801,0,0.8,0.8333,0.7143,0.7,0.9209,0.9291,0.9876
seed,2,7,2017-2020,-1,unweighted,PI,xgboost,lab,14,3,3,1.0,0.6,0.75,1.0,1.0,0,,,0.6389,0.4738,0.7133,0,0.8,0.8333,0.7143,0.6,0.8399,0.8099,0.8461
seed,2,8,2017-2020,-1,unweighted,PI,xgboost,lab,14,3,3,1.0,0.5,0.625,1.0,1.0,0,,,0.867,0.7273,0.8291,0,0.8,0.8333,0.7143,0.9,0.8943,0.8616,0.863
seed,2,9,2017-2020,-1,unweighted,PI,xgboost,lab,14,3,4,0.75,0.4,0.75,1.0,0.75,0,,HighBP,0.7608,0.6396,0.833,0,0.8,0.8333,0.7143,0.8,0.9216,0.9299,0.9876
seed,3,4,2017-2020,-1,unweighted,PI,xgboost,lab,14,3,4,0.75,0.6,0.8571,1.0,0.75,0,,HighBP,0.8331,0.7225,0.8769,1,1.0,0.8333,0.8571,0.8,0.9455,0.9557,0.995
seed,3,5,2017-2020,-1,unweighted,PI,xgboost,lab,14,3,3,1.0,0.6,0.75,1.0,1.0,0,,,0.7925,0.6633,0.8472,0,0.8,0.8333,0.8571,0.7,0.9254,0.9347,0.9886
seed,3,6,2017-2020,-1,unweighted,PI,xgboost,lab,14,3,3,1.0,0.8,0.8571,1.0,1.0,0,,,0.9251,0.8798,0.9396,1,1.0,0.8333,0.8571,0.9,0.9621,0.9665,0.9954
seed,3,7,2017-2020,-1,unweighted,PI,xgboost,lab,14,3,3,1.0,0.75,0.875,1.0,1.0,0,,,0.8483,0.7531,0.8407,0,1.0,0.8333,0.8571,0.9,0.8989,0.8609,0.8548
seed,3,8,2017-2020,-1,unweighted,PI,xgboost,lab,14,3,3,1.0,0.6,0.75,1.0,1.0,0,,,0.8557,0.7462,0.8563,0,1.0,0.8333,0.8571,0.8,0.9031,0.8771,0.87
seed,3,9,2017-2020,-1,unweighted,PI,xgboost,lab,14,3,4,0.75,0.5,0.875,1.0,0.75,0,,HighBP,0.7977,0.716,0.87,1,1.0,0.8333,0.8571,0.8,0.9396,0.9505,0.9945
seed,4,5,2017-2020,-1,unweighted,PI,xgboost,lab,14,4,3,0.75,0.6,0.8571,1.0,0.75,0,HighBP,,0.8847,0.7386,0.8678,0,0.8,0.8333,0.8571,0.9,0.9497,0.9524,0.9896
seed,4,6,2017-2020,-1,unweighted,PI,xgboost,lab,14,4,3,0.75,0.8,1.0,1.0,0.75,0,HighBP,,0.9197,0.8441,0.9389,1,1.0,1.0,1.0,0.8,0.9763,0.9845,0.9995
seed,4,7,2017-2020,-1,unweighted,PI,xgboost,lab,14,4,3,0.75,0.4,0.75,1.0,0.75,0,HighBP,,0.8557,0.7225,0.8435,0,1.0,1.0,1.0,0.8,0.8997,0.8685,0.8581
seed,4,8,2017-2020,-1,unweighted,PI,xgboost,lab,14,4,3,0.75,0.3333,0.625,1.0,0.75,0,HighBP,,0.7428,0.6023,0.8017,0,1.0,1.0,0.8571,0.7,0.9033,0.882,0.8725
seed,4,9,2017-2020,-1,unweighted,PI,xgboost,lab,14,4,4,1.0,0.5,0.75,1.0,1.0,0,,,0.8421,0.7462,0.8882,1,1.0,1.0,0.8571,0.8,0.9494,0.9614,0.9971
seed,5,6,2017-2020,-1,unweighted,PI,xgboost,lab,14,3,3,1.0,0.8,0.8571,1.0,1.0,0,,,0.8572,0.6937,0.8509,0,0.8,0.8333,0.8571,0.8,0.9432,0.9483,0.9895
seed,5,7,2017-2020,-1,unweighted,PI,xgboost,lab,14,3,3,1.0,0.4,0.6667,1.0,1.0,0,,,0.7202,0.5685,0.7486,0,0.8,0.8333,0.8571,0.7,0.8621,0.8291,0.848
seed,5,8,2017-2020,-1,unweighted,PI,xgboost,lab,14,3,3,1.0,0.3333,0.5556,1.0,1.0,0,,,0.8182,0.6818,0.8064,0,0.8,0.8333,0.7143,0.8,0.8926,0.86,0.8629
seed,5,9,2017-2020,-1,unweighted,PI,xgboost,lab,14,3,4,0.75,0.2,0.6667,1.0,0.75,0,,HighBP,0.6615,0.5448,0.778,0,0.8,0.8333,0.7143,0.8,0.9188,0.9253,0.987
seed,6,7,2017-2020,-1,unweighted,PI,xgboost,lab,14,3,3,1.0,0.6,0.75,1.0,1.0,0,,,0.9478,0.8798,0.9059,0,1.0,1.0,1.0,0.9,0.9164,0.8794,0.8585
seed,6,8,2017-2020,-1,unweighted,PI,xgboost,lab,14,3,3,1.0,0.5,0.625,1.0,1.0,0,,,0.7924,0.6706,0.8277,0,1.0,1.0,0.8571,0.8,0.9104,0.8866,0.8726
seed,6,9,2017-2020,-1,unweighted,PI,xgboost,lab,14,3,4,0.75,0.4,0.75,1.0,0.75,0,,HighBP,0.7819,0.6749,0.8592,1,1.0,1.0,0.8571,0.7,0.9455,0.9587,0.997
seed,7,8,2017-2020,-1,unweighted,PI,xgboost,lab,14,3,3,1.0,0.75,0.875,1.0,1.0,0,,,0.7518,0.6159,0.8241,0,1.0,1.0,0.8571,0.7,0.9193,0.9274,0.9812
seed,7,9,2017-2020,-1,unweighted,PI,xgboost,lab,14,3,4,0.75,0.6667,1.0,1.0,0.75,0,,HighBP,0.8161,0.6914,0.8232,0,1.0,1.0,0.8571,0.8,0.892,0.8592,0.8566
seed,8,9,2017-2020,-1,unweighted,PI,xgboost,lab,14,3,4,0.75,0.5,0.875,1.0,0.75,0,,HighBP,0.7744,0.6278,0.8064,0,1.0,1.0,0.8571,0.8,0.9044,0.8801,0.872
seed,0,1,2017-2020,-1,unweighted,PI,xgboost,total,14,4,4,1.0,0.3333,0.5,1.0,1.0,0,,,0.8831,0.7647,0.8645,0,0.8,0.6667,0.7143,1.0,0.9353,0.9326,0.9851
seed,0,2,2017-2020,-1,unweighted,PI,xgboost,total,14,4,4,1.0,0.5714,0.5,1.0,1.0,0,,,0.8845,0.7618,0.8428,0,0.8,0.6667,0.7143,0.9,0.887,0.8521,0.8605
seed,0,3,2017-2020,-1,unweighted,PI,xgboost,total,14,4,4,1.0,0.6,0.7143,1.0,1.0,0,,,0.9353,0.8672,0.9345,1,1.0,0.8333,0.8571,0.9,0.9679,0.9699,0.9955
seed,0,4,2017-2020,-1,unweighted,PI,xgboost,total,14,4,4,1.0,0.4,0.625,1.0,1.0,0,,,0.8888,0.7775,0.8742,0,1.0,1.0,0.8571,0.9,0.9131,0.8878,0.8725
seed,0,5,2017-2020,-1,unweighted,PI,xgboost,total,14,4,4,1.0,0.2857,0.375,1.0,1.0,0,,,0.8371,0.7053,0.8192,0,0.8,0.8333,0.8571,0.9,0.8933,0.8612,0.8635
seed,0,6,2017-2020,-1,unweighted,PI,xgboost,total,14,4,4,1.0,0.4286,0.4286,1.0,1.0,0,,,0.8966,0.7889,0.868,0,1.0,0.8333,0.8571,0.9,0.9124,0.8828,0.8702
seed,0,7,2017-2020,-1,unweighted,PI,xgboost,total,14,4,4,1.0,0.3333,0.5,1.0,1.0,0,,,0.891,0.8195,0.92,1,1.0,1.0,0.8571,0.8,0.9659,0.9737,0.9979
seed,0,8,2017-2020,-1,unweighted,PI,xgboost,total,14,4,4,1.0,0.3333,0.5,1.0,1.0,0,,,0.8734,0.7618,0.8621,0,1.0,0.8333,0.8571,0.9,0.9092,0.8809,0.8702
seed,0,9,2017-2020,-1,unweighted,PI,xgboost,total,14,4,4,1.0,0.8,0.8333,1.0,1.0,0,,,0.8975,0.7963,0.852,0,1.0,0.8333,0.7143,0.9,0.8826,0.8364,0.8276
seed,1,2,2017-2020,-1,unweighted,PI,xgboost,total,14,4,4,1.0,0.2857,0.375,1.0,1.0,0,,,0.8801,0.7618,0.8438,0,0.8,0.8333,0.8571,0.9,0.9045,0.8705,0.8642
seed,1,3,2017-2020,-1,unweighted,PI,xgboost,total,14,4,4,1.0,0.2,0.5556,1.0,1.0,0,,,0.8505,0.7284,0.8482,0,0.8,0.6667,0.7143,0.9,0.9374,0.9351,0.9855
seed,1,4,2017-2020,-1,unweighted,PI,xgboost,total,14,4,4,1.0,0.25,0.6667,1.0,1.0,0,,,0.7575,0.6403,0.785,0,0.8,0.6667,0.8571,0.9,0.8814,0.8511,0.8613
seed,1,5,2017-2020,-1,unweighted,PI,xgboost,total,14,4,4,1.0,0.1667,0.4444,1.0,1.0,0,,,0.8014,0.7053,0.8103,0,0.8,0.6667,0.5714,0.9,0.8682,0.8353,0.8586
seed,1,6,2017-2020,-1,unweighted,PI,xgboost,total,14,4,4,1.0,0.3333,0.5,1.0,1.0,0,,,0.8921,0.7889,0.8624,0,0.8,0.8333,0.8571,0.9,0.904,0.8702,0.8642
seed,1,7,2017-2020,-1,unweighted,PI,xgboost,total,14,4,4,1.0,0.2,0.5556,1.0,1.0,0,,,0.7137,0.6508,0.818,0,0.8,0.6667,0.7143,0.8,0.9148,0.919,0.9846
seed,1,8,2017-2020,-1,unweighted,PI,xgboost,total,14,4,4,1.0,0.5,0.75,1.0,1.0,0,,,0.8245,0.7163,0.8319,0,0.8,0.8333,0.8571,0.9,0.8961,0.8645,0.8639
seed,1,9,2017-2020,-1,unweighted,PI,xgboost,total,14,4,4,1.0,0.4,0.625,1.0,1.0,0,,,0.842,0.7216,0.8001,0,0.8,0.6667,0.8571,0.9,0.872,0.8203,0.8201
seed,2,3,2017-2020,-1,unweighted,PI,xgboost,total,14,4,4,1.0,0.5,0.5714,1.0,1.0,0,,,0.8631,0.7375,0.8395,0,0.8,0.8333,0.8571,0.8,0.8958,0.8641,0.8639
seed,2,4,2017-2020,-1,unweighted,PI,xgboost,total,14,4,4,1.0,0.3333,0.5,1.0,1.0,0,,,0.6535,0.5304,0.7722,0,0.8,0.6667,0.7143,0.8,0.909,0.9157,0.9846
seed,2,5,2017-2020,-1,unweighted,PI,xgboost,total,14,4,4,1.0,0.4286,0.4286,1.0,1.0,0,,,0.713,0.5811,0.7819,0,0.8,0.6667,0.5714,0.8,0.9072,0.9115,0.9835
seed,2,6,2017-2020,-1,unweighted,PI,xgboost,total,14,4,4,1.0,0.5714,0.5,1.0,1.0,0,,,0.8845,0.7514,0.8773,0,0.8,0.8333,0.8571,0.9,0.9528,0.9543,0.9896
seed,2,7,2017-2020,-1,unweighted,PI,xgboost,total,14,4,4,1.0,0.2857,0.375,1.0,1.0,0,,,0.7755,0.6639,0.8018,0,0.8,0.6667,0.7143,0.8,0.8774,0.8461,0.8603
seed,2,8,2017-2020,-1,unweighted,PI,xgboost,total,14,4,4,1.0,0.5,0.5714,1.0,1.0,0,,,0.8989,0.7802,0.8847,0,0.8,0.8333,0.8571,1.0,0.9507,0.9518,0.9893
seed,2,9,2017-2020,-1,unweighted,PI,xgboost,total,14,4,4,1.0,0.4286,0.4286,1.0,1.0,0,,,0.8395,0.7215,0.8458,0,0.8,0.8333,0.8571,0.8,0.9128,0.9018,0.9473
seed,3,4,2017-2020,-1,unweighted,PI,xgboost,total,14,4,4,1.0,0.6667,0.875,1.0,1.0,0,,,0.8553,0.7304,0.8481,0,1.0,0.8333,0.8571,0.9,0.9044,0.8784,0.8701
seed,3,5,2017-2020,-1,unweighted,PI,xgboost,total,14,4,4,1.0,0.1667,0.4444,1.0,1.0,0,,,0.7029,0.5682,0.7476,0,0.8,0.6667,0.7143,0.8,0.8612,0.8311,0.8589
seed,3,6,2017-2020,-1,unweighted,PI,xgboost,total,14,4,4,1.0,0.6,0.7143,1.0,1.0,0,,,0.8553,0.7191,0.8356,0,1.0,0.8333,0.8571,0.8,0.9085,0.8801,0.8701
seed,3,7,2017-2020,-1,unweighted,PI,xgboost,total,14,4,4,1.0,0.5,0.75,1.0,1.0,0,,,0.8421,0.7462,0.8859,1,1.0,0.8333,0.8571,0.9,0.9552,0.9618,0.9952
seed,3,8,2017-2020,-1,unweighted,PI,xgboost,total,14,4,4,1.0,0.5,0.75,1.0,1.0,0,,,0.7748,0.6258,0.7942,0,1.0,0.8333,0.8571,0.8,0.8946,0.8692,0.8693
seed,3,9,2017-2020,-1,unweighted,PI,xgboost,total,14,4,4,1.0,0.75,0.8571,1.0,1.0,0,,,0.9466,0.856,0.8884,0,1.0,1.0,0.8571,0.9,0.906,0.86,0.8318
seed,4,5,2017-2020,-1,unweighted,PI,xgboost,total,14,4,4,1.0,0.2,0.5556,1.0,1.0,0,,,0.8309,0.7079,0.8479,0,0.8,0.8333,0.7143,0.9,0.9333,0.9364,0.9875
seed,4,6,2017-2020,-1,unweighted,PI,xgboost,total,14,4,4,1.0,0.4,0.625,1.0,1.0,0,,,0.8117,0.7,0.8566,1,1.0,0.8333,0.8571,0.9,0.9492,0.9565,0.9947
seed,4,7,2017-2020,-1,unweighted,PI,xgboost,total,14,4,4,1.0,0.6667,0.875,1.0,1.0,0,,,0.8483,0.7144,0.8399,0,1.0,1.0,0.8571,0.8,0.9044,0.8814,0.8721
seed,4,8,2017-2020,-1,unweighted,PI,xgboost,total,14,4,4,1.0,0.6667,0.875,1.0,1.0,0,,,0.7085,0.5746,0.808,1,1.0,0.8333,0.8571,0.8,0.9396,0.9505,0.9945
seed,4,9,2017-2020,-1,unweighted,PI,xgboost,total,14,4,4,1.0,0.5,0.75,1.0,1.0,0,,,0.8885,0.7738,0.8749,0,1.0,0.8333,0.8571,0.8,0.9185,0.913,0.9534
seed,5,6,2017-2020,-1,unweighted,PI,xgboost,total,14,4,4,1.0,0.5,0.5714,1.0,1.0,0,,,0.8508,0.7191,0.8417,0,0.8,0.6667,0.7143,0.9,0.9266,0.9262,0.9848
seed,5,7,2017-2020,-1,unweighted,PI,xgboost,total,14,4,4,1.0,0.1667,0.4444,1.0,1.0,0,,,0.6976,0.5804,0.7663,0,0.8,0.8333,0.7143,0.7,0.8592,0.8349,0.8614
seed,5,8,2017-2020,-1,unweighted,PI,xgboost,total,14,4,4,1.0,0.4,0.625,1.0,1.0,0,,,0.8057,0.6705,0.829,0,0.8,0.6667,0.7143,0.8,0.9229,0.9253,0.9851
seed,5,9,2017-2020,-1,unweighted,PI,xgboost,total,14,4,4,1.0,0.1429,0.3333,1.0,1.0,0,,,0.6916,0.5625,0.7554,0,0.8,0.6667,0.5714,0.8,0.8764,0.8647,0.9414
seed,6,7,2017-2020,-1,unweighted,PI,xgboost,total,14,4,4,1.0,0.3333,0.5,1.0,1.0,0,,,0.7876,0.6793,0.8239,0,1.0,0.8333,0.8571,0.8,0.9005,0.8757,0.87
seed,6,8,2017-2020,-1,unweighted,PI,xgboost,total,14,4,4,1.0,0.6,0.7143,1.0,1.0,0,,,0.9197,0.8398,0.9334,1,1.0,1.0,1.0,0.9,0.9748,0.9812,0.9989
seed,6,9,2017-2020,-1,unweighted,PI,xgboost,total,14,4,4,1.0,0.5,0.5714,1.0,1.0,0,,,0.8405,0.7255,0.8514,0,1.0,0.8333,0.7143,0.8,0.9237,0.9137,0.9525
seed,7,8,2017-2020,-1,unweighted,PI,xgboost,total,14,4,4,1.0,0.5,0.75,1.0,1.0,0,,,0.7665,0.6406,0.8069,0,1.0,0.8333,0.8571,0.8,0.8972,0.8719,0.8696
seed,7,9,2017-2020,-1,unweighted,PI,xgboost,total,14,4,4,1.0,0.4,0.625,1.0,1.0,0,,,0.8446,0.7392,0.8291,0,1.0,0.8333,0.7143,0.8,0.8659,0.8255,0.8272
seed,8,9,2017-2020,-1,unweighted,PI,xgboost,total,14,4,4,1.0,0.4,0.625,1.0,1.0,0,,,0.748,0.6253,0.808,0,1.0,0.8333,0.7143,0.8,0.9097,0.9028,0.9518
seed,0,1,2017-2020,-1,unweighted,SHAP,logistic_regression,diag,14,5,5,1.0,1.0,1.0,1.0,1.0,0,,,0.9604,0.8901,0.9496,1,1.0,0.8333,0.8571,1.0,0.9746,0.9771,0.9962
seed,0,2,2017-2020,-1,unweighted,SHAP,logistic_regression,diag,14,5,5,1.0,0.8,0.8,1.0,1.0,0,,,0.978,0.9121,0.9662,1,1.0,1.0,1.0,1.0,0.9894,0.9929,0.9997
seed,0,3,2017-2020,-1,unweighted,SHAP,logistic_regression,diag,14,5,5,1.0,1.0,1.0,1.0,1.0,0,,,0.9692,0.8901,0.9488,1,1.0,0.8333,0.8571,1.0,0.9768,0.9782,0.9962
seed,0,4,2017-2020,-1,unweighted,SHAP,logistic_regression,diag,14,5,5,1.0,0.6,0.6667,1.0,1.0,0,,,0.8813,0.7143,0.8542,0,1.0,0.8333,0.8571,0.9,0.9304,0.9214,0.9537
seed,0,5,2017-2020,-1,unweighted,SHAP,logistic_regression,diag,14,5,5,1.0,0.6,0.6667,1.0,1.0,0,,,0.9121,0.7582,0.8938,1,1.0,0.8333,0.8571,0.9,0.9633,0.9693,0.9959
seed,0,6,2017-2020,-1,unweighted,SHAP,logistic_regression,diag,14,5,4,0.8,0.8,1.0,1.0,0.8,0,Sex,,0.9648,0.8901,0.9511,1,1.0,1.0,0.8571,0.9,0.9768,0.9812,0.9982
seed,0,7,2017-2020,-1,unweighted,SHAP,logistic_regression,diag,14,5,5,1.0,0.75,0.8333,1.0,1.0,0,,,0.8725,0.7582,0.9013,1,1.0,1.0,0.8571,0.9,0.964,0.973,0.9979
seed,0,8,2017-2020,-1,unweighted,SHAP,logistic_regression,diag,14,5,5,1.0,0.8,0.8,1.0,1.0,0,,,0.9121,0.7802,0.899,1,1.0,0.8333,0.8571,0.9,0.9621,0.9678,0.9956
seed,0,9,2017-2020,-1,unweighted,SHAP,logistic_regression,diag,14,5,5,1.0,0.6,0.6667,1.0,1.0,0,,,0.9516,0.8901,0.9494,1,1.0,1.0,0.8571,0.9,0.9756,0.9798,0.9981
seed,1,2,2017-2020,-1,unweighted,SHAP,logistic_regression,diag,14,5,5,1.0,0.8,0.8,1.0,1.0,0,,,0.9736,0.8901,0.9473,1,1.0,0.8333,0.8571,1.0,0.9724,0.9748,0.996
seed,1,3,2017-2020,-1,unweighted,SHAP,logistic_regression,diag,14,5,5,1.0,1.0,1.0,1.0,1.0,0,,,0.978,0.9121,0.9573,1,1.0,0.8333,0.8571,1.0,0.9772,0.9786,0.9962
seed,1,4,2017-2020,-1,unweighted,SHAP,logistic_regression,diag,14,5,5,1.0,0.6,0.6667,1.0,1.0,0,,,0.8637,0.6923,0.8579,0,1.0,1.0,0.8571,0.9,0.937,0.9304,0.9563
seed,1,5,2017-2020,-1,unweighted,SHAP,logistic_regression,diag,14,5,5,1.0,0.6,0.6667,1.0,1.0,0,,,0.956,0.8681,0.9444,1,1.0,1.0,0.8571,0.9,0.978,0.9827,0.9985
seed,1,6,2017-2020,-1,unweighted,SHAP,logistic_regression,diag,14,5,4,0.8,0.8,1.0,1.0,0.8,0,Sex,,0.9824,0.9121,0.9581,1,1.0,0.8333,1.0,0.9,0.9781,0.9801,0.9968
seed,1,7,2017-2020,-1,unweighted,SHAP,logistic_regression,diag,14,5,5,1.0,0.75,0.8333,1.0,1.0,0,,,0.9253,0.8242,0.9222,1,1.0,0.8333,1.0,0.9,0.9666,0.9721,0.9965
seed,1,8,2017-2020,-1,unweighted,SHAP,logistic_regression,diag,14,5,5,1.0,0.8,0.8,1.0,1.0,0,,,0.9165,0.8022,0.9204,1,1.0,1.0,0.8571,0.9,0.9688,0.9768,0.9982
seed,1,9,2017-2020,-1,unweighted,SHAP,logistic_regression,diag,14,5,5,1.0,0.6,0.6667,1.0,1.0,0,,,0.8549,0.7802,0.8974,1,1.0,0.8333,0.8571,0.9,0.96,0.9655,0.9954
seed,2,3,2017-2020,-1,unweighted,SHAP,logistic_regression,diag,14,5,5,1.0,0.8,0.8,1.0,1.0,0,,,0.9824,0.9341,0.9626,1,1.0,0.8333,0.8571,1.0,0.9778,0.9779,0.9961
seed,2,4,2017-2020,-1,unweighted,SHAP,logistic_regression,diag,14,5,5,1.0,0.5,0.5,1.0,1.0,0,,,0.8286,0.6703,0.8346,0,1.0,0.8333,0.8571,0.9,0.9224,0.9157,0.9535
seed,2,5,2017-2020,-1,unweighted,SHAP,logistic_regression,diag,14,5,5,1.0,0.8,0.8,1.0,1.0,0,,,0.9385,0.8462,0.9267,1,1.0,0.8333,0.8571,0.9,0.9707,0.9745,0.9961
seed,2,6,2017-2020,-1,unweighted,SHAP,logistic_regression,diag,14,5,4,0.8,0.6667,0.8,1.0,0.8,0,Sex,,0.9604,0.8901,0.9486,1,1.0,1.0,0.8571,0.9,0.9746,0.9789,0.998
seed,2,7,2017-2020,-1,unweighted,SHAP,logistic_regression,diag,14,5,5,1.0,0.6,0.6667,1.0,1.0,0,,,0.8945,0.8022,0.9136,1,1.0,1.0,0.8571,0.9,0.9698,0.9764,0.998
seed,2,8,2017-2020,-1,unweighted,SHAP,logistic_regression,diag,14,5,5,1.0,0.6667,0.6,1.0,1.0,0,,,0.8989,0.7802,0.8974,1,1.0,0.8333,0.8571,0.9,0.9574,0.9641,0.9954
seed,2,9,2017-2020,-1,unweighted,SHAP,logistic_regression,diag,14,5,5,1.0,0.5,0.5,1.0,1.0,0,,,0.8857,0.8022,0.9149,1,1.0,1.0,0.8571,0.9,0.9698,0.9764,0.998
seed,3,4,2017-2020,-1,unweighted,SHAP,logistic_regression,diag,14,5,5,1.0,0.6,0.6667,1.0,1.0,0,,,0.8857,0.7363,0.8722,0,1.0,0.8333,1.0,0.9,0.9348,0.9269,0.9548
seed,3,5,2017-2020,-1,unweighted,SHAP,logistic_regression,diag,14,5,5,1.0,0.6,0.6667,1.0,1.0,0,,,0.9429,0.8681,0.9432,1,1.0,0.8333,1.0,0.9,0.9735,0.9782,0.997
seed,3,6,2017-2020,-1,unweighted,SHAP,logistic_regression,diag,14,5,4,0.8,0.8,1.0,1.0,0.8,0,Sex,,0.956,0.8681,0.9301,1,1.0,0.8333,0.8571,0.9,0.9695,0.9717,0.9956
seed,3,7,2017-2020,-1,unweighted,SHAP,logistic_regression,diag,14,5,5,1.0,0.75,0.8333,1.0,1.0,0,,,0.8681,0.7802,0.8945,1,1.0,0.8333,0.8571,0.9,0.96,0.9655,0.9954
seed,3,8,2017-2020,-1,unweighted,SHAP,logistic_regression,diag,14,5,5,1.0,0.8,0.8,1.0,1.0,0,,,0.9429,0.8462,0.9345,1,1.0,0.8333,1.0,0.9,0.9697,0.9753,0.9967
seed,3,9,2017-2020,-1,unweighted,SHAP,logistic_regression,diag,14,5,5,1.0,0.6,0.6667,1.0,1.0,0,,,0.8681,0.7802,0.8968,1,1.0,0.8333,0.7143,0.9,0.9524,0.958,0.9943
seed,4,5,2017-2020,-1,unweighted,SHAP,logistic_regression,diag,14,5,5,1.0,0.3333,0.4286,1.0,1.0,0,,,0.8549,0.7363,0.8745,0,1.0,1.0,1.0,0.8,0.9417,0.9348,0.9571
seed,4,6,2017-2020,-1,unweighted,SHAP,logistic_regression,diag,14,5,4,0.8,0.5,0.6667,1.0,0.8,0,Sex,,0.8549,0.6923,0.8468,0,1.0,0.8333,0.8571,0.9,0.9272,0.9194,0.9537
seed,4,7,2017-2020,-1,unweighted,SHAP,logistic_regression,diag,14,5,5,1.0,0.4,0.5714,1.0,1.0,0,,,0.789,0.6484,0.8249,0,1.0,0.8333,0.8571,0.8,0.9211,0.9145,0.9534
seed,4,8,2017-2020,-1,unweighted,SHAP,logistic_regression,diag,14,5,5,1.0,0.5,0.5,1.0,1.0,0,,,0.9692,0.8901,0.938,0,1.0,1.0,1.0,0.9,0.959,0.9479,0.958
seed,4,9,2017-2020,-1,unweighted,SHAP,logistic_regression,diag,14,5,5,1.0,0.6,0.6667,1.0,1.0,0,,,0.8813,0.6923,0.8356,0,1.0,0.8333,0.7143,1.0,0.9207,0.9113,0.9522
seed,5,6,2017-2020,-1,unweighted,SHAP,logistic_regression,diag,14,5,4,0.8,0.5,0.6667,1.0,0.8,0,Sex,,0.8945,0.7802,0.9018,1,1.0,0.8333,0.8571,0.8,0.9561,0.9628,0.9953
seed,5,7,2017-2020,-1,unweighted,SHAP,logistic_regression,diag,14,5,5,1.0,0.4,0.5714,1.0,1.0,0,,,0.9121,0.8242,0.9127,1,1.0,0.8333,0.8571,0.9,0.9648,0.968,0.9954
seed,5,8,2017-2020,-1,unweighted,SHAP,logistic_regression,diag,14,5,5,1.0,0.5,0.5,1.0,1.0,0,,,0.9033,0.8022,0.9202,1,1.0,1.0,1.0,0.8,0.9704,0.9793,0.999
seed,5,9,2017-2020,-1,unweighted,SHAP,logistic_regression,diag,14,5,5,1.0,0.6,0.6667,1.0,1.0,0,,,0.8198,0.6923,0.8576,1,1.0,0.8333,0.7143,0.8,0.9459,0.9539,0.9942
seed,6,7,2017-2020,-1,unweighted,SHAP,logistic_regression,diag,14,4,5,0.8,0.6,0.8333,1.0,0.8,0,,Sex,0.9121,0.8242,0.932,1,1.0,1.0,1.0,0.8,0.9763,0.9845,0.9995
seed,6,8,2017-2020,-1,unweighted,SHAP,logistic_regression,diag,14,4,5,0.8,0.6667,0.8,1.0,0.8,0,,Sex,0.8989,0.7582,0.8931,1,1.0,0.8333,0.8571,0.9,0.959,0.9658,0.9956
seed,6,9,2017-2020,-1,unweighted,SHAP,logistic_regression,diag,14,4,5,0.8,0.5,0.6667,1.0,0.8,0,,Sex,0.8813,0.7802,0.9013,1,1.0,1.0,0.8571,0.9,0.9638,0.9712,0.9975
seed,7,8,2017-2020,-1,unweighted,SHAP,logistic_regression,diag,14,5,5,1.0,0.6,0.6667,1.0,1.0,0,,,0.8549,0.7143,0.8707,1,1.0,0.8333,0.8571,0.8,0.9529,0.9609,0.9953
seed,7,9,2017-2020,-1,unweighted,SHAP,logistic_regression,diag,14,5,5,1.0,0.4,0.5714,1.0,1.0,0,,,0.789,0.6923,0.8673,1,1.0,1.0,0.8571,0.8,0.9494,0.9614,0.9971
seed,8,9,2017-2020,-1,unweighted,SHAP,logistic_regression,diag,14,5,5,1.0,0.5,0.5,1.0,1.0,0,,,0.8593,0.7143,0.8659,1,1.0,0.8333,0.7143,0.9,0.9438,0.9513,0.9938
seed,0,1,2017-2020,-1,unweighted,SHAP,logistic_regression,lab,14,5,4,0.8,0.6,0.8333,1.0,0.8,0,HighBP,,0.9385,0.8462,0.9255,0,0.8,1.0,1.0,0.9,0.9691,0.97,0.9929
seed,0,2,2017-2020,-1,unweighted,SHAP,logistic_regression,lab,14,5,4,0.8,0.5,0.6667,1.0,0.8,0,HighBP,,0.956,0.9121,0.9611,1,1.0,1.0,1.0,0.9,0.9822,0.9864,0.9992
seed,0,3,2017-2020,-1,unweighted,SHAP,logistic_regression,lab,14,5,4,0.8,0.4,0.7143,1.0,0.8,0,HighBP,,0.8681,0.7802,0.9092,1,1.0,1.0,1.0,0.8,0.9656,0.9755,0.9988
seed,0,4,2017-2020,-1,unweighted,SHAP,logistic_regression,lab,14,5,5,1.0,0.75,0.8333,1.0,1.0,0,,,0.9473,0.8242,0.9243,1,1.0,0.8333,1.0,0.9,0.9714,0.9758,0.9967
seed,0,5,2017-2020,-1,unweighted,SHAP,logistic_regression,lab,14,5,5,1.0,0.4,0.5714,1.0,1.0,0,,,0.9209,0.8242,0.9159,1,1.0,1.0,0.8571,0.9,0.9698,0.9752,0.9978
seed,0,6,2017-2020,-1,unweighted,SHAP,logistic_regression,lab,14,5,4,0.8,0.2,0.625,1.0,0.8,0,HighBP,,0.9516,0.8462,0.9221,0,0.8,1.0,0.8571,1.0,0.9572,0.9589,0.9914
seed,0,7,2017-2020,-1,unweighted,SHAP,logistic_regression,lab,14,5,4,0.8,0.75,1.0,1.0,0.8,0,HighBP,,0.9824,0.9341,0.974,1,1.0,1.0,1.0,0.9,0.993,0.9954,0.9999
seed,0,8,2017-2020,-1,unweighted,SHAP,logistic_regression,lab,14,5,4,0.8,0.5,0.6667,1.0,0.8,0,HighBP,,0.956,0.8681,0.9412,1,1.0,0.8333,1.0,1.0,0.9714,0.9757,0.9966
seed,0,9,2017-2020,-1,unweighted,SHAP,logistic_regression,lab,14,5,5,1.0,0.5,0.7143,1.0,1.0,0,,,0.9385,0.8462,0.9279,1,1.0,0.8333,1.0,0.9,0.9676,0.9717,0.9963
seed,1,2,2017-2020,-1,unweighted,SHAP,logistic_regression,lab,14,4,4,1.0,0.8333,0.8,1.0,1.0,0,,,0.9824,0.9341,0.9653,0,0.8,1.0,1.0,0.9,0.9798,0.979,0.9936
seed,1,3,2017-2020,-1,unweighted,SHAP,logistic_regression,lab,14,4,4,1.0,0.5,0.5714,1.0,1.0,0,,,0.9429,0.8462,0.9293,0,0.8,1.0,1.0,0.9,0.9643,0.9675,0.9929
seed,1,4,2017-2020,-1,unweighted,SHAP,logistic_regression,lab,14,4,5,0.8,0.5,0.6667,1.0,0.8,0,,HighBP,0.8901,0.7582,0.8847,0,0.8,0.8333,1.0,0.8,0.9496,0.953,0.9901
seed,1,5,2017-2020,-1,unweighted,SHAP,logistic_regression,lab,14,4,5,0.8,0.5,0.6667,1.0,0.8,0,,HighBP,0.9253,0.8022,0.897,0,0.8,1.0,0.8571,0.9,0.9555,0.9573,0.9913
seed,1,6,2017-2020,-1,unweighted,SHAP,logistic_regression,lab,14,4,4,1.0,0.3333,0.5,1.0,1.0,0,,,0.8989,0.7802,0.8985,1,1.0,1.0,0.8571,0.9,0.9617,0.9689,0.9973
seed,1,7,2017-2020,-1,unweighted,SHAP,logistic_regression,lab,14,4,4,1.0,0.8,0.8333,1.0,1.0,0,,,0.956,0.8681,0.9353,0,0.8,1.0,1.0,0.9,0.9691,0.97,0.9929
seed,1,8,2017-2020,-1,unweighted,SHAP,logistic_regression,lab,14,4,4,1.0,0.5714,0.5,1.0,1.0,0,,,0.9253,0.8022,0.9038,0,0.8,0.8333,1.0,0.9,0.9544,0.9566,0.9903
seed,1,9,2017-2020,-1,unweighted,SHAP,logistic_regression,lab,14,4,5,0.8,0.3333,0.5714,1.0,0.8,0,,HighBP,0.9736,0.9121,0.9466,0,0.8,0.8333,1.0,1.0,0.9663,0.9637,0.9904
seed,2,3,2017-2020,-1,unweighted,SHAP,logistic_regression,lab,14,4,4,1.0,0.4286,0.4286,1.0,1.0,0,,,0.9033,0.8242,0.9289,1,1.0,1.0,1.0,0.8,0.9704,0.9793,0.999
seed,2,4,2017-2020,-1,unweighted,SHAP,logistic_regression,lab,14,4,5,0.8,0.6667,0.8,1.0,0.8,0,,HighBP,0.9385,0.8242,0.9205,1,1.0,0.8333,1.0,0.9,0.9697,0.974,0.9965
seed,2,5,2017-2020,-1,unweighted,SHAP,logistic_regression,lab,14,4,5,0.8,0.4286,0.5,1.0,0.8,0,,HighBP,0.9253,0.8242,0.9128,1,1.0,1.0,0.8571,0.9,0.9718,0.9756,0.9976
seed,2,6,2017-2020,-1,unweighted,SHAP,logistic_regression,lab,14,4,4,1.0,0.5,0.5714,1.0,1.0,0,,,0.9209,0.8022,0.9007,0,0.8,1.0,0.8571,0.9,0.9517,0.9544,0.9911
seed,2,7,2017-2020,-1,unweighted,SHAP,logistic_regression,lab,14,4,4,1.0,0.6667,0.6667,1.0,1.0,0,,,0.9824,0.9341,0.9705,1,1.0,1.0,1.0,1.0,0.9861,0.9891,0.9993
seed,2,8,2017-2020,-1,unweighted,SHAP,logistic_regression,lab,14,4,4,1.0,0.7143,0.6,1.0,1.0,0,,,0.9429,0.8242,0.9201,1,1.0,0.8333,1.0,0.9,0.9707,0.9749,0.9966
seed,2,9,2017-2020,-1,unweighted,SHAP,logistic_regression,lab,14,4,5,0.8,0.2857,0.4286,1.0,0.8,0,,HighBP,0.9604,0.8901,0.9467,1,1.0,0.8333,1.0,0.9,0.9724,0.9755,0.9965
seed,3,4,2017-2020,-1,unweighted,SHAP,logistic_regression,lab,14,4,5,0.8,0.3333,0.5714,1.0,0.8,0,,HighBP,0.8198,0.6484,0.848,1,1.0,0.8333,1.0,0.7,0.9519,0.9619,0.9961
seed,3,5,2017-2020,-1,unweighted,SHAP,logistic_regression,lab,14,4,5,0.8,0.3333,0.5714,1.0,0.8,0,,HighBP,0.8725,0.7802,0.905,1,1.0,1.0,0.8571,0.8,0.9628,0.9718,0.9979
seed,3,6,2017-2020,-1,unweighted,SHAP,logistic_regression,lab,14,4,4,1.0,0.4,0.625,1.0,1.0,0,,,0.833,0.7143,0.8689,0,0.8,1.0,0.8571,0.8,0.9496,0.9554,0.9916
seed,3,7,2017-2020,-1,unweighted,SHAP,logistic_regression,lab,14,4,4,1.0,0.6,0.7143,1.0,1.0,0,,,0.8593,0.7582,0.899,1,1.0,1.0,1.0,0.8,0.9656,0.9755,0.9988
seed,3,8,2017-2020,-1,unweighted,SHAP,logistic_regression,lab,14,4,4,1.0,0.6667,0.6667,1.0,1.0,0,,,0.8945,0.7802,0.9099,1,1.0,0.8333,1.0,0.8,0.9665,0.9736,0.9969
seed,3,9,2017-2020,-1,unweighted,SHAP,logistic_regression,lab,14,4,5,0.8,0.75,1.0,1.0,0.8,0,,HighBP,0.9648,0.8901,0.9534,1,1.0,0.8333,1.0,0.9,0.9783,0.982,0.9972
seed,4,5,2017-2020,-1,unweighted,SHAP,logistic_regression,lab,14,5,5,1.0,0.3333,0.4286,1.0,1.0,0,,,0.8242,0.6923,0.8534,1,1.0,0.8333,0.8571,0.8,0.9475,0.9549,0.9946
seed,4,6,2017-2020,-1,unweighted,SHAP,logistic_regression,lab,14,5,4,0.8,0.4,0.7143,1.0,0.8,0,HighBP,,0.8725,0.7582,0.884,0,0.8,0.8333,0.8571,0.9,0.9469,0.9491,0.9892
seed,4,7,2017-2020,-1,unweighted,SHAP,logistic_regression,lab,14,5,4,0.8,0.6,0.8333,1.0,0.8,0,HighBP,,0.9648,0.8901,0.9492,1,1.0,0.8333,1.0,0.9,0.9745,0.9778,0.9967
seed,4,8,2017-2020,-1,unweighted,SHAP,logistic_regression,lab,14,5,4,0.8,0.6667,0.8,1.0,0.8,0,HighBP,,0.9165,0.8242,0.9268,1,1.0,1.0,1.0,0.9,0.9774,0.9839,0.9991
seed,4,9,2017-2020,-1,unweighted,SHAP,logistic_regression,lab,14,5,5,1.0,0.4,0.5714,1.0,1.0,0,,,0.8769,0.7582,0.8974,1,1.0,1.0,1.0,0.8,0.9678,0.9766,0.9988
seed,5,6,2017-2020,-1,unweighted,SHAP,logistic_regression,lab,14,5,4,0.8,0.1667,0.5,1.0,0.8,0,HighBP,,0.9429,0.8462,0.9223,0,0.8,1.0,0.8571,0.9,0.9577,0.9597,0.9916
seed,5,7,2017-2020,-1,unweighted,SHAP,logistic_regression,lab,14,5,4,0.8,0.3333,0.5714,1.0,0.8,0,HighBP,,0.9033,0.8022,0.9052,1,1.0,1.0,0.8571,0.9,0.9698,0.9752,0.9978
seed,5,8,2017-2020,-1,unweighted,SHAP,logistic_regression,lab,14,5,4,0.8,0.4286,0.5,1.0,0.8,0,HighBP,,0.9165,0.8242,0.9166,1,1.0,0.8333,0.8571,0.9,0.9631,0.9674,0.9954
seed,5,9,2017-2020,-1,unweighted,SHAP,logistic_regression,lab,14,5,5,1.0,0.4,0.5714,1.0,1.0,0,,,0.9209,0.8462,0.9219,1,1.0,0.8333,0.8571,0.9,0.9648,0.968,0.9954
seed,6,7,2017-2020,-1,unweighted,SHAP,logistic_regression,lab,14,4,4,1.0,0.4,0.625,1.0,1.0,0,,,0.9253,0.8242,0.9126,0,0.8,1.0,0.8571,0.9,0.9533,0.9562,0.9913
seed,6,8,2017-2020,-1,unweighted,SHAP,logistic_regression,lab,14,4,4,1.0,0.5,0.5714,1.0,1.0,0,,,0.9297,0.8022,0.8994,0,0.8,0.8333,0.8571,1.0,0.9539,0.9537,0.9893
seed,6,9,2017-2020,-1,unweighted,SHAP,logistic_regression,lab,14,4,5,0.8,0.2,0.625,1.0,0.8,0,,HighBP,0.8989,0.7802,0.8866,0,0.8,0.8333,0.8571,0.9,0.9495,0.9505,0.9892
seed,7,8,2017-2020,-1,unweighted,SHAP,logistic_regression,lab,14,4,4,1.0,0.6667,0.6667,1.0,1.0,0,,,0.9297,0.8462,0.9317,1,1.0,0.8333,1.0,0.9,0.9676,0.973,0.9965
seed,7,9,2017-2020,-1,unweighted,SHAP,logistic_regression,lab,14,4,5,0.8,0.4,0.7143,1.0,0.8,0,,HighBP,0.9297,0.8242,0.9176,1,1.0,0.8333,1.0,0.9,0.9676,0.9717,0.9963
seed,8,9,2017-2020,-1,unweighted,SHAP,logistic_regression,lab,14,4,5,0.8,0.5,0.6667,1.0,0.8,0,,HighBP,0.956,0.8901,0.958,1,1.0,1.0,1.0,0.9,0.9834,0.9891,0.9996
seed,0,1,2017-2020,-1,unweighted,SHAP,logistic_regression,total,14,5,4,0.8,0.5,0.6667,1.0,0.8,0,Sex,,0.956,0.8681,0.9043,0,1.0,0.8333,0.8571,0.9,0.9245,0.8917,0.8706
seed,0,2,2017-2020,-1,unweighted,SHAP,logistic_regression,total,14,5,5,1.0,0.5,0.5,1.0,1.0,0,,,0.9429,0.8462,0.9331,1,1.0,1.0,0.8571,0.9,0.972,0.9775,0.998
seed,0,3,2017-2020,-1,unweighted,SHAP,logistic_regression,total,14,5,5,1.0,0.5,0.5,1.0,1.0,0,,,0.833,0.6923,0.8691,1,1.0,0.8333,0.8571,0.8,0.9503,0.9594,0.9952
seed,0,4,2017-2020,-1,unweighted,SHAP,logistic_regression,total,14,5,5,1.0,0.5,0.5,1.0,1.0,0,,,0.8769,0.7582,0.8549,0,1.0,0.8333,0.7143,0.9,0.9226,0.9108,0.952
seed,0,5,2017-2020,-1,unweighted,SHAP,logistic_regression,total,14,5,5,1.0,0.8,0.8,1.0,1.0,0,,,0.8945,0.7143,0.8655,1,1.0,0.8333,0.7143,0.9,0.954,0.9598,0.9945
seed,0,6,2017-2020,-1,unweighted,SHAP,logistic_regression,total,14,5,4,0.8,0.3333,0.5714,1.0,0.8,0,Sex,,0.9077,0.8022,0.911,1,1.0,1.0,0.8571,0.9,0.9638,0.9712,0.9975
seed,0,7,2017-2020,-1,unweighted,SHAP,logistic_regression,total,14,5,5,1.0,0.6667,0.6,1.0,1.0,0,,,0.9516,0.8462,0.9312,1,1.0,1.0,0.8571,0.9,0.9768,0.9812,0.9982
seed,0,8,2017-2020,-1,unweighted,SHAP,logistic_regression,total,14,5,5,1.0,0.5,0.5,1.0,1.0,0,,,0.8418,0.7143,0.8553,1,1.0,0.8333,0.7143,0.9,0.9438,0.9501,0.9936
seed,0,9,2017-2020,-1,unweighted,SHAP,logistic_regression,total,14,5,5,1.0,0.8,0.8,1.0,1.0,0,,,0.9209,0.8022,0.8959,1,1.0,0.8333,0.7143,1.0,0.9561,0.9588,0.994
seed,1,2,2017-2020,-1,unweighted,SHAP,logistic_regression,total,14,4,5,0.8,0.6,0.8333,1.0,0.8,0,,Sex,0.9736,0.8901,0.9201,0,1.0,0.8333,1.0,1.0,0.9346,0.902,0.8721
seed,1,3,2017-2020,-1,unweighted,SHAP,logistic_regression,total,14,4,5,0.8,0.6,0.8333,1.0,0.8,0,,Sex,0.9033,0.7802,0.886,0,1.0,1.0,1.0,0.9,0.9326,0.9058,0.8745
seed,1,4,2017-2020,-1,unweighted,SHAP,logistic_regression,total,14,4,5,0.8,0.1429,0.375,1.0,0.8,0,,Sex,0.8857,0.7582,0.8358,0,1.0,1.0,0.8571,0.9,0.8918,0.8473,0.8307
seed,1,5,2017-2020,-1,unweighted,SHAP,logistic_regression,total,14,4,5,0.8,0.6,0.8333,1.0,0.8,0,,Sex,0.9385,0.8022,0.884,0,1.0,1.0,0.8571,0.9,0.9296,0.9001,0.8732
seed,1,6,2017-2020,-1,unweighted,SHAP,logistic_regression,total,14,4,4,1.0,0.75,0.8571,1.0,1.0,0,,,0.9604,0.8462,0.8995,0,1.0,0.8333,1.0,1.0,0.9296,0.8976,0.8717
seed,1,7,2017-2020,-1,unweighted,SHAP,logistic_regression,total,14,4,5,0.8,0.5,0.6667,1.0,0.8,0,,Sex,0.9736,0.8901,0.9189,0,1.0,0.8333,1.0,1.0,0.9334,0.9005,0.8718
seed,1,8,2017-2020,-1,unweighted,SHAP,logistic_regression,total,14,4,5,0.8,0.1429,0.375,1.0,0.8,0,,Sex,0.8505,0.7143,0.8416,0,1.0,1.0,0.8571,0.8,0.9092,0.8839,0.8722
seed,1,9,2017-2020,-1,unweighted,SHAP,logistic_regression,total,14,4,5,0.8,0.3333,0.5714,1.0,0.8,0,,Sex,0.8945,0.8022,0.8746,0,1.0,0.8333,0.8571,0.9,0.9176,0.8869,0.8704
seed,2,3,2017-2020,-1,unweighted,SHAP,logistic_regression,total,14,5,5,1.0,1.0,1.0,1.0,1.0,0,,,0.9385,0.8462,0.9366,1,1.0,0.8333,1.0,0.9,0.9783,0.982,0.9972
seed,2,4,2017-2020,-1,unweighted,SHAP,logistic_regression,total,14,5,5,1.0,0.3333,0.4286,1.0,1.0,0,,,0.8418,0.6923,0.8352,0,1.0,0.8333,0.8571,0.9,0.9244,0.9149,0.953
seed,2,5,2017-2020,-1,unweighted,SHAP,logistic_regression,total,14,5,5,1.0,0.6,0.6667,1.0,1.0,0,,,0.9297,0.8242,0.9144,1,1.0,0.8333,0.8571,0.9,0.9626,0.9669,0.9954
seed,2,6,2017-2020,-1,unweighted,SHAP,logistic_regression,total,14,5,4,0.8,0.4,0.7143,1.0,0.8,0,Sex,,0.978,0.9121,0.9635,1,1.0,1.0,1.0,1.0,0.9839,0.988,0.9992
seed,2,7,2017-2020,-1,unweighted,SHAP,logistic_regression,total,14,5,5,1.0,0.8,0.8,1.0,1.0,0,,,0.9868,0.956,0.9788,1,1.0,1.0,1.0,1.0,0.9892,0.991,0.9993
seed,2,8,2017-2020,-1,unweighted,SHAP,logistic_regression,total,14,5,5,1.0,0.1429,0.25,1.0,1.0,0,,,0.8374,0.7363,0.873,1,1.0,0.8333,0.8571,0.8,0.9427,0.9512,0.9944
seed,2,9,2017-2020,-1,unweighted,SHAP,logistic_regression,total,14,5,5,1.0,0.3333,0.4286,1.0,1.0,0,,,0.8418,0.7363,0.8742,1,1.0,0.8333,0.8571,0.9,0.9552,0.9618,0.9952
seed,3,4,2017-2020,-1,unweighted,SHAP,logistic_regression,total,14,5,5,1.0,0.3333,0.4286,1.0,1.0,0,,,0.7495,0.5824,0.802,0,1.0,1.0,0.8571,0.8,0.9224,0.9187,0.9555
seed,3,5,2017-2020,-1,unweighted,SHAP,logistic_regression,total,14,5,5,1.0,0.6,0.6667,1.0,1.0,0,,,0.8681,0.7582,0.8927,1,1.0,1.0,0.8571,0.8,0.9649,0.9728,0.9979
seed,3,6,2017-2020,-1,unweighted,SHAP,logistic_regression,total,14,5,4,0.8,0.4,0.7143,1.0,0.8,0,Sex,,0.9253,0.8022,0.914,1,1.0,0.8333,1.0,0.9,0.9666,0.9721,0.9965
seed,3,7,2017-2020,-1,unweighted,SHAP,logistic_regression,total,14,5,5,1.0,0.8,0.8,1.0,1.0,0,,,0.8989,0.8022,0.9147,1,1.0,0.8333,1.0,0.9,0.9676,0.973,0.9965
seed,3,8,2017-2020,-1,unweighted,SHAP,logistic_regression,total,14,5,5,1.0,0.1429,0.25,1.0,1.0,0,,,0.7451,0.6264,0.8369,1,1.0,1.0,0.8571,0.7,0.9407,0.955,0.9968
seed,3,9,2017-2020,-1,unweighted,SHAP,logistic_regression,total,14,5,5,1.0,0.3333,0.4286,1.0,1.0,0,,,0.7626,0.6703,0.8545,1,1.0,0.8333,0.8571,0.8,0.9455,0.9557,0.995
seed,4,5,2017-2020,-1,unweighted,SHAP,logistic_regression,total,14,5,5,1.0,0.3333,0.4286,1.0,1.0,0,,,0.8198,0.6923,0.8488,0,1.0,1.0,0.8571,0.8,0.931,0.9254,0.956
seed,4,6,2017-2020,-1,unweighted,SHAP,logistic_regression,total,14,5,4,0.8,0.1667,0.5,1.0,0.8,0,Sex,,0.8374,0.7363,0.8549,0,1.0,0.8333,0.8571,0.9,0.927,0.9176,0.9532
seed,4,7,2017-2020,-1,unweighted,SHAP,logistic_regression,total,14,5,5,1.0,0.5,0.5,1.0,1.0,0,,,0.8593,0.7363,0.8564,0,1.0,0.8333,0.8571,0.9,0.9304,0.9202,0.9535
seed,4,8,2017-2020,-1,unweighted,SHAP,logistic_regression,total,14,5,5,1.0,0.6,0.6667,1.0,1.0,0,,,0.9033,0.7802,0.8855,0,1.0,1.0,0.8571,0.8,0.9411,0.9321,0.9563
seed,4,9,2017-2020,-1,unweighted,SHAP,logistic_regression,total,14,5,5,1.0,0.6,0.6667,1.0,1.0,0,,,0.9648,0.8681,0.9204,0,1.0,0.8333,1.0,0.9,0.9464,0.9337,0.9549
seed,5,6,2017-2020,-1,unweighted,SHAP,logistic_regression,total,14,5,4,0.8,0.4,0.7143,1.0,0.8,0,Sex,,0.9165,0.8242,0.9133,1,1.0,0.8333,0.8571,0.9,0.9588,0.9627,0.9949
seed,5,7,2017-2020,-1,unweighted,SHAP,logistic_regression,total,14,5,5,1.0,0.8,0.8,1.0,1.0,0,,,0.956,0.8681,0.9367,1,1.0,0.8333,0.8571,0.9,0.9674,0.9707,0.9956
seed,5,8,2017-2020,-1,unweighted,SHAP,logistic_regression,total,14,5,5,1.0,0.3333,0.4286,1.0,1.0,0,,,0.9077,0.8242,0.9282,1,1.0,1.0,1.0,0.9,0.9726,0.9802,0.9989
seed,5,9,2017-2020,-1,unweighted,SHAP,logistic_regression,total,14,5,5,1.0,0.6,0.6667,1.0,1.0,0,,,0.7978,0.6923,0.86,1,1.0,0.8333,0.8571,0.9,0.9508,0.9583,0.9949
seed,6,7,2017-2020,-1,unweighted,SHAP,logistic_regression,total,14,4,5,0.8,0.3333,0.5714,1.0,0.8,0,,Sex,0.978,0.9121,0.9635,1,1.0,1.0,1.0,1.0,0.9839,0.988,0.9992
seed,6,8,2017-2020,-1,unweighted,SHAP,logistic_regression,total,14,4,5,0.8,0.1667,0.5,1.0,0.8,0,,Sex,0.7978,0.6923,0.8588,1,1.0,0.8333,0.8571,0.8,0.9422,0.9519,0.9946
seed,6,9,2017-2020,-1,unweighted,SHAP,logistic_regression,total,14,4,5,0.8,0.4,0.7143,1.0,0.8,0,,Sex,0.8198,0.7363,0.8736,1,1.0,0.8333,0.8571,0.9,0.96,0.9655,0.9954
seed,7,8,2017-2020,-1,unweighted,SHAP,logistic_regression,total,14,5,5,1.0,0.2857,0.2857,1.0,1.0,0,,,0.8725,0.7802,0.8953,1,1.0,0.8333,0.8571,0.8,0.9535,0.9601,0.9951
seed,7,9,2017-2020,-1,unweighted,SHAP,logistic_regression,total,14,5,5,1.0,0.5,0.5,1.0,1.0,0,,,0.8549,0.7802,0.8943,1,1.0,0.8333,0.8571,0.9,0.96,0.9655,0.9954
seed,8,9,2017-2020,-1,unweighted,SHAP,logistic_regression,total,14,5,5,1.0,0.6,0.6667,1.0,1.0,0,,,0.8637,0.7802,0.8969,1,1.0,0.8333,0.8571,0.9,0.954,0.9602,0.9949
seed,0,1,2017-2020,-1,unweighted,SHAP,random_forest,diag,14,5,5,1.0,1.0,1.0,1.0,1.0,0,,,0.9824,0.9341,0.969,1,1.0,1.0,0.8571,1.0,0.9843,0.9862,0.9984
seed,0,2,2017-2020,-1,unweighted,SHAP,random_forest,diag,14,5,5,1.0,0.8,0.8,1.0,1.0,0,,,0.9912,0.956,0.9536,0,1.0,1.0,1.0,1.0,0.9528,0.9189,0.875
seed,0,3,2017-2020,-1,unweighted,SHAP,random_forest,diag,14,5,5,1.0,0.8,0.8,1.0,1.0,0,,,0.9912,0.956,0.9536,0,1.0,1.0,1.0,1.0,0.9528,0.9189,0.875
seed,0,4,2017-2020,-1,unweighted,SHAP,random_forest,diag,14,5,5,1.0,1.0,1.0,1.0,1.0,0,,,0.9912,0.956,0.9479,0,1.0,1.0,0.8571,1.0,0.9474,0.9125,0.8739
seed,0,5,2017-2020,-1,unweighted,SHAP,random_forest,diag,14,5,5,1.0,1.0,1.0,1.0,1.0,0,,,0.9868,0.9341,0.9453,0,1.0,1.0,1.0,1.0,0.9497,0.917,0.8749
seed,0,6,2017-2020,-1,unweighted,SHAP,random_forest,diag,14,5,5,1.0,1.0,1.0,1.0,1.0,0,,,0.9648,0.8901,0.9194,0,1.0,1.0,0.8571,1.0,0.9345,0.9025,0.8732
seed,0,7,2017-2020,-1,unweighted,SHAP,random_forest,diag,14,5,5,1.0,1.0,1.0,1.0,1.0,0,,,0.9956,0.978,0.9606,0,1.0,1.0,1.0,1.0,0.955,0.92,0.875
seed,0,8,2017-2020,-1,unweighted,SHAP,random_forest,diag,14,5,5,1.0,0.8,0.8,1.0,1.0,0,,,0.9912,0.956,0.9536,0,1.0,1.0,1.0,1.0,0.9528,0.9189,0.875
seed,0,9,2017-2020,-1,unweighted,SHAP,random_forest,diag,14,5,5,1.0,1.0,1.0,1.0,1.0,0,,,0.9912,0.956,0.9803,1,1.0,1.0,0.8571,1.0,0.9902,0.9915,0.9989
seed,1,2,2017-2020,-1,unweighted,SHAP,random_forest,diag,14,5,5,1.0,0.8,0.8,1.0,1.0,0,,,0.9824,0.9341,0.9366,0,1.0,1.0,0.8571,1.0,0.9414,0.9073,0.8734
seed,1,3,2017-2020,-1,unweighted,SHAP,random_forest,diag,14,5,5,1.0,0.8,0.8,1.0,1.0,0,,,0.9824,0.9341,0.9366,0,1.0,1.0,0.8571,1.0,0.9414,0.9073,0.8734
seed,1,4,2017-2020,-1,unweighted,SHAP,random_forest,diag,14,5,5,1.0,1.0,1.0,1.0,1.0,0,,,0.9868,0.9341,0.9424,0,1.0,1.0,1.0,1.0,0.9468,0.9137,0.8745
seed,1,5,2017-2020,-1,unweighted,SHAP,random_forest,diag,14,5,5,1.0,1.0,1.0,1.0,1.0,0,,,0.978,0.9121,0.9284,0,1.0,1.0,0.8571,1.0,0.9383,0.9053,0.8734
seed,1,6,2017-2020,-1,unweighted,SHAP,random_forest,diag,14,5,5,1.0,1.0,1.0,1.0,1.0,0,,,0.9912,0.956,0.9506,0,1.0,1.0,1.0,1.0,0.9502,0.9163,0.8748
seed,1,7,2017-2020,-1,unweighted,SHAP,random_forest,diag,14,5,5,1.0,1.0,1.0,1.0,1.0,0,,,0.978,0.9121,0.9296,0,1.0,1.0,0.8571,1.0,0.9393,0.9062,0.8734
seed,1,8,2017-2020,-1,unweighted,SHAP,random_forest,diag,14,5,5,1.0,0.8,0.8,1.0,1.0,0,,,0.9824,0.9341,0.9366,0,1.0,1.0,0.8571,1.0,0.9414,0.9073,0.8734
seed,1,9,2017-2020,-1,unweighted,SHAP,random_forest,diag,14,5,5,1.0,1.0,1.0,1.0,1.0,0,,,0.9956,0.978,0.9888,1,1.0,1.0,1.0,1.0,0.994,0.9948,0.9995
seed,2,3,2017-2020,-1,unweighted,SHAP,random_forest,diag,14,5,5,1.0,1.0,1.0,1.0,1.0,0,,,1.0,1.0,1.0,1,1.0,1.0,1.0,1.0,1.0,1.0,1.0
seed,2,4,2017-2020,-1,unweighted,SHAP,random_forest,diag,14,5,5,1.0,0.8,0.8,1.0,1.0,0,,,0.9912,0.956,0.9803,1,1.0,1.0,0.8571,1.0,0.9902,0.9915,0.9989
seed,2,5,2017-2020,-1,unweighted,SHAP,random_forest,diag,14,5,5,1.0,0.8,0.8,1.0,1.0,0,,,0.9956,0.978,0.9918,1,1.0,1.0,1.0,1.0,0.9968,0.998,1.0
seed,2,6,2017-2020,-1,unweighted,SHAP,random_forest,diag,14,5,5,1.0,0.8,0.8,1.0,1.0,0,,,0.9736,0.9341,0.9658,1,1.0,1.0,0.8571,1.0,0.9816,0.9835,0.9982
seed,2,7,2017-2020,-1,unweighted,SHAP,random_forest,diag,14,5,5,1.0,0.8,0.8,1.0,1.0,0,,,0.9956,0.978,0.993,1,1.0,1.0,1.0,1.0,0.9978,0.9989,1.0
seed,2,8,2017-2020,-1,unweighted,SHAP,random_forest,diag,14,5,5,1.0,1.0,1.0,1.0,1.0,0,,,1.0,1.0,1.0,1,1.0,1.0,1.0,1.0,1.0,1.0,1.0
seed,2,9,2017-2020,-1,unweighted,SHAP,random_forest,diag,14,5,5,1.0,0.8,0.8,1.0,1.0,0,,,0.9912,0.956,0.9479,0,1.0,1.0,0.8571,1.0,0.9474,0.9125,0.8739
seed,3,4,2017-2020,-1,unweighted,SHAP,random_forest,diag,14,5,5,1.0,0.8,0.8,1.0,1.0,0,,,0.9912,0.956,0.9803,1,1.0,1.0,0.8571,1.0,0.9902,0.9915,0.9989
seed,3,5,2017-2020,-1,unweighted,SHAP,random_forest,diag,14,5,5,1.0,0.8,0.8,1.0,1.0,0,,,0.9956,0.978,0.9918,1,1.0,1.0,1.0,1.0,0.9968,0.998,1.0
seed,3,6,2017-2020,-1,unweighted,SHAP,random_forest,diag,14,5,5,1.0,0.8,0.8,1.0,1.0,0,,,0.9736,0.9341,0.9658,1,1.0,1.0,0.8571,1.0,0.9816,0.9835,0.9982
seed,3,7,2017-2020,-1,unweighted,SHAP,random_forest,diag,14,5,5,1.0,0.8,0.8,1.0,1.0,0,,,0.9956,0.978,0.993,1,1.0,1.0,1.0,1.0,0.9978,0.9989,1.0
seed,3,8,2017-2020,-1,unweighted,SHAP,random_forest,diag,14,5,5,1.0,1.0,1.0,1.0,1.0,0,,,1.0,1.0,1.0,1,1.0,1.0,1.0,1.0,1.0,1.0,1.0
seed,3,9,2017-2020,-1,unweighted,SHAP,random_forest,diag,14,5,5,1.0,0.8,0.8,1.0,1.0,0,,,0.9912,0.956,0.9479,0,1.0,1.0,0.8571,1.0,0.9474,0.9125,0.8739
seed,4,5,2017-2020,-1,unweighted,SHAP,random_forest,diag,14,5,5,1.0,1.0,1.0,1.0,1.0,0,,,0.9868,0.9341,0.9721,1,1.0,1.0,0.8571,1.0,0.9871,0.9895,0.9988
seed,4,6,2017-2020,-1,unweighted,SHAP,random_forest,diag,14,5,5,1.0,1.0,1.0,1.0,1.0,0,,,0.9824,0.9341,0.9718,1,1.0,1.0,1.0,1.0,0.9871,0.99,0.9993
seed,4,7,2017-2020,-1,unweighted,SHAP,random_forest,diag,14,5,5,1.0,1.0,1.0,1.0,1.0,0,,,0.9956,0.978,0.9873,1,1.0,1.0,0.8571,1.0,0.9924,0.9925,0.9989
seed,4,8,2017-2020,-1,unweighted,SHAP,random_forest,diag,14,5,5,1.0,0.8,0.8,1.0,1.0,0,,,0.9912,0.956,0.9803,1,1.0,1.0,0.8571,1.0,0.9902,0.9915,0.9989
seed,4,9,2017-2020,-1,unweighted,SHAP,random_forest,diag,14,5,5,1.0,1.0,1.0,1.0,1.0,0,,,0.9912,0.956,0.9536,0,1.0,1.0,1.0,1.0,0.9528,0.9189,0.875
seed,5,6,2017-2020,-1,unweighted,SHAP,random_forest,diag,14,5,5,1.0,1.0,1.0,1.0,1.0,0,,,0.9692,0.9121,0.9576,1,1.0,1.0,0.8571,1.0,0.9785,0.9816,0.9981
seed,5,7,2017-2020,-1,unweighted,SHAP,random_forest,diag,14,5,5,1.0,1.0,1.0,1.0,1.0,0,,,0.9912,0.956,0.9847,1,1.0,1.0,1.0,1.0,0.9947,0.997,0.9999
seed,5,8,2017-2020,-1,unweighted,SHAP,random_forest,diag,14,5,5,1.0,0.8,0.8,1.0,1.0,0,,,0.9956,0.978,0.9918,1,1.0,1.0,1.0,1.0,0.9968,0.998,1.0
seed,5,9,2017-2020,-1,unweighted,SHAP,random_forest,diag,14,5,5,1.0,1.0,1.0,1.0,1.0,0,,,0.9868,0.9341,0.9397,0,1.0,1.0,0.8571,1.0,0.9442,0.9106,0.8738
seed,6,7,2017-2020,-1,unweighted,SHAP,random_forest,diag,14,5,5,1.0,1.0,1.0,1.0,1.0,0,,,0.9692,0.9121,0.9588,1,1.0,1.0,0.8571,1.0,0.9795,0.9825,0.9982
seed,6,8,2017-2020,-1,unweighted,SHAP,random_forest,diag,14,5,5,1.0,0.8,0.8,1.0,1.0,0,,,0.9736,0.9341,0.9658,1,1.0,1.0,0.8571,1.0,0.9816,0.9835,0.9982
seed,6,9,2017-2020,-1,unweighted,SHAP,random_forest,diag,14,5,5,1.0,1.0,1.0,1.0,1.0,0,,,0.9824,0.9341,0.9393,0,1.0,1.0,1.0,1.0,0.9442,0.911,0.8743
seed,7,8,2017-2020,-1,unweighted,SHAP,random_forest,diag,14,5,5,1.0,0.8,0.8,1.0,1.0,0,,,0.9956,0.978,0.993,1,1.0,1.0,1.0,1.0,0.9978,0.9989,1.0
seed,7,9,2017-2020,-1,unweighted,SHAP,random_forest,diag,14,5,5,1.0,1.0,1.0,1.0,1.0,0,,,0.9868,0.9341,0.9409,0,1.0,1.0,0.8571,1.0,0.9452,0.9115,0.8739
seed,8,9,2017-2020,-1,unweighted,SHAP,random_forest,diag,14,5,5,1.0,0.8,0.8,1.0,1.0,0,,,0.9912,0.956,0.9479,0,1.0,1.0,0.8571,1.0,0.9474,0.9125,0.8739
seed,0,1,2017-2020,-1,unweighted,SHAP,random_forest,lab,14,5,5,1.0,1.0,1.0,1.0,1.0,0,,,0.9824,0.9341,0.974,1,1.0,1.0,1.0,0.9,0.993,0.9954,0.9999
seed,0,2,2017-2020,-1,unweighted,SHAP,random_forest,lab,14,5,5,1.0,1.0,1.0,1.0,1.0,0,,,0.9912,0.956,0.9654,0,1.0,1.0,1.0,1.0,0.9708,0.9563,0.9583
seed,0,3,2017-2020,-1,unweighted,SHAP,random_forest,lab,14,5,5,1.0,0.75,0.8333,1.0,1.0,0,,,0.9648,0.9121,0.9635,1,1.0,1.0,1.0,0.8,0.9843,0.989,0.9995
seed,0,4,2017-2020,-1,unweighted,SHAP,random_forest,lab,14,5,5,1.0,1.0,1.0,1.0,1.0,0,,,0.9912,0.956,0.9847,1,1.0,1.0,1.0,1.0,0.9947,0.997,0.9999
seed,0,5,2017-2020,-1,unweighted,SHAP,random_forest,lab,14,5,5,1.0,1.0,1.0,1.0,1.0,0,,,0.978,0.9121,0.967,1,1.0,1.0,1.0,0.9,0.9908,0.9943,0.9998
seed,0,6,2017-2020,-1,unweighted,SHAP,random_forest,lab,14,5,5,1.0,1.0,1.0,1.0,1.0,0,,,0.9824,0.9341,0.9117,0,1.0,1.0,1.0,0.9,0.893,0.7954,0.4999
seed,0,7,2017-2020,-1,unweighted,SHAP,random_forest,lab,14,5,5,1.0,1.0,1.0,1.0,1.0,0,,,0.9824,0.9341,0.9757,1,1.0,1.0,1.0,0.9,0.9908,0.9943,0.9998
seed,0,8,2017-2020,-1,unweighted,SHAP,random_forest,lab,14,5,4,0.8,0.6,0.8333,1.0,0.8,0,HighChol,,0.9912,0.956,0.9847,1,1.0,1.0,1.0,1.0,0.9947,0.997,0.9999
seed,0,9,2017-2020,-1,unweighted,SHAP,random_forest,lab,14,5,5,1.0,0.75,0.8333,1.0,1.0,0,,,0.978,0.9121,0.9031,0,1.0,1.0,1.0,0.9,0.893,0.7954,0.4999
seed,1,2,2017-2020,-1,unweighted,SHAP,random_forest,lab,14,5,5,1.0,1.0,1.0,1.0,1.0,0,,,0.9736,0.8901,0.9394,0,1.0,1.0,1.0,0.9,0.9638,0.9516,0.9582
seed,1,3,2017-2020,-1,unweighted,SHAP,random_forest,lab,14,5,5,1.0,0.75,0.8333,1.0,1.0,0,,,0.9824,0.9341,0.9714,1,1.0,1.0,1.0,0.9,0.9913,0.9936,0.9997
seed,1,4,2017-2020,-1,unweighted,SHAP,random_forest,lab,14,5,5,1.0,1.0,1.0,1.0,1.0,0,,,0.9824,0.9341,0.9757,1,1.0,1.0,1.0,0.9,0.9908,0.9943,0.9998
seed,1,5,2017-2020,-1,unweighted,SHAP,random_forest,lab,14,5,5,1.0,1.0,1.0,1.0,1.0,0,,,0.9956,0.978,0.993,1,1.0,1.0,1.0,1.0,0.9978,0.9989,1.0
seed,1,6,2017-2020,-1,unweighted,SHAP,random_forest,lab,14,5,5,1.0,1.0,1.0,1.0,1.0,0,,,0.9912,0.956,0.92,0,1.0,1.0,1.0,0.9,0.8961,0.7973,0.4999
seed,1,7,2017-2020,-1,unweighted,SHAP,random_forest,lab,14,5,5,1.0,1.0,1.0,1.0,1.0,0,,,0.9912,0.956,0.9847,1,1.0,1.0,1.0,1.0,0.9947,0.997,0.9999
seed,1,8,2017-2020,-1,unweighted,SHAP,random_forest,lab,14,5,4,0.8,0.6,0.8333,1.0,0.8,0,HighChol,,0.9824,0.9341,0.9757,1,1.0,1.0,1.0,0.9,0.9908,0.9943,0.9998
seed,1,9,2017-2020,-1,unweighted,SHAP,random_forest,lab,14,5,5,1.0,0.75,0.8333,1.0,1.0,0,,,0.9956,0.978,0.929,0,1.0,1.0,1.0,1.0,0.9,0.8,0.5
seed,2,3,2017-2020,-1,unweighted,SHAP,random_forest,lab,14,5,5,1.0,0.75,0.8333,1.0,1.0,0,,,0.956,0.8681,0.9289,0,1.0,1.0,1.0,0.8,0.9551,0.9452,0.9579
seed,2,4,2017-2020,-1,unweighted,SHAP,random_forest,lab,14,5,5,1.0,1.0,1.0,1.0,1.0,0,,,0.9912,0.956,0.9642,0,1.0,1.0,1.0,1.0,0.9698,0.9554,0.9583
seed,2,5,2017-2020,-1,unweighted,SHAP,random_forest,lab,14,5,5,1.0,1.0,1.0,1.0,1.0,0,,,0.978,0.9121,0.9464,0,1.0,1.0,1.0,0.9,0.966,0.9527,0.9582
seed,2,6,2017-2020,-1,unweighted,SHAP,random_forest,lab,14,5,5,1.0,1.0,1.0,1.0,1.0,0,,,0.9736,0.8901,0.8771,0,1.0,1.0,1.0,0.9,0.8638,0.7516,0.4582
seed,2,7,2017-2020,-1,unweighted,SHAP,random_forest,lab,14,5,5,1.0,1.0,1.0,1.0,1.0,0,,,0.9824,0.9341,0.9551,0,1.0,1.0,1.0,0.9,0.966,0.9527,0.9582
seed,2,8,2017-2020,-1,unweighted,SHAP,random_forest,lab,14,5,4,0.8,0.6,0.8333,1.0,0.8,0,HighChol,,0.9912,0.956,0.9642,0,1.0,1.0,1.0,1.0,0.9698,0.9554,0.9583
seed,2,9,2017-2020,-1,unweighted,SHAP,random_forest,lab,14,5,5,1.0,0.75,0.8333,1.0,1.0,0,,,0.9692,0.8681,0.8685,0,1.0,1.0,1.0,0.9,0.8638,0.7516,0.4582
seed,3,4,2017-2020,-1,unweighted,SHAP,random_forest,lab,14,5,5,1.0,0.75,0.8333,1.0,1.0,0,,,0.956,0.8681,0.9474,1,1.0,1.0,1.0,0.8,0.9821,0.9879,0.9995
seed,3,5,2017-2020,-1,unweighted,SHAP,random_forest,lab,14,5,5,1.0,0.75,0.8333,1.0,1.0,0,,,0.978,0.9121,0.9644,1,1.0,1.0,1.0,0.9,0.9892,0.9925,0.9997
seed,3,6,2017-2020,-1,unweighted,SHAP,random_forest,lab,14,5,5,1.0,0.75,0.8333,1.0,1.0,0,,,0.9824,0.9341,0.91,0,1.0,1.0,1.0,0.9,0.8913,0.7936,0.4997
seed,3,7,2017-2020,-1,unweighted,SHAP,random_forest,lab,14,5,5,1.0,0.75,0.8333,1.0,1.0,0,,,0.9648,0.8901,0.956,1,1.0,1.0,1.0,0.9,0.986,0.9906,0.9996
seed,3,8,2017-2020,-1,unweighted,SHAP,random_forest,lab,14,5,4,0.8,0.75,1.0,1.0,0.8,0,HighChol,,0.956,0.8681,0.9474,1,1.0,1.0,1.0,0.8,0.9821,0.9879,0.9995
seed,3,9,2017-2020,-1,unweighted,SHAP,random_forest,lab,14,5,5,1.0,1.0,1.0,1.0,1.0,0,,,0.978,0.9121,0.9004,0,1.0,1.0,1.0,0.9,0.8913,0.7936,0.4997
seed,4,5,2017-2020,-1,unweighted,SHAP,random_forest,lab,14,5,5,1.0,1.0,1.0,1.0,1.0,0,,,0.9868,0.956,0.9827,1,1.0,1.0,1.0,0.9,0.993,0.9954,0.9999
seed,4,6,2017-2020,-1,unweighted,SHAP,random_forest,lab,14,5,5,1.0,1.0,1.0,1.0,1.0,0,,,0.9736,0.8901,0.8961,0,1.0,1.0,1.0,0.9,0.8908,0.7943,0.4998
seed,4,7,2017-2020,-1,unweighted,SHAP,random_forest,lab,14,5,5,1.0,1.0,1.0,1.0,1.0,0,,,0.9956,0.978,0.991,1,1.0,1.0,1.0,0.9,0.9961,0.9973,0.9999
seed,4,8,2017-2020,-1,unweighted,SHAP,random_forest,lab,14,5,4,0.8,0.6,0.8333,1.0,0.8,0,HighChol,,1.0,1.0,1.0,1,1.0,1.0,1.0,1.0,1.0,1.0,1.0
seed,4,9,2017-2020,-1,unweighted,SHAP,random_forest,lab,14,5,5,1.0,0.75,0.8333,1.0,1.0,0,,,0.978,0.9121,0.9047,0,1.0,1.0,1.0,0.9,0.8908,0.7943,0.4998
seed,5,6,2017-2020,-1,unweighted,SHAP,random_forest,lab,14,5,5,1.0,1.0,1.0,1.0,1.0,0,,,0.9868,0.9341,0.913,0,1.0,1.0,1.0,0.9,0.894,0.7963,0.4999
seed,5,7,2017-2020,-1,unweighted,SHAP,random_forest,lab,14,5,5,1.0,1.0,1.0,1.0,1.0,0,,,0.9956,0.978,0.9918,1,1.0,1.0,1.0,1.0,0.9968,0.998,1.0
seed,5,8,2017-2020,-1,unweighted,SHAP,random_forest,lab,14,5,4,0.8,0.6,0.8333,1.0,0.8,0,HighChol,,0.9868,0.956,0.9827,1,1.0,1.0,1.0,0.9,0.993,0.9954,0.9999
seed,5,9,2017-2020,-1,unweighted,SHAP,random_forest,lab,14,5,5,1.0,0.75,0.8333,1.0,1.0,0,,,0.9912,0.956,0.922,0,1.0,1.0,1.0,1.0,0.8978,0.7989,0.5
seed,6,7,2017-2020,-1,unweighted,SHAP,random_forest,lab,14,5,5,1.0,1.0,1.0,1.0,1.0,0,,,0.978,0.9121,0.9047,0,1.0,1.0,1.0,0.9,0.8908,0.7943,0.4998
seed,6,8,2017-2020,-1,unweighted,SHAP,random_forest,lab,14,5,4,0.8,0.6,0.8333,1.0,0.8,0,HighChol,,0.9736,0.8901,0.8961,0,1.0,1.0,1.0,0.9,0.8908,0.7943,0.4998
seed,6,9,2017-2020,-1,unweighted,SHAP,random_forest,lab,14,5,5,1.0,0.75,0.8333,1.0,1.0,0,,,0.9956,0.978,0.991,1,1.0,1.0,1.0,0.9,0.9961,0.9973,0.9999
seed,7,8,2017-2020,-1,unweighted,SHAP,random_forest,lab,14,5,4,0.8,0.6,0.8333,1.0,0.8,0,HighChol,,0.9956,0.978,0.991,1,1.0,1.0,1.0,0.9,0.9961,0.9973,0.9999
seed,7,9,2017-2020,-1,unweighted,SHAP,random_forest,lab,14,5,5,1.0,0.75,0.8333,1.0,1.0,0,,,0.9868,0.9341,0.9138,0,1.0,1.0,1.0,1.0,0.8947,0.797,0.4999
seed,8,9,2017-2020,-1,unweighted,SHAP,random_forest,lab,14,4,5,0.8,0.75,1.0,1.0,0.8,0,,HighChol,0.978,0.9121,0.9047,0,1.0,1.0,1.0,0.9,0.8908,0.7943,0.4998
seed,0,1,2017-2020,-1,unweighted,SHAP,random_forest,total,14,5,5,1.0,1.0,1.0,1.0,1.0,0,,,0.9209,0.8022,0.866,0,1.0,0.8333,0.7143,1.0,0.9101,0.8779,0.8689
seed,0,2,2017-2020,-1,unweighted,SHAP,random_forest,total,14,5,5,1.0,1.0,1.0,1.0,1.0,0,,,0.9692,0.9121,0.9528,1,1.0,0.8333,0.8571,1.0,0.9734,0.9744,0.9957
seed,0,3,2017-2020,-1,unweighted,SHAP,random_forest,total,14,5,5,1.0,1.0,1.0,1.0,1.0,0,,,0.9648,0.8901,0.908,0,1.0,0.8333,0.8571,1.0,0.9316,0.8963,0.8708
seed,0,4,2017-2020,-1,unweighted,SHAP,random_forest,total,14,5,4,0.8,0.8333,1.0,1.0,0.8,0,HighChol,,0.956,0.8681,0.9351,1,1.0,1.0,0.8571,1.0,0.9725,0.9763,0.9976
seed,0,5,2017-2020,-1,unweighted,SHAP,random_forest,total,14,5,5,1.0,1.0,1.0,1.0,1.0,0,,,0.9165,0.8022,0.8938,1,1.0,0.8333,0.7143,1.0,0.9551,0.9579,0.9939
seed,0,6,2017-2020,-1,unweighted,SHAP,random_forest,total,14,5,5,1.0,1.0,1.0,1.0,1.0,0,,,0.9341,0.8242,0.8482,0,1.0,0.8333,0.7143,1.0,0.861,0.7632,0.4944
seed,0,7,2017-2020,-1,unweighted,SHAP,random_forest,total,14,5,5,1.0,1.0,1.0,1.0,1.0,0,,,0.9648,0.9121,0.9547,1,1.0,1.0,0.8571,1.0,0.9757,0.9783,0.9977
seed,0,8,2017-2020,-1,unweighted,SHAP,random_forest,total,14,5,4,0.8,0.8333,1.0,1.0,0.8,0,HighChol,,0.9429,0.8462,0.9201,1,1.0,0.8333,0.8571,1.0,0.9627,0.9654,0.995
seed,0,9,2017-2020,-1,unweighted,SHAP,random_forest,total,14,5,5,1.0,1.0,1.0,1.0,1.0,0,,,0.9516,0.8462,0.8897,0,1.0,0.8333,0.8571,1.0,0.9236,0.8907,0.8705
seed,1,2,2017-2020,-1,unweighted,SHAP,random_forest,total,14,5,5,1.0,1.0,1.0,1.0,1.0,0,,,0.9604,0.8901,0.9152,0,1.0,1.0,0.8571,1.0,0.9307,0.8983,0.8727
seed,1,3,2017-2020,-1,unweighted,SHAP,random_forest,total,14,5,5,1.0,1.0,1.0,1.0,1.0,0,,,0.956,0.8681,0.9351,1,1.0,1.0,0.8571,1.0,0.9725,0.9763,0.9976
seed,1,4,2017-2020,-1,unweighted,SHAP,random_forest,total,14,5,4,0.8,0.8333,1.0,1.0,0.8,0,HighChol,,0.9648,0.8901,0.9097,0,1.0,0.8333,0.8571,1.0,0.9316,0.8963,0.8708
seed,1,5,2017-2020,-1,unweighted,SHAP,random_forest,total,14,5,5,1.0,1.0,1.0,1.0,1.0,0,,,0.9736,0.9121,0.9266,0,1.0,1.0,0.8571,1.0,0.9366,0.9035,0.8732
seed,1,6,2017-2020,-1,unweighted,SHAP,random_forest,total,14,5,5,1.0,1.0,1.0,1.0,1.0,0,,,0.9604,0.8901,0.8428,0,1.0,0.8333,0.8571,1.0,0.8316,0.6963,0.3708
seed,1,7,2017-2020,-1,unweighted,SHAP,random_forest,total,14,5,5,1.0,1.0,1.0,1.0,1.0,0,,,0.9473,0.8462,0.8912,0,1.0,0.8333,0.8571,1.0,0.9236,0.8907,0.8705
seed,1,8,2017-2020,-1,unweighted,SHAP,random_forest,total,14,5,4,0.8,0.8333,1.0,1.0,0.8,0,HighChol,,0.9297,0.8242,0.8748,0,1.0,0.8333,0.7143,1.0,0.9192,0.8851,0.8695
seed,1,9,2017-2020,-1,unweighted,SHAP,random_forest,total,14,5,5,1.0,1.0,1.0,1.0,1.0,0,,,0.956,0.8681,0.932,1,1.0,1.0,0.8571,1.0,0.9757,0.9783,0.9977
seed,2,3,2017-2020,-1,unweighted,SHAP,random_forest,total,14,5,5,1.0,1.0,1.0,1.0,1.0,0,,,0.9868,0.9341,0.9397,0,1.0,1.0,0.8571,1.0,0.9442,0.9106,0.8738
seed,2,4,2017-2020,-1,unweighted,SHAP,random_forest,total,14,5,4,0.8,0.8333,1.0,1.0,0.8,0,HighChol,,0.978,0.9121,0.9535,1,1.0,0.8333,1.0,1.0,0.9794,0.9801,0.9967
seed,2,5,2017-2020,-1,unweighted,SHAP,random_forest,total,14,5,5,1.0,1.0,1.0,1.0,1.0,0,,,0.9604,0.8901,0.9432,1,1.0,1.0,0.8571,1.0,0.9816,0.9835,0.9982
seed,2,6,2017-2020,-1,unweighted,SHAP,random_forest,total,14,5,5,1.0,1.0,1.0,1.0,1.0,0,,,0.9253,0.8242,0.8427,0,1.0,0.8333,0.7143,1.0,0.8582,0.7599,0.494
seed,2,7,2017-2020,-1,unweighted,SHAP,random_forest,total,14,5,5,1.0,1.0,1.0,1.0,1.0,0,,,0.978,0.9121,0.9559,1,1.0,0.8333,1.0,1.0,0.9762,0.9782,0.9966
seed,2,8,2017-2020,-1,unweighted,SHAP,random_forest,total,14,5,4,0.8,0.8333,1.0,1.0,0.8,0,HighChol,,0.9516,0.8901,0.9382,1,1.0,0.8333,0.7143,1.0,0.9642,0.9651,0.9945
seed,2,9,2017-2020,-1,unweighted,SHAP,random_forest,total,14,5,5,1.0,1.0,1.0,1.0,1.0,0,,,0.9868,0.9341,0.9379,0,1.0,1.0,0.8571,1.0,0.9426,0.9088,0.8737
seed,3,4,2017-2020,-1,unweighted,SHAP,random_forest,total,14,5,4,0.8,0.8333,1.0,1.0,0.8,0,HighChol,,0.9516,0.8462,0.8928,0,1.0,0.8333,0.8571,1.0,0.9236,0.8907,0.8705
seed,3,5,2017-2020,-1,unweighted,SHAP,random_forest,total,14,5,5,1.0,1.0,1.0,1.0,1.0,0,,,0.9604,0.8681,0.9076,0,1.0,1.0,0.8571,1.0,0.9335,0.9016,0.8731
seed,3,6,2017-2020,-1,unweighted,SHAP,random_forest,total,14,5,5,1.0,1.0,1.0,1.0,1.0,0,,,0.9033,0.7582,0.7759,0,1.0,0.8333,0.7143,1.0,0.8101,0.6779,0.3689
seed,3,7,2017-2020,-1,unweighted,SHAP,random_forest,total,14,5,5,1.0,1.0,1.0,1.0,1.0,0,,,0.9648,0.8901,0.9118,0,1.0,0.8333,0.8571,1.0,0.9268,0.8926,0.8706
seed,3,8,2017-2020,-1,unweighted,SHAP,random_forest,total,14,5,4,0.8,0.8333,1.0,1.0,0.8,0,HighChol,,0.956,0.8681,0.9034,0,1.0,0.8333,0.8571,1.0,0.9236,0.8907,0.8705
seed,3,9,2017-2020,-1,unweighted,SHAP,random_forest,total,14,5,5,1.0,1.0,1.0,1.0,1.0,0,,,0.9912,0.956,0.9818,1,1.0,1.0,1.0,1.0,0.992,0.9943,0.9997
seed,4,5,2017-2020,-1,unweighted,SHAP,random_forest,total,14,4,5,0.8,0.8333,1.0,1.0,0.8,0,,HighChol,0.9516,0.8901,0.9399,1,1.0,0.8333,0.8571,1.0,0.9718,0.9726,0.9956
seed,4,6,2017-2020,-1,unweighted,SHAP,random_forest,total,14,4,5,0.8,0.8333,1.0,1.0,0.8,0,,HighChol,0.956,0.8681,0.8645,0,1.0,0.8333,0.7143,1.0,0.869,0.7689,0.4947
seed,4,7,2017-2020,-1,unweighted,SHAP,random_forest,total,14,4,5,0.8,0.8333,1.0,1.0,0.8,0,,HighChol,0.9912,0.956,0.9818,1,1.0,1.0,1.0,1.0,0.992,0.9943,0.9997
seed,4,8,2017-2020,-1,unweighted,SHAP,random_forest,total,14,4,4,1.0,1.0,1.0,1.0,1.0,0,,,0.9385,0.8462,0.912,1,1.0,0.8333,0.7143,1.0,0.9642,0.9651,0.9945
seed,4,9,2017-2020,-1,unweighted,SHAP,random_forest,total,14,4,5,0.8,0.8333,1.0,1.0,0.8,0,,HighChol,0.9604,0.8901,0.9116,0,1.0,0.8333,0.8571,1.0,0.9268,0.8926,0.8706
seed,5,6,2017-2020,-1,unweighted,SHAP,random_forest,total,14,5,5,1.0,1.0,1.0,1.0,1.0,0,,,0.9385,0.8462,0.8548,0,1.0,0.8333,0.8571,1.0,0.8658,0.7674,0.4951
seed,5,7,2017-2020,-1,unweighted,SHAP,random_forest,total,14,5,5,1.0,1.0,1.0,1.0,1.0,0,,,0.9516,0.8901,0.9423,1,1.0,0.8333,0.8571,1.0,0.9686,0.9707,0.9955
seed,5,8,2017-2020,-1,unweighted,SHAP,random_forest,total,14,5,4,0.8,0.8333,1.0,1.0,0.8,0,HighChol,,0.978,0.9121,0.9489,1,1.0,0.8333,0.8571,1.0,0.9778,0.9779,0.9961
seed,5,9,2017-2020,-1,unweighted,SHAP,random_forest,total,14,5,5,1.0,1.0,1.0,1.0,1.0,0,,,0.9736,0.9121,0.9266,0,1.0,1.0,0.8571,1.0,0.9366,0.9035,0.8732
seed,6,7,2017-2020,-1,unweighted,SHAP,random_forest,total,14,5,5,1.0,1.0,1.0,1.0,1.0,0,,,0.9341,0.8242,0.8457,0,1.0,0.8333,0.7143,1.0,0.861,0.7632,0.4944
seed,6,8,2017-2020,-1,unweighted,SHAP,random_forest,total,14,5,4,0.8,0.8333,1.0,1.0,0.8,0,HighChol,,0.9209,0.8022,0.8315,0,1.0,0.8333,0.8571,1.0,0.8658,0.7674,0.4951
seed,6,9,2017-2020,-1,unweighted,SHAP,random_forest,total,14,5,5,1.0,1.0,1.0,1.0,1.0,0,,,0.9033,0.7582,0.7718,0,1.0,0.8333,0.7143,1.0,0.8132,0.6799,0.369
seed,7,8,2017-2020,-1,unweighted,SHAP,random_forest,total,14,5,4,0.8,0.8333,1.0,1.0,0.8,0,HighChol,,0.9516,0.8462,0.9143,1,1.0,0.8333,0.7143,1.0,0.9658,0.9669,0.9946
seed,7,9,2017-2020,-1,unweighted,SHAP,random_forest,total,14,5,5,1.0,1.0,1.0,1.0,1.0,0,,,0.9692,0.8901,0.9136,0,1.0,0.8333,0.8571,1.0,0.9284,0.8944,0.8707
seed,8,9,2017-2020,-1,unweighted,SHAP,random_forest,total,14,4,5,0.8,0.8333,1.0,1.0,0.8,0,,HighChol,0.9736,0.9121,0.9218,0,1.0,0.8333,0.8571,1.0,0.9316,0.8963,0.8708
seed,0,1,2017-2020,-1,unweighted,SHAP,xgboost,diag,14,4,4,1.0,0.4286,0.4286,1.0,1.0,0,,,0.9429,0.8462,0.8984,0,1.0,1.0,0.8571,0.9,0.9296,0.8989,0.873
seed,0,2,2017-2020,-1,unweighted,SHAP,xgboost,diag,14,4,4,1.0,0.8,0.8333,1.0,1.0,0,,,0.9736,0.9121,0.958,1,1.0,0.8333,1.0,0.9,0.9783,0.9807,0.997
seed,0,3,2017-2020,-1,unweighted,SHAP,xgboost,diag,14,4,4,1.0,0.8,0.8333,1.0,1.0,0,,,0.9516,0.8462,0.931,1,1.0,0.8333,1.0,0.9,0.9702,0.9744,0.9965
seed,0,4,2017-2020,-1,unweighted,SHAP,xgboost,diag,14,4,4,1.0,0.6667,0.6667,1.0,1.0,0,,,0.9385,0.8462,0.8884,0,1.0,0.8333,0.8571,1.0,0.9268,0.8926,0.8706
seed,0,5,2017-2020,-1,unweighted,SHAP,xgboost,diag,14,4,4,1.0,0.6,0.7143,1.0,1.0,0,,,0.9429,0.8462,0.9193,1,1.0,0.8333,0.8571,1.0,0.9696,0.9716,0.9956
seed,0,6,2017-2020,-1,unweighted,SHAP,xgboost,diag,14,4,4,1.0,0.6667,0.6667,1.0,1.0,0,,,0.9692,0.8681,0.9356,0,0.8,1.0,1.0,1.0,0.9708,0.9716,0.993
seed,0,7,2017-2020,-1,unweighted,SHAP,xgboost,diag,14,4,4,1.0,0.8,0.8333,1.0,1.0,0,,,0.956,0.8681,0.9046,0,1.0,0.8333,0.8571,1.0,0.9246,0.8916,0.8706
seed,0,8,2017-2020,-1,unweighted,SHAP,xgboost,diag,14,4,4,1.0,0.8,0.8333,1.0,1.0,0,,,0.9429,0.8462,0.9216,1,1.0,0.8333,0.8571,1.0,0.9665,0.9696,0.9955
seed,0,9,2017-2020,-1,unweighted,SHAP,xgboost,diag,14,4,4,1.0,0.6,0.7143,1.0,1.0,0,,,0.978,0.9341,0.9697,1,1.0,1.0,1.0,0.9,0.9854,0.9883,0.9992
seed,1,2,2017-2020,-1,unweighted,SHAP,xgboost,diag,14,4,4,1.0,0.5714,0.5,1.0,1.0,0,,,0.9473,0.8462,0.8931,0,1.0,0.8333,0.8571,0.9,0.9229,0.8899,0.8705
seed,1,3,2017-2020,-1,unweighted,SHAP,xgboost,diag,14,4,4,1.0,0.5714,0.5,1.0,1.0,0,,,0.9473,0.8242,0.8891,0,1.0,0.8333,0.8571,0.9,0.9236,0.8922,0.8709
seed,1,4,2017-2020,-1,unweighted,SHAP,xgboost,diag,14,4,4,1.0,0.7143,0.6,1.0,1.0,0,,,0.956,0.8681,0.9361,1,1.0,0.8333,1.0,0.9,0.9724,0.9755,0.9965
seed,1,5,2017-2020,-1,unweighted,SHAP,xgboost,diag,14,4,4,1.0,0.6667,0.6667,1.0,1.0,0,,,0.9648,0.8681,0.9088,0,1.0,0.8333,0.8571,0.9,0.9283,0.8959,0.8711
seed,1,6,2017-2020,-1,unweighted,SHAP,xgboost,diag,14,4,4,1.0,0.7143,0.6,1.0,1.0,0,,,0.978,0.8901,0.9145,0,0.8,1.0,0.8571,0.9,0.9282,0.8924,0.8675
seed,1,7,2017-2020,-1,unweighted,SHAP,xgboost,diag,14,4,4,1.0,0.5714,0.5,1.0,1.0,0,,,0.956,0.8462,0.9245,1,1.0,0.8333,0.8571,0.9,0.9686,0.9722,0.9959
seed,1,8,2017-2020,-1,unweighted,SHAP,xgboost,diag,14,4,4,1.0,0.5714,0.5,1.0,1.0,0,,,0.9648,0.8681,0.907,0,1.0,0.8333,0.8571,0.9,0.9267,0.8941,0.871
seed,1,9,2017-2020,-1,unweighted,SHAP,xgboost,diag,14,4,4,1.0,0.6667,0.6667,1.0,1.0,0,,,0.956,0.8681,0.9114,0,1.0,1.0,0.8571,0.8,0.9317,0.9015,0.8734
seed,2,3,2017-2020,-1,unweighted,SHAP,xgboost,diag,14,4,4,1.0,1.0,1.0,1.0,1.0,0,,,0.9868,0.9341,0.9736,1,1.0,1.0,1.0,1.0,0.9887,0.9917,0.9995
seed,2,4,2017-2020,-1,unweighted,SHAP,xgboost,diag,14,4,4,1.0,0.8333,0.8,1.0,1.0,0,,,0.9209,0.8022,0.8679,0,1.0,0.8333,0.8571,0.9,0.9198,0.888,0.8704
seed,2,5,2017-2020,-1,unweighted,SHAP,xgboost,diag,14,4,4,1.0,0.8,0.8333,1.0,1.0,0,,,0.9429,0.8462,0.9266,1,1.0,0.8333,0.8571,0.9,0.9626,0.9669,0.9954
seed,2,6,2017-2020,-1,unweighted,SHAP,xgboost,diag,14,4,4,1.0,0.8333,0.8,1.0,1.0,0,,,0.9604,0.8681,0.9305,0,0.8,0.8333,1.0,0.9,0.9602,0.96,0.9903
seed,2,7,2017-2020,-1,unweighted,SHAP,xgboost,diag,14,4,4,1.0,1.0,1.0,1.0,1.0,0,,,0.9648,0.8681,0.9123,0,1.0,1.0,0.8571,0.9,0.9322,0.9016,0.8732
seed,2,8,2017-2020,-1,unweighted,SHAP,xgboost,diag,14,4,4,1.0,1.0,1.0,1.0,1.0,0,,,0.9648,0.8901,0.945,1,1.0,0.8333,0.8571,0.9,0.9705,0.9726,0.9957
seed,2,9,2017-2020,-1,unweighted,SHAP,xgboost,diag,14,4,4,1.0,0.8,0.8333,1.0,1.0,0,,,0.9736,0.8901,0.9482,1,1.0,0.8333,1.0,0.9,0.9771,0.9792,0.9968
seed,3,4,2017-2020,-1,unweighted,SHAP,xgboost,diag,14,4,4,1.0,0.8333,0.8,1.0,1.0,0,,,0.9165,0.7802,0.8643,0,1.0,0.8333,0.8571,0.9,0.9176,0.8869,0.8704
seed,3,5,2017-2020,-1,unweighted,SHAP,xgboost,diag,14,4,4,1.0,0.8,0.8333,1.0,1.0,0,,,0.956,0.8681,0.9365,1,1.0,0.8333,0.8571,0.9,0.9707,0.9732,0.9959
seed,3,6,2017-2020,-1,unweighted,SHAP,xgboost,diag,14,4,4,1.0,0.8333,0.8,1.0,1.0,0,,,0.9604,0.8901,0.9403,0,0.8,0.8333,1.0,0.9,0.9652,0.9643,0.9908
seed,3,7,2017-2020,-1,unweighted,SHAP,xgboost,diag,14,4,4,1.0,1.0,1.0,1.0,1.0,0,,,0.9736,0.8901,0.9219,0,1.0,1.0,0.8571,0.9,0.9404,0.9079,0.8737
seed,3,8,2017-2020,-1,unweighted,SHAP,xgboost,diag,14,4,4,1.0,1.0,1.0,1.0,1.0,0,,,0.9736,0.9121,0.9552,1,1.0,0.8333,0.8571,0.9,0.9755,0.977,0.9961
seed,3,9,2017-2020,-1,unweighted,SHAP,xgboost,diag,14,4,4,1.0,0.8,0.8333,1.0,1.0,0,,,0.978,0.9121,0.961,1,1.0,0.8333,1.0,0.9,0.9809,0.9834,0.9972
seed,4,5,2017-2020,-1,unweighted,SHAP,xgboost,diag,14,4,4,1.0,0.6667,0.6667,1.0,1.0,0,,,0.9604,0.8681,0.9088,0,1.0,1.0,0.8571,1.0,0.9345,0.9025,0.8732
seed,4,6,2017-2020,-1,unweighted,SHAP,xgboost,diag,14,4,4,1.0,1.0,1.0,1.0,1.0,0,,,0.9385,0.8022,0.8682,0,0.8,0.8333,0.8571,1.0,0.9083,0.8732,0.8643
seed,4,7,2017-2020,-1,unweighted,SHAP,xgboost,diag,14,4,4,1.0,0.8333,0.8,1.0,1.0,0,,,0.9516,0.8901,0.9435,1,1.0,0.8333,0.8571,1.0,0.9696,0.9716,0.9956
seed,4,8,2017-2020,-1,unweighted,SHAP,xgboost,diag,14,4,4,1.0,0.8333,0.8,1.0,1.0,0,,,0.9604,0.8681,0.9112,0,1.0,1.0,0.8571,1.0,0.9313,0.9005,0.8731
seed,4,9,2017-2020,-1,unweighted,SHAP,xgboost,diag,14,4,4,1.0,0.6667,0.6667,1.0,1.0,0,,,0.9516,0.8681,0.9026,0,1.0,0.8333,0.8571,0.9,0.9229,0.8899,0.8705
seed,5,6,2017-2020,-1,unweighted,SHAP,xgboost,diag,14,4,4,1.0,0.6667,0.6667,1.0,1.0,0,,,0.9648,0.8901,0.9327,0,0.8,0.8333,0.8571,1.0,0.9663,0.9633,0.99
seed,5,7,2017-2020,-1,unweighted,SHAP,xgboost,diag,14,4,4,1.0,0.8,0.8333,1.0,1.0,0,,,0.9868,0.9341,0.9359,0,1.0,0.8333,1.0,1.0,0.9404,0.9053,0.8722
seed,5,8,2017-2020,-1,unweighted,SHAP,xgboost,diag,14,4,4,1.0,0.8,0.8333,1.0,1.0,0,,,0.9912,0.956,0.9818,1,1.0,1.0,1.0,1.0,0.992,0.9943,0.9997
seed,5,9,2017-2020,-1,unweighted,SHAP,xgboost,diag,14,4,4,1.0,1.0,1.0,1.0,1.0,0,,,0.9648,0.8681,0.9328,1,1.0,0.8333,0.8571,0.9,0.9717,0.9741,0.996
seed,6,7,2017-2020,-1,unweighted,SHAP,xgboost,diag,14,4,4,1.0,0.8333,0.8,1.0,1.0,0,,,0.9604,0.8681,0.8969,0,0.8,0.8333,0.8571,1.0,0.9165,0.8795,0.8648
seed,6,8,2017-2020,-1,unweighted,SHAP,xgboost,diag,14,4,4,1.0,0.8333,0.8,1.0,1.0,0,,,0.9648,0.8901,0.931,0,0.8,0.8333,0.8571,1.0,0.9647,0.9615,0.9898
seed,6,9,2017-2020,-1,unweighted,SHAP,xgboost,diag,14,4,4,1.0,0.6667,0.6667,1.0,1.0,0,,,0.9692,0.8901,0.9483,0,0.8,1.0,1.0,0.9,0.9729,0.9742,0.9934
seed,7,8,2017-2020,-1,unweighted,SHAP,xgboost,diag,14,4,4,1.0,1.0,1.0,1.0,1.0,0,,,0.9868,0.9341,0.9377,0,1.0,0.8333,1.0,1.0,0.942,0.9071,0.8724
seed,7,9,2017-2020,-1,unweighted,SHAP,xgboost,diag,14,4,4,1.0,0.8,0.8333,1.0,1.0,0,,,0.9736,0.8901,0.9171,0,1.0,0.8333,0.8571,0.9,0.9315,0.8978,0.8712
seed,8,9,2017-2020,-1,unweighted,SHAP,xgboost,diag,14,4,4,1.0,0.8,0.8333,1.0,1.0,0,,,0.9648,0.8681,0.9345,1,1.0,0.8333,0.8571,0.9,0.9733,0.9759,0.9961
seed,0,1,2017-2020,-1,unweighted,SHAP,xgboost,lab,14,3,4,0.75,0.7143,0.8,1.0,0.75,0,,Sex,0.978,0.9121,0.9594,1,1.0,1.0,0.8571,0.9,0.9799,0.9832,0.9983
seed,0,2,2017-2020,-1,unweighted,SHAP,xgboost,lab,14,3,4,0.75,0.8333,1.0,1.0,0.75,0,,HighBP,0.9648,0.8901,0.9278,0,1.0,0.8333,0.8571,1.0,0.9584,0.9507,0.9802
seed,0,3,2017-2020,-1,unweighted,SHAP,xgboost,lab,14,3,3,1.0,1.0,1.0,1.0,1.0,0,,,0.9956,0.978,0.991,1,1.0,1.0,1.0,0.9,0.9961,0.9973,0.9999
seed,0,4,2017-2020,-1,unweighted,SHAP,xgboost,lab,14,3,4,0.75,0.8333,1.0,1.0,0.75,0,,HighBP,0.9868,0.9341,0.957,0,1.0,1.0,0.8571,0.9,0.9703,0.9642,0.9832
seed,0,5,2017-2020,-1,unweighted,SHAP,xgboost,lab,14,3,4,0.75,0.8333,1.0,1.0,0.75,0,,HighBP,0.9648,0.8901,0.9278,0,1.0,0.8333,0.8571,1.0,0.9584,0.9507,0.9802
seed,0,6,2017-2020,-1,unweighted,SHAP,xgboost,lab,14,3,3,1.0,0.8333,0.8333,1.0,1.0,0,,,0.9648,0.8901,0.9097,0,1.0,0.8333,0.8571,1.0,0.9316,0.8963,0.8708
seed,0,7,2017-2020,-1,unweighted,SHAP,xgboost,lab,14,3,3,1.0,1.0,1.0,1.0,1.0,0,,,0.956,0.8681,0.9139,0,1.0,0.8333,0.8571,1.0,0.9584,0.9507,0.9802
seed,0,8,2017-2020,-1,unweighted,SHAP,xgboost,lab,14,3,3,1.0,1.0,1.0,1.0,1.0,0,,,0.9868,0.956,0.9725,1,1.0,0.8333,0.8571,1.0,0.9826,0.9816,0.9963
seed,0,9,2017-2020,-1,unweighted,SHAP,xgboost,lab,14,3,3,1.0,1.0,1.0,1.0,1.0,0,,,0.9956,0.978,0.9873,1,1.0,1.0,0.8571,1.0,0.9924,0.9925,0.9989
seed,1,2,2017-2020,-1,unweighted,SHAP,xgboost,lab,14,4,4,0.6,0.5714,0.8,0.75,1.0,1,Sex,HighBP,0.978,0.8901,0.9363,0,1.0,0.8333,1.0,0.9,0.9595,0.9541,0.9812
seed,1,3,2017-2020,-1,unweighted,SHAP,xgboost,lab,14,4,3,0.75,0.7143,0.8,1.0,0.75,0,Sex,,0.9824,0.9341,0.9685,1,1.0,1.0,0.8571,1.0,0.9838,0.9858,0.9984
seed,1,4,2017-2020,-1,unweighted,SHAP,xgboost,lab,14,4,4,0.6,0.5714,0.8,0.75,1.0,1,Sex,HighBP,0.9736,0.8901,0.9353,0,1.0,1.0,0.8571,1.0,0.9656,0.9602,0.9828
seed,1,5,2017-2020,-1,unweighted,SHAP,xgboost,lab,14,4,4,0.6,0.5714,0.8,0.75,1.0,1,Sex,HighBP,0.978,0.8901,0.9363,0,1.0,0.8333,1.0,0.9,0.9595,0.9541,0.9812
seed,1,6,2017-2020,-1,unweighted,SHAP,xgboost,lab,14,4,3,0.75,0.5714,0.6667,1.0,0.75,0,Sex,,0.978,0.8901,0.9181,0,1.0,0.8333,1.0,0.9,0.9327,0.8997,0.8718
seed,1,7,2017-2020,-1,unweighted,SHAP,xgboost,lab,14,4,3,0.75,0.7143,0.8,1.0,0.75,0,Sex,,0.9604,0.8681,0.9231,0,1.0,0.8333,0.8571,0.9,0.9519,0.9466,0.98
seed,1,8,2017-2020,-1,unweighted,SHAP,xgboost,lab,14,4,3,0.75,0.7143,0.8,1.0,0.75,0,Sex,,0.956,0.8681,0.9318,1,1.0,0.8333,0.7143,0.9,0.9625,0.9647,0.9946
seed,1,9,2017-2020,-1,unweighted,SHAP,xgboost,lab,14,4,3,0.75,0.7143,0.8,1.0,0.75,0,Sex,,0.9736,0.8901,0.9475,1,1.0,1.0,0.8571,0.9,0.9799,0.9832,0.9983
seed,2,3,2017-2020,-1,unweighted,SHAP,xgboost,lab,14,4,3,0.75,0.8333,1.0,1.0,0.75,0,HighBP,,0.9604,0.8681,0.9188,0,1.0,0.8333,0.8571,0.9,0.9545,0.9481,0.9801
seed,2,4,2017-2020,-1,unweighted,SHAP,xgboost,lab,14,4,4,1.0,1.0,1.0,1.0,1.0,0,,,0.9692,0.9121,0.952,1,1.0,0.8333,0.8571,0.9,0.9727,0.9737,0.9957
seed,2,5,2017-2020,-1,unweighted,SHAP,xgboost,lab,14,4,4,1.0,1.0,1.0,1.0,1.0,0,,,1.0,1.0,1.0,1,1.0,1.0,1.0,1.0,1.0,1.0,1.0
seed,2,6,2017-2020,-1,unweighted,SHAP,xgboost,lab,14,4,3,0.75,0.6667,0.8333,1.0,0.75,0,HighBP,,0.9912,0.956,0.9393,0,1.0,1.0,1.0,1.0,0.9368,0.8944,0.8594
seed,2,7,2017-2020,-1,unweighted,SHAP,xgboost,lab,14,4,3,0.75,0.8333,1.0,1.0,0.75,0,HighBP,,0.9824,0.9341,0.9641,1,1.0,1.0,0.8571,1.0,0.9864,0.9873,0.9984
seed,2,8,2017-2020,-1,unweighted,SHAP,xgboost,lab,14,4,3,0.75,0.8333,1.0,1.0,0.75,0,HighBP,,0.9516,0.8462,0.9013,0,1.0,0.8333,0.7143,1.0,0.9508,0.9433,0.9791
seed,2,9,2017-2020,-1,unweighted,SHAP,xgboost,lab,14,4,3,0.75,0.8333,1.0,1.0,0.75,0,HighBP,,0.9692,0.9121,0.9397,0,1.0,0.8333,0.8571,1.0,0.9584,0.9507,0.9802
seed,3,4,2017-2020,-1,unweighted,SHAP,xgboost,lab,14,3,4,0.75,0.8333,1.0,1.0,0.75,0,,HighBP,0.9912,0.956,0.966,0,1.0,1.0,0.8571,1.0,0.9742,0.9669,0.9833
seed,3,5,2017-2020,-1,unweighted,SHAP,xgboost,lab,14,3,4,0.75,0.8333,1.0,1.0,0.75,0,,HighBP,0.9604,0.8681,0.9188,0,1.0,0.8333,0.8571,0.9,0.9545,0.9481,0.9801
seed,3,6,2017-2020,-1,unweighted,SHAP,xgboost,lab,14,3,3,1.0,0.8333,0.8333,1.0,1.0,0,,,0.9604,0.8681,0.9007,0,1.0,0.8333,0.8571,0.9,0.9277,0.8937,0.8707
seed,3,7,2017-2020,-1,unweighted,SHAP,xgboost,lab,14,3,3,1.0,1.0,1.0,1.0,1.0,0,,,0.9516,0.8462,0.9049,0,1.0,0.8333,0.8571,0.9,0.9545,0.9481,0.9801
seed,3,8,2017-2020,-1,unweighted,SHAP,xgboost,lab,14,3,3,1.0,1.0,1.0,1.0,1.0,0,,,0.9824,0.9341,0.9635,1,1.0,0.8333,0.8571,0.9,0.9787,0.9789,0.9962
seed,3,9,2017-2020,-1,unweighted,SHAP,xgboost,lab,14,3,3,1.0,1.0,1.0,1.0,1.0,0,,,0.9912,0.956,0.9783,1,1.0,1.0,0.8571,0.9,0.9885,0.9898,0.9988
seed,4,5,2017-2020,-1,unweighted,SHAP,xgboost,lab,14,4,4,1.0,1.0,1.0,1.0,1.0,0,,,0.9692,0.9121,0.952,1,1.0,0.8333,0.8571,0.9,0.9727,0.9737,0.9957
seed,4,6,2017-2020,-1,unweighted,SHAP,xgboost,lab,14,4,3,0.75,0.6667,0.8333,1.0,0.75,0,HighBP,,0.9604,0.8681,0.8913,0,1.0,0.8333,0.8571,0.9,0.9095,0.8681,0.8551
seed,4,7,2017-2020,-1,unweighted,SHAP,xgboost,lab,14,4,3,0.75,0.8333,1.0,1.0,0.75,0,HighBP,,0.9516,0.8462,0.9135,1,1.0,0.8333,0.7143,0.9,0.9651,0.9662,0.9946
seed,4,8,2017-2020,-1,unweighted,SHAP,xgboost,lab,14,4,3,0.75,0.8333,1.0,1.0,0.75,0,HighBP,,0.9736,0.8901,0.9286,0,1.0,0.8333,0.8571,0.9,0.9605,0.9533,0.9806
seed,4,9,2017-2020,-1,unweighted,SHAP,xgboost,lab,14,4,3,0.75,0.8333,1.0,1.0,0.75,0,HighBP,,0.9912,0.956,0.9697,0,1.0,1.0,1.0,0.9,0.9779,0.9717,0.9843
seed,5,6,2017-2020,-1,unweighted,SHAP,xgboost,lab,14,4,3,0.75,0.6667,0.8333,1.0,0.75,0,HighBP,,0.9912,0.956,0.9393,0,1.0,1.0,1.0,1.0,0.9368,0.8944,0.8594
seed,5,7,2017-2020,-1,unweighted,SHAP,xgboost,lab,14,4,3,0.75,0.8333,1.0,1.0,0.75,0,HighBP,,0.9824,0.9341,0.9641,1,1.0,1.0,0.8571,1.0,0.9864,0.9873,0.9984
seed,5,8,2017-2020,-1,unweighted,SHAP,xgboost,lab,14,4,3,0.75,0.8333,1.0,1.0,0.75,0,HighBP,,0.9516,0.8462,0.9013,0,1.0,0.8333,0.7143,1.0,0.9508,0.9433,0.9791
seed,5,9,2017-2020,-1,unweighted,SHAP,xgboost,lab,14,4,3,0.75,0.8333,1.0,1.0,0.75,0,HighBP,,0.9692,0.9121,0.9397,0,1.0,0.8333,0.8571,1.0,0.9584,0.9507,0.9802
seed,6,7,2017-2020,-1,unweighted,SHAP,xgboost,lab,14,3,3,1.0,0.8333,0.8333,1.0,1.0,0,,,0.9736,0.8901,0.9034,0,1.0,1.0,0.8571,1.0,0.9232,0.8817,0.8578
seed,6,8,2017-2020,-1,unweighted,SHAP,xgboost,lab,14,3,3,1.0,0.8333,0.8333,1.0,1.0,0,,,0.9516,0.8462,0.8831,0,1.0,0.8333,0.7143,1.0,0.924,0.8889,0.8697
seed,6,9,2017-2020,-1,unweighted,SHAP,xgboost,lab,14,3,3,1.0,0.8333,0.8333,1.0,1.0,0,,,0.9692,0.9121,0.9216,0,1.0,0.8333,0.8571,1.0,0.9316,0.8963,0.8708
seed,7,8,2017-2020,-1,unweighted,SHAP,xgboost,lab,14,3,3,1.0,1.0,1.0,1.0,1.0,0,,,0.9692,0.9121,0.9397,0,1.0,0.8333,0.8571,1.0,0.9584,0.9507,0.9802
seed,7,9,2017-2020,-1,unweighted,SHAP,xgboost,lab,14,3,3,1.0,1.0,1.0,1.0,1.0,0,,,0.9516,0.8462,0.9013,0,1.0,0.8333,0.7143,1.0,0.9508,0.9433,0.9791
seed,8,9,2017-2020,-1,unweighted,SHAP,xgboost,lab,14,3,3,1.0,1.0,1.0,1.0,1.0,0,,,0.9824,0.9341,0.9589,1,1.0,0.8333,0.8571,1.0,0.9826,0.9816,0.9963
seed,0,1,2017-2020,-1,unweighted,SHAP,xgboost,total,14,4,4,1.0,0.7143,0.6,1.0,1.0,0,,,0.9429,0.8462,0.9278,1,1.0,1.0,0.8571,0.9,0.9746,0.9789,0.998
seed,0,2,2017-2020,-1,unweighted,SHAP,xgboost,total,14,4,4,1.0,0.7143,0.6,1.0,1.0,0,,,0.9385,0.8462,0.9306,1,1.0,1.0,0.8571,0.9,0.9724,0.9778,0.998
seed,0,3,2017-2020,-1,unweighted,SHAP,xgboost,total,14,4,4,1.0,0.5714,0.5,1.0,1.0,0,,,0.8945,0.7802,0.895,1,1.0,0.8333,0.8571,0.8,0.9561,0.9616,0.9951
seed,0,4,2017-2020,-1,unweighted,SHAP,xgboost,total,14,4,4,1.0,0.7143,0.6,1.0,1.0,0,,,0.9473,0.8681,0.9366,1,1.0,1.0,0.8571,0.9,0.973,0.9771,0.9979
seed,0,5,2017-2020,-1,unweighted,SHAP,xgboost,total,14,4,4,1.0,0.8333,0.8,1.0,1.0,0,,,0.9297,0.8462,0.9212,1,1.0,0.8333,0.8571,0.9,0.9648,0.968,0.9954
seed,0,6,2017-2020,-1,unweighted,SHAP,xgboost,total,14,4,4,1.0,0.8333,0.8,1.0,1.0,0,,,0.9956,0.978,0.99,1,1.0,1.0,1.0,1.0,0.9952,0.9963,0.9998
seed,0,7,2017-2020,-1,unweighted,SHAP,xgboost,total,14,4,4,1.0,0.8333,0.8,1.0,1.0,0,,,0.9824,0.9341,0.9626,1,1.0,0.8333,0.8571,1.0,0.9778,0.9779,0.9961
seed,0,8,2017-2020,-1,unweighted,SHAP,xgboost,total,14,4,4,1.0,0.7143,0.6,1.0,1.0,0,,,0.8945,0.8022,0.8976,1,1.0,0.8333,0.8571,0.9,0.954,0.959,0.9947
seed,0,9,2017-2020,-1,unweighted,SHAP,xgboost,total,14,4,4,1.0,0.7143,0.6,1.0,1.0,0,,,0.9297,0.8462,0.9244,1,1.0,1.0,0.8571,0.9,0.967,0.9719,0.9974
seed,1,2,2017-2020,-1,unweighted,SHAP,xgboost,total,14,4,4,1.0,0.7143,0.6,1.0,1.0,0,,,0.9604,0.8681,0.9434,1,1.0,1.0,0.8571,0.9,0.9784,0.9831,0.9985
seed,1,3,2017-2020,-1,unweighted,SHAP,xgboost,total,14,4,4,1.0,0.8333,0.8,1.0,1.0,0,,,0.9604,0.8901,0.9451,1,1.0,0.8333,0.8571,0.9,0.9707,0.9732,0.9959
seed,1,4,2017-2020,-1,unweighted,SHAP,xgboost,total,14,4,4,1.0,0.5,0.3333,1.0,1.0,0,,,0.9516,0.8901,0.9522,1,1.0,1.0,1.0,0.8,0.9783,0.9837,0.9991
seed,1,5,2017-2020,-1,unweighted,SHAP,xgboost,total,14,4,4,1.0,0.8333,0.8,1.0,1.0,0,,,0.9912,0.956,0.9763,1,1.0,0.8333,1.0,0.9,0.9863,0.9864,0.9973
seed,1,6,2017-2020,-1,unweighted,SHAP,xgboost,total,14,4,4,1.0,0.8333,0.8,1.0,1.0,0,,,0.9648,0.8681,0.9382,1,1.0,1.0,0.8571,0.9,0.9794,0.9826,0.9983
seed,1,7,2017-2020,-1,unweighted,SHAP,xgboost,total,14,4,4,1.0,0.8333,0.8,1.0,1.0,0,,,0.9604,0.8681,0.9353,1,1.0,0.8333,0.8571,0.9,0.9695,0.9717,0.9956
seed,1,8,2017-2020,-1,unweighted,SHAP,xgboost,total,14,4,4,1.0,0.7143,0.6,1.0,1.0,0,,,0.9385,0.8681,0.9305,1,1.0,0.8333,0.8571,0.9,0.962,0.9647,0.995
seed,1,9,2017-2020,-1,unweighted,SHAP,xgboost,total,14,4,4,1.0,0.7143,0.6,1.0,1.0,0,,,0.9429,0.8681,0.9376,1,1.0,1.0,0.8571,0.9,0.9746,0.9789,0.998
seed,2,3,2017-2020,-1,unweighted,SHAP,xgboost,total,14,4,4,1.0,0.8333,0.8,1.0,1.0,0,,,0.9692,0.8901,0.951,1,1.0,0.8333,1.0,0.9,0.9762,0.9797,0.997
seed,2,4,2017-2020,-1,unweighted,SHAP,xgboost,total,14,4,4,1.0,0.5,0.3333,1.0,1.0,0,,,0.9077,0.8022,0.9117,1,1.0,1.0,0.8571,0.8,0.9638,0.9714,0.9977
seed,2,5,2017-2020,-1,unweighted,SHAP,xgboost,total,14,4,4,1.0,0.5714,0.5,1.0,1.0,0,,,0.9429,0.8242,0.9199,1,1.0,0.8333,0.8571,0.8,0.9647,0.9695,0.9958
seed,2,6,2017-2020,-1,unweighted,SHAP,xgboost,total,14,4,4,1.0,0.5714,0.5,1.0,1.0,0,,,0.9429,0.8681,0.9411,1,1.0,1.0,0.8571,0.9,0.9724,0.9778,0.998
seed,2,7,2017-2020,-1,unweighted,SHAP,xgboost,total,14,4,4,1.0,0.5714,0.5,1.0,1.0,0,,,0.956,0.8681,0.9396,1,1.0,0.8333,1.0,0.9,0.9702,0.9744,0.9965
seed,2,8,2017-2020,-1,unweighted,SHAP,xgboost,total,14,4,4,1.0,0.5,0.3333,1.0,1.0,0,,,0.8549,0.7363,0.873,1,1.0,0.8333,0.7143,0.8,0.9404,0.9478,0.9935
seed,2,9,2017-2020,-1,unweighted,SHAP,xgboost,total,14,4,4,1.0,0.5,0.3333,1.0,1.0,0,,,0.8945,0.7802,0.8998,1,1.0,1.0,0.8571,0.8,0.9638,0.9714,0.9977
seed,3,4,2017-2020,-1,unweighted,SHAP,xgboost,total,14,4,4,1.0,0.375,0.2857,1.0,1.0,0,,,0.8813,0.7802,0.8938,1,1.0,0.8333,0.8571,0.8,0.9561,0.9616,0.9951
seed,3,5,2017-2020,-1,unweighted,SHAP,xgboost,total,14,4,4,1.0,0.6667,0.6667,1.0,1.0,0,,,0.9516,0.8462,0.9219,1,1.0,0.8333,0.8571,0.9,0.9707,0.9732,0.9959
seed,3,6,2017-2020,-1,unweighted,SHAP,xgboost,total,14,4,4,1.0,0.6667,0.6667,1.0,1.0,0,,,0.9077,0.8022,0.9056,1,1.0,0.8333,0.8571,0.8,0.9609,0.9653,0.9953
seed,3,7,2017-2020,-1,unweighted,SHAP,xgboost,total,14,4,4,1.0,0.6667,0.6667,1.0,1.0,0,,,0.9385,0.8462,0.9338,1,1.0,1.0,1.0,0.8,0.9783,0.9837,0.9991
seed,3,8,2017-2020,-1,unweighted,SHAP,xgboost,total,14,4,4,1.0,0.5714,0.5,1.0,1.0,0,,,0.8725,0.7582,0.8752,1,1.0,0.8333,0.7143,0.9,0.9464,0.9515,0.9936
seed,3,9,2017-2020,-1,unweighted,SHAP,xgboost,total,14,4,4,1.0,0.5714,0.5,1.0,1.0,0,,,0.9033,0.8022,0.9022,1,1.0,0.8333,0.8571,0.9,0.96,0.9643,0.9952
seed,4,5,2017-2020,-1,unweighted,SHAP,xgboost,total,14,4,4,1.0,0.5714,0.5,1.0,1.0,0,,,0.9604,0.8901,0.9467,1,1.0,0.8333,1.0,0.9,0.9724,0.9755,0.9965
seed,4,6,2017-2020,-1,unweighted,SHAP,xgboost,total,14,4,4,1.0,0.5714,0.5,1.0,1.0,0,,,0.9604,0.8901,0.9473,1,1.0,1.0,0.8571,0.9,0.9778,0.9809,0.9981
seed,4,7,2017-2020,-1,unweighted,SHAP,xgboost,total,14,4,4,1.0,0.5714,0.5,1.0,1.0,0,,,0.9253,0.8462,0.9193,1,1.0,0.8333,0.8571,0.9,0.9679,0.9699,0.9955
seed,4,8,2017-2020,-1,unweighted,SHAP,xgboost,total,14,4,4,1.0,0.7143,0.6,1.0,1.0,0,,,0.9604,0.8901,0.9437,1,1.0,0.8333,0.8571,0.9,0.9695,0.9717,0.9956
seed,4,9,2017-2020,-1,unweighted,SHAP,xgboost,total,14,4,4,1.0,0.7143,0.6,1.0,1.0,0,,,0.9824,0.9341,0.967,1,1.0,1.0,0.8571,0.9,0.9826,0.9846,0.9983
seed,5,6,2017-2020,-1,unweighted,SHAP,xgboost,total,14,4,4,1.0,1.0,1.0,1.0,1.0,0,,,0.956,0.8681,0.9318,1,1.0,0.8333,0.8571,0.9,0.9695,0.9717,0.9956
seed,5,7,2017-2020,-1,unweighted,SHAP,xgboost,total,14,4,4,1.0,1.0,1.0,1.0,1.0,0,,,0.956,0.8681,0.9301,1,1.0,0.8333,0.8571,0.9,0.9695,0.9717,0.9956
seed,5,8,2017-2020,-1,unweighted,SHAP,xgboost,total,14,4,4,1.0,0.8333,0.8,1.0,1.0,0,,,0.9648,0.9121,0.9547,1,1.0,1.0,0.8571,1.0,0.9757,0.9783,0.9977
seed,5,9,2017-2020,-1,unweighted,SHAP,xgboost,total,14,4,4,1.0,0.8333,0.8,1.0,1.0,0,,,0.956,0.8681,0.9322,1,1.0,0.8333,0.8571,1.0,0.9686,0.9707,0.9955
seed,6,7,2017-2020,-1,unweighted,SHAP,xgboost,total,14,4,4,1.0,1.0,1.0,1.0,1.0,0,,,0.9868,0.956,0.9725,1,1.0,0.8333,0.8571,1.0,0.9826,0.9816,0.9963
seed,6,8,2017-2020,-1,unweighted,SHAP,xgboost,total,14,4,4,1.0,0.8333,0.8,1.0,1.0,0,,,0.9209,0.8242,0.9083,1,1.0,0.8333,0.8571,0.9,0.9588,0.9627,0.9949
seed,6,9,2017-2020,-1,unweighted,SHAP,xgboost,total,14,4,4,1.0,0.8333,0.8,1.0,1.0,0,,,0.9429,0.8681,0.9339,1,1.0,1.0,0.8571,0.9,0.9718,0.9756,0.9976
seed,7,8,2017-2020,-1,unweighted,SHAP,xgboost,total,14,4,4,1.0,0.8333,0.8,1.0,1.0,0,,,0.9033,0.7802,0.8839,1,1.0,0.8333,0.7143,0.9,0.9512,0.9552,0.9938
seed,7,9,2017-2020,-1,unweighted,SHAP,xgboost,total,14,4,4,1.0,0.8333,0.8,1.0,1.0,0,,,0.9209,0.8242,0.9073,1,1.0,0.8333,0.8571,0.9,0.962,0.9647,0.995
seed,8,9,2017-2020,-1,unweighted,SHAP,xgboost,total,14,4,4,1.0,1.0,1.0,1.0,1.0,0,,,0.956,0.8681,0.9272,1,1.0,0.8333,0.7143,1.0,0.9658,0.9669,0.9946
seed,0,1,2017-2020,-1,weighted,PI,logistic_regression,diag,14,4,3,0.75,0.5,0.875,1.0,0.75,0,BMI,,0.8549,0.7143,0.8629,0,1.0,1.0,0.8571,0.9,0.9402,0.9323,0.9563
seed,0,2,2017-2020,-1,weighted,PI,logistic_regression,diag,14,4,4,1.0,0.4,0.625,1.0,1.0,0,,,0.9297,0.8022,0.9129,1,1.0,1.0,0.8571,1.0,0.9737,0.9791,0.9981
seed,0,3,2017-2020,-1,weighted,PI,logistic_regression,diag,14,4,4,1.0,0.75,0.8571,1.0,1.0,0,,,0.7889,0.6254,0.8109,0,0.8,0.6667,0.8571,0.8,0.9257,0.9303,0.9862
seed,0,4,2017-2020,-1,weighted,PI,logistic_regression,diag,14,4,3,0.75,0.5,0.875,1.0,0.75,0,HighBP,,0.9736,0.8901,0.9468,0,1.0,1.0,1.0,1.0,0.9722,0.9682,0.9841
seed,0,5,2017-2020,-1,weighted,PI,logistic_regression,diag,14,4,4,1.0,1.0,1.0,1.0,1.0,0,,,0.9087,0.8177,0.9267,1,1.0,1.0,1.0,0.9,0.9774,0.9839,0.9991
seed,0,6,2017-2020,-1,weighted,PI,logistic_regression,diag,14,4,3,0.75,0.5,0.875,1.0,0.75,0,HighBP,,0.8845,0.7514,0.8847,0,1.0,1.0,0.8571,0.9,0.9442,0.9457,0.9821
seed,0,7,2017-2020,-1,weighted,PI,logistic_regression,diag,14,4,4,1.0,0.75,0.8571,1.0,1.0,0,,,0.9473,0.8462,0.9348,1,1.0,1.0,1.0,0.9,0.9806,0.9859,0.9992
seed,0,8,2017-2020,-1,weighted,PI,logistic_regression,diag,14,4,4,1.0,0.6,0.7143,1.0,1.0,0,,,0.956,0.8681,0.9327,0,0.8,0.8333,0.8571,1.0,0.9647,0.9627,0.99
seed,0,9,2017-2020,-1,weighted,PI,logistic_regression,diag,14,4,4,1.0,0.75,0.8571,1.0,1.0,0,,,0.9205,0.8269,0.9199,0,0.8,1.0,1.0,0.9,0.9569,0.9624,0.9926
seed,1,2,2017-2020,-1,weighted,PI,logistic_regression,diag,14,3,4,0.75,0.4,0.75,1.0,0.75,0,,BMI,0.8681,0.7363,0.8759,0,1.0,1.0,1.0,0.9,0.9446,0.9379,0.9574
seed,1,3,2017-2020,-1,weighted,PI,logistic_regression,diag,14,3,4,0.75,0.4,0.75,1.0,0.75,0,,BMI,0.9178,0.7845,0.8649,0,0.8,0.6667,0.8571,0.9,0.916,0.9008,0.9454
seed,1,4,2017-2020,-1,weighted,PI,logistic_regression,diag,14,3,3,0.5,0.5,1.0,0.6667,1.0,1,HighBP,BMI,0.8813,0.7802,0.8745,0,1.0,1.0,0.8571,0.9,0.9246,0.9081,0.9407
seed,1,5,2017-2020,-1,weighted,PI,logistic_regression,diag,14,3,4,0.75,0.5,0.875,1.0,0.75,0,,BMI,0.9285,0.7956,0.898,0,1.0,1.0,0.8571,1.0,0.9441,0.935,0.9564
seed,1,6,2017-2020,-1,weighted,PI,logistic_regression,diag,14,3,3,0.5,0.5,1.0,0.6667,1.0,1,HighBP,BMI,0.8955,0.7735,0.8796,0,1.0,1.0,1.0,0.8,0.9343,0.9182,0.9422
seed,1,7,2017-2020,-1,weighted,PI,logistic_regression,diag,14,3,4,0.75,0.4,0.75,1.0,0.75,0,,BMI,0.9121,0.7802,0.8875,0,1.0,1.0,0.8571,0.9,0.9428,0.9337,0.9563
seed,1,8,2017-2020,-1,weighted,PI,logistic_regression,diag,14,3,4,0.75,0.3333,0.625,1.0,0.75,0,,BMI,0.8242,0.7143,0.839,0,0.8,0.8333,0.7143,0.9,0.9123,0.899,0.9464
seed,1,9,2017-2020,-1,weighted,PI,logistic_regression,diag,14,3,4,0.75,0.4,0.75,1.0,0.75,0,,BMI,0.8852,0.7375,0.8674,0,0.8,1.0,0.8571,0.8,0.9286,0.918,0.9504
seed,2,3,2017-2020,-1,weighted,PI,logistic_regression,diag,14,4,4,1.0,0.6,0.7143,1.0,1.0,0,,,0.8,0.6481,0.8279,0,0.8,0.6667,0.8571,0.8,0.9226,0.9284,0.9862
seed,2,4,2017-2020,-1,weighted,PI,logistic_regression,diag,14,4,3,0.75,0.4,0.75,1.0,0.75,0,HighBP,,0.9253,0.7802,0.8944,0,1.0,1.0,0.8571,1.0,0.9555,0.9535,0.9825
seed,2,5,2017-2020,-1,weighted,PI,logistic_regression,diag,14,4,4,1.0,0.4,0.625,1.0,1.0,0,,,0.9153,0.8177,0.9136,1,1.0,1.0,0.8571,0.9,0.9617,0.9689,0.9973
seed,2,6,2017-2020,-1,weighted,PI,logistic_regression,diag,14,4,3,0.75,0.4,0.75,1.0,0.75,0,HighBP,,0.8603,0.7293,0.8805,0,1.0,1.0,1.0,0.9,0.9486,0.9512,0.9832
seed,2,7,2017-2020,-1,weighted,PI,logistic_regression,diag,14,4,4,1.0,0.3333,0.5,1.0,1.0,0,,,0.8374,0.6923,0.867,1,1.0,1.0,0.8571,0.9,0.9564,0.966,0.9973
seed,2,8,2017-2020,-1,weighted,PI,logistic_regression,diag,14,4,4,1.0,0.5,0.5714,1.0,1.0,0,,,0.8813,0.7143,0.8581,0,0.8,0.8333,0.7143,1.0,0.9431,0.9443,0.9881
seed,2,9,2017-2020,-1,weighted,PI,logistic_regression,diag,14,4,4,1.0,0.6,0.7143,1.0,1.0,0,,,0.8543,0.7152,0.875,0,0.8,1.0,0.8571,0.9,0.9461,0.9529,0.9915
seed,3,4,2017-2020,-1,weighted,PI,logistic_regression,diag,14,4,3,0.75,0.4,0.75,1.0,0.75,0,HighBP,,0.8356,0.6708,0.8146,0,0.8,0.6667,0.8571,0.8,0.9149,0.9099,0.9708
seed,3,5,2017-2020,-1,weighted,PI,logistic_regression,diag,14,4,4,1.0,0.75,0.8571,1.0,1.0,0,,,0.8399,0.686,0.8347,0,0.8,0.6667,0.8571,0.9,0.9344,0.9368,0.9865
seed,3,6,2017-2020,-1,weighted,PI,logistic_regression,diag,14,4,3,0.75,0.4,0.75,1.0,0.75,0,HighBP,,0.9122,0.7889,0.8713,0,0.8,0.6667,0.8571,0.9,0.9327,0.9223,0.9715
seed,3,7,2017-2020,-1,weighted,PI,logistic_regression,diag,14,4,4,1.0,0.6,0.7143,1.0,1.0,0,,,0.8378,0.6936,0.8377,0,0.8,0.6667,0.8571,0.9,0.9322,0.9345,0.9863
seed,3,8,2017-2020,-1,weighted,PI,logistic_regression,diag,14,4,4,1.0,0.5,0.5714,1.0,1.0,0,,,0.8134,0.6936,0.8426,0,0.8,0.8333,0.8571,0.8,0.9382,0.9427,0.9888
seed,3,9,2017-2020,-1,weighted,PI,logistic_regression,diag,14,4,4,1.0,1.0,1.0,1.0,1.0,0,,,0.9018,0.7747,0.8814,0,0.8,0.6667,0.8571,0.9,0.9478,0.9459,0.9871
seed,4,5,2017-2020,-1,weighted,PI,logistic_regression,diag,14,3,4,0.75,0.5,0.875,1.0,0.75,0,,HighBP,0.9219,0.7956,0.9031,0,1.0,1.0,1.0,0.9,0.9544,0.9546,0.9833
seed,4,6,2017-2020,-1,weighted,PI,logistic_regression,diag,14,3,3,1.0,1.0,1.0,1.0,1.0,0,,,0.9395,0.8619,0.939,1,1.0,1.0,0.8571,0.9,0.9698,0.9764,0.998
seed,4,7,2017-2020,-1,weighted,PI,logistic_regression,diag,14,3,4,0.75,0.4,0.75,1.0,0.75,0,,HighBP,0.9473,0.8242,0.9105,0,1.0,1.0,1.0,0.9,0.9597,0.9576,0.9833
seed,4,8,2017-2020,-1,weighted,PI,logistic_regression,diag,14,3,4,0.75,0.3333,0.625,1.0,0.75,0,,HighBP,0.9516,0.8901,0.9215,0,0.8,0.8333,0.8571,1.0,0.9464,0.9359,0.9742
seed,4,9,2017-2020,-1,weighted,PI,logistic_regression,diag,14,3,4,0.75,0.4,0.75,1.0,0.75,0,,HighBP,0.9338,0.8269,0.9085,0,0.8,1.0,1.0,0.9,0.9461,0.9419,0.9772
seed,5,6,2017-2020,-1,weighted,PI,logistic_regression,diag,14,4,3,0.75,0.5,0.875,1.0,0.75,0,HighBP,,0.8414,0.7,0.8614,0,1.0,1.0,0.8571,0.8,0.9403,0.943,0.982
seed,5,7,2017-2020,-1,weighted,PI,logistic_regression,diag,14,4,4,1.0,0.75,0.8571,1.0,1.0,0,,,0.8823,0.7956,0.9177,1,1.0,1.0,1.0,0.9,0.9748,0.9825,0.9991
seed,5,8,2017-2020,-1,weighted,PI,logistic_regression,diag,14,4,4,1.0,0.6,0.7143,1.0,1.0,0,,,0.8955,0.7735,0.8891,0,0.8,0.8333,0.8571,0.9,0.9469,0.9491,0.9892
seed,5,9,2017-2020,-1,weighted,PI,logistic_regression,diag,14,4,4,1.0,0.75,0.8571,1.0,1.0,0,,,0.8332,0.7079,0.8747,0,0.8,1.0,1.0,0.8,0.9498,0.9577,0.9925
seed,6,7,2017-2020,-1,weighted,PI,logistic_regression,diag,14,3,4,0.75,0.4,0.75,1.0,0.75,0,,HighBP,0.9153,0.8177,0.9093,0,1.0,1.0,0.8571,0.9,0.9516,0.9508,0.9824
seed,6,8,2017-2020,-1,weighted,PI,logistic_regression,diag,14,3,4,0.75,0.3333,0.625,1.0,0.75,0,,HighBP,0.8537,0.7514,0.8594,0,0.8,0.8333,0.7143,0.9,0.9163,0.9123,0.9722
seed,6,9,2017-2020,-1,weighted,PI,logistic_regression,diag,14,3,4,0.75,0.4,0.75,1.0,0.75,0,,HighBP,0.9702,0.8989,0.9358,0,0.8,1.0,0.8571,1.0,0.9579,0.9486,0.977
seed,7,8,2017-2020,-1,weighted,PI,logistic_regression,diag,14,4,4,1.0,0.5,0.5714,1.0,1.0,0,,,0.9165,0.8022,0.8959,0,0.8,0.8333,0.8571,0.9,0.9522,0.9521,0.9892
seed,7,9,2017-2020,-1,weighted,PI,logistic_regression,diag,14,4,4,1.0,0.6,0.7143,1.0,1.0,0,,,0.9426,0.8716,0.9378,0,0.8,1.0,1.0,0.9,0.9643,0.9675,0.9929
seed,8,9,2017-2020,-1,weighted,PI,logistic_regression,diag,14,4,4,1.0,0.5,0.5714,1.0,1.0,0,,,0.9029,0.8046,0.9095,1,1.0,0.8333,0.8571,0.9,0.9552,0.9618,0.9952
seed,0,1,2017-2020,-1,weighted,PI,logistic_regression,lab,14,3,3,1.0,1.0,1.0,1.0,1.0,0,,,0.9058,0.827,0.9222,1,1.0,1.0,0.8571,0.8,0.9602,0.9703,0.9978
seed,0,2,2017-2020,-1,weighted,PI,logistic_regression,lab,14,3,3,1.0,0.5,0.7778,1.0,1.0,0,,,0.8069,0.6872,0.8599,1,1.0,0.8333,0.8571,0.9,0.9434,0.9531,0.9946
seed,0,3,2017-2020,-1,weighted,PI,logistic_regression,lab,14,3,3,1.0,1.0,1.0,1.0,1.0,0,,,0.9253,0.8022,0.9006,0,1.0,1.0,0.8571,0.9,0.9542,0.9522,0.9824
seed,0,4,2017-2020,-1,weighted,PI,logistic_regression,lab,14,3,3,1.0,1.0,1.0,1.0,1.0,0,,,0.9205,0.8493,0.9324,1,1.0,1.0,0.8571,0.9,0.9724,0.9778,0.998
seed,0,5,2017-2020,-1,weighted,PI,logistic_regression,lab,14,3,4,0.75,0.1667,0.5556,1.0,0.75,0,,Sex,0.8933,0.7293,0.8738,1,1.0,0.8333,0.8571,1.0,0.9553,0.9615,0.995
seed,0,6,2017-2020,-1,weighted,PI,logistic_regression,lab,14,3,3,1.0,0.4,0.6667,1.0,1.0,0,,,0.7349,0.6188,0.8243,1,1.0,0.8333,0.8571,0.8,0.9396,0.9505,0.9945
seed,0,7,2017-2020,-1,weighted,PI,logistic_regression,lab,14,3,3,1.0,0.6667,0.8889,1.0,1.0,0,,,0.9549,0.884,0.9402,1,1.0,0.8333,0.8571,0.9,0.9658,0.9689,0.9955
seed,0,8,2017-2020,-1,weighted,PI,logistic_regression,lab,14,3,3,1.0,1.0,1.0,1.0,1.0,0,,,0.8624,0.7696,0.8975,1,1.0,1.0,0.8571,0.8,0.9542,0.9651,0.9974
seed,0,9,2017-2020,-1,weighted,PI,logistic_regression,lab,14,3,3,1.0,0.75,0.875,1.0,1.0,0,,,0.9385,0.8242,0.9241,1,1.0,1.0,0.8571,0.9,0.973,0.9784,0.9981
seed,1,2,2017-2020,-1,weighted,PI,logistic_regression,lab,14,3,3,1.0,0.5,0.7778,1.0,1.0,0,,,0.8345,0.7654,0.8946,1,1.0,0.8333,0.8571,0.8,0.9513,0.9591,0.9951
seed,1,3,2017-2020,-1,weighted,PI,logistic_regression,lab,14,3,3,1.0,1.0,1.0,1.0,1.0,0,,,0.8294,0.7105,0.8616,0,1.0,1.0,0.8571,0.8,0.9312,0.9358,0.9815
seed,1,4,2017-2020,-1,weighted,PI,logistic_regression,lab,14,3,3,1.0,1.0,1.0,1.0,1.0,0,,,0.8918,0.8173,0.9251,1,1.0,1.0,1.0,0.8,0.9677,0.9778,0.999
seed,1,5,2017-2020,-1,weighted,PI,logistic_regression,lab,14,3,4,0.75,0.1667,0.5556,1.0,0.75,0,,Sex,0.7786,0.6793,0.8489,1,1.0,0.8333,0.7143,0.8,0.932,0.943,0.9934
seed,1,6,2017-2020,-1,weighted,PI,logistic_regression,lab,14,3,3,1.0,0.4,0.6667,1.0,1.0,0,,,0.6256,0.4919,0.7645,1,1.0,0.8333,0.7143,0.7,0.9221,0.935,0.9928
seed,1,7,2017-2020,-1,weighted,PI,logistic_regression,lab,14,3,3,1.0,0.6667,0.8889,1.0,1.0,0,,,0.8573,0.7613,0.8847,1,1.0,0.8333,0.8571,0.8,0.9455,0.9557,0.995
seed,1,8,2017-2020,-1,weighted,PI,logistic_regression,lab,14,3,3,1.0,1.0,1.0,1.0,1.0,0,,,0.9569,0.9177,0.9622,1,1.0,1.0,0.8571,1.0,0.9864,0.9873,0.9984
seed,1,9,2017-2020,-1,weighted,PI,logistic_regression,lab,14,3,3,1.0,0.75,0.875,1.0,1.0,0,,,0.8654,0.7804,0.9014,1,1.0,1.0,0.8571,0.8,0.9494,0.9614,0.9971
seed,2,3,2017-2020,-1,weighted,PI,logistic_regression,lab,14,3,3,1.0,0.5,0.7778,1.0,1.0,0,,,0.8969,0.7804,0.8945,0,1.0,0.8333,1.0,0.8,0.9397,0.9413,0.9807
seed,2,4,2017-2020,-1,weighted,PI,logistic_regression,lab,14,3,3,1.0,0.5,0.7778,1.0,1.0,0,,,0.8602,0.7699,0.8968,1,1.0,0.8333,0.8571,0.8,0.9455,0.9557,0.995
seed,2,5,2017-2020,-1,weighted,PI,logistic_regression,lab,14,3,4,0.75,0.4,0.75,1.0,0.75,0,,Sex,0.9068,0.8316,0.9238,1,1.0,1.0,0.8571,0.9,0.972,0.9775,0.998
seed,2,6,2017-2020,-1,weighted,PI,logistic_regression,lab,14,3,3,1.0,0.75,0.875,1.0,1.0,0,,,0.7201,0.5856,0.8245,1,1.0,1.0,0.8571,0.8,0.9446,0.9576,0.9969
seed,2,7,2017-2020,-1,weighted,PI,logistic_regression,lab,14,3,3,1.0,0.6667,0.8889,1.0,1.0,0,,,0.8326,0.7027,0.8595,1,1.0,0.8333,0.7143,0.8,0.9427,0.9519,0.9941
seed,2,8,2017-2020,-1,weighted,PI,logistic_regression,lab,14,3,3,1.0,0.5,0.7778,1.0,1.0,0,,,0.8516,0.7902,0.902,1,1.0,0.8333,0.8571,0.8,0.9513,0.9591,0.9951
seed,2,9,2017-2020,-1,weighted,PI,logistic_regression,lab,14,3,3,1.0,0.75,0.875,1.0,1.0,0,,,0.9148,0.827,0.9243,1,1.0,0.8333,1.0,0.8,0.9579,0.9669,0.9964
seed,3,4,2017-2020,-1,weighted,PI,logistic_regression,lab,14,3,3,1.0,1.0,1.0,1.0,1.0,0,,,0.9514,0.8493,0.9176,0,1.0,1.0,0.8571,0.9,0.9595,0.9553,0.9825
seed,3,5,2017-2020,-1,weighted,PI,logistic_regression,lab,14,3,4,0.75,0.1667,0.5556,1.0,0.75,0,,Sex,0.9021,0.7735,0.8895,0,1.0,0.8333,0.8571,0.9,0.9407,0.9402,0.9799
seed,3,6,2017-2020,-1,weighted,PI,logistic_regression,lab,14,3,3,1.0,0.4,0.6667,1.0,1.0,0,,,0.7525,0.6409,0.8286,0,1.0,0.8333,0.8571,0.7,0.9234,0.9274,0.9793
seed,3,7,2017-2020,-1,weighted,PI,logistic_regression,lab,14,3,3,1.0,0.6667,0.8889,1.0,1.0,0,,,0.9461,0.8398,0.9078,0,1.0,0.8333,0.7143,0.9,0.9437,0.9386,0.9789
seed,3,8,2017-2020,-1,weighted,PI,logistic_regression,lab,14,3,3,1.0,1.0,1.0,1.0,1.0,0,,,0.8578,0.7455,0.8755,0,1.0,1.0,0.8571,0.8,0.9312,0.9358,0.9815
seed,3,9,2017-2020,-1,weighted,PI,logistic_regression,lab,14,3,3,1.0,0.75,0.875,1.0,1.0,0,,,0.9516,0.8901,0.9465,0,1.0,1.0,1.0,0.9,0.9699,0.9673,0.9842
seed,4,5,2017-2020,-1,weighted,PI,logistic_regression,lab,14,3,4,0.75,0.1667,0.5556,1.0,0.75,0,,Sex,0.8508,0.6854,0.8546,1,1.0,0.8333,0.7143,0.9,0.9466,0.9546,0.9942
seed,4,6,2017-2020,-1,weighted,PI,logistic_regression,lab,14,3,3,1.0,0.4,0.6667,1.0,1.0,0,,,0.6851,0.5731,0.8016,1,1.0,0.8333,0.7143,0.8,0.932,0.943,0.9934
seed,4,7,2017-2020,-1,weighted,PI,logistic_regression,lab,14,3,3,1.0,0.6667,0.8889,1.0,1.0,0,,,0.9658,0.8765,0.9364,1,1.0,0.8333,0.8571,1.0,0.9746,0.9759,0.996
seed,4,8,2017-2020,-1,weighted,PI,logistic_regression,lab,14,3,3,1.0,1.0,1.0,1.0,1.0,0,,,0.9397,0.8804,0.948,1,1.0,1.0,0.8571,0.8,0.9602,0.9703,0.9978
seed,4,9,2017-2020,-1,weighted,PI,logistic_regression,lab,14,3,3,1.0,0.75,0.875,1.0,1.0,0,,,0.9382,0.8269,0.9249,1,1.0,1.0,0.8571,1.0,0.9737,0.9791,0.9981
seed,5,6,2017-2020,-1,weighted,PI,logistic_regression,lab,14,4,3,0.75,0.6,0.8571,1.0,0.75,0,Sex,,0.804,0.6778,0.8698,1,1.0,1.0,1.0,0.8,0.963,0.9741,0.9987
seed,5,7,2017-2020,-1,weighted,PI,logistic_regression,lab,14,4,3,0.75,0.2,0.6667,1.0,0.75,0,Sex,,0.9207,0.8111,0.9172,1,1.0,0.8333,0.8571,0.9,0.9621,0.9678,0.9956
seed,5,8,2017-2020,-1,weighted,PI,logistic_regression,lab,14,4,3,0.75,0.1667,0.5556,1.0,0.75,0,Sex,,0.7523,0.6408,0.833,1,1.0,0.8333,0.7143,0.8,0.932,0.943,0.9934
seed,5,9,2017-2020,-1,weighted,PI,logistic_regression,lab,14,4,3,0.75,0.3333,0.625,1.0,0.75,0,Sex,,0.9395,0.8619,0.934,1,1.0,0.8333,0.8571,0.9,0.9648,0.9692,0.9956
seed,6,7,2017-2020,-1,weighted,PI,logistic_regression,lab,14,3,3,1.0,0.5,0.7778,1.0,1.0,0,,,0.7665,0.6778,0.8564,1,1.0,0.8333,0.8571,0.8,0.9396,0.9505,0.9945
seed,6,8,2017-2020,-1,weighted,PI,logistic_regression,lab,14,3,3,1.0,0.4,0.6667,1.0,1.0,0,,,0.6641,0.5441,0.796,1,1.0,0.8333,0.7143,0.7,0.9281,0.9403,0.9933
seed,6,9,2017-2020,-1,weighted,PI,logistic_regression,lab,14,3,3,1.0,0.6,0.75,1.0,1.0,0,,,0.7789,0.7072,0.8698,1,1.0,0.8333,0.8571,0.8,0.9455,0.9557,0.995
seed,7,8,2017-2020,-1,weighted,PI,logistic_regression,lab,14,3,3,1.0,0.6667,0.8889,1.0,1.0,0,,,0.8656,0.7738,0.89,1,1.0,0.8333,0.7143,0.8,0.9379,0.9482,0.9939
seed,7,9,2017-2020,-1,weighted,PI,logistic_regression,lab,14,3,3,1.0,0.5,0.7778,1.0,1.0,0,,,0.9505,0.8619,0.9318,1,1.0,0.8333,0.7143,1.0,0.9642,0.9664,0.9946
seed,8,9,2017-2020,-1,weighted,PI,logistic_regression,lab,14,3,3,1.0,0.75,0.875,1.0,1.0,0,,,0.883,0.7936,0.9075,1,1.0,1.0,0.8571,0.8,0.9494,0.9614,0.9971
seed,0,1,2017-2020,-1,weighted,PI,logistic_regression,total,14,4,4,1.0,1.0,1.0,1.0,1.0,0,,,0.9121,0.8242,0.931,1,1.0,1.0,1.0,0.9,0.9748,0.9825,0.9991
seed,0,2,2017-2020,-1,weighted,PI,logistic_regression,total,14,4,4,1.0,0.5,0.75,1.0,1.0,0,,,0.8757,0.7956,0.907,1,1.0,1.0,0.8571,0.8,0.9659,0.9737,0.9979
seed,0,3,2017-2020,-1,weighted,PI,logistic_regression,total,14,4,4,1.0,0.4,0.625,1.0,1.0,0,,,0.8637,0.7363,0.8532,0,0.8,0.8333,0.8571,0.9,0.943,0.9449,0.9887
seed,0,4,2017-2020,-1,weighted,PI,logistic_regression,total,14,4,4,1.0,1.0,1.0,1.0,1.0,0,,,0.9527,0.8619,0.9362,1,1.0,1.0,0.8571,1.0,0.9737,0.9791,0.9981
seed,0,5,2017-2020,-1,weighted,PI,logistic_regression,total,14,4,4,1.0,1.0,1.0,1.0,1.0,0,,,0.9285,0.8177,0.919,1,1.0,1.0,0.8571,0.9,0.9698,0.9764,0.998
seed,0,6,2017-2020,-1,weighted,PI,logistic_regression,total,14,4,4,1.0,0.6667,0.875,1.0,1.0,0,,,0.9117,0.8269,0.9277,1,1.0,1.0,1.0,0.9,0.9748,0.9825,0.9991
seed,0,7,2017-2020,-1,weighted,PI,logistic_regression,total,14,4,4,1.0,0.5,0.75,1.0,1.0,0,,,0.9733,0.9202,0.9649,1,1.0,0.8333,1.0,0.9,0.9725,0.9786,0.9972
seed,0,8,2017-2020,-1,weighted,PI,logistic_regression,total,14,4,4,1.0,0.5,0.75,1.0,1.0,0,,,0.8889,0.7514,0.8807,0,0.8,0.8333,0.8571,0.9,0.9442,0.9477,0.9891
seed,0,9,2017-2020,-1,weighted,PI,logistic_regression,total,14,4,4,1.0,0.5,0.75,1.0,1.0,0,,,0.8834,0.7804,0.8803,0,1.0,1.0,1.0,0.8,0.918,0.8941,0.8737
seed,1,2,2017-2020,-1,weighted,PI,logistic_regression,total,14,4,4,1.0,0.5,0.75,1.0,1.0,0,,,0.7481,0.6188,0.8328,1,1.0,1.0,0.8571,0.8,0.9494,0.9614,0.9971
seed,1,3,2017-2020,-1,weighted,PI,logistic_regression,total,14,4,4,1.0,0.4,0.625,1.0,1.0,0,,,0.8374,0.6923,0.8439,0,0.8,0.8333,0.8571,0.8,0.943,0.9464,0.9891
seed,1,4,2017-2020,-1,weighted,PI,logistic_regression,total,14,4,4,1.0,1.0,1.0,1.0,1.0,0,,,0.8537,0.7514,0.8872,1,1.0,1.0,0.8571,0.9,0.9638,0.9712,0.9975
seed,1,5,2017-2020,-1,weighted,PI,logistic_regression,total,14,4,4,1.0,1.0,1.0,1.0,1.0,0,,,0.9307,0.8177,0.9267,1,1.0,1.0,0.8571,0.9,0.972,0.9787,0.9982
seed,1,6,2017-2020,-1,weighted,PI,logistic_regression,total,14,4,4,1.0,0.6667,0.875,1.0,1.0,0,,,0.9029,0.8046,0.9238,1,1.0,1.0,1.0,0.8,0.9795,0.9865,0.9995
seed,1,7,2017-2020,-1,weighted,PI,logistic_regression,total,14,4,4,1.0,0.5,0.75,1.0,1.0,0,,,0.8879,0.7804,0.9086,1,1.0,0.8333,1.0,0.8,0.9605,0.9683,0.9964
seed,1,8,2017-2020,-1,weighted,PI,logistic_regression,total,14,4,4,1.0,0.5,0.75,1.0,1.0,0,,,0.8493,0.7072,0.8602,0,0.8,0.8333,0.8571,0.8,0.943,0.9464,0.9891
seed,1,9,2017-2020,-1,weighted,PI,logistic_regression,total,14,4,4,1.0,0.5,0.75,1.0,1.0,0,,,0.9463,0.8736,0.9196,0,1.0,1.0,1.0,0.8,0.9313,0.9045,0.8745
seed,2,3,2017-2020,-1,weighted,PI,logistic_regression,total,14,4,4,1.0,0.5,0.5714,1.0,1.0,0,,,0.7217,0.6188,0.8017,0,0.8,0.8333,0.7143,0.7,0.9176,0.9253,0.9871
seed,2,4,2017-2020,-1,weighted,PI,logistic_regression,total,14,4,4,1.0,0.5,0.75,1.0,1.0,0,,,0.9152,0.8333,0.9351,1,1.0,1.0,1.0,0.8,0.9763,0.9845,0.9995
seed,2,5,2017-2020,-1,weighted,PI,logistic_regression,total,14,4,4,1.0,0.5,0.75,1.0,1.0,0,,,0.8227,0.7,0.8692,1,1.0,1.0,0.8571,0.7,0.9541,0.9654,0.9976
seed,2,6,2017-2020,-1,weighted,PI,logistic_regression,total,14,4,4,1.0,0.4,0.625,1.0,1.0,0,,,0.7845,0.663,0.8529,1,1.0,1.0,0.8571,0.7,0.9455,0.9587,0.997
seed,2,7,2017-2020,-1,weighted,PI,logistic_regression,total,14,4,4,1.0,0.6,0.7143,1.0,1.0,0,,,0.8258,0.7496,0.8855,1,1.0,0.8333,0.8571,0.8,0.9471,0.9575,0.9952
seed,2,8,2017-2020,-1,weighted,PI,logistic_regression,total,14,4,4,1.0,0.6,0.7143,1.0,1.0,0,,,0.8524,0.7222,0.8715,0,0.8,0.8333,0.8571,0.8,0.9372,0.943,0.989
seed,2,9,2017-2020,-1,weighted,PI,logistic_regression,total,14,4,4,1.0,0.3333,0.5,1.0,1.0,0,,,0.7336,0.5856,0.7917,0,1.0,1.0,0.8571,0.6,0.8887,0.8703,0.8717
seed,3,4,2017-2020,-1,weighted,PI,logistic_regression,total,14,4,4,1.0,0.4,0.625,1.0,1.0,0,,,0.8845,0.7735,0.8673,0,0.8,0.8333,0.7143,0.9,0.9391,0.9398,0.9876
seed,3,5,2017-2020,-1,weighted,PI,logistic_regression,total,14,4,4,1.0,0.4,0.625,1.0,1.0,0,,,0.8999,0.7735,0.8768,0,0.8,0.8333,0.8571,0.9,0.944,0.9458,0.9887
seed,3,6,2017-2020,-1,weighted,PI,logistic_regression,total,14,4,4,1.0,0.6,0.7143,1.0,1.0,0,,,0.9294,0.8269,0.8983,0,0.8,0.8333,0.8571,1.0,0.9555,0.9555,0.9895
seed,3,7,2017-2020,-1,weighted,PI,logistic_regression,total,14,4,4,1.0,0.5,0.5714,1.0,1.0,0,,,0.8069,0.6872,0.8283,0,0.8,0.6667,0.8571,0.8,0.9272,0.9303,0.986
seed,3,8,2017-2020,-1,weighted,PI,logistic_regression,total,14,4,4,1.0,0.5,0.5714,1.0,1.0,0,,,0.8625,0.7072,0.8487,0,0.8,0.8333,0.7143,0.9,0.9365,0.9383,0.9876
seed,3,9,2017-2020,-1,weighted,PI,logistic_regression,total,14,4,4,1.0,0.8,0.8333,1.0,1.0,0,,,0.8879,0.7571,0.8394,0,0.8,0.8333,0.8571,0.9,0.9019,0.8691,0.8642
seed,4,5,2017-2020,-1,weighted,PI,logistic_regression,total,14,4,4,1.0,1.0,1.0,1.0,1.0,0,,,0.9416,0.8556,0.9331,1,1.0,1.0,0.8571,0.9,0.973,0.9784,0.9981
seed,4,6,2017-2020,-1,weighted,PI,logistic_regression,total,14,4,4,1.0,0.6667,0.875,1.0,1.0,0,,,0.9083,0.8315,0.9208,1,1.0,1.0,0.8571,0.9,0.9638,0.9712,0.9975
seed,4,7,2017-2020,-1,weighted,PI,logistic_regression,total,14,4,4,1.0,0.5,0.75,1.0,1.0,0,,,0.9203,0.8316,0.9185,1,1.0,0.8333,0.8571,0.9,0.9621,0.9665,0.9954
seed,4,8,2017-2020,-1,weighted,PI,logistic_regression,total,14,4,4,1.0,0.5,0.75,1.0,1.0,0,,,0.9548,0.8556,0.9232,0,0.8,0.8333,0.8571,0.9,0.957,0.9558,0.9894
seed,4,9,2017-2020,-1,weighted,PI,logistic_regression,total,14,4,4,1.0,0.5,0.75,1.0,1.0,0,,,0.8618,0.7613,0.8613,0,1.0,1.0,0.8571,0.8,0.9102,0.8848,0.8722
seed,5,6,2017-2020,-1,weighted,PI,logistic_regression,total,14,4,4,1.0,0.6667,0.875,1.0,1.0,0,,,0.9083,0.8203,0.9227,1,1.0,1.0,0.8571,0.9,0.9672,0.975,0.998
seed,5,7,2017-2020,-1,weighted,PI,logistic_regression,total,14,4,4,1.0,0.5,0.75,1.0,1.0,0,,,0.8933,0.8081,0.9084,1,1.0,0.8333,0.8571,0.8,0.9561,0.9628,0.9953
seed,5,8,2017-2020,-1,weighted,PI,logistic_regression,total,14,4,4,1.0,0.5,0.75,1.0,1.0,0,,,0.9504,0.8333,0.9149,0,0.8,0.8333,0.8571,0.9,0.956,0.9563,0.9897
seed,5,9,2017-2020,-1,weighted,PI,logistic_regression,total,14,4,4,1.0,0.5,0.75,1.0,1.0,0,,,0.9338,0.855,0.9058,0,1.0,1.0,0.8571,0.9,0.9222,0.895,0.873
seed,6,7,2017-2020,-1,weighted,PI,logistic_regression,total,14,4,4,1.0,0.75,0.8571,1.0,1.0,0,,,0.8873,0.7936,0.9101,1,1.0,0.8333,1.0,0.8,0.9605,0.9683,0.9964
seed,6,8,2017-2020,-1,weighted,PI,logistic_regression,total,14,4,4,1.0,0.4,0.625,1.0,1.0,0,,,0.8287,0.7304,0.8644,0,0.8,0.8333,0.8571,0.9,0.9469,0.9491,0.9892
seed,6,9,2017-2020,-1,weighted,PI,logistic_regression,total,14,4,4,1.0,0.75,0.8571,1.0,1.0,0,,,0.964,0.912,0.9342,0,1.0,1.0,1.0,0.9,0.9432,0.9116,0.8746
seed,7,8,2017-2020,-1,weighted,PI,logistic_regression,total,14,4,4,1.0,0.6,0.7143,1.0,1.0,0,,,0.8618,0.7613,0.8759,0,0.8,0.6667,0.8571,0.8,0.9379,0.938,0.9865
seed,7,9,2017-2020,-1,weighted,PI,logistic_regression,total,14,4,4,1.0,0.6,0.7143,1.0,1.0,0,,,0.8759,0.7654,0.8688,0,1.0,0.8333,1.0,0.8,0.9139,0.8866,0.8712
seed,8,9,2017-2020,-1,weighted,PI,logistic_regression,total,14,4,4,1.0,0.6,0.7143,1.0,1.0,0,,,0.8348,0.7144,0.8277,0,0.8,0.8333,0.8571,0.8,0.8932,0.8627,0.8638
seed,0,1,2017-2020,-1,weighted,PI,random_forest,diag,14,4,4,0.6,0.5,0.8333,0.75,1.0,1,BMI,HeartDiseaseorAttack,0.9029,0.8046,0.8991,0,0.8,1.0,1.0,0.9,0.9434,0.9405,0.9772
seed,0,2,2017-2020,-1,weighted,PI,random_forest,diag,14,4,5,0.8,0.5,0.6667,1.0,0.8,0,,HeartDiseaseorAttack,0.9263,0.8177,0.9026,0,1.0,1.0,0.8571,0.9,0.9428,0.9337,0.9563
seed,0,3,2017-2020,-1,weighted,PI,random_forest,diag,14,4,4,1.0,0.4,0.625,1.0,1.0,0,,,0.8985,0.8046,0.9141,1,1.0,1.0,0.8571,0.8,0.9573,0.9671,0.9974
seed,0,4,2017-2020,-1,weighted,PI,random_forest,diag,14,4,4,0.6,0.3333,0.7143,0.75,1.0,1,HighBP,HeartDiseaseorAttack,0.7748,0.6034,0.7741,0,0.8,0.8333,1.0,0.8,0.8916,0.8766,0.9326
seed,0,5,2017-2020,-1,weighted,PI,random_forest,diag,14,4,5,0.8,0.5,0.6667,1.0,0.8,0,,HeartDiseaseorAttack,0.819,0.6928,0.8615,1,1.0,0.8333,0.8571,0.8,0.947,0.9556,0.9948
seed,0,6,2017-2020,-1,weighted,PI,random_forest,diag,14,4,4,0.6,0.1667,0.625,0.75,1.0,1,BMI,HeartDiseaseorAttack,0.716,0.5531,0.7649,0,0.8,0.8333,0.8571,0.7,0.8694,0.8574,0.9306
seed,0,7,2017-2020,-1,weighted,PI,random_forest,diag,14,4,4,0.6,0.3333,0.7143,0.75,1.0,1,BMI,HighChol,0.9241,0.7514,0.8695,0,0.8,1.0,1.0,1.0,0.9473,0.9432,0.9773
seed,0,8,2017-2020,-1,weighted,PI,random_forest,diag,14,4,5,0.8,0.1667,0.5,1.0,0.8,0,,HighChol,0.8921,0.7696,0.8621,0,0.8,1.0,0.8571,0.8,0.897,0.882,0.9341
seed,0,9,2017-2020,-1,weighted,PI,random_forest,diag,14,4,4,1.0,0.6,0.7143,1.0,1.0,0,,,0.9103,0.827,0.8971,0,1.0,1.0,1.0,0.8,0.918,0.8941,0.8737
seed,1,2,2017-2020,-1,weighted,PI,random_forest,diag,14,4,5,0.8,0.6,0.8333,1.0,0.8,0,,BMI,0.926,0.809,0.8778,0,0.8,1.0,0.8571,0.9,0.9174,0.897,0.935
seed,1,3,2017-2020,-1,weighted,PI,random_forest,diag,14,4,4,0.6,0.2,0.75,0.75,1.0,1,HeartDiseaseorAttack,BMI,0.9113,0.7955,0.8908,0,0.8,1.0,0.8571,0.9,0.9385,0.9344,0.9761
seed,1,4,2017-2020,-1,weighted,PI,random_forest,diag,14,4,4,0.6,0.4,0.8571,0.75,1.0,1,HighBP,BMI,0.8226,0.6705,0.8052,0,0.8,0.8333,1.0,0.9,0.9082,0.8874,0.9329
seed,1,5,2017-2020,-1,weighted,PI,random_forest,diag,14,4,5,0.8,0.6,0.8333,1.0,0.8,0,,BMI,0.8137,0.6932,0.8413,0,0.8,0.8333,0.8571,0.8,0.9238,0.9199,0.9734
seed,1,6,2017-2020,-1,weighted,PI,random_forest,diag,14,4,4,1.0,0.5,0.75,1.0,1.0,0,,,0.7284,0.5869,0.7823,0,0.8,0.8333,0.8571,0.7,0.8934,0.8864,0.9463
seed,1,7,2017-2020,-1,weighted,PI,random_forest,diag,14,4,4,0.6,0.4,0.8571,0.75,1.0,1,HeartDiseaseorAttack,HighChol,0.9392,0.8427,0.9261,0,1.0,1.0,1.0,0.9,0.9608,0.9601,0.9837
seed,1,8,2017-2020,-1,weighted,PI,random_forest,diag,14,4,5,0.5,0.0,0.625,0.75,0.8,1,HeartDiseaseorAttack,"BMI,HighChol",0.8984,0.7581,0.8312,0,0.8,1.0,0.8571,0.8,0.8915,0.8645,0.9188
seed,1,9,2017-2020,-1,weighted,PI,random_forest,diag,14,4,4,0.6,0.4,0.8571,0.75,1.0,1,HeartDiseaseorAttack,BMI,0.9189,0.8173,0.8727,0,0.8,1.0,1.0,0.8,0.8994,0.8603,0.8522
seed,2,3,2017-2020,-1,weighted,PI,random_forest,diag,14,5,4,0.8,0.2,0.625,1.0,0.8,0,HeartDiseaseorAttack,,0.9658,0.8989,0.9378,0,1.0,1.0,1.0,0.9,0.9536,0.9432,0.9575
seed,2,4,2017-2020,-1,weighted,PI,random_forest,diag,14,5,4,0.8,0.4,0.7143,1.0,0.8,0,HighBP,,0.747,0.5731,0.7756,0,0.8,0.8333,0.8571,0.8,0.884,0.8691,0.9314
seed,2,5,2017-2020,-1,weighted,PI,random_forest,diag,14,5,5,1.0,0.6,0.6667,1.0,1.0,0,,,0.7779,0.5955,0.8037,0,1.0,0.8333,0.7143,0.8,0.9126,0.9073,0.9524
seed,2,6,2017-2020,-1,weighted,PI,random_forest,diag,14,5,4,0.8,0.2,0.625,1.0,0.8,0,BMI,,0.6882,0.5199,0.7291,0,0.8,0.8333,0.7143,0.7,0.865,0.8519,0.9296
seed,2,7,2017-2020,-1,weighted,PI,random_forest,diag,14,5,4,0.5,0.1667,0.7143,0.75,0.8,1,"BMI,HeartDiseaseorAttack",HighChol,0.8756,0.7222,0.8306,0,0.8,1.0,0.8571,0.9,0.9105,0.8909,0.9344
seed,2,8,2017-2020,-1,weighted,PI,random_forest,diag,14,5,5,0.6667,0.0,0.5,0.8,1.0,1,HeartDiseaseorAttack,HighChol,0.845,0.7255,0.8607,0,0.8,1.0,0.8571,0.7,0.9202,0.9219,0.9757
seed,2,9,2017-2020,-1,weighted,PI,random_forest,diag,14,5,4,0.8,0.4,0.7143,1.0,0.8,0,HeartDiseaseorAttack,,0.8438,0.7144,0.8263,0,1.0,1.0,0.8571,0.7,0.8795,0.8413,0.8309
seed,3,4,2017-2020,-1,weighted,PI,random_forest,diag,14,4,4,0.6,0.25,0.875,0.75,1.0,1,HighBP,HeartDiseaseorAttack,0.6896,0.5114,0.7303,0,0.8,0.8333,0.8571,0.8,0.878,0.8638,0.9309
seed,3,5,2017-2020,-1,weighted,PI,random_forest,diag,14,4,5,0.8,0.2,0.625,1.0,0.8,0,,HeartDiseaseorAttack,0.765,0.625,0.8316,1,1.0,0.8333,0.7143,0.8,0.9336,0.9447,0.9936
seed,3,6,2017-2020,-1,weighted,PI,random_forest,diag,14,4,4,0.6,0.0,0.7778,0.75,1.0,1,BMI,HeartDiseaseorAttack,0.7284,0.5869,0.769,0,0.8,0.8333,0.7143,0.8,0.8784,0.8608,0.9299
seed,3,7,2017-2020,-1,weighted,PI,random_forest,diag,14,4,4,0.6,0.25,0.875,0.75,1.0,1,BMI,HighChol,0.8221,0.663,0.8256,0,0.8,1.0,0.8571,0.8,0.9254,0.9246,0.9755
seed,3,8,2017-2020,-1,weighted,PI,random_forest,diag,14,4,5,0.8,0.3333,0.875,1.0,0.8,0,,HighChol,0.8019,0.6603,0.8143,0,0.8,1.0,0.8571,0.8,0.891,0.8767,0.9336
seed,3,9,2017-2020,-1,weighted,PI,random_forest,diag,14,4,4,1.0,0.6667,0.875,1.0,1.0,0,,,0.8557,0.7462,0.8586,0,1.0,1.0,0.8571,0.8,0.9092,0.8851,0.8724
seed,4,5,2017-2020,-1,weighted,PI,random_forest,diag,14,4,5,0.8,0.4,0.7143,1.0,0.8,0,,HighBP,0.8315,0.6818,0.7924,0,0.8,0.8333,0.8571,0.8,0.8999,0.8792,0.9318
seed,4,6,2017-2020,-1,weighted,PI,random_forest,diag,14,4,4,0.6,0.25,0.875,0.75,1.0,1,BMI,HighBP,0.7192,0.5869,0.7788,0,0.6,0.8333,0.8571,0.8,0.9009,0.8955,0.9665
seed,4,7,2017-2020,-1,weighted,PI,random_forest,diag,14,4,4,0.3333,0.2,1.0,0.5,1.0,1,"BMI,HeartDiseaseorAttack","HighBP,HighChol",0.8088,0.618,0.7704,0,0.8,0.8333,1.0,0.8,0.8813,0.8567,0.9172
seed,4,8,2017-2020,-1,weighted,PI,random_forest,diag,14,4,5,0.5,0.0,0.75,0.75,0.8,1,HeartDiseaseorAttack,"HighBP,HighChol",0.8984,0.7826,0.8611,0,0.8,0.8333,0.8571,0.8,0.9025,0.8806,0.9318
seed,4,9,2017-2020,-1,weighted,PI,random_forest,diag,14,4,4,0.6,0.5,1.0,0.75,1.0,1,HeartDiseaseorAttack,HighBP,0.8376,0.6988,0.7714,0,0.8,0.8333,1.0,0.8,0.8651,0.8081,0.8079
seed,5,6,2017-2020,-1,weighted,PI,random_forest,diag,14,5,4,0.8,0.2,0.625,1.0,0.8,0,BMI,,0.7996,0.6603,0.8157,0,0.8,1.0,0.8571,0.9,0.8975,0.8808,0.9337
seed,5,7,2017-2020,-1,weighted,PI,random_forest,diag,14,5,4,0.5,0.1667,0.7143,0.75,0.8,1,"BMI,HeartDiseaseorAttack",HighChol,0.7934,0.663,0.8127,0,0.8,0.8333,0.8571,0.8,0.9162,0.9141,0.9729
seed,5,8,2017-2020,-1,weighted,PI,random_forest,diag,14,5,5,0.6667,0.0,0.5,0.8,1.0,1,HeartDiseaseorAttack,HighChol,0.7881,0.6848,0.8114,0,0.8,0.8333,0.7143,0.8,0.8784,0.8608,0.9299
seed,5,9,2017-2020,-1,weighted,PI,random_forest,diag,14,5,4,0.8,0.4,0.7143,1.0,0.8,0,HeartDiseaseorAttack,,0.8105,0.6988,0.8341,0,1.0,0.8333,0.8571,0.8,0.8993,0.8729,0.8696
seed,6,7,2017-2020,-1,weighted,PI,random_forest,diag,14,4,4,0.6,0.6667,0.875,0.75,1.0,1,HeartDiseaseorAttack,HighChol,0.6882,0.5683,0.7587,0,0.8,0.8333,0.8571,0.7,0.8694,0.8574,0.9306
seed,6,8,2017-2020,-1,weighted,PI,random_forest,diag,14,4,5,0.5,0.0,0.6667,0.75,0.8,1,HeartDiseaseorAttack,"BMI,HighChol",0.6738,0.5658,0.7248,0,0.6,0.8333,0.7143,0.9,0.8519,0.8224,0.9082
seed,6,9,2017-2020,-1,weighted,PI,random_forest,diag,14,4,4,0.6,0.25,0.875,0.75,1.0,1,HeartDiseaseorAttack,BMI,0.7978,0.6628,0.7749,0,0.8,0.8333,0.8571,0.9,0.8459,0.7919,0.8062
seed,7,8,2017-2020,-1,weighted,PI,random_forest,diag,14,4,5,0.8,0.25,0.75,1.0,0.8,0,,BMI,0.9252,0.798,0.8602,0,0.8,1.0,0.8571,0.8,0.9078,0.8909,0.9348
seed,7,9,2017-2020,-1,weighted,PI,random_forest,diag,14,4,4,0.6,0.5,1.0,0.75,1.0,1,HighChol,BMI,0.8956,0.7496,0.8408,0,0.8,1.0,1.0,0.8,0.8974,0.8611,0.8526
seed,8,9,2017-2020,-1,weighted,PI,random_forest,diag,14,5,4,0.8,0.25,0.75,1.0,0.8,0,HighChol,,0.9405,0.8412,0.8569,0,0.8,1.0,0.8571,1.0,0.8843,0.8241,0.8101
seed,0,1,2017-2020,-1,weighted,PI,random_forest,lab,14,3,3,1.0,0.6,0.75,1.0,1.0,0,,,0.7931,0.65,0.8224,0,0.8,1.0,0.8571,0.8,0.918,0.9194,0.9753
seed,0,2,2017-2020,-1,weighted,PI,random_forest,lab,14,3,3,1.0,0.6,0.75,1.0,1.0,0,,,0.6503,0.5388,0.763,0,0.8,0.8333,0.8571,0.7,0.9022,0.9035,0.9724
seed,0,3,2017-2020,-1,weighted,PI,random_forest,lab,14,3,4,0.75,0.5,0.7143,1.0,0.75,0,,HighBP,0.7125,0.5474,0.7552,0,0.8,0.6667,0.8571,0.7,0.8825,0.8758,0.9439
seed,0,4,2017-2020,-1,weighted,PI,random_forest,lab,14,3,3,1.0,0.5,0.625,1.0,1.0,0,,,0.6864,0.5785,0.7666,0,0.6,0.6667,0.8571,0.7,0.8782,0.8765,0.9637
seed,0,5,2017-2020,-1,weighted,PI,random_forest,lab,14,3,4,0.75,0.4,0.75,1.0,0.75,0,,HighBP,0.6389,0.5448,0.7732,0,0.8,0.8333,0.8571,0.7,0.9194,0.9294,0.9881
seed,0,6,2017-2020,-1,weighted,PI,random_forest,lab,14,3,3,0.5,0.2,0.7778,0.6667,1.0,1,BMI,HighBP,0.8618,0.7641,0.8663,0,1.0,0.8333,0.7143,0.9,0.9093,0.8908,0.937
seed,0,7,2017-2020,-1,weighted,PI,random_forest,lab,14,3,4,0.75,0.75,1.0,1.0,0.75,0,,HighChol,0.8529,0.716,0.8517,0,0.8,0.8333,1.0,0.8,0.9276,0.9246,0.9743
seed,0,8,2017-2020,-1,weighted,PI,random_forest,lab,14,3,3,1.0,0.6,0.75,1.0,1.0,0,,,0.6864,0.5785,0.766,0,0.6,0.8333,0.8571,0.7,0.888,0.8874,0.9663
seed,0,9,2017-2020,-1,weighted,PI,random_forest,lab,14,3,5,0.6,0.1667,0.625,1.0,0.6,0,,"HighBP,HighChol",0.669,0.5679,0.7926,0,0.8,0.6667,0.7143,0.8,0.909,0.9144,0.9844
seed,1,2,2017-2020,-1,weighted,PI,random_forest,lab,14,3,3,1.0,0.6,0.75,1.0,1.0,0,,,0.6927,0.5683,0.7664,0,0.6,0.8333,0.8571,0.7,0.8833,0.8837,0.9661
seed,1,3,2017-2020,-1,weighted,PI,random_forest,lab,14,3,4,0.75,0.2857,0.5,1.0,0.75,0,,HighBP,0.7412,0.6253,0.7718,0,0.6,0.6667,0.7143,0.7,0.8468,0.8283,0.9209
seed,1,4,2017-2020,-1,weighted,PI,random_forest,lab,14,3,3,1.0,0.5,0.625,1.0,1.0,0,,,0.8003,0.6719,0.7921,0,0.6,0.6667,0.8571,0.8,0.896,0.8901,0.9645
seed,1,5,2017-2020,-1,weighted,PI,random_forest,lab,14,3,4,0.75,0.4,0.75,1.0,0.75,0,,HighBP,0.7169,0.6114,0.7943,0,0.6,0.8333,0.8571,0.8,0.8951,0.8921,0.9664
seed,1,6,2017-2020,-1,weighted,PI,random_forest,lab,14,3,3,0.5,0.2,0.7778,0.6667,1.0,1,BMI,HighBP,0.8025,0.696,0.8001,0,0.8,0.8333,0.7143,0.7,0.8376,0.8191,0.9134
seed,1,7,2017-2020,-1,weighted,PI,random_forest,lab,14,3,4,0.75,0.75,0.75,1.0,0.75,0,,HighChol,0.772,0.6882,0.8168,0,0.6,0.8333,0.8571,0.8,0.909,0.9018,0.967
seed,1,8,2017-2020,-1,weighted,PI,random_forest,lab,14,3,3,1.0,0.6,0.75,1.0,1.0,0,,,0.8466,0.7465,0.8549,0,0.8,0.8333,0.8571,0.8,0.9082,0.9085,0.9727
seed,1,9,2017-2020,-1,weighted,PI,random_forest,lab,14,3,5,0.6,0.4,0.625,1.0,0.6,0,,"HighBP,HighChol",0.6176,0.5226,0.7332,0,0.6,0.6667,0.7143,0.7,0.8658,0.8653,0.9623
seed,2,3,2017-2020,-1,weighted,PI,random_forest,lab,14,3,4,0.75,0.5,0.7143,1.0,0.75,0,,HighBP,0.7547,0.6188,0.7717,0,0.8,0.6667,0.7143,0.9,0.8734,0.8535,0.9274
seed,2,4,2017-2020,-1,weighted,PI,random_forest,lab,14,3,3,1.0,0.2857,0.4444,1.0,1.0,0,,,0.5328,0.4116,0.6541,0,0.6,0.6667,0.7143,0.8,0.8669,0.8647,0.962
seed,2,5,2017-2020,-1,weighted,PI,random_forest,lab,14,3,4,0.75,0.1667,0.5556,1.0,0.75,0,,HighBP,0.6122,0.4607,0.7194,0,0.8,0.8333,0.7143,0.7,0.892,0.8946,0.9712
seed,2,6,2017-2020,-1,weighted,PI,random_forest,lab,14,3,3,0.5,0.2,0.7778,0.6667,1.0,1,BMI,HighBP,0.7462,0.6396,0.7821,0,0.8,0.6667,0.7143,0.7,0.8309,0.8101,0.9108
seed,2,7,2017-2020,-1,weighted,PI,random_forest,lab,14,3,4,0.75,0.75,0.75,1.0,0.75,0,,HighChol,0.7043,0.6207,0.7701,0,0.8,0.8333,0.8571,0.8,0.9108,0.9099,0.9727
seed,2,8,2017-2020,-1,weighted,PI,random_forest,lab,14,3,3,1.0,0.3333,0.5556,1.0,1.0,0,,,0.6396,0.5259,0.7262,0,0.6,0.8333,0.7143,0.8,0.8875,0.8846,0.9653
seed,2,9,2017-2020,-1,weighted,PI,random_forest,lab,14,3,5,0.6,0.1667,0.4444,1.0,0.6,0,,"HighBP,HighChol",0.5918,0.4685,0.712,0,0.8,0.6667,0.5714,0.7,0.8702,0.8727,0.9672
seed,3,4,2017-2020,-1,weighted,PI,random_forest,lab,14,4,3,0.75,0.4286,0.5714,1.0,0.75,0,HighBP,,0.8,0.6708,0.7798,0,0.6,0.8333,0.7143,0.9,0.8771,0.8528,0.924
seed,3,5,2017-2020,-1,weighted,PI,random_forest,lab,14,4,4,1.0,0.3333,0.5,1.0,1.0,0,,,0.7969,0.6481,0.7917,0,0.8,0.6667,0.8571,0.8,0.9035,0.8902,0.9446
seed,3,6,2017-2020,-1,weighted,PI,random_forest,lab,14,4,3,0.75,0.1667,0.5556,1.0,0.75,0,BMI,,0.73,0.6361,0.8087,0,0.8,0.6667,0.5714,0.7,0.8654,0.869,0.967
seed,3,7,2017-2020,-1,weighted,PI,random_forest,lab,14,4,4,0.6,0.3333,0.7143,0.75,1.0,1,HighBP,HighChol,0.8969,0.7804,0.8599,0,0.8,0.8333,0.8571,0.9,0.8958,0.8775,0.9318
seed,3,8,2017-2020,-1,weighted,PI,random_forest,lab,14,4,3,0.75,0.2857,0.5,1.0,0.75,0,HighBP,,0.7823,0.6481,0.7632,0,0.6,0.6667,0.8571,0.9,0.8808,0.8546,0.923
seed,3,9,2017-2020,-1,weighted,PI,random_forest,lab,14,4,5,0.8,0.1429,0.375,1.0,0.8,0,,HighChol,0.6451,0.5008,0.7379,0,0.8,0.8333,0.7143,0.7,0.8788,0.874,0.9449
seed,4,5,2017-2020,-1,weighted,PI,random_forest,lab,14,3,4,0.75,0.3333,0.625,1.0,0.75,0,,HighBP,0.8281,0.7053,0.8439,0,0.8,0.8333,0.8571,0.9,0.92,0.9156,0.9728
seed,4,6,2017-2020,-1,weighted,PI,random_forest,lab,14,3,3,0.5,0.1667,0.6667,0.6667,1.0,1,BMI,HighBP,0.7174,0.6289,0.7663,0,0.6,0.6667,0.7143,0.6,0.8167,0.7944,0.9049
seed,4,7,2017-2020,-1,weighted,PI,random_forest,lab,14,3,4,0.75,0.3333,0.625,1.0,0.75,0,,HighChol,0.791,0.7231,0.8416,0,0.8,0.8333,0.8571,0.8,0.919,0.9174,0.9734
seed,4,8,2017-2020,-1,weighted,PI,random_forest,lab,14,3,3,1.0,0.5,0.625,1.0,1.0,0,,,0.9281,0.8353,0.903,0,0.8,0.8333,0.8571,1.0,0.9527,0.951,0.9888
seed,4,9,2017-2020,-1,weighted,PI,random_forest,lab,14,3,5,0.6,0.3333,0.7143,1.0,0.6,0,,"HighBP,HighChol",0.8501,0.7231,0.8506,0,0.8,1.0,0.8571,0.8,0.924,0.9246,0.9758
seed,5,6,2017-2020,-1,weighted,PI,random_forest,lab,14,4,3,0.75,0.0,0.6,1.0,0.75,0,BMI,,0.5994,0.5031,0.7305,0,0.8,0.6667,0.5714,0.6,0.8345,0.8236,0.9252
seed,5,7,2017-2020,-1,weighted,PI,random_forest,lab,14,4,4,0.6,0.2,0.75,0.75,1.0,1,HighBP,HighChol,0.7067,0.5804,0.781,0,0.8,0.8333,0.8571,0.7,0.8995,0.9021,0.9723
seed,5,8,2017-2020,-1,weighted,PI,random_forest,lab,14,4,3,0.75,0.75,1.0,1.0,0.75,0,HighBP,,0.9174,0.8209,0.9082,0,0.8,1.0,1.0,0.9,0.9542,0.9482,0.9777
seed,5,9,2017-2020,-1,weighted,PI,random_forest,lab,14,4,5,0.8,0.2,0.625,1.0,0.8,0,,HighChol,0.7338,0.6159,0.8216,0,0.8,0.8333,0.8571,0.7,0.9194,0.9294,0.9881
seed,6,7,2017-2020,-1,weighted,PI,random_forest,lab,14,3,4,0.4,0.25,0.7778,0.6667,0.75,1,HighBP,"BMI,HighChol",0.7623,0.6742,0.7969,0,0.8,0.6667,0.7143,0.8,0.8408,0.8181,0.9114
seed,6,8,2017-2020,-1,weighted,PI,random_forest,lab,14,3,3,0.5,0.0,0.6,0.6667,1.0,1,HighBP,BMI,0.6553,0.5704,0.7341,0,0.6,0.6667,0.5714,0.6,0.8032,0.7816,0.9033
seed,6,9,2017-2020,-1,weighted,PI,random_forest,lab,14,3,5,0.6,0.25,0.6667,1.0,0.6,0,,"BMI,HighChol",0.7675,0.6742,0.8085,0,0.8,0.6667,0.5714,0.8,0.8668,0.8458,0.9263
seed,7,8,2017-2020,-1,weighted,PI,random_forest,lab,14,4,3,0.75,0.4,0.75,1.0,0.75,0,HighChol,,0.7455,0.6508,0.7901,0,0.6,0.8333,0.8571,0.8,0.8951,0.8921,0.9664
seed,7,9,2017-2020,-1,weighted,PI,random_forest,lab,14,4,5,0.8,0.2,0.625,1.0,0.8,0,,HighBP,0.692,0.5679,0.7915,0,1.0,0.8333,0.7143,0.7,0.9019,0.909,0.9774
seed,8,9,2017-2020,-1,weighted,PI,random_forest,lab,14,3,5,0.6,0.1667,0.625,1.0,0.6,0,,"HighBP,HighChol",0.7773,0.6749,0.8184,0,0.6,0.8333,0.8571,0.8,0.8999,0.8958,0.9666
seed,0,1,2017-2020,-1,weighted,PI,random_forest,total,14,4,4,1.0,0.5,0.5714,1.0,1.0,0,,,0.8743,0.766,0.8871,1,1.0,0.8333,0.8571,0.9,0.9492,0.9565,0.9947
seed,0,2,2017-2020,-1,weighted,PI,random_forest,total,14,4,5,0.8,0.6,0.8333,1.0,0.8,0,,PhysActivity_LTPA,0.8821,0.7775,0.8921,0,0.8,0.8333,0.8571,0.9,0.9411,0.9457,0.9891
seed,0,3,2017-2020,-1,weighted,PI,random_forest,total,14,4,4,1.0,0.8,0.8333,1.0,1.0,0,,,0.8832,0.766,0.861,0,0.8,0.6667,0.8571,0.9,0.91,0.8955,0.9449
seed,0,4,2017-2020,-1,weighted,PI,random_forest,total,14,4,4,1.0,0.3333,0.5,1.0,1.0,0,,,0.8443,0.7317,0.8829,1,1.0,1.0,0.8571,0.8,0.9552,0.9648,0.9972
seed,0,5,2017-2020,-1,weighted,PI,random_forest,total,14,4,5,0.8,0.3333,0.5714,1.0,0.8,0,,HeartDiseaseorAttack,0.8721,0.7203,0.8119,0,1.0,0.8333,0.7143,0.9,0.8744,0.8301,0.8271
seed,0,6,2017-2020,-1,weighted,PI,random_forest,total,14,4,5,0.8,0.3333,0.5714,1.0,0.8,0,,HeartDiseaseorAttack,0.8818,0.7641,0.8697,0,1.0,0.8333,0.8571,0.8,0.9291,0.9201,0.9536
seed,0,7,2017-2020,-1,weighted,PI,random_forest,total,14,4,4,1.0,0.5,0.5714,1.0,1.0,0,,,0.8899,0.766,0.8681,0,0.8,1.0,0.8571,0.9,0.9269,0.9128,0.9495
seed,0,8,2017-2020,-1,weighted,PI,random_forest,total,14,4,3,0.75,0.3333,0.625,1.0,0.75,0,HighBP,,0.8764,0.7811,0.8979,0,0.8,1.0,0.8571,0.8,0.9331,0.943,0.9908
seed,0,9,2017-2020,-1,weighted,PI,random_forest,total,14,4,5,0.8,0.1667,0.5,1.0,0.8,0,,HighChol,0.8165,0.6746,0.7949,0,0.8,1.0,0.8571,0.8,0.8701,0.8257,0.8243
seed,1,2,2017-2020,-1,weighted,PI,random_forest,total,14,4,5,0.8,0.4,0.7143,1.0,0.8,0,,PhysActivity_LTPA,0.8494,0.7294,0.8809,0,0.8,1.0,1.0,0.8,0.9498,0.9577,0.9925
seed,1,3,2017-2020,-1,weighted,PI,random_forest,total,14,4,4,1.0,0.6,0.7143,1.0,1.0,0,,,0.7843,0.6824,0.8224,0,0.8,0.8333,0.8571,0.8,0.916,0.9038,0.9474
seed,1,4,2017-2020,-1,weighted,PI,random_forest,total,14,4,4,1.0,0.75,0.8571,1.0,1.0,0,,,0.8427,0.7765,0.8992,1,1.0,0.8333,0.8571,0.8,0.9503,0.9594,0.9952
seed,1,5,2017-2020,-1,weighted,PI,random_forest,total,14,4,5,0.8,0.75,1.0,1.0,0.8,0,,HeartDiseaseorAttack,0.9292,0.8235,0.869,0,1.0,0.8333,0.8571,0.9,0.894,0.8481,0.8292
seed,1,6,2017-2020,-1,weighted,PI,random_forest,total,14,4,5,0.8,0.4,0.7143,1.0,0.8,0,,HeartDiseaseorAttack,0.817,0.7053,0.8436,0,1.0,0.8333,0.8571,0.8,0.9243,0.9164,0.9534
seed,1,7,2017-2020,-1,weighted,PI,random_forest,total,14,4,4,1.0,1.0,1.0,1.0,1.0,0,,,0.9539,0.8706,0.917,0,0.8,0.8333,1.0,0.9,0.9382,0.9229,0.9493
seed,1,8,2017-2020,-1,weighted,PI,random_forest,total,14,4,3,0.75,0.4,0.75,1.0,0.75,0,HighBP,,0.8757,0.8038,0.9011,0,0.8,0.8333,0.8571,0.8,0.9312,0.9366,0.9883
seed,1,9,2017-2020,-1,weighted,PI,random_forest,total,14,4,5,0.8,0.5,0.8571,1.0,0.8,0,,HighChol,0.936,0.8235,0.8615,0,0.8,0.8333,0.8571,0.9,0.8936,0.8399,0.8233
seed,2,3,2017-2020,-1,weighted,PI,random_forest,total,14,5,4,0.8,0.75,1.0,1.0,0.8,0,PhysActivity_LTPA,,0.8854,0.7529,0.8666,0,0.8,0.8333,0.8571,0.8,0.922,0.909,0.9479
seed,2,4,2017-2020,-1,weighted,PI,random_forest,total,14,5,4,0.8,0.5,0.625,1.0,0.8,0,PhysActivity_LTPA,,0.7371,0.6588,0.8327,0,0.8,0.8333,0.8571,0.8,0.9264,0.9341,0.9883
seed,2,5,2017-2020,-1,weighted,PI,random_forest,total,14,5,5,0.6667,0.2,0.7143,0.8,1.0,1,PhysActivity_LTPA,HeartDiseaseorAttack,0.8393,0.7294,0.8159,0,0.8,0.8333,0.8571,0.9,0.8722,0.8238,0.8223
seed,2,6,2017-2020,-1,weighted,PI,random_forest,total,14,5,5,0.6667,0.2,0.5,0.8,1.0,1,PhysActivity_LTPA,HeartDiseaseorAttack,0.6897,0.5781,0.7751,0,0.8,0.8333,0.8571,0.8,0.8994,0.8914,0.9466
seed,2,7,2017-2020,-1,weighted,PI,random_forest,total,14,5,4,0.8,0.4,0.7143,1.0,0.8,0,PhysActivity_LTPA,,0.8539,0.7059,0.8411,0,0.8,0.8333,1.0,0.8,0.913,0.9041,0.9482
seed,2,8,2017-2020,-1,weighted,PI,random_forest,total,14,5,3,0.6,0.5,0.75,1.0,0.6,0,"HighBP,PhysActivity_LTPA",,0.7855,0.6871,0.8467,0,0.8,0.8333,0.8571,0.7,0.9204,0.9291,0.988
seed,2,9,2017-2020,-1,weighted,PI,random_forest,total,14,5,5,0.6667,0.25,0.625,0.8,1.0,1,PhysActivity_LTPA,HighChol,0.7607,0.5765,0.7531,0,0.8,0.8333,0.8571,0.7,0.8565,0.814,0.822
seed,3,4,2017-2020,-1,weighted,PI,random_forest,total,14,4,4,1.0,0.4,0.625,1.0,1.0,0,,,0.7483,0.6353,0.7988,0,0.8,0.6667,0.7143,0.8,0.8868,0.8767,0.9431
seed,3,5,2017-2020,-1,weighted,PI,random_forest,total,14,4,5,0.8,0.4,0.7143,1.0,0.8,0,,HeartDiseaseorAttack,0.764,0.6353,0.7852,0,0.8,0.6667,0.8571,0.8,0.8834,0.8518,0.8612
seed,3,6,2017-2020,-1,weighted,PI,random_forest,total,14,4,5,0.8,0.1667,0.5,1.0,0.8,0,,HeartDiseaseorAttack,0.6942,0.5897,0.791,0,0.8,0.6667,0.7143,0.8,0.9148,0.919,0.9846
seed,3,7,2017-2020,-1,weighted,PI,random_forest,total,14,4,4,1.0,0.6,0.7143,1.0,1.0,0,,,0.8596,0.7294,0.8509,0,0.8,0.6667,0.8571,0.9,0.937,0.9382,0.9865
seed,3,8,2017-2020,-1,weighted,PI,random_forest,total,14,4,3,0.75,0.4,0.75,1.0,0.75,0,HighBP,,0.795,0.7001,0.8221,0,0.8,0.6667,0.7143,0.8,0.8846,0.8744,0.9429
seed,3,9,2017-2020,-1,weighted,PI,random_forest,total,14,4,5,0.8,0.2,0.625,1.0,0.8,0,,HighChol,0.7562,0.6118,0.7194,0,0.8,0.6667,0.7143,0.9,0.8574,0.808,0.8188
seed,4,5,2017-2020,-1,weighted,PI,random_forest,total,14,4,5,0.8,0.5,0.8571,1.0,0.8,0,,HeartDiseaseorAttack,0.818,0.6824,0.8084,0,1.0,0.8333,0.8571,0.8,0.8735,0.833,0.8284
seed,4,6,2017-2020,-1,weighted,PI,random_forest,total,14,4,5,0.8,0.5,0.8571,1.0,0.8,0,,HeartDiseaseorAttack,0.8906,0.7747,0.8826,0,1.0,0.8333,1.0,0.8,0.9389,0.9287,0.9548
seed,4,7,2017-2020,-1,weighted,PI,random_forest,total,14,4,4,1.0,0.75,0.8571,1.0,1.0,0,,,0.9022,0.8235,0.896,0,0.8,1.0,0.8571,0.9,0.9297,0.9174,0.9501
seed,4,8,2017-2020,-1,weighted,PI,random_forest,total,14,4,3,0.75,0.5,0.875,1.0,0.75,0,HighBP,,0.9232,0.8556,0.9306,0,0.8,1.0,0.8571,0.7,0.9384,0.9475,0.9913
seed,4,9,2017-2020,-1,weighted,PI,random_forest,total,14,4,5,0.8,0.6667,1.0,1.0,0.8,0,,HighChol,0.8787,0.7529,0.841,0,0.8,1.0,1.0,0.8,0.8826,0.8388,0.826
seed,5,6,2017-2020,-1,weighted,PI,random_forest,total,14,5,5,1.0,0.5,0.7143,1.0,1.0,0,,,0.8884,0.8209,0.8919,0,1.0,1.0,0.8571,0.9,0.9248,0.8964,0.873
seed,5,7,2017-2020,-1,weighted,PI,random_forest,total,14,5,4,0.8,0.75,1.0,1.0,0.8,0,HeartDiseaseorAttack,,0.909,0.7765,0.8569,0,0.8,0.8333,0.8571,0.9,0.9078,0.8743,0.8646
seed,5,8,2017-2020,-1,weighted,PI,random_forest,total,14,5,3,0.6,0.2,0.75,1.0,0.6,0,"HeartDiseaseorAttack,HighBP",,0.7665,0.6352,0.777,0,0.8,0.8333,0.7143,0.7,0.8398,0.7993,0.8204
seed,5,9,2017-2020,-1,weighted,PI,random_forest,total,14,5,5,0.6667,0.25,0.8571,0.8,1.0,1,HeartDiseaseorAttack,HighChol,0.8764,0.7294,0.8242,0,0.8,0.8333,0.8571,0.8,0.877,0.829,0.8229
seed,6,7,2017-2020,-1,weighted,PI,random_forest,total,14,5,4,0.8,0.4,0.7143,1.0,0.8,0,HeartDiseaseorAttack,,0.8281,0.7053,0.8588,0,0.8,0.8333,0.8571,0.8,0.9382,0.9427,0.9888
seed,6,8,2017-2020,-1,weighted,PI,random_forest,total,14,5,3,0.6,0.2,0.75,1.0,0.6,0,"HeartDiseaseorAttack,HighBP",,0.8274,0.7135,0.8449,0,0.8,0.8333,0.8571,0.8,0.8994,0.8914,0.9466
seed,6,9,2017-2020,-1,weighted,PI,random_forest,total,14,5,5,0.6667,0.25,0.8571,0.8,1.0,1,HeartDiseaseorAttack,HighChol,0.8304,0.6359,0.7589,0,0.8,0.8333,1.0,0.8,0.8738,0.8275,0.8233
seed,7,8,2017-2020,-1,weighted,PI,random_forest,total,14,4,3,0.75,0.4,0.75,1.0,0.75,0,HighBP,,0.9042,0.8297,0.9072,0,1.0,1.0,0.8571,0.7,0.9153,0.9141,0.9553
seed,7,9,2017-2020,-1,weighted,PI,random_forest,total,14,4,5,0.8,0.5,0.8571,1.0,0.8,0,,HighChol,0.9494,0.8471,0.8603,0,1.0,1.0,0.8571,0.9,0.9086,0.8627,0.832
seed,8,9,2017-2020,-1,weighted,PI,random_forest,total,14,3,5,0.6,0.25,0.875,1.0,0.6,0,,"HighBP,HighChol",0.8947,0.8038,0.8631,0,1.0,1.0,0.8571,0.8,0.8822,0.8412,0.8305
seed,0,1,2017-2020,-1,weighted,PI,xgboost,diag,14,3,4,0.75,0.5,0.5,1.0,0.75,0,,HighBP,0.6586,0.5056,0.7515,0,0.8,0.8333,0.7143,0.8,0.8887,0.882,0.9455
seed,0,2,2017-2020,-1,weighted,PI,xgboost,diag,14,3,4,0.75,0.6667,0.8333,1.0,0.75,0,,HighBP,0.8669,0.7072,0.8567,0,0.8,1.0,0.8571,0.8,0.926,0.9165,0.9504
seed,0,3,2017-2020,-1,weighted,PI,xgboost,diag,14,3,4,0.75,0.6667,0.8333,1.0,0.75,0,,HighBP,0.8458,0.6778,0.8665,1,1.0,0.8333,0.8571,0.8,0.9531,0.9627,0.9957
seed,0,4,2017-2020,-1,weighted,PI,xgboost,diag,14,3,3,1.0,0.6667,0.7143,1.0,1.0,0,,,0.901,0.8118,0.8948,0,0.8,1.0,0.8571,0.9,0.9385,0.9344,0.9761
seed,0,5,2017-2020,-1,weighted,PI,xgboost,diag,14,3,4,0.75,0.5,0.7143,1.0,0.75,0,,HighBP,0.9196,0.7889,0.8718,0,0.8,0.8333,0.8571,0.9,0.9258,0.9117,0.948
seed,0,6,2017-2020,-1,weighted,PI,xgboost,diag,14,3,4,0.75,0.4286,0.5714,1.0,0.75,0,,HighBP,0.7934,0.6405,0.8238,0,0.8,1.0,0.8571,0.7,0.9114,0.9049,0.9496
seed,0,7,2017-2020,-1,weighted,PI,xgboost,diag,14,3,3,1.0,0.6667,0.7143,1.0,1.0,0,,,0.8867,0.7956,0.9031,1,1.0,0.8333,0.8571,0.9,0.9552,0.9618,0.9952
seed,0,8,2017-2020,-1,weighted,PI,xgboost,diag,14,3,3,0.5,0.25,0.5,0.6667,1.0,1,BMI,HighBP,0.7798,0.6403,0.8241,0,1.0,1.0,0.8571,0.8,0.9192,0.9168,0.9554
seed,0,9,2017-2020,-1,weighted,PI,xgboost,diag,14,3,4,0.75,0.5,0.7143,1.0,0.75,0,,HighBP,0.9344,0.8346,0.9218,0,0.8,1.0,0.8571,0.9,0.9569,0.9619,0.9922
seed,1,2,2017-2020,-1,weighted,PI,xgboost,diag,14,4,4,1.0,0.4286,0.4286,1.0,1.0,0,,,0.7881,0.6705,0.849,1,1.0,0.8333,0.8571,0.8,0.9396,0.9492,0.9943
seed,1,3,2017-2020,-1,weighted,PI,xgboost,diag,14,4,4,1.0,0.4286,0.4286,1.0,1.0,0,,,0.7227,0.5955,0.7719,0,0.8,0.6667,0.7143,0.8,0.89,0.8774,0.943
seed,1,4,2017-2020,-1,weighted,PI,xgboost,diag,14,4,3,0.75,0.4286,0.5714,1.0,0.75,0,HighBP,,0.7545,0.6012,0.791,0,1.0,0.8333,0.8571,0.8,0.8943,0.8822,0.9372
seed,1,5,2017-2020,-1,weighted,PI,xgboost,diag,14,4,4,1.0,0.5,0.5714,1.0,1.0,0,,,0.7735,0.6405,0.8388,0,0.8,1.0,0.8571,0.8,0.9315,0.9413,0.9907
seed,1,6,2017-2020,-1,weighted,PI,xgboost,diag,14,4,4,1.0,0.6667,0.6667,1.0,1.0,0,,,0.8537,0.7386,0.8815,1,1.0,0.8333,0.8571,0.9,0.9542,0.9609,0.9952
seed,1,7,2017-2020,-1,weighted,PI,xgboost,diag,14,4,3,0.75,0.4286,0.5714,1.0,0.75,0,HighBP,,0.7748,0.6034,0.7945,0,0.8,0.8333,0.8571,0.8,0.9054,0.8966,0.9471
seed,1,8,2017-2020,-1,weighted,PI,xgboost,diag,14,4,3,0.75,0.4286,0.5714,1.0,0.75,0,BMI,,0.7902,0.6822,0.8423,0,0.8,0.8333,0.8571,0.8,0.9322,0.9375,0.9883
seed,1,9,2017-2020,-1,weighted,PI,xgboost,diag,14,4,4,1.0,0.5,0.5714,1.0,1.0,0,,,0.7322,0.6012,0.805,0,1.0,0.8333,0.8571,0.7,0.9065,0.9028,0.9526
seed,2,3,2017-2020,-1,weighted,PI,xgboost,diag,14,4,4,1.0,1.0,1.0,1.0,1.0,0,,,0.9329,0.7956,0.8753,0,0.8,0.8333,0.8571,0.9,0.9306,0.9142,0.948
seed,2,4,2017-2020,-1,weighted,PI,xgboost,diag,14,4,3,0.75,0.6,0.8571,1.0,0.75,0,HighBP,,0.8045,0.6481,0.8265,0,1.0,1.0,1.0,0.8,0.9177,0.9058,0.9415
seed,2,5,2017-2020,-1,weighted,PI,xgboost,diag,14,4,4,1.0,0.75,0.8571,1.0,1.0,0,,,0.8691,0.7293,0.8809,0,0.8,0.8333,1.0,0.8,0.9508,0.9558,0.9906
seed,2,6,2017-2020,-1,weighted,PI,xgboost,diag,14,4,4,1.0,0.6,0.7143,1.0,1.0,0,,,0.9647,0.894,0.9533,1,1.0,1.0,1.0,0.9,0.9854,0.9883,0.9992
seed,2,7,2017-2020,-1,weighted,PI,xgboost,diag,14,4,3,0.75,0.6,0.8571,1.0,0.75,0,HighBP,,0.833,0.6703,0.8353,0,0.8,0.8333,1.0,0.8,0.913,0.9041,0.9482
seed,2,8,2017-2020,-1,weighted,PI,xgboost,diag,14,4,3,0.75,0.3333,0.625,1.0,0.75,0,BMI,,0.7756,0.6481,0.8431,0,0.8,1.0,0.8571,0.7,0.9324,0.9423,0.9908
seed,2,9,2017-2020,-1,weighted,PI,xgboost,diag,14,4,4,1.0,0.75,0.8571,1.0,1.0,0,,,0.8934,0.7845,0.8991,0,1.0,1.0,1.0,0.8,0.9493,0.9418,0.9578
seed,3,4,2017-2020,-1,weighted,PI,xgboost,diag,14,4,3,0.75,0.6,0.8571,1.0,0.75,0,HighBP,,0.6986,0.5259,0.7719,0,0.8,0.8333,0.8571,0.7,0.9071,0.9091,0.973
seed,3,5,2017-2020,-1,weighted,PI,xgboost,diag,14,4,4,1.0,0.75,0.8571,1.0,1.0,0,,,0.8282,0.6333,0.8147,0,0.8,0.6667,0.8571,0.8,0.9063,0.8947,0.9452
seed,3,6,2017-2020,-1,weighted,PI,xgboost,diag,14,4,4,1.0,0.6,0.7143,1.0,1.0,0,,,0.8729,0.7416,0.85,0,0.8,0.8333,0.8571,0.8,0.9208,0.9062,0.9474
seed,3,7,2017-2020,-1,weighted,PI,xgboost,diag,14,4,3,0.75,0.6,0.8571,1.0,0.75,0,HighBP,,0.8075,0.663,0.8558,1,1.0,0.8333,0.8571,0.8,0.9455,0.9557,0.995
seed,3,8,2017-2020,-1,weighted,PI,xgboost,diag,14,4,3,0.75,0.3333,0.625,1.0,0.75,0,BMI,,0.7509,0.6174,0.8031,0,1.0,0.8333,0.7143,0.8,0.9081,0.9022,0.9518
seed,3,9,2017-2020,-1,weighted,PI,xgboost,diag,14,4,4,1.0,0.75,0.8571,1.0,1.0,0,,,0.9044,0.7775,0.8905,0,0.8,0.8333,0.8571,0.9,0.9528,0.9543,0.9896
seed,4,5,2017-2020,-1,weighted,PI,xgboost,diag,14,3,4,0.75,0.75,1.0,1.0,0.75,0,,HighBP,0.8855,0.766,0.8573,0,0.8,0.8333,1.0,0.8,0.8996,0.8823,0.9328
seed,4,6,2017-2020,-1,weighted,PI,xgboost,diag,14,3,4,0.75,0.6,0.8571,1.0,0.75,0,,HighBP,0.8281,0.6937,0.844,0,1.0,1.0,1.0,0.8,0.9177,0.9058,0.9415
seed,4,7,2017-2020,-1,weighted,PI,xgboost,diag,14,3,3,1.0,1.0,1.0,1.0,1.0,0,,,0.8889,0.7845,0.8839,0,0.8,0.8333,1.0,0.8,0.9266,0.9249,0.9745
seed,4,8,2017-2020,-1,weighted,PI,xgboost,diag,14,3,3,0.5,0.3333,0.75,0.6667,1.0,1,BMI,HighBP,0.8449,0.7059,0.8343,0,0.8,1.0,0.8571,0.8,0.9044,0.8871,0.9343
seed,4,9,2017-2020,-1,weighted,PI,xgboost,diag,14,3,4,0.75,0.75,1.0,1.0,0.75,0,,HighBP,0.8719,0.7765,0.897,0,1.0,1.0,1.0,0.8,0.9447,0.9485,0.9831
seed,5,6,2017-2020,-1,weighted,PI,xgboost,diag,14,4,4,1.0,0.75,0.8571,1.0,1.0,0,,,0.8354,0.6854,0.8557,0,0.8,0.8333,1.0,0.8,0.94,0.9468,0.9899
seed,5,7,2017-2020,-1,weighted,PI,xgboost,diag,14,4,3,0.75,0.75,1.0,1.0,0.75,0,HighBP,,0.9637,0.8619,0.9065,0,0.8,0.8333,1.0,1.0,0.9371,0.92,0.9488
seed,5,8,2017-2020,-1,weighted,PI,xgboost,diag,14,4,3,0.75,0.4,0.75,1.0,0.75,0,BMI,,0.8532,0.7089,0.8525,0,0.8,0.8333,0.8571,0.9,0.9351,0.9405,0.9886
seed,5,9,2017-2020,-1,weighted,PI,xgboost,diag,14,4,4,1.0,1.0,1.0,1.0,1.0,0,,,0.9133,0.8003,0.8897,0,0.8,0.8333,1.0,0.9,0.9276,0.9158,0.949
seed,6,7,2017-2020,-1,weighted,PI,xgboost,diag,14,4,3,0.75,0.6,0.8571,1.0,0.75,0,HighBP,,0.8278,0.6705,0.8328,0,0.8,0.8333,1.0,0.8,0.913,0.9041,0.9482
seed,6,8,2017-2020,-1,weighted,PI,xgboost,diag,14,4,3,0.75,0.3333,0.625,1.0,0.75,0,BMI,,0.8125,0.6937,0.8624,0,0.8,1.0,0.8571,0.8,0.9363,0.945,0.9909
seed,6,9,2017-2020,-1,weighted,PI,xgboost,diag,14,4,4,1.0,0.75,0.8571,1.0,1.0,0,,,0.8326,0.7169,0.8675,0,1.0,1.0,1.0,0.7,0.9347,0.9302,0.957
seed,7,8,2017-2020,-1,weighted,PI,xgboost,diag,14,3,3,0.5,0.3333,0.75,0.6667,1.0,1,BMI,HighBP,0.9245,0.8073,0.8954,0,1.0,0.8333,0.8571,0.9,0.932,0.9232,0.9539
seed,7,9,2017-2020,-1,weighted,PI,xgboost,diag,14,3,4,0.75,0.75,1.0,1.0,0.75,0,,HighBP,0.8845,0.7618,0.8875,0,0.8,0.8333,1.0,0.9,0.9439,0.9495,0.99
seed,8,9,2017-2020,-1,weighted,PI,xgboost,diag,14,3,4,0.75,0.4,0.75,1.0,0.75,0,,BMI,0.8573,0.7294,0.8522,0,0.8,1.0,0.8571,0.9,0.9211,0.9094,0.9494
seed,0,1,2017-2020,-1,weighted,PI,xgboost,lab,14,2,3,0.6667,0.6,0.875,1.0,0.6667,0,,BMI,0.7835,0.6244,0.8102,0,0.8,0.8333,0.8571,0.8,0.9054,0.8966,0.9471
seed,0,2,2017-2020,-1,weighted,PI,xgboost,lab,14,2,3,0.6667,0.4286,0.625,1.0,0.6667,0,,BMI,0.7312,0.6254,0.7589,0,0.6,0.6667,0.8571,0.8,0.877,0.8519,0.9229
seed,0,3,2017-2020,-1,weighted,PI,xgboost,lab,14,2,2,1.0,0.5,0.6667,1.0,1.0,0,,,0.6607,0.5319,0.7446,0,0.8,0.6667,0.7143,0.8,0.8786,0.8692,0.9424
seed,0,4,2017-2020,-1,weighted,PI,xgboost,lab,14,2,3,0.6667,0.5,0.75,1.0,0.6667,0,,BMI,0.8639,0.7516,0.8614,0,1.0,0.8333,0.8571,0.9,0.933,0.9216,0.9535
seed,0,5,2017-2020,-1,weighted,PI,xgboost,lab,14,2,2,1.0,0.5714,0.625,1.0,1.0,0,,,0.6841,0.5544,0.7422,0,0.8,0.6667,0.8571,0.8,0.8793,0.8593,0.9285
seed,0,6,2017-2020,-1,weighted,PI,xgboost,lab,14,2,2,1.0,0.6667,0.75,1.0,1.0,0,,,0.8482,0.7284,0.8356,0,0.8,0.8333,0.8571,0.9,0.9016,0.8808,0.9319
seed,0,7,2017-2020,-1,weighted,PI,xgboost,lab,14,2,3,0.6667,0.25,0.4444,1.0,0.6667,0,,BMI,0.5562,0.4353,0.6936,0,0.8,0.8333,0.7143,0.7,0.8558,0.8447,0.929
seed,0,8,2017-2020,-1,weighted,PI,xgboost,lab,14,2,3,0.6667,0.4286,0.625,1.0,0.6667,0,,BMI,0.7101,0.5882,0.7757,0,0.8,0.8333,0.7143,0.8,0.8945,0.8853,0.9455
seed,0,9,2017-2020,-1,weighted,PI,xgboost,lab,14,2,4,0.5,0.1429,0.5556,1.0,0.5,0,,"BMI,HighBP",0.7167,0.6352,0.8197,0,0.8,0.6667,0.7143,0.8,0.917,0.9201,0.9846
seed,1,2,2017-2020,-1,weighted,PI,xgboost,lab,14,3,3,1.0,0.6,0.75,1.0,1.0,0,,,0.6689,0.514,0.752,0,0.8,0.8333,0.8571,0.7,0.8995,0.9021,0.9723
seed,1,3,2017-2020,-1,weighted,PI,xgboost,lab,14,3,2,0.6667,0.4,0.7778,1.0,0.6667,0,BMI,,0.6896,0.6023,0.8038,0,0.8,0.8333,0.7143,0.8,0.9215,0.928,0.9872
seed,1,4,2017-2020,-1,weighted,PI,xgboost,lab,14,3,3,1.0,0.75,0.875,1.0,1.0,0,,,0.694,0.5341,0.7924,0,0.8,1.0,0.8571,0.7,0.9244,0.9366,0.9905
seed,1,5,2017-2020,-1,weighted,PI,xgboost,lab,14,3,2,0.6667,0.5,0.75,1.0,0.6667,0,BMI,,0.6796,0.5212,0.7333,0,0.8,0.8333,0.8571,0.7,0.8752,0.8608,0.9307
seed,1,6,2017-2020,-1,weighted,PI,xgboost,lab,14,3,2,0.6667,0.6,0.875,1.0,0.6667,0,BMI,,0.8093,0.6364,0.791,0,1.0,1.0,0.8571,0.8,0.9121,0.8975,0.9399
seed,1,7,2017-2020,-1,weighted,PI,xgboost,lab,14,3,3,1.0,0.3333,0.5556,1.0,1.0,0,,,0.5246,0.4394,0.7077,0,0.8,0.8333,0.7143,0.7,0.8936,0.8963,0.9714
seed,1,8,2017-2020,-1,weighted,PI,xgboost,lab,14,3,3,1.0,0.6,0.75,1.0,1.0,0,,,0.6362,0.5319,0.7756,0,0.8,0.8333,0.7143,0.7,0.9118,0.9219,0.987
seed,1,9,2017-2020,-1,weighted,PI,xgboost,lab,14,3,4,0.75,0.2,0.6667,1.0,0.75,0,,HighBP,0.5634,0.4459,0.7135,0,0.8,0.6667,0.7143,0.7,0.8702,0.8646,0.9425
seed,2,3,2017-2020,-1,weighted,PI,xgboost,lab,14,3,2,0.6667,0.2857,0.5556,1.0,0.6667,0,BMI,,0.5629,0.447,0.7035,0,0.6,0.6667,0.7143,0.7,0.8678,0.8657,0.9621
seed,2,4,2017-2020,-1,weighted,PI,xgboost,lab,14,3,3,1.0,0.5,0.625,1.0,1.0,0,,,0.7042,0.5587,0.7599,0,0.6,0.8333,0.8571,0.8,0.9058,0.8998,0.9669
seed,2,5,2017-2020,-1,weighted,PI,xgboost,lab,14,3,2,0.6667,0.5714,0.7143,1.0,0.6667,0,BMI,,0.8384,0.6639,0.7893,0,0.6,0.8333,1.0,0.8,0.8912,0.8684,0.9266
seed,2,6,2017-2020,-1,weighted,PI,xgboost,lab,14,3,2,0.6667,0.6667,0.8571,1.0,0.6667,0,BMI,,0.8543,0.6928,0.8211,0,0.8,0.8333,0.8571,0.8,0.8979,0.88,0.9322
seed,2,7,2017-2020,-1,weighted,PI,xgboost,lab,14,3,3,1.0,0.25,0.3333,1.0,1.0,0,,,0.42,0.3297,0.6158,0,0.6,0.6667,0.7143,0.8,0.8669,0.8647,0.962
seed,2,8,2017-2020,-1,weighted,PI,xgboost,lab,14,3,3,1.0,0.4286,0.5,1.0,1.0,0,,,0.5845,0.4662,0.7023,0,0.6,0.6667,0.7143,0.8,0.8776,0.8737,0.9627
seed,2,9,2017-2020,-1,weighted,PI,xgboost,lab,14,3,4,0.75,0.1429,0.4444,1.0,0.75,0,,HighBP,0.5609,0.4511,0.6736,0,0.6,0.5,0.7143,0.7,0.831,0.8109,0.9176
seed,3,4,2017-2020,-1,weighted,PI,xgboost,lab,14,2,3,0.6667,0.6,0.875,1.0,0.6667,0,,BMI,0.7783,0.6477,0.8279,0,0.8,0.8333,0.8571,0.8,0.929,0.9355,0.9883
seed,3,5,2017-2020,-1,weighted,PI,xgboost,lab,14,2,2,1.0,0.6667,0.75,1.0,1.0,0,,,0.6886,0.5567,0.7257,0,0.6,0.6667,0.7143,0.7,0.8468,0.8283,0.9209
seed,3,6,2017-2020,-1,weighted,PI,xgboost,lab,14,2,2,1.0,0.5,0.6667,1.0,1.0,0,,,0.5876,0.4205,0.6735,0,0.8,0.8333,0.7143,0.7,0.8616,0.8481,0.9291
seed,3,7,2017-2020,-1,weighted,PI,xgboost,lab,14,2,3,0.6667,0.2857,0.5556,1.0,0.6667,0,,BMI,0.8058,0.6706,0.8377,0,1.0,0.8333,0.8571,0.8,0.9321,0.9338,0.9796
seed,3,8,2017-2020,-1,weighted,PI,xgboost,lab,14,2,3,0.6667,0.5,0.75,1.0,0.6667,0,,BMI,0.9286,0.8209,0.9147,1,1.0,0.8333,0.8571,0.9,0.9669,0.9703,0.9956
seed,3,9,2017-2020,-1,weighted,PI,xgboost,lab,14,2,4,0.5,0.1667,0.6667,1.0,0.5,0,,"BMI,HighBP",0.8651,0.7645,0.8665,0,0.8,0.8333,0.8571,0.8,0.8994,0.8914,0.9466
seed,4,5,2017-2020,-1,weighted,PI,xgboost,lab,14,3,2,0.6667,0.6667,0.8571,1.0,0.6667,0,BMI,,0.7925,0.6751,0.7865,0,0.8,0.8333,0.8571,0.9,0.9038,0.8819,0.9319
seed,4,6,2017-2020,-1,weighted,PI,xgboost,lab,14,3,2,0.6667,0.5,0.75,1.0,0.6667,0,BMI,,0.7916,0.625,0.7842,0,0.8,1.0,0.8571,0.8,0.8996,0.8834,0.9341
seed,4,7,2017-2020,-1,weighted,PI,xgboost,lab,14,3,3,1.0,0.5,0.625,1.0,1.0,0,,,0.7277,0.6012,0.8007,0,0.8,0.8333,0.8571,0.8,0.9034,0.9047,0.9724
seed,4,8,2017-2020,-1,weighted,PI,xgboost,lab,14,3,3,1.0,0.8,0.8571,1.0,1.0,0,,,0.8817,0.7747,0.8898,0,0.8,0.8333,0.8571,0.9,0.9421,0.9454,0.9889
seed,4,9,2017-2020,-1,weighted,PI,xgboost,lab,14,3,4,0.75,0.4,0.75,1.0,0.75,0,,HighBP,0.8086,0.688,0.8218,0,0.8,0.6667,0.8571,0.8,0.8975,0.8849,0.9441
seed,5,6,2017-2020,-1,weighted,PI,xgboost,lab,14,2,2,1.0,0.5714,0.625,1.0,1.0,0,,,0.8782,0.7699,0.89,0,0.8,0.8333,0.8571,0.9,0.9469,0.9491,0.9892
seed,5,7,2017-2020,-1,weighted,PI,xgboost,lab,14,2,3,0.6667,0.375,0.5,1.0,0.6667,0,,BMI,0.5046,0.4098,0.6232,0,0.6,0.6667,0.7143,0.7,0.8206,0.797,0.905
seed,5,8,2017-2020,-1,weighted,PI,xgboost,lab,14,2,3,0.6667,0.5714,0.7143,1.0,0.6667,0,,BMI,0.7069,0.5785,0.723,0,0.6,0.6667,0.7143,0.8,0.8566,0.8362,0.9215
seed,5,9,2017-2020,-1,weighted,PI,xgboost,lab,14,2,4,0.5,0.2857,0.625,1.0,0.5,0,,"BMI,HighBP",0.6073,0.5312,0.705,0,0.6,0.5,0.7143,0.8,0.844,0.8208,0.9183
seed,6,7,2017-2020,-1,weighted,PI,xgboost,lab,14,2,3,0.6667,0.25,0.4444,1.0,0.6667,0,,BMI,0.3638,0.2775,0.5752,0,0.8,0.8333,0.7143,0.6,0.8289,0.8127,0.9131
seed,6,8,2017-2020,-1,weighted,PI,xgboost,lab,14,2,3,0.6667,0.4286,0.625,1.0,0.6667,0,,BMI,0.596,0.4625,0.6884,0,0.8,0.8333,0.7143,0.7,0.8676,0.8533,0.9296
seed,6,9,2017-2020,-1,weighted,PI,xgboost,lab,14,2,4,0.5,0.1429,0.5556,1.0,0.5,0,,"BMI,HighBP",0.4974,0.4205,0.677,0,0.8,0.6667,0.7143,0.8,0.853,0.8384,0.9266
seed,7,8,2017-2020,-1,weighted,PI,xgboost,lab,14,3,3,1.0,0.6667,0.7143,1.0,1.0,0,,,0.9202,0.8471,0.9241,0,1.0,1.0,1.0,0.9,0.9592,0.9583,0.9835
seed,7,9,2017-2020,-1,weighted,PI,xgboost,lab,14,3,4,0.75,0.6,0.8571,1.0,0.75,0,,HighBP,0.9137,0.8038,0.8758,0,0.8,0.8333,1.0,0.7,0.8935,0.8773,0.9325
seed,8,9,2017-2020,-1,weighted,PI,xgboost,lab,14,3,4,0.75,0.6,0.8571,1.0,0.75,0,,HighBP,0.9279,0.8297,0.8996,0,0.8,0.8333,1.0,0.7,0.9091,0.9014,0.9481
seed,0,1,2017-2020,-1,weighted,PI,xgboost,total,14,3,4,0.75,0.0,0.5,1.0,0.75,0,,HighBP,0.7042,0.5811,0.7825,0,0.8,0.6667,0.5714,0.8,0.904,0.9096,0.9835
seed,0,2,2017-2020,-1,weighted,PI,xgboost,total,14,3,4,0.75,0.4286,0.5714,1.0,0.75,0,,HighBP,0.7558,0.6405,0.8265,0,0.8,0.8333,0.8571,0.8,0.929,0.9355,0.9883
seed,0,3,2017-2020,-1,weighted,PI,xgboost,total,14,3,4,0.75,0.4,0.75,1.0,0.75,0,,HighBP,0.9234,0.841,0.9203,1,1.0,0.8333,0.8571,0.9,0.96,0.9655,0.9954
seed,0,4,2017-2020,-1,weighted,PI,xgboost,total,14,3,4,0.75,0.3333,0.625,1.0,0.75,0,,HighBP,0.9525,0.8765,0.9309,0,0.8,0.8333,0.8571,1.0,0.9577,0.9566,0.9895
seed,0,5,2017-2020,-1,weighted,PI,xgboost,total,14,3,4,0.75,0.1429,0.4444,1.0,0.75,0,,HighBP,0.766,0.6258,0.7901,0,0.8,0.6667,0.7143,0.9,0.8964,0.8828,0.9433
seed,0,6,2017-2020,-1,weighted,PI,xgboost,total,14,3,4,0.75,0.3333,0.625,1.0,0.75,0,,HighBP,0.7646,0.663,0.8325,0,0.8,0.6667,0.8571,0.8,0.9252,0.9298,0.9862
seed,0,7,2017-2020,-1,weighted,PI,xgboost,total,14,3,4,0.75,0.5,0.7143,1.0,0.75,0,,HighBP,0.9702,0.9102,0.9664,1,1.0,1.0,1.0,1.0,0.9846,0.9904,0.9997
seed,0,8,2017-2020,-1,weighted,PI,xgboost,total,14,3,4,0.75,0.3333,0.625,1.0,0.75,0,,HighBP,0.7073,0.6023,0.801,0,0.8,0.8333,0.7143,0.8,0.9215,0.928,0.9872
seed,0,9,2017-2020,-1,weighted,PI,xgboost,total,14,3,4,0.75,0.3333,0.625,1.0,0.75,0,,HighBP,0.8846,0.7826,0.8634,0,1.0,0.8333,0.7143,0.8,0.8977,0.8719,0.8691
seed,1,2,2017-2020,-1,weighted,PI,xgboost,total,14,4,4,1.0,0.1429,0.3333,1.0,1.0,0,,,0.7173,0.5746,0.7651,0,0.8,0.6667,0.7143,0.8,0.9066,0.9115,0.9839
seed,1,3,2017-2020,-1,weighted,PI,xgboost,total,14,4,4,1.0,0.0,0.5,1.0,1.0,0,,,0.6631,0.5707,0.7821,0,0.8,0.6667,0.7143,0.8,0.9068,0.9134,0.9844
seed,1,4,2017-2020,-1,weighted,PI,xgboost,total,14,4,4,1.0,0.2,0.5556,1.0,1.0,0,,,0.7085,0.5746,0.786,0,0.8,0.6667,0.7143,0.8,0.9118,0.9189,0.985
seed,1,5,2017-2020,-1,weighted,PI,xgboost,total,14,4,4,1.0,0.2,0.5556,1.0,1.0,0,,,0.7714,0.6264,0.7842,0,0.8,0.6667,0.7143,0.8,0.8904,0.8778,0.943
seed,1,6,2017-2020,-1,weighted,PI,xgboost,total,14,4,4,1.0,0.5,0.75,1.0,1.0,0,,,0.8493,0.7293,0.8505,0,0.8,0.8333,0.7143,0.8,0.9332,0.9366,0.9877
seed,1,7,2017-2020,-1,weighted,PI,xgboost,total,14,4,4,1.0,0.1667,0.4444,1.0,1.0,0,,,0.6293,0.5083,0.7535,0,0.8,0.6667,0.5714,0.8,0.8966,0.9044,0.9832
seed,1,8,2017-2020,-1,weighted,PI,xgboost,total,14,4,4,1.0,0.0,0.4,1.0,1.0,0,,,0.6865,0.5587,0.7596,0,0.8,0.6667,0.7143,0.8,0.9116,0.9171,0.9846
seed,1,9,2017-2020,-1,weighted,PI,xgboost,total,14,4,4,1.0,0.2,0.5556,1.0,1.0,0,,,0.8601,0.7455,0.8416,0,0.8,0.8333,0.8571,1.0,0.9057,0.8718,0.8643
seed,2,3,2017-2020,-1,weighted,PI,xgboost,total,14,4,4,1.0,0.5,0.5714,1.0,1.0,0,,,0.7561,0.609,0.7996,0,0.8,0.6667,0.7143,0.8,0.9116,0.9171,0.9846
seed,2,4,2017-2020,-1,weighted,PI,xgboost,total,14,4,4,1.0,0.4286,0.4286,1.0,1.0,0,,,0.6894,0.5444,0.7822,0,0.8,0.8333,0.7143,0.8,0.9129,0.9213,0.9867
seed,2,5,2017-2020,-1,weighted,PI,xgboost,total,14,4,4,1.0,0.4286,0.4286,1.0,1.0,0,,,0.8317,0.7072,0.8276,0,0.8,0.8333,0.7143,0.9,0.9063,0.8925,0.9457
seed,2,6,2017-2020,-1,weighted,PI,xgboost,total,14,4,4,1.0,0.4286,0.4286,1.0,1.0,0,,,0.8899,0.8,0.8893,0,0.8,0.8333,0.8571,0.9,0.944,0.9446,0.9885
seed,2,7,2017-2020,-1,weighted,PI,xgboost,total,14,4,4,1.0,0.375,0.2857,1.0,1.0,0,,,0.7511,0.6111,0.814,0,0.8,0.8333,0.8571,0.8,0.9248,0.9323,0.9881
seed,2,8,2017-2020,-1,weighted,PI,xgboost,total,14,4,4,1.0,0.6667,0.6667,1.0,1.0,0,,,0.8376,0.663,0.8158,0,0.8,0.6667,0.5714,1.0,0.9197,0.9206,0.9839
seed,2,9,2017-2020,-1,weighted,PI,xgboost,total,14,4,4,1.0,0.4286,0.4286,1.0,1.0,0,,,0.6733,0.532,0.7242,0,0.8,0.6667,0.5714,0.8,0.8552,0.8254,0.858
seed,3,4,2017-2020,-1,weighted,PI,xgboost,total,14,4,4,1.0,0.75,0.8571,1.0,1.0,0,,,0.9068,0.8316,0.9124,0,0.8,0.8333,0.8571,0.9,0.9411,0.9457,0.9891
seed,3,5,2017-2020,-1,weighted,PI,xgboost,total,14,4,4,1.0,0.4,0.625,1.0,1.0,0,,,0.735,0.594,0.78,0,0.8,0.6667,0.7143,0.8,0.8846,0.8744,0.9429
seed,3,6,2017-2020,-1,weighted,PI,xgboost,total,14,4,4,1.0,0.4,0.625,1.0,1.0,0,,,0.7291,0.609,0.8101,0,0.8,0.6667,0.8571,0.7,0.9105,0.9182,0.9854
seed,3,7,2017-2020,-1,weighted,PI,xgboost,total,14,4,4,1.0,0.3333,0.5,1.0,1.0,0,,,0.9068,0.8081,0.9055,1,1.0,0.8333,0.8571,0.9,0.9542,0.9621,0.9953
seed,3,8,2017-2020,-1,weighted,PI,xgboost,total,14,4,4,1.0,0.75,0.8571,1.0,1.0,0,,,0.8376,0.7936,0.8921,0,0.8,0.8333,0.8571,0.8,0.943,0.9452,0.9889
seed,3,9,2017-2020,-1,weighted,PI,xgboost,total,14,4,4,1.0,0.75,0.8571,1.0,1.0,0,,,0.861,0.7902,0.8733,0,1.0,0.8333,0.8571,0.8,0.9005,0.8757,0.87
seed,4,5,2017-2020,-1,weighted,PI,xgboost,total,14,4,4,1.0,0.6,0.7143,1.0,1.0,0,,,0.7987,0.663,0.8274,0,1.0,0.8333,0.8571,0.9,0.9272,0.9194,0.9537
seed,4,6,2017-2020,-1,weighted,PI,xgboost,total,14,4,4,1.0,0.6,0.7143,1.0,1.0,0,,,0.7643,0.6556,0.849,1,1.0,0.8333,0.8571,0.8,0.9455,0.9557,0.995
seed,4,7,2017-2020,-1,weighted,PI,xgboost,total,14,4,4,1.0,0.5,0.5714,1.0,1.0,0,,,0.935,0.8333,0.9136,0,0.8,0.8333,0.8571,1.0,0.9507,0.9518,0.9893
seed,4,8,2017-2020,-1,weighted,PI,xgboost,total,14,4,4,1.0,0.6,0.7143,1.0,1.0,0,,,0.6785,0.5731,0.7864,0,0.8,0.8333,0.7143,0.8,0.9248,0.9318,0.9877
seed,4,9,2017-2020,-1,weighted,PI,xgboost,total,14,4,4,1.0,1.0,1.0,1.0,1.0,0,,,0.9298,0.8222,0.8818,0,0.8,0.8333,0.8571,0.8,0.8982,0.8683,0.8645
seed,5,6,2017-2020,-1,weighted,PI,xgboost,total,14,4,4,1.0,0.3333,0.5,1.0,1.0,0,,,0.8625,0.7293,0.8432,0,1.0,0.8333,0.7143,0.9,0.9242,0.9126,0.9522
seed,5,7,2017-2020,-1,weighted,PI,xgboost,total,14,4,4,1.0,0.2857,0.375,1.0,1.0,0,,,0.7745,0.5967,0.7802,0,0.8,0.6667,0.7143,0.9,0.889,0.8776,0.943
seed,5,8,2017-2020,-1,weighted,PI,xgboost,total,14,4,4,1.0,0.6,0.7143,1.0,1.0,0,,,0.8234,0.6705,0.8214,0,0.8,0.8333,0.7143,0.9,0.9091,0.897,0.9463
seed,5,9,2017-2020,-1,weighted,PI,xgboost,total,14,4,4,1.0,0.6,0.7143,1.0,1.0,0,,,0.8304,0.6734,0.7777,0,0.8,0.6667,0.7143,0.8,0.8525,0.8044,0.8186
seed,6,7,2017-2020,-1,weighted,PI,xgboost,total,14,4,4,1.0,0.5,0.5714,1.0,1.0,0,,,0.7577,0.6333,0.8199,0,0.8,0.6667,0.8571,0.8,0.9257,0.9303,0.9862
seed,6,8,2017-2020,-1,weighted,PI,xgboost,total,14,4,4,1.0,0.3333,0.5,1.0,1.0,0,,,0.8155,0.6854,0.8336,0,0.8,0.6667,0.7143,0.9,0.9234,0.9255,0.9849
seed,6,9,2017-2020,-1,weighted,PI,xgboost,total,14,4,4,1.0,0.6,0.7143,1.0,1.0,0,,,0.813,0.7013,0.818,0,0.8,0.6667,0.7143,0.8,0.8795,0.8471,0.8603
seed,7,8,2017-2020,-1,weighted,PI,xgboost,total,14,4,4,1.0,0.2857,0.375,1.0,1.0,0,,,0.7492,0.618,0.8071,0,0.8,0.8333,0.7143,0.8,0.9172,0.9248,0.987
seed,7,9,2017-2020,-1,weighted,PI,xgboost,total,14,4,4,1.0,0.5,0.5714,1.0,1.0,0,,,0.8611,0.7497,0.8492,0,1.0,0.8333,0.7143,0.8,0.8898,0.8663,0.8689
seed,8,9,2017-2020,-1,weighted,PI,xgboost,total,14,4,4,1.0,0.6,0.7143,1.0,1.0,0,,,0.7536,0.6603,0.8022,0,0.8,0.8333,0.8571,0.8,0.889,0.8611,0.8639
seed,0,1,2017-2020,-1,weighted,SHAP,logistic_regression,diag,14,5,5,1.0,0.6,0.6667,1.0,1.0,0,,,0.956,0.8681,0.9396,1,1.0,0.8333,0.8571,1.0,0.9698,0.9734,0.996
seed,0,2,2017-2020,-1,weighted,SHAP,logistic_regression,diag,14,5,5,1.0,0.8,0.8,1.0,1.0,0,,,0.9824,0.9341,0.9715,1,1.0,1.0,0.8571,1.0,0.9866,0.9891,0.9988
seed,0,3,2017-2020,-1,weighted,SHAP,logistic_regression,diag,14,5,5,1.0,0.6,0.6667,1.0,1.0,0,,,0.9604,0.8901,0.9571,1,1.0,1.0,1.0,0.9,0.9856,0.9902,0.9996
seed,0,4,2017-2020,-1,weighted,SHAP,logistic_regression,diag,14,5,5,1.0,0.3333,0.4286,1.0,1.0,0,,,0.8637,0.6923,0.8415,0,1.0,0.8333,0.8571,0.9,0.9256,0.9177,0.9535
seed,0,5,2017-2020,-1,weighted,SHAP,logistic_regression,diag,14,5,5,1.0,0.8,0.8,1.0,1.0,0,,,0.9209,0.7802,0.9039,1,1.0,0.8333,0.8571,0.9,0.9681,0.973,0.9961
seed,0,6,2017-2020,-1,weighted,SHAP,logistic_regression,diag,14,5,4,0.8,0.5,0.6667,1.0,0.8,0,Sex,,0.9648,0.8901,0.9502,1,1.0,1.0,0.8571,1.0,0.9759,0.9802,0.9981
seed,0,7,2017-2020,-1,weighted,SHAP,logistic_regression,diag,14,5,5,1.0,0.3333,0.4286,1.0,1.0,0,,,0.833,0.7143,0.8802,1,1.0,1.0,0.8571,0.8,0.9554,0.9666,0.9976
seed,0,8,2017-2020,-1,weighted,SHAP,logistic_regression,diag,14,5,5,1.0,0.4286,0.3333,1.0,1.0,0,,,0.8637,0.7363,0.8786,1,1.0,0.8333,0.8571,0.9,0.9574,0.9641,0.9954
seed,0,9,2017-2020,-1,weighted,SHAP,logistic_regression,diag,14,5,5,1.0,0.6,0.6667,1.0,1.0,0,,,0.9429,0.8462,0.928,1,1.0,1.0,0.8571,0.9,0.9756,0.9798,0.9981
seed,1,2,2017-2020,-1,weighted,SHAP,logistic_regression,diag,14,5,5,1.0,0.8,0.8,1.0,1.0,0,,,0.9692,0.8901,0.9525,1,1.0,0.8333,1.0,1.0,0.9774,0.9809,0.9971
seed,1,3,2017-2020,-1,weighted,SHAP,logistic_regression,diag,14,5,5,1.0,1.0,1.0,1.0,1.0,0,,,0.9692,0.8901,0.9482,1,1.0,0.8333,0.8571,0.9,0.9733,0.9759,0.9961
seed,1,4,2017-2020,-1,weighted,SHAP,logistic_regression,diag,14,5,5,1.0,0.6,0.6667,1.0,1.0,0,,,0.8462,0.6923,0.8547,0,1.0,1.0,0.8571,0.9,0.937,0.9304,0.9563
seed,1,5,2017-2020,-1,weighted,SHAP,logistic_regression,diag,14,5,5,1.0,0.5,0.5,1.0,1.0,0,,,0.956,0.8681,0.9444,1,1.0,1.0,0.8571,0.9,0.978,0.9827,0.9985
seed,1,6,2017-2020,-1,weighted,SHAP,logistic_regression,diag,14,5,4,0.8,0.8,1.0,1.0,0.8,0,Sex,,0.9868,0.9341,0.9672,1,1.0,0.8333,1.0,1.0,0.982,0.9828,0.9969
seed,1,7,2017-2020,-1,weighted,SHAP,logistic_regression,diag,14,5,5,1.0,0.6,0.6667,1.0,1.0,0,,,0.9077,0.8022,0.9122,1,1.0,0.8333,1.0,0.8,0.9627,0.9694,0.9964
seed,1,8,2017-2020,-1,weighted,SHAP,logistic_regression,diag,14,5,5,1.0,0.6667,0.6,1.0,1.0,0,,,0.8901,0.7802,0.91,1,1.0,1.0,0.8571,0.9,0.964,0.973,0.9979
seed,1,9,2017-2020,-1,weighted,SHAP,logistic_regression,diag,14,5,5,1.0,0.6,0.6667,1.0,1.0,0,,,0.8637,0.8022,0.9096,1,1.0,0.8333,0.8571,0.9,0.96,0.9655,0.9954
seed,2,3,2017-2020,-1,weighted,SHAP,logistic_regression,diag,14,5,5,1.0,0.8,0.8,1.0,1.0,0,,,0.978,0.9121,0.9607,1,1.0,1.0,0.8571,0.9,0.9811,0.9847,0.9985
seed,2,4,2017-2020,-1,weighted,SHAP,logistic_regression,diag,14,5,5,1.0,0.5,0.5,1.0,1.0,0,,,0.8593,0.7143,0.8536,0,1.0,0.8333,0.8571,0.9,0.925,0.9171,0.9535
seed,2,5,2017-2020,-1,weighted,SHAP,logistic_regression,diag,14,5,5,1.0,0.6667,0.6,1.0,1.0,0,,,0.9385,0.8462,0.9331,1,1.0,0.8333,0.8571,0.9,0.9707,0.9745,0.9961
seed,2,6,2017-2020,-1,weighted,SHAP,logistic_regression,diag,14,5,4,0.8,0.6667,0.8,1.0,0.8,0,Sex,,0.9736,0.9121,0.9629,1,1.0,1.0,1.0,1.0,0.9835,0.9876,0.9992
seed,2,7,2017-2020,-1,weighted,SHAP,logistic_regression,diag,14,5,5,1.0,0.5,0.5,1.0,1.0,0,,,0.8945,0.7802,0.9101,1,1.0,1.0,1.0,0.8,0.9687,0.9775,0.9988
seed,2,8,2017-2020,-1,weighted,SHAP,logistic_regression,diag,14,5,5,1.0,0.5714,0.4,1.0,1.0,0,,,0.9077,0.8022,0.9091,1,1.0,0.8333,0.8571,0.9,0.96,0.9655,0.9954
seed,2,9,2017-2020,-1,weighted,SHAP,logistic_regression,diag,14,5,5,1.0,0.5,0.5,1.0,1.0,0,,,0.9077,0.8242,0.9235,1,1.0,1.0,0.8571,0.9,0.9698,0.9764,0.998
seed,3,4,2017-2020,-1,weighted,SHAP,logistic_regression,diag,14,5,5,1.0,0.6,0.6667,1.0,1.0,0,,,0.8505,0.7143,0.85,0,1.0,0.8333,0.8571,0.9,0.9272,0.9194,0.9537
seed,3,5,2017-2020,-1,weighted,SHAP,logistic_regression,diag,14,5,5,1.0,0.5,0.5,1.0,1.0,0,,,0.9165,0.8022,0.9076,1,1.0,0.8333,0.8571,0.8,0.9621,0.968,0.9958
seed,3,6,2017-2020,-1,weighted,SHAP,logistic_regression,diag,14,5,4,0.8,0.8,1.0,1.0,0.8,0,Sex,,0.9736,0.9121,0.9587,1,1.0,1.0,0.8571,0.9,0.9794,0.9826,0.9983
seed,3,7,2017-2020,-1,weighted,SHAP,logistic_regression,diag,14,5,5,1.0,0.6,0.6667,1.0,1.0,0,,,0.8989,0.8242,0.9242,1,1.0,1.0,0.8571,0.9,0.9698,0.9764,0.998
seed,3,8,2017-2020,-1,weighted,SHAP,logistic_regression,diag,14,5,5,1.0,0.6667,0.6,1.0,1.0,0,,,0.9253,0.8022,0.9068,1,1.0,0.8333,0.8571,1.0,0.9612,0.9667,0.9955
seed,3,9,2017-2020,-1,weighted,SHAP,logistic_regression,diag,14,5,5,1.0,0.6,0.6667,1.0,1.0,0,,,0.8725,0.7802,0.9037,1,1.0,1.0,0.8571,0.9,0.9698,0.9764,0.998
seed,4,5,2017-2020,-1,weighted,SHAP,logistic_regression,diag,14,5,5,1.0,0.2857,0.2857,1.0,1.0,0,,,0.8593,0.7363,0.872,0,1.0,1.0,1.0,0.8,0.9417,0.9348,0.9571
seed,4,6,2017-2020,-1,weighted,SHAP,logistic_regression,diag,14,5,4,0.8,0.5,0.6667,1.0,0.8,0,Sex,,0.833,0.6703,0.8358,0,1.0,0.8333,0.8571,0.9,0.9212,0.9142,0.9532
seed,4,7,2017-2020,-1,weighted,SHAP,logistic_regression,diag,14,5,5,1.0,0.3333,0.4286,1.0,1.0,0,,,0.789,0.6703,0.8296,0,1.0,0.8333,0.8571,0.8,0.9152,0.9092,0.9529
seed,4,8,2017-2020,-1,weighted,SHAP,logistic_regression,diag,14,5,5,1.0,0.6667,0.6,1.0,1.0,0,,,0.9341,0.8242,0.9033,0,1.0,1.0,1.0,0.9,0.9504,0.94,0.9573
seed,4,9,2017-2020,-1,weighted,SHAP,logistic_regression,diag,14,5,5,1.0,0.6,0.6667,1.0,1.0,0,,,0.9033,0.7582,0.8668,0,1.0,0.8333,0.7143,1.0,0.9266,0.9166,0.9527
seed,5,6,2017-2020,-1,weighted,SHAP,logistic_regression,diag,14,5,4,0.8,0.4286,0.5,1.0,0.8,0,Sex,,0.9121,0.8022,0.911,1,1.0,0.8333,0.8571,0.9,0.96,0.9655,0.9954
seed,5,7,2017-2020,-1,weighted,SHAP,logistic_regression,diag,14,5,5,1.0,0.2857,0.2857,1.0,1.0,0,,,0.8857,0.7582,0.885,1,1.0,0.8333,0.8571,0.8,0.9561,0.9616,0.9951
seed,5,8,2017-2020,-1,weighted,SHAP,logistic_regression,diag,14,5,5,1.0,0.375,0.1667,1.0,1.0,0,,,0.8945,0.7802,0.911,1,1.0,1.0,1.0,0.8,0.9704,0.9793,0.999
seed,5,9,2017-2020,-1,weighted,SHAP,logistic_regression,diag,14,5,5,1.0,0.5,0.5,1.0,1.0,0,,,0.8242,0.7143,0.8705,1,1.0,0.8333,0.7143,0.8,0.9459,0.9539,0.9942
seed,6,7,2017-2020,-1,weighted,SHAP,logistic_regression,diag,14,4,5,0.8,0.5,0.6667,1.0,0.8,0,,Sex,0.9121,0.8242,0.9312,1,1.0,1.0,1.0,0.8,0.9763,0.9845,0.9995
seed,6,8,2017-2020,-1,weighted,SHAP,logistic_regression,diag,14,4,5,0.8,0.5714,0.6,1.0,0.8,0,,Sex,0.8681,0.7582,0.8912,1,1.0,0.8333,0.8571,0.9,0.9482,0.9569,0.9948
seed,6,9,2017-2020,-1,weighted,SHAP,logistic_regression,diag,14,4,5,0.8,0.5,0.6667,1.0,0.8,0,,Sex,0.8945,0.8242,0.9218,1,1.0,1.0,0.8571,0.9,0.9698,0.9764,0.998
seed,7,8,2017-2020,-1,weighted,SHAP,logistic_regression,diag,14,5,5,1.0,0.6667,0.6,1.0,1.0,0,,,0.8725,0.7582,0.8872,1,1.0,0.8333,0.8571,0.9,0.9508,0.9583,0.9949
seed,7,9,2017-2020,-1,weighted,SHAP,logistic_regression,diag,14,5,5,1.0,0.3333,0.4286,1.0,1.0,0,,,0.7846,0.6484,0.8534,1,1.0,1.0,0.8571,0.8,0.9554,0.9666,0.9976
seed,8,9,2017-2020,-1,weighted,SHAP,logistic_regression,diag,14,5,5,1.0,0.6667,0.6,1.0,1.0,0,,,0.8286,0.7143,0.8684,1,1.0,0.8333,0.7143,0.9,0.9438,0.9513,0.9938
seed,0,1,2017-2020,-1,weighted,SHAP,logistic_regression,lab,14,5,4,0.8,0.6,0.8333,1.0,0.8,0,HighBP,,0.9209,0.8242,0.9177,0,0.8,1.0,1.0,0.9,0.9665,0.9686,0.9929
seed,0,2,2017-2020,-1,weighted,SHAP,logistic_regression,lab,14,5,4,0.8,0.5,0.6667,1.0,0.8,0,HighBP,,0.956,0.9121,0.9611,1,1.0,1.0,1.0,0.9,0.9822,0.9864,0.9992
seed,0,3,2017-2020,-1,weighted,SHAP,logistic_regression,lab,14,5,4,0.8,0.5,0.8571,1.0,0.8,0,HighBP,,0.8593,0.7582,0.901,1,1.0,1.0,1.0,0.8,0.9656,0.9755,0.9988
seed,0,4,2017-2020,-1,weighted,SHAP,logistic_regression,lab,14,5,5,1.0,0.6,0.6667,1.0,1.0,0,,,0.9516,0.8462,0.9355,1,1.0,0.8333,1.0,0.9,0.9773,0.9811,0.9972
seed,0,5,2017-2020,-1,weighted,SHAP,logistic_regression,lab,14,5,5,1.0,0.4,0.5714,1.0,1.0,0,,,0.9209,0.8242,0.9159,1,1.0,1.0,0.8571,0.9,0.9698,0.9752,0.9978
seed,0,6,2017-2020,-1,weighted,SHAP,logistic_regression,lab,14,5,5,0.6667,0.1667,0.5714,0.8,1.0,1,HighBP,HighChol,0.9516,0.8462,0.9221,0,0.8,1.0,0.8571,1.0,0.9572,0.9589,0.9914
seed,0,7,2017-2020,-1,weighted,SHAP,logistic_regression,lab,14,5,4,0.8,0.75,1.0,1.0,0.8,0,HighBP,,0.9692,0.9121,0.9664,1,1.0,1.0,1.0,0.9,0.9903,0.9939,0.9998
seed,0,8,2017-2020,-1,weighted,SHAP,logistic_regression,lab,14,5,4,0.8,0.6,0.8333,1.0,0.8,0,HighBP,,0.956,0.8681,0.9412,1,1.0,0.8333,1.0,1.0,0.9714,0.9757,0.9966
seed,0,9,2017-2020,-1,weighted,SHAP,logistic_regression,lab,14,5,5,1.0,0.5,0.7143,1.0,1.0,0,,,0.9385,0.8462,0.9279,1,1.0,0.8333,1.0,0.9,0.9676,0.9717,0.9963
seed,1,2,2017-2020,-1,weighted,SHAP,logistic_regression,lab,14,4,4,1.0,0.8333,0.8,1.0,1.0,0,,,0.9692,0.9121,0.9577,0,0.8,1.0,1.0,0.9,0.9772,0.9775,0.9936
seed,1,3,2017-2020,-1,weighted,SHAP,logistic_regression,lab,14,4,4,1.0,0.6,0.7143,1.0,1.0,0,,,0.9516,0.8462,0.9283,0,0.8,1.0,1.0,0.9,0.9669,0.969,0.9929
seed,1,4,2017-2020,-1,weighted,SHAP,logistic_regression,lab,14,4,5,0.8,0.4286,0.5,1.0,0.8,0,,HighBP,0.8989,0.7582,0.8868,0,0.8,0.8333,1.0,0.8,0.9496,0.953,0.9901
seed,1,5,2017-2020,-1,weighted,SHAP,logistic_regression,lab,14,4,5,0.8,0.5,0.6667,1.0,0.8,0,,HighBP,0.9121,0.7802,0.8893,0,0.8,1.0,0.8571,0.9,0.9529,0.9558,0.9913
seed,1,6,2017-2020,-1,weighted,SHAP,logistic_regression,lab,14,4,5,0.8,0.2857,0.4286,1.0,0.8,0,,HighChol,0.8681,0.7582,0.8902,1,1.0,1.0,0.8571,0.9,0.9591,0.9674,0.9973
seed,1,7,2017-2020,-1,weighted,SHAP,logistic_regression,lab,14,4,4,1.0,0.8,0.8333,1.0,1.0,0,,,0.9297,0.8242,0.9196,0,0.8,1.0,1.0,0.9,0.9665,0.9686,0.9929
seed,1,8,2017-2020,-1,weighted,SHAP,logistic_regression,lab,14,4,4,1.0,0.6667,0.6667,1.0,1.0,0,,,0.9165,0.7802,0.8958,0,0.8,0.8333,1.0,0.9,0.9544,0.9566,0.9903
seed,1,9,2017-2020,-1,weighted,SHAP,logistic_regression,lab,14,4,5,0.8,0.3333,0.5714,1.0,0.8,0,,HighBP,0.9692,0.8901,0.939,0,0.8,0.8333,1.0,1.0,0.9637,0.9623,0.9904
seed,2,3,2017-2020,-1,weighted,SHAP,logistic_regression,lab,14,4,4,1.0,0.5,0.5714,1.0,1.0,0,,,0.8989,0.8022,0.9206,1,1.0,1.0,1.0,0.8,0.9704,0.9793,0.999
seed,2,4,2017-2020,-1,weighted,SHAP,logistic_regression,lab,14,4,5,0.8,0.5714,0.6,1.0,0.8,0,,HighBP,0.9429,0.8462,0.9311,1,1.0,0.8333,1.0,0.9,0.9697,0.974,0.9965
seed,2,5,2017-2020,-1,weighted,SHAP,logistic_regression,lab,14,4,5,0.8,0.4286,0.5,1.0,0.8,0,,HighBP,0.9253,0.8242,0.9128,1,1.0,1.0,0.8571,0.9,0.9718,0.9756,0.9976
seed,2,6,2017-2020,-1,weighted,SHAP,logistic_regression,lab,14,4,5,0.8,0.4286,0.5,1.0,0.8,0,,HighChol,0.9209,0.8022,0.9007,0,0.8,1.0,0.8571,0.9,0.9517,0.9544,0.9911
seed,2,7,2017-2020,-1,weighted,SHAP,logistic_regression,lab,14,4,4,1.0,0.6667,0.6667,1.0,1.0,0,,,0.9736,0.9121,0.9629,1,1.0,1.0,1.0,1.0,0.9835,0.9876,0.9992
seed,2,8,2017-2020,-1,weighted,SHAP,logistic_regression,lab,14,4,4,1.0,0.5714,0.5,1.0,1.0,0,,,0.9429,0.8242,0.9201,1,1.0,0.8333,1.0,0.9,0.9707,0.9749,0.9966
seed,2,9,2017-2020,-1,weighted,SHAP,logistic_regression,lab,14,4,5,0.8,0.2857,0.4286,1.0,0.8,0,,HighBP,0.9604,0.8901,0.9467,1,1.0,0.8333,1.0,0.9,0.9724,0.9755,0.9965
seed,3,4,2017-2020,-1,weighted,SHAP,logistic_regression,lab,14,4,5,0.8,0.3333,0.5714,1.0,0.8,0,,HighBP,0.8374,0.6923,0.8662,1,1.0,0.8333,1.0,0.8,0.9557,0.9646,0.9962
seed,3,5,2017-2020,-1,weighted,SHAP,logistic_regression,lab,14,4,5,0.8,0.1667,0.5,1.0,0.8,0,,HighBP,0.8681,0.7582,0.8967,1,1.0,1.0,0.8571,0.8,0.9628,0.9718,0.9979
seed,3,6,2017-2020,-1,weighted,SHAP,logistic_regression,lab,14,4,5,0.8,0.4,0.7143,1.0,0.8,0,,HighChol,0.8242,0.6923,0.8605,0,0.8,1.0,0.8571,0.8,0.9496,0.9554,0.9916
seed,3,7,2017-2020,-1,weighted,SHAP,logistic_regression,lab,14,4,4,1.0,0.75,0.8571,1.0,1.0,0,,,0.8418,0.7143,0.8818,1,1.0,1.0,1.0,0.8,0.9656,0.9755,0.9988
seed,3,8,2017-2020,-1,weighted,SHAP,logistic_regression,lab,14,4,4,1.0,0.6,0.7143,1.0,1.0,0,,,0.9033,0.8022,0.9183,1,1.0,0.8333,1.0,0.8,0.9665,0.9736,0.9969
seed,3,9,2017-2020,-1,weighted,SHAP,logistic_regression,lab,14,4,5,0.8,0.5,0.8571,1.0,0.8,0,,HighBP,0.956,0.8681,0.9447,1,1.0,0.8333,1.0,0.9,0.9783,0.982,0.9972
seed,4,5,2017-2020,-1,weighted,SHAP,logistic_regression,lab,14,5,5,1.0,0.2857,0.2857,1.0,1.0,0,,,0.833,0.7143,0.8646,1,1.0,0.8333,0.8571,0.8,0.9535,0.9601,0.9951
seed,4,6,2017-2020,-1,weighted,SHAP,logistic_regression,lab,14,5,5,0.6667,0.2857,0.5,0.8,1.0,1,HighBP,HighChol,0.8593,0.7363,0.8726,0,0.8,0.8333,0.8571,0.9,0.9409,0.9439,0.9887
seed,4,7,2017-2020,-1,weighted,SHAP,logistic_regression,lab,14,5,4,0.8,0.5,0.6667,1.0,0.8,0,HighBP,,0.9824,0.9341,0.968,1,1.0,0.8333,1.0,0.9,0.9831,0.9844,0.9973
seed,4,8,2017-2020,-1,weighted,SHAP,logistic_regression,lab,14,5,4,0.8,0.4286,0.5,1.0,0.8,0,HighBP,,0.9209,0.8462,0.9374,1,1.0,1.0,1.0,0.9,0.9774,0.9839,0.9991
seed,4,9,2017-2020,-1,weighted,SHAP,logistic_regression,lab,14,5,5,1.0,0.3333,0.4286,1.0,1.0,0,,,0.8857,0.7802,0.9076,1,1.0,1.0,1.0,0.8,0.9678,0.9766,0.9988
seed,5,6,2017-2020,-1,weighted,SHAP,logistic_regression,lab,14,5,5,0.6667,0.1429,0.4286,0.8,1.0,1,HighBP,HighChol,0.9429,0.8462,0.9223,0,0.8,1.0,0.8571,0.9,0.9577,0.9597,0.9916
seed,5,7,2017-2020,-1,weighted,SHAP,logistic_regression,lab,14,5,4,0.8,0.3333,0.5714,1.0,0.8,0,HighBP,,0.8769,0.7802,0.897,1,1.0,1.0,0.8571,0.9,0.9672,0.9737,0.9978
seed,5,8,2017-2020,-1,weighted,SHAP,logistic_regression,lab,14,5,4,0.8,0.5,0.6667,1.0,0.8,0,HighBP,,0.9165,0.8242,0.9166,1,1.0,0.8333,0.8571,0.9,0.9631,0.9674,0.9954
seed,5,9,2017-2020,-1,weighted,SHAP,logistic_regression,lab,14,5,5,1.0,0.4,0.5714,1.0,1.0,0,,,0.9209,0.8462,0.9219,1,1.0,0.8333,0.8571,0.9,0.9648,0.968,0.9954
seed,6,7,2017-2020,-1,weighted,SHAP,logistic_regression,lab,14,5,4,0.8,0.3333,0.5714,1.0,0.8,0,HighChol,,0.8989,0.8022,0.9046,0,0.8,1.0,0.8571,0.9,0.9507,0.9548,0.9913
seed,6,8,2017-2020,-1,weighted,SHAP,logistic_regression,lab,14,5,4,0.8,0.5,0.6667,1.0,0.8,0,HighChol,,0.9297,0.8022,0.8994,0,0.8,0.8333,0.8571,1.0,0.9539,0.9537,0.9893
seed,6,9,2017-2020,-1,weighted,SHAP,logistic_regression,lab,14,5,5,0.6667,0.4,0.8333,0.8,1.0,1,HighChol,HighBP,0.8989,0.7802,0.8866,0,0.8,0.8333,0.8571,0.9,0.9495,0.9505,0.9892
seed,7,8,2017-2020,-1,weighted,SHAP,logistic_regression,lab,14,4,4,1.0,0.8,0.8333,1.0,1.0,0,,,0.9121,0.8242,0.9235,1,1.0,0.8333,1.0,0.9,0.9676,0.973,0.9965
seed,7,9,2017-2020,-1,weighted,SHAP,logistic_regression,lab,14,4,5,0.8,0.4,0.7143,1.0,0.8,0,,HighBP,0.9077,0.8022,0.9096,1,1.0,0.8333,1.0,0.9,0.965,0.9703,0.9963
seed,8,9,2017-2020,-1,weighted,SHAP,logistic_regression,lab,14,4,5,0.8,0.6,0.8333,1.0,0.8,0,,HighBP,0.956,0.8901,0.958,1,1.0,1.0,1.0,0.9,0.9834,0.9891,0.9996
seed,0,1,2017-2020,-1,weighted,SHAP,logistic_regression,total,14,5,4,0.8,0.5,0.6667,1.0,0.8,0,Sex,,0.9604,0.8901,0.9437,1,1.0,0.8333,0.8571,0.9,0.9695,0.9717,0.9956
seed,0,2,2017-2020,-1,weighted,SHAP,logistic_regression,total,14,5,5,1.0,0.6,0.6667,1.0,1.0,0,,,0.9516,0.8681,0.941,1,1.0,1.0,0.8571,0.9,0.972,0.9775,0.998
seed,0,3,2017-2020,-1,weighted,SHAP,logistic_regression,total,14,5,5,1.0,0.5,0.5,1.0,1.0,0,,,0.8505,0.7143,0.8777,1,1.0,0.8333,0.8571,0.8,0.9503,0.9594,0.9952
seed,0,4,2017-2020,-1,weighted,SHAP,logistic_regression,total,14,5,5,1.0,0.5,0.5,1.0,1.0,0,,,0.8725,0.7363,0.8426,0,1.0,0.8333,0.7143,0.9,0.9226,0.9108,0.952
seed,0,5,2017-2020,-1,weighted,SHAP,logistic_regression,total,14,5,5,1.0,0.8,0.8,1.0,1.0,0,,,0.8945,0.7143,0.8655,1,1.0,0.8333,0.7143,0.9,0.954,0.9598,0.9945
seed,0,6,2017-2020,-1,weighted,SHAP,logistic_regression,total,14,5,4,0.8,0.3333,0.5714,1.0,0.8,0,Sex,,0.9209,0.8242,0.9217,1,1.0,1.0,0.8571,0.9,0.9698,0.9764,0.998
seed,0,7,2017-2020,-1,weighted,SHAP,logistic_regression,total,14,5,5,1.0,0.6667,0.6,1.0,1.0,0,,,0.9429,0.8242,0.9225,1,1.0,1.0,0.8571,0.9,0.9768,0.9812,0.9982
seed,0,8,2017-2020,-1,weighted,SHAP,logistic_regression,total,14,5,5,1.0,0.5,0.5,1.0,1.0,0,,,0.8462,0.7363,0.8671,1,1.0,0.8333,0.7143,0.9,0.9438,0.9501,0.9936
seed,0,9,2017-2020,-1,weighted,SHAP,logistic_regression,total,14,5,5,1.0,0.8,0.8,1.0,1.0,0,,,0.9209,0.8022,0.8959,1,1.0,0.8333,0.7143,1.0,0.9561,0.9588,0.994
seed,1,2,2017-2020,-1,weighted,SHAP,logistic_regression,total,14,4,5,0.8,0.75,1.0,1.0,0.8,0,,Sex,0.9736,0.8901,0.9516,1,1.0,0.8333,1.0,1.0,0.9796,0.982,0.9971
seed,1,3,2017-2020,-1,weighted,SHAP,logistic_regression,total,14,4,5,0.8,0.6,0.8333,1.0,0.8,0,,Sex,0.9165,0.8242,0.9338,1,1.0,1.0,1.0,0.9,0.9776,0.9858,0.9995
seed,1,4,2017-2020,-1,weighted,SHAP,logistic_regression,total,14,4,5,0.8,0.1429,0.375,1.0,0.8,0,,Sex,0.8681,0.7582,0.8612,0,1.0,0.8333,0.8571,0.9,0.927,0.9163,0.9531
seed,1,5,2017-2020,-1,weighted,SHAP,logistic_regression,total,14,4,5,0.8,0.6,0.8333,1.0,0.8,0,,Sex,0.9429,0.8242,0.9235,1,1.0,1.0,0.8571,0.9,0.9746,0.9801,0.9982
seed,1,6,2017-2020,-1,weighted,SHAP,logistic_regression,total,14,4,4,1.0,0.75,0.8571,1.0,1.0,0,,,0.9692,0.8901,0.9495,1,1.0,0.8333,1.0,1.0,0.9746,0.9776,0.9967
seed,1,7,2017-2020,-1,weighted,SHAP,logistic_regression,total,14,4,5,0.8,0.5,0.6667,1.0,0.8,0,,Sex,0.9648,0.8901,0.9492,1,1.0,0.8333,1.0,0.9,0.9745,0.9778,0.9967
seed,1,8,2017-2020,-1,weighted,SHAP,logistic_regression,total,14,4,5,0.8,0.1429,0.375,1.0,0.8,0,,Sex,0.8593,0.7582,0.8919,1,1.0,1.0,0.8571,0.8,0.9542,0.9639,0.9972
seed,1,9,2017-2020,-1,weighted,SHAP,logistic_regression,total,14,4,5,0.8,0.3333,0.5714,1.0,0.8,0,,Sex,0.8989,0.8242,0.914,1,1.0,0.8333,0.8571,0.9,0.9626,0.9669,0.9954
seed,2,3,2017-2020,-1,weighted,SHAP,logistic_regression,total,14,5,5,1.0,0.75,0.8333,1.0,1.0,0,,,0.9429,0.8462,0.9373,1,1.0,0.8333,1.0,0.9,0.9783,0.982,0.9972
seed,2,4,2017-2020,-1,weighted,SHAP,logistic_regression,total,14,5,5,1.0,0.1667,0.375,1.0,1.0,0,,,0.8418,0.6923,0.8288,0,1.0,0.8333,0.8571,0.9,0.9244,0.9149,0.953
seed,2,5,2017-2020,-1,weighted,SHAP,logistic_regression,total,14,5,5,1.0,0.75,0.8333,1.0,1.0,0,,,0.9165,0.8022,0.9068,1,1.0,0.8333,0.8571,0.9,0.96,0.9655,0.9954
seed,2,6,2017-2020,-1,weighted,SHAP,logistic_regression,total,14,5,4,0.8,0.5,0.8571,1.0,0.8,0,Sex,,0.9604,0.8681,0.9453,1,1.0,1.0,1.0,1.0,0.9813,0.9866,0.9992
seed,2,7,2017-2020,-1,weighted,SHAP,logistic_regression,total,14,5,5,1.0,0.6,0.6667,1.0,1.0,0,,,0.9736,0.9121,0.9621,1,1.0,1.0,1.0,0.9,0.9827,0.9869,0.9992
seed,2,8,2017-2020,-1,weighted,SHAP,logistic_regression,total,14,5,5,1.0,0.1667,0.375,1.0,1.0,0,,,0.8637,0.7802,0.892,1,1.0,0.8333,0.8571,0.8,0.9453,0.9526,0.9944
seed,2,9,2017-2020,-1,weighted,SHAP,logistic_regression,total,14,5,5,1.0,0.4,0.5714,1.0,1.0,0,,,0.8681,0.7582,0.8832,1,1.0,0.8333,0.8571,0.9,0.9552,0.9618,0.9952
seed,3,4,2017-2020,-1,weighted,SHAP,logistic_regression,total,14,5,5,1.0,0.3333,0.4286,1.0,1.0,0,,,0.7319,0.5824,0.7934,0,1.0,0.8333,0.8571,0.8,0.9126,0.9078,0.9529
seed,3,5,2017-2020,-1,weighted,SHAP,logistic_regression,total,14,5,5,1.0,0.6,0.6667,1.0,1.0,0,,,0.8857,0.7802,0.9016,1,1.0,1.0,0.8571,0.8,0.9649,0.9728,0.9979
seed,3,6,2017-2020,-1,weighted,SHAP,logistic_regression,total,14,5,4,0.8,0.4,0.7143,1.0,0.8,0,Sex,,0.9209,0.8022,0.9116,1,1.0,0.8333,1.0,0.9,0.9666,0.9721,0.9965
seed,3,7,2017-2020,-1,weighted,SHAP,logistic_regression,total,14,5,5,1.0,0.5,0.5,1.0,1.0,0,,,0.9077,0.8022,0.9134,1,1.0,0.8333,1.0,0.8,0.9637,0.9703,0.9964
seed,3,8,2017-2020,-1,weighted,SHAP,logistic_regression,total,14,5,5,1.0,0.1429,0.25,1.0,1.0,0,,,0.7758,0.6703,0.8563,1,1.0,1.0,0.8571,0.7,0.9434,0.9564,0.9968
seed,3,9,2017-2020,-1,weighted,SHAP,logistic_regression,total,14,5,5,1.0,0.3333,0.4286,1.0,1.0,0,,,0.7758,0.6923,0.8626,1,1.0,0.8333,0.8571,0.8,0.9455,0.9557,0.995
seed,4,5,2017-2020,-1,weighted,SHAP,logistic_regression,total,14,5,5,1.0,0.3333,0.4286,1.0,1.0,0,,,0.7846,0.6703,0.8319,0,1.0,0.8333,0.8571,0.8,0.9211,0.9145,0.9534
seed,4,6,2017-2020,-1,weighted,SHAP,logistic_regression,total,14,5,4,0.8,0.1667,0.5,1.0,0.8,0,Sex,,0.811,0.7363,0.8503,0,1.0,0.8333,0.8571,0.9,0.933,0.9228,0.9537
seed,4,7,2017-2020,-1,weighted,SHAP,logistic_regression,total,14,5,5,1.0,0.2857,0.2857,1.0,1.0,0,,,0.8154,0.6923,0.8324,0,1.0,0.8333,0.8571,0.8,0.9265,0.9175,0.9534
seed,4,8,2017-2020,-1,weighted,SHAP,logistic_regression,total,14,5,5,1.0,0.6,0.6667,1.0,1.0,0,,,0.8945,0.7802,0.8795,0,1.0,0.8333,0.8571,0.9,0.9351,0.9239,0.9537
seed,4,9,2017-2020,-1,weighted,SHAP,logistic_regression,total,14,5,5,1.0,0.6,0.6667,1.0,1.0,0,,,0.9692,0.8901,0.9351,0,1.0,1.0,1.0,0.9,0.9562,0.9446,0.9575
seed,5,6,2017-2020,-1,weighted,SHAP,logistic_regression,total,14,5,4,0.8,0.4,0.7143,1.0,0.8,0,Sex,,0.9385,0.8462,0.9249,1,1.0,0.8333,0.8571,0.9,0.9648,0.968,0.9954
seed,5,7,2017-2020,-1,weighted,SHAP,logistic_regression,total,14,5,5,1.0,0.8,0.8,1.0,1.0,0,,,0.9648,0.8901,0.9458,1,1.0,0.8333,0.8571,1.0,0.9712,0.9733,0.9957
seed,5,8,2017-2020,-1,weighted,SHAP,logistic_regression,total,14,5,5,1.0,0.3333,0.4286,1.0,1.0,0,,,0.9033,0.8022,0.9181,1,1.0,1.0,1.0,0.9,0.9726,0.9802,0.9989
seed,5,9,2017-2020,-1,weighted,SHAP,logistic_regression,total,14,5,5,1.0,0.6,0.6667,1.0,1.0,0,,,0.7978,0.6923,0.86,1,1.0,0.8333,0.8571,0.9,0.9508,0.9583,0.9949
seed,6,7,2017-2020,-1,weighted,SHAP,logistic_regression,total,14,4,5,0.8,0.3333,0.5714,1.0,0.8,0,,Sex,0.9736,0.9121,0.9656,1,1.0,1.0,1.0,0.9,0.986,0.9906,0.9996
seed,6,8,2017-2020,-1,weighted,SHAP,logistic_regression,total,14,4,5,0.8,0.1667,0.5,1.0,0.8,0,,Sex,0.8374,0.7363,0.881,1,1.0,0.8333,0.8571,0.8,0.9481,0.9571,0.995
seed,6,9,2017-2020,-1,weighted,SHAP,logistic_regression,total,14,4,5,0.8,0.4,0.7143,1.0,0.8,0,,Sex,0.8286,0.7582,0.8843,1,1.0,0.8333,0.8571,0.9,0.96,0.9655,0.9954
seed,7,8,2017-2020,-1,weighted,SHAP,logistic_regression,total,14,5,5,1.0,0.5,0.5,1.0,1.0,0,,,0.9033,0.8242,0.9152,1,1.0,0.8333,0.8571,0.9,0.9574,0.9628,0.9952
seed,7,9,2017-2020,-1,weighted,SHAP,logistic_regression,total,14,5,5,1.0,0.5,0.5,1.0,1.0,0,,,0.8418,0.7582,0.8855,1,1.0,0.8333,0.8571,0.9,0.96,0.9655,0.9954
seed,8,9,2017-2020,-1,weighted,SHAP,logistic_regression,total,14,5,5,1.0,0.6,0.6667,1.0,1.0,0,,,0.8725,0.8022,0.9065,1,1.0,0.8333,0.8571,0.9,0.954,0.9602,0.9949
seed,0,1,2017-2020,-1,weighted,SHAP,random_forest,diag,14,5,5,1.0,1.0,1.0,1.0,1.0,0,,,0.956,0.8681,0.8979,0,1.0,0.8333,0.8571,1.0,0.9268,0.8926,0.8706
seed,0,2,2017-2020,-1,weighted,SHAP,random_forest,diag,14,5,5,1.0,1.0,1.0,1.0,1.0,0,,,0.9956,0.978,0.9888,1,1.0,1.0,1.0,1.0,0.994,0.9948,0.9995
seed,0,3,2017-2020,-1,weighted,SHAP,random_forest,diag,14,5,5,1.0,0.8,0.8,1.0,1.0,0,,,0.9736,0.9121,0.9035,0,1.0,0.8333,0.8571,1.0,0.9106,0.8589,0.8296
seed,0,4,2017-2020,-1,weighted,SHAP,random_forest,diag,14,5,4,0.8,0.8333,1.0,1.0,0.8,0,HighChol,,0.9912,0.956,0.9818,1,1.0,1.0,1.0,1.0,0.9918,0.9937,0.9995
seed,0,5,2017-2020,-1,weighted,SHAP,random_forest,diag,14,5,5,1.0,1.0,1.0,1.0,1.0,0,,,0.9912,0.956,0.9806,1,1.0,1.0,1.0,1.0,0.9909,0.9928,0.9995
seed,0,6,2017-2020,-1,weighted,SHAP,random_forest,diag,14,5,5,1.0,1.0,1.0,1.0,1.0,0,,,0.978,0.9121,0.9599,1,1.0,1.0,1.0,1.0,0.9861,0.9891,0.9993
seed,0,7,2017-2020,-1,weighted,SHAP,random_forest,diag,14,5,5,1.0,1.0,1.0,1.0,1.0,0,,,0.9912,0.956,0.9791,1,1.0,1.0,0.8571,1.0,0.9892,0.9906,0.9988
seed,0,8,2017-2020,-1,weighted,SHAP,random_forest,diag,14,5,4,0.8,0.6667,0.8,1.0,0.8,0,HighChol,,0.9956,0.978,0.9873,1,1.0,1.0,0.8571,1.0,0.9924,0.9925,0.9989
seed,0,9,2017-2020,-1,weighted,SHAP,random_forest,diag,14,5,5,1.0,1.0,1.0,1.0,1.0,0,,,0.9912,0.956,0.9459,0,1.0,0.8333,1.0,1.0,0.9452,0.9091,0.8724
seed,1,2,2017-2020,-1,weighted,SHAP,random_forest,diag,14,5,5,1.0,1.0,1.0,1.0,1.0,0,,,0.9736,0.8901,0.9095,0,1.0,0.8333,0.8571,1.0,0.9328,0.8979,0.8711
seed,1,3,2017-2020,-1,weighted,SHAP,random_forest,diag,14,5,5,1.0,0.8,0.8,1.0,1.0,0,,,0.9209,0.7802,0.8095,0,1.0,0.8333,0.7143,1.0,0.8922,0.8425,0.8278
seed,1,4,2017-2020,-1,weighted,SHAP,random_forest,diag,14,5,4,0.8,0.8333,1.0,1.0,0.8,0,HighChol,,0.9692,0.8681,0.9024,0,1.0,0.8333,0.8571,1.0,0.9306,0.8968,0.8711
seed,1,5,2017-2020,-1,weighted,SHAP,random_forest,diag,14,5,5,1.0,1.0,1.0,1.0,1.0,0,,,0.9692,0.8681,0.9012,0,1.0,0.8333,0.8571,1.0,0.9296,0.8959,0.871
seed,1,6,2017-2020,-1,weighted,SHAP,random_forest,diag,14,5,5,1.0,1.0,1.0,1.0,1.0,0,,,0.9604,0.8681,0.8997,0,1.0,0.8333,0.8571,1.0,0.9284,0.8944,0.8707
seed,1,7,2017-2020,-1,weighted,SHAP,random_forest,diag,14,5,5,1.0,1.0,1.0,1.0,1.0,0,,,0.9385,0.8242,0.8776,0,1.0,0.8333,0.7143,1.0,0.916,0.8832,0.8694
seed,1,8,2017-2020,-1,weighted,SHAP,random_forest,diag,14,5,4,0.8,0.6667,0.8,1.0,0.8,0,HighChol,,0.9429,0.8462,0.8858,0,1.0,0.8333,0.7143,1.0,0.9192,0.8851,0.8695
seed,1,9,2017-2020,-1,weighted,SHAP,random_forest,diag,14,5,5,1.0,1.0,1.0,1.0,1.0,0,,,0.9648,0.9121,0.951,1,1.0,0.8333,0.8571,1.0,0.9718,0.9726,0.9956
seed,2,3,2017-2020,-1,weighted,SHAP,random_forest,diag,14,5,5,1.0,0.8,0.8,1.0,1.0,0,,,0.9604,0.8901,0.892,0,1.0,0.8333,0.8571,1.0,0.9046,0.8537,0.8291
seed,2,4,2017-2020,-1,weighted,SHAP,random_forest,diag,14,5,4,0.8,0.8333,1.0,1.0,0.8,0,HighChol,,0.9956,0.978,0.993,1,1.0,1.0,1.0,1.0,0.9978,0.9989,1.0
seed,2,5,2017-2020,-1,weighted,SHAP,random_forest,diag,14,5,5,1.0,1.0,1.0,1.0,1.0,0,,,0.9956,0.978,0.9918,1,1.0,1.0,1.0,1.0,0.9968,0.998,1.0
seed,2,6,2017-2020,-1,weighted,SHAP,random_forest,diag,14,5,5,1.0,1.0,1.0,1.0,1.0,0,,,0.9824,0.9341,0.9705,1,1.0,1.0,1.0,1.0,0.9861,0.9891,0.9993
seed,2,7,2017-2020,-1,weighted,SHAP,random_forest,diag,14,5,5,1.0,1.0,1.0,1.0,1.0,0,,,0.9824,0.9341,0.9678,1,1.0,1.0,0.8571,1.0,0.9833,0.9853,0.9984
seed,2,8,2017-2020,-1,weighted,SHAP,random_forest,diag,14,5,4,0.8,0.6667,0.8,1.0,0.8,0,HighChol,,0.9868,0.956,0.9761,1,1.0,1.0,0.8571,1.0,0.9864,0.9873,0.9984
seed,2,9,2017-2020,-1,weighted,SHAP,random_forest,diag,14,5,5,1.0,1.0,1.0,1.0,1.0,0,,,0.9868,0.9341,0.9348,0,1.0,0.8333,1.0,1.0,0.9392,0.9038,0.8719
seed,3,4,2017-2020,-1,weighted,SHAP,random_forest,diag,14,5,4,0.8,0.6667,0.8,1.0,0.8,0,HighChol,,0.956,0.8681,0.885,0,1.0,0.8333,0.8571,1.0,0.9024,0.8526,0.8291
seed,3,5,2017-2020,-1,weighted,SHAP,random_forest,diag,14,5,5,1.0,0.8,0.8,1.0,1.0,0,,,0.956,0.8681,0.8838,0,1.0,0.8333,0.8571,1.0,0.9014,0.8517,0.8291
seed,3,6,2017-2020,-1,weighted,SHAP,random_forest,diag,14,5,5,1.0,0.8,0.8,1.0,1.0,0,,,0.9341,0.8242,0.8627,0,1.0,0.8333,0.8571,1.0,0.8966,0.848,0.8289
seed,3,7,2017-2020,-1,weighted,SHAP,random_forest,diag,14,5,5,1.0,0.8,0.8,1.0,1.0,0,,,0.978,0.9121,0.9081,0,1.0,0.8333,1.0,1.0,0.915,0.8645,0.8307
seed,3,8,2017-2020,-1,weighted,SHAP,random_forest,diag,14,5,4,0.8,0.8,1.0,1.0,0.8,0,HighChol,,0.9824,0.9341,0.9164,0,1.0,0.8333,1.0,1.0,0.9182,0.8664,0.8307
seed,3,9,2017-2020,-1,weighted,SHAP,random_forest,diag,14,5,5,1.0,0.8,0.8,1.0,1.0,0,,,0.9648,0.8681,0.8564,0,1.0,0.8333,0.8571,1.0,0.9106,0.8589,0.8296
seed,4,5,2017-2020,-1,weighted,SHAP,random_forest,diag,14,4,5,0.8,0.8333,1.0,1.0,0.8,0,,HighChol,0.9912,0.956,0.9847,1,1.0,1.0,1.0,1.0,0.9947,0.997,0.9999
seed,4,6,2017-2020,-1,weighted,SHAP,random_forest,diag,14,4,5,0.8,0.8333,1.0,1.0,0.8,0,,HighChol,0.978,0.9121,0.9635,1,1.0,1.0,1.0,1.0,0.9839,0.988,0.9992
seed,4,7,2017-2020,-1,weighted,SHAP,random_forest,diag,14,4,5,0.8,0.8333,1.0,1.0,0.8,0,,HighChol,0.978,0.9121,0.9608,1,1.0,1.0,0.8571,1.0,0.9811,0.9843,0.9983
seed,4,8,2017-2020,-1,weighted,SHAP,random_forest,diag,14,4,4,1.0,0.8333,0.8,1.0,1.0,0,,,0.9824,0.9341,0.969,1,1.0,1.0,0.8571,1.0,0.9843,0.9862,0.9984
seed,4,9,2017-2020,-1,weighted,SHAP,random_forest,diag,14,4,5,0.8,0.8333,1.0,1.0,0.8,0,,HighChol,0.9824,0.9121,0.9277,0,1.0,0.8333,1.0,1.0,0.937,0.9028,0.8719
seed,5,6,2017-2020,-1,weighted,SHAP,random_forest,diag,14,5,5,1.0,1.0,1.0,1.0,1.0,0,,,0.9868,0.956,0.9788,1,1.0,1.0,1.0,1.0,0.9892,0.991,0.9993
seed,5,7,2017-2020,-1,weighted,SHAP,random_forest,diag,14,5,5,1.0,1.0,1.0,1.0,1.0,0,,,0.9868,0.956,0.9761,1,1.0,1.0,0.8571,1.0,0.9864,0.9873,0.9984
seed,5,8,2017-2020,-1,weighted,SHAP,random_forest,diag,14,5,4,0.8,0.6667,0.8,1.0,0.8,0,HighChol,,0.9824,0.9341,0.9678,1,1.0,1.0,0.8571,1.0,0.9833,0.9853,0.9984
seed,5,9,2017-2020,-1,weighted,SHAP,random_forest,diag,14,5,5,1.0,1.0,1.0,1.0,1.0,0,,,0.9824,0.9121,0.9265,0,1.0,0.8333,1.0,1.0,0.936,0.9019,0.8719
seed,6,7,2017-2020,-1,weighted,SHAP,random_forest,diag,14,5,5,1.0,1.0,1.0,1.0,1.0,0,,,0.9692,0.9121,0.9553,1,1.0,1.0,0.8571,1.0,0.9816,0.9835,0.9982
seed,6,8,2017-2020,-1,weighted,SHAP,random_forest,diag,14,5,4,0.8,0.6667,0.8,1.0,0.8,0,HighChol,,0.9648,0.8901,0.947,1,1.0,1.0,0.8571,1.0,0.9785,0.9816,0.9981
seed,6,9,2017-2020,-1,weighted,SHAP,random_forest,diag,14,5,5,1.0,1.0,1.0,1.0,1.0,0,,,0.9692,0.8681,0.9059,0,1.0,0.8333,1.0,1.0,0.9312,0.8982,0.8716
seed,7,8,2017-2020,-1,weighted,SHAP,random_forest,diag,14,5,4,0.8,0.6667,0.8,1.0,0.8,0,HighChol,,0.9956,0.978,0.9918,1,1.0,1.0,1.0,1.0,0.9968,0.998,1.0
seed,7,9,2017-2020,-1,weighted,SHAP,random_forest,diag,14,5,5,1.0,1.0,1.0,1.0,1.0,0,,,0.978,0.9121,0.9249,0,1.0,0.8333,0.8571,1.0,0.9344,0.8996,0.8712
seed,8,9,2017-2020,-1,weighted,SHAP,random_forest,diag,14,4,5,0.8,0.6667,0.8,1.0,0.8,0,,HighChol,0.9824,0.9341,0.9331,0,1.0,0.8333,0.8571,1.0,0.9376,0.9016,0.8713
seed,0,1,2017-2020,-1,weighted,SHAP,random_forest,lab,14,5,5,1.0,1.0,1.0,1.0,1.0,0,,,0.9868,0.956,0.9827,1,1.0,1.0,1.0,0.9,0.993,0.9954,0.9999
seed,0,2,2017-2020,-1,weighted,SHAP,random_forest,lab,14,5,5,1.0,1.0,1.0,1.0,1.0,0,,,0.9868,0.9341,0.9672,1,1.0,0.8333,1.0,1.0,0.982,0.9828,0.9969
seed,0,3,2017-2020,-1,weighted,SHAP,random_forest,lab,14,5,5,1.0,0.75,0.8333,1.0,1.0,0,,,0.9824,0.9341,0.968,1,1.0,0.8333,1.0,0.9,0.9831,0.9844,0.9973
seed,0,4,2017-2020,-1,weighted,SHAP,random_forest,lab,14,5,4,0.8,0.8,1.0,1.0,0.8,0,HighChol,,0.9956,0.978,0.993,1,1.0,1.0,1.0,1.0,0.9978,0.9989,1.0
seed,0,5,2017-2020,-1,weighted,SHAP,random_forest,lab,14,5,5,1.0,1.0,1.0,1.0,1.0,0,,,0.9868,0.9341,0.9693,1,1.0,0.8333,1.0,0.9,0.9841,0.9853,0.9973
seed,0,6,2017-2020,-1,weighted,SHAP,random_forest,lab,14,5,5,1.0,1.0,1.0,1.0,1.0,0,,,0.9824,0.9341,0.9715,1,1.0,1.0,1.0,0.9,0.987,0.9901,0.9994
seed,0,7,2017-2020,-1,weighted,SHAP,random_forest,lab,14,5,5,1.0,1.0,1.0,1.0,1.0,0,,,0.9912,0.956,0.9839,1,1.0,1.0,1.0,0.9,0.994,0.9963,0.9999
seed,0,8,2017-2020,-1,weighted,SHAP,random_forest,lab,14,5,4,0.8,0.8,1.0,1.0,0.8,0,HighChol,,0.9912,0.956,0.9783,1,1.0,0.8333,1.0,1.0,0.988,0.988,0.9974
seed,0,9,2017-2020,-1,weighted,SHAP,random_forest,lab,14,5,5,1.0,1.0,1.0,1.0,1.0,0,,,0.9912,0.956,0.9763,1,1.0,0.8333,1.0,0.9,0.9863,0.9864,0.9973
seed,1,2,2017-2020,-1,weighted,SHAP,random_forest,lab,14,5,5,1.0,1.0,1.0,1.0,1.0,0,,,0.9736,0.8901,0.9499,1,1.0,0.8333,1.0,0.9,0.975,0.9781,0.9968
seed,1,3,2017-2020,-1,weighted,SHAP,random_forest,lab,14,5,5,1.0,0.75,0.8333,1.0,1.0,0,,,0.9956,0.978,0.9854,1,1.0,0.8333,1.0,1.0,0.9902,0.9891,0.9974
seed,1,4,2017-2020,-1,weighted,SHAP,random_forest,lab,14,5,4,0.8,0.8,1.0,1.0,0.8,0,HighChol,,0.9824,0.9341,0.9757,1,1.0,1.0,1.0,0.9,0.9908,0.9943,0.9998
seed,1,5,2017-2020,-1,weighted,SHAP,random_forest,lab,14,5,5,1.0,1.0,1.0,1.0,1.0,0,,,0.9868,0.9341,0.9701,1,1.0,0.8333,1.0,1.0,0.9848,0.9861,0.9973
seed,1,6,2017-2020,-1,weighted,SHAP,random_forest,lab,14,5,5,1.0,1.0,1.0,1.0,1.0,0,,,0.9956,0.978,0.9888,1,1.0,1.0,1.0,1.0,0.994,0.9948,0.9995
seed,1,7,2017-2020,-1,weighted,SHAP,random_forest,lab,14,5,5,1.0,1.0,1.0,1.0,1.0,0,,,0.9912,0.956,0.9847,1,1.0,1.0,1.0,1.0,0.9947,0.997,0.9999
seed,1,8,2017-2020,-1,weighted,SHAP,random_forest,lab,14,5,4,0.8,0.8,1.0,1.0,0.8,0,HighChol,,0.978,0.9121,0.961,1,1.0,0.8333,1.0,0.9,0.9809,0.9834,0.9972
seed,1,9,2017-2020,-1,weighted,SHAP,random_forest,lab,14,5,5,1.0,1.0,1.0,1.0,1.0,0,,,0.9912,0.956,0.9771,1,1.0,0.8333,1.0,1.0,0.987,0.9871,0.9974
seed,2,3,2017-2020,-1,weighted,SHAP,random_forest,lab,14,5,5,1.0,0.75,0.8333,1.0,1.0,0,,,0.978,0.9121,0.9645,1,1.0,1.0,1.0,0.9,0.9848,0.9891,0.9994
seed,2,4,2017-2020,-1,weighted,SHAP,random_forest,lab,14,5,4,0.8,0.8,1.0,1.0,0.8,0,HighChol,,0.9912,0.956,0.9742,1,1.0,0.8333,1.0,1.0,0.9842,0.9838,0.9969
seed,2,5,2017-2020,-1,weighted,SHAP,random_forest,lab,14,5,5,1.0,1.0,1.0,1.0,1.0,0,,,0.9912,0.956,0.9798,1,1.0,1.0,1.0,0.9,0.9901,0.9921,0.9994
seed,2,6,2017-2020,-1,weighted,SHAP,random_forest,lab,14,5,5,1.0,1.0,1.0,1.0,1.0,0,,,0.978,0.9121,0.961,1,1.0,0.8333,1.0,0.9,0.9809,0.9834,0.9972
seed,2,7,2017-2020,-1,weighted,SHAP,random_forest,lab,14,5,5,1.0,1.0,1.0,1.0,1.0,0,,,0.9868,0.9341,0.9652,1,1.0,0.8333,1.0,0.9,0.9803,0.9812,0.9968
seed,2,8,2017-2020,-1,weighted,SHAP,random_forest,lab,14,5,4,0.8,0.8,1.0,1.0,0.8,0,HighChol,,0.9956,0.978,0.9888,1,1.0,1.0,1.0,1.0,0.994,0.9948,0.9995
seed,2,9,2017-2020,-1,weighted,SHAP,random_forest,lab,14,5,5,1.0,1.0,1.0,1.0,1.0,0,,,0.9868,0.9341,0.9728,1,1.0,1.0,1.0,0.9,0.988,0.991,0.9994
seed,3,4,2017-2020,-1,weighted,SHAP,random_forest,lab,14,5,4,0.8,0.6,0.8333,1.0,0.8,0,HighChol,,0.978,0.9121,0.961,1,1.0,0.8333,1.0,0.9,0.9809,0.9834,0.9972
seed,3,5,2017-2020,-1,weighted,SHAP,random_forest,lab,14,5,5,1.0,0.75,0.8333,1.0,1.0,0,,,0.9912,0.956,0.9847,1,1.0,1.0,1.0,1.0,0.9947,0.997,0.9999
seed,3,6,2017-2020,-1,weighted,SHAP,random_forest,lab,14,5,5,1.0,0.75,0.8333,1.0,1.0,0,,,0.9912,0.956,0.9742,1,1.0,0.8333,1.0,1.0,0.9842,0.9838,0.9969
seed,3,7,2017-2020,-1,weighted,SHAP,random_forest,lab,14,5,5,1.0,0.75,0.8333,1.0,1.0,0,,,0.9868,0.9341,0.9701,1,1.0,0.8333,1.0,1.0,0.9848,0.9861,0.9973
seed,3,8,2017-2020,-1,weighted,SHAP,random_forest,lab,14,5,4,0.8,0.6,0.8333,1.0,0.8,0,HighChol,,0.9824,0.9341,0.9757,1,1.0,1.0,1.0,0.9,0.9908,0.9943,0.9998
seed,3,9,2017-2020,-1,weighted,SHAP,random_forest,lab,14,5,5,1.0,0.75,0.8333,1.0,1.0,0,,,0.9956,0.978,0.9918,1,1.0,1.0,1.0,1.0,0.9968,0.998,1.0
seed,4,5,2017-2020,-1,weighted,SHAP,random_forest,lab,14,4,5,0.8,0.8,1.0,1.0,0.8,0,,HighChol,0.9912,0.956,0.9763,1,1.0,0.8333,1.0,0.9,0.9863,0.9864,0.9973
seed,4,6,2017-2020,-1,weighted,SHAP,random_forest,lab,14,4,5,0.8,0.8,1.0,1.0,0.8,0,,HighChol,0.978,0.9121,0.9645,1,1.0,1.0,1.0,0.9,0.9848,0.9891,0.9994
seed,4,7,2017-2020,-1,weighted,SHAP,random_forest,lab,14,4,5,0.8,0.8,1.0,1.0,0.8,0,,HighChol,0.9956,0.978,0.991,1,1.0,1.0,1.0,0.9,0.9961,0.9973,0.9999
seed,4,8,2017-2020,-1,weighted,SHAP,random_forest,lab,14,4,4,1.0,1.0,1.0,1.0,1.0,0,,,0.9956,0.978,0.9854,1,1.0,0.8333,1.0,1.0,0.9902,0.9891,0.9974
seed,4,9,2017-2020,-1,weighted,SHAP,random_forest,lab,14,4,5,0.8,0.8,1.0,1.0,0.8,0,,HighChol,0.9868,0.9341,0.9693,1,1.0,0.8333,1.0,0.9,0.9841,0.9853,0.9973
seed,5,6,2017-2020,-1,weighted,SHAP,random_forest,lab,14,5,5,1.0,1.0,1.0,1.0,1.0,0,,,0.9824,0.9121,0.9589,1,1.0,0.8333,1.0,1.0,0.9788,0.9808,0.9969
seed,5,7,2017-2020,-1,weighted,SHAP,random_forest,lab,14,5,5,1.0,1.0,1.0,1.0,1.0,0,,,0.9956,0.978,0.9854,1,1.0,0.8333,1.0,1.0,0.9902,0.9891,0.9974
seed,5,8,2017-2020,-1,weighted,SHAP,random_forest,lab,14,5,4,0.8,0.8,1.0,1.0,0.8,0,HighChol,,0.9956,0.978,0.991,1,1.0,1.0,1.0,0.9,0.9961,0.9973,0.9999
seed,5,9,2017-2020,-1,weighted,SHAP,random_forest,lab,14,5,5,1.0,1.0,1.0,1.0,1.0,0,,,0.9956,0.978,0.993,1,1.0,1.0,1.0,1.0,0.9978,0.9989,1.0
seed,6,7,2017-2020,-1,weighted,SHAP,random_forest,lab,14,5,5,1.0,1.0,1.0,1.0,1.0,0,,,0.9868,0.9341,0.9736,1,1.0,1.0,1.0,1.0,0.9887,0.9917,0.9995
seed,6,8,2017-2020,-1,weighted,SHAP,random_forest,lab,14,5,4,0.8,0.8,1.0,1.0,0.8,0,HighChol,,0.9736,0.8901,0.9499,1,1.0,0.8333,1.0,0.9,0.975,0.9781,0.9968
seed,6,9,2017-2020,-1,weighted,SHAP,random_forest,lab,14,5,5,1.0,1.0,1.0,1.0,1.0,0,,,0.9868,0.9341,0.9659,1,1.0,0.8333,1.0,1.0,0.981,0.9819,0.9969
seed,7,8,2017-2020,-1,weighted,SHAP,random_forest,lab,14,5,4,0.8,0.8,1.0,1.0,0.8,0,HighChol,,0.9912,0.956,0.9763,1,1.0,0.8333,1.0,0.9,0.9863,0.9864,0.9973
seed,7,9,2017-2020,-1,weighted,SHAP,random_forest,lab,14,5,5,1.0,1.0,1.0,1.0,1.0,0,,,0.9912,0.956,0.9783,1,1.0,0.8333,1.0,1.0,0.988,0.988,0.9974
seed,8,9,2017-2020,-1,weighted,SHAP,random_forest,lab,14,4,5,0.8,0.8,1.0,1.0,0.8,0,,HighChol,0.9912,0.956,0.9839,1,1.0,1.0,1.0,0.9,0.994,0.9963,0.9999
seed,0,1,2017-2020,-1,weighted,SHAP,random_forest,total,14,5,5,1.0,1.0,1.0,1.0,1.0,0,,,0.9429,0.8681,0.9249,1,1.0,0.8333,0.7143,1.0,0.9642,0.9651,0.9945
seed,0,2,2017-2020,-1,weighted,SHAP,random_forest,total,14,5,5,1.0,1.0,1.0,1.0,1.0,0,,,0.9516,0.8901,0.9399,1,1.0,0.8333,0.8571,1.0,0.9718,0.9726,0.9956
seed,0,3,2017-2020,-1,weighted,SHAP,random_forest,total,14,5,5,1.0,1.0,1.0,1.0,1.0,0,,,0.9253,0.8242,0.9054,1,1.0,0.8333,0.7143,1.0,0.9551,0.9579,0.9939
seed,0,4,2017-2020,-1,weighted,SHAP,random_forest,total,14,5,4,0.8,0.8333,1.0,1.0,0.8,0,HighChol,,0.9912,0.956,0.9754,1,1.0,0.8333,1.0,1.0,0.9854,0.9853,0.9972
seed,0,5,2017-2020,-1,weighted,SHAP,random_forest,total,14,5,5,1.0,1.0,1.0,1.0,1.0,0,,,0.9516,0.8901,0.9382,1,1.0,0.8333,0.7143,1.0,0.9642,0.9651,0.9945
seed,0,6,2017-2020,-1,weighted,SHAP,random_forest,total,14,5,5,1.0,1.0,1.0,1.0,1.0,0,,,0.9912,0.956,0.9773,1,1.0,1.0,0.8571,1.0,0.9876,0.9888,0.9987
seed,0,7,2017-2020,-1,weighted,SHAP,random_forest,total,14,5,5,1.0,1.0,1.0,1.0,1.0,0,,,0.9253,0.8242,0.901,1,1.0,0.8333,0.7143,1.0,0.9642,0.9651,0.9945
seed,0,8,2017-2020,-1,weighted,SHAP,random_forest,total,14,5,4,0.8,0.8333,1.0,1.0,0.8,0,HighChol,,0.9297,0.8462,0.9143,1,1.0,0.8333,0.7143,1.0,0.9582,0.9599,0.994
seed,0,9,2017-2020,-1,weighted,SHAP,random_forest,total,14,5,5,1.0,1.0,1.0,1.0,1.0,0,,,0.9253,0.8242,0.9014,1,1.0,0.8333,0.7143,1.0,0.9582,0.9599,0.994
seed,1,2,2017-2020,-1,weighted,SHAP,random_forest,total,14,5,5,1.0,1.0,1.0,1.0,1.0,0,,,0.9736,0.9341,0.9658,1,1.0,1.0,0.8571,1.0,0.9816,0.9835,0.9982
seed,1,3,2017-2020,-1,weighted,SHAP,random_forest,total,14,5,5,1.0,1.0,1.0,1.0,1.0,0,,,0.9341,0.8242,0.9084,1,1.0,0.8333,0.8571,1.0,0.9627,0.9654,0.995
seed,1,4,2017-2020,-1,weighted,SHAP,random_forest,total,14,5,4,0.8,0.8333,1.0,1.0,0.8,0,HighChol,,0.956,0.8681,0.9226,1,1.0,0.8333,0.7143,1.0,0.969,0.9689,0.9947
seed,1,5,2017-2020,-1,weighted,SHAP,random_forest,total,14,5,5,1.0,1.0,1.0,1.0,1.0,0,,,0.9956,0.978,0.9854,1,1.0,0.8333,1.0,1.0,0.9902,0.9891,0.9974
seed,1,6,2017-2020,-1,weighted,SHAP,random_forest,total,14,5,5,1.0,1.0,1.0,1.0,1.0,0,,,0.9692,0.9121,0.9474,1,1.0,0.8333,0.8571,1.0,0.9766,0.9763,0.9958
seed,1,7,2017-2020,-1,weighted,SHAP,random_forest,total,14,5,5,1.0,1.0,1.0,1.0,1.0,0,,,0.9868,0.956,0.9788,1,1.0,1.0,1.0,1.0,0.9892,0.991,0.9993
seed,1,8,2017-2020,-1,weighted,SHAP,random_forest,total,14,5,4,0.8,0.8333,1.0,1.0,0.8,0,HighChol,,0.9604,0.8901,0.9405,1,1.0,0.8333,0.8571,1.0,0.9718,0.9726,0.9956
seed,1,9,2017-2020,-1,weighted,SHAP,random_forest,total,14,5,5,1.0,1.0,1.0,1.0,1.0,0,,,0.9473,0.8681,0.9263,1,1.0,0.8333,0.8571,1.0,0.9718,0.9726,0.9956
seed,2,3,2017-2020,-1,weighted,SHAP,random_forest,total,14,5,5,1.0,1.0,1.0,1.0,1.0,0,,,0.9648,0.8901,0.9409,1,1.0,0.8333,0.8571,1.0,0.9734,0.9744,0.9957
seed,2,4,2017-2020,-1,weighted,SHAP,random_forest,total,14,5,4,0.8,0.8333,1.0,1.0,0.8,0,HighChol,,0.9604,0.8901,0.9373,1,1.0,0.8333,0.8571,1.0,0.9718,0.9726,0.9956
seed,2,5,2017-2020,-1,weighted,SHAP,random_forest,total,14,5,5,1.0,1.0,1.0,1.0,1.0,0,,,0.956,0.9121,0.9505,1,1.0,0.8333,0.8571,1.0,0.9718,0.9726,0.9956
seed,2,6,2017-2020,-1,weighted,SHAP,random_forest,total,14,5,5,1.0,1.0,1.0,1.0,1.0,0,,,0.956,0.8901,0.9389,1,1.0,0.8333,0.8571,1.0,0.9718,0.9726,0.9956
seed,2,7,2017-2020,-1,weighted,SHAP,random_forest,total,14,5,5,1.0,1.0,1.0,1.0,1.0,0,,,0.9604,0.8901,0.9432,1,1.0,1.0,0.8571,1.0,0.9816,0.9835,0.9982
seed,2,8,2017-2020,-1,weighted,SHAP,random_forest,total,14,5,4,0.8,0.8333,1.0,1.0,0.8,0,HighChol,,0.9253,0.8242,0.9029,1,1.0,0.8333,0.7143,1.0,0.9582,0.9599,0.994
seed,2,9,2017-2020,-1,weighted,SHAP,random_forest,total,14,5,5,1.0,1.0,1.0,1.0,1.0,0,,,0.9297,0.8462,0.9153,1,1.0,0.8333,0.7143,1.0,0.9582,0.9599,0.994
seed,3,4,2017-2020,-1,weighted,SHAP,random_forest,total,14,5,4,0.8,0.8333,1.0,1.0,0.8,0,HighChol,,0.9253,0.8242,0.906,1,1.0,0.8333,0.7143,1.0,0.9551,0.9579,0.9939
seed,3,5,2017-2020,-1,weighted,SHAP,random_forest,total,14,5,5,1.0,1.0,1.0,1.0,1.0,0,,,0.9209,0.8022,0.8943,1,1.0,0.8333,0.8571,1.0,0.9627,0.9654,0.995
seed,3,6,2017-2020,-1,weighted,SHAP,random_forest,total,14,5,5,1.0,1.0,1.0,1.0,1.0,0,,,0.9121,0.7802,0.8819,1,1.0,0.8333,0.7143,1.0,0.9551,0.9579,0.9939
seed,3,7,2017-2020,-1,weighted,SHAP,random_forest,total,14,5,5,1.0,1.0,1.0,1.0,1.0,0,,,0.9516,0.8681,0.9307,1,1.0,0.8333,0.8571,1.0,0.9686,0.9707,0.9955
seed,3,8,2017-2020,-1,weighted,SHAP,random_forest,total,14,5,4,0.8,0.8333,1.0,1.0,0.8,0,HighChol,,0.9516,0.8901,0.9423,1,1.0,0.8333,0.8571,1.0,0.9686,0.9707,0.9955
seed,3,9,2017-2020,-1,weighted,SHAP,random_forest,total,14,5,5,1.0,1.0,1.0,1.0,1.0,0,,,0.9692,0.9121,0.9576,1,1.0,1.0,0.8571,1.0,0.9785,0.9816,0.9981
seed,4,5,2017-2020,-1,weighted,SHAP,random_forest,total,14,4,5,0.8,0.8333,1.0,1.0,0.8,0,,HighChol,0.9604,0.8901,0.9355,1,1.0,0.8333,0.7143,1.0,0.969,0.9689,0.9947
seed,4,6,2017-2020,-1,weighted,SHAP,random_forest,total,14,4,5,0.8,0.8333,1.0,1.0,0.8,0,,HighChol,0.9868,0.956,0.9725,1,1.0,0.8333,0.8571,1.0,0.9826,0.9816,0.9963
seed,4,7,2017-2020,-1,weighted,SHAP,random_forest,total,14,4,5,0.8,0.8333,1.0,1.0,0.8,0,,HighChol,0.9473,0.8681,0.9252,1,1.0,0.8333,0.7143,1.0,0.9642,0.9651,0.9945
seed,4,8,2017-2020,-1,weighted,SHAP,random_forest,total,14,4,4,1.0,1.0,1.0,1.0,1.0,0,,,0.9297,0.8462,0.9153,1,1.0,0.8333,0.7143,1.0,0.9582,0.9599,0.994
seed,4,9,2017-2020,-1,weighted,SHAP,random_forest,total,14,4,5,0.8,0.8333,1.0,1.0,0.8,0,,HighChol,0.9209,0.8242,0.902,1,1.0,0.8333,0.7143,1.0,0.9582,0.9599,0.994
seed,5,6,2017-2020,-1,weighted,SHAP,random_forest,total,14,5,5,1.0,1.0,1.0,1.0,1.0,0,,,0.978,0.9341,0.9613,1,1.0,0.8333,0.8571,1.0,0.9766,0.9763,0.9958
seed,5,7,2017-2020,-1,weighted,SHAP,random_forest,total,14,5,5,1.0,1.0,1.0,1.0,1.0,0,,,0.9824,0.9341,0.9641,1,1.0,0.8333,1.0,1.0,0.9794,0.9801,0.9967
seed,5,8,2017-2020,-1,weighted,SHAP,random_forest,total,14,5,4,0.8,0.8333,1.0,1.0,0.8,0,HighChol,,0.9692,0.9121,0.9553,1,1.0,1.0,0.8571,1.0,0.9816,0.9835,0.9982
seed,5,9,2017-2020,-1,weighted,SHAP,random_forest,total,14,5,5,1.0,1.0,1.0,1.0,1.0,0,,,0.9516,0.8901,0.9399,1,1.0,0.8333,0.8571,1.0,0.9718,0.9726,0.9956
seed,6,7,2017-2020,-1,weighted,SHAP,random_forest,total,14,5,5,1.0,1.0,1.0,1.0,1.0,0,,,0.9429,0.8681,0.9247,1,1.0,0.8333,0.8571,1.0,0.9718,0.9726,0.9956
seed,6,8,2017-2020,-1,weighted,SHAP,random_forest,total,14,5,4,0.8,0.8333,1.0,1.0,0.8,0,HighChol,,0.9385,0.8462,0.9167,1,1.0,0.8333,0.8571,1.0,0.9658,0.9674,0.9951
seed,6,9,2017-2020,-1,weighted,SHAP,random_forest,total,14,5,5,1.0,1.0,1.0,1.0,1.0,0,,,0.9253,0.8242,0.9025,1,1.0,0.8333,0.8571,1.0,0.9658,0.9674,0.9951
seed,7,8,2017-2020,-1,weighted,SHAP,random_forest,total,14,5,4,0.8,0.8333,1.0,1.0,0.8,0,HighChol,,0.978,0.9341,0.9613,1,1.0,0.8333,0.8571,1.0,0.9766,0.9763,0.9958
seed,7,9,2017-2020,-1,weighted,SHAP,random_forest,total,14,5,5,1.0,1.0,1.0,1.0,1.0,0,,,0.9692,0.9121,0.9474,1,1.0,0.8333,0.8571,1.0,0.9766,0.9763,0.9958
seed,8,9,2017-2020,-1,weighted,SHAP,random_forest,total,14,4,5,0.8,0.8333,1.0,1.0,0.8,0,,HighChol,0.9956,0.978,0.9854,1,1.0,0.8333,1.0,1.0,0.9902,0.9891,0.9974
seed,0,1,2017-2020,-1,weighted,SHAP,xgboost,diag,14,4,4,1.0,0.7143,0.6,1.0,1.0,0,,,0.9077,0.7802,0.886,0,0.8,0.8333,0.8571,0.9,0.9435,0.9453,0.9887
seed,0,2,2017-2020,-1,weighted,SHAP,xgboost,diag,14,4,4,1.0,0.5714,0.5,1.0,1.0,0,,,0.9692,0.9121,0.9614,1,1.0,1.0,1.0,0.9,0.9822,0.9864,0.9992
seed,0,3,2017-2020,-1,weighted,SHAP,xgboost,diag,14,4,4,1.0,0.6667,0.6667,1.0,1.0,0,,,0.9736,0.8901,0.9489,1,1.0,0.8333,1.0,1.0,0.9741,0.9771,0.9966
seed,0,4,2017-2020,-1,weighted,SHAP,xgboost,diag,14,4,4,1.0,0.6667,0.6667,1.0,1.0,0,,,0.956,0.8681,0.932,1,1.0,1.0,0.8571,1.0,0.9757,0.9783,0.9977
seed,0,5,2017-2020,-1,weighted,SHAP,xgboost,diag,14,4,4,1.0,0.5,0.5714,1.0,1.0,0,,,0.9473,0.8681,0.9329,1,1.0,0.8333,0.8571,1.0,0.9696,0.9716,0.9956
seed,0,6,2017-2020,-1,weighted,SHAP,xgboost,diag,14,4,4,1.0,0.8333,0.8,1.0,1.0,0,,,0.956,0.8462,0.9227,0,0.8,1.0,0.8571,1.0,0.9632,0.9641,0.9919
seed,0,7,2017-2020,-1,weighted,SHAP,xgboost,diag,14,4,4,1.0,0.8333,0.8,1.0,1.0,0,,,0.9604,0.8901,0.944,1,1.0,0.8333,0.8571,1.0,0.9696,0.9716,0.9956
seed,0,8,2017-2020,-1,weighted,SHAP,xgboost,diag,14,4,4,1.0,0.8333,0.8,1.0,1.0,0,,,0.9473,0.8681,0.9353,1,1.0,0.8333,0.8571,1.0,0.9665,0.9696,0.9955
seed,0,9,2017-2020,-1,weighted,SHAP,xgboost,diag,14,4,4,1.0,0.5,0.5714,1.0,1.0,0,,,0.9824,0.9341,0.9682,1,1.0,1.0,1.0,1.0,0.9892,0.991,0.9993
seed,1,2,2017-2020,-1,weighted,SHAP,xgboost,diag,14,4,4,1.0,0.8571,0.75,1.0,1.0,0,,,0.9385,0.8242,0.9079,0,0.8,0.8333,0.8571,0.9,0.9526,0.9525,0.9892
seed,1,3,2017-2020,-1,weighted,SHAP,xgboost,diag,14,4,4,1.0,0.7143,0.6,1.0,1.0,0,,,0.9341,0.8462,0.9093,0,0.8,0.6667,0.8571,0.9,0.945,0.9426,0.9866
seed,1,4,2017-2020,-1,weighted,SHAP,xgboost,diag,14,4,4,1.0,0.7143,0.6,1.0,1.0,0,,,0.9604,0.8681,0.9334,0,0.8,0.8333,1.0,0.9,0.963,0.9633,0.9908
seed,1,5,2017-2020,-1,weighted,SHAP,xgboost,diag,14,4,4,1.0,0.5714,0.5,1.0,1.0,0,,,0.9648,0.8681,0.9233,0,0.8,0.8333,1.0,0.9,0.964,0.9628,0.9905
seed,1,6,2017-2020,-1,weighted,SHAP,xgboost,diag,14,4,4,1.0,0.8571,0.75,1.0,1.0,0,,,0.9868,0.9341,0.9652,1,1.0,0.8333,1.0,0.9,0.9803,0.9812,0.9968
seed,1,7,2017-2020,-1,weighted,SHAP,xgboost,diag,14,4,4,1.0,0.8571,0.75,1.0,1.0,0,,,0.9209,0.8022,0.886,0,0.8,0.6667,0.8571,0.9,0.9418,0.9407,0.9866
seed,1,8,2017-2020,-1,weighted,SHAP,xgboost,diag,14,4,4,1.0,0.8571,0.75,1.0,1.0,0,,,0.9604,0.8681,0.9215,0,0.8,0.8333,1.0,0.9,0.9624,0.961,0.9903
seed,1,9,2017-2020,-1,weighted,SHAP,xgboost,diag,14,4,4,1.0,0.5714,0.5,1.0,1.0,0,,,0.9516,0.8462,0.9194,0,0.8,0.8333,0.8571,0.9,0.9542,0.9543,0.9894
seed,2,3,2017-2020,-1,weighted,SHAP,xgboost,diag,14,4,4,1.0,0.8333,0.8,1.0,1.0,0,,,0.9868,0.9341,0.9693,1,1.0,0.8333,1.0,0.9,0.9841,0.9853,0.9973
seed,2,4,2017-2020,-1,weighted,SHAP,xgboost,diag,14,4,4,1.0,0.5714,0.5,1.0,1.0,0,,,0.9473,0.8681,0.9378,1,1.0,1.0,0.8571,0.9,0.9746,0.9789,0.998
seed,2,5,2017-2020,-1,weighted,SHAP,xgboost,diag,14,4,4,1.0,0.6667,0.6667,1.0,1.0,0,,,0.9604,0.8681,0.9382,1,1.0,0.8333,0.8571,0.9,0.9686,0.9722,0.9959
seed,2,6,2017-2020,-1,weighted,SHAP,xgboost,diag,14,4,4,1.0,0.7143,0.6,1.0,1.0,0,,,0.9736,0.8901,0.9439,0,0.8,1.0,0.8571,0.9,0.9685,0.9687,0.9923
seed,2,7,2017-2020,-1,weighted,SHAP,xgboost,diag,14,4,4,1.0,0.7143,0.6,1.0,1.0,0,,,0.9692,0.8901,0.9482,1,1.0,0.8333,0.8571,0.9,0.9733,0.9759,0.9961
seed,2,8,2017-2020,-1,weighted,SHAP,xgboost,diag,14,4,4,1.0,0.7143,0.6,1.0,1.0,0,,,0.978,0.9121,0.9565,1,1.0,0.8333,0.8571,0.9,0.9765,0.9778,0.9962
seed,2,9,2017-2020,-1,weighted,SHAP,xgboost,diag,14,4,4,1.0,0.6667,0.6667,1.0,1.0,0,,,0.978,0.9341,0.9727,1,1.0,1.0,1.0,0.9,0.9882,0.9916,0.9996
seed,3,4,2017-2020,-1,weighted,SHAP,xgboost,diag,14,4,4,1.0,0.6667,0.6667,1.0,1.0,0,,,0.9429,0.8462,0.9247,1,1.0,0.8333,0.8571,1.0,0.9665,0.9696,0.9955
seed,3,5,2017-2020,-1,weighted,SHAP,xgboost,diag,14,4,4,1.0,0.8,0.8333,1.0,1.0,0,,,0.9736,0.8901,0.9406,1,1.0,0.8333,0.8571,1.0,0.9746,0.9759,0.996
seed,3,6,2017-2020,-1,weighted,SHAP,xgboost,diag,14,4,4,1.0,0.8333,0.8,1.0,1.0,0,,,0.9736,0.9121,0.945,0,0.8,0.8333,0.8571,1.0,0.9647,0.9615,0.9898
seed,3,7,2017-2020,-1,weighted,SHAP,xgboost,diag,14,4,4,1.0,0.8333,0.8,1.0,1.0,0,,,0.9912,0.956,0.9791,1,1.0,1.0,0.8571,1.0,0.9892,0.9906,0.9988
seed,3,8,2017-2020,-1,weighted,SHAP,xgboost,diag,14,4,4,1.0,0.8333,0.8,1.0,1.0,0,,,0.9824,0.9341,0.9589,1,1.0,0.8333,0.8571,1.0,0.9826,0.9816,0.9963
seed,3,9,2017-2020,-1,weighted,SHAP,xgboost,diag,14,4,4,1.0,0.8,0.8333,1.0,1.0,0,,,0.9824,0.9121,0.9601,1,1.0,0.8333,1.0,1.0,0.98,0.9823,0.9971
seed,4,5,2017-2020,-1,weighted,SHAP,xgboost,diag,14,4,4,1.0,0.5,0.5714,1.0,1.0,0,,,0.978,0.9121,0.9571,1,1.0,0.8333,1.0,1.0,0.9772,0.979,0.9967
seed,4,6,2017-2020,-1,weighted,SHAP,xgboost,diag,14,4,4,1.0,0.8333,0.8,1.0,1.0,0,,,0.9736,0.8901,0.9462,0,0.8,1.0,1.0,1.0,0.9708,0.9716,0.993
seed,4,7,2017-2020,-1,weighted,SHAP,xgboost,diag,14,4,4,1.0,0.8333,0.8,1.0,1.0,0,,,0.9429,0.8462,0.9193,1,1.0,0.8333,0.8571,1.0,0.9696,0.9716,0.9956
seed,4,8,2017-2020,-1,weighted,SHAP,xgboost,diag,14,4,4,1.0,0.8333,0.8,1.0,1.0,0,,,0.9692,0.8681,0.9383,1,1.0,0.8333,1.0,1.0,0.9741,0.9771,0.9966
seed,4,9,2017-2020,-1,weighted,SHAP,xgboost,diag,14,4,4,1.0,0.5,0.5714,1.0,1.0,0,,,0.9736,0.9341,0.9658,1,1.0,1.0,0.8571,1.0,0.9816,0.9835,0.9982
seed,5,6,2017-2020,-1,weighted,SHAP,xgboost,diag,14,4,4,1.0,0.6667,0.6667,1.0,1.0,0,,,0.9824,0.9341,0.9595,0,0.8,0.8333,1.0,1.0,0.9739,0.9707,0.9911
seed,5,7,2017-2020,-1,weighted,SHAP,xgboost,diag,14,4,4,1.0,0.6667,0.6667,1.0,1.0,0,,,0.9824,0.9341,0.9626,1,1.0,0.8333,0.8571,1.0,0.9778,0.9779,0.9961
seed,5,8,2017-2020,-1,weighted,SHAP,xgboost,diag,14,4,4,1.0,0.6667,0.6667,1.0,1.0,0,,,0.9912,0.956,0.9818,1,1.0,1.0,1.0,1.0,0.992,0.9943,0.9997
seed,5,9,2017-2020,-1,weighted,SHAP,xgboost,diag,14,4,4,1.0,1.0,1.0,1.0,1.0,0,,,0.9824,0.9341,0.9655,1,1.0,0.8333,0.8571,1.0,0.9804,0.9805,0.9963
seed,6,7,2017-2020,-1,weighted,SHAP,xgboost,diag,14,4,4,1.0,1.0,1.0,1.0,1.0,0,,,0.9604,0.8681,0.9227,0,0.8,0.8333,0.8571,1.0,0.9615,0.9595,0.9898
seed,6,8,2017-2020,-1,weighted,SHAP,xgboost,diag,14,4,4,1.0,1.0,1.0,1.0,1.0,0,,,0.9824,0.9341,0.9578,0,0.8,0.8333,1.0,1.0,0.9723,0.969,0.9909
seed,6,9,2017-2020,-1,weighted,SHAP,xgboost,diag,14,4,4,1.0,0.6667,0.6667,1.0,1.0,0,,,0.9824,0.9121,0.9547,0,0.8,1.0,0.8571,1.0,0.9739,0.9731,0.9926
seed,7,8,2017-2020,-1,weighted,SHAP,xgboost,diag,14,4,4,1.0,1.0,1.0,1.0,1.0,0,,,0.9824,0.9341,0.9643,1,1.0,0.8333,0.8571,1.0,0.9794,0.9796,0.9962
seed,7,9,2017-2020,-1,weighted,SHAP,xgboost,diag,14,4,4,1.0,0.6667,0.6667,1.0,1.0,0,,,0.978,0.9121,0.9555,1,1.0,0.8333,0.8571,1.0,0.9756,0.9768,0.9961
seed,8,9,2017-2020,-1,weighted,SHAP,xgboost,diag,14,4,4,1.0,0.6667,0.6667,1.0,1.0,0,,,0.9736,0.8901,0.9473,1,1.0,0.8333,0.8571,1.0,0.9724,0.9748,0.996
seed,0,1,2017-2020,-1,weighted,SHAP,xgboost,lab,14,3,3,1.0,0.8333,0.8333,1.0,1.0,0,,,0.9692,0.9121,0.965,1,1.0,1.0,1.0,0.9,0.9856,0.9902,0.9996
seed,0,2,2017-2020,-1,weighted,SHAP,xgboost,lab,14,3,4,0.75,0.5714,0.6667,1.0,0.75,0,,HighBP,0.9824,0.9121,0.9446,0,1.0,0.8333,1.0,1.0,0.9628,0.9563,0.9812
seed,0,3,2017-2020,-1,weighted,SHAP,xgboost,lab,14,3,3,1.0,0.6667,0.7143,1.0,1.0,0,,,0.978,0.9121,0.9284,0,1.0,1.0,0.8571,1.0,0.9383,0.9053,0.8734
seed,0,4,2017-2020,-1,weighted,SHAP,xgboost,lab,14,3,4,0.75,0.6667,0.8333,1.0,0.75,0,,HighBP,0.9692,0.8681,0.8952,0,1.0,1.0,0.8571,1.0,0.92,0.8797,0.8577
seed,0,5,2017-2020,-1,weighted,SHAP,xgboost,lab,14,3,4,0.75,0.6667,0.8333,1.0,0.75,0,,HighBP,0.978,0.8901,0.9052,0,1.0,0.8333,1.0,1.0,0.9178,0.8763,0.8562
seed,0,6,2017-2020,-1,weighted,SHAP,xgboost,lab,14,3,3,1.0,0.6667,0.7143,1.0,1.0,0,,,0.9868,0.9341,0.9412,0,1.0,1.0,1.0,1.0,0.9459,0.9128,0.8745
seed,0,7,2017-2020,-1,weighted,SHAP,xgboost,lab,14,3,3,1.0,1.0,1.0,1.0,1.0,0,,,0.9868,0.9341,0.9558,0,1.0,0.8333,1.0,1.0,0.9688,0.9615,0.9817
seed,0,8,2017-2020,-1,weighted,SHAP,xgboost,lab,14,3,3,1.0,0.8333,0.8333,1.0,1.0,0,,,0.9824,0.9341,0.9678,1,1.0,1.0,0.8571,1.0,0.9833,0.9853,0.9984
seed,0,9,2017-2020,-1,weighted,SHAP,xgboost,lab,14,3,3,1.0,0.6667,0.7143,1.0,1.0,0,,,0.978,0.9121,0.9284,0,1.0,1.0,0.8571,1.0,0.9383,0.9053,0.8734
seed,1,2,2017-2020,-1,weighted,SHAP,xgboost,lab,14,3,4,0.75,0.7143,0.8,1.0,0.75,0,,HighBP,0.9604,0.8681,0.9261,0,1.0,0.8333,1.0,0.9,0.9547,0.9504,0.9809
seed,1,3,2017-2020,-1,weighted,SHAP,xgboost,lab,14,3,3,1.0,0.5714,0.5714,1.0,1.0,0,,,0.956,0.8681,0.9098,0,1.0,1.0,0.8571,0.9,0.9302,0.8994,0.8731
seed,1,4,2017-2020,-1,weighted,SHAP,xgboost,lab,14,3,4,0.75,0.5714,0.6667,1.0,0.75,0,,HighBP,0.9385,0.8242,0.8762,0,1.0,1.0,0.8571,0.9,0.9119,0.8738,0.8574
seed,1,5,2017-2020,-1,weighted,SHAP,xgboost,lab,14,3,4,0.75,0.5714,0.6667,1.0,0.75,0,,HighBP,0.956,0.8462,0.8866,0,1.0,0.8333,1.0,0.9,0.9097,0.8704,0.8559
seed,1,6,2017-2020,-1,weighted,SHAP,xgboost,lab,14,3,3,1.0,0.5714,0.5714,1.0,1.0,0,,,0.9648,0.8901,0.9226,0,1.0,1.0,1.0,0.9,0.9377,0.9069,0.8742
seed,1,7,2017-2020,-1,weighted,SHAP,xgboost,lab,14,3,3,1.0,0.8333,0.8333,1.0,1.0,0,,,0.9736,0.8901,0.9374,0,1.0,0.8333,1.0,0.9,0.9607,0.9556,0.9814
seed,1,8,2017-2020,-1,weighted,SHAP,xgboost,lab,14,3,3,1.0,0.7143,0.6667,1.0,1.0,0,,,0.9604,0.8901,0.9492,1,1.0,1.0,0.8571,0.9,0.9752,0.9794,0.9981
seed,1,9,2017-2020,-1,weighted,SHAP,xgboost,lab,14,3,3,1.0,0.5714,0.5714,1.0,1.0,0,,,0.956,0.8681,0.9098,0,1.0,1.0,0.8571,0.9,0.9302,0.8994,0.8731
seed,2,3,2017-2020,-1,weighted,SHAP,xgboost,lab,14,4,3,0.75,0.5714,0.6667,1.0,0.75,0,HighBP,,0.9604,0.8681,0.8884,0,1.0,0.8333,0.8571,1.0,0.9134,0.8707,0.8552
seed,2,4,2017-2020,-1,weighted,SHAP,xgboost,lab,14,4,4,1.0,0.8333,0.8,1.0,1.0,0,,,0.9692,0.9121,0.9216,0,1.0,0.8333,0.8571,1.0,0.9316,0.8963,0.8708
seed,2,5,2017-2020,-1,weighted,SHAP,xgboost,lab,14,4,4,1.0,0.8333,0.8,1.0,1.0,0,,,0.9956,0.978,0.9606,0,1.0,1.0,1.0,1.0,0.955,0.92,0.875
seed,2,6,2017-2020,-1,weighted,SHAP,xgboost,lab,14,4,3,0.75,0.5714,0.6667,1.0,0.75,0,HighBP,,0.9868,0.9341,0.9246,0,1.0,0.8333,1.0,1.0,0.9269,0.8835,0.8568
seed,2,7,2017-2020,-1,weighted,SHAP,xgboost,lab,14,4,3,0.75,0.5714,0.6667,1.0,0.75,0,HighBP,,0.9956,0.978,0.9888,1,1.0,1.0,1.0,1.0,0.994,0.9948,0.9995
seed,2,8,2017-2020,-1,weighted,SHAP,xgboost,lab,14,4,3,0.75,0.7143,0.8,1.0,0.75,0,HighBP,,0.9648,0.8901,0.9278,0,1.0,0.8333,0.8571,1.0,0.9584,0.9507,0.9802
seed,2,9,2017-2020,-1,weighted,SHAP,xgboost,lab,14,4,3,0.75,0.5714,0.6667,1.0,0.75,0,HighBP,,0.9604,0.8681,0.8884,0,1.0,0.8333,0.8571,1.0,0.9134,0.8707,0.8552
seed,3,4,2017-2020,-1,weighted,SHAP,xgboost,lab,14,3,4,0.75,0.6667,0.8333,1.0,0.75,0,,HighBP,0.9912,0.956,0.966,0,1.0,1.0,0.8571,1.0,0.9742,0.9669,0.9833
seed,3,5,2017-2020,-1,weighted,SHAP,xgboost,lab,14,3,4,0.75,0.6667,0.8333,1.0,0.75,0,,HighBP,0.9648,0.8901,0.9278,0,1.0,0.8333,0.8571,1.0,0.9584,0.9507,0.9802
seed,3,6,2017-2020,-1,weighted,SHAP,xgboost,lab,14,3,3,1.0,0.6667,0.7143,1.0,1.0,0,,,0.9824,0.9341,0.9641,1,1.0,1.0,0.8571,1.0,0.9864,0.9873,0.9984
seed,3,7,2017-2020,-1,weighted,SHAP,xgboost,lab,14,3,3,1.0,0.6667,0.7143,1.0,1.0,0,,,0.9648,0.8901,0.9003,0,1.0,0.8333,0.8571,1.0,0.9134,0.8707,0.8552
seed,3,8,2017-2020,-1,weighted,SHAP,xgboost,lab,14,3,3,1.0,0.8333,0.8333,1.0,1.0,0,,,0.9956,0.978,0.9606,0,1.0,1.0,1.0,1.0,0.955,0.92,0.875
seed,3,9,2017-2020,-1,weighted,SHAP,xgboost,lab,14,3,3,1.0,1.0,1.0,1.0,1.0,0,,,1.0,1.0,1.0,1,1.0,1.0,1.0,1.0,1.0,1.0,1.0
seed,4,5,2017-2020,-1,weighted,SHAP,xgboost,lab,14,4,4,1.0,1.0,1.0,1.0,1.0,0,,,0.9736,0.9341,0.961,1,1.0,0.8333,0.8571,1.0,0.9766,0.9763,0.9958
seed,4,6,2017-2020,-1,weighted,SHAP,xgboost,lab,14,4,3,0.75,0.6667,0.8333,1.0,0.75,0,HighBP,,0.9824,0.9341,0.9548,0,1.0,1.0,0.8571,1.0,0.9682,0.9617,0.9828
seed,4,7,2017-2020,-1,weighted,SHAP,xgboost,lab,14,4,3,0.75,0.6667,0.8333,1.0,0.75,0,HighBP,,0.9648,0.8901,0.9097,0,1.0,0.8333,0.8571,1.0,0.9316,0.8963,0.8708
seed,4,8,2017-2020,-1,weighted,SHAP,xgboost,lab,14,4,3,0.75,0.8333,1.0,1.0,0.75,0,HighBP,,0.9868,0.9341,0.9266,0,1.0,1.0,0.8571,1.0,0.9292,0.8869,0.8583
seed,4,9,2017-2020,-1,weighted,SHAP,xgboost,lab,14,4,3,0.75,0.6667,0.8333,1.0,0.75,0,HighBP,,0.9912,0.956,0.966,0,1.0,1.0,0.8571,1.0,0.9742,0.9669,0.9833
seed,5,6,2017-2020,-1,weighted,SHAP,xgboost,lab,14,4,3,0.75,0.6667,0.8333,1.0,0.75,0,HighBP,,0.9912,0.956,0.9641,0,1.0,0.8333,1.0,1.0,0.9719,0.9635,0.9818
seed,5,7,2017-2020,-1,weighted,SHAP,xgboost,lab,14,4,3,0.75,0.6667,0.8333,1.0,0.75,0,HighBP,,0.9912,0.956,0.9494,0,1.0,1.0,1.0,1.0,0.949,0.9148,0.8745
seed,5,8,2017-2020,-1,weighted,SHAP,xgboost,lab,14,4,3,0.75,0.8333,1.0,1.0,0.75,0,HighBP,,0.9604,0.8681,0.8884,0,1.0,0.8333,0.8571,1.0,0.9134,0.8707,0.8552
seed,5,9,2017-2020,-1,weighted,SHAP,xgboost,lab,14,4,3,0.75,0.6667,0.8333,1.0,0.75,0,HighBP,,0.9648,0.8901,0.9278,0,1.0,0.8333,0.8571,1.0,0.9584,0.9507,0.9802
seed,6,7,2017-2020,-1,weighted,SHAP,xgboost,lab,14,3,3,1.0,0.6667,0.7143,1.0,1.0,0,,,0.9824,0.9121,0.9135,0,1.0,0.8333,1.0,1.0,0.921,0.8782,0.8563
seed,6,8,2017-2020,-1,weighted,SHAP,xgboost,lab,14,3,3,1.0,0.8333,0.8333,1.0,1.0,0,,,0.978,0.9121,0.9247,0,1.0,1.0,0.8571,1.0,0.9414,0.9073,0.8734
seed,6,9,2017-2020,-1,weighted,SHAP,xgboost,lab,14,3,3,1.0,0.6667,0.7143,1.0,1.0,0,,,0.9824,0.9341,0.9641,1,1.0,1.0,0.8571,1.0,0.9864,0.9873,0.9984
seed,7,8,2017-2020,-1,weighted,SHAP,xgboost,lab,14,3,3,1.0,0.8333,0.8333,1.0,1.0,0,,,0.9692,0.9121,0.9397,0,1.0,0.8333,0.8571,1.0,0.9584,0.9507,0.9802
seed,7,9,2017-2020,-1,weighted,SHAP,xgboost,lab,14,3,3,1.0,0.6667,0.7143,1.0,1.0,0,,,0.9648,0.8901,0.9003,0,1.0,0.8333,0.8571,1.0,0.9134,0.8707,0.8552
seed,8,9,2017-2020,-1,weighted,SHAP,xgboost,lab,14,3,3,1.0,0.8333,0.8333,1.0,1.0,0,,,0.9956,0.978,0.9606,0,1.0,1.0,1.0,1.0,0.955,0.92,0.875
seed,0,1,2017-2020,-1,weighted,SHAP,xgboost,total,14,4,4,1.0,0.6667,0.6667,1.0,1.0,0,,,0.9297,0.8462,0.9323,1,1.0,1.0,1.0,0.8,0.9735,0.98,0.9988
seed,0,2,2017-2020,-1,weighted,SHAP,xgboost,total,14,4,4,1.0,0.5714,0.5,1.0,1.0,0,,,0.9516,0.8681,0.9415,1,1.0,1.0,0.8571,0.9,0.9724,0.9778,0.998
seed,0,3,2017-2020,-1,weighted,SHAP,xgboost,total,14,4,4,1.0,0.6,0.7143,1.0,1.0,0,,,0.9165,0.8242,0.8896,0,1.0,1.0,0.8571,0.8,0.9209,0.8925,0.8727
seed,0,4,2017-2020,-1,weighted,SHAP,xgboost,total,14,4,4,1.0,0.4286,0.4286,1.0,1.0,0,,,0.9604,0.8901,0.9494,1,1.0,1.0,1.0,0.9,0.9854,0.9883,0.9992
seed,0,5,2017-2020,-1,weighted,SHAP,xgboost,total,14,4,4,1.0,0.8,0.8333,1.0,1.0,0,,,0.9473,0.8901,0.9482,1,1.0,1.0,0.8571,0.9,0.9746,0.9789,0.998
seed,0,6,2017-2020,-1,weighted,SHAP,xgboost,total,14,4,4,1.0,1.0,1.0,1.0,1.0,0,,,0.9692,0.9121,0.9631,1,1.0,1.0,1.0,0.9,0.9882,0.9916,0.9996
seed,0,7,2017-2020,-1,weighted,SHAP,xgboost,total,14,4,4,1.0,1.0,1.0,1.0,1.0,0,,,0.9868,0.956,0.9725,1,1.0,0.8333,0.8571,1.0,0.9826,0.9816,0.9963
seed,0,8,2017-2020,-1,weighted,SHAP,xgboost,total,14,4,4,1.0,0.5,0.5714,1.0,1.0,0,,,0.9033,0.8022,0.8961,1,1.0,0.8333,0.8571,0.9,0.9588,0.9627,0.9949
seed,0,9,2017-2020,-1,weighted,SHAP,xgboost,total,14,4,4,1.0,0.5,0.5714,1.0,1.0,0,,,0.9692,0.9121,0.9569,1,1.0,1.0,0.8571,0.9,0.9778,0.9809,0.9981
seed,1,2,2017-2020,-1,weighted,SHAP,xgboost,total,14,4,4,1.0,0.8571,0.75,1.0,1.0,0,,,0.9077,0.8022,0.9096,1,1.0,1.0,0.8571,0.9,0.9617,0.9689,0.9973
seed,1,3,2017-2020,-1,weighted,SHAP,xgboost,total,14,4,4,1.0,0.6667,0.6667,1.0,1.0,0,,,0.9516,0.8462,0.8926,0,1.0,1.0,0.8571,1.0,0.9307,0.8983,0.8727
seed,1,4,2017-2020,-1,weighted,SHAP,xgboost,total,14,4,4,1.0,0.5,0.3333,1.0,1.0,0,,,0.9429,0.8681,0.9429,1,1.0,1.0,1.0,0.8,0.9783,0.9837,0.9991
seed,1,5,2017-2020,-1,weighted,SHAP,xgboost,total,14,4,4,1.0,0.8333,0.8,1.0,1.0,0,,,0.9648,0.9121,0.9568,1,1.0,1.0,0.8571,0.9,0.9778,0.9809,0.9981
seed,1,6,2017-2020,-1,weighted,SHAP,xgboost,total,14,4,4,1.0,0.6667,0.6667,1.0,1.0,0,,,0.9604,0.8901,0.9507,1,1.0,1.0,1.0,0.9,0.9822,0.9864,0.9992
seed,1,7,2017-2020,-1,weighted,SHAP,xgboost,total,14,4,4,1.0,0.6667,0.6667,1.0,1.0,0,,,0.8989,0.8022,0.904,1,1.0,0.8333,0.8571,0.8,0.9561,0.9616,0.9951
seed,1,8,2017-2020,-1,weighted,SHAP,xgboost,total,14,4,4,1.0,0.5714,0.5,1.0,1.0,0,,,0.9209,0.8242,0.9069,1,1.0,0.8333,0.8571,0.9,0.962,0.9647,0.995
seed,1,9,2017-2020,-1,weighted,SHAP,xgboost,total,14,4,4,1.0,0.5714,0.5,1.0,1.0,0,,,0.9253,0.8462,0.9277,1,1.0,1.0,0.8571,0.9,0.9746,0.9789,0.998
seed,2,3,2017-2020,-1,weighted,SHAP,xgboost,total,14,4,4,1.0,0.5714,0.5,1.0,1.0,0,,,0.9341,0.8242,0.8945,0,1.0,1.0,1.0,0.9,0.9302,0.9016,0.8739
seed,2,4,2017-2020,-1,weighted,SHAP,xgboost,total,14,4,4,1.0,0.625,0.4,1.0,1.0,0,,,0.9121,0.8022,0.909,1,1.0,1.0,0.8571,0.9,0.9617,0.9689,0.9973
seed,2,5,2017-2020,-1,weighted,SHAP,xgboost,total,14,4,4,1.0,0.7143,0.6,1.0,1.0,0,,,0.9209,0.8022,0.91,1,1.0,1.0,0.8571,0.9,0.9665,0.9726,0.9975
seed,2,6,2017-2020,-1,weighted,SHAP,xgboost,total,14,4,4,1.0,0.5714,0.5,1.0,1.0,0,,,0.9736,0.9121,0.959,1,1.0,1.0,0.8571,1.0,0.9795,0.9825,0.9982
seed,2,7,2017-2020,-1,weighted,SHAP,xgboost,total,14,4,4,1.0,0.5714,0.5,1.0,1.0,0,,,0.956,0.8681,0.9397,1,1.0,0.8333,1.0,0.9,0.9702,0.9744,0.9965
seed,2,8,2017-2020,-1,weighted,SHAP,xgboost,total,14,4,4,1.0,0.5,0.3333,1.0,1.0,0,,,0.8418,0.7143,0.8587,1,1.0,0.8333,0.7143,0.9,0.9383,0.9452,0.9931
seed,2,9,2017-2020,-1,weighted,SHAP,xgboost,total,14,4,4,1.0,0.5,0.3333,1.0,1.0,0,,,0.8945,0.7802,0.8978,1,1.0,1.0,0.8571,0.9,0.9617,0.9689,0.9973
seed,3,4,2017-2020,-1,weighted,SHAP,xgboost,total,14,4,4,1.0,0.4286,0.4286,1.0,1.0,0,,,0.9033,0.8022,0.8774,0,1.0,1.0,0.8571,0.8,0.9209,0.8925,0.8727
seed,3,5,2017-2020,-1,weighted,SHAP,xgboost,total,14,4,4,1.0,0.8,0.8333,1.0,1.0,0,,,0.9648,0.8901,0.9175,0,1.0,1.0,0.8571,0.9,0.9328,0.9009,0.8731
seed,3,6,2017-2020,-1,weighted,SHAP,xgboost,total,14,4,4,1.0,0.6,0.7143,1.0,1.0,0,,,0.9516,0.8681,0.9091,0,1.0,1.0,0.8571,0.9,0.9296,0.8989,0.873
seed,3,7,2017-2020,-1,weighted,SHAP,xgboost,total,14,4,4,1.0,0.6,0.7143,1.0,1.0,0,,,0.9253,0.8242,0.8879,0,1.0,0.8333,1.0,0.8,0.9187,0.8891,0.8712
seed,3,8,2017-2020,-1,weighted,SHAP,xgboost,total,14,4,4,1.0,0.5,0.5714,1.0,1.0,0,,,0.8989,0.8022,0.8677,0,1.0,0.8333,0.7143,0.9,0.9046,0.8735,0.8687
seed,3,9,2017-2020,-1,weighted,SHAP,xgboost,total,14,4,4,1.0,0.5,0.5714,1.0,1.0,0,,,0.9077,0.7802,0.8652,0,1.0,1.0,0.8571,0.9,0.9188,0.8899,0.8723
seed,4,5,2017-2020,-1,weighted,SHAP,xgboost,total,14,4,4,1.0,0.5714,0.5,1.0,1.0,0,,,0.9736,0.9121,0.96,1,1.0,1.0,0.8571,0.9,0.9806,0.9841,0.9985
seed,4,6,2017-2020,-1,weighted,SHAP,xgboost,total,14,4,4,1.0,0.4286,0.4286,1.0,1.0,0,,,0.956,0.8901,0.9517,1,1.0,1.0,1.0,0.9,0.9822,0.9864,0.9992
seed,4,7,2017-2020,-1,weighted,SHAP,xgboost,total,14,4,4,1.0,0.4286,0.4286,1.0,1.0,0,,,0.9209,0.8462,0.9206,1,1.0,0.8333,0.8571,0.9,0.9679,0.9699,0.9955
seed,4,8,2017-2020,-1,weighted,SHAP,xgboost,total,14,4,4,1.0,0.8333,0.8,1.0,1.0,0,,,0.956,0.8681,0.9301,1,1.0,0.8333,0.8571,0.9,0.9695,0.9717,0.9956
seed,4,9,2017-2020,-1,weighted,SHAP,xgboost,total,14,4,4,1.0,0.8333,0.8,1.0,1.0,0,,,0.9824,0.9341,0.967,1,1.0,1.0,0.8571,0.9,0.9826,0.9846,0.9983
seed,5,6,2017-2020,-1,weighted,SHAP,xgboost,total,14,4,4,1.0,0.8,0.8333,1.0,1.0,0,,,0.9692,0.8901,0.9501,1,1.0,1.0,0.8571,0.9,0.9794,0.9826,0.9983
seed,5,7,2017-2020,-1,weighted,SHAP,xgboost,total,14,4,4,1.0,0.8,0.8333,1.0,1.0,0,,,0.9297,0.8462,0.9212,1,1.0,0.8333,0.8571,0.9,0.9648,0.968,0.9954
seed,5,8,2017-2020,-1,weighted,SHAP,xgboost,total,14,4,4,1.0,0.6667,0.6667,1.0,1.0,0,,,0.9648,0.9121,0.951,1,1.0,0.8333,0.8571,1.0,0.9718,0.9726,0.9956
seed,5,9,2017-2020,-1,weighted,SHAP,xgboost,total,14,4,4,1.0,0.6667,0.6667,1.0,1.0,0,,,0.9648,0.8901,0.9457,1,1.0,1.0,0.8571,1.0,0.9785,0.9816,0.9981
seed,6,7,2017-2020,-1,weighted,SHAP,xgboost,total,14,4,4,1.0,1.0,1.0,1.0,1.0,0,,,0.956,0.8681,0.9356,1,1.0,0.8333,0.8571,0.9,0.9707,0.9732,0.9959
seed,6,8,2017-2020,-1,weighted,SHAP,xgboost,total,14,4,4,1.0,0.5,0.5714,1.0,1.0,0,,,0.9077,0.8022,0.8994,1,1.0,0.8333,0.8571,0.9,0.9588,0.9627,0.9949
seed,6,9,2017-2020,-1,weighted,SHAP,xgboost,total,14,4,4,1.0,0.5,0.5714,1.0,1.0,0,,,0.9297,0.8681,0.9371,1,1.0,1.0,0.8571,0.9,0.9746,0.9789,0.998
seed,7,8,2017-2020,-1,weighted,SHAP,xgboost,total,14,4,4,1.0,0.5,0.5714,1.0,1.0,0,,,0.8857,0.7582,0.8717,1,1.0,0.8333,0.7143,0.9,0.9512,0.9552,0.9938
seed,7,9,2017-2020,-1,weighted,SHAP,xgboost,total,14,4,4,1.0,0.5,0.5714,1.0,1.0,0,,,0.9429,0.8681,0.9295,1,1.0,0.8333,0.8571,0.9,0.9679,0.9699,0.9955
seed,8,9,2017-2020,-1,weighted,SHAP,xgboost,total,14,4,4,1.0,1.0,1.0,1.0,1.0,0,,,0.9516,0.8462,0.9143,1,1.0,0.8333,0.7143,1.0,0.9658,0.9669,0.9946
seed,0,1,2021-2023,-1,unweighted,PI,logistic_regression,diag,14,5,5,1.0,1.0,1.0,1.0,1.0,0,,,0.8119,0.5746,0.6314,0,1.0,0.8333,0.8571,0.9,0.7429,0.5764,0.2719
seed,0,2,2021-2023,-1,unweighted,PI,logistic_regression,diag,14,5,5,1.0,0.5,0.7143,1.0,1.0,0,,,0.6733,0.4246,0.4459,0,1.0,0.8333,0.7143,0.8,0.6725,0.4753,0.1449
seed,0,3,2021-2023,-1,unweighted,PI,logistic_regression,diag,14,5,5,1.0,1.0,1.0,1.0,1.0,0,,,0.7811,0.5083,0.4856,0,1.0,0.8333,0.8571,0.9,0.6979,0.4964,0.1469
seed,0,4,2021-2023,-1,unweighted,PI,logistic_regression,diag,14,5,5,1.0,1.0,1.0,1.0,1.0,0,,,0.9073,0.7152,0.7215,0,1.0,0.8333,0.8571,1.0,0.7796,0.6252,0.3137
seed,0,5,2021-2023,-1,unweighted,PI,logistic_regression,diag,14,5,5,1.0,1.0,1.0,1.0,1.0,0,,,0.8499,0.6481,0.7552,0,1.0,0.8333,0.8571,0.8,0.8661,0.8164,0.8134
seed,0,6,2021-2023,-1,unweighted,PI,logistic_regression,diag,14,5,5,1.0,0.5,0.7143,1.0,1.0,0,,,0.6468,0.4023,0.4723,0,1.0,0.8333,0.8571,0.7,0.6763,0.4801,0.1459
seed,0,7,2021-2023,-1,unweighted,PI,logistic_regression,diag,14,5,5,1.0,1.0,1.0,1.0,1.0,0,,,0.8543,0.6705,0.7891,0,1.0,0.8333,0.8571,0.9,0.8699,0.8191,0.8135
seed,0,8,2021-2023,-1,unweighted,PI,logistic_regression,diag,14,5,5,1.0,1.0,1.0,1.0,1.0,0,,,0.8134,0.5799,0.6051,0,1.0,0.8333,0.8571,0.8,0.7359,0.5718,0.2717
seed,0,9,2021-2023,-1,unweighted,PI,logistic_regression,diag,14,5,5,1.0,0.6667,0.8571,1.0,1.0,0,,,0.8295,0.5967,0.6401,0,1.0,0.8333,0.8571,0.9,0.7429,0.5764,0.2719
seed,1,2,2021-2023,-1,unweighted,PI,logistic_regression,diag,14,5,5,1.0,0.5,0.7143,1.0,1.0,0,,,0.8553,0.7191,0.751,0,1.0,1.0,0.8571,0.9,0.7978,0.6525,0.3312
seed,1,3,2021-2023,-1,unweighted,PI,logistic_regression,diag,14,5,5,1.0,1.0,1.0,1.0,1.0,0,,,0.978,0.9333,0.8516,0,1.0,1.0,1.0,1.0,0.828,0.6773,0.3333
seed,1,4,2021-2023,-1,unweighted,PI,logistic_regression,diag,14,5,5,1.0,1.0,1.0,1.0,1.0,0,,,0.9105,0.7753,0.6989,0,1.0,1.0,1.0,0.9,0.8136,0.6675,0.333
seed,1,5,2021-2023,-1,unweighted,PI,logistic_regression,diag,14,5,5,1.0,1.0,1.0,1.0,1.0,0,,,0.9746,0.8989,0.8778,0,1.0,1.0,1.0,0.9,0.8643,0.7509,0.458
seed,1,6,2021-2023,-1,unweighted,PI,logistic_regression,diag,14,5,5,1.0,0.5,0.7143,1.0,1.0,0,,,0.8995,0.7866,0.8579,0,1.0,1.0,1.0,0.8,0.9063,0.861,0.8324
seed,1,7,2021-2023,-1,unweighted,PI,logistic_regression,diag,14,5,5,1.0,1.0,1.0,1.0,1.0,0,,,0.9746,0.9214,0.8473,0,1.0,1.0,1.0,1.0,0.828,0.6773,0.3333
seed,1,8,2021-2023,-1,unweighted,PI,logistic_regression,diag,14,5,5,1.0,1.0,1.0,1.0,1.0,0,,,0.9567,0.8575,0.7922,0,1.0,1.0,0.8571,0.9,0.8404,0.7079,0.3737
seed,1,9,2021-2023,-1,unweighted,PI,logistic_regression,diag,14,5,5,1.0,0.6667,0.8571,1.0,1.0,0,,,0.9824,0.9333,0.9713,1,1.0,1.0,1.0,0.9,0.9913,0.9936,0.9997
seed,2,3,2021-2023,-1,unweighted,PI,logistic_regression,diag,14,5,5,1.0,0.5,0.7143,1.0,1.0,0,,,0.8774,0.7866,0.9,1,1.0,1.0,0.8571,0.9,0.9698,0.9752,0.9978
seed,2,4,2021-2023,-1,unweighted,PI,logistic_regression,diag,14,5,5,1.0,0.5,0.7143,1.0,1.0,0,,,0.7738,0.625,0.676,0,1.0,1.0,0.8571,0.8,0.7479,0.5702,0.2062
seed,2,5,2021-2023,-1,unweighted,PI,logistic_regression,diag,14,5,5,1.0,0.5,0.7143,1.0,1.0,0,,,0.8537,0.7045,0.6577,0,1.0,1.0,0.8571,0.9,0.8026,0.6562,0.3314
seed,2,6,2021-2023,-1,unweighted,PI,logistic_regression,diag,14,5,5,1.0,0.5,0.7143,1.0,1.0,0,,,0.8448,0.7273,0.8177,0,1.0,1.0,0.8571,0.8,0.8659,0.7725,0.4977
seed,2,7,2021-2023,-1,unweighted,PI,logistic_regression,diag,14,5,5,1.0,0.5,0.7143,1.0,1.0,0,,,0.8271,0.6364,0.5965,0,1.0,1.0,0.8571,0.9,0.7528,0.5725,0.2062
seed,2,8,2021-2023,-1,unweighted,PI,logistic_regression,diag,14,5,5,1.0,0.5,0.7143,1.0,1.0,0,,,0.8728,0.7516,0.8418,0,1.0,1.0,0.8571,0.9,0.8978,0.8525,0.8312
seed,2,9,2021-2023,-1,unweighted,PI,logistic_regression,diag,14,5,5,1.0,0.25,0.625,1.0,1.0,0,,,0.8818,0.7866,0.7818,0,1.0,1.0,0.8571,0.9,0.8026,0.6562,0.3314
seed,3,4,2021-2023,-1,unweighted,PI,logistic_regression,diag,14,5,5,1.0,1.0,1.0,1.0,1.0,0,,,0.9149,0.7978,0.7585,0,1.0,1.0,1.0,0.9,0.7686,0.5875,0.208
seed,3,5,2021-2023,-1,unweighted,PI,logistic_regression,diag,14,5,5,1.0,1.0,1.0,1.0,1.0,0,,,0.9437,0.8315,0.7189,0,1.0,1.0,1.0,0.9,0.8193,0.6709,0.333
seed,3,6,2021-2023,-1,unweighted,PI,logistic_regression,diag,14,5,5,1.0,0.5,0.7143,1.0,1.0,0,,,0.9083,0.809,0.8559,0,1.0,1.0,1.0,0.8,0.8783,0.7837,0.4991
seed,3,7,2021-2023,-1,unweighted,PI,logistic_regression,diag,14,5,5,1.0,1.0,1.0,1.0,1.0,0,,,0.9525,0.854,0.6984,0,1.0,1.0,1.0,1.0,0.783,0.5973,0.2083
seed,3,8,2021-2023,-1,unweighted,PI,logistic_regression,diag,14,5,5,1.0,1.0,1.0,1.0,1.0,0,,,0.9611,0.8804,0.8981,0,1.0,1.0,0.8571,0.9,0.9134,0.8652,0.8321
seed,3,9,2021-2023,-1,unweighted,PI,logistic_regression,diag,14,5,5,1.0,0.6667,0.8571,1.0,1.0,0,,,0.9604,0.8667,0.8229,0,1.0,1.0,1.0,0.9,0.8193,0.6709,0.333
seed,4,5,2021-2023,-1,unweighted,PI,logistic_regression,diag,14,5,5,1.0,1.0,1.0,1.0,1.0,0,,,0.9113,0.7955,0.7962,0,1.0,1.0,1.0,0.8,0.8097,0.6649,0.3329
seed,4,6,2021-2023,-1,unweighted,PI,logistic_regression,diag,14,5,5,1.0,0.5,0.7143,1.0,1.0,0,,,0.7916,0.6023,0.6337,0,1.0,1.0,1.0,0.7,0.7469,0.5712,0.207
seed,4,7,2021-2023,-1,unweighted,PI,logistic_regression,diag,14,5,5,1.0,1.0,1.0,1.0,1.0,0,,,0.9512,0.8636,0.8648,0,1.0,1.0,1.0,0.9,0.8586,0.7475,0.458
seed,4,8,2021-2023,-1,unweighted,PI,logistic_regression,diag,14,5,5,1.0,1.0,1.0,1.0,1.0,0,,,0.8929,0.7516,0.7187,0,1.0,1.0,0.8571,0.8,0.7989,0.6554,0.3317
seed,4,9,2021-2023,-1,unweighted,PI,logistic_regression,diag,14,5,5,1.0,0.6667,0.8571,1.0,1.0,0,,,0.8928,0.7529,0.6898,0,1.0,1.0,1.0,0.9,0.8136,0.6675,0.333
seed,5,6,2021-2023,-1,unweighted,PI,logistic_regression,diag,14,5,5,1.0,0.5,0.7143,1.0,1.0,0,,,0.8891,0.7727,0.7501,0,1.0,1.0,1.0,0.9,0.8102,0.6637,0.3325
seed,5,7,2021-2023,-1,unweighted,PI,logistic_regression,diag,14,5,5,1.0,1.0,1.0,1.0,1.0,0,,,0.9823,0.9318,0.9409,0,1.0,1.0,1.0,0.9,0.9463,0.9136,0.8747
seed,5,8,2021-2023,-1,unweighted,PI,logistic_regression,diag,14,5,5,1.0,1.0,1.0,1.0,1.0,0,,,0.9576,0.8672,0.8105,0,1.0,1.0,0.8571,1.0,0.8125,0.6642,0.332
seed,5,9,2021-2023,-1,unweighted,PI,logistic_regression,diag,14,5,5,1.0,0.6667,0.8571,1.0,1.0,0,,,0.9834,0.9214,0.8879,0,1.0,1.0,1.0,0.9,0.8691,0.7546,0.4582
seed,6,7,2021-2023,-1,unweighted,PI,logistic_regression,diag,14,5,5,1.0,0.5,0.7143,1.0,1.0,0,,,0.8625,0.7045,0.6738,0,1.0,1.0,1.0,0.8,0.7613,0.581,0.2074
seed,6,8,2021-2023,-1,unweighted,PI,logistic_regression,diag,14,5,5,1.0,0.5,0.7143,1.0,1.0,0,,,0.8661,0.7516,0.7707,0,1.0,1.0,0.8571,0.9,0.8026,0.6562,0.3314
seed,6,9,2021-2023,-1,unweighted,PI,logistic_regression,diag,14,5,5,1.0,0.6667,0.8571,1.0,1.0,0,,,0.9083,0.809,0.8687,0,1.0,1.0,1.0,0.8,0.9063,0.861,0.8324
seed,7,8,2021-2023,-1,unweighted,PI,logistic_regression,diag,14,5,5,1.0,1.0,1.0,1.0,1.0,0,,,0.9464,0.8441,0.7771,0,1.0,1.0,0.8571,0.9,0.8134,0.6652,0.3321
seed,7,9,2021-2023,-1,unweighted,PI,logistic_regression,diag,14,5,5,1.0,0.6667,0.8571,1.0,1.0,0,,,0.9569,0.854,0.8185,0,1.0,1.0,1.0,0.9,0.8193,0.6709,0.333
seed,8,9,2021-2023,-1,unweighted,PI,logistic_regression,diag,14,5,5,1.0,0.6667,0.8571,1.0,1.0,0,,,0.9478,0.8346,0.782,0,1.0,1.0,0.8571,0.9,0.8356,0.7041,0.3735
seed,0,1,2021-2023,-1,unweighted,PI,logistic_regression,lab,14,5,5,0.6667,0.5,1.0,0.8,1.0,1,HighBP,HighChol,0.9022,0.7775,0.8029,0,0.8,1.0,1.0,0.9,0.8274,0.6938,0.3684
seed,0,2,2021-2023,-1,unweighted,PI,logistic_regression,lab,14,5,4,0.8,0.25,0.75,1.0,0.8,0,HighBP,,0.9598,0.8672,0.8337,0,0.8,1.0,0.8571,0.9,0.8272,0.6915,0.3675
seed,0,3,2021-2023,-1,unweighted,PI,logistic_regression,lab,14,5,4,0.5,0.2,0.8571,0.75,0.8,1,"Education,HighBP",HighChol,0.9411,0.8346,0.8129,0,0.8,1.0,1.0,0.9,0.8108,0.67,0.3529
seed,0,4,2021-2023,-1,unweighted,PI,logistic_regression,lab,14,5,4,0.5,0.2,0.8571,0.75,0.8,1,"Education,HighBP",HighChol,0.904,0.7747,0.8208,0,0.8,0.8333,1.0,0.9,0.8364,0.7329,0.4751
seed,0,5,2021-2023,-1,unweighted,PI,logistic_regression,lab,14,5,5,0.6667,0.5,1.0,0.8,1.0,1,HighBP,HighChol,0.973,0.9059,0.846,0,0.8,0.8333,1.0,1.0,0.832,0.6927,0.3661
seed,0,6,2021-2023,-1,unweighted,PI,logistic_regression,lab,14,5,5,0.6667,0.25,0.8571,0.8,1.0,1,HighBP,HighChol,0.9506,0.8353,0.8021,0,0.8,0.8333,1.0,1.0,0.803,0.6581,0.3498
seed,0,7,2021-2023,-1,unweighted,PI,logistic_regression,lab,14,5,5,0.6667,0.5,1.0,0.8,1.0,1,HighBP,HighChol,0.9621,0.9134,0.9565,0,0.8,1.0,1.0,0.9,0.9751,0.9753,0.9934
seed,0,8,2021-2023,-1,unweighted,PI,logistic_regression,lab,14,5,5,0.6667,0.25,0.8571,0.8,1.0,1,HighBP,HighChol,0.913,0.7978,0.8359,0,0.8,1.0,1.0,0.9,0.8568,0.7497,0.4778
seed,0,9,2021-2023,-1,unweighted,PI,logistic_regression,lab,14,5,4,0.5,0.2,0.8571,0.75,0.8,1,"Education,HighBP",HighChol,0.9478,0.8346,0.8101,0,0.8,1.0,1.0,0.9,0.808,0.6667,0.3525
seed,1,2,2021-2023,-1,unweighted,PI,logistic_regression,lab,14,5,4,0.8,0.25,0.75,1.0,0.8,0,HighChol,,0.895,0.7753,0.9082,1,1.0,1.0,0.8571,0.8,0.9709,0.9781,0.9984
seed,1,3,2021-2023,-1,unweighted,PI,logistic_regression,lab,14,5,4,0.8,0.5,0.8571,1.0,0.8,0,Education,,0.9108,0.8111,0.9133,0,1.0,1.0,1.0,0.8,0.9603,0.96,0.9839
seed,1,4,2021-2023,-1,unweighted,PI,logistic_regression,lab,14,5,4,0.8,0.5,0.8571,1.0,0.8,0,Education,,0.9613,0.8652,0.9006,0,1.0,0.8333,1.0,1.0,0.919,0.879,0.8567
seed,1,5,2021-2023,-1,unweighted,PI,logistic_regression,lab,14,5,5,1.0,1.0,1.0,1.0,1.0,0,,,0.9155,0.8232,0.9256,1,1.0,0.8333,1.0,0.9,0.9757,0.9793,0.997
seed,1,6,2021-2023,-1,unweighted,PI,logistic_regression,lab,14,5,5,1.0,0.6667,0.8571,1.0,1.0,0,,,0.8777,0.7546,0.8814,0,1.0,0.8333,1.0,0.9,0.9467,0.9447,0.9807
seed,1,7,2021-2023,-1,unweighted,PI,logistic_regression,lab,14,5,5,1.0,1.0,1.0,1.0,1.0,0,,,0.8928,0.7753,0.8107,0,1.0,1.0,1.0,0.8,0.8335,0.7056,0.3745
seed,1,8,2021-2023,-1,unweighted,PI,logistic_regression,lab,14,5,5,1.0,0.6667,0.8571,1.0,1.0,0,,,0.9348,0.8315,0.8887,0,1.0,1.0,1.0,0.9,0.9223,0.8846,0.859
seed,1,9,2021-2023,-1,unweighted,PI,logistic_regression,lab,14,5,4,0.8,0.5,0.8571,1.0,0.8,0,Education,,0.9086,0.8333,0.9197,0,1.0,1.0,1.0,0.9,0.9614,0.9594,0.9835
seed,2,3,2021-2023,-1,unweighted,PI,logistic_regression,lab,14,4,4,0.6,0.25,0.875,0.75,1.0,1,Education,HighChol,0.979,0.9214,0.9536,0,1.0,1.0,0.8571,1.0,0.9684,0.9635,0.9832
seed,2,4,2021-2023,-1,unweighted,PI,logistic_regression,lab,14,4,4,0.6,0.25,0.875,0.75,1.0,1,Education,HighChol,0.8758,0.7159,0.8361,0,1.0,0.8333,0.8571,0.8,0.8931,0.8591,0.8551
seed,2,5,2021-2023,-1,unweighted,PI,logistic_regression,lab,14,4,5,0.8,0.25,0.75,1.0,0.8,0,,HighChol,0.9688,0.9134,0.9567,1,1.0,0.8333,0.8571,0.9,0.9755,0.977,0.9961
seed,2,6,2021-2023,-1,unweighted,PI,logistic_regression,lab,14,4,5,0.8,0.3333,0.875,1.0,0.8,0,,HighChol,0.9375,0.8441,0.9131,0,1.0,0.8333,0.8571,0.9,0.9465,0.9424,0.9798
seed,2,7,2021-2023,-1,unweighted,PI,logistic_regression,lab,14,4,5,0.8,0.25,0.75,1.0,0.8,0,,HighChol,0.9778,0.9091,0.8575,0,1.0,1.0,0.8571,1.0,0.8426,0.7088,0.3737
seed,2,8,2021-2023,-1,unweighted,PI,logistic_regression,lab,14,4,5,0.8,0.3333,0.875,1.0,0.8,0,,HighChol,0.9379,0.8409,0.8901,0,1.0,1.0,0.8571,0.9,0.9174,0.8785,0.8579
seed,2,9,2021-2023,-1,unweighted,PI,logistic_regression,lab,14,4,4,0.6,0.25,0.875,0.75,1.0,1,Education,HighChol,0.9525,0.854,0.9243,0,1.0,1.0,0.8571,0.9,0.9585,0.9556,0.9826
seed,3,4,2021-2023,-1,unweighted,PI,logistic_regression,lab,14,4,4,1.0,1.0,1.0,1.0,1.0,0,,,0.9039,0.7978,0.8846,0,1.0,0.8333,1.0,0.8,0.9189,0.8922,0.8718
seed,3,5,2021-2023,-1,unweighted,PI,logistic_regression,lab,14,4,5,0.8,0.5,0.8571,1.0,0.8,0,,Education,0.9589,0.8804,0.9359,0,1.0,0.8333,1.0,0.9,0.9591,0.9555,0.9816
seed,3,6,2021-2023,-1,unweighted,PI,logistic_regression,lab,14,4,5,0.8,0.6667,1.0,1.0,0.8,0,,Education,0.9411,0.8575,0.9359,1,1.0,0.8333,1.0,0.9,0.9666,0.9721,0.9965
seed,3,7,2021-2023,-1,unweighted,PI,logistic_regression,lab,14,4,5,0.8,0.5,0.8571,1.0,0.8,0,,Education,0.9658,0.8765,0.8372,0,1.0,1.0,1.0,1.0,0.8262,0.6873,0.3591
seed,3,8,2021-2023,-1,unweighted,PI,logistic_regression,lab,14,4,5,0.8,0.6667,1.0,1.0,0.8,0,,Education,0.926,0.8427,0.9087,0,1.0,1.0,1.0,0.9,0.9374,0.9083,0.8746
seed,3,9,2021-2023,-1,unweighted,PI,logistic_regression,lab,14,4,4,1.0,1.0,1.0,1.0,1.0,0,,,0.9824,0.9333,0.9714,1,1.0,1.0,1.0,0.9,0.987,0.9901,0.9994
seed,4,5,2021-2023,-1,unweighted,PI,logistic_regression,lab,14,4,5,0.8,0.5,0.8571,1.0,0.8,0,,Education,0.9219,0.8209,0.8861,0,1.0,1.0,1.0,0.9,0.9144,0.8802,0.8589
seed,4,6,2021-2023,-1,unweighted,PI,logistic_regression,lab,14,4,5,0.8,0.6667,1.0,1.0,0.8,0,,Education,0.8951,0.7978,0.8851,0,1.0,1.0,1.0,0.9,0.9218,0.8968,0.8738
seed,4,7,2021-2023,-1,unweighted,PI,logistic_regression,lab,14,4,5,0.8,0.5,0.8571,1.0,0.8,0,,Education,0.8847,0.7386,0.8172,0,1.0,0.8333,1.0,0.8,0.8457,0.7466,0.4812
seed,4,8,2021-2023,-1,unweighted,PI,logistic_regression,lab,14,4,5,0.8,0.6667,1.0,1.0,0.8,0,,Education,0.9069,0.8068,0.9195,1,1.0,0.8333,1.0,0.9,0.9678,0.9748,0.9969
seed,4,9,2021-2023,-1,unweighted,PI,logistic_regression,lab,14,4,4,1.0,1.0,1.0,1.0,1.0,0,,,0.9127,0.8203,0.8906,0,1.0,0.8333,1.0,0.9,0.92,0.8915,0.8715
seed,5,6,2021-2023,-1,unweighted,PI,logistic_regression,lab,14,5,5,1.0,0.6667,0.8571,1.0,1.0,0,,,0.982,0.9294,0.9565,0,1.0,1.0,1.0,1.0,0.971,0.9654,0.9837
seed,5,7,2021-2023,-1,unweighted,PI,logistic_regression,lab,14,5,5,1.0,1.0,1.0,1.0,1.0,0,,,0.9487,0.8672,0.8389,0,1.0,0.8333,1.0,0.9,0.8333,0.7007,0.372
seed,5,8,2021-2023,-1,unweighted,PI,logistic_regression,lab,14,5,5,1.0,0.6667,0.8571,1.0,1.0,0,,,0.9174,0.7978,0.8712,0,1.0,0.8333,1.0,0.9,0.9151,0.8751,0.8564
seed,5,9,2021-2023,-1,unweighted,PI,logistic_regression,lab,14,5,4,0.8,0.5,0.8571,1.0,0.8,0,Education,,0.9656,0.8804,0.9332,0,1.0,0.8333,1.0,0.9,0.9563,0.9522,0.9811
seed,6,7,2021-2023,-1,unweighted,PI,logistic_regression,lab,14,5,5,1.0,0.6667,0.8571,1.0,1.0,0,,,0.9219,0.7978,0.7955,0,1.0,0.8333,1.0,0.9,0.8043,0.6661,0.3557
seed,6,8,2021-2023,-1,unweighted,PI,logistic_regression,lab,14,5,5,1.0,1.0,1.0,1.0,1.0,0,,,0.8906,0.7747,0.8702,0,1.0,0.8333,1.0,0.9,0.9226,0.8917,0.8713
seed,6,9,2021-2023,-1,unweighted,PI,logistic_regression,lab,14,5,4,0.8,0.6667,1.0,1.0,0.8,0,Education,,0.9656,0.9032,0.9559,1,1.0,0.8333,1.0,0.9,0.9757,0.9793,0.997
seed,7,8,2021-2023,-1,unweighted,PI,logistic_regression,lab,14,5,5,1.0,0.6667,0.8571,1.0,1.0,0,,,0.9601,0.8864,0.8813,0,1.0,1.0,1.0,0.9,0.8747,0.7698,0.4842
seed,7,9,2021-2023,-1,unweighted,PI,logistic_regression,lab,14,5,4,0.8,0.5,0.8571,1.0,0.8,0,Education,,0.9304,0.809,0.8078,0,1.0,1.0,1.0,0.9,0.8164,0.6794,0.3585
seed,8,9,2021-2023,-1,unweighted,PI,logistic_regression,lab,14,5,4,0.8,0.6667,1.0,1.0,0.8,0,Education,,0.8818,0.7753,0.8784,0,1.0,1.0,1.0,0.8,0.9275,0.9003,0.874
seed,0,1,2021-2023,-1,unweighted,PI,logistic_regression,total,14,5,4,0.8,0.5,0.8571,1.0,0.8,0,HighBP,,0.8641,0.6854,0.773,0,0.8,1.0,1.0,0.8,0.818,0.6999,0.4359
seed,0,2,2021-2023,-1,unweighted,PI,logistic_regression,total,14,5,5,1.0,0.25,0.625,1.0,1.0,0,,,0.7371,0.5525,0.717,0,1.0,1.0,0.8571,0.8,0.8118,0.7001,0.4405
seed,0,3,2021-2023,-1,unweighted,PI,logistic_regression,total,14,5,4,0.8,0.5,0.8571,1.0,0.8,0,HighBP,,0.859,0.7,0.7895,0,1.0,1.0,1.0,0.8,0.8285,0.7148,0.4422
seed,0,4,2021-2023,-1,unweighted,PI,logistic_regression,total,14,5,4,0.8,0.5,0.8571,1.0,0.8,0,HighBP,,0.87,0.7444,0.889,0,1.0,1.0,1.0,0.8,0.9555,0.9575,0.9838
seed,0,5,2021-2023,-1,unweighted,PI,logistic_regression,total,14,5,4,0.8,0.5,0.8571,1.0,0.8,0,HighBP,,0.8799,0.7317,0.8009,0,1.0,1.0,1.0,0.8,0.8311,0.7162,0.4422
seed,0,6,2021-2023,-1,unweighted,PI,logistic_regression,total,14,5,4,0.8,0.5,0.8571,1.0,0.8,0,HighBP,,0.8232,0.6631,0.7711,0,1.0,1.0,1.0,0.8,0.8225,0.7096,0.4417
seed,0,7,2021-2023,-1,unweighted,PI,logistic_regression,total,14,5,4,0.8,0.5,0.8571,1.0,0.8,0,HighBP,,0.8995,0.7753,0.8898,0,0.8,1.0,1.0,0.8,0.9482,0.9445,0.9776
seed,0,8,2021-2023,-1,unweighted,PI,logistic_regression,total,14,5,5,0.6667,0.25,0.8571,0.8,1.0,1,HighBP,Education,0.8663,0.7262,0.7872,0,0.8,1.0,1.0,0.8,0.812,0.6946,0.4354
seed,0,9,2021-2023,-1,unweighted,PI,logistic_regression,total,14,5,5,1.0,0.5,0.7143,1.0,1.0,0,,,0.8326,0.6778,0.7774,0,1.0,1.0,1.0,0.8,0.8225,0.7096,0.4417
seed,1,2,2021-2023,-1,unweighted,PI,logistic_regression,total,14,4,5,0.8,0.25,0.75,1.0,0.8,0,,HighBP,0.8322,0.7152,0.8694,0,0.8,1.0,0.8571,0.9,0.9509,0.9566,0.9917
seed,1,3,2021-2023,-1,unweighted,PI,logistic_regression,total,14,4,4,1.0,1.0,1.0,1.0,1.0,0,,,0.9459,0.8652,0.9409,0,0.8,1.0,1.0,0.9,0.9724,0.9751,0.9936
seed,1,4,2021-2023,-1,unweighted,PI,logistic_regression,total,14,4,4,1.0,1.0,1.0,1.0,1.0,0,,,0.9282,0.7978,0.8335,0,0.8,1.0,1.0,0.9,0.847,0.7329,0.4519
seed,1,5,2021-2023,-1,unweighted,PI,logistic_regression,total,14,4,4,1.0,1.0,1.0,1.0,1.0,0,,,0.9889,0.9597,0.9763,0,0.8,1.0,1.0,1.0,0.9837,0.9817,0.9937
seed,1,6,2021-2023,-1,unweighted,PI,logistic_regression,total,14,4,4,1.0,1.0,1.0,1.0,1.0,0,,,0.8728,0.7631,0.8982,0,0.8,1.0,1.0,0.8,0.9546,0.9615,0.9927
seed,1,7,2021-2023,-1,unweighted,PI,logistic_regression,total,14,4,4,1.0,1.0,1.0,1.0,1.0,0,,,0.9601,0.8864,0.875,0,1.0,1.0,1.0,0.9,0.866,0.7527,0.4582
seed,1,8,2021-2023,-1,unweighted,PI,logistic_regression,total,14,4,5,0.8,0.6667,1.0,1.0,0.8,0,,Education,0.9776,0.9357,0.9738,1,1.0,1.0,1.0,1.0,0.9909,0.9928,0.9995
seed,1,9,2021-2023,-1,unweighted,PI,logistic_regression,total,14,4,5,0.8,0.5,0.8571,1.0,0.8,0,,HighBP,0.9834,0.9214,0.9584,0,0.8,1.0,1.0,0.9,0.9744,0.9743,0.9931
seed,2,3,2021-2023,-1,unweighted,PI,logistic_regression,total,14,5,4,0.8,0.25,0.75,1.0,0.8,0,HighBP,,0.8317,0.7293,0.8827,1,1.0,1.0,0.8571,0.8,0.9628,0.9718,0.9979
seed,2,4,2021-2023,-1,unweighted,PI,logistic_regression,total,14,5,4,0.8,0.25,0.75,1.0,0.8,0,HighBP,,0.7921,0.6188,0.7602,0,1.0,1.0,0.8571,0.8,0.8332,0.7277,0.4562
seed,2,5,2021-2023,-1,unweighted,PI,logistic_regression,total,14,5,4,0.8,0.25,0.75,1.0,0.8,0,HighBP,,0.8489,0.7618,0.8969,1,1.0,1.0,0.8571,0.9,0.964,0.973,0.9979
seed,2,6,2021-2023,-1,unweighted,PI,logistic_regression,total,14,5,4,0.8,0.25,0.75,1.0,0.8,0,HighBP,,0.8267,0.7391,0.8889,1,1.0,1.0,0.8571,0.8,0.9659,0.9737,0.9979
seed,2,7,2021-2023,-1,unweighted,PI,logistic_regression,total,14,5,4,0.8,0.25,0.75,1.0,0.8,0,HighBP,,0.7881,0.6034,0.7457,0,0.8,1.0,0.8571,0.8,0.8169,0.7093,0.4499
seed,2,8,2021-2023,-1,unweighted,PI,logistic_regression,total,14,5,5,0.6667,0.0,0.75,0.8,1.0,1,HighBP,Education,0.8474,0.7571,0.8913,0,0.8,1.0,0.8571,0.9,0.9509,0.9566,0.9917
seed,2,9,2021-2023,-1,unweighted,PI,logistic_regression,total,14,5,5,1.0,0.6667,0.8571,1.0,1.0,0,,,0.8295,0.7293,0.8858,1,1.0,1.0,0.8571,0.8,0.9628,0.9718,0.9979
seed,3,4,2021-2023,-1,unweighted,PI,logistic_regression,total,14,4,4,1.0,1.0,1.0,1.0,1.0,0,,,0.9703,0.9,0.8815,0,1.0,1.0,1.0,1.0,0.865,0.7529,0.4583
seed,3,5,2021-2023,-1,unweighted,PI,logistic_regression,total,14,4,4,1.0,1.0,1.0,1.0,1.0,0,,,0.9511,0.8918,0.9608,1,1.0,1.0,1.0,0.9,0.9824,0.9895,0.9998
seed,3,6,2021-2023,-1,unweighted,PI,logistic_regression,total,14,4,4,1.0,1.0,1.0,1.0,1.0,0,,,0.9233,0.8575,0.9405,1,1.0,1.0,1.0,0.9,0.9774,0.9839,0.9991
seed,3,7,2021-2023,-1,unweighted,PI,logistic_regression,total,14,4,4,1.0,1.0,1.0,1.0,1.0,0,,,0.9481,0.8427,0.8504,0,0.8,1.0,1.0,0.9,0.8454,0.7324,0.4519
seed,3,8,2021-2023,-1,unweighted,PI,logistic_regression,total,14,4,5,0.8,0.6667,1.0,1.0,0.8,0,,Education,0.9699,0.9018,0.9524,0,0.8,1.0,1.0,0.9,0.9633,0.9679,0.993
seed,3,9,2021-2023,-1,unweighted,PI,logistic_regression,total,14,4,5,0.8,0.5,0.8571,1.0,0.8,0,,HighBP,0.9659,0.9,0.9601,1,1.0,1.0,1.0,0.9,0.9822,0.9876,0.9993
seed,4,5,2021-2023,-1,unweighted,PI,logistic_regression,total,14,4,4,1.0,1.0,1.0,1.0,1.0,0,,,0.9422,0.8461,0.8608,0,1.0,1.0,1.0,0.9,0.8633,0.7513,0.4582
seed,4,6,2021-2023,-1,unweighted,PI,logistic_regression,total,14,4,4,1.0,1.0,1.0,1.0,1.0,0,,,0.891,0.7775,0.8287,0,1.0,1.0,1.0,0.9,0.8478,0.7398,0.4574
seed,4,7,2021-2023,-1,unweighted,PI,logistic_regression,total,14,4,4,1.0,1.0,1.0,1.0,1.0,0,,,0.9658,0.8989,0.9524,0,0.8,1.0,1.0,0.9,0.9772,0.9775,0.9936
seed,4,8,2021-2023,-1,unweighted,PI,logistic_regression,total,14,4,5,0.8,0.6667,1.0,1.0,0.8,0,,Education,0.9608,0.855,0.8516,0,0.8,1.0,1.0,0.9,0.8442,0.7296,0.4514
seed,4,9,2021-2023,-1,unweighted,PI,logistic_regression,total,14,4,5,0.8,0.5,0.8571,1.0,0.8,0,,HighBP,0.9416,0.8333,0.8528,0,1.0,1.0,1.0,0.9,0.8542,0.7441,0.4576
seed,5,6,2021-2023,-1,unweighted,PI,logistic_regression,total,14,4,4,1.0,1.0,1.0,1.0,1.0,0,,,0.8966,0.8235,0.9295,1,1.0,1.0,1.0,0.8,0.9677,0.9778,0.999
seed,5,7,2021-2023,-1,unweighted,PI,logistic_regression,total,14,4,4,1.0,1.0,1.0,1.0,1.0,0,,,0.9464,0.8441,0.8503,0,0.8,1.0,1.0,0.9,0.8528,0.7363,0.4519
seed,5,8,2021-2023,-1,unweighted,PI,logistic_regression,total,14,4,5,0.8,0.6667,1.0,1.0,0.8,0,,Education,0.9796,0.928,0.9618,0,0.8,1.0,1.0,1.0,0.9809,0.9784,0.9933
seed,5,9,2021-2023,-1,unweighted,PI,logistic_regression,total,14,4,5,0.8,0.5,0.8571,1.0,0.8,0,,HighBP,0.9745,0.9261,0.9696,1,1.0,1.0,1.0,0.9,0.9844,0.9887,0.9993
seed,6,7,2021-2023,-1,unweighted,PI,logistic_regression,total,14,4,4,1.0,1.0,1.0,1.0,1.0,0,,,0.8639,0.7169,0.7978,0,0.8,1.0,1.0,0.8,0.8276,0.7188,0.451
seed,6,8,2021-2023,-1,unweighted,PI,logistic_regression,total,14,4,5,0.8,0.6667,1.0,1.0,0.8,0,,Education,0.9364,0.8677,0.9404,0,0.8,1.0,1.0,0.8,0.9606,0.9667,0.9932
seed,6,9,2021-2023,-1,unweighted,PI,logistic_regression,total,14,4,5,0.8,0.5,0.8571,1.0,0.8,0,,HighBP,0.8977,0.8003,0.9233,1,1.0,1.0,1.0,0.8,0.9763,0.9845,0.9995
seed,7,8,2021-2023,-1,unweighted,PI,logistic_regression,total,14,4,5,0.8,0.6667,1.0,1.0,0.8,0,,Education,0.9686,0.8883,0.8726,0,1.0,1.0,1.0,0.9,0.86,0.7475,0.4577
seed,7,9,2021-2023,-1,unweighted,PI,logistic_regression,total,14,4,5,0.8,0.5,0.8571,1.0,0.8,0,,HighBP,0.9569,0.8427,0.8484,0,0.8,1.0,1.0,1.0,0.8481,0.7323,0.4515
seed,8,9,2021-2023,-1,unweighted,PI,logistic_regression,total,14,5,5,0.6667,0.25,0.8571,0.8,1.0,1,Education,HighBP,0.9744,0.9253,0.9638,0,0.8,1.0,1.0,0.9,0.9772,0.9775,0.9936
seed,0,1,2021-2023,-1,unweighted,PI,random_forest,diag,14,6,5,0.8333,0.25,0.7143,1.0,0.8333,0,HeartDiseaseorAttack,,0.9045,0.7618,0.7328,0,1.0,0.8333,0.8571,1.0,0.7758,0.621,0.3132
seed,0,2,2021-2023,-1,unweighted,PI,random_forest,diag,14,6,5,0.8333,0.3333,0.625,1.0,0.8333,0,HeartDiseaseorAttack,,0.8036,0.6012,0.6113,0,1.0,0.8333,0.8571,0.8,0.7151,0.5312,0.1879
seed,0,3,2021-2023,-1,unweighted,PI,random_forest,diag,14,6,5,0.8333,0.3333,0.625,1.0,0.8333,0,HeartDiseaseorAttack,,0.8566,0.6746,0.6293,0,1.0,0.8333,0.8571,0.9,0.7269,0.5383,0.1881
seed,0,4,2021-2023,-1,unweighted,PI,random_forest,diag,14,6,5,0.8333,0.0,0.625,1.0,0.8333,0,HeartDiseaseorAttack,,0.8188,0.6741,0.6675,0,1.0,0.8333,0.8571,0.8,0.7599,0.6081,0.3123
seed,0,5,2021-2023,-1,unweighted,PI,random_forest,diag,14,6,5,0.8333,0.5,0.5714,1.0,0.8333,0,HeartDiseaseorAttack,,0.8109,0.6403,0.6914,0,1.0,0.8333,0.8571,0.8,0.8053,0.6782,0.3701
seed,0,6,2021-2023,-1,unweighted,PI,random_forest,diag,14,6,5,0.8333,0.6667,0.7143,1.0,0.8333,0,HeartDiseaseorAttack,,0.8156,0.6708,0.6924,0,1.0,0.8333,0.8571,0.9,0.7862,0.6528,0.3545
seed,0,7,2021-2023,-1,unweighted,PI,random_forest,diag,14,6,5,0.8333,0.6667,1.0,1.0,0.8333,0,HeartDiseaseorAttack,,0.8978,0.7618,0.716,0,1.0,0.8333,1.0,0.9,0.7823,0.6291,0.3147
seed,0,8,2021-2023,-1,unweighted,PI,random_forest,diag,14,6,5,0.8333,0.25,0.7143,1.0,0.8333,0,HeartDiseaseorAttack,,0.7247,0.5059,0.5413,0,1.0,0.8333,0.8571,0.7,0.709,0.5262,0.1877
seed,0,9,2021-2023,-1,unweighted,PI,random_forest,diag,14,6,5,0.8333,0.5,0.5714,1.0,0.8333,0,HeartDiseaseorAttack,,0.7545,0.5897,0.637,0,1.0,0.8333,0.7143,0.9,0.7504,0.5999,0.3113
seed,1,2,2021-2023,-1,unweighted,PI,random_forest,diag,14,5,5,1.0,0.0,0.4444,1.0,1.0,0,,,0.6865,0.4917,0.6351,0,1.0,0.8333,0.7143,0.8,0.7386,0.5927,0.3111
seed,1,3,2021-2023,-1,unweighted,PI,random_forest,diag,14,5,5,1.0,0.0,0.4444,1.0,1.0,0,,,0.8449,0.6851,0.7189,0,1.0,0.8333,0.7143,0.9,0.7536,0.6018,0.3113
seed,1,4,2021-2023,-1,unweighted,PI,random_forest,diag,14,5,5,1.0,0.6667,0.8571,1.0,1.0,0,,,0.8848,0.7768,0.8658,0,1.0,0.8333,0.8571,0.8,0.9133,0.8839,0.8703
seed,1,5,2021-2023,-1,unweighted,PI,random_forest,diag,14,5,5,1.0,0.1667,0.375,1.0,1.0,0,,,0.8075,0.663,0.7584,0,1.0,1.0,0.8571,0.8,0.8042,0.6919,0.4397
seed,1,6,2021-2023,-1,unweighted,PI,random_forest,diag,14,5,5,1.0,0.5,0.7143,1.0,1.0,0,,,0.8286,0.6484,0.7319,0,1.0,0.8333,0.8571,0.9,0.81,0.6935,0.4379
seed,1,7,2021-2023,-1,unweighted,PI,random_forest,diag,14,5,5,1.0,0.5,0.7143,1.0,1.0,0,,,0.8945,0.7582,0.8509,0,1.0,0.8333,0.8571,0.9,0.915,0.8843,0.8702
seed,1,8,2021-2023,-1,unweighted,PI,random_forest,diag,14,5,5,1.0,0.5,0.7143,1.0,1.0,0,,,0.7734,0.5799,0.709,0,1.0,1.0,1.0,0.7,0.7871,0.6488,0.332
seed,1,9,2021-2023,-1,unweighted,PI,random_forest,diag,14,5,5,1.0,0.4,0.5714,1.0,1.0,0,,,0.8234,0.6481,0.5997,0,1.0,1.0,0.8571,0.9,0.732,0.5455,0.1905
seed,2,3,2021-2023,-1,unweighted,PI,random_forest,diag,14,5,5,1.0,1.0,1.0,1.0,1.0,0,,,0.8928,0.7753,0.9028,1,1.0,0.8333,1.0,0.9,0.9644,0.971,0.9965
seed,2,4,2021-2023,-1,unweighted,PI,random_forest,diag,14,5,5,1.0,0.0,0.5556,1.0,1.0,0,,,0.7048,0.5351,0.6092,0,1.0,0.8333,0.7143,0.6,0.681,0.5036,0.1857
seed,2,5,2021-2023,-1,unweighted,PI,random_forest,diag,14,5,5,1.0,0.2,0.5,1.0,1.0,0,,,0.716,0.5506,0.7293,0,1.0,0.8333,0.8571,0.8,0.8519,0.8036,0.8123
seed,2,6,2021-2023,-1,unweighted,PI,random_forest,diag,14,5,5,1.0,0.25,0.625,1.0,1.0,0,,,0.6998,0.5364,0.7515,0,1.0,1.0,0.8571,0.7,0.8656,0.8303,0.8301
seed,2,7,2021-2023,-1,unweighted,PI,random_forest,diag,14,5,5,1.0,0.25,0.625,1.0,1.0,0,,,0.819,0.6258,0.6685,0,1.0,1.0,0.8571,0.9,0.7288,0.5448,0.1907
seed,2,8,2021-2023,-1,unweighted,PI,random_forest,diag,14,5,5,1.0,0.0,0.4444,1.0,1.0,0,,,0.6563,0.5319,0.7702,0,1.0,0.8333,0.7143,0.7,0.9019,0.909,0.9774
seed,2,9,2021-2023,-1,unweighted,PI,random_forest,diag,14,5,5,1.0,0.2,0.5,1.0,1.0,0,,,0.5521,0.375,0.4753,0,1.0,0.8333,0.7143,0.7,0.6519,0.4584,0.1436
seed,3,4,2021-2023,-1,unweighted,PI,random_forest,diag,14,5,5,1.0,0.0,0.5556,1.0,1.0,0,,,0.7119,0.5292,0.6035,0,1.0,0.8333,0.7143,0.7,0.6869,0.5055,0.1854
seed,3,5,2021-2023,-1,unweighted,PI,random_forest,diag,14,5,5,1.0,0.2,0.5,1.0,1.0,0,,,0.8029,0.6556,0.7744,0,1.0,0.8333,0.8571,0.9,0.8688,0.8163,0.8131
seed,3,6,2021-2023,-1,unweighted,PI,random_forest,diag,14,5,5,1.0,0.25,0.625,1.0,1.0,0,,,0.8207,0.6851,0.8113,0,1.0,0.8333,0.8571,0.8,0.8735,0.833,0.8284
seed,3,7,2021-2023,-1,unweighted,PI,random_forest,diag,14,5,5,1.0,0.25,0.625,1.0,1.0,0,,,0.8757,0.7072,0.6876,0,1.0,0.8333,0.8571,1.0,0.7308,0.541,0.1882
seed,3,8,2021-2023,-1,unweighted,PI,random_forest,diag,14,5,5,1.0,0.0,0.4444,1.0,1.0,0,,,0.6585,0.5259,0.7773,0,1.0,0.8333,0.7143,0.7,0.9019,0.909,0.9774
seed,3,9,2021-2023,-1,unweighted,PI,random_forest,diag,14,5,5,1.0,0.2,0.5,1.0,1.0,0,,,0.7425,0.5506,0.5493,0,1.0,0.8333,0.7143,0.8,0.6777,0.4765,0.1445
seed,4,5,2021-2023,-1,unweighted,PI,random_forest,diag,14,5,5,1.0,0.0,0.3333,1.0,1.0,0,,,0.672,0.4914,0.6345,0,1.0,0.8333,0.7143,0.8,0.7358,0.5882,0.3105
seed,4,6,2021-2023,-1,unweighted,PI,random_forest,diag,14,5,5,1.0,0.25,0.625,1.0,1.0,0,,,0.7346,0.5513,0.6471,0,1.0,0.8333,0.7143,0.8,0.7417,0.5947,0.3111
seed,4,7,2021-2023,-1,unweighted,PI,random_forest,diag,14,5,5,1.0,0.25,0.625,1.0,1.0,0,,,0.7956,0.7016,0.8626,1,1.0,0.8333,0.8571,0.7,0.9405,0.9503,0.9945
seed,4,8,2021-2023,-1,unweighted,PI,random_forest,diag,14,5,5,1.0,0.25,0.625,1.0,1.0,0,,,0.7547,0.6093,0.6579,0,1.0,0.8333,0.8571,0.9,0.737,0.5576,0.2032
seed,4,9,2021-2023,-1,unweighted,PI,random_forest,diag,14,5,5,1.0,0.2,0.5,1.0,1.0,0,,,0.7426,0.5606,0.6053,0,1.0,0.8333,0.8571,0.8,0.7541,0.6047,0.3123
seed,5,6,2021-2023,-1,unweighted,PI,random_forest,diag,14,5,5,1.0,0.4,0.5714,1.0,1.0,0,,,0.8405,0.7072,0.8654,0,1.0,0.8333,1.0,0.8,0.9365,0.9394,0.9807
seed,5,7,2021-2023,-1,unweighted,PI,random_forest,diag,14,5,5,1.0,0.4,0.5714,1.0,1.0,0,,,0.8955,0.7293,0.7432,0,1.0,0.8333,0.8571,0.9,0.7719,0.6183,0.3131
seed,5,8,2021-2023,-1,unweighted,PI,random_forest,diag,14,5,5,1.0,0.1667,0.375,1.0,1.0,0,,,0.7664,0.5945,0.7416,0,1.0,1.0,0.8571,0.8,0.8544,0.8094,0.8146
seed,5,9,2021-2023,-1,unweighted,PI,random_forest,diag,14,5,5,1.0,0.6,0.6667,1.0,1.0,0,,,0.7978,0.618,0.6191,0,1.0,1.0,0.8571,0.8,0.7297,0.5446,0.1906
seed,6,7,2021-2023,-1,unweighted,PI,random_forest,diag,14,5,5,1.0,0.5,0.7143,1.0,1.0,0,,,0.7934,0.5824,0.6695,0,1.0,1.0,0.8571,0.8,0.7678,0.6198,0.3154
seed,6,8,2021-2023,-1,unweighted,PI,random_forest,diag,14,5,5,1.0,0.2,0.5,1.0,1.0,0,,,0.6645,0.4889,0.7101,0,1.0,0.8333,0.8571,0.7,0.8407,0.7958,0.8119
seed,6,9,2021-2023,-1,unweighted,PI,random_forest,diag,14,5,5,1.0,0.75,0.8333,1.0,1.0,0,,,0.894,0.7375,0.6361,0,1.0,0.8333,0.8571,1.0,0.7334,0.5436,0.1884
seed,7,8,2021-2023,-1,unweighted,PI,random_forest,diag,14,5,5,1.0,0.5,0.7143,1.0,1.0,0,,,0.7023,0.4889,0.615,0,1.0,0.8333,0.8571,0.7,0.7215,0.5484,0.2032
seed,7,9,2021-2023,-1,unweighted,PI,random_forest,diag,14,5,5,1.0,0.4,0.5714,1.0,1.0,0,,,0.7484,0.5364,0.5867,0,1.0,0.8333,0.7143,0.8,0.7497,0.5991,0.3112
seed,8,9,2021-2023,-1,unweighted,PI,random_forest,diag,14,5,5,1.0,0.1667,0.375,1.0,1.0,0,,,0.6384,0.4394,0.5542,0,1.0,1.0,0.8571,0.7,0.6753,0.4821,0.1478
seed,0,1,2021-2023,-1,unweighted,PI,random_forest,lab,14,6,4,0.4286,0.2,1.0,0.75,0.6667,1,"Education,HighBP,Sex",HighChol,0.9029,0.7599,0.8027,0,0.8,0.8333,0.8571,0.9,0.832,0.7273,0.474
seed,0,2,2021-2023,-1,unweighted,PI,random_forest,lab,14,6,4,0.4286,0.0,0.7143,0.75,0.6667,1,"Education,HighBP,Sex",HighChol,0.8367,0.6928,0.7771,0,0.8,0.8333,0.8571,0.8,0.8174,0.7157,0.4732
seed,0,3,2021-2023,-1,unweighted,PI,random_forest,lab,14,6,6,0.5,0.25,0.8333,0.6667,1.0,1,"Education,Sex","HighChol,PhysActivity_LTPA",0.8493,0.7072,0.7514,0,0.8,0.6667,0.7143,0.9,0.7844,0.6507,0.3604
seed,0,4,2021-2023,-1,unweighted,PI,random_forest,lab,14,6,5,0.5714,0.0,0.5714,0.8,0.8333,1,"Education,HighBP",HighChol,0.7467,0.5799,0.6831,0,0.6,0.8333,0.7143,0.8,0.7684,0.6476,0.4239
seed,0,5,2021-2023,-1,unweighted,PI,random_forest,lab,14,6,3,0.5,0.2,0.625,1.0,0.5,0,"Education,HighBP,Sex",,0.6557,0.5083,0.6609,0,0.6,0.6667,0.7143,0.8,0.7729,0.6699,0.4625
seed,0,6,2021-2023,-1,unweighted,PI,random_forest,lab,14,6,5,0.5714,0.2,0.8333,0.8,0.8333,1,"Education,Sex",HighChol,0.8852,0.7375,0.7604,0,0.8,0.8333,0.8571,0.9,0.7896,0.6487,0.349
seed,0,7,2021-2023,-1,unweighted,PI,random_forest,lab,14,6,4,0.4286,0.1667,0.8333,0.75,0.6667,1,"Education,HighBP,Sex",HighChol,0.8609,0.7338,0.8515,0,0.8,0.8333,0.7143,0.8,0.914,0.9114,0.9723
seed,0,8,2021-2023,-1,unweighted,PI,random_forest,lab,14,6,5,0.5714,0.1667,0.4286,0.8,0.8333,1,"HighBP,Sex",HighChol,0.6601,0.5587,0.6877,0,0.8,0.6667,0.5714,0.9,0.7902,0.6872,0.468
seed,0,9,2021-2023,-1,unweighted,PI,random_forest,lab,14,6,5,0.5714,0.0,0.4286,0.8,0.8333,1,"Education,Sex",HighChol,0.7556,0.6254,0.6677,0,0.8,0.8333,0.7143,0.9,0.7383,0.5844,0.305
seed,1,2,2021-2023,-1,unweighted,PI,random_forest,lab,14,4,4,1.0,0.6,0.7143,1.0,1.0,0,,,0.9157,0.8182,0.9195,1,1.0,0.8333,1.0,0.8,0.9637,0.9703,0.9964
seed,1,3,2021-2023,-1,unweighted,PI,random_forest,lab,14,4,6,0.6667,0.75,0.8333,1.0,0.6667,0,,"HighBP,PhysActivity_LTPA",0.9348,0.7978,0.8623,0,1.0,0.8333,0.8571,1.0,0.9054,0.8663,0.8551
seed,1,4,2021-2023,-1,unweighted,PI,random_forest,lab,14,4,5,0.8,0.3333,0.5714,1.0,0.8,0,,Sex,0.9152,0.8209,0.8921,0,0.8,1.0,0.8571,0.9,0.9317,0.9166,0.9497
seed,1,5,2021-2023,-1,unweighted,PI,random_forest,lab,14,4,3,0.75,0.3333,0.625,1.0,0.75,0,HighChol,,0.7514,0.6405,0.8207,0,0.8,0.8333,0.8571,0.8,0.929,0.9355,0.9883
seed,1,6,2021-2023,-1,unweighted,PI,random_forest,lab,14,4,5,0.8,0.6,0.8333,1.0,0.8,0,,HighBP,0.898,0.7841,0.88,0,1.0,0.8333,1.0,0.8,0.9189,0.8922,0.8718
seed,1,7,2021-2023,-1,unweighted,PI,random_forest,lab,14,4,4,1.0,0.8,0.8333,1.0,1.0,0,,,0.946,0.841,0.8602,0,1.0,0.8333,0.8571,0.9,0.8616,0.7673,0.4956
seed,1,8,2021-2023,-1,unweighted,PI,random_forest,lab,14,4,5,0.8,0.2857,0.4286,1.0,0.8,0,,Education,0.7029,0.5909,0.7733,0,0.8,0.6667,0.7143,0.8,0.8918,0.8897,0.9688
seed,1,9,2021-2023,-1,unweighted,PI,random_forest,lab,14,4,5,0.8,0.2857,0.4286,1.0,0.8,0,,HighBP,0.7589,0.6244,0.7833,0,1.0,0.8333,0.8571,0.8,0.8628,0.8241,0.8277
seed,2,3,2021-2023,-1,unweighted,PI,random_forest,lab,14,4,6,0.6667,0.4,0.8333,1.0,0.6667,0,,"HighBP,PhysActivity_LTPA",0.8928,0.7529,0.8504,0,1.0,0.8333,0.8571,0.8,0.8957,0.8605,0.8551
seed,2,4,2021-2023,-1,unweighted,PI,random_forest,lab,14,4,5,0.8,0.6,0.8333,1.0,0.8,0,,Sex,0.8728,0.7516,0.8617,0,0.8,0.8333,0.8571,0.9,0.9199,0.9064,0.9475
seed,2,5,2021-2023,-1,unweighted,PI,random_forest,lab,14,4,3,0.75,0.3333,0.625,1.0,0.75,0,HighChol,,0.8995,0.7866,0.8768,0,0.8,0.6667,0.8571,1.0,0.9457,0.9434,0.9867
seed,2,6,2021-2023,-1,unweighted,PI,random_forest,lab,14,4,5,0.8,0.3333,0.5714,1.0,0.8,0,,HighBP,0.898,0.7955,0.8831,0,1.0,1.0,1.0,0.8,0.9237,0.8975,0.8738
seed,2,7,2021-2023,-1,unweighted,PI,random_forest,lab,14,4,4,1.0,0.8,0.8333,1.0,1.0,0,,,0.9279,0.841,0.8675,0,1.0,1.0,0.8571,0.8,0.8602,0.7703,0.4978
seed,2,8,2021-2023,-1,unweighted,PI,random_forest,lab,14,4,5,0.8,0.125,0.25,1.0,0.8,0,,Education,0.694,0.5682,0.7664,0,0.8,0.8333,0.7143,0.8,0.9064,0.9044,0.9716
seed,2,9,2021-2023,-1,unweighted,PI,random_forest,lab,14,4,5,0.8,0.2857,0.4286,1.0,0.8,0,,HighBP,0.7656,0.6244,0.7867,0,1.0,1.0,0.8571,0.8,0.8774,0.8387,0.8305
seed,3,4,2021-2023,-1,unweighted,PI,random_forest,lab,14,6,5,0.5714,0.1667,0.6667,0.8,0.8333,1,"HighBP,PhysActivity_LTPA",Sex,0.8688,0.7089,0.8001,0,0.8,0.8333,0.8571,0.9,0.8566,0.8008,0.8069
seed,3,5,2021-2023,-1,unweighted,PI,random_forest,lab,14,6,3,0.5,0.4,0.5,1.0,0.5,0,"HighBP,HighChol,PhysActivity_LTPA",,0.7148,0.5444,0.7208,0,0.8,0.6667,0.7143,0.8,0.8544,0.8167,0.8444
seed,3,6,2021-2023,-1,unweighted,PI,random_forest,lab,14,6,5,0.8333,0.75,0.6667,1.0,0.8333,0,PhysActivity_LTPA,,0.8508,0.7304,0.8684,0,1.0,0.8333,0.8571,0.8,0.9369,0.9363,0.9796
seed,3,7,2021-2023,-1,unweighted,PI,random_forest,lab,14,6,4,0.6667,0.6,1.0,1.0,0.6667,0,"HighBP,PhysActivity_LTPA",,0.9518,0.8316,0.8124,0,1.0,0.8333,1.0,0.9,0.8113,0.6722,0.3561
seed,3,8,2021-2023,-1,unweighted,PI,random_forest,lab,14,6,5,0.5714,0.3333,0.2857,0.8,0.8333,1,"HighBP,PhysActivity_LTPA",Education,0.5812,0.4382,0.6589,0,0.8,0.6667,0.7143,0.8,0.8436,0.8078,0.8437
seed,3,9,2021-2023,-1,unweighted,PI,random_forest,lab,14,6,5,0.8333,0.3333,0.2857,1.0,0.8333,0,PhysActivity_LTPA,,0.7397,0.5945,0.7865,0,1.0,0.8333,0.8571,0.8,0.8943,0.8809,0.9371
seed,4,5,2021-2023,-1,unweighted,PI,random_forest,lab,14,5,3,0.6,0.1429,0.5,1.0,0.6,0,"HighChol,Sex",,0.7776,0.6403,0.809,0,1.0,0.8333,0.7143,0.9,0.9114,0.9044,0.9519
seed,4,6,2021-2023,-1,unweighted,PI,random_forest,lab,14,5,5,0.6667,0.1429,0.4286,0.8,1.0,1,Sex,HighBP,0.7567,0.6012,0.7667,0,0.8,0.8333,0.8571,0.7,0.8506,0.8087,0.8215
seed,4,7,2021-2023,-1,unweighted,PI,random_forest,lab,14,5,4,0.8,0.5,0.6667,1.0,0.8,0,Sex,,0.8387,0.699,0.7702,0,0.8,0.8333,0.8571,0.8,0.8068,0.6966,0.4469
seed,4,8,2021-2023,-1,unweighted,PI,random_forest,lab,14,5,5,0.6667,0.125,0.2857,0.8,1.0,1,Sex,Education,0.6964,0.5666,0.7436,0,0.8,0.6667,0.5714,0.8,0.862,0.8433,0.9262
seed,4,9,2021-2023,-1,unweighted,PI,random_forest,lab,14,5,5,0.6667,0.2857,0.5,0.8,1.0,1,Sex,HighBP,0.7461,0.5882,0.7261,0,0.8,0.8333,0.7143,0.8,0.8468,0.8039,0.8205
seed,5,6,2021-2023,-1,unweighted,PI,random_forest,lab,14,3,5,0.6,0.3333,0.5,1.0,0.6,0,,"HighBP,HighChol",0.7492,0.618,0.7774,0,0.8,0.6667,0.8571,0.8,0.8694,0.8408,0.8605
seed,5,7,2021-2023,-1,unweighted,PI,random_forest,lab,14,3,4,0.75,0.2857,0.5,1.0,0.75,0,,HighChol,0.7493,0.6207,0.7379,0,0.8,0.6667,0.7143,0.8,0.809,0.7157,0.4846
seed,5,8,2021-2023,-1,unweighted,PI,random_forest,lab,14,3,5,0.6,0.2857,0.5714,1.0,0.6,0,,"Education,HighChol",0.747,0.618,0.7952,0,0.8,0.6667,0.7143,0.8,0.8982,0.8952,0.9692
seed,5,9,2021-2023,-1,unweighted,PI,random_forest,lab,14,3,5,0.6,0.5,0.5714,1.0,0.6,0,,"HighBP,HighChol",0.614,0.4573,0.6814,0,0.8,0.6667,0.7143,0.8,0.8231,0.7821,0.8171
seed,6,7,2021-2023,-1,unweighted,PI,random_forest,lab,14,5,4,0.8,0.5,0.6667,1.0,0.8,0,HighBP,,0.9053,0.7936,0.8063,0,1.0,1.0,0.8571,0.8,0.8231,0.6948,0.3729
seed,6,8,2021-2023,-1,unweighted,PI,random_forest,lab,14,5,5,0.6667,0.2857,0.2857,0.8,1.0,1,HighBP,Education,0.6053,0.4659,0.6974,0,0.8,0.8333,0.7143,0.8,0.8508,0.8172,0.8463
seed,6,9,2021-2023,-1,unweighted,PI,random_forest,lab,14,5,5,1.0,0.5,0.5,1.0,1.0,0,,,0.8393,0.7284,0.8598,0,1.0,1.0,0.8571,0.9,0.9342,0.9258,0.9556
seed,7,8,2021-2023,-1,unweighted,PI,random_forest,lab,14,4,5,0.8,0.25,0.2857,1.0,0.8,0,,Education,0.6299,0.4619,0.6606,0,0.8,0.8333,0.7143,0.7,0.7828,0.6874,0.4707
seed,7,9,2021-2023,-1,unweighted,PI,random_forest,lab,14,4,5,0.8,0.25,0.2857,1.0,0.8,0,,HighBP,0.741,0.5785,0.6859,0,1.0,1.0,0.8571,0.7,0.7735,0.6348,0.3302
seed,8,9,2021-2023,-1,unweighted,PI,random_forest,lab,14,5,5,0.6667,0.4286,0.3333,0.8,1.0,1,Education,HighBP,0.6741,0.5319,0.7145,0,0.8,0.8333,0.8571,0.8,0.8362,0.7858,0.806
seed,0,1,2021-2023,-1,unweighted,PI,random_forest,total,14,5,5,1.0,0.6,0.6667,1.0,1.0,0,,,0.7789,0.6278,0.6805,0,1.0,0.8333,0.8571,0.8,0.7519,0.6036,0.3123
seed,0,2,2021-2023,-1,unweighted,PI,random_forest,total,14,5,5,1.0,0.5,0.7143,1.0,1.0,0,,,0.8339,0.6639,0.6889,0,1.0,0.8333,0.7143,0.9,0.7622,0.6097,0.312
seed,0,3,2021-2023,-1,unweighted,PI,random_forest,total,14,5,5,1.0,0.5,0.7143,1.0,1.0,0,,,0.8168,0.6442,0.7078,0,1.0,0.8333,0.8571,0.7,0.7562,0.6072,0.3127
seed,0,4,2021-2023,-1,unweighted,PI,random_forest,total,14,5,4,0.8,0.2,0.625,1.0,0.8,0,HighBP,,0.7814,0.6882,0.7064,0,0.8,0.8333,0.8571,0.8,0.7528,0.5969,0.3066
seed,0,5,2021-2023,-1,unweighted,PI,random_forest,total,14,5,5,1.0,0.1667,0.375,1.0,1.0,0,,,0.6481,0.4685,0.6821,0,1.0,0.8333,0.7143,0.8,0.8417,0.7947,0.8111
seed,0,6,2021-2023,-1,unweighted,PI,random_forest,total,14,5,5,1.0,0.3333,0.4286,1.0,1.0,0,,,0.7834,0.6278,0.7019,0,1.0,1.0,0.8571,0.8,0.7592,0.6131,0.3148
seed,0,7,2021-2023,-1,unweighted,PI,random_forest,total,14,5,4,0.8,0.6,0.8333,1.0,0.8,0,HighBP,,0.7925,0.6751,0.7598,0,0.8,0.8333,0.8571,0.8,0.847,0.7948,0.8067
seed,0,8,2021-2023,-1,unweighted,PI,random_forest,total,14,5,4,0.5,0.3333,0.5714,0.75,0.8,1,"HighBP,HighChol",Education,0.6256,0.4685,0.6006,0,0.8,0.8333,0.8571,0.7,0.7109,0.5556,0.2902
seed,0,9,2021-2023,-1,unweighted,PI,random_forest,total,14,5,6,0.8333,0.2,0.375,1.0,0.8333,0,,Education,0.6364,0.4098,0.4636,0,1.0,0.8333,0.7143,0.7,0.6647,0.4666,0.1439
seed,1,2,2021-2023,-1,unweighted,PI,random_forest,total,14,5,5,1.0,0.3333,0.4286,1.0,1.0,0,,,0.7307,0.6034,0.8077,1,1.0,0.8333,0.7143,0.8,0.9272,0.9392,0.9932
seed,1,3,2021-2023,-1,unweighted,PI,random_forest,total,14,5,5,1.0,0.6,0.6667,1.0,1.0,0,,,0.8641,0.7304,0.8632,0,1.0,0.8333,0.8571,0.9,0.9312,0.9328,0.9795
seed,1,4,2021-2023,-1,unweighted,PI,random_forest,total,14,5,4,0.8,0.3333,0.5714,1.0,0.8,0,HighBP,,0.88,0.7826,0.8694,0,0.8,0.8333,0.8571,0.9,0.9215,0.9082,0.9477
seed,1,5,2021-2023,-1,unweighted,PI,random_forest,total,14,5,5,1.0,0.2857,0.2857,1.0,1.0,0,,,0.7337,0.5955,0.7644,0,1.0,0.8333,0.8571,0.7,0.8385,0.7511,0.4949
seed,1,6,2021-2023,-1,unweighted,PI,random_forest,total,14,5,5,1.0,0.4286,0.3333,1.0,1.0,0,,,0.8226,0.6705,0.8475,0,1.0,0.8333,1.0,0.8,0.9349,0.9376,0.9805
seed,1,7,2021-2023,-1,unweighted,PI,random_forest,total,14,5,4,0.8,0.6667,0.8,1.0,0.8,0,HighBP,,0.8625,0.7045,0.7608,0,0.8,0.6667,0.8571,0.9,0.81,0.6955,0.4449
seed,1,8,2021-2023,-1,unweighted,PI,random_forest,total,14,5,4,0.5,0.4286,0.8,0.75,0.8,1,"HighBP,HighChol",Education,0.9238,0.7753,0.8723,0,0.8,1.0,0.8571,0.9,0.9433,0.9382,0.9763
seed,1,9,2021-2023,-1,unweighted,PI,random_forest,total,14,5,6,0.8333,0.3333,0.5,1.0,0.8333,0,,Education,0.8393,0.6937,0.8072,0,1.0,1.0,0.8571,0.8,0.8699,0.8221,0.8156
seed,2,3,2021-2023,-1,unweighted,PI,random_forest,total,14,5,5,1.0,0.5,0.7143,1.0,1.0,0,,,0.9241,0.8177,0.9012,0,1.0,0.8333,0.8571,0.8,0.9405,0.9386,0.9797
seed,2,4,2021-2023,-1,unweighted,PI,random_forest,total,14,5,4,0.8,0.2,0.625,1.0,0.8,0,HighBP,,0.7206,0.6012,0.7835,0,0.8,0.8333,0.7143,0.7,0.8858,0.8789,0.9452
seed,2,5,2021-2023,-1,unweighted,PI,random_forest,total,14,5,5,1.0,0.4,0.5714,1.0,1.0,0,,,0.8009,0.663,0.7944,0,1.0,1.0,0.8571,0.8,0.8602,0.7703,0.4978
seed,2,6,2021-2023,-1,unweighted,PI,random_forest,total,14,5,5,1.0,0.6,0.6667,1.0,1.0,0,,,0.8985,0.7822,0.8852,0,1.0,0.8333,0.7143,0.9,0.9315,0.931,0.9786
seed,2,7,2021-2023,-1,unweighted,PI,random_forest,total,14,5,4,0.8,0.3333,0.5714,1.0,0.8,0,HighBP,,0.7484,0.5811,0.7009,0,0.8,0.6667,0.5714,0.8,0.7776,0.6675,0.4418
seed,2,8,2021-2023,-1,unweighted,PI,random_forest,total,14,5,4,0.5,0.1429,0.375,0.75,0.8,1,"HighBP,HighChol",Education,0.6051,0.4862,0.7224,0,0.8,0.8333,0.7143,0.7,0.886,0.8893,0.9707
seed,2,9,2021-2023,-1,unweighted,PI,random_forest,total,14,5,6,0.8333,0.2,0.375,1.0,0.8333,0,,Education,0.7356,0.5571,0.7209,0,1.0,0.8333,0.7143,0.8,0.8415,0.7928,0.8107
seed,3,4,2021-2023,-1,unweighted,PI,random_forest,total,14,5,4,0.8,0.2,0.625,1.0,0.8,0,HighBP,,0.7557,0.6287,0.7882,0,0.8,0.8333,0.8571,0.8,0.886,0.8683,0.931
seed,3,5,2021-2023,-1,unweighted,PI,random_forest,total,14,5,5,1.0,0.4,0.5714,1.0,1.0,0,,,0.7952,0.6333,0.754,0,1.0,0.8333,0.7143,0.8,0.8277,0.7283,0.4785
seed,3,6,2021-2023,-1,unweighted,PI,random_forest,total,14,5,5,1.0,0.6,0.6667,1.0,1.0,0,,,0.9348,0.8427,0.928,1,1.0,0.8333,0.8571,0.9,0.9621,0.9678,0.9956
seed,3,7,2021-2023,-1,unweighted,PI,random_forest,total,14,5,4,0.8,0.6,0.8333,1.0,0.8,0,HighBP,,0.7514,0.5955,0.6981,0,0.8,0.6667,0.7143,0.8,0.7745,0.6564,0.428
seed,3,8,2021-2023,-1,unweighted,PI,random_forest,total,14,5,4,0.5,0.1429,0.5714,0.75,0.8,1,"HighBP,HighChol",Education,0.7093,0.5667,0.7769,0,0.8,0.8333,0.7143,0.8,0.9006,0.901,0.9715
seed,3,9,2021-2023,-1,unweighted,PI,random_forest,total,14,5,6,0.8333,0.2,0.5714,1.0,0.8333,0,,Education,0.8098,0.6517,0.7512,0,1.0,0.8333,0.7143,0.9,0.8536,0.8018,0.8113
seed,4,5,2021-2023,-1,unweighted,PI,random_forest,total,14,4,5,0.8,0.1667,0.5,1.0,0.8,0,,HighBP,0.6905,0.5441,0.7009,0,0.8,0.8333,0.7143,0.8,0.795,0.6859,0.4455
seed,4,6,2021-2023,-1,unweighted,PI,random_forest,total,14,4,5,0.8,0.1429,0.375,1.0,0.8,0,,HighBP,0.6732,0.5503,0.7624,0,0.8,0.8333,0.8571,0.7,0.8742,0.8612,0.9309
seed,4,7,2021-2023,-1,unweighted,PI,random_forest,total,14,4,4,1.0,0.3333,0.5,1.0,1.0,0,,,0.7398,0.6114,0.7369,0,0.8,0.6667,0.7143,0.8,0.8166,0.7227,0.4852
seed,4,8,2021-2023,-1,unweighted,PI,random_forest,total,14,4,4,0.6,0.6,0.7143,0.75,1.0,1,HighChol,Education,0.7901,0.6771,0.7864,0,0.6,0.8333,0.7143,0.9,0.8799,0.8573,0.9246
seed,4,9,2021-2023,-1,unweighted,PI,random_forest,total,14,4,6,0.6667,0.5,0.7143,1.0,0.6667,0,,"Education,HighBP",0.7853,0.6345,0.7379,0,0.8,0.8333,0.8571,0.8,0.8489,0.794,0.8063
seed,5,6,2021-2023,-1,unweighted,PI,random_forest,total,14,5,5,1.0,0.8,0.8,1.0,1.0,0,,,0.895,0.7304,0.8055,0,1.0,0.8333,0.8571,0.9,0.8446,0.7432,0.4802
seed,5,7,2021-2023,-1,unweighted,PI,random_forest,total,14,5,4,0.8,0.2857,0.4286,1.0,0.8,0,HighBP,,0.6343,0.4607,0.7147,0,0.8,0.6667,0.7143,0.7,0.8809,0.8736,0.9432
seed,5,8,2021-2023,-1,unweighted,PI,random_forest,total,14,5,4,0.5,0.125,0.4286,0.75,0.8,1,"HighBP,HighChol",Education,0.7346,0.5444,0.7007,0,0.8,0.8333,0.8571,0.7,0.8091,0.7083,0.4726
seed,5,9,2021-2023,-1,unweighted,PI,random_forest,total,14,5,6,0.8333,0.4,0.6667,1.0,0.8333,0,,Education,0.8588,0.6974,0.7003,0,1.0,0.8333,0.8571,0.9,0.7638,0.612,0.3126
seed,6,7,2021-2023,-1,unweighted,PI,random_forest,total,14,5,4,0.8,0.4286,0.5,1.0,0.8,0,HighBP,,0.765,0.6364,0.7177,0,0.8,0.8333,0.8571,0.8,0.7999,0.6792,0.4318
seed,6,8,2021-2023,-1,unweighted,PI,random_forest,total,14,5,4,0.5,0.1111,0.2857,0.75,0.8,1,"HighBP,HighChol",Education,0.7249,0.5731,0.7923,0,0.8,0.8333,0.8571,0.7,0.9043,0.9058,0.9726
seed,6,9,2021-2023,-1,unweighted,PI,random_forest,total,14,5,6,0.8333,0.3333,0.5,1.0,0.8333,0,,Education,0.8148,0.6591,0.7634,0,1.0,0.8333,0.8571,0.9,0.8532,0.8049,0.8123
seed,7,8,2021-2023,-1,unweighted,PI,random_forest,total,14,4,4,0.6,0.4286,0.6667,0.75,1.0,1,HighChol,Education,0.8022,0.6405,0.7233,0,0.6,0.6667,0.8571,0.9,0.7787,0.6535,0.423
seed,7,9,2021-2023,-1,unweighted,PI,random_forest,total,14,4,6,0.6667,0.1429,0.4286,1.0,0.6667,0,,"Education,HighBP",0.5893,0.3931,0.5216,0,0.8,0.6667,0.7143,0.7,0.7149,0.5647,0.3022
seed,8,9,2021-2023,-1,unweighted,PI,random_forest,total,14,4,6,0.6667,0.3333,0.6667,1.0,0.6667,0,,"HighBP,HighChol",0.7909,0.6174,0.7359,0,0.8,1.0,0.8571,0.8,0.8444,0.7835,0.7937
seed,0,1,2021-2023,-1,unweighted,PI,xgboost,diag,14,5,5,1.0,0.1429,0.25,1.0,1.0,0,,,0.6997,0.5304,0.763,0,1.0,0.8333,0.7143,0.8,0.9056,0.9098,0.9771
seed,0,2,2021-2023,-1,unweighted,PI,xgboost,diag,14,5,5,1.0,0.3333,0.4286,1.0,1.0,0,,,0.819,0.6928,0.8529,1,1.0,0.8333,0.7143,0.9,0.9356,0.9438,0.9931
seed,0,3,2021-2023,-1,unweighted,PI,xgboost,diag,14,5,5,1.0,0.2857,0.2857,1.0,1.0,0,,,0.7219,0.5587,0.7516,0,1.0,0.8333,0.8571,0.8,0.8742,0.8426,0.8537
seed,0,4,2021-2023,-1,unweighted,PI,xgboost,diag,14,5,4,0.8,0.6,0.8333,1.0,0.8,0,HighBP,,0.8808,0.7152,0.7861,0,1.0,1.0,0.8571,0.9,0.8738,0.8248,0.8157
seed,0,5,2021-2023,-1,unweighted,PI,xgboost,diag,14,5,5,1.0,0.3333,0.4286,1.0,1.0,0,,,0.6733,0.5304,0.7497,0,1.0,0.8333,0.7143,0.8,0.8836,0.8592,0.868
seed,0,6,2021-2023,-1,unweighted,PI,xgboost,diag,14,5,5,1.0,0.4,0.5714,1.0,1.0,0,,,0.8154,0.6923,0.853,0,1.0,0.8333,0.8571,0.8,0.9347,0.9353,0.9796
seed,0,7,2021-2023,-1,unweighted,PI,xgboost,diag,14,5,4,0.8,0.3333,0.5714,1.0,0.8,0,HighBP,,0.8022,0.6484,0.8223,0,1.0,0.8333,0.8571,0.8,0.9239,0.9263,0.9789
seed,0,8,2021-2023,-1,unweighted,PI,xgboost,diag,14,5,5,1.0,0.3333,0.4286,1.0,1.0,0,,,0.7616,0.6034,0.8095,0,1.0,0.8333,0.8571,0.8,0.9299,0.9315,0.9794
seed,0,9,2021-2023,-1,unweighted,PI,xgboost,diag,14,5,5,1.0,0.5,0.5,1.0,1.0,0,,,0.8712,0.7391,0.8696,0,1.0,1.0,0.8571,0.9,0.9408,0.9418,0.9817
seed,1,2,2021-2023,-1,unweighted,PI,xgboost,diag,14,5,5,1.0,0.6,0.6667,1.0,1.0,0,,,0.8641,0.7866,0.8841,0,1.0,0.8333,0.8571,0.9,0.9465,0.9424,0.9798
seed,1,3,2021-2023,-1,unweighted,PI,xgboost,diag,14,5,5,1.0,0.5,0.5,1.0,1.0,0,,,0.8619,0.7304,0.8487,0,1.0,1.0,0.8571,0.9,0.921,0.8922,0.8725
seed,1,4,2021-2023,-1,unweighted,PI,xgboost,diag,14,5,4,0.8,0.1429,0.375,1.0,0.8,0,HighBP,,0.7028,0.5281,0.7141,0,1.0,0.8333,0.8571,0.8,0.8644,0.8258,0.8278
seed,1,5,2021-2023,-1,unweighted,PI,xgboost,diag,14,5,5,1.0,0.3333,0.4286,1.0,1.0,0,,,0.9328,0.7667,0.8523,0,1.0,0.8333,1.0,0.9,0.9049,0.8667,0.8557
seed,1,6,2021-2023,-1,unweighted,PI,xgboost,diag,14,5,5,1.0,0.1667,0.375,1.0,1.0,0,,,0.7371,0.5746,0.812,1,1.0,1.0,0.8571,0.7,0.9434,0.9564,0.9968
seed,1,7,2021-2023,-1,unweighted,PI,xgboost,diag,14,5,4,0.8,0.3333,0.5714,1.0,0.8,0,HighBP,,0.9043,0.7956,0.9072,1,1.0,0.8333,0.8571,0.9,0.9621,0.9665,0.9954
seed,1,8,2021-2023,-1,unweighted,PI,xgboost,diag,14,5,5,1.0,0.1429,0.25,1.0,1.0,0,,,0.8332,0.6967,0.8611,1,1.0,1.0,0.8571,0.8,0.9552,0.9635,0.997
seed,1,9,2021-2023,-1,unweighted,PI,xgboost,diag,14,5,5,1.0,0.2857,0.2857,1.0,1.0,0,,,0.7509,0.6403,0.8362,1,1.0,0.8333,0.8571,0.8,0.9443,0.9529,0.9946
seed,2,3,2021-2023,-1,unweighted,PI,xgboost,diag,14,5,5,1.0,0.5,0.5,1.0,1.0,0,,,0.7206,0.5568,0.7493,0,1.0,0.8333,0.7143,0.8,0.8783,0.8436,0.853
seed,2,4,2021-2023,-1,unweighted,PI,xgboost,diag,14,5,4,0.8,0.1429,0.375,1.0,0.8,0,HighBP,,0.6851,0.4886,0.6861,0,1.0,0.8333,0.8571,0.8,0.8414,0.7965,0.812
seed,2,5,2021-2023,-1,unweighted,PI,xgboost,diag,14,5,5,1.0,0.3333,0.4286,1.0,1.0,0,,,0.8265,0.6854,0.8288,0,1.0,1.0,0.8571,0.8,0.9124,0.8858,0.8722
seed,2,6,2021-2023,-1,unweighted,PI,xgboost,diag,14,5,5,1.0,0.1667,0.375,1.0,1.0,0,,,0.6159,0.447,0.7261,0,1.0,0.8333,0.7143,0.7,0.9017,0.9071,0.977
seed,2,7,2021-2023,-1,unweighted,PI,xgboost,diag,14,5,4,0.8,0.3333,0.5714,1.0,0.8,0,HighBP,,0.819,0.6705,0.8447,0,1.0,1.0,0.8571,0.8,0.9407,0.942,0.9818
seed,2,8,2021-2023,-1,unweighted,PI,xgboost,diag,14,5,5,1.0,0.1429,0.25,1.0,1.0,0,,,0.7118,0.5682,0.7767,0,1.0,0.8333,0.7143,0.8,0.9135,0.9143,0.9772
seed,2,9,2021-2023,-1,unweighted,PI,xgboost,diag,14,5,5,1.0,0.2857,0.2857,1.0,1.0,0,,,0.6942,0.555,0.782,0,1.0,0.8333,0.7143,0.8,0.9137,0.9161,0.9776
seed,3,4,2021-2023,-1,unweighted,PI,xgboost,diag,14,5,4,0.8,0.125,0.25,1.0,0.8,0,HighBP,,0.6408,0.4886,0.7168,0,1.0,0.8333,0.7143,0.8,0.846,0.8094,0.826
seed,3,5,2021-2023,-1,unweighted,PI,xgboost,diag,14,5,5,1.0,0.2857,0.2857,1.0,1.0,0,,,0.8287,0.7416,0.8636,0,1.0,0.8333,0.8571,0.8,0.9319,0.9307,0.979
seed,3,6,2021-2023,-1,unweighted,PI,xgboost,diag,14,5,5,1.0,0.3333,0.4286,1.0,1.0,0,,,0.8676,0.7599,0.8628,0,1.0,1.0,0.8571,0.8,0.9162,0.89,0.8727
seed,3,7,2021-2023,-1,unweighted,PI,xgboost,diag,14,5,4,0.8,0.2857,0.4286,1.0,0.8,0,HighBP,,0.819,0.7152,0.8339,0,1.0,0.8333,0.8571,0.9,0.9171,0.8865,0.8704
seed,3,8,2021-2023,-1,unweighted,PI,xgboost,diag,14,5,5,1.0,0.2857,0.2857,1.0,1.0,0,,,0.8936,0.7955,0.8834,0,1.0,1.0,1.0,0.8,0.9259,0.8985,0.8738
seed,3,9,2021-2023,-1,unweighted,PI,xgboost,diag,14,5,5,1.0,0.6667,0.6,1.0,1.0,0,,,0.8281,0.7284,0.8422,0,1.0,0.8333,0.8571,0.9,0.9092,0.8809,0.8702
seed,4,5,2021-2023,-1,unweighted,PI,xgboost,diag,14,4,5,0.8,0.1429,0.375,1.0,0.8,0,,HighBP,0.7028,0.5506,0.7354,0,1.0,0.8333,0.8571,0.8,0.8462,0.8002,0.8122
seed,4,6,2021-2023,-1,unweighted,PI,xgboost,diag,14,4,5,0.8,0.1667,0.5,1.0,0.8,0,,HighBP,0.8013,0.6258,0.7603,0,1.0,0.8333,0.8571,0.9,0.8762,0.8342,0.8282
seed,4,7,2021-2023,-1,unweighted,PI,xgboost,diag,14,4,4,1.0,0.3333,0.5,1.0,1.0,0,,,0.8057,0.6258,0.7551,0,1.0,0.8333,0.8571,0.9,0.874,0.8319,0.828
seed,4,8,2021-2023,-1,unweighted,PI,xgboost,diag,14,4,5,0.8,0.1429,0.375,1.0,0.8,0,,HighBP,0.7251,0.5568,0.7298,0,1.0,0.8333,0.7143,0.8,0.8568,0.8183,0.8267
seed,4,9,2021-2023,-1,unweighted,PI,xgboost,diag,14,4,5,0.8,0.2857,0.4286,1.0,0.8,0,,HighBP,0.8415,0.7053,0.7945,0,1.0,1.0,0.8571,0.9,0.8918,0.8485,0.8309
seed,5,6,2021-2023,-1,unweighted,PI,xgboost,diag,14,5,5,1.0,0.4,0.5714,1.0,1.0,0,,,0.7195,0.5746,0.7625,0,1.0,0.8333,0.8571,0.8,0.8789,0.8463,0.8539
seed,5,7,2021-2023,-1,unweighted,PI,xgboost,diag,14,5,4,0.8,0.6,0.8333,1.0,0.8,0,HighBP,,0.9175,0.7956,0.869,0,1.0,1.0,0.8571,0.8,0.9049,0.8692,0.8573
seed,5,8,2021-2023,-1,unweighted,PI,xgboost,diag,14,5,5,1.0,0.6,0.6667,1.0,1.0,0,,,0.8,0.6854,0.8118,0,1.0,0.8333,0.8571,0.9,0.8929,0.8557,0.8543
seed,5,9,2021-2023,-1,unweighted,PI,xgboost,diag,14,5,5,1.0,0.2857,0.2857,1.0,1.0,0,,,0.6886,0.5259,0.7378,0,1.0,0.8333,0.8571,0.8,0.8763,0.8436,0.8537
seed,6,7,2021-2023,-1,unweighted,PI,xgboost,diag,14,5,4,0.8,0.4,0.7143,1.0,0.8,0,HighBP,,0.7582,0.6484,0.8324,1,1.0,0.8333,0.7143,0.8,0.9406,0.9496,0.9939
seed,6,8,2021-2023,-1,unweighted,PI,xgboost,diag,14,5,5,1.0,0.75,0.8333,1.0,1.0,0,,,0.9514,0.894,0.9538,1,1.0,1.0,0.8571,0.9,0.9758,0.9817,0.9985
seed,6,9,2021-2023,-1,unweighted,PI,xgboost,diag,14,5,5,1.0,0.6,0.6667,1.0,1.0,0,,,0.9467,0.8528,0.932,1,1.0,0.8333,1.0,0.9,0.9676,0.973,0.9965
seed,7,8,2021-2023,-1,unweighted,PI,xgboost,diag,14,4,5,0.8,0.3333,0.5714,1.0,0.8,0,,HighBP,0.7881,0.6705,0.8464,1,1.0,0.8333,0.8571,0.7,0.9464,0.9555,0.995
seed,7,9,2021-2023,-1,unweighted,PI,xgboost,diag,14,4,5,0.8,0.2857,0.4286,1.0,0.8,0,,HighBP,0.7089,0.5799,0.7995,1,1.0,0.8333,0.7143,0.8,0.932,0.9417,0.9932
seed,8,9,2021-2023,-1,unweighted,PI,xgboost,diag,14,5,5,1.0,0.5,0.5,1.0,1.0,0,,,0.8906,0.7978,0.9077,1,1.0,0.8333,0.8571,0.9,0.9542,0.9609,0.9952
seed,0,1,2021-2023,-1,unweighted,PI,xgboost,lab,14,5,4,0.5,0.2,0.625,0.75,0.8,1,"Income,Sex",HighChol,0.7723,0.6128,0.7134,0,0.6,0.8333,0.8571,0.9,0.8037,0.6973,0.4665
seed,0,2,2021-2023,-1,unweighted,PI,xgboost,lab,14,5,4,0.5,0.4,0.7143,0.75,0.8,1,"Income,Sex",HighChol,0.7383,0.6041,0.7485,0,0.6,0.5,0.7143,0.9,0.893,0.8803,0.961
seed,0,3,2021-2023,-1,unweighted,PI,xgboost,lab,14,5,4,0.5,0.1667,0.7143,0.75,0.8,1,"Income,Sex",HighChol,0.8371,0.6591,0.7715,0,0.6,0.8333,0.8571,0.9,0.8679,0.8245,0.8421
seed,0,4,2021-2023,-1,unweighted,PI,xgboost,lab,14,5,4,0.5,0.1667,0.7143,0.75,0.8,1,"Income,Sex",HighChol,0.8862,0.7641,0.8724,0,0.8,0.8333,1.0,0.8,0.9276,0.9246,0.9743
seed,0,5,2021-2023,-1,unweighted,PI,xgboost,lab,14,5,4,0.5,0.1429,0.5714,0.75,0.8,1,"Income,Sex",HighChol,0.7837,0.6258,0.7592,0,0.8,0.6667,0.8571,0.9,0.8652,0.8247,0.8452
seed,0,6,2021-2023,-1,unweighted,PI,xgboost,lab,14,5,5,0.4286,0.0,0.625,0.6,1.0,1,"Income,Sex","HighBP,HighChol",0.7563,0.6278,0.7461,0,0.6,0.8333,0.8571,0.8,0.8607,0.818,0.8415
seed,0,7,2021-2023,-1,unweighted,PI,xgboost,lab,14,5,3,0.6,0.3333,0.7143,1.0,0.6,0,"Income,Sex",,0.8985,0.7375,0.8466,0,0.6,0.8333,1.0,0.9,0.9205,0.9132,0.9684
seed,0,8,2021-2023,-1,unweighted,PI,xgboost,lab,14,5,3,0.6,0.3333,0.7143,1.0,0.6,0,"Income,Sex",,0.8774,0.7416,0.8475,0,0.8,0.6667,0.8571,0.9,0.9236,0.9151,0.971
seed,0,9,2021-2023,-1,unweighted,PI,xgboost,lab,14,5,5,0.6667,0.1667,0.5714,0.8,1.0,1,Sex,HighChol,0.7969,0.6481,0.8072,0,0.8,0.6667,0.8571,0.8,0.9015,0.8995,0.9701
seed,1,2,2021-2023,-1,unweighted,PI,xgboost,lab,14,4,4,1.0,0.4,0.625,1.0,1.0,0,,,0.7887,0.699,0.782,0,0.8,0.6667,0.7143,0.8,0.8186,0.7219,0.4848
seed,1,3,2021-2023,-1,unweighted,PI,xgboost,lab,14,4,4,1.0,0.4,0.625,1.0,1.0,0,,,0.8843,0.7765,0.7978,0,1.0,1.0,0.8571,0.9,0.821,0.6922,0.3725
seed,1,4,2021-2023,-1,unweighted,PI,xgboost,lab,14,4,4,1.0,0.4,0.625,1.0,1.0,0,,,0.7442,0.5945,0.7417,0,0.8,0.8333,0.8571,0.8,0.8185,0.7284,0.488
seed,1,5,2021-2023,-1,unweighted,PI,xgboost,lab,14,4,4,1.0,0.3333,0.5,1.0,1.0,0,,,0.8867,0.7391,0.7645,0,0.8,0.8333,0.7143,1.0,0.7943,0.6601,0.3627
seed,1,6,2021-2023,-1,unweighted,PI,xgboost,lab,14,4,5,0.8,0.25,0.75,1.0,0.8,0,,HighBP,0.8001,0.6749,0.7598,0,1.0,1.0,0.8571,0.7,0.8053,0.6812,0.3721
seed,1,7,2021-2023,-1,unweighted,PI,xgboost,lab,14,4,3,0.75,0.3333,0.625,1.0,0.75,0,HighChol,,0.9267,0.8073,0.8439,0,1.0,0.8333,0.8571,1.0,0.8553,0.7615,0.495
seed,1,8,2021-2023,-1,unweighted,PI,xgboost,lab,14,4,3,0.75,0.3333,0.625,1.0,0.75,0,HighChol,,0.8043,0.6631,0.7652,0,0.8,0.6667,0.7143,0.9,0.8256,0.7265,0.485
seed,1,9,2021-2023,-1,unweighted,PI,xgboost,lab,14,4,5,0.8,0.4,0.5,1.0,0.8,0,,Income,0.7956,0.6481,0.751,0,0.8,0.6667,0.7143,0.9,0.8127,0.7165,0.4842
seed,2,3,2021-2023,-1,unweighted,PI,xgboost,lab,14,4,4,1.0,0.6,0.7143,1.0,1.0,0,,,0.8455,0.7231,0.8319,0,0.8,0.6667,0.8571,0.8,0.8824,0.8509,0.8612
seed,2,4,2021-2023,-1,unweighted,PI,xgboost,lab,14,4,4,1.0,0.3333,0.5,1.0,1.0,0,,,0.6458,0.5036,0.7377,0,0.8,0.6667,0.7143,0.7,0.903,0.9107,0.9843
seed,2,5,2021-2023,-1,unweighted,PI,xgboost,lab,14,4,4,1.0,0.5,0.5714,1.0,1.0,0,,,0.7395,0.6173,0.7698,0,0.8,0.6667,0.5714,0.8,0.8612,0.8307,0.8585
seed,2,6,2021-2023,-1,unweighted,PI,xgboost,lab,14,4,5,0.8,0.5,0.8571,1.0,0.8,0,,HighBP,0.8897,0.7778,0.8551,0,0.8,0.6667,0.8571,0.9,0.9,0.8626,0.8616
seed,2,7,2021-2023,-1,unweighted,PI,xgboost,lab,14,4,3,0.75,0.5,0.7143,1.0,0.75,0,HighChol,,0.8114,0.7105,0.846,0,0.8,0.6667,0.7143,0.8,0.9198,0.9246,0.9853
seed,2,8,2021-2023,-1,unweighted,PI,xgboost,lab,14,4,3,0.75,0.5,0.7143,1.0,0.75,0,HighChol,,0.8123,0.7379,0.861,0,0.8,0.8333,0.8571,0.9,0.9516,0.9516,0.9892
seed,2,9,2021-2023,-1,unweighted,PI,xgboost,lab,14,4,5,0.8,0.6,0.5714,1.0,0.8,0,,Income,0.7125,0.6173,0.8103,0,0.8,0.8333,0.8571,0.7,0.9226,0.9314,0.9882
seed,3,4,2021-2023,-1,unweighted,PI,xgboost,lab,14,4,4,1.0,0.6,0.7143,1.0,1.0,0,,,0.7753,0.5945,0.7785,0,0.8,0.8333,0.8571,0.7,0.8835,0.8566,0.8637
seed,3,5,2021-2023,-1,unweighted,PI,xgboost,lab,14,4,4,1.0,0.8,0.8333,1.0,1.0,0,,,0.9156,0.7845,0.8822,0,0.8,0.8333,0.7143,0.9,0.952,0.9498,0.9883
seed,3,6,2021-2023,-1,unweighted,PI,xgboost,lab,14,4,5,0.8,0.5,0.8571,1.0,0.8,0,,HighBP,0.8932,0.8195,0.9249,1,1.0,1.0,1.0,0.8,0.9678,0.9766,0.9988
seed,3,7,2021-2023,-1,unweighted,PI,xgboost,lab,14,4,3,0.75,0.8,1.0,1.0,0.75,0,HighChol,,0.9445,0.8528,0.9011,0,1.0,0.8333,0.8571,0.9,0.9241,0.8927,0.8709
seed,3,8,2021-2023,-1,unweighted,PI,xgboost,lab,14,4,3,0.75,0.8,1.0,1.0,0.75,0,HighChol,,0.8643,0.686,0.8154,0,0.8,0.6667,0.8571,0.8,0.8963,0.8618,0.8619
seed,3,9,2021-2023,-1,unweighted,PI,xgboost,lab,14,4,5,0.8,0.6,0.8333,1.0,0.8,0,,Income,0.8667,0.7163,0.8244,0,0.8,0.6667,0.8571,0.9,0.8894,0.8568,0.8615
seed,4,5,2021-2023,-1,unweighted,PI,xgboost,lab,14,4,4,1.0,0.5,0.5714,1.0,1.0,0,,,0.7019,0.5525,0.7619,0,0.8,0.8333,0.8571,0.8,0.8814,0.8541,0.8633
seed,4,6,2021-2023,-1,unweighted,PI,xgboost,lab,14,4,5,0.8,0.2,0.625,1.0,0.8,0,,HighBP,0.7718,0.6442,0.7906,0,0.8,0.8333,0.8571,0.7,0.8861,0.8581,0.8637
seed,4,7,2021-2023,-1,unweighted,PI,xgboost,lab,14,4,3,0.75,0.5,0.7143,1.0,0.75,0,HighChol,,0.8471,0.6851,0.8543,0,0.8,0.8333,1.0,0.8,0.9426,0.9482,0.9899
seed,4,8,2021-2023,-1,unweighted,PI,xgboost,lab,14,4,3,0.75,0.5,0.7143,1.0,0.75,0,HighChol,,0.8029,0.6778,0.8505,1,1.0,0.8333,0.8571,0.8,0.9481,0.9571,0.995
seed,4,9,2021-2023,-1,unweighted,PI,xgboost,lab,14,4,5,0.8,0.6,0.8333,1.0,0.8,0,,Income,0.8427,0.7293,0.8695,1,1.0,0.8333,0.8571,0.8,0.9529,0.9609,0.9953
seed,5,6,2021-2023,-1,unweighted,PI,xgboost,lab,14,4,5,0.8,0.4,0.7143,1.0,0.8,0,,HighBP,0.7395,0.6173,0.8126,0,0.8,0.8333,0.7143,0.7,0.9198,0.9264,0.9871
seed,5,7,2021-2023,-1,unweighted,PI,xgboost,lab,14,4,3,0.75,0.6667,0.8333,1.0,0.75,0,HighChol,,0.8945,0.7363,0.829,0,0.8,0.6667,0.8571,1.0,0.8991,0.8628,0.8617
seed,5,8,2021-2023,-1,unweighted,PI,xgboost,lab,14,4,3,0.75,0.6667,0.8333,1.0,0.75,0,HighChol,,0.8119,0.7293,0.8264,0,0.8,0.6667,0.7143,0.9,0.8866,0.8518,0.8604
seed,5,9,2021-2023,-1,unweighted,PI,xgboost,lab,14,4,5,0.8,0.5,0.6667,1.0,0.8,0,,Income,0.8154,0.6923,0.8129,0,0.8,0.6667,0.7143,0.9,0.8758,0.844,0.8599
seed,6,7,2021-2023,-1,unweighted,PI,xgboost,lab,14,5,3,0.6,0.4,0.8571,1.0,0.6,0,"HighBP,HighChol",,0.8069,0.6872,0.8304,0,1.0,0.8333,0.8571,0.7,0.8967,0.873,0.8699
seed,6,8,2021-2023,-1,unweighted,PI,xgboost,lab,14,5,3,0.6,0.4,0.8571,1.0,0.6,0,"HighBP,HighChol",,0.7808,0.6442,0.7895,0,0.8,0.6667,0.8571,0.8,0.8881,0.8543,0.8613
seed,6,9,2021-2023,-1,unweighted,PI,xgboost,lab,14,5,5,0.6667,0.5,0.7143,0.8,1.0,1,HighBP,Income,0.798,0.6639,0.7978,0,0.8,0.6667,0.8571,0.8,0.8824,0.8521,0.8614
seed,7,8,2021-2023,-1,unweighted,PI,xgboost,lab,14,3,3,1.0,1.0,1.0,1.0,1.0,0,,,0.9087,0.7735,0.8967,0,0.8,0.8333,0.8571,0.9,0.955,0.9566,0.9898
seed,7,9,2021-2023,-1,unweighted,PI,xgboost,lab,14,3,5,0.6,0.5,0.8333,1.0,0.6,0,,"HighChol,Income",0.8989,0.7802,0.8906,0,0.8,0.8333,0.8571,0.9,0.949,0.9502,0.9892
seed,8,9,2021-2023,-1,unweighted,PI,xgboost,lab,14,3,5,0.6,0.5,0.8333,1.0,0.6,0,,"HighChol,Income",0.8779,0.7735,0.911,1,1.0,1.0,1.0,0.8,0.9677,0.9778,0.999
seed,0,1,2021-2023,-1,unweighted,PI,xgboost,total,14,5,5,1.0,0.75,0.8333,1.0,1.0,0,,,0.9055,0.766,0.8651,0,1.0,0.8333,0.8571,0.8,0.919,0.9008,0.9385
seed,0,2,2021-2023,-1,unweighted,PI,xgboost,total,14,5,5,1.0,0.4,0.5714,1.0,1.0,0,,,0.7813,0.6359,0.7946,0,1.0,0.8333,0.7143,0.8,0.8975,0.8824,0.9366
seed,0,3,2021-2023,-1,unweighted,PI,xgboost,total,14,5,4,0.8,0.4,0.7143,1.0,0.8,0,HighBP,,0.817,0.7053,0.8348,0,1.0,0.8333,0.8571,0.8,0.9083,0.8919,0.9378
seed,0,4,2021-2023,-1,unweighted,PI,xgboost,total,14,5,4,0.8,0.4,0.7143,1.0,0.8,0,HighBP,,0.7589,0.6012,0.8199,0,1.0,0.8333,0.8571,0.7,0.9203,0.9255,0.9793
seed,0,5,2021-2023,-1,unweighted,PI,xgboost,total,14,5,4,0.8,0.3333,0.5714,1.0,0.8,0,HighBP,,0.7712,0.6254,0.8044,0,1.0,1.0,0.8571,0.8,0.909,0.8956,0.9399
seed,0,6,2021-2023,-1,unweighted,PI,xgboost,total,14,5,5,1.0,0.25,0.625,1.0,1.0,0,,,0.6912,0.5344,0.7812,0,1.0,0.8333,0.8571,0.7,0.9175,0.9222,0.9788
seed,0,7,2021-2023,-1,unweighted,PI,xgboost,total,14,5,4,0.8,0.6,0.8333,1.0,0.8,0,HighBP,,0.8755,0.7317,0.8441,0,0.8,0.8333,0.8571,0.8,0.9011,0.882,0.9322
seed,0,8,2021-2023,-1,unweighted,PI,xgboost,total,14,5,5,1.0,0.5,0.7143,1.0,1.0,0,,,0.8281,0.7053,0.8309,0,1.0,0.8333,0.8571,0.8,0.913,0.8956,0.938
seed,0,9,2021-2023,-1,unweighted,PI,xgboost,total,14,5,5,1.0,0.4,0.5714,1.0,1.0,0,,,0.7598,0.5945,0.727,0,1.0,0.8333,0.8571,0.7,0.7952,0.682,0.4372
seed,1,2,2021-2023,-1,unweighted,PI,xgboost,total,14,5,5,1.0,0.3333,0.4286,1.0,1.0,0,,,0.7912,0.6854,0.8535,1,1.0,0.8333,0.8571,0.8,0.9503,0.9582,0.9951
seed,1,3,2021-2023,-1,unweighted,PI,xgboost,total,14,5,4,0.8,0.6,0.8333,1.0,0.8,0,HighBP,,0.9127,0.809,0.903,1,1.0,0.8333,0.7143,0.9,0.9572,0.9605,0.9943
seed,1,4,2021-2023,-1,unweighted,PI,xgboost,total,14,5,4,0.8,0.6,0.8333,1.0,0.8,0,HighBP,,0.8376,0.7079,0.858,0,1.0,1.0,0.8571,0.9,0.937,0.9304,0.9563
seed,1,5,2021-2023,-1,unweighted,PI,xgboost,total,14,5,4,0.8,0.5,0.6667,1.0,0.8,0,HighBP,,0.8009,0.6851,0.8454,1,1.0,0.8333,0.7143,0.8,0.9447,0.9511,0.9937
seed,1,6,2021-2023,-1,unweighted,PI,xgboost,total,14,5,5,1.0,0.5,0.7143,1.0,1.0,0,,,0.6667,0.5083,0.7564,0,1.0,0.8333,0.7143,0.7,0.8979,0.8957,0.9516
seed,1,7,2021-2023,-1,unweighted,PI,xgboost,total,14,5,4,0.8,0.8,1.0,1.0,0.8,0,HighBP,,0.957,0.8778,0.9352,0,0.8,0.8333,0.8571,1.0,0.9615,0.9608,0.99
seed,1,8,2021-2023,-1,unweighted,PI,xgboost,total,14,5,5,1.0,0.75,0.8333,1.0,1.0,0,,,0.9127,0.809,0.9071,1,1.0,0.8333,0.8571,0.9,0.9648,0.968,0.9954
seed,1,9,2021-2023,-1,unweighted,PI,xgboost,total,14,5,5,1.0,0.6,0.6667,1.0,1.0,0,,,0.8469,0.7222,0.8153,0,1.0,1.0,0.8571,0.9,0.8628,0.7703,0.4975
seed,2,3,2021-2023,-1,unweighted,PI,xgboost,total,14,5,4,0.8,0.1429,0.375,1.0,0.8,0,HighBP,,0.7118,0.5682,0.7869,1,1.0,0.8333,0.7143,0.8,0.9399,0.9474,0.9935
seed,2,4,2021-2023,-1,unweighted,PI,xgboost,total,14,5,4,0.8,0.1429,0.375,1.0,0.8,0,HighBP,,0.7561,0.625,0.8091,0,1.0,0.8333,0.7143,0.8,0.905,0.9003,0.9518
seed,2,5,2021-2023,-1,unweighted,PI,xgboost,total,14,5,4,0.8,0.2857,0.4286,1.0,0.8,0,HighBP,,0.7925,0.6928,0.8594,1,1.0,0.8333,0.8571,0.7,0.9405,0.9503,0.9945
seed,2,6,2021-2023,-1,unweighted,PI,xgboost,total,14,5,5,1.0,0.0,0.3333,1.0,1.0,0,,,0.6865,0.5364,0.7675,0,1.0,0.8333,0.7143,0.7,0.8963,0.8939,0.9514
seed,2,7,2021-2023,-1,unweighted,PI,xgboost,total,14,5,4,0.8,0.2857,0.4286,1.0,0.8,0,HighBP,,0.7867,0.6854,0.8453,0,0.8,0.8333,0.8571,0.8,0.9356,0.9413,0.9888
seed,2,8,2021-2023,-1,unweighted,PI,xgboost,total,14,5,5,1.0,0.1667,0.375,1.0,1.0,0,,,0.7206,0.5682,0.7892,1,1.0,0.8333,0.7143,0.8,0.9351,0.9437,0.9933
seed,2,9,2021-2023,-1,unweighted,PI,xgboost,total,14,5,5,1.0,0.3333,0.4286,1.0,1.0,0,,,0.8287,0.6967,0.7942,0,1.0,0.8333,0.7143,0.8,0.8459,0.7526,0.494
seed,3,4,2021-2023,-1,unweighted,PI,xgboost,total,14,4,4,1.0,1.0,1.0,1.0,1.0,0,,,0.9069,0.7841,0.8885,0,1.0,0.8333,0.8571,0.9,0.9332,0.9247,0.9542
seed,3,5,2021-2023,-1,unweighted,PI,xgboost,total,14,4,4,1.0,0.5,0.5714,1.0,1.0,0,,,0.8146,0.6928,0.8617,1,1.0,0.8333,0.8571,0.7,0.9464,0.9555,0.995
seed,3,6,2021-2023,-1,unweighted,PI,xgboost,total,14,4,5,0.8,0.5,0.8571,1.0,0.8,0,,HighBP,0.819,0.6705,0.8463,0,1.0,1.0,1.0,0.8,0.936,0.9314,0.9571
seed,3,7,2021-2023,-1,unweighted,PI,xgboost,total,14,4,4,1.0,0.8,0.8333,1.0,1.0,0,,,0.8906,0.809,0.891,0,0.8,0.8333,0.8571,0.9,0.95,0.9511,0.9892
seed,3,8,2021-2023,-1,unweighted,PI,xgboost,total,14,4,5,0.8,0.75,1.0,1.0,0.8,0,,HighBP,0.9911,0.9545,0.9771,1,1.0,1.0,0.8571,1.0,0.9876,0.9888,0.9987
seed,3,9,2021-2023,-1,unweighted,PI,xgboost,total,14,4,5,0.8,0.6,0.8333,1.0,0.8,0,,HighBP,0.9127,0.8315,0.8572,0,1.0,0.8333,0.8571,0.9,0.8621,0.7665,0.4954
seed,4,5,2021-2023,-1,unweighted,PI,xgboost,total,14,4,4,1.0,0.5,0.5714,1.0,1.0,0,,,0.819,0.6705,0.83,0,1.0,0.8333,0.7143,0.8,0.9183,0.9107,0.9525
seed,4,6,2021-2023,-1,unweighted,PI,xgboost,total,14,4,5,0.8,0.5,0.8571,1.0,0.8,0,,HighBP,0.7969,0.7152,0.8728,1,1.0,0.8333,0.8571,0.8,0.9503,0.9594,0.9952
seed,4,7,2021-2023,-1,unweighted,PI,xgboost,total,14,4,4,1.0,0.8,0.8333,1.0,1.0,0,,,0.7757,0.663,0.8137,0,0.8,0.8333,0.7143,0.9,0.9065,0.8956,0.9463
seed,4,8,2021-2023,-1,unweighted,PI,xgboost,total,14,4,5,0.8,0.75,1.0,1.0,0.8,0,,HighBP,0.9024,0.7841,0.8916,0,1.0,0.8333,1.0,0.9,0.9408,0.9322,0.9553
seed,4,9,2021-2023,-1,unweighted,PI,xgboost,total,14,4,5,0.8,0.6,0.8333,1.0,0.8,0,,HighBP,0.9613,0.8652,0.8659,0,1.0,1.0,1.0,1.0,0.8564,0.7462,0.4578
seed,5,6,2021-2023,-1,unweighted,PI,xgboost,total,14,4,5,0.8,0.4,0.7143,1.0,0.8,0,,HighBP,0.8725,0.7363,0.8691,0,1.0,0.8333,0.8571,0.8,0.9293,0.922,0.9541
seed,5,7,2021-2023,-1,unweighted,PI,xgboost,total,14,4,4,1.0,0.6667,0.6667,1.0,1.0,0,,,0.7833,0.663,0.8392,0,0.8,0.8333,0.8571,0.8,0.9312,0.9378,0.9885
seed,5,8,2021-2023,-1,unweighted,PI,xgboost,total,14,4,5,0.8,0.3333,0.5714,1.0,0.8,0,,HighBP,0.7793,0.6481,0.8394,1,1.0,0.8333,0.7143,0.7,0.9389,0.948,0.9938
seed,5,9,2021-2023,-1,unweighted,PI,xgboost,total,14,4,5,0.8,0.5,0.6667,1.0,0.8,0,,HighBP,0.8339,0.6851,0.7857,0,1.0,0.8333,0.7143,0.8,0.8475,0.7544,0.4942
seed,6,7,2021-2023,-1,unweighted,PI,xgboost,total,14,5,4,0.8,0.4,0.7143,1.0,0.8,0,HighBP,,0.7217,0.5746,0.7776,0,0.8,0.8333,0.8571,0.7,0.8982,0.8901,0.9465
seed,6,8,2021-2023,-1,unweighted,PI,xgboost,total,14,5,5,1.0,0.6667,0.8571,1.0,1.0,0,,,0.8013,0.6705,0.8424,0,1.0,1.0,0.8571,0.8,0.9332,0.9277,0.9562
seed,6,9,2021-2023,-1,unweighted,PI,xgboost,total,14,5,5,1.0,0.5,0.7143,1.0,1.0,0,,,0.7921,0.663,0.7675,0,1.0,0.8333,0.8571,0.8,0.8259,0.7182,0.4536
seed,7,8,2021-2023,-1,unweighted,PI,xgboost,total,14,4,5,0.8,0.6,0.8333,1.0,0.8,0,,HighBP,0.8818,0.7641,0.8686,0,0.8,0.8333,0.7143,0.9,0.9424,0.9436,0.9881
seed,7,9,2021-2023,-1,unweighted,PI,xgboost,total,14,4,5,0.8,0.5,0.6667,1.0,0.8,0,,HighBP,0.7874,0.6778,0.7731,0,0.8,0.8333,0.7143,0.9,0.8333,0.7364,0.4875
seed,8,9,2021-2023,-1,unweighted,PI,xgboost,total,14,5,5,1.0,0.75,0.8333,1.0,1.0,0,,,0.9216,0.8315,0.8606,0,1.0,0.8333,1.0,0.9,0.8697,0.774,0.4965
seed,0,1,2021-2023,-1,unweighted,SHAP,logistic_regression,diag,14,6,5,0.8333,0.1667,0.4286,1.0,0.8333,0,Education,,0.8769,0.7143,0.7617,0,1.0,1.0,0.8571,0.8,0.8147,0.699,0.4399
seed,0,2,2021-2023,-1,unweighted,SHAP,logistic_regression,diag,14,6,7,0.8571,0.2,0.5,1.0,0.8571,0,,Sex,0.8418,0.6703,0.8022,0,1.0,0.8333,0.8571,0.8,0.8783,0.8355,0.8284
seed,0,3,2021-2023,-1,unweighted,SHAP,logistic_regression,diag,14,6,5,0.8333,0.4,0.6667,1.0,0.8333,0,Education,,0.9033,0.8022,0.9141,1,1.0,1.0,0.8571,0.8,0.9649,0.9728,0.9979
seed,0,4,2021-2023,-1,unweighted,SHAP,logistic_regression,diag,14,6,5,0.8333,0.3333,0.5,1.0,0.8333,0,Education,,0.8901,0.7582,0.9013,1,1.0,1.0,0.8571,0.8,0.9687,0.977,0.9984
seed,0,5,2021-2023,-1,unweighted,SHAP,logistic_regression,diag,14,6,5,0.8333,0.2,0.5714,1.0,0.8333,0,Education,,0.7934,0.6484,0.7871,0,1.0,1.0,0.8571,0.7,0.8541,0.7654,0.4976
seed,0,6,2021-2023,-1,unweighted,SHAP,logistic_regression,diag,14,6,6,1.0,0.4,0.5,1.0,1.0,0,,,0.8593,0.7363,0.8889,1,1.0,1.0,0.8571,0.8,0.9585,0.9686,0.9977
seed,0,7,2021-2023,-1,unweighted,SHAP,logistic_regression,diag,14,6,5,0.8333,0.75,1.0,1.0,0.8333,0,Education,,0.9648,0.8681,0.8638,0,1.0,1.0,0.8571,0.9,0.8557,0.7438,0.4571
seed,0,8,2021-2023,-1,unweighted,SHAP,logistic_regression,diag,14,6,5,0.8333,0.2,0.5714,1.0,0.8333,0,Education,,0.9033,0.7582,0.8148,0,1.0,1.0,0.8571,0.9,0.8418,0.7329,0.4563
seed,0,9,2021-2023,-1,unweighted,SHAP,logistic_regression,diag,14,6,5,0.8333,0.25,0.7143,1.0,0.8333,0,Education,,0.8725,0.7802,0.9058,1,1.0,1.0,0.8571,0.8,0.958,0.968,0.9976
seed,1,2,2021-2023,-1,unweighted,SHAP,logistic_regression,diag,14,5,7,0.7143,0.1667,0.2857,1.0,0.7143,0,,"Education,Sex",0.7978,0.6044,0.683,0,1.0,0.8333,0.8571,0.8,0.7573,0.6066,0.3123
seed,1,3,2021-2023,-1,unweighted,SHAP,logistic_regression,diag,14,5,5,1.0,0.3333,0.4286,1.0,1.0,0,,,0.8725,0.6923,0.7516,0,1.0,1.0,0.8571,0.9,0.816,0.7002,0.44
seed,1,4,2021-2023,-1,unweighted,SHAP,logistic_regression,diag,14,5,5,1.0,0.2857,0.2857,1.0,1.0,0,,,0.789,0.6044,0.7163,0,1.0,1.0,0.8571,0.8,0.81,0.6965,0.4399
seed,1,5,2021-2023,-1,unweighted,SHAP,logistic_regression,diag,14,5,5,1.0,0.4,0.5714,1.0,1.0,0,,,0.8593,0.6703,0.8078,0,1.0,1.0,0.8571,0.9,0.9138,0.8992,0.94
seed,1,6,2021-2023,-1,unweighted,SHAP,logistic_regression,diag,14,5,6,0.8333,0.1429,0.2857,1.0,0.8333,0,,Education,0.811,0.6264,0.7289,0,1.0,1.0,0.8571,0.8,0.8073,0.6951,0.4399
seed,1,7,2021-2023,-1,unweighted,SHAP,logistic_regression,diag,14,5,5,1.0,0.3333,0.4286,1.0,1.0,0,,,0.8769,0.7582,0.859,0,1.0,1.0,0.8571,0.9,0.916,0.9002,0.94
seed,1,8,2021-2023,-1,unweighted,SHAP,logistic_regression,diag,14,5,5,1.0,0.4,0.5714,1.0,1.0,0,,,0.9077,0.7802,0.8683,0,1.0,1.0,0.8571,0.9,0.9208,0.904,0.9402
seed,1,9,2021-2023,-1,unweighted,SHAP,logistic_regression,diag,14,5,5,1.0,0.2,0.5,1.0,1.0,0,,,0.8813,0.7143,0.7653,0,1.0,1.0,0.8571,0.9,0.8246,0.7081,0.4407
seed,2,3,2021-2023,-1,unweighted,SHAP,logistic_regression,diag,14,7,5,0.7143,0.4,0.8,1.0,0.7143,0,"Education,Sex",,0.956,0.8681,0.8859,0,1.0,0.8333,1.0,0.9,0.9035,0.8548,0.8299
seed,2,4,2021-2023,-1,unweighted,SHAP,logistic_regression,diag,14,7,5,0.7143,0.6,1.0,1.0,0.7143,0,"Education,Sex",,0.9516,0.8242,0.8699,0,1.0,0.8333,1.0,1.0,0.9026,0.855,0.83
seed,2,5,2021-2023,-1,unweighted,SHAP,logistic_regression,diag,14,7,5,0.7143,0.2,0.6667,1.0,0.7143,0,"Education,Sex",,0.9253,0.8022,0.7942,0,1.0,0.8333,1.0,0.9,0.8003,0.654,0.3301
seed,2,6,2021-2023,-1,unweighted,SHAP,logistic_regression,diag,14,7,6,0.8571,0.4,0.6,1.0,0.8571,0,Sex,,0.9253,0.8022,0.8646,0,1.0,0.8333,1.0,0.9,0.9015,0.8556,0.8303
seed,2,7,2021-2023,-1,unweighted,SHAP,logistic_regression,diag,14,7,5,0.7143,0.1667,0.5,1.0,0.7143,0,"Education,Sex",,0.8989,0.7582,0.792,0,1.0,0.8333,1.0,0.9,0.8168,0.6884,0.3713
seed,2,8,2021-2023,-1,unweighted,SHAP,logistic_regression,diag,14,7,5,0.7143,0.2,0.6667,1.0,0.7143,0,"Education,Sex",,0.9385,0.8242,0.8188,0,1.0,0.8333,1.0,0.9,0.8274,0.6955,0.3715
seed,2,9,2021-2023,-1,unweighted,SHAP,logistic_regression,diag,14,7,5,0.7143,0.0,0.5714,1.0,0.7143,0,"Education,Sex",,0.9385,0.8022,0.8587,0,1.0,0.8333,1.0,0.9,0.9014,0.8537,0.8299
seed,3,4,2021-2023,-1,unweighted,SHAP,logistic_regression,diag,14,5,5,1.0,0.8,0.8,1.0,1.0,0,,,0.978,0.9121,0.9652,1,1.0,1.0,1.0,0.9,0.9854,0.9896,0.9994
seed,3,5,2021-2023,-1,unweighted,SHAP,logistic_regression,diag,14,5,5,1.0,0.75,0.8333,1.0,1.0,0,,,0.9253,0.8462,0.877,0,1.0,1.0,1.0,0.9,0.8834,0.7891,0.4996
seed,3,6,2021-2023,-1,unweighted,SHAP,logistic_regression,diag,14,5,6,0.8333,0.3333,0.5,1.0,0.8333,0,,Education,0.9077,0.8022,0.9159,1,1.0,1.0,1.0,0.9,0.9726,0.9802,0.9989
seed,3,7,2021-2023,-1,unweighted,SHAP,logistic_regression,diag,14,5,5,1.0,0.6,0.6667,1.0,1.0,0,,,0.9297,0.8022,0.8385,0,1.0,1.0,1.0,0.9,0.8494,0.7403,0.4574
seed,3,8,2021-2023,-1,unweighted,SHAP,logistic_regression,diag,14,5,5,1.0,0.75,0.8333,1.0,1.0,0,,,0.9604,0.8681,0.8654,0,1.0,1.0,1.0,0.9,0.8612,0.749,0.458
seed,3,9,2021-2023,-1,unweighted,SHAP,logistic_regression,diag,14,5,5,1.0,0.5,0.7143,1.0,1.0,0,,,0.9824,0.9341,0.9718,1,1.0,1.0,1.0,1.0,0.9871,0.99,0.9993
seed,4,5,2021-2023,-1,unweighted,SHAP,logistic_regression,diag,14,5,5,1.0,0.6,0.6667,1.0,1.0,0,,,0.8901,0.8022,0.8594,0,1.0,1.0,1.0,0.9,0.8774,0.7839,0.4991
seed,4,6,2021-2023,-1,unweighted,SHAP,logistic_regression,diag,14,5,6,0.8333,0.5,0.6,1.0,0.8333,0,,Education,0.9077,0.8022,0.9211,1,1.0,1.0,1.0,0.9,0.97,0.9787,0.9989
seed,4,7,2021-2023,-1,unweighted,SHAP,logistic_regression,diag,14,5,5,1.0,0.5,0.5,1.0,1.0,0,,,0.9121,0.8022,0.8424,0,1.0,1.0,1.0,0.9,0.8532,0.7445,0.4579
seed,4,8,2021-2023,-1,unweighted,SHAP,logistic_regression,diag,14,5,5,1.0,0.6,0.6667,1.0,1.0,0,,,0.9165,0.8242,0.8477,0,1.0,1.0,1.0,0.9,0.8504,0.7412,0.4575
seed,4,9,2021-2023,-1,unweighted,SHAP,logistic_regression,diag,14,5,5,1.0,0.4,0.5714,1.0,1.0,0,,,0.9516,0.8462,0.9371,1,1.0,1.0,1.0,0.9,0.9806,0.9859,0.9992
seed,5,6,2021-2023,-1,unweighted,SHAP,logistic_regression,diag,14,5,6,0.8333,0.1667,0.4286,1.0,0.8333,0,,Education,0.8901,0.7802,0.851,0,1.0,1.0,1.0,0.9,0.8748,0.7825,0.4991
seed,5,7,2021-2023,-1,unweighted,SHAP,logistic_regression,diag,14,5,5,1.0,0.4,0.5714,1.0,1.0,0,,,0.8549,0.7363,0.8725,0,1.0,1.0,1.0,0.8,0.9386,0.9329,0.9571
seed,5,8,2021-2023,-1,unweighted,SHAP,logistic_regression,diag,14,5,5,1.0,1.0,1.0,1.0,1.0,0,,,0.9297,0.8462,0.9211,0,1.0,1.0,1.0,0.8,0.9525,0.9438,0.9578
seed,5,9,2021-2023,-1,unweighted,SHAP,logistic_regression,diag,14,5,5,1.0,0.6667,0.8571,1.0,1.0,0,,,0.9297,0.8242,0.8683,0,1.0,1.0,1.0,0.9,0.8774,0.7839,0.4991
seed,6,7,2021-2023,-1,unweighted,SHAP,logistic_regression,diag,14,6,5,0.8333,0.3333,0.5,1.0,0.8333,0,Education,,0.8549,0.7363,0.8123,0,1.0,1.0,1.0,0.8,0.836,0.7314,0.4571
seed,6,8,2021-2023,-1,unweighted,SHAP,logistic_regression,diag,14,6,5,0.8333,0.1667,0.4286,1.0,0.8333,0,Education,,0.8769,0.7143,0.7995,0,1.0,1.0,1.0,0.8,0.8417,0.7348,0.4571
seed,6,9,2021-2023,-1,unweighted,SHAP,logistic_regression,diag,14,6,5,0.8333,0.2,0.5714,1.0,0.8333,0,Education,,0.9385,0.8681,0.9439,1,1.0,1.0,1.0,0.9,0.9796,0.985,0.9991
seed,7,8,2021-2023,-1,unweighted,SHAP,logistic_regression,diag,14,5,5,1.0,0.4,0.5714,1.0,1.0,0,,,0.9692,0.8901,0.9523,1,1.0,1.0,1.0,1.0,0.9835,0.9876,0.9992
seed,7,9,2021-2023,-1,unweighted,SHAP,logistic_regression,diag,14,5,5,1.0,0.5,0.7143,1.0,1.0,0,,,0.8813,0.7363,0.8107,0,1.0,1.0,1.0,0.9,0.8425,0.7356,0.4572
seed,8,9,2021-2023,-1,unweighted,SHAP,logistic_regression,diag,14,5,5,1.0,0.6667,0.8571,1.0,1.0,0,,,0.9297,0.8022,0.8372,0,1.0,1.0,1.0,0.9,0.853,0.7427,0.4575
seed,0,1,2021-2023,-1,unweighted,SHAP,logistic_regression,lab,14,6,6,1.0,0.4,0.5,1.0,1.0,0,,,0.8857,0.7802,0.9067,1,1.0,1.0,0.8571,0.9,0.9612,0.9697,0.9975
seed,0,2,2021-2023,-1,unweighted,SHAP,logistic_regression,lab,14,6,6,0.7143,0.0,0.5714,0.8333,1.0,1,HighBP,Sex,0.7275,0.5604,0.6778,0,1.0,0.8333,0.8571,0.8,0.7644,0.6258,0.3278
seed,0,3,2021-2023,-1,unweighted,SHAP,logistic_regression,lab,14,6,5,0.8333,0.25,0.7143,1.0,0.8333,0,HighBP,,0.833,0.7143,0.8513,0,1.0,0.8333,0.8571,0.9,0.927,0.9176,0.9532
seed,0,4,2021-2023,-1,unweighted,SHAP,logistic_regression,lab,14,6,6,1.0,0.5,0.6667,1.0,1.0,0,,,0.8505,0.6923,0.7863,0,1.0,1.0,0.8571,0.9,0.8337,0.7266,0.4558
seed,0,5,2021-2023,-1,unweighted,SHAP,logistic_regression,lab,14,6,6,0.7143,0.0,0.5714,0.8333,1.0,1,HighBP,Sex,0.8462,0.6923,0.7811,0,1.0,0.8333,0.8571,0.9,0.8244,0.7161,0.4532
seed,0,6,2021-2023,-1,unweighted,SHAP,logistic_regression,lab,14,6,6,1.0,0.2,0.4286,1.0,1.0,0,,,0.8154,0.6703,0.7762,0,1.0,1.0,0.8571,0.8,0.8282,0.7221,0.4555
seed,0,7,2021-2023,-1,unweighted,SHAP,logistic_regression,lab,14,6,5,0.8333,0.5,0.8333,1.0,0.8333,0,HighBP,,0.9648,0.8681,0.9451,1,1.0,1.0,0.8571,0.9,0.9778,0.9821,0.9983
seed,0,8,2021-2023,-1,unweighted,SHAP,logistic_regression,lab,14,6,5,0.8333,0.4,0.6667,1.0,0.8333,0,HighBP,,0.9341,0.8022,0.8638,0,1.0,1.0,0.8571,1.0,0.8989,0.8531,0.831
seed,0,9,2021-2023,-1,unweighted,SHAP,logistic_regression,lab,14,6,6,1.0,0.1667,0.2857,1.0,1.0,0,,,0.8198,0.6703,0.7776,0,1.0,1.0,0.8571,0.8,0.8256,0.7207,0.4555
seed,1,2,2021-2023,-1,unweighted,SHAP,logistic_regression,lab,14,6,6,0.7143,0.2,0.6667,0.8333,1.0,1,HighBP,Sex,0.833,0.6484,0.7262,0,1.0,0.8333,1.0,0.8,0.7919,0.6495,0.3302
seed,1,3,2021-2023,-1,unweighted,SHAP,logistic_regression,lab,14,6,5,0.8333,0.2,0.5714,1.0,0.8333,0,HighBP,,0.8901,0.7582,0.8816,0,1.0,0.8333,1.0,0.9,0.9439,0.9341,0.9553
seed,1,4,2021-2023,-1,unweighted,SHAP,logistic_regression,lab,14,6,6,1.0,0.4,0.5,1.0,1.0,0,,,0.8813,0.7363,0.8161,0,1.0,1.0,1.0,0.8,0.8467,0.7404,0.4578
seed,1,5,2021-2023,-1,unweighted,SHAP,logistic_regression,lab,14,6,6,0.7143,0.2,0.6667,0.8333,1.0,1,HighBP,Sex,0.9165,0.7802,0.8252,0,1.0,0.8333,1.0,0.9,0.8487,0.7366,0.4553
seed,1,6,2021-2023,-1,unweighted,SHAP,logistic_regression,lab,14,6,6,1.0,0.4,0.5,1.0,1.0,0,,,0.9385,0.8022,0.8391,0,1.0,1.0,1.0,0.9,0.8488,0.7395,0.4573
seed,1,7,2021-2023,-1,unweighted,SHAP,logistic_regression,lab,14,6,5,0.8333,0.4,0.6667,1.0,0.8333,0,HighBP,,0.9385,0.8681,0.9439,1,1.0,1.0,1.0,0.9,0.9796,0.985,0.9991
seed,1,8,2021-2023,-1,unweighted,SHAP,logistic_regression,lab,14,6,5,0.8333,0.6,0.8,1.0,0.8333,0,HighBP,,0.9604,0.8901,0.906,0,1.0,1.0,1.0,0.9,0.9183,0.8713,0.8332
seed,1,9,2021-2023,-1,unweighted,SHAP,logistic_regression,lab,14,6,6,1.0,0.6,0.6,1.0,1.0,0,,,0.9429,0.8462,0.8583,0,1.0,1.0,1.0,0.9,0.8586,0.7475,0.458
seed,2,3,2021-2023,-1,unweighted,SHAP,logistic_regression,lab,14,6,5,0.8333,0.3333,0.8571,1.0,0.8333,0,Sex,,0.9165,0.8022,0.8201,0,1.0,1.0,1.0,0.8,0.8335,0.7056,0.3745
seed,2,4,2021-2023,-1,unweighted,SHAP,logistic_regression,lab,14,6,6,0.7143,0.25,0.8333,0.8333,1.0,1,Sex,HighBP,0.9253,0.7802,0.7602,0,1.0,0.8333,1.0,0.9,0.8285,0.6982,0.372
seed,2,5,2021-2023,-1,unweighted,SHAP,logistic_regression,lab,14,6,6,1.0,1.0,1.0,1.0,1.0,0,,,0.8813,0.7363,0.7491,0,1.0,1.0,1.0,0.8,0.8313,0.7045,0.3745
seed,2,6,2021-2023,-1,unweighted,SHAP,logistic_regression,lab,14,6,6,0.7143,0.0,0.5714,0.8333,1.0,1,Sex,HighBP,0.8505,0.6703,0.7141,0,1.0,0.8333,1.0,0.9,0.812,0.6859,0.3712
seed,2,7,2021-2023,-1,unweighted,SHAP,logistic_regression,lab,14,6,5,0.8333,0.25,0.7143,1.0,0.8333,0,Sex,,0.7582,0.5604,0.6857,0,1.0,0.8333,1.0,0.7,0.7741,0.6359,0.3293
seed,2,8,2021-2023,-1,unweighted,SHAP,logistic_regression,lab,14,6,5,0.8333,0.5,0.8333,1.0,0.8333,0,Sex,,0.8462,0.6703,0.8047,0,1.0,0.8333,1.0,0.8,0.8607,0.7702,0.4968
seed,2,9,2021-2023,-1,unweighted,SHAP,logistic_regression,lab,14,6,6,0.7143,0.2,0.6667,0.8333,1.0,1,Sex,HighBP,0.8813,0.7143,0.7348,0,1.0,0.8333,1.0,0.9,0.8254,0.6963,0.372
seed,3,4,2021-2023,-1,unweighted,SHAP,logistic_regression,lab,14,5,6,0.8333,0.25,0.7143,1.0,0.8333,0,,HighBP,0.9736,0.8901,0.8901,0,1.0,0.8333,1.0,0.9,0.8809,0.7834,0.4972
seed,3,5,2021-2023,-1,unweighted,SHAP,logistic_regression,lab,14,5,6,0.8333,0.3333,0.8571,1.0,0.8333,0,,Sex,0.9824,0.9341,0.9144,0,1.0,1.0,1.0,1.0,0.8952,0.7975,0.5
seed,3,6,2021-2023,-1,unweighted,SHAP,logistic_regression,lab,14,5,6,0.8333,0.25,0.7143,1.0,0.8333,0,,HighBP,0.9077,0.7802,0.8428,0,1.0,0.8333,1.0,0.9,0.8628,0.7693,0.4963
seed,3,7,2021-2023,-1,unweighted,SHAP,logistic_regression,lab,14,5,5,1.0,0.6667,0.8571,1.0,1.0,0,,,0.8813,0.7582,0.8758,0,1.0,0.8333,1.0,0.9,0.9406,0.9303,0.9549
seed,3,8,2021-2023,-1,unweighted,SHAP,logistic_regression,lab,14,5,5,1.0,0.5,0.7143,1.0,1.0,0,,,0.9209,0.8242,0.8961,0,1.0,0.8333,1.0,0.9,0.9285,0.8982,0.872
seed,3,9,2021-2023,-1,unweighted,SHAP,logistic_regression,lab,14,5,6,0.8333,0.2,0.5714,1.0,0.8333,0,,HighBP,0.9648,0.8681,0.8807,0,1.0,0.8333,1.0,0.9,0.8767,0.7802,0.4971
seed,4,5,2021-2023,-1,unweighted,SHAP,logistic_regression,lab,14,6,6,0.7143,0.25,0.8333,0.8333,1.0,1,HighBP,Sex,0.956,0.8681,0.946,1,1.0,0.8333,1.0,0.9,0.9783,0.982,0.9972
seed,4,6,2021-2023,-1,unweighted,SHAP,logistic_regression,lab,14,6,6,1.0,0.2,0.4286,1.0,1.0,0,,,0.9077,0.8022,0.9166,1,1.0,1.0,1.0,0.9,0.9716,0.9793,0.9989
seed,4,7,2021-2023,-1,unweighted,SHAP,logistic_regression,lab,14,6,5,0.8333,0.2,0.5714,1.0,0.8333,0,HighBP,,0.8769,0.7363,0.8107,0,1.0,1.0,1.0,0.8,0.8434,0.7366,0.4573
seed,4,8,2021-2023,-1,unweighted,SHAP,logistic_regression,lab,14,6,5,0.8333,0.4,0.6667,1.0,0.8333,0,HighBP,,0.9165,0.8022,0.8229,0,1.0,1.0,1.0,0.9,0.8352,0.7072,0.3746
seed,4,9,2021-2023,-1,unweighted,SHAP,logistic_regression,lab,14,6,6,1.0,0.4,0.5,1.0,1.0,0,,,0.9429,0.8462,0.9411,1,1.0,1.0,1.0,0.9,0.9834,0.9891,0.9996
seed,5,6,2021-2023,-1,unweighted,SHAP,logistic_regression,lab,14,6,6,0.7143,0.0,0.5714,0.8333,1.0,1,Sex,HighBP,0.9077,0.8022,0.9141,1,1.0,0.8333,1.0,0.9,0.9602,0.9678,0.9963
seed,5,7,2021-2023,-1,unweighted,SHAP,logistic_regression,lab,14,6,5,0.8333,0.25,0.7143,1.0,0.8333,0,Sex,,0.9077,0.7802,0.8197,0,1.0,0.8333,1.0,0.9,0.8427,0.7314,0.4549
seed,5,8,2021-2023,-1,unweighted,SHAP,logistic_regression,lab,14,6,5,0.8333,0.5,0.8333,1.0,0.8333,0,Sex,,0.9385,0.8462,0.8319,0,1.0,0.8333,1.0,0.9,0.8307,0.6993,0.372
seed,5,9,2021-2023,-1,unweighted,SHAP,logistic_regression,lab,14,6,6,0.7143,0.2,0.6667,0.8333,1.0,1,Sex,HighBP,0.9824,0.9341,0.9663,1,1.0,0.8333,1.0,0.9,0.9815,0.9827,0.9971
seed,6,7,2021-2023,-1,unweighted,SHAP,logistic_regression,lab,14,6,5,0.8333,0.2,0.5714,1.0,0.8333,0,HighBP,,0.8945,0.7582,0.8195,0,1.0,1.0,1.0,0.8,0.8417,0.7348,0.4571
seed,6,8,2021-2023,-1,unweighted,SHAP,logistic_regression,lab,14,6,5,0.8333,0.1667,0.4286,1.0,0.8333,0,HighBP,,0.8989,0.7802,0.809,0,1.0,1.0,1.0,0.8,0.8237,0.6975,0.3738
seed,6,9,2021-2023,-1,unweighted,SHAP,logistic_regression,lab,14,6,6,1.0,0.75,0.8,1.0,1.0,0,,,0.9516,0.8681,0.9482,1,1.0,1.0,1.0,1.0,0.9787,0.9852,0.9992
seed,7,8,2021-2023,-1,unweighted,SHAP,logistic_regression,lab,14,5,5,1.0,0.75,0.8333,1.0,1.0,0,,,0.9604,0.8901,0.9006,0,1.0,1.0,1.0,0.9,0.9134,0.8657,0.8325
seed,7,9,2021-2023,-1,unweighted,SHAP,logistic_regression,lab,14,5,6,0.8333,0.1667,0.4286,1.0,0.8333,0,,HighBP,0.8945,0.7582,0.8157,0,1.0,1.0,1.0,0.8,0.8439,0.7359,0.4572
seed,8,9,2021-2023,-1,unweighted,SHAP,logistic_regression,lab,14,5,6,0.8333,0.3333,0.5,1.0,0.8333,0,,HighBP,0.9297,0.8242,0.8283,0,1.0,1.0,1.0,0.8,0.8367,0.7075,0.3745
seed,0,1,2021-2023,-1,unweighted,SHAP,logistic_regression,total,14,6,6,1.0,0.75,0.8,1.0,1.0,0,,,0.9648,0.8901,0.9182,0,1.0,1.0,0.8571,1.0,0.9335,0.9016,0.8731
seed,0,2,2021-2023,-1,unweighted,SHAP,logistic_regression,total,14,6,7,0.8571,0.25,0.6667,1.0,0.8571,0,,Sex,0.833,0.6703,0.8296,0,0.8,0.8333,0.8571,0.8,0.9128,0.9018,0.9473
seed,0,3,2021-2023,-1,unweighted,SHAP,logistic_regression,total,14,6,6,1.0,0.6667,0.8333,1.0,1.0,0,,,0.9121,0.8242,0.9253,1,1.0,1.0,0.8571,0.9,0.9666,0.9745,0.998
seed,0,4,2021-2023,-1,unweighted,SHAP,logistic_regression,total,14,6,6,1.0,0.4,0.5,1.0,1.0,0,,,0.8945,0.7802,0.9095,1,1.0,1.0,0.8571,0.9,0.9666,0.9745,0.998
seed,0,5,2021-2023,-1,unweighted,SHAP,logistic_regression,total,14,6,6,1.0,0.3333,0.7143,1.0,1.0,0,,,0.8593,0.7363,0.8802,0,0.8,1.0,0.8571,0.9,0.9475,0.9528,0.9912
seed,0,6,2021-2023,-1,unweighted,SHAP,logistic_regression,total,14,6,6,1.0,0.4,0.5,1.0,1.0,0,,,0.9033,0.7582,0.8832,0,1.0,1.0,0.8571,0.9,0.9402,0.9323,0.9563
seed,0,7,2021-2023,-1,unweighted,SHAP,logistic_regression,total,14,6,6,1.0,1.0,1.0,1.0,1.0,0,,,0.978,0.9121,0.9348,0,1.0,1.0,1.0,1.0,0.9442,0.9123,0.8745
seed,0,8,2021-2023,-1,unweighted,SHAP,logistic_regression,total,14,6,5,0.8333,0.5,0.8333,1.0,0.8333,0,Education,,0.9297,0.8242,0.9218,1,1.0,1.0,0.8571,0.9,0.9698,0.9764,0.998
seed,0,9,2021-2023,-1,unweighted,SHAP,logistic_regression,total,14,6,5,0.8333,0.5,0.8333,1.0,0.8333,0,Education,,0.8725,0.7802,0.909,1,1.0,1.0,0.8571,0.9,0.964,0.973,0.9979
seed,1,2,2021-2023,-1,unweighted,SHAP,logistic_regression,total,14,6,7,0.8571,0.2,0.5,1.0,0.8571,0,,Sex,0.8242,0.6484,0.7857,0,0.8,0.8333,0.8571,0.8,0.8662,0.82,0.8222
seed,1,3,2021-2023,-1,unweighted,SHAP,logistic_regression,total,14,6,6,1.0,0.5,0.6667,1.0,1.0,0,,,0.9033,0.8022,0.883,0,1.0,1.0,0.8571,0.9,0.9248,0.8964,0.873
seed,1,4,2021-2023,-1,unweighted,SHAP,logistic_regression,total,14,6,6,1.0,0.6,0.6,1.0,1.0,0,,,0.8857,0.7582,0.8669,0,1.0,1.0,0.8571,0.9,0.9248,0.8964,0.873
seed,1,5,2021-2023,-1,unweighted,SHAP,logistic_regression,total,14,6,6,1.0,0.25,0.5714,1.0,1.0,0,,,0.8549,0.7582,0.8596,0,0.8,1.0,0.8571,0.9,0.9117,0.88,0.8668
seed,1,6,2021-2023,-1,unweighted,SHAP,logistic_regression,total,14,6,6,1.0,0.6,0.6,1.0,1.0,0,,,0.8857,0.7363,0.8385,0,1.0,1.0,0.8571,0.9,0.8952,0.8523,0.8313
seed,1,7,2021-2023,-1,unweighted,SHAP,logistic_regression,total,14,6,6,1.0,0.75,0.8,1.0,1.0,0,,,0.9473,0.8462,0.931,1,1.0,1.0,0.8571,1.0,0.9737,0.9791,0.9981
seed,1,8,2021-2023,-1,unweighted,SHAP,logistic_regression,total,14,6,5,0.8333,0.4,0.6667,1.0,0.8333,0,Education,,0.9604,0.8462,0.9047,0,1.0,1.0,0.8571,0.9,0.934,0.9036,0.8735
seed,1,9,2021-2023,-1,unweighted,SHAP,logistic_regression,total,14,6,5,0.8333,0.4,0.6667,1.0,0.8333,0,Education,,0.8549,0.7582,0.8664,0,1.0,1.0,0.8571,0.9,0.9222,0.895,0.873
seed,2,3,2021-2023,-1,unweighted,SHAP,logistic_regression,total,14,7,6,0.8571,0.3333,0.8333,1.0,0.8571,0,Sex,,0.9604,0.8462,0.9046,0,0.8,0.8333,1.0,0.9,0.9392,0.9226,0.9492
seed,2,4,2021-2023,-1,unweighted,SHAP,logistic_regression,total,14,7,6,0.8571,0.5,0.8,1.0,0.8571,0,Sex,,0.9692,0.8901,0.9211,0,0.8,0.8333,1.0,0.9,0.9414,0.9236,0.9492
seed,2,5,2021-2023,-1,unweighted,SHAP,logistic_regression,total,14,7,6,0.8571,0.0,0.7143,1.0,0.8571,0,Sex,,0.9297,0.7582,0.8623,0,0.8,0.8333,1.0,0.9,0.9306,0.9159,0.9486
seed,2,6,2021-2023,-1,unweighted,SHAP,logistic_regression,total,14,7,6,0.8571,0.5,0.8,1.0,0.8571,0,Sex,,0.9516,0.8681,0.9328,0,0.8,0.8333,1.0,0.9,0.9626,0.9629,0.9908
seed,2,7,2021-2023,-1,unweighted,SHAP,logistic_regression,total,14,7,6,0.8571,0.25,0.6667,1.0,0.8571,0,Sex,,0.8769,0.7143,0.8169,0,0.8,0.8333,0.8571,0.8,0.8738,0.827,0.8228
seed,2,8,2021-2023,-1,unweighted,SHAP,logistic_regression,total,14,7,5,0.7143,0.0,0.5714,1.0,0.7143,0,"Education,Sex",,0.9121,0.7582,0.8654,0,0.8,0.8333,1.0,0.9,0.9253,0.9116,0.9484
seed,2,9,2021-2023,-1,unweighted,SHAP,logistic_regression,total,14,7,5,0.7143,0.25,0.8333,1.0,0.7143,0,"Education,Sex",,0.9341,0.8022,0.8886,0,0.8,0.8333,1.0,0.9,0.9334,0.9192,0.9491
seed,3,4,2021-2023,-1,unweighted,SHAP,logistic_regression,total,14,6,6,1.0,0.5,0.6667,1.0,1.0,0,,,0.9912,0.956,0.9839,1,1.0,1.0,1.0,0.9,0.994,0.9963,0.9999
seed,3,5,2021-2023,-1,unweighted,SHAP,logistic_regression,total,14,6,6,1.0,0.5,0.8571,1.0,1.0,0,,,0.978,0.9121,0.9569,0,0.8,1.0,1.0,1.0,0.9761,0.9759,0.9932
seed,3,6,2021-2023,-1,unweighted,SHAP,logistic_regression,total,14,6,6,1.0,0.5,0.6667,1.0,1.0,0,,,0.9604,0.8901,0.9404,0,1.0,1.0,1.0,0.9,0.9612,0.9502,0.9582
seed,3,7,2021-2023,-1,unweighted,SHAP,logistic_regression,total,14,6,6,1.0,0.6667,0.8333,1.0,1.0,0,,,0.9385,0.8242,0.8962,0,1.0,1.0,0.8571,0.9,0.9298,0.9008,0.8735
seed,3,8,2021-2023,-1,unweighted,SHAP,logistic_regression,total,14,6,5,0.8333,0.25,0.7143,1.0,0.8333,0,Education,,0.9429,0.8681,0.941,1,1.0,1.0,1.0,0.9,0.9774,0.9827,0.9989
seed,3,9,2021-2023,-1,unweighted,SHAP,logistic_regression,total,14,6,5,0.8333,0.6667,1.0,1.0,0.8333,0,Education,,0.9692,0.9121,0.9698,1,1.0,1.0,1.0,1.0,0.992,0.9956,0.9999
seed,4,5,2021-2023,-1,unweighted,SHAP,logistic_regression,total,14,6,6,1.0,0.25,0.5714,1.0,1.0,0,,,0.9692,0.8681,0.9405,0,0.8,1.0,1.0,0.9,0.9722,0.9732,0.9931
seed,4,6,2021-2023,-1,unweighted,SHAP,logistic_regression,total,14,6,6,1.0,1.0,1.0,1.0,1.0,0,,,0.9824,0.9341,0.9565,0,1.0,1.0,1.0,1.0,0.9672,0.9539,0.9583
seed,4,7,2021-2023,-1,unweighted,SHAP,logistic_regression,total,14,6,6,1.0,0.4,0.5,1.0,1.0,0,,,0.9297,0.8242,0.8975,0,1.0,1.0,0.8571,0.9,0.9276,0.8997,0.8735
seed,4,8,2021-2023,-1,unweighted,SHAP,logistic_regression,total,14,6,5,0.8333,0.1667,0.4286,1.0,0.8333,0,Education,,0.9253,0.8242,0.9253,1,1.0,1.0,1.0,0.8,0.9714,0.9789,0.9988
seed,4,9,2021-2023,-1,unweighted,SHAP,logistic_regression,total,14,6,5,0.8333,0.4,0.6667,1.0,0.8333,0,Education,,0.9692,0.9121,0.968,1,1.0,1.0,1.0,0.9,0.9882,0.9929,0.9998
seed,5,6,2021-2023,-1,unweighted,SHAP,logistic_regression,total,14,6,6,1.0,0.25,0.5714,1.0,1.0,0,,,0.9341,0.8022,0.8966,0,0.8,1.0,1.0,0.9,0.9395,0.9271,0.9514
seed,5,7,2021-2023,-1,unweighted,SHAP,logistic_regression,total,14,6,6,1.0,0.3333,0.7143,1.0,1.0,0,,,0.8901,0.7363,0.8518,0,0.8,1.0,0.8571,0.9,0.9085,0.8781,0.8667
seed,5,8,2021-2023,-1,unweighted,SHAP,logistic_regression,total,14,6,5,0.8333,0.3333,0.8571,1.0,0.8333,0,Education,,0.8857,0.7802,0.8981,0,0.8,1.0,1.0,0.9,0.9595,0.9638,0.9927
seed,5,9,2021-2023,-1,unweighted,SHAP,logistic_regression,total,14,6,5,0.8333,0.3333,0.8571,1.0,0.8333,0,Education,,0.978,0.9121,0.9556,0,0.8,1.0,1.0,1.0,0.9751,0.975,0.9932
seed,6,7,2021-2023,-1,unweighted,SHAP,logistic_regression,total,14,6,6,1.0,0.4,0.5,1.0,1.0,0,,,0.9341,0.8022,0.869,0,1.0,1.0,0.8571,0.9,0.9038,0.859,0.8318
seed,6,8,2021-2023,-1,unweighted,SHAP,logistic_regression,total,14,6,5,0.8333,0.1667,0.4286,1.0,0.8333,0,Education,,0.9033,0.8022,0.8996,0,1.0,1.0,1.0,0.8,0.9417,0.9348,0.9571
seed,6,9,2021-2023,-1,unweighted,SHAP,logistic_regression,total,14,6,5,0.8333,0.4,0.6667,1.0,0.8333,0,Education,,0.9429,0.8462,0.9238,0,1.0,1.0,1.0,0.9,0.958,0.9483,0.9581
seed,7,8,2021-2023,-1,unweighted,SHAP,logistic_regression,total,14,6,5,0.8333,0.5,0.8333,1.0,0.8333,0,Education,,0.9253,0.8242,0.8933,0,1.0,1.0,0.8571,0.9,0.927,0.8975,0.873
seed,7,9,2021-2023,-1,unweighted,SHAP,logistic_regression,total,14,6,5,0.8333,0.5,0.8333,1.0,0.8333,0,Education,,0.8857,0.7363,0.8656,0,1.0,1.0,0.8571,0.9,0.925,0.8983,0.8734
seed,8,9,2021-2023,-1,unweighted,SHAP,logistic_regression,total,14,5,5,1.0,0.5,0.7143,1.0,1.0,0,,,0.8813,0.7802,0.9102,1,1.0,1.0,1.0,0.9,0.9726,0.9802,0.9989
seed,0,1,2021-2023,-1,unweighted,SHAP,random_forest,diag,14,5,5,1.0,0.6,0.6667,1.0,1.0,0,,,0.9956,0.978,0.9888,1,1.0,1.0,1.0,1.0,0.994,0.9948,0.9995
seed,0,2,2021-2023,-1,unweighted,SHAP,random_forest,diag,14,5,5,1.0,0.6,0.6667,1.0,1.0,0,,,0.9692,0.9121,0.9483,0,1.0,1.0,1.0,0.9,0.9671,0.9627,0.9836
seed,0,3,2021-2023,-1,unweighted,SHAP,random_forest,diag,14,5,5,1.0,0.6,0.6667,1.0,1.0,0,,,0.9956,0.978,0.9888,1,1.0,1.0,1.0,1.0,0.994,0.9948,0.9995
seed,0,4,2021-2023,-1,unweighted,SHAP,random_forest,diag,14,5,5,1.0,0.6,0.6667,1.0,1.0,0,,,0.9868,0.9341,0.9281,0,1.0,1.0,1.0,1.0,0.9308,0.8892,0.8589
seed,0,5,2021-2023,-1,unweighted,SHAP,random_forest,diag,14,5,5,1.0,0.6,0.6667,1.0,1.0,0,,,0.9824,0.9341,0.9403,0,1.0,1.0,1.0,1.0,0.95,0.928,0.9425
seed,0,6,2021-2023,-1,unweighted,SHAP,random_forest,diag,14,5,5,1.0,0.75,0.8333,1.0,1.0,0,,,0.9824,0.9121,0.9191,0,1.0,1.0,1.0,0.9,0.9269,0.8865,0.8588
seed,0,7,2021-2023,-1,unweighted,SHAP,random_forest,diag,14,5,5,1.0,0.75,0.8333,1.0,1.0,0,,,0.9868,0.9341,0.9617,0,1.0,1.0,1.0,1.0,0.9748,0.9696,0.9841
seed,0,8,2021-2023,-1,unweighted,SHAP,random_forest,diag,14,5,5,1.0,0.6,0.6667,1.0,1.0,0,,,0.9824,0.9341,0.9575,0,1.0,1.0,1.0,1.0,0.971,0.9654,0.9837
seed,0,9,2021-2023,-1,unweighted,SHAP,random_forest,diag,14,5,5,1.0,0.6,0.6667,1.0,1.0,0,,,0.9912,0.956,0.9675,0,1.0,1.0,1.0,1.0,0.9758,0.9692,0.9839
seed,1,2,2021-2023,-1,unweighted,SHAP,random_forest,diag,14,5,5,1.0,0.6667,0.6,1.0,1.0,0,,,0.9648,0.8901,0.9377,0,1.0,1.0,1.0,0.9,0.9671,0.9627,0.9836
seed,1,3,2021-2023,-1,unweighted,SHAP,random_forest,diag,14,5,5,1.0,1.0,1.0,1.0,1.0,0,,,1.0,1.0,1.0,1,1.0,1.0,1.0,1.0,1.0,1.0,1.0
seed,1,4,2021-2023,-1,unweighted,SHAP,random_forest,diag,14,5,5,1.0,1.0,1.0,1.0,1.0,0,,,0.9912,0.956,0.9393,0,1.0,1.0,1.0,1.0,0.9368,0.8944,0.8594
seed,1,5,2021-2023,-1,unweighted,SHAP,random_forest,diag,14,5,5,1.0,1.0,1.0,1.0,1.0,0,,,0.9736,0.9121,0.9291,0,1.0,1.0,1.0,1.0,0.944,0.9228,0.942
seed,1,6,2021-2023,-1,unweighted,SHAP,random_forest,diag,14,5,5,1.0,0.8,0.8,1.0,1.0,0,,,0.9868,0.9341,0.9302,0,1.0,1.0,1.0,0.9,0.9329,0.8917,0.8593
seed,1,7,2021-2023,-1,unweighted,SHAP,random_forest,diag,14,5,5,1.0,0.8,0.8,1.0,1.0,0,,,0.978,0.9121,0.9505,0,1.0,1.0,1.0,1.0,0.9688,0.9644,0.9837
seed,1,8,2021-2023,-1,unweighted,SHAP,random_forest,diag,14,5,5,1.0,1.0,1.0,1.0,1.0,0,,,0.978,0.9121,0.9469,0,1.0,1.0,1.0,1.0,0.971,0.9654,0.9837
seed,1,9,2021-2023,-1,unweighted,SHAP,random_forest,diag,14,5,5,1.0,1.0,1.0,1.0,1.0,0,,,0.9956,0.978,0.9787,0,1.0,1.0,1.0,1.0,0.9818,0.9744,0.9844
seed,2,3,2021-2023,-1,unweighted,SHAP,random_forest,diag,14,5,5,1.0,0.6667,0.6,1.0,1.0,0,,,0.9648,0.8901,0.9377,0,1.0,1.0,1.0,0.9,0.9671,0.9627,0.9836
seed,2,4,2021-2023,-1,unweighted,SHAP,random_forest,diag,14,5,5,1.0,0.6667,0.6,1.0,1.0,0,,,0.9648,0.8901,0.9196,0,1.0,1.0,1.0,0.9,0.9404,0.9083,0.8742
seed,2,5,2021-2023,-1,unweighted,SHAP,random_forest,diag,14,5,5,1.0,0.6667,0.6,1.0,1.0,0,,,0.9648,0.8901,0.9325,0,1.0,1.0,1.0,0.9,0.9584,0.9457,0.9575
seed,2,6,2021-2023,-1,unweighted,SHAP,random_forest,diag,14,5,5,1.0,0.8,0.8,1.0,1.0,0,,,0.978,0.9121,0.9288,0,1.0,1.0,1.0,1.0,0.9442,0.911,0.8743
seed,2,7,2021-2023,-1,unweighted,SHAP,random_forest,diag,14,5,5,1.0,0.5,0.5,1.0,1.0,0,,,0.9648,0.8901,0.9531,1,1.0,1.0,1.0,0.9,0.9832,0.9873,0.9992
seed,2,8,2021-2023,-1,unweighted,SHAP,random_forest,diag,14,5,5,1.0,0.6667,0.6,1.0,1.0,0,,,0.9604,0.8901,0.9494,1,1.0,1.0,1.0,0.9,0.9854,0.9883,0.9992
seed,2,9,2021-2023,-1,unweighted,SHAP,random_forest,diag,14,5,5,1.0,0.6667,0.6,1.0,1.0,0,,,0.9692,0.9121,0.959,1,1.0,1.0,1.0,0.9,0.9854,0.9883,0.9992
seed,3,4,2021-2023,-1,unweighted,SHAP,random_forest,diag,14,5,5,1.0,1.0,1.0,1.0,1.0,0,,,0.9912,0.956,0.9393,0,1.0,1.0,1.0,1.0,0.9368,0.8944,0.8594
seed,3,5,2021-2023,-1,unweighted,SHAP,random_forest,diag,14,5,5,1.0,1.0,1.0,1.0,1.0,0,,,0.9736,0.9121,0.9291,0,1.0,1.0,1.0,1.0,0.944,0.9228,0.942
seed,3,6,2021-2023,-1,unweighted,SHAP,random_forest,diag,14,5,5,1.0,0.8,0.8,1.0,1.0,0,,,0.9868,0.9341,0.9302,0,1.0,1.0,1.0,0.9,0.9329,0.8917,0.8593
seed,3,7,2021-2023,-1,unweighted,SHAP,random_forest,diag,14,5,5,1.0,0.8,0.8,1.0,1.0,0,,,0.978,0.9121,0.9505,0,1.0,1.0,1.0,1.0,0.9688,0.9644,0.9837
seed,3,8,2021-2023,-1,unweighted,SHAP,random_forest,diag,14,5,5,1.0,1.0,1.0,1.0,1.0,0,,,0.978,0.9121,0.9469,0,1.0,1.0,1.0,1.0,0.971,0.9654,0.9837
seed,3,9,2021-2023,-1,unweighted,SHAP,random_forest,diag,14,5,5,1.0,1.0,1.0,1.0,1.0,0,,,0.9956,0.978,0.9787,0,1.0,1.0,1.0,1.0,0.9818,0.9744,0.9844
seed,4,5,2021-2023,-1,unweighted,SHAP,random_forest,diag,14,5,5,1.0,1.0,1.0,1.0,1.0,0,,,0.9736,0.9121,0.9098,0,1.0,1.0,1.0,1.0,0.9172,0.8684,0.8326
seed,4,6,2021-2023,-1,unweighted,SHAP,random_forest,diag,14,5,5,1.0,0.8,0.8,1.0,1.0,0,,,0.9956,0.978,0.991,1,1.0,1.0,1.0,0.9,0.9961,0.9973,0.9999
seed,4,7,2021-2023,-1,unweighted,SHAP,random_forest,diag,14,5,5,1.0,0.8,0.8,1.0,1.0,0,,,0.978,0.9121,0.9323,0,1.0,1.0,1.0,1.0,0.9421,0.91,0.8743
seed,4,8,2021-2023,-1,unweighted,SHAP,random_forest,diag,14,5,5,1.0,1.0,1.0,1.0,1.0,0,,,0.978,0.9121,0.9288,0,1.0,1.0,1.0,1.0,0.9442,0.911,0.8743
seed,4,9,2021-2023,-1,unweighted,SHAP,random_forest,diag,14,5,5,1.0,1.0,1.0,1.0,1.0,0,,,0.9956,0.978,0.9606,0,1.0,1.0,1.0,1.0,0.955,0.92,0.875
seed,5,6,2021-2023,-1,unweighted,SHAP,random_forest,diag,14,5,5,1.0,0.8,0.8,1.0,1.0,0,,,0.9648,0.8901,0.9007,0,1.0,1.0,1.0,0.9,0.9134,0.8657,0.8325
seed,5,7,2021-2023,-1,unweighted,SHAP,random_forest,diag,14,5,5,1.0,0.8,0.8,1.0,1.0,0,,,0.9912,0.956,0.9654,0,1.0,1.0,1.0,1.0,0.9708,0.9563,0.9583
seed,5,8,2021-2023,-1,unweighted,SHAP,random_forest,diag,14,5,5,1.0,1.0,1.0,1.0,1.0,0,,,0.9912,0.956,0.9612,0,1.0,1.0,1.0,1.0,0.967,0.9521,0.9578
seed,5,9,2021-2023,-1,unweighted,SHAP,random_forest,diag,14,5,5,1.0,1.0,1.0,1.0,1.0,0,,,0.9824,0.9341,0.9512,0,1.0,1.0,1.0,1.0,0.9622,0.9484,0.9576
seed,6,7,2021-2023,-1,unweighted,SHAP,random_forest,diag,14,5,5,1.0,0.6,0.6667,1.0,1.0,0,,,0.9692,0.8901,0.9232,0,1.0,1.0,1.0,0.9,0.9382,0.9073,0.8742
seed,6,8,2021-2023,-1,unweighted,SHAP,random_forest,diag,14,5,5,1.0,0.8,0.8,1.0,1.0,0,,,0.9648,0.8901,0.9196,0,1.0,1.0,1.0,0.9,0.9404,0.9083,0.8742
seed,6,9,2021-2023,-1,unweighted,SHAP,random_forest,diag,14,5,5,1.0,0.8,0.8,1.0,1.0,0,,,0.9912,0.956,0.9515,0,1.0,1.0,1.0,0.9,0.9511,0.9173,0.8749
seed,7,8,2021-2023,-1,unweighted,SHAP,random_forest,diag,14,5,5,1.0,0.8,0.8,1.0,1.0,0,,,0.9912,0.956,0.9818,1,1.0,1.0,1.0,1.0,0.9918,0.9937,0.9995
seed,7,9,2021-2023,-1,unweighted,SHAP,random_forest,diag,14,5,5,1.0,0.8,0.8,1.0,1.0,0,,,0.9824,0.9341,0.9718,1,1.0,1.0,1.0,1.0,0.9871,0.99,0.9993
seed,8,9,2021-2023,-1,unweighted,SHAP,random_forest,diag,14,5,5,1.0,1.0,1.0,1.0,1.0,0,,,0.9824,0.9341,0.9682,1,1.0,1.0,1.0,1.0,0.9892,0.991,0.9993
seed,0,1,2021-2023,-1,unweighted,SHAP,random_forest,lab,14,6,6,1.0,0.6,0.6,1.0,1.0,0,,,0.9956,0.978,0.9888,1,1.0,1.0,1.0,1.0,0.994,0.9948,0.9995
seed,0,2,2021-2023,-1,unweighted,SHAP,random_forest,lab,14,6,6,1.0,0.75,0.8,1.0,1.0,0,,,0.9692,0.8901,0.9028,0,1.0,1.0,1.0,1.0,0.9151,0.8673,0.8326
seed,0,3,2021-2023,-1,unweighted,SHAP,random_forest,lab,14,6,6,1.0,0.6,0.6,1.0,1.0,0,,,0.9736,0.8901,0.9038,0,1.0,1.0,1.0,0.9,0.916,0.8683,0.8327
seed,0,4,2021-2023,-1,unweighted,SHAP,random_forest,lab,14,6,6,1.0,0.75,0.8,1.0,1.0,0,,,0.9692,0.8901,0.9185,0,1.0,1.0,1.0,1.0,0.944,0.9228,0.942
seed,0,5,2021-2023,-1,unweighted,SHAP,random_forest,lab,14,6,6,1.0,0.75,0.8,1.0,1.0,0,,,0.9912,0.956,0.9612,0,1.0,1.0,1.0,1.0,0.967,0.9521,0.9578
seed,0,6,2021-2023,-1,unweighted,SHAP,random_forest,lab,14,6,6,1.0,0.6,0.6,1.0,1.0,0,,,0.9385,0.8242,0.8583,0,1.0,1.0,1.0,0.9,0.8951,0.8401,0.8169
seed,0,7,2021-2023,-1,unweighted,SHAP,random_forest,lab,14,6,6,1.0,0.6,0.6,1.0,1.0,0,,,0.9824,0.9341,0.924,0,1.0,1.0,1.0,1.0,0.9258,0.8763,0.8333
seed,0,8,2021-2023,-1,unweighted,SHAP,random_forest,lab,14,6,6,1.0,0.6,0.6,1.0,1.0,0,,,0.9692,0.8901,0.9185,0,1.0,1.0,1.0,1.0,0.944,0.9228,0.942
seed,0,9,2021-2023,-1,unweighted,SHAP,random_forest,lab,14,6,6,1.0,0.6,0.6,1.0,1.0,0,,,0.978,0.9121,0.9108,0,1.0,1.0,1.0,0.9,0.9181,0.8694,0.8327
seed,1,2,2021-2023,-1,unweighted,SHAP,random_forest,lab,14,6,6,1.0,0.8,0.75,1.0,1.0,0,,,0.978,0.9121,0.914,0,1.0,1.0,1.0,1.0,0.921,0.8725,0.8331
seed,1,3,2021-2023,-1,unweighted,SHAP,random_forest,lab,14,6,6,1.0,1.0,1.0,1.0,1.0,0,,,0.978,0.9121,0.9149,0,1.0,1.0,1.0,0.9,0.922,0.8736,0.8332
seed,1,4,2021-2023,-1,unweighted,SHAP,random_forest,lab,14,6,6,1.0,0.8,0.75,1.0,1.0,0,,,0.9736,0.9121,0.9291,0,1.0,1.0,1.0,1.0,0.944,0.9228,0.942
seed,1,5,2021-2023,-1,unweighted,SHAP,random_forest,lab,14,6,6,1.0,0.8,0.75,1.0,1.0,0,,,0.9956,0.978,0.9724,0,1.0,1.0,1.0,1.0,0.973,0.9573,0.9583
seed,1,6,2021-2023,-1,unweighted,SHAP,random_forest,lab,14,6,6,1.0,1.0,1.0,1.0,1.0,0,,,0.9473,0.8462,0.869,0,1.0,1.0,1.0,0.9,0.8951,0.8401,0.8169
seed,1,7,2021-2023,-1,unweighted,SHAP,random_forest,lab,14,6,6,1.0,1.0,1.0,1.0,1.0,0,,,0.978,0.9121,0.9128,0,1.0,1.0,1.0,1.0,0.9198,0.871,0.8328
seed,1,8,2021-2023,-1,unweighted,SHAP,random_forest,lab,14,6,6,1.0,1.0,1.0,1.0,1.0,0,,,0.9736,0.9121,0.9291,0,1.0,1.0,1.0,1.0,0.944,0.9228,0.942
seed,1,9,2021-2023,-1,unweighted,SHAP,random_forest,lab,14,6,6,1.0,1.0,1.0,1.0,1.0,0,,,0.9824,0.9341,0.922,0,1.0,1.0,1.0,0.9,0.9241,0.8746,0.8332
seed,2,3,2021-2023,-1,unweighted,SHAP,random_forest,lab,14,6,6,1.0,0.8,0.75,1.0,1.0,0,,,0.9868,0.956,0.9809,1,1.0,1.0,1.0,0.9,0.9913,0.9936,0.9997
seed,2,4,2021-2023,-1,unweighted,SHAP,random_forest,lab,14,6,6,1.0,1.0,1.0,1.0,1.0,0,,,0.9824,0.9121,0.9211,0,1.0,1.0,1.0,1.0,0.9286,0.8881,0.8589
seed,2,5,2021-2023,-1,unweighted,SHAP,random_forest,lab,14,6,6,1.0,1.0,1.0,1.0,1.0,0,,,0.9868,0.9341,0.9436,0,1.0,1.0,1.0,1.0,0.948,0.9152,0.8748
seed,2,6,2021-2023,-1,unweighted,SHAP,random_forest,lab,14,6,6,1.0,0.8,0.75,1.0,1.0,0,,,0.9648,0.8901,0.9413,0,1.0,1.0,1.0,0.9,0.965,0.9617,0.9836
seed,2,7,2021-2023,-1,unweighted,SHAP,random_forest,lab,14,6,6,1.0,0.8,0.75,1.0,1.0,0,,,0.9868,0.956,0.9788,1,1.0,1.0,1.0,1.0,0.9892,0.991,0.9993
seed,2,8,2021-2023,-1,unweighted,SHAP,random_forest,lab,14,6,6,1.0,0.8,0.75,1.0,1.0,0,,,0.9824,0.9121,0.9211,0,1.0,1.0,1.0,1.0,0.9286,0.8881,0.8589
seed,2,9,2021-2023,-1,unweighted,SHAP,random_forest,lab,14,6,6,1.0,0.8,0.75,1.0,1.0,0,,,0.9824,0.9341,0.9739,1,1.0,1.0,1.0,0.9,0.9892,0.9925,0.9997
seed,3,4,2021-2023,-1,unweighted,SHAP,random_forest,lab,14,6,6,1.0,0.8,0.75,1.0,1.0,0,,,0.9604,0.8681,0.9018,0,1.0,1.0,1.0,0.9,0.92,0.8817,0.8586
seed,3,5,2021-2023,-1,unweighted,SHAP,random_forest,lab,14,6,6,1.0,0.8,0.75,1.0,1.0,0,,,0.9868,0.9341,0.9445,0,1.0,1.0,1.0,0.9,0.949,0.9163,0.8749
seed,3,6,2021-2023,-1,unweighted,SHAP,random_forest,lab,14,6,6,1.0,1.0,1.0,1.0,1.0,0,,,0.9692,0.8901,0.9414,0,1.0,1.0,1.0,0.9,0.965,0.9617,0.9836
seed,3,7,2021-2023,-1,unweighted,SHAP,random_forest,lab,14,6,6,1.0,1.0,1.0,1.0,1.0,0,,,0.9912,0.956,0.9798,1,1.0,1.0,1.0,0.9,0.9901,0.9921,0.9994
seed,3,8,2021-2023,-1,unweighted,SHAP,random_forest,lab,14,6,6,1.0,1.0,1.0,1.0,1.0,0,,,0.9604,0.8681,0.9018,0,1.0,1.0,1.0,0.9,0.92,0.8817,0.8586
seed,3,9,2021-2023,-1,unweighted,SHAP,random_forest,lab,14,6,6,1.0,1.0,1.0,1.0,1.0,0,,,0.9956,0.978,0.993,1,1.0,1.0,1.0,1.0,0.9978,0.9989,1.0
seed,4,5,2021-2023,-1,unweighted,SHAP,random_forest,lab,14,6,6,1.0,1.0,1.0,1.0,1.0,0,,,0.9824,0.9341,0.9575,0,1.0,1.0,1.0,1.0,0.971,0.9654,0.9837
seed,4,6,2021-2023,-1,unweighted,SHAP,random_forest,lab,14,6,6,1.0,0.8,0.75,1.0,1.0,0,,,0.9648,0.8901,0.9196,0,1.0,1.0,1.0,0.9,0.9404,0.9083,0.8742
seed,4,7,2021-2023,-1,unweighted,SHAP,random_forest,lab,14,6,6,1.0,0.8,0.75,1.0,1.0,0,,,0.9692,0.8681,0.9005,0,1.0,1.0,1.0,1.0,0.9238,0.8844,0.8587
seed,4,8,2021-2023,-1,unweighted,SHAP,random_forest,lab,14,6,6,1.0,0.8,0.75,1.0,1.0,0,,,1.0,1.0,1.0,1,1.0,1.0,1.0,1.0,1.0,1.0,1.0
seed,4,9,2021-2023,-1,unweighted,SHAP,random_forest,lab,14,6,6,1.0,0.8,0.75,1.0,1.0,0,,,0.9648,0.8901,0.9089,0,1.0,1.0,1.0,0.9,0.9221,0.8827,0.8586
seed,5,6,2021-2023,-1,unweighted,SHAP,random_forest,lab,14,6,6,1.0,0.8,0.75,1.0,1.0,0,,,0.9604,0.8681,0.8993,0,1.0,1.0,1.0,0.9,0.9221,0.8827,0.8586
seed,5,7,2021-2023,-1,unweighted,SHAP,random_forest,lab,14,6,6,1.0,0.8,0.75,1.0,1.0,0,,,0.9868,0.9341,0.9424,0,1.0,1.0,1.0,1.0,0.9468,0.9137,0.8745
seed,5,8,2021-2023,-1,unweighted,SHAP,random_forest,lab,14,6,6,1.0,0.8,0.75,1.0,1.0,0,,,0.9824,0.9341,0.9575,0,1.0,1.0,1.0,1.0,0.971,0.9654,0.9837
seed,5,9,2021-2023,-1,unweighted,SHAP,random_forest,lab,14,6,6,1.0,0.8,0.75,1.0,1.0,0,,,0.9912,0.956,0.9515,0,1.0,1.0,1.0,0.9,0.9511,0.9173,0.8749
seed,6,7,2021-2023,-1,unweighted,SHAP,random_forest,lab,14,6,6,1.0,1.0,1.0,1.0,1.0,0,,,0.9516,0.8462,0.9211,0,1.0,1.0,1.0,0.9,0.965,0.9617,0.9836
seed,6,8,2021-2023,-1,unweighted,SHAP,random_forest,lab,14,6,6,1.0,1.0,1.0,1.0,1.0,0,,,0.9648,0.8901,0.9196,0,1.0,1.0,1.0,0.9,0.9404,0.9083,0.8742
seed,6,9,2021-2023,-1,unweighted,SHAP,random_forest,lab,14,6,6,1.0,1.0,1.0,1.0,1.0,0,,,0.9736,0.9121,0.9484,0,1.0,1.0,1.0,0.9,0.9671,0.9627,0.9836
seed,7,8,2021-2023,-1,unweighted,SHAP,random_forest,lab,14,6,6,1.0,1.0,1.0,1.0,1.0,0,,,0.9692,0.8681,0.9005,0,1.0,1.0,1.0,1.0,0.9238,0.8844,0.8587
seed,7,9,2021-2023,-1,unweighted,SHAP,random_forest,lab,14,6,6,1.0,1.0,1.0,1.0,1.0,0,,,0.9868,0.9341,0.9728,1,1.0,1.0,1.0,0.9,0.988,0.991,0.9994
seed,8,9,2021-2023,-1,unweighted,SHAP,random_forest,lab,14,6,6,1.0,1.0,1.0,1.0,1.0,0,,,0.9648,0.8901,0.9089,0,1.0,1.0,1.0,0.9,0.9221,0.8827,0.8586
seed,0,1,2021-2023,-1,unweighted,SHAP,random_forest,total,14,6,5,0.8333,0.3333,0.5,1.0,0.8333,0,Education,,0.978,0.9121,0.932,0,1.0,1.0,1.0,0.9,0.9463,0.9136,0.8747
seed,0,2,2021-2023,-1,unweighted,SHAP,random_forest,total,14,6,5,0.8333,0.4,0.6667,1.0,0.8333,0,Education,,0.956,0.8681,0.8514,0,1.0,1.0,1.0,1.0,0.899,0.8428,0.817
seed,0,3,2021-2023,-1,unweighted,SHAP,random_forest,total,14,6,5,0.8333,0.3333,0.5,1.0,0.8333,0,Education,,0.9648,0.8901,0.9206,0,1.0,1.0,1.0,0.9,0.9404,0.9083,0.8742
seed,0,4,2021-2023,-1,unweighted,SHAP,random_forest,total,14,6,6,1.0,0.8,0.75,1.0,1.0,0,,,0.9297,0.8022,0.8072,0,1.0,1.0,1.0,0.9,0.8681,0.7974,0.7752
seed,0,5,2021-2023,-1,unweighted,SHAP,random_forest,total,14,6,5,0.8333,0.6,0.8,1.0,0.8333,0,Education,,0.978,0.9121,0.9301,0,1.0,1.0,1.0,0.9,0.9449,0.9238,0.9421
seed,0,6,2021-2023,-1,unweighted,SHAP,random_forest,total,14,6,6,1.0,0.8,0.75,1.0,1.0,0,,,0.9297,0.8022,0.8083,0,1.0,1.0,1.0,0.9,0.8681,0.7974,0.7752
seed,0,7,2021-2023,-1,unweighted,SHAP,random_forest,total,14,6,5,0.8333,0.4,0.6667,1.0,0.8333,0,Education,,0.956,0.8681,0.8801,0,1.0,1.0,1.0,0.9,0.8989,0.8443,0.8174
seed,0,8,2021-2023,-1,unweighted,SHAP,random_forest,total,14,6,5,0.8333,0.6667,0.75,1.0,0.8333,0,Education,,0.978,0.9121,0.9301,0,1.0,1.0,1.0,0.9,0.9449,0.9238,0.9421
seed,0,9,2021-2023,-1,unweighted,SHAP,random_forest,total,14,6,5,0.8333,0.1667,0.4286,1.0,0.8333,0,Education,,0.9429,0.8462,0.8662,0,1.0,1.0,1.0,0.9,0.8951,0.8401,0.8169
seed,1,2,2021-2023,-1,unweighted,SHAP,random_forest,total,14,5,5,1.0,0.4,0.5714,1.0,1.0,0,,,0.9516,0.8681,0.8759,0,1.0,1.0,1.0,0.9,0.8951,0.8401,0.8169
seed,1,3,2021-2023,-1,unweighted,SHAP,random_forest,total,14,5,5,1.0,1.0,1.0,1.0,1.0,0,,,0.9956,0.978,0.9888,1,1.0,1.0,1.0,1.0,0.994,0.9948,0.9995
seed,1,4,2021-2023,-1,unweighted,SHAP,random_forest,total,14,5,6,0.8333,0.5,0.6,1.0,0.8333,0,,Education,0.9429,0.8462,0.8483,0,1.0,1.0,1.0,0.9,0.8681,0.7974,0.7752
seed,1,5,2021-2023,-1,unweighted,SHAP,random_forest,total,14,5,5,1.0,0.6,0.6667,1.0,1.0,0,,,0.9516,0.8681,0.8785,0,1.0,1.0,1.0,0.9,0.8951,0.8401,0.8169
seed,1,6,2021-2023,-1,unweighted,SHAP,random_forest,total,14,5,6,0.8333,0.5,0.6,1.0,0.8333,0,,Education,0.9604,0.8901,0.8674,0,1.0,1.0,1.0,1.0,0.8768,0.8038,0.7756
seed,1,7,2021-2023,-1,unweighted,SHAP,random_forest,total,14,5,5,1.0,0.75,0.8333,1.0,1.0,0,,,0.978,0.9121,0.9343,0,1.0,1.0,1.0,0.9,0.9487,0.928,0.9426
seed,1,8,2021-2023,-1,unweighted,SHAP,random_forest,total,14,5,5,1.0,0.6667,0.6,1.0,1.0,0,,,0.9516,0.8681,0.8785,0,1.0,1.0,1.0,0.9,0.8951,0.8401,0.8169
seed,1,9,2021-2023,-1,unweighted,SHAP,random_forest,total,14,5,5,1.0,0.75,0.8333,1.0,1.0,0,,,0.9648,0.8901,0.8615,0,1.0,1.0,1.0,1.0,0.9038,0.8465,0.8172
seed,2,3,2021-2023,-1,unweighted,SHAP,random_forest,total,14,5,5,1.0,0.4,0.5714,1.0,1.0,0,,,0.9429,0.8462,0.8652,0,1.0,1.0,1.0,0.9,0.8951,0.8401,0.8169
seed,2,4,2021-2023,-1,unweighted,SHAP,random_forest,total,14,5,6,0.8333,0.3333,0.5,1.0,0.8333,0,,Education,0.9297,0.8022,0.8455,0,1.0,1.0,1.0,0.9,0.8904,0.8363,0.8167
seed,2,5,2021-2023,-1,unweighted,SHAP,random_forest,total,14,5,5,1.0,0.4,0.5714,1.0,1.0,0,,,0.956,0.8681,0.89,0,1.0,1.0,1.0,0.9,0.9134,0.8657,0.8325
seed,2,6,2021-2023,-1,unweighted,SHAP,random_forest,total,14,5,6,0.8333,0.3333,0.5,1.0,0.8333,0,,Education,0.9429,0.8462,0.8652,0,1.0,1.0,1.0,0.9,0.8951,0.8401,0.8169
seed,2,7,2021-2023,-1,unweighted,SHAP,random_forest,total,14,5,5,1.0,0.5,0.7143,1.0,1.0,0,,,0.9429,0.8242,0.862,0,1.0,1.0,1.0,0.9,0.893,0.839,0.8169
seed,2,8,2021-2023,-1,unweighted,SHAP,random_forest,total,14,5,5,1.0,0.5,0.5,1.0,1.0,0,,,0.956,0.8681,0.89,0,1.0,1.0,1.0,0.9,0.9134,0.8657,0.8325
seed,2,9,2021-2023,-1,unweighted,SHAP,random_forest,total,14,5,5,1.0,0.5,0.7143,1.0,1.0,0,,,0.9648,0.8901,0.9314,0,1.0,1.0,1.0,0.9,0.9584,0.9457,0.9575
seed,3,4,2021-2023,-1,unweighted,SHAP,random_forest,total,14,5,6,0.8333,0.5,0.6,1.0,0.8333,0,,Education,0.9516,0.8681,0.8595,0,1.0,1.0,1.0,0.9,0.8741,0.8027,0.7757
seed,3,5,2021-2023,-1,unweighted,SHAP,random_forest,total,14,5,5,1.0,0.6,0.6667,1.0,1.0,0,,,0.9473,0.8462,0.8679,0,1.0,1.0,1.0,0.9,0.8951,0.8401,0.8169
seed,3,6,2021-2023,-1,unweighted,SHAP,random_forest,total,14,5,6,0.8333,0.5,0.6,1.0,0.8333,0,,Education,0.9648,0.9121,0.8786,0,1.0,1.0,1.0,1.0,0.8828,0.8091,0.776
seed,3,7,2021-2023,-1,unweighted,SHAP,random_forest,total,14,5,5,1.0,0.75,0.8333,1.0,1.0,0,,,0.9736,0.8901,0.9231,0,1.0,1.0,1.0,0.9,0.9427,0.9227,0.9421
seed,3,8,2021-2023,-1,unweighted,SHAP,random_forest,total,14,5,5,1.0,0.6667,0.6,1.0,1.0,0,,,0.9473,0.8462,0.8679,0,1.0,1.0,1.0,0.9,0.8951,0.8401,0.8169
seed,3,9,2021-2023,-1,unweighted,SHAP,random_forest,total,14,5,5,1.0,0.75,0.8333,1.0,1.0,0,,,0.9692,0.9121,0.8726,0,1.0,1.0,1.0,1.0,0.9098,0.8517,0.8177
seed,4,5,2021-2023,-1,unweighted,SHAP,random_forest,total,14,6,5,0.8333,0.5,0.6,1.0,0.8333,0,Education,,0.9473,0.8462,0.8242,0,1.0,1.0,1.0,1.0,0.899,0.8428,0.817
seed,4,6,2021-2023,-1,unweighted,SHAP,random_forest,total,14,6,6,1.0,1.0,1.0,1.0,1.0,0,,,0.9868,0.956,0.9809,1,1.0,1.0,1.0,0.9,0.9913,0.9936,0.9997
seed,4,7,2021-2023,-1,unweighted,SHAP,random_forest,total,14,6,5,0.8333,0.3333,0.5,1.0,0.8333,0,Education,,0.9692,0.8901,0.9028,0,1.0,1.0,1.0,1.0,0.9151,0.8673,0.8326
seed,4,8,2021-2023,-1,unweighted,SHAP,random_forest,total,14,6,5,0.8333,0.8333,1.0,1.0,0.8333,0,Education,,0.9473,0.8462,0.8242,0,1.0,1.0,1.0,1.0,0.899,0.8428,0.817
seed,4,9,2021-2023,-1,unweighted,SHAP,random_forest,total,14,6,5,0.8333,0.3333,0.5,1.0,0.8333,0,Education,,0.956,0.8681,0.8626,0,1.0,1.0,1.0,0.9,0.9011,0.8453,0.8174
seed,5,6,2021-2023,-1,unweighted,SHAP,random_forest,total,14,5,6,0.8333,0.5,0.6,1.0,0.8333,0,,Education,0.9297,0.8022,0.8044,0,1.0,1.0,1.0,0.9,0.8951,0.8401,0.8169
seed,5,7,2021-2023,-1,unweighted,SHAP,random_forest,total,14,5,5,1.0,0.75,0.8333,1.0,1.0,0,,,0.9429,0.8242,0.82,0,1.0,1.0,1.0,1.0,0.8698,0.799,0.7753
seed,5,8,2021-2023,-1,unweighted,SHAP,random_forest,total,14,5,5,1.0,0.6667,0.6,1.0,1.0,0,,,1.0,1.0,1.0,1,1.0,1.0,1.0,1.0,1.0,1.0,1.0
seed,5,9,2021-2023,-1,unweighted,SHAP,random_forest,total,14,5,5,1.0,0.4,0.5714,1.0,1.0,0,,,0.9648,0.8901,0.9196,0,1.0,1.0,1.0,0.9,0.9404,0.9083,0.8742
seed,6,7,2021-2023,-1,unweighted,SHAP,random_forest,total,14,6,5,0.8333,0.3333,0.5,1.0,0.8333,0,Education,,0.9736,0.8901,0.9038,0,1.0,1.0,1.0,0.9,0.916,0.8683,0.8327
seed,6,8,2021-2023,-1,unweighted,SHAP,random_forest,total,14,6,5,0.8333,0.8333,1.0,1.0,0.8333,0,Education,,0.9297,0.8022,0.8044,0,1.0,1.0,1.0,0.9,0.8951,0.8401,0.8169
seed,6,9,2021-2023,-1,unweighted,SHAP,random_forest,total,14,6,5,0.8333,0.3333,0.5,1.0,0.8333,0,Education,,0.9692,0.9121,0.8817,0,1.0,1.0,1.0,1.0,0.9098,0.8517,0.8177
seed,7,8,2021-2023,-1,unweighted,SHAP,random_forest,total,14,5,5,1.0,0.5,0.5,1.0,1.0,0,,,0.9429,0.8242,0.82,0,1.0,1.0,1.0,1.0,0.8698,0.799,0.7753
seed,7,9,2021-2023,-1,unweighted,SHAP,random_forest,total,14,5,5,1.0,0.5,0.7143,1.0,1.0,0,,,0.9516,0.8462,0.8513,0,1.0,1.0,1.0,0.9,0.8707,0.8001,0.7754
seed,8,9,2021-2023,-1,unweighted,SHAP,random_forest,total,14,5,5,1.0,0.5,0.5,1.0,1.0,0,,,0.9648,0.8901,0.9196,0,1.0,1.0,1.0,0.9,0.9404,0.9083,0.8742
seed,0,1,2021-2023,-1,unweighted,SHAP,xgboost,diag,14,6,5,0.8333,0.6,0.8,1.0,0.8333,0,Education,,0.9824,0.9341,0.974,1,1.0,1.0,1.0,0.9,0.993,0.9954,0.9999
seed,0,2,2021-2023,-1,unweighted,SHAP,xgboost,diag,14,6,5,0.8333,0.4,0.6667,1.0,0.8333,0,Education,,0.9912,0.956,0.9597,0,1.0,1.0,0.8571,1.0,0.9654,0.9498,0.9572
seed,0,3,2021-2023,-1,unweighted,SHAP,xgboost,diag,14,6,5,0.8333,0.6,0.8,1.0,0.8333,0,Education,,0.978,0.9121,0.9528,0,1.0,1.0,1.0,0.9,0.9747,0.9698,0.9842
seed,0,4,2021-2023,-1,unweighted,SHAP,xgboost,diag,14,6,5,0.8333,0.4,0.6667,1.0,0.8333,0,Education,,0.9473,0.8681,0.9283,0,1.0,1.0,1.0,0.8,0.9547,0.9449,0.9579
seed,0,5,2021-2023,-1,unweighted,SHAP,xgboost,diag,14,6,5,0.8333,0.4,0.6667,1.0,0.8333,0,Education,,0.978,0.9121,0.8824,0,1.0,1.0,1.0,0.9,0.8643,0.7509,0.458
seed,0,6,2021-2023,-1,unweighted,SHAP,xgboost,diag,14,6,6,1.0,0.4,0.5,1.0,1.0,0,,,0.956,0.8681,0.933,0,1.0,1.0,1.0,0.9,0.9699,0.966,0.984
seed,0,7,2021-2023,-1,unweighted,SHAP,xgboost,diag,14,6,5,0.8333,0.6,0.8,1.0,0.8333,0,Education,,0.9824,0.9341,0.9117,0,1.0,1.0,1.0,0.9,0.893,0.7954,0.4999
seed,0,8,2021-2023,-1,unweighted,SHAP,xgboost,diag,14,6,5,0.8333,0.3333,0.5,1.0,0.8333,0,Education,,0.9868,0.956,0.9809,1,1.0,1.0,1.0,0.9,0.9913,0.9936,0.9997
seed,0,9,2021-2023,-1,unweighted,SHAP,xgboost,diag,14,6,5,0.8333,0.4,0.6667,1.0,0.8333,0,Education,,0.9824,0.9341,0.974,1,1.0,1.0,1.0,0.9,0.993,0.9954,0.9999
seed,1,2,2021-2023,-1,unweighted,SHAP,xgboost,diag,14,5,5,1.0,0.75,0.8333,1.0,1.0,0,,,0.9736,0.8901,0.9338,0,1.0,1.0,0.8571,0.9,0.9584,0.9452,0.9571
seed,1,3,2021-2023,-1,unweighted,SHAP,xgboost,diag,14,5,5,1.0,1.0,1.0,1.0,1.0,0,,,0.9956,0.978,0.9787,0,1.0,1.0,1.0,1.0,0.9818,0.9744,0.9844
seed,1,4,2021-2023,-1,unweighted,SHAP,xgboost,diag,14,5,5,1.0,0.75,0.8333,1.0,1.0,0,,,0.9736,0.8901,0.9362,0,1.0,1.0,1.0,0.9,0.9617,0.9495,0.958
seed,1,5,2021-2023,-1,unweighted,SHAP,xgboost,diag,14,5,5,1.0,0.75,0.8333,1.0,1.0,0,,,0.9516,0.8462,0.8558,0,1.0,1.0,1.0,0.8,0.8573,0.7463,0.4579
seed,1,6,2021-2023,-1,unweighted,SHAP,xgboost,diag,14,5,6,0.8333,0.4,0.6667,1.0,0.8333,0,,Education,0.9648,0.8901,0.9426,0,1.0,1.0,1.0,0.9,0.9699,0.966,0.984
seed,1,7,2021-2023,-1,unweighted,SHAP,xgboost,diag,14,5,5,1.0,1.0,1.0,1.0,1.0,0,,,0.9912,0.956,0.92,0,1.0,1.0,1.0,0.9,0.8961,0.7973,0.4999
seed,1,8,2021-2023,-1,unweighted,SHAP,xgboost,diag,14,5,5,1.0,0.6,0.6667,1.0,1.0,0,,,0.978,0.9341,0.9727,1,1.0,1.0,1.0,0.9,0.9882,0.9916,0.9996
seed,1,9,2021-2023,-1,unweighted,SHAP,xgboost,diag,14,5,5,1.0,0.75,0.8333,1.0,1.0,0,,,1.0,1.0,1.0,1,1.0,1.0,1.0,1.0,1.0,1.0,1.0
seed,2,3,2021-2023,-1,unweighted,SHAP,xgboost,diag,14,5,5,1.0,0.75,0.8333,1.0,1.0,0,,,0.9648,0.8681,0.9117,0,1.0,1.0,0.8571,0.9,0.9401,0.9196,0.9415
seed,2,4,2021-2023,-1,unweighted,SHAP,xgboost,diag,14,5,5,1.0,1.0,1.0,1.0,1.0,0,,,0.9473,0.8681,0.9432,1,1.0,1.0,0.8571,0.8,0.9741,0.98,0.9984
seed,2,5,2021-2023,-1,unweighted,SHAP,xgboost,diag,14,5,5,1.0,1.0,1.0,1.0,1.0,0,,,0.978,0.9121,0.8973,0,1.0,1.0,0.8571,0.9,0.8838,0.7861,0.4986
seed,2,6,2021-2023,-1,unweighted,SHAP,xgboost,diag,14,5,6,0.8333,0.5,0.8333,1.0,0.8333,0,,Education,0.9429,0.8242,0.892,0,1.0,1.0,0.8571,0.9,0.9354,0.9159,0.9412
seed,2,7,2021-2023,-1,unweighted,SHAP,xgboost,diag,14,5,5,1.0,0.75,0.8333,1.0,1.0,0,,,0.9736,0.8901,0.8714,0,1.0,1.0,0.8571,0.9,0.8584,0.7452,0.4571
seed,2,8,2021-2023,-1,unweighted,SHAP,xgboost,diag,14,5,5,1.0,0.75,0.8333,1.0,1.0,0,,,0.978,0.9121,0.9407,0,1.0,1.0,0.8571,0.9,0.9568,0.9434,0.9569
seed,2,9,2021-2023,-1,unweighted,SHAP,xgboost,diag,14,5,5,1.0,1.0,1.0,1.0,1.0,0,,,0.9736,0.8901,0.9338,0,1.0,1.0,0.8571,0.9,0.9584,0.9452,0.9571
seed,3,4,2021-2023,-1,unweighted,SHAP,xgboost,diag,14,5,5,1.0,0.75,0.8333,1.0,1.0,0,,,0.9648,0.8681,0.9142,0,1.0,1.0,1.0,0.9,0.9435,0.9239,0.9424
seed,3,5,2021-2023,-1,unweighted,SHAP,xgboost,diag,14,5,5,1.0,0.75,0.8333,1.0,1.0,0,,,0.9429,0.8242,0.8338,0,1.0,1.0,1.0,0.8,0.8391,0.7207,0.4423
seed,3,6,2021-2023,-1,unweighted,SHAP,xgboost,diag,14,5,6,0.8333,0.4,0.6667,1.0,0.8333,0,,Education,0.9692,0.9121,0.9639,1,1.0,1.0,1.0,0.9,0.9882,0.9916,0.9996
seed,3,7,2021-2023,-1,unweighted,SHAP,xgboost,diag,14,5,5,1.0,1.0,1.0,1.0,1.0,0,,,0.9868,0.9341,0.8987,0,1.0,1.0,1.0,0.9,0.8779,0.7717,0.4843
seed,3,8,2021-2023,-1,unweighted,SHAP,xgboost,diag,14,5,5,1.0,0.6,0.6667,1.0,1.0,0,,,0.9736,0.9121,0.9514,0,1.0,1.0,1.0,0.9,0.9699,0.966,0.984
seed,3,9,2021-2023,-1,unweighted,SHAP,xgboost,diag,14,5,5,1.0,0.75,0.8333,1.0,1.0,0,,,0.9956,0.978,0.9787,0,1.0,1.0,1.0,1.0,0.9818,0.9744,0.9844
seed,4,5,2021-2023,-1,unweighted,SHAP,xgboost,diag,14,5,5,1.0,1.0,1.0,1.0,1.0,0,,,0.9473,0.8681,0.8852,0,1.0,1.0,1.0,0.9,0.8856,0.7902,0.4996
seed,4,6,2021-2023,-1,unweighted,SHAP,xgboost,diag,14,5,6,0.8333,0.5,0.8333,1.0,0.8333,0,,Education,0.9516,0.8681,0.9153,0,1.0,1.0,1.0,0.9,0.9403,0.9219,0.9423
seed,4,7,2021-2023,-1,unweighted,SHAP,xgboost,diag,14,5,5,1.0,0.75,0.8333,1.0,1.0,0,,,0.9736,0.8901,0.8748,0,1.0,1.0,1.0,0.9,0.8617,0.7495,0.458
seed,4,8,2021-2023,-1,unweighted,SHAP,xgboost,diag,14,5,5,1.0,0.75,0.8333,1.0,1.0,0,,,0.9736,0.9121,0.9475,0,1.0,1.0,1.0,0.9,0.9633,0.9513,0.9582
seed,4,9,2021-2023,-1,unweighted,SHAP,xgboost,diag,14,5,5,1.0,1.0,1.0,1.0,1.0,0,,,0.9736,0.8901,0.9362,0,1.0,1.0,1.0,0.9,0.9617,0.9495,0.958
seed,5,6,2021-2023,-1,unweighted,SHAP,xgboost,diag,14,5,6,0.8333,0.5,0.8333,1.0,0.8333,0,,Education,0.956,0.8681,0.8519,0,1.0,1.0,1.0,0.9,0.8429,0.7234,0.4423
seed,5,7,2021-2023,-1,unweighted,SHAP,xgboost,diag,14,5,5,1.0,0.75,0.8333,1.0,1.0,0,,,0.9648,0.8901,0.9355,0,1.0,1.0,1.0,0.9,0.9612,0.949,0.958
seed,5,8,2021-2023,-1,unweighted,SHAP,xgboost,diag,14,5,5,1.0,0.75,0.8333,1.0,1.0,0,,,0.978,0.9121,0.8824,0,1.0,1.0,1.0,0.9,0.8643,0.7509,0.458
seed,5,9,2021-2023,-1,unweighted,SHAP,xgboost,diag,14,5,5,1.0,1.0,1.0,1.0,1.0,0,,,0.9516,0.8462,0.8558,0,1.0,1.0,1.0,0.8,0.8573,0.7463,0.4579
seed,6,7,2021-2023,-1,unweighted,SHAP,xgboost,diag,14,6,5,0.8333,0.4,0.6667,1.0,0.8333,0,Education,,0.9516,0.8462,0.8622,0,1.0,1.0,1.0,0.8,0.8661,0.7634,0.4839
seed,6,8,2021-2023,-1,unweighted,SHAP,xgboost,diag,14,6,5,0.8333,0.4,0.6667,1.0,0.8333,0,Education,,0.956,0.8681,0.9331,0,1.0,1.0,1.0,0.8,0.9661,0.9634,0.9839
seed,6,9,2021-2023,-1,unweighted,SHAP,xgboost,diag,14,6,5,0.8333,0.5,0.8333,1.0,0.8333,0,Education,,0.9648,0.8901,0.9426,0,1.0,1.0,1.0,0.9,0.9699,0.966,0.984
seed,7,8,2021-2023,-1,unweighted,SHAP,xgboost,diag,14,5,5,1.0,0.6,0.6667,1.0,1.0,0,,,0.9868,0.9341,0.9108,0,1.0,1.0,1.0,1.0,0.892,0.7943,0.4997
seed,7,9,2021-2023,-1,unweighted,SHAP,xgboost,diag,14,5,5,1.0,0.75,0.8333,1.0,1.0,0,,,0.9912,0.956,0.92,0,1.0,1.0,1.0,0.9,0.8961,0.7973,0.4999
seed,8,9,2021-2023,-1,unweighted,SHAP,xgboost,diag,14,5,5,1.0,0.75,0.8333,1.0,1.0,0,,,0.978,0.9341,0.9727,1,1.0,1.0,1.0,0.9,0.9882,0.9916,0.9996
seed,0,1,2021-2023,-1,unweighted,SHAP,xgboost,lab,14,5,5,1.0,0.75,0.8333,1.0,1.0,0,,,0.9824,0.9341,0.9683,1,1.0,1.0,0.8571,0.9,0.9838,0.9861,0.9986
seed,0,2,2021-2023,-1,unweighted,SHAP,xgboost,lab,14,5,4,0.8,0.75,1.0,1.0,0.8,0,Education,,0.9736,0.9121,0.9535,1,1.0,0.8333,0.8571,0.9,0.9739,0.9752,0.996
seed,0,3,2021-2023,-1,unweighted,SHAP,xgboost,lab,14,5,5,1.0,0.75,0.8333,1.0,1.0,0,,,0.9648,0.8901,0.8889,0,1.0,1.0,0.8571,0.9,0.8806,0.7841,0.4985
seed,0,4,2021-2023,-1,unweighted,SHAP,xgboost,lab,14,5,6,0.8333,0.4,0.6667,1.0,0.8333,0,,HighBP,0.9648,0.8681,0.9197,0,0.8,1.0,0.8571,0.9,0.9524,0.9441,0.9767
seed,0,5,2021-2023,-1,unweighted,SHAP,xgboost,lab,14,5,5,1.0,0.6,0.6667,1.0,1.0,0,,,0.9868,0.956,0.9809,1,1.0,1.0,1.0,0.9,0.9913,0.9936,0.9997
seed,0,6,2021-2023,-1,unweighted,SHAP,xgboost,lab,14,5,6,0.8333,0.5,0.8333,1.0,0.8333,0,,HighBP,0.956,0.8681,0.924,0,0.8,1.0,1.0,0.9,0.9568,0.9497,0.9778
seed,0,7,2021-2023,-1,unweighted,SHAP,xgboost,lab,14,5,5,1.0,1.0,1.0,1.0,1.0,0,,,0.9868,0.956,0.9809,1,1.0,1.0,1.0,0.9,0.9913,0.9936,0.9997
seed,0,8,2021-2023,-1,unweighted,SHAP,xgboost,lab,14,5,5,1.0,0.75,0.8333,1.0,1.0,0,,,0.9736,0.8901,0.8903,0,1.0,1.0,0.8571,0.9,0.8816,0.785,0.4986
seed,0,9,2021-2023,-1,unweighted,SHAP,xgboost,lab,14,5,5,1.0,1.0,1.0,1.0,1.0,0,,,0.9648,0.8901,0.956,1,1.0,1.0,1.0,0.9,0.986,0.9906,0.9996
seed,1,2,2021-2023,-1,unweighted,SHAP,xgboost,lab,14,5,4,0.8,0.6,0.8333,1.0,0.8,0,Education,,0.9956,0.978,0.9854,1,1.0,0.8333,1.0,1.0,0.9902,0.9891,0.9974
seed,1,3,2021-2023,-1,unweighted,SHAP,xgboost,lab,14,5,5,1.0,1.0,1.0,1.0,1.0,0,,,0.9912,0.956,0.9208,0,1.0,1.0,1.0,1.0,0.8968,0.798,0.5
seed,1,4,2021-2023,-1,unweighted,SHAP,xgboost,lab,14,5,6,0.8333,0.6,0.8,1.0,0.8333,0,,HighBP,0.9824,0.9341,0.951,0,0.8,1.0,1.0,1.0,0.9639,0.9543,0.9779
seed,1,5,2021-2023,-1,unweighted,SHAP,xgboost,lab,14,5,5,1.0,0.8,0.8,1.0,1.0,0,,,0.9956,0.978,0.9873,1,1.0,1.0,0.8571,1.0,0.9924,0.9925,0.9989
seed,1,6,2021-2023,-1,unweighted,SHAP,xgboost,lab,14,5,6,0.8333,0.4,0.6667,1.0,0.8333,0,,HighBP,0.9736,0.8901,0.9301,0,0.8,1.0,0.8571,1.0,0.9531,0.9448,0.9767
seed,1,7,2021-2023,-1,unweighted,SHAP,xgboost,lab,14,5,5,1.0,0.75,0.8333,1.0,1.0,0,,,0.9956,0.978,0.9873,1,1.0,1.0,0.8571,1.0,0.9924,0.9925,0.9989
seed,1,8,2021-2023,-1,unweighted,SHAP,xgboost,lab,14,5,5,1.0,1.0,1.0,1.0,1.0,0,,,0.9912,0.956,0.922,0,1.0,1.0,1.0,1.0,0.8978,0.7989,0.5
seed,1,9,2021-2023,-1,unweighted,SHAP,xgboost,lab,14,5,5,1.0,0.75,0.8333,1.0,1.0,0,,,0.9824,0.9121,0.9621,1,1.0,1.0,0.8571,1.0,0.9823,0.9858,0.9986
seed,2,3,2021-2023,-1,unweighted,SHAP,xgboost,lab,14,4,5,0.8,0.6,0.8333,1.0,0.8,0,,Education,0.9868,0.9341,0.9061,0,1.0,0.8333,1.0,1.0,0.887,0.7871,0.4974
seed,2,4,2021-2023,-1,unweighted,SHAP,xgboost,lab,14,4,6,0.6667,0.3333,0.6667,1.0,0.6667,0,,"Education,HighBP",0.9736,0.9121,0.9361,0,0.8,0.8333,1.0,1.0,0.954,0.9434,0.9753
seed,2,5,2021-2023,-1,unweighted,SHAP,xgboost,lab,14,4,5,0.8,0.5,0.6667,1.0,0.8,0,,Education,0.9868,0.956,0.9725,1,1.0,0.8333,0.8571,1.0,0.9826,0.9816,0.9963
seed,2,6,2021-2023,-1,unweighted,SHAP,xgboost,lab,14,4,6,0.6667,0.4,0.8333,1.0,0.6667,0,,"Education,HighBP",0.9604,0.8681,0.915,0,0.8,0.8333,0.8571,1.0,0.9433,0.9339,0.9741
seed,2,7,2021-2023,-1,unweighted,SHAP,xgboost,lab,14,4,5,0.8,0.75,1.0,1.0,0.8,0,,Education,0.9868,0.956,0.9725,1,1.0,0.8333,0.8571,1.0,0.9826,0.9816,0.9963
seed,2,8,2021-2023,-1,unweighted,SHAP,xgboost,lab,14,4,5,0.8,0.6,0.8333,1.0,0.8,0,,Education,0.9868,0.9341,0.9074,0,1.0,0.8333,1.0,1.0,0.888,0.788,0.4974
seed,2,9,2021-2023,-1,unweighted,SHAP,xgboost,lab,14,4,5,0.8,0.75,1.0,1.0,0.8,0,,Education,0.9736,0.8901,0.9473,1,1.0,0.8333,0.8571,1.0,0.9724,0.9748,0.996
seed,3,4,2021-2023,-1,unweighted,SHAP,xgboost,lab,14,5,6,0.8333,0.6,0.8,1.0,0.8333,0,,HighBP,0.9736,0.8901,0.8718,0,0.8,1.0,1.0,1.0,0.8607,0.7523,0.4779
seed,3,5,2021-2023,-1,unweighted,SHAP,xgboost,lab,14,5,5,1.0,0.8,0.8,1.0,1.0,0,,,0.9868,0.9341,0.9081,0,1.0,1.0,0.8571,1.0,0.8892,0.7906,0.4988
seed,3,6,2021-2023,-1,unweighted,SHAP,xgboost,lab,14,5,6,0.8333,0.4,0.6667,1.0,0.8333,0,,HighBP,0.9736,0.8901,0.8673,0,0.8,1.0,0.8571,1.0,0.8563,0.7468,0.4768
seed,3,7,2021-2023,-1,unweighted,SHAP,xgboost,lab,14,5,5,1.0,0.75,0.8333,1.0,1.0,0,,,0.9868,0.9341,0.9081,0,1.0,1.0,0.8571,1.0,0.8892,0.7906,0.4988
seed,3,8,2021-2023,-1,unweighted,SHAP,xgboost,lab,14,5,5,1.0,1.0,1.0,1.0,1.0,0,,,0.9912,0.956,0.9847,1,1.0,1.0,1.0,1.0,0.9947,0.997,0.9999
seed,3,9,2021-2023,-1,unweighted,SHAP,xgboost,lab,14,5,5,1.0,0.75,0.8333,1.0,1.0,0,,,0.9824,0.9121,0.8993,0,1.0,1.0,0.8571,1.0,0.8855,0.7877,0.4987
seed,4,5,2021-2023,-1,unweighted,SHAP,xgboost,lab,14,6,5,0.8333,0.8,1.0,1.0,0.8333,0,HighBP,,0.978,0.9121,0.9383,0,0.8,1.0,0.8571,1.0,0.9563,0.9468,0.9768
seed,4,6,2021-2023,-1,unweighted,SHAP,xgboost,lab,14,6,6,1.0,0.75,0.8,1.0,1.0,0,,,0.9912,0.956,0.9791,1,1.0,1.0,0.8571,1.0,0.9892,0.9906,0.9988
seed,4,7,2021-2023,-1,unweighted,SHAP,xgboost,lab,14,6,5,0.8333,0.4,0.6667,1.0,0.8333,0,HighBP,,0.978,0.9121,0.9383,0,0.8,1.0,0.8571,1.0,0.9563,0.9468,0.9768
seed,4,8,2021-2023,-1,unweighted,SHAP,xgboost,lab,14,6,5,0.8333,0.6,0.8,1.0,0.8333,0,HighBP,,0.9736,0.8901,0.873,0,0.8,1.0,1.0,1.0,0.8617,0.7532,0.4779
seed,4,9,2021-2023,-1,unweighted,SHAP,xgboost,lab,14,6,5,0.8333,0.4,0.6667,1.0,0.8333,0,HighBP,,0.9736,0.8901,0.933,0,0.8,1.0,0.8571,1.0,0.9557,0.9475,0.977
seed,5,6,2021-2023,-1,unweighted,SHAP,xgboost,lab,14,5,6,0.8333,0.6,0.8,1.0,0.8333,0,,HighBP,0.978,0.9121,0.9427,0,0.8,1.0,1.0,1.0,0.9607,0.9523,0.9779
seed,5,7,2021-2023,-1,unweighted,SHAP,xgboost,lab,14,5,5,1.0,0.6,0.6667,1.0,1.0,0,,,1.0,1.0,1.0,1,1.0,1.0,1.0,1.0,1.0,1.0,1.0
seed,5,8,2021-2023,-1,unweighted,SHAP,xgboost,lab,14,5,5,1.0,0.8,0.8,1.0,1.0,0,,,0.9868,0.9341,0.9093,0,1.0,1.0,0.8571,1.0,0.8902,0.7915,0.4989
seed,5,9,2021-2023,-1,unweighted,SHAP,xgboost,lab,14,5,5,1.0,0.6,0.6667,1.0,1.0,0,,,0.9868,0.9341,0.9747,1,1.0,1.0,1.0,1.0,0.9899,0.9933,0.9997
seed,6,7,2021-2023,-1,unweighted,SHAP,xgboost,lab,14,6,5,0.8333,0.5,0.8333,1.0,0.8333,0,HighBP,,0.978,0.9121,0.9427,0,0.8,1.0,1.0,1.0,0.9607,0.9523,0.9779
seed,6,8,2021-2023,-1,unweighted,SHAP,xgboost,lab,14,6,5,0.8333,0.4,0.6667,1.0,0.8333,0,HighBP,,0.9648,0.8462,0.8521,0,0.8,1.0,0.8571,1.0,0.8509,0.7438,0.4767
seed,6,9,2021-2023,-1,unweighted,SHAP,xgboost,lab,14,6,5,0.8333,0.5,0.8333,1.0,0.8333,0,HighBP,,0.9824,0.9341,0.9539,0,0.8,1.0,1.0,1.0,0.9665,0.957,0.9781
seed,7,8,2021-2023,-1,unweighted,SHAP,xgboost,lab,14,5,5,1.0,0.75,0.8333,1.0,1.0,0,,,0.9868,0.9341,0.9093,0,1.0,1.0,0.8571,1.0,0.8902,0.7915,0.4989
seed,7,9,2021-2023,-1,unweighted,SHAP,xgboost,lab,14,5,5,1.0,1.0,1.0,1.0,1.0,0,,,0.9868,0.9341,0.9747,1,1.0,1.0,1.0,1.0,0.9899,0.9933,0.9997
seed,8,9,2021-2023,-1,unweighted,SHAP,xgboost,lab,14,5,5,1.0,0.75,0.8333,1.0,1.0,0,,,0.9824,0.9121,0.8981,0,1.0,1.0,0.8571,1.0,0.8845,0.7868,0.4986
seed,0,1,2021-2023,-1,unweighted,SHAP,xgboost,total,14,5,5,1.0,0.6,0.6667,1.0,1.0,0,,,0.9429,0.8462,0.8539,0,1.0,1.0,1.0,0.9,0.8552,0.7437,0.4575
seed,0,2,2021-2023,-1,unweighted,SHAP,xgboost,total,14,5,5,1.0,0.75,0.8333,1.0,1.0,0,,,0.9604,0.8901,0.8858,0,1.0,1.0,0.8571,0.9,0.8778,0.7809,0.4981
seed,0,3,2021-2023,-1,unweighted,SHAP,xgboost,total,14,5,5,1.0,0.6,0.6667,1.0,1.0,0,,,0.9473,0.8681,0.9248,0,1.0,1.0,1.0,0.9,0.9552,0.9437,0.9575
seed,0,4,2021-2023,-1,unweighted,SHAP,xgboost,total,14,5,5,1.0,0.75,0.8333,1.0,1.0,0,,,0.9516,0.8901,0.9398,0,1.0,1.0,1.0,0.9,0.964,0.9608,0.9835
seed,0,5,2021-2023,-1,unweighted,SHAP,xgboost,total,14,5,5,0.6667,0.4,0.8333,0.8,1.0,1,HighBP,Education,0.9648,0.8901,0.8813,0,0.8,1.0,1.0,0.9,0.8722,0.772,0.4929
seed,0,6,2021-2023,-1,unweighted,SHAP,xgboost,total,14,5,6,0.8333,0.4,0.6667,1.0,0.8333,0,,Education,0.9297,0.8022,0.8415,0,1.0,1.0,1.0,0.8,0.8601,0.7581,0.4834
seed,0,7,2021-2023,-1,unweighted,SHAP,xgboost,total,14,5,5,1.0,0.75,0.8333,1.0,1.0,0,,,0.956,0.8681,0.8627,0,1.0,1.0,1.0,0.9,0.8552,0.7437,0.4575
seed,0,8,2021-2023,-1,unweighted,SHAP,xgboost,total,14,5,5,1.0,0.75,0.8333,1.0,1.0,0,,,0.9736,0.9341,0.9696,1,1.0,1.0,1.0,0.9,0.9854,0.9883,0.9992
seed,0,9,2021-2023,-1,unweighted,SHAP,xgboost,total,14,5,5,1.0,0.75,0.8333,1.0,1.0,0,,,0.9341,0.8242,0.8648,0,1.0,1.0,1.0,0.9,0.88,0.7853,0.4991
seed,1,2,2021-2023,-1,unweighted,SHAP,xgboost,total,14,5,5,1.0,0.75,0.8333,1.0,1.0,0,,,0.978,0.9121,0.9424,0,1.0,1.0,0.8571,0.9,0.9584,0.9452,0.9571
seed,1,3,2021-2023,-1,unweighted,SHAP,xgboost,total,14,5,5,1.0,1.0,1.0,1.0,1.0,0,,,0.9956,0.978,0.929,0,1.0,1.0,1.0,1.0,0.9,0.8,0.5
seed,1,4,2021-2023,-1,unweighted,SHAP,xgboost,total,14,5,5,1.0,0.75,0.8333,1.0,1.0,0,,,0.978,0.9121,0.8703,0,1.0,1.0,1.0,0.9,0.8509,0.729,0.4426
seed,1,5,2021-2023,-1,unweighted,SHAP,xgboost,total,14,5,5,0.6667,0.4,0.8333,0.8,1.0,1,HighBP,Education,0.978,0.9121,0.9377,0,0.8,1.0,1.0,0.9,0.9528,0.9363,0.9519
seed,1,6,2021-2023,-1,unweighted,SHAP,xgboost,total,14,5,6,0.8333,0.4,0.6667,1.0,0.8333,0,,Education,0.9736,0.9121,0.9313,0,1.0,1.0,1.0,0.9,0.9461,0.9253,0.9424
seed,1,7,2021-2023,-1,unweighted,SHAP,xgboost,total,14,5,5,1.0,0.75,0.8333,1.0,1.0,0,,,0.9956,0.978,0.9918,1,1.0,1.0,1.0,1.0,0.9968,0.998,1.0
seed,1,8,2021-2023,-1,unweighted,SHAP,xgboost,total,14,5,5,1.0,0.75,0.8333,1.0,1.0,0,,,0.978,0.9121,0.8841,0,1.0,1.0,1.0,0.9,0.866,0.7527,0.4582
seed,1,9,2021-2023,-1,unweighted,SHAP,xgboost,total,14,5,5,1.0,0.75,0.8333,1.0,1.0,0,,,0.9868,0.9341,0.9554,0,1.0,1.0,1.0,1.0,0.966,0.9525,0.9581
seed,2,3,2021-2023,-1,unweighted,SHAP,xgboost,total,14,5,5,1.0,0.75,0.8333,1.0,1.0,0,,,0.9736,0.8901,0.8714,0,1.0,1.0,0.8571,0.9,0.8584,0.7452,0.4571
seed,2,4,2021-2023,-1,unweighted,SHAP,xgboost,total,14,5,5,1.0,1.0,1.0,1.0,1.0,0,,,0.9824,0.9121,0.8868,0,1.0,1.0,0.8571,1.0,0.871,0.765,0.4832
seed,2,5,2021-2023,-1,unweighted,SHAP,xgboost,total,14,5,5,0.6667,0.5,1.0,0.8,1.0,1,HighBP,Education,0.9912,0.956,0.97,0,0.8,1.0,0.8571,1.0,0.9793,0.9761,0.9926
seed,2,6,2021-2023,-1,unweighted,SHAP,xgboost,total,14,5,6,0.8333,0.5,0.8333,1.0,0.8333,0,,Education,0.9604,0.8681,0.9291,0,1.0,1.0,0.8571,0.9,0.9624,0.9585,0.9829
seed,2,7,2021-2023,-1,unweighted,SHAP,xgboost,total,14,5,5,1.0,1.0,1.0,1.0,1.0,0,,,0.9736,0.8901,0.9338,0,1.0,1.0,0.8571,0.9,0.9584,0.9452,0.9571
seed,2,8,2021-2023,-1,unweighted,SHAP,xgboost,total,14,5,5,1.0,1.0,1.0,1.0,1.0,0,,,0.9912,0.956,0.9164,0,1.0,1.0,0.8571,1.0,0.8924,0.7925,0.4989
seed,2,9,2021-2023,-1,unweighted,SHAP,xgboost,total,14,5,5,1.0,1.0,1.0,1.0,1.0,0,,,0.9648,0.8901,0.9529,1,1.0,1.0,0.8571,0.9,0.9784,0.9831,0.9985
seed,3,4,2021-2023,-1,unweighted,SHAP,xgboost,total,14,5,5,1.0,0.75,0.8333,1.0,1.0,0,,,0.9824,0.9341,0.9413,0,1.0,1.0,1.0,0.9,0.9509,0.929,0.9426
seed,3,5,2021-2023,-1,unweighted,SHAP,xgboost,total,14,5,5,0.6667,0.4,0.8333,0.8,1.0,1,HighBP,Education,0.9736,0.8901,0.8668,0,0.8,1.0,1.0,0.9,0.8528,0.7363,0.4519
seed,3,6,2021-2023,-1,unweighted,SHAP,xgboost,total,14,5,6,0.8333,0.4,0.6667,1.0,0.8333,0,,Education,0.9692,0.8901,0.8603,0,1.0,1.0,1.0,0.9,0.8461,0.7253,0.4424
seed,3,7,2021-2023,-1,unweighted,SHAP,xgboost,total,14,5,5,1.0,0.75,0.8333,1.0,1.0,0,,,0.9912,0.956,0.9208,0,1.0,1.0,1.0,1.0,0.8968,0.798,0.5
seed,3,8,2021-2023,-1,unweighted,SHAP,xgboost,total,14,5,5,1.0,0.75,0.8333,1.0,1.0,0,,,0.9824,0.9341,0.9551,0,1.0,1.0,1.0,0.9,0.966,0.9527,0.9582
seed,3,9,2021-2023,-1,unweighted,SHAP,xgboost,total,14,5,5,1.0,0.75,0.8333,1.0,1.0,0,,,0.9824,0.9121,0.8844,0,1.0,1.0,1.0,1.0,0.866,0.7525,0.4581
seed,4,5,2021-2023,-1,unweighted,SHAP,xgboost,total,14,5,5,0.6667,0.5,1.0,0.8,1.0,1,HighBP,Education,0.978,0.9121,0.8817,0,0.8,1.0,1.0,1.0,0.8655,0.7561,0.4781
seed,4,6,2021-2023,-1,unweighted,SHAP,xgboost,total,14,5,6,0.8333,0.5,0.8333,1.0,0.8333,0,,Education,0.978,0.9121,0.9004,0,1.0,1.0,1.0,0.9,0.8913,0.7936,0.4997
seed,4,7,2021-2023,-1,unweighted,SHAP,xgboost,total,14,5,5,1.0,1.0,1.0,1.0,1.0,0,,,0.9692,0.8901,0.862,0,1.0,1.0,1.0,0.9,0.8477,0.7271,0.4426
seed,4,8,2021-2023,-1,unweighted,SHAP,xgboost,total,14,5,5,1.0,1.0,1.0,1.0,1.0,0,,,0.9912,0.956,0.9705,0,1.0,1.0,1.0,1.0,0.9786,0.9724,0.9843
seed,4,9,2021-2023,-1,unweighted,SHAP,xgboost,total,14,5,5,1.0,1.0,1.0,1.0,1.0,0,,,0.9736,0.8901,0.8816,0,1.0,1.0,1.0,0.9,0.8709,0.7669,0.4841
seed,5,6,2021-2023,-1,unweighted,SHAP,xgboost,total,14,5,6,0.8333,0.5,0.8333,1.0,0.8333,0,,HighBP,0.956,0.8681,0.924,0,0.8,1.0,1.0,0.9,0.9568,0.9497,0.9778
seed,5,7,2021-2023,-1,unweighted,SHAP,xgboost,total,14,5,5,0.6667,0.5,1.0,0.8,1.0,1,Education,HighBP,0.9736,0.8901,0.9291,0,0.8,1.0,1.0,0.9,0.9528,0.9363,0.9519
seed,5,8,2021-2023,-1,unweighted,SHAP,xgboost,total,14,5,5,0.6667,0.5,1.0,0.8,1.0,1,Education,HighBP,0.9912,0.956,0.9117,0,0.8,1.0,1.0,1.0,0.8869,0.7836,0.4938
seed,5,9,2021-2023,-1,unweighted,SHAP,xgboost,total,14,5,5,0.6667,0.5,1.0,0.8,1.0,1,Education,HighBP,0.9648,0.8901,0.9482,0,0.8,1.0,1.0,0.9,0.9729,0.9742,0.9934
seed,6,7,2021-2023,-1,unweighted,SHAP,xgboost,total,14,6,5,0.8333,0.5,0.8333,1.0,0.8333,0,Education,,0.9648,0.8901,0.923,0,1.0,1.0,1.0,0.9,0.9429,0.9234,0.9423
seed,6,8,2021-2023,-1,unweighted,SHAP,xgboost,total,14,6,5,0.8333,0.5,0.8333,1.0,0.8333,0,Education,,0.9604,0.8681,0.8708,0,1.0,1.0,1.0,0.9,0.8699,0.766,0.484
seed,6,9,2021-2023,-1,unweighted,SHAP,xgboost,total,14,6,5,0.8333,0.5,0.8333,1.0,0.8333,0,Education,,0.9868,0.9341,0.9627,0,1.0,1.0,1.0,0.9,0.9757,0.9707,0.9843
seed,7,8,2021-2023,-1,unweighted,SHAP,xgboost,total,14,5,5,1.0,1.0,1.0,1.0,1.0,0,,,0.9736,0.8901,0.8755,0,1.0,1.0,1.0,0.9,0.866,0.7527,0.4582
seed,7,9,2021-2023,-1,unweighted,SHAP,xgboost,total,14,5,5,1.0,1.0,1.0,1.0,1.0,0,,,0.9824,0.9121,0.9471,0,1.0,1.0,1.0,1.0,0.9629,0.9506,0.9581
seed,8,9,2021-2023,-1,unweighted,SHAP,xgboost,total,14,5,5,1.0,1.0,1.0,1.0,1.0,0,,,0.9648,0.8901,0.8946,0,1.0,1.0,1.0,0.9,0.886,0.7906,0.4996
seed,0,1,2021-2023,-1,weighted,PI,logistic_regression,diag,14,5,4,0.8,0.2,0.625,1.0,0.8,0,HighBP,,0.8818,0.7079,0.6726,0,1.0,0.8333,0.8571,0.9,0.7458,0.5661,0.2042
seed,0,2,2021-2023,-1,weighted,PI,logistic_regression,diag,14,5,5,1.0,0.5,0.7143,1.0,1.0,0,,,0.8386,0.7092,0.7481,0,1.0,0.8333,0.8571,0.9,0.7876,0.6527,0.3542
seed,0,3,2021-2023,-1,weighted,PI,logistic_regression,diag,14,5,5,1.0,0.5,0.7143,1.0,1.0,0,,,0.8111,0.663,0.7315,0,1.0,0.8333,0.8571,0.8,0.7831,0.6392,0.3286
seed,0,4,2021-2023,-1,weighted,PI,logistic_regression,diag,14,5,5,1.0,0.5,0.7143,1.0,1.0,0,,,0.9189,0.8173,0.8624,0,1.0,1.0,0.8571,0.9,0.87,0.7783,0.4984
seed,0,5,2021-2023,-1,weighted,PI,logistic_regression,diag,14,5,5,1.0,0.75,0.8333,1.0,1.0,0,,,0.9197,0.7747,0.8208,0,1.0,0.8333,0.8571,0.9,0.8434,0.7417,0.48
seed,0,6,2021-2023,-1,weighted,PI,logistic_regression,diag,14,5,5,1.0,0.5,0.7143,1.0,1.0,0,,,0.8148,0.6937,0.8528,0,1.0,1.0,0.8571,0.8,0.931,0.9254,0.956
seed,0,7,2021-2023,-1,weighted,PI,logistic_regression,diag,14,5,5,1.0,1.0,1.0,1.0,1.0,0,,,0.9512,0.8409,0.815,0,1.0,0.8333,0.8571,1.0,0.8114,0.6715,0.3556
seed,0,8,2021-2023,-1,weighted,PI,logistic_regression,diag,14,5,5,1.0,0.75,0.8333,1.0,1.0,0,,,0.8847,0.7386,0.7464,0,1.0,1.0,0.8571,0.8,0.8211,0.6956,0.3733
seed,0,9,2021-2023,-1,weighted,PI,logistic_regression,diag,14,5,5,1.0,1.0,1.0,1.0,1.0,0,,,0.9392,0.8203,0.8183,0,1.0,0.8333,0.8571,1.0,0.8236,0.6919,0.3707
seed,1,2,2021-2023,-1,weighted,PI,logistic_regression,diag,14,4,5,0.8,0.0,0.6667,1.0,0.8,0,,HighBP,0.742,0.5804,0.7124,0,1.0,0.8333,0.7143,0.9,0.861,0.807,0.8115
seed,1,3,2021-2023,-1,weighted,PI,logistic_regression,diag,14,4,5,0.8,0.3333,0.875,1.0,0.8,0,,HighBP,0.8667,0.7222,0.8315,0,1.0,1.0,1.0,0.8,0.8967,0.8548,0.8321
seed,1,4,2021-2023,-1,weighted,PI,logistic_regression,diag,14,4,5,0.8,0.3333,0.875,1.0,0.8,0,,HighBP,0.8776,0.7262,0.7241,0,1.0,0.8333,1.0,0.8,0.7517,0.572,0.2052
seed,1,5,2021-2023,-1,weighted,PI,logistic_regression,diag,14,4,5,0.8,0.25,0.75,1.0,0.8,0,,HighBP,0.8677,0.7203,0.7026,0,1.0,1.0,0.8571,0.9,0.7394,0.5506,0.1907
seed,1,6,2021-2023,-1,weighted,PI,logistic_regression,diag,14,4,5,0.8,0.3333,0.875,1.0,0.8,0,,HighBP,0.8621,0.6631,0.613,0,1.0,0.8333,1.0,0.9,0.7527,0.5714,0.2049
seed,1,7,2021-2023,-1,weighted,PI,logistic_regression,diag,14,4,5,0.8,0.2,0.625,1.0,0.8,0,,HighBP,0.9304,0.8315,0.7946,0,1.0,1.0,1.0,0.9,0.7979,0.6434,0.3173
seed,1,8,2021-2023,-1,weighted,PI,logistic_regression,diag,14,4,5,0.8,0.25,0.75,1.0,0.8,0,,HighBP,0.8906,0.7529,0.8458,0,1.0,0.8333,1.0,0.9,0.9005,0.8547,0.8303
seed,1,9,2021-2023,-1,weighted,PI,logistic_regression,diag,14,4,5,0.8,0.2,0.625,1.0,0.8,0,,HighBP,0.9383,0.8444,0.8581,0,1.0,1.0,1.0,0.9,0.9102,0.8637,0.8325
seed,2,3,2021-2023,-1,weighted,PI,logistic_regression,diag,14,5,5,1.0,0.0,0.5556,1.0,1.0,0,,,0.7156,0.5683,0.7748,0,1.0,0.8333,0.7143,0.8,0.8925,0.8781,0.9362
seed,2,4,2021-2023,-1,weighted,PI,logistic_regression,diag,14,5,5,1.0,0.0,0.5556,1.0,1.0,0,,,0.7182,0.548,0.6316,0,1.0,0.8333,0.7143,0.8,0.7735,0.6399,0.3528
seed,2,5,2021-2023,-1,weighted,PI,logistic_regression,diag,14,5,5,1.0,0.6667,0.8571,1.0,1.0,0,,,0.8292,0.6843,0.7065,0,1.0,0.8333,0.8571,0.9,0.8198,0.688,0.3704
seed,2,6,2021-2023,-1,weighted,PI,logistic_regression,diag,14,5,5,1.0,0.0,0.5556,1.0,1.0,0,,,0.6384,0.4603,0.6085,0,1.0,0.8333,0.7143,0.8,0.7405,0.5919,0.3107
seed,2,7,2021-2023,-1,weighted,PI,logistic_regression,diag,14,5,5,1.0,0.5,0.7143,1.0,1.0,0,,,0.8226,0.7092,0.757,0,1.0,0.8333,0.7143,0.9,0.8062,0.6752,0.3688
seed,2,8,2021-2023,-1,weighted,PI,logistic_regression,diag,14,5,5,1.0,0.25,0.625,1.0,1.0,0,,,0.7284,0.5869,0.7676,0,1.0,0.8333,0.7143,0.8,0.8735,0.8399,0.8528
seed,2,9,2021-2023,-1,weighted,PI,logistic_regression,diag,14,5,5,1.0,0.5,0.7143,1.0,1.0,0,,,0.8336,0.7497,0.8683,0,1.0,0.8333,0.7143,0.9,0.933,0.9296,0.9782
seed,3,4,2021-2023,-1,weighted,PI,logistic_regression,diag,14,5,5,1.0,1.0,1.0,1.0,1.0,0,,,0.7831,0.5856,0.6501,0,1.0,0.8333,1.0,0.8,0.7811,0.6405,0.3295
seed,3,5,2021-2023,-1,weighted,PI,logistic_regression,diag,14,5,5,1.0,0.25,0.625,1.0,1.0,0,,,0.8332,0.686,0.674,0,1.0,1.0,0.8571,0.9,0.7796,0.6281,0.3157
seed,3,6,2021-2023,-1,weighted,PI,logistic_regression,diag,14,5,5,1.0,1.0,1.0,1.0,1.0,0,,,0.8643,0.7089,0.7203,0,1.0,0.8333,1.0,0.8,0.7859,0.6442,0.3297
seed,3,7,2021-2023,-1,weighted,PI,logistic_regression,diag,14,5,5,1.0,0.5,0.7143,1.0,1.0,0,,,0.8619,0.7304,0.7454,0,1.0,1.0,1.0,0.8,0.7833,0.633,0.3167
seed,3,8,2021-2023,-1,weighted,PI,logistic_regression,diag,14,5,5,1.0,0.6667,0.8571,1.0,1.0,0,,,0.8177,0.663,0.8068,0,1.0,0.8333,1.0,0.8,0.8811,0.8405,0.8295
seed,3,9,2021-2023,-1,weighted,PI,logistic_regression,diag,14,5,5,1.0,0.5,0.7143,1.0,1.0,0,,,0.9262,0.8333,0.915,0,1.0,1.0,1.0,0.8,0.9525,0.9438,0.9578
seed,4,5,2021-2023,-1,weighted,PI,logistic_regression,diag,14,5,5,1.0,0.25,0.625,1.0,1.0,0,,,0.8955,0.7954,0.8956,0,1.0,0.8333,0.8571,0.9,0.9439,0.9409,0.9798
seed,4,6,2021-2023,-1,weighted,PI,logistic_regression,diag,14,5,5,1.0,1.0,1.0,1.0,1.0,0,,,0.8841,0.7713,0.8229,0,1.0,1.0,1.0,0.8,0.8408,0.7339,0.4571
seed,4,7,2021-2023,-1,weighted,PI,logistic_regression,diag,14,5,5,1.0,0.5,0.7143,1.0,1.0,0,,,0.9144,0.7936,0.8709,0,1.0,0.8333,1.0,0.9,0.9093,0.8717,0.8563
seed,4,8,2021-2023,-1,weighted,PI,logistic_regression,diag,14,5,5,1.0,0.6667,0.8571,1.0,1.0,0,,,0.9686,0.912,0.8638,0,1.0,1.0,1.0,0.9,0.848,0.7154,0.3749
seed,4,9,2021-2023,-1,weighted,PI,logistic_regression,diag,14,5,5,1.0,0.5,0.7143,1.0,1.0,0,,,0.8776,0.7262,0.7364,0,1.0,0.8333,1.0,0.9,0.8216,0.6921,0.3715
seed,5,6,2021-2023,-1,weighted,PI,logistic_regression,diag,14,5,5,1.0,0.25,0.625,1.0,1.0,0,,,0.7955,0.6588,0.7537,0,1.0,0.8333,0.8571,0.8,0.7991,0.6847,0.4373
seed,5,7,2021-2023,-1,weighted,PI,logistic_regression,diag,14,5,5,1.0,0.75,0.8333,1.0,1.0,0,,,0.9643,0.8903,0.9201,0,1.0,1.0,0.8571,0.9,0.9344,0.9026,0.8733
seed,5,8,2021-2023,-1,weighted,PI,logistic_regression,diag,14,5,5,1.0,0.5,0.7143,1.0,1.0,0,,,0.9085,0.7747,0.7826,0,1.0,0.8333,0.8571,0.9,0.7989,0.6609,0.3548
seed,5,9,2021-2023,-1,weighted,PI,logistic_regression,diag,14,5,5,1.0,0.75,0.8333,1.0,1.0,0,,,0.9389,0.7889,0.7471,0,1.0,1.0,0.8571,0.9,0.8162,0.677,0.3576
seed,6,7,2021-2023,-1,weighted,PI,logistic_regression,diag,14,5,5,1.0,0.5,0.7143,1.0,1.0,0,,,0.8482,0.6822,0.7277,0,1.0,0.8333,1.0,0.8,0.7709,0.6194,0.3139
seed,6,8,2021-2023,-1,weighted,PI,logistic_regression,diag,14,5,5,1.0,0.6667,0.8571,1.0,1.0,0,,,0.8706,0.7284,0.7085,0,1.0,1.0,1.0,0.9,0.8028,0.6586,0.3322
seed,6,9,2021-2023,-1,weighted,PI,logistic_regression,diag,14,5,5,1.0,0.5,0.7143,1.0,1.0,0,,,0.8443,0.686,0.7334,0,1.0,0.8333,1.0,0.8,0.7891,0.645,0.3295
seed,7,8,2021-2023,-1,weighted,PI,logistic_regression,diag,14,5,5,1.0,0.75,0.8333,1.0,1.0,0,,,0.9202,0.7955,0.8377,0,1.0,0.8333,1.0,0.8,0.8536,0.751,0.4813
seed,7,9,2021-2023,-1,weighted,PI,logistic_regression,diag,14,5,5,1.0,1.0,1.0,1.0,1.0,0,,,0.9746,0.8989,0.8444,0,1.0,1.0,1.0,1.0,0.8308,0.6892,0.3589
seed,8,9,2021-2023,-1,weighted,PI,logistic_regression,diag,14,5,5,1.0,0.75,0.8333,1.0,1.0,0,,,0.8995,0.7753,0.8725,0,1.0,0.8333,1.0,0.8,0.9209,0.8914,0.8714
seed,0,1,2021-2023,-1,weighted,PI,logistic_regression,lab,14,5,5,1.0,0.75,0.8333,1.0,1.0,0,,,0.9157,0.8068,0.8575,0,1.0,0.8333,1.0,0.9,0.8704,0.7763,0.497
seed,0,2,2021-2023,-1,weighted,PI,logistic_regression,lab,14,5,4,0.8,0.2,0.625,1.0,0.8,0,Education,,0.8572,0.7747,0.8256,0,0.8,0.8333,0.8571,0.9,0.8437,0.7472,0.4891
seed,0,3,2021-2023,-1,weighted,PI,logistic_regression,lab,14,5,4,0.8,0.4,0.7143,1.0,0.8,0,Education,,0.8803,0.7386,0.8209,0,0.8,0.8333,1.0,0.8,0.8508,0.7558,0.4906
seed,0,4,2021-2023,-1,weighted,PI,logistic_regression,lab,14,5,4,0.8,0.4,0.7143,1.0,0.8,0,Education,,0.9157,0.8182,0.913,0,0.8,0.8333,1.0,0.9,0.9604,0.9618,0.9908
seed,0,5,2021-2023,-1,weighted,PI,logistic_regression,lab,14,5,5,1.0,0.75,0.8333,1.0,1.0,0,,,0.9755,0.9134,0.8938,0,1.0,0.8333,0.8571,1.0,0.8746,0.7771,0.4962
seed,0,6,2021-2023,-1,weighted,PI,logistic_regression,lab,14,5,5,1.0,0.5,0.7143,1.0,1.0,0,,,0.9776,0.9357,0.9738,1,1.0,1.0,1.0,0.9,0.9822,0.9876,0.9993
seed,0,7,2021-2023,-1,weighted,PI,logistic_regression,lab,14,5,6,0.8333,0.5,0.8333,1.0,0.8333,0,,HighBP,0.9171,0.7978,0.8311,0,0.8,0.8333,1.0,0.9,0.8422,0.7362,0.4751
seed,0,8,2021-2023,-1,weighted,PI,logistic_regression,lab,14,5,5,1.0,0.75,0.8333,1.0,1.0,0,,,0.8862,0.7529,0.837,0,1.0,0.8333,1.0,0.9,0.8678,0.7748,0.4969
seed,0,9,2021-2023,-1,weighted,PI,logistic_regression,lab,14,5,4,0.8,0.4,0.7143,1.0,0.8,0,Education,,0.9464,0.8441,0.8697,0,1.0,0.8333,1.0,0.9,0.8666,0.7733,0.4967
seed,1,2,2021-2023,-1,weighted,PI,logistic_regression,lab,14,5,4,0.8,0.25,0.75,1.0,0.8,0,Education,,0.8639,0.7747,0.8935,0,0.8,1.0,0.8571,0.9,0.9615,0.9625,0.9918
seed,1,3,2021-2023,-1,weighted,PI,logistic_regression,lab,14,5,4,0.8,0.5,0.8571,1.0,0.8,0,Education,,0.9379,0.8636,0.9376,0,0.8,1.0,1.0,0.8,0.9686,0.9711,0.9933
seed,1,4,2021-2023,-1,weighted,PI,logistic_regression,lab,14,5,4,0.8,0.5,0.8571,1.0,0.8,0,Education,,0.9024,0.7614,0.8236,0,0.8,0.8333,1.0,0.9,0.8546,0.7585,0.4907
seed,1,5,2021-2023,-1,weighted,PI,logistic_regression,lab,14,5,5,1.0,1.0,1.0,1.0,1.0,0,,,0.9375,0.8672,0.9449,1,1.0,1.0,0.8571,0.9,0.9806,0.9841,0.9985
seed,1,6,2021-2023,-1,weighted,PI,logistic_regression,lab,14,5,5,1.0,0.6667,0.8571,1.0,1.0,0,,,0.8963,0.7936,0.8484,0,1.0,0.8333,1.0,0.8,0.8685,0.7728,0.4965
seed,1,7,2021-2023,-1,weighted,PI,logistic_regression,lab,14,5,6,0.8333,0.6667,1.0,1.0,0.8333,0,,HighBP,0.9525,0.8765,0.9292,0,0.8,1.0,1.0,0.9,0.9568,0.9497,0.9778
seed,1,8,2021-2023,-1,weighted,PI,logistic_regression,lab,14,5,5,1.0,1.0,1.0,1.0,1.0,0,,,0.9569,0.9214,0.9683,1,1.0,1.0,1.0,0.9,0.9856,0.9902,0.9996
seed,1,9,2021-2023,-1,weighted,PI,logistic_regression,lab,14,5,4,0.8,0.5,0.8571,1.0,0.8,0,Education,,0.875,0.7862,0.9158,1,1.0,1.0,1.0,0.8,0.9725,0.9803,0.999
seed,2,3,2021-2023,-1,weighted,PI,logistic_regression,lab,14,4,4,1.0,0.6667,0.875,1.0,1.0,0,,,0.8036,0.6937,0.8718,1,1.0,1.0,0.8571,0.7,0.9563,0.9664,0.9976
seed,2,4,2021-2023,-1,weighted,PI,logistic_regression,lab,14,4,4,1.0,0.6667,0.875,1.0,1.0,0,,,0.7522,0.6475,0.7714,0,0.8,0.8333,0.8571,0.8,0.8292,0.7374,0.4887
seed,2,5,2021-2023,-1,weighted,PI,logistic_regression,lab,14,4,5,0.8,0.25,0.75,1.0,0.8,0,,Education,0.9315,0.8706,0.9381,0,0.8,1.0,1.0,0.9,0.9691,0.97,0.9929
seed,2,6,2021-2023,-1,weighted,PI,logistic_regression,lab,14,4,5,0.8,0.3333,0.875,1.0,0.8,0,,Education,0.8478,0.7472,0.8118,0,0.8,0.8333,0.8571,0.8,0.8478,0.7489,0.4891
seed,2,7,2021-2023,-1,weighted,PI,logistic_regression,lab,14,4,6,0.6667,0.0,0.75,1.0,0.6667,0,,"Education,HighBP",0.8877,0.766,0.8655,0,0.8,1.0,0.8571,0.9,0.9385,0.9332,0.9759
seed,2,8,2021-2023,-1,weighted,PI,logistic_regression,lab,14,4,5,0.8,0.25,0.75,1.0,0.8,0,,Education,0.8243,0.7089,0.8672,0,0.8,1.0,0.8571,0.8,0.947,0.9527,0.9914
seed,2,9,2021-2023,-1,weighted,PI,logistic_regression,lab,14,4,4,1.0,0.6667,0.875,1.0,1.0,0,,,0.8629,0.7529,0.8857,0,0.8,1.0,0.8571,0.8,0.9518,0.9565,0.9916
seed,3,4,2021-2023,-1,weighted,PI,logistic_regression,lab,14,4,4,1.0,1.0,1.0,1.0,1.0,0,,,0.9335,0.8409,0.8599,0,0.8,0.8333,1.0,0.9,0.8604,0.7618,0.4908
seed,3,5,2021-2023,-1,weighted,PI,logistic_regression,lab,14,4,5,0.8,0.5,0.8571,1.0,0.8,0,,Education,0.9107,0.7978,0.9084,0,0.8,1.0,0.8571,0.8,0.961,0.9636,0.9922
seed,3,6,2021-2023,-1,weighted,PI,logistic_regression,lab,14,4,5,0.8,0.6667,1.0,1.0,0.8,0,,Education,0.8873,0.7699,0.8303,0,0.8,0.8333,1.0,0.9,0.8566,0.7577,0.4903
seed,3,7,2021-2023,-1,weighted,PI,logistic_regression,lab,14,4,6,0.6667,0.25,0.8571,1.0,0.6667,0,,"Education,HighBP",0.8796,0.7304,0.8627,0,0.8,1.0,1.0,0.8,0.9472,0.9436,0.9776
seed,3,8,2021-2023,-1,weighted,PI,logistic_regression,lab,14,4,5,0.8,0.5,0.8571,1.0,0.8,0,,Education,0.9613,0.8989,0.9511,0,0.8,1.0,1.0,0.9,0.9751,0.9753,0.9934
seed,3,9,2021-2023,-1,weighted,PI,logistic_regression,lab,14,4,4,1.0,1.0,1.0,1.0,1.0,0,,,0.904,0.8209,0.9184,0,0.8,1.0,1.0,0.9,0.9665,0.9686,0.9929
seed,4,5,2021-2023,-1,weighted,PI,logistic_regression,lab,14,4,5,0.8,0.5,0.8571,1.0,0.8,0,,Education,0.8951,0.7516,0.8131,0,0.8,0.8333,0.8571,0.9,0.847,0.751,0.4896
seed,4,6,2021-2023,-1,weighted,PI,logistic_regression,lab,14,4,5,0.8,0.6667,1.0,1.0,0.8,0,,Education,0.8918,0.7936,0.9033,0,0.8,0.8333,1.0,0.8,0.9448,0.9505,0.9901
seed,4,7,2021-2023,-1,weighted,PI,logistic_regression,lab,14,4,6,0.6667,0.25,0.8571,1.0,0.6667,0,,"Education,HighBP",0.8376,0.6405,0.7523,0,0.6,0.8333,1.0,0.8,0.8194,0.7138,0.4687
seed,4,8,2021-2023,-1,weighted,PI,logistic_regression,lab,14,4,5,0.8,0.5,0.8571,1.0,0.8,0,,Education,0.9525,0.8427,0.8564,0,0.8,0.8333,1.0,1.0,0.8691,0.7683,0.4911
seed,4,9,2021-2023,-1,weighted,PI,logistic_regression,lab,14,4,4,1.0,1.0,1.0,1.0,1.0,0,,,0.8973,0.7747,0.8246,0,0.8,0.8333,1.0,0.9,0.8487,0.7532,0.4902
seed,5,6,2021-2023,-1,weighted,PI,logistic_regression,lab,14,5,5,1.0,0.6667,0.8571,1.0,1.0,0,,,0.9614,0.8798,0.878,0,1.0,0.8333,0.8571,0.9,0.8727,0.7737,0.4957
seed,5,7,2021-2023,-1,weighted,PI,logistic_regression,lab,14,5,6,0.8333,0.6667,1.0,1.0,0.8333,0,,HighBP,0.9455,0.8575,0.9181,0,0.8,1.0,0.8571,0.9,0.9492,0.9422,0.9766
seed,5,8,2021-2023,-1,weighted,PI,logistic_regression,lab,14,5,5,1.0,1.0,1.0,1.0,1.0,0,,,0.9155,0.8232,0.9276,1,1.0,1.0,0.8571,0.9,0.9748,0.9808,0.9985
seed,5,9,2021-2023,-1,weighted,PI,logistic_regression,lab,14,5,4,0.8,0.5,0.8571,1.0,0.8,0,Education,,0.9584,0.8941,0.9537,1,1.0,1.0,0.8571,0.9,0.9768,0.9812,0.9982
seed,6,7,2021-2023,-1,weighted,PI,logistic_regression,lab,14,5,6,0.8333,0.3333,0.8571,1.0,0.8333,0,,HighBP,0.9293,0.8081,0.8318,0,0.8,0.8333,1.0,0.9,0.841,0.7335,0.4747
seed,6,8,2021-2023,-1,weighted,PI,logistic_regression,lab,14,5,5,1.0,0.6667,0.8571,1.0,1.0,0,,,0.8843,0.773,0.8412,0,1.0,0.8333,1.0,0.8,0.8627,0.7694,0.4964
seed,6,9,2021-2023,-1,weighted,PI,logistic_regression,lab,14,5,4,0.8,0.6667,1.0,1.0,0.8,0,Education,,0.9796,0.928,0.9028,0,1.0,0.8333,1.0,0.9,0.8805,0.783,0.4972
seed,7,8,2021-2023,-1,weighted,PI,logistic_regression,lab,14,6,5,0.8333,0.6667,1.0,1.0,0.8333,0,HighBP,,0.9042,0.7889,0.8954,0,0.8,1.0,1.0,0.8,0.9503,0.9455,0.9776
seed,7,9,2021-2023,-1,weighted,PI,logistic_regression,lab,14,6,4,0.6667,0.25,0.8571,1.0,0.6667,0,"Education,HighBP",,0.9133,0.8003,0.8994,0,0.8,1.0,1.0,0.9,0.9451,0.941,0.9772
seed,8,9,2021-2023,-1,weighted,PI,logistic_regression,lab,14,5,4,0.8,0.5,0.8571,1.0,0.8,0,Education,,0.9066,0.8461,0.9384,1,1.0,1.0,1.0,0.9,0.9764,0.983,0.9991
seed,0,1,2021-2023,-1,weighted,PI,logistic_regression,total,14,5,4,0.8,0.5,0.8571,1.0,0.8,0,HighBP,,0.8888,0.7444,0.803,0,0.8,0.8333,1.0,0.9,0.8334,0.7192,0.4491
seed,0,2,2021-2023,-1,weighted,PI,logistic_regression,total,14,5,5,1.0,0.2,0.5,1.0,1.0,0,,,0.6564,0.5222,0.7218,0,1.0,0.8333,0.7143,0.8,0.832,0.743,0.4934
seed,0,3,2021-2023,-1,weighted,PI,logistic_regression,total,14,5,5,1.0,0.6667,0.8571,1.0,1.0,0,,,0.8348,0.7222,0.8254,0,1.0,1.0,1.0,0.8,0.863,0.7741,0.4987
seed,0,4,2021-2023,-1,weighted,PI,logistic_regression,total,14,5,5,1.0,0.6667,0.8571,1.0,1.0,0,,,0.8321,0.7317,0.894,1,1.0,1.0,1.0,0.8,0.963,0.9741,0.9987
seed,0,5,2021-2023,-1,weighted,PI,logistic_regression,total,14,5,5,1.0,0.6667,0.8571,1.0,1.0,0,,,0.7876,0.686,0.8642,1,1.0,0.8333,0.8571,0.8,0.9424,0.9537,0.995
seed,0,6,2021-2023,-1,weighted,PI,logistic_regression,total,14,5,4,0.8,0.5,0.8571,1.0,0.8,0,HighBP,,0.8502,0.7222,0.8856,1,1.0,0.8333,1.0,0.8,0.9579,0.9669,0.9964
seed,0,7,2021-2023,-1,weighted,PI,logistic_regression,total,14,5,5,1.0,1.0,1.0,1.0,1.0,0,,,0.9304,0.8203,0.9111,0,1.0,0.8333,1.0,0.9,0.9553,0.9526,0.9814
seed,0,8,2021-2023,-1,weighted,PI,logistic_regression,total,14,5,5,1.0,0.5,0.7143,1.0,1.0,0,,,0.8339,0.6851,0.8076,0,1.0,0.8333,1.0,0.8,0.8547,0.765,0.4963
seed,0,9,2021-2023,-1,weighted,PI,logistic_regression,total,14,5,4,0.8,0.5,0.8571,1.0,0.8,0,HighBP,,0.8603,0.7293,0.8241,0,1.0,0.8333,1.0,0.9,0.865,0.7715,0.4965
seed,1,2,2021-2023,-1,weighted,PI,logistic_regression,total,14,4,5,0.8,0.0,0.4444,1.0,0.8,0,,HighBP,0.6388,0.5222,0.7548,0,0.8,0.8333,0.7143,0.8,0.8918,0.8839,0.9455
seed,1,3,2021-2023,-1,weighted,PI,logistic_regression,total,14,4,5,0.8,0.6667,1.0,1.0,0.8,0,,HighBP,0.9009,0.7667,0.8746,0,0.8,0.8333,1.0,0.9,0.9248,0.9125,0.9486
seed,1,4,2021-2023,-1,weighted,PI,logistic_regression,total,14,4,5,0.8,0.6667,1.0,1.0,0.8,0,,HighBP,0.8799,0.7317,0.795,0,0.8,0.8333,1.0,0.9,0.8296,0.715,0.4486
seed,1,5,2021-2023,-1,weighted,PI,logistic_regression,total,14,4,5,0.8,0.25,0.75,1.0,0.8,0,,HighBP,0.8732,0.7317,0.7966,0,0.8,1.0,0.8571,0.9,0.8287,0.7165,0.4501
seed,1,6,2021-2023,-1,weighted,PI,logistic_regression,total,14,4,4,1.0,1.0,1.0,1.0,1.0,0,,,0.9009,0.7222,0.8042,0,0.8,1.0,1.0,0.9,0.8363,0.7252,0.4514
seed,1,7,2021-2023,-1,weighted,PI,logistic_regression,total,14,4,5,0.8,0.5,0.8571,1.0,0.8,0,,HighBP,0.9525,0.8315,0.8281,0,0.8,1.0,1.0,0.9,0.833,0.7089,0.4361
seed,1,8,2021-2023,-1,weighted,PI,logistic_regression,total,14,4,5,0.8,0.5,0.8571,1.0,0.8,0,,HighBP,0.9131,0.7735,0.8854,0,0.8,1.0,1.0,0.9,0.9363,0.9252,0.9514
seed,1,9,2021-2023,-1,weighted,PI,logistic_regression,total,14,4,4,1.0,1.0,1.0,1.0,1.0,0,,,0.9791,0.9061,0.9344,0,0.8,1.0,1.0,1.0,0.9513,0.9343,0.9516
seed,2,3,2021-2023,-1,weighted,PI,logistic_regression,total,14,5,5,1.0,0.0,0.4444,1.0,1.0,0,,,0.6718,0.5667,0.7935,1,1.0,0.8333,0.7143,0.8,0.9272,0.9392,0.9932
seed,2,4,2021-2023,-1,weighted,PI,logistic_regression,total,14,5,5,1.0,0.0,0.4444,1.0,1.0,0,,,0.6296,0.4802,0.6961,0,1.0,0.8333,0.7143,0.8,0.8212,0.734,0.4927
seed,2,5,2021-2023,-1,weighted,PI,logistic_regression,total,14,5,5,1.0,0.25,0.625,1.0,1.0,0,,,0.8287,0.7546,0.8257,0,1.0,0.8333,0.8571,0.9,0.8568,0.7635,0.4954
seed,2,6,2021-2023,-1,weighted,PI,logistic_regression,total,14,5,4,0.8,0.0,0.4444,1.0,0.8,0,HighBP,,0.6432,0.5,0.7069,0,1.0,0.8333,0.7143,0.8,0.832,0.743,0.4934
seed,2,7,2021-2023,-1,weighted,PI,logistic_regression,total,14,5,5,1.0,0.2,0.5,1.0,1.0,0,,,0.6586,0.5281,0.7117,0,1.0,0.8333,0.7143,0.7,0.8051,0.7109,0.4775
seed,2,8,2021-2023,-1,weighted,PI,logistic_regression,total,14,5,5,1.0,0.2,0.5,1.0,1.0,0,,,0.6425,0.5083,0.7722,1,1.0,0.8333,0.7143,0.8,0.9288,0.941,0.9934
seed,2,9,2021-2023,-1,weighted,PI,logistic_regression,total,14,5,4,0.8,0.0,0.4444,1.0,0.8,0,HighBP,,0.6777,0.5525,0.7928,1,1.0,0.8333,0.7143,0.8,0.932,0.943,0.9934
seed,3,4,2021-2023,-1,weighted,PI,logistic_regression,total,14,5,5,1.0,1.0,1.0,1.0,1.0,0,,,0.9811,0.9261,0.907,0,1.0,1.0,1.0,1.0,0.8892,0.7923,0.4995
seed,3,5,2021-2023,-1,weighted,PI,logistic_regression,total,14,5,5,1.0,0.3333,0.75,1.0,1.0,0,,,0.8499,0.7432,0.8132,0,1.0,0.8333,0.8571,0.9,0.8466,0.7551,0.4947
seed,3,6,2021-2023,-1,weighted,PI,logistic_regression,total,14,5,4,0.8,0.6667,1.0,1.0,0.8,0,HighBP,,0.9659,0.8778,0.8845,0,1.0,0.8333,1.0,1.0,0.8796,0.782,0.4971
seed,3,7,2021-2023,-1,weighted,PI,logistic_regression,total,14,5,5,1.0,0.6667,0.8571,1.0,1.0,0,,,0.8729,0.7304,0.8089,0,1.0,0.8333,1.0,0.8,0.8381,0.7395,0.4806
seed,3,8,2021-2023,-1,weighted,PI,logistic_regression,total,14,5,5,1.0,0.6667,0.8571,1.0,1.0,0,,,0.9681,0.884,0.9497,1,1.0,0.8333,1.0,1.0,0.9796,0.982,0.9971
seed,3,9,2021-2023,-1,weighted,PI,logistic_regression,total,14,5,4,0.8,0.6667,1.0,1.0,0.8,0,HighBP,,0.9483,0.8619,0.9413,1,1.0,0.8333,1.0,0.9,0.9735,0.9782,0.997
seed,4,5,2021-2023,-1,weighted,PI,logistic_regression,total,14,5,5,1.0,0.3333,0.75,1.0,1.0,0,,,0.8281,0.7294,0.8702,1,1.0,0.8333,0.8571,0.9,0.9514,0.9576,0.9947
seed,4,6,2021-2023,-1,weighted,PI,logistic_regression,total,14,5,4,0.8,0.6667,1.0,1.0,0.8,0,HighBP,,0.9722,0.9032,0.9539,1,1.0,0.8333,1.0,1.0,0.9714,0.9757,0.9966
seed,4,7,2021-2023,-1,weighted,PI,logistic_regression,total,14,5,5,1.0,0.6667,0.8571,1.0,1.0,0,,,0.875,0.7516,0.8796,0,1.0,0.8333,1.0,0.8,0.9429,0.942,0.9806
seed,4,8,2021-2023,-1,weighted,PI,logistic_regression,total,14,5,5,1.0,0.6667,0.8571,1.0,1.0,0,,,0.9667,0.8755,0.8804,0,1.0,0.8333,1.0,1.0,0.8714,0.7757,0.4966
seed,4,9,2021-2023,-1,weighted,PI,logistic_regression,total,14,5,4,0.8,0.6667,1.0,1.0,0.8,0,HighBP,,0.9267,0.83,0.8621,0,1.0,0.8333,1.0,0.9,0.8697,0.774,0.4965
seed,5,6,2021-2023,-1,weighted,PI,logistic_regression,total,14,5,4,0.8,0.25,0.75,1.0,0.8,0,HighBP,,0.8465,0.7546,0.8917,1,1.0,1.0,0.8571,0.9,0.9581,0.9678,0.9975
seed,5,7,2021-2023,-1,weighted,PI,logistic_regression,total,14,5,5,1.0,0.6667,0.8571,1.0,1.0,0,,,0.8594,0.7747,0.8905,0,1.0,1.0,0.8571,0.8,0.9419,0.9435,0.982
seed,5,8,2021-2023,-1,weighted,PI,logistic_regression,total,14,5,5,1.0,0.25,0.625,1.0,1.0,0,,,0.8512,0.7391,0.8221,0,1.0,1.0,0.8571,0.9,0.8612,0.7697,0.4975
seed,5,9,2021-2023,-1,weighted,PI,logistic_regression,total,14,5,4,0.8,0.25,0.75,1.0,0.8,0,HighBP,,0.8889,0.7845,0.8403,0,1.0,1.0,0.8571,0.9,0.8628,0.7703,0.4975
seed,6,7,2021-2023,-1,weighted,PI,logistic_regression,total,14,4,5,0.8,0.5,0.8571,1.0,0.8,0,,HighBP,0.8707,0.7529,0.8909,0,1.0,1.0,1.0,0.8,0.9495,0.9522,0.9833
seed,6,8,2021-2023,-1,weighted,PI,logistic_regression,total,14,4,5,0.8,0.5,0.8571,1.0,0.8,0,,HighBP,0.9901,0.9503,0.9189,0,1.0,1.0,1.0,1.0,0.8968,0.798,0.5
seed,6,9,2021-2023,-1,weighted,PI,logistic_regression,total,14,4,4,1.0,1.0,1.0,1.0,1.0,0,,,0.9241,0.8177,0.8711,0,1.0,1.0,1.0,0.9,0.8824,0.7895,0.4998
seed,7,8,2021-2023,-1,weighted,PI,logistic_regression,total,14,5,5,1.0,0.5,0.7143,1.0,1.0,0,,,0.8631,0.7152,0.8133,0,1.0,1.0,1.0,0.8,0.8495,0.7522,0.4833
seed,7,9,2021-2023,-1,weighted,PI,logistic_regression,total,14,5,4,0.8,0.5,0.8571,1.0,0.8,0,HighBP,,0.9559,0.8493,0.8616,0,1.0,1.0,1.0,0.9,0.8645,0.7613,0.4836
seed,8,9,2021-2023,-1,weighted,PI,logistic_regression,total,14,5,4,0.8,0.5,0.8571,1.0,0.8,0,HighBP,,0.9341,0.8681,0.952,1,1.0,1.0,1.0,0.9,0.9824,0.9895,0.9998
seed,0,1,2021-2023,-1,weighted,PI,random_forest,diag,14,5,5,1.0,0.75,0.8333,1.0,1.0,0,,,0.8482,0.6475,0.7272,0,1.0,0.8333,1.0,0.8,0.8435,0.7793,0.7728
seed,0,2,2021-2023,-1,weighted,PI,random_forest,diag,14,5,5,1.0,0.6667,0.8571,1.0,1.0,0,,,0.8137,0.6508,0.6218,0,1.0,0.8333,0.8571,0.9,0.7428,0.5733,0.2713
seed,0,3,2021-2023,-1,weighted,PI,random_forest,diag,14,5,6,0.8333,0.25,0.5,1.0,0.8333,0,,PhysActivity_LTPA,0.6455,0.4941,0.7216,0,1.0,0.8333,0.7143,0.7,0.8513,0.8139,0.8264
seed,0,4,2021-2023,-1,weighted,PI,random_forest,diag,14,5,5,1.0,0.5,0.7143,1.0,1.0,0,,,0.8796,0.7352,0.6915,0,1.0,0.8333,0.8571,0.9,0.7449,0.5756,0.2715
seed,0,5,2021-2023,-1,weighted,PI,random_forest,diag,14,5,5,1.0,1.0,1.0,1.0,1.0,0,,,0.8584,0.6588,0.6366,0,1.0,0.8333,0.8571,0.8,0.7901,0.6454,0.3291
seed,0,6,2021-2023,-1,weighted,PI,random_forest,diag,14,5,5,1.0,0.5,0.7143,1.0,1.0,0,,,0.8423,0.6936,0.7853,0,1.0,0.8333,0.7143,0.9,0.8746,0.832,0.8276
seed,0,7,2021-2023,-1,weighted,PI,random_forest,diag,14,5,6,0.8333,0.25,0.7143,1.0,0.8333,0,,HeartDiseaseorAttack,0.7888,0.6118,0.7291,0,1.0,1.0,0.8571,0.8,0.8461,0.7801,0.7737
seed,0,8,2021-2023,-1,weighted,PI,random_forest,diag,14,5,5,1.0,0.25,0.625,1.0,1.0,0,,,0.7728,0.6267,0.7266,0,1.0,1.0,0.8571,0.8,0.7893,0.6565,0.3564
seed,0,9,2021-2023,-1,weighted,PI,random_forest,diag,14,5,5,1.0,0.25,0.625,1.0,1.0,0,,,0.8577,0.686,0.7815,0,1.0,0.8333,0.8571,0.8,0.8601,0.8112,0.8129
seed,1,2,2021-2023,-1,weighted,PI,random_forest,diag,14,5,5,1.0,0.5,0.7143,1.0,1.0,0,,,0.7292,0.5212,0.5709,0,1.0,0.8333,0.8571,0.8,0.7103,0.5274,0.1877
seed,1,3,2021-2023,-1,weighted,PI,random_forest,diag,14,5,6,0.8333,0.5,0.5714,1.0,0.8333,0,,PhysActivity_LTPA,0.7473,0.5804,0.7222,0,1.0,0.8333,0.7143,0.9,0.8536,0.8018,0.8113
seed,1,4,2021-2023,-1,weighted,PI,random_forest,diag,14,5,5,1.0,0.4,0.5714,1.0,1.0,0,,,0.7608,0.6159,0.7279,0,1.0,0.8333,0.8571,0.7,0.7935,0.6711,0.3699
seed,1,5,2021-2023,-1,weighted,PI,random_forest,diag,14,5,5,1.0,0.75,0.8333,1.0,1.0,0,,,0.8348,0.6359,0.6131,0,1.0,0.8333,0.8571,0.8,0.6989,0.4962,0.1468
seed,1,6,2021-2023,-1,weighted,PI,random_forest,diag,14,5,5,1.0,0.4,0.5714,1.0,1.0,0,,,0.872,0.6928,0.7923,0,1.0,0.8333,0.7143,0.9,0.8622,0.8097,0.812
seed,1,7,2021-2023,-1,weighted,PI,random_forest,diag,14,5,6,0.8333,0.2,0.5714,1.0,0.8333,0,,HeartDiseaseorAttack,0.7991,0.6937,0.8534,0,1.0,0.8333,0.8571,0.8,0.9273,0.9301,0.9794
seed,1,8,2021-2023,-1,weighted,PI,random_forest,diag,14,5,5,1.0,0.2,0.5,1.0,1.0,0,,,0.6389,0.4264,0.5024,0,1.0,0.8333,0.8571,0.7,0.6655,0.4712,0.1452
seed,1,9,2021-2023,-1,weighted,PI,random_forest,diag,14,5,5,1.0,0.2,0.5,1.0,1.0,0,,,0.8641,0.7416,0.8535,0,1.0,1.0,0.8571,0.8,0.9181,0.9028,0.9404
seed,2,3,2021-2023,-1,weighted,PI,random_forest,diag,14,5,6,0.8333,0.3333,0.625,1.0,0.8333,0,,PhysActivity_LTPA,0.7471,0.5926,0.6709,0,1.0,0.8333,0.8571,0.8,0.7493,0.6022,0.3122
seed,2,4,2021-2023,-1,weighted,PI,random_forest,diag,14,5,5,1.0,0.25,0.625,1.0,1.0,0,,,0.7425,0.5926,0.7212,0,1.0,0.8333,0.8571,0.9,0.8612,0.8093,0.8124
seed,2,5,2021-2023,-1,weighted,PI,random_forest,diag,14,5,5,1.0,0.6667,0.8571,1.0,1.0,0,,,0.866,0.7472,0.8445,0,1.0,1.0,0.8571,0.9,0.9246,0.9081,0.9407
seed,2,6,2021-2023,-1,weighted,PI,random_forest,diag,14,5,5,1.0,0.6667,0.8571,1.0,1.0,0,,,0.8294,0.6872,0.7001,0,1.0,1.0,0.8571,0.9,0.742,0.5784,0.2738
seed,2,7,2021-2023,-1,weighted,PI,random_forest,diag,14,5,6,0.8333,0.3333,0.8571,1.0,0.8333,0,,HeartDiseaseorAttack,0.9069,0.7593,0.688,0,1.0,0.8333,1.0,0.9,0.7527,0.5714,0.2049
seed,2,8,2021-2023,-1,weighted,PI,random_forest,diag,14,5,5,1.0,0.3333,0.75,1.0,1.0,0,,,0.8115,0.6543,0.6232,0,1.0,0.8333,0.8571,0.9,0.7449,0.5756,0.2715
seed,2,9,2021-2023,-1,weighted,PI,random_forest,diag,14,5,5,1.0,0.0,0.5556,1.0,1.0,0,,,0.6166,0.3982,0.4883,0,1.0,0.8333,0.7143,0.7,0.7063,0.5339,0.2014
seed,3,4,2021-2023,-1,weighted,PI,random_forest,diag,14,6,5,0.8333,0.0,0.3333,1.0,0.8333,0,PhysActivity_LTPA,,0.5816,0.3827,0.6172,0,1.0,0.8333,0.7143,0.7,0.7641,0.6574,0.4351
seed,3,5,2021-2023,-1,weighted,PI,random_forest,diag,14,6,5,0.8333,0.25,0.5,1.0,0.8333,0,PhysActivity_LTPA,,0.725,0.5785,0.6788,0,1.0,0.8333,0.8571,0.8,0.7723,0.6303,0.3279
seed,3,6,2021-2023,-1,weighted,PI,random_forest,diag,14,6,5,0.8333,0.25,0.7143,1.0,0.8333,0,PhysActivity_LTPA,,0.8744,0.7571,0.8758,0,1.0,0.8333,1.0,0.8,0.9319,0.9239,0.9545
seed,3,7,2021-2023,-1,weighted,PI,random_forest,diag,14,6,6,0.7143,0.3333,0.7143,0.8333,1.0,1,PhysActivity_LTPA,HeartDiseaseorAttack,0.8251,0.699,0.7934,0,1.0,0.8333,0.8571,0.8,0.8659,0.8145,0.813
seed,3,8,2021-2023,-1,weighted,PI,random_forest,diag,14,6,5,0.8333,0.0,0.4444,1.0,0.8333,0,PhysActivity_LTPA,,0.5954,0.3951,0.5467,0,1.0,0.8333,0.7143,0.7,0.6789,0.5011,0.1853
seed,3,9,2021-2023,-1,weighted,PI,random_forest,diag,14,6,5,0.8333,0.0,0.4444,1.0,0.8333,0,PhysActivity_LTPA,,0.5986,0.3982,0.6332,0,1.0,0.8333,0.7143,0.7,0.8271,0.7818,0.8101
seed,4,5,2021-2023,-1,weighted,PI,random_forest,diag,14,5,5,1.0,0.5,0.7143,1.0,1.0,0,,,0.7182,0.5303,0.6788,0,1.0,0.8333,0.7143,0.8,0.8265,0.7607,0.77
seed,4,6,2021-2023,-1,weighted,PI,random_forest,diag,14,5,5,1.0,0.2,0.5,1.0,1.0,0,,,0.717,0.5707,0.7032,0,1.0,0.8333,0.7143,0.8,0.7836,0.6727,0.4361
seed,4,7,2021-2023,-1,weighted,PI,random_forest,diag,14,5,6,0.8333,0.0,0.5,1.0,0.8333,0,,HeartDiseaseorAttack,0.7205,0.5544,0.6879,0,1.0,0.8333,0.8571,0.8,0.7763,0.6436,0.3537
seed,4,8,2021-2023,-1,weighted,PI,random_forest,diag,14,5,5,1.0,0.25,0.625,1.0,1.0,0,,,0.7241,0.5185,0.4656,0,1.0,0.8333,0.8571,0.9,0.6949,0.49,0.1458
seed,4,9,2021-2023,-1,weighted,PI,random_forest,diag,14,5,5,1.0,0.6667,0.8571,1.0,1.0,0,,,0.8686,0.7027,0.7287,0,1.0,0.8333,0.8571,0.8,0.7661,0.6164,0.3134
seed,5,6,2021-2023,-1,weighted,PI,random_forest,diag,14,5,5,1.0,0.5,0.7143,1.0,1.0,0,,,0.8178,0.6481,0.6957,0,1.0,1.0,0.8571,0.8,0.785,0.6457,0.3311
seed,5,7,2021-2023,-1,weighted,PI,random_forest,diag,14,5,6,0.8333,0.25,0.7143,1.0,0.8333,0,,HeartDiseaseorAttack,0.7798,0.6118,0.6204,0,1.0,0.8333,0.8571,0.8,0.6907,0.4899,0.1463
seed,5,8,2021-2023,-1,weighted,PI,random_forest,diag,14,5,5,1.0,0.25,0.625,1.0,1.0,0,,,0.7273,0.5785,0.6444,0,1.0,0.8333,0.7143,0.9,0.7514,0.6008,0.3113
seed,5,9,2021-2023,-1,weighted,PI,random_forest,diag,14,5,5,1.0,0.25,0.625,1.0,1.0,0,,,0.7397,0.5488,0.5502,0,1.0,0.8333,0.8571,0.8,0.6913,0.4892,0.1461
seed,6,7,2021-2023,-1,weighted,PI,random_forest,diag,14,5,6,0.8333,0.6667,1.0,1.0,0.8333,0,,HeartDiseaseorAttack,0.8978,0.7391,0.8031,0,1.0,0.8333,0.8571,0.9,0.8757,0.8225,0.8136
seed,6,8,2021-2023,-1,weighted,PI,random_forest,diag,14,5,5,1.0,0.25,0.625,1.0,1.0,0,,,0.6541,0.4543,0.5395,0,1.0,0.8333,0.7143,0.8,0.6888,0.509,0.1859
seed,6,9,2021-2023,-1,weighted,PI,random_forest,diag,14,5,5,1.0,0.0,0.4444,1.0,1.0,0,,,0.6623,0.4641,0.6497,0,1.0,0.8333,0.7143,0.7,0.8109,0.7493,0.7694
seed,7,8,2021-2023,-1,weighted,PI,random_forest,diag,14,6,5,0.8333,0.0,0.625,1.0,0.8333,0,HeartDiseaseorAttack,,0.7705,0.6026,0.6158,0,1.0,1.0,0.8571,0.8,0.692,0.4929,0.1482
seed,7,9,2021-2023,-1,weighted,PI,random_forest,diag,14,6,5,0.8333,0.0,0.4444,1.0,0.8333,0,HeartDiseaseorAttack,,0.6407,0.5259,0.7705,0,1.0,0.8333,0.7143,0.6,0.8893,0.8892,0.9513
seed,8,9,2021-2023,-1,weighted,PI,random_forest,diag,14,5,5,1.0,0.0,0.5556,1.0,1.0,0,,,0.6503,0.4685,0.5865,0,1.0,0.8333,0.7143,0.8,0.6967,0.5147,0.1861
seed,0,1,2021-2023,-1,weighted,PI,random_forest,lab,14,5,6,0.8333,0.3333,0.8571,1.0,0.8333,0,,Education,0.896,0.7902,0.7831,0,1.0,0.8333,0.8571,1.0,0.8086,0.667,0.3549
seed,0,2,2021-2023,-1,weighted,PI,random_forest,lab,14,5,4,0.5,0.1667,0.7143,0.75,0.8,1,"GenHlth,Sex",HighBP,0.8647,0.6988,0.6288,0,0.8,1.0,0.8571,0.9,0.7607,0.6084,0.3094
seed,0,3,2021-2023,-1,weighted,PI,random_forest,lab,14,5,6,0.5714,0.25,0.7143,0.8,0.8333,1,Sex,"HighBP,PhysActivity_LTPA",0.9387,0.8316,0.8107,0,0.8,0.8333,0.8571,0.9,0.8066,0.6728,0.3644
seed,0,4,2021-2023,-1,weighted,PI,random_forest,lab,14,5,5,1.0,0.5,0.7143,1.0,1.0,0,,,0.8557,0.7462,0.7856,0,1.0,0.8333,0.8571,0.8,0.8021,0.6775,0.3702
seed,0,5,2021-2023,-1,weighted,PI,random_forest,lab,14,5,4,0.5,0.1667,0.7143,0.75,0.8,1,"HighChol,Sex",Education,0.8466,0.6988,0.7721,0,0.8,0.8333,0.8571,0.8,0.8142,0.7137,0.4731
seed,0,6,2021-2023,-1,weighted,PI,random_forest,lab,14,5,6,0.5714,0.25,1.0,0.8,0.8333,1,Sex,"Education,HighBP",0.9053,0.7699,0.757,0,0.8,0.8333,0.8571,0.8,0.7791,0.6301,0.3229
seed,0,7,2021-2023,-1,weighted,PI,random_forest,lab,14,5,5,0.6667,0.4,0.8333,0.8,1.0,1,Sex,HighBP,0.9705,0.9039,0.8512,0,0.8,1.0,1.0,0.9,0.83,0.6965,0.3686
seed,0,8,2021-2023,-1,weighted,PI,random_forest,lab,14,5,5,0.6667,0.1667,0.5714,0.8,1.0,1,Sex,Education,0.7701,0.6296,0.6912,0,0.8,0.6667,0.7143,0.9,0.7602,0.6199,0.3443
seed,0,9,2021-2023,-1,weighted,PI,random_forest,lab,14,5,5,0.6667,0.2,0.5,0.8,1.0,1,Sex,HighBP,0.6614,0.5062,0.603,0,0.8,0.8333,0.7143,0.7,0.698,0.52,0.1952
seed,1,2,2021-2023,-1,weighted,PI,random_forest,lab,14,6,4,0.4286,0.0,0.625,0.75,0.6667,1,"Education,GenHlth,Sex",HighBP,0.7582,0.6359,0.7205,0,0.8,0.8333,0.7143,0.9,0.8202,0.7606,0.7898
seed,1,3,2021-2023,-1,weighted,PI,random_forest,lab,14,6,6,0.5,0.5,0.625,0.6667,1.0,1,"Education,Sex","HighBP,PhysActivity_LTPA",0.8327,0.7216,0.8357,0,0.8,0.6667,0.7143,0.9,0.9112,0.9051,0.9698
seed,1,4,2021-2023,-1,weighted,PI,random_forest,lab,14,6,5,0.8333,0.0,0.625,1.0,0.8333,0,Education,,0.8226,0.6848,0.7506,0,1.0,1.0,0.8571,0.8,0.789,0.6591,0.357
seed,1,5,2021-2023,-1,weighted,PI,random_forest,lab,14,6,4,0.6667,0.0,0.625,1.0,0.6667,0,"HighChol,Sex",,0.7789,0.5869,0.6332,0,0.8,0.8333,0.8571,0.8,0.7584,0.6247,0.3474
seed,1,6,2021-2023,-1,weighted,PI,random_forest,lab,14,6,6,0.7143,0.5,0.8571,0.8333,1.0,1,Sex,HighBP,0.795,0.6603,0.6951,0,0.8,0.8333,0.8571,0.8,0.7501,0.5955,0.3066
seed,1,7,2021-2023,-1,weighted,PI,random_forest,lab,14,6,5,0.5714,0.25,0.7143,0.8,0.8333,1,"Education,Sex",HighBP,0.8651,0.7963,0.8793,0,0.8,0.8333,0.8571,0.9,0.9286,0.9235,0.9735
seed,1,8,2021-2023,-1,weighted,PI,random_forest,lab,14,6,5,0.8333,0.25,0.7143,1.0,0.8333,0,Sex,,0.8914,0.7902,0.8669,0,0.8,0.8333,0.8571,0.9,0.9286,0.9235,0.9735
seed,1,9,2021-2023,-1,weighted,PI,random_forest,lab,14,6,5,0.5714,0.0,0.4444,0.8,0.8333,1,"Education,Sex",HighBP,0.5482,0.4355,0.6536,0,0.8,0.8333,0.7143,0.7,0.814,0.7654,0.8039
seed,2,3,2021-2023,-1,weighted,PI,random_forest,lab,14,4,6,0.6667,0.2,0.7143,1.0,0.6667,0,,"GenHlth,PhysActivity_LTPA",0.9264,0.8209,0.8393,0,0.8,0.8333,1.0,1.0,0.8681,0.811,0.8081
seed,2,4,2021-2023,-1,weighted,PI,random_forest,lab,14,4,5,0.5,0.4,1.0,0.75,0.8,1,HighBP,"GenHlth,Sex",0.8847,0.7273,0.7661,0,0.8,0.8333,0.8571,0.9,0.8076,0.6861,0.4323
seed,2,5,2021-2023,-1,weighted,PI,random_forest,lab,14,4,4,0.3333,0.1429,0.7143,0.5,1.0,1,"HighBP,HighChol","Education,GenHlth",0.8492,0.7045,0.6907,0,0.6,0.8333,0.8571,0.9,0.7332,0.5633,0.2851
seed,2,6,2021-2023,-1,weighted,PI,random_forest,lab,14,4,6,0.6667,0.2,0.7143,1.0,0.6667,0,,"Education,GenHlth",0.8492,0.7045,0.7841,0,0.8,0.8333,0.8571,0.8,0.82,0.7171,0.4732
seed,2,7,2021-2023,-1,weighted,PI,random_forest,lab,14,4,5,0.8,0.6,0.8333,1.0,0.8,0,,GenHlth,0.9174,0.7978,0.8292,0,0.8,1.0,0.8571,1.0,0.8703,0.8144,0.8096
seed,2,8,2021-2023,-1,weighted,PI,random_forest,lab,14,4,5,0.5,0.3333,0.5714,0.75,0.8,1,HighBP,"Education,GenHlth",0.7021,0.5804,0.6794,0,0.6,0.6667,0.7143,0.9,0.7961,0.7318,0.7807
seed,2,9,2021-2023,-1,weighted,PI,random_forest,lab,14,4,5,0.8,0.1667,0.5,1.0,0.8,0,,GenHlth,0.6005,0.4394,0.6718,0,0.8,0.8333,0.7143,0.7,0.8168,0.7699,0.8045
seed,3,4,2021-2023,-1,weighted,PI,random_forest,lab,14,6,5,0.5714,0.0,0.7143,0.8,0.8333,1,"HighBP,PhysActivity_LTPA",Sex,0.8505,0.7053,0.7541,0,0.8,0.6667,0.8571,0.9,0.7888,0.6562,0.3615
seed,3,5,2021-2023,-1,weighted,PI,random_forest,lab,14,6,4,0.4286,0.2,0.5,0.75,0.6667,1,"HighBP,HighChol,PhysActivity_LTPA",Education,0.817,0.6591,0.6677,0,0.8,0.8333,0.8571,0.9,0.7729,0.6345,0.3478
seed,3,6,2021-2023,-1,weighted,PI,random_forest,lab,14,6,6,0.7143,1.0,0.7143,0.8333,1.0,1,PhysActivity_LTPA,Education,0.8393,0.6822,0.7307,0,1.0,0.8333,0.8571,0.8,0.7783,0.6368,0.3286
seed,3,7,2021-2023,-1,weighted,PI,random_forest,lab,14,6,5,0.8333,0.5,0.8333,1.0,0.8333,0,PhysActivity_LTPA,,0.973,0.9294,0.9601,1,1.0,0.8333,0.8571,1.0,0.9766,0.9763,0.9958
seed,3,8,2021-2023,-1,weighted,PI,random_forest,lab,14,6,5,0.5714,0.5,0.5714,0.8,0.8333,1,"HighBP,PhysActivity_LTPA",Education,0.8069,0.711,0.8249,0,0.8,0.8333,0.7143,0.9,0.9172,0.9118,0.9719
seed,3,9,2021-2023,-1,weighted,PI,random_forest,lab,14,6,5,0.8333,0.0,0.3333,1.0,0.8333,0,PhysActivity_LTPA,,0.6393,0.4824,0.714,0,1.0,0.8333,0.7143,0.7,0.8422,0.8067,0.8259
seed,4,5,2021-2023,-1,weighted,PI,random_forest,lab,14,5,4,0.5,0.1667,0.7143,0.75,0.8,1,"HighChol,Sex",Education,0.898,0.75,0.8381,0,0.8,0.8333,1.0,0.9,0.8864,0.8473,0.8494
seed,4,6,2021-2023,-1,weighted,PI,random_forest,lab,14,5,6,0.5714,0.0,0.7143,0.8,0.8333,1,Sex,"Education,HighBP",0.8093,0.625,0.8076,0,0.8,0.8333,1.0,0.7,0.9091,0.9014,0.9481
seed,4,7,2021-2023,-1,weighted,PI,random_forest,lab,14,5,5,0.6667,0.4,0.8333,0.8,1.0,1,Sex,HighBP,0.8505,0.7284,0.7687,0,0.8,0.8333,0.8571,0.9,0.7987,0.6672,0.3641
seed,4,8,2021-2023,-1,weighted,PI,random_forest,lab,14,5,5,0.6667,0.1667,0.5714,0.8,1.0,1,Sex,Education,0.7563,0.6041,0.6964,0,0.8,0.8333,0.7143,0.8,0.7524,0.619,0.3465
seed,4,9,2021-2023,-1,weighted,PI,random_forest,lab,14,5,5,0.6667,0.2,0.5,0.8,1.0,1,Sex,HighBP,0.6897,0.5319,0.621,0,0.8,0.8333,0.8571,0.7,0.7474,0.6068,0.3215
seed,5,6,2021-2023,-1,weighted,PI,random_forest,lab,14,4,6,0.6667,0.2,0.7143,1.0,0.6667,0,,"HighBP,HighChol",0.867,0.7273,0.8138,0,0.8,1.0,1.0,0.8,0.8654,0.8128,0.8103
seed,5,7,2021-2023,-1,weighted,PI,random_forest,lab,14,4,5,0.5,0.1429,0.5714,0.75,0.8,1,Education,"HighBP,HighChol",0.8527,0.6822,0.6849,0,0.8,0.8333,0.8571,0.9,0.7788,0.6398,0.3483
seed,5,8,2021-2023,-1,weighted,PI,random_forest,lab,14,4,5,0.8,0.1429,0.375,1.0,0.8,0,,HighChol,0.7744,0.6041,0.6604,0,1.0,0.8333,0.7143,0.8,0.781,0.6577,0.3679
seed,5,9,2021-2023,-1,weighted,PI,random_forest,lab,14,4,5,0.5,0.1667,0.7143,0.75,0.8,1,Education,"HighBP,HighChol",0.7098,0.4856,0.5549,0,0.8,1.0,0.8571,0.7,0.7,0.5173,0.1839
seed,6,7,2021-2023,-1,weighted,PI,random_forest,lab,14,6,5,0.8333,0.5,0.8333,1.0,0.8333,0,Education,,0.8929,0.7516,0.7699,0,1.0,0.8333,0.8571,0.8,0.7843,0.642,0.3291
seed,6,8,2021-2023,-1,weighted,PI,random_forest,lab,14,6,5,0.8333,0.5,0.5714,1.0,0.8333,0,HighBP,,0.6931,0.533,0.6378,0,0.8,0.8333,0.7143,0.7,0.7247,0.5756,0.3048
seed,6,9,2021-2023,-1,weighted,PI,random_forest,lab,14,6,5,0.8333,0.0,0.5,1.0,0.8333,0,Education,,0.8014,0.6359,0.705,0,1.0,1.0,0.8571,0.9,0.7861,0.6439,0.3306
seed,7,8,2021-2023,-1,weighted,PI,random_forest,lab,14,5,5,0.6667,0.6,0.6667,0.8,1.0,1,HighBP,Education,0.7978,0.6869,0.8109,0,0.8,0.6667,0.7143,0.9,0.9074,0.9009,0.9693
seed,7,9,2021-2023,-1,weighted,PI,random_forest,lab,14,5,5,1.0,0.1667,0.375,1.0,1.0,0,,,0.6798,0.5294,0.7374,0,1.0,0.8333,0.7143,0.7,0.8481,0.8119,0.8264
seed,8,9,2021-2023,-1,weighted,PI,random_forest,lab,14,5,5,0.6667,0.0,0.2222,0.8,1.0,1,Education,HighBP,0.55,0.3977,0.652,0,0.8,0.8333,0.7143,0.6,0.8022,0.7583,0.8037
seed,0,1,2021-2023,-1,weighted,PI,random_forest,total,14,5,4,0.8,0.4,0.7143,1.0,0.8,0,HighBP,,0.7773,0.6508,0.662,0,0.8,0.8333,0.8571,0.8,0.7258,0.5555,0.2651
seed,0,2,2021-2023,-1,weighted,PI,random_forest,total,14,5,5,1.0,0.6667,0.8571,1.0,1.0,0,,,0.8437,0.7284,0.7382,0,1.0,0.8333,0.8571,0.9,0.788,0.6428,0.3287
seed,0,3,2021-2023,-1,weighted,PI,random_forest,total,14,5,5,1.0,0.3333,0.75,1.0,1.0,0,,,0.8692,0.7225,0.8145,0,1.0,0.8333,0.8571,0.8,0.8601,0.8112,0.8129
seed,0,4,2021-2023,-1,weighted,PI,random_forest,total,14,5,4,0.8,0.0,0.6667,1.0,0.8,0,HighBP,,0.7276,0.5863,0.6029,0,0.8,0.8333,0.8571,0.8,0.741,0.5883,0.306
seed,0,5,2021-2023,-1,weighted,PI,random_forest,total,14,5,5,1.0,0.6667,0.8571,1.0,1.0,0,,,0.7931,0.642,0.736,0,1.0,0.8333,0.8571,0.8,0.8283,0.7648,0.7711
seed,0,6,2021-2023,-1,weighted,PI,random_forest,total,14,5,5,1.0,0.2,0.5,1.0,1.0,0,,,0.8647,0.7462,0.8416,0,1.0,1.0,0.8571,0.8,0.8834,0.844,0.831
seed,0,7,2021-2023,-1,weighted,PI,random_forest,total,14,5,4,0.8,0.6667,1.0,1.0,0.8,0,GenHlth,,0.9205,0.8075,0.7796,0,1.0,0.8333,1.0,0.9,0.8035,0.6548,0.3299
seed,0,8,2021-2023,-1,weighted,PI,random_forest,total,14,5,4,0.5,0.0,0.75,0.75,0.8,1,"HighBP,HighChol",HeartDiseaseorAttack,0.7416,0.5608,0.5776,0,0.8,0.8333,0.8571,0.8,0.6958,0.52,0.2487
seed,0,9,2021-2023,-1,weighted,PI,random_forest,total,14,5,6,0.8333,0.0,0.5556,1.0,0.8333,0,,Education,0.6254,0.4738,0.5741,0,0.8,0.8333,0.7143,0.7,0.729,0.5903,0.3197
seed,1,2,2021-2023,-1,weighted,PI,random_forest,total,14,4,5,0.8,0.3333,0.5714,1.0,0.8,0,,HighBP,0.7137,0.6026,0.7768,0,0.8,0.8333,0.8571,0.7,0.8833,0.8684,0.9314
seed,1,3,2021-2023,-1,weighted,PI,random_forest,total,14,4,5,0.8,0.4,0.7143,1.0,0.8,0,,HighBP,0.7299,0.5781,0.7132,0,0.8,0.8333,0.7143,0.8,0.8014,0.6901,0.4457
seed,1,4,2021-2023,-1,weighted,PI,random_forest,total,14,4,4,1.0,0.1667,0.4444,1.0,1.0,0,,,0.7344,0.6096,0.7531,0,0.8,0.8333,0.8571,0.8,0.857,0.8128,0.8216
seed,1,5,2021-2023,-1,weighted,PI,random_forest,total,14,4,5,0.8,0.6,0.8333,1.0,0.8,0,,HighBP,0.9182,0.7954,0.8315,0,0.8,1.0,0.8571,0.8,0.8396,0.7361,0.4765
seed,1,6,2021-2023,-1,weighted,PI,random_forest,total,14,4,5,0.8,0.5,0.6667,1.0,0.8,0,,HighBP,0.8639,0.7053,0.7635,0,0.8,0.8333,0.7143,0.9,0.793,0.6725,0.4307
seed,1,7,2021-2023,-1,weighted,PI,random_forest,total,14,4,4,0.6,0.3333,0.7143,0.75,1.0,1,GenHlth,HighBP,0.9112,0.8,0.87,0,0.8,0.8333,0.8571,0.9,0.9076,0.8861,0.9323
seed,1,8,2021-2023,-1,weighted,PI,random_forest,total,14,4,4,0.6,0.1429,0.5,0.75,1.0,1,HighChol,HeartDiseaseorAttack,0.6824,0.535,0.7369,0,0.6,0.8333,0.8571,0.8,0.8707,0.8508,0.9248
seed,1,9,2021-2023,-1,weighted,PI,random_forest,total,14,4,6,0.6667,0.0,0.5,1.0,0.6667,0,,"Education,HighBP",0.8304,0.6591,0.7675,0,0.8,1.0,0.8571,0.9,0.8547,0.8019,0.8087
seed,2,3,2021-2023,-1,weighted,PI,random_forest,total,14,5,5,1.0,0.25,0.625,1.0,1.0,0,,,0.8376,0.6988,0.7851,0,1.0,0.8333,0.7143,0.8,0.8245,0.7263,0.4785
seed,2,4,2021-2023,-1,weighted,PI,random_forest,total,14,5,4,0.8,0.0,0.5556,1.0,0.8,0,HighBP,,0.765,0.6628,0.7889,0,0.8,0.8333,0.8571,0.8,0.8632,0.8285,0.8477
seed,2,5,2021-2023,-1,weighted,PI,random_forest,total,14,5,5,1.0,0.5,0.7143,1.0,1.0,0,,,0.8483,0.679,0.737,0,1.0,0.8333,0.7143,0.9,0.8072,0.6897,0.437
seed,2,6,2021-2023,-1,weighted,PI,random_forest,total,14,5,5,1.0,0.4,0.5714,1.0,1.0,0,,,0.8105,0.6988,0.798,0,1.0,0.8333,0.7143,0.8,0.832,0.743,0.4934
seed,2,7,2021-2023,-1,weighted,PI,random_forest,total,14,5,4,0.8,0.5,0.8571,1.0,0.8,0,GenHlth,,0.8523,0.7954,0.9044,1,1.0,0.8333,0.8571,0.8,0.9561,0.9628,0.9953
seed,2,8,2021-2023,-1,weighted,PI,random_forest,total,14,5,4,0.5,0.0,0.625,0.75,0.8,1,"HighBP,HighChol",HeartDiseaseorAttack,0.7884,0.6373,0.7578,0,0.8,0.8333,0.8571,0.8,0.863,0.8402,0.9154
seed,2,9,2021-2023,-1,weighted,PI,random_forest,total,14,5,6,0.8333,0.0,0.4444,1.0,0.8333,0,,Education,0.7518,0.6514,0.7966,0,0.8,0.8333,0.7143,0.8,0.8765,0.848,0.8622
seed,3,4,2021-2023,-1,weighted,PI,random_forest,total,14,5,4,0.8,0.0,0.6667,1.0,0.8,0,HighBP,,0.6158,0.4769,0.6505,0,0.8,0.8333,0.7143,0.6,0.7522,0.6303,0.3612
seed,3,5,2021-2023,-1,weighted,PI,random_forest,total,14,5,5,1.0,0.25,0.625,1.0,1.0,0,,,0.7744,0.6514,0.8035,0,1.0,0.8333,0.8571,0.8,0.9071,0.8904,0.9375
seed,3,6,2021-2023,-1,weighted,PI,random_forest,total,14,5,5,1.0,0.5,0.7143,1.0,1.0,0,,,0.9202,0.8409,0.9161,0,1.0,0.8333,1.0,0.9,0.9541,0.9499,0.9809
seed,3,7,2021-2023,-1,weighted,PI,random_forest,total,14,5,4,0.8,0.25,0.75,1.0,0.8,0,GenHlth,,0.779,0.6244,0.7562,0,1.0,0.8333,0.8571,0.8,0.8213,0.7249,0.4789
seed,3,8,2021-2023,-1,weighted,PI,random_forest,total,14,5,4,0.5,0.0,0.5556,0.75,0.8,1,"HighBP,HighChol",HeartDiseaseorAttack,0.6296,0.4647,0.6203,0,0.8,0.8333,0.7143,0.6,0.7519,0.642,0.4289
seed,3,9,2021-2023,-1,weighted,PI,random_forest,total,14,5,6,0.8333,0.0,0.5556,1.0,0.8333,0,,Education,0.6231,0.4886,0.6341,0,0.8,0.8333,0.7143,0.8,0.7604,0.6235,0.3466
seed,4,5,2021-2023,-1,weighted,PI,random_forest,total,14,4,5,0.8,0.0,0.5556,1.0,0.8,0,,HighBP,0.6668,0.5226,0.6333,0,0.8,0.8333,0.7143,0.8,0.7286,0.5783,0.3049
seed,4,6,2021-2023,-1,weighted,PI,random_forest,total,14,4,5,0.8,0.0,0.4444,1.0,0.8,0,,HighBP,0.5859,0.428,0.617,0,0.8,0.8333,0.7143,0.7,0.7378,0.6074,0.3457
seed,4,7,2021-2023,-1,weighted,PI,random_forest,total,14,4,4,0.6,0.0,0.6667,0.75,1.0,1,GenHlth,HighBP,0.7622,0.6594,0.7922,0,0.8,0.8333,0.8571,0.8,0.8728,0.8347,0.8479
seed,4,8,2021-2023,-1,weighted,PI,random_forest,total,14,4,4,0.6,0.25,0.6667,0.75,1.0,1,HighChol,HeartDiseaseorAttack,0.7869,0.6711,0.7375,0,0.6,0.8333,0.8571,1.0,0.8553,0.7916,0.8008
seed,4,9,2021-2023,-1,weighted,PI,random_forest,total,14,4,6,0.6667,0.5,0.875,1.0,0.6667,0,,"Education,HighBP",0.7444,0.6359,0.8078,0,0.6,0.8333,0.8571,0.8,0.8951,0.8921,0.9664
seed,5,6,2021-2023,-1,weighted,PI,random_forest,total,14,5,5,1.0,0.4,0.5714,1.0,1.0,0,,,0.8963,0.7699,0.8469,0,1.0,0.8333,0.8571,0.9,0.9169,0.8983,0.9381
seed,5,7,2021-2023,-1,weighted,PI,random_forest,total,14,5,4,0.8,0.5,0.8571,1.0,0.8,0,GenHlth,,0.9001,0.7231,0.7659,0,1.0,0.8333,0.8571,0.8,0.8111,0.6964,0.4384
seed,5,8,2021-2023,-1,weighted,PI,random_forest,total,14,5,4,0.5,0.0,0.625,0.75,0.8,1,"HighBP,HighChol",HeartDiseaseorAttack,0.6995,0.5735,0.6997,0,0.8,0.8333,0.7143,0.8,0.7736,0.6583,0.4299
seed,5,9,2021-2023,-1,weighted,PI,random_forest,total,14,5,6,0.8333,0.0,0.625,1.0,0.8333,0,,Education,0.8602,0.6988,0.704,0,0.8,1.0,0.8571,0.9,0.7653,0.609,0.309
seed,6,7,2021-2023,-1,weighted,PI,random_forest,total,14,5,4,0.8,0.1667,0.5,1.0,0.8,0,GenHlth,,0.8683,0.7516,0.8226,0,1.0,0.8333,0.8571,0.9,0.8494,0.7584,0.4951
seed,6,8,2021-2023,-1,weighted,PI,random_forest,total,14,5,4,0.5,0.0,0.3333,0.75,0.8,1,"HighBP,HighChol",HeartDiseaseorAttack,0.5537,0.3791,0.5715,0,0.8,0.8333,0.7143,0.7,0.7376,0.6191,0.4134
seed,6,9,2021-2023,-1,weighted,PI,random_forest,total,14,5,6,0.8333,0.0,0.5,1.0,0.8333,0,,Education,0.7827,0.6591,0.7297,0,0.8,0.8333,0.7143,0.9,0.7905,0.6574,0.3626
seed,7,8,2021-2023,-1,weighted,PI,random_forest,total,14,4,4,0.3333,0.0,0.75,0.5,1.0,1,"HighBP,HighChol","GenHlth,HeartDiseaseorAttack",0.8107,0.6345,0.7655,0,0.8,1.0,0.8571,0.8,0.8824,0.8573,0.9182
seed,7,9,2021-2023,-1,weighted,PI,random_forest,total,14,4,6,0.6667,0.0,0.5556,1.0,0.6667,0,,"Education,GenHlth",0.7545,0.6012,0.7797,0,0.8,0.8333,0.7143,0.8,0.8707,0.8446,0.8621
seed,8,9,2021-2023,-1,weighted,PI,random_forest,total,14,4,6,0.4286,0.0,0.5556,0.75,0.6667,1,HeartDiseaseorAttack,"Education,HighBP,HighChol",0.5055,0.3546,0.5768,0,0.6,0.8333,0.7143,0.8,0.7865,0.7274,0.7823
seed,0,1,2021-2023,-1,weighted,PI,xgboost,diag,14,5,4,0.8,0.25,0.2857,1.0,0.8,0,HighBP,,0.6071,0.447,0.6785,0,1.0,0.8333,0.7143,0.7,0.8173,0.7313,0.4926
seed,0,2,2021-2023,-1,weighted,PI,xgboost,diag,14,5,5,1.0,0.1667,0.375,1.0,1.0,0,,,0.7125,0.5474,0.7449,0,1.0,0.8333,0.7143,0.8,0.8808,0.8695,0.9356
seed,0,3,2021-2023,-1,weighted,PI,xgboost,diag,14,5,5,1.0,0.2857,0.2857,1.0,1.0,0,,,0.6821,0.5364,0.7372,0,1.0,0.8333,0.8571,0.8,0.8735,0.833,0.8284
seed,0,4,2021-2023,-1,weighted,PI,xgboost,diag,14,5,5,1.0,0.1667,0.375,1.0,1.0,0,,,0.74,0.5571,0.7349,0,1.0,0.8333,0.7143,0.9,0.861,0.8197,0.8264
seed,0,5,2021-2023,-1,weighted,PI,xgboost,diag,14,5,5,1.0,0.2857,0.2857,1.0,1.0,0,,,0.6946,0.5008,0.6643,0,1.0,0.8333,0.7143,0.8,0.8119,0.7487,0.769
seed,0,6,2021-2023,-1,weighted,PI,xgboost,diag,14,5,5,1.0,0.3333,0.4286,1.0,1.0,0,,,0.8234,0.6928,0.852,0,1.0,0.8333,1.0,0.8,0.9261,0.9205,0.9545
seed,0,7,2021-2023,-1,weighted,PI,xgboost,diag,14,5,4,0.8,0.25,0.2857,1.0,0.8,0,HighBP,,0.6755,0.5304,0.7657,0,1.0,0.8333,0.7143,0.8,0.905,0.9003,0.9518
seed,0,8,2021-2023,-1,weighted,PI,xgboost,diag,14,5,5,1.0,0.2857,0.2857,1.0,1.0,0,,,0.6865,0.514,0.7596,0,1.0,0.8333,0.7143,0.8,0.903,0.9084,0.9771
seed,0,9,2021-2023,-1,weighted,PI,xgboost,diag,14,5,5,1.0,0.1667,0.375,1.0,1.0,0,,,0.8289,0.6936,0.7361,0,1.0,1.0,0.8571,0.9,0.7738,0.6248,0.3157
seed,1,2,2021-2023,-1,weighted,PI,xgboost,diag,14,4,5,0.8,0.4,0.7143,1.0,0.8,0,,HighBP,0.8512,0.6988,0.7477,0,1.0,0.8333,0.7143,0.9,0.8151,0.6942,0.4371
seed,1,3,2021-2023,-1,weighted,PI,xgboost,diag,14,4,5,0.8,0.125,0.25,1.0,0.8,0,,HighBP,0.7295,0.5682,0.6644,0,1.0,0.8333,0.7143,0.8,0.7572,0.6158,0.3261
seed,1,4,2021-2023,-1,weighted,PI,xgboost,diag,14,4,5,0.8,0.4,0.7143,1.0,0.8,0,,HighBP,0.875,0.74,0.7771,0,1.0,1.0,1.0,0.8,0.8065,0.6629,0.3328
seed,1,5,2021-2023,-1,weighted,PI,xgboost,diag,14,4,5,0.8,0.2857,0.4286,1.0,0.8,0,,HighBP,0.8331,0.6751,0.6664,0,1.0,0.8333,0.8571,0.8,0.7331,0.5672,0.2711
seed,1,6,2021-2023,-1,weighted,PI,xgboost,diag,14,4,5,0.8,0.1429,0.375,1.0,0.8,0,,HighBP,0.7162,0.5795,0.7262,0,1.0,0.8333,0.7143,0.7,0.8059,0.7001,0.4517
seed,1,7,2021-2023,-1,weighted,PI,xgboost,diag,14,4,4,1.0,0.4286,0.4286,1.0,1.0,0,,,0.926,0.7866,0.8182,0,1.0,0.8333,0.8571,0.9,0.8314,0.721,0.4536
seed,1,8,2021-2023,-1,weighted,PI,xgboost,diag,14,4,5,0.8,0.2857,0.4286,1.0,0.8,0,,HighBP,0.8758,0.75,0.8168,0,1.0,1.0,0.8571,0.8,0.8477,0.7469,0.4821
seed,1,9,2021-2023,-1,weighted,PI,xgboost,diag,14,4,5,0.8,0.1667,0.5,1.0,0.8,0,,HighBP,0.6406,0.4625,0.686,0,1.0,0.8333,0.7143,0.7,0.8367,0.7893,0.8106
seed,2,3,2021-2023,-1,weighted,PI,xgboost,diag,14,5,5,1.0,0.2,0.5,1.0,1.0,0,,,0.7654,0.6041,0.7158,0,1.0,0.8333,0.8571,0.9,0.8342,0.7666,0.7707
seed,2,4,2021-2023,-1,weighted,PI,xgboost,diag,14,5,5,1.0,0.0,0.5556,1.0,1.0,0,,,0.7569,0.6026,0.7564,0,1.0,0.8333,0.7143,0.7,0.8486,0.7997,0.8115
seed,2,5,2021-2023,-1,weighted,PI,xgboost,diag,14,5,5,1.0,0.2,0.5,1.0,1.0,0,,,0.7977,0.6667,0.8036,0,1.0,1.0,0.8571,0.8,0.8822,0.8412,0.8305
seed,2,6,2021-2023,-1,weighted,PI,xgboost,diag,14,5,5,1.0,0.0,0.4444,1.0,1.0,0,,,0.7202,0.5804,0.7727,0,1.0,0.8333,0.7143,0.7,0.8817,0.8693,0.9356
seed,2,7,2021-2023,-1,weighted,PI,xgboost,diag,14,5,4,0.8,0.1667,0.5,1.0,0.8,0,HighBP,,0.8528,0.7144,0.8401,0,1.0,1.0,0.8571,0.9,0.917,0.9011,0.9401
seed,2,8,2021-2023,-1,weighted,PI,xgboost,diag,14,5,5,1.0,0.0,0.3333,1.0,1.0,0,,,0.6886,0.533,0.7474,0,1.0,0.8333,0.7143,0.8,0.8973,0.8806,0.9362
seed,2,9,2021-2023,-1,weighted,PI,xgboost,diag,14,5,5,1.0,0.3333,0.75,1.0,1.0,0,,,0.816,0.6749,0.7249,0,1.0,0.8333,0.8571,0.8,0.7771,0.634,0.3281
seed,3,4,2021-2023,-1,weighted,PI,xgboost,diag,14,5,5,1.0,0.0,0.3333,1.0,1.0,0,,,0.6429,0.4856,0.7099,0,1.0,0.8333,0.7143,0.7,0.8501,0.8111,0.826
seed,3,5,2021-2023,-1,weighted,PI,xgboost,diag,14,5,5,1.0,0.3333,0.4286,1.0,1.0,0,,,0.6705,0.4619,0.6394,0,1.0,0.8333,0.7143,0.7,0.8367,0.7893,0.8106
seed,3,6,2021-2023,-1,weighted,PI,xgboost,diag,14,5,5,1.0,0.1667,0.375,1.0,1.0,0,,,0.8137,0.6591,0.7689,0,1.0,0.8333,0.8571,0.8,0.8755,0.8322,0.8279
seed,3,7,2021-2023,-1,weighted,PI,xgboost,diag,14,5,4,0.8,0.2857,0.4286,1.0,0.8,0,HighBP,,0.7116,0.5281,0.7006,0,1.0,0.8333,0.7143,0.8,0.8657,0.8237,0.8268
seed,3,8,2021-2023,-1,weighted,PI,xgboost,diag,14,5,5,1.0,0.3333,0.4286,1.0,1.0,0,,,0.765,0.5909,0.7391,0,1.0,0.8333,0.7143,0.8,0.8437,0.7939,0.8107
seed,3,9,2021-2023,-1,weighted,PI,xgboost,diag,14,5,5,1.0,0.2,0.5,1.0,1.0,0,,,0.7411,0.5781,0.598,0,1.0,0.8333,0.8571,0.8,0.7151,0.5299,0.1878
seed,4,5,2021-2023,-1,weighted,PI,xgboost,diag,14,5,5,1.0,0.2,0.5,1.0,1.0,0,,,0.8001,0.6508,0.7821,0,1.0,0.8333,0.8571,0.8,0.8633,0.8119,0.8128
seed,4,6,2021-2023,-1,weighted,PI,xgboost,diag,14,5,5,1.0,0.25,0.625,1.0,1.0,0,,,0.75,0.6128,0.7871,0,1.0,0.8333,0.7143,0.8,0.887,0.8617,0.8682
seed,4,7,2021-2023,-1,weighted,PI,xgboost,diag,14,5,4,0.8,0.1667,0.5,1.0,0.8,0,HighBP,,0.8143,0.6631,0.8261,0,1.0,0.8333,0.8571,0.8,0.9005,0.8757,0.87
seed,4,8,2021-2023,-1,weighted,PI,xgboost,diag,14,5,5,1.0,0.5,0.7143,1.0,1.0,0,,,0.779,0.6244,0.7757,0,1.0,1.0,0.8571,0.8,0.8699,0.8208,0.8154
seed,4,9,2021-2023,-1,weighted,PI,xgboost,diag,14,5,5,1.0,0.0,0.5556,1.0,1.0,0,,,0.6607,0.4706,0.5936,0,1.0,0.8333,0.7143,0.8,0.7628,0.6309,0.3521
seed,5,6,2021-2023,-1,weighted,PI,xgboost,diag,14,5,5,1.0,0.4,0.5714,1.0,1.0,0,,,0.6886,0.5212,0.693,0,1.0,0.8333,0.7143,0.8,0.8465,0.7972,0.8112
seed,5,7,2021-2023,-1,weighted,PI,xgboost,diag,14,5,4,0.8,0.8,1.0,1.0,0.8,0,HighBP,,0.9428,0.8316,0.8399,0,1.0,1.0,1.0,0.9,0.8862,0.836,0.817
seed,5,8,2021-2023,-1,weighted,PI,xgboost,diag,14,5,5,1.0,0.6,0.6667,1.0,1.0,0,,,0.797,0.6751,0.7694,0,1.0,0.8333,0.8571,0.9,0.8418,0.7737,0.7714
seed,5,9,2021-2023,-1,weighted,PI,xgboost,diag,14,5,5,1.0,0.0,0.3333,1.0,1.0,0,,,0.6728,0.4821,0.5593,0,1.0,0.8333,0.7143,0.8,0.7196,0.5409,0.2014
seed,6,7,2021-2023,-1,weighted,PI,xgboost,diag,14,5,4,0.8,0.3333,0.5714,1.0,0.8,0,HighBP,,0.7116,0.5731,0.8063,1,1.0,0.8333,0.7143,0.7,0.9341,0.9455,0.9938
seed,6,8,2021-2023,-1,weighted,PI,xgboost,diag,14,5,5,1.0,0.4,0.5714,1.0,1.0,0,,,0.8093,0.6818,0.8185,0,1.0,0.8333,0.7143,0.8,0.8947,0.8791,0.9362
seed,6,9,2021-2023,-1,weighted,PI,xgboost,diag,14,5,5,1.0,0.25,0.625,1.0,1.0,0,,,0.875,0.7284,0.7659,0,1.0,0.8333,0.8571,0.9,0.7989,0.6609,0.3548
seed,7,8,2021-2023,-1,weighted,PI,xgboost,diag,14,4,5,0.8,0.5,0.6667,1.0,0.8,0,,HighBP,0.8265,0.7079,0.8333,0,1.0,0.8333,0.8571,0.9,0.9088,0.892,0.9376
seed,7,9,2021-2023,-1,weighted,PI,xgboost,diag,14,4,5,0.8,0.0,0.3333,1.0,0.8,0,,HighBP,0.6652,0.4802,0.65,0,1.0,0.8333,0.7143,0.7,0.7649,0.6347,0.3527
seed,8,9,2021-2023,-1,weighted,PI,xgboost,diag,14,5,5,1.0,0.0,0.3333,1.0,1.0,0,,,0.6228,0.4394,0.5908,0,1.0,0.8333,0.7143,0.7,0.7319,0.5855,0.3104
seed,0,1,2021-2023,-1,weighted,PI,xgboost,lab,14,5,4,0.8,0.3333,0.375,1.0,0.8,0,Income,,0.7067,0.6096,0.7287,0,0.8,0.8333,0.7143,0.8,0.8006,0.6997,0.4714
seed,0,2,2021-2023,-1,weighted,PI,xgboost,lab,14,5,4,0.8,0.6,0.5714,1.0,0.8,0,Income,,0.8069,0.7352,0.8365,0,0.8,0.6667,0.8571,0.9,0.9176,0.9098,0.9705
seed,0,3,2021-2023,-1,weighted,PI,xgboost,lab,14,5,4,0.8,0.5,0.625,1.0,0.8,0,Income,,0.7101,0.6118,0.7595,0,0.8,0.8333,0.8571,0.8,0.8771,0.8382,0.8482
seed,0,4,2021-2023,-1,weighted,PI,xgboost,lab,14,5,4,0.8,0.5,0.6667,1.0,0.8,0,Income,,0.901,0.766,0.8481,0,0.8,0.8333,1.0,0.8,0.8902,0.8516,0.85
seed,0,5,2021-2023,-1,weighted,PI,xgboost,lab,14,5,4,0.8,0.6667,0.5,1.0,0.8,0,Income,,0.6797,0.5945,0.7455,0,0.8,0.8333,0.7143,0.9,0.8734,0.8333,0.8472
seed,0,6,2021-2023,-1,weighted,PI,xgboost,lab,14,5,6,0.5714,0.25,0.7143,0.8,0.8333,1,Income,"HighBP,Sex",0.7414,0.6345,0.7379,0,0.8,0.8333,0.8571,0.8,0.8345,0.7713,0.791
seed,0,7,2021-2023,-1,weighted,PI,xgboost,lab,14,5,4,0.8,0.75,0.7143,1.0,0.8,0,Income,,0.9099,0.8118,0.8815,0,0.8,0.8333,0.8571,1.0,0.9325,0.9262,0.9736
seed,0,8,2021-2023,-1,weighted,PI,xgboost,lab,14,5,3,0.6,0.5,0.8333,1.0,0.6,0,"HighChol,Income",,0.9589,0.8804,0.9226,0,0.8,0.8333,0.8571,1.0,0.9512,0.9396,0.9744
seed,0,9,2021-2023,-1,weighted,PI,xgboost,lab,14,5,4,0.8,0.2857,0.4286,1.0,0.8,0,Income,,0.7998,0.6403,0.7922,0,1.0,0.8333,0.7143,0.8,0.8747,0.8426,0.8533
seed,1,2,2021-2023,-1,weighted,PI,xgboost,lab,14,4,4,1.0,0.3333,0.5,1.0,1.0,0,,,0.758,0.6882,0.7751,0,0.8,0.6667,0.7143,0.9,0.8208,0.7228,0.4847
seed,1,3,2021-2023,-1,weighted,PI,xgboost,lab,14,4,4,1.0,0.2,0.5556,1.0,1.0,0,,,0.7575,0.6345,0.7157,0,0.8,0.8333,0.7143,0.9,0.7964,0.6627,0.363
seed,1,4,2021-2023,-1,weighted,PI,xgboost,lab,14,4,4,1.0,0.2857,0.375,1.0,1.0,0,,,0.7134,0.5683,0.7008,0,1.0,0.8333,0.7143,0.7,0.7783,0.6565,0.3681
seed,1,5,2021-2023,-1,weighted,PI,xgboost,lab,14,4,4,1.0,0.6667,0.6667,1.0,1.0,0,,,0.9046,0.7738,0.7922,0,1.0,0.8333,0.8571,0.9,0.8171,0.6865,0.3704
seed,1,6,2021-2023,-1,weighted,PI,xgboost,lab,14,4,6,0.6667,0.25,0.625,1.0,0.6667,0,,"HighBP,Sex",0.6881,0.5921,0.6388,0,0.8,0.8333,0.8571,0.9,0.748,0.5929,0.3062
seed,1,7,2021-2023,-1,weighted,PI,xgboost,lab,14,4,4,1.0,0.4,0.625,1.0,1.0,0,,,0.7889,0.665,0.7772,0,0.8,0.8333,0.8571,0.8,0.8324,0.7393,0.4888
seed,1,8,2021-2023,-1,weighted,PI,xgboost,lab,14,4,3,0.75,0.2857,0.5,1.0,0.75,0,HighChol,,0.7156,0.5683,0.7134,0,0.8,0.6667,0.8571,0.8,0.7984,0.6963,0.4699
seed,1,9,2021-2023,-1,weighted,PI,xgboost,lab,14,4,4,1.0,0.2857,0.375,1.0,1.0,0,,,0.6779,0.532,0.6565,0,0.8,0.6667,0.7143,0.8,0.759,0.6301,0.3589
seed,2,3,2021-2023,-1,weighted,PI,xgboost,lab,14,4,4,1.0,0.5,0.75,1.0,1.0,0,,,0.8296,0.7231,0.8413,0,1.0,0.8333,0.8571,0.9,0.9064,0.8776,0.8697
seed,2,4,2021-2023,-1,weighted,PI,xgboost,lab,14,4,4,1.0,0.2857,0.375,1.0,1.0,0,,,0.7853,0.6442,0.7977,0,0.8,0.8333,0.8571,0.7,0.8802,0.8528,0.8632
seed,2,5,2021-2023,-1,weighted,PI,xgboost,lab,14,4,4,1.0,0.6667,0.6667,1.0,1.0,0,,,0.8258,0.691,0.8058,0,0.8,0.6667,0.7143,0.9,0.8806,0.8465,0.86
seed,2,6,2021-2023,-1,weighted,PI,xgboost,lab,14,4,6,0.6667,0.0,0.625,1.0,0.6667,0,,"HighBP,Sex",0.8212,0.7137,0.8035,0,1.0,0.8333,0.8571,0.9,0.8686,0.8145,0.8127
seed,2,7,2021-2023,-1,weighted,PI,xgboost,lab,14,4,4,1.0,0.4,0.625,1.0,1.0,0,,,0.9203,0.8316,0.9185,1,1.0,0.8333,0.8571,0.9,0.96,0.9655,0.9954
seed,2,8,2021-2023,-1,weighted,PI,xgboost,lab,14,4,3,0.75,0.2857,0.5,1.0,0.75,0,HighChol,,0.7673,0.6676,0.7971,0,0.6,0.5,0.7143,0.9,0.887,0.875,0.9605
seed,2,9,2021-2023,-1,weighted,PI,xgboost,lab,14,4,4,1.0,0.125,0.2222,1.0,1.0,0,,,0.5963,0.4685,0.7003,0,0.8,0.6667,0.5714,0.7,0.8418,0.8165,0.8576
seed,3,4,2021-2023,-1,weighted,PI,xgboost,lab,14,4,4,1.0,0.4,0.625,1.0,1.0,0,,,0.7342,0.5717,0.8131,0,0.8,1.0,0.8571,0.7,0.9352,0.9456,0.9912
seed,3,5,2021-2023,-1,weighted,PI,xgboost,lab,14,4,4,1.0,0.3333,0.5,1.0,1.0,0,,,0.9322,0.8346,0.9149,0,0.8,0.8333,0.8571,0.9,0.9582,0.9574,0.9897
seed,3,6,2021-2023,-1,weighted,PI,xgboost,lab,14,4,6,0.6667,0.0,0.875,1.0,0.6667,0,,"HighBP,Sex",0.8639,0.759,0.8671,0,1.0,1.0,0.8571,0.8,0.9149,0.9008,0.9404
seed,3,7,2021-2023,-1,weighted,PI,xgboost,lab,14,4,4,1.0,0.6667,0.875,1.0,1.0,0,,,0.7765,0.6403,0.82,0,1.0,1.0,0.8571,0.8,0.9104,0.8866,0.8726
seed,3,8,2021-2023,-1,weighted,PI,xgboost,lab,14,4,3,0.75,0.4,0.75,1.0,0.75,0,HighChol,,0.6908,0.5488,0.7229,0,0.6,0.6667,0.7143,0.8,0.8466,0.8034,0.8383
seed,3,9,2021-2023,-1,weighted,PI,xgboost,lab,14,4,4,1.0,0.1667,0.4444,1.0,1.0,0,,,0.6563,0.5259,0.7617,0,0.8,0.6667,0.5714,0.8,0.9014,0.9082,0.9834
seed,4,5,2021-2023,-1,weighted,PI,xgboost,lab,14,4,4,1.0,0.375,0.2857,1.0,1.0,0,,,0.6872,0.5444,0.7943,1,1.0,0.8333,0.7143,0.7,0.9309,0.9436,0.9938
seed,4,6,2021-2023,-1,weighted,PI,xgboost,lab,14,4,6,0.6667,0.2,0.7143,1.0,0.6667,0,,"HighBP,Sex",0.8863,0.7738,0.8632,0,0.8,1.0,0.8571,0.8,0.9028,0.8854,0.9342
seed,4,7,2021-2023,-1,weighted,PI,xgboost,lab,14,4,4,1.0,0.6,0.7143,1.0,1.0,0,,,0.9295,0.8,0.8731,0,0.8,1.0,0.8571,0.8,0.9126,0.8798,0.8667
seed,4,8,2021-2023,-1,weighted,PI,xgboost,lab,14,4,3,0.75,0.6667,0.8333,1.0,0.75,0,HighChol,,0.8579,0.6778,0.8032,0,0.8,0.6667,0.8571,0.8,0.8727,0.8332,0.8463
seed,4,9,2021-2023,-1,weighted,PI,xgboost,lab,14,4,4,1.0,0.4286,0.4286,1.0,1.0,0,,,0.8293,0.7,0.8413,0,0.8,0.6667,0.7143,0.9,0.9246,0.927,0.9852
seed,5,6,2021-2023,-1,weighted,PI,xgboost,lab,14,4,6,0.6667,0.1667,0.5714,1.0,0.6667,0,,"HighBP,Sex",0.8061,0.6771,0.8117,0,0.8,0.8333,0.8571,0.8,0.8968,0.8773,0.9317
seed,5,7,2021-2023,-1,weighted,PI,xgboost,lab,14,4,4,1.0,0.5,0.5714,1.0,1.0,0,,,0.7819,0.6556,0.8056,0,0.8,0.8333,0.8571,0.9,0.8961,0.8657,0.8641
seed,5,8,2021-2023,-1,weighted,PI,xgboost,lab,14,4,3,0.75,0.375,0.4286,1.0,0.75,0,HighChol,,0.6839,0.5889,0.7431,0,0.8,0.6667,0.8571,0.9,0.8712,0.8299,0.8457
seed,5,9,2021-2023,-1,weighted,PI,xgboost,lab,14,4,4,1.0,0.375,0.2857,1.0,1.0,0,,,0.6542,0.5222,0.7495,0,0.8,0.6667,0.7143,0.8,0.909,0.9157,0.9846
seed,6,7,2021-2023,-1,weighted,PI,xgboost,lab,14,6,4,0.6667,0.3333,1.0,1.0,0.6667,0,"HighBP,Sex",,0.8863,0.7738,0.8398,0,1.0,1.0,1.0,0.8,0.8833,0.833,0.8167
seed,6,8,2021-2023,-1,weighted,PI,xgboost,lab,14,6,3,0.5,0.2,0.8571,1.0,0.5,0,"HighBP,HighChol,Sex",,0.7214,0.5804,0.7018,0,0.6,0.6667,0.8571,0.8,0.8116,0.744,0.7821
seed,6,9,2021-2023,-1,weighted,PI,xgboost,lab,14,6,4,0.6667,0.2,0.5,1.0,0.6667,0,"HighBP,Sex",,0.7809,0.6529,0.7847,0,0.8,0.6667,0.7143,0.8,0.8729,0.8546,0.9278
seed,7,8,2021-2023,-1,weighted,PI,xgboost,lab,14,4,3,0.75,0.6,0.8571,1.0,0.75,0,HighChol,,0.8822,0.7444,0.8422,0,0.6,0.6667,0.8571,1.0,0.9095,0.8989,0.9648
seed,7,9,2021-2023,-1,weighted,PI,xgboost,lab,14,4,4,1.0,0.3333,0.5,1.0,1.0,0,,,0.7764,0.6333,0.7805,0,0.8,0.6667,0.7143,0.8,0.8698,0.839,0.8596
seed,8,9,2021-2023,-1,weighted,PI,xgboost,lab,14,3,4,0.75,0.4286,0.5714,1.0,0.75,0,,HighChol,0.7313,0.5667,0.7366,0,0.8,0.8333,0.8571,0.8,0.8692,0.8337,0.8481
seed,0,1,2021-2023,-1,weighted,PI,xgboost,total,14,5,4,0.8,0.2,0.625,1.0,0.8,0,HighBP,,0.8725,0.7497,0.8021,0,1.0,0.8333,0.7143,0.9,0.8244,0.7144,0.4526
seed,0,2,2021-2023,-1,weighted,PI,xgboost,total,14,5,5,1.0,0.2,0.5,1.0,1.0,0,,,0.7881,0.6974,0.8503,0,1.0,0.8333,0.7143,0.8,0.9217,0.9218,0.9779
seed,0,3,2021-2023,-1,weighted,PI,xgboost,total,14,5,4,0.8,0.2,0.625,1.0,0.8,0,HighBP,,0.7996,0.6848,0.8413,0,1.0,0.8333,0.8571,0.9,0.9212,0.913,0.953
seed,0,4,2021-2023,-1,weighted,PI,xgboost,total,14,5,5,1.0,0.5,0.7143,1.0,1.0,0,,,0.8961,0.8315,0.9267,1,1.0,1.0,0.8571,0.8,0.9681,0.9748,0.9979
seed,0,5,2021-2023,-1,weighted,PI,xgboost,total,14,5,5,1.0,0.4,0.5714,1.0,1.0,0,,,0.8385,0.759,0.8878,1,1.0,0.8333,0.8571,0.9,0.9679,0.9699,0.9955
seed,0,6,2021-2023,-1,weighted,PI,xgboost,total,14,5,5,1.0,0.2,0.5,1.0,1.0,0,,,0.7363,0.6167,0.812,0,1.0,0.8333,0.8571,0.8,0.9271,0.9282,0.979
seed,0,7,2021-2023,-1,weighted,PI,xgboost,total,14,5,4,0.8,0.5,0.8571,1.0,0.8,0,HighBP,,0.861,0.7902,0.9006,1,1.0,0.8333,0.8571,0.9,0.9552,0.9618,0.9952
seed,0,8,2021-2023,-1,weighted,PI,xgboost,total,14,5,5,1.0,0.5,0.7143,1.0,1.0,0,,,0.8496,0.7255,0.83,0,1.0,0.8333,0.8571,0.8,0.9099,0.8936,0.938
seed,0,9,2021-2023,-1,weighted,PI,xgboost,total,14,5,5,1.0,0.4,0.5714,1.0,1.0,0,,,0.8427,0.7497,0.821,0,1.0,0.8333,0.8571,0.8,0.8523,0.7586,0.4948
seed,1,2,2021-2023,-1,weighted,PI,xgboost,total,14,4,5,0.8,0.2,0.625,1.0,0.8,0,,HighBP,0.7614,0.5925,0.7318,0,1.0,1.0,0.8571,0.7,0.8051,0.6929,0.4398
seed,1,3,2021-2023,-1,weighted,PI,xgboost,total,14,4,4,1.0,0.5,0.75,1.0,1.0,0,,,0.8199,0.6967,0.7879,0,1.0,0.8333,0.8571,0.9,0.854,0.759,0.4947
seed,1,4,2021-2023,-1,weighted,PI,xgboost,total,14,4,5,0.8,0.2,0.625,1.0,0.8,0,,HighBP,0.8442,0.7079,0.7838,0,1.0,0.8333,0.8571,0.8,0.8265,0.7175,0.4534
seed,1,5,2021-2023,-1,weighted,PI,xgboost,total,14,4,5,0.8,0.4,0.7143,1.0,0.8,0,,HighBP,0.8421,0.7089,0.7968,0,1.0,1.0,0.8571,0.8,0.8332,0.7264,0.456
seed,1,6,2021-2023,-1,weighted,PI,xgboost,total,14,4,5,0.8,0.2,0.625,1.0,0.8,0,,HighBP,0.7709,0.5889,0.7241,0,1.0,0.8333,0.8571,0.9,0.7982,0.6849,0.4373
seed,1,7,2021-2023,-1,weighted,PI,xgboost,total,14,4,4,1.0,0.5,0.75,1.0,1.0,0,,,0.7628,0.609,0.7522,0,1.0,1.0,0.8571,0.8,0.8144,0.713,0.4552
seed,1,8,2021-2023,-1,weighted,PI,xgboost,total,14,4,5,0.8,0.2,0.625,1.0,0.8,0,,HighBP,0.9119,0.8,0.8089,0,1.0,0.8333,0.8571,0.9,0.8227,0.7017,0.4382
seed,1,9,2021-2023,-1,weighted,PI,xgboost,total,14,4,5,0.8,0.1667,0.5,1.0,0.8,0,,HighBP,0.8425,0.7222,0.8553,0,1.0,0.8333,0.8571,0.8,0.9265,0.9175,0.9534
seed,2,3,2021-2023,-1,weighted,PI,xgboost,total,14,5,4,0.8,0.0,0.4444,1.0,0.8,0,HighBP,,0.602,0.428,0.7127,0,1.0,0.8333,0.7143,0.7,0.8769,0.8655,0.9354
seed,2,4,2021-2023,-1,weighted,PI,xgboost,total,14,5,5,1.0,0.0,0.3333,1.0,1.0,0,,,0.7559,0.6114,0.8016,0,1.0,0.8333,0.7143,0.8,0.9157,0.9166,0.9774
seed,2,5,2021-2023,-1,weighted,PI,xgboost,total,14,5,5,1.0,0.1667,0.375,1.0,1.0,0,,,0.8316,0.7341,0.8734,0,1.0,1.0,0.8571,0.9,0.943,0.9429,0.9817
seed,2,6,2021-2023,-1,weighted,PI,xgboost,total,14,5,5,1.0,0.2,0.5,1.0,1.0,0,,,0.7523,0.6408,0.8342,1,1.0,0.8333,0.7143,0.8,0.932,0.943,0.9934
seed,2,7,2021-2023,-1,weighted,PI,xgboost,total,14,5,4,0.8,0.2,0.625,1.0,0.8,0,HighBP,,0.8071,0.701,0.8616,0,1.0,1.0,0.8571,0.8,0.9264,0.932,0.9813
seed,2,8,2021-2023,-1,weighted,PI,xgboost,total,14,5,5,1.0,0.0,0.3333,1.0,1.0,0,,,0.6561,0.4957,0.7386,0,1.0,0.8333,0.7143,0.7,0.8769,0.8655,0.9354
seed,2,9,2021-2023,-1,weighted,PI,xgboost,total,14,5,5,1.0,0.1667,0.375,1.0,1.0,0,,,0.7649,0.6046,0.7358,0,1.0,0.8333,0.7143,0.8,0.8217,0.7218,0.4779
seed,3,4,2021-2023,-1,weighted,PI,xgboost,total,14,4,5,0.8,0.5,0.8571,1.0,0.8,0,,HighBP,0.8226,0.6932,0.842,0,1.0,0.8333,0.8571,0.8,0.9233,0.9155,0.9534
seed,3,5,2021-2023,-1,weighted,PI,xgboost,total,14,4,5,0.8,0.4,0.7143,1.0,0.8,0,,HighBP,0.7969,0.6937,0.8459,0,1.0,0.8333,0.8571,0.8,0.9281,0.9192,0.9536
seed,3,6,2021-2023,-1,weighted,PI,xgboost,total,14,4,5,0.8,0.5,0.8571,1.0,0.8,0,,HighBP,0.853,0.7079,0.8472,0,1.0,0.8333,1.0,0.8,0.9127,0.8986,0.9391
seed,3,7,2021-2023,-1,weighted,PI,xgboost,total,14,4,4,1.0,0.5,0.75,1.0,1.0,0,,,0.7202,0.5922,0.8001,0,1.0,0.8333,0.8571,0.8,0.9094,0.9058,0.9528
seed,3,8,2021-2023,-1,weighted,PI,xgboost,total,14,4,5,0.8,0.5,0.8571,1.0,0.8,0,,HighBP,0.9216,0.809,0.8792,0,1.0,0.8333,0.8571,0.9,0.9195,0.8997,0.9381
seed,3,9,2021-2023,-1,weighted,PI,xgboost,total,14,4,5,0.8,0.4,0.7143,1.0,0.8,0,,HighBP,0.8133,0.663,0.7686,0,1.0,0.8333,0.8571,0.8,0.8173,0.7103,0.4529
seed,4,5,2021-2023,-1,weighted,PI,xgboost,total,14,5,5,1.0,0.4,0.5714,1.0,1.0,0,,,0.7813,0.6591,0.8358,1,1.0,0.8333,0.7143,0.8,0.9459,0.9526,0.994
seed,4,6,2021-2023,-1,weighted,PI,xgboost,total,14,5,5,1.0,0.5,0.7143,1.0,1.0,0,,,0.7646,0.663,0.8398,0,1.0,0.8333,0.8571,0.8,0.9273,0.9301,0.9794
seed,4,7,2021-2023,-1,weighted,PI,xgboost,total,14,5,4,0.8,0.2,0.625,1.0,0.8,0,HighBP,,0.6796,0.5685,0.8031,1,1.0,0.8333,0.7143,0.7,0.9259,0.938,0.9931
seed,4,8,2021-2023,-1,weighted,PI,xgboost,total,14,5,5,1.0,1.0,1.0,1.0,1.0,0,,,0.9105,0.7753,0.8586,0,1.0,0.8333,1.0,0.9,0.9305,0.911,0.9397
seed,4,9,2021-2023,-1,weighted,PI,xgboost,total,14,5,5,1.0,0.75,0.8333,1.0,1.0,0,,,0.9834,0.9214,0.8988,0,1.0,0.8333,1.0,1.0,0.8842,0.7838,0.4969
seed,5,6,2021-2023,-1,weighted,PI,xgboost,total,14,5,5,1.0,0.4,0.5714,1.0,1.0,0,,,0.901,0.7889,0.8848,0,1.0,0.8333,0.8571,0.9,0.937,0.9362,0.9796
seed,5,7,2021-2023,-1,weighted,PI,xgboost,total,14,5,4,0.8,0.4,0.7143,1.0,0.8,0,HighBP,,0.9069,0.8436,0.935,1,1.0,1.0,1.0,0.9,0.9774,0.9839,0.9991
seed,5,8,2021-2023,-1,weighted,PI,xgboost,total,14,5,5,1.0,0.4,0.5714,1.0,1.0,0,,,0.7575,0.5945,0.7692,0,1.0,0.8333,0.7143,0.7,0.8936,0.8797,0.9365
seed,5,9,2021-2023,-1,weighted,PI,xgboost,total,14,5,5,1.0,0.3333,0.4286,1.0,1.0,0,,,0.7854,0.6517,0.7715,0,1.0,0.8333,0.7143,0.8,0.8399,0.7474,0.4935
seed,6,7,2021-2023,-1,weighted,PI,xgboost,total,14,5,4,0.8,0.2,0.625,1.0,0.8,0,HighBP,,0.7673,0.6442,0.8212,0,1.0,0.8333,0.8571,0.8,0.9245,0.9256,0.9788
seed,6,8,2021-2023,-1,weighted,PI,xgboost,total,14,5,5,1.0,0.5,0.7143,1.0,1.0,0,,,0.7885,0.6556,0.8237,0,1.0,1.0,0.8571,0.8,0.9149,0.9021,0.9406
seed,6,9,2021-2023,-1,weighted,PI,xgboost,total,14,5,5,1.0,0.4,0.5714,1.0,1.0,0,,,0.7599,0.6333,0.7694,0,1.0,1.0,0.8571,0.8,0.8312,0.7358,0.4815
seed,7,8,2021-2023,-1,weighted,PI,xgboost,total,14,4,5,0.8,0.2,0.625,1.0,0.8,0,,HighBP,0.6638,0.4919,0.7227,0,1.0,0.8333,0.7143,0.7,0.8749,0.8663,0.9358
seed,7,9,2021-2023,-1,weighted,PI,xgboost,total,14,4,5,0.8,0.1667,0.5,1.0,0.8,0,,HighBP,0.6548,0.5153,0.7143,0,1.0,0.8333,0.7143,0.7,0.8199,0.7327,0.4926
seed,8,9,2021-2023,-1,weighted,PI,xgboost,total,14,5,5,1.0,0.75,0.8333,1.0,1.0,0,,,0.8954,0.7444,0.7872,0,1.0,1.0,1.0,0.9,0.8344,0.7167,0.4418
seed,0,1,2021-2023,-1,weighted,SHAP,logistic_regression,diag,14,6,5,0.8333,0.1667,0.4286,1.0,0.8333,0,Education,,0.8681,0.7143,0.7784,0,1.0,1.0,0.8571,0.8,0.8121,0.6975,0.4399
seed,0,2,2021-2023,-1,weighted,SHAP,logistic_regression,diag,14,6,7,0.8571,0.2,0.5,1.0,0.8571,0,,Sex,0.8505,0.6923,0.8109,0,1.0,0.8333,0.8571,0.8,0.8783,0.8355,0.8284
seed,0,3,2021-2023,-1,weighted,SHAP,logistic_regression,diag,14,6,5,0.8333,0.4,0.6667,1.0,0.8333,0,Education,,0.9121,0.8242,0.9234,1,1.0,1.0,0.8571,0.8,0.9649,0.9728,0.9979
seed,0,4,2021-2023,-1,weighted,SHAP,logistic_regression,diag,14,6,5,0.8333,0.3333,0.5,1.0,0.8333,0,Education,,0.8989,0.7802,0.9104,1,1.0,1.0,0.8571,0.8,0.9687,0.977,0.9984
seed,0,5,2021-2023,-1,weighted,SHAP,logistic_regression,diag,14,6,5,0.8333,0.2,0.5714,1.0,0.8333,0,Education,,0.8022,0.6703,0.7968,0,1.0,1.0,0.8571,0.7,0.8541,0.7654,0.4976
seed,0,6,2021-2023,-1,weighted,SHAP,logistic_regression,diag,14,6,6,1.0,0.4,0.5,1.0,1.0,0,,,0.8418,0.7143,0.8806,1,1.0,1.0,0.8571,0.8,0.9554,0.9666,0.9976
seed,0,7,2021-2023,-1,weighted,SHAP,logistic_regression,diag,14,6,5,0.8333,0.75,1.0,1.0,0.8333,0,Education,,0.978,0.8901,0.8721,0,1.0,1.0,0.8571,0.9,0.8589,0.7457,0.4571
seed,0,8,2021-2023,-1,weighted,SHAP,logistic_regression,diag,14,6,5,0.8333,0.2,0.5714,1.0,0.8333,0,Education,,0.9253,0.8022,0.8946,0,1.0,1.0,0.8571,0.9,0.945,0.9348,0.9563
seed,0,9,2021-2023,-1,weighted,SHAP,logistic_regression,diag,14,6,5,0.8333,0.25,0.7143,1.0,0.8333,0,Education,,0.8418,0.7363,0.8569,0,1.0,1.0,0.8571,0.7,0.9091,0.8854,0.8726
seed,1,2,2021-2023,-1,weighted,SHAP,logistic_regression,diag,14,5,7,0.7143,0.1667,0.2857,1.0,0.7143,0,,"Education,Sex",0.8418,0.6703,0.732,0,1.0,0.8333,0.8571,0.8,0.7869,0.6507,0.354
seed,1,3,2021-2023,-1,weighted,SHAP,logistic_regression,diag,14,5,5,1.0,0.3333,0.4286,1.0,1.0,0,,,0.8945,0.7582,0.7949,0,1.0,1.0,0.8571,0.9,0.8246,0.7069,0.4405
seed,1,4,2021-2023,-1,weighted,SHAP,logistic_regression,diag,14,5,5,1.0,0.2857,0.2857,1.0,1.0,0,,,0.811,0.6703,0.7595,0,1.0,1.0,0.8571,0.8,0.81,0.6965,0.4399
seed,1,5,2021-2023,-1,weighted,SHAP,logistic_regression,diag,14,5,5,1.0,0.4,0.5714,1.0,1.0,0,,,0.8857,0.7363,0.8515,0,1.0,1.0,0.8571,0.9,0.9198,0.9044,0.9405
seed,1,6,2021-2023,-1,weighted,SHAP,logistic_regression,diag,14,5,6,0.8333,0.1429,0.2857,1.0,0.8333,0,,Education,0.8242,0.6484,0.751,0,1.0,1.0,0.8571,0.8,0.81,0.6965,0.4399
seed,1,7,2021-2023,-1,weighted,SHAP,logistic_regression,diag,14,5,5,1.0,0.3333,0.4286,1.0,1.0,0,,,0.8945,0.7802,0.8899,0,1.0,1.0,0.8571,0.9,0.943,0.9429,0.9817
seed,1,8,2021-2023,-1,weighted,SHAP,logistic_regression,diag,14,5,5,1.0,0.4,0.5714,1.0,1.0,0,,,0.9385,0.8242,0.8442,0,1.0,1.0,0.8571,0.9,0.8564,0.7533,0.4824
seed,1,9,2021-2023,-1,weighted,SHAP,logistic_regression,diag,14,5,5,1.0,0.2,0.5,1.0,1.0,0,,,0.8769,0.7143,0.7367,0,1.0,1.0,0.8571,0.9,0.7822,0.6296,0.3157
seed,2,3,2021-2023,-1,weighted,SHAP,logistic_regression,diag,14,7,5,0.7143,0.4,0.8,1.0,0.7143,0,"Education,Sex",,0.956,0.8681,0.8859,0,1.0,0.8333,1.0,0.9,0.9035,0.8548,0.8299
seed,2,4,2021-2023,-1,weighted,SHAP,logistic_regression,diag,14,7,5,0.7143,0.6,1.0,1.0,0.7143,0,"Education,Sex",,0.9516,0.8242,0.8699,0,1.0,0.8333,1.0,1.0,0.9026,0.855,0.83
seed,2,5,2021-2023,-1,weighted,SHAP,logistic_regression,diag,14,7,5,0.7143,0.2,0.6667,1.0,0.7143,0,"Education,Sex",,0.9253,0.8022,0.7942,0,1.0,0.8333,1.0,0.9,0.8003,0.654,0.3301
seed,2,6,2021-2023,-1,weighted,SHAP,logistic_regression,diag,14,7,6,0.8571,0.4,0.6,1.0,0.8571,0,Sex,,0.9253,0.8022,0.8646,0,1.0,0.8333,1.0,0.9,0.9015,0.8556,0.8303
seed,2,7,2021-2023,-1,weighted,SHAP,logistic_regression,diag,14,7,5,0.7143,0.1667,0.5,1.0,0.7143,0,"Education,Sex",,0.8989,0.7582,0.792,0,1.0,0.8333,1.0,0.9,0.8168,0.6884,0.3713
seed,2,8,2021-2023,-1,weighted,SHAP,logistic_regression,diag,14,7,5,0.7143,0.2,0.6667,1.0,0.7143,0,"Education,Sex",,0.9473,0.8462,0.8976,0,1.0,0.8333,1.0,0.9,0.9274,0.8955,0.8715
seed,2,9,2021-2023,-1,weighted,SHAP,logistic_regression,diag,14,7,5,0.7143,0.0,0.5714,1.0,0.7143,0,"Education,Sex",,0.9516,0.8242,0.8455,0,1.0,0.8333,1.0,0.9,0.9014,0.8537,0.8299
seed,3,4,2021-2023,-1,weighted,SHAP,logistic_regression,diag,14,5,5,1.0,0.8,0.8,1.0,1.0,0,,,0.978,0.9121,0.9652,1,1.0,1.0,1.0,0.9,0.9854,0.9896,0.9994
seed,3,5,2021-2023,-1,weighted,SHAP,logistic_regression,diag,14,5,5,1.0,0.75,0.8333,1.0,1.0,0,,,0.9253,0.8462,0.877,0,1.0,1.0,1.0,0.9,0.8834,0.7891,0.4996
seed,3,6,2021-2023,-1,weighted,SHAP,logistic_regression,diag,14,5,6,0.8333,0.3333,0.5,1.0,0.8333,0,,Education,0.9077,0.8022,0.9159,1,1.0,1.0,1.0,0.9,0.9726,0.9802,0.9989
seed,3,7,2021-2023,-1,weighted,SHAP,logistic_regression,diag,14,5,5,1.0,0.6,0.6667,1.0,1.0,0,,,0.9297,0.8022,0.8385,0,1.0,1.0,1.0,0.9,0.8494,0.7403,0.4574
seed,3,8,2021-2023,-1,weighted,SHAP,logistic_regression,diag,14,5,5,1.0,0.75,0.8333,1.0,1.0,0,,,0.9648,0.8901,0.9363,0,1.0,1.0,1.0,0.9,0.9612,0.949,0.958
seed,3,9,2021-2023,-1,weighted,SHAP,logistic_regression,diag,14,5,5,1.0,0.5,0.7143,1.0,1.0,0,,,0.978,0.9121,0.9345,0,1.0,1.0,1.0,0.9,0.9442,0.9125,0.8747
seed,4,5,2021-2023,-1,weighted,SHAP,logistic_regression,diag,14,5,5,1.0,0.6,0.6667,1.0,1.0,0,,,0.8901,0.8022,0.8594,0,1.0,1.0,1.0,0.9,0.8774,0.7839,0.4991
seed,4,6,2021-2023,-1,weighted,SHAP,logistic_regression,diag,14,5,6,0.8333,0.5,0.6,1.0,0.8333,0,,Education,0.9077,0.8022,0.9211,1,1.0,1.0,1.0,0.9,0.97,0.9787,0.9989
seed,4,7,2021-2023,-1,weighted,SHAP,logistic_regression,diag,14,5,5,1.0,0.5,0.5,1.0,1.0,0,,,0.9121,0.8022,0.8424,0,1.0,1.0,1.0,0.9,0.8532,0.7445,0.4579
seed,4,8,2021-2023,-1,weighted,SHAP,logistic_regression,diag,14,5,5,1.0,0.6,0.6667,1.0,1.0,0,,,0.9209,0.8462,0.9186,0,1.0,1.0,1.0,0.9,0.9504,0.9412,0.9575
seed,4,9,2021-2023,-1,weighted,SHAP,logistic_regression,diag,14,5,5,1.0,0.4,0.5714,1.0,1.0,0,,,0.9473,0.8242,0.8987,0,1.0,1.0,1.0,0.9,0.9356,0.9059,0.8742
seed,5,6,2021-2023,-1,weighted,SHAP,logistic_regression,diag,14,5,6,0.8333,0.1667,0.4286,1.0,0.8333,0,,Education,0.8901,0.7802,0.851,0,1.0,1.0,1.0,0.9,0.8748,0.7825,0.4991
seed,5,7,2021-2023,-1,weighted,SHAP,logistic_regression,diag,14,5,5,1.0,0.4,0.5714,1.0,1.0,0,,,0.8549,0.7363,0.8725,0,1.0,1.0,1.0,0.8,0.9386,0.9329,0.9571
seed,5,8,2021-2023,-1,weighted,SHAP,logistic_regression,diag,14,5,5,1.0,1.0,1.0,1.0,1.0,0,,,0.9253,0.8242,0.8501,0,1.0,1.0,1.0,0.8,0.8525,0.7438,0.4578
seed,5,9,2021-2023,-1,weighted,SHAP,logistic_regression,diag,14,5,5,1.0,0.6667,0.8571,1.0,1.0,0,,,0.9516,0.8462,0.8415,0,1.0,1.0,1.0,1.0,0.8423,0.7118,0.3747
seed,6,7,2021-2023,-1,weighted,SHAP,logistic_regression,diag,14,6,5,0.8333,0.3333,0.5,1.0,0.8333,0,Education,,0.8549,0.7363,0.8123,0,1.0,1.0,1.0,0.8,0.836,0.7314,0.4571
seed,6,8,2021-2023,-1,weighted,SHAP,logistic_regression,diag,14,6,5,0.8333,0.1667,0.4286,1.0,0.8333,0,Education,,0.8813,0.7363,0.8705,0,1.0,1.0,1.0,0.8,0.9417,0.9348,0.9571
seed,6,9,2021-2023,-1,weighted,SHAP,logistic_regression,diag,14,6,5,0.8333,0.2,0.5714,1.0,0.8333,0,Education,,0.9253,0.8462,0.9031,0,1.0,1.0,1.0,0.9,0.9346,0.905,0.8741
seed,7,8,2021-2023,-1,weighted,SHAP,logistic_regression,diag,14,5,5,1.0,0.4,0.5714,1.0,1.0,0,,,0.9648,0.8681,0.8814,0,1.0,1.0,1.0,1.0,0.8835,0.7876,0.4992
seed,7,9,2021-2023,-1,weighted,SHAP,logistic_regression,diag,14,5,5,1.0,0.5,0.7143,1.0,1.0,0,,,0.8637,0.7143,0.7622,0,1.0,1.0,1.0,0.8,0.7936,0.6529,0.3321
seed,8,9,2021-2023,-1,weighted,SHAP,logistic_regression,diag,14,5,5,1.0,0.6667,0.8571,1.0,1.0,0,,,0.9385,0.8022,0.8693,0,1.0,1.0,1.0,0.8,0.9101,0.8652,0.8329
seed,0,1,2021-2023,-1,weighted,SHAP,logistic_regression,lab,14,6,5,0.8333,0.4,0.6667,1.0,0.8333,0,HighBP,,0.8681,0.7582,0.8987,1,1.0,1.0,0.8571,0.9,0.9612,0.9697,0.9975
seed,0,2,2021-2023,-1,weighted,SHAP,logistic_regression,lab,14,6,6,0.7143,0.0,0.5714,0.8333,1.0,1,HighBP,Sex,0.7275,0.5604,0.6778,0,1.0,0.8333,0.8571,0.8,0.7644,0.6258,0.3278
seed,0,3,2021-2023,-1,weighted,SHAP,logistic_regression,lab,14,6,5,0.8333,0.25,0.7143,1.0,0.8333,0,HighBP,,0.833,0.7143,0.8513,0,1.0,0.8333,0.8571,0.9,0.927,0.9176,0.9532
seed,0,4,2021-2023,-1,weighted,SHAP,logistic_regression,lab,14,6,6,1.0,0.5,0.6667,1.0,1.0,0,,,0.8505,0.6923,0.7863,0,1.0,1.0,0.8571,0.9,0.8337,0.7266,0.4558
seed,0,5,2021-2023,-1,weighted,SHAP,logistic_regression,lab,14,6,6,0.7143,0.2,0.6667,0.8333,1.0,1,HighBP,Sex,0.8769,0.7363,0.8606,0,1.0,0.8333,0.8571,0.9,0.927,0.9176,0.9532
seed,0,6,2021-2023,-1,weighted,SHAP,logistic_regression,lab,14,6,6,1.0,0.2,0.4286,1.0,1.0,0,,,0.8066,0.6703,0.8371,0,1.0,1.0,0.8571,0.8,0.9282,0.9221,0.9555
seed,0,7,2021-2023,-1,weighted,SHAP,logistic_regression,lab,14,6,5,0.8333,0.5,0.8333,1.0,0.8333,0,HighBP,,0.9692,0.8901,0.9524,1,1.0,1.0,0.8571,0.9,0.9778,0.9821,0.9983
seed,0,8,2021-2023,-1,weighted,SHAP,logistic_regression,lab,14,6,5,0.8333,0.4,0.6667,1.0,0.8333,0,HighBP,,0.9429,0.8242,0.9052,0,1.0,1.0,0.8571,1.0,0.9439,0.9331,0.956
seed,0,9,2021-2023,-1,weighted,SHAP,logistic_regression,lab,14,6,6,1.0,0.2,0.4286,1.0,1.0,0,,,0.8066,0.6484,0.7682,0,1.0,1.0,0.8571,0.8,0.8256,0.7207,0.4555
seed,1,2,2021-2023,-1,weighted,SHAP,logistic_regression,lab,14,5,6,0.8333,0.5,0.8333,1.0,0.8333,0,,Sex,0.8462,0.6703,0.7341,0,1.0,0.8333,1.0,0.8,0.7919,0.6495,0.3302
seed,1,3,2021-2023,-1,weighted,SHAP,logistic_regression,lab,14,5,5,1.0,0.5,0.7143,1.0,1.0,0,,,0.8769,0.7363,0.8738,0,1.0,0.8333,1.0,0.9,0.9439,0.9341,0.9553
seed,1,4,2021-2023,-1,weighted,SHAP,logistic_regression,lab,14,5,6,0.8333,0.4,0.6667,1.0,0.8333,0,,HighBP,0.8725,0.7143,0.8079,0,1.0,1.0,1.0,0.8,0.8467,0.7404,0.4578
seed,1,5,2021-2023,-1,weighted,SHAP,logistic_regression,lab,14,5,6,0.8333,0.4,0.6667,1.0,0.8333,0,,Sex,0.9121,0.8022,0.897,0,1.0,0.8333,1.0,0.9,0.9465,0.9356,0.9553
seed,1,6,2021-2023,-1,weighted,SHAP,logistic_regression,lab,14,5,6,0.8333,0.1667,0.4286,1.0,0.8333,0,,HighBP,0.9429,0.8242,0.9073,0,1.0,1.0,1.0,0.9,0.9488,0.9395,0.9573
seed,1,7,2021-2023,-1,weighted,SHAP,logistic_regression,lab,14,5,5,1.0,0.75,0.8333,1.0,1.0,0,,,0.9121,0.8242,0.9293,1,1.0,1.0,1.0,0.9,0.9774,0.9839,0.9991
seed,1,8,2021-2023,-1,weighted,SHAP,logistic_regression,lab,14,5,5,1.0,1.0,1.0,1.0,1.0,0,,,0.9516,0.8901,0.9402,0,1.0,1.0,1.0,0.9,0.9612,0.9502,0.9582
seed,1,9,2021-2023,-1,weighted,SHAP,logistic_regression,lab,14,5,6,0.8333,0.4,0.6667,1.0,0.8333,0,,HighBP,0.9253,0.8022,0.8417,0,1.0,1.0,1.0,0.9,0.8564,0.7465,0.4579
seed,2,3,2021-2023,-1,weighted,SHAP,logistic_regression,lab,14,6,5,0.8333,0.3333,0.8571,1.0,0.8333,0,Sex,,0.9165,0.8022,0.8201,0,1.0,1.0,1.0,0.8,0.8335,0.7056,0.3745
seed,2,4,2021-2023,-1,weighted,SHAP,logistic_regression,lab,14,6,6,0.7143,0.25,0.8333,0.8333,1.0,1,Sex,HighBP,0.9253,0.7802,0.7602,0,1.0,0.8333,1.0,0.9,0.8285,0.6982,0.372
seed,2,5,2021-2023,-1,weighted,SHAP,logistic_regression,lab,14,6,6,1.0,0.6667,0.8333,1.0,1.0,0,,,0.8725,0.7363,0.797,0,1.0,1.0,1.0,0.8,0.8287,0.7031,0.3744
seed,2,6,2021-2023,-1,weighted,SHAP,logistic_regression,lab,14,6,6,0.7143,0.0,0.5714,0.8333,1.0,1,Sex,HighBP,0.8681,0.7143,0.7798,0,1.0,0.8333,1.0,0.9,0.812,0.6859,0.3712
seed,2,7,2021-2023,-1,weighted,SHAP,logistic_regression,lab,14,6,5,0.8333,0.25,0.7143,1.0,0.8333,0,Sex,,0.767,0.5824,0.6938,0,1.0,0.8333,1.0,0.7,0.7741,0.6359,0.3293
seed,2,8,2021-2023,-1,weighted,SHAP,logistic_regression,lab,14,6,5,0.8333,0.5,0.8333,1.0,0.8333,0,Sex,,0.8374,0.6484,0.7574,0,1.0,0.8333,1.0,0.8,0.8157,0.6902,0.3718
seed,2,9,2021-2023,-1,weighted,SHAP,logistic_regression,lab,14,6,6,0.7143,0.25,0.8333,0.8333,1.0,1,Sex,HighBP,0.8945,0.7363,0.7445,0,1.0,0.8333,1.0,0.9,0.8254,0.6963,0.372
seed,3,4,2021-2023,-1,weighted,SHAP,logistic_regression,lab,14,5,6,0.8333,0.25,0.7143,1.0,0.8333,0,,HighBP,0.9736,0.8901,0.8901,0,1.0,0.8333,1.0,0.9,0.8809,0.7834,0.4972
seed,3,5,2021-2023,-1,weighted,SHAP,logistic_regression,lab,14,5,6,0.8333,0.25,0.7143,1.0,0.8333,0,,Sex,0.9824,0.9341,0.9781,1,1.0,1.0,1.0,1.0,0.9952,0.9975,1.0
seed,3,6,2021-2023,-1,weighted,SHAP,logistic_regression,lab,14,5,6,0.8333,0.25,0.7143,1.0,0.8333,0,,HighBP,0.9077,0.7802,0.9037,1,1.0,0.8333,1.0,0.9,0.9628,0.9693,0.9963
seed,3,7,2021-2023,-1,weighted,SHAP,logistic_regression,lab,14,5,5,1.0,0.6667,0.8571,1.0,1.0,0,,,0.8857,0.7802,0.8831,0,1.0,0.8333,1.0,0.9,0.9406,0.9303,0.9549
seed,3,8,2021-2023,-1,weighted,SHAP,logistic_regression,lab,14,5,5,1.0,0.5,0.7143,1.0,1.0,0,,,0.9253,0.8462,0.9355,1,1.0,0.8333,1.0,0.9,0.9735,0.9782,0.997
seed,3,9,2021-2023,-1,weighted,SHAP,logistic_regression,lab,14,5,6,0.8333,0.25,0.7143,1.0,0.8333,0,,HighBP,0.9604,0.8462,0.8712,0,1.0,0.8333,1.0,0.9,0.8767,0.7802,0.4971
seed,4,5,2021-2023,-1,weighted,SHAP,logistic_regression,lab,14,6,6,0.7143,0.5,1.0,0.8333,1.0,1,HighBP,Sex,0.956,0.8681,0.8824,0,1.0,0.8333,1.0,0.9,0.8783,0.782,0.4972
seed,4,6,2021-2023,-1,weighted,SHAP,logistic_regression,lab,14,6,6,1.0,0.2,0.4286,1.0,1.0,0,,,0.9121,0.8022,0.8558,0,1.0,1.0,1.0,0.9,0.8716,0.7793,0.4989
seed,4,7,2021-2023,-1,weighted,SHAP,logistic_regression,lab,14,6,5,0.8333,0.2,0.5714,1.0,0.8333,0,HighBP,,0.8901,0.7582,0.8177,0,1.0,1.0,1.0,0.8,0.8455,0.7377,0.4573
seed,4,8,2021-2023,-1,weighted,SHAP,logistic_regression,lab,14,6,5,0.8333,0.4,0.6667,1.0,0.8333,0,HighBP,,0.9253,0.8242,0.8702,0,1.0,1.0,1.0,0.9,0.8802,0.7872,0.4996
seed,4,9,2021-2023,-1,weighted,SHAP,logistic_regression,lab,14,6,6,1.0,0.5,0.6667,1.0,1.0,0,,,0.9516,0.8681,0.9506,1,1.0,1.0,1.0,0.9,0.9834,0.9891,0.9996
seed,5,6,2021-2023,-1,weighted,SHAP,logistic_regression,lab,14,6,6,0.7143,0.0,0.4286,0.8333,1.0,1,Sex,HighBP,0.9165,0.8022,0.9117,1,1.0,0.8333,1.0,0.9,0.9628,0.9693,0.9963
seed,5,7,2021-2023,-1,weighted,SHAP,logistic_regression,lab,14,6,5,0.8333,0.2,0.5714,1.0,0.8333,0,Sex,,0.9297,0.8022,0.8916,0,1.0,0.8333,1.0,0.9,0.9432,0.9317,0.9549
seed,5,8,2021-2023,-1,weighted,SHAP,logistic_regression,lab,14,6,5,0.8333,0.4,0.6667,1.0,0.8333,0,Sex,,0.9692,0.9121,0.9579,1,1.0,0.8333,1.0,0.9,0.9783,0.9807,0.997
seed,5,9,2021-2023,-1,weighted,SHAP,logistic_regression,lab,14,6,6,0.7143,0.2,0.6667,0.8333,1.0,1,Sex,HighBP,0.9692,0.8681,0.8782,0,1.0,0.8333,1.0,0.9,0.8789,0.7812,0.4971
seed,6,7,2021-2023,-1,weighted,SHAP,logistic_regression,lab,14,6,5,0.8333,0.2,0.5714,1.0,0.8333,0,HighBP,,0.8989,0.7802,0.8872,0,1.0,1.0,1.0,0.8,0.9439,0.9359,0.9572
seed,6,8,2021-2023,-1,weighted,SHAP,logistic_regression,lab,14,6,5,0.8333,0.1667,0.4286,1.0,0.8333,0,HighBP,,0.9077,0.8022,0.9176,1,1.0,1.0,1.0,0.8,0.9687,0.9775,0.9988
seed,6,9,2021-2023,-1,weighted,SHAP,logistic_regression,lab,14,6,6,1.0,0.5,0.6667,1.0,1.0,0,,,0.9473,0.8462,0.8773,0,1.0,1.0,1.0,1.0,0.8787,0.7852,0.4992
seed,7,8,2021-2023,-1,weighted,SHAP,logistic_regression,lab,14,5,5,1.0,0.75,0.8333,1.0,1.0,0,,,0.9648,0.8901,0.935,0,1.0,1.0,1.0,0.9,0.9562,0.9446,0.9575
seed,7,9,2021-2023,-1,weighted,SHAP,logistic_regression,lab,14,5,6,0.8333,0.2,0.5714,1.0,0.8333,0,,HighBP,0.8769,0.7143,0.7995,0,1.0,1.0,1.0,0.8,0.8417,0.7348,0.4571
seed,8,9,2021-2023,-1,weighted,SHAP,logistic_regression,lab,14,5,6,0.8333,0.4,0.6667,1.0,0.8333,0,,HighBP,0.9341,0.8242,0.8665,0,1.0,1.0,1.0,0.8,0.8817,0.7875,0.4995
seed,0,1,2021-2023,-1,weighted,SHAP,logistic_regression,total,14,6,6,1.0,0.75,0.8,1.0,1.0,0,,,0.9604,0.8681,0.9063,0,1.0,1.0,0.8571,1.0,0.9335,0.9016,0.8731
seed,0,2,2021-2023,-1,weighted,SHAP,logistic_regression,total,14,6,7,0.8571,0.25,0.6667,1.0,0.8571,0,,Sex,0.8593,0.6703,0.8259,0,0.8,0.8333,0.8571,0.8,0.9188,0.907,0.9478
seed,0,3,2021-2023,-1,weighted,SHAP,logistic_regression,total,14,6,6,1.0,0.6667,0.8333,1.0,1.0,0,,,0.9253,0.8242,0.9273,1,1.0,1.0,0.8571,0.9,0.9726,0.9797,0.9985
seed,0,4,2021-2023,-1,weighted,SHAP,logistic_regression,total,14,6,6,1.0,0.4,0.5,1.0,1.0,0,,,0.9165,0.8022,0.9211,1,1.0,1.0,0.8571,0.9,0.9726,0.9797,0.9985
seed,0,5,2021-2023,-1,weighted,SHAP,logistic_regression,total,14,6,5,0.8333,0.25,0.7143,1.0,0.8333,0,HighBP,,0.8901,0.7582,0.8922,0,0.8,1.0,0.8571,0.9,0.9535,0.9581,0.9917
seed,0,6,2021-2023,-1,weighted,SHAP,logistic_regression,total,14,6,6,1.0,0.4,0.5,1.0,1.0,0,,,0.9209,0.7802,0.8947,0,1.0,1.0,0.8571,0.9,0.9462,0.9376,0.9568
seed,0,7,2021-2023,-1,weighted,SHAP,logistic_regression,total,14,6,6,1.0,1.0,1.0,1.0,1.0,0,,,0.9824,0.9341,0.9459,0,1.0,1.0,1.0,1.0,0.9502,0.9175,0.875
seed,0,8,2021-2023,-1,weighted,SHAP,logistic_regression,total,14,6,5,0.8333,0.5,0.8333,1.0,0.8333,0,Education,,0.9165,0.8242,0.9254,1,1.0,1.0,0.8571,0.9,0.9666,0.9745,0.998
seed,0,9,2021-2023,-1,weighted,SHAP,logistic_regression,total,14,6,5,0.8333,0.5,0.8333,1.0,0.8333,0,Education,,0.9033,0.8022,0.9209,1,1.0,1.0,0.8571,0.9,0.97,0.9783,0.9984
seed,1,2,2021-2023,-1,weighted,SHAP,logistic_regression,total,14,6,7,0.8571,0.2,0.5,1.0,0.8571,0,,Sex,0.8198,0.6264,0.7697,0,0.8,0.8333,0.8571,0.8,0.8662,0.82,0.8222
seed,1,3,2021-2023,-1,weighted,SHAP,logistic_regression,total,14,6,6,1.0,0.5,0.6667,1.0,1.0,0,,,0.8945,0.7802,0.8735,0,1.0,1.0,0.8571,0.9,0.92,0.8927,0.8728
seed,1,4,2021-2023,-1,weighted,SHAP,logistic_regression,total,14,6,6,1.0,0.6,0.6,1.0,1.0,0,,,0.8857,0.7582,0.8669,0,1.0,1.0,0.8571,0.9,0.9248,0.8964,0.873
seed,1,5,2021-2023,-1,weighted,SHAP,logistic_regression,total,14,6,5,0.8333,0.2,0.5714,1.0,0.8333,0,HighBP,,0.8549,0.7582,0.8596,0,0.8,1.0,0.8571,0.9,0.9117,0.88,0.8668
seed,1,6,2021-2023,-1,weighted,SHAP,logistic_regression,total,14,6,6,1.0,0.6,0.6,1.0,1.0,0,,,0.8857,0.7363,0.8385,0,1.0,1.0,0.8571,0.9,0.8952,0.8523,0.8313
seed,1,7,2021-2023,-1,weighted,SHAP,logistic_regression,total,14,6,6,1.0,0.75,0.8,1.0,1.0,0,,,0.9473,0.8462,0.931,1,1.0,1.0,0.8571,1.0,0.9737,0.9791,0.9981
seed,1,8,2021-2023,-1,weighted,SHAP,logistic_regression,total,14,6,5,0.8333,0.4,0.6667,1.0,0.8333,0,Education,,0.9385,0.8242,0.8963,0,1.0,1.0,0.8571,0.9,0.9308,0.9017,0.8735
seed,1,9,2021-2023,-1,weighted,SHAP,logistic_regression,total,14,6,5,0.8333,0.4,0.6667,1.0,0.8333,0,Education,,0.8549,0.7582,0.8664,0,1.0,1.0,0.8571,0.9,0.9222,0.895,0.873
seed,2,3,2021-2023,-1,weighted,SHAP,logistic_regression,total,14,7,6,0.8571,0.3333,0.8333,1.0,0.8571,0,Sex,,0.9604,0.8462,0.8981,0,0.8,0.8333,1.0,0.9,0.9392,0.9226,0.9492
seed,2,4,2021-2023,-1,weighted,SHAP,logistic_regression,total,14,7,6,0.8571,0.5,0.8,1.0,0.8571,0,Sex,,0.9648,0.8681,0.9051,0,0.8,0.8333,1.0,0.9,0.9414,0.9236,0.9492
seed,2,5,2021-2023,-1,weighted,SHAP,logistic_regression,total,14,7,5,0.7143,0.0,0.7143,1.0,0.7143,0,"HighBP,Sex",,0.9341,0.7802,0.8783,0,0.8,0.8333,1.0,0.9,0.9306,0.9159,0.9486
seed,2,6,2021-2023,-1,weighted,SHAP,logistic_regression,total,14,7,6,0.8571,0.5,0.8,1.0,0.8571,0,Sex,,0.9473,0.8462,0.9168,0,0.8,0.8333,1.0,0.9,0.9626,0.9629,0.9908
seed,2,7,2021-2023,-1,weighted,SHAP,logistic_regression,total,14,7,6,0.8571,0.25,0.6667,1.0,0.8571,0,Sex,,0.8725,0.6923,0.8009,0,0.8,0.8333,0.8571,0.8,0.8738,0.827,0.8228
seed,2,8,2021-2023,-1,weighted,SHAP,logistic_regression,total,14,7,5,0.7143,0.0,0.5714,1.0,0.7143,0,"Education,Sex",,0.9165,0.7582,0.8581,0,0.8,0.8333,1.0,0.9,0.9253,0.9116,0.9484
seed,2,9,2021-2023,-1,weighted,SHAP,logistic_regression,total,14,7,5,0.7143,0.25,0.8333,1.0,0.7143,0,"Education,Sex",,0.9297,0.7802,0.8726,0,0.8,0.8333,1.0,0.9,0.9334,0.9192,0.9491
seed,3,4,2021-2023,-1,weighted,SHAP,logistic_regression,total,14,6,6,1.0,0.5,0.6667,1.0,1.0,0,,,0.9824,0.9341,0.9739,1,1.0,1.0,1.0,0.9,0.9892,0.9925,0.9997
seed,3,5,2021-2023,-1,weighted,SHAP,logistic_regression,total,14,6,5,0.8333,0.3333,0.8571,1.0,0.8333,0,HighBP,,0.9692,0.8901,0.9468,0,0.8,1.0,1.0,1.0,0.9713,0.9722,0.993
seed,3,6,2021-2023,-1,weighted,SHAP,logistic_regression,total,14,6,6,1.0,0.5,0.6667,1.0,1.0,0,,,0.9429,0.8681,0.9301,0,1.0,1.0,1.0,0.9,0.9564,0.9465,0.9579
seed,3,7,2021-2023,-1,weighted,SHAP,logistic_regression,total,14,6,6,1.0,0.6667,0.8333,1.0,1.0,0,,,0.9253,0.8022,0.8865,0,1.0,1.0,0.8571,0.9,0.9298,0.9008,0.8735
seed,3,8,2021-2023,-1,weighted,SHAP,logistic_regression,total,14,6,5,0.8333,0.25,0.7143,1.0,0.8333,0,Education,,0.9473,0.8681,0.9418,1,1.0,1.0,1.0,0.9,0.9822,0.9864,0.9992
seed,3,9,2021-2023,-1,weighted,SHAP,logistic_regression,total,14,6,5,0.8333,0.6667,1.0,1.0,0.8333,0,Education,,0.9648,0.8901,0.9598,1,1.0,1.0,1.0,1.0,0.9873,0.9918,0.9997
seed,4,5,2021-2023,-1,weighted,SHAP,logistic_regression,total,14,6,5,0.8333,0.2,0.5714,1.0,0.8333,0,HighBP,,0.9692,0.8681,0.9405,0,0.8,1.0,1.0,0.9,0.9722,0.9732,0.9931
seed,4,6,2021-2023,-1,weighted,SHAP,logistic_regression,total,14,6,6,1.0,1.0,1.0,1.0,1.0,0,,,0.9824,0.9341,0.9565,0,1.0,1.0,1.0,1.0,0.9672,0.9539,0.9583
seed,4,7,2021-2023,-1,weighted,SHAP,logistic_regression,total,14,6,6,1.0,0.4,0.5,1.0,1.0,0,,,0.9297,0.8242,0.8975,0,1.0,1.0,0.8571,0.9,0.9276,0.8997,0.8735
seed,4,8,2021-2023,-1,weighted,SHAP,logistic_regression,total,14,6,5,0.8333,0.1667,0.4286,1.0,0.8333,0,Education,,0.9209,0.8022,0.9162,1,1.0,1.0,1.0,0.8,0.9714,0.9789,0.9988
seed,4,9,2021-2023,-1,weighted,SHAP,logistic_regression,total,14,6,5,0.8333,0.4,0.6667,1.0,0.8333,0,Education,,0.9692,0.9121,0.968,1,1.0,1.0,1.0,0.9,0.9882,0.9929,0.9998
seed,5,6,2021-2023,-1,weighted,SHAP,logistic_regression,total,14,5,6,0.8333,0.2,0.5714,1.0,0.8333,0,,HighBP,0.9341,0.8022,0.8966,0,0.8,1.0,1.0,0.9,0.9395,0.9271,0.9514
seed,5,7,2021-2023,-1,weighted,SHAP,logistic_regression,total,14,5,6,0.8333,0.25,0.7143,1.0,0.8333,0,,HighBP,0.8901,0.7363,0.8518,0,0.8,1.0,0.8571,0.9,0.9085,0.8781,0.8667
seed,5,8,2021-2023,-1,weighted,SHAP,logistic_regression,total,14,5,5,0.6667,0.25,0.8571,0.8,1.0,1,Education,HighBP,0.8725,0.7582,0.8892,0,0.8,1.0,1.0,0.9,0.9595,0.9638,0.9927
seed,5,9,2021-2023,-1,weighted,SHAP,logistic_regression,total,14,5,5,0.6667,0.25,0.8571,0.8,1.0,1,Education,HighBP,0.978,0.9121,0.9556,0,0.8,1.0,1.0,1.0,0.9751,0.975,0.9932
seed,6,7,2021-2023,-1,weighted,SHAP,logistic_regression,total,14,6,6,1.0,0.4,0.5,1.0,1.0,0,,,0.9341,0.8022,0.869,0,1.0,1.0,0.8571,0.9,0.9038,0.859,0.8318
seed,6,8,2021-2023,-1,weighted,SHAP,logistic_regression,total,14,6,5,0.8333,0.1667,0.4286,1.0,0.8333,0,Education,,0.8989,0.7802,0.8905,0,1.0,1.0,1.0,0.8,0.9417,0.9348,0.9571
seed,6,9,2021-2023,-1,weighted,SHAP,logistic_regression,total,14,6,5,0.8333,0.4,0.6667,1.0,0.8333,0,Education,,0.9429,0.8462,0.9238,0,1.0,1.0,1.0,0.9,0.958,0.9483,0.9581
seed,7,8,2021-2023,-1,weighted,SHAP,logistic_regression,total,14,6,5,0.8333,0.5,0.8333,1.0,0.8333,0,Education,,0.9165,0.8022,0.8846,0,1.0,1.0,0.8571,0.9,0.9238,0.8955,0.873
seed,7,9,2021-2023,-1,weighted,SHAP,logistic_regression,total,14,6,5,0.8333,0.5,0.8333,1.0,0.8333,0,Education,,0.8857,0.7363,0.8656,0,1.0,1.0,0.8571,0.9,0.925,0.8983,0.8734
seed,8,9,2021-2023,-1,weighted,SHAP,logistic_regression,total,14,5,5,1.0,0.5,0.7143,1.0,1.0,0,,,0.8681,0.7582,0.9015,1,1.0,1.0,1.0,0.9,0.9695,0.9782,0.9989
seed,0,1,2021-2023,-1,weighted,SHAP,random_forest,diag,14,5,5,1.0,0.6,0.6667,1.0,1.0,0,,,0.9824,0.9341,0.9641,1,1.0,0.8333,1.0,1.0,0.9794,0.9801,0.9967
seed,0,2,2021-2023,-1,weighted,SHAP,random_forest,diag,14,5,5,1.0,0.6,0.6667,1.0,1.0,0,,,0.9692,0.9121,0.8986,0,1.0,1.0,1.0,0.9,0.8854,0.7883,0.4992
seed,0,3,2021-2023,-1,weighted,SHAP,random_forest,diag,14,5,5,1.0,0.6,0.6667,1.0,1.0,0,,,0.978,0.9121,0.8932,0,1.0,0.8333,1.0,1.0,0.8794,0.7801,0.4967
seed,0,4,2021-2023,-1,weighted,SHAP,random_forest,diag,14,5,5,1.0,0.6,0.6667,1.0,1.0,0,,,0.9824,0.9341,0.9512,0,1.0,1.0,1.0,1.0,0.9622,0.9484,0.9576
seed,0,5,2021-2023,-1,weighted,SHAP,random_forest,diag,14,5,5,1.0,0.6,0.6667,1.0,1.0,0,,,0.9912,0.956,0.9179,0,1.0,1.0,1.0,1.0,0.894,0.7948,0.4995
seed,0,6,2021-2023,-1,weighted,SHAP,random_forest,diag,14,5,5,1.0,0.75,0.8333,1.0,1.0,0,,,0.9736,0.9121,0.9421,0,1.0,1.0,1.0,0.9,0.9584,0.9457,0.9575
seed,0,7,2021-2023,-1,weighted,SHAP,random_forest,diag,14,5,5,1.0,0.75,0.8333,1.0,1.0,0,,,0.9912,0.956,0.9536,0,1.0,1.0,1.0,1.0,0.9528,0.9189,0.875
seed,0,8,2021-2023,-1,weighted,SHAP,random_forest,diag,14,5,5,1.0,0.6,0.6667,1.0,1.0,0,,,0.9912,0.956,0.9179,0,1.0,1.0,1.0,1.0,0.894,0.7948,0.4995
seed,0,9,2021-2023,-1,weighted,SHAP,random_forest,diag,14,5,5,1.0,0.6,0.6667,1.0,1.0,0,,,0.978,0.9121,0.9599,1,1.0,1.0,1.0,1.0,0.9861,0.9891,0.9993
seed,1,2,2021-2023,-1,weighted,SHAP,random_forest,diag,14,5,5,1.0,0.6667,0.6,1.0,1.0,0,,,0.9516,0.8462,0.8638,0,1.0,0.8333,1.0,0.9,0.8755,0.7774,0.4966
seed,1,3,2021-2023,-1,weighted,SHAP,random_forest,diag,14,5,5,1.0,1.0,1.0,1.0,1.0,0,,,0.9956,0.978,0.929,0,1.0,1.0,1.0,1.0,0.9,0.8,0.5
seed,1,4,2021-2023,-1,weighted,SHAP,random_forest,diag,14,5,5,1.0,1.0,1.0,1.0,1.0,0,,,0.9912,0.956,0.9578,0,1.0,0.8333,1.0,1.0,0.9632,0.9464,0.9557
seed,1,5,2021-2023,-1,weighted,SHAP,random_forest,diag,14,5,5,1.0,1.0,1.0,1.0,1.0,0,,,0.9736,0.8901,0.8826,0,1.0,0.8333,1.0,1.0,0.8794,0.7801,0.4967
seed,1,6,2021-2023,-1,weighted,SHAP,random_forest,diag,14,5,5,1.0,0.8,0.8,1.0,1.0,0,,,0.9868,0.9341,0.9487,0,1.0,0.8333,1.0,0.9,0.9593,0.9437,0.9556
seed,1,7,2021-2023,-1,weighted,SHAP,random_forest,diag,14,5,5,1.0,0.8,0.8,1.0,1.0,0,,,0.9736,0.8901,0.9177,0,1.0,0.8333,1.0,1.0,0.9322,0.899,0.8717
seed,1,8,2021-2023,-1,weighted,SHAP,random_forest,diag,14,5,5,1.0,1.0,1.0,1.0,1.0,0,,,0.9736,0.8901,0.8826,0,1.0,0.8333,1.0,1.0,0.8794,0.7801,0.4967
seed,1,9,2021-2023,-1,weighted,SHAP,random_forest,diag,14,5,5,1.0,1.0,1.0,1.0,1.0,0,,,0.9868,0.9341,0.9671,1,1.0,0.8333,1.0,1.0,0.9822,0.9834,0.9971
seed,2,3,2021-2023,-1,weighted,SHAP,random_forest,diag,14,5,5,1.0,0.6667,0.6,1.0,1.0,0,,,0.956,0.8681,0.9347,1,1.0,0.8333,1.0,0.9,0.9755,0.9774,0.9966
seed,2,4,2021-2023,-1,weighted,SHAP,random_forest,diag,14,5,5,1.0,0.6667,0.6,1.0,1.0,0,,,0.9516,0.8462,0.8508,0,1.0,1.0,1.0,0.9,0.8584,0.7457,0.4575
seed,2,5,2021-2023,-1,weighted,SHAP,random_forest,diag,14,5,5,1.0,0.6667,0.6,1.0,1.0,0,,,0.9692,0.9121,0.959,1,1.0,1.0,1.0,0.9,0.9854,0.9883,0.9992
seed,2,6,2021-2023,-1,weighted,SHAP,random_forest,diag,14,5,5,1.0,0.5,0.5,1.0,1.0,0,,,0.9604,0.8681,0.8604,0,1.0,1.0,1.0,0.9,0.8584,0.7457,0.4575
seed,2,7,2021-2023,-1,weighted,SHAP,random_forest,diag,14,5,5,1.0,0.8,0.8,1.0,1.0,0,,,0.956,0.8681,0.8443,0,1.0,1.0,1.0,0.9,0.8382,0.7073,0.3742
seed,2,8,2021-2023,-1,weighted,SHAP,random_forest,diag,14,5,5,1.0,0.6667,0.6,1.0,1.0,0,,,0.9692,0.9121,0.959,1,1.0,1.0,1.0,0.9,0.9854,0.9883,0.9992
seed,2,9,2021-2023,-1,weighted,SHAP,random_forest,diag,14,5,5,1.0,0.6667,0.6,1.0,1.0,0,,,0.9341,0.8242,0.8599,0,1.0,1.0,1.0,0.9,0.8774,0.7827,0.4989
seed,3,4,2021-2023,-1,weighted,SHAP,random_forest,diag,14,5,5,1.0,1.0,1.0,1.0,1.0,0,,,0.9868,0.9341,0.8868,0,1.0,0.8333,1.0,1.0,0.8632,0.7464,0.4557
seed,3,5,2021-2023,-1,weighted,SHAP,random_forest,diag,14,5,5,1.0,1.0,1.0,1.0,1.0,0,,,0.978,0.9121,0.9535,1,1.0,0.8333,1.0,1.0,0.9794,0.9801,0.9967
seed,3,6,2021-2023,-1,weighted,SHAP,random_forest,diag,14,5,5,1.0,0.8,0.8,1.0,1.0,0,,,0.9824,0.9121,0.8778,0,1.0,0.8333,1.0,0.9,0.8593,0.7437,0.4556
seed,3,7,2021-2023,-1,weighted,SHAP,random_forest,diag,14,5,5,1.0,0.8,0.8,1.0,1.0,0,,,0.9648,0.8681,0.8388,0,1.0,0.8333,1.0,1.0,0.8322,0.699,0.3717
seed,3,8,2021-2023,-1,weighted,SHAP,random_forest,diag,14,5,5,1.0,1.0,1.0,1.0,1.0,0,,,0.978,0.9121,0.9535,1,1.0,0.8333,1.0,1.0,0.9794,0.9801,0.9967
seed,3,9,2021-2023,-1,weighted,SHAP,random_forest,diag,14,5,5,1.0,1.0,1.0,1.0,1.0,0,,,0.9824,0.9121,0.8962,0,1.0,0.8333,1.0,1.0,0.8822,0.7834,0.4971
seed,4,5,2021-2023,-1,weighted,SHAP,random_forest,diag,14,5,5,1.0,1.0,1.0,1.0,1.0,0,,,0.9736,0.8901,0.8696,0,1.0,1.0,1.0,1.0,0.8622,0.7484,0.4576
seed,4,6,2021-2023,-1,weighted,SHAP,random_forest,diag,14,5,5,1.0,0.8,0.8,1.0,1.0,0,,,0.9956,0.978,0.991,1,1.0,1.0,1.0,0.9,0.9961,0.9973,0.9999
seed,4,7,2021-2023,-1,weighted,SHAP,random_forest,diag,14,5,5,1.0,0.8,0.8,1.0,1.0,0,,,0.9692,0.8901,0.9028,0,1.0,1.0,1.0,1.0,0.9151,0.8673,0.8326
seed,4,8,2021-2023,-1,weighted,SHAP,random_forest,diag,14,5,5,1.0,1.0,1.0,1.0,1.0,0,,,0.9736,0.8901,0.8696,0,1.0,1.0,1.0,1.0,0.8622,0.7484,0.4576
seed,4,9,2021-2023,-1,weighted,SHAP,random_forest,diag,14,5,5,1.0,1.0,1.0,1.0,1.0,0,,,0.9868,0.9341,0.9542,0,1.0,1.0,1.0,1.0,0.965,0.9517,0.9581
seed,5,6,2021-2023,-1,weighted,SHAP,random_forest,diag,14,5,5,1.0,0.8,0.8,1.0,1.0,0,,,0.9604,0.8681,0.8604,0,1.0,1.0,1.0,0.9,0.8584,0.7457,0.4575
seed,5,7,2021-2023,-1,weighted,SHAP,random_forest,diag,14,5,5,1.0,0.8,0.8,1.0,1.0,0,,,0.978,0.9121,0.8635,0,1.0,1.0,1.0,1.0,0.8468,0.7137,0.3745
seed,5,8,2021-2023,-1,weighted,SHAP,random_forest,diag,14,5,5,1.0,1.0,1.0,1.0,1.0,0,,,1.0,1.0,1.0,1,1.0,1.0,1.0,1.0,1.0,1.0,1.0
seed,5,9,2021-2023,-1,weighted,SHAP,random_forest,diag,14,5,5,1.0,1.0,1.0,1.0,1.0,0,,,0.978,0.9121,0.8996,0,1.0,1.0,1.0,1.0,0.8861,0.7891,0.4993
seed,6,7,2021-2023,-1,weighted,SHAP,random_forest,diag,14,5,5,1.0,0.6,0.6667,1.0,1.0,0,,,0.9604,0.8681,0.8937,0,1.0,1.0,1.0,0.9,0.9112,0.8646,0.8325
seed,6,8,2021-2023,-1,weighted,SHAP,random_forest,diag,14,5,5,1.0,0.8,0.8,1.0,1.0,0,,,0.9604,0.8681,0.8604,0,1.0,1.0,1.0,0.9,0.8584,0.7457,0.4575
seed,6,9,2021-2023,-1,weighted,SHAP,random_forest,diag,14,5,5,1.0,0.8,0.8,1.0,1.0,0,,,0.9736,0.9121,0.9451,0,1.0,1.0,1.0,0.9,0.9612,0.949,0.958
seed,7,8,2021-2023,-1,weighted,SHAP,random_forest,diag,14,5,5,1.0,0.8,0.8,1.0,1.0,0,,,0.978,0.9121,0.8635,0,1.0,1.0,1.0,1.0,0.8468,0.7137,0.3745
seed,7,9,2021-2023,-1,weighted,SHAP,random_forest,diag,14,5,5,1.0,0.8,0.8,1.0,1.0,0,,,0.9692,0.8681,0.9135,0,1.0,1.0,1.0,1.0,0.9389,0.908,0.8742
seed,8,9,2021-2023,-1,weighted,SHAP,random_forest,diag,14,5,5,1.0,1.0,1.0,1.0,1.0,0,,,0.978,0.9121,0.8996,0,1.0,1.0,1.0,1.0,0.8861,0.7891,0.4993
seed,0,1,2021-2023,-1,weighted,SHAP,random_forest,lab,14,6,5,0.8333,0.8,1.0,1.0,0.8333,0,Education,,0.9956,0.978,0.993,1,1.0,1.0,1.0,1.0,0.9978,0.9989,1.0
seed,0,2,2021-2023,-1,weighted,SHAP,random_forest,lab,14,6,5,0.8333,0.8,1.0,1.0,0.8333,0,Education,,0.9736,0.8901,0.9336,0,1.0,1.0,1.0,1.0,0.9601,0.9473,0.9576
seed,0,3,2021-2023,-1,weighted,SHAP,random_forest,lab,14,6,6,1.0,0.8,0.75,1.0,1.0,0,,,0.978,0.9121,0.9463,0,1.0,1.0,1.0,0.9,0.9622,0.9499,0.958
seed,0,4,2021-2023,-1,weighted,SHAP,random_forest,lab,14,6,6,1.0,1.0,1.0,1.0,1.0,0,,,0.9824,0.9341,0.9391,0,1.0,1.0,1.0,1.0,0.9488,0.9265,0.9422
seed,0,5,2021-2023,-1,weighted,SHAP,random_forest,lab,14,6,5,0.8333,0.8,1.0,1.0,0.8333,0,Education,,0.9868,0.9341,0.9554,0,1.0,1.0,1.0,1.0,0.966,0.9525,0.9581
seed,0,6,2021-2023,-1,weighted,SHAP,random_forest,lab,14,6,6,1.0,0.8,0.75,1.0,1.0,0,,,0.9429,0.8242,0.8927,0,1.0,1.0,1.0,0.9,0.938,0.919,0.9419
seed,0,7,2021-2023,-1,weighted,SHAP,random_forest,lab,14,6,6,1.0,0.8,0.75,1.0,1.0,0,,,0.9912,0.956,0.9654,0,1.0,1.0,1.0,1.0,0.9708,0.9563,0.9583
seed,0,8,2021-2023,-1,weighted,SHAP,random_forest,lab,14,6,5,0.8333,0.8,1.0,1.0,0.8333,0,Education,,0.9912,0.956,0.9612,0,1.0,1.0,1.0,1.0,0.967,0.9521,0.9578
seed,0,9,2021-2023,-1,weighted,SHAP,random_forest,lab,14,6,6,1.0,0.8,0.75,1.0,1.0,0,,,0.9868,0.9341,0.9563,0,1.0,1.0,1.0,0.9,0.967,0.9536,0.9582
seed,1,2,2021-2023,-1,weighted,SHAP,random_forest,lab,14,5,5,1.0,1.0,1.0,1.0,1.0,0,,,0.978,0.9121,0.9406,0,1.0,1.0,1.0,1.0,0.9622,0.9484,0.9576
seed,1,3,2021-2023,-1,weighted,SHAP,random_forest,lab,14,5,6,0.8333,0.6667,0.75,1.0,0.8333,0,,Education,0.9824,0.9341,0.9533,0,1.0,1.0,1.0,0.9,0.9643,0.9509,0.958
seed,1,4,2021-2023,-1,weighted,SHAP,random_forest,lab,14,5,6,0.8333,0.8,1.0,1.0,0.8333,0,,Education,0.978,0.9121,0.9321,0,1.0,1.0,1.0,1.0,0.9466,0.9254,0.9422
seed,1,5,2021-2023,-1,weighted,SHAP,random_forest,lab,14,5,5,1.0,1.0,1.0,1.0,1.0,0,,,0.9912,0.956,0.9624,0,1.0,1.0,1.0,1.0,0.9682,0.9536,0.9581
seed,1,6,2021-2023,-1,weighted,SHAP,random_forest,lab,14,5,6,0.8333,0.6667,0.75,1.0,0.8333,0,,Education,0.9473,0.8462,0.8997,0,1.0,1.0,1.0,0.9,0.9401,0.9201,0.9419
seed,1,7,2021-2023,-1,weighted,SHAP,random_forest,lab,14,5,6,0.8333,0.6667,0.75,1.0,0.8333,0,,Education,0.9956,0.978,0.9724,0,1.0,1.0,1.0,1.0,0.973,0.9573,0.9583
seed,1,8,2021-2023,-1,weighted,SHAP,random_forest,lab,14,5,5,1.0,1.0,1.0,1.0,1.0,0,,,0.9868,0.9341,0.9542,0,1.0,1.0,1.0,1.0,0.9648,0.951,0.9578
seed,1,9,2021-2023,-1,weighted,SHAP,random_forest,lab,14,5,6,0.8333,0.6667,0.75,1.0,0.8333,0,,Education,0.9912,0.956,0.9634,0,1.0,1.0,1.0,0.9,0.9691,0.9546,0.9582
seed,2,3,2021-2023,-1,weighted,SHAP,random_forest,lab,14,5,6,0.8333,0.6667,0.75,1.0,0.8333,0,,Education,0.978,0.9341,0.9697,1,1.0,1.0,1.0,0.9,0.9854,0.9883,0.9992
seed,2,4,2021-2023,-1,weighted,SHAP,random_forest,lab,14,5,6,0.8333,0.8,1.0,1.0,0.8333,0,,Education,0.978,0.9121,0.9505,0,1.0,1.0,1.0,1.0,0.9688,0.9644,0.9837
seed,2,5,2021-2023,-1,weighted,SHAP,random_forest,lab,14,5,5,1.0,1.0,1.0,1.0,1.0,0,,,0.9868,0.956,0.9788,1,1.0,1.0,1.0,1.0,0.9892,0.991,0.9993
seed,2,6,2021-2023,-1,weighted,SHAP,random_forest,lab,14,5,6,0.8333,0.6667,0.75,1.0,0.8333,0,,Education,0.9648,0.8901,0.9377,0,1.0,1.0,1.0,0.9,0.9671,0.9627,0.9836
seed,2,7,2021-2023,-1,weighted,SHAP,random_forest,lab,14,5,6,0.8333,0.6667,0.75,1.0,0.8333,0,,Education,0.9824,0.9341,0.9682,1,1.0,1.0,1.0,1.0,0.9892,0.991,0.9993
seed,2,8,2021-2023,-1,weighted,SHAP,random_forest,lab,14,5,5,1.0,1.0,1.0,1.0,1.0,0,,,0.9824,0.9341,0.9718,1,1.0,1.0,1.0,1.0,0.9871,0.99,0.9993
seed,2,9,2021-2023,-1,weighted,SHAP,random_forest,lab,14,5,6,0.8333,0.6667,0.75,1.0,0.8333,0,,Education,0.9692,0.9121,0.959,1,1.0,1.0,1.0,0.9,0.9854,0.9883,0.9992
seed,3,4,2021-2023,-1,weighted,SHAP,random_forest,lab,14,6,6,1.0,0.8,0.75,1.0,1.0,0,,,0.9648,0.8901,0.9413,0,1.0,1.0,1.0,0.9,0.965,0.9617,0.9836
seed,3,5,2021-2023,-1,weighted,SHAP,random_forest,lab,14,6,5,0.8333,0.6667,0.75,1.0,0.8333,0,Education,,0.9956,0.978,0.991,1,1.0,1.0,1.0,0.9,0.9961,0.9973,0.9999
seed,3,6,2021-2023,-1,weighted,SHAP,random_forest,lab,14,6,6,1.0,1.0,1.0,1.0,1.0,0,,,0.956,0.8681,0.9282,0,1.0,1.0,1.0,0.9,0.9624,0.959,0.9834
seed,3,7,2021-2023,-1,weighted,SHAP,random_forest,lab,14,6,6,1.0,1.0,1.0,1.0,1.0,0,,,0.9868,0.956,0.9809,1,1.0,1.0,1.0,0.9,0.9913,0.9936,0.9997
seed,3,8,2021-2023,-1,weighted,SHAP,random_forest,lab,14,6,5,0.8333,0.6667,0.75,1.0,0.8333,0,Education,,0.9692,0.9121,0.9626,1,1.0,1.0,1.0,0.9,0.9832,0.9873,0.9992
seed,3,9,2021-2023,-1,weighted,SHAP,random_forest,lab,14,6,6,1.0,1.0,1.0,1.0,1.0,0,,,0.9824,0.9341,0.9714,1,1.0,1.0,1.0,0.9,0.9913,0.9936,0.9997
seed,4,5,2021-2023,-1,weighted,SHAP,random_forest,lab,14,6,5,0.8333,0.8,1.0,1.0,0.8333,0,Education,,0.978,0.9121,0.9505,0,1.0,1.0,1.0,1.0,0.9688,0.9644,0.9837
seed,4,6,2021-2023,-1,weighted,SHAP,random_forest,lab,14,6,6,1.0,0.8,0.75,1.0,1.0,0,,,0.9648,0.8901,0.9531,1,1.0,1.0,1.0,0.9,0.9832,0.9873,0.9992
seed,4,7,2021-2023,-1,weighted,SHAP,random_forest,lab,14,6,6,1.0,0.8,0.75,1.0,1.0,0,,,0.9868,0.9341,0.9605,0,1.0,1.0,1.0,1.0,0.9736,0.9681,0.9839
seed,4,8,2021-2023,-1,weighted,SHAP,random_forest,lab,14,6,5,0.8333,0.8,1.0,1.0,0.8333,0,Education,,0.9956,0.978,0.9787,0,1.0,1.0,1.0,1.0,0.9818,0.9744,0.9844
seed,4,9,2021-2023,-1,weighted,SHAP,random_forest,lab,14,6,6,1.0,0.8,0.75,1.0,1.0,0,,,0.9824,0.9121,0.9515,0,1.0,1.0,1.0,0.9,0.9697,0.9654,0.9838
seed,5,6,2021-2023,-1,weighted,SHAP,random_forest,lab,14,5,6,0.8333,0.6667,0.75,1.0,0.8333,0,,Education,0.9516,0.8462,0.9181,0,1.0,1.0,1.0,0.9,0.9624,0.959,0.9834
seed,5,7,2021-2023,-1,weighted,SHAP,random_forest,lab,14,5,6,0.8333,0.6667,0.75,1.0,0.8333,0,,Education,0.9956,0.978,0.99,1,1.0,1.0,1.0,1.0,0.9952,0.9963,0.9998
seed,5,8,2021-2023,-1,weighted,SHAP,random_forest,lab,14,5,5,1.0,1.0,1.0,1.0,1.0,0,,,0.9824,0.9341,0.9718,1,1.0,1.0,1.0,1.0,0.9871,0.99,0.9993
seed,5,9,2021-2023,-1,weighted,SHAP,random_forest,lab,14,5,6,0.8333,0.6667,0.75,1.0,0.8333,0,,Education,0.9868,0.956,0.9809,1,1.0,1.0,1.0,0.9,0.9913,0.9936,0.9997
seed,6,7,2021-2023,-1,weighted,SHAP,random_forest,lab,14,6,6,1.0,1.0,1.0,1.0,1.0,0,,,0.956,0.8681,0.9281,0,1.0,1.0,1.0,0.9,0.9671,0.9627,0.9836
seed,6,8,2021-2023,-1,weighted,SHAP,random_forest,lab,14,6,5,0.8333,0.6667,0.75,1.0,0.8333,0,Education,,0.9604,0.8681,0.9318,0,1.0,1.0,1.0,0.9,0.965,0.9617,0.9836
seed,6,9,2021-2023,-1,weighted,SHAP,random_forest,lab,14,6,6,1.0,1.0,1.0,1.0,1.0,0,,,0.9648,0.8901,0.9377,0,1.0,1.0,1.0,0.9,0.9671,0.9627,0.9836
seed,7,8,2021-2023,-1,weighted,SHAP,random_forest,lab,14,6,5,0.8333,0.6667,0.75,1.0,0.8333,0,Education,,0.9912,0.956,0.9818,1,1.0,1.0,1.0,1.0,0.9918,0.9937,0.9995
seed,7,9,2021-2023,-1,weighted,SHAP,random_forest,lab,14,6,6,1.0,1.0,1.0,1.0,1.0,0,,,0.9956,0.978,0.991,1,1.0,1.0,1.0,0.9,0.9961,0.9973,0.9999
seed,8,9,2021-2023,-1,weighted,SHAP,random_forest,lab,14,5,6,0.8333,0.6667,0.75,1.0,0.8333,0,,Education,0.9868,0.9341,0.9728,1,1.0,1.0,1.0,0.9,0.988,0.991,0.9994
seed,0,1,2021-2023,-1,weighted,SHAP,random_forest,total,14,5,5,1.0,0.6,0.6667,1.0,1.0,0,,,0.9956,0.978,0.99,1,1.0,1.0,1.0,1.0,0.9952,0.9963,0.9998
seed,0,2,2021-2023,-1,weighted,SHAP,random_forest,total,14,5,5,1.0,0.5,0.7143,1.0,1.0,0,,,0.9604,0.8901,0.9199,0,1.0,1.0,1.0,0.9,0.9401,0.9201,0.9419
seed,0,3,2021-2023,-1,weighted,SHAP,random_forest,total,14,5,5,1.0,0.75,0.8333,1.0,1.0,0,,,0.9868,0.956,0.9788,1,1.0,1.0,1.0,1.0,0.9892,0.991,0.9993
seed,0,4,2021-2023,-1,weighted,SHAP,random_forest,total,14,5,5,1.0,0.6,0.6667,1.0,1.0,0,,,0.978,0.9121,0.9406,0,1.0,1.0,1.0,1.0,0.9622,0.9484,0.9576
seed,0,5,2021-2023,-1,weighted,SHAP,random_forest,total,14,5,5,1.0,0.75,0.8333,1.0,1.0,0,,,0.9824,0.9341,0.9391,0,1.0,1.0,1.0,1.0,0.9488,0.9265,0.9422
seed,0,6,2021-2023,-1,weighted,SHAP,random_forest,total,14,5,5,1.0,0.75,0.8333,1.0,1.0,0,,,0.9648,0.8901,0.92,0,1.0,1.0,1.0,0.9,0.9401,0.9201,0.9419
seed,0,7,2021-2023,-1,weighted,SHAP,random_forest,total,14,5,5,1.0,1.0,1.0,1.0,1.0,0,,,0.9956,0.978,0.993,1,1.0,1.0,1.0,1.0,0.9978,0.9989,1.0
seed,0,8,2021-2023,-1,weighted,SHAP,random_forest,total,14,5,5,1.0,0.6,0.6667,1.0,1.0,0,,,0.9868,0.9341,0.8966,0,1.0,1.0,1.0,1.0,0.8758,0.7692,0.4839
seed,0,9,2021-2023,-1,weighted,SHAP,random_forest,total,14,5,5,1.0,0.4,0.5714,1.0,1.0,0,,,0.9692,0.8901,0.9185,0,1.0,1.0,1.0,1.0,0.944,0.9228,0.942
seed,1,2,2021-2023,-1,weighted,SHAP,random_forest,total,14,5,5,1.0,0.3333,0.4286,1.0,1.0,0,,,0.956,0.8681,0.9104,0,1.0,1.0,1.0,0.9,0.9401,0.9201,0.9419
seed,1,3,2021-2023,-1,weighted,SHAP,random_forest,total,14,5,5,1.0,0.8,0.8,1.0,1.0,0,,,0.9956,0.978,0.9888,1,1.0,1.0,1.0,1.0,0.994,0.9948,0.9995
seed,1,4,2021-2023,-1,weighted,SHAP,random_forest,total,14,5,5,1.0,1.0,1.0,1.0,1.0,0,,,0.9824,0.9341,0.9512,0,1.0,1.0,1.0,1.0,0.9622,0.9484,0.9576
seed,1,5,2021-2023,-1,weighted,SHAP,random_forest,total,14,5,5,1.0,0.8,0.8,1.0,1.0,0,,,0.9736,0.9121,0.9291,0,1.0,1.0,1.0,1.0,0.944,0.9228,0.942
seed,1,6,2021-2023,-1,weighted,SHAP,random_forest,total,14,5,5,1.0,0.8,0.8,1.0,1.0,0,,,0.978,0.9121,0.9301,0,1.0,1.0,1.0,0.9,0.9449,0.9238,0.9421
seed,1,7,2021-2023,-1,weighted,SHAP,random_forest,total,14,5,5,1.0,0.6,0.6667,1.0,1.0,0,,,0.9912,0.956,0.983,1,1.0,1.0,1.0,1.0,0.993,0.9952,0.9998
seed,1,8,2021-2023,-1,weighted,SHAP,random_forest,total,14,5,5,1.0,1.0,1.0,1.0,1.0,0,,,0.978,0.9121,0.8865,0,1.0,1.0,1.0,1.0,0.871,0.7654,0.4837
seed,1,9,2021-2023,-1,weighted,SHAP,random_forest,total,14,5,5,1.0,0.8,0.8,1.0,1.0,0,,,0.9736,0.9121,0.9291,0,1.0,1.0,1.0,1.0,0.944,0.9228,0.942
seed,2,3,2021-2023,-1,weighted,SHAP,random_forest,total,14,5,5,1.0,0.4,0.5714,1.0,1.0,0,,,0.9473,0.8462,0.8997,0,1.0,1.0,1.0,0.9,0.9401,0.9201,0.9419
seed,2,4,2021-2023,-1,weighted,SHAP,random_forest,total,14,5,5,1.0,0.3333,0.4286,1.0,1.0,0,,,0.9385,0.8022,0.8653,0,1.0,1.0,1.0,0.9,0.9354,0.9163,0.9417
seed,2,5,2021-2023,-1,weighted,SHAP,random_forest,total,14,5,5,1.0,0.4,0.5714,1.0,1.0,0,,,0.9692,0.9121,0.959,1,1.0,1.0,1.0,0.9,0.9854,0.9883,0.9992
seed,2,6,2021-2023,-1,weighted,SHAP,random_forest,total,14,5,5,1.0,0.4,0.5714,1.0,1.0,0,,,0.956,0.8681,0.9093,0,1.0,1.0,1.0,0.9,0.9401,0.9201,0.9419
seed,2,7,2021-2023,-1,weighted,SHAP,random_forest,total,14,5,5,1.0,0.5,0.7143,1.0,1.0,0,,,0.956,0.8681,0.9129,0,1.0,1.0,1.0,0.9,0.938,0.919,0.9419
seed,2,8,2021-2023,-1,weighted,SHAP,random_forest,total,14,5,5,1.0,0.3333,0.4286,1.0,1.0,0,,,0.9604,0.8681,0.8604,0,1.0,1.0,1.0,0.9,0.8584,0.7457,0.4575
seed,2,9,2021-2023,-1,weighted,SHAP,random_forest,total,14,5,5,1.0,0.4,0.5714,1.0,1.0,0,,,0.956,0.8681,0.9394,1,1.0,1.0,1.0,0.9,0.9806,0.9846,0.999
seed,3,4,2021-2023,-1,weighted,SHAP,random_forest,total,14,5,5,1.0,0.8,0.8,1.0,1.0,0,,,0.9912,0.956,0.9624,0,1.0,1.0,1.0,1.0,0.9682,0.9536,0.9581
seed,3,5,2021-2023,-1,weighted,SHAP,random_forest,total,14,5,5,1.0,0.6,0.6667,1.0,1.0,0,,,0.9692,0.8901,0.9185,0,1.0,1.0,1.0,1.0,0.944,0.9228,0.942
seed,3,6,2021-2023,-1,weighted,SHAP,random_forest,total,14,5,5,1.0,1.0,1.0,1.0,1.0,0,,,0.9824,0.9341,0.9413,0,1.0,1.0,1.0,0.9,0.9509,0.929,0.9426
seed,3,7,2021-2023,-1,weighted,SHAP,random_forest,total,14,5,5,1.0,0.75,0.8333,1.0,1.0,0,,,0.9824,0.9341,0.9718,1,1.0,1.0,1.0,1.0,0.9871,0.99,0.9993
seed,3,8,2021-2023,-1,weighted,SHAP,random_forest,total,14,5,5,1.0,0.8,0.8,1.0,1.0,0,,,0.9736,0.8901,0.8759,0,1.0,1.0,1.0,1.0,0.871,0.7654,0.4837
seed,3,9,2021-2023,-1,weighted,SHAP,random_forest,total,14,5,5,1.0,0.6,0.6667,1.0,1.0,0,,,0.9824,0.9341,0.9403,0,1.0,1.0,1.0,1.0,0.95,0.928,0.9425
seed,4,5,2021-2023,-1,weighted,SHAP,random_forest,total,14,5,5,1.0,0.8,0.8,1.0,1.0,0,,,0.9692,0.8901,0.9046,0,1.0,1.0,1.0,1.0,0.944,0.9228,0.942
seed,4,6,2021-2023,-1,weighted,SHAP,random_forest,total,14,5,5,1.0,0.8,0.8,1.0,1.0,0,,,0.9824,0.9341,0.9596,0,1.0,1.0,1.0,0.9,0.9731,0.968,0.9841
seed,4,7,2021-2023,-1,weighted,SHAP,random_forest,total,14,5,5,1.0,0.6,0.6667,1.0,1.0,0,,,0.9736,0.8901,0.9336,0,1.0,1.0,1.0,1.0,0.9601,0.9473,0.9576
seed,4,8,2021-2023,-1,weighted,SHAP,random_forest,total,14,5,5,1.0,1.0,1.0,1.0,1.0,0,,,0.9692,0.8901,0.8581,0,1.0,1.0,1.0,1.0,0.844,0.7228,0.442
seed,4,9,2021-2023,-1,weighted,SHAP,random_forest,total,14,5,5,1.0,0.8,0.8,1.0,1.0,0,,,0.9824,0.9341,0.9259,0,1.0,1.0,1.0,1.0,0.9548,0.9317,0.9427
seed,5,6,2021-2023,-1,weighted,SHAP,random_forest,total,14,5,5,1.0,0.6,0.6667,1.0,1.0,0,,,0.956,0.8681,0.9093,0,1.0,1.0,1.0,0.9,0.9401,0.9201,0.9419
seed,5,7,2021-2023,-1,weighted,SHAP,random_forest,total,14,5,5,1.0,0.75,0.8333,1.0,1.0,0,,,0.978,0.9121,0.9321,0,1.0,1.0,1.0,1.0,0.9466,0.9254,0.9422
seed,5,8,2021-2023,-1,weighted,SHAP,random_forest,total,14,5,5,1.0,0.8,0.8,1.0,1.0,0,,,0.9912,0.956,0.9014,0,1.0,1.0,1.0,1.0,0.873,0.7573,0.4583
seed,5,9,2021-2023,-1,weighted,SHAP,random_forest,total,14,5,5,1.0,0.6,0.6667,1.0,1.0,0,,,0.9868,0.956,0.9788,1,1.0,1.0,1.0,1.0,0.9892,0.991,0.9993
seed,6,7,2021-2023,-1,weighted,SHAP,random_forest,total,14,5,5,1.0,0.75,0.8333,1.0,1.0,0,,,0.9604,0.8681,0.913,0,1.0,1.0,1.0,0.9,0.938,0.919,0.9419
seed,6,8,2021-2023,-1,weighted,SHAP,random_forest,total,14,5,5,1.0,0.8,0.8,1.0,1.0,0,,,0.9473,0.8242,0.8139,0,1.0,1.0,1.0,0.9,0.8401,0.7201,0.4419
seed,6,9,2021-2023,-1,weighted,SHAP,random_forest,total,14,5,5,1.0,0.6,0.6667,1.0,1.0,0,,,0.9736,0.9121,0.9313,0,1.0,1.0,1.0,0.9,0.9461,0.9253,0.9424
seed,7,8,2021-2023,-1,weighted,SHAP,random_forest,total,14,5,5,1.0,0.6,0.6667,1.0,1.0,0,,,0.9824,0.9121,0.8895,0,1.0,1.0,1.0,1.0,0.8736,0.7681,0.4839
seed,7,9,2021-2023,-1,weighted,SHAP,random_forest,total,14,5,5,1.0,0.4,0.5714,1.0,1.0,0,,,0.9648,0.8681,0.9115,0,1.0,1.0,1.0,1.0,0.9418,0.9217,0.942
seed,8,9,2021-2023,-1,weighted,SHAP,random_forest,total,14,5,5,1.0,0.8,0.8,1.0,1.0,0,,,0.978,0.9121,0.8802,0,1.0,1.0,1.0,1.0,0.8622,0.7484,0.4576
seed,0,1,2021-2023,-1,weighted,SHAP,xgboost,diag,14,6,5,0.8333,0.4,0.6667,1.0,0.8333,0,Education,,0.9736,0.9341,0.9726,1,1.0,1.0,1.0,0.9,0.9882,0.9916,0.9996
seed,0,2,2021-2023,-1,weighted,SHAP,xgboost,diag,14,6,5,0.8333,0.4,0.6667,1.0,0.8333,0,Education,,0.9516,0.8681,0.9185,0,1.0,1.0,0.8571,0.9,0.9508,0.9382,0.9564
seed,0,3,2021-2023,-1,weighted,SHAP,xgboost,diag,14,6,5,0.8333,0.6,0.8,1.0,0.8333,0,Education,,0.9604,0.8901,0.94,0,1.0,1.0,1.0,0.9,0.964,0.9608,0.9835
seed,0,4,2021-2023,-1,weighted,SHAP,xgboost,diag,14,6,5,0.8333,0.4,0.6667,1.0,0.8333,0,Education,,0.9297,0.8462,0.9158,0,1.0,1.0,1.0,0.9,0.9478,0.9386,0.9572
seed,0,5,2021-2023,-1,weighted,SHAP,xgboost,diag,14,6,5,0.8333,0.4,0.6667,1.0,0.8333,0,Education,,0.9692,0.9121,0.959,1,1.0,1.0,1.0,0.9,0.9854,0.9883,0.9992
seed,0,6,2021-2023,-1,weighted,SHAP,xgboost,diag,14,6,6,1.0,0.4,0.5,1.0,1.0,0,,,0.9429,0.8681,0.941,1,1.0,1.0,1.0,0.9,0.9774,0.9827,0.9989
seed,0,7,2021-2023,-1,weighted,SHAP,xgboost,diag,14,6,5,0.8333,0.4,0.6667,1.0,0.8333,0,Education,,0.9429,0.8681,0.9456,1,1.0,1.0,1.0,0.9,0.9796,0.985,0.9991
seed,0,8,2021-2023,-1,weighted,SHAP,xgboost,diag,14,6,5,0.8333,0.3333,0.5,1.0,0.8333,0,Education,,0.9648,0.9121,0.9596,1,1.0,1.0,1.0,0.9,0.9806,0.9846,0.999
seed,0,9,2021-2023,-1,weighted,SHAP,xgboost,diag,14,6,5,0.8333,0.2,0.5714,1.0,0.8333,0,Education,,0.9736,0.9341,0.9726,1,1.0,1.0,1.0,0.9,0.9882,0.9916,0.9996
seed,1,2,2021-2023,-1,weighted,SHAP,xgboost,diag,14,5,5,1.0,0.5,0.7143,1.0,1.0,0,,,0.9429,0.8462,0.9113,0,1.0,1.0,0.8571,0.9,0.9476,0.9362,0.9564
seed,1,3,2021-2023,-1,weighted,SHAP,xgboost,diag,14,5,5,1.0,0.75,0.8333,1.0,1.0,0,,,0.9912,0.956,0.9675,0,1.0,1.0,1.0,1.0,0.9758,0.9692,0.9839
seed,1,4,2021-2023,-1,weighted,SHAP,xgboost,diag,14,5,5,1.0,0.5,0.7143,1.0,1.0,0,,,0.978,0.9121,0.9436,0,1.0,1.0,1.0,1.0,0.9596,0.9469,0.9576
seed,1,5,2021-2023,-1,weighted,SHAP,xgboost,diag,14,5,5,1.0,0.5,0.7143,1.0,1.0,0,,,0.956,0.8901,0.9517,1,1.0,1.0,1.0,0.9,0.9822,0.9864,0.9992
seed,1,6,2021-2023,-1,weighted,SHAP,xgboost,diag,14,5,6,0.8333,0.2,0.5714,1.0,0.8333,0,,Education,0.9516,0.8901,0.9524,1,1.0,1.0,1.0,0.9,0.9822,0.9864,0.9992
seed,1,7,2021-2023,-1,weighted,SHAP,xgboost,diag,14,5,5,1.0,0.5,0.7143,1.0,1.0,0,,,0.9824,0.9341,0.973,1,1.0,1.0,1.0,1.0,0.9882,0.9914,0.9994
seed,1,8,2021-2023,-1,weighted,SHAP,xgboost,diag,14,5,5,1.0,0.4,0.5714,1.0,1.0,0,,,0.9824,0.9341,0.9705,1,1.0,1.0,1.0,1.0,0.9861,0.9891,0.9993
seed,1,9,2021-2023,-1,weighted,SHAP,xgboost,diag,14,5,5,1.0,0.6667,0.8571,1.0,1.0,0,,,1.0,1.0,1.0,1,1.0,1.0,1.0,1.0,1.0,1.0,1.0
seed,2,3,2021-2023,-1,weighted,SHAP,xgboost,diag,14,5,5,1.0,0.75,0.8333,1.0,1.0,0,,,0.9516,0.8462,0.9007,0,1.0,1.0,0.8571,0.9,0.9354,0.9159,0.9412
seed,2,4,2021-2023,-1,weighted,SHAP,xgboost,diag,14,5,5,1.0,1.0,1.0,1.0,1.0,0,,,0.9516,0.8901,0.9521,1,1.0,1.0,0.8571,0.9,0.978,0.9827,0.9985
seed,2,5,2021-2023,-1,weighted,SHAP,xgboost,diag,14,5,5,1.0,1.0,1.0,1.0,1.0,0,,,0.9912,0.956,0.9597,0,1.0,1.0,0.8571,1.0,0.9654,0.9498,0.9572
seed,2,6,2021-2023,-1,weighted,SHAP,xgboost,diag,14,5,6,0.8333,0.5,0.8333,1.0,0.8333,0,,Education,0.9824,0.9121,0.9415,0,1.0,1.0,0.8571,1.0,0.9575,0.9442,0.957
seed,2,7,2021-2023,-1,weighted,SHAP,xgboost,diag,14,5,5,1.0,1.0,1.0,1.0,1.0,0,,,0.9385,0.8242,0.9071,0,1.0,1.0,0.8571,0.9,0.951,0.94,0.9568
seed,2,8,2021-2023,-1,weighted,SHAP,xgboost,diag,14,5,5,1.0,0.75,0.8333,1.0,1.0,0,,,0.978,0.9121,0.9407,0,1.0,1.0,0.8571,0.9,0.9568,0.9434,0.9569
seed,2,9,2021-2023,-1,weighted,SHAP,xgboost,diag,14,5,5,1.0,0.6667,0.8571,1.0,1.0,0,,,0.9429,0.8462,0.9113,0,1.0,1.0,0.8571,0.9,0.9476,0.9362,0.9564
seed,3,4,2021-2023,-1,weighted,SHAP,xgboost,diag,14,5,5,1.0,0.75,0.8333,1.0,1.0,0,,,0.978,0.9121,0.9327,0,1.0,1.0,1.0,1.0,0.9474,0.9266,0.9425
seed,3,5,2021-2023,-1,weighted,SHAP,xgboost,diag,14,5,5,1.0,0.75,0.8333,1.0,1.0,0,,,0.9648,0.8901,0.9418,0,1.0,1.0,1.0,0.9,0.9699,0.966,0.984
seed,3,6,2021-2023,-1,weighted,SHAP,xgboost,diag,14,5,6,0.8333,0.4,0.6667,1.0,0.8333,0,,Education,0.9648,0.8901,0.9426,0,1.0,1.0,1.0,0.9,0.9699,0.966,0.984
seed,3,7,2021-2023,-1,weighted,SHAP,xgboost,diag,14,5,5,1.0,0.75,0.8333,1.0,1.0,0,,,0.9824,0.9341,0.9629,0,1.0,1.0,1.0,1.0,0.976,0.971,0.9843
seed,3,8,2021-2023,-1,weighted,SHAP,xgboost,diag,14,5,5,1.0,0.6,0.6667,1.0,1.0,0,,,0.9868,0.9341,0.9605,0,1.0,1.0,1.0,1.0,0.9738,0.9687,0.9841
seed,3,9,2021-2023,-1,weighted,SHAP,xgboost,diag,14,5,5,1.0,0.5,0.7143,1.0,1.0,0,,,0.9912,0.956,0.9675,0,1.0,1.0,1.0,1.0,0.9758,0.9692,0.9839
seed,4,5,2021-2023,-1,weighted,SHAP,xgboost,diag,14,5,5,1.0,1.0,1.0,1.0,1.0,0,,,0.9516,0.8901,0.9372,0,1.0,1.0,1.0,0.9,0.9586,0.9475,0.958
seed,4,6,2021-2023,-1,weighted,SHAP,xgboost,diag,14,5,6,0.8333,0.5,0.8333,1.0,0.8333,0,,Education,0.9648,0.8901,0.9388,0,1.0,1.0,1.0,0.9,0.9633,0.9513,0.9582
seed,4,7,2021-2023,-1,weighted,SHAP,xgboost,diag,14,5,5,1.0,1.0,1.0,1.0,1.0,0,,,0.9868,0.9341,0.9542,0,1.0,1.0,1.0,1.0,0.965,0.9517,0.9581
seed,4,8,2021-2023,-1,weighted,SHAP,xgboost,diag,14,5,5,1.0,0.75,0.8333,1.0,1.0,0,,,0.9824,0.9341,0.9565,0,1.0,1.0,1.0,1.0,0.9672,0.9539,0.9583
seed,4,9,2021-2023,-1,weighted,SHAP,xgboost,diag,14,5,5,1.0,0.6667,0.8571,1.0,1.0,0,,,0.978,0.9121,0.9436,0,1.0,1.0,1.0,1.0,0.9596,0.9469,0.9576
seed,5,6,2021-2023,-1,weighted,SHAP,xgboost,diag,14,5,6,0.8333,0.5,0.8333,1.0,0.8333,0,,Education,0.9912,0.956,0.9818,1,1.0,1.0,1.0,1.0,0.992,0.9943,0.9997
seed,5,7,2021-2023,-1,weighted,SHAP,xgboost,diag,14,5,5,1.0,1.0,1.0,1.0,1.0,0,,,0.9473,0.8681,0.9474,1,1.0,1.0,1.0,0.9,0.9856,0.9902,0.9996
seed,5,8,2021-2023,-1,weighted,SHAP,xgboost,diag,14,5,5,1.0,0.75,0.8333,1.0,1.0,0,,,0.9868,0.956,0.9809,1,1.0,1.0,1.0,0.9,0.9913,0.9936,0.9997
seed,5,9,2021-2023,-1,weighted,SHAP,xgboost,diag,14,5,5,1.0,0.6667,0.8571,1.0,1.0,0,,,0.956,0.8901,0.9517,1,1.0,1.0,1.0,0.9,0.9822,0.9864,0.9992
seed,6,7,2021-2023,-1,weighted,SHAP,xgboost,diag,14,6,5,0.8333,0.5,0.8333,1.0,0.8333,0,Education,,0.9473,0.8681,0.9483,1,1.0,1.0,1.0,0.9,0.9824,0.9883,0.9996
seed,6,8,2021-2023,-1,weighted,SHAP,xgboost,diag,14,6,5,0.8333,0.75,1.0,1.0,0.8333,0,Education,,0.9868,0.956,0.9827,1,1.0,1.0,1.0,0.9,0.993,0.9954,0.9999
seed,6,9,2021-2023,-1,weighted,SHAP,xgboost,diag,14,6,5,0.8333,0.25,0.7143,1.0,0.8333,0,Education,,0.9516,0.8901,0.9524,1,1.0,1.0,1.0,0.9,0.9822,0.9864,0.9992
seed,7,8,2021-2023,-1,weighted,SHAP,xgboost,diag,14,5,5,1.0,0.75,0.8333,1.0,1.0,0,,,0.978,0.9121,0.9662,1,1.0,1.0,1.0,1.0,0.9894,0.9929,0.9997
seed,7,9,2021-2023,-1,weighted,SHAP,xgboost,diag,14,5,5,1.0,0.6667,0.8571,1.0,1.0,0,,,0.9824,0.9341,0.973,1,1.0,1.0,1.0,1.0,0.9882,0.9914,0.9994
seed,8,9,2021-2023,-1,weighted,SHAP,xgboost,diag,14,5,5,1.0,0.5,0.7143,1.0,1.0,0,,,0.9824,0.9341,0.9705,1,1.0,1.0,1.0,1.0,0.9861,0.9891,0.9993
seed,0,1,2021-2023,-1,weighted,SHAP,xgboost,lab,14,4,5,0.8,0.4,0.7143,1.0,0.8,0,,Education,0.9868,0.956,0.9809,1,1.0,1.0,1.0,0.9,0.9913,0.9936,0.9997
seed,0,2,2021-2023,-1,weighted,SHAP,xgboost,lab,14,4,4,1.0,0.75,0.8571,1.0,1.0,0,,,0.9824,0.9341,0.9683,1,1.0,1.0,0.8571,0.9,0.9838,0.9861,0.9986
seed,0,3,2021-2023,-1,weighted,SHAP,xgboost,lab,14,4,4,1.0,0.6,0.7143,1.0,1.0,0,,,0.9868,0.956,0.9809,1,1.0,1.0,1.0,0.9,0.9913,0.9936,0.9997
seed,0,4,2021-2023,-1,weighted,SHAP,xgboost,lab,14,4,6,0.6667,0.1667,0.5714,1.0,0.6667,0,,"Education,HighBP",0.978,0.9121,0.9501,0,1.0,1.0,1.0,0.9,0.9731,0.968,0.9841
seed,0,5,2021-2023,-1,weighted,SHAP,xgboost,lab,14,4,5,0.8,0.3333,0.5714,1.0,0.8,0,,Education,0.9868,0.956,0.9809,1,1.0,1.0,1.0,0.9,0.9913,0.9936,0.9997
seed,0,6,2021-2023,-1,weighted,SHAP,xgboost,lab,14,4,4,0.6,0.4,0.8571,0.75,1.0,1,HighChol,Education,0.956,0.8681,0.924,0,0.8,1.0,1.0,0.9,0.9568,0.9497,0.9778
seed,0,7,2021-2023,-1,weighted,SHAP,xgboost,lab,14,4,5,0.8,0.5,0.8571,1.0,0.8,0,,Education,0.9868,0.956,0.9809,1,1.0,1.0,1.0,0.9,0.9913,0.9936,0.9997
seed,0,8,2021-2023,-1,weighted,SHAP,xgboost,lab,14,4,4,1.0,0.75,0.8571,1.0,1.0,0,,,0.9824,0.9341,0.9739,1,1.0,1.0,1.0,0.9,0.9892,0.9925,0.9997
seed,0,9,2021-2023,-1,weighted,SHAP,xgboost,lab,14,4,5,0.8,0.4,0.7143,1.0,0.8,0,,Education,0.9824,0.9341,0.9714,1,1.0,1.0,1.0,0.9,0.9913,0.9936,0.9997
seed,1,2,2021-2023,-1,weighted,SHAP,xgboost,lab,14,5,4,0.8,0.6,0.8333,1.0,0.8,0,Education,,0.9956,0.978,0.9873,1,1.0,1.0,0.8571,1.0,0.9924,0.9925,0.9989
seed,1,3,2021-2023,-1,weighted,SHAP,xgboost,lab,14,5,4,0.8,0.8,1.0,1.0,0.8,0,Education,,1.0,1.0,1.0,1,1.0,1.0,1.0,1.0,1.0,1.0,1.0
seed,1,4,2021-2023,-1,weighted,SHAP,xgboost,lab,14,5,6,0.8333,0.6,0.8,1.0,0.8333,0,,HighBP,0.9912,0.956,0.9687,0,1.0,1.0,1.0,1.0,0.977,0.9707,0.9842
seed,1,5,2021-2023,-1,weighted,SHAP,xgboost,lab,14,5,5,1.0,0.8,0.8,1.0,1.0,0,,,1.0,1.0,1.0,1,1.0,1.0,1.0,1.0,1.0,1.0,1.0
seed,1,6,2021-2023,-1,weighted,SHAP,xgboost,lab,14,5,4,0.8,0.6,0.8333,1.0,0.8,0,HighChol,,0.978,0.9121,0.9427,0,0.8,1.0,1.0,1.0,0.9607,0.9523,0.9779
seed,1,7,2021-2023,-1,weighted,SHAP,xgboost,lab,14,5,5,1.0,0.75,0.8333,1.0,1.0,0,,,1.0,1.0,1.0,1,1.0,1.0,1.0,1.0,1.0,1.0,1.0
seed,1,8,2021-2023,-1,weighted,SHAP,xgboost,lab,14,5,4,0.8,0.6,0.8333,1.0,0.8,0,Education,,0.9956,0.978,0.993,1,1.0,1.0,1.0,1.0,0.9978,0.9989,1.0
seed,1,9,2021-2023,-1,weighted,SHAP,xgboost,lab,14,5,5,1.0,0.6,0.6667,1.0,1.0,0,,,0.9956,0.978,0.99,1,1.0,1.0,1.0,1.0,0.9952,0.9963,0.9998
seed,2,3,2021-2023,-1,weighted,SHAP,xgboost,lab,14,4,4,1.0,0.8,0.8333,1.0,1.0,0,,,0.9956,0.978,0.9873,1,1.0,1.0,0.8571,1.0,0.9924,0.9925,0.9989
seed,2,4,2021-2023,-1,weighted,SHAP,xgboost,lab,14,4,6,0.6667,0.3333,0.6667,1.0,0.6667,0,,"Education,HighBP",0.9868,0.9341,0.956,0,1.0,1.0,0.8571,1.0,0.9694,0.9632,0.983
seed,2,5,2021-2023,-1,weighted,SHAP,xgboost,lab,14,4,5,0.8,0.5,0.6667,1.0,0.8,0,,Education,0.9956,0.978,0.9873,1,1.0,1.0,0.8571,1.0,0.9924,0.9925,0.9989
seed,2,6,2021-2023,-1,weighted,SHAP,xgboost,lab,14,4,4,0.6,0.6,1.0,0.75,1.0,1,HighChol,Education,0.9736,0.8901,0.9301,0,0.8,1.0,0.8571,1.0,0.9531,0.9448,0.9767
seed,2,7,2021-2023,-1,weighted,SHAP,xgboost,lab,14,4,5,0.8,0.75,1.0,1.0,0.8,0,,Education,0.9956,0.978,0.9873,1,1.0,1.0,0.8571,1.0,0.9924,0.9925,0.9989
seed,2,8,2021-2023,-1,weighted,SHAP,xgboost,lab,14,4,4,1.0,1.0,1.0,1.0,1.0,0,,,0.9912,0.956,0.9803,1,1.0,1.0,0.8571,1.0,0.9902,0.9915,0.9989
seed,2,9,2021-2023,-1,weighted,SHAP,xgboost,lab,14,4,5,0.8,0.6,0.8333,1.0,0.8,0,,Education,0.9912,0.956,0.9773,1,1.0,1.0,0.8571,1.0,0.9876,0.9888,0.9987
seed,3,4,2021-2023,-1,weighted,SHAP,xgboost,lab,14,4,6,0.6667,0.5,0.8,1.0,0.6667,0,,"Education,HighBP",0.9912,0.956,0.9687,0,1.0,1.0,1.0,1.0,0.977,0.9707,0.9842
seed,3,5,2021-2023,-1,weighted,SHAP,xgboost,lab,14,4,5,0.8,0.6667,0.8,1.0,0.8,0,,Education,1.0,1.0,1.0,1,1.0,1.0,1.0,1.0,1.0,1.0,1.0
seed,3,6,2021-2023,-1,weighted,SHAP,xgboost,lab,14,4,4,0.6,0.5,0.8333,0.75,1.0,1,HighChol,Education,0.978,0.9121,0.9427,0,0.8,1.0,1.0,1.0,0.9607,0.9523,0.9779
seed,3,7,2021-2023,-1,weighted,SHAP,xgboost,lab,14,4,5,0.8,0.6,0.8333,1.0,0.8,0,,Education,1.0,1.0,1.0,1,1.0,1.0,1.0,1.0,1.0,1.0,1.0
seed,3,8,2021-2023,-1,weighted,SHAP,xgboost,lab,14,4,4,1.0,0.8,0.8333,1.0,1.0,0,,,0.9956,0.978,0.993,1,1.0,1.0,1.0,1.0,0.9978,0.9989,1.0
seed,3,9,2021-2023,-1,weighted,SHAP,xgboost,lab,14,4,5,0.8,0.5,0.6667,1.0,0.8,0,,Education,0.9956,0.978,0.99,1,1.0,1.0,1.0,1.0,0.9952,0.9963,0.9998
seed,4,5,2021-2023,-1,weighted,SHAP,xgboost,lab,14,6,5,0.8333,0.8,1.0,1.0,0.8333,0,HighBP,,0.9912,0.956,0.9687,0,1.0,1.0,1.0,1.0,0.977,0.9707,0.9842
seed,4,6,2021-2023,-1,weighted,SHAP,xgboost,lab,14,6,4,0.6667,0.3333,0.6667,1.0,0.6667,0,"HighBP,HighChol",,0.9912,0.956,0.9744,0,0.8,1.0,1.0,1.0,0.9837,0.9817,0.9937
seed,4,7,2021-2023,-1,weighted,SHAP,xgboost,lab,14,6,5,0.8333,0.4,0.6667,1.0,0.8333,0,HighBP,,0.9912,0.956,0.9687,0,1.0,1.0,1.0,1.0,0.977,0.9707,0.9842
seed,4,8,2021-2023,-1,weighted,SHAP,xgboost,lab,14,6,4,0.6667,0.3333,0.6667,1.0,0.6667,0,"Education,HighBP",,0.9868,0.9341,0.9617,0,1.0,1.0,1.0,1.0,0.9748,0.9696,0.9841
seed,4,9,2021-2023,-1,weighted,SHAP,xgboost,lab,14,6,5,0.8333,0.6,0.8,1.0,0.8333,0,HighBP,,0.9956,0.978,0.9787,0,1.0,1.0,1.0,1.0,0.9818,0.9744,0.9844
seed,5,6,2021-2023,-1,weighted,SHAP,xgboost,lab,14,5,4,0.8,0.5,0.6667,1.0,0.8,0,HighChol,,0.978,0.9121,0.9427,0,0.8,1.0,1.0,1.0,0.9607,0.9523,0.9779
seed,5,7,2021-2023,-1,weighted,SHAP,xgboost,lab,14,5,5,1.0,0.6,0.6667,1.0,1.0,0,,,1.0,1.0,1.0,1,1.0,1.0,1.0,1.0,1.0,1.0,1.0
seed,5,8,2021-2023,-1,weighted,SHAP,xgboost,lab,14,5,4,0.8,0.5,0.6667,1.0,0.8,0,Education,,0.9956,0.978,0.993,1,1.0,1.0,1.0,1.0,0.9978,0.9989,1.0
seed,5,9,2021-2023,-1,weighted,SHAP,xgboost,lab,14,5,5,1.0,0.8,0.8,1.0,1.0,0,,,0.9956,0.978,0.99,1,1.0,1.0,1.0,1.0,0.9952,0.9963,0.9998
seed,6,7,2021-2023,-1,weighted,SHAP,xgboost,lab,14,4,5,0.8,0.75,1.0,1.0,0.8,0,,HighChol,0.978,0.9121,0.9427,0,0.8,1.0,1.0,1.0,0.9607,0.9523,0.9779
seed,6,8,2021-2023,-1,weighted,SHAP,xgboost,lab,14,4,4,0.6,0.6,1.0,0.75,1.0,1,Education,HighChol,0.9736,0.8901,0.9357,0,0.8,1.0,1.0,1.0,0.9585,0.9513,0.9779
seed,6,9,2021-2023,-1,weighted,SHAP,xgboost,lab,14,4,5,0.8,0.6,0.8333,1.0,0.8,0,,HighChol,0.9824,0.9341,0.9527,0,0.8,1.0,1.0,1.0,0.9655,0.9561,0.9781
seed,7,8,2021-2023,-1,weighted,SHAP,xgboost,lab,14,5,4,0.8,0.75,1.0,1.0,0.8,0,Education,,0.9956,0.978,0.993,1,1.0,1.0,1.0,1.0,0.9978,0.9989,1.0
seed,7,9,2021-2023,-1,weighted,SHAP,xgboost,lab,14,5,5,1.0,0.75,0.8333,1.0,1.0,0,,,0.9956,0.978,0.99,1,1.0,1.0,1.0,1.0,0.9952,0.9963,0.9998
seed,8,9,2021-2023,-1,weighted,SHAP,xgboost,lab,14,4,5,0.8,0.6,0.8333,1.0,0.8,0,,Education,0.9912,0.956,0.983,1,1.0,1.0,1.0,1.0,0.993,0.9952,0.9998
seed,0,1,2021-2023,-1,weighted,SHAP,xgboost,total,14,5,5,1.0,0.4,0.5714,1.0,1.0,0,,,0.9604,0.8901,0.9337,0,1.0,1.0,1.0,0.9,0.9552,0.9437,0.9575
seed,0,2,2021-2023,-1,weighted,SHAP,xgboost,total,14,5,5,1.0,0.5,0.7143,1.0,1.0,0,,,0.9648,0.9121,0.9568,1,1.0,1.0,0.8571,0.9,0.9778,0.9809,0.9981
seed,0,3,2021-2023,-1,weighted,SHAP,xgboost,total,14,5,5,1.0,0.4,0.5714,1.0,1.0,0,,,0.9473,0.8681,0.9248,0,1.0,1.0,1.0,0.9,0.9552,0.9437,0.9575
seed,0,4,2021-2023,-1,weighted,SHAP,xgboost,total,14,5,5,1.0,0.5,0.7143,1.0,1.0,0,,,0.9736,0.9341,0.9696,1,1.0,1.0,1.0,0.9,0.9854,0.9883,0.9992
seed,0,5,2021-2023,-1,weighted,SHAP,xgboost,total,14,5,4,0.8,0.5,0.8571,1.0,0.8,0,HighBP,,0.9736,0.9341,0.9696,1,1.0,1.0,1.0,0.9,0.9854,0.9883,0.9992
seed,0,6,2021-2023,-1,weighted,SHAP,xgboost,total,14,5,6,0.8333,0.2,0.5714,1.0,0.8333,0,,Education,0.9473,0.8681,0.9303,0,1.0,1.0,1.0,0.9,0.964,0.9608,0.9835
seed,0,7,2021-2023,-1,weighted,SHAP,xgboost,total,14,5,5,1.0,0.5,0.7143,1.0,1.0,0,,,0.978,0.9121,0.9429,0,1.0,1.0,1.0,1.0,0.9591,0.9464,0.9576
seed,0,8,2021-2023,-1,weighted,SHAP,xgboost,total,14,5,5,1.0,0.5,0.7143,1.0,1.0,0,,,0.9736,0.9341,0.9696,1,1.0,1.0,1.0,0.9,0.9854,0.9883,0.9992
seed,0,9,2021-2023,-1,weighted,SHAP,xgboost,total,14,5,5,1.0,0.5,0.7143,1.0,1.0,0,,,0.9516,0.8901,0.9335,0,1.0,1.0,1.0,0.9,0.9552,0.9437,0.9575
seed,1,2,2021-2023,-1,weighted,SHAP,xgboost,total,14,5,5,1.0,0.75,0.8333,1.0,1.0,0,,,0.9736,0.8901,0.9338,0,1.0,1.0,0.8571,0.9,0.9584,0.9452,0.9571
seed,1,3,2021-2023,-1,weighted,SHAP,xgboost,total,14,5,5,1.0,1.0,1.0,1.0,1.0,0,,,0.9956,0.978,0.9918,1,1.0,1.0,1.0,1.0,0.9968,0.998,1.0
seed,1,4,2021-2023,-1,weighted,SHAP,xgboost,total,14,5,5,1.0,0.75,0.8333,1.0,1.0,0,,,0.978,0.9121,0.9464,0,1.0,1.0,1.0,0.9,0.966,0.9527,0.9582
seed,1,5,2021-2023,-1,weighted,SHAP,xgboost,total,14,5,4,0.8,0.4,0.7143,1.0,0.8,0,HighBP,,0.978,0.9121,0.9464,0,1.0,1.0,1.0,0.9,0.966,0.9527,0.9582
seed,1,6,2021-2023,-1,weighted,SHAP,xgboost,total,14,5,6,0.8333,0.4,0.6667,1.0,0.8333,0,,Education,0.9604,0.8901,0.9229,0,1.0,1.0,1.0,0.9,0.9429,0.9234,0.9423
seed,1,7,2021-2023,-1,weighted,SHAP,xgboost,total,14,5,5,1.0,0.75,0.8333,1.0,1.0,0,,,0.9956,0.978,0.991,1,1.0,1.0,1.0,0.9,0.9961,0.9973,0.9999
seed,1,8,2021-2023,-1,weighted,SHAP,xgboost,total,14,5,5,1.0,0.75,0.8333,1.0,1.0,0,,,0.978,0.9121,0.9464,0,1.0,1.0,1.0,0.9,0.966,0.9527,0.9582
seed,1,9,2021-2023,-1,weighted,SHAP,xgboost,total,14,5,5,1.0,0.75,0.8333,1.0,1.0,0,,,0.9868,0.956,0.9827,1,1.0,1.0,1.0,0.9,0.993,0.9954,0.9999
seed,2,3,2021-2023,-1,weighted,SHAP,xgboost,total,14,5,5,1.0,0.75,0.8333,1.0,1.0,0,,,0.978,0.9121,0.9424,0,1.0,1.0,0.8571,0.9,0.9584,0.9452,0.9571
seed,2,4,2021-2023,-1,weighted,SHAP,xgboost,total,14,5,5,1.0,1.0,1.0,1.0,1.0,0,,,0.9956,0.978,0.9873,1,1.0,1.0,0.8571,1.0,0.9924,0.9925,0.9989
seed,2,5,2021-2023,-1,weighted,SHAP,xgboost,total,14,5,4,0.8,0.5,0.8571,1.0,0.8,0,HighBP,,0.9956,0.978,0.9873,1,1.0,1.0,0.8571,1.0,0.9924,0.9925,0.9989
seed,2,6,2021-2023,-1,weighted,SHAP,xgboost,total,14,5,6,0.8333,0.5,0.8333,1.0,0.8333,0,,Education,0.9824,0.9121,0.9478,0,1.0,1.0,0.8571,1.0,0.9662,0.9612,0.983
seed,2,7,2021-2023,-1,weighted,SHAP,xgboost,total,14,5,5,1.0,1.0,1.0,1.0,1.0,0,,,0.978,0.9121,0.9424,0,1.0,1.0,0.8571,0.9,0.9584,0.9452,0.9571
seed,2,8,2021-2023,-1,weighted,SHAP,xgboost,total,14,5,5,1.0,1.0,1.0,1.0,1.0,0,,,0.9956,0.978,0.9873,1,1.0,1.0,0.8571,1.0,0.9924,0.9925,0.9989
seed,2,9,2021-2023,-1,weighted,SHAP,xgboost,total,14,5,5,1.0,1.0,1.0,1.0,1.0,0,,,0.9868,0.9341,0.9515,0,1.0,1.0,0.8571,1.0,0.9622,0.9479,0.9572
seed,3,4,2021-2023,-1,weighted,SHAP,xgboost,total,14,5,5,1.0,0.75,0.8333,1.0,1.0,0,,,0.9824,0.9341,0.9551,0,1.0,1.0,1.0,0.9,0.966,0.9527,0.9582
seed,3,5,2021-2023,-1,weighted,SHAP,xgboost,total,14,5,4,0.8,0.4,0.7143,1.0,0.8,0,HighBP,,0.9824,0.9341,0.9551,0,1.0,1.0,1.0,0.9,0.966,0.9527,0.9582
seed,3,6,2021-2023,-1,weighted,SHAP,xgboost,total,14,5,6,0.8333,0.4,0.6667,1.0,0.8333,0,,Education,0.9736,0.9121,0.9313,0,1.0,1.0,1.0,0.9,0.9461,0.9253,0.9424
seed,3,7,2021-2023,-1,weighted,SHAP,xgboost,total,14,5,5,1.0,0.75,0.8333,1.0,1.0,0,,,0.9868,0.956,0.9827,1,1.0,1.0,1.0,0.9,0.993,0.9954,0.9999
seed,3,8,2021-2023,-1,weighted,SHAP,xgboost,total,14,5,5,1.0,0.75,0.8333,1.0,1.0,0,,,0.9824,0.9341,0.9551,0,1.0,1.0,1.0,0.9,0.966,0.9527,0.9582
seed,3,9,2021-2023,-1,weighted,SHAP,xgboost,total,14,5,5,1.0,0.75,0.8333,1.0,1.0,0,,,0.9956,0.978,0.991,1,1.0,1.0,1.0,0.9,0.9961,0.9973,0.9999
seed,4,5,2021-2023,-1,weighted,SHAP,xgboost,total,14,5,4,0.8,0.5,0.8571,1.0,0.8,0,HighBP,,1.0,1.0,1.0,1,1.0,1.0,1.0,1.0,1.0,1.0,1.0
seed,4,6,2021-2023,-1,weighted,SHAP,xgboost,total,14,5,6,0.8333,0.5,0.8333,1.0,0.8333,0,,Education,0.9868,0.9341,0.9605,0,1.0,1.0,1.0,1.0,0.9738,0.9687,0.9841
seed,4,7,2021-2023,-1,weighted,SHAP,xgboost,total,14,5,5,1.0,1.0,1.0,1.0,1.0,0,,,0.9824,0.9341,0.9551,0,1.0,1.0,1.0,0.9,0.966,0.9527,0.9582
seed,4,8,2021-2023,-1,weighted,SHAP,xgboost,total,14,5,5,1.0,1.0,1.0,1.0,1.0,0,,,1.0,1.0,1.0,1,1.0,1.0,1.0,1.0,1.0,1.0,1.0
seed,4,9,2021-2023,-1,weighted,SHAP,xgboost,total,14,5,5,1.0,1.0,1.0,1.0,1.0,0,,,0.9912,0.956,0.9642,0,1.0,1.0,1.0,1.0,0.9698,0.9554,0.9583
seed,5,6,2021-2023,-1,weighted,SHAP,xgboost,total,14,4,6,0.6667,0.2,0.7143,1.0,0.6667,0,,"Education,HighBP",0.9868,0.9341,0.9605,0,1.0,1.0,1.0,1.0,0.9738,0.9687,0.9841
seed,5,7,2021-2023,-1,weighted,SHAP,xgboost,total,14,4,5,0.8,0.5,0.8571,1.0,0.8,0,,HighBP,0.9824,0.9341,0.9551,0,1.0,1.0,1.0,0.9,0.966,0.9527,0.9582
seed,5,8,2021-2023,-1,weighted,SHAP,xgboost,total,14,4,5,0.8,0.5,0.8571,1.0,0.8,0,,HighBP,1.0,1.0,1.0,1,1.0,1.0,1.0,1.0,1.0,1.0,1.0
seed,5,9,2021-2023,-1,weighted,SHAP,xgboost,total,14,4,5,0.8,0.5,0.8571,1.0,0.8,0,,HighBP,0.9912,0.956,0.9642,0,1.0,1.0,1.0,1.0,0.9698,0.9554,0.9583
seed,6,7,2021-2023,-1,weighted,SHAP,xgboost,total,14,6,5,0.8333,0.5,0.8333,1.0,0.8333,0,Education,,0.956,0.8681,0.9142,0,1.0,1.0,1.0,0.9,0.9429,0.9234,0.9423
seed,6,8,2021-2023,-1,weighted,SHAP,xgboost,total,14,6,5,0.8333,0.5,0.8333,1.0,0.8333,0,Education,,0.9868,0.9341,0.9605,0,1.0,1.0,1.0,1.0,0.9738,0.9687,0.9841
seed,6,9,2021-2023,-1,weighted,SHAP,xgboost,total,14,6,5,0.8333,0.5,0.8333,1.0,0.8333,0,Education,,0.9824,0.9341,0.9403,0,1.0,1.0,1.0,1.0,0.95,0.928,0.9425
seed,7,8,2021-2023,-1,weighted,SHAP,xgboost,total,14,5,5,1.0,1.0,1.0,1.0,1.0,0,,,0.9824,0.9341,0.9551,0,1.0,1.0,1.0,0.9,0.966,0.9527,0.9582
seed,7,9,2021-2023,-1,weighted,SHAP,xgboost,total,14,5,5,1.0,1.0,1.0,1.0,1.0,0,,,0.9824,0.9341,0.974,1,1.0,1.0,1.0,0.9,0.993,0.9954,0.9999
seed,8,9,2021-2023,-1,weighted,SHAP,xgboost,total,14,5,5,1.0,1.0,1.0,1.0,1.0,0,,,0.9912,0.956,0.9642,0,1.0,1.0,1.0,1.0,0.9698,0.9554,0.9583
