HighBP,HighChol,CholCheck,BMI,Smoker,Stroke,HeartDiseaseorAttack,PhysActivity,Fruits,Veggies,HvyAlcoholConsump,AnyHealthcare,NoDocbcCost,GenHlth,MentHlth,PhysHlth,DiffWalk,Sex,Age,Education,Income,y_true,y_pred
1,1,0,15.83,1,0,0,1,1,1,1,1,0,2,30,30,0,1,10,5,6,1,0
1,0,1,24.28,0,1,0,1,0,1,1,1,0,2,10,30,0,1,10,5,6,1,0
1,0,0,25.82,0,0,0,1,1,1,1,1,0,3,30,30,0,2,10,5,5,1,0
1,1,0,31.18,0,0,0,1,1,1,1,1,0,3,15,30,0,2,5,6,6,1,0
1,1,0,28.7,0,0,0,1,1,1,1,1,0,3,30,1,0,1,5,5,6,1,0
1,0,0,23.17,1,0,0,0,1,0,1,1,0,2,30,30,0,2,1,5,5,1,0
1,0,0,32.28,0,0,0,1,1,1,1,1,1,4,5,3,1,2,6,5,6,1,0
1,0,0,28.32,0,0,0,1,1,1,1,1,0,3,30,30,0,2,10,6,6,1,0
1,0,0,30.36,0,0,0,1,0,0,1,1,0,3,30,30,0,2,10,4,6,1,0
1,0,1,28.8,1,0,0,1,0,1,1,1,0,3,30,30,0,1,10,6,1,1,0
1,0,0,29.29,0,0,0,1,1,0,1,1,0,1,30,30,0,2,10,6,6,1,0
1,0,0,27.44,0,0,0,1,1,1,1,1,0,2,1,1,0,1,10,3,6,1,0
1,0,0,21.92,0,0,0,1,0,1,1,1,0,2,3,30,0,2,12,6,4,1,0
1,0,0,22.85,0,0,0,1,1,1,1,1,0,2,30,30,0,1,10,5,3,1,0
1,0,0,35.94,0,0,0,1,1,1,1,1,0,4,21,30,0,1,3,4,6,1,0
1,1,0,25.83,0,0,0,1,0,0,1,1,0,1,30,30,0,1,5,6,11,1,0
1,0,0,22.89,1,0,0,1,1,1,1,0,1,4,30,30,0,1,10,5,5,1,0
1,1,0,26.22,0,0,0,1,1,1,0,1,0,3,30,30,0,2,11,6,6,1,0
1,1,0,21.77,0,0,0,1,1,1,1,1,0,2,30,30,0,1,10,6,10,1,0
1,0,0,27.44,0,0,0,1,0,1,1,1,0,2,30,30,0,1,4,6,6,1,0
1,0,1,32.99,0,0,0,1,1,1,1,1,0,3,3,30,1,1,10,5,3,1,0
1,0,0,24.53,1,0,0,1,1,1,1,1,0,2,30,30,0,2,11,5,6,1,0
1,0,0,27.55,0,0,0,1,1,1,1,1,0,3,30,30,0,1,10,6,6,1,0
1,1,0,28.7,0,0,0,1,1,1,0,1,0,3,5,30,0,1,10,5,6,1,0
1,1,0,21.54,0,0,0,1,1,1,1,1,0,3,30,30,1,2,10,6,6,1,0
1,1,0,22.53,0,0,0,0,1,0,1,0,0,2,30,30,0,1,10,6,6,1,0
1,1,0,25.52,0,0,0,1,1,1,1,1,0,2,30,30,0,1,11,6,10,1,0
1,0,0,24.21,0,0,0,0,1,1,1,1,0,2,28,30,0,2,13,5,6,1,0
1,0,0,27.37,0,0,0,0,0,1,1,1,0,2,30,2,0,1,6,5,6,1,0
1,0,1,25.11,1,0,0,1,1,1,1,1,0,2,30,30,0,1,3,5,6,1,0
1,0,0,32.61,0,0,0,1,0,0,1,1,0,3,30,30,0,2,10,6,6,1,0
1,0,0,25.11,1,0,0,1,1,1,1,1,0,3,30,30,0,1,12,6,6,1,0
1,0,0,28.6,0,0,0,1,1,1,1,1,0,2,30,4,0,1,12,6,6,1,0
1,0,0,18.56,0,0,0,1,1,0,1,1,0,3,30,30,0,1,2,4,6,1,0
1,0,0,28.75,1,0,0,0,0,1,1,1,0,3,10,30,0,1,6,6,5,1,0
1,0,1,27.44,1,0,0,0,0,1,1,1,0,1,30,30,0,2,2,6,6,1,0
1,1,0,26.63,1,0,0,0,0,1,1,1,0,3,15,20,0,1,6,5,5,1,0
1,1,0,32.92,1,0,0,1,0,1,1,1,0,1,30,30,0,2,10,4,6,1,0
1,0,1,20.23,0,0,0,1,0,0,1,1,0,4,30,30,0,1,1,4,1,1,0
1,0,0,27.37,0,0,0,1,1,1,1,1,0,2,30,10,0,2,13,6,6,1,0
1,1,0,35.24,0,0,0,1,1,1,1,1,0,1,2,30,0,2,10,6,6,1,0
1,0,0,26.39,1,0,0,1,0,1,1,1,0,2,30,30,0,1,12,6,6,1,0
1,1,0,27.44,0,0,0,1,1,1,1,1,0,2,30,30,0,1,10,6,6,1,0
1,0,0,19.58,0,1,0,1,0,1,1,1,0,3,2,30,0,2,13,3,6,1,0
1,0,0,27.44,0,0,0,1,1,1,1,1,0,3,30,30,0,2,11,4,6,1,0
1,0,0,28.89,1,0,0,1,1,1,1,1,0,3,30,30,0,1,10,5,6,1,0
1,0,0,39.45,1,0,0,1,1,1,1,1,0,3,30,5,0,1,4,2,6,1,0
1,1,0,30.04,0,0,0,1,0,1,1,1,0,1,1,30,0,1,1,4,5,1,0
1,0,0,30.3,0,0,0,1,1,1,1,1,0,2,30,1,0,2,12,5,6,1,0
1,0,0,27.44,0,0,0,1,1,1,1,1,0,3,15,30,0,2,10,6,6,1,0
1,0,0,27.44,0,0,0,1,1,1,1,1,0,3,3,30,0,2,6,4,2,1,0
1,0,1,34.44,1,0,0,1,0,0,1,1,0,1,30,30,0,1,13,5,6,1,0
1,0,0,26.75,1,0,0,1,0,1,1,1,0,2,30,5,0,2,11,5,6,1,0
1,0,0,30.56,0,0,0,1,1,1,0,1,0,2,30,30,0,1,10,4,6,1,0
1,0,0,21.73,0,0,0,0,1,1,1,1,0,2,15,1,0,1,1,4,6,1,0
1,0,0,23.56,1,0,0,1,1,1,0,0,0,3,2,2,0,2,10,5,6,1,0
1,1,0,26.57,1,0,0,1,1,1,1,1,0,2,30,3,0,2,10,5,6,1,0
1,0,1,46.87,1,0,0,1,1,1,1,1,1,4,15,30,0,2,2,5,6,1,0
1,0,0,23.78,0,0,0,1,1,1,1,1,0,2,30,2,0,2,11,5,6,1,0
1,0,1,29.41,1,0,0,1,1,1,1,0,0,4,30,30,0,1,5,6,6,1,0
1,0,0,27.44,1,0,0,1,1,1,1,1,1,3,30,30,1,2,10,6,6,1,0
1,0,0,25.62,1,0,0,0,0,1,1,0,0,4,15,30,0,1,5,4,6,1,0
1,0,0,31.38,0,0,0,1,0,1,1,1,0,1,1,30,0,1,6,6,6,1,0
1,0,0,33.28,0,0,0,1,0,0,1,1,0,3,30,30,0,2,6,6,6,1,0
1,0,0,27.44,1,0,0,1,1,1,1,1,0,3,30,30,1,2,6,5,5,1,0
1,0,1,45.78,1,0,0,1,1,1,1,1,0,3,30,4,0,2,4,4,2,1,0
1,1,0,24.03,1,0,0,1,0,1,1,1,0,2,30,30,0,2,12,6,6,1,0
1,0,0,26.63,0,0,0,1,1,1,1,1,0,3,30,30,0,2,11,6,6,1,0
1,1,0,28.25,0,0,0,1,0,1,1,1,0,2,30,30,0,1,10,6,11,1,0
1,0,0,36.81,0,0,0,1,1,1,1,1,0,2,30,30,0,2,10,5,6,1,0
1,1,0,22.24,1,0,0,1,0,1,1,1,0,2,30,1,0,1,10,5,4,1,0
1,0,0,29.26,0,0,0,1,1,1,1,1,0,2,30,30,0,2,10,4,6,1,0
1,0,1,27.44,0,0,0,1,0,1,1,0,0,2,30,30,0,1,10,6,6,1,0
1,0,0,39.16,0,0,0,0,0,1,1,1,0,2,30,30,0,2,5,6,6,1,0
1,1,0,18.29,0,0,0,1,1,1,1,1,0,2,30,30,0,2,13,5,6,1,0
1,0,0,30.27,0,0,0,0,1,1,1,1,0,2,30,30,0,2,10,5,6,1,0
1,0,0,27.44,0,0,0,1,0,1,1,0,1,3,3,30,0,2,6,3,3,1,0
1,1,0,22.03,0,0,0,1,1,1,1,1,0,2,30,30,0,1,11,6,6,1,0
1,0,0,33.89,0,0,0,0,0,1,1,1,0,3,20,30,0,2,1,4,6,1,0
1,0,0,26.96,0,0,1,1,1,1,1,0,0,2,30,30,0,1,10,6,6,1,0
1,0,0,24.39,1,0,0,1,0,1,1,1,0,3,30,4,0,1,10,5,6,1,0
1,1,0,27.44,0,0,0,1,1,1,1,1,0,1,30,30,0,1,10,5,6,1,0
1,0,0,26.63,1,0,0,1,1,1,1,1,1,3,30,15,1,2,10,5,6,1,0
1,0,0,26.96,0,0,0,1,0,1,1,1,0,2,10,30,0,1,1,4,1,1,0
1,0,1,20.73,0,0,0,1,1,0,1,1,0,5,20,30,0,2,5,5,6,1,0
1,0,0,32.55,0,0,0,1,1,1,1,0,0,3,30,30,0,1,3,6,4,1,0
1,1,0,27.44,0,0,0,1,1,1,1,1,0,2,30,30,0,2,10,6,6,1,0
1,0,0,30.52,0,0,0,1,1,1,1,1,0,3,15,2,0,1,6,6,6,1,0
1,0,0,24.03,1,0,0,1,1,1,1,1,0,3,2,30,0,2,11,4,2,1,0
1,1,0,26.54,1,0,0,1,1,1,1,1,0,2,30,30,0,1,11,6,6,1,0
1,0,0,19.74,0,0,0,1,1,1,1,1,0,2,30,30,0,2,13,4,6,1,0
1,0,0,25.77,1,0,0,1,0,1,1,1,0,3,30,30,0,1,12,6,6,1,0
1,0,0,34.58,1,0,0,1,1,1,1,1,0,2,10,30,0,1,10,6,6,1,0
1,0,0,24.41,0,0,0,1,0,0,1,1,0,2,30,30,0,1,13,4,6,1,0
1,0,0,25.82,0,0,0,1,1,1,1,1,0,2,30,30,0,2,10,6,6,1,0
1,0,0,27.06,0,0,0,1,1,1,1,1,0,2,3,30,0,2,10,6,6,1,0
1,0,0,20.23,1,0,0,1,0,1,0,1,0,1,30,30,0,1,10,3,5,1,0
1,0,0,27.44,1,0,0,1,0,1,0,1,0,4,30,15,1,2,4,3,1,1,0
1,0,0,22.31,0,0,0,1,1,1,1,1,0,3,30,30,0,2,4,6,6,1,0
1,0,0,35.15,0,0,0,1,0,1,1,1,0,2,30,2,0,1,10,5,6,1,0
1,1,0,27.5,0,0,0,1,1,1,1,1,0,1,30,30,0,1,10,6,10,1,0
1,1,0,20.98,1,0,0,1,0,1,1,1,0,2,1,30,0,2,13,5,6,1,0
1,0,0,27.44,0,0,0,1,1,1,1,1,0,2,30,2,0,2,14,4,6,1,0
1,1,0,28.29,0,0,0,0,1,1,1,1,0,4,30,14,0,2,2,4,5,1,0
1,1,0,26.57,1,0,0,0,1,1,1,1,1,3,30,30,0,2,5,3,4,1,0
1,0,0,32.45,0,0,0,1,1,1,1,1,0,3,30,2,0,2,10,6,6,1,0
1,0,0,26.61,0,0,0,1,1,1,0,1,0,2,30,30,0,1,10,6,11,1,0
1,1,0,21.62,1,0,0,1,1,1,1,1,0,2,30,30,0,1,11,5,6,1,0
0,0,0,48.92,0,0,0,1,1,1,1,1,0,2,30,2,0,2,4,6,6,1,0
1,0,0,39.54,1,0,0,1,0,1,0,1,0,2,30,30,0,1,11,4,6,1,0
1,1,0,17.24,0,0,0,0,0,1,1,1,0,2,2,30,0,2,10,6,6,1,0
1,0,0,29.57,0,0,0,1,1,1,1,1,0,1,30,30,0,1,12,6,6,1,0
1,0,0,25.75,0,0,0,1,0,0,1,1,0,1,30,30,0,1,10,6,6,1,0
1,0,0,27.44,0,0,0,0,1,1,1,1,0,2,30,30,0,2,10,5,6,1,0
1,0,0,28.34,0,0,0,0,0,1,1,1,0,3,2,30,0,2,10,6,6,1,0
1,0,0,24.14,0,0,0,1,0,1,1,1,0,2,15,30,0,1,10,6,11,1,0
1,1,0,29.95,0,0,0,1,1,1,1,1,0,3,30,30,0,2,6,6,6,1,0
1,0,0,29.23,1,0,0,1,1,1,1,1,0,2,10,30,0,2,3,6,5,1,0
1,1,0,25.23,1,0,0,1,0,1,1,1,0,2,30,2,0,2,11,5,6,1,0
1,0,0,21.26,0,0,0,1,1,1,1,1,0,3,30,30,0,2,11,5,4,1,0
1,0,0,31.32,1,0,0,1,0,0,1,1,0,1,30,1,0,1,11,4,6,1,0
1,0,0,20.94,0,0,0,0,1,1,1,1,0,2,30,30,0,2,13,5,5,1,0
1,0,0,29.53,1,0,0,1,1,1,1,1,0,3,30,30,0,2,11,4,6,1,0
1,0,0,24.37,1,0,0,1,1,1,1,1,1,3,30,2,0,1,10,6,6,1,0
1,0,0,36.28,1,0,0,1,0,1,0,1,0,4,30,30,0,1,2,4,6,1,0
1,0,0,28.35,0,0,0,1,1,1,1,1,0,3,2,2,0,2,12,6,6,1,0
1,1,0,29.84,0,0,0,1,1,1,1,1,0,4,5,30,0,1,1,6,6,1,0
1,1,0,22.47,0,0,0,1,0,1,1,1,0,2,30,30,0,1,10,6,10,1,0
1,0,0,34.67,0,0,0,1,1,1,1,1,1,2,2,1,0,2,4,4,6,1,0
1,1,0,30.85,0,1,0,1,1,1,1,1,0,1,30,30,0,1,6,5,5,1,0
1,1,0,34.45,0,0,0,1,1,1,1,1,0,3,2,3,0,2,4,5,6,1,0
1,0,0,28.19,0,0,0,1,1,1,1,1,0,2,30,30,0,2,10,5,6,1,0
1,1,0,27.44,0,0,0,0,1,1,1,0,0,3,5,20,0,2,4,3,6,1,0
1,0,1,29.24,1,0,0,0,0,1,0,1,0,2,30,30,0,1,3,5,6,1,0
1,1,0,24.56,0,0,0,1,1,1,1,1,0,2,2,30,0,2,10,6,6,1,0
1,0,0,31.28,1,1,0,1,0,1,1,1,0,1,30,30,0,1,10,6,6,1,0
1,1,0,30.27,1,0,0,1,0,1,0,1,1,1,3,30,0,2,10,3,5,1,0
1,0,0,27.44,0,0,0,1,1,1,1,1,0,3,30,30,0,2,10,6,6,1,0
1,0,0,27.44,0,0,0,1,0,1,1,1,0,3,30,2,0,2,10,5,6,1,0
1,1,0,26.22,1,0,0,1,1,1,1,1,0,2,30,30,0,2,11,6,6,1,0
1,0,0,25.61,0,0,0,1,1,1,1,1,0,3,30,30,0,2,5,5,6,1,0
1,0,0,27.12,1,0,0,0,1,1,1,1,0,2,30,17,1,1,10,4,2,1,0
1,0,0,30.41,0,0,0,0,1,1,1,1,0,3,30,30,0,2,10,5,6,1,0
1,0,0,23.78,0,0,0,1,1,1,1,1,0,4,30,5,0,2,11,6,6,1,0
1,0,0,29.23,1,0,0,1,1,1,1,1,1,3,15,3,0,2,3,4,6,1,0
1,0,0,22.14,1,0,0,1,1,1,1,1,0,3,30,30,0,2,13,4,6,1,0
1,0,1,25.75,0,0,0,0,1,1,1,1,0,4,30,30,0,2,12,6,6,1,0
1,0,0,20.51,0,0,0,0,1,1,1,1,0,4,30,15,1,2,5,5,6,1,0
1,0,0,26.63,1,0,0,1,1,1,1,1,0,3,30,2,0,2,10,6,6,1,0
1,0,0,35.26,1,0,0,1,0,1,1,1,0,3,30,30,0,1,5,6,6,1,0
1,1,0,28.28,0,0,0,1,1,1,1,1,0,1,30,30,0,2,10,4,6,1,0
1,0,0,27.44,1,0,0,0,1,1,1,1,1,3,14,30,1,2,10,5,5,1,0
1,0,0,27.44,0,0,0,1,1,1,1,1,0,2,30,30,0,1,14,6,6,1,0
1,0,0,22.81,0,0,0,1,1,1,1,1,0,3,30,5,0,2,10,6,6,1,0
1,0,0,29.53,1,0,0,0,1,1,1,1,0,2,30,30,0,1,6,5,6,1,0
1,0,0,24.39,0,0,0,1,0,1,1,1,0,2,30,30,0,1,12,5,6,1,0
1,0,0,23.75,1,0,0,1,0,1,0,1,0,3,3,5,0,1,10,4,6,1,0
1,0,0,28.67,0,0,0,1,1,1,1,1,0,3,30,30,0,2,11,4,6,1,0
1,0,0,33.3,0,0,0,1,1,1,1,1,0,2,30,30,0,2,13,6,10,1,0
1,0,0,27.46,0,0,0,1,1,1,1,1,0,3,30,30,0,2,12,5,6,1,0
1,0,0,32.12,1,0,0,1,1,1,1,1,0,2,6,30,0,2,11,6,6,1,0
1,1,0,36.58,0,0,0,1,1,1,1,1,0,3,30,30,0,2,1,6,6,1,0
1,0,0,25.33,0,0,0,1,1,1,1,1,0,1,30,30,0,1,11,6,11,1,0
1,1,0,25.06,1,0,0,1,1,1,1,1,0,2,30,30,0,2,11,5,6,1,0
1,0,0,27.44,0,0,0,0,0,1,1,1,0,3,30,30,0,2,6,6,3,1,0
1,0,0,35.62,0,0,0,1,1,1,1,1,0,4,14,14,0,1,3,6,6,1,0
1,0,0,27.57,0,0,0,1,0,1,1,1,0,3,6,14,0,2,10,6,4,1,0
1,0,0,27.44,0,0,0,1,1,1,1,1,0,2,30,30,0,2,13,6,6,1,0
1,1,0,21.13,0,0,0,1,1,1,1,1,0,3,30,30,0,2,10,4,6,1,0
1,0,0,38.74,0,0,0,1,0,1,1,0,0,4,5,30,0,1,4,5,6,1,0
1,0,0,27.44,1,0,0,1,1,1,1,1,0,2,10,30,0,2,10,5,6,1,0
1,1,0,18.46,0,0,0,1,1,1,1,1,0,3,30,30,0,1,10,6,10,1,0
1,0,0,23.78,0,0,0,1,1,1,1,1,0,3,30,30,0,2,12,5,5,1,0
1,0,0,27.44,0,0,0,1,1,1,1,1,0,3,2,30,0,2,11,2,6,1,0
1,0,0,29.05,0,1,1,1,1,1,1,1,0,1,30,30,1,2,6,4,6,1,0
1,1,0,25.11,0,0,0,1,1,1,1,1,1,2,30,30,0,1,10,6,6,1,0
1,0,0,25.06,0,0,0,1,1,1,1,1,0,2,1,30,0,2,13,6,5,1,0
1,0,0,27.12,1,0,0,1,1,1,1,0,0,3,30,1,0,2,10,3,6,1,0
1,0,0,26.54,0,0,0,1,1,1,1,1,0,2,1,30,0,1,14,6,2,1,0
1,0,0,25.5,0,0,0,1,1,1,1,1,0,3,30,1,0,1,10,6,6,1,0
1,0,0,28.8,0,0,0,1,0,1,1,1,0,3,30,30,0,1,10,5,6,1,0
1,0,0,37.35,1,0,0,1,0,1,1,0,0,4,30,30,0,1,1,5,6,1,0
1,0,0,35.19,0,0,0,1,0,1,1,1,0,3,20,30,0,2,10,4,11,1,0
1,0,0,27.44,1,0,0,1,1,1,1,1,0,3,30,30,0,2,10,4,6,1,0
1,0,0,30.7,1,0,0,1,1,1,1,1,0,2,30,20,1,1,10,4,6,1,0
1,0,0,23.44,0,0,0,1,1,1,1,1,0,3,5,30,0,2,13,5,6,1,0
1,0,0,27.44,0,0,0,1,1,1,1,1,0,2,15,30,0,2,6,4,6,1,0
1,1,0,26.04,0,0,0,1,1,1,1,1,0,1,30,30,0,1,3,6,6,1,0
1,0,0,27.44,0,0,0,0,1,1,1,1,1,2,30,30,1,2,10,5,6,1,0
1,1,0,34.96,0,0,0,1,1,1,0,1,0,3,30,30,0,2,10,5,10,1,0
1,0,0,27.44,0,0,0,1,1,1,1,1,0,3,30,30,0,2,10,4,6,1,0
1,0,0,23.01,0,0,0,1,1,1,1,1,0,3,30,30,0,1,10,6,6,1,0
1,1,0,21.97,1,0,0,0,1,1,1,1,0,3,2,30,0,2,10,5,6,1,0
1,0,0,27.44,0,0,0,1,0,1,1,1,0,2,30,30,0,2,12,5,4,1,0
1,0,1,54.91,0,0,0,0,1,0,1,1,0,3,30,2,0,2,1,4,6,1,0
1,1,0,31.32,0,0,0,1,1,1,1,1,0,2,30,30,0,2,10,6,6,1,0
1,1,0,24.89,1,0,0,1,1,1,1,1,0,2,5,30,0,2,11,6,6,1,0
0,0,0,22.81,0,0,0,1,1,1,1,1,0,2,1,30,0,2,10,6,6,1,0
1,1,0,23.96,1,0,0,1,0,1,1,1,0,2,30,30,0,1,10,4,6,1,0
1,0,0,22.43,0,0,0,1,1,1,1,1,0,3,30,30,1,2,14,6,6,1,0
1,0,0,27.44,0,0,0,1,0,1,1,1,0,3,30,10,0,2,10,5,6,1,0
1,0,0,23.57,1,0,0,1,1,1,0,1,0,1,30,30,0,1,10,4,6,1,0
1,0,0,30.42,1,0,0,1,0,1,1,1,0,2,30,2,0,1,6,6,11,1,0
1,1,0,28.6,1,0,0,1,1,1,1,1,0,2,30,30,0,1,10,6,6,1,0
1,0,0,27.44,1,0,0,1,1,1,1,1,0,4,30,30,0,2,10,6,5,1,0
1,0,0,29.24,0,0,1,1,1,1,1,1,0,1,30,30,0,1,10,6,6,1,0
1,0,0,28.25,1,0,0,1,1,1,1,1,0,3,2,30,0,2,10,5,6,1,0
1,1,0,27.44,0,0,0,1,1,1,1,0,0,3,30,30,0,1,5,4,3,1,0
1,0,0,25.89,0,0,0,0,1,1,1,1,0,1,30,30,0,2,13,6,6,1,0
1,0,0,19.74,0,0,0,1,1,1,1,1,0,2,30,2,0,2,13,5,6,1,0
1,1,0,27.44,1,0,0,0,1,1,0,1,0,4,30,30,0,2,5,6,1,1,0
1,1,0,23.96,0,0,0,1,1,1,1,1,0,2,30,30,0,2,10,6,5,1,0
1,1,0,29.18,0,0,0,1,0,1,1,1,0,1,15,14,0,2,11,6,6,1,0
1,1,0,29.21,0,0,0,1,1,1,1,1,0,2,30,3,0,2,10,5,6,1,0
1,0,0,33.23,0,0,0,1,1,1,1,1,0,2,1,30,0,1,10,6,11,1,0
0,1,0,21.46,0,0,0,0,1,0,1,1,1,3,30,30,0,2,5,6,11,1,0
1,0,0,35.94,1,0,0,1,0,0,1,1,0,2,30,2,0,1,6,4,6,1,0
1,0,0,24.62,1,0,0,0,0,0,1,1,0,3,30,30,0,1,11,6,6,1,0
1,0,0,28.21,1,0,0,1,1,1,1,1,1,2,1,30,1,1,10,6,4,1,0
1,1,0,28.19,0,0,0,1,1,1,1,1,0,3,30,25,0,2,3,6,6,1,0
1,1,0,21.3,0,0,0,1,1,1,1,1,0,1,3,30,0,2,10,5,1,1,0
1,0,0,24.91,1,0,0,1,0,1,1,1,0,2,30,30,0,1,10,6,6,1,0
1,1,0,24.24,0,0,0,1,0,1,1,1,1,2,20,30,1,2,10,5,6,1,0
1,0,0,23.49,0,0,0,1,1,1,1,1,0,3,30,30,0,2,11,6,5,1,0
1,0,0,13.95,1,0,0,0,0,0,1,1,0,3,30,30,0,1,12,4,6,1,0
1,0,0,22.85,1,0,0,1,0,1,1,1,0,2,30,30,0,2,12,5,5,1,0
1,1,0,28.89,1,0,0,1,1,1,1,1,0,2,2,30,0,1,12,6,11,1,0
1,1,0,30.11,1,0,0,1,1,0,0,1,1,3,30,30,0,2,5,5,6,1,0
1,0,0,27.44,0,0,0,1,0,1,1,1,0,2,30,30,0,2,13,6,6,1,0
1,1,0,27.32,1,0,1,1,1,1,1,1,0,1,30,30,0,1,10,6,6,1,0
1,0,0,26.37,1,0,0,0,0,1,1,1,0,3,20,30,0,2,10,5,3,1,0
1,0,0,23.92,0,0,0,1,1,1,1,1,0,3,30,30,0,1,10,5,6,1,0
1,0,0,37.93,1,0,0,0,0,0,1,0,0,1,20,30,0,2,10,6,1,1,0
1,0,0,29.84,1,0,0,1,0,1,1,0,0,3,30,30,0,1,10,6,6,1,0
1,1,0,29.76,0,0,0,1,1,1,1,1,0,2,30,30,0,2,10,5,6,1,0
1,0,0,26.31,0,0,0,1,0,1,1,1,0,2,30,30,0,2,10,6,6,1,0
1,0,0,26.83,0,0,0,1,1,0,1,1,0,3,30,30,0,1,10,6,6,1,0
1,1,0,25.89,0,0,0,1,1,1,1,1,0,1,30,30,0,2,10,6,6,1,0
1,0,1,27.44,0,0,0,0,1,1,1,1,0,3,30,30,0,2,10,4,6,1,0
1,0,0,28.59,1,0,0,1,0,1,1,1,0,2,30,30,0,2,10,6,6,1,0
1,0,0,26.63,0,0,0,1,1,1,1,1,0,2,30,30,0,1,13,4,5,1,0
1,0,0,27.44,0,0,0,0,1,1,1,1,0,3,5,30,0,2,6,5,6,1,0
1,1,0,25.61,0,0,0,0,1,1,1,1,0,3,30,30,0,2,4,4,3,1,0
1,0,0,29.68,0,1,0,0,1,1,1,1,0,1,30,30,1,1,13,5,10,1,0
1,1,0,23.18,0,0,0,1,1,1,1,1,0,2,3,30,0,1,10,5,6,1,0
1,1,0,29.26,0,0,0,1,0,0,1,1,0,2,10,5,0,2,10,5,6,1,0
1,0,0,39.05,0,0,0,1,0,1,1,1,0,2,30,30,0,1,3,5,6,1,0
1,0,0,27.44,0,0,0,1,1,1,1,1,0,2,10,30,0,2,3,6,6,1,0
1,0,1,27.44,1,0,0,1,1,1,1,1,0,4,30,30,0,1,11,6,6,1,0
1,0,0,29.05,1,0,0,1,1,1,1,1,0,3,3,30,0,2,6,4,6,1,0
1,0,0,27.44,0,0,0,1,1,1,1,1,0,4,30,30,0,2,6,6,6,1,0
1,0,0,39.94,1,0,0,1,1,1,1,1,0,3,30,30,0,2,5,5,6,1,0
1,0,0,27.26,1,0,0,1,1,1,1,1,0,3,30,30,0,1,4,4,6,1,0
1,0,0,33.82,1,0,0,1,0,1,1,1,0,1,2,30,0,1,10,5,5,1,0
1,0,0,23.09,0,0,0,1,1,1,1,1,0,1,30,30,0,1,2,6,11,1,0
1,1,0,29.53,0,0,0,1,0,0,1,1,0,1,30,30,0,1,10,4,10,1,0
1,1,0,27.44,1,0,0,1,1,1,1,1,0,2,30,30,0,2,10,4,5,1,0
1,0,0,28.51,1,0,0,1,0,0,1,1,0,2,5,30,0,2,13,5,2,1,0
1,1,0,25.77,1,0,0,0,1,1,0,1,0,2,30,30,0,1,13,6,6,1,0
1,0,1,27.44,0,0,0,0,1,1,1,1,0,3,30,30,0,1,10,4,4,1,0
1,1,0,23.3,0,0,0,1,1,1,1,1,0,2,30,2,0,2,11,5,6,1,0
1,0,0,42.54,1,0,0,1,0,0,1,1,0,1,30,30,0,1,10,5,6,1,0
1,0,0,29.1,0,0,0,1,1,1,1,1,1,3,30,30,0,2,10,4,6,1,0
1,0,0,38.02,0,0,0,1,1,1,0,1,0,2,30,30,0,2,10,6,3,1,0
1,0,1,27.44,0,0,0,0,1,1,1,1,0,1,30,30,0,2,5,4,2,1,0
1,0,0,25.85,1,0,0,1,1,0,1,1,0,1,30,30,0,1,10,4,6,1,0
1,1,0,25.14,1,0,0,0,1,1,1,1,0,1,30,30,0,1,11,4,6,1,0
1,0,0,26.61,1,0,0,1,1,1,1,1,0,3,30,20,0,1,11,5,6,1,0
1,0,0,20.98,1,0,0,0,1,0,0,1,0,3,2,30,0,1,10,4,5,1,0
1,0,0,22.14,0,0,0,1,1,1,1,1,0,4,3,15,0,2,2,6,6,1,0
1,0,0,32.55,0,0,0,1,1,1,1,1,0,3,30,30,0,1,4,6,6,1,0
1,0,0,31.89,1,0,0,1,1,1,0,0,1,1,30,30,0,2,4,6,10,1,0
1,0,0,33.99,0,0,0,0,0,0,1,1,0,3,3,30,0,2,4,5,6,1,0
1,1,0,30.52,0,0,0,1,1,0,0,1,0,2,30,30,0,1,10,5,6,1,0
1,0,1,24.28,1,0,0,0,1,0,1,1,0,3,5,30,1,2,10,3,2,1,0
1,0,0,28.35,1,0,0,1,1,1,1,1,0,1,2,30,0,2,11,5,6,1,0
1,1,0,21.4,0,0,0,1,0,0,1,1,0,2,30,30,0,2,12,4,6,1,0
1,0,0,31.47,0,0,0,1,1,1,1,1,0,3,30,30,0,2,10,5,6,1,0
1,0,0,27.44,1,0,0,1,1,1,1,0,0,3,30,30,0,1,4,6,3,1,0
1,0,0,27.44,0,0,0,1,1,1,1,1,0,2,30,30,0,1,5,6,6,1,0
1,1,0,25.33,1,0,0,1,1,1,1,1,0,2,30,30,0,1,11,6,6,1,0
1,0,0,27.44,0,0,0,1,1,1,1,0,0,3,30,15,0,2,2,4,2,1,0
1,0,0,27.18,0,0,0,1,0,1,1,1,0,4,2,2,0,1,4,6,10,1,0
1,1,0,35.29,1,0,0,1,1,1,1,1,0,1,30,30,0,1,11,6,10,1,0
1,0,0,39.05,0,0,0,1,0,1,1,1,0,3,2,30,0,1,4,5,6,1,0
1,0,0,21.18,1,0,0,1,1,1,1,1,0,4,30,3,0,1,3,5,2,1,0
1,0,0,26.61,1,0,0,1,1,0,1,1,0,1,30,30,0,1,13,6,6,1,0
1,1,0,34.33,1,0,0,1,1,1,1,1,0,1,30,30,0,2,5,4,1,1,0
1,0,0,27.44,0,0,0,0,1,1,1,1,0,2,30,30,0,2,6,4,6,1,0
1,0,1,36.02,1,0,0,1,1,1,1,1,0,2,5,30,1,2,6,5,6,1,0
1,1,0,27.44,0,0,0,1,1,1,1,1,0,2,30,30,0,2,10,6,6,1,0
1,1,0,21.16,1,0,0,1,1,1,1,1,0,2,30,30,1,2,13,6,5,1,0
1,0,1,30.41,0,0,0,1,1,1,1,0,1,4,15,30,1,1,10,6,3,1,0
1,1,0,25.4,0,0,0,1,0,0,1,1,0,1,2,30,0,1,13,5,6,1,0
1,0,0,27.44,0,0,0,1,1,1,1,0,0,3,30,30,0,2,10,4,2,1,0
1,0,0,30.43,0,0,0,1,1,1,1,1,0,3,30,30,0,1,11,6,11,1,0
1,0,0,28.84,1,0,0,1,0,1,1,1,0,3,30,30,0,1,5,5,6,1,0
1,0,0,25.11,1,0,0,0,1,0,1,1,0,2,30,30,0,1,10,5,4,1,0
1,0,0,21.47,0,0,0,0,1,1,1,1,0,1,30,30,0,1,10,2,3,1,0
1,0,0,23.67,0,0,0,0,1,1,1,1,0,2,30,30,1,1,13,4,6,1,0
1,0,0,28.19,1,0,0,1,0,1,1,1,1,1,30,30,0,2,10,5,6,1,0
1,1,0,29.29,1,0,0,1,1,1,1,1,0,2,30,30,0,2,10,5,6,1,0
1,0,0,17.94,0,0,0,1,1,1,1,1,0,4,30,30,0,2,10,6,6,1,0
1,0,0,25.63,0,0,0,1,1,1,1,1,0,4,30,30,0,2,10,5,5,1,0
1,0,0,19.64,0,0,0,0,0,1,1,1,0,3,2,2,0,2,11,4,5,1,0
1,0,0,25.86,0,0,0,1,0,0,1,1,0,2,30,2,0,2,10,5,6,1,0
1,0,0,27.44,1,0,0,1,0,0,1,1,0,3,30,30,1,2,10,4,6,1,0
1,0,0,33.47,0,0,0,1,0,1,1,1,0,3,30,30,0,1,2,6,5,1,0
1,1,0,27.44,1,0,0,1,1,1,1,1,0,2,30,14,0,2,10,6,6,1,0
1,0,0,34.7,0,0,0,1,1,1,1,1,0,4,30,2,0,1,4,4,6,1,0
1,0,0,38.41,1,0,0,1,1,1,1,1,0,2,30,30,0,2,10,5,6,1,0
1,0,0,33.0,0,0,0,1,0,1,1,1,0,2,30,30,0,1,10,5,6,1,0
1,0,0,37.38,0,0,0,1,1,1,1,1,0,4,15,30,0,2,4,5,6,1,0
1,0,0,26.71,0,0,0,1,1,1,1,1,0,1,30,30,0,1,13,6,6,1,0
1,0,0,23.78,1,0,0,0,0,1,1,1,0,1,30,30,1,2,13,6,5,1,0
1,0,0,15.83,0,0,0,0,1,1,1,1,0,3,30,30,0,1,13,6,6,1,0
1,1,0,28.25,0,0,0,1,0,1,1,1,0,1,30,30,0,1,6,6,11,1,0
1,1,0,27.05,1,0,1,1,1,1,1,1,0,1,30,30,0,1,10,6,6,1,0
1,0,0,34.02,0,0,0,1,1,1,1,1,0,4,5,5,0,1,6,6,6,1,0
1,0,0,25.68,0,0,0,1,1,1,1,1,0,1,30,30,0,1,12,5,6,1,0
1,0,0,28.7,1,0,0,1,1,1,1,1,0,2,15,30,0,2,6,6,6,1,0
1,0,0,22.73,1,0,0,1,0,0,1,1,0,3,30,30,0,1,12,4,6,1,0
1,0,0,27.44,0,0,0,1,1,1,1,1,0,2,30,30,0,2,2,3,6,1,0
1,0,0,28.12,0,0,0,1,1,1,1,1,0,2,2,30,0,1,2,6,10,1,0
1,1,0,25.29,1,0,0,1,0,1,1,1,0,2,30,30,0,2,10,4,6,1,0
1,0,0,36.13,0,0,0,1,1,1,1,1,1,2,30,30,0,2,10,6,6,1,0
1,1,0,24.56,1,0,0,1,0,1,0,1,0,3,30,5,0,2,5,4,6,1,0
1,0,0,27.44,0,0,0,1,1,1,1,1,0,2,30,30,0,1,2,3,6,1,0
1,1,0,22.87,1,0,0,0,0,1,1,1,0,2,30,30,0,1,5,4,5,1,0
1,0,0,33.28,0,0,0,1,1,1,1,1,0,4,30,30,0,2,3,5,6,1,0
1,0,0,32.28,0,0,0,1,0,0,1,1,0,2,30,30,0,1,10,4,5,1,0
1,0,0,29.12,1,0,0,1,1,1,1,1,0,2,30,30,0,2,10,6,10,1,0
1,1,0,27.44,1,0,0,1,1,1,1,1,0,2,30,30,0,2,6,5,6,1,0
1,1,0,28.25,0,0,0,1,0,1,1,1,0,2,5,30,0,2,10,5,6,1,0
1,0,0,33.38,1,0,0,1,1,1,1,1,0,3,30,30,0,1,10,5,10,1,0
1,0,0,33.96,0,0,0,1,1,1,1,1,0,2,30,30,0,2,10,6,6,1,0
1,0,0,27.44,0,0,0,0,0,0,1,1,0,3,2,30,0,2,10,4,6,1,0
1,1,0,31.93,0,0,0,1,0,0,1,1,0,1,30,30,0,1,10,6,6,1,0
1,1,0,21.93,0,0,0,1,0,1,1,1,0,3,30,10,0,2,10,6,6,1,0
1,0,0,23.75,0,1,0,1,1,1,1,1,0,2,30,30,0,1,10,4,10,1,0
1,1,0,27.44,0,0,0,0,1,1,1,1,1,3,30,1,0,2,6,6,10,1,0
1,0,0,29.12,1,0,0,1,1,1,1,1,0,3,30,30,0,2,10,3,3,1,0
1,0,0,22.05,0,0,0,1,1,0,1,1,0,3,15,30,1,1,6,5,6,1,0
1,0,0,24.33,0,0,0,1,1,1,1,1,0,3,30,30,0,2,12,5,6,1,0
1,0,0,25.1,1,0,0,0,0,1,1,0,0,1,30,30,0,1,10,4,6,1,0
1,0,0,25.84,0,0,0,1,1,1,1,1,0,3,30,30,0,1,11,6,6,1,0
1,0,0,24.46,0,0,0,1,1,1,0,1,0,2,30,30,0,2,10,6,10,1,0
1,0,0,27.44,0,0,0,0,1,1,1,1,0,4,30,30,0,2,5,6,1,1,0
1,0,0,28.98,1,0,0,1,0,1,1,1,0,3,30,30,0,1,6,4,5,1,0
1,0,1,27.96,1,0,1,1,1,1,1,1,0,3,2,1,0,2,13,6,5,1,0
1,0,0,23.4,0,0,0,1,0,1,1,1,0,2,30,30,1,2,13,5,2,1,0
1,0,0,37.76,0,0,0,0,0,1,1,1,0,2,30,30,0,2,4,3,1,1,0
1,0,0,24.03,0,0,0,1,0,1,1,1,0,2,30,30,0,2,10,3,5,1,0
1,0,0,28.29,1,0,0,1,1,1,1,1,0,1,30,30,0,2,10,6,6,1,0
1,0,0,26.5,0,0,0,0,0,0,1,1,0,3,2,2,1,1,10,5,11,1,0
1,0,0,28.13,0,0,0,1,0,0,1,1,0,2,30,30,0,1,10,6,6,1,0
1,0,1,25.34,1,0,0,1,0,1,1,1,0,2,30,30,0,2,1,3,5,1,0
1,0,0,28.34,0,0,0,0,1,1,1,1,0,1,30,30,0,2,10,5,6,1,0
1,0,0,25.75,1,0,0,1,1,1,1,1,0,3,30,30,0,2,12,6,6,1,0
1,0,0,19.13,1,0,0,0,1,1,1,1,0,5,15,30,0,2,10,5,6,1,0
1,0,0,29.76,1,0,0,1,1,1,1,1,1,1,30,30,0,2,6,4,6,1,0
1,0,0,29.86,1,0,0,1,1,0,1,1,1,2,30,30,0,2,10,5,6,1,0
1,0,1,30.17,0,0,0,0,0,0,1,1,0,1,30,30,0,1,11,6,6,1,0
1,0,0,28.89,1,0,1,1,1,1,1,1,0,2,30,30,0,1,10,5,6,1,0
1,1,0,20.37,1,0,0,1,1,1,1,1,0,2,30,30,0,2,10,6,6,1,0
1,1,0,30.34,1,0,0,1,1,1,1,1,0,1,30,30,0,1,12,6,6,1,0
1,0,0,25.1,1,0,0,1,0,1,0,1,0,2,30,30,0,1,14,4,6,1,0
1,1,0,24.41,1,0,0,0,0,1,1,1,0,2,30,30,0,2,11,5,6,1,0
1,0,0,27.44,1,0,0,1,1,1,1,1,0,2,30,30,0,2,10,6,6,1,0
1,0,0,20.99,0,0,0,0,1,1,1,1,0,3,30,10,0,2,11,6,6,1,0
1,0,0,27.44,0,0,0,1,0,1,1,1,1,4,30,14,0,2,3,6,3,1,0
1,0,0,28.19,1,0,0,1,1,1,1,1,0,1,30,30,0,1,10,3,3,1,0
1,0,0,29.95,1,0,0,1,0,0,1,1,0,2,30,2,0,2,10,5,4,1,0
1,0,1,27.44,0,0,0,1,1,1,1,0,0,3,30,30,0,2,12,1,6,1,0
1,0,0,25.75,0,0,0,1,1,1,1,1,0,3,1,1,0,2,12,4,6,1,0
1,0,0,32.28,0,0,0,1,0,1,1,1,0,3,30,10,0,2,4,5,6,1,0
1,1,0,24.78,1,0,0,1,1,1,1,1,0,2,30,30,0,1,10,4,6,1,0
1,1,0,27.12,1,0,0,1,0,0,1,1,0,1,30,30,0,1,12,5,6,1,0
1,0,0,31.93,0,0,0,1,1,0,1,1,0,1,30,30,0,1,12,6,6,1,0
1,0,0,23.75,1,0,0,0,1,1,1,1,0,3,30,30,0,1,10,4,5,1,0
1,1,0,32.92,0,0,0,1,1,1,1,1,0,2,3,30,0,2,3,6,11,1,0
1,1,0,24.21,0,0,0,1,1,1,1,1,0,2,3,30,0,1,10,6,6,1,0
1,1,0,23.34,0,0,0,1,1,1,1,1,0,3,2,30,0,2,10,6,6,1,0
1,1,0,29.29,1,0,0,1,1,1,1,1,0,1,30,21,0,1,10,6,6,1,0
1,0,0,16.46,0,0,0,1,1,1,1,1,0,2,30,30,0,2,13,4,2,1,0
1,0,0,23.75,0,0,0,1,1,1,1,1,0,2,30,30,0,1,11,6,6,1,0
1,1,0,21.31,0,0,0,1,1,1,1,1,0,1,1,30,0,2,11,6,6,1,0
1,1,0,18.74,0,0,0,1,1,1,1,1,0,2,1,1,0,2,10,6,6,1,0
1,1,0,31.89,0,0,0,1,1,1,1,1,0,2,5,30,0,2,10,6,6,1,0
1,0,0,25.77,1,0,0,1,0,0,1,1,0,3,30,30,0,1,10,5,6,1,0
1,1,0,35.43,0,0,0,1,1,1,1,1,0,3,20,3,0,2,2,6,6,1,0
1,0,0,24.27,0,1,0,1,1,1,1,1,0,2,30,3,0,1,11,6,6,1,0
1,1,0,31.62,1,0,0,0,0,1,1,1,0,3,30,30,0,2,6,6,6,1,0
1,1,0,27.69,0,0,0,1,1,1,1,1,0,1,4,5,0,1,10,5,6,1,0
1,1,0,27.44,0,0,0,1,1,1,1,1,0,2,2,30,0,2,11,4,6,1,0
1,0,0,28.7,0,0,0,1,0,1,1,1,0,2,30,30,0,1,10,4,2,1,0
1,0,0,28.49,0,0,0,1,1,1,1,1,0,2,30,30,0,1,10,2,2,1,0
1,0,1,58.59,1,0,0,1,1,1,0,1,0,3,6,6,1,1,1,4,1,1,0
1,0,0,25.87,0,0,0,1,0,1,1,1,0,3,30,30,0,1,10,6,11,1,0
1,0,0,20.36,1,0,0,1,0,0,1,1,1,2,2,1,0,1,10,6,6,1,0
1,0,0,32.55,1,0,0,1,1,1,1,1,0,2,30,30,0,1,11,6,10,1,0
1,0,0,28.47,0,0,0,1,1,1,1,1,0,2,30,30,0,1,10,6,6,1,0
1,1,0,29.29,0,0,0,1,1,1,1,1,0,2,30,30,0,2,10,5,6,1,0
0,0,0,36.61,1,0,0,1,1,1,1,1,0,2,14,2,0,2,4,5,4,1,0
1,1,0,27.44,1,0,0,1,1,1,1,1,1,2,2,30,1,2,10,5,6,1,0
1,0,0,30.81,1,0,0,1,0,1,1,1,0,2,30,30,0,1,11,5,6,1,0
1,1,0,32.28,1,0,0,1,0,0,1,1,0,3,30,30,0,2,3,5,5,1,0
1,0,0,28.7,0,0,0,1,1,1,1,0,1,3,30,30,0,1,10,6,6,1,0
1,0,0,28.25,1,0,0,1,1,1,1,1,0,3,30,2,0,1,10,4,6,1,0
1,0,0,33.37,0,0,0,1,1,1,1,1,0,1,30,30,0,1,11,6,11,1,0
1,1,0,24.41,0,0,0,1,0,1,1,1,0,2,30,30,0,1,11,6,6,1,0
1,1,0,27.26,1,0,0,1,1,1,1,1,0,2,30,30,0,1,10,5,6,1,0
1,0,0,27.44,1,0,0,1,1,1,1,1,0,3,10,2,0,2,4,6,6,1,0
1,1,0,31.0,0,0,0,1,0,1,1,1,0,3,30,2,0,2,5,6,6,1,0
1,0,0,28.89,1,0,0,1,1,0,1,1,0,3,30,30,0,1,10,5,6,1,0
1,0,0,25.84,0,0,0,1,0,0,1,1,0,1,1,30,0,1,12,6,10,1,0
1,1,0,27.29,0,0,0,1,1,1,1,1,0,1,30,30,0,2,10,5,6,1,0
1,1,0,21.41,1,0,0,1,0,1,1,1,0,3,3,30,0,1,10,5,6,1,0
1,1,0,34.21,0,0,0,1,0,1,1,1,0,2,16,1,0,2,2,4,5,1,0
1,0,0,27.37,0,0,0,1,1,1,1,1,0,2,30,30,0,1,13,6,6,1,0
1,1,0,23.78,0,0,0,1,1,1,0,1,0,3,30,30,0,2,12,3,6,1,0
1,1,0,25.09,0,0,0,1,1,1,1,1,0,1,30,30,0,1,11,5,6,1,0
1,0,0,25.84,0,0,0,1,1,1,1,1,0,3,30,30,0,2,10,6,5,1,0
1,1,0,24.9,0,0,0,1,0,1,1,1,0,1,30,30,0,1,10,5,6,1,0
1,0,0,27.44,0,0,0,0,1,1,1,1,0,3,30,30,0,2,10,5,6,1,0
1,0,0,30.04,1,0,0,0,0,1,1,1,0,4,30,15,1,2,6,5,6,1,0
1,0,0,33.75,1,0,0,0,0,1,1,1,0,4,30,3,0,2,4,5,2,1,0
1,0,0,27.46,1,0,0,1,1,1,1,1,0,3,30,30,0,1,10,6,10,1,0
1,0,0,32.28,0,0,0,1,0,1,1,1,0,3,30,30,0,2,10,6,6,1,0
1,0,0,23.33,0,0,0,0,1,1,1,1,0,1,30,30,0,1,13,6,6,1,0
1,0,0,23.37,0,0,0,1,1,1,1,1,0,1,30,30,0,1,10,6,11,1,0
1,0,0,37.2,0,0,0,1,0,1,1,1,0,3,30,30,0,2,6,6,6,1,0
1,0,1,21.29,0,0,0,1,1,1,1,1,0,2,30,30,0,1,10,4,6,1,0
1,1,0,31.75,0,0,0,1,1,1,1,1,0,2,15,30,0,2,10,6,6,1,0
1,0,0,25.85,1,0,0,1,1,1,1,1,0,3,30,30,0,1,10,5,6,1,0
1,0,0,25.2,1,0,1,1,1,1,1,1,0,3,5,30,0,1,10,5,6,1,0
1,0,0,29.53,1,0,0,0,0,1,1,1,0,2,30,30,0,1,10,5,6,1,0
1,1,0,34.44,0,0,0,1,1,0,1,1,0,3,4,30,0,1,6,6,11,1,0
1,0,0,21.63,0,0,0,1,1,1,1,1,0,2,30,30,1,2,13,4,5,1,0
1,0,0,27.44,0,0,0,0,1,1,1,1,0,3,2,30,0,1,10,5,6,1,0
1,0,0,25.84,0,0,0,1,1,1,1,1,0,1,30,30,0,2,4,6,6,1,0
1,0,0,23.92,1,0,0,1,0,1,1,1,0,2,30,30,0,2,10,5,2,1,0
1,0,0,21.26,1,0,0,1,0,1,1,1,0,3,1,30,0,2,11,6,6,1,0
1,0,0,28.37,1,0,0,0,1,1,1,1,0,1,30,30,0,1,10,6,6,1,0
1,0,0,32.92,0,0,0,0,0,0,0,1,1,3,30,15,0,2,6,4,5,1,0
1,0,0,25.84,0,0,0,1,0,0,1,1,0,2,30,30,0,1,10,5,6,1,0
1,1,0,27.44,0,0,0,1,1,1,1,1,0,2,30,30,0,2,10,6,6,1,0
1,0,0,16.74,1,0,0,0,1,1,1,1,0,5,10,30,1,1,3,4,1,1,0
1,0,0,29.62,0,0,0,1,0,1,1,1,0,3,15,15,0,2,11,5,6,1,0
1,1,0,35.26,1,0,0,1,0,0,0,0,0,3,20,30,0,1,3,6,1,1,0
1,0,0,24.41,1,0,0,0,0,1,1,1,0,2,30,30,0,1,13,4,6,1,0
1,1,0,27.44,1,0,0,1,1,1,1,1,0,1,30,30,0,2,11,6,6,1,0
1,1,0,28.59,1,0,0,1,0,1,1,1,0,2,30,30,0,1,11,6,11,1,0
1,0,0,27.44,0,0,0,1,1,1,1,1,0,3,30,30,0,2,12,4,6,1,0
1,1,0,28.25,0,0,0,1,1,1,1,1,0,1,30,30,0,1,10,6,6,1,0
1,0,0,21.95,1,1,0,1,1,1,1,1,0,2,30,14,0,1,13,6,6,1,0
1,0,0,34.9,0,0,0,1,1,0,1,1,0,1,30,30,0,2,10,5,4,1,0
1,0,0,16.45,0,0,1,0,0,1,1,1,0,2,30,30,0,2,10,6,6,1,0
1,1,0,21.73,0,0,0,1,1,1,1,1,0,2,30,30,0,2,10,6,6,1,0
1,1,0,22.96,0,0,0,1,0,0,1,1,0,2,30,30,0,1,10,5,6,1,0
1,1,0,19.65,0,0,0,0,1,0,1,1,0,2,30,30,0,2,12,6,6,1,0
1,0,1,34.86,1,0,0,1,0,0,1,1,0,2,30,30,0,1,4,4,6,1,0
1,1,0,23.03,0,0,0,1,1,1,1,1,0,3,30,30,0,2,10,5,6,1,0
1,0,0,30.52,0,0,0,1,0,0,1,1,0,2,30,30,0,1,12,6,6,1,0
1,0,0,27.2,1,0,0,1,0,1,1,1,0,2,30,30,0,1,12,4,6,1,0
1,0,0,21.97,0,0,0,1,1,1,1,1,1,3,30,30,0,2,6,5,6,1,0
1,0,0,24.37,1,0,0,1,1,0,1,1,0,2,30,30,0,1,13,5,6,1,0
1,1,0,25.06,0,0,0,1,1,1,1,1,0,2,30,2,0,1,10,6,6,1,0
1,0,0,35.15,1,0,0,1,0,1,1,1,0,3,30,30,1,1,4,4,6,1,0
1,1,0,21.93,1,0,0,1,0,0,1,1,0,3,30,2,0,2,10,5,6,1,0
1,0,0,25.75,0,1,0,1,1,1,1,1,0,2,30,30,0,2,10,6,6,1,0
1,0,0,29.29,0,0,0,0,0,0,1,1,0,2,2,30,0,1,10,6,11,1,0
1,0,0,34.33,0,0,0,1,1,1,1,1,0,2,30,30,0,2,10,5,6,1,0
1,0,0,20.47,0,0,0,1,1,1,1,1,0,2,30,30,0,2,12,5,6,1,0
1,0,0,27.41,1,0,0,1,1,0,1,1,0,3,30,30,0,1,6,6,6,1,0
1,0,0,37.66,1,0,0,0,0,1,1,1,0,1,30,10,0,1,10,5,6,1,0
1,1,0,21.09,0,0,0,1,1,1,1,1,0,2,30,3,0,1,10,6,6,1,0
1,0,1,26.5,1,0,0,1,1,1,1,1,0,2,30,2,0,1,10,4,5,1,0
1,1,0,20.81,1,0,0,1,1,0,1,1,0,3,1,10,0,1,5,6,6,1,0
1,1,0,25.83,0,0,0,1,1,1,1,1,0,2,30,30,0,1,10,6,6,1,0
1,0,0,24.41,0,0,0,1,0,1,1,1,0,2,3,30,0,1,1,5,6,1,0
1,1,0,29.41,0,0,0,0,0,1,1,1,1,3,4,30,0,1,6,6,10,1,0
1,0,0,28.34,0,0,0,0,0,0,0,1,0,3,21,30,1,2,10,4,2,1,0
1,0,1,19.25,0,0,0,1,1,0,1,1,0,3,30,30,0,2,10,4,5,1,0
1,0,0,33.09,1,0,0,1,1,1,1,1,0,4,30,10,0,2,5,6,6,1,0
1,0,0,27.26,0,0,0,1,0,0,1,1,0,1,30,30,0,1,10,6,11,1,0
1,1,0,27.2,1,0,0,1,0,1,1,1,0,2,30,30,0,1,10,4,11,1,0
1,0,0,23.57,0,0,0,1,0,1,1,1,0,1,5,30,0,1,10,6,11,1,0
1,0,0,29.41,0,0,0,1,1,1,1,1,0,2,30,1,0,2,10,6,6,1,0
1,0,0,23.0,1,0,0,1,1,1,1,1,0,1,1,30,0,1,12,6,6,1,0
1,0,0,29.21,0,0,0,1,1,1,1,1,0,3,30,30,0,2,5,4,5,1,0
1,1,0,26.63,1,0,0,1,1,1,1,1,0,2,23,30,0,2,12,6,6,1,0
1,0,0,30.41,0,0,0,1,0,1,1,1,0,2,30,30,0,1,3,5,6,1,0
1,0,0,33.12,0,0,0,1,1,1,1,1,0,2,30,30,0,1,12,6,6,1,0
1,0,0,29.53,1,0,0,1,1,1,1,1,0,3,30,30,0,1,11,6,6,1,0
1,0,0,18.79,0,0,0,1,1,1,1,1,1,3,2,3,0,1,10,6,5,1,0
1,1,0,24.75,0,0,0,1,1,1,1,1,0,2,10,1,0,1,10,6,6,1,0
1,0,0,29.62,0,0,0,1,1,1,1,1,0,3,30,30,0,2,10,5,6,1,0
0,0,0,26.45,0,0,0,1,1,0,1,1,0,2,5,30,0,2,10,6,6,1,0
1,0,0,29.18,1,0,0,0,1,1,1,1,0,2,30,30,0,2,10,5,5,1,0
1,0,0,37.89,0,0,0,1,0,1,1,1,0,3,4,2,0,2,3,6,6,1,0
1,0,0,30.04,1,0,0,1,1,1,1,1,0,2,30,30,0,2,11,6,5,1,0
1,0,0,25.75,1,0,0,1,1,1,1,1,0,3,10,30,0,2,11,5,6,1,0
1,0,0,32.69,0,0,0,1,0,0,1,1,0,2,30,30,0,2,3,4,5,1,0
1,0,0,33.83,1,0,0,1,1,1,1,1,0,2,30,30,0,1,11,4,6,1,0
1,0,0,29.26,0,0,0,0,0,0,1,1,0,2,30,30,0,1,10,6,6,1,0
1,0,0,25.09,1,0,0,1,1,1,1,1,0,4,30,30,0,1,5,4,6,1,0
1,0,0,26.63,0,0,0,0,1,1,1,1,0,2,30,30,0,2,10,6,6,1,0
1,0,1,50.18,1,0,0,1,0,1,1,0,1,4,20,30,1,2,3,5,6,1,0
1,1,0,25.84,0,0,0,1,1,1,1,1,0,2,30,30,0,1,10,5,6,1,0
1,0,0,45.61,0,0,0,1,0,0,1,1,0,2,30,30,0,1,5,6,6,1,0
1,0,0,39.54,1,0,0,0,1,1,1,1,0,2,30,30,0,1,6,4,11,1,0
1,1,0,27.44,1,0,0,1,1,1,1,1,0,3,30,30,0,2,4,4,6,1,0
1,1,0,22.46,0,0,0,0,1,1,1,1,0,4,30,1,0,2,6,5,6,1,0
1,0,0,24.81,0,0,0,1,1,1,1,1,0,3,30,30,0,1,12,6,5,1,0
1,1,0,36.54,1,0,0,1,1,1,1,1,0,2,2,30,0,1,6,4,10,1,0
1,0,0,26.04,1,0,0,1,1,1,1,1,0,3,30,30,0,2,10,5,5,1,0
1,0,0,25.84,1,0,0,1,0,1,1,1,0,3,30,30,0,1,10,5,6,1,0
1,0,0,24.59,1,0,0,1,1,1,0,1,0,3,30,3,0,2,10,6,11,1,0
1,0,0,31.19,0,0,0,0,0,1,1,1,0,2,25,30,0,1,10,4,6,1,0
1,1,0,28.34,0,0,0,0,0,1,1,1,0,3,30,15,0,2,4,6,2,1,0
1,0,1,29.26,0,0,0,0,0,1,1,1,0,2,3,5,0,2,10,5,6,1,0
1,0,0,30.11,0,0,0,1,0,1,1,1,0,3,2,30,0,2,2,5,6,1,0
1,0,0,25.06,1,0,0,1,1,1,0,0,0,1,30,30,0,2,3,4,5,1,0
1,1,0,28.9,0,0,0,1,1,1,1,1,0,2,30,30,0,2,11,6,6,1,0
1,0,0,29.29,0,0,0,1,1,1,1,1,0,2,30,30,0,2,10,5,6,1,0
1,0,0,33.45,0,0,1,1,1,1,1,1,0,2,30,30,0,1,5,5,5,1,0
1,0,0,26.63,1,0,0,1,1,1,1,1,1,4,10,3,0,1,1,4,5,1,0
1,1,0,27.26,1,0,0,1,0,1,1,1,0,3,10,2,0,1,4,5,6,1,0
1,0,0,27.44,0,0,0,0,1,1,1,1,0,2,30,30,0,2,11,5,6,1,0
1,0,0,25.54,0,0,0,1,0,1,1,1,0,2,30,1,0,1,13,6,5,1,0
1,1,0,27.26,1,0,0,1,1,1,0,1,0,2,1,30,0,1,10,5,6,1,0
1,0,0,24.41,1,0,0,1,1,1,1,1,0,2,5,30,0,2,5,5,6,1,0
1,0,0,28.7,0,0,0,1,1,1,1,1,0,1,30,30,0,1,10,5,6,1,0
1,0,0,17.98,0,0,0,1,1,0,1,1,0,5,5,30,0,1,5,2,6,1,0
1,0,0,24.21,0,0,0,1,1,1,1,1,0,3,30,30,0,1,11,6,6,1,0
1,0,0,20.64,0,0,0,1,1,1,1,1,0,3,2,30,0,1,13,4,5,1,0
1,0,0,27.44,1,0,0,0,1,1,1,1,0,2,30,30,0,2,13,6,6,1,0
1,0,0,30.11,0,0,0,1,1,1,1,1,0,3,30,30,0,2,10,5,6,1,0
1,0,0,25.82,1,0,0,0,1,1,1,1,0,2,14,30,1,2,10,6,6,1,0
1,1,0,28.62,0,0,0,1,1,1,1,1,0,2,30,30,0,2,10,6,6,1,0
1,0,1,25.85,0,0,0,0,0,1,1,1,0,3,30,30,1,2,12,6,6,1,0
1,1,0,27.44,0,0,0,0,1,1,1,1,0,1,30,30,0,2,10,4,6,1,0
1,0,0,29.23,0,0,0,1,0,1,1,1,0,2,15,30,0,2,6,5,6,1,0
1,0,1,28.03,1,0,0,0,1,1,1,1,0,3,30,30,0,1,14,5,6,1,0
1,0,0,30.9,1,0,0,1,1,1,1,1,0,2,30,30,0,2,10,5,5,1,0
1,0,0,27.44,0,0,0,1,1,1,1,1,0,3,30,2,0,2,11,6,6,1,0
1,0,0,31.66,1,0,0,1,1,1,1,1,0,3,5,2,0,1,4,6,6,1,0
1,0,0,27.44,1,0,0,0,1,1,1,1,0,3,30,30,1,2,6,5,6,1,0
1,0,0,28.34,0,0,0,0,1,1,1,1,0,2,30,10,0,1,11,5,6,1,0
1,0,0,22.85,1,0,0,1,1,1,1,1,0,3,30,2,0,2,6,6,6,1,0
1,0,0,25.07,0,0,0,0,1,1,0,1,0,2,30,30,0,1,12,4,6,1,0
1,0,0,28.5,0,0,0,0,1,1,1,1,0,2,30,30,0,1,12,6,6,1,0
1,0,0,26.63,0,0,0,1,1,1,1,1,0,2,30,30,0,2,11,4,5,1,0
1,0,0,37.59,1,0,0,1,1,1,1,1,0,3,30,10,0,2,6,5,6,1,0
1,0,0,25.04,0,0,0,1,0,0,1,1,0,3,30,30,0,1,11,6,4,1,0
1,0,1,28.32,0,0,0,1,0,1,1,1,0,3,2,30,0,2,3,6,11,1,0
1,0,0,20.54,1,0,0,0,1,1,1,1,0,4,15,20,1,1,5,6,3,1,0
1,0,0,34.87,0,0,0,1,0,1,1,1,0,3,15,2,0,1,2,6,6,1,0
1,1,0,31.95,0,0,0,1,0,0,1,1,0,3,30,16,0,2,6,6,6,1,0
1,0,0,22.67,0,0,0,1,0,1,1,1,0,3,30,30,0,1,10,6,5,1,0
1,1,0,19.65,0,0,0,1,1,1,1,0,0,2,30,30,0,1,5,5,6,1,0
1,1,0,24.43,0,0,0,1,0,1,1,1,0,3,30,30,0,2,1,6,6,1,0
1,0,0,29.95,1,0,0,1,1,1,1,1,0,4,30,15,0,1,6,6,5,1,0
1,0,0,29.12,0,0,0,1,0,1,1,1,0,2,30,30,0,2,6,4,6,1,0
1,0,0,31.75,0,0,0,1,0,1,1,1,0,2,30,30,0,2,11,5,4,1,0
1,0,0,33.45,1,1,0,1,1,1,1,1,0,1,20,5,0,2,5,5,6,1,0
1,0,0,21.18,0,0,0,1,1,1,1,1,0,2,30,30,0,1,11,6,6,1,0
1,0,1,33.45,1,0,0,0,0,1,1,0,1,3,2,30,1,1,3,5,6,1,0
1,1,0,26.54,1,0,0,1,1,1,1,1,0,2,30,30,0,1,10,4,6,1,0
1,0,0,27.44,0,0,0,0,1,1,1,1,0,2,30,3,0,2,11,4,6,1,0
1,1,0,32.55,0,0,0,1,1,1,1,1,0,3,3,30,0,1,4,5,6,1,0
1,0,0,29.23,0,0,0,0,0,0,1,1,0,2,3,30,0,2,12,4,6,1,0
1,0,0,30.04,0,0,0,1,1,1,1,1,0,2,4,30,0,2,12,5,6,1,0
1,0,0,28.27,1,0,0,1,1,0,1,1,0,2,30,30,0,1,3,6,6,1,0
1,1,0,25.69,1,0,0,1,1,1,1,1,0,3,3,30,0,2,10,5,6,1,0
1,1,0,29.65,1,0,0,1,1,1,1,1,0,1,15,15,1,1,11,6,6,1,0
1,1,0,29.53,1,0,0,1,0,1,1,1,0,1,30,30,0,1,5,6,6,1,0
1,0,0,31.93,0,0,0,0,1,0,1,1,0,2,30,30,0,1,5,5,11,1,0
1,1,0,28.34,1,0,0,1,1,1,1,1,0,2,2,30,0,2,11,6,6,1,0
1,0,0,27.44,0,0,0,1,1,1,1,1,0,2,30,30,0,2,12,4,6,1,0
1,0,0,36.9,0,0,0,1,1,1,1,1,0,3,30,30,0,2,5,6,6,1,0
1,1,0,22.67,0,0,0,0,1,1,1,1,0,2,30,30,0,2,10,6,6,1,0
1,0,0,33.65,0,0,0,1,0,1,1,1,0,2,30,30,0,2,11,5,4,1,0
1,1,0,24.03,1,0,0,1,1,1,1,1,0,3,3,30,0,2,10,5,4,1,0
1,1,0,27.44,0,0,0,1,1,1,1,1,0,2,30,30,0,2,10,5,6,1,0
1,0,0,27.44,0,0,0,0,1,1,1,0,0,4,30,30,0,2,6,2,2,1,0
1,0,0,25.09,0,0,1,1,1,1,1,1,0,2,30,30,0,1,13,6,6,1,0
1,0,0,25.11,0,0,0,1,0,1,1,1,0,3,30,30,0,2,10,6,6,1,0
1,0,0,25.61,0,0,0,1,0,1,1,1,0,2,30,30,0,2,14,5,6,1,0
1,1,0,30.41,1,0,1,1,1,1,1,1,0,2,29,2,0,1,5,5,6,1,0
1,0,0,28.04,0,0,0,1,1,1,1,1,0,2,30,30,0,1,10,5,6,1,0
1,1,0,27.12,1,0,0,1,1,1,0,1,0,1,30,30,0,1,3,4,6,1,0
1,0,0,21.46,0,0,0,1,1,1,1,1,0,2,3,30,1,2,4,6,6,1,0
1,0,0,31.01,1,0,0,0,0,1,1,1,0,1,30,30,0,1,10,4,6,1,0
1,0,0,34.33,0,0,0,0,0,1,1,1,0,2,30,30,0,2,4,5,6,1,0
1,0,0,20.6,0,0,0,1,0,1,1,1,0,3,30,30,0,2,10,6,5,1,0
1,0,0,33.89,0,0,0,1,0,1,1,1,0,2,30,30,0,1,10,4,6,1,0
1,0,0,27.44,1,0,0,1,0,0,1,1,0,3,30,30,0,2,10,6,6,1,0
1,0,0,28.17,0,0,0,0,0,1,1,1,0,2,30,2,1,2,11,6,6,1,0
1,0,0,27.44,0,0,0,0,1,1,1,1,0,2,30,30,0,2,6,5,6,1,0
1,0,0,20.01,1,0,0,1,0,0,1,1,0,2,4,5,0,2,11,6,6,1,0
1,0,0,25.51,0,0,1,1,1,1,1,1,0,3,2,30,0,2,10,4,4,1,0
1,1,0,29.76,1,0,0,0,0,1,1,1,0,2,1,2,0,2,5,5,3,1,0
1,0,0,29.18,0,0,0,1,1,1,1,1,0,3,30,30,0,2,11,6,6,1,0
1,0,0,33.81,0,1,0,1,0,1,1,1,1,2,30,30,0,2,6,6,5,1,0
1,0,1,36.94,1,0,0,1,0,1,1,0,1,4,1,30,0,1,4,3,4,1,0
1,0,0,26.34,0,0,0,1,0,1,1,1,0,2,1,3,0,2,10,4,6,1,0
1,1,0,29.53,1,0,1,1,1,1,1,1,0,1,10,30,0,1,10,5,6,1,0
1,0,0,33.89,0,0,0,1,1,1,1,1,0,2,2,30,0,2,10,6,10,1,0
1,1,0,22.99,0,0,0,1,0,1,1,1,0,2,4,2,0,1,2,6,10,1,0
1,0,0,32.5,0,0,0,1,0,1,1,1,0,2,30,30,0,1,10,6,6,1,0
1,1,0,28.29,0,0,0,1,0,1,1,1,0,2,5,30,0,1,11,6,10,1,0
1,0,0,32.28,1,0,0,0,0,1,1,1,0,3,30,30,0,1,5,4,6,1,0
1,0,0,27.44,0,0,0,1,1,1,1,1,0,3,30,30,0,2,6,6,6,1,0
1,0,0,23.17,0,0,0,1,0,1,1,1,0,1,30,30,0,2,4,6,6,1,0
1,1,0,22.89,0,0,0,1,1,1,1,1,0,2,30,30,0,1,10,6,11,1,0
1,0,0,25.61,0,1,0,1,0,0,1,1,0,3,20,30,0,2,4,5,2,1,0
1,0,0,27.63,0,0,0,1,1,1,1,1,0,1,30,30,0,2,10,5,6,1,0
1,1,0,27.12,0,0,0,1,1,1,1,1,1,4,30,24,0,2,3,5,6,1,0
1,0,0,29.26,1,0,0,1,1,1,1,1,0,5,30,25,0,2,4,5,6,1,0
1,0,0,26.09,1,0,0,1,1,1,0,1,0,3,30,30,0,2,10,3,5,1,0
1,0,0,26.11,1,0,0,1,1,1,1,1,0,2,30,30,0,1,11,6,6,1,0
1,0,0,26.14,0,0,0,1,1,1,1,1,0,1,30,30,0,1,3,6,6,1,0
1,0,0,21.93,1,0,0,1,1,1,1,1,0,4,5,30,0,2,10,6,6,1,0
1,0,0,28.7,1,0,0,1,1,1,1,1,0,3,30,30,0,1,10,5,6,1,0
1,0,0,27.44,1,0,0,0,0,0,1,1,0,2,15,30,0,1,10,4,6,1,0
1,0,0,41.1,0,0,0,1,0,1,1,1,0,4,30,30,0,2,2,5,4,1,0
1,0,0,31.25,0,0,0,1,1,1,1,1,0,2,15,30,0,2,12,6,5,1,0
1,1,0,28.5,1,0,0,1,1,0,1,1,0,1,30,30,0,2,11,6,6,1,0
1,1,0,30.73,0,0,0,1,0,1,1,1,0,1,30,30,0,2,11,5,6,1,0
1,0,0,23.91,0,0,0,1,0,0,1,1,0,3,5,5,0,2,12,5,6,1,0
1,0,0,23.12,0,0,0,1,1,1,1,1,0,2,30,30,0,1,10,4,6,1,0
1,0,0,22.27,0,0,0,1,0,1,1,1,0,2,30,30,0,2,2,5,6,1,0
1,1,0,32.92,0,0,0,0,0,0,0,1,0,2,30,30,0,2,5,5,6,1,0
1,0,0,39.06,0,0,0,0,0,1,1,1,0,1,30,30,1,2,10,4,6,1,0
1,0,0,32.12,1,1,0,1,0,1,1,1,0,2,30,14,1,2,10,6,5,1,0
1,0,0,33.23,1,0,0,1,0,0,1,1,0,2,2,30,0,1,11,5,6,1,0
1,1,0,27.12,0,0,0,1,1,1,1,1,0,1,30,30,0,1,10,6,6,1,0
1,0,0,33.2,1,0,0,1,1,1,1,1,0,2,30,30,0,2,10,5,6,1,0
1,0,0,29.29,0,0,0,1,0,1,1,1,0,1,30,30,0,1,11,6,6,1,0
1,0,0,31.32,0,0,0,0,0,1,1,0,0,2,30,30,0,1,10,4,6,1,0
1,0,0,27.44,1,0,0,0,1,1,1,1,0,3,10,3,0,2,11,6,6,1,0
0,0,0,24.33,0,0,0,1,1,1,1,1,0,2,6,1,0,2,5,6,6,1,0
1,0,0,31.09,1,0,0,0,0,1,1,1,0,2,30,30,0,2,13,6,6,1,0
1,0,0,25.82,0,0,0,1,0,1,1,1,0,4,30,30,0,1,1,4,6,1,0
1,0,0,35.51,0,0,0,1,0,1,1,1,0,2,30,30,0,1,10,6,6,1,0
1,0,0,37.59,0,0,0,1,0,0,1,1,0,3,30,30,0,2,5,6,6,1,0
1,0,0,34.9,1,0,0,1,1,1,1,1,0,4,18,14,0,2,5,5,6,1,0
1,0,0,14.77,1,0,0,0,1,1,1,1,0,4,30,5,0,1,10,4,6,1,0
1,1,0,29.29,0,0,0,1,1,1,1,1,0,2,30,30,0,2,12,6,11,1,0
1,0,0,27.44,0,0,0,1,1,1,1,0,0,4,30,30,0,2,6,2,6,1,0
1,0,0,31.09,0,0,0,0,1,1,1,1,0,2,20,25,0,2,6,5,1,1,0
1,0,0,31.87,1,0,0,0,0,1,1,1,0,1,30,30,0,1,13,4,6,1,0
1,0,0,19.94,0,0,0,1,1,1,1,1,0,1,30,30,0,1,11,6,6,1,0
1,0,0,21.95,0,0,1,0,1,1,1,1,0,2,30,30,0,2,13,4,3,1,0
1,0,0,22.96,1,0,0,0,1,0,1,1,0,3,30,30,0,1,10,3,4,1,0
1,0,0,31.17,1,0,0,1,0,1,1,1,0,3,30,30,0,1,11,6,11,1,0
1,0,0,20.66,1,0,0,1,0,1,1,1,1,4,1,5,1,2,6,6,1,1,0
1,0,0,27.44,0,0,0,1,1,1,1,0,1,4,30,15,0,1,6,2,6,1,0
1,0,0,32.28,1,0,0,1,1,1,1,1,0,3,15,30,0,2,10,6,6,1,0
1,0,1,24.21,0,1,0,1,1,1,1,1,1,3,30,30,0,1,11,3,1,1,0
1,0,0,23.99,0,0,0,1,0,1,1,1,0,2,30,30,0,2,10,6,10,1,0
1,0,0,27.44,0,0,0,1,1,1,1,1,0,2,30,30,0,2,13,5,6,1,0
1,1,0,22.46,0,0,0,1,1,1,1,1,0,2,2,3,0,2,10,4,6,1,0
1,0,0,24.5,0,1,0,1,1,1,1,1,0,3,2,30,0,1,11,6,6,1,0
1,0,0,27.44,0,0,0,0,0,1,1,1,0,2,5,30,0,2,10,6,6,1,0
1,0,0,29.03,1,0,0,1,1,1,1,1,0,2,30,2,0,1,10,4,6,1,0
1,0,0,33.91,1,0,0,1,0,1,1,1,0,3,5,15,0,1,6,5,6,1,0
1,1,0,27.44,0,0,0,1,1,0,1,1,0,1,30,30,0,2,11,6,6,1,0
1,0,0,27.12,0,0,0,1,1,1,1,1,0,3,30,30,0,2,10,5,5,1,0
1,1,0,29.05,0,0,0,1,1,1,1,1,0,2,5,30,0,2,10,6,6,1,0
1,0,0,25.1,0,0,0,1,0,1,1,1,0,3,30,30,0,1,5,6,6,1,0
1,0,0,24.53,0,0,0,1,1,1,1,1,0,2,30,30,0,2,10,6,5,1,0
1,0,0,29.99,0,0,0,1,1,1,1,1,0,3,30,30,0,1,10,6,6,1,0
1,0,0,38.1,1,0,0,1,1,1,1,1,1,2,30,30,0,1,6,6,6,1,0
1,0,0,29.63,0,0,0,1,1,1,1,1,0,2,30,30,0,2,5,6,6,1,0
1,0,0,31.62,0,0,0,1,0,0,1,1,0,2,30,30,0,1,10,4,6,1,0
1,1,0,37.59,0,0,0,0,1,1,1,1,0,2,30,30,0,1,1,4,1,1,0
1,0,0,27.41,0,0,0,0,1,1,1,1,0,3,15,30,1,2,10,6,6,1,0
1,0,0,29.05,0,0,0,1,0,1,1,1,1,2,20,15,0,2,1,5,5,1,0
1,0,1,26.76,1,0,0,0,1,1,1,1,0,5,6,30,1,1,6,5,4,1,0
1,0,0,31.0,1,0,0,0,0,1,1,1,0,1,30,30,0,2,6,4,2,1,0
1,0,0,24.33,1,0,0,1,1,1,1,1,0,3,5,2,0,2,11,6,6,1,0
1,0,0,26.63,1,0,0,1,1,1,1,1,0,3,2,30,0,2,10,6,11,1,0
1,1,0,24.94,1,0,0,1,1,1,1,1,1,3,30,30,1,1,3,2,5,1,0
1,1,0,26.69,0,0,0,1,0,1,1,1,0,3,30,2,0,1,4,6,6,1,0
1,0,0,33.96,1,0,0,1,1,1,1,1,0,3,5,30,0,1,10,6,11,1,0
1,0,0,27.71,1,0,0,0,1,1,1,1,0,2,30,30,0,1,5,4,6,1,0
1,0,0,25.69,1,0,0,0,1,1,1,1,0,3,25,30,0,2,6,4,4,1,0
1,0,0,27.44,1,0,0,1,0,1,1,1,0,2,30,30,0,2,10,6,6,1,0
1,0,0,24.96,1,0,0,1,0,1,1,1,0,3,30,30,0,2,4,5,6,1,0
1,0,0,33.28,0,0,0,1,1,1,1,1,0,2,30,30,0,2,4,6,6,1,0
1,1,0,26.54,1,0,1,1,0,1,1,1,0,1,30,30,0,1,10,5,6,1,0
1,1,0,27.4,0,0,0,1,1,1,1,1,0,2,30,30,0,2,10,6,6,1,0
1,1,0,25.09,1,1,0,1,0,1,1,1,0,3,2,30,0,1,4,4,6,1,0
1,1,0,27.98,1,0,0,1,1,1,1,1,0,2,30,30,0,1,10,6,6,1,0
1,1,0,33.45,1,0,0,1,1,0,1,1,0,2,2,30,0,1,6,4,4,1,0
1,0,0,31.01,0,0,0,1,1,0,1,1,0,2,30,15,0,1,10,6,6,1,0
1,1,0,27.37,0,0,0,1,1,1,1,1,0,2,30,30,0,1,10,6,11,1,0
1,1,0,27.44,0,0,0,1,1,1,1,1,0,2,1,30,0,2,11,5,6,1,0
1,1,0,27.44,1,0,0,1,1,1,1,0,1,3,30,30,0,2,3,5,6,1,0
1,0,0,27.44,0,0,0,0,1,1,1,1,0,2,30,30,1,2,11,6,6,1,0
1,0,0,18.88,0,0,0,1,1,1,1,1,0,1,30,30,0,2,10,4,6,1,0
1,0,0,18.85,1,0,0,1,1,1,1,1,0,3,30,30,0,1,12,5,6,1,0
1,0,0,23.06,1,0,0,1,1,1,1,1,0,3,30,30,0,1,10,4,6,1,0
1,0,0,31.01,0,0,0,1,0,1,1,1,0,4,30,30,0,1,6,6,6,1,0
1,0,0,23.03,0,0,0,1,1,1,1,1,0,3,30,30,0,2,2,6,6,1,0
1,1,0,23.57,0,0,0,1,0,0,1,1,0,3,30,30,0,1,6,5,6,1,0
1,0,0,32.55,1,0,0,1,1,1,1,1,0,2,1,30,0,1,11,6,6,1,0
1,1,0,27.44,0,0,0,0,1,1,1,0,1,2,5,30,0,2,2,1,6,1,0
1,1,0,25.1,0,0,0,1,1,1,1,1,0,2,30,30,0,1,11,6,6,1,0
1,1,0,27.26,0,0,0,1,1,1,1,1,0,2,30,30,0,1,10,6,6,1,0
1,0,0,24.96,0,0,0,1,0,1,1,1,0,1,30,30,0,2,10,6,6,1,0
1,0,0,30.37,1,0,0,1,0,0,1,1,0,2,30,30,0,1,6,4,6,1,0
1,0,0,28.13,1,0,0,1,0,1,0,1,0,2,30,30,0,1,11,6,6,1,0
1,0,0,27.44,0,0,0,1,0,1,1,1,0,3,30,1,0,2,10,6,6,1,0
1,0,1,25.83,1,0,0,1,0,1,1,1,0,2,30,30,1,1,13,4,6,1,0
1,1,0,28.32,0,0,0,0,0,0,1,1,0,3,30,14,0,2,5,5,6,1,0
1,0,0,26.52,1,0,0,1,1,1,1,1,0,3,30,30,0,2,12,6,6,1,0
1,1,0,29.76,1,0,1,1,1,1,0,1,0,2,30,30,0,1,10,6,5,1,0
1,0,0,27.44,0,0,0,1,1,1,1,1,0,2,30,30,0,1,10,4,6,1,0
1,0,0,24.85,0,0,0,1,1,1,1,1,0,2,1,1,0,1,10,6,6,1,0
1,0,0,21.18,0,0,0,1,1,1,1,1,0,3,30,1,0,1,11,6,6,1,0
1,1,0,24.63,0,0,0,1,0,1,1,1,0,3,30,6,0,2,10,6,10,1,0
1,1,0,25.83,1,0,0,1,1,1,1,1,0,3,30,30,0,1,6,5,6,1,0
1,1,0,29.18,1,0,0,1,0,1,1,1,0,2,2,30,0,2,10,5,6,1,0
1,0,0,32.98,1,0,0,0,0,0,1,1,0,3,30,30,0,1,4,4,6,1,0
1,0,0,33.23,0,0,0,1,0,1,1,1,0,2,30,30,0,1,11,6,6,1,0
1,0,0,27.44,0,0,0,1,1,1,1,1,0,3,30,30,0,2,11,6,5,1,0
1,0,0,47.43,0,0,0,1,1,1,0,1,0,1,30,30,0,1,6,4,1,1,0
1,0,0,24.39,0,0,0,1,1,1,1,1,0,2,30,30,0,1,12,6,6,1,0
1,0,0,27.44,0,0,0,1,1,0,1,1,0,1,30,30,0,2,10,6,6,1,0
1,0,0,27.44,0,0,0,1,1,1,1,1,0,3,30,30,0,2,10,6,6,1,0
1,1,0,30.95,0,0,0,1,0,1,1,1,0,3,30,30,0,2,5,6,6,1,0
1,0,1,27.44,0,0,0,0,1,1,1,1,0,3,10,5,0,2,1,3,6,1,0
1,0,0,25.42,0,0,0,0,1,0,1,1,0,2,30,30,0,2,12,6,6,1,0
1,0,0,30.41,0,0,0,0,1,0,1,1,0,2,30,30,0,1,10,4,6,1,0
1,0,0,27.44,0,0,0,0,0,0,1,1,0,3,30,30,0,2,10,5,6,1,0
1,0,0,28.41,0,0,0,1,1,1,1,1,0,2,30,30,0,1,11,6,10,1,0
1,1,0,27.99,1,0,0,1,1,1,1,1,0,2,2,30,0,2,11,6,6,1,0
1,0,0,30.43,0,0,0,1,0,0,1,1,0,2,30,30,0,1,3,6,6,1,0
1,0,0,31.47,1,0,0,1,1,1,1,1,0,3,30,30,0,2,10,5,6,1,0
1,1,0,33.45,0,0,0,1,0,1,0,1,0,2,5,30,0,1,5,5,6,1,0
1,0,0,26.63,1,0,0,0,1,1,1,1,0,3,30,30,0,2,10,5,5,1,0
1,0,0,29.53,1,0,0,1,1,1,1,0,0,2,3,30,0,1,6,5,6,1,0
1,0,0,34.44,0,0,0,1,1,1,1,1,0,2,30,30,0,1,11,6,5,1,0
1,0,0,22.65,0,0,0,1,1,1,1,1,0,3,5,1,0,2,2,5,5,1,0
1,0,0,19.97,0,0,0,1,1,1,1,1,0,2,30,30,0,1,11,6,6,1,0
1,0,0,20.05,0,0,0,1,1,1,1,1,0,2,30,30,0,2,13,4,6,1,0
1,0,0,23.63,0,0,0,0,1,1,1,1,0,3,30,21,0,2,11,4,6,1,0
1,0,0,25.75,0,0,0,0,1,1,1,1,0,2,30,30,0,2,10,6,10,1,0
1,0,0,30.26,1,0,0,1,1,1,1,1,0,3,30,15,0,2,10,5,6,1,0
1,0,0,42.37,0,0,0,1,0,1,1,1,1,3,10,2,0,1,1,5,6,1,0
1,0,0,27.6,1,0,0,1,1,1,1,1,0,2,2,30,0,1,4,5,6,1,0
1,0,0,27.44,0,0,0,1,1,1,1,1,0,2,1,1,0,2,10,5,5,1,0
1,0,0,40.69,0,0,0,1,1,1,1,1,0,2,10,30,0,1,5,5,6,1,0
1,0,1,37.31,0,0,0,1,1,1,1,1,0,4,30,30,0,1,6,4,6,1,0
1,1,0,28.97,1,0,0,1,0,1,1,1,1,2,2,30,0,2,5,4,6,1,0
1,0,0,27.44,0,0,0,0,1,1,1,1,0,2,2,30,0,2,10,6,6,1,0
1,0,0,22.31,1,0,0,1,1,1,0,1,0,2,30,30,0,2,10,6,11,1,0
1,0,0,32.77,1,0,0,0,0,1,1,1,0,4,10,30,1,1,4,5,6,1,0
1,0,0,23.73,1,0,0,0,0,0,0,0,1,4,30,30,0,1,6,4,6,1,0
1,1,0,27.88,0,0,0,1,1,1,1,1,0,1,30,30,0,2,12,6,6,1,0
1,1,0,21.29,0,0,0,0,0,1,1,1,0,2,30,30,0,1,10,6,6,1,0
1,1,0,28.7,0,0,0,1,1,1,0,1,0,3,5,30,0,2,4,6,2,1,0
1,1,0,21.31,0,0,0,1,1,0,1,1,0,3,30,5,0,2,11,6,6,1,0
1,0,0,25.39,1,0,0,1,1,1,1,1,0,2,30,5,0,2,13,6,6,1,0
1,0,0,30.41,0,0,0,1,1,1,1,1,0,2,30,10,0,1,10,4,6,1,0
1,0,0,35.07,1,0,0,0,0,0,1,0,1,3,30,30,1,1,5,3,6,1,0
1,0,0,31.57,1,0,0,1,1,1,1,1,0,3,30,30,0,1,10,6,11,1,0
1,0,0,26.17,0,0,0,0,0,1,1,0,0,3,10,30,0,2,3,5,6,1,0
1,1,0,24.95,0,0,0,1,1,1,1,1,0,3,30,30,0,2,10,6,11,1,0
1,0,0,25.1,0,0,0,1,0,1,0,1,0,2,30,1,0,1,2,6,6,1,0
1,0,0,27.28,0,0,0,1,1,1,1,1,0,1,30,30,0,2,10,4,5,1,0
1,0,0,37.2,0,0,0,1,1,1,1,1,0,2,5,30,0,2,11,6,6,1,0
1,0,0,23.38,0,0,0,0,1,1,1,1,0,2,30,30,0,2,10,6,6,1,0
1,0,0,22.47,0,0,0,1,0,1,1,1,0,4,15,30,0,1,3,4,6,1,0
1,0,0,25.69,1,0,0,1,1,0,1,1,0,2,4,5,0,2,11,6,6,1,0
1,1,0,26.22,0,0,0,1,1,1,1,1,0,3,30,1,0,1,6,6,11,1,0
1,0,0,42.29,1,0,0,1,0,1,1,1,0,3,30,30,0,2,4,5,6,1,0
1,0,0,21.79,1,0,0,1,0,1,1,1,0,2,30,30,0,2,5,5,6,1,0
1,0,0,21.87,0,0,0,1,1,1,1,1,0,2,30,1,0,2,11,6,11,1,0
1,0,0,33.28,0,0,0,0,1,1,1,1,0,3,30,30,0,2,10,6,11,1,0
1,0,0,25.83,1,0,1,1,1,1,1,1,0,3,1,5,0,1,10,6,6,1,0
1,1,0,27.25,0,0,0,1,1,0,1,1,0,2,30,30,0,1,10,6,10,1,0
1,0,0,36.26,1,0,0,1,1,1,0,1,0,3,30,30,0,1,10,5,6,1,0
1,0,0,26.95,1,0,0,1,1,1,1,1,0,3,30,30,0,2,10,5,10,1,0
1,0,0,31.18,0,0,0,1,0,1,1,1,0,3,2,10,0,2,11,6,6,1,0
1,1,0,27.32,0,0,0,1,1,1,1,1,1,2,30,30,0,2,4,4,6,1,0
1,0,1,27.44,0,0,0,0,0,1,1,1,0,3,30,30,1,2,12,4,6,1,0
1,0,0,23.71,1,0,0,0,1,1,1,1,0,2,30,2,1,1,12,5,5,1,0
1,0,0,27.89,0,0,0,1,1,1,1,1,0,3,30,30,0,1,10,6,6,1,0
1,1,0,19.37,1,0,1,1,1,1,1,1,0,2,1,30,0,1,12,5,6,1,0
1,0,1,26.06,0,0,0,1,0,0,1,1,0,2,30,30,0,1,1,4,6,1,0
1,0,0,38.09,0,0,0,1,1,1,0,0,0,3,30,30,0,1,3,2,1,1,0
1,0,0,27.44,1,0,0,1,1,1,1,1,0,4,30,15,1,2,5,5,3,1,0
1,0,0,27.44,1,0,1,1,1,1,1,0,0,3,30,30,0,1,10,4,6,1,0
1,0,0,27.44,0,0,0,1,0,1,1,1,0,3,30,30,0,2,10,6,6,1,0
1,0,0,30.68,0,0,0,1,0,1,1,1,0,2,30,30,0,1,10,6,6,1,0
1,1,0,35.43,1,0,0,0,0,1,1,1,1,2,30,30,0,2,4,4,6,1,0
1,0,0,27.44,0,0,0,1,1,1,1,1,0,3,30,30,0,2,10,6,5,1,0
1,1,0,34.11,0,0,0,1,1,1,1,1,0,2,2,6,0,2,6,6,6,1,0
1,0,0,20.54,1,0,0,1,1,1,1,1,0,2,30,30,0,2,10,6,6,1,0
1,0,1,30.13,0,0,0,1,0,1,1,1,0,4,30,30,0,1,1,4,6,1,0
1,0,0,28.19,0,0,0,1,0,0,1,1,1,3,2,30,0,2,2,6,6,1,0
1,0,0,36.28,1,1,0,0,0,1,0,1,0,1,2,30,1,1,10,6,1,1,0
1,0,0,21.63,0,0,0,1,1,1,1,1,0,1,15,30,1,2,12,6,6,1,0
1,0,0,35.78,1,0,0,1,0,1,1,1,0,2,2,12,1,2,2,4,1,1,0
1,1,0,20.51,0,0,0,1,1,1,1,1,0,3,30,30,0,2,10,4,6,1,0
1,0,0,27.44,0,0,0,0,1,1,1,1,0,3,30,10,0,2,11,6,6,1,0
1,0,0,29.52,1,0,0,1,1,1,1,1,0,3,30,30,0,2,10,6,6,1,0
1,0,0,31.32,0,0,0,1,1,1,1,1,0,2,30,2,0,1,10,5,6,1,0
1,0,0,27.44,0,0,0,1,1,1,1,1,0,2,30,30,0,2,10,5,6,1,0
1,0,0,28.7,1,0,0,1,0,0,1,1,0,1,30,30,0,1,10,2,5,1,0
1,0,0,26.22,0,0,0,1,1,1,1,1,0,1,10,30,0,2,1,5,6,1,0
1,0,0,21.48,1,0,0,1,0,1,1,1,0,4,30,15,0,2,10,6,3,1,0
1,1,0,21.26,0,0,0,0,1,1,1,1,0,4,20,6,0,2,6,5,6,1,0
1,0,0,31.74,0,0,0,0,0,1,1,1,0,2,30,30,0,2,10,5,4,1,0
1,1,0,22.31,0,0,0,1,0,0,1,1,0,3,2,30,0,2,10,6,4,1,0
1,0,0,20.55,1,0,0,0,1,1,1,1,0,4,30,30,0,2,4,3,1,1,0
1,0,0,33.72,0,0,0,1,1,1,1,1,0,2,30,30,0,1,10,6,11,1,0
0,0,0,36.84,0,0,0,1,1,1,1,1,0,3,15,20,0,2,4,6,6,1,0
1,0,0,28.13,1,0,0,1,0,0,1,1,0,3,30,1,0,1,10,6,6,1,0
1,0,0,35.87,0,0,0,1,0,1,1,1,0,3,30,30,0,1,6,5,6,1,0
0,0,0,33.84,0,0,0,1,1,0,1,1,0,3,1,2,0,2,4,4,6,1,0
1,0,0,32.01,0,0,0,1,1,1,1,1,0,1,30,30,0,2,6,6,6,1,0
1,1,0,29.53,0,0,0,0,1,1,0,1,0,2,30,30,0,1,11,6,10,1,0
1,0,0,28.29,0,0,0,1,1,1,1,1,0,2,30,30,0,2,10,5,6,1,0
1,0,0,36.94,0,0,0,1,0,1,1,1,0,2,30,30,0,1,10,6,6,1,0
1,1,0,27.05,0,0,0,1,0,1,1,1,0,2,30,30,0,1,10,6,6,1,0
1,0,0,32.77,0,0,0,1,1,1,1,1,0,3,30,10,0,2,5,6,11,1,0
1,0,0,23.42,0,0,0,0,0,1,1,1,0,2,3,30,0,2,10,4,6,1,0
1,1,0,27.44,0,0,0,1,1,1,1,1,0,2,30,30,0,2,10,6,6,1,0
1,0,0,17.63,0,0,0,0,1,1,1,1,0,3,30,30,0,1,6,5,6,1,0
1,0,0,25.62,0,0,0,0,1,1,1,1,0,3,30,30,0,1,11,6,11,1,0
1,1,0,23.06,1,0,0,1,0,1,1,1,0,2,30,30,0,1,10,4,6,1,0
1,0,0,23.75,0,0,0,1,1,1,1,1,0,3,30,30,0,1,12,5,5,1,0
1,1,0,24.05,0,0,0,1,0,1,1,1,0,2,30,1,0,1,11,6,6,1,0
1,0,0,37.12,0,0,0,1,1,1,1,0,0,3,30,30,0,1,5,4,6,1,0
1,1,0,25.79,1,0,0,1,1,1,1,1,0,2,30,30,0,2,10,4,4,1,0
1,0,0,27.44,0,0,0,0,1,1,1,1,0,3,30,30,0,2,10,5,6,1,0
1,0,0,24.87,0,0,0,1,1,1,1,1,0,5,25,30,0,2,6,4,3,1,0
1,0,0,27.44,0,0,0,1,0,1,1,1,0,1,30,30,0,2,1,5,6,1,0
1,0,0,24.8,0,0,0,1,0,1,0,1,1,2,25,30,0,2,1,5,4,1,0
1,0,0,33.45,1,0,0,1,1,1,1,1,0,4,15,30,0,1,5,4,6,1,0
1,1,0,25.75,1,0,0,1,1,1,1,1,0,2,30,30,0,2,10,6,6,1,0
1,1,0,35.87,0,0,0,1,0,1,1,1,0,3,4,30,0,2,5,6,6,1,0
1,0,0,27.44,1,0,1,1,1,1,1,1,1,3,30,30,0,2,5,6,6,1,0
1,0,0,27.44,0,0,0,0,1,1,1,0,1,3,30,30,0,1,3,2,6,1,0
1,0,0,27.39,1,0,0,1,1,1,1,1,0,2,30,30,0,1,11,6,6,1,0
1,0,0,40.69,0,0,0,1,1,1,1,1,0,3,2,30,0,1,5,5,6,1,0
1,0,0,31.47,0,0,0,1,0,1,1,1,0,1,30,30,0,1,10,6,6,1,0
1,0,0,27.44,0,0,0,0,1,1,1,1,0,3,30,30,0,2,10,5,5,1,0
1,1,0,21.46,0,0,0,1,1,1,1,1,0,2,30,30,0,2,10,6,11,1,0
1,1,0,26.58,0,0,0,1,0,1,1,1,0,2,2,30,0,1,4,6,6,1,0
1,1,0,32.58,0,0,0,1,1,1,1,1,0,1,30,1,0,1,10,5,6,1,0
1,1,0,31.62,1,0,0,1,0,1,1,1,0,3,30,30,0,2,5,4,4,1,0
1,0,0,19.69,1,0,0,0,1,1,1,1,0,2,30,30,0,1,13,6,6,1,0
1,0,1,25.79,0,0,0,1,1,1,1,1,0,3,30,30,0,2,1,4,6,1,0
1,0,0,31.47,1,0,0,0,1,1,1,1,0,3,30,30,0,1,5,6,10,1,0
1,0,0,25.42,1,0,0,0,1,1,1,1,0,3,30,30,0,1,10,4,6,1,0
1,0,0,31.17,1,0,0,1,1,1,1,1,0,1,5,30,0,1,5,4,5,1,0
1,1,0,34.67,1,0,0,1,1,1,0,1,0,2,30,30,0,1,10,5,6,1,0
1,1,0,23.74,0,0,0,0,0,1,1,1,0,2,30,30,0,1,10,6,6,1,0
1,0,0,24.41,0,0,0,1,1,1,1,1,0,2,30,6,0,2,11,6,6,1,0
1,0,0,28.19,0,0,0,1,0,0,1,1,0,1,30,2,0,1,10,4,6,1,0
1,0,0,27.44,1,0,0,1,1,1,1,1,0,3,30,30,0,2,11,4,3,1,0
1,0,0,31.15,0,0,0,1,1,1,1,1,0,3,6,1,0,2,10,4,6,1,0
1,0,0,27.44,0,0,0,1,1,1,1,1,0,4,30,30,0,2,3,5,6,1,0
1,0,0,27.44,0,0,0,1,1,1,1,1,0,2,30,30,0,2,10,5,6,1,0
1,1,0,25.09,1,0,0,1,1,1,1,1,0,1,30,30,0,1,13,6,6,1,0
1,1,0,28.7,0,0,0,1,1,1,1,1,0,2,30,30,0,1,6,4,6,1,0
1,0,0,22.14,1,0,0,1,1,1,1,1,0,2,30,3,0,2,10,3,4,1,0
1,1,0,24.83,1,0,0,1,0,1,1,1,0,3,30,30,0,2,10,5,10,1,0
1,0,0,27.44,0,0,0,1,1,1,1,1,0,3,15,10,0,2,1,6,6,1,0
1,0,0,33.75,1,0,0,1,1,1,1,1,0,2,30,1,0,2,10,6,6,1,0
1,0,0,23.57,1,0,0,1,1,1,1,1,0,3,30,30,0,1,12,6,6,1,0
1,0,0,23.4,0,0,0,1,1,1,1,1,0,2,30,30,0,2,10,5,6,1,0
1,0,0,29.18,0,0,0,1,1,1,1,1,0,3,30,30,0,2,11,4,6,1,0
1,0,0,27.44,0,0,0,0,1,1,1,1,0,3,30,30,0,2,10,6,6,1,0
1,1,0,27.44,0,0,0,1,1,1,1,1,0,2,30,30,0,2,10,5,6,1,0
1,1,0,29.65,0,0,0,1,1,1,1,1,0,1,30,30,0,1,10,5,6,1,0
1,0,0,27.34,0,0,0,1,1,1,1,1,0,3,30,30,0,2,10,4,6,1,0
1,0,0,22.73,0,0,0,1,1,1,1,1,0,1,30,30,0,1,10,6,6,1,0
1,1,0,21.34,0,0,0,1,1,0,1,1,0,2,30,30,0,1,12,6,6,1,0
1,0,0,24.21,0,0,0,0,1,1,1,1,0,1,30,30,0,2,13,5,6,1,0
1,0,0,20.78,0,0,0,1,1,1,1,1,0,1,2,30,0,2,13,6,6,1,0
1,0,0,21.14,0,0,0,1,1,1,1,1,0,1,30,30,0,1,10,6,5,1,0
1,0,0,27.44,0,0,0,1,1,1,1,1,0,3,30,30,0,2,11,6,6,1,0
1,1,0,21.95,0,0,0,0,1,0,1,1,0,1,30,30,1,2,12,2,6,1,0
1,0,0,27.32,0,0,0,1,1,1,1,1,0,3,30,30,0,1,10,6,11,1,0
0,0,0,16.6,1,0,0,0,0,0,1,1,0,3,30,30,1,2,10,4,6,1,0
1,0,0,24.07,1,0,0,1,0,1,1,1,0,3,5,30,1,1,11,5,6,1,0
1,0,0,27.37,0,0,0,1,0,1,1,1,1,2,30,15,0,2,6,5,10,1,0
1,0,0,26.64,1,0,0,1,1,1,1,1,0,2,30,30,0,1,10,5,6,1,0
1,0,0,32.32,1,0,0,1,1,1,1,1,0,3,30,30,0,2,6,4,6,1,0
1,0,0,27.44,0,0,0,1,1,0,1,1,0,2,30,30,0,2,10,5,6,1,0
1,0,0,29.82,0,0,0,1,0,1,0,1,0,2,30,30,0,1,10,6,11,1,0
1,0,0,31.57,0,0,0,1,1,1,1,1,0,3,1,30,0,1,6,5,6,1,0
1,0,0,25.61,1,0,0,1,0,1,1,1,0,3,30,30,0,2,12,6,6,1,0
1,0,0,29.84,0,0,0,1,1,1,1,1,0,2,30,30,0,1,5,6,5,1,0
1,0,0,23.75,0,0,0,1,0,1,1,1,0,1,2,30,0,1,4,6,11,1,0
1,0,0,29.16,0,0,0,1,1,1,1,1,0,3,30,30,0,1,10,5,6,1,0
1,0,0,32.69,1,0,0,1,0,1,0,1,0,4,2,30,0,1,10,5,6,1,0
1,0,0,27.89,0,0,0,1,1,1,1,1,1,3,30,30,0,1,5,6,4,1,0
1,0,1,33.12,1,0,0,1,1,1,1,1,0,3,30,30,0,1,10,5,5,1,0
1,0,0,23.03,1,0,0,1,1,1,1,1,0,2,30,30,0,2,10,6,10,1,0
1,1,0,20.12,0,0,0,1,1,1,1,1,0,1,30,30,1,2,11,5,6,1,0
1,1,0,27.44,0,0,0,1,1,1,1,1,0,1,30,30,0,2,10,3,4,1,0
1,1,0,30.54,1,0,0,1,1,1,1,1,0,2,5,14,0,2,10,6,5,1,0
1,0,0,31.89,1,0,0,1,0,1,1,1,0,2,30,30,0,2,5,6,6,1,0
1,0,0,31.64,0,0,0,1,1,1,1,1,1,3,30,30,0,2,6,6,6,1,0
1,0,0,29.29,1,0,0,0,0,1,1,1,0,4,25,30,0,2,4,5,2,1,0
1,0,0,27.98,1,0,0,1,0,1,1,1,0,2,30,30,0,1,11,6,6,1,0
1,0,0,27.44,0,0,0,1,1,1,1,1,0,3,30,30,0,1,10,5,6,1,0
1,0,0,29.53,0,0,0,1,1,1,1,0,0,4,3,30,0,2,4,6,6,1,0
1,0,0,25.92,0,0,0,1,0,1,1,1,0,3,30,30,0,2,6,4,6,1,0
1,1,0,22.24,1,0,0,1,1,1,1,1,0,2,30,30,0,1,10,4,3,1,0
1,0,0,22.66,0,0,0,1,1,1,1,1,0,3,10,30,0,2,10,4,5,1,0
1,1,0,21.35,0,0,0,1,1,1,1,1,0,2,30,1,0,2,11,6,10,1,0
1,0,0,23.3,0,0,0,1,0,1,1,1,0,1,30,30,0,2,10,6,6,1,0
1,1,0,26.26,0,0,0,1,1,0,1,1,0,2,30,30,0,2,11,5,6,1,0
1,1,0,29.95,0,0,0,1,1,1,1,1,0,4,6,30,0,2,4,6,6,1,0
1,1,0,27.26,0,0,0,1,0,1,1,1,0,2,15,30,0,1,10,6,6,1,0
1,0,0,27.12,1,0,0,1,0,1,1,1,0,2,30,30,0,2,10,6,6,1,0
1,1,0,27.44,1,0,0,1,1,1,1,1,0,4,15,1,0,2,4,5,6,1,0
1,0,0,34.46,0,0,0,0,1,1,1,1,0,4,30,3,0,2,1,6,3,1,0
1,1,0,21.79,1,0,0,1,1,1,1,1,0,3,2,30,0,2,11,6,6,1,0
1,0,0,25.06,1,0,0,1,1,1,1,1,0,3,20,30,0,2,10,5,6,1,0
1,1,0,29.44,1,0,0,1,0,1,1,1,0,2,30,2,0,2,10,6,6,1,0
1,0,0,28.89,0,0,0,1,1,1,1,1,0,2,30,30,0,2,10,6,6,1,0
1,1,0,19.42,0,0,0,1,1,1,1,1,0,2,30,30,0,1,12,6,6,1,0
1,0,0,26.45,0,0,0,0,1,1,1,0,0,2,30,30,0,1,10,4,4,1,0
1,0,1,23.56,0,0,0,1,1,1,1,1,0,4,30,30,0,2,10,2,1,1,0
1,0,0,26.57,1,0,0,1,0,1,0,1,0,4,30,2,0,2,10,6,6,1,0
1,0,0,18.9,0,0,1,1,1,1,1,1,0,3,30,30,0,1,13,6,6,1,0
1,0,0,24.18,1,0,0,1,1,1,1,1,0,3,10,30,0,1,13,6,6,1,0
1,0,0,33.47,1,0,0,1,1,1,1,1,0,2,30,30,0,1,6,6,6,1,0
1,0,0,25.82,0,0,0,1,1,1,1,1,0,3,30,30,0,2,10,5,6,1,0
1,0,0,32.89,0,0,0,1,1,1,0,1,0,2,30,30,0,1,10,5,6,1,0
1,0,0,24.53,0,0,0,1,1,1,1,0,0,2,30,3,0,1,1,5,5,1,0
1,0,0,24.89,1,0,0,1,1,1,1,1,0,2,30,30,0,2,10,4,6,1,0
1,0,0,22.86,0,0,0,1,1,1,1,1,0,2,30,30,0,2,10,6,6,1,0
1,1,0,32.39,0,0,0,1,0,1,1,1,0,3,3,30,0,2,5,6,6,1,0
1,1,0,29.41,0,0,0,1,0,1,1,1,0,2,30,30,0,1,6,6,10,1,0
1,0,0,19.83,1,0,0,0,0,1,1,1,0,3,30,5,0,1,10,5,6,1,0
1,0,0,24.02,0,0,0,0,1,1,1,1,0,2,30,30,0,1,12,6,6,1,0
1,0,0,25.79,0,0,0,0,0,0,1,1,0,3,1,30,0,2,6,2,2,1,0
1,1,0,24.56,1,0,0,1,1,1,1,1,0,2,30,30,0,2,12,5,6,1,0
1,1,0,27.44,0,0,0,1,1,1,1,1,0,2,30,30,0,2,10,5,6,1,0
1,0,0,31.89,0,0,0,1,0,1,1,1,0,3,3,30,0,2,10,5,6,1,0
1,0,0,29.27,1,0,0,1,1,1,1,1,0,2,30,5,0,1,11,6,10,1,0
1,0,0,24.8,0,0,0,1,1,1,1,1,0,2,1,30,0,2,13,6,4,1,0
1,1,0,27.44,1,0,0,1,0,1,1,1,0,2,2,30,0,1,5,6,6,1,0
1,0,0,30.68,0,0,0,1,1,1,1,1,0,2,30,30,0,2,11,6,6,1,0
1,0,0,30.67,0,0,0,1,1,1,1,1,0,2,30,30,0,2,11,6,6,1,0
1,1,0,23.11,1,0,0,1,1,1,1,1,0,2,30,30,0,1,11,6,4,1,0
1,0,0,30.13,0,0,0,0,0,0,1,1,0,2,30,30,0,1,10,6,6,1,0
1,0,1,27.44,0,0,0,1,0,0,1,1,1,3,30,30,1,2,6,2,6,1,0
1,0,0,28.06,1,0,0,1,0,1,1,1,0,2,30,30,0,1,11,5,6,1,0
1,0,0,26.18,1,0,0,1,0,1,1,1,0,3,30,30,0,1,11,5,6,1,0
1,0,0,29.05,1,0,0,1,1,1,1,1,0,2,30,30,0,1,10,4,2,1,0
1,0,0,27.62,0,0,0,0,1,1,1,1,0,3,30,30,0,2,11,6,6,1,0
1,1,0,29.29,0,0,0,1,1,1,1,1,0,2,4,2,0,2,10,5,6,1,0
1,0,0,27.44,0,0,0,1,0,0,1,1,0,3,30,14,1,2,10,6,3,1,0
1,0,0,38.39,0,0,0,1,0,1,1,1,0,1,30,30,0,1,6,5,6,1,0
1,1,0,21.92,1,0,0,1,1,1,1,1,0,1,30,30,0,2,11,6,11,1,0
1,0,0,30.52,0,0,0,0,1,1,1,1,0,1,30,2,0,1,10,4,6,1,0
1,0,0,27.44,0,0,0,1,1,1,1,1,0,3,30,30,0,2,10,2,5,1,0
1,1,0,29.84,1,0,0,1,1,1,1,1,0,1,30,30,1,1,10,4,6,1,0
1,0,0,30.3,1,0,0,1,1,1,1,1,1,5,6,30,0,2,5,5,5,1,0
1,1,0,29.86,0,0,0,1,1,1,1,1,0,3,30,3,0,1,5,6,11,1,0
1,1,0,21.87,0,0,0,0,1,0,1,0,1,2,30,30,0,1,4,3,6,1,0
1,0,0,24.11,0,0,0,1,0,0,1,1,1,3,30,30,0,1,10,5,4,1,0
1,0,1,27.44,0,0,0,0,1,1,1,1,0,3,30,30,0,2,1,3,6,1,0
1,0,0,25.85,1,0,0,1,1,0,1,1,0,3,30,30,0,1,11,4,6,1,0
1,0,0,25.84,0,0,0,1,0,0,1,1,0,2,30,30,0,1,13,5,6,1,0
1,0,0,37.12,0,0,0,1,1,1,1,1,0,2,30,30,0,2,10,6,6,1,0
1,0,0,27.44,0,0,0,1,0,1,1,1,0,4,2,5,0,2,3,6,11,1,0
1,1,0,21.46,0,0,0,1,0,1,1,1,0,1,30,30,0,1,10,5,6,1,0
1,1,0,27.44,1,0,0,1,0,0,1,1,0,1,30,30,0,2,12,5,4,1,0
1,1,0,25.06,0,0,0,1,1,1,1,1,0,2,30,30,0,1,10,6,6,1,0
1,0,0,23.4,1,0,0,0,1,1,1,1,0,2,30,30,0,2,13,4,6,1,0
1,0,0,28.17,0,0,0,1,1,1,1,1,0,3,30,30,0,1,10,6,6,1,0
1,1,0,21.46,0,0,0,1,1,1,1,1,0,3,2,30,0,2,6,6,6,1,0
1,0,0,19.97,1,0,0,0,0,1,1,1,0,3,30,30,1,1,11,4,6,1,0
1,0,0,30.41,1,0,1,1,1,1,1,1,0,1,30,30,0,2,10,4,6,1,0
1,0,0,32.49,0,1,0,1,0,1,1,1,0,2,30,30,0,1,5,5,6,1,0
1,0,0,37.2,0,0,0,0,1,1,1,1,0,2,30,30,0,2,5,6,6,1,0
1,0,0,25.09,1,0,0,1,0,1,1,1,0,2,30,30,0,1,13,5,6,1,0
1,1,0,33.47,0,0,0,1,1,1,1,1,0,2,30,30,0,1,5,5,6,1,0
1,0,0,25.75,1,0,0,1,1,0,1,1,0,3,30,30,0,2,10,6,11,1,0
1,0,0,24.39,0,0,0,1,0,1,1,1,0,4,30,5,0,1,10,6,11,1,0
1,0,0,25.61,1,0,0,1,0,1,1,1,0,2,30,30,0,2,10,6,6,1,0
1,0,0,29.95,0,0,0,1,1,1,1,1,0,3,13,3,0,2,5,6,6,1,0
1,0,0,29.26,0,0,0,1,0,1,1,1,0,1,30,30,0,2,10,5,6,1,0
1,0,0,23.37,0,0,0,1,1,1,1,1,0,1,30,30,0,1,10,6,6,1,0
1,0,0,42.91,0,0,0,1,1,1,1,1,0,3,3,30,0,2,6,6,11,1,0
1,0,1,49.03,0,0,0,1,1,0,1,1,0,3,30,30,1,1,4,5,5,1,0
1,0,0,22.68,0,0,0,1,1,1,0,1,1,2,14,3,1,2,4,6,5,1,0
1,0,0,27.44,0,0,0,0,0,1,1,1,0,3,30,30,0,2,10,4,5,1,0
1,1,0,27.44,1,0,0,1,0,1,1,1,0,3,30,1,1,2,6,5,5,1,0
1,0,0,24.45,0,0,0,1,1,1,1,1,0,2,30,2,1,2,10,6,10,1,0
1,0,0,31.89,0,0,0,1,1,1,1,1,0,1,30,30,0,2,6,5,6,1,0
1,1,0,27.44,0,0,0,1,1,1,1,1,0,1,30,1,0,2,10,4,6,1,0
1,0,0,26.5,0,0,0,1,1,1,1,1,0,3,15,30,0,1,10,4,6,1,0
1,0,1,26.29,0,0,0,1,1,1,1,1,0,3,10,30,0,2,2,6,6,1,0
1,0,0,27.32,0,0,0,1,1,1,1,1,0,2,30,30,0,1,6,6,6,1,0
1,0,0,29.05,0,0,0,0,1,1,1,1,0,3,30,30,0,2,10,4,6,1,0
1,0,0,25.51,0,0,0,1,1,1,1,1,0,2,5,30,0,2,11,5,6,1,0
1,1,0,25.32,0,0,0,1,1,1,1,1,0,2,3,30,0,2,12,5,6,1,0
1,0,0,30.79,1,0,0,0,1,1,1,0,1,3,30,30,1,2,4,4,5,1,0
1,0,0,24.37,0,0,0,1,0,1,1,1,0,2,5,30,1,1,13,5,4,1,0
1,0,0,33.28,0,0,0,1,1,1,1,1,0,2,30,30,0,1,10,6,6,1,0
1,1,0,20.67,1,0,0,1,1,1,1,1,0,3,2,30,0,2,11,5,6,1,0
1,1,0,27.37,1,0,0,1,0,0,1,1,0,1,30,30,1,1,10,3,5,1,0
1,1,0,27.44,0,0,0,0,1,1,1,1,0,2,30,30,0,2,10,6,6,1,0
1,0,0,23.03,1,0,0,0,1,1,1,1,0,2,30,30,0,2,14,5,5,1,0
1,0,0,25.25,0,0,0,1,1,1,1,1,0,2,30,30,0,1,10,5,11,1,0
1,1,0,29.01,0,0,0,1,0,1,1,1,0,3,30,30,0,2,5,6,5,1,0
1,0,0,27.44,0,0,0,0,1,1,1,1,0,2,30,30,0,1,10,6,6,1,0
1,1,0,35.9,0,0,0,1,0,0,1,1,0,2,30,30,0,2,6,4,6,1,0
1,1,0,28.06,0,0,0,1,1,1,1,1,0,3,2,30,0,1,5,6,10,1,0
0,0,0,28.32,0,0,0,1,1,1,1,1,0,2,14,30,0,2,10,4,6,1,0
1,0,0,29.23,0,0,0,1,1,1,1,1,0,2,30,30,0,2,11,5,4,1,0
1,0,0,27.2,0,0,0,1,0,1,1,1,0,3,30,30,0,1,10,6,6,1,0
1,1,0,34.7,0,0,0,1,1,1,1,1,0,2,30,30,0,1,6,5,6,1,0
1,0,0,31.89,1,0,0,0,1,1,1,1,0,2,30,30,1,2,11,5,6,1,0
1,0,0,34.46,1,0,0,0,0,0,1,1,0,2,30,30,0,2,10,4,6,1,0
1,0,0,32.61,0,0,0,0,1,1,1,1,0,3,10,30,0,2,10,6,6,1,0
1,0,0,32.08,1,0,0,1,1,1,1,1,0,2,30,30,0,1,12,5,5,1,0
1,0,0,27.44,0,0,0,1,1,1,1,1,0,2,30,30,0,1,10,6,6,1,0
1,0,0,37.5,0,0,0,0,1,0,1,1,0,3,30,30,0,1,5,6,5,1,0
1,0,0,24.94,1,0,0,1,1,1,1,1,0,3,30,30,0,1,12,6,6,1,0
1,1,0,33.15,1,0,0,1,1,1,1,1,0,1,30,30,0,1,10,6,6,1,0
1,0,0,25.94,1,0,0,0,1,1,1,1,0,3,30,2,0,2,13,6,11,1,0
1,0,0,28.65,0,0,0,1,1,1,1,1,0,3,30,30,0,1,5,3,6,1,0
1,0,0,24.8,0,0,0,1,1,1,1,1,0,2,30,30,1,2,10,6,6,1,0
1,1,0,24.86,1,0,0,0,1,1,1,1,0,1,3,30,0,2,10,6,10,1,0
1,1,0,27.44,0,0,1,1,0,1,0,1,0,3,5,30,0,2,10,6,10,1,0
1,0,0,28.7,1,1,0,0,1,1,1,1,0,1,30,30,0,1,12,6,10,1,0
1,0,0,32.56,0,0,0,1,1,1,1,1,0,2,30,30,0,2,10,4,4,1,0
1,1,0,37.73,1,0,0,1,0,1,1,1,0,2,30,30,0,1,4,6,5,1,0
1,0,0,18.56,1,0,0,0,1,0,0,1,0,5,14,10,0,2,10,4,5,1,0
1,0,0,30.7,0,0,0,1,1,1,1,1,0,4,30,30,0,1,4,6,6,1,0
1,1,0,27.44,0,0,0,1,1,1,1,1,0,2,30,30,1,2,10,6,6,1,0
1,0,0,25.06,0,0,0,1,1,1,1,1,0,4,30,30,1,2,10,6,6,1,0
1,0,0,22.96,1,0,0,1,1,1,1,1,0,2,3,2,0,1,10,5,6,1,0
1,0,0,36.5,1,0,0,1,1,1,1,1,0,4,5,5,0,1,4,4,6,1,0
1,0,0,27.26,0,0,0,0,1,1,1,1,0,4,30,30,0,1,6,4,6,1,0
1,0,0,33.23,0,0,0,1,1,0,1,1,0,1,30,30,0,1,10,6,10,1,0
1,1,0,36.94,0,0,0,1,1,1,1,1,0,2,30,30,0,1,6,6,6,1,0
1,0,0,26.86,1,0,0,0,0,1,1,1,0,3,30,30,0,2,10,4,6,1,0
1,0,0,28.89,0,0,0,0,1,1,1,1,0,3,30,5,0,2,10,6,6,1,0
1,1,0,25.83,0,0,0,1,0,1,1,1,0,1,30,30,0,1,13,6,6,1,0
1,1,0,20.6,1,0,0,1,1,1,1,1,0,2,30,30,1,2,11,5,4,1,0
1,0,0,26.63,1,0,0,1,1,1,1,1,0,3,30,1,0,2,12,5,6,1,0
1,1,0,32.55,0,0,0,1,0,1,1,1,0,1,30,30,0,1,10,5,6,1,0
1,0,0,26.52,0,0,0,1,1,1,1,1,0,1,30,30,0,1,10,4,10,1,0
1,0,0,18.56,0,0,0,1,1,1,0,1,0,2,30,30,0,2,10,5,6,1,0
1,0,0,18.3,0,0,0,1,1,1,1,1,0,1,14,2,0,2,10,6,6,1,0
1,1,0,37.59,1,0,0,1,0,1,0,1,0,4,30,14,0,2,2,4,6,1,0
1,1,0,33.28,0,0,0,0,0,0,1,0,0,2,30,30,0,1,5,3,6,1,0
1,0,0,27.44,0,0,0,1,1,1,1,1,0,2,30,29,0,1,2,3,6,1,0
1,0,0,23.17,0,1,0,1,1,1,1,1,0,2,30,30,0,2,12,5,6,1,0
1,1,0,24.39,1,0,1,1,1,1,1,1,0,2,30,2,0,1,10,6,11,1,0
1,0,0,29.88,0,0,0,1,1,1,1,1,0,3,10,30,0,2,11,5,6,1,0
1,0,0,18.11,0,0,1,0,1,1,1,1,0,3,30,30,0,2,12,3,6,1,0
1,1,0,20.07,0,0,0,1,1,1,0,1,0,1,4,30,0,2,10,6,10,1,0
1,0,0,26.58,0,0,0,0,1,1,1,0,0,1,30,30,0,1,10,4,2,1,0
1,0,0,23.11,1,0,0,1,1,1,1,1,0,4,30,30,1,1,6,6,1,1,0
1,1,0,28.5,1,0,0,1,1,1,1,1,0,1,30,30,0,1,10,6,6,1,0
1,0,0,17.23,1,0,0,1,1,1,1,1,1,4,30,30,0,1,1,4,6,1,0
1,1,0,32.08,1,0,0,0,0,1,1,1,0,2,30,30,0,1,6,5,6,1,0
1,1,0,34.01,0,0,0,1,1,0,1,1,0,2,30,30,0,2,6,3,6,1,0
1,0,0,28.89,0,0,0,1,1,1,1,1,0,2,30,30,1,2,10,5,6,1,0
1,0,0,29.29,0,0,0,1,1,1,1,1,0,2,30,30,0,2,13,4,6,1,0
1,0,0,30.7,0,0,0,1,1,1,1,1,0,2,30,30,0,1,10,5,6,1,0
1,1,0,35.28,1,0,0,1,1,1,1,1,0,3,5,2,0,2,5,6,6,1,0
1,0,0,34.7,0,0,0,1,0,1,1,1,0,2,10,30,0,2,6,6,6,1,0
1,0,0,29.16,0,0,1,1,0,1,1,1,0,3,30,30,0,1,10,6,11,1,0
1,0,0,27.44,0,0,0,1,1,1,1,1,0,3,1,30,0,2,10,5,6,1,0
1,1,0,25.46,0,0,0,1,1,1,1,1,0,1,15,30,0,2,1,5,6,1,0
1,1,0,22.66,0,0,0,1,0,1,1,1,0,2,30,30,0,2,12,4,6,1,0
1,0,0,41.51,1,0,0,0,1,1,1,1,1,3,30,15,1,2,2,5,6,1,0
1,0,0,32.89,1,0,0,1,0,1,1,1,0,3,30,30,0,2,10,6,6,1,0
1,1,0,39.16,1,0,0,1,0,1,1,1,0,3,30,30,0,2,3,5,6,1,0
1,0,0,29.12,0,0,0,0,1,1,1,1,0,3,30,30,0,2,4,5,6,1,0
1,1,0,22.6,0,0,0,1,1,1,1,1,0,2,30,30,0,2,11,6,6,1,0
1,1,0,31.66,0,0,0,1,1,1,1,1,0,3,1,30,0,1,5,6,11,1,0
1,0,0,36.92,0,0,0,1,1,1,1,1,0,3,30,2,0,2,2,6,6,1,0
1,0,0,27.44,1,0,0,1,0,1,1,1,0,3,20,1,0,2,10,5,6,1,0
1,1,0,27.44,0,0,0,0,1,1,1,1,0,2,30,30,0,2,10,5,6,1,0
1,1,0,24.96,0,0,0,1,1,1,1,1,0,2,30,30,0,1,12,6,11,1,0
1,0,1,30.0,1,0,0,1,1,1,0,0,1,1,30,30,0,1,3,6,10,1,0
1,0,0,25.82,1,0,0,1,1,1,1,1,0,2,30,30,0,2,11,6,6,1,0
1,0,1,32.77,0,0,0,0,1,0,1,0,0,3,30,30,0,2,10,5,4,1,0
1,0,0,27.32,0,0,0,1,1,1,1,1,0,2,30,30,0,1,10,5,11,1,0
1,0,0,46.59,0,0,0,1,1,0,1,1,0,3,30,30,0,2,2,5,6,1,0
1,0,0,27.05,1,0,0,1,1,1,1,1,0,2,5,30,0,1,5,6,6,1,0
1,0,0,31.57,1,0,0,1,1,1,1,1,0,2,30,30,0,1,10,5,10,1,0
1,0,0,19.85,0,0,0,0,1,1,1,1,0,3,10,30,1,2,13,6,6,1,0
1,0,0,24.21,1,0,0,1,1,1,1,1,0,3,20,3,0,2,1,6,5,1,0
1,1,0,23.67,0,0,0,1,1,0,1,1,0,2,30,3,0,1,10,6,6,1,0
1,1,0,27.44,1,0,0,1,1,1,1,1,0,1,30,30,0,2,10,5,11,1,0
1,0,0,27.44,0,0,0,1,1,1,1,1,0,2,2,5,0,2,4,6,6,1,0
1,0,0,36.61,0,0,0,1,1,1,1,1,0,2,30,30,0,1,6,5,6,1,0
1,0,1,27.44,1,0,0,1,0,1,0,1,0,3,30,30,0,2,3,6,6,1,0
1,0,0,25.09,1,0,0,1,1,1,1,1,0,2,30,30,0,1,10,6,6,1,0
1,0,0,24.27,0,0,0,1,0,1,1,1,0,2,30,30,0,2,10,5,6,1,0
1,0,1,21.52,1,0,0,0,1,1,1,1,0,4,30,30,1,1,11,4,6,1,0
1,1,0,24.97,1,0,0,1,1,1,1,1,0,2,30,30,0,1,10,5,6,1,0
1,0,0,19.39,0,0,0,1,1,1,1,1,0,3,30,30,0,2,10,6,10,1,0
1,0,0,20.52,1,0,0,1,1,1,1,1,1,4,30,30,1,1,5,4,3,1,0
1,1,0,24.46,1,0,0,0,1,1,1,1,0,1,30,30,0,1,12,6,6,1,0
1,0,0,27.2,0,0,0,0,0,0,1,1,0,1,30,30,0,1,11,4,6,1,0
1,0,0,31.75,1,0,0,1,0,1,1,1,0,3,10,30,0,2,3,5,5,1,0
1,0,0,27.44,0,0,0,0,0,1,1,1,0,2,2,30,1,2,10,5,6,1,0
1,1,0,27.69,0,0,0,1,0,1,0,1,0,2,3,30,0,1,10,5,6,1,0
1,0,0,23.78,1,0,0,1,1,0,1,1,0,2,30,30,0,1,11,3,4,1,0
1,1,0,22.14,0,1,0,1,1,1,1,1,0,3,30,30,0,2,3,5,6,1,0
1,0,0,34.7,0,0,0,1,0,1,1,1,0,3,10,1,0,1,6,5,6,1,0
1,0,0,31.66,1,0,0,1,1,1,1,1,0,3,10,3,0,1,10,6,10,1,0
1,0,0,23.48,0,0,0,1,1,1,1,1,0,2,30,30,0,1,4,6,6,1,0
1,0,0,28.89,1,0,0,1,1,1,1,1,0,2,30,30,0,1,11,4,6,1,0
1,0,0,29.29,0,0,0,1,1,1,1,1,0,2,30,30,1,2,12,4,6,1,0
1,0,0,21.93,1,0,0,1,1,1,1,1,0,2,30,30,0,1,13,5,6,1,0
1,0,0,27.44,0,0,0,0,1,1,1,1,0,3,30,30,0,2,11,6,6,1,0
1,1,0,19.67,0,0,0,1,1,1,1,1,0,1,20,15,1,1,13,6,6,1,0
1,0,0,38.36,1,0,0,1,0,1,1,0,0,2,2,30,0,1,10,5,6,1,0
1,1,0,36.18,1,0,0,1,1,1,1,1,0,3,3,30,0,2,4,4,6,1,0
1,0,0,23.62,0,0,0,1,1,1,1,1,0,3,30,30,0,2,4,3,3,1,0
1,1,0,27.81,1,0,0,1,1,1,1,1,0,2,30,30,0,2,10,4,5,1,0
1,1,0,24.27,1,0,0,1,1,1,1,1,0,1,30,30,0,1,11,5,6,1,0
1,0,0,27.28,0,1,1,1,1,1,1,1,1,1,30,1,0,1,10,6,6,1,0
1,0,0,20.8,0,0,0,1,1,1,1,1,0,2,30,30,0,2,12,1,6,1,0
1,0,0,29.63,1,0,0,0,1,1,1,1,0,2,30,3,1,2,10,4,4,1,0
1,0,0,44.64,1,0,0,1,0,1,1,1,0,3,4,30,0,1,4,6,6,1,0
1,0,0,27.44,0,0,0,1,1,0,1,1,0,4,30,30,0,2,6,3,6,1,0
1,0,0,31.32,1,0,0,1,0,1,1,1,0,2,4,30,0,1,10,6,10,1,0
1,0,0,23.62,1,0,0,1,1,1,1,1,0,3,30,30,1,2,10,5,4,1,0
1,0,0,27.8,0,0,0,1,1,1,1,1,0,2,30,30,0,1,5,6,6,1,0
1,0,0,32.28,1,0,0,1,0,1,1,1,0,1,30,30,0,2,10,4,6,1,0
1,0,0,29.18,1,0,0,1,0,1,1,1,0,3,1,30,0,2,11,5,11,1,0
1,1,0,20.36,1,0,0,1,1,1,1,1,0,3,2,2,0,1,10,6,6,1,0
1,0,0,28.41,0,0,0,1,0,0,1,1,0,1,30,30,0,1,10,6,6,1,0
1,0,0,34.54,0,0,0,0,0,1,1,1,0,3,30,30,0,2,5,3,6,1,0
1,1,0,31.74,0,0,0,1,0,1,1,1,0,3,30,30,0,2,2,5,5,1,0
1,1,0,27.26,0,0,0,0,0,1,1,1,1,4,15,15,0,2,1,5,4,1,0
1,1,0,28.89,0,0,0,1,1,1,1,1,0,1,30,30,0,2,3,4,6,1,0
1,1,0,41.6,1,0,0,1,1,1,0,1,1,3,15,30,0,2,5,5,6,1,0
1,1,0,23.71,0,0,0,1,1,0,1,1,1,4,20,10,0,2,1,4,6,1,0
1,0,0,24.87,0,0,0,1,1,1,1,1,0,2,30,1,0,2,11,6,6,1,0
1,1,0,20.37,0,0,0,1,0,1,1,1,0,2,30,5,0,2,10,6,6,1,0
1,0,0,34.33,0,0,0,1,0,1,1,1,0,2,30,30,0,2,10,4,6,1,0
1,1,0,19.53,1,0,0,1,1,1,1,1,0,2,30,30,0,1,13,5,6,1,0
1,1,0,27.37,0,0,0,1,0,0,1,1,1,3,30,30,0,1,3,6,10,1,0
1,1,0,24.21,0,0,0,1,1,1,1,0,0,2,30,30,0,2,10,5,4,1,0
1,0,0,35.26,0,0,0,1,0,1,1,1,0,2,30,30,0,1,10,6,6,1,0
1,0,0,24.41,0,0,0,1,1,1,1,1,0,2,30,30,0,2,13,4,6,1,0
1,0,0,30.26,0,0,0,1,1,1,1,1,0,3,30,30,0,1,11,6,11,1,0
1,0,0,24.8,0,0,0,1,0,0,1,1,0,1,30,30,0,2,10,2,4,1,0
1,0,0,30.3,0,0,0,0,1,0,1,1,0,4,30,30,1,2,2,5,4,1,0
1,0,0,37.97,0,0,0,1,0,1,1,1,0,3,30,30,0,1,5,6,6,1,0
1,0,0,27.44,0,0,0,1,1,1,1,1,1,4,30,30,0,2,6,3,4,1,0
1,0,0,26.18,0,0,0,0,0,1,1,1,0,3,2,30,0,2,12,6,5,1,0
1,1,0,15.14,1,0,0,0,0,0,1,1,0,4,2,14,0,2,10,5,6,1,0
1,1,0,29.26,1,0,0,1,1,1,1,1,0,2,30,30,0,2,10,5,4,1,0
1,1,0,23.49,1,0,0,1,0,0,1,1,0,2,1,30,0,1,11,4,6,1,0
1,1,0,23.99,1,0,0,1,1,1,1,1,0,2,30,30,0,1,10,6,6,1,0
1,0,0,27.44,0,0,1,0,0,1,0,1,0,2,30,30,1,1,11,6,6,1,0
1,0,0,25.06,1,0,0,1,1,1,1,1,0,2,30,30,0,1,10,5,6,1,0
1,0,0,22.54,0,0,0,1,0,1,1,1,0,2,30,30,0,2,6,6,11,1,0
1,0,0,27.32,1,0,0,1,1,1,0,1,0,2,30,30,0,1,11,2,6,1,0
0,0,1,27.46,0,0,0,1,0,1,1,1,0,2,20,30,0,2,5,5,6,1,0
1,1,0,27.89,0,0,0,1,1,1,1,1,0,3,30,30,0,1,4,5,4,1,0
1,0,0,41.2,0,0,0,1,1,1,1,1,0,2,4,30,0,2,4,6,6,1,0
1,0,0,39.53,0,0,0,1,1,1,1,1,1,2,30,30,0,2,5,6,6,1,0
1,0,0,27.98,0,0,0,1,1,0,1,1,0,3,30,30,0,1,11,6,6,1,0
1,0,0,28.9,1,0,0,0,0,1,1,1,0,3,2,30,0,2,11,6,3,1,0
1,0,0,34.33,0,0,0,1,1,1,1,1,0,3,15,5,0,2,10,6,6,1,0
1,1,0,30.68,1,0,0,1,0,1,1,1,0,1,30,30,0,1,10,6,11,1,0
1,1,0,26.57,1,0,0,1,0,1,1,1,0,2,2,30,0,2,10,6,5,1,0
1,1,0,26.45,1,0,0,0,1,1,1,1,0,1,30,1,0,2,10,5,5,1,0
1,0,1,31.57,1,0,0,1,1,0,1,1,0,1,30,30,0,1,4,5,6,1,0
1,1,0,22.38,1,0,0,1,0,1,1,1,0,2,30,1,0,1,6,5,6,1,0
1,0,0,17.72,0,0,0,1,0,0,1,1,0,2,2,3,0,1,1,4,6,1,0
1,0,0,19.58,1,0,0,0,0,1,1,1,0,2,30,30,0,1,10,4,1,1,0
1,1,0,24.22,1,0,0,1,1,1,1,1,0,2,30,30,0,2,13,6,6,1,0
1,0,1,34.44,0,0,0,1,1,1,1,1,0,3,30,30,0,2,10,5,6,1,0
1,0,0,16.74,0,0,0,0,0,1,0,1,0,2,30,30,0,1,13,5,5,1,0
1,0,0,41.45,1,0,0,1,0,1,1,1,0,2,30,30,0,2,5,5,6,1,0
1,0,0,34.33,1,0,0,0,0,1,1,0,0,4,30,30,0,2,3,4,1,1,0
1,0,0,20.2,1,0,0,1,0,1,1,1,0,3,30,30,0,2,13,4,1,1,0
1,0,0,29.68,1,0,0,1,1,1,1,1,0,2,30,30,0,1,12,6,6,1,0
1,0,0,25.77,1,0,0,1,0,1,1,1,0,2,30,30,0,1,11,6,6,1,0
1,1,0,29.16,0,0,0,1,0,1,0,1,0,3,20,5,0,1,6,6,10,1,0
1,1,0,31.55,0,0,0,0,0,1,0,1,0,2,30,30,0,2,10,5,4,1,0
1,1,0,26.37,0,0,0,1,1,1,1,1,1,2,5,30,0,2,10,5,2,1,0
1,0,0,32.06,1,0,0,1,0,1,1,1,1,3,15,2,0,1,5,5,6,1,0
1,1,0,25.06,0,0,0,1,1,1,1,1,0,4,30,14,0,2,6,5,6,1,0
1,0,0,27.89,0,0,0,0,0,1,1,1,0,1,30,30,0,2,10,6,11,1,0
1,1,0,26.29,1,0,0,1,0,1,1,1,0,2,30,30,0,1,10,5,6,1,0
1,0,0,25.8,0,0,0,1,1,1,1,1,0,1,30,30,0,1,5,4,6,1,0
1,1,0,27.44,1,0,0,1,1,1,1,1,0,1,30,30,0,1,10,2,6,1,0
1,1,0,16.3,0,0,0,0,1,1,1,1,0,3,1,30,0,2,10,6,6,1,0
1,0,0,25.4,1,0,0,1,1,1,1,1,0,1,1,10,0,1,13,5,6,1,0
1,0,0,20.94,1,0,0,1,1,1,1,1,1,3,11,5,0,2,5,5,5,1,0
1,0,0,25.97,1,0,0,1,1,1,1,1,0,2,30,30,1,2,11,4,6,1,0
1,0,0,20.99,0,0,0,1,0,1,1,1,0,3,3,30,0,1,1,4,5,1,0
1,0,0,29.53,1,0,0,1,1,1,1,1,0,2,30,30,0,1,10,5,6,1,0
1,0,0,32.61,1,0,0,0,0,1,1,1,0,4,30,30,0,2,1,5,6,1,0
1,1,0,19.97,1,0,0,0,0,0,1,0,1,2,30,4,1,2,5,6,5,1,0
1,1,0,24.33,1,0,0,0,1,1,1,1,0,2,5,30,0,1,10,4,5,1,0
1,1,0,27.99,0,0,0,1,0,1,0,1,0,3,30,30,0,2,10,5,6,1,0
1,0,0,27.12,0,0,0,1,1,1,1,1,0,2,30,30,0,2,12,6,6,1,0
1,0,0,24.84,0,0,0,0,1,1,1,0,0,2,30,14,0,2,2,6,6,1,0
1,1,0,25.42,0,0,0,1,0,1,1,1,0,2,30,30,0,1,10,6,6,1,0
1,0,0,20.22,1,0,0,0,1,1,1,1,0,3,30,30,0,2,3,5,6,1,0
1,1,0,26.58,0,0,0,1,1,0,1,1,0,1,30,30,0,1,10,4,6,1,0
1,1,0,35.26,0,0,0,1,1,1,1,1,0,2,30,30,0,1,5,6,11,1,0
1,0,0,26.39,0,0,0,1,1,1,1,1,0,1,30,30,0,1,10,4,6,1,0
1,0,0,26.95,0,0,0,1,0,0,1,1,0,2,30,30,0,2,10,6,6,1,0
1,0,0,27.44,0,0,0,1,1,1,1,1,0,2,5,30,0,2,11,5,6,1,0
1,0,0,26.31,1,0,0,1,1,1,1,0,0,3,30,19,1,2,3,3,6,1,0
1,0,0,23.3,1,0,0,1,1,1,1,1,0,3,30,30,0,2,11,6,6,1,0
1,0,0,24.96,0,0,0,1,1,1,1,1,0,2,30,30,0,1,11,6,11,1,0
1,0,0,30.34,0,0,0,1,1,1,1,1,0,2,30,30,0,1,10,5,6,1,0
1,1,0,28.89,0,0,0,1,0,1,1,1,0,2,30,30,0,1,5,6,10,1,0
1,1,0,27.44,0,0,0,1,1,1,1,1,1,3,3,2,0,2,4,4,6,1,0
1,0,0,29.48,0,0,0,1,1,0,1,1,0,1,30,30,0,1,13,3,6,1,0
1,0,1,29.42,1,0,0,0,1,1,1,1,0,4,30,5,0,1,13,6,11,1,0
1,0,0,27.46,0,0,0,0,1,1,1,1,0,2,30,30,0,2,13,6,6,1,0
1,0,0,24.96,0,0,0,1,0,1,1,1,0,1,30,30,0,1,10,4,3,1,0
1,1,0,33.45,0,0,0,0,0,1,0,1,0,3,30,30,0,1,6,4,6,1,0
1,0,0,27.44,0,0,0,0,1,1,1,1,0,2,30,3,1,2,11,6,6,1,0
1,0,0,27.44,0,0,0,0,1,1,1,1,0,3,3,5,0,2,10,4,6,1,0
1,0,0,29.29,0,0,0,1,1,1,1,1,0,2,30,30,1,1,10,4,4,1,0
1,0,0,27.12,1,0,0,1,0,1,1,1,0,2,23,1,0,1,6,3,2,1,0
1,0,0,21.95,0,0,0,1,1,1,1,1,0,3,30,30,1,2,14,6,6,1,0
1,0,0,29.68,0,0,0,1,1,1,1,1,0,2,30,30,1,1,10,6,6,1,0
1,0,0,32.49,0,0,0,1,1,1,1,1,0,3,30,30,0,1,6,6,10,1,0
1,0,0,25.53,0,0,0,1,0,0,1,1,0,1,30,2,0,1,10,5,6,1,0
1,0,0,30.9,1,1,0,1,1,1,1,1,0,1,10,30,0,2,10,5,6,1,0
1,0,0,33.28,0,0,0,1,1,1,1,1,0,3,30,30,0,2,10,6,6,1,0
1,1,0,27.44,0,0,0,0,1,1,1,1,0,5,10,30,0,2,1,5,6,1,0
1,0,0,29.29,0,0,0,0,1,1,1,1,0,2,30,1,0,1,10,4,4,1,0
1,0,0,34.44,0,0,0,1,0,1,1,1,0,2,30,30,0,2,10,6,5,1,0
1,0,0,45.1,0,0,0,1,0,1,1,1,1,1,30,30,0,2,5,4,6,1,0
1,0,0,26.29,1,0,0,1,0,1,1,1,0,3,30,30,0,1,6,5,10,1,0
1,0,0,31.47,1,0,0,1,1,1,1,1,0,3,30,30,0,1,6,4,6,1,0
1,1,0,29.76,1,0,0,1,0,0,1,1,0,2,30,30,0,2,10,5,6,1,0
1,0,0,30.81,0,0,0,1,1,1,1,1,0,2,30,30,0,1,10,6,10,1,0
1,0,0,24.69,1,0,0,0,1,0,1,1,0,3,30,30,0,2,12,5,5,1,0
1,0,0,27.47,1,0,0,1,1,1,1,1,0,3,20,30,0,2,10,4,5,1,0
1,0,0,41.01,0,0,0,0,1,1,1,0,0,4,30,14,0,2,2,4,3,1,0
1,0,0,25.79,1,0,0,1,0,1,1,1,0,2,15,3,0,2,11,4,6,1,0
1,0,0,38.74,0,0,0,1,0,1,1,1,0,1,30,1,0,1,10,6,6,1,0
1,1,0,31.01,0,0,0,0,1,1,1,1,0,1,10,20,0,1,10,5,10,1,0
1,0,0,24.41,1,0,0,1,1,1,1,1,0,3,30,30,0,1,11,5,4,1,0
1,0,0,38.63,0,0,0,0,0,1,1,1,1,3,30,30,0,2,5,4,6,1,0
1,0,0,21.48,0,0,0,1,0,1,1,1,0,2,2,2,1,2,10,5,5,1,0
1,0,0,27.44,1,0,0,0,1,1,1,1,0,4,25,25,0,2,2,4,6,1,0
1,1,0,24.03,0,0,0,1,1,1,1,1,0,2,30,30,0,2,12,6,6,1,0
1,0,0,29.86,0,0,0,1,1,1,1,1,0,2,30,30,0,2,10,5,6,1,0
1,0,1,25.82,0,0,0,1,1,1,1,1,0,2,30,30,0,2,10,6,6,1,0
1,0,0,28.34,0,0,0,1,1,0,1,1,0,3,30,2,0,2,11,5,6,1,0
1,1,0,26.54,0,0,0,1,0,1,1,1,0,2,30,30,0,1,10,6,5,1,0
1,1,0,27.44,0,0,0,1,1,1,1,1,0,2,30,30,0,2,10,5,6,1,0
1,0,0,24.03,0,0,0,1,0,1,0,1,0,2,2,30,0,2,14,6,6,1,0
1,0,0,25.09,1,0,0,1,0,1,1,1,0,3,30,30,1,1,12,6,10,1,0
1,1,0,20.08,0,0,0,1,1,1,1,1,0,2,2,30,0,1,13,6,6,1,0
0,0,0,27.44,0,0,0,1,1,1,1,1,0,3,15,2,0,2,10,4,6,1,0
1,0,0,27.44,0,0,0,1,1,1,1,1,0,2,30,30,1,2,13,6,6,1,0
1,0,0,28.25,0,0,0,1,1,1,1,1,0,1,30,1,0,1,10,5,11,1,0
1,0,0,25.82,0,0,0,1,1,1,1,1,0,3,30,15,0,2,10,6,6,1,0
1,0,1,27.44,0,0,0,0,1,1,1,1,0,3,30,30,0,2,14,5,6,1,0
1,0,0,33.0,1,0,0,1,0,1,1,1,0,3,5,30,0,2,5,6,6,1,0
1,1,0,24.8,0,0,0,1,1,1,0,1,0,2,2,30,0,2,10,4,6,1,0
1,1,0,27.44,0,0,0,1,1,1,1,1,0,2,30,30,0,2,11,6,6,1,0
1,0,0,21.7,0,0,1,1,1,1,1,1,0,2,30,30,0,1,10,6,6,1,0
1,0,0,23.89,1,0,0,1,1,1,1,1,0,2,30,30,0,2,12,4,6,1,0
1,0,1,26.5,0,0,0,1,1,1,1,1,1,4,3,6,1,2,10,5,4,1,0
1,0,1,37.93,0,0,0,1,1,0,1,1,0,2,30,30,1,1,4,3,2,1,0
1,0,0,27.5,1,0,0,1,1,1,1,1,0,2,30,30,0,1,11,5,6,1,0
1,1,0,32.0,1,0,0,1,1,1,0,1,0,2,30,30,0,1,10,6,6,1,0
1,0,0,33.47,1,0,0,0,0,1,0,1,0,3,30,30,0,1,6,5,6,1,0
1,0,0,29.53,0,0,0,0,1,1,1,1,0,2,2,3,0,1,12,6,6,1,0
1,1,0,22.81,0,0,0,1,0,1,1,1,0,2,30,30,0,1,12,6,6,1,0
1,1,0,33.19,0,0,0,1,1,1,1,1,0,3,20,30,0,1,3,6,6,1,0
1,1,0,29.87,0,0,0,0,0,1,1,1,0,2,5,1,0,2,10,6,10,1,0
1,0,0,20.34,1,0,0,1,1,1,1,1,0,2,30,30,0,1,10,5,5,1,0
1,0,0,22.46,1,0,0,1,1,1,1,1,0,3,30,30,0,1,13,6,5,1,0
1,0,0,29.29,0,0,0,1,1,1,1,1,0,2,30,30,0,1,10,6,6,1,0
1,0,0,23.71,1,0,0,1,1,1,1,1,0,2,30,30,0,1,11,6,6,1,0
1,0,0,42.6,1,0,0,0,1,1,0,1,0,2,30,30,1,1,5,6,5,1,0
1,0,0,27.44,0,0,0,0,1,1,1,0,0,1,30,30,0,2,3,2,6,1,0
1,0,0,27.44,0,0,0,0,1,1,1,1,0,2,30,30,0,2,10,5,6,1,0
1,0,0,32.42,1,0,0,1,0,1,1,1,0,2,30,30,0,2,12,4,4,1,0
1,0,0,26.63,1,0,0,1,1,1,1,1,0,3,30,30,0,1,10,4,6,1,0
1,0,0,27.44,1,0,0,1,1,1,1,1,0,3,30,30,1,2,11,5,6,1,0
1,0,0,38.62,1,0,0,1,1,1,1,1,0,1,30,30,1,2,10,5,6,1,0
1,0,0,38.26,1,0,0,1,0,1,1,1,0,3,30,30,0,1,6,5,10,1,0
1,1,0,29.05,1,0,0,0,0,1,1,1,0,2,30,30,0,2,10,6,6,1,0
1,0,0,32.5,1,0,0,0,1,1,1,1,0,2,30,2,0,1,10,6,4,1,0
1,1,0,29.05,0,0,0,0,0,1,1,1,0,2,3,30,0,1,4,5,6,1,0
1,0,0,23.85,0,0,0,1,1,0,1,1,0,3,30,30,0,1,10,6,6,1,0
1,0,0,32.89,0,0,0,1,0,1,1,1,0,2,30,30,0,1,10,6,6,1,0
1,0,0,29.86,0,0,0,1,1,0,1,1,0,3,30,30,0,1,4,5,6,1,0
1,0,0,29.05,1,0,0,1,0,1,1,1,0,3,30,30,0,2,10,6,6,1,0
1,0,0,27.44,0,0,0,0,1,1,1,1,0,2,30,30,0,2,11,4,6,1,0
1,1,0,27.44,0,0,0,1,1,1,1,1,0,2,2,3,0,2,4,4,6,1,0
1,0,0,29.65,0,0,0,1,1,1,1,1,0,2,10,2,0,1,1,5,6,1,0
1,0,0,30.18,1,0,0,1,0,0,1,1,0,3,30,30,0,2,6,4,6,1,0
1,0,0,24.13,0,0,0,1,1,1,1,1,0,3,5,3,0,2,10,6,6,1,0
1,0,0,31.71,0,0,0,1,1,1,1,1,0,2,1,30,1,2,11,6,6,1,0
1,0,0,31.1,1,0,0,1,1,1,1,1,0,3,2,1,0,1,10,6,6,1,0
1,0,0,31.62,1,0,0,1,1,0,1,1,0,2,30,5,0,2,10,5,5,1,0
1,0,0,27.62,0,0,0,1,0,1,1,1,0,3,30,30,0,2,10,4,6,1,0
1,1,0,22.83,0,0,1,1,1,1,1,1,0,2,14,30,0,2,11,5,6,1,0
1,0,0,36.05,1,0,0,0,1,1,1,1,0,3,3,2,0,2,5,6,6,1,0
1,0,0,30.9,1,0,0,1,0,1,1,1,0,4,25,15,1,2,4,5,6,1,0
1,0,0,28.89,1,0,0,0,0,1,1,1,0,4,30,30,1,2,4,4,1,1,0
1,0,0,23.04,1,0,0,0,0,1,0,1,0,3,30,30,0,1,6,4,3,1,0
1,0,0,29.68,0,0,0,1,1,1,1,0,0,2,30,30,0,1,5,5,5,1,0
1,1,0,23.63,0,0,0,0,0,1,1,1,0,1,30,30,1,2,10,4,6,1,0
1,1,0,21.95,1,0,0,1,1,1,1,1,0,3,2,30,0,2,10,5,5,1,0
1,0,0,28.98,1,0,0,1,0,1,1,1,0,1,30,30,1,1,5,6,6,1,0
1,0,0,27.44,0,0,0,1,1,1,1,1,0,2,30,30,0,2,10,6,6,1,0
1,1,0,32.28,1,0,0,1,1,1,1,1,0,2,30,30,1,2,10,6,11,1,0
1,0,0,27.44,0,0,0,1,1,1,1,1,0,2,30,30,0,1,10,6,6,1,0
1,0,0,41.96,0,0,0,1,1,1,1,1,0,3,5,30,0,2,4,6,6,1,0
1,1,0,31.17,0,0,0,1,1,0,1,1,0,2,30,30,0,1,5,6,11,1,0
1,1,0,25.84,0,0,0,1,0,1,1,1,0,4,10,30,0,1,4,5,6,1,0
1,0,0,29.53,0,0,0,1,1,1,1,1,0,2,30,30,0,1,10,6,6,1,0
1,0,0,38.22,1,0,0,1,1,1,1,1,0,2,30,30,0,1,10,6,6,1,0
1,0,0,20.69,0,0,1,0,1,1,1,1,0,3,30,30,0,2,12,6,6,1,0
1,0,0,27.44,1,0,0,0,1,0,1,1,0,3,30,30,0,2,10,4,6,1,0
1,1,0,26.08,1,0,0,1,1,1,1,1,0,1,30,30,0,1,1,4,2,1,0
1,1,0,32.28,0,0,0,1,1,0,1,1,0,4,30,5,0,2,2,6,4,1,0
1,0,0,27.44,0,0,0,0,1,1,1,0,0,3,30,30,1,2,5,1,1,1,0
1,0,0,27.44,0,0,0,0,1,1,1,1,0,3,3,5,0,2,6,6,6,1,0
0,0,0,27.44,1,0,0,0,0,1,0,1,1,4,30,15,1,2,1,6,11,1,0
1,0,0,23.81,0,0,0,1,1,1,1,1,0,4,30,15,0,2,10,6,2,1,0
1,0,0,23.81,1,0,0,0,1,1,1,1,0,3,30,30,0,2,10,5,6,1,0
1,0,0,27.44,0,0,0,1,1,0,1,1,0,4,10,26,0,2,10,6,6,1,0
1,0,0,29.85,0,0,0,1,1,1,1,1,0,1,30,30,0,2,2,6,10,1,0
1,0,0,27.44,1,0,0,1,1,1,1,1,0,2,30,30,0,2,11,4,6,1,0
1,1,0,32.69,0,0,0,1,0,0,1,1,1,2,3,2,0,1,3,6,6,1,0
1,0,0,27.44,0,0,0,1,1,1,1,1,0,3,30,30,0,2,10,6,6,1,0
1,0,0,32.74,1,0,0,1,0,0,0,1,0,4,30,30,1,1,5,4,4,1,0
1,0,0,29.84,1,0,0,0,1,1,1,0,0,1,30,30,0,1,10,6,4,1,0
1,0,0,32.78,0,0,0,1,1,1,1,1,0,2,30,30,0,1,10,6,11,1,0
1,0,0,33.47,1,0,0,1,0,0,1,1,0,2,30,30,0,1,2,5,6,1,0
1,1,0,25.55,0,0,0,0,1,1,0,1,0,2,30,30,0,1,11,5,6,1,0
1,1,0,23.43,0,0,0,1,0,1,1,1,0,2,30,30,0,2,10,4,6,1,0
1,0,0,28.35,1,0,0,0,1,1,1,1,0,3,30,11,0,1,5,4,6,1,0
1,0,0,28.34,0,0,0,0,1,0,1,1,0,2,30,30,0,2,11,5,6,1,0
1,1,0,26.4,1,0,0,1,1,1,0,1,0,1,30,10,0,1,10,6,6,1,0
1,0,0,36.92,0,0,0,1,1,1,1,1,0,2,30,30,0,2,6,5,6,1,0
1,0,0,25.1,0,0,0,1,1,1,1,1,0,2,30,30,0,1,10,6,6,1,0
1,0,0,24.11,1,0,0,1,0,1,1,1,0,1,30,30,0,1,13,4,5,1,0
1,1,0,25.23,0,0,0,1,1,1,1,1,0,1,30,30,0,1,12,6,11,1,0
1,0,0,27.37,0,0,0,1,1,1,1,1,0,2,30,30,0,1,10,6,6,1,0
1,0,0,31.38,1,0,0,0,0,1,1,1,0,3,30,30,0,1,6,4,6,1,0
1,0,0,26.43,0,0,0,1,1,1,1,1,0,2,30,30,0,2,13,6,6,1,0
1,0,0,26.15,0,0,0,1,0,0,1,1,0,2,30,30,0,2,10,6,6,1,0
1,0,0,33.28,0,0,0,1,1,1,1,0,0,2,30,30,0,2,10,5,6,1,0
1,1,0,41.6,0,0,0,1,0,0,1,1,0,3,20,30,0,2,1,6,6,1,0
1,0,0,23.62,1,0,0,1,1,1,1,1,0,3,30,30,0,2,10,4,4,1,0
1,1,0,25.85,0,0,0,1,1,1,1,1,0,2,30,30,0,2,11,4,6,1,0
1,0,0,22.05,0,0,0,1,0,1,1,1,0,3,3,30,0,1,6,6,6,1,0
1,1,0,24.69,1,0,0,1,1,0,1,1,0,3,30,2,0,1,10,6,11,1,0
1,0,0,27.44,1,0,0,1,1,1,1,1,0,3,30,30,0,1,11,5,6,1,0
1,0,0,27.44,0,0,0,1,1,1,1,1,0,3,30,30,0,2,10,4,6,1,0
1,1,0,27.71,0,0,0,1,1,1,1,1,0,3,30,30,0,1,4,6,11,1,0
1,1,0,27.44,0,0,0,1,0,0,1,1,0,2,30,4,0,2,10,6,6,1,0
1,0,0,26.96,0,0,0,1,1,1,1,1,0,3,30,30,0,2,13,6,6,1,0
1,1,0,33.2,0,0,0,1,1,1,0,1,0,2,30,30,1,2,10,6,6,1,0
1,0,0,25.82,0,1,0,1,0,1,1,1,0,2,30,30,0,1,13,6,6,1,0
1,0,0,29.18,0,0,0,0,1,1,1,1,0,1,15,30,1,1,11,4,2,1,0
1,0,1,29.53,1,0,0,1,0,0,1,1,0,4,15,30,0,1,2,6,6,1,0
1,1,0,21.77,0,0,0,1,1,1,1,1,0,4,30,30,0,2,5,3,5,1,0
0,0,0,23.24,0,0,0,1,0,1,1,1,0,1,2,30,0,2,5,6,6,1,0
1,1,0,27.05,1,0,0,1,0,1,0,1,1,2,30,30,0,1,11,4,5,1,0
1,1,0,24.39,1,0,0,0,0,1,1,1,0,3,30,30,0,1,6,5,6,1,0
0,1,0,30.9,0,0,0,1,1,0,1,1,0,3,30,30,0,2,4,4,6,1,0
1,1,0,44.63,0,0,0,1,1,1,0,1,0,2,20,2,0,2,3,6,6,1,0
1,0,0,19.53,1,0,0,0,1,1,1,1,1,3,30,30,0,2,4,2,6,1,0
1,0,0,22.59,1,0,0,1,1,1,1,1,0,4,1,30,0,1,11,5,6,1,0
1,1,0,21.62,1,0,0,1,0,0,1,1,0,2,5,30,0,1,6,5,6,1,0
1,1,0,21.79,0,0,0,1,1,1,1,1,0,2,30,30,0,2,13,5,5,1,0
1,0,0,27.34,0,0,0,1,1,1,1,1,0,3,30,30,0,2,10,3,6,1,0
1,0,0,45.49,0,0,0,1,1,1,1,1,1,2,15,4,0,2,2,6,4,1,0
1,1,0,27.29,1,0,0,0,1,1,1,1,0,2,30,30,0,2,10,4,6,1,0
1,0,0,24.8,0,0,0,1,1,1,1,1,0,1,30,30,0,1,11,6,6,1,0
1,0,0,38.41,1,0,0,1,1,1,1,1,0,1,30,5,0,2,12,5,5,1,0
1,0,0,27.44,0,0,0,1,0,0,1,1,0,3,30,30,0,1,2,4,6,1,0
1,0,0,26.43,0,0,0,0,0,1,1,1,0,3,30,30,1,2,10,5,5,1,0
1,1,0,25.11,0,0,0,1,1,1,1,1,0,2,30,30,0,1,11,6,6,1,0
1,0,0,27.44,0,0,0,0,1,1,1,1,0,1,30,30,0,2,12,6,6,1,0
1,0,0,31.18,1,0,0,0,0,1,1,1,0,3,30,30,0,2,3,5,6,1,0
1,0,0,25.09,1,0,0,1,0,1,1,1,0,2,3,30,0,1,10,5,10,1,0
1,0,0,34.97,0,0,0,1,1,1,1,1,0,3,30,6,0,2,10,6,10,1,0
1,0,0,34.58,0,0,0,1,1,1,1,1,0,3,30,15,0,1,4,4,4,1,0
1,0,0,27.44,0,0,0,1,1,1,1,1,0,3,30,20,0,2,11,6,6,1,0
1,1,0,25.0,1,0,0,1,0,1,1,1,0,2,30,30,0,1,10,6,11,1,0
1,0,0,26.58,0,0,0,1,0,0,1,1,0,2,2,30,0,1,10,5,5,1,0
0,0,0,30.9,0,0,0,1,1,1,1,1,0,3,30,30,0,2,4,5,3,1,0
1,0,0,19.2,0,0,0,1,0,0,1,1,0,4,20,30,0,1,1,4,6,1,0
1,0,0,21.63,0,0,1,1,1,1,1,1,0,3,30,30,0,2,11,6,2,1,0
1,0,0,32.28,1,0,0,1,0,1,1,1,0,3,3,10,0,2,10,5,10,1,0
1,0,1,28.19,1,0,0,1,1,0,1,1,0,2,30,30,0,2,12,6,6,1,0
1,0,0,24.79,1,0,0,0,1,1,1,1,0,2,20,30,0,2,5,6,6,1,0
1,0,0,23.96,0,0,0,1,0,1,0,1,0,3,30,30,1,1,10,5,6,1,0
1,0,0,24.55,0,0,0,1,1,1,1,1,0,2,30,1,0,2,13,4,6,1,0
1,1,0,27.44,1,0,0,1,0,0,1,1,0,1,30,30,0,1,10,4,6,1,0
1,0,0,32.24,0,0,0,0,0,1,1,1,0,3,30,30,0,2,4,4,6,1,0
1,1,0,23.11,1,0,0,1,1,1,0,1,0,2,30,30,0,2,13,6,6,1,0
1,1,0,25.37,0,0,0,1,0,1,1,1,0,2,1,30,0,2,11,6,6,1,0
1,0,0,31.93,0,0,0,1,1,1,1,1,0,1,30,30,0,2,10,6,6,1,0
1,1,0,29.53,1,0,0,1,1,1,1,1,0,3,30,30,0,1,6,6,10,1,0
1,0,1,31.79,0,1,0,1,1,1,1,1,0,3,30,30,0,2,10,6,6,1,0
1,0,0,26.57,1,0,0,1,1,1,1,1,0,3,30,2,0,2,10,6,6,1,0
1,0,0,24.41,1,0,0,1,1,1,1,1,0,3,2,10,1,1,5,5,5,1,0
1,0,0,27.44,0,0,0,1,1,1,1,1,0,2,5,30,0,2,10,6,6,1,0
1,0,0,27.46,0,0,0,1,1,0,1,0,0,3,30,30,0,2,4,3,6,1,0
1,1,0,25.83,1,0,0,1,1,1,1,1,0,2,30,30,0,1,10,5,6,1,0
1,0,0,34.21,1,0,0,1,1,0,0,1,1,2,10,30,0,1,11,5,6,1,0
1,0,0,33.09,1,0,0,1,1,1,1,1,0,2,2,30,0,2,10,6,11,1,0
1,0,0,23.73,0,0,0,1,1,1,1,1,0,3,30,30,0,1,6,6,6,1,0
1,1,0,29.21,0,0,1,1,0,1,1,1,0,2,30,30,0,1,6,6,6,1,0
1,0,0,32.28,0,0,0,1,0,1,1,1,0,2,20,5,0,2,10,5,5,1,0
1,0,0,33.67,1,0,0,1,1,1,1,1,0,2,30,4,0,2,5,6,6,1,0
1,1,0,27.46,0,0,0,1,1,1,1,1,0,2,2,30,0,2,10,4,3,1,0
1,0,1,27.41,1,0,0,0,0,1,1,1,0,4,30,30,1,2,11,6,3,1,0
1,1,0,22.27,0,0,0,1,1,1,1,1,0,1,30,30,0,1,13,6,6,1,0
1,0,0,24.97,0,0,0,1,1,1,1,1,0,2,30,30,0,1,10,6,10,1,0
1,1,0,23.85,1,0,0,1,1,1,1,1,0,2,30,5,0,1,10,4,6,1,0
1,0,1,27.44,0,0,0,0,1,1,1,0,0,3,30,30,0,2,6,3,6,1,0
1,1,0,28.48,1,0,0,0,1,1,1,1,0,2,1,30,1,1,6,5,6,1,0
1,0,0,24.9,0,0,1,1,0,0,1,1,0,1,30,30,0,1,11,5,6,1,0
1,0,0,41.4,1,0,0,0,1,1,1,1,0,2,30,30,0,2,6,5,5,1,0
1,1,0,28.12,0,0,1,1,0,1,0,1,0,2,1,30,0,1,10,6,6,1,0
1,0,0,27.44,0,0,0,0,1,1,1,1,0,2,30,30,0,1,2,4,6,1,0
1,0,0,33.64,0,0,0,1,1,1,1,1,0,3,30,30,0,2,6,6,6,1,0
1,1,0,27.44,0,0,0,1,1,1,1,1,0,1,30,30,0,1,10,5,6,1,0
1,0,0,33.23,0,0,0,1,1,1,1,1,0,2,30,30,0,1,4,5,6,1,0
1,0,0,32.74,0,0,0,0,0,1,1,1,0,2,30,30,0,2,11,5,6,1,0
1,0,0,27.44,0,0,0,1,1,1,1,1,0,2,1,30,0,2,10,6,4,1,0
1,0,0,24.0,0,0,0,1,1,1,0,1,0,3,30,30,0,2,10,6,6,1,0
1,0,0,27.44,0,0,0,1,1,1,1,1,0,3,30,30,0,1,4,5,6,1,0
1,0,0,27.44,0,0,0,0,1,1,1,1,0,2,30,6,0,1,11,6,6,1,0
1,1,0,27.44,0,0,0,1,1,1,1,1,0,3,30,30,0,1,3,4,6,1,0
1,0,0,29.41,0,0,0,1,1,0,1,1,0,2,30,30,0,1,10,5,6,1,0
1,0,0,27.05,0,0,0,1,1,1,1,1,0,2,30,30,0,1,11,5,5,1,0
1,1,0,29.84,1,0,0,0,1,1,1,1,0,2,30,30,0,1,6,4,6,1,0
1,1,0,34.02,0,0,0,1,1,1,1,1,0,1,30,30,0,1,10,6,6,1,0
1,0,0,22.11,1,0,0,1,1,1,1,1,0,2,30,30,0,1,13,6,6,1,0
1,0,0,17.85,0,0,0,1,1,1,1,1,0,4,30,30,1,2,11,5,4,1,0
1,0,0,33.28,1,0,0,0,0,1,1,1,0,2,10,30,0,2,4,5,6,1,0
1,0,0,22.67,0,0,0,0,1,1,1,1,1,1,14,14,0,2,6,4,4,1,0
1,0,0,29.29,0,0,0,1,0,1,1,1,0,3,30,30,0,2,10,4,11,1,0
0,1,0,41.8,0,0,0,1,1,1,1,1,0,1,30,30,0,2,6,6,6,1,0
1,0,0,25.55,1,0,0,1,1,0,1,1,0,3,30,30,0,1,10,5,6,1,0
1,0,0,30.04,0,0,0,1,1,1,1,1,0,2,10,30,0,2,2,6,6,1,0
1,0,1,27.46,1,0,0,1,0,1,1,0,0,3,30,30,0,1,10,4,4,1,0
1,0,1,38.62,0,0,0,1,0,1,1,1,0,2,30,30,0,2,4,3,4,1,0
1,0,0,31.46,1,0,0,1,1,1,1,1,0,2,30,30,1,1,10,5,5,1,0
1,0,0,42.76,1,0,0,0,0,1,0,1,0,1,30,14,0,1,6,4,5,1,0
1,0,0,24.63,1,0,0,1,1,1,1,1,0,3,30,30,0,2,10,6,11,1,0
1,1,0,25.54,0,0,0,1,1,1,1,1,0,1,30,30,0,1,10,6,6,1,0
1,0,0,33.07,0,0,0,1,1,1,1,1,0,3,10,30,0,2,4,5,4,1,0
1,1,0,29.02,1,0,0,1,0,1,1,1,0,2,30,30,0,1,5,5,6,1,0
1,0,1,30.41,1,0,0,1,1,1,1,1,0,5,30,30,0,1,2,4,6,1,0
1,0,0,21.79,0,0,0,1,1,1,1,1,0,2,30,6,0,2,11,6,6,1,0
1,1,0,23.24,0,0,0,1,1,1,1,1,0,1,30,30,0,1,10,6,6,1,0
1,1,0,32.49,1,0,0,1,1,1,1,1,0,3,30,30,0,1,5,4,10,1,0
1,0,0,32.69,0,0,0,1,1,1,1,1,0,2,30,30,0,2,12,4,5,1,0
1,1,0,26.54,0,0,0,1,1,1,1,1,0,2,30,30,0,2,10,6,6,1,0
1,0,0,29.18,0,0,0,1,1,1,1,1,0,3,14,30,0,2,12,6,6,1,0
1,0,0,27.44,0,0,0,0,1,1,1,1,0,3,30,30,0,2,11,6,6,1,0
1,0,0,22.31,0,0,0,1,1,1,1,1,0,2,30,30,0,1,11,6,5,1,0
1,0,0,32.98,0,0,0,1,0,1,1,1,0,2,30,30,0,1,6,5,6,1,0
1,0,0,27.44,0,0,0,1,1,1,1,1,0,3,30,30,0,2,10,4,6,1,0
1,0,0,25.85,0,0,0,0,1,1,1,1,0,2,30,1,0,1,13,6,6,1,0
1,1,0,23.34,1,0,0,1,1,0,1,1,0,3,30,30,0,2,10,6,6,1,0
1,1,0,26.85,0,0,0,1,1,1,1,1,0,1,2,1,0,1,10,6,6,1,0
1,0,0,28.34,0,0,0,1,0,1,1,1,0,3,30,30,0,2,11,4,5,1,0
1,0,0,34.18,0,0,0,0,0,0,1,0,1,4,30,3,0,2,2,4,6,1,0
1,0,0,28.84,0,0,0,0,0,1,1,1,0,3,30,30,0,2,10,5,6,1,0
1,0,0,28.25,0,0,0,1,0,1,1,1,1,3,30,10,0,1,3,4,6,1,0
1,0,0,25.34,1,0,0,1,1,1,1,1,0,3,30,2,0,2,10,4,6,1,0
0,0,0,27.44,0,0,0,1,1,1,1,1,0,3,30,30,0,2,6,6,6,1,0
1,0,0,35.51,0,0,0,1,1,1,1,1,0,3,2,30,0,2,4,6,6,1,0
1,0,1,32.08,0,0,0,1,1,1,1,1,0,3,30,30,0,1,4,6,4,1,0
1,0,0,22.03,1,0,0,1,0,1,1,1,0,1,30,30,0,1,5,6,6,1,0
1,1,0,33.45,1,0,0,1,1,0,1,1,0,2,2,30,0,2,6,5,6,1,0
1,0,0,26.61,1,0,0,1,0,1,1,1,0,3,30,30,0,2,10,5,6,1,0
1,0,0,28.25,0,0,0,1,1,1,1,0,1,2,3,2,0,1,3,6,4,1,0
1,0,0,20.92,0,0,0,1,0,1,0,1,0,3,30,30,0,1,3,4,6,1,0
1,0,0,27.44,0,0,0,1,1,1,1,0,1,4,30,5,0,2,5,4,4,1,0
1,0,0,27.44,1,0,0,0,1,0,1,1,0,3,4,30,1,2,11,6,5,1,0
1,0,0,27.62,0,0,0,1,1,1,1,1,0,2,30,30,0,2,12,6,6,1,0
1,0,0,25.61,0,0,0,1,1,1,1,1,0,2,1,30,1,2,12,6,5,1,0
1,0,0,20.61,1,0,0,1,1,1,1,1,0,4,2,30,0,1,10,6,6,1,0
1,0,0,27.44,0,0,0,0,1,1,1,1,0,1,30,30,0,2,12,4,3,1,0
1,1,0,34.38,0,0,0,1,1,1,1,1,1,3,20,30,0,2,3,4,3,1,0
1,0,0,23.4,0,0,0,0,0,1,1,1,0,5,30,30,1,2,5,6,5,1,0
1,1,0,25.07,1,0,0,1,1,1,1,1,0,2,30,30,0,1,10,4,6,1,0
1,0,0,24.28,1,0,0,1,1,1,1,1,0,3,30,1,0,1,13,6,6,1,0
1,0,0,24.46,0,0,0,0,1,0,1,1,0,4,30,3,0,2,1,4,5,1,0
1,0,1,29.69,1,0,1,1,1,1,1,1,1,2,20,30,0,2,10,5,6,1,0
1,0,0,34.18,0,0,0,1,1,0,1,1,0,1,30,30,0,2,10,6,6,1,0
1,1,0,23.52,0,0,0,1,1,1,1,1,0,2,30,30,0,2,11,6,6,1,0
1,0,0,27.44,1,0,0,0,1,1,1,1,0,2,30,2,0,2,10,6,6,1,0
1,0,0,19.84,1,0,0,0,1,1,1,1,0,2,30,30,0,2,13,6,6,1,0
1,0,0,24.59,0,0,0,1,1,1,1,1,0,3,10,30,0,2,3,5,6,1,0
1,1,0,27.44,1,0,0,1,0,1,1,1,0,2,15,3,0,2,10,5,6,1,0
0,0,0,32.42,0,0,0,1,1,1,1,1,1,2,5,30,0,2,10,6,6,1,0
1,1,0,27.44,0,0,0,1,1,0,1,1,0,4,30,30,0,1,2,6,11,1,0
1,1,0,27.44,1,0,0,1,1,1,0,0,0,3,30,30,0,2,10,5,6,1,0
1,1,0,32.46,1,0,0,1,1,1,0,1,0,3,30,30,0,1,10,6,11,1,0
1,0,0,28.5,1,0,0,1,1,1,1,1,0,2,30,30,0,1,12,6,6,1,0
1,1,0,21.77,1,0,0,1,1,1,1,1,0,3,30,30,0,2,10,5,6,1,0
1,0,0,29.05,1,0,0,1,1,1,1,1,0,2,30,30,0,1,10,5,6,1,0
1,0,1,28.29,0,0,0,1,1,1,1,1,0,3,30,30,0,1,14,6,6,1,0
1,0,0,27.12,0,0,0,1,1,1,1,1,0,1,30,30,0,1,1,4,6,1,0
1,0,0,35.87,0,0,0,1,1,0,1,1,0,2,2,30,0,2,11,6,6,1,0
1,1,0,21.26,0,0,0,0,1,1,1,1,0,3,30,30,0,2,10,6,6,1,0
1,0,1,22.81,0,0,0,1,1,1,1,1,0,1,27,30,0,1,10,5,6,1,0
1,1,0,22.24,1,0,0,1,1,1,1,1,0,2,30,1,0,1,12,6,6,1,0
1,0,0,30.54,0,0,0,1,1,1,1,1,0,3,20,3,0,2,10,6,6,1,0
1,0,0,27.44,0,0,0,1,1,1,1,1,0,3,30,30,0,1,10,6,6,1,0
1,0,0,21.73,0,0,0,1,1,1,1,1,0,1,3,30,0,2,10,6,6,1,0
1,0,0,26.86,0,0,0,1,0,0,1,1,0,3,30,30,0,2,12,5,5,1,0
1,0,0,25.96,1,0,0,1,0,0,1,1,0,1,30,30,0,2,13,5,6,1,0
1,0,0,38.97,0,0,0,0,1,1,1,1,0,1,30,30,0,2,11,6,6,1,0
1,0,0,36.35,1,0,0,1,0,0,1,1,0,3,2,30,0,1,6,3,10,1,0
1,0,0,27.44,0,0,0,1,1,1,1,1,0,2,30,1,0,2,10,6,6,1,0
1,0,0,28.29,0,0,0,1,1,1,1,1,0,2,30,30,0,2,10,6,6,1,0
1,0,0,27.55,1,0,0,1,1,0,1,1,0,1,30,30,0,1,13,6,6,1,0
1,1,0,32.55,0,0,0,1,0,1,1,1,0,1,30,30,0,1,10,6,6,1,0
1,0,0,27.44,0,0,0,1,1,1,1,1,0,3,30,30,0,2,11,5,5,1,0
1,0,0,27.44,0,0,0,0,1,1,1,1,0,3,30,30,0,2,10,4,5,1,0
1,0,0,27.44,0,0,0,0,1,1,1,1,1,3,30,30,0,2,11,5,6,1,0
1,0,0,24.94,0,0,0,1,1,1,1,0,1,4,30,25,0,2,10,6,1,1,0
1,0,0,26.45,1,0,0,1,1,1,1,1,0,2,30,30,0,2,12,4,4,1,0
1,0,0,28.21,1,0,0,1,1,1,1,1,0,2,30,30,1,1,13,6,6,1,0
1,0,0,29.95,1,0,0,0,1,1,1,1,0,2,5,30,1,2,4,5,4,1,0
1,0,0,28.48,1,0,0,1,1,1,1,1,0,3,30,30,0,1,10,5,6,1,0
1,0,0,29.29,0,0,0,1,1,1,1,1,0,2,2,30,0,2,10,4,6,1,0
1,0,1,21.26,1,0,0,0,0,1,1,1,1,2,20,30,0,2,4,4,5,1,0
1,0,0,24.94,1,0,0,0,0,0,1,1,0,2,30,30,0,2,12,4,5,1,0
1,0,0,30.41,0,0,0,0,1,1,1,1,0,2,30,1,0,1,11,5,6,1,0
1,0,0,36.81,1,0,0,1,1,1,1,1,0,2,30,30,0,1,5,3,3,1,0
1,0,0,27.44,1,0,1,1,1,1,1,1,0,1,30,30,0,1,11,6,6,1,0
1,0,1,27.46,1,0,0,1,0,1,1,0,1,3,30,30,1,2,10,5,6,1,0
1,0,0,27.44,0,0,0,1,1,1,1,1,0,3,30,30,0,1,10,5,6,1,0
1,0,0,30.67,1,0,0,1,1,1,1,1,0,2,30,30,0,2,10,4,6,1,0
1,0,0,30.42,1,0,0,0,1,1,1,1,0,2,30,30,0,2,10,4,6,1,0
1,0,0,27.37,1,0,0,0,1,1,0,1,0,3,30,2,0,2,10,5,6,1,0
1,0,0,31.59,1,0,0,1,0,1,1,1,0,2,1,30,0,2,10,6,6,1,0
1,1,0,19.74,0,0,0,1,1,1,1,1,0,3,2,6,0,2,12,6,6,1,0
1,0,0,33.0,1,0,0,1,0,1,1,1,0,2,30,30,0,1,10,5,5,1,0
1,0,0,32.45,0,0,0,1,1,1,1,1,0,3,30,30,0,2,10,5,6,1,0
1,0,0,37.12,0,0,0,1,1,1,1,1,0,3,30,30,0,1,6,5,4,1,0
1,1,0,28.29,1,0,0,1,1,1,1,1,0,1,30,30,0,2,12,6,6,1,0
1,1,0,27.96,1,0,0,1,1,1,1,1,0,2,30,3,0,2,10,6,6,1,0
1,0,0,27.44,0,0,0,1,1,1,1,1,0,3,30,30,0,2,10,6,6,1,0
1,0,0,26.78,0,0,0,1,0,0,1,1,0,2,30,30,0,1,10,4,3,1,0
1,0,0,29.76,1,0,0,1,1,1,1,1,0,3,30,5,0,2,10,6,6,1,0
1,0,0,27.12,0,0,0,1,1,1,1,1,0,2,30,30,0,1,10,6,5,1,0
1,0,0,33.15,0,0,0,1,0,1,1,1,0,1,30,30,0,1,10,6,10,1,0
1,1,0,26.34,0,0,0,1,1,1,1,1,0,2,30,30,0,2,11,6,6,1,0
1,0,1,27.44,0,0,0,1,0,1,1,1,0,3,30,30,0,2,14,5,6,1,0
1,1,0,24.41,1,0,0,1,0,1,1,1,0,2,30,30,0,1,10,5,6,1,0
1,0,0,28.49,0,0,0,1,1,1,1,1,0,3,3,30,0,2,12,6,6,1,0
1,0,0,46.11,0,0,0,0,0,1,1,1,0,2,30,5,0,1,1,4,6,1,0
1,0,0,32.78,1,0,0,1,1,1,0,1,0,2,3,30,0,1,5,3,6,1,0
1,0,0,30.11,0,0,0,1,0,1,1,1,0,2,30,30,0,2,12,5,5,1,0
0,0,0,38.74,0,0,0,1,0,1,1,1,0,3,30,30,0,2,6,6,6,1,0
1,0,0,37.44,1,0,0,1,0,1,0,1,0,2,30,30,0,2,10,6,6,1,0
1,0,0,27.44,0,0,0,1,1,0,1,1,0,3,30,30,0,2,10,6,6,1,0
1,0,0,19.84,0,0,0,1,1,1,1,1,0,2,3,1,0,2,11,5,6,1,0
1,0,0,37.86,1,0,0,1,0,1,1,1,1,3,30,5,0,2,5,2,6,1,0
1,0,0,27.44,0,0,0,1,1,1,1,1,0,3,30,30,0,1,10,6,6,1,0
1,0,0,29.76,0,0,0,1,1,0,1,0,1,4,30,30,0,2,6,2,6,1,0
1,0,0,27.44,0,0,0,1,1,0,1,1,0,3,30,30,0,2,10,6,6,1,0
1,0,0,22.86,1,0,0,1,1,1,1,1,0,2,30,30,0,2,10,4,1,1,0
1,1,0,24.33,0,0,0,1,1,1,1,1,0,1,30,30,0,2,10,5,6,1,0
1,1,0,22.81,0,0,0,1,1,1,1,1,0,4,3,30,0,2,6,6,6,1,0
1,0,0,34.87,0,0,0,0,0,1,1,1,0,2,30,30,0,1,10,6,6,1,0
1,0,0,27.44,0,0,0,0,1,1,1,1,1,5,4,10,0,1,4,5,6,1,0
1,0,0,27.32,1,0,0,1,0,1,1,1,0,2,30,1,0,1,6,6,10,1,0
1,0,0,25.83,0,0,0,1,0,0,1,0,0,2,30,30,0,1,11,6,6,1,0
1,0,0,27.44,0,0,0,1,1,1,1,1,0,2,30,30,0,1,10,6,6,1,0
1,0,0,27.44,0,0,0,0,1,1,1,1,0,2,5,1,0,2,10,6,6,1,0
1,0,0,25.79,1,0,0,0,0,1,1,1,0,2,30,30,0,2,13,5,4,1,0
1,1,0,30.23,0,0,0,0,0,0,1,1,0,1,30,30,0,2,11,5,6,1,0
1,0,0,35.35,0,0,0,1,1,1,1,1,0,2,30,30,0,2,10,5,6,1,0
1,0,1,25.39,1,0,0,1,0,1,1,1,0,2,15,30,1,2,4,5,6,1,0
1,0,0,33.47,0,0,0,1,1,1,1,1,0,3,30,1,0,2,10,6,6,1,0
1,0,0,27.67,1,0,0,1,0,1,0,1,0,2,30,30,0,1,10,5,6,1,0
1,0,0,30.86,1,0,0,1,1,0,1,1,0,2,1,2,0,2,13,6,5,1,0
1,0,0,25.75,0,0,0,1,0,1,1,1,0,3,30,30,0,2,11,6,6,1,0
1,0,0,27.44,0,0,0,1,1,1,1,1,0,2,30,30,0,2,6,6,6,1,0
1,0,0,34.95,0,0,0,1,0,1,1,1,0,3,2,30,0,2,2,5,6,1,0
1,0,0,25.69,0,0,0,1,1,1,1,1,0,2,30,30,0,2,13,5,6,1,0
1,1,0,24.41,1,0,0,1,0,1,1,1,0,2,30,30,0,2,10,5,6,1,0
1,0,0,19.46,1,0,0,1,1,0,1,1,0,3,10,10,0,1,2,5,6,1,0
1,1,0,34.54,0,0,0,1,0,0,1,1,0,1,30,30,0,2,10,5,6,1,0
1,0,0,27.44,1,0,0,0,0,1,1,1,0,2,30,21,0,2,5,5,6,1,0
1,0,0,27.44,0,0,0,1,0,0,1,1,0,3,15,2,0,2,10,6,6,1,0
1,0,1,25.81,0,0,0,1,0,0,1,1,1,3,25,15,1,1,10,4,5,1,0
1,1,0,27.44,0,0,0,0,1,1,1,0,0,2,30,30,0,2,10,5,6,1,0
1,0,0,29.29,1,0,1,1,1,1,1,1,0,1,30,30,0,1,11,4,6,1,0
1,0,0,27.44,0,0,0,1,0,0,1,1,0,3,30,30,0,2,10,4,6,1,0
1,1,0,24.28,0,0,0,1,1,1,1,1,0,3,2,30,0,1,4,6,6,1,0
1,0,0,26.87,0,0,0,1,1,1,1,1,0,1,30,30,0,1,10,6,6,1,0
1,0,0,37.79,0,0,0,0,1,1,1,1,0,3,30,30,0,2,6,5,5,1,0
1,0,0,23.01,0,0,0,1,1,1,1,1,0,1,30,30,0,1,10,6,6,1,0
1,0,0,26.45,0,0,0,1,1,0,1,1,0,3,30,2,0,1,10,4,5,1,0
1,0,0,27.44,0,0,0,1,1,1,1,1,0,1,30,10,0,2,10,4,6,1,0
1,0,0,21.46,1,0,0,1,1,1,1,1,0,4,30,30,0,2,13,6,6,1,0
1,0,0,28.12,1,0,0,1,0,0,1,1,0,2,30,30,0,2,3,5,6,1,0
1,0,0,29.99,1,0,0,0,0,0,1,1,0,4,30,5,0,1,4,6,6,1,0
1,0,0,27.44,1,0,0,1,0,1,1,1,0,2,30,30,1,2,3,3,5,1,0
1,1,0,28.82,1,0,0,1,0,1,0,1,0,2,30,30,0,2,10,4,6,1,0
1,1,0,22.47,0,0,0,1,1,1,1,1,0,2,30,30,0,1,10,6,6,1,0
1,0,0,26.57,0,0,0,1,1,1,1,1,0,3,30,5,0,2,10,6,6,1,0
1,0,0,25.79,1,0,0,1,1,1,1,1,0,3,4,3,0,2,10,6,6,1,0
1,0,0,29.37,0,0,0,0,0,0,1,1,0,3,30,30,0,1,6,6,6,1,0
1,1,0,27.44,0,0,0,0,1,1,1,1,0,1,30,30,0,2,5,5,6,1,0
1,0,0,29.03,1,0,0,1,1,1,1,1,0,3,30,30,0,1,6,4,6,1,0
1,0,0,29.53,1,0,0,1,0,1,1,1,0,2,30,25,0,1,12,6,11,1,0
1,0,0,27.44,0,0,0,0,1,1,1,1,0,1,30,30,0,1,10,4,6,1,0
1,0,0,28.41,0,0,0,1,1,1,1,1,0,1,30,30,0,1,13,6,6,1,0
1,0,0,27.44,0,0,0,0,1,1,1,1,0,2,30,30,0,2,10,5,6,1,0
1,1,0,29.18,1,0,0,1,0,0,1,1,0,2,3,3,0,2,10,4,6,1,0
1,1,0,32.08,1,0,0,1,0,1,1,1,0,3,30,2,0,1,4,5,6,1,0
1,1,0,29.29,1,0,0,1,1,1,1,1,0,1,30,30,0,2,10,6,6,1,0
1,1,0,25.1,0,0,0,1,1,1,1,1,0,1,30,30,0,1,10,6,11,1,0
1,1,0,30.51,1,0,0,0,0,1,0,1,0,3,2,4,0,2,5,5,6,1,0
1,0,0,27.44,0,0,0,1,1,1,1,1,0,2,30,1,0,2,6,5,6,1,0
1,1,0,35.19,0,0,0,1,0,1,1,1,0,3,30,30,0,2,6,5,10,1,0
1,0,0,25.68,1,0,0,1,1,1,1,1,0,3,30,30,0,1,12,6,6,1,0
1,1,0,24.87,0,0,0,0,1,1,1,1,0,2,2,30,0,2,10,6,10,1,0
1,1,0,26.31,1,0,0,1,1,1,1,1,0,2,2,5,0,1,11,6,10,1,0
1,0,0,29.68,0,0,0,1,0,1,1,1,0,3,30,30,0,1,10,6,6,1,0
1,0,0,27.44,0,0,0,1,1,1,1,1,0,2,15,30,0,2,1,4,5,1,0
1,0,0,36.9,0,0,0,1,0,1,0,1,0,3,30,30,1,2,10,5,6,1,0
1,0,0,26.96,0,0,0,1,1,1,1,1,0,2,30,30,0,1,10,6,6,1,0
1,0,0,29.95,0,0,0,1,1,1,1,1,0,3,3,30,0,2,6,5,5,1,0
1,0,0,26.94,0,0,0,1,1,1,1,1,0,1,30,30,0,1,14,6,11,1,0
1,1,0,23.82,0,0,0,1,1,1,1,1,0,2,30,5,0,1,10,5,11,1,0
1,0,0,27.44,0,0,0,0,1,1,1,1,0,3,30,30,0,1,10,5,6,1,0
1,0,0,27.12,0,0,0,1,0,1,1,1,0,3,30,30,0,1,10,6,6,1,0
1,0,0,29.65,0,0,0,1,1,1,1,1,0,2,30,30,0,1,10,6,10,1,0
1,0,0,35.87,1,0,0,1,0,1,0,1,0,2,3,30,0,1,11,5,6,1,0
1,0,0,24.53,0,1,0,0,1,1,1,1,0,2,30,30,1,2,10,6,6,1,0
1,0,0,30.11,0,0,0,1,0,1,1,1,0,2,6,3,0,2,10,6,6,1,0
1,1,0,30.67,0,0,0,1,1,1,1,1,0,2,30,5,0,2,10,6,6,1,0
1,1,0,22.5,1,0,0,1,0,1,1,1,0,1,30,30,0,1,10,6,5,1,0
1,0,0,24.14,0,0,0,1,1,1,1,1,0,3,30,30,0,2,13,6,6,1,0
1,0,0,22.5,1,0,0,1,1,1,1,1,0,3,2,4,1,2,10,5,4,1,0
1,0,0,31.38,0,0,0,1,1,0,1,1,0,1,30,30,0,1,10,5,6,1,0
1,0,1,35.3,0,0,0,1,1,1,1,1,0,3,30,30,0,1,10,6,10,1,0
1,0,0,19.22,0,0,0,1,1,1,1,1,0,3,30,30,0,2,12,6,6,1,0
1,0,0,27.27,0,0,0,1,1,1,1,1,1,5,30,30,0,2,4,4,6,1,0
1,0,0,29.53,0,0,0,0,0,0,1,1,0,2,30,30,0,1,10,6,10,1,0
1,0,0,23.62,1,0,0,0,0,1,1,1,0,3,30,30,0,1,11,4,5,1,0
1,0,1,26.63,1,0,0,0,1,1,1,1,1,3,30,30,0,2,1,4,5,1,0
1,1,0,28.12,0,0,0,1,1,1,1,1,0,2,30,30,0,2,10,4,10,1,0
1,0,0,23.67,1,1,0,1,0,1,1,1,0,2,30,30,1,1,10,5,6,1,0
1,1,0,22.22,0,0,0,1,1,1,1,1,0,2,30,30,0,2,11,6,6,1,0
1,0,0,23.01,0,0,0,0,1,1,1,1,0,2,30,30,0,1,12,6,6,1,0
1,0,0,25.85,1,0,0,1,1,1,1,1,0,3,30,30,0,1,10,6,6,1,0
1,1,0,28.25,1,0,0,1,0,1,1,1,0,2,30,30,0,2,10,6,10,1,0
1,0,0,29.13,0,0,0,1,1,1,1,1,0,2,30,30,1,2,10,5,6,1,0
1,0,0,25.79,1,0,0,1,1,1,1,1,0,2,30,30,0,1,12,5,6,1,0
1,0,0,27.98,1,0,0,1,1,1,1,1,0,3,30,1,0,1,10,6,6,1,0
1,1,0,27.46,0,0,0,1,1,1,1,1,0,2,30,30,0,2,11,6,6,1,0
1,0,0,24.13,1,0,0,1,1,1,1,1,0,2,10,30,0,1,12,4,6,1,0
1,0,0,31.19,0,0,0,1,1,1,1,1,0,2,3,30,0,1,5,6,11,1,0
1,0,0,24.8,0,0,0,1,0,1,1,1,0,2,30,30,0,2,1,4,3,1,0
1,0,0,28.34,0,0,0,0,0,1,1,1,0,3,14,30,0,2,6,6,6,1,0
1,0,1,21.29,1,0,0,1,0,0,0,1,1,3,30,30,0,1,5,5,4,1,0
1,1,0,26.07,0,0,0,1,0,1,1,1,0,1,30,30,0,2,11,6,6,1,0
1,0,0,23.63,1,0,0,1,0,1,1,1,0,2,30,1,0,1,11,4,5,1,0
1,0,0,29.05,1,0,0,0,1,1,1,1,0,1,5,30,1,2,11,4,5,1,0
1,0,0,30.67,1,0,0,1,1,1,1,1,0,2,2,30,0,2,10,6,11,1,0
1,0,0,25.09,0,0,0,1,0,1,1,1,0,2,1,30,0,1,12,5,4,1,0
1,1,0,32.92,0,0,0,1,1,1,1,1,0,1,30,30,0,2,12,6,6,1,0
1,1,0,20.6,0,0,0,1,1,1,1,1,0,3,6,2,0,2,11,6,5,1,0
1,0,0,31.35,1,0,0,1,1,1,0,1,0,3,30,30,0,2,10,4,3,1,0
1,0,0,25.41,1,0,0,1,1,1,1,0,0,4,5,30,0,1,3,5,5,1,0
1,0,0,34.33,0,0,0,1,0,1,1,1,0,4,15,3,0,2,6,6,6,1,0
1,0,0,27.44,0,0,0,1,0,1,1,1,0,3,30,5,0,2,5,5,6,1,0
1,0,0,27.44,0,0,0,0,1,1,1,1,0,3,30,1,0,2,10,6,6,1,0
1,1,0,27.75,1,0,0,1,0,1,1,1,0,2,30,30,0,1,10,6,6,1,0
1,1,0,34.46,0,0,0,1,0,1,1,1,0,2,30,30,0,2,6,4,6,1,0
1,0,0,31.38,0,0,0,1,0,1,1,1,0,3,3,30,0,2,4,6,6,1,0
1,1,0,20.81,0,0,0,1,0,1,1,1,0,2,30,30,0,1,11,6,6,1,0
0,1,0,28.29,1,0,0,1,1,1,1,1,0,4,2,4,0,2,4,6,6,1,0
1,0,0,29.26,0,0,0,1,1,0,1,1,0,3,2,30,0,2,11,6,6,1,0
1,0,0,26.97,0,0,0,1,1,1,1,1,0,3,30,30,0,1,10,6,6,1,0
1,0,0,24.96,0,0,0,1,1,1,1,1,0,2,1,30,0,2,13,5,6,1,0
1,0,0,25.1,1,0,0,1,1,1,1,1,0,1,30,30,0,1,14,6,6,1,0
1,0,0,30.18,0,0,0,1,1,1,1,1,1,3,5,30,0,2,5,5,1,1,0
1,0,0,36.58,0,0,0,1,0,1,1,1,0,3,30,30,0,2,6,5,6,1,0
1,1,0,27.44,0,0,0,1,0,1,1,1,0,2,30,30,0,1,10,6,6,1,0
1,0,0,23.63,0,0,0,0,1,1,1,1,0,1,30,30,0,2,13,3,2,1,0
1,0,0,29.95,1,0,0,1,0,0,1,1,0,2,30,30,0,1,11,6,6,1,0
1,1,0,20.8,1,0,0,1,0,1,1,1,0,1,30,30,0,1,13,6,6,1,0
1,0,0,28.34,0,0,0,1,1,0,1,1,0,1,30,30,0,2,12,4,6,1,0
1,0,0,24.59,1,0,0,1,0,1,1,1,0,2,30,30,1,1,10,4,6,1,0
1,1,0,27.44,1,0,0,1,1,1,1,1,0,2,30,30,0,2,10,5,6,1,0
1,0,0,25.86,0,0,0,1,1,1,1,1,0,1,30,30,0,2,13,6,6,1,0
1,0,0,24.41,0,0,0,1,1,1,1,1,0,2,30,1,0,1,12,6,6,1,0
1,1,0,27.44,0,0,0,0,0,1,1,1,0,3,30,30,0,2,6,5,6,1,0
1,0,0,15.51,0,0,1,0,1,1,1,1,0,4,30,4,0,2,10,5,4,1,0
1,0,0,22.81,1,0,0,1,1,1,1,1,0,2,10,1,0,2,3,4,6,1,0
1,1,0,29.05,1,0,0,1,1,1,0,1,0,2,30,1,0,2,11,5,10,1,0
1,0,0,20.98,0,0,0,1,1,1,1,1,0,2,30,30,0,2,11,6,6,1,0
1,0,0,25.06,1,0,0,1,1,1,1,1,0,3,30,30,0,1,11,4,6,1,0
1,0,1,25.77,0,0,0,1,1,1,1,1,0,3,30,20,0,1,6,5,6,1,0
1,0,0,24.28,1,0,0,1,1,0,1,1,0,3,30,30,0,1,13,6,6,1,0
1,0,0,26.57,1,1,0,0,0,0,1,1,0,2,30,30,0,2,12,4,6,1,0
1,0,0,27.44,0,0,0,1,0,0,1,1,0,2,25,30,0,2,3,6,6,1,0
1,0,0,23.44,1,0,0,1,0,1,1,1,0,2,2,30,0,2,11,4,6,1,0
1,0,0,26.57,0,0,0,1,1,1,1,1,0,3,5,2,0,2,10,4,6,1,0
1,0,0,23.11,0,0,0,1,1,1,1,1,0,3,30,30,0,1,10,6,6,1,0
1,1,0,27.37,1,0,0,1,0,1,1,1,0,2,30,30,0,1,4,3,6,1,0
1,0,1,31.62,0,0,0,0,1,1,1,1,0,3,30,30,0,2,10,6,6,1,0
1,0,0,15.77,1,0,0,1,1,0,1,1,1,4,30,30,1,2,5,4,3,1,0
1,0,0,27.12,1,0,0,1,1,1,0,1,0,3,30,30,0,1,10,5,6,1,0
1,1,0,22.85,1,0,0,1,0,1,1,1,0,2,30,30,0,2,12,4,6,1,0
1,1,0,25.69,0,0,0,1,1,1,1,1,0,2,30,30,0,2,10,6,6,1,0
1,1,0,27.12,1,0,0,1,1,1,1,1,0,2,30,30,0,1,10,5,6,1,0
1,0,1,32.55,1,0,0,0,0,0,1,1,1,3,1,30,0,1,4,5,6,1,0
1,0,0,27.22,1,1,0,1,0,1,1,1,0,2,3,30,0,2,11,5,6,1,0
1,0,0,27.44,0,0,0,1,1,1,1,1,0,2,30,30,0,1,10,5,6,1,0
1,0,1,45.49,0,0,0,0,0,0,1,1,1,4,30,30,0,2,3,6,6,1,0
1,0,1,21.92,0,0,0,0,1,1,1,1,0,3,30,30,0,2,1,5,1,1,0
1,0,0,17.22,0,0,0,1,1,1,1,1,0,3,30,30,0,2,5,1,6,1,0
1,0,0,27.44,0,0,0,1,0,1,1,1,0,2,30,30,0,2,10,5,6,1,0
1,0,0,26.91,0,0,0,1,0,1,1,1,0,3,30,30,0,1,11,6,10,1,0
1,0,0,21.79,1,0,0,1,1,1,1,1,0,1,30,1,0,2,11,6,6,1,0
1,0,0,37.61,0,0,0,1,1,1,1,1,0,3,5,30,1,2,6,5,6,1,0
1,0,1,27.6,1,0,0,1,1,1,1,1,1,2,30,15,0,1,2,5,6,1,0
1,0,0,21.08,1,0,0,1,1,1,1,1,0,4,30,30,0,2,3,5,6,1,0
1,0,0,27.44,0,0,0,1,1,1,1,1,0,2,30,30,0,2,11,6,6,1,0
1,1,0,27.46,0,0,0,1,1,0,1,1,1,2,30,30,0,2,11,6,6,1,0
1,0,0,27.44,0,0,0,0,1,1,1,1,0,3,30,30,0,2,10,4,6,1,0
1,0,0,34.45,1,0,0,1,1,1,1,1,0,3,10,2,0,2,6,6,6,1,0
1,1,0,27.44,0,0,0,1,1,1,1,1,0,2,30,30,0,1,6,6,6,1,0
1,1,0,21.77,0,0,0,1,1,1,1,1,0,2,30,3,0,1,10,6,6,1,0
1,0,0,37.12,0,0,0,1,1,1,1,1,0,2,30,30,0,2,10,6,6,1,0
1,0,0,25.07,1,0,0,0,1,1,1,1,0,3,30,30,0,1,11,6,6,1,0
1,0,0,27.8,1,0,0,0,0,0,1,1,1,1,30,30,0,1,6,4,4,1,0
1,0,0,28.93,0,0,0,1,1,1,1,1,0,3,1,3,0,1,10,5,6,1,0
1,0,1,32.24,1,0,0,0,1,1,1,1,1,2,30,30,0,1,5,2,5,1,0
1,0,0,21.8,0,0,0,1,1,1,1,1,0,3,30,30,0,2,13,4,3,1,0
1,0,0,20.47,1,0,0,1,0,1,0,1,0,3,30,2,0,1,12,4,6,1,0
1,0,1,29.95,1,0,0,1,0,1,1,0,1,4,30,30,0,1,10,2,5,1,0
1,0,0,37.76,1,0,0,1,0,1,1,1,0,2,30,2,1,2,5,5,6,1,0
1,0,0,34.14,1,1,0,1,0,1,1,1,0,3,30,30,0,2,6,5,6,1,0
1,0,0,32.1,0,0,0,1,1,1,1,1,0,1,30,30,0,1,10,4,6,1,0
1,0,0,18.6,0,0,0,1,0,0,1,1,0,1,6,30,0,1,1,4,6,1,0
1,0,0,36.92,0,0,0,1,1,1,1,1,0,2,30,30,0,1,10,6,6,1,0
1,1,0,28.25,0,0,0,1,1,1,1,1,0,2,30,30,0,2,10,5,11,1,0
1,0,0,21.83,1,0,0,1,1,1,1,1,0,3,30,30,0,1,14,6,6,1,0
1,0,0,23.13,1,0,0,1,1,1,1,1,0,3,10,30,0,1,3,6,6,1,0
1,0,0,26.63,0,0,0,1,1,1,1,1,0,3,5,1,0,2,5,6,6,1,0
1,0,0,25.69,0,0,0,1,1,1,1,1,0,2,30,30,1,2,12,3,6,1,0
1,0,0,26.58,1,0,0,1,0,1,0,1,0,3,3,30,0,1,5,6,6,1,0
1,0,0,28.7,1,0,0,1,0,0,1,1,0,2,30,30,0,2,11,6,6,1,0
1,0,0,25.84,0,0,0,1,1,1,1,1,0,2,30,30,0,1,11,5,6,1,0
1,0,0,24.89,0,0,0,1,1,1,1,1,0,1,30,30,0,2,10,6,11,1,0
1,0,0,19.97,0,0,0,1,1,1,1,1,0,3,30,30,0,1,10,4,5,1,0
1,0,0,23.43,1,0,0,0,0,1,1,1,0,3,30,30,0,1,10,4,5,1,0
1,0,0,24.63,0,0,0,0,1,1,1,1,0,3,30,15,0,2,10,6,5,1,0
1,0,0,27.44,0,0,0,1,1,1,1,1,0,3,5,2,0,2,6,4,6,1,0
1,0,0,34.46,1,0,0,0,1,1,0,1,0,1,10,30,0,2,10,6,6,1,0
1,0,0,28.97,1,0,0,0,1,1,1,1,0,2,30,30,0,1,13,6,6,1,0
1,1,0,23.3,1,0,0,1,1,0,1,1,0,2,30,30,0,2,12,6,6,1,0
1,0,0,20.25,0,0,0,1,1,1,1,1,0,3,30,30,0,1,13,6,6,1,0
1,1,0,32.1,1,0,0,1,1,1,0,1,0,1,30,30,0,1,10,5,6,1,0
1,0,0,25.82,0,0,0,1,1,1,1,1,0,2,30,1,0,1,10,6,11,1,0
1,0,0,27.44,0,0,0,1,0,0,1,1,0,3,30,30,0,2,11,4,6,1,0
1,0,1,27.44,1,0,0,1,1,1,1,1,0,5,20,30,1,2,10,5,5,1,0
1,0,0,22.47,0,0,1,1,1,1,1,1,0,2,30,30,0,1,10,6,6,1,0
1,1,0,29.53,0,0,0,1,1,1,1,1,0,1,30,30,0,1,10,4,6,1,0
1,0,0,27.44,0,0,0,1,1,1,1,1,0,2,30,30,0,2,14,5,6,1,0
1,0,0,27.44,0,0,0,1,0,1,1,1,0,2,30,30,0,2,13,6,6,1,0
1,1,0,28.38,1,0,0,1,1,1,1,1,0,2,15,30,0,2,10,5,5,1,0
1,1,0,24.21,1,0,0,1,1,1,1,1,0,2,30,30,0,1,12,6,6,1,0
1,0,0,27.46,1,0,0,1,1,1,1,1,0,3,30,30,0,2,11,4,3,1,0
1,0,0,31.32,1,0,0,1,1,1,0,1,0,3,10,30,0,1,2,6,6,1,0
1,0,0,30.52,0,0,0,0,1,1,1,1,0,2,30,30,0,1,10,4,6,1,0
1,1,0,23.49,0,0,0,1,1,1,1,1,0,3,30,30,0,1,10,6,11,1,0
1,0,0,28.89,0,0,0,1,1,1,1,1,0,2,30,1,0,1,6,4,6,1,0
1,0,0,24.68,1,1,0,1,1,1,1,1,1,1,30,30,1,1,10,6,6,1,0
1,0,0,26.61,0,0,0,1,1,1,1,1,0,2,30,30,0,2,13,5,4,1,0
1,0,0,26.63,0,0,0,1,1,1,1,1,0,2,30,30,0,2,10,6,6,1,0
1,0,0,19.53,0,0,0,1,1,1,1,1,0,2,15,30,0,2,11,5,5,1,0
1,0,0,27.44,0,0,0,1,1,1,1,1,0,3,30,30,0,1,10,4,6,1,0
1,0,0,23.09,0,0,0,1,1,1,1,1,0,2,30,30,0,1,10,6,6,1,0
1,0,0,27.44,0,0,0,1,0,1,1,1,0,3,15,1,0,1,6,4,1,1,0
1,0,0,28.37,0,0,0,1,0,1,1,1,0,1,30,30,0,1,11,5,6,1,0
1,0,0,32.32,0,0,0,0,1,1,1,1,0,2,30,30,0,1,6,5,4,1,0
1,0,0,27.44,0,0,0,1,1,1,1,1,0,2,30,2,0,2,10,6,6,1,0
1,1,0,24.39,0,0,0,1,1,1,1,1,0,1,30,30,0,1,10,4,6,1,0
1,0,0,19.37,0,0,0,1,1,1,1,1,0,3,30,30,1,2,13,6,5,1,0
1,0,0,30.69,1,0,0,1,1,1,1,1,0,3,30,2,0,1,6,5,6,1,0
1,0,0,30.67,1,0,0,0,0,0,1,1,0,2,30,30,0,2,11,6,6,1,0
1,0,0,34.33,0,0,0,1,0,1,1,1,0,2,30,30,0,2,6,5,6,1,0
1,0,0,24.87,0,0,0,0,1,0,0,1,0,3,30,30,0,2,13,2,6,1,0
1,1,0,35.43,1,0,0,1,1,1,1,1,0,3,30,30,0,2,4,5,6,1,0
1,0,0,30.62,0,0,0,1,0,1,1,1,0,1,30,3,0,1,10,6,6,1,0
1,1,0,28.67,1,0,0,1,0,0,1,1,0,2,30,4,0,2,10,5,6,1,0
1,0,0,35.26,0,0,0,1,1,1,1,1,0,2,30,30,0,1,10,6,6,1,0
1,0,0,29.41,0,0,0,1,0,1,1,1,0,2,30,30,0,1,10,6,6,1,0
1,1,0,28.97,0,0,0,1,1,1,1,1,0,2,3,2,0,2,6,6,5,1,0
1,0,0,36.05,0,0,0,1,1,1,1,1,0,2,6,4,0,2,10,5,6,1,0
1,0,0,33.47,0,0,0,1,1,1,1,1,0,2,2,30,0,2,11,4,6,1,0
1,0,1,39.69,1,0,0,1,1,1,1,1,0,3,30,30,0,2,11,5,6,1,0
1,0,0,36.04,0,0,0,1,0,1,1,1,0,3,1,30,0,2,1,5,6,1,0
1,1,0,25.82,1,0,0,1,1,1,0,1,0,3,30,30,0,2,10,5,6,1,0
1,0,0,28.12,1,0,0,1,1,1,0,1,0,2,30,2,0,1,11,5,6,1,0
1,1,0,27.44,0,0,0,0,1,1,1,1,0,1,30,30,0,2,11,5,6,1,0
1,0,0,31.46,0,0,0,1,1,1,1,1,0,1,30,30,0,1,10,5,6,1,0
1,0,0,20.63,0,0,0,0,1,1,1,1,0,3,30,30,1,2,13,5,6,1,0
1,1,0,23.59,1,0,0,1,1,1,1,1,0,3,3,3,0,2,10,6,6,1,0
1,0,0,40.27,0,0,0,1,1,1,1,1,0,2,5,30,0,2,1,3,4,1,0
1,0,0,25.23,1,0,0,0,0,1,1,1,0,2,30,30,0,1,12,5,6,1,0
1,0,0,37.97,0,0,0,1,1,1,1,1,0,1,30,1,0,1,5,5,6,1,0
1,0,0,30.17,0,0,0,1,0,1,1,1,0,2,30,2,0,1,11,5,6,1,0
1,0,0,27.44,0,0,0,1,0,1,0,1,0,2,3,30,0,2,10,4,6,1,0
1,1,0,27.44,0,0,0,1,1,1,1,1,0,3,30,30,0,1,3,6,6,1,0
1,0,0,28.08,0,0,0,1,1,1,1,1,0,3,15,5,0,2,6,6,2,1,0
1,0,0,25.82,0,0,0,1,0,1,1,1,0,2,30,2,0,2,12,4,3,1,0
1,0,0,23.71,1,0,0,1,1,1,1,1,0,3,30,30,0,1,13,5,6,1,0
1,0,0,31.01,1,0,0,1,1,1,1,1,0,3,4,30,0,2,11,6,6,1,0
1,0,0,29.26,0,0,0,1,1,0,1,1,0,1,30,30,0,2,3,5,1,1,0
1,1,0,30.23,0,0,0,1,0,1,1,1,0,2,30,30,0,2,10,6,6,1,0
1,0,0,27.44,0,0,0,1,1,1,1,1,0,1,30,30,0,2,13,6,6,1,0
1,0,0,25.85,1,0,0,0,1,1,1,1,0,3,30,30,0,1,10,6,6,1,0
1,0,0,40.45,1,0,1,1,1,1,1,0,0,1,30,30,1,2,10,6,6,1,0
1,1,0,30.9,0,0,0,1,1,1,1,1,0,2,1,30,0,2,6,6,6,1,0
1,0,0,33.0,0,0,0,1,1,1,1,1,0,1,30,30,0,1,10,6,6,1,0
1,0,0,26.5,1,0,0,1,1,1,1,1,0,1,30,30,0,1,12,6,6,1,0
1,1,0,26.94,1,0,0,1,1,1,1,1,0,2,30,30,0,1,6,6,11,1,0
1,0,0,27.44,1,0,0,1,0,1,1,1,0,2,30,30,0,1,10,4,6,1,0
1,0,0,30.11,0,0,0,1,0,1,1,1,0,2,30,30,0,2,10,6,6,1,0
1,1,0,26.52,1,0,0,1,0,1,1,1,0,2,30,30,0,2,10,5,6,1,0
1,0,0,28.19,0,0,0,1,0,1,1,1,0,2,30,30,0,1,5,6,6,1,0
1,0,0,24.56,1,0,0,0,1,1,1,1,0,3,30,4,1,2,10,4,5,1,0
1,0,0,32.87,1,0,0,1,1,1,1,1,0,2,30,30,0,1,10,6,6,1,0
1,0,0,30.68,1,0,0,0,0,0,1,1,0,2,1,30,0,1,11,4,6,1,0
1,1,0,24.55,0,0,0,1,1,1,1,1,0,1,30,30,0,1,11,6,6,1,0
1,0,0,33.75,1,0,0,1,1,1,1,1,0,2,30,30,0,1,10,4,6,1,0
1,0,0,31.09,0,0,0,1,1,1,1,1,0,3,30,30,0,2,1,4,6,1,0
1,1,0,27.44,0,0,0,1,1,1,1,1,0,2,30,30,0,1,10,6,10,1,0
1,0,0,32.1,1,0,0,1,1,1,0,1,1,4,30,30,0,2,6,5,2,1,0
1,0,0,26.91,1,0,0,1,1,1,1,1,0,2,30,30,0,1,10,6,6,1,0
1,0,0,29.05,1,0,0,1,0,1,1,1,0,4,10,14,1,2,6,4,6,1,0
1,0,0,27.44,0,0,0,1,0,1,1,1,0,2,3,30,0,2,11,4,6,1,0
1,0,0,27.44,0,0,0,1,1,1,1,1,0,3,3,15,0,2,10,5,5,1,0
1,0,0,30.67,1,0,0,0,1,1,1,1,0,1,30,30,0,1,10,4,5,1,0
1,1,0,22.86,0,0,0,1,1,1,1,1,0,1,30,30,0,2,10,6,6,1,0
1,0,0,27.28,0,0,0,1,1,1,1,1,0,2,30,30,0,2,10,3,4,1,0
1,0,0,27.46,0,0,0,1,1,1,1,1,0,3,30,30,0,1,10,6,6,1,0
1,0,0,22.57,0,0,0,1,0,0,1,1,0,2,1,1,0,2,4,5,6,1,0
1,0,0,28.06,0,0,0,1,1,1,1,1,0,1,30,30,1,1,10,6,5,1,0
1,0,0,28.65,0,0,0,1,1,1,1,1,0,3,30,30,0,1,10,6,6,1,0
1,0,0,27.55,0,0,0,1,0,1,1,1,0,2,30,30,0,1,12,6,4,1,0
1,0,0,27.25,1,0,0,1,1,1,1,1,0,3,30,30,0,1,4,6,2,1,0
1,0,0,29.52,0,0,0,1,0,0,1,1,0,3,30,30,0,2,10,5,6,1,0
1,0,0,24.41,0,0,0,1,1,1,1,1,0,2,30,30,0,1,10,5,6,1,0
1,0,0,26.78,1,0,0,1,1,1,1,1,1,3,30,30,0,1,10,6,6,1,0
1,0,0,38.04,0,0,0,1,1,0,1,1,0,2,5,2,1,2,10,6,6,1,0
1,0,0,29.84,1,0,0,0,1,1,1,1,0,2,30,30,0,1,12,6,6,1,0
1,0,0,23.96,0,0,0,1,1,1,1,1,0,2,30,30,0,1,12,5,5,1,0
1,0,0,39.06,0,0,0,1,0,1,1,1,0,3,14,30,0,2,5,6,6,1,0
1,1,0,28.7,0,0,0,1,1,1,1,1,0,2,2,30,0,2,10,5,6,1,0
1,1,0,27.02,1,0,0,1,1,1,1,1,1,2,30,30,0,2,10,5,5,1,0
1,0,0,33.91,1,0,0,1,0,1,1,1,0,1,30,30,0,1,13,4,6,1,0
1,0,0,27.44,0,0,0,1,1,1,1,1,0,3,30,30,0,2,11,4,6,1,0
1,0,0,27.44,1,0,0,1,0,1,1,1,0,3,30,30,0,2,5,5,6,1,0
1,0,0,28.08,1,0,1,1,1,1,1,1,0,1,30,30,0,2,12,5,6,1,0
1,0,0,26.63,0,0,0,1,1,1,1,1,0,3,30,30,0,2,12,4,5,1,0
1,1,0,21.93,1,0,0,1,1,1,1,1,0,2,30,30,0,2,10,5,6,1,0
1,0,0,31.89,1,0,0,1,0,1,1,1,0,1,30,30,0,2,11,6,6,1,0
1,0,0,29.53,0,0,0,1,0,0,1,1,0,3,10,30,0,1,10,6,6,1,0
1,0,0,30.23,1,0,0,1,1,1,1,1,0,3,30,30,0,2,6,5,6,1,0
1,1,0,27.44,1,0,0,1,0,1,1,1,0,3,30,30,0,1,4,6,6,1,0
1,0,1,25.24,0,0,0,1,0,1,1,1,0,1,30,30,0,2,3,4,6,1,0
1,0,0,27.44,1,0,0,1,0,1,1,1,0,3,30,30,0,2,11,6,4,1,0
1,0,0,26.57,0,0,0,1,1,1,1,0,1,3,25,30,0,2,10,6,6,1,0
1,0,0,23.62,0,0,0,1,1,1,1,1,0,1,30,30,0,2,10,6,3,1,0
1,1,0,37.11,0,0,0,1,1,1,1,1,0,1,30,30,0,2,10,6,6,1,0
1,0,0,29.53,0,1,0,1,1,1,1,1,0,1,30,30,1,1,12,6,3,1,0
1,0,0,34.33,0,0,0,1,1,1,1,1,0,3,30,1,0,2,6,4,3,1,0
1,1,0,27.44,1,0,0,1,1,1,1,1,0,2,30,30,0,2,10,5,6,1,0
1,0,0,34.44,0,0,0,1,0,1,1,1,1,2,30,30,0,1,10,5,6,1,0
1,0,0,23.63,1,0,0,1,1,0,1,1,0,3,5,30,0,2,6,3,2,1,0
0,0,0,27.44,0,0,0,1,1,1,1,1,0,2,30,3,0,2,13,6,5,1,0
1,0,0,22.0,0,0,0,1,1,1,1,1,0,2,30,30,0,1,10,5,5,1,0
1,0,0,24.39,0,0,0,1,1,1,0,1,0,2,2,30,0,2,12,6,6,1,0
1,0,0,27.44,1,0,1,1,1,1,1,1,0,4,30,30,1,2,3,3,2,1,0
1,0,0,24.41,0,0,0,1,0,1,1,1,0,2,30,1,0,1,5,6,6,1,0
1,0,0,28.48,0,0,0,1,1,1,1,1,0,2,2,30,0,1,10,6,11,1,0
1,0,0,35.43,0,0,0,1,0,1,1,1,0,1,30,30,0,2,6,5,6,1,0
1,1,0,33.13,1,0,0,1,0,1,0,1,0,2,15,30,0,2,10,6,6,1,0
1,1,0,26.54,1,0,0,1,1,1,1,1,0,2,30,30,0,1,10,6,6,1,0
1,1,0,38.65,0,0,0,1,1,1,1,1,0,3,5,3,0,1,2,5,11,1,0
1,0,0,29.1,1,0,0,0,1,1,1,1,0,3,30,15,0,2,10,6,6,1,0
1,1,0,29.35,1,0,0,1,0,1,0,1,0,2,2,30,0,2,10,5,6,1,0
1,0,0,29.29,0,0,0,0,1,1,1,1,0,2,30,30,0,2,13,5,5,1,0
1,0,0,38.35,0,0,0,1,0,1,1,1,0,2,30,30,0,1,10,4,11,1,0
1,1,0,27.44,0,0,0,1,1,1,1,1,0,3,30,30,0,1,5,5,6,1,0
1,1,0,28.41,1,0,0,1,1,1,1,1,0,2,5,30,0,2,10,6,6,1,0
1,0,0,36.61,0,0,0,1,1,1,1,1,0,2,30,30,0,2,10,6,6,1,0
1,0,0,27.44,0,0,0,0,0,0,1,1,0,3,30,30,0,2,4,3,1,1,0
1,0,1,27.46,0,1,0,1,0,1,1,1,0,3,5,6,1,2,10,6,6,1,0
1,1,0,26.61,0,0,0,1,0,0,1,1,0,3,30,30,0,2,6,4,4,1,0
1,1,0,27.44,0,0,0,1,1,1,1,1,0,3,30,30,0,1,5,6,11,1,0
1,1,0,24.41,0,0,0,1,0,1,1,1,0,2,30,1,0,1,10,6,6,1,0
1,0,0,31.79,0,0,0,1,1,1,1,1,0,3,30,30,0,2,6,5,10,1,0
1,0,0,27.44,0,0,0,1,0,0,1,1,0,1,30,30,0,2,14,4,6,1,0
1,0,0,23.75,0,0,0,1,1,0,1,1,0,4,30,30,0,1,10,6,6,1,0
1,0,0,35.78,0,1,0,1,0,1,1,1,1,3,30,2,0,2,3,4,6,1,0
1,1,0,28.13,0,0,0,0,1,1,1,1,0,3,30,30,0,1,6,6,10,1,0
1,0,0,35.57,0,0,0,1,1,1,1,1,1,4,24,12,1,1,2,4,6,1,0
1,1,0,29.12,0,0,0,1,1,1,1,1,0,2,30,2,0,2,10,6,10,1,0
1,0,0,32.28,0,0,0,0,0,0,1,1,0,3,30,30,0,2,5,5,11,1,0
1,0,0,27.44,0,0,0,1,1,1,1,1,0,2,30,2,0,2,10,6,6,1,0
1,1,0,27.44,0,0,0,1,1,1,1,1,0,2,2,5,1,2,10,6,6,1,0
1,0,0,30.54,0,0,0,1,0,1,1,1,1,2,5,1,0,2,4,6,6,1,0
1,0,0,32.28,1,0,0,1,1,1,1,1,0,2,30,30,0,2,10,5,6,1,0
1,0,0,27.46,0,0,0,1,1,1,1,1,0,3,30,30,0,2,11,5,5,1,0
1,0,0,22.85,0,0,0,1,1,1,1,1,0,1,1,30,0,1,10,5,11,1,0
1,0,0,23.02,0,0,0,1,1,1,1,1,0,2,30,30,0,2,10,6,6,1,0
1,0,0,18.47,1,0,0,1,0,1,1,1,0,3,30,5,1,2,14,6,6,1,0
1,0,0,27.44,1,0,0,1,0,0,1,1,1,2,30,30,0,1,3,5,6,1,0
1,0,0,34.27,1,0,0,0,1,1,1,0,0,3,30,30,0,1,3,5,6,1,0
1,1,0,38.22,1,0,0,1,0,1,0,1,0,2,30,30,0,2,6,4,6,1,0
1,1,0,24.21,0,0,0,1,0,1,1,1,0,2,3,30,0,2,10,6,2,1,0
1,0,0,27.44,1,0,0,1,1,1,1,1,0,2,10,30,0,2,10,4,6,1,0
1,0,0,31.01,0,0,0,0,1,1,1,1,0,3,30,30,0,1,1,4,6,1,0
1,0,0,14.47,1,0,0,0,0,1,1,1,1,2,30,5,1,1,10,2,3,1,0
1,0,1,43.24,1,0,0,1,1,1,1,1,0,4,30,30,0,1,4,4,5,1,0
1,0,0,27.46,1,1,0,1,1,1,1,1,0,1,15,30,1,2,5,4,5,1,0
1,0,0,28.25,0,0,0,1,1,1,1,1,0,2,4,2,0,2,6,6,6,1,0
1,1,0,28.89,0,0,0,1,1,1,1,1,0,2,30,30,0,1,10,6,10,1,0
1,0,0,30.41,1,1,0,1,0,1,1,1,0,1,30,30,0,1,13,5,5,1,0
1,0,0,32.89,0,0,0,1,0,1,1,1,0,4,1,2,0,2,1,4,6,1,0
1,1,0,27.44,1,0,0,1,1,1,1,1,0,2,30,30,0,1,4,6,6,1,0
1,1,0,23.38,1,0,0,1,1,1,1,1,0,1,30,30,0,2,12,6,6,1,0
1,0,0,27.44,0,0,0,1,1,1,1,1,0,3,30,30,0,2,10,5,6,1,0
1,0,0,34.44,0,0,0,1,1,1,1,1,0,2,30,30,0,1,10,6,6,1,0
1,1,0,28.9,0,0,0,0,1,1,1,1,0,1,30,30,0,2,1,4,3,1,0
1,1,0,21.77,1,0,1,1,1,1,1,1,0,2,30,30,0,2,12,6,6,1,0
1,0,0,28.35,0,0,0,1,0,1,1,1,0,2,30,30,0,1,3,6,6,1,0
1,0,0,25.18,0,0,0,1,0,1,1,1,0,2,4,30,0,2,3,6,6,1,0
1,0,1,27.44,0,1,1,1,1,1,1,1,1,1,30,30,0,2,3,3,6,1,0
1,0,0,40.83,0,0,0,1,0,0,1,1,0,1,30,2,0,1,6,4,6,1,0
1,0,0,27.98,0,0,0,1,1,1,1,0,1,3,30,2,0,1,6,4,6,1,0
1,0,0,35.15,0,0,0,1,1,1,1,1,0,2,30,30,0,2,11,6,6,1,0
1,0,0,29.26,0,0,0,1,1,1,1,1,0,3,30,30,0,2,12,6,6,1,0
1,0,0,29.01,0,0,0,1,1,1,1,1,0,2,30,30,0,2,13,5,2,1,0
1,0,0,31.96,0,0,0,1,1,1,1,1,1,3,3,30,0,2,5,4,6,1,0
1,0,0,30.0,0,0,0,1,1,0,1,1,0,2,30,30,0,2,11,5,6,1,0
1,0,0,32.92,0,0,0,1,1,1,1,1,0,2,30,2,0,2,10,5,6,1,0
1,1,0,26.37,0,0,0,1,1,1,1,1,0,4,30,30,0,2,6,6,6,1,0
1,1,0,21.14,1,0,0,1,1,1,1,1,0,3,4,4,0,2,10,6,6,1,0
1,0,0,23.4,0,0,0,0,1,1,1,1,1,3,30,30,0,2,10,3,5,1,0
1,0,0,33.45,1,0,0,1,0,1,1,1,0,2,30,30,1,1,10,6,6,1,0
1,0,0,24.8,0,0,0,1,1,1,1,1,0,3,30,5,1,2,10,5,6,1,0
0,0,1,24.69,0,0,0,1,0,1,1,1,0,2,30,30,0,2,6,4,6,1,0
1,1,0,29.29,0,0,0,1,0,0,1,1,1,1,30,30,0,1,5,4,6,1,0
1,0,0,27.44,0,0,0,1,1,1,1,1,0,3,20,15,0,1,10,6,6,1,0
1,1,0,24.97,1,0,0,1,1,1,1,1,0,2,30,30,0,1,11,5,6,1,0
1,0,0,27.46,1,0,0,1,1,1,1,1,0,2,30,30,0,2,11,6,6,1,0
1,0,0,25.34,0,0,0,1,0,1,1,1,0,2,30,30,0,2,12,6,6,1,0
1,0,0,27.81,1,0,0,1,1,1,1,1,0,3,2,30,0,2,13,5,5,1,0
1,1,0,28.59,0,0,0,1,1,1,1,1,0,1,30,30,0,1,10,6,6,1,0
1,0,0,23.44,0,0,0,1,1,1,1,1,1,2,30,30,1,2,10,4,2,1,0
1,0,0,27.44,0,0,0,0,1,1,1,1,0,2,30,30,0,2,13,6,6,1,0
1,1,0,25.08,0,0,0,1,0,0,1,1,0,2,30,30,0,1,10,6,6,1,0
1,0,0,34.33,0,0,0,1,1,1,1,1,0,2,30,1,0,1,10,5,6,1,0
1,0,0,23.49,0,0,0,1,0,1,1,1,0,2,10,15,0,2,1,5,5,1,0
1,0,0,27.44,1,0,1,0,1,1,1,1,0,4,21,30,0,2,3,5,5,1,0
1,0,0,32.61,0,0,0,1,1,0,1,1,0,1,30,30,0,2,6,6,6,1,0
1,0,0,35.24,0,0,0,1,1,1,1,1,0,3,30,30,0,2,6,5,6,1,0
1,0,0,28.89,0,0,0,1,0,1,1,1,0,2,30,30,0,1,10,5,3,1,0
0,0,0,31.32,1,0,0,1,1,1,1,1,1,4,30,30,0,2,5,5,4,1,0
1,0,0,46.81,1,0,0,1,1,1,1,1,0,2,30,1,0,2,6,6,6,1,0
1,1,0,25.69,0,0,0,0,1,1,1,1,0,3,30,30,0,1,5,6,5,1,0
1,1,0,24.03,0,0,0,1,1,1,1,1,0,2,30,30,0,2,11,4,6,1,0
1,1,0,27.44,0,0,0,1,1,1,1,1,0,2,30,30,0,2,10,6,6,1,0
1,0,0,30.67,0,0,0,1,0,1,1,1,0,2,1,3,1,2,11,5,6,1,0
1,0,1,28.28,0,1,0,1,1,1,1,1,0,3,2,30,1,2,10,4,4,1,0
1,0,0,31.74,0,0,0,1,1,1,1,1,0,2,30,5,0,2,10,6,6,1,0
1,0,0,34.3,1,0,0,1,0,1,1,1,0,4,30,30,1,1,3,5,6,1,0
1,0,0,29.76,1,0,0,1,1,1,1,1,0,1,30,30,0,2,3,5,6,1,0
1,0,0,26.63,0,0,0,1,1,0,1,1,0,3,30,30,0,2,10,5,6,1,0
1,0,0,23.73,0,0,0,1,1,1,1,1,0,4,30,30,0,1,10,6,6,1,0
1,0,0,42.51,0,0,0,1,1,1,1,1,0,2,4,30,0,2,5,6,10,1,0
1,0,0,27.44,0,0,0,1,1,1,1,1,0,2,30,30,0,2,14,5,6,1,0
1,0,0,27.44,0,0,0,1,1,1,1,0,1,4,30,30,0,1,5,4,6,1,0
1,1,0,29.68,0,0,0,1,1,0,1,1,0,1,30,30,0,1,10,5,6,1,0
1,0,0,29.26,1,0,0,0,1,1,1,1,0,3,30,30,0,2,10,5,5,1,0
1,0,0,30.3,0,0,0,1,1,1,1,1,0,2,30,30,0,2,10,5,6,1,0
1,0,1,26.17,0,0,0,1,1,1,1,1,0,3,30,30,0,2,6,4,1,1,0
1,0,0,42.34,0,0,0,1,1,1,1,1,0,4,5,2,0,2,2,5,6,1,0
1,1,0,27.44,0,0,0,0,1,1,1,1,0,3,30,30,0,1,6,6,6,1,0
1,0,0,23.96,0,0,0,0,0,0,1,1,0,3,30,30,0,2,11,6,6,1,0
1,1,0,28.59,1,0,0,1,1,1,1,1,0,1,30,30,0,1,6,4,6,1,0
1,0,0,30.3,1,0,0,0,0,1,1,1,0,2,1,4,1,2,10,2,6,1,0
1,0,0,28.19,1,0,0,1,0,1,1,0,1,3,30,30,0,1,10,5,2,1,0
1,0,0,31.09,0,0,0,1,1,0,1,1,0,3,30,30,0,2,11,6,6,1,0
1,0,1,39.16,1,0,0,1,1,1,1,1,0,5,28,15,0,2,1,4,6,1,0
1,0,0,28.48,1,0,0,1,1,1,0,1,0,2,30,6,0,1,10,3,6,1,0
1,0,0,29.84,0,0,0,1,1,0,1,1,0,2,2,30,0,1,4,6,6,1,0
1,0,0,23.17,1,0,0,1,1,0,1,1,0,3,30,30,0,2,12,4,6,1,0
1,1,0,27.44,0,0,0,1,1,1,1,1,0,4,30,2,0,2,5,6,5,1,0
1,0,0,28.84,0,0,0,1,1,1,1,1,0,2,30,30,0,2,10,6,5,1,0
1,0,1,28.72,0,0,0,1,1,1,1,1,0,4,20,20,0,2,12,6,4,1,0
1,1,0,38.66,1,0,0,1,1,1,1,1,0,2,30,30,0,2,6,4,6,1,0
1,0,0,40.35,1,0,0,0,0,1,1,1,0,1,30,30,0,2,10,5,5,1,0
1,0,0,37.97,1,0,0,0,0,0,1,1,0,3,20,30,0,1,2,4,2,1,0
1,0,1,27.44,1,0,0,1,1,1,1,1,0,4,30,25,1,2,3,5,1,1,0
1,1,0,22.71,1,0,0,1,1,1,1,1,0,1,30,30,0,1,11,6,6,1,0
1,1,0,21.29,0,0,0,1,0,1,1,1,0,2,30,30,0,1,10,6,6,1,0
1,0,0,27.44,0,0,0,0,1,1,1,1,0,3,30,2,0,2,10,5,6,1,0
1,0,0,20.19,0,1,0,1,1,1,1,1,0,2,5,30,0,2,13,5,6,1,0
1,0,0,27.44,0,0,0,1,0,1,1,1,0,2,30,30,0,1,10,2,6,1,0
1,0,0,25.82,0,0,0,1,0,1,1,1,0,2,30,30,0,2,10,6,6,1,0
1,0,0,26.36,1,0,0,1,1,1,1,1,0,2,30,30,0,1,11,5,6,1,0
1,0,0,27.44,0,0,0,0,1,1,1,1,0,2,30,30,0,2,13,6,6,1,0
1,1,0,27.44,0,0,0,1,0,0,1,1,0,3,30,30,0,1,6,6,6,1,0
1,1,0,31.01,0,0,0,1,1,0,1,1,0,3,30,30,0,2,6,5,6,1,0
1,0,0,27.44,1,0,0,1,1,1,1,1,0,3,10,30,0,2,10,6,6,1,0
1,0,0,27.44,0,0,0,1,1,1,1,1,0,1,30,30,0,1,11,6,6,1,0
1,0,0,27.44,0,0,0,1,1,1,1,1,0,3,30,30,0,2,10,4,6,1,0
1,0,0,30.08,1,0,0,0,1,1,1,1,0,2,10,30,0,2,13,5,6,1,0
1,0,0,32.28,1,0,0,0,1,1,1,1,1,4,30,30,0,2,5,5,5,1,0
1,0,0,32.96,0,0,0,1,1,1,1,1,0,3,30,10,0,2,10,6,6,1,0
1,0,0,28.41,0,0,0,1,1,0,1,1,0,3,30,30,0,1,10,5,6,1,0
1,0,0,21.52,1,0,0,1,0,1,1,1,0,3,30,30,0,2,11,4,1,1,0
1,0,0,31.33,0,0,0,1,0,0,1,1,0,2,5,30,0,1,5,5,6,1,0
1,0,0,24.41,0,0,0,1,0,1,1,1,0,3,30,30,0,1,10,4,6,1,0
1,0,0,27.44,0,0,0,0,1,1,1,1,0,3,30,15,0,2,10,3,6,1,0
1,0,0,32.84,1,0,0,1,1,1,1,1,1,4,4,21,0,2,6,4,6,1,0
1,0,0,23.75,1,0,0,1,1,1,1,1,0,2,30,30,0,1,10,6,6,1,0
1,1,0,24.41,1,0,0,1,1,1,1,1,0,2,30,2,0,1,10,6,6,1,0
1,0,0,27.44,0,0,0,0,1,1,1,1,0,2,30,30,0,2,10,4,6,1,0
1,0,0,16.46,0,0,0,0,1,1,1,1,0,1,30,30,0,2,12,3,4,1,0
1,1,0,19.05,0,0,0,1,0,0,1,0,0,3,30,30,0,1,10,5,6,1,0
1,0,0,26.26,0,0,0,0,0,1,1,1,1,3,30,3,0,2,6,6,6,1,0
1,0,0,29.03,0,0,0,1,1,1,1,1,0,2,1,3,0,1,10,6,6,1,0
1,1,0,22.14,0,0,0,1,1,1,1,1,0,3,30,30,0,2,10,5,6,1,0
1,1,0,25.09,0,0,0,1,1,1,1,1,0,1,2,10,0,1,11,5,6,1,0
1,0,0,23.86,1,0,0,0,0,1,1,1,0,3,30,30,0,2,10,6,6,1,0
1,0,0,28.89,1,0,0,1,1,1,0,1,0,2,30,30,0,1,10,6,6,1,0
1,0,0,27.44,0,0,0,1,1,1,1,1,1,4,30,15,0,2,4,4,6,1,0
1,0,0,23.3,0,0,0,0,1,1,1,1,0,3,30,30,0,2,11,6,6,1,0
1,1,0,22.31,0,0,0,1,1,1,1,1,0,3,5,2,0,1,6,6,6,1,0
0,1,0,27.46,1,0,0,1,1,1,1,1,0,3,3,30,0,2,6,5,6,1,0
1,1,0,25.1,0,0,0,0,1,0,1,1,0,4,30,30,0,2,1,3,6,1,0
1,0,0,23.57,1,0,0,1,1,1,1,1,0,2,30,30,0,1,10,6,6,1,0
1,0,0,22.83,1,0,0,1,0,1,0,1,0,1,30,1,0,2,11,6,6,1,0
1,0,0,30.18,0,0,0,0,1,1,1,1,0,2,2,30,0,2,13,6,6,1,0
1,0,0,15.46,0,1,0,0,0,1,1,1,0,3,30,1,0,1,12,5,10,1,0
1,0,0,23.3,0,0,0,1,1,1,1,1,0,2,30,30,0,2,10,4,6,1,0
1,1,0,41.05,0,0,0,1,1,1,1,1,0,2,3,30,0,1,3,5,6,1,0
1,0,0,27.73,0,0,0,1,0,0,1,1,0,2,30,30,0,2,10,6,6,1,0
1,0,0,28.25,1,0,0,1,1,0,1,1,0,1,30,30,1,1,4,5,2,1,0
1,0,0,24.41,0,0,0,1,1,1,1,1,0,3,5,30,0,1,10,5,6,1,0
1,0,0,27.44,0,0,0,1,1,1,1,1,0,2,30,30,0,2,3,3,6,1,0
1,0,0,25.79,0,0,0,1,1,1,1,1,0,1,2,30,0,2,11,5,6,1,0
1,0,0,25.61,0,0,0,0,0,0,1,1,0,3,30,30,0,2,11,4,6,1,0
1,1,0,30.41,1,0,0,1,1,1,0,1,1,2,30,30,0,2,10,5,6,1,0
1,0,0,21.93,1,0,0,1,1,1,1,1,0,3,30,4,0,1,6,4,4,1,0
1,1,0,31.18,1,0,0,0,1,1,1,1,0,2,30,30,0,2,6,5,4,1,0
1,0,0,29.66,0,0,0,1,1,1,1,1,0,2,30,30,0,2,10,6,6,1,0
1,0,0,31.32,1,0,0,1,0,1,1,1,0,2,1,1,0,2,10,5,5,1,0
1,0,0,30.68,1,0,0,1,0,1,1,1,0,2,30,30,0,1,12,5,5,1,0
1,0,0,27.44,0,0,0,1,0,0,1,1,0,3,10,30,0,2,10,5,6,1,0
1,0,0,24.28,1,0,0,1,1,1,1,1,0,1,30,30,0,1,10,6,11,1,0
1,0,0,28.62,1,0,0,1,1,1,1,1,0,3,30,5,0,2,12,5,6,1,0
1,0,0,27.44,1,0,0,0,1,1,1,1,0,3,30,30,0,2,10,6,6,1,0
1,0,0,35.62,0,0,0,1,1,0,1,1,0,4,30,15,0,2,4,6,6,1,0
1,1,0,19.94,0,0,0,1,1,1,0,1,0,3,30,30,0,1,12,5,3,1,0
1,1,0,27.44,0,0,0,1,1,1,1,1,0,2,30,30,0,1,10,6,6,1,0
1,0,0,25.53,0,0,0,1,0,1,1,0,0,2,30,30,0,1,1,5,6,1,0
1,0,0,27.92,1,0,0,1,1,1,1,1,0,3,30,30,1,2,11,4,6,1,0
1,0,0,27.44,0,0,0,1,1,1,1,1,0,3,30,30,0,2,4,4,6,1,0
1,0,0,15.83,0,0,0,1,1,1,1,1,0,1,30,30,0,1,10,4,6,1,0
1,0,0,22.76,0,0,0,1,0,1,1,1,1,3,30,30,0,1,6,4,6,1,0
1,1,0,25.02,1,0,0,1,1,1,1,1,0,3,3,1,0,2,10,6,6,1,0
1,1,0,36.94,1,0,0,1,1,1,0,0,1,4,2,30,0,1,4,4,6,1,0
1,1,0,30.81,1,0,0,1,1,1,1,1,0,2,5,30,0,1,5,4,10,1,0
1,0,0,19.75,1,0,0,1,1,1,1,1,0,4,30,20,0,2,5,5,6,1,0
1,1,0,31.42,0,0,0,1,1,1,1,1,0,4,13,30,0,2,4,6,5,1,0
1,1,0,24.8,1,0,0,0,0,0,1,1,0,1,30,30,1,2,10,6,2,1,0
1,0,0,24.13,1,0,0,1,0,0,1,1,0,4,1,10,1,2,6,5,6,1,0
1,0,0,35.9,0,0,0,1,0,1,1,1,0,1,30,30,0,2,3,4,6,1,0
1,0,0,25.8,0,0,0,0,0,0,1,1,0,3,30,6,0,1,10,6,6,1,0
1,1,0,28.29,0,0,0,1,1,1,1,1,0,3,15,30,0,2,2,5,6,1,0
1,1,0,21.7,1,0,0,1,1,0,1,1,0,2,30,10,0,1,11,5,6,1,0
1,0,0,26.85,0,0,0,1,1,1,1,1,0,2,30,30,0,1,11,6,6,1,0
1,0,0,22.15,0,0,0,1,1,1,1,1,0,1,30,30,0,1,10,4,6,1,0
1,1,0,22.31,1,0,0,0,0,0,1,0,1,2,30,30,0,2,6,4,6,1,0
1,0,0,39.13,0,0,0,1,1,1,1,1,0,2,3,30,0,1,1,4,6,1,0
1,0,0,33.28,0,0,0,1,1,1,1,1,0,3,10,30,0,2,10,6,6,1,0
1,1,0,25.63,1,0,0,1,1,1,1,1,0,2,30,30,0,2,10,6,6,1,0
1,0,0,30.38,0,0,0,1,1,0,1,1,0,2,30,30,0,1,10,4,6,1,0
1,1,0,27.44,0,0,0,0,1,1,1,1,0,3,5,30,0,2,6,6,6,1,0
1,1,0,25.73,0,0,0,1,0,1,1,1,0,4,30,30,0,1,1,6,6,1,0
1,0,0,21.25,0,0,0,1,1,1,1,1,0,3,30,30,0,1,10,4,4,1,0
1,0,0,33.96,0,0,0,1,1,1,1,1,0,1,30,30,0,2,10,6,6,1,0
1,1,0,22.15,0,0,0,1,1,0,1,1,0,2,30,30,0,1,10,6,6,1,0
1,0,1,25.85,1,0,0,1,1,1,1,1,0,2,30,30,0,1,11,6,6,1,0
1,0,0,28.19,0,0,0,1,1,1,1,1,0,3,30,30,0,2,6,6,6,1,0
1,1,0,27.46,1,0,0,0,0,0,1,1,0,2,30,30,0,2,3,3,3,1,0
1,0,0,38.53,0,0,0,1,0,0,1,0,0,3,30,3,0,2,6,4,5,1,0
1,0,0,26.58,0,0,0,1,1,1,1,1,0,3,30,30,0,1,10,6,6,1,0
1,0,0,28.31,1,0,0,1,0,1,1,1,0,2,30,30,0,1,4,4,6,1,0
1,0,0,34.22,1,0,0,1,1,1,1,1,0,3,30,30,0,1,6,5,6,1,0
1,1,0,27.44,0,0,0,1,1,1,1,1,0,3,30,30,0,2,6,6,10,1,0
1,0,0,26.63,1,0,0,0,1,1,0,1,0,2,30,30,0,2,10,5,6,1,0
1,0,0,28.34,1,0,0,1,1,1,1,1,0,2,4,30,1,2,13,4,6,1,0
1,0,0,29.99,1,0,0,1,0,1,1,1,0,2,30,30,0,1,10,5,6,1,0
1,0,0,27.44,1,0,0,1,1,1,1,1,0,3,30,30,1,2,11,4,6,1,0
1,0,0,25.79,0,0,0,0,0,0,0,1,0,2,30,30,0,2,10,4,6,1,0
1,0,0,27.44,1,0,0,1,1,1,1,1,0,2,30,30,0,2,14,6,6,1,0
1,1,0,27.44,0,0,0,1,1,1,1,1,0,3,30,30,0,1,5,6,11,1,0
1,0,0,28.48,0,0,0,1,1,1,1,1,0,1,30,30,0,1,10,6,6,1,0
1,0,0,24.41,0,0,0,1,1,1,1,1,0,3,30,4,0,2,10,6,6,1,0
1,0,0,27.44,0,0,0,1,1,1,1,1,0,1,30,30,0,2,10,4,5,1,0
1,1,0,24.96,0,0,0,0,0,1,1,1,0,2,30,30,0,2,10,5,6,1,0
1,0,0,27.41,1,0,0,1,0,0,1,1,0,1,30,30,0,2,10,6,6,1,0
1,0,0,22.31,1,0,0,1,1,1,1,1,0,3,3,30,0,1,11,5,5,1,0
1,1,0,31.09,1,0,0,1,0,1,1,1,0,2,30,30,0,2,10,4,10,1,0
1,0,0,34.75,0,0,0,1,0,1,1,1,0,3,30,30,0,2,3,6,6,1,0
1,1,0,25.39,0,0,0,1,0,1,1,1,0,2,30,30,0,2,10,6,2,1,0
1,0,0,27.41,0,0,0,1,1,1,1,1,0,2,30,30,0,1,10,6,6,1,0
1,0,0,24.39,0,0,0,1,1,1,1,1,0,2,5,30,0,2,1,5,11,1,0
1,0,0,43.05,0,0,0,1,1,1,1,1,0,2,30,2,0,2,6,6,6,1,0
1,1,0,32.5,0,0,0,1,1,1,1,1,0,3,30,30,0,1,6,6,11,1,0
1,0,0,33.47,1,0,0,1,1,1,1,1,0,2,30,30,0,2,11,5,4,1,0
1,1,0,22.15,0,0,0,0,0,1,1,1,0,1,30,30,0,1,10,6,6,1,0
1,1,0,28.59,0,0,0,1,1,1,1,1,0,2,2,30,0,1,10,6,10,1,0
1,0,0,27.44,0,0,0,1,1,1,1,1,0,2,30,30,0,2,10,5,6,1,0
1,0,0,23.8,1,0,0,0,0,0,1,1,0,3,2,2,0,2,13,6,5,1,0
1,0,0,25.83,1,0,0,1,0,1,1,1,0,1,30,30,1,1,11,4,6,1,0
1,0,0,32.32,0,0,0,1,1,1,1,1,0,3,3,30,0,2,6,5,6,1,0
1,1,0,28.35,0,0,0,1,1,1,1,1,0,2,5,30,0,2,10,5,6,1,0
1,1,0,38.62,0,0,0,1,1,1,0,1,0,2,3,3,0,2,10,6,11,1,0
1,0,0,27.44,0,0,0,1,1,1,1,1,0,2,30,30,0,2,14,4,6,1,0
0,1,0,22.81,0,0,0,1,1,1,0,1,0,3,30,2,0,2,10,5,10,1,0
1,0,0,19.37,1,0,0,1,1,1,1,1,0,3,30,30,0,2,11,6,6,1,0
1,0,0,27.44,0,0,1,1,1,1,1,1,1,1,30,21,0,2,10,1,6,1,0
1,1,0,26.63,0,0,0,1,1,1,1,1,0,1,30,30,0,1,10,4,3,1,0
1,0,0,26.46,1,0,0,1,0,1,1,1,0,3,2,30,0,1,6,6,6,1,0
1,0,0,31.46,1,0,0,1,1,1,1,1,0,2,25,30,0,1,4,5,1,1,0
1,0,1,35.95,0,0,0,1,1,1,1,1,1,2,30,1,1,1,10,6,3,1,0
1,1,0,27.84,1,0,0,1,1,1,1,1,0,2,30,30,0,1,10,6,11,1,0
1,0,0,26.07,0,0,0,1,1,1,1,1,0,1,30,1,0,2,10,6,11,1,0
1,0,0,30.68,1,0,0,1,1,1,1,1,0,1,2,30,0,1,10,4,6,1,0
1,0,0,35.43,0,0,0,0,1,1,1,1,0,2,30,30,0,2,10,4,6,1,0
1,0,0,33.28,0,0,0,1,1,1,1,1,0,3,30,30,0,2,10,6,6,1,0
1,1,0,25.09,0,0,0,1,1,1,1,1,0,2,30,30,0,1,10,6,5,1,0
1,1,0,26.94,1,0,0,1,1,1,1,1,0,3,14,28,0,2,10,5,10,1,0
1,0,0,30.41,0,0,0,0,1,1,1,0,0,2,30,30,0,1,13,6,6,1,0
1,0,0,28.62,0,0,0,1,1,1,1,1,0,3,30,30,0,2,10,2,6,1,0
1,0,0,29.84,1,0,0,1,1,1,1,1,0,2,30,30,0,1,12,4,6,1,0
1,1,0,25.0,1,0,0,1,1,0,0,1,0,4,15,15,0,2,10,6,6,1,0
1,0,0,26.15,0,0,0,1,1,1,1,1,0,3,4,30,0,2,10,6,6,1,0
1,1,0,27.44,0,0,0,0,0,0,1,0,1,3,30,30,0,2,4,2,5,1,0
1,0,0,27.12,0,0,0,0,1,1,1,1,0,3,30,30,1,2,10,6,6,1,0
1,0,0,27.44,0,0,0,0,0,0,1,1,0,3,30,30,0,2,2,4,6,1,0
1,1,0,27.89,1,0,0,1,0,1,1,1,0,1,30,30,0,1,11,5,6,1,0
1,0,0,28.29,1,0,0,1,1,1,1,1,0,3,30,15,0,2,10,6,6,1,0
1,0,0,27.34,1,0,0,1,0,1,1,1,0,2,4,1,0,2,10,5,6,1,0
1,0,0,24.13,1,0,0,1,1,1,1,1,0,2,30,30,0,1,10,4,6,1,0
1,1,0,26.52,0,0,0,1,1,1,1,1,0,1,30,30,0,1,10,6,5,1,0
1,0,0,22.43,0,0,0,1,1,1,1,1,0,4,30,30,0,1,6,4,5,1,0
1,1,0,25.68,0,0,0,1,1,1,1,1,0,2,30,30,0,1,10,4,6,1,0
1,0,0,27.44,0,0,1,0,1,1,1,1,0,2,30,30,0,2,10,5,6,1,0
1,0,0,25.82,0,0,0,1,0,1,1,1,0,3,30,30,0,2,13,5,6,1,0
1,1,0,22.96,1,0,0,1,1,1,1,1,0,1,30,30,0,1,11,6,6,1,0
1,0,0,22.31,1,0,0,1,1,1,1,1,0,1,30,30,0,2,13,5,6,1,0
1,0,0,23.63,1,0,0,1,1,1,1,1,0,3,30,30,0,1,6,6,6,1,0
1,0,0,27.44,0,0,0,1,0,1,1,1,0,4,30,5,0,2,2,6,6,1,0
1,0,0,27.44,1,0,0,0,1,1,0,1,0,3,30,30,1,1,10,4,6,1,0
1,0,1,25.75,0,0,0,0,1,1,1,1,0,2,30,30,0,2,10,4,6,1,0
1,1,0,22.15,1,0,0,1,1,1,1,1,0,3,30,30,0,2,10,6,6,1,0
1,1,0,26.57,0,0,0,1,1,1,0,1,0,3,30,1,0,2,10,6,10,1,0
1,0,0,26.94,1,0,1,1,1,1,1,1,0,2,30,30,0,2,11,3,1,1,0
1,0,0,25.09,1,0,0,1,1,1,1,1,0,3,30,30,0,1,12,5,6,1,0
1,0,0,27.44,0,1,0,1,1,1,1,1,0,2,30,30,0,2,10,4,6,1,0
1,0,0,24.96,0,0,0,1,1,1,1,1,0,2,30,30,1,2,10,4,6,1,0
1,1,0,32.92,0,0,0,1,0,1,1,1,0,2,10,30,0,2,10,6,10,1,0
1,0,0,32.89,1,0,0,1,1,1,1,1,0,4,30,5,0,1,5,4,6,1,0
1,1,0,27.44,0,0,0,1,0,1,1,1,0,2,2,30,0,2,5,6,6,1,0
1,0,0,25.92,1,0,0,0,0,1,1,1,0,2,5,30,0,2,10,5,6,1,0
1,0,0,22.31,0,0,0,0,0,1,1,1,0,2,1,30,0,2,11,5,6,1,0
1,0,0,27.34,0,0,0,1,0,1,1,1,0,3,1,30,0,2,10,5,4,1,0
1,0,0,25.11,0,0,0,1,1,1,1,1,0,3,30,30,0,1,10,6,6,1,0
1,0,0,32.95,0,0,0,0,1,1,1,1,1,1,30,30,0,1,10,5,6,1,0
1,0,0,27.26,1,0,0,1,1,1,1,1,1,2,30,30,0,1,12,4,5,1,0
1,0,0,20.18,1,0,0,1,1,1,1,1,0,2,30,30,0,2,11,6,6,1,0
1,0,0,22.34,1,0,0,0,0,1,1,1,0,2,30,30,0,1,10,5,6,1,0
1,0,0,28.06,0,0,0,1,1,1,1,1,0,1,30,30,0,1,11,5,6,1,0
1,1,0,36.04,1,0,0,1,0,0,1,1,0,1,30,30,0,1,5,3,6,1,0
1,1,0,24.82,1,1,0,1,1,1,1,1,0,1,30,30,0,1,10,6,6,1,0
1,0,0,29.95,1,0,0,0,0,1,1,1,0,3,30,30,0,2,10,5,5,1,0
1,1,0,36.58,0,0,0,1,0,1,0,1,0,2,30,30,0,2,10,6,6,1,0
1,1,0,21.3,0,0,0,1,1,1,1,1,0,2,30,30,0,1,12,6,6,1,0
1,1,0,26.43,0,0,0,1,0,1,1,1,0,2,30,30,0,1,10,6,6,1,0
1,1,0,25.1,0,0,0,1,1,1,1,1,0,3,2,30,0,1,6,6,6,1,0
1,1,0,27.4,1,0,0,1,1,1,1,0,1,3,30,30,0,1,6,2,6,1,0
1,0,0,24.41,1,0,0,0,1,1,1,1,0,3,30,30,0,1,12,6,6,1,0
1,1,0,27.44,1,0,0,1,0,1,1,1,0,2,3,30,0,2,10,5,6,1,0
1,1,0,26.15,0,0,0,1,1,1,1,1,0,2,30,2,1,2,10,6,5,1,0
1,0,0,24.89,0,0,0,0,1,1,1,1,1,4,15,30,1,2,6,4,6,1,0
1,1,0,27.44,1,0,0,0,1,1,1,1,0,3,30,30,0,2,4,3,1,1,0
1,0,0,22.68,1,0,0,0,1,1,1,1,0,3,30,30,0,2,13,5,6,1,0
1,0,0,33.12,0,0,0,1,1,1,1,1,0,1,30,30,0,1,5,6,6,1,0
1,0,0,22.96,1,0,0,1,0,1,1,1,0,2,10,30,0,1,11,5,6,1,0
1,0,0,27.44,0,0,0,0,0,1,1,1,0,3,30,30,0,1,6,4,4,1,0
1,1,0,27.06,0,0,0,1,1,1,1,1,0,1,30,30,0,2,10,2,3,1,0
1,1,0,23.63,0,0,0,1,1,1,1,1,0,2,30,30,0,1,12,6,6,1,0
1,1,0,26.12,0,0,0,1,1,1,1,1,0,2,30,30,0,1,10,6,6,1,0
1,0,0,33.91,0,0,0,1,1,1,1,1,0,4,10,30,0,2,6,5,6,1,0
1,0,0,33.0,1,0,0,0,1,1,1,1,0,3,20,30,0,1,6,4,6,1,0
1,1,0,37.59,0,0,0,1,1,0,1,1,0,2,15,30,0,2,5,6,11,1,0
1,0,0,33.64,1,0,0,1,1,1,1,1,0,3,20,1,0,1,5,6,6,1,0
1,1,0,27.46,0,0,0,1,1,0,1,1,0,2,14,30,0,2,6,6,6,1,0
1,1,0,25.7,1,0,0,1,1,1,1,1,0,2,30,30,0,2,12,5,6,1,0
1,0,0,27.05,0,0,0,1,1,1,1,1,0,3,30,30,0,1,10,4,6,1,0
1,0,0,25.85,0,0,0,1,0,1,1,1,0,3,30,30,0,1,10,6,6,1,0
1,0,0,30.54,0,0,0,1,1,1,1,1,0,1,1,30,0,1,1,4,6,1,0
1,0,0,19.97,0,0,0,1,1,1,1,1,0,2,30,30,0,1,13,6,6,1,0
1,0,0,27.89,0,0,0,1,1,1,1,1,0,4,30,1,0,1,2,5,6,1,0
1,0,0,27.41,0,0,0,0,1,1,1,1,0,1,30,30,0,1,12,6,6,1,0
1,0,0,35.31,1,0,0,1,0,1,1,1,0,2,30,30,0,1,10,5,6,1,0
1,0,0,17.42,0,0,0,1,0,1,1,1,0,3,3,3,0,2,10,6,11,1,0
1,1,0,38.27,0,0,0,0,1,1,1,1,0,1,15,3,0,2,4,6,6,1,0
1,1,0,24.21,0,0,0,1,1,1,1,1,0,3,15,30,0,2,10,6,6,1,0
1,0,0,26.09,0,0,0,1,1,1,1,1,0,3,30,30,0,2,10,6,6,1,0
1,0,0,27.44,0,0,0,1,1,1,1,1,0,2,30,30,0,2,11,4,6,1,0
1,0,0,27.44,1,0,0,0,1,1,1,1,0,2,1,30,0,2,10,6,5,1,0
1,0,0,22.86,0,0,0,1,1,1,1,1,0,1,30,30,0,1,10,6,6,1,0
1,0,0,30.47,0,0,0,0,1,1,1,1,0,3,30,30,0,2,10,6,6,1,0
1,0,0,35.43,1,0,0,1,1,1,1,1,0,2,30,30,0,2,10,5,6,1,0
1,1,0,30.27,0,0,0,1,1,1,1,1,0,1,30,30,0,1,10,6,6,1,0
1,1,0,27.63,0,0,0,1,1,1,1,1,0,2,15,30,0,2,10,6,6,1,0
1,0,1,27.82,0,0,0,0,0,0,1,1,0,3,30,30,0,1,11,1,5,1,0
1,0,0,25.94,1,0,0,1,1,1,1,1,0,2,30,30,0,1,13,3,6,1,0
1,0,1,47.83,0,0,0,1,0,1,1,1,0,3,30,30,0,2,2,4,1,1,0
1,1,0,30.79,1,0,0,0,0,1,1,1,0,3,10,5,0,2,6,6,6,1,0
1,0,0,24.89,0,1,0,1,1,1,1,1,0,3,10,30,0,2,6,5,10,1,0
1,1,0,27.44,1,0,0,1,0,1,1,1,0,2,30,30,0,2,10,6,6,1,0
1,0,0,26.83,0,0,0,1,0,1,1,1,0,2,30,30,0,1,11,4,6,1,0
1,0,0,27.44,0,0,0,1,1,1,1,1,0,2,1,2,0,2,11,6,6,1,0
1,1,0,27.44,0,0,0,0,1,1,1,1,1,1,30,30,0,2,5,3,6,1,0
1,1,0,27.32,0,0,0,1,1,1,1,1,0,1,30,30,0,1,10,6,10,1,0
1,0,0,18.02,1,0,0,0,0,1,1,1,0,1,30,2,1,2,13,4,6,1,0
1,0,0,29.08,0,0,0,1,1,1,1,1,0,2,30,30,0,2,13,5,5,1,0
1,0,0,25.75,1,0,0,1,1,1,1,1,0,3,30,1,0,1,11,6,5,1,0
1,1,0,24.8,0,0,0,1,1,1,1,1,0,3,30,30,0,2,10,6,6,1,0
1,0,0,29.95,1,0,0,1,1,1,1,1,0,3,21,21,0,2,10,5,3,1,0
1,1,0,24.28,1,0,0,1,1,1,1,1,0,2,30,30,0,1,10,6,11,1,0
1,0,0,19.26,0,0,0,1,1,1,1,1,0,3,30,30,0,1,13,6,6,1,0
1,0,1,28.9,1,0,0,1,1,1,1,1,0,3,15,30,0,2,10,6,6,1,0
1,0,0,30.11,1,0,0,1,1,1,1,1,0,2,30,30,0,1,12,6,5,1,0
1,1,0,19.64,0,0,0,0,0,1,1,1,0,3,14,30,0,2,10,6,11,1,0
1,1,0,29.68,0,0,0,1,1,1,1,1,0,2,5,30,0,1,10,6,11,1,0
1,0,0,29.05,0,0,0,1,1,1,1,1,0,3,30,30,0,2,11,5,6,1,0
1,0,0,27.44,0,0,0,1,1,1,1,1,0,2,1,2,0,1,10,6,6,1,0
1,0,0,26.61,0,0,0,1,1,1,1,1,0,3,30,30,1,2,10,5,6,1,0
1,0,0,24.56,0,0,0,1,0,1,1,1,0,2,15,30,0,2,10,5,6,1,0
1,1,0,27.44,0,0,0,1,1,1,1,0,0,2,3,3,0,2,10,4,6,1,0
1,0,0,33.45,1,0,0,1,0,1,1,1,0,1,30,30,0,1,10,6,6,1,0
1,0,1,29.53,0,0,0,1,1,1,0,1,1,3,2,30,0,2,10,4,5,1,0
1,0,0,28.48,1,0,0,1,0,0,1,1,0,2,30,30,0,1,10,6,6,1,0
1,0,0,23.71,1,0,0,1,1,1,1,1,0,3,1,30,0,2,4,5,6,1,0
1,1,0,21.79,0,0,0,1,1,1,1,1,0,3,30,30,0,1,6,3,6,1,0
1,0,0,26.61,0,0,0,1,1,1,1,1,0,2,30,30,0,1,12,6,6,1,0
1,1,0,29.29,0,0,0,1,0,1,1,1,0,1,30,30,0,1,10,4,6,1,0
1,1,0,27.44,0,0,0,1,1,1,1,0,0,2,30,30,0,2,10,5,5,1,0
1,0,0,27.26,0,0,0,1,0,1,1,0,0,3,10,30,0,1,1,5,5,1,0
1,0,0,20.54,0,1,0,1,1,1,1,1,0,2,1,30,0,1,13,5,2,1,0
1,1,0,32.76,0,0,0,0,0,1,1,1,0,3,30,10,0,2,4,5,5,1,0
1,0,0,23.23,0,0,0,1,1,1,1,1,0,3,25,30,0,2,11,5,6,1,0
1,0,1,34.61,0,0,0,1,0,1,1,1,0,2,30,30,0,2,11,5,6,1,0
1,0,0,30.13,0,0,0,0,1,1,1,1,0,2,30,30,0,1,11,6,11,1,0
1,0,0,29.53,0,0,0,1,1,1,1,1,0,2,30,30,0,1,12,6,6,1,0
1,0,0,27.44,1,0,0,0,0,1,1,1,0,3,10,30,1,2,10,4,6,1,0
1,1,0,24.21,0,0,0,1,0,1,1,1,0,3,20,25,0,2,10,6,6,1,0
1,0,0,32.42,1,0,0,1,1,1,1,1,0,1,30,30,0,1,10,3,6,1,0
1,0,0,23.13,1,0,0,1,1,1,1,1,0,3,30,30,0,2,12,4,4,1,0
1,0,0,29.95,0,0,0,0,0,1,0,1,0,3,30,2,0,1,10,5,6,1,0
1,1,0,29.23,0,0,0,1,1,1,0,1,1,2,2,2,0,2,10,6,2,1,0
1,0,0,25.34,0,0,0,0,0,1,1,1,0,2,30,30,0,1,11,6,6,1,0
1,0,0,28.52,0,0,0,1,1,1,1,1,0,1,30,30,0,1,12,6,6,1,0
1,0,0,37.5,1,0,0,1,0,1,1,1,0,2,30,30,0,1,10,5,10,1,0
1,0,0,38.74,0,0,0,1,0,0,1,1,0,2,30,30,0,2,10,6,6,1,0
1,0,0,29.05,1,0,0,1,1,1,1,1,0,2,30,5,0,2,11,5,6,1,0
1,0,0,45.73,1,0,0,0,1,1,1,1,0,2,30,20,0,2,3,5,6,1,0
1,1,0,27.44,0,0,0,1,1,1,1,1,0,2,30,30,0,2,10,5,6,1,0
1,1,0,27.79,0,0,0,1,0,1,1,1,0,2,5,30,0,1,10,6,6,1,0
1,0,0,26.79,0,0,0,1,1,1,1,1,0,3,5,2,0,2,11,5,6,1,0
1,1,0,25.77,0,0,0,1,1,1,1,1,0,2,30,30,0,2,11,4,6,1,0
1,0,0,29.18,0,0,0,1,0,1,1,1,0,2,2,30,0,2,10,6,6,1,0
1,0,0,34.57,0,0,0,1,1,1,1,1,0,2,30,1,0,1,10,5,6,1,0
1,1,0,28.89,1,0,0,1,1,1,1,1,0,1,30,30,0,1,10,6,6,1,0
1,1,0,27.44,0,0,0,1,1,1,1,1,0,2,30,2,0,2,10,6,4,1,0
1,0,0,21.79,0,0,0,0,1,1,1,1,0,3,30,4,0,2,6,6,6,1,0
1,1,0,30.9,0,0,0,1,0,1,1,1,0,2,3,30,0,2,10,6,6,1,0
1,1,0,27.81,0,0,0,1,0,1,1,1,0,3,1,2,0,1,4,6,6,1,0
1,0,0,32.32,1,0,0,1,0,1,1,1,0,3,30,30,0,1,4,5,6,1,0
1,1,0,27.99,1,0,0,1,1,1,1,1,0,1,30,10,0,1,10,6,6,1,0
1,0,0,27.44,1,0,0,1,0,1,1,1,1,3,30,30,1,2,10,5,4,1,0
1,1,0,27.44,0,1,0,1,0,1,1,1,0,1,5,30,0,2,12,6,6,1,0
1,1,0,25.61,0,0,0,1,0,1,1,1,0,2,2,30,0,2,10,6,6,1,0
1,0,1,25.8,0,0,0,1,1,1,1,1,1,4,3,3,0,1,10,5,3,1,0
1,1,0,23.89,1,0,0,0,1,1,0,1,0,2,30,30,1,2,13,4,6,1,0
1,0,0,25.73,1,0,0,1,0,1,0,1,0,2,5,30,0,1,10,6,6,1,0
0,0,0,15.11,1,0,0,0,1,1,1,1,0,4,30,30,1,2,10,5,6,1,0
1,0,0,30.68,1,0,0,1,0,1,1,1,0,3,30,30,0,1,10,6,6,1,0
1,1,0,26.61,0,0,0,1,1,1,1,1,0,3,30,3,1,1,6,6,11,1,0
1,1,0,39.53,1,0,0,1,1,1,1,1,0,2,30,30,0,1,6,4,11,1,0
1,0,0,25.84,1,0,0,0,1,0,1,1,0,3,30,30,0,1,10,4,6,1,0
1,0,0,29.23,0,0,0,1,0,0,1,1,0,1,30,30,0,2,10,6,6,1,0
1,1,0,32.01,1,0,0,1,1,1,1,0,0,1,30,30,0,2,2,3,3,1,0
1,1,0,30.71,1,0,0,1,1,1,1,1,0,2,30,30,0,2,10,6,6,1,0
1,0,0,27.44,0,0,0,1,1,1,1,1,0,1,30,30,0,1,4,4,6,1,0
1,0,0,24.41,0,0,0,1,1,1,1,1,0,3,30,30,0,2,11,6,5,1,0
1,0,0,35.53,0,0,0,0,1,0,0,1,0,4,30,30,0,2,4,4,1,1,0
1,0,0,29.95,0,0,0,1,1,1,1,1,0,2,1,30,0,1,11,5,6,1,0
1,0,0,24.56,0,0,0,1,1,1,1,1,0,3,30,30,0,2,12,6,6,1,0
1,1,0,21.74,1,0,0,1,1,1,1,1,0,1,1,30,0,2,11,5,6,1,0
1,1,0,18.13,0,0,0,1,1,1,1,1,0,2,30,25,0,2,13,4,4,1,0
1,0,0,33.23,0,0,0,1,1,1,1,1,0,2,30,30,0,1,10,6,6,1,0
1,0,0,24.01,0,0,0,1,1,1,1,1,0,3,30,3,1,1,11,6,6,1,0
1,0,0,19.94,0,0,0,0,1,1,1,1,0,3,5,2,1,1,10,6,6,1,0
1,0,0,27.44,0,0,0,1,1,1,1,1,0,4,30,30,0,1,4,4,6,1,0
1,1,0,30.68,1,0,0,1,1,1,1,1,0,1,30,30,0,1,6,6,6,1,0
1,0,0,23.05,0,0,0,0,1,1,1,0,0,4,30,30,0,2,10,2,6,1,0
1,0,0,27.44,0,0,0,1,1,1,1,1,0,3,30,30,0,2,12,6,6,1,0
1,0,0,27.44,0,0,0,0,0,0,1,1,0,4,30,30,0,1,4,3,6,1,0
1,0,0,19.01,0,0,0,1,1,1,1,1,0,3,30,30,0,2,10,6,6,1,0
1,0,0,24.69,1,0,0,1,1,1,1,0,1,3,30,30,0,2,10,6,6,1,0
1,1,0,27.44,0,0,0,0,1,0,1,1,0,3,30,30,0,2,6,4,6,1,0
1,1,0,36.49,0,0,0,1,1,1,0,1,0,3,2,30,0,1,3,6,11,1,0
1,0,0,25.5,1,0,0,0,1,1,1,1,0,1,30,30,0,2,10,4,6,1,0
1,0,0,31.96,0,0,0,1,1,0,1,1,0,3,15,1,0,2,10,6,6,1,0
1,0,0,48.66,0,0,0,0,0,1,1,1,0,2,30,30,0,1,2,5,6,1,0
0,0,0,34.75,0,0,0,1,1,1,1,1,0,1,30,30,0,2,2,4,5,1,0
1,1,0,24.41,0,0,0,0,1,1,1,1,0,1,30,30,1,2,13,5,5,1,0
1,0,0,27.39,0,0,0,1,0,1,1,1,0,2,30,30,0,1,11,4,4,1,0
1,1,0,27.98,1,0,0,1,1,1,1,1,0,1,30,30,0,2,11,6,6,1,0
1,0,0,28.98,1,0,0,1,0,1,1,1,0,2,30,30,0,1,10,2,5,1,0
1,1,0,27.44,0,0,0,1,1,0,1,1,0,2,30,30,0,2,10,5,6,1,0
1,1,0,24.96,0,0,0,1,1,1,1,1,0,2,1,30,0,2,10,6,5,1,0
1,0,0,26.45,0,0,0,1,1,1,1,1,0,1,30,30,0,1,4,6,6,1,0
1,0,0,20.36,1,0,0,0,1,1,1,1,0,3,30,30,0,1,10,6,4,1,0
1,0,0,27.44,0,0,1,1,0,1,1,0,0,3,30,30,0,1,10,6,6,1,0
1,1,0,23.13,0,0,0,1,1,1,1,1,0,1,30,30,0,2,13,5,5,1,0
1,1,0,26.16,0,0,0,1,1,1,1,1,0,3,30,30,0,1,5,3,4,1,0
1,1,0,26.17,0,0,0,1,0,1,1,1,0,2,30,30,0,2,10,6,5,1,0
1,0,0,22.6,0,0,0,1,1,1,1,1,0,3,30,30,0,2,13,4,6,1,0
1,1,0,28.7,1,0,0,1,1,1,1,1,0,2,30,30,0,1,10,6,10,1,0
1,0,0,28.34,0,0,0,1,1,1,1,1,0,2,30,30,0,2,13,3,5,1,0
1,0,0,19.94,0,0,0,1,1,1,1,1,0,4,30,3,1,1,10,5,6,1,0
1,0,0,20.8,1,0,0,1,1,1,1,1,0,3,30,30,0,1,5,5,5,1,0
1,1,0,37.66,1,0,0,0,1,1,1,1,0,1,30,30,0,1,3,5,2,1,0
1,0,0,26.0,0,0,0,1,1,1,1,1,1,2,10,30,1,2,3,4,6,1,0
1,0,0,16.04,0,0,0,0,1,1,1,1,0,3,30,2,1,1,12,5,6,1,0
1,0,0,42.12,0,0,0,1,1,1,1,1,0,2,30,2,0,2,4,4,5,1,0
1,0,0,36.39,0,0,0,1,0,0,1,1,1,3,25,3,0,2,3,4,1,1,0
1,1,0,31.09,1,0,0,1,1,1,1,1,1,4,30,30,0,2,1,5,6,1,0
1,0,0,32.55,0,0,0,1,0,1,1,1,0,2,30,2,0,1,10,6,6,1,0
1,1,0,26.97,0,0,0,1,1,1,1,1,0,2,30,30,0,1,10,6,6,1,0
1,0,0,25.1,0,0,0,1,1,1,1,1,0,1,30,30,0,1,5,4,6,1,0
1,0,0,23.41,1,0,0,1,0,0,1,1,0,2,30,30,0,2,13,5,1,1,0
1,0,1,20.47,1,0,0,1,1,1,0,1,0,3,30,30,0,2,10,2,6,1,0
1,0,0,35.62,1,0,0,1,0,1,1,1,0,3,30,30,0,1,4,4,6,1,0
1,0,0,27.81,0,0,0,0,1,1,1,1,0,2,30,17,1,2,10,5,5,1,0
1,1,0,26.63,1,0,0,1,0,1,1,1,0,2,3,5,0,1,11,6,6,1,0
1,0,0,26.58,0,0,0,1,1,1,1,1,0,2,30,30,0,1,12,4,6,1,0
1,0,0,25.07,0,0,0,0,1,1,1,1,0,1,30,30,0,1,13,4,6,1,0
1,0,0,27.26,0,0,0,1,1,1,1,1,0,3,30,30,0,1,10,5,6,1,0
1,0,0,26.63,1,0,0,1,1,1,1,1,0,1,30,30,0,2,11,4,6,1,0
1,1,0,42.18,0,0,0,1,1,0,1,1,0,1,30,30,0,2,2,2,3,1,0
1,0,0,22.86,0,0,0,1,1,1,1,1,0,2,2,30,0,2,11,6,6,1,0
0,0,0,27.44,1,0,0,0,1,1,1,1,0,3,30,5,0,2,10,6,6,1,0
1,0,0,27.44,1,0,0,0,1,1,1,1,0,2,30,30,1,2,2,3,2,1,0
1,0,0,20.55,0,0,0,0,1,1,1,1,0,3,30,30,0,2,1,4,1,1,0
1,1,0,23.3,0,0,0,1,1,1,1,1,0,2,3,30,0,2,10,6,6,1,0
1,0,0,27.44,0,0,0,1,1,1,1,1,0,4,5,5,1,2,5,5,6,1,0
1,1,0,30.29,1,0,0,1,0,1,1,1,0,2,30,30,0,2,10,6,6,1,0
1,0,0,20.12,0,0,0,1,1,1,1,1,0,3,30,30,0,2,11,4,6,1,0
1,0,1,21.7,1,0,0,1,0,0,0,0,1,5,3,30,1,1,10,4,1,1,0
1,0,0,29.23,0,0,0,1,0,1,1,1,0,3,30,16,0,2,10,5,6,1,0
1,0,0,27.44,1,0,0,1,1,1,1,1,0,3,30,30,0,2,10,4,5,1,0
1,0,0,27.12,0,0,0,1,1,1,1,1,0,3,30,30,0,1,10,6,4,1,0
1,0,0,34.11,0,0,0,0,0,1,1,1,1,3,30,30,0,1,5,6,6,1,0
1,1,0,22.96,0,0,0,1,1,1,1,1,0,2,30,30,0,1,11,4,6,1,0
1,0,0,29.65,0,0,0,1,1,1,1,1,0,3,30,30,0,2,6,6,6,1,0
1,0,0,36.67,0,0,0,1,0,1,1,1,0,2,30,30,0,2,4,5,4,1,0
1,1,0,25.75,1,0,0,1,1,1,1,1,0,2,30,30,0,2,10,5,6,1,0
1,0,0,27.44,0,0,0,1,0,0,1,1,0,2,2,4,0,1,10,5,6,1,0
1,0,0,24.39,0,0,0,1,1,1,1,1,0,3,30,5,0,1,2,4,1,1,0
1,0,0,26.29,1,0,0,0,1,0,1,1,0,2,30,30,0,1,12,4,6,1,0
1,0,0,31.65,0,0,1,1,1,1,0,1,1,3,28,30,0,1,1,5,5,1,0
1,0,0,26.43,1,0,0,1,1,1,1,1,0,3,30,30,0,2,10,4,6,1,0
1,0,0,28.32,0,0,0,1,1,1,1,1,0,3,2,30,1,2,11,4,6,1,0
1,1,0,22.6,0,0,0,1,1,1,1,1,0,2,30,30,0,2,11,6,6,1,0
1,0,0,33.91,0,0,0,0,0,1,1,1,0,2,30,30,0,1,10,6,6,1,0
1,1,0,27.34,0,0,0,1,1,1,1,1,0,2,30,30,0,2,12,6,10,1,0
1,0,0,19.11,0,0,0,0,0,1,1,1,0,4,30,30,0,1,10,6,6,1,0
1,0,0,25.1,0,0,0,0,1,1,1,1,0,3,2,30,0,1,5,5,6,1,0
1,0,0,26.63,1,0,0,1,1,1,1,1,0,2,30,30,0,1,12,6,6,1,0
1,0,0,24.03,0,0,0,0,1,0,1,1,0,2,30,30,0,2,10,5,6,1,0
1,1,0,24.9,1,0,0,1,1,1,1,1,0,1,2,30,0,2,11,6,6,1,0
1,0,0,25.82,0,0,0,0,1,1,1,1,0,2,30,30,1,2,10,6,6,1,0
1,0,0,27.26,0,0,0,1,1,1,1,1,0,3,30,30,0,1,6,4,5,1,0
1,1,0,31.46,1,1,0,1,1,1,0,0,0,3,30,30,0,1,4,4,6,1,0
1,0,0,25.1,0,0,0,1,1,1,1,1,0,2,30,30,0,1,14,6,6,1,0
1,0,0,31.57,1,0,0,1,0,1,1,1,0,3,2,30,0,2,6,6,6,1,0
1,1,0,28.32,0,0,0,1,1,1,1,1,0,1,30,30,0,2,13,5,5,1,0
1,0,0,28.7,0,0,0,1,1,1,1,1,0,3,30,30,0,1,10,4,6,1,0
1,0,0,33.64,1,0,0,1,0,1,1,1,0,3,12,3,0,1,2,5,6,1,0
1,0,0,27.44,0,1,0,1,1,1,1,1,0,3,30,30,0,2,10,6,6,1,0
1,0,0,24.94,0,1,0,1,1,1,1,1,0,2,30,30,0,2,12,4,6,1,0
1,0,0,29.76,0,0,0,1,0,1,1,1,0,3,20,2,0,2,1,5,6,1,0
1,0,0,23.83,0,0,0,1,0,0,1,1,0,3,30,30,0,2,10,4,2,1,0
1,0,0,26.63,1,0,0,1,1,1,1,1,0,2,30,30,0,2,10,4,6,1,0
1,0,0,27.46,0,0,0,1,1,1,1,1,0,3,30,30,0,2,13,6,6,1,0
1,1,0,27.44,0,0,0,0,1,1,1,1,0,3,30,30,0,1,1,4,6,1,0
1,1,0,23.75,1,0,0,0,0,1,1,0,0,3,30,2,0,1,2,4,5,1,0
1,0,0,27.44,0,0,0,0,1,1,1,0,1,4,30,30,0,2,6,2,3,1,0
1,1,0,27.44,0,0,0,1,1,1,1,1,0,3,30,30,0,2,3,4,6,1,0
1,0,0,36.64,1,0,0,1,0,1,1,1,0,2,30,30,0,2,10,4,5,1,0
1,0,0,29.16,1,0,0,0,1,1,1,1,0,1,30,30,1,1,13,6,6,1,0
1,1,0,29.95,0,0,0,1,0,1,1,1,0,2,10,30,0,2,3,6,6,1,0
1,0,0,21.4,1,0,0,1,1,1,1,1,0,3,30,30,0,2,13,5,5,1,0
1,0,1,33.2,0,0,0,0,0,1,1,0,0,4,20,10,0,2,2,6,6,1,0
1,0,0,28.06,0,0,0,1,1,1,1,1,0,3,30,30,0,1,6,6,6,1,0
1,0,0,22.96,0,0,0,1,0,1,1,1,0,3,30,30,0,1,10,6,6,1,0
1,0,0,33.23,0,0,0,1,0,0,1,1,0,2,30,30,0,1,3,4,1,1,0
1,0,0,29.26,0,0,0,1,1,1,1,1,0,2,30,30,0,2,13,5,6,1,0
1,1,0,26.47,1,0,0,1,1,1,1,1,0,1,30,30,0,2,10,4,6,1,0
1,0,0,28.12,1,0,0,1,0,1,1,1,0,3,3,3,0,1,10,5,5,1,0
1,0,0,21.62,0,0,0,1,1,1,1,0,1,1,30,30,0,1,3,4,4,1,0
1,0,0,36.49,0,0,0,0,0,1,1,1,0,2,30,2,0,1,3,6,6,1,0
1,1,0,24.94,1,0,0,1,0,0,1,1,0,1,30,30,0,1,10,4,5,1,0
1,0,1,30.52,1,0,0,0,0,0,0,1,0,3,15,30,0,1,10,5,10,1,0
1,0,0,23.04,1,0,0,1,1,1,1,1,0,3,30,30,0,1,13,6,6,1,0
1,0,0,39.54,0,0,0,1,1,1,1,1,0,2,5,30,0,2,3,6,10,1,0
1,1,0,19.85,1,0,0,1,0,1,1,1,0,4,30,5,0,2,5,5,6,1,0
1,0,0,29.26,1,0,0,1,1,1,1,1,0,3,10,30,0,2,12,6,6,1,0
1,1,0,24.41,1,0,0,1,1,1,1,1,0,3,30,30,0,1,4,4,6,1,0
1,0,0,27.44,0,0,0,1,1,1,1,1,0,2,30,30,0,1,11,5,6,1,0
0,0,0,43.05,0,0,0,0,1,1,1,1,0,3,1,1,0,2,5,6,6,1,0
1,0,0,32.49,0,0,0,1,1,0,1,1,0,3,1,1,0,2,10,6,6,1,0
1,0,0,27.44,0,0,0,1,1,1,1,1,0,2,30,30,0,2,14,6,6,1,0
1,0,0,27.44,0,0,0,0,1,1,1,1,0,3,30,30,1,2,5,6,5,1,0
1,1,0,20.34,1,0,0,1,1,1,1,1,0,2,30,30,0,2,11,6,4,1,0
0,1,0,27.44,1,0,0,1,0,1,1,1,1,4,4,30,0,2,4,4,6,1,0
1,0,0,22.6,1,0,0,1,1,1,1,1,0,4,3,30,1,2,2,4,4,1,0
1,0,1,37.12,0,0,0,1,1,1,1,1,0,3,30,1,1,2,10,6,5,1,0
1,0,1,26.47,0,0,0,0,1,0,1,0,0,1,30,30,0,1,5,3,4,1,0
1,1,0,39.14,0,0,0,1,0,1,1,1,0,3,30,10,0,2,3,6,6,1,0
1,1,0,27.44,0,0,0,1,1,1,1,1,1,3,3,30,0,2,2,4,6,1,0
1,1,0,20.67,0,0,0,1,0,1,1,1,1,2,3,30,0,1,4,6,6,1,0
1,0,0,31.66,0,0,0,1,1,1,1,1,0,2,30,30,0,1,2,4,6,1,0
1,0,0,21.26,0,0,0,1,1,1,1,1,0,2,4,30,0,2,2,5,5,1,0
1,0,0,28.89,0,0,0,1,1,1,1,1,0,2,30,30,0,1,4,5,5,1,0
1,0,0,25.82,0,0,0,1,0,1,1,1,0,3,30,30,0,2,11,5,6,1,0
1,1,0,27.44,0,1,0,1,1,1,1,1,0,3,30,6,0,2,3,5,5,1,0
1,0,0,23.91,1,0,0,1,1,1,1,1,0,2,30,30,0,2,13,4,5,1,0
1,0,1,33.96,1,0,0,1,0,1,1,1,0,2,10,30,0,1,12,5,6,1,0
1,0,0,22.89,0,0,0,1,1,1,1,1,0,3,30,30,0,1,10,5,6,1,0
1,1,0,22.31,0,0,0,1,1,1,1,1,0,1,30,2,0,2,10,6,10,1,0
1,0,0,31.0,1,0,0,1,0,1,1,0,1,3,15,1,0,2,10,5,6,1,0
1,0,0,44.29,0,0,0,1,1,1,1,1,0,2,30,30,0,2,4,6,6,1,0
1,0,0,24.39,1,0,0,0,0,1,1,1,0,1,30,30,0,1,10,4,6,1,0
1,0,0,20.54,0,0,0,1,0,1,1,1,0,3,30,14,0,1,10,5,6,1,0
1,0,0,27.12,0,0,0,1,0,1,1,1,0,3,30,30,0,1,10,4,6,1,0
1,0,0,25.36,0,0,0,1,1,1,1,1,0,2,5,10,0,1,10,6,6,1,0
1,0,0,27.44,0,0,0,1,1,1,1,1,0,2,30,14,0,1,10,5,6,1,0
1,0,0,25.51,1,0,0,1,1,1,1,1,0,2,30,30,0,2,10,5,5,1,0
1,1,0,21.26,0,0,0,1,0,1,1,1,0,2,30,30,0,2,11,6,6,1,0
1,0,1,21.52,1,0,0,1,0,0,1,0,0,3,5,30,0,1,3,4,5,1,0
1,1,0,28.41,1,0,0,1,1,1,0,1,0,2,30,1,0,1,6,6,6,1,0
1,0,0,38.62,1,0,0,0,1,1,1,1,0,3,30,30,1,2,6,6,6,1,0
1,1,0,24.33,1,0,0,1,1,1,1,1,0,2,5,2,0,2,10,4,3,1,0
1,1,0,29.05,1,0,0,1,1,1,1,1,0,2,30,30,0,2,10,5,6,1,0
1,1,0,22.71,0,0,0,1,1,1,1,1,0,2,30,30,0,1,10,6,6,1,0
1,0,0,20.78,0,0,0,1,1,1,1,1,1,3,30,30,0,2,6,6,5,1,0
1,0,0,27.44,1,0,0,0,1,0,0,1,0,4,30,30,0,2,10,2,6,1,0
1,0,0,40.24,1,0,0,0,0,1,0,0,1,3,15,30,0,2,3,3,2,1,0
1,0,0,32.28,0,0,0,1,1,1,1,1,0,2,30,30,0,2,6,6,6,1,0
1,1,0,30.18,1,0,0,1,0,1,1,1,0,2,5,2,0,2,10,6,5,1,0
1,1,0,21.93,0,0,0,1,0,1,1,1,0,2,30,30,0,1,11,6,5,1,0
1,1,0,24.02,0,0,0,1,1,1,0,1,0,1,30,30,0,2,10,6,6,1,0
1,0,0,41.6,1,0,0,1,1,1,1,1,0,2,30,30,0,2,10,6,6,1,0
1,0,1,27.6,1,0,0,1,1,1,1,0,0,3,30,30,0,1,3,5,6,1,0
1,0,0,27.44,0,0,0,1,1,1,1,1,0,2,30,30,0,2,10,5,6,1,0
1,0,1,38.54,1,0,0,1,1,1,1,1,0,4,30,30,0,1,4,4,6,1,0
1,0,0,22.5,0,0,0,1,1,1,1,1,0,2,10,30,0,1,6,4,5,1,0
1,0,0,30.13,0,0,0,1,1,1,1,1,0,2,30,30,0,1,11,6,6,1,0
1,1,0,26.63,1,0,0,1,1,1,0,1,0,3,30,30,0,1,10,5,6,1,0
1,0,0,34.87,0,0,0,0,0,1,1,1,0,2,30,30,0,1,10,6,6,1,0
1,0,0,32.77,0,0,0,1,0,1,1,1,0,2,30,30,0,2,1,5,4,1,0
1,1,0,27.44,0,0,0,1,1,1,1,1,0,2,10,30,0,2,10,4,6,1,0
1,0,0,24.69,0,0,0,0,1,1,1,1,0,3,30,5,0,2,11,4,6,1,0
1,0,0,26.58,0,0,0,1,1,1,1,1,0,2,30,30,0,1,11,6,6,1,0
1,0,0,27.44,1,0,0,1,1,1,0,1,0,3,30,14,1,2,10,6,6,1,0
1,1,0,25.82,0,0,0,1,1,1,1,1,0,2,10,2,0,2,10,6,6,1,0
1,1,0,27.44,1,0,0,1,1,1,1,1,0,2,3,30,1,2,10,5,6,1,0
1,1,0,27.44,1,0,0,1,0,1,1,1,0,3,5,30,0,2,6,5,6,1,0
1,1,0,19.97,1,0,0,1,0,1,1,1,0,2,30,30,0,2,13,5,6,1,0
1,1,0,27.44,0,0,0,1,1,1,1,1,0,3,30,30,0,2,5,5,6,1,0
1,1,0,34.98,0,0,0,1,0,1,1,1,0,2,30,30,0,1,3,6,6,1,0
1,0,0,24.41,1,0,0,1,0,1,0,1,0,3,2,1,0,1,5,4,6,1,0
1,1,0,27.44,0,0,0,1,0,1,1,1,0,2,1,2,1,2,10,6,6,1,0
1,0,0,32.54,0,0,0,1,1,1,1,1,0,2,30,4,0,1,11,5,6,1,0
1,0,0,30.41,0,0,0,1,1,1,1,0,0,1,30,30,0,1,10,2,5,1,0
1,1,0,25.83,0,0,0,1,1,1,1,1,0,1,30,30,0,1,10,5,6,1,0
1,1,0,21.93,1,0,0,1,1,0,1,1,0,2,30,30,0,2,13,6,6,1,0
1,0,0,27.26,0,0,0,1,0,1,1,1,0,2,30,30,0,1,10,6,6,1,0
1,0,0,27.44,0,0,0,1,0,0,1,0,1,4,30,4,0,2,3,4,6,1,0
1,0,0,23.03,0,1,0,1,1,1,1,1,0,3,30,30,0,2,10,5,6,1,0
1,1,0,27.44,0,0,0,0,1,1,1,1,0,2,2,30,0,2,10,6,6,1,0
1,0,0,27.26,0,0,0,1,1,1,1,1,0,2,30,30,0,2,10,5,6,1,0
1,0,0,27.34,0,0,0,1,1,0,1,1,0,3,30,30,0,2,6,2,5,1,0
1,0,0,23.92,0,1,0,1,1,1,1,1,0,3,30,30,1,1,10,6,6,1,0
1,0,0,28.32,1,0,0,0,0,1,0,1,0,2,12,30,0,2,10,5,6,1,0
1,0,0,32.92,0,0,0,1,0,1,1,1,0,3,2,30,0,2,10,6,6,1,0
1,0,0,29.41,1,0,0,1,1,1,1,1,0,3,30,2,0,1,5,5,6,1,0
1,1,0,31.89,1,0,0,0,0,1,0,1,0,3,30,30,1,2,6,4,6,1,0
1,0,0,25.54,0,0,0,1,0,1,1,1,0,3,2,30,0,1,4,6,6,1,0
1,0,0,21.95,0,0,0,1,1,1,1,1,0,2,3,30,0,2,12,5,5,1,0
1,0,0,26.63,1,0,0,1,0,0,1,1,0,3,2,14,0,2,10,6,6,1,0
1,0,0,37.11,1,0,0,1,1,1,1,1,0,3,30,30,0,2,6,5,6,1,0
1,0,0,31.57,0,0,0,1,1,1,1,1,0,2,10,30,0,1,2,6,6,1,0
1,0,0,21.43,1,0,0,1,1,1,1,1,0,3,30,1,0,2,11,5,3,1,0
1,0,0,38.74,1,0,0,0,0,1,1,1,0,3,15,30,0,2,2,4,5,1,0
1,0,0,32.61,0,0,0,1,1,1,1,1,0,3,30,30,0,2,10,5,6,1,0
1,0,0,27.44,0,0,0,1,1,1,1,1,0,2,30,30,0,2,11,5,2,1,0
1,0,0,33.79,0,0,0,0,0,0,1,0,0,3,30,30,0,2,6,1,4,1,0
1,0,0,27.37,0,0,0,0,1,1,1,1,0,3,30,30,0,1,10,5,6,1,0
1,0,0,27.44,0,0,0,1,1,1,1,1,0,3,4,4,0,1,10,5,6,1,0
1,1,0,21.41,0,0,0,1,1,1,1,1,0,3,30,5,0,2,10,6,6,1,0
1,1,0,27.44,1,0,0,1,1,1,1,1,0,3,30,10,0,2,3,5,5,1,0
1,0,0,27.12,0,0,0,1,1,1,1,1,0,3,30,4,0,1,10,6,6,1,0
1,0,1,32.08,0,0,0,1,1,1,1,1,0,3,30,30,0,1,10,4,6,1,0
1,0,1,22.6,0,0,0,1,0,1,1,1,1,3,30,30,1,2,14,3,6,1,0
1,0,0,31.57,1,0,0,1,1,1,1,1,0,1,30,1,0,2,11,6,6,1,0
1,1,0,28.35,0,0,0,1,1,1,0,1,1,3,30,30,0,2,10,5,4,1,0
1,1,0,24.8,1,0,0,0,1,1,1,1,0,2,3,30,1,2,11,5,6,1,0
1,1,0,43.85,1,0,0,1,0,1,0,1,0,1,5,30,0,2,4,5,5,1,0
1,0,0,27.89,0,0,0,1,1,1,0,1,0,3,30,30,1,1,10,6,6,1,0
1,0,0,27.22,0,0,0,1,1,1,1,1,0,2,30,30,0,1,13,4,5,1,0
1,0,0,28.55,1,0,0,0,0,1,0,1,0,2,30,30,0,1,10,3,6,1,0
1,0,0,17.49,0,0,0,0,1,1,1,1,0,1,30,30,0,1,1,4,6,1,0
1,1,0,32.61,0,0,0,1,1,1,1,1,0,2,5,30,0,2,10,6,6,1,0
1,0,0,29.85,1,0,0,1,1,0,1,1,0,2,30,30,0,1,11,5,6,1,0
1,1,0,29.26,0,0,0,1,0,1,1,1,0,2,30,30,0,2,10,6,6,1,0
1,0,0,28.04,0,0,0,1,0,1,1,1,0,3,30,30,0,2,10,6,10,1,0
1,0,0,37.44,1,0,0,1,0,1,1,1,1,4,2,12,0,2,5,5,6,1,0
1,1,0,32.28,1,0,0,1,0,1,1,1,0,2,30,30,0,2,5,6,10,1,0
1,0,0,39.16,1,0,0,1,1,1,1,1,0,3,30,30,0,2,6,6,6,1,0
1,0,1,27.44,0,0,0,1,1,1,1,1,0,3,30,30,0,2,10,6,6,1,0
1,0,0,26.12,1,0,0,1,1,1,1,1,0,1,1,30,0,1,4,6,10,1,0
1,0,0,22.67,1,0,0,1,1,1,1,1,1,3,30,30,0,2,11,5,5,1,0
1,1,0,30.67,1,0,0,1,0,1,1,1,0,1,30,30,0,1,10,5,6,1,0
1,0,0,19.74,1,0,0,1,0,1,1,1,0,2,30,30,0,2,3,6,6,1,0
1,1,0,30.67,0,0,0,1,1,1,1,1,0,2,30,30,0,2,10,6,6,1,0
1,0,0,27.44,0,0,0,1,0,1,1,1,1,4,30,4,0,1,2,4,6,1,0
1,1,0,23.17,0,0,0,1,1,1,1,1,0,2,25,30,0,2,11,4,6,1,0
1,1,0,23.67,0,0,0,1,1,1,1,1,0,2,30,1,0,1,10,6,6,1,0
1,0,0,26.61,1,0,0,0,1,0,1,1,0,2,30,30,0,1,10,6,5,1,0
1,0,0,31.32,0,0,0,1,1,1,1,1,0,2,30,30,0,2,10,4,6,1,0
1,0,1,28.7,1,0,0,0,0,1,0,1,0,2,1,30,0,1,3,5,6,1,0
1,1,0,20.98,0,0,0,1,1,1,1,1,0,2,30,30,0,2,10,6,6,1,0
1,0,0,31.18,1,1,0,1,1,1,1,1,0,2,30,30,0,2,10,6,6,1,0
1,1,0,24.28,1,0,0,1,0,1,1,1,0,2,2,2,0,1,10,4,4,1,0
1,0,1,34.21,0,0,0,1,1,1,1,1,0,1,30,30,0,2,3,6,6,1,0
1,1,0,28.98,1,0,0,0,1,1,1,1,0,3,10,30,0,2,5,5,6,1,0
1,0,0,27.44,0,0,0,1,1,1,1,1,0,2,30,5,0,2,10,6,10,1,0
1,1,0,27.44,0,0,0,1,0,0,1,1,0,1,1,30,0,2,10,5,6,1,0
1,0,0,49.38,0,0,0,1,0,1,1,1,1,3,15,2,0,2,1,4,5,1,0
1,1,0,28.34,1,0,0,1,1,1,1,1,0,3,30,30,0,2,4,5,6,1,0
1,0,0,27.44,0,0,0,0,1,1,1,1,0,2,30,30,0,1,4,2,6,1,0
1,1,0,33.45,1,0,0,0,1,1,1,1,0,3,10,30,0,2,4,6,3,1,0
1,0,0,27.44,1,0,0,0,1,0,1,1,0,2,30,30,0,2,10,5,6,1,0
1,0,0,37.25,0,0,0,1,1,1,1,1,0,2,30,30,0,1,5,4,5,1,0
1,0,0,26.45,0,0,0,1,1,1,1,1,0,3,30,30,0,2,5,6,6,1,0
1,0,0,30.67,1,0,0,1,0,1,1,1,0,1,30,2,0,1,2,4,4,1,0
1,1,0,28.65,1,0,0,1,1,1,1,1,0,2,30,6,0,1,10,6,10,1,0
1,0,0,33.45,0,0,0,0,0,1,1,1,0,2,30,30,0,1,10,6,10,1,0
1,1,0,25.09,0,0,0,1,0,1,1,1,0,2,30,30,0,1,11,6,6,1,0
1,0,0,36.88,0,0,0,0,1,1,1,1,0,1,25,28,1,2,10,5,3,1,0
1,0,0,28.29,1,0,0,1,0,1,1,1,0,3,2,30,0,2,5,6,4,1,0
1,1,0,23.23,1,0,0,0,1,1,1,1,1,2,30,10,0,2,10,6,6,1,0
1,0,0,23.49,0,0,0,1,1,1,1,1,0,2,2,30,0,2,10,6,6,1,0
1,0,0,28.7,1,0,0,1,1,1,0,0,1,1,30,30,0,1,10,4,6,1,0
1,0,0,25.79,1,0,0,1,1,1,1,1,0,3,30,30,0,2,11,6,6,1,0
1,1,0,26.63,0,0,0,0,1,0,1,1,1,2,1,30,0,2,10,4,6,1,0
1,0,0,30.92,1,0,0,1,1,1,1,1,0,2,30,30,0,1,12,6,6,1,0
1,0,0,37.41,1,0,0,1,0,1,1,0,1,1,17,30,0,2,3,4,6,1,0
1,1,0,29.99,1,0,0,1,0,0,1,1,0,2,30,30,0,1,6,6,6,1,0
1,0,0,25.69,1,0,0,1,1,1,1,1,0,2,30,30,0,2,13,5,6,1,0
1,1,0,21.73,0,0,0,1,1,0,1,1,0,1,30,30,1,1,6,4,1,1,0
1,0,0,24.8,0,0,0,0,0,1,1,1,0,2,30,30,0,2,11,6,6,1,0
1,1,0,25.4,0,0,0,1,0,0,1,1,0,2,5,30,1,2,10,5,6,1,0
1,1,0,31.0,0,0,0,1,1,1,0,1,0,1,10,30,0,2,10,6,6,1,0
1,1,0,28.7,1,0,0,0,1,1,0,1,0,2,10,30,0,1,6,6,6,1,0
1,0,0,37.49,1,0,0,1,0,1,1,1,0,1,30,30,1,2,6,5,6,1,0
1,0,1,27.44,0,0,0,0,1,1,1,1,0,2,15,30,0,1,12,5,6,1,0
1,0,0,14.17,0,0,1,1,0,1,1,1,0,4,30,30,0,2,5,4,6,1,0
1,1,0,22.71,1,0,0,1,0,0,1,1,0,2,4,5,0,2,12,6,6,1,0
1,0,0,27.63,0,0,0,0,1,1,1,1,0,3,30,30,1,2,10,6,6,1,0
1,0,0,32.67,1,0,0,1,0,1,1,1,0,3,30,30,0,1,5,6,10,1,0
1,0,0,28.34,1,0,0,0,1,1,1,1,0,2,10,3,0,2,4,4,2,1,0
1,1,0,28.7,1,0,0,1,0,1,1,1,0,3,15,10,0,2,3,4,6,1,0
1,0,0,29.29,1,0,0,1,0,1,1,1,0,2,30,30,1,1,11,4,5,1,0
1,0,0,32.55,0,0,0,0,0,1,1,1,0,3,5,2,0,1,5,5,6,1,0
1,0,0,31.93,1,0,0,1,1,1,1,1,0,2,30,30,0,1,10,5,6,1,0
1,1,0,27.6,0,0,0,1,1,1,1,1,0,2,30,30,0,1,10,6,10,1,0
1,0,0,27.44,0,0,0,1,1,1,1,1,0,3,30,30,0,2,10,4,3,1,0
1,1,0,23.18,0,0,0,0,1,1,1,1,0,1,30,1,0,1,13,6,10,1,0
1,0,0,27.44,0,0,0,1,1,1,1,1,0,2,2,30,0,2,10,6,6,1,0
1,0,0,32.77,0,0,0,0,1,1,1,1,0,3,5,30,0,2,10,6,10,1,0
1,0,0,19.27,0,0,0,1,1,1,1,1,0,2,30,30,0,2,5,6,6,1,0
1,1,0,27.44,0,0,0,1,1,1,1,1,1,1,30,1,0,1,4,1,1,1,0
1,0,0,29.87,0,0,0,1,1,1,1,1,0,3,25,30,0,2,10,6,5,1,0
1,0,0,27.44,1,0,0,1,1,1,1,1,0,3,30,5,1,2,12,6,6,1,0
1,0,0,22.66,0,0,0,0,1,1,1,1,0,1,30,30,0,2,11,6,6,1,0
1,1,0,25.09,0,0,0,1,1,1,1,1,0,2,30,30,0,1,11,6,6,1,0
1,1,0,29.53,0,0,0,1,1,1,1,1,0,1,30,30,0,1,11,6,6,1,0
1,0,0,27.44,0,0,0,1,1,1,1,1,0,3,20,30,0,2,1,5,6,1,0
1,0,0,27.44,0,0,0,1,1,1,1,1,0,2,30,30,0,1,10,6,10,1,0
1,0,0,34.7,1,0,0,1,1,1,1,1,0,2,4,30,0,2,10,6,6,1,0
1,0,0,22.96,0,0,0,1,1,1,1,1,0,3,30,30,0,1,10,4,6,1,0
1,0,0,27.26,1,0,0,1,1,1,1,1,0,2,30,30,0,1,10,4,6,1,0
1,1,0,21.29,1,0,0,0,1,1,0,1,0,2,30,10,0,2,6,6,10,1,0
1,1,0,20.12,1,0,0,0,1,1,1,1,0,3,10,30,0,2,6,4,6,1,0
1,0,0,34.44,1,0,0,1,1,1,1,1,0,1,3,30,0,1,6,5,11,1,0
1,0,0,45.42,0,0,0,1,0,0,1,1,0,3,30,30,0,2,3,6,6,1,0
1,0,0,24.03,1,0,0,1,0,0,1,1,0,4,30,30,0,2,10,4,5,1,0
1,0,0,29.86,1,0,0,1,0,1,1,1,0,3,30,30,0,1,10,6,11,1,0
1,0,0,31.32,1,0,0,1,1,1,1,1,0,3,15,30,0,2,10,4,6,1,0
1,0,0,27.44,1,0,0,1,0,0,1,1,0,3,3,30,0,1,10,4,4,1,0
1,0,1,27.44,1,0,0,0,1,1,1,1,1,4,30,5,0,1,10,5,6,1,0
1,1,0,20.37,1,0,0,0,0,1,1,1,0,2,30,30,0,2,10,4,11,1,0
1,1,0,33.45,0,0,0,1,1,1,1,1,0,2,3,1,0,2,3,6,11,1,0
1,0,0,24.8,0,0,0,1,1,1,1,1,0,3,3,10,0,2,6,4,6,1,0
1,0,0,30.67,1,0,0,1,1,0,1,1,0,3,5,30,0,2,5,6,6,1,0
1,0,0,29.29,0,0,0,0,0,1,1,1,0,3,30,30,0,2,10,5,6,1,0
1,0,0,27.12,1,0,0,1,0,0,1,1,0,3,25,30,0,1,10,4,6,1,0
1,1,0,25.13,1,0,0,1,1,1,1,1,0,2,30,30,0,2,11,3,6,1,0
1,0,0,29.53,0,0,0,1,0,0,1,1,0,2,1,30,0,1,10,5,6,1,0
1,1,0,31.32,1,0,0,1,1,1,0,1,0,3,17,5,0,2,10,5,5,1,0
1,1,0,35.25,0,0,0,1,0,0,1,1,0,3,30,30,0,2,4,5,6,1,0
1,0,0,38.01,0,0,0,1,1,1,1,1,0,3,10,1,0,1,6,6,6,1,0
1,1,0,30.41,1,0,0,1,1,1,0,1,0,3,30,30,0,1,10,6,6,1,0
1,0,0,52.12,0,0,0,0,0,1,1,1,0,1,30,30,1,1,3,4,6,1,0
1,0,0,24.51,1,0,0,1,1,1,1,1,0,3,30,30,0,2,6,5,6,1,0
1,0,1,36.02,0,0,0,1,1,1,1,1,1,3,30,30,0,2,3,5,5,1,0
1,0,0,22.42,0,0,0,0,1,1,1,1,0,3,30,30,0,2,11,4,6,1,0
1,0,0,27.89,0,0,0,1,1,0,1,1,0,3,30,30,0,1,10,6,6,1,0
1,0,0,28.71,1,1,0,0,0,0,1,1,0,1,30,30,0,2,10,6,6,1,0
1,0,0,33.67,1,0,0,1,1,1,1,1,0,3,30,30,0,2,6,5,6,1,0
1,0,0,21.94,0,0,0,1,0,1,1,1,0,2,30,30,0,1,10,5,6,1,0
1,0,0,26.61,0,0,0,1,0,0,1,1,0,3,30,3,1,1,6,5,4,1,0
1,0,0,25.84,1,0,0,0,1,1,1,1,0,1,30,30,0,1,5,4,6,1,0
1,0,0,20.8,0,0,0,0,0,1,1,1,0,3,30,30,0,2,13,4,6,1,0
1,1,0,28.19,1,0,0,1,0,1,1,1,0,3,15,15,1,2,6,4,6,1,0
1,0,0,21.8,0,1,0,1,1,1,1,1,0,2,30,30,0,2,10,4,6,1,0
1,0,0,24.45,0,0,0,1,1,1,1,1,0,1,30,30,0,2,4,6,6,1,0
1,0,0,25.83,0,0,0,1,0,1,1,1,0,3,30,30,0,1,10,5,10,1,0
1,0,0,24.03,0,0,0,1,1,1,1,1,0,1,30,30,0,1,3,6,6,1,0
1,1,0,22.6,1,0,0,1,1,1,1,1,0,2,30,30,0,2,10,6,6,1,0
1,0,0,30.67,1,0,0,0,1,1,1,1,0,3,1,30,0,2,10,6,6,1,0
1,0,0,20.6,0,0,0,1,1,1,1,1,0,3,30,30,0,2,3,4,4,1,0
1,0,0,45.19,1,0,0,0,1,1,1,1,0,2,5,30,1,2,6,6,5,1,0
1,0,0,29.26,1,0,0,1,1,1,1,1,0,3,30,30,0,2,10,6,10,1,0
1,0,0,30.11,1,0,0,0,1,1,1,1,0,4,10,20,0,2,6,4,6,1,0
1,0,0,25.69,0,0,0,1,1,1,1,1,0,3,10,5,0,2,12,4,5,1,0
1,0,0,27.44,0,0,0,1,1,1,1,1,0,3,30,2,0,2,10,6,11,1,0
1,1,0,24.03,1,0,0,1,1,1,1,1,0,3,30,30,0,2,10,5,10,1,0
1,0,0,30.24,0,0,0,1,1,1,1,1,0,2,30,30,0,1,11,6,6,1,0
1,0,0,25.85,0,0,0,1,1,1,1,1,0,3,30,30,0,1,10,5,6,1,0
1,0,0,31.19,1,0,0,1,1,1,1,1,0,3,30,30,0,1,10,6,6,1,0
1,0,0,26.45,0,0,0,1,1,1,1,1,0,2,2,30,0,1,11,6,6,1,0
1,0,0,22.67,0,0,0,1,0,1,1,1,1,3,30,30,0,1,10,6,6,1,0
1,0,0,23.3,0,0,0,0,1,1,1,0,0,3,30,30,0,1,10,2,4,1,0
1,1,0,21.26,1,0,0,1,0,1,1,1,0,1,30,30,1,2,10,2,6,1,0
1,1,0,25.39,1,0,0,0,1,1,1,1,0,1,30,30,1,2,13,5,6,1,0
1,0,0,33.44,0,0,0,1,1,1,1,1,0,5,20,30,0,2,4,5,6,1,0
1,0,0,24.39,0,0,0,1,1,1,1,1,0,2,30,30,0,1,10,6,6,1,0
1,1,0,23.71,1,0,0,1,0,1,1,1,0,2,30,30,0,1,10,6,6,1,0
1,0,0,27.44,0,0,0,0,1,1,1,1,0,2,30,30,0,2,11,4,6,1,0
1,1,0,29.53,0,0,0,1,0,1,1,1,0,4,10,15,1,1,1,6,6,1,0
1,0,0,40.19,0,0,0,1,0,1,1,1,0,3,1,30,0,2,5,5,5,1,0
1,1,0,32.28,0,0,0,1,1,1,1,1,0,3,15,30,0,2,4,6,6,1,0
1,0,0,25.7,0,0,0,1,1,1,1,1,0,3,30,30,0,2,6,5,5,1,0
1,1,0,16.31,0,0,0,0,1,1,0,1,0,4,30,30,0,2,10,4,6,1,0
1,1,0,30.45,1,0,0,1,1,1,1,1,0,3,30,15,0,2,6,4,5,1,0
1,1,0,31.87,0,0,0,1,1,1,0,1,0,2,30,30,0,1,4,6,11,1,0
1,0,0,29.23,1,0,0,1,0,1,1,1,0,2,30,30,0,1,10,4,6,1,0
1,0,0,26.52,0,0,0,1,1,1,1,1,1,3,5,30,0,2,11,5,4,1,0
1,0,0,19.2,0,0,0,1,1,1,1,1,0,3,30,30,0,2,13,4,3,1,0
1,0,0,29.23,0,0,0,1,1,1,1,1,0,3,30,30,0,2,5,6,6,1,0
1,1,0,25.09,0,0,0,0,1,1,1,1,0,2,30,30,0,1,3,6,6,1,0
1,0,0,20.18,0,0,0,1,1,1,1,1,0,2,10,30,0,2,4,6,6,1,0
1,0,0,32.19,0,0,0,0,1,0,1,1,0,2,30,30,1,2,10,5,5,1,0
1,0,0,24.41,1,0,0,1,0,0,1,1,0,3,30,30,0,1,5,4,10,1,0
1,0,0,24.24,1,0,0,1,0,1,1,1,0,1,30,3,1,2,10,4,4,1,0
1,0,0,36.05,0,0,0,1,1,1,1,1,0,2,30,30,0,2,10,4,6,1,0
1,0,0,41.56,0,0,0,1,1,1,1,1,0,3,30,30,0,1,3,6,5,1,0
1,1,0,26.58,1,0,0,1,0,0,1,1,1,4,30,30,0,1,4,6,6,1,0
1,0,0,22.67,0,0,0,1,1,1,1,1,0,1,30,30,0,2,10,4,2,1,0
1,1,0,25.1,1,1,1,1,0,1,0,1,0,2,30,30,0,1,11,6,6,1,0
1,0,0,33.67,0,0,0,1,0,0,1,1,0,3,30,1,0,2,6,6,6,1,0
1,0,0,28.93,1,0,0,1,0,1,1,1,0,2,30,2,0,1,11,5,6,1,0
1,0,0,26.45,1,0,0,1,1,1,1,1,0,2,30,14,0,2,11,5,6,1,0
1,0,1,24.83,1,0,0,1,1,1,1,1,0,2,30,30,0,1,11,4,6,1,0
1,0,0,30.41,0,0,0,1,0,1,1,1,0,1,30,30,0,1,11,6,6,1,0
1,0,0,24.27,1,0,0,1,1,1,1,1,0,2,30,30,1,1,13,4,5,1,0
1,0,0,31.47,0,0,0,0,1,1,1,1,0,2,30,30,1,1,10,6,6,1,0
1,0,0,28.32,1,0,0,1,1,1,1,1,0,2,30,30,0,2,12,4,6,1,0
1,1,0,21.95,0,0,0,1,1,1,1,1,0,2,30,30,0,2,12,5,5,1,0
1,0,0,21.93,1,0,0,1,1,1,1,1,0,3,30,30,0,2,5,4,6,1,0
1,0,0,24.39,0,0,0,0,1,1,1,1,0,3,30,30,0,1,12,6,6,1,0
1,0,0,19.97,0,0,0,0,1,0,1,1,0,3,15,30,1,2,13,6,6,1,0
1,1,0,32.69,0,0,0,1,1,1,0,1,0,2,30,30,1,2,11,5,11,1,0
1,0,0,29.41,0,0,1,1,0,1,1,1,0,3,30,30,0,1,10,6,11,1,0
1,1,0,25.79,1,0,0,1,1,1,1,0,1,2,30,2,0,2,10,5,6,1,0
1,1,0,26.3,0,0,0,1,1,1,1,1,0,2,30,3,1,2,10,6,6,1,0
1,0,0,32.28,1,0,0,1,0,1,1,1,1,3,30,30,0,2,6,5,4,1,0
1,0,0,27.44,0,0,0,1,1,1,1,1,0,3,30,30,0,1,10,6,6,1,0
1,1,0,27.44,0,0,0,0,1,1,1,1,0,3,3,30,0,2,4,4,6,1,0
1,0,0,25.8,0,0,0,1,1,1,1,1,0,1,30,30,0,1,10,6,6,1,0
1,0,0,27.44,0,0,0,0,1,1,1,1,0,4,30,30,0,2,5,4,6,1,0
1,0,1,27.44,0,0,0,1,1,1,1,1,0,2,10,30,0,2,10,6,6,1,0
1,0,0,24.33,1,0,0,1,1,1,1,1,0,1,30,30,0,1,10,5,6,1,0
1,1,0,25.37,0,0,0,1,1,0,1,1,0,3,30,5,0,2,10,6,10,1,0
1,1,0,30.27,0,0,0,1,1,1,1,1,0,2,10,30,0,1,6,5,6,1,0
1,0,0,27.44,0,0,0,1,1,1,1,1,0,3,14,30,0,1,4,3,6,1,0
1,0,0,27.41,0,0,0,1,0,1,1,1,0,1,3,4,0,1,13,6,6,1,0
1,1,0,24.8,1,0,0,1,0,0,1,1,0,2,30,3,0,2,10,4,5,1,0
1,0,0,29.53,1,0,0,1,1,1,0,1,0,3,30,1,0,1,11,4,10,1,0
1,1,0,32.85,0,0,0,1,1,0,1,1,0,1,30,30,0,1,3,4,3,1,0
1,0,0,20.37,1,0,0,1,1,1,1,1,0,1,5,30,0,2,10,6,11,1,0
1,0,0,31.9,0,0,0,1,0,1,1,1,0,1,30,30,0,1,12,6,6,1,0
1,0,0,22.24,0,0,0,1,0,1,1,1,0,2,2,1,0,1,4,6,6,1,0
1,0,0,28.66,0,0,0,1,1,0,1,1,0,1,30,30,0,1,12,6,6,1,0
1,0,0,25.23,1,0,0,1,1,1,1,1,1,3,30,30,0,2,12,4,4,1,0
1,0,0,31.62,0,0,0,1,0,1,1,0,0,3,30,30,0,2,4,4,5,1,0
1,0,0,38.52,1,0,0,0,0,0,0,1,0,3,2,30,0,1,5,5,6,1,0
1,0,0,28.32,1,0,0,1,1,1,1,1,0,2,30,4,0,2,10,6,11,1,0
1,1,0,27.26,1,0,0,1,1,1,1,1,0,3,20,2,0,1,4,5,6,1,0
1,1,0,22.68,0,0,0,1,1,0,1,1,0,2,30,30,0,2,10,5,6,1,0
1,0,1,27.46,1,0,1,1,1,1,1,1,0,2,30,2,0,2,11,4,6,1,0
1,0,0,19.46,0,0,0,1,0,1,1,0,0,2,30,30,0,2,10,5,6,1,0
1,1,0,26.63,0,0,0,1,1,1,1,1,0,2,4,10,1,2,10,6,11,1,0
1,1,0,25.61,0,0,0,1,0,1,1,1,0,2,30,2,0,2,11,5,6,1,0
1,0,0,37.12,0,0,0,1,0,1,1,1,0,2,30,30,0,2,10,4,6,1,0
1,1,0,31.01,0,0,0,1,1,1,1,1,0,1,30,30,0,1,10,6,6,1,0
1,0,0,27.26,0,0,0,1,1,1,1,1,0,2,30,30,0,1,11,6,6,1,0
1,0,0,20.6,0,0,0,1,0,1,1,1,0,3,3,2,0,2,10,6,6,1,0
1,1,0,25.69,1,0,0,1,0,1,1,1,0,3,30,30,0,2,10,6,10,1,0
1,1,0,29.18,0,0,0,1,1,1,1,1,0,1,30,30,0,2,10,6,6,1,0
1,1,0,23.49,1,0,0,1,1,1,1,1,0,2,30,30,0,2,10,5,6,1,0
1,0,0,26.61,0,0,0,1,1,1,1,1,0,3,5,3,0,2,10,5,6,1,0
1,0,0,21.86,0,0,0,1,1,1,1,1,0,2,30,30,0,1,11,6,2,1,0
1,0,0,27.44,0,0,0,1,0,1,1,1,0,2,4,30,0,1,4,6,6,1,0
1,0,0,26.63,1,0,0,0,1,1,1,1,0,1,30,30,0,2,10,3,6,1,0
1,0,0,22.46,1,0,0,1,0,1,0,1,0,3,30,30,0,2,4,5,6,1,0
1,0,0,32.55,0,0,0,1,1,1,1,1,0,1,30,30,0,1,10,6,5,1,0
1,1,0,31.25,1,0,0,1,1,1,1,1,0,2,2,30,0,2,6,4,6,1,0
1,0,0,33.0,1,0,0,1,1,1,1,1,0,2,30,30,0,1,10,4,6,1,0
1,0,0,24.45,1,0,0,1,1,1,1,1,0,3,30,30,0,2,12,5,6,1,0
1,1,0,20.6,0,0,0,1,1,1,1,1,0,2,10,30,0,2,12,5,6,1,0
1,1,0,27.44,0,0,0,1,1,1,1,1,0,3,2,5,0,2,6,4,6,1,0
1,1,0,38.26,1,0,0,1,0,0,1,1,0,2,10,30,0,1,4,6,6,1,0
0,0,0,36.94,1,0,0,1,0,0,1,1,0,3,30,30,0,2,2,5,11,1,0
1,0,0,46.2,0,0,0,1,1,1,1,1,0,1,30,30,0,1,5,4,6,1,0
1,0,0,27.8,0,0,0,1,0,0,1,1,0,2,30,2,0,1,10,6,6,1,0
1,1,0,19.2,0,0,0,1,1,1,1,1,0,2,30,30,0,2,10,4,6,1,0
1,0,0,37.2,0,0,0,1,1,1,1,1,0,3,5,2,0,2,1,4,4,1,0
1,1,0,23.78,0,0,0,1,0,0,1,1,0,2,30,30,0,2,12,4,11,1,0
1,0,0,25.85,0,0,0,1,0,0,1,1,0,2,30,30,0,2,12,6,6,1,0
1,0,0,23.78,0,0,0,1,1,1,1,1,0,1,30,30,0,2,13,4,5,1,0
1,0,0,27.46,0,0,0,1,1,1,1,1,0,2,4,30,0,2,10,5,6,1,0
1,1,0,27.37,1,0,0,1,1,1,1,1,0,1,30,30,0,1,11,4,5,1,0
1,0,0,28.25,1,0,0,1,0,1,1,1,0,2,30,30,0,1,10,5,5,1,0
1,0,0,30.72,0,0,0,1,1,1,1,1,0,1,30,30,0,2,4,2,6,1,0
1,1,0,22.6,1,0,0,0,0,0,1,0,0,2,30,30,1,2,10,5,5,1,0
1,0,1,21.8,0,0,0,0,1,1,1,1,0,3,30,30,0,2,13,5,6,1,0
1,0,0,24.37,0,0,0,0,1,1,1,0,1,3,30,6,0,2,6,4,6,1,0
1,0,0,26.54,0,0,0,1,1,1,1,1,0,1,30,30,0,1,13,6,6,1,0
1,0,0,32.6,0,0,0,1,1,1,1,1,0,3,5,30,0,2,4,5,6,1,0
1,1,0,25.11,0,0,0,1,0,1,1,1,1,3,25,4,0,1,3,6,6,1,0
1,1,0,22.81,1,0,0,1,1,1,1,1,0,3,15,30,1,1,4,6,6,1,0
1,1,0,25.42,0,0,0,1,1,1,1,1,0,2,30,30,0,2,10,6,6,1,0
1,0,0,24.89,0,0,0,1,1,1,1,1,0,3,30,30,0,2,13,6,5,1,0
1,0,0,21.97,1,0,0,1,1,0,1,1,0,3,20,30,0,2,10,4,6,1,0
1,0,0,28.89,0,0,0,1,1,0,1,1,0,2,30,30,0,1,10,6,5,1,0
1,0,0,34.46,1,0,0,1,0,1,1,1,0,3,30,30,0,1,5,5,6,1,0
1,0,0,30.85,1,0,0,1,0,1,1,1,0,2,30,30,0,1,11,5,6,1,0
1,0,0,23.73,0,0,0,1,0,0,0,1,0,2,30,30,0,1,10,6,6,1,0
1,1,0,18.3,0,0,0,1,1,1,1,1,0,2,30,30,0,2,13,5,6,1,0
1,1,0,25.7,1,0,0,1,1,1,1,1,0,2,10,30,0,2,10,5,6,1,0
1,0,0,28.37,0,0,0,1,0,1,1,1,0,2,3,30,0,1,5,6,11,1,0
1,1,0,28.28,0,0,0,1,1,1,0,1,0,3,30,10,1,2,10,5,6,1,0
1,0,0,22.81,0,0,0,1,0,1,1,1,0,3,30,30,0,1,13,6,6,1,0
1,0,0,31.62,0,0,0,1,1,1,1,1,0,3,20,30,0,2,1,5,6,1,0
1,1,0,14.08,1,0,0,0,0,1,1,1,0,4,1,3,0,2,11,6,6,1,0
1,0,0,35.0,0,0,0,1,0,1,1,1,0,2,30,30,0,1,10,6,6,1,0
1,0,0,27.22,0,0,0,0,1,1,1,1,0,3,30,30,0,2,10,6,10,1,0
1,0,0,33.09,1,0,0,0,0,1,1,1,0,3,20,3,0,1,6,4,10,1,0
1,0,0,23.44,1,0,0,0,1,1,1,1,0,3,30,30,0,2,13,6,6,1,0
1,0,0,22.31,1,0,0,0,1,1,1,1,0,1,30,30,0,2,10,5,6,1,0
1,1,0,32.74,0,0,0,1,0,1,0,1,0,3,11,30,0,1,10,6,11,1,0
1,1,0,34.21,0,0,0,1,1,1,1,1,0,2,30,30,0,1,5,4,6,1,0
1,1,0,37.59,1,0,0,0,0,1,1,1,0,1,1,10,0,2,4,5,6,1,0
1,0,0,30.41,1,0,0,1,0,1,1,1,0,3,30,30,0,1,5,4,6,1,0
1,1,0,30.61,1,0,0,0,1,1,1,1,0,1,30,30,0,2,10,4,6,1,0
1,0,0,27.44,0,0,0,0,1,1,1,1,0,3,30,30,0,2,10,4,5,1,0
1,0,0,26.63,0,0,0,1,0,1,1,1,0,3,30,30,0,2,12,5,5,1,0
1,0,0,29.53,0,0,0,1,1,1,1,1,0,1,30,30,0,1,10,4,6,1,0
1,1,0,24.39,0,0,0,1,1,1,1,1,0,2,30,3,0,1,10,6,10,1,0
1,1,0,29.53,1,0,0,1,0,1,0,1,0,2,30,30,0,1,10,6,11,1,0
1,0,0,34.62,0,0,0,0,1,0,1,1,0,3,30,30,1,2,2,6,6,1,0
1,0,0,26.34,1,0,0,0,0,1,1,1,0,1,30,30,0,2,13,4,6,1,0
1,0,0,31.85,1,0,0,1,0,1,1,1,0,2,30,30,0,1,11,3,6,1,0
1,0,0,33.99,1,0,0,1,1,1,0,1,1,5,21,30,0,2,3,4,4,1,0
1,1,0,35.87,0,0,0,1,0,1,1,1,0,2,1,2,0,1,5,6,6,1,0
1,0,0,38.44,1,0,0,0,0,0,1,1,1,3,30,21,0,2,4,4,6,1,0
1,0,0,22.43,1,0,0,1,1,1,1,1,0,3,30,30,0,1,13,6,6,1,0
1,0,0,28.34,0,0,0,1,1,1,1,1,0,3,2,30,0,2,2,6,6,1,0
1,0,0,50.22,0,0,0,1,1,1,1,1,0,1,30,30,0,1,5,4,6,1,0
1,1,0,27.44,0,0,0,1,1,1,1,1,0,2,30,30,0,1,10,6,6,1,0
1,0,0,31.64,0,0,0,0,1,1,1,1,0,2,30,30,0,2,6,5,6,1,0
1,0,0,22.5,1,0,0,1,0,0,1,1,0,3,30,30,0,1,10,4,5,1,0
1,1,0,28.29,0,0,0,1,1,1,1,0,0,1,30,30,0,1,10,4,3,1,0
0,0,0,24.56,0,0,0,0,1,1,1,1,0,2,30,30,0,2,12,6,5,1,0
1,0,0,27.92,0,0,0,1,0,1,1,1,0,3,5,30,0,2,10,4,1,1,0
1,1,0,26.79,0,0,0,1,0,1,1,1,0,1,30,30,0,1,12,6,6,1,0
1,0,0,26.58,1,0,0,1,1,1,1,1,0,2,30,30,0,1,10,5,6,1,0
1,0,0,27.44,0,0,0,0,1,1,1,1,0,3,30,1,0,2,11,6,6,1,0
1,1,0,23.01,0,0,0,1,1,1,1,1,0,2,30,30,0,1,10,6,6,1,0
1,1,0,19.75,1,0,0,1,0,1,1,1,0,4,30,5,0,2,3,5,4,1,0
1,0,0,31.01,1,0,0,1,1,1,1,0,0,2,30,30,0,1,10,4,4,1,0
1,0,0,23.62,0,0,0,0,1,1,1,1,0,2,3,30,0,2,10,4,6,1,0
1,1,0,27.92,1,1,0,1,1,1,1,1,0,1,30,30,1,1,5,6,6,1,0
1,0,0,35.44,0,0,1,1,1,1,1,1,0,2,30,30,0,1,10,6,11,1,0
1,0,0,27.44,0,0,0,0,1,1,1,1,0,2,29,3,0,2,10,6,4,1,0
1,0,0,26.63,1,0,0,1,1,1,1,0,0,4,20,2,0,2,6,5,6,1,0
1,0,0,28.12,0,0,0,1,0,1,0,1,0,3,30,3,0,1,6,5,6,1,0
1,0,0,32.31,1,0,0,1,0,1,1,1,0,2,30,14,0,2,12,5,6,1,0
1,0,0,36.31,0,0,0,1,0,0,1,1,0,2,3,30,0,2,6,5,5,1,0
1,0,1,30.68,1,0,0,1,1,1,1,1,0,3,5,5,1,1,10,4,3,1,0
1,0,0,30.79,1,0,0,0,1,1,1,1,0,2,30,30,0,2,6,3,6,1,0
1,0,0,34.46,1,0,0,1,0,0,1,1,0,2,30,30,0,2,10,5,6,1,0
1,0,0,26.78,1,0,0,1,1,0,1,1,0,3,30,5,1,2,10,5,6,1,0
1,0,0,28.59,1,0,0,1,1,1,1,1,0,3,30,30,0,1,10,5,5,1,0
1,0,0,28.06,1,0,0,0,1,1,1,1,0,3,30,30,0,2,10,5,6,1,0
1,1,0,32.44,0,0,0,1,0,1,1,1,1,3,6,2,0,1,1,5,6,1,0
1,0,0,29.05,0,0,0,1,1,1,1,1,0,3,30,30,0,2,11,6,6,1,0
1,1,0,25.07,1,0,0,1,1,1,1,1,0,2,30,30,0,1,11,6,6,1,0
1,1,0,19.37,0,0,0,0,1,1,1,1,0,2,30,30,0,2,13,6,10,1,0
1,1,0,27.44,0,0,0,1,0,0,1,1,1,1,30,30,0,1,5,4,6,1,0
1,0,0,27.44,1,0,0,1,0,1,1,1,0,3,30,30,0,1,11,5,6,1,0
1,0,0,26.54,1,0,0,0,0,1,1,1,0,3,30,30,1,1,5,3,6,1,0
1,0,0,27.44,0,0,0,1,0,1,1,1,0,3,5,2,0,1,5,5,6,1,0
1,1,0,29.53,0,0,0,1,1,1,1,1,0,1,30,30,0,1,12,6,6,1,0
1,0,0,27.44,1,0,0,0,0,1,1,1,0,3,30,30,0,2,10,5,6,1,0
1,0,0,27.44,0,0,0,0,1,1,1,1,0,4,30,3,0,2,5,5,6,1,0
1,0,0,27.37,1,0,0,1,1,1,1,1,0,2,30,30,1,2,10,4,5,1,0
1,1,0,30.11,0,0,0,1,1,1,1,1,0,1,1,3,0,2,3,4,6,1,0
1,0,0,29.85,1,0,0,1,1,1,1,1,0,2,30,30,0,1,11,6,6,1,0
1,0,0,29.26,0,0,0,1,0,1,1,1,0,2,30,3,0,2,10,5,10,1,0
1,0,0,32.89,0,0,0,1,1,1,1,1,0,2,30,3,0,2,10,6,6,1,0
1,0,0,24.55,0,0,0,1,1,0,1,1,0,2,30,30,0,1,11,4,6,1,0
1,1,0,21.41,1,0,0,1,0,1,0,1,0,3,30,30,0,1,10,4,6,1,0
1,0,0,30.3,1,0,0,1,1,1,1,1,0,4,2,5,0,2,5,6,6,1,0
1,0,0,25.06,0,0,0,1,0,1,1,1,0,3,30,30,0,1,11,5,6,1,0
1,1,0,24.83,1,0,0,1,0,1,1,1,0,2,30,1,0,1,10,4,6,1,0
1,0,0,27.98,0,0,0,1,1,1,1,1,0,2,30,30,0,1,10,4,6,1,0
1,1,0,24.68,0,0,0,1,1,1,1,1,0,2,30,30,0,1,10,6,10,1,0
1,0,0,31.32,0,0,0,1,0,1,1,1,0,3,1,2,0,2,11,6,6,1,0
1,0,0,25.69,0,0,0,1,1,1,1,1,0,2,30,25,0,2,10,5,6,1,0
1,0,0,31.63,1,0,0,1,0,1,0,1,0,2,30,30,0,2,10,6,6,1,0
1,0,0,25.75,0,0,0,1,1,1,1,1,0,3,30,30,0,2,4,5,4,1,0
1,1,0,26.09,1,0,0,0,0,1,1,1,0,2,30,30,0,1,5,6,6,1,0
1,1,0,29.7,0,0,0,1,0,1,1,1,0,2,30,30,0,1,10,6,10,1,0
1,0,0,25.85,1,0,0,1,1,1,1,1,0,2,30,2,0,2,4,6,6,1,0
1,0,0,32.93,1,0,0,1,1,1,1,1,0,2,30,30,0,1,10,5,6,1,0
1,0,0,27.93,1,0,0,1,0,1,1,1,0,4,30,1,0,2,5,5,6,1,0
1,0,0,27.44,0,0,0,1,1,1,1,1,0,3,2,30,0,2,11,4,6,1,0
1,0,0,29.63,1,0,0,1,1,1,1,1,0,2,3,1,0,1,11,5,6,1,0
1,0,0,27.93,1,0,1,1,0,1,1,1,0,1,30,30,0,2,10,4,6,1,0
1,1,0,27.44,0,0,0,1,1,1,1,1,0,1,30,30,0,2,10,6,6,1,0
1,0,0,29.09,1,1,0,1,1,1,1,1,1,3,10,30,1,2,6,5,6,1,0
1,0,0,16.28,1,0,0,1,1,1,1,1,0,2,30,30,0,2,13,4,6,1,0
1,0,0,33.64,0,0,0,1,1,1,1,1,0,3,30,30,0,2,10,6,6,1,0
1,0,0,32.98,0,0,0,1,0,1,1,1,0,3,4,2,0,1,2,6,6,1,0
1,0,0,28.13,1,0,1,1,0,1,1,1,0,2,30,30,0,1,10,5,10,1,0
1,0,1,22.31,1,0,0,1,1,1,0,1,1,3,22,6,0,2,4,6,6,1,0
1,0,0,27.44,0,0,1,1,1,1,1,1,0,2,30,30,0,1,10,5,6,1,0
1,0,0,22.6,0,0,0,0,1,1,1,1,0,3,30,28,0,2,13,4,6,1,0
1,1,0,33.25,0,0,0,1,1,1,1,1,0,2,30,30,0,2,4,6,6,1,0
1,0,0,26.54,0,0,0,1,0,1,1,1,0,2,30,30,0,1,12,6,5,1,0
1,0,0,39.94,0,0,0,0,0,0,1,0,1,2,20,30,0,2,6,3,1,1,0
1,0,0,30.43,1,0,0,1,1,1,1,1,0,2,30,30,0,1,13,5,6,1,0
1,0,0,31.66,0,0,0,1,1,1,1,1,1,3,30,30,0,2,2,5,6,1,0
1,0,0,23.3,0,0,0,0,0,1,1,1,1,2,30,30,0,1,2,4,1,1,0
1,0,0,29.41,1,0,0,1,0,0,1,1,0,2,30,30,0,1,3,6,6,1,0
1,0,0,43.27,1,0,0,0,1,1,1,1,0,2,12,30,0,2,6,5,2,1,0
1,0,0,36.59,0,0,0,1,1,1,1,1,0,3,10,2,0,1,5,6,4,1,0
1,0,0,29.95,1,0,0,1,0,0,1,1,0,2,30,30,0,2,12,4,6,1,0
1,0,0,26.63,1,0,0,1,0,1,1,1,0,2,30,30,0,2,11,5,6,1,0
1,0,0,24.2,1,0,0,1,0,0,1,1,0,2,30,30,0,1,11,5,6,1,0
1,0,0,28.25,1,0,0,1,0,0,1,1,0,2,30,2,0,1,10,5,6,1,0
1,0,0,24.33,1,0,0,1,0,0,1,1,0,3,5,30,0,1,10,5,6,1,0
1,0,1,27.37,1,0,1,0,0,1,1,1,0,2,30,30,0,1,13,4,6,1,0
1,0,0,26.82,0,0,0,1,0,0,1,0,0,3,30,30,0,1,10,4,2,1,0
1,0,0,35.26,0,0,0,1,1,1,1,1,0,1,30,30,0,1,10,5,6,1,0
1,1,0,23.91,1,0,0,1,1,0,1,1,0,2,1,30,0,1,11,5,6,1,0
1,0,0,29.7,0,0,0,1,1,1,1,1,0,4,30,3,0,1,6,6,6,1,0
1,0,0,32.22,1,0,0,0,1,1,1,1,1,2,30,30,0,2,10,6,6,1,0
1,0,0,27.44,0,0,0,1,1,1,1,1,0,2,30,30,0,2,12,5,6,1,0
1,0,0,28.29,0,0,0,1,1,1,1,1,0,2,30,30,0,1,13,6,6,1,0
1,0,0,33.3,0,0,0,1,0,0,1,1,0,3,10,2,0,2,1,6,6,1,0
1,0,0,31.48,1,0,0,1,0,1,1,1,0,3,30,30,0,2,10,5,6,1,0
1,0,1,26.25,0,0,0,1,1,1,1,1,0,2,30,30,1,1,2,4,5,1,0
1,1,0,31.32,0,0,0,1,0,1,1,1,0,1,30,30,0,2,11,5,6,1,0
1,0,0,32.1,0,0,0,1,1,1,1,1,0,2,30,30,1,1,10,6,6,1,0
1,0,0,19.77,1,0,0,1,1,1,1,1,0,3,10,30,1,2,10,5,5,1,0
1,0,0,33.91,0,0,0,1,1,1,1,1,0,2,1,2,0,1,3,6,11,1,0
1,1,0,19.05,0,0,0,0,1,1,1,1,0,2,30,30,0,1,13,6,6,1,0
1,0,0,47.19,1,0,0,0,0,0,1,1,0,3,10,30,1,2,2,6,6,1,0
1,0,0,27.44,1,0,0,1,1,1,1,1,0,2,30,30,0,1,13,6,6,1,0
1,1,0,17.23,0,0,0,1,1,1,1,1,0,1,30,30,1,2,11,5,1,1,0
1,0,0,27.44,0,0,0,1,1,1,1,1,0,2,1,30,0,1,14,6,6,1,0
1,0,0,24.56,1,0,0,1,1,1,1,1,0,3,30,30,0,2,12,5,6,1,0
1,0,0,38.27,1,0,0,1,1,1,1,1,0,3,30,30,0,2,1,4,6,1,0
1,0,0,36.25,0,0,1,1,1,1,1,1,0,2,30,30,0,1,10,6,10,1,0
1,0,0,26.09,0,0,0,0,1,1,1,1,0,2,2,2,0,1,13,5,5,1,0
1,0,0,33.45,1,0,0,1,0,1,1,1,0,3,30,30,0,1,10,6,10,1,0
1,0,0,39.48,1,0,0,1,1,0,1,0,0,1,30,30,0,1,10,4,6,1,0
1,0,0,30.54,0,0,0,1,1,1,0,1,0,1,30,30,0,2,5,6,10,1,0
1,1,0,26.78,1,0,0,1,0,1,1,1,0,2,30,4,0,1,10,6,6,1,0
1,1,0,25.06,0,0,0,1,1,1,1,1,0,2,30,30,0,1,11,6,6,1,0
1,0,0,33.89,0,0,0,1,1,1,1,1,0,3,1,1,0,2,10,6,6,1,0
1,0,0,25.09,1,0,0,1,1,1,1,1,0,3,2,30,0,1,5,6,6,1,0
1,1,0,23.11,1,0,0,1,0,1,1,1,0,2,1,30,0,1,11,6,11,1,0
1,0,0,28.34,0,0,0,1,0,1,1,1,0,3,30,3,0,2,10,5,6,1,0
1,0,0,27.44,1,0,0,1,0,1,1,1,0,2,30,30,0,2,10,6,6,1,0
1,1,0,30.34,1,0,0,1,1,1,1,1,0,3,30,30,1,1,5,6,6,1,0
1,0,1,43.01,0,0,0,1,1,1,1,1,0,3,25,4,0,1,2,4,5,1,0
1,0,0,29.53,1,0,0,1,1,1,1,1,0,3,30,30,1,1,4,5,4,1,0
1,0,0,30.23,0,0,0,1,1,0,1,1,0,3,30,30,0,1,5,4,6,1,0
1,0,0,29.03,0,0,0,1,1,1,1,1,0,2,30,1,0,1,14,5,10,1,0
1,0,0,21.11,0,0,0,1,1,1,1,0,0,2,30,30,0,2,2,3,3,1,0
1,1,0,27.44,1,0,0,1,0,1,1,1,0,1,30,30,0,1,12,5,6,1,0
1,1,0,29.8,0,0,0,0,1,1,1,1,0,3,4,10,0,1,5,6,11,1,0
1,0,0,31.57,0,0,0,0,0,0,0,1,0,4,2,30,0,1,6,6,10,1,0
1,0,0,27.41,1,0,0,1,0,1,1,1,0,2,30,30,0,1,12,5,6,1,0
1,0,0,27.44,1,0,0,0,0,0,1,1,0,3,30,30,0,2,6,6,6,1,0
1,0,0,33.28,0,0,0,1,0,1,1,1,0,2,30,30,0,2,11,4,5,1,0
1,0,1,35.36,0,0,0,0,1,1,1,1,0,4,30,30,0,1,1,4,6,1,0
1,1,0,27.44,0,0,0,1,1,1,1,1,0,1,30,30,0,2,14,5,6,1,0
1,0,0,27.12,0,0,0,1,1,1,1,1,0,2,30,30,0,1,12,4,6,1,0
1,0,0,24.03,0,0,0,1,1,1,1,1,0,3,30,30,0,2,13,4,6,1,0
1,0,0,21.63,0,0,0,0,0,1,1,1,0,4,30,16,0,2,3,5,5,1,0
1,0,0,29.35,1,0,0,1,1,1,1,1,0,2,30,30,0,2,10,6,11,1,0
1,0,0,32.69,0,0,0,1,0,1,1,1,0,3,30,30,0,1,6,6,6,1,0
1,0,0,49.38,1,0,0,1,0,0,0,1,0,4,3,30,0,2,2,3,6,1,0
1,0,0,20.53,0,0,0,1,1,1,1,1,0,3,30,30,0,2,13,4,5,1,0
1,0,0,27.44,0,0,0,1,0,1,1,1,0,3,30,30,0,2,10,6,6,1,0
1,0,1,39.58,0,0,0,1,1,1,1,1,0,2,30,2,0,1,10,4,6,1,0
1,0,0,27.81,0,0,0,1,1,1,1,1,0,2,30,10,0,2,11,4,6,1,0
1,0,0,28.06,1,1,0,0,1,1,1,1,0,3,30,30,0,1,6,4,2,1,0
1,0,0,41.35,0,0,0,1,1,1,1,1,0,1,1,30,0,1,4,5,6,1,0
1,0,0,27.37,0,0,0,1,1,1,1,1,0,2,30,30,0,1,12,6,6,1,0
1,0,0,23.67,0,0,0,1,1,1,1,1,0,2,30,30,0,1,11,6,11,1,0
1,1,0,27.44,0,0,0,1,0,0,1,0,1,3,30,30,0,2,2,6,6,1,0
1,0,0,30.04,1,0,0,1,1,0,1,1,0,3,30,30,0,2,10,6,6,1,0
1,0,0,30.11,0,1,0,1,0,1,1,1,0,1,30,30,0,2,10,5,10,1,0
1,1,0,24.39,0,0,0,1,0,1,1,1,0,2,30,30,0,1,11,6,10,1,0
1,1,0,35.43,1,0,0,1,0,0,0,1,0,2,30,30,0,2,10,5,6,1,0
1,0,0,21.12,0,0,0,1,1,1,1,1,0,2,30,30,0,2,10,6,3,1,0
1,0,0,24.41,0,0,0,1,1,1,1,1,0,1,30,30,0,1,13,6,6,1,0
1,1,0,28.19,1,0,0,1,1,0,1,1,0,3,2,30,0,1,4,5,4,1,0
1,0,0,34.7,0,0,0,1,1,1,1,1,0,2,30,30,0,2,11,6,6,1,0
1,0,0,34.21,0,0,0,1,1,1,1,1,0,2,30,30,0,2,10,5,6,1,0
1,0,0,29.23,0,0,0,1,1,1,1,1,0,2,10,30,0,2,3,6,6,1,0
1,0,0,24.89,1,0,0,1,1,1,1,1,0,3,30,30,0,1,10,5,5,1,0
1,0,0,17.58,0,1,1,1,1,1,1,1,0,2,30,30,0,2,13,5,6,1,0
1,0,0,38.25,0,0,0,1,1,1,1,1,0,3,30,30,1,2,4,6,4,1,0
1,0,0,29.76,1,0,0,1,0,1,1,1,0,1,30,30,0,1,10,5,6,1,0
1,0,0,25.4,1,0,0,1,0,1,1,1,0,3,1,2,0,1,10,4,3,1,0
1,0,0,25.94,0,0,0,1,1,1,1,1,0,1,30,2,0,1,10,6,6,1,0
1,0,0,27.46,0,0,0,1,0,1,1,1,0,3,30,30,0,2,11,6,10,1,0
1,1,0,29.23,1,0,0,1,1,0,1,1,0,2,30,30,0,2,10,5,6,1,0
1,0,1,36.6,1,0,0,0,1,0,1,1,0,4,17,10,0,1,1,4,6,1,0
1,1,0,36.61,0,0,0,1,1,1,1,1,0,3,2,4,0,2,5,6,6,1,0
1,1,0,21.77,0,0,0,1,0,0,0,1,0,3,30,30,0,1,10,4,1,1,0
1,0,0,19.94,0,0,0,0,1,1,1,1,0,2,30,30,0,1,11,4,5,1,0
1,0,0,23.91,0,0,0,1,1,1,1,1,0,1,30,30,0,2,10,6,6,1,0
1,1,0,27.4,1,0,0,0,0,1,1,1,0,2,2,30,0,2,4,4,6,1,0
1,0,0,23.91,0,0,0,0,1,1,1,1,0,2,30,30,1,2,12,6,6,1,0
1,1,0,26.92,0,0,0,0,1,1,1,1,1,2,20,1,0,1,5,5,6,1,0
1,0,0,23.01,0,0,0,1,1,1,1,1,0,1,30,30,0,1,10,5,11,1,0
1,0,0,27.8,1,0,0,1,0,1,1,1,0,2,30,1,0,2,11,5,3,1,0
1,0,0,32.28,0,0,0,1,0,1,1,1,0,1,30,5,0,1,10,6,6,1,0
1,0,0,26.63,0,0,0,1,1,1,1,1,0,2,30,30,0,1,11,3,5,1,0
1,0,0,23.01,0,0,0,1,1,0,1,1,0,3,30,30,0,1,10,6,2,1,0
1,0,0,27.44,0,0,0,1,1,0,1,1,0,1,30,30,0,1,1,4,6,1,0
1,0,0,25.24,0,0,0,1,1,1,1,1,0,2,15,30,0,1,4,6,6,1,0
1,1,0,41.4,1,0,0,1,1,1,1,1,0,2,6,30,0,2,1,5,6,1,0
1,0,1,24.8,0,0,0,1,1,0,1,1,0,4,30,30,0,2,1,4,6,1,0
1,0,0,27.44,1,0,0,1,1,1,0,1,0,3,30,30,0,2,14,6,6,1,0
0,0,0,27.44,0,0,0,1,1,1,1,1,0,2,30,30,0,2,10,5,6,1,0
1,0,0,24.03,0,0,0,1,0,0,1,1,0,3,30,30,1,2,11,4,6,1,0
1,0,0,17.97,0,0,0,0,1,1,1,1,0,3,30,30,0,2,13,4,3,1,0
1,0,0,26.63,0,0,0,1,0,1,1,1,0,2,30,1,0,2,11,5,6,1,0
1,1,0,25.69,0,0,0,1,1,1,1,1,0,2,30,1,0,2,10,5,6,1,0
1,0,0,21.02,0,0,0,1,1,1,1,1,0,3,30,28,0,2,10,6,6,1,0
1,0,0,27.89,0,0,0,0,1,1,1,1,0,2,30,30,0,1,10,5,6,1,0
1,1,0,27.44,1,0,0,1,1,1,1,1,0,2,30,30,1,2,10,6,5,1,0
1,0,0,28.82,0,0,0,1,1,1,1,1,0,2,30,30,0,2,10,5,6,1,0
1,0,0,26.58,0,0,0,1,0,1,1,1,0,3,30,2,0,1,10,6,6,1,0
1,0,0,29.41,1,0,0,1,1,1,1,1,0,3,30,30,0,1,10,4,6,1,0
1,0,0,27.12,0,0,0,1,1,1,1,1,0,2,30,30,0,1,11,4,11,1,0
1,0,0,32.1,0,0,0,1,1,1,1,1,0,2,30,30,0,1,11,4,6,1,0
1,0,0,24.39,0,0,0,1,1,0,1,0,1,3,30,30,1,1,1,4,6,1,0
1,0,0,27.44,0,0,0,1,1,1,1,1,0,3,30,30,0,2,12,6,6,1,0
1,1,0,20.34,0,0,0,1,1,1,1,1,0,3,5,2,0,1,6,6,6,1,0
1,0,1,32.28,1,0,0,1,0,1,1,1,0,4,30,30,1,2,10,6,4,1,0
1,0,0,27.44,0,0,0,1,1,1,1,1,1,3,30,30,0,2,6,5,5,1,0
1,1,0,27.44,0,0,0,1,0,1,1,1,1,2,30,5,0,2,4,4,6,1,0
1,0,0,34.44,1,0,1,1,0,1,0,1,0,2,30,30,0,1,10,4,10,1,0
1,0,0,17.72,1,0,0,1,1,1,0,1,0,4,2,30,0,1,11,6,4,1,0
1,0,0,22.66,1,0,0,0,1,1,1,1,0,2,30,30,0,2,12,6,6,1,0
1,0,0,30.72,0,0,0,0,1,1,1,1,0,2,5,30,0,2,10,6,6,1,0
1,0,0,33.67,0,0,0,1,1,1,1,1,0,2,30,30,0,1,10,6,6,1,0
1,0,0,19.75,0,0,0,1,1,1,1,1,0,4,5,30,0,1,1,4,4,1,0
1,1,0,25.23,0,0,0,0,1,1,1,1,0,1,30,30,0,1,12,4,10,1,0
1,0,0,26.15,0,0,0,1,1,1,1,0,0,3,30,30,0,2,6,2,6,1,0
1,0,0,24.69,0,0,0,0,1,1,1,1,0,1,30,1,0,2,10,4,5,1,0
1,0,0,27.4,1,0,0,1,1,1,1,1,0,3,30,30,0,2,10,4,6,1,0
1,0,0,33.23,1,0,0,1,1,0,1,1,0,3,30,30,0,1,5,4,6,1,0
1,1,0,35.95,0,0,0,1,0,0,1,1,0,3,30,30,0,1,3,6,6,1,0
1,1,0,19.46,0,0,0,1,1,1,1,1,0,1,30,30,0,2,11,6,6,1,0
1,1,0,20.53,1,0,0,1,0,1,1,1,0,3,30,3,0,1,5,5,6,1,0
1,0,0,26.57,0,0,0,1,1,1,1,1,0,1,30,30,0,2,10,6,6,1,0
1,1,0,27.44,0,0,0,1,1,1,1,1,0,3,30,20,0,2,5,6,2,1,0
1,1,0,28.13,1,0,0,0,0,1,1,1,0,1,30,30,0,1,12,6,10,1,0
1,0,0,27.44,0,0,0,0,1,1,1,1,0,3,1,4,1,2,10,6,5,1,0
1,0,0,27.44,0,0,0,0,1,1,1,1,0,3,30,10,0,2,10,6,6,1,0
1,0,0,27.44,0,0,0,1,0,1,1,1,0,1,30,30,0,1,10,6,6,1,0
0,0,0,27.44,0,0,0,0,1,1,1,1,1,3,1,30,0,2,5,3,6,1,0
1,0,0,22.73,1,0,0,1,1,1,1,1,0,3,30,30,1,1,12,5,6,1,0
1,0,0,32.1,0,0,0,1,1,1,1,1,0,3,30,2,0,1,6,5,6,1,0
1,0,0,21.95,0,0,0,1,1,1,1,1,0,2,30,30,0,2,11,4,2,1,0
1,0,0,29.29,1,0,0,0,0,1,1,1,0,2,30,10,0,2,11,4,5,1,0
1,0,0,29.29,1,0,0,1,1,1,1,1,0,3,30,30,0,2,10,6,6,1,0
1,1,0,27.26,1,0,0,1,1,1,1,1,0,2,3,1,0,1,10,6,6,1,0
1,0,0,29.95,1,0,0,1,1,1,1,1,0,3,30,30,0,2,10,4,4,1,0
1,0,0,30.54,0,0,0,0,1,1,1,1,0,2,30,30,0,2,11,5,6,1,0
1,1,0,29.84,1,0,0,1,1,1,1,1,0,1,30,30,0,1,10,4,5,1,0
1,1,0,21.64,0,0,0,1,0,1,1,1,0,2,30,30,1,2,13,6,6,1,0
1,0,0,38.97,0,0,0,1,0,1,1,1,0,2,15,30,0,2,3,4,4,1,0
1,0,0,24.89,1,0,0,1,1,1,1,1,0,2,1,30,0,2,10,6,6,1,0
1,1,0,29.29,0,0,0,0,1,1,1,1,0,1,30,30,0,2,10,4,5,1,0
1,0,0,27.44,1,1,0,0,1,1,1,1,0,2,30,14,0,1,10,3,6,1,0
1,0,0,34.67,1,0,0,1,1,1,1,1,0,2,30,30,0,2,10,4,4,1,0
0,0,0,36.58,1,0,0,1,1,1,1,1,0,3,30,30,1,2,6,5,6,1,0
1,0,0,31.57,0,0,0,1,1,1,0,1,0,2,2,1,0,2,10,6,10,1,0
1,0,0,29.29,1,0,0,1,1,1,1,1,0,3,30,30,0,1,10,5,6,1,0
1,1,0,27.5,0,0,0,0,0,1,1,1,0,2,30,30,0,1,10,6,10,1,0
1,0,0,27.44,0,0,0,0,1,1,1,1,0,3,30,30,0,1,10,5,6,1,0
1,0,0,23.3,1,1,0,1,0,1,0,1,0,4,1,2,0,1,11,4,5,1,0
1,0,0,33.91,1,0,0,1,0,1,1,1,0,2,30,30,0,1,10,5,11,1,0
1,0,0,29.44,1,0,0,1,0,0,1,1,0,3,30,30,0,1,10,5,6,1,0
1,0,0,23.78,0,0,0,1,0,1,1,1,0,2,30,30,0,2,10,6,6,1,0
1,0,0,28.34,0,0,0,1,1,1,1,1,0,1,30,30,0,2,12,6,6,1,0
1,0,0,26.79,1,0,0,1,1,0,1,1,0,2,3,30,0,2,10,6,11,1,0
1,1,0,22.66,1,0,0,1,0,1,1,1,0,3,30,30,0,2,11,6,6,1,0
1,1,0,24.3,1,0,0,0,1,1,1,1,0,2,30,3,0,2,10,5,5,1,0
1,1,0,26.63,0,0,0,1,1,1,1,1,0,2,30,30,0,2,12,6,6,1,0
1,0,0,22.86,0,0,0,1,1,0,1,1,0,1,30,30,0,2,13,5,6,1,0
1,0,0,23.91,1,0,0,1,1,1,1,1,0,2,2,30,0,2,14,5,6,1,0
1,1,0,28.35,0,0,0,1,1,1,1,1,0,1,30,30,0,1,1,4,6,1,0
1,0,0,34.7,0,0,0,1,1,1,1,1,0,3,2,30,0,1,5,6,6,1,0
1,0,0,24.96,0,0,0,1,1,1,1,1,0,3,30,30,0,2,10,6,6,1,0
1,0,0,28.13,0,0,0,1,0,0,1,1,0,2,30,30,0,2,10,6,6,1,0
1,1,0,39.58,0,0,0,1,1,1,1,1,0,1,30,30,0,1,4,6,6,1,0
1,0,0,27.44,0,0,0,1,1,1,1,1,0,2,5,30,0,2,13,4,6,1,0
1,0,0,27.98,1,0,0,0,0,0,1,1,0,2,30,30,0,1,10,6,6,1,0
1,0,0,20.6,0,0,0,1,1,1,1,1,0,4,30,30,0,1,11,5,6,1,0
1,0,0,29.76,1,0,0,1,1,1,1,1,0,2,30,30,0,2,10,5,6,1,0
1,0,0,18.01,0,0,0,1,1,1,1,1,0,3,30,30,1,2,6,4,1,1,0
1,0,0,36.92,1,0,0,1,1,1,1,1,0,3,10,30,0,2,6,6,6,1,0
1,1,0,31.01,0,0,0,1,1,1,1,1,0,1,30,2,0,1,3,6,6,1,0
1,0,0,27.44,0,0,0,1,1,1,1,1,0,2,30,30,0,1,10,5,6,1,0
1,1,0,35.26,0,0,0,1,0,0,1,1,1,3,30,30,0,2,2,5,4,1,0
1,0,0,24.41,0,0,0,1,1,1,1,1,0,2,30,30,0,1,6,6,6,1,0
1,1,0,26.63,0,0,0,0,1,1,1,1,0,1,5,30,0,1,4,6,6,1,0
1,0,0,21.25,0,0,0,1,1,1,1,1,0,2,30,2,0,1,10,4,6,1,0
1,1,0,30.67,0,0,0,1,0,1,1,1,0,3,30,30,0,2,2,4,6,1,0
1,0,0,27.98,0,0,0,1,1,1,1,1,0,2,30,5,0,1,13,6,6,1,0
1,0,0,27.46,0,0,0,1,1,1,1,1,0,2,3,30,0,2,4,6,6,1,0
1,0,0,27.26,0,0,0,1,1,0,1,1,0,3,30,30,1,1,10,6,6,1,0
1,0,0,24.75,0,0,0,1,1,1,1,1,0,2,30,30,0,1,10,5,10,1,0
1,1,0,26.58,1,0,0,1,1,1,1,1,0,3,1,1,0,1,6,6,6,1,0
1,1,0,32.69,1,0,0,1,1,1,1,1,1,3,14,14,0,2,5,6,6,1,0
1,0,0,23.18,0,0,0,1,1,1,1,1,0,2,30,2,0,1,12,4,6,1,0
1,0,0,25.75,0,0,0,1,0,0,1,1,0,3,30,30,0,2,11,4,5,1,0
1,1,0,33.23,0,0,0,1,0,1,1,1,0,2,20,4,0,1,2,5,4,1,0
1,0,0,24.39,0,0,0,1,0,1,1,1,0,2,30,30,0,1,6,6,6,1,0
1,0,0,16.74,1,0,0,1,1,1,1,1,0,4,30,30,0,1,1,5,5,1,0
1,0,0,29.95,0,0,0,0,1,1,1,1,0,3,30,30,0,1,5,4,6,1,0
1,1,0,29.12,1,0,0,1,1,1,1,1,0,3,30,30,0,2,4,6,6,1,0
1,0,0,22.83,0,0,0,1,0,0,1,1,0,2,30,30,1,2,13,5,2,1,0
1,0,0,25.79,1,0,0,0,1,1,1,1,0,2,30,30,0,2,3,5,6,1,0
1,1,0,24.69,1,0,0,1,0,1,1,1,0,3,5,30,0,2,10,5,6,1,0
1,1,0,23.24,0,1,1,1,1,1,0,1,0,2,30,30,0,1,12,6,10,1,0
1,1,0,20.82,0,0,0,1,0,1,1,1,0,2,2,1,0,2,10,6,6,1,0
1,1,0,32.69,1,0,0,1,1,1,1,1,0,2,30,30,0,1,6,5,6,1,0
1,1,0,27.44,0,0,0,0,1,1,1,1,0,2,30,30,0,2,10,6,6,1,0
1,1,0,30.68,0,0,0,1,1,1,1,1,0,3,30,5,0,1,6,6,10,1,0
1,0,0,27.34,0,0,0,0,1,1,1,1,0,3,2,1,0,2,10,3,5,1,0
1,0,0,28.25,0,0,0,1,1,1,1,1,0,2,30,30,0,1,10,6,6,1,0
1,0,0,27.44,0,0,0,1,1,1,1,1,0,2,30,30,0,1,5,5,6,1,0
1,0,0,27.44,0,0,0,0,1,1,1,1,0,3,30,30,0,2,11,4,6,1,0
1,0,0,29.41,0,0,0,1,1,1,1,1,0,2,30,30,0,2,10,5,6,1,0
1,0,0,21.7,1,0,0,1,1,1,0,1,0,3,30,30,1,1,13,6,6,1,0
1,1,0,28.34,1,0,0,1,1,1,1,1,0,1,30,30,0,2,10,3,3,1,0
1,1,0,25.77,0,0,0,1,1,1,1,1,0,2,30,30,0,1,10,5,6,1,0
1,0,0,23.96,1,0,0,1,0,1,1,1,0,3,30,30,0,1,11,5,6,1,0
1,0,1,25.82,0,0,0,1,0,1,1,1,0,3,4,2,0,2,1,5,6,1,0
1,0,1,24.19,0,0,0,1,1,1,1,1,0,2,30,30,0,2,1,4,1,1,0
1,0,0,27.98,1,1,1,1,1,0,1,1,1,2,30,2,0,1,4,5,3,1,0
1,1,0,25.1,0,0,0,1,0,1,1,1,0,2,30,30,0,1,6,6,11,1,0
1,0,0,29.76,0,0,0,1,1,1,1,1,0,3,4,5,0,2,10,5,6,1,0
1,1,0,27.44,0,0,0,1,1,1,1,1,1,3,30,30,0,1,3,4,6,1,0
1,0,0,23.67,1,0,0,1,0,1,1,1,0,2,30,30,0,2,12,6,6,1,0
1,0,0,29.29,1,0,0,1,1,1,1,1,0,2,30,30,0,1,6,6,6,1,0
1,0,0,26.5,0,0,0,1,0,1,1,1,0,2,30,30,0,1,10,5,6,1,0
1,0,0,32.92,0,0,0,1,0,0,1,1,0,3,1,30,0,2,10,6,11,1,0
1,1,0,27.44,0,0,0,1,1,1,1,1,0,2,30,30,0,1,10,6,6,1,0
1,0,0,23.91,0,0,0,1,1,1,1,1,0,3,4,30,0,2,10,5,6,1,0
1,0,1,22.86,1,0,0,1,0,1,1,1,0,1,30,30,0,2,11,5,5,1,0
1,0,0,24.82,0,0,0,0,0,1,1,1,0,2,30,30,0,1,1,5,6,1,0
1,1,0,27.44,0,0,0,1,1,1,1,1,0,2,30,1,0,2,10,6,6,1,0
1,0,0,27.44,1,0,0,1,1,1,1,1,0,3,30,30,1,2,2,4,6,1,0
1,1,0,33.0,1,0,0,1,0,1,1,1,0,1,5,5,0,1,10,6,6,1,0
1,1,0,34.17,0,0,0,0,0,1,1,1,0,3,4,2,0,1,3,6,6,1,0
1,0,0,22.47,1,0,0,0,0,1,1,1,0,3,2,2,0,1,10,4,2,1,0
1,0,0,31.01,1,0,0,0,1,1,1,1,0,2,30,30,0,2,5,4,5,1,0
1,0,0,23.05,1,0,0,0,1,1,1,1,0,2,30,30,0,2,13,4,6,1,0
1,0,0,31.32,0,0,0,1,1,1,1,1,0,2,30,30,0,1,10,6,6,1,0
1,0,1,27.44,0,0,0,0,1,1,1,1,0,3,2,6,0,2,6,6,6,1,0
1,0,0,21.95,0,0,0,1,1,1,1,1,0,4,30,30,0,2,4,5,6,1,0
1,1,0,23.01,1,0,0,1,0,1,1,1,0,2,30,30,0,1,10,5,6,1,0
1,0,0,23.09,0,0,0,0,1,1,1,1,1,3,10,15,0,1,2,6,6,1,0
1,1,0,31.01,0,0,0,1,0,0,1,1,0,3,10,30,0,1,4,5,6,1,0
1,1,0,27.44,0,0,0,1,0,1,1,1,0,3,30,30,0,2,6,5,6,1,0
1,1,0,20.36,1,0,0,1,1,1,1,1,0,2,30,30,0,2,10,4,6,1,0
1,1,0,24.05,0,0,0,1,1,1,1,1,0,2,30,30,0,2,10,6,6,1,0
1,1,0,22.45,0,0,0,1,0,1,1,0,1,4,5,4,0,2,3,5,6,1,0
1,0,0,25.61,0,0,0,1,0,0,1,1,0,3,30,30,0,2,10,3,6,1,0
1,0,0,27.89,1,0,0,1,1,1,1,1,0,3,30,2,1,1,10,6,6,1,0
1,0,0,21.52,1,1,0,1,1,1,1,1,0,2,3,3,1,1,10,6,6,1,0
1,1,0,26.47,0,0,0,0,0,1,1,1,0,2,30,4,0,2,10,5,6,1,0
1,0,0,26.63,0,0,0,1,1,1,1,1,0,3,30,30,0,2,10,4,5,1,0
1,0,0,27.44,0,0,0,0,0,1,1,1,0,4,15,25,0,2,6,6,6,1,0
1,1,0,26.57,0,0,0,1,1,1,1,1,0,1,3,30,0,2,6,6,5,1,0
1,0,0,21.93,0,0,0,0,1,1,1,0,1,4,30,30,1,1,6,4,5,1,0
1,0,0,29.57,0,0,0,1,0,1,1,1,0,2,30,3,0,1,2,6,6,1,0
1,0,0,24.41,1,0,0,1,0,1,1,1,0,3,30,30,0,1,10,6,5,1,0
1,1,0,24.03,1,0,0,1,1,1,1,1,0,3,15,30,0,2,10,6,4,1,0
1,0,0,31.38,1,0,0,1,1,1,0,1,0,1,30,2,0,2,6,6,11,1,0
1,0,0,43.16,0,0,0,1,1,1,1,1,0,3,30,30,0,2,4,5,6,1,0
1,0,0,24.96,0,0,0,0,1,1,1,1,0,3,30,30,0,2,12,5,6,1,0
1,1,0,27.44,1,0,0,0,1,1,1,1,0,2,14,30,0,2,11,6,6,1,0
1,0,0,25.4,0,0,0,1,1,1,1,1,0,2,30,30,0,2,11,6,6,1,0
1,0,0,28.59,1,0,0,1,1,0,0,1,0,3,30,25,0,1,10,5,6,1,0
1,0,0,36.87,0,0,0,1,1,1,1,1,0,3,30,30,0,1,6,6,11,1,0
1,0,0,20.36,1,0,0,1,0,1,1,1,0,4,3,30,1,1,6,4,6,1,0
1,0,0,28.34,0,0,0,1,1,1,1,1,0,1,30,30,0,2,10,6,6,1,0
1,0,0,27.44,0,0,0,1,1,1,1,1,0,3,30,30,0,2,10,4,6,1,0
1,0,0,30.3,0,0,0,1,0,1,1,1,1,1,30,30,0,2,10,5,6,1,0
1,1,0,19.77,0,0,0,1,1,1,1,1,0,3,30,3,0,2,11,5,6,1,0
1,0,0,27.44,0,0,0,1,1,0,1,1,0,4,6,1,0,2,10,6,6,1,0
1,0,0,35.15,1,0,0,1,1,1,1,1,0,4,30,15,1,2,5,5,6,1,0
1,0,0,31.01,1,0,0,1,1,1,1,1,0,1,30,30,0,2,11,6,6,1,0
1,1,0,27.44,0,0,0,1,1,0,1,1,0,2,30,30,0,2,3,3,1,1,0
1,0,0,30.45,0,0,0,0,1,0,1,1,0,1,4,30,1,2,13,2,4,1,0
1,0,1,29.76,1,0,0,0,0,0,1,1,0,4,30,30,0,2,10,5,3,1,0
1,1,0,20.67,1,0,0,1,0,1,1,1,0,1,30,10,0,1,10,5,6,1,0
1,0,0,21.14,0,0,0,1,1,1,1,1,0,2,30,30,0,1,2,5,5,1,0
1,1,0,41.6,0,0,0,1,0,0,1,1,0,2,2,30,0,2,5,6,6,1,0
1,0,0,28.15,0,0,0,0,0,1,1,1,0,2,2,30,0,2,13,5,6,1,0
1,0,0,33.96,0,0,0,1,1,1,1,1,0,2,30,30,0,1,10,4,6,1,0
1,1,0,26.17,1,0,0,1,1,1,1,1,0,1,30,30,0,1,12,6,6,1,0
1,0,1,40.69,1,0,0,1,1,1,1,1,0,2,30,30,0,1,5,6,2,1,0
1,0,0,29.53,1,0,0,1,0,1,1,1,1,3,2,30,0,2,10,6,6,1,0
1,1,0,33.0,0,0,0,0,0,1,1,1,0,3,20,15,0,2,5,5,10,1,0
1,0,0,41.79,1,0,0,1,0,1,1,1,1,3,15,5,0,2,1,5,5,1,0
1,1,0,25.61,0,0,0,1,1,0,1,1,0,2,30,30,0,2,10,6,6,1,0
1,0,0,30.81,1,0,0,1,1,1,1,1,0,2,30,30,0,1,6,6,6,1,0
1,0,0,28.6,1,0,0,1,0,1,1,1,0,3,6,30,0,1,10,4,6,1,0
1,1,0,23.71,0,0,0,1,1,1,1,1,0,3,1,30,0,2,10,5,6,1,0
1,0,0,23.08,1,0,0,1,1,1,1,1,0,2,30,30,0,2,12,4,3,1,0
1,0,0,27.44,0,0,0,1,1,1,1,1,0,2,30,30,0,2,10,4,6,1,0
1,0,0,41.88,1,0,0,1,0,1,1,1,0,2,30,30,0,2,6,4,6,1,0
1,1,0,25.61,0,1,0,1,1,1,1,1,1,1,30,15,0,2,10,4,6,1,0
1,1,0,27.44,0,0,0,1,1,1,1,1,0,3,30,30,0,1,5,5,6,1,0
1,0,0,25.79,0,0,0,1,0,0,1,1,0,3,30,30,0,2,10,5,6,1,0
1,0,0,25.75,0,0,0,1,1,1,1,1,0,2,30,30,0,2,10,6,6,1,0
1,0,0,22.6,0,0,0,1,1,1,1,1,0,2,6,30,0,1,12,6,6,1,0
1,0,0,29.03,1,0,0,1,1,1,1,1,0,2,30,30,0,1,14,6,6,1,0
1,0,0,25.61,0,0,0,1,0,1,1,1,0,3,30,30,0,2,11,5,5,1,0
1,0,0,28.35,1,0,0,0,0,1,1,1,0,3,30,30,0,2,10,4,6,1,0
1,0,0,28.25,1,0,0,1,1,1,1,1,0,2,30,30,0,1,10,4,6,1,0
1,1,0,20.62,1,0,0,1,0,1,1,1,0,3,30,30,0,2,11,6,6,1,0
1,0,0,28.94,0,0,0,1,1,1,1,1,0,2,2,30,0,1,10,6,6,1,0
1,0,0,30.41,0,0,0,1,1,1,1,1,0,2,30,30,0,1,10,5,6,1,0
1,0,0,38.32,0,0,0,1,0,1,1,1,0,1,30,30,0,1,10,6,11,1,0
1,1,0,24.41,0,0,1,1,1,1,1,1,0,1,30,30,0,1,11,6,6,1,0
1,1,0,25.39,1,0,0,1,1,1,1,1,0,4,30,30,0,2,4,3,5,1,0
1,0,0,38.97,1,0,0,1,0,1,1,1,0,3,3,3,0,2,6,5,6,1,0
1,0,0,34.75,0,0,0,0,1,0,1,1,0,3,30,30,0,2,5,6,5,1,0
1,0,0,27.44,0,0,0,1,1,1,1,1,1,4,30,30,0,1,2,4,6,1,0
1,0,0,38.26,0,0,0,1,0,1,1,1,1,3,1,3,0,1,3,6,6,1,0
1,0,0,25.84,1,0,0,0,1,1,1,1,0,1,30,30,0,2,6,4,6,1,0
1,0,0,26.57,1,0,0,1,1,0,1,1,0,1,30,30,0,1,10,2,2,1,0
1,0,1,22.31,1,0,0,1,1,1,1,1,1,4,30,30,0,1,10,3,4,1,0
1,0,0,32.1,0,0,0,1,0,1,1,1,0,2,30,30,0,1,10,6,11,1,0
1,1,0,27.55,1,0,0,1,0,1,1,1,0,1,30,30,0,1,12,6,6,1,0
1,0,1,24.89,1,0,0,0,1,1,1,1,0,3,30,14,0,2,10,3,2,1,0
1,0,0,24.8,1,0,0,1,0,1,1,1,1,4,6,30,0,2,10,5,6,1,0
1,1,0,30.11,0,0,0,1,1,1,1,1,0,2,30,30,0,2,10,6,10,1,0
1,0,0,27.44,1,0,0,1,1,1,1,1,0,3,30,30,1,2,10,5,6,1,0
1,0,1,26.52,1,0,0,0,1,1,1,1,0,2,30,1,0,2,10,5,6,1,0
1,0,0,28.34,0,0,0,1,1,1,1,1,0,2,30,15,0,2,4,6,6,1,0
1,1,0,29.99,0,0,0,1,1,1,1,1,0,2,30,30,0,2,10,6,6,1,0
1,0,0,23.33,0,0,0,1,0,1,1,1,0,2,15,30,0,2,1,4,6,1,0
1,0,0,30.91,0,0,1,1,0,1,1,1,0,2,30,3,0,2,11,5,6,1,0
1,1,0,30.34,1,0,0,1,0,0,1,1,0,1,30,30,0,1,11,6,6,1,0
1,1,0,27.44,0,0,0,1,1,1,1,1,0,1,30,30,0,2,11,6,6,1,0
1,1,0,21.63,1,0,0,1,1,1,1,1,1,4,30,1,1,2,4,5,5,1,0
1,0,0,30.27,1,0,0,1,1,1,1,1,0,2,30,30,0,1,10,6,5,1,0
1,1,0,27.44,1,0,0,1,0,0,1,1,0,2,30,30,0,2,10,5,5,1,0
1,0,0,27.1,0,0,0,1,1,1,1,1,0,4,10,2,0,2,10,6,6,1,0
1,0,0,23.03,1,0,0,1,1,1,1,0,1,5,30,30,0,2,4,5,1,1,0
1,0,0,31.17,0,0,0,0,0,0,1,0,1,4,2,30,0,2,4,4,3,1,0
1,1,0,28.06,1,0,0,0,1,1,1,1,0,1,30,30,0,1,11,5,6,1,0
1,0,0,25.75,0,0,0,1,0,1,1,1,0,2,30,30,0,2,10,5,6,1,0
1,1,0,30.41,0,0,0,1,1,1,1,1,0,3,30,30,0,1,6,6,6,1,0
1,0,0,36.92,0,0,0,1,0,0,1,1,0,1,30,30,0,1,1,5,6,1,0
1,0,1,20.12,0,0,0,1,1,1,1,1,0,3,30,30,0,2,12,5,5,1,0
1,0,0,22.96,0,0,0,0,1,1,1,1,0,3,2,5,1,2,12,5,5,1,0
1,0,0,31.0,0,0,0,0,1,1,1,0,1,3,30,30,0,2,6,4,5,1,0
1,0,0,27.6,1,0,0,1,1,1,0,1,0,1,30,30,0,1,10,5,6,1,0
1,0,0,20.09,0,1,1,1,1,1,1,1,1,3,5,30,0,2,10,4,4,1,0
1,0,0,21.94,1,0,0,0,0,1,1,0,0,2,20,30,0,1,5,4,6,1,0
1,0,0,27.44,0,0,0,0,1,1,1,0,1,3,30,2,0,2,1,4,6,1,0
1,0,0,23.91,0,0,0,1,1,1,1,1,0,2,1,30,1,2,13,6,6,1,0
1,1,0,23.69,1,0,1,1,1,1,1,1,0,2,30,30,0,1,11,6,11,1,0
1,0,0,27.44,0,0,0,0,0,1,1,1,0,2,30,30,0,2,11,4,6,1,0
1,0,0,30.41,0,0,0,1,0,1,1,1,0,3,30,30,0,1,3,6,6,1,0
1,0,0,27.98,0,0,0,1,0,0,1,1,0,1,30,30,0,1,10,6,6,1,0
1,1,0,26.63,0,0,0,1,1,1,1,1,0,2,30,30,0,1,10,6,10,1,0
1,0,0,34.15,0,0,0,1,1,1,1,1,0,3,30,30,0,1,10,6,10,1,0
1,0,0,26.63,0,0,0,1,1,1,1,1,0,2,1,30,0,2,10,6,6,1,0
1,0,0,23.78,1,0,0,1,1,1,1,1,0,4,2,30,0,2,12,5,6,1,0
1,0,0,23.91,0,0,0,0,1,1,1,1,0,1,30,30,0,2,5,6,6,1,0
1,0,0,22.46,0,0,0,1,1,1,1,1,0,3,2,2,0,2,11,6,5,1,0
1,0,0,29.68,0,0,0,1,1,1,1,1,0,3,30,30,0,2,10,6,6,1,0
1,0,0,28.7,1,0,0,1,1,1,1,1,0,3,30,30,0,1,10,4,6,1,0
1,0,0,26.45,1,0,0,1,1,1,1,1,1,3,6,2,0,2,6,6,6,1,0
1,1,0,27.44,0,0,0,0,1,1,1,1,0,1,3,30,0,1,1,4,6,1,0
1,0,0,34.97,0,0,0,1,0,1,1,0,0,3,2,30,0,1,10,6,6,1,0
1,1,0,23.57,1,0,0,1,0,1,1,1,0,2,30,2,0,1,10,5,6,1,0
1,1,0,30.11,0,0,0,1,1,1,1,1,0,2,30,1,0,2,10,6,6,1,0
1,0,0,26.52,1,0,0,1,0,1,1,1,0,1,30,30,0,1,10,3,10,1,0
1,0,0,24.63,1,0,0,1,1,1,1,1,0,4,2,10,0,1,2,5,6,1,0
1,0,0,36.02,0,0,0,1,0,0,1,1,0,2,30,30,1,2,10,6,6,1,0
1,0,0,26.45,0,0,0,1,0,1,1,1,0,4,30,10,0,2,10,6,6,1,0
1,0,0,27.79,1,0,0,1,1,1,1,1,0,3,30,30,0,2,10,4,6,1,0
1,0,0,27.44,1,0,0,0,0,1,1,1,0,3,30,1,0,2,10,6,6,1,0
1,0,0,29.86,0,0,0,1,0,1,1,1,0,2,30,2,0,1,10,6,10,1,0
1,1,0,30.67,0,0,0,1,0,1,1,1,0,2,5,30,0,2,10,6,6,1,0
1,1,0,26.78,1,0,0,1,0,1,1,1,0,2,30,30,0,1,10,6,6,1,0
1,0,0,27.34,0,0,0,0,1,1,1,1,0,3,30,30,0,2,3,6,6,1,0
1,1,0,30.92,0,0,0,1,1,1,1,1,0,1,30,14,0,1,10,4,11,1,0
1,0,0,23.63,1,0,0,1,1,1,1,1,0,3,5,30,0,2,2,6,10,1,0
1,0,0,22.35,0,0,0,1,0,1,1,1,0,3,30,30,0,1,11,4,4,1,0
1,0,1,24.03,1,0,0,1,0,0,1,1,0,5,30,21,1,2,6,2,4,1,0
1,1,0,27.44,1,0,0,1,0,1,1,1,0,3,30,15,0,2,4,4,1,1,0
1,0,0,28.34,0,0,0,0,0,1,1,1,0,3,30,30,0,2,6,5,6,1,0
1,1,0,38.74,0,0,0,1,1,1,1,1,0,3,30,30,0,1,1,4,6,1,0
1,0,0,35.78,1,0,0,1,1,1,1,1,0,2,30,30,0,2,6,5,5,1,0
1,0,0,28.94,1,0,0,1,1,1,1,1,0,3,2,1,1,2,11,6,6,1,0
1,0,0,27.44,0,0,0,1,1,1,1,1,1,2,30,30,0,2,4,1,6,1,0
1,1,0,28.25,0,0,0,0,1,1,1,1,0,1,30,30,1,1,10,6,6,1,0
1,0,0,27.44,1,0,1,0,1,0,1,1,0,2,4,30,0,1,6,4,6,1,0
1,0,0,30.18,1,0,0,1,1,1,1,1,0,3,30,30,0,2,12,6,6,1,0
1,0,0,22.11,0,0,0,1,0,1,1,1,0,2,30,2,0,1,11,6,5,1,0
1,1,0,29.68,0,0,0,0,1,1,1,1,0,3,30,30,0,1,6,6,11,1,0
1,1,0,25.1,1,0,0,1,1,1,1,1,0,2,30,30,0,2,11,6,6,1,0
1,0,0,31.87,0,0,0,1,1,1,1,1,0,1,30,30,0,1,1,4,5,1,0
1,0,0,27.44,0,0,0,0,0,1,1,1,0,3,30,30,0,2,10,4,6,1,0
1,0,1,23.56,0,0,0,1,1,1,1,1,0,3,30,30,1,2,13,5,6,1,0
1,1,0,30.23,1,0,0,1,1,1,1,1,0,1,30,30,0,2,11,4,6,1,0
1,0,0,26.61,0,0,0,1,1,1,1,1,0,2,30,3,0,2,12,4,5,1,0
1,0,0,27.44,1,0,0,0,0,1,1,1,0,2,30,30,0,2,12,6,6,1,0
1,0,0,27.44,0,0,0,1,1,1,1,1,0,3,30,30,0,1,10,4,6,1,0
1,0,0,30.13,1,0,0,0,1,1,1,1,0,1,30,30,0,1,10,4,6,1,0
1,0,0,32.69,1,0,0,1,1,1,1,1,0,2,3,30,0,1,5,5,6,1,0
1,1,0,31.0,1,0,0,1,1,1,1,1,0,2,5,30,0,2,10,6,10,1,0
1,0,0,22.38,0,0,0,1,1,1,1,1,0,2,30,30,0,1,10,6,11,1,0
1,0,0,26.58,0,0,0,0,1,1,1,1,0,2,30,30,0,1,12,4,4,1,0
1,0,0,32.28,0,0,0,1,0,1,1,1,0,2,30,30,1,2,10,5,5,1,0
1,1,0,35.83,1,0,0,1,1,1,0,1,1,2,30,30,0,2,10,5,6,1,0
1,1,0,27.44,1,0,0,0,0,0,1,1,0,3,30,30,0,1,5,6,5,1,0
1,0,0,34.01,0,0,0,1,1,0,1,1,0,4,10,3,1,2,4,4,6,1,0
1,1,0,30.79,0,0,0,1,1,1,1,1,0,2,30,30,0,2,10,6,6,1,0
1,1,0,27.44,1,0,0,1,1,1,1,1,0,2,3,30,0,2,10,4,4,1,0
1,0,0,27.44,0,0,0,1,0,0,1,1,0,2,30,30,0,1,11,5,6,1,0
1,0,0,27.44,0,0,0,1,1,1,1,1,0,1,30,30,0,2,13,5,6,1,0
0,0,0,29.95,0,0,0,1,1,1,1,1,1,4,30,14,0,2,1,4,6,1,0
1,0,0,28.06,0,0,0,1,1,0,1,1,0,2,30,30,0,1,10,5,6,1,0
1,1,0,24.39,1,0,0,0,1,1,0,1,0,3,30,30,0,2,10,5,6,1,0
1,0,0,22.65,1,0,0,1,1,1,1,1,0,3,30,30,0,1,13,5,5,1,0
1,0,0,27.46,1,0,0,1,1,1,1,1,0,3,30,30,0,1,10,3,5,1,0
1,0,0,27.44,0,0,0,0,1,1,1,1,0,3,30,30,0,1,10,5,6,1,0
1,0,0,36.05,0,0,0,0,1,0,1,1,0,2,30,30,0,2,6,4,3,1,0
1,0,0,27.81,1,0,0,1,1,1,1,1,0,2,30,2,0,1,10,6,6,1,0
1,0,0,22.38,0,0,0,0,1,1,1,1,0,2,30,30,1,1,10,4,3,1,0
1,0,0,21.29,1,1,0,0,0,1,1,1,0,3,30,20,1,2,10,6,6,1,0
1,1,0,27.37,1,0,0,0,0,1,0,0,0,4,2,30,0,1,6,4,3,1,0
1,0,0,23.11,0,0,0,1,1,1,1,1,0,3,30,30,0,1,10,6,6,1,0
1,0,0,29.65,1,0,0,1,1,1,1,1,0,3,30,30,0,1,11,6,6,1,0
1,0,0,26.57,0,0,0,1,1,1,1,1,0,2,30,1,1,2,13,5,6,1,0
1,0,0,20.67,1,0,0,0,0,0,1,1,0,3,30,20,0,1,10,3,2,1,0
1,0,0,27.44,1,0,0,1,0,1,1,1,0,3,2,30,0,2,11,5,5,1,0
1,1,0,27.44,0,0,0,1,1,1,1,1,0,1,30,30,0,2,10,6,6,1,0
1,0,0,28.32,0,0,0,0,0,0,1,1,0,3,30,2,1,2,4,4,1,1,0
1,0,0,32.77,0,0,0,1,1,1,1,1,0,3,30,30,0,2,6,4,6,1,0
0,0,0,27.44,0,0,0,1,1,1,1,1,0,2,30,10,0,2,5,6,6,1,0
1,0,0,29.37,1,0,0,1,1,1,1,1,0,2,30,30,0,1,10,6,6,1,0
1,1,0,27.44,0,0,0,0,0,0,1,1,0,3,30,30,0,2,5,4,6,1,0
1,0,0,31.25,0,0,0,1,1,1,1,1,0,3,30,30,0,2,10,6,6,1,0
1,1,0,24.07,1,0,0,1,0,1,1,1,0,1,30,30,0,1,11,6,6,1,0
1,0,0,24.41,0,0,0,1,1,1,1,1,0,1,30,30,0,1,10,6,6,1,0
1,0,0,29.84,0,0,0,1,1,1,1,1,0,2,30,30,0,1,10,6,6,1,0
1,1,0,24.03,1,0,0,1,1,1,0,1,0,2,30,30,0,2,10,4,5,1,0
1,0,0,25.75,0,0,0,1,1,1,1,1,0,3,2,30,0,2,10,5,6,1,0
1,0,0,31.32,0,0,0,1,0,1,1,1,0,1,30,30,0,1,3,4,6,1,0
1,0,0,27.89,1,0,0,1,1,1,1,1,0,2,30,30,0,1,10,5,5,1,0
1,0,0,24.11,1,0,0,1,1,1,1,1,0,2,30,30,0,1,11,6,11,1,0
1,0,1,16.73,0,1,0,1,0,1,1,1,0,5,30,14,0,1,1,6,5,1,0
1,0,0,27.44,0,0,0,1,1,1,1,1,0,1,30,30,0,1,2,6,6,1,0
1,0,0,27.46,0,0,0,1,1,1,1,1,0,2,30,30,0,2,10,5,6,1,0
1,0,0,35.43,1,0,0,0,0,1,1,1,0,4,2,30,0,2,5,5,6,1,0
1,0,0,29.29,1,0,0,1,0,1,1,1,0,2,30,30,0,1,10,4,6,1,0
1,0,1,41.56,0,0,0,1,1,0,1,1,0,5,20,30,0,1,1,4,6,1,0
1,1,0,27.12,1,0,0,1,1,1,1,1,0,2,1,1,0,2,10,6,6,1,0
1,0,0,28.7,0,0,0,0,1,1,1,1,0,2,30,30,0,1,10,4,6,1,0
1,0,0,27.44,0,0,0,1,1,1,1,1,0,4,30,30,0,2,5,4,6,1,0
1,0,0,27.55,0,0,0,1,1,1,1,1,0,2,30,4,0,2,10,6,11,1,0
1,0,0,29.03,1,0,0,1,0,0,1,1,0,3,30,2,0,1,5,5,6,1,0
1,0,0,22.6,1,0,0,1,1,1,1,0,0,3,20,2,0,2,2,4,6,1,0
1,1,0,25.84,0,0,0,1,1,1,1,1,0,3,30,30,1,1,6,5,6,1,0
1,0,0,25.68,1,0,0,1,1,1,1,1,0,2,30,30,1,1,10,5,6,1,0
1,0,1,27.44,0,0,0,1,1,1,1,1,0,4,3,30,0,1,4,4,6,1,0
1,0,1,35.73,0,0,0,1,1,1,1,1,0,3,30,30,0,2,10,6,6,1,0
1,0,0,27.44,0,0,0,1,1,1,1,1,0,1,30,30,0,2,10,3,5,1,0
1,0,0,18.56,0,0,0,1,0,1,1,1,0,3,5,30,0,2,1,4,6,1,0
1,0,0,21.26,0,0,0,0,1,1,1,1,0,3,10,30,0,2,4,6,6,1,0
1,1,0,28.9,0,0,0,1,1,1,1,1,0,2,30,30,0,2,10,6,6,1,0
1,0,0,25.8,0,0,0,1,1,1,1,1,0,3,1,30,0,1,6,6,11,1,0
1,0,1,34.11,0,0,0,0,1,1,1,1,1,4,10,10,0,1,6,4,6,1,0
1,0,0,33.07,0,0,0,1,1,1,1,1,0,3,30,30,0,2,10,5,6,1,0
1,1,0,27.46,1,0,0,1,1,1,1,1,0,1,2,30,0,2,12,4,6,1,0
1,0,0,28.37,0,0,0,1,1,1,1,1,0,2,30,30,0,1,12,5,11,1,0
1,0,0,28.82,0,0,0,1,0,0,1,1,0,2,30,30,0,1,5,5,6,1,0
1,0,0,22.6,0,0,0,1,1,1,1,1,0,3,30,30,0,1,11,6,6,1,0
1,0,0,36.61,0,0,0,1,0,1,1,1,0,3,20,10,0,2,1,4,6,1,0
1,0,0,27.44,0,0,0,1,1,1,1,1,0,1,30,30,0,1,3,5,6,1,0
1,1,0,27.44,0,0,0,1,1,1,1,1,0,3,30,30,0,1,5,4,6,1,0
1,0,0,40.35,0,1,0,0,1,1,1,1,0,1,30,30,0,2,6,4,6,1,0
1,1,0,27.96,0,0,0,1,1,1,1,1,0,1,30,30,0,2,10,5,6,1,0
1,1,0,24.95,0,0,0,1,1,1,1,1,0,2,3,30,0,1,2,6,5,1,0
1,0,0,29.12,0,0,0,1,1,1,1,1,0,2,2,30,0,2,10,6,6,1,0
1,0,1,29.29,0,0,0,1,1,1,1,1,0,3,5,30,0,2,10,4,6,1,0
1,0,1,27.05,0,0,0,1,1,0,1,1,0,1,30,30,0,1,10,6,6,1,0
1,0,0,33.96,1,0,0,1,0,1,1,1,0,3,30,30,0,1,5,4,6,1,0
1,0,0,23.56,0,0,0,1,0,1,1,1,0,3,30,30,0,2,6,4,6,1,0
1,1,0,28.17,0,0,0,1,1,1,1,1,0,3,30,30,0,2,10,6,11,1,0
1,1,0,32.08,1,0,1,1,0,1,1,1,0,2,30,5,0,1,5,5,6,1,0
1,1,0,27.44,0,0,0,0,1,1,1,0,0,4,30,30,0,2,3,3,4,1,0
1,0,0,21.95,0,0,0,1,1,1,1,1,0,3,30,30,0,2,13,6,6,1,0
1,0,0,31.51,1,0,0,1,0,0,1,0,1,2,6,30,0,2,10,4,5,1,0
1,0,0,23.63,1,0,0,1,0,1,1,1,0,2,30,30,0,1,5,4,6,1,0
1,0,0,24.69,0,0,0,1,1,1,1,1,0,1,30,30,0,2,13,5,4,1,0
1,1,0,31.62,0,0,0,1,0,1,1,0,0,3,1,3,0,2,6,6,6,1,0
1,0,0,26.63,1,0,0,0,0,0,1,1,0,2,30,30,0,1,10,5,4,1,0
1,0,0,23.75,0,0,0,0,0,0,1,1,1,4,19,30,1,1,5,5,4,1,0
1,0,0,27.25,0,0,0,0,1,1,1,1,0,2,30,30,1,1,10,4,4,1,0
1,0,0,29.16,1,0,0,1,1,1,1,1,0,3,30,30,0,1,10,5,6,1,0
1,0,0,29.09,0,0,0,1,1,0,1,1,0,3,30,30,0,2,10,6,6,1,0
