HighBP,HighChol,CholCheck,BMI,Smoker,Stroke,HeartDiseaseorAttack,PhysActivity,Fruits,Veggies,HvyAlcoholConsump,AnyHealthcare,NoDocbcCost,GenHlth,MentHlth,PhysHlth,DiffWalk,Sex,Age,Education,Income,y_true,y_pred
1,1,0,27.4,1,0,0,1,0,0,1,0,0,2,30,30,0,2,10,6,6,0,1
1,1,0,35.15,1,0,0,0,0,0,1,0,0,4,5,5,1,2,12,5,6,0,1
1,1,0,43.02,0,0,0,0,0,0,1,0,0,4,5,10,1,2,10,5,4,0,1
1,0,0,33.73,1,0,0,1,0,0,1,0,0,4,30,30,0,1,13,4,6,0,1
1,0,0,37.23,0,0,1,1,0,0,1,0,0,4,30,30,0,1,10,6,6,0,1
1,1,0,34.7,0,0,0,1,0,0,1,0,0,4,30,30,1,2,12,5,6,0,1
1,1,0,26.63,0,1,0,0,0,0,1,0,1,5,10,30,1,1,10,5,4,0,1
1,0,0,27.81,0,0,0,1,0,0,1,0,0,3,30,30,0,2,10,6,6,0,1
1,0,0,27.4,0,0,0,0,0,0,1,0,0,3,30,30,0,2,10,2,3,0,1
1,1,0,25.06,1,0,0,1,0,0,1,0,0,2,30,30,0,2,10,5,6,0,1
1,0,0,22.81,0,0,0,0,0,0,1,0,0,3,30,30,0,2,13,4,6,0,1
1,1,0,23.09,0,0,0,1,0,0,1,0,0,2,30,30,0,1,11,6,6,0,1
1,0,0,38.75,1,0,0,0,0,0,1,0,0,3,30,30,1,1,13,6,6,0,1
1,0,0,27.4,0,0,0,0,0,0,1,0,0,4,30,30,0,2,10,5,5,0,1
1,0,0,41.61,0,0,0,1,0,0,1,0,0,3,30,30,0,1,10,6,6,0,1
1,0,0,35.56,0,0,0,1,0,0,1,0,0,2,30,30,0,1,10,6,6,0,1
1,1,0,27.4,0,0,0,1,0,0,1,0,0,2,2,30,0,2,10,6,6,0,1
1,1,0,44.4,1,0,0,0,0,0,1,0,0,5,30,30,1,2,6,6,6,0,1
1,0,0,25.09,0,0,0,1,0,0,1,0,0,3,30,30,0,1,10,5,6,0,1
1,1,0,33.45,1,0,0,0,0,0,1,0,0,4,30,30,0,1,10,4,5,0,1
1,0,0,29.99,1,0,0,1,0,0,1,0,0,3,30,30,0,2,10,5,6,0,1
1,1,0,42.91,1,0,0,0,0,0,0,0,0,4,28,28,0,2,6,4,1,0,1
1,1,0,33.73,0,0,0,0,0,0,1,0,0,3,30,30,0,1,10,5,6,0,1
1,0,0,33.43,1,0,0,0,0,0,1,0,0,3,30,30,0,1,10,5,6,0,1
1,1,0,31.57,1,0,0,1,0,0,1,0,0,2,30,30,0,1,10,5,6,0,1
0,1,0,57.61,1,0,0,0,0,0,1,0,0,4,30,20,1,2,10,5,6,0,1
1,0,0,27.4,1,0,0,1,0,0,1,0,0,2,30,30,0,1,10,4,6,0,1
1,0,0,38.27,0,0,0,1,0,0,1,0,0,3,30,30,0,2,10,6,6,0,1
1,1,0,30.9,0,0,0,1,0,0,1,0,0,3,10,2,0,2,10,4,6,0,1
1,1,0,38.27,0,0,0,1,0,0,1,0,0,3,30,15,0,2,10,5,6,0,1
1,1,0,27.06,1,0,0,1,0,0,1,0,0,2,30,30,0,1,13,6,6,0,1
1,0,0,26.63,0,0,0,0,0,0,1,0,0,3,30,30,0,2,13,5,6,0,1
1,1,0,26.58,0,0,0,1,0,0,1,0,0,3,30,30,0,1,10,6,6,0,1
1,1,0,34.54,0,0,0,1,0,0,1,0,0,1,30,30,0,2,12,6,6,0,1
1,1,0,27.89,0,0,1,0,0,0,1,0,0,3,30,30,0,1,13,5,6,0,1
1,1,0,34.97,1,0,0,0,0,0,1,0,0,3,30,30,0,2,10,5,6,0,1
1,0,0,27.4,0,0,0,1,0,0,1,0,0,4,30,30,0,2,10,4,6,0,1
1,1,0,35.51,0,0,0,0,0,0,1,0,0,3,20,5,0,2,10,5,6,0,1
1,0,0,28.59,0,0,1,1,0,0,1,0,0,5,25,30,0,1,11,6,6,0,1
1,1,0,28.7,1,0,0,0,0,0,1,0,0,4,30,30,1,1,13,4,6,0,1
1,1,0,31.37,0,1,0,1,0,0,1,0,0,4,5,30,1,2,10,4,3,0,1
1,0,0,38.01,0,0,0,0,0,0,1,0,0,4,30,30,0,1,10,5,2,0,1
1,1,0,37.66,1,0,0,1,0,0,1,0,0,3,30,30,0,1,10,4,6,0,1
1,0,0,33.72,1,0,0,0,0,0,1,0,0,4,30,30,0,1,10,5,6,0,1
1,1,0,36.92,0,0,0,1,0,0,1,0,0,3,30,30,0,2,10,5,6,0,1
1,1,0,29.29,0,0,0,1,0,0,1,0,0,2,30,30,0,2,12,4,6,0,1
1,1,0,23.05,1,0,0,1,0,0,1,0,0,3,1,30,0,2,13,6,6,0,1
1,1,0,39.48,0,0,0,0,0,0,1,0,0,3,30,1,0,2,11,6,6,0,1
1,1,0,26.99,1,0,0,1,0,0,1,0,0,2,30,30,0,1,12,6,6,0,1
1,0,0,27.4,0,0,0,1,0,0,1,0,0,3,30,30,0,1,6,5,6,0,1
1,1,0,34.97,1,0,0,1,0,0,1,0,0,3,30,30,0,1,10,6,11,0,1
1,0,0,20.09,1,0,1,1,0,0,1,0,0,3,30,30,0,1,10,4,6,0,1
1,0,0,24.89,1,0,0,0,0,0,1,0,0,4,30,30,0,1,10,4,3,0,1
1,1,0,31.32,0,0,0,1,0,0,1,0,0,4,30,30,0,2,11,3,6,0,1
1,0,0,27.4,1,0,0,1,0,0,1,0,0,3,30,30,1,1,10,4,6,0,1
1,1,0,25.58,0,0,0,1,0,0,1,0,0,3,30,30,0,2,10,5,6,0,1
1,1,0,27.44,0,0,0,1,0,0,1,0,0,3,30,30,0,2,10,5,3,0,1
1,0,0,24.41,0,0,0,1,0,0,1,0,0,2,30,30,0,1,14,6,6,0,1
1,0,0,27.4,0,0,0,1,0,0,1,0,0,4,1,1,0,2,10,5,6,0,1
1,1,0,31.62,0,0,0,1,0,0,1,0,0,3,30,30,0,2,10,6,6,0,1
1,1,0,32.92,0,0,0,1,0,0,1,0,0,3,30,30,1,2,13,5,6,0,1
1,1,0,36.58,1,0,0,0,0,0,1,0,0,4,5,30,0,2,10,5,6,0,1
1,1,0,31.31,1,0,1,0,0,0,1,0,0,4,2,30,1,2,12,4,4,0,1
1,1,0,27.4,0,0,0,0,0,0,1,0,0,3,30,30,0,2,10,4,6,0,1
1,1,0,23.73,0,0,0,1,0,0,1,0,0,2,30,30,0,1,11,6,6,0,1
1,1,0,27.4,0,0,0,1,0,0,1,0,0,3,30,30,0,2,11,6,6,0,1
1,1,0,37.61,0,0,0,1,0,0,1,0,0,3,30,30,0,2,6,5,6,0,1
1,0,0,35.95,1,0,0,0,0,0,1,0,0,3,30,30,0,1,10,4,6,0,1
1,0,0,32.28,0,1,1,1,0,0,1,0,1,5,30,30,1,2,10,4,2,0,1
1,0,0,29.18,1,0,0,0,0,0,1,0,0,3,30,30,0,2,10,5,5,0,1
1,0,0,32.12,0,0,0,1,0,0,1,0,0,3,30,30,0,2,12,5,6,0,1
1,0,0,27.4,0,0,0,0,0,0,1,0,0,4,30,30,0,2,13,2,6,0,1
1,1,0,32.49,1,0,0,0,0,0,1,0,0,4,25,30,1,2,10,5,5,0,1
1,1,0,34.3,1,0,0,1,0,0,1,0,0,4,30,20,0,1,10,4,6,0,1
1,0,0,36.62,0,0,0,1,0,0,1,0,0,2,30,30,0,1,10,5,6,0,1
1,0,0,38.44,0,0,0,0,0,0,1,0,1,3,30,30,0,2,6,5,6,0,1
1,0,0,39.16,1,0,0,0,0,0,1,0,0,4,30,30,0,2,10,5,6,0,1
1,1,0,32.08,0,0,0,1,0,0,1,0,0,3,30,30,0,1,11,4,6,0,1
1,1,0,27.4,0,0,0,0,0,0,1,0,0,4,15,30,1,2,10,5,6,0,1
1,1,0,23.4,0,0,0,1,0,0,1,0,0,3,30,30,0,2,13,5,6,0,1
1,1,0,28.13,0,0,0,0,0,0,1,0,0,4,30,30,1,1,13,6,6,0,1
1,1,0,32.69,1,0,0,1,0,0,1,0,0,2,30,30,0,1,10,4,6,0,1
1,1,0,41.6,0,0,0,1,0,0,1,0,0,3,30,5,0,1,10,5,6,0,1
1,1,0,34.67,0,0,0,1,0,0,1,0,0,4,30,30,0,2,11,4,5,0,1
1,1,0,24.39,0,0,0,1,0,0,1,0,0,2,30,30,0,1,10,6,6,0,1
1,1,0,29.87,1,0,1,1,0,0,1,0,1,4,12,11,1,2,10,4,6,0,1
1,0,0,27.4,0,0,0,0,0,0,1,0,0,3,30,30,0,1,14,4,6,0,1
1,1,0,29.95,0,1,0,0,0,0,1,0,0,3,30,3,1,2,12,5,5,0,1
1,0,0,32.92,0,1,0,0,0,0,1,0,0,5,30,30,1,2,11,5,6,0,1
1,1,0,27.4,0,0,0,0,0,0,1,0,0,3,30,30,0,2,10,6,6,0,1
1,0,0,42.91,0,0,0,1,0,0,1,0,0,4,10,30,0,2,10,4,5,0,1
1,1,0,23.17,1,0,0,1,0,0,1,0,0,3,30,30,0,2,10,6,10,0,1
1,1,0,37.97,1,0,0,1,0,0,1,0,0,4,30,30,0,1,11,6,6,0,1
1,1,0,31.71,0,1,0,1,0,0,1,0,0,4,30,30,0,2,12,4,6,0,1
1,0,0,27.4,0,0,0,1,0,0,1,0,1,3,30,30,0,2,10,6,6,0,1
1,1,0,27.4,0,0,0,0,0,0,1,0,0,4,30,30,0,1,10,2,6,0,1
1,0,0,30.27,1,0,0,1,0,0,1,0,0,2,30,2,0,1,11,5,6,0,1
1,1,0,34.76,0,0,0,1,0,0,1,0,0,4,30,30,1,2,12,5,6,0,1
1,0,0,28.35,1,0,0,0,0,0,1,0,0,5,30,30,1,2,10,4,2,0,1
1,0,0,34.44,1,0,0,0,0,0,1,0,0,3,10,30,0,1,10,5,6,0,1
1,1,0,34.44,1,0,0,1,0,0,0,0,0,4,30,4,0,1,10,4,4,0,1
1,1,0,31.6,0,0,0,0,0,0,1,0,0,3,30,10,0,1,12,5,6,0,1
1,1,0,33.57,1,0,0,0,0,0,1,0,0,3,30,30,0,1,11,4,6,0,1
1,0,0,27.4,0,0,0,1,0,0,1,0,0,3,5,30,0,2,11,6,6,0,1
1,1,0,28.34,0,0,0,1,0,0,1,0,0,2,30,30,0,2,10,6,6,0,1
1,1,0,30.67,0,0,0,1,0,0,1,0,1,3,30,30,0,2,10,6,6,0,1
1,0,0,29.16,0,0,0,1,0,0,1,0,0,2,30,30,0,1,10,6,11,0,1
1,1,0,32.77,0,0,0,0,0,0,1,0,0,3,30,30,0,2,11,4,5,0,1
1,0,0,40.18,1,0,0,0,0,0,1,0,0,5,30,30,1,1,10,5,6,0,1
1,1,0,28.34,0,0,0,1,0,0,1,0,0,2,30,30,0,2,10,6,6,0,1
1,1,0,28.87,0,0,0,0,0,0,1,0,0,3,30,30,0,2,10,6,6,0,1
1,0,0,43.9,1,0,0,0,0,0,1,0,0,2,30,30,0,2,5,5,6,0,1
1,1,0,33.28,1,0,0,1,0,0,1,0,0,3,30,30,0,1,10,5,6,0,1
1,1,0,25.75,0,0,0,1,0,0,1,0,0,2,30,30,0,2,11,6,6,0,1
1,0,0,33.38,0,0,0,1,0,0,1,0,0,3,30,30,0,1,11,6,6,0,1
1,0,0,21.97,1,0,0,1,0,0,1,0,0,3,30,30,0,2,11,6,6,0,1
1,1,0,28.32,0,0,1,0,0,0,1,0,0,5,3,30,0,2,10,6,4,0,1
1,1,0,29.29,1,0,0,1,0,0,1,0,0,2,30,30,0,1,11,6,6,0,1
1,1,0,24.37,1,1,1,1,0,0,1,0,0,5,30,30,1,2,10,4,3,0,1
1,1,0,25.02,1,0,0,1,0,0,1,0,0,3,2,2,0,2,10,6,6,0,1
1,1,0,27.4,0,0,0,1,0,0,1,0,0,2,30,30,0,1,10,5,6,0,1
1,1,0,35.28,1,0,0,1,0,0,1,0,0,3,30,30,0,2,11,5,6,0,1
1,1,0,27.4,0,0,0,0,0,0,1,0,0,4,20,12,1,2,10,6,6,0,1
1,1,0,33.2,1,0,0,0,0,0,1,0,0,3,30,30,0,2,6,4,6,0,1
1,1,0,46.34,1,0,0,0,0,0,1,0,0,3,30,4,1,2,10,5,6,0,1
1,0,0,27.87,0,0,0,1,0,0,1,0,0,2,30,30,0,1,10,6,6,0,1
1,0,0,27.4,0,0,0,0,0,0,1,0,1,3,30,30,0,2,10,4,6,0,1
1,1,0,31.32,1,0,0,1,0,0,1,0,0,4,30,30,0,2,10,4,6,0,1
1,1,0,33.28,1,0,0,0,0,0,1,0,0,3,30,30,0,1,11,6,6,0,1
1,1,0,26.54,1,0,0,1,0,0,1,0,0,2,30,30,0,1,10,6,6,0,1
1,1,0,37.23,0,0,0,1,0,0,1,0,0,3,2,5,0,1,10,5,6,0,1
1,1,0,23.81,0,0,1,1,0,0,1,0,0,4,30,30,0,1,12,4,6,0,1
1,1,0,27.4,0,0,0,1,0,0,1,0,0,3,30,30,0,1,6,5,6,0,1
1,0,0,27.4,1,0,0,1,0,0,1,0,0,2,30,30,0,2,11,5,6,0,1
1,0,0,27.46,1,0,0,1,0,0,1,0,0,3,30,30,0,1,10,5,6,0,1
1,1,0,27.4,0,0,0,1,0,0,1,0,0,2,30,30,0,1,10,6,6,0,1
1,1,0,33.28,1,0,0,0,0,0,1,0,0,3,30,2,0,2,10,4,6,0,1
1,1,0,26.29,0,0,0,1,0,0,1,0,0,2,30,30,0,1,12,5,6,0,1
1,0,0,38.02,0,0,0,1,0,0,1,0,0,2,30,30,0,1,10,6,6,0,1
1,1,0,28.48,0,0,0,0,0,0,1,0,0,4,30,15,0,1,12,4,4,0,1
1,1,0,27.8,0,0,1,1,0,0,0,0,0,3,30,30,0,1,10,5,6,0,1
1,1,0,27.89,0,0,0,1,0,0,1,0,0,3,30,5,0,1,10,4,6,0,1
1,0,0,27.4,1,0,0,1,0,0,1,0,0,4,30,30,0,1,10,4,6,0,1
1,1,0,27.96,1,0,0,1,0,0,1,0,0,3,30,30,1,2,13,3,5,0,1
1,1,0,27.4,0,0,0,1,0,0,1,0,0,3,30,30,0,1,6,4,6,0,1
1,1,0,32.6,0,0,0,1,0,0,1,0,0,3,2,30,1,2,10,5,5,0,1
1,1,0,27.46,0,0,0,0,0,0,1,0,0,4,5,3,1,2,13,4,6,0,1
1,0,0,27.4,0,0,0,1,0,0,1,0,0,2,30,30,0,2,11,6,6,0,1
1,0,0,27.4,0,0,0,0,0,0,1,0,0,4,30,30,0,2,10,5,6,0,1
1,1,0,25.85,0,0,1,0,0,0,1,0,0,4,30,30,1,1,12,4,6,0,1
1,0,0,24.65,1,0,0,1,0,0,1,0,0,3,30,30,0,1,11,6,6,0,1
1,0,0,24.96,0,0,0,0,0,0,1,0,0,2,30,30,0,2,13,4,6,0,1
1,1,0,27.4,0,0,0,1,0,0,1,0,0,1,30,30,0,1,12,6,6,0,1
1,1,0,27.4,0,0,0,0,0,0,1,0,0,2,30,30,0,1,6,6,6,0,1
1,1,0,21.62,1,0,0,1,0,0,1,0,0,2,30,30,0,2,11,5,6,0,1
1,1,0,35.0,1,0,0,1,0,0,1,0,0,4,30,30,1,1,10,3,2,0,1
1,1,0,29.71,0,0,0,1,0,0,1,0,0,3,30,30,0,1,10,5,6,0,1
1,1,0,24.03,0,0,0,1,0,0,1,0,0,4,30,30,0,2,11,6,6,0,1
1,0,0,36.62,1,0,0,0,0,0,1,0,0,2,30,1,0,1,11,5,6,0,1
1,1,0,32.26,0,0,0,1,0,0,1,0,0,3,30,30,0,1,10,2,6,0,1
1,0,0,26.54,0,0,0,1,0,0,1,0,0,3,30,30,0,1,11,4,6,0,1
1,1,0,34.97,1,0,0,0,0,0,1,0,0,3,30,30,1,2,10,4,6,0,1
1,1,0,31.38,0,0,0,1,0,0,1,0,0,3,5,30,0,1,10,6,6,0,1
1,1,0,31.28,1,0,1,0,0,0,1,0,0,4,30,30,0,2,12,4,3,0,1
1,1,0,36.34,0,0,0,1,0,0,1,0,0,2,30,30,0,2,11,6,6,0,1
1,1,0,39.68,1,0,1,0,0,0,1,0,0,3,30,2,0,1,10,5,6,0,1
1,0,0,26.95,0,0,0,1,0,0,1,0,0,1,30,30,0,2,10,6,6,0,1
1,0,0,50.92,0,0,0,0,0,0,1,0,0,4,30,30,1,2,10,4,4,0,1
1,1,0,29.84,1,0,0,1,0,0,0,0,0,1,30,30,0,1,11,6,6,0,1
1,0,0,29.26,0,0,0,1,0,0,1,0,0,4,20,30,0,2,5,5,6,0,1
1,1,0,33.63,1,0,0,1,0,0,1,0,0,3,30,30,0,2,10,4,6,0,1
1,0,0,39.16,0,0,0,0,0,0,1,0,0,4,30,30,1,2,10,5,2,0,1
1,0,0,27.12,0,1,0,1,0,0,1,0,0,3,30,30,0,1,13,6,6,0,1
1,0,0,25.5,0,0,0,1,0,0,1,0,0,4,30,30,1,1,13,4,5,0,1
1,0,0,25.77,0,0,0,0,0,0,1,0,0,5,30,30,1,1,11,5,4,0,1
1,1,0,30.73,0,0,0,0,0,0,1,0,0,3,30,30,0,1,10,4,6,0,1
1,0,0,40.45,1,0,1,1,0,0,1,0,0,4,30,2,1,1,13,3,6,0,1
1,1,0,28.34,1,0,1,1,0,0,1,0,0,3,30,30,0,1,13,5,6,0,1
1,1,0,29.45,0,0,0,1,0,0,1,0,0,4,30,30,0,1,6,5,6,0,1
1,0,0,29.76,0,0,0,1,0,0,1,0,0,4,30,30,1,1,12,6,6,0,1
1,1,0,29.23,0,0,1,1,0,0,1,0,0,4,30,30,0,2,11,6,6,0,1
1,1,0,37.79,0,0,0,1,0,0,1,0,0,2,30,30,0,2,11,4,6,0,1
1,1,0,27.4,0,0,0,1,0,0,1,0,0,3,30,30,0,2,10,5,6,0,1
1,1,0,27.34,0,0,0,0,0,0,1,0,0,3,30,30,1,2,12,6,3,0,1
1,0,0,37.13,0,0,0,0,0,0,1,0,0,4,30,30,0,2,10,3,6,0,1
1,1,0,47.43,1,0,0,1,0,0,1,0,0,4,30,30,0,1,10,6,11,0,1
1,1,0,27.4,0,0,0,1,0,0,1,0,0,1,30,30,0,1,4,6,6,0,1
1,1,0,43.9,1,0,0,0,0,0,1,0,1,2,27,5,1,2,10,4,5,0,1
1,0,0,33.72,1,0,1,0,0,0,1,0,0,4,30,30,0,1,10,4,6,0,1
1,1,0,29.63,1,1,0,0,0,0,1,0,0,5,30,30,1,2,10,3,6,0,1
1,0,0,21.97,0,0,0,1,0,0,1,0,0,2,30,30,0,2,12,4,6,0,1
1,1,0,23.0,1,0,0,1,0,0,1,0,0,3,30,30,0,1,11,6,6,0,1
1,0,0,27.32,1,0,0,1,0,0,1,0,0,4,30,30,0,1,11,6,6,0,1
1,0,0,33.91,0,0,0,1,0,0,1,0,0,3,30,30,0,1,5,6,10,0,1
1,0,0,44.63,0,0,0,0,0,0,1,0,0,3,30,30,1,1,11,4,6,0,1
1,1,0,27.4,0,0,0,1,0,0,1,0,0,2,30,30,0,2,12,6,6,0,1
1,1,0,30.54,0,0,0,1,0,0,1,0,0,2,30,30,1,2,11,5,6,0,1
1,1,0,27.12,1,0,0,0,0,0,1,0,0,3,30,30,0,1,10,4,4,0,1
1,1,0,34.61,1,0,0,0,0,0,1,0,0,4,5,30,0,2,11,5,6,0,1
1,0,0,47.43,0,0,0,0,0,0,1,0,0,3,30,15,1,2,10,5,2,0,1
1,0,0,21.93,0,0,0,1,0,0,1,0,0,2,30,2,0,2,13,4,6,0,1
1,1,0,28.34,0,0,1,1,0,0,1,0,0,3,30,30,0,2,13,4,4,0,1
1,1,0,27.4,1,0,0,0,0,0,1,0,0,5,2,30,1,2,12,4,6,0,1
1,1,0,27.4,0,0,0,1,0,0,1,0,0,3,30,30,0,2,12,4,5,0,1
1,1,0,34.54,0,1,1,0,0,0,1,0,0,5,30,20,0,2,10,6,5,0,1
1,1,0,26.57,1,0,0,0,0,0,1,0,0,5,15,30,0,2,12,6,6,0,1
1,1,0,27.4,0,0,0,1,0,0,1,0,0,3,30,30,0,2,14,5,6,0,1
1,0,0,33.28,1,0,0,0,0,0,1,0,0,4,30,30,1,2,12,4,6,0,1
1,0,0,27.4,1,0,0,1,0,0,1,0,0,3,30,30,0,2,11,6,6,0,1
1,1,0,30.72,0,0,0,1,0,0,1,0,0,2,30,30,0,2,12,6,6,0,1
1,1,0,43.58,0,0,0,1,0,0,1,0,0,4,20,3,1,1,10,4,1,0,1
1,1,0,30.41,1,0,0,0,0,0,1,0,0,4,30,30,1,1,10,4,1,0,1
1,1,0,39.06,1,0,1,1,0,0,1,0,0,4,30,12,1,1,12,6,6,0,1
1,1,0,27.4,0,0,0,1,0,0,1,0,0,3,3,30,0,2,10,4,6,0,1
1,1,0,42.53,1,0,0,1,0,0,1,0,0,4,30,30,1,1,10,4,1,0,1
1,0,0,21.03,0,0,0,0,0,0,1,0,0,4,30,30,0,2,10,4,2,0,1
1,1,0,27.4,0,0,0,1,0,0,1,0,0,1,30,30,0,1,12,6,6,0,1
1,0,0,39.48,0,0,0,0,0,0,1,0,0,4,30,10,0,2,10,4,6,0,1
1,1,0,25.75,1,0,0,0,0,0,1,0,0,3,30,30,0,1,10,6,6,0,1
1,0,0,50.21,1,0,0,1,0,0,1,0,0,5,30,30,1,1,10,4,6,0,1
1,0,0,35.3,1,0,0,1,0,0,1,0,0,3,30,30,0,2,10,6,6,0,1
1,1,0,29.65,1,0,1,0,0,0,1,0,0,3,30,30,0,1,11,5,6,0,1
1,0,0,27.4,0,0,0,1,0,0,1,0,0,3,30,30,1,2,11,5,6,0,1
1,1,0,30.61,1,1,0,0,0,0,1,0,1,5,30,30,1,1,10,4,6,0,1
1,1,0,27.4,0,0,0,1,0,0,1,0,0,3,30,30,0,2,12,6,6,0,1
1,1,0,35.87,1,0,0,0,0,0,1,0,0,5,30,20,0,1,10,3,1,0,1
1,1,0,27.4,0,0,0,0,0,0,1,0,0,3,30,30,0,2,10,5,6,0,1
1,0,0,34.96,0,0,0,1,0,0,1,0,0,4,30,30,1,2,12,4,4,0,1
1,1,0,41.05,1,0,0,1,0,0,1,0,0,3,30,30,0,2,10,5,5,0,1
1,1,0,37.97,1,0,0,1,0,0,1,0,0,4,2,10,1,1,10,4,6,0,1
1,1,0,22.5,0,0,0,1,0,0,1,0,0,3,30,30,0,2,10,4,6,0,1
1,1,0,33.28,1,0,0,0,0,0,1,0,0,5,30,30,1,1,11,6,6,0,1
1,1,0,33.45,0,0,0,0,0,0,1,0,0,3,15,10,1,1,11,6,6,0,1
1,1,0,33.28,0,0,0,0,0,0,1,0,0,5,30,10,1,2,10,2,4,0,1
1,1,0,27.98,1,0,0,1,0,0,1,0,0,2,30,30,0,1,12,6,6,0,1
1,1,0,31.75,1,0,0,1,0,0,1,0,0,3,30,30,1,1,13,6,6,0,1
1,0,0,27.4,0,0,0,0,0,0,1,0,0,3,30,2,0,2,13,5,6,0,1
1,0,0,28.13,0,0,0,1,0,0,1,0,0,3,30,30,0,1,10,6,6,0,1
1,0,0,27.4,0,0,0,1,0,0,1,0,0,3,30,10,0,2,14,6,6,0,1
1,1,0,40.74,0,0,0,0,0,0,1,0,0,3,15,10,1,2,10,5,4,0,1
1,1,0,33.38,0,1,0,0,0,0,1,0,0,4,30,15,1,1,10,5,4,0,1
1,0,0,27.4,0,1,0,0,0,0,1,0,0,4,30,30,0,2,10,4,6,0,1
1,0,0,32.23,0,0,0,1,0,0,1,0,0,3,30,30,0,2,6,6,6,0,1
1,0,0,25.73,0,1,0,1,0,0,1,0,0,3,30,30,0,1,13,6,6,0,1
1,1,0,24.62,0,0,0,0,0,0,1,0,0,2,30,30,0,2,13,5,6,0,1
1,1,0,35.73,0,0,0,1,0,0,1,0,0,3,30,30,0,2,11,6,10,0,1
1,1,0,24.13,0,0,0,1,0,0,1,0,0,2,30,30,0,2,14,6,6,0,1
1,1,0,30.54,0,0,0,1,0,0,1,0,0,3,30,30,0,1,6,4,6,0,1
1,0,0,35.74,1,0,0,0,0,0,1,0,0,5,20,30,1,1,10,4,4,0,1
1,1,0,37.97,1,0,0,1,0,0,1,0,0,2,30,30,0,1,5,5,6,0,1
1,1,0,30.04,0,0,0,0,0,0,1,0,0,3,30,30,0,2,10,6,5,0,1
1,0,0,19.79,1,0,0,1,0,0,1,0,0,3,30,30,0,1,13,6,6,0,1
1,1,0,26.63,0,0,0,1,0,0,1,0,0,3,30,30,0,2,11,5,6,0,1
1,1,0,27.4,0,0,0,1,0,0,1,0,0,5,30,30,0,1,10,4,6,0,1
1,1,0,23.52,1,0,0,1,0,0,1,0,0,2,30,30,1,2,13,6,6,0,1
1,0,0,26.61,0,0,0,1,0,0,1,0,0,2,30,30,0,2,10,5,6,0,1
1,0,0,26.63,1,0,0,1,0,0,1,0,0,2,30,30,0,2,10,6,6,0,1
1,1,0,27.4,0,0,0,1,0,0,1,0,0,2,30,30,0,2,10,2,6,0,1
1,1,0,27.4,0,0,0,1,0,0,1,0,0,4,30,30,1,1,13,6,6,0,1
1,1,0,26.83,0,0,0,1,0,0,1,0,0,3,30,30,0,2,11,5,6,0,1
1,0,0,25.1,0,0,0,1,0,0,1,0,0,1,30,30,0,1,5,6,6,0,1
1,1,0,27.41,1,0,1,0,0,0,1,0,0,3,30,30,0,1,11,5,5,0,1
1,1,0,49.11,0,0,0,0,0,0,1,0,0,4,30,30,1,2,11,4,6,0,1
1,1,0,28.04,1,0,0,1,0,0,1,0,0,2,30,30,0,2,10,4,6,0,1
1,0,0,24.28,0,0,0,1,0,0,1,0,0,2,30,30,0,1,12,5,6,0,1
1,1,0,29.21,0,0,0,1,0,0,1,0,0,2,30,30,0,1,10,4,6,0,1
1,1,0,29.84,1,0,0,0,0,0,1,0,0,5,30,30,1,1,11,5,6,0,1
1,0,0,35.3,0,0,0,1,0,0,1,0,0,3,30,30,0,1,10,6,11,0,1
1,1,0,42.41,0,0,0,1,0,0,1,0,0,4,30,14,1,2,10,3,2,0,1
1,0,0,29.99,1,0,0,1,0,0,1,0,0,3,30,30,0,1,10,3,6,0,1
1,1,0,40.57,1,0,0,0,0,0,1,0,0,4,30,30,0,1,10,2,6,0,1
1,1,0,23.71,1,0,0,1,0,0,1,0,0,3,30,30,0,1,11,6,6,0,1
1,1,0,27.4,0,0,0,1,0,0,1,0,0,3,30,30,0,2,10,5,6,0,1
1,1,0,27.4,0,0,0,0,0,0,1,0,0,3,30,30,0,2,12,5,6,0,1
1,0,0,37.66,1,0,0,0,0,0,1,0,0,4,3,30,0,1,10,4,4,0,1
1,0,0,33.47,0,1,0,1,0,0,1,0,0,3,30,30,0,1,11,5,6,0,1
1,0,0,27.4,1,0,0,1,0,0,1,0,0,3,30,30,0,2,10,6,6,0,1
1,0,0,39.51,1,0,0,1,0,0,1,0,0,3,30,30,0,2,10,4,6,0,1
1,1,0,40.35,0,0,0,0,0,0,1,0,0,3,30,15,0,2,10,4,3,0,1
1,0,0,31.93,0,0,0,1,0,0,1,0,0,2,30,30,0,1,11,4,6,0,1
1,0,0,27.4,0,0,0,1,0,0,1,0,0,4,30,30,0,1,10,3,6,0,1
1,1,0,31.89,0,0,0,1,0,0,1,0,0,3,30,30,0,2,10,6,6,0,1
1,0,0,25.82,0,0,0,1,0,0,1,0,0,3,30,30,0,2,10,5,6,0,1
1,1,0,25.23,0,0,0,0,0,0,1,0,0,2,30,30,0,1,10,6,6,0,1
1,1,0,30.52,1,0,0,1,0,0,1,0,0,3,2,30,0,1,10,6,6,0,1
1,1,0,31.01,1,0,0,1,0,0,1,0,0,3,30,30,0,1,11,6,6,0,1
1,0,0,30.68,1,0,0,0,0,0,1,0,0,3,30,30,0,1,11,4,6,0,1
1,1,0,33.63,1,0,0,1,0,0,1,0,0,2,30,2,1,1,11,6,6,0,1
1,1,0,28.29,0,0,0,1,0,0,1,0,0,3,30,30,0,2,13,5,6,0,1
1,0,0,32.18,0,0,0,1,0,0,1,0,0,1,30,30,0,1,10,4,5,0,1
1,1,0,27.4,0,0,0,1,0,0,1,0,0,3,30,30,0,1,10,6,6,0,1
1,1,0,27.4,0,0,0,0,0,0,1,0,0,3,30,30,0,1,10,6,6,0,1
1,1,0,27.4,0,1,1,0,0,0,1,0,0,5,30,30,1,2,11,5,4,0,1
1,1,0,29.26,1,0,0,0,0,0,1,0,1,5,30,14,0,2,10,3,1,0,1
1,1,0,29.76,1,0,1,1,0,0,1,0,0,4,30,30,1,1,12,5,6,0,1
1,0,0,43.27,0,0,0,1,0,0,1,0,0,4,30,2,0,1,10,4,6,0,1
1,1,0,39.87,1,0,0,1,0,0,1,0,0,5,30,30,1,1,10,4,2,0,1
1,0,0,35.26,1,0,0,0,0,0,1,0,0,4,30,29,0,1,10,4,6,0,1
1,1,0,27.4,1,0,0,1,0,0,1,0,0,2,30,30,0,2,10,6,6,0,1
1,1,0,34.21,0,0,0,1,0,0,1,0,0,2,30,30,0,1,11,5,6,0,1
1,0,0,21.43,1,0,0,1,0,0,1,0,0,2,30,30,0,1,10,6,6,0,1
1,1,0,37.76,0,0,0,1,0,0,1,0,0,4,5,30,0,2,10,6,6,0,1
1,1,0,26.5,0,0,0,1,0,0,1,0,0,4,30,10,1,1,10,3,6,0,1
1,0,0,28.94,0,0,0,0,0,0,1,0,0,4,30,30,0,1,10,5,4,0,1
1,0,0,32.61,0,0,0,1,0,0,1,0,0,2,30,30,0,2,10,6,6,0,1
1,1,0,24.39,0,1,0,1,0,0,1,0,0,2,30,30,0,1,10,6,6,0,1
1,0,0,25.02,0,0,0,1,0,0,1,0,0,2,30,5,0,2,11,5,6,0,1
1,1,0,54.87,0,0,0,0,0,0,1,0,0,4,30,3,1,2,10,5,3,0,1
1,1,0,32.28,0,0,0,0,0,0,1,0,0,3,30,30,1,2,12,2,6,0,1
1,0,0,47.37,0,0,0,0,0,0,1,0,0,4,30,30,1,2,10,6,6,0,1
1,1,0,28.97,0,0,0,1,0,0,1,0,0,3,30,30,0,1,10,4,6,0,1
1,0,0,31.01,1,0,0,1,0,0,1,0,0,2,30,30,0,1,10,5,6,0,1
1,0,0,27.89,1,1,1,0,0,0,1,0,0,3,30,30,1,1,10,4,6,0,1
1,1,0,26.63,0,0,0,1,0,0,1,0,0,5,30,30,1,1,10,6,2,0,1
1,1,0,26.61,0,0,0,1,0,0,1,0,0,1,30,30,0,1,10,6,6,0,1
1,1,0,38.04,1,1,1,1,0,0,1,0,0,3,30,4,0,2,10,5,4,0,1
1,1,0,51.49,1,0,1,1,0,0,1,0,0,3,2,2,1,2,10,5,6,0,1
1,1,0,31.28,0,0,0,0,0,0,1,0,1,4,30,2,0,2,10,4,4,0,1
1,1,0,27.4,0,0,0,1,0,0,1,0,0,3,30,30,0,1,10,6,6,0,1
1,0,0,28.06,0,0,0,1,0,0,1,0,0,4,30,30,1,1,10,4,4,0,1
1,0,0,25.65,0,0,0,0,0,0,1,0,0,4,30,30,0,2,10,2,6,0,1
1,1,0,47.47,0,0,0,1,0,0,1,0,1,5,25,28,1,1,10,6,6,0,1
1,1,0,32.61,0,0,0,0,0,0,1,0,0,3,30,30,0,2,10,5,6,0,1
1,1,0,32.44,0,0,0,1,0,0,1,0,0,3,30,30,0,1,11,4,6,0,1
1,1,0,28.25,1,0,0,1,0,0,1,0,0,3,30,30,0,1,10,6,6,0,1
1,0,0,36.81,0,0,0,0,0,0,1,0,0,4,30,3,0,1,10,4,4,0,1
1,1,0,31.45,0,0,0,1,0,0,1,0,0,3,30,30,0,2,11,6,10,0,1
1,1,0,37.59,1,0,0,1,0,0,1,0,0,3,30,30,0,1,10,6,6,0,1
1,1,0,27.4,0,0,0,1,0,0,1,0,0,2,30,30,0,2,13,6,6,0,1
1,1,0,31.89,0,0,0,0,0,0,1,0,0,4,30,30,1,2,13,6,6,0,1
1,1,0,30.41,1,0,1,1,0,0,1,0,0,3,30,30,0,1,12,5,6,0,1
1,1,0,27.4,0,0,0,1,0,0,1,0,0,3,30,30,0,2,10,6,11,0,1
1,1,0,24.69,0,0,0,0,0,0,1,0,0,3,30,30,0,2,11,6,6,0,1
1,0,0,43.88,1,0,0,1,0,0,1,0,0,4,30,30,1,1,11,6,6,0,1
1,0,0,27.32,0,0,0,1,0,0,1,0,0,2,30,30,0,1,10,6,6,0,1
1,1,0,26.11,1,0,0,0,0,0,1,0,0,4,30,1,0,1,12,6,5,0,1
1,1,0,34.44,0,0,0,1,0,0,1,0,0,3,30,30,0,1,10,4,6,0,1
1,1,0,34.96,0,0,0,1,0,0,1,0,0,3,30,30,0,1,10,6,6,0,1
1,0,0,23.34,0,0,0,0,0,0,1,0,0,3,30,30,0,2,13,4,4,0,1
1,1,0,23.99,1,0,0,0,0,0,1,0,0,3,30,30,0,1,11,4,6,0,1
1,0,0,27.32,0,0,0,1,0,0,1,0,0,1,30,30,0,1,13,6,6,0,1
1,1,0,33.28,0,0,0,0,0,0,1,0,0,4,30,15,1,2,11,5,3,0,1
1,1,0,33.28,1,0,0,1,0,0,1,0,0,3,30,30,0,2,10,4,6,0,1
1,1,0,30.55,0,0,0,1,0,0,1,0,0,2,30,30,0,1,10,6,6,0,1
1,0,0,31.32,0,0,0,1,0,0,1,0,0,2,30,30,0,2,10,6,5,0,1
1,1,0,27.4,0,0,0,0,0,0,1,0,0,1,30,30,0,1,10,4,6,0,1
1,0,0,27.4,1,0,0,1,0,0,1,0,0,3,30,30,0,2,10,5,6,0,1
1,1,0,29.53,0,0,0,0,0,0,1,0,1,4,15,15,1,1,10,5,6,0,1
1,1,0,37.41,1,0,0,0,0,0,1,0,0,4,14,14,1,2,10,5,5,0,1
1,0,0,28.7,0,0,0,1,0,0,1,0,1,5,30,30,1,1,10,6,5,0,1
1,1,0,28.57,0,0,0,1,0,0,1,0,0,2,30,30,0,2,10,4,6,0,1
1,1,0,23.75,1,0,0,1,0,0,1,0,0,3,30,2,0,1,10,6,10,0,1
1,1,0,27.4,0,0,0,0,0,0,1,0,0,3,30,30,0,2,14,4,6,0,1
1,1,0,32.59,0,0,0,1,0,0,1,0,0,3,3,4,1,2,10,5,6,0,1
1,1,0,27.44,1,0,0,0,0,0,1,0,0,3,30,30,1,2,11,5,6,0,1
1,0,0,31.63,1,0,0,1,0,0,1,0,0,2,30,30,0,2,11,6,6,0,1
1,1,0,25.77,0,0,0,1,0,0,1,0,0,3,30,30,0,1,11,5,6,0,1
1,0,0,28.7,1,0,0,1,0,0,1,0,0,3,30,30,0,1,13,6,6,0,1
1,0,0,37.12,1,0,0,0,0,0,1,0,0,4,30,30,1,2,10,5,2,0,1
1,0,0,21.13,0,0,0,1,0,0,1,0,0,3,30,30,0,2,11,4,6,0,1
1,0,0,40.69,0,0,0,1,0,0,1,0,0,3,30,30,0,1,10,4,6,0,1
1,1,0,31.57,1,0,1,0,0,0,1,0,0,4,5,2,1,1,11,4,4,0,1
1,0,0,25.82,0,1,1,1,0,0,1,0,0,5,15,30,1,2,10,6,6,0,1
1,0,0,27.4,0,0,0,0,0,0,1,0,0,2,30,30,0,2,10,5,6,0,1
1,1,0,27.4,0,0,0,1,0,0,1,0,0,3,30,30,0,1,10,4,6,0,1
1,0,0,27.4,0,0,0,0,0,0,1,0,0,2,30,30,0,2,12,5,6,0,1
1,0,0,27.4,0,0,0,0,0,0,1,0,0,3,30,30,0,2,11,4,6,0,1
1,1,0,27.4,0,0,0,1,0,0,1,0,0,3,30,30,0,2,11,4,6,0,1
1,1,0,30.83,0,0,0,1,0,0,1,0,0,3,30,30,1,2,13,6,5,0,1
1,1,0,29.26,0,0,0,0,0,0,1,0,0,3,30,30,1,2,12,6,6,0,1
1,0,0,27.4,0,0,1,1,0,0,1,0,1,4,30,30,0,2,10,5,5,0,1
1,1,0,25.02,0,0,0,1,0,0,1,0,0,2,30,30,0,2,12,6,6,0,1
1,1,0,35.02,0,0,0,1,0,0,1,0,0,3,30,30,0,2,10,6,6,0,1
1,0,0,27.4,0,0,0,0,0,0,1,0,0,3,30,30,0,1,10,6,6,0,1
1,1,0,23.44,0,0,0,1,0,0,1,0,0,2,30,30,0,2,11,5,6,0,1
1,1,0,48.78,1,0,1,0,0,0,1,0,0,4,30,3,1,1,10,4,2,0,1
1,0,0,40.03,0,0,0,0,0,0,1,0,0,3,30,30,1,2,10,4,3,0,1
1,1,0,36.58,0,1,0,0,0,0,1,0,0,4,2,12,1,2,10,5,5,0,1
1,0,0,46.11,1,0,1,0,0,0,1,0,0,4,30,30,1,1,10,4,6,0,1
1,0,0,24.41,0,0,0,1,0,0,1,0,0,2,30,30,0,1,12,5,6,0,1
1,1,0,30.41,0,0,0,1,0,0,1,0,0,3,30,30,0,2,10,5,11,0,1
1,1,0,29.05,1,1,0,0,0,0,1,0,0,5,4,30,1,2,13,3,5,0,1
1,1,0,34.67,1,0,0,1,0,0,1,0,0,3,30,30,0,1,12,5,6,0,1
1,0,0,33.12,0,0,0,0,0,0,1,0,0,3,30,2,0,2,12,4,4,0,1
1,1,0,25.82,0,0,0,1,0,0,1,0,0,2,30,30,0,2,12,6,6,0,1
1,0,0,25.09,0,0,0,1,0,0,1,0,0,3,30,30,0,1,10,5,11,0,1
1,1,0,41.63,0,0,0,0,0,0,1,0,0,4,30,30,1,2,10,4,6,0,1
1,1,0,27.4,0,0,0,0,0,0,1,0,0,3,30,30,0,2,10,6,6,0,1
1,1,0,27.4,0,0,0,0,0,0,1,0,0,2,30,30,0,1,14,6,6,0,1
1,1,0,27.4,0,0,0,1,0,0,1,0,0,3,3,4,0,1,10,6,6,0,1
1,1,0,33.91,1,0,1,1,0,0,1,0,0,4,30,5,0,1,10,6,6,0,1
1,1,0,36.49,1,0,0,1,0,0,1,0,0,3,30,3,0,1,10,5,6,0,1
1,1,0,29.38,0,0,0,0,0,0,1,0,0,4,30,30,0,2,10,4,3,0,1
1,1,0,27.4,1,0,0,0,0,0,1,0,0,3,30,30,0,2,11,6,6,0,1
1,1,0,28.06,0,0,1,1,0,0,1,0,0,3,30,30,0,2,11,5,6,0,1
1,1,0,21.29,1,0,1,0,0,0,1,0,0,5,30,30,1,1,10,3,1,0,1
1,1,0,27.4,0,0,0,0,0,0,1,0,0,5,30,30,0,2,12,4,6,0,1
1,1,0,25.11,1,0,0,1,0,0,1,0,0,2,30,30,0,1,11,4,6,0,1
1,1,0,35.43,0,0,0,1,0,0,1,0,0,2,30,30,0,2,11,6,6,0,1
1,0,0,49.78,1,0,0,0,0,0,1,0,0,5,5,30,1,2,11,4,6,0,1
1,1,0,33.89,0,0,0,1,0,0,1,0,0,3,30,30,0,2,10,4,6,0,1
1,0,0,21.8,0,0,0,1,0,0,1,0,0,3,30,30,0,1,11,5,6,0,1
1,0,0,29.18,0,0,0,1,0,0,1,0,0,2,30,30,0,2,10,6,6,0,1
1,1,0,38.62,0,0,0,0,0,0,1,0,0,2,30,30,0,2,10,5,6,0,1
1,1,0,36.76,0,0,0,0,0,0,1,0,0,4,30,30,0,2,10,6,10,0,1
1,1,0,27.89,1,1,0,0,0,0,1,0,0,3,1,30,1,1,10,3,1,0,1
1,1,0,30.13,0,0,0,1,0,0,1,0,0,2,30,30,0,1,10,6,11,0,1
1,1,0,27.89,0,0,1,0,0,0,1,0,0,4,30,30,1,1,13,3,1,0,1
1,1,0,33.0,1,0,1,0,0,0,1,0,0,4,30,15,1,1,13,5,6,0,1
1,1,0,49.34,0,0,0,0,0,0,1,0,0,4,30,30,1,1,13,5,4,0,1
1,1,0,27.4,0,0,1,0,0,0,1,0,0,5,25,25,0,1,11,5,6,0,1
1,1,0,21.97,1,0,0,0,0,0,1,0,0,5,30,30,0,2,10,5,2,0,1
1,1,0,27.4,1,0,0,0,0,0,1,0,0,4,30,15,1,2,10,2,6,0,1
1,0,0,30.68,1,0,0,1,0,0,1,0,0,3,30,30,1,1,10,5,6,0,1
1,1,0,24.89,0,0,0,0,0,0,1,0,0,3,4,30,0,2,10,5,6,0,1
1,0,0,27.4,1,0,0,0,0,0,1,0,0,3,30,30,1,2,13,4,6,0,1
1,1,0,27.98,1,0,0,1,0,0,1,0,0,2,30,30,0,1,10,4,6,0,1
1,0,0,27.4,0,0,0,1,0,0,1,0,0,3,5,30,0,2,10,5,6,0,1
1,1,0,36.13,1,0,0,1,0,0,1,0,0,3,30,30,0,2,11,4,6,0,1
1,0,0,27.4,0,0,0,1,0,0,1,0,0,3,30,30,0,2,11,5,6,0,1
1,1,0,37.79,0,0,0,0,0,0,1,0,1,4,30,30,1,2,10,6,5,0,1
1,0,0,33.89,0,0,0,0,0,0,1,0,0,3,30,30,0,2,10,5,6,0,1
1,0,0,30.79,0,0,0,1,0,0,1,0,0,4,30,30,0,2,13,5,6,0,1
1,1,0,30.04,1,0,0,0,0,0,1,0,0,3,30,30,0,2,11,4,6,0,1
1,1,0,27.4,0,0,0,1,0,0,1,0,0,2,30,30,0,2,12,5,6,0,1
1,1,0,43.85,1,0,0,0,0,0,1,0,0,5,30,30,1,2,10,4,3,0,1
1,0,0,22.11,1,0,0,1,0,0,0,0,0,2,30,30,0,2,12,6,6,0,1
1,1,0,27.4,0,0,0,1,0,0,1,0,0,2,30,30,0,2,12,5,6,0,1
1,1,0,32.55,1,0,1,1,0,0,1,0,0,5,2,3,1,1,10,5,6,0,1
1,1,0,30.27,0,1,0,1,0,0,1,0,0,3,30,30,1,2,13,4,4,0,1
1,1,0,26.61,0,0,0,1,0,0,1,0,0,2,30,30,0,2,13,6,6,0,1
1,1,0,32.08,1,1,0,0,0,0,1,0,0,2,30,30,1,1,12,6,6,0,1
1,1,0,24.33,1,0,0,1,0,0,1,0,0,5,30,30,1,1,10,4,6,0,1
1,1,0,22.68,1,0,0,1,0,0,1,0,0,4,30,30,0,2,10,4,6,0,1
1,1,0,28.19,0,0,0,1,0,0,1,0,0,2,30,30,0,1,12,4,6,0,1
1,0,0,41.2,0,0,0,1,0,0,1,0,0,3,30,30,0,1,10,4,6,0,1
1,1,0,39.06,0,0,0,1,0,0,1,0,0,2,30,30,0,2,10,4,5,0,1
1,0,0,27.4,1,0,0,1,0,0,1,0,0,3,30,30,0,2,12,5,5,0,1
1,0,0,27.12,0,0,0,1,0,0,1,0,1,4,30,30,1,1,10,4,5,0,1
1,1,0,44.92,0,0,0,0,0,0,1,0,1,3,10,30,1,1,10,3,6,0,1
1,1,0,23.63,0,0,0,0,0,0,1,0,0,3,30,30,0,1,10,5,6,0,1
1,1,0,35.73,1,0,0,1,0,0,1,0,0,2,30,30,0,1,10,4,5,0,1
1,1,0,34.21,1,0,0,1,0,0,1,0,0,3,30,30,0,2,10,4,6,0,1
1,1,0,29.53,0,0,0,1,0,0,1,0,0,2,30,30,0,1,13,6,6,0,1
1,1,0,27.4,0,0,0,0,0,0,1,0,0,3,30,30,0,2,12,5,6,0,1
1,0,0,27.12,1,0,0,0,0,0,1,0,0,3,30,30,1,1,13,6,11,0,1
1,1,0,25.1,0,0,0,1,0,0,1,0,0,3,30,30,0,1,10,6,6,0,1
1,0,1,38.35,1,0,0,0,0,0,1,0,0,3,30,30,0,2,10,4,6,0,1
1,1,0,27.98,1,0,1,0,0,0,1,0,0,5,10,30,1,2,12,5,5,0,1
1,1,0,38.69,1,1,0,1,0,0,1,0,0,4,30,30,1,2,11,5,4,0,1
1,1,0,37.66,1,0,0,1,0,0,1,0,0,3,30,30,0,1,10,4,5,0,1
1,1,0,30.61,0,0,0,1,0,0,1,0,0,3,30,30,0,1,10,6,6,0,1
1,1,0,38.36,0,0,0,1,0,0,1,0,0,4,4,30,0,2,10,6,5,0,1
1,0,0,22.6,0,0,0,1,0,0,1,0,0,4,30,30,0,2,13,5,6,0,1
1,0,0,37.24,0,0,0,1,0,0,1,0,0,3,30,30,0,1,11,4,5,0,1
1,1,0,31.62,0,0,0,0,0,0,1,0,0,5,30,30,0,2,10,6,1,0,1
1,0,0,29.65,0,0,0,1,0,0,1,0,0,2,30,30,0,1,10,5,11,0,1
1,0,0,26.96,0,0,0,1,0,0,1,0,0,4,30,30,1,1,10,2,4,0,1
1,1,0,37.77,0,1,0,1,0,0,1,0,0,4,5,30,1,2,10,6,3,0,1
1,1,0,27.4,0,0,0,0,0,0,1,0,0,3,30,30,0,1,10,6,6,0,1
1,1,0,27.4,0,0,0,0,0,0,1,0,1,5,15,30,0,2,6,6,6,0,1
1,0,0,23.8,0,1,0,1,0,0,1,0,0,3,30,30,0,2,13,5,6,0,1
1,1,0,40.75,0,1,0,0,0,0,1,0,1,5,10,22,1,2,10,2,1,0,1
1,0,0,32.98,0,0,0,1,0,0,1,0,0,3,30,30,0,1,13,3,4,0,1
1,1,0,31.46,1,0,0,0,0,0,1,0,1,5,30,30,1,1,6,2,5,0,1
1,1,0,29.26,0,0,0,1,0,0,1,0,0,2,30,30,0,2,11,6,6,0,1
1,1,0,30.11,0,0,0,1,0,0,1,0,0,1,30,30,0,2,12,5,6,0,1
1,0,0,24.14,0,0,0,1,0,0,1,0,0,3,30,30,1,2,13,6,6,0,1
1,0,0,30.44,0,0,0,1,0,0,1,0,0,3,30,30,0,2,11,6,6,0,1
1,1,0,35.43,0,0,0,0,0,0,1,0,0,4,25,30,0,2,10,6,6,0,1
1,1,0,29.26,0,0,0,1,0,0,1,0,0,3,2,30,0,2,10,6,6,0,1
1,1,0,37.31,1,1,1,0,0,0,1,0,1,5,30,30,1,1,11,4,5,0,1
1,1,0,35.87,0,0,0,1,0,0,1,0,0,5,30,30,0,1,10,5,6,0,1
1,0,0,44.48,1,0,0,1,0,0,1,0,0,3,30,30,0,1,10,5,11,0,1
1,0,0,43.75,0,0,0,1,0,0,1,0,0,4,30,30,1,1,10,6,6,0,1
1,0,1,27.4,0,0,0,0,0,0,1,0,0,3,30,30,0,1,10,2,6,0,1
1,1,0,27.4,0,0,0,0,0,0,1,0,0,3,30,30,0,2,10,5,6,0,1
1,0,0,36.81,1,0,0,0,0,0,1,0,0,3,30,5,0,2,12,5,5,0,1
1,0,0,30.24,1,0,0,0,0,0,1,0,0,4,30,30,1,1,12,3,1,0,1
1,0,0,20.67,0,0,0,1,0,0,1,0,0,3,30,30,0,1,11,6,6,0,1
1,0,0,27.37,0,0,0,1,0,0,1,0,0,4,30,30,0,1,11,2,6,0,1
1,1,0,32.19,1,0,0,1,0,0,1,0,0,5,30,15,1,2,11,4,2,0,1
1,1,0,29.86,0,0,0,0,0,0,1,0,0,3,30,30,0,1,11,3,6,0,1
1,1,0,27.4,1,0,0,0,0,0,1,0,0,3,30,30,0,2,10,5,6,0,1
1,0,0,35.78,0,0,0,1,0,0,1,0,0,3,30,30,0,2,10,2,6,0,1
1,0,0,26.58,1,1,1,0,0,0,1,0,0,4,30,30,1,1,10,5,5,0,1
1,1,0,33.07,1,0,0,1,0,0,1,0,0,3,4,3,0,1,13,6,6,0,1
1,0,0,41.6,0,0,1,0,0,0,1,0,0,5,5,30,1,2,13,6,6,0,1
1,1,0,26.92,0,0,1,0,0,0,1,0,0,5,20,15,1,1,12,5,6,0,1
1,0,0,33.66,1,0,0,1,0,0,1,0,0,3,30,5,0,2,12,6,6,0,1
1,0,0,28.34,0,0,0,0,0,0,1,0,0,4,15,30,1,2,10,5,6,0,1
1,1,0,23.78,1,0,0,1,0,0,1,0,0,2,2,30,0,1,13,6,6,0,1
1,0,0,24.41,0,0,0,1,0,0,1,0,0,2,30,30,0,1,11,6,6,0,1
1,1,0,29.86,0,0,0,0,0,0,1,0,0,3,30,30,0,1,11,6,6,0,1
1,1,0,29.84,0,0,0,1,0,0,1,0,0,4,30,30,1,1,11,6,11,0,1
1,1,0,44.63,1,1,0,0,0,0,1,0,0,4,14,14,1,2,10,4,3,0,1
1,1,0,44.29,1,0,0,0,0,0,1,0,0,3,30,30,0,2,10,5,6,0,1
1,1,0,27.4,1,0,0,1,0,0,0,0,0,2,30,30,0,2,10,4,6,0,1
1,1,0,27.82,0,0,0,1,0,0,1,0,0,2,3,30,0,1,10,6,6,0,1
1,1,0,24.03,0,0,0,1,0,0,1,0,0,2,30,30,0,2,10,5,6,0,1
1,1,0,42.07,1,0,0,1,0,0,1,0,0,4,10,30,1,2,10,4,6,0,1
1,1,0,36.02,1,0,0,0,0,0,1,0,0,3,30,30,0,1,12,5,6,0,1
1,1,0,48.06,0,0,0,0,0,0,1,0,0,4,30,20,1,2,10,4,3,0,1
1,1,0,36.49,0,0,1,1,0,0,1,0,0,4,15,30,1,1,10,4,5,0,1
1,1,0,27.4,0,0,0,1,0,0,1,0,0,4,30,30,0,1,10,6,6,0,1
1,1,0,36.65,1,0,0,0,0,0,1,0,0,3,3,30,1,2,12,3,5,0,1
1,0,0,31.19,0,0,0,1,0,0,1,0,0,3,30,30,0,1,10,6,6,0,1
1,1,0,30.54,1,0,0,1,0,0,1,0,0,4,30,30,0,1,10,4,6,0,1
1,1,0,27.46,0,0,0,1,0,0,1,0,0,3,1,30,0,2,10,4,6,0,1
1,1,0,27.4,0,0,0,0,0,0,1,0,0,4,30,30,0,2,10,5,6,0,1
1,1,0,36.3,0,0,0,0,0,0,1,0,1,4,30,30,0,1,10,4,6,0,1
1,1,0,25.09,0,0,0,1,0,0,1,0,0,1,30,30,0,1,10,6,6,0,1
1,1,0,24.37,0,0,1,1,0,0,1,0,0,2,30,30,0,1,10,4,6,0,1
1,1,0,27.4,0,0,0,0,0,0,1,0,0,2,10,5,0,1,10,4,6,0,1
1,1,0,31.19,1,0,0,0,0,0,1,0,0,3,30,30,0,1,10,4,6,0,1
1,1,0,31.0,0,0,0,0,0,0,1,0,0,3,1,30,1,2,11,4,4,0,1
1,1,0,36.58,1,0,0,0,0,0,1,0,0,5,25,30,1,2,10,2,4,0,1
1,0,0,28.16,0,0,0,1,0,0,1,0,0,2,30,30,0,1,11,6,6,0,1
1,1,0,31.62,0,0,0,1,0,0,1,0,0,2,1,30,0,2,10,6,6,0,1
1,1,0,48.37,1,0,0,0,0,0,1,0,0,3,10,5,1,2,10,4,6,0,1
1,1,0,31.0,0,0,0,1,0,0,1,0,0,3,30,30,0,1,10,6,5,0,1
1,1,0,29.03,1,0,0,0,0,0,1,0,0,4,30,30,1,1,10,4,6,0,1
1,1,0,32.89,1,0,0,1,0,0,1,0,0,3,30,30,0,1,10,4,6,0,1
1,0,0,31.87,0,0,0,1,0,0,1,0,0,4,30,30,0,1,4,5,6,0,1
1,1,0,44.3,1,0,1,0,0,0,1,0,1,5,30,15,1,2,11,5,4,0,1
1,1,0,38.52,1,0,0,1,0,0,1,0,0,4,1,30,0,1,10,5,6,0,1
1,1,0,41.19,0,0,1,0,0,0,1,0,0,3,15,5,1,2,11,6,6,0,1
1,0,0,28.25,1,0,0,0,0,0,1,0,0,4,30,30,1,1,12,4,5,0,1
1,1,0,34.96,1,0,1,1,0,0,1,0,0,5,30,30,1,1,11,4,2,0,1
1,0,0,20.6,1,0,0,0,0,0,1,0,0,3,30,30,0,2,11,6,6,0,1
1,1,0,35.44,1,0,0,1,0,0,1,0,0,5,20,30,0,1,10,2,6,0,1
1,1,0,24.39,1,0,0,1,0,0,1,0,0,2,30,30,0,1,11,4,6,0,1
1,0,0,27.4,0,0,0,0,0,0,1,0,0,4,30,30,0,2,10,4,6,0,1
1,0,0,27.4,0,0,0,1,0,0,1,0,0,3,30,30,0,1,12,4,6,0,1
1,0,1,27.4,0,0,0,0,0,0,1,0,1,3,30,30,0,1,5,4,6,0,1
1,1,0,17.22,1,0,0,1,0,0,1,0,0,3,30,30,0,1,12,6,6,0,1
1,1,0,31.41,1,0,0,1,0,0,1,0,0,5,30,30,1,2,11,2,1,0,1
1,1,0,30.7,0,0,0,1,0,0,1,0,0,3,30,30,0,1,12,4,6,0,1
1,1,0,42.91,1,0,1,0,0,0,1,0,0,4,15,15,0,2,10,5,6,0,1
1,1,0,40.35,0,0,0,1,0,0,1,0,0,3,30,30,1,2,10,5,6,0,1
1,1,0,37.93,0,0,0,0,0,0,1,0,0,4,30,10,0,1,11,5,6,0,1
1,0,0,33.96,1,0,0,1,0,0,1,0,0,4,30,30,0,1,13,3,5,0,1
1,1,0,25.84,0,0,1,1,0,0,1,0,0,4,2,3,0,1,10,5,6,0,1
1,0,0,27.46,0,0,0,0,0,0,1,0,0,4,30,30,1,2,12,2,6,0,1
1,1,0,24.21,0,0,1,1,0,0,1,0,0,3,30,2,0,1,12,6,6,0,1
1,1,0,27.59,0,0,0,1,0,0,1,0,0,4,30,30,0,2,13,5,6,0,1
1,1,0,37.31,0,1,1,1,0,0,1,0,0,4,30,30,0,1,10,4,6,0,1
1,1,0,25.83,0,0,0,1,0,0,1,0,0,3,30,30,0,1,10,6,11,0,1
1,1,0,33.07,1,0,0,0,0,0,1,0,0,3,30,30,1,2,12,5,6,0,1
1,1,0,26.19,1,0,0,1,0,0,1,0,0,2,30,30,0,1,13,5,6,0,1
1,0,0,31.66,0,0,0,1,0,0,1,0,0,2,30,30,0,1,11,5,10,0,1
1,1,0,45.49,0,0,0,0,0,0,1,0,0,4,30,2,0,2,10,5,6,0,1
1,1,0,27.4,0,0,0,1,0,0,1,0,0,2,1,30,0,2,11,6,6,0,1
1,1,0,27.4,0,0,0,0,0,0,1,0,0,4,30,10,0,2,12,5,6,0,1
1,0,0,36.18,0,0,0,1,0,0,1,0,0,2,30,30,0,1,10,6,11,0,1
1,1,0,27.26,1,0,0,1,0,0,1,0,0,3,30,30,0,1,13,4,6,0,1
1,1,0,24.27,0,0,0,1,0,0,1,0,0,1,30,30,0,2,11,4,6,0,1
1,0,0,23.91,0,0,0,1,0,0,1,0,0,2,30,30,0,2,10,4,5,0,1
1,1,0,28.19,0,0,1,0,0,0,1,0,0,2,30,30,0,1,11,5,6,0,1
1,1,0,27.4,0,0,0,1,0,0,1,0,0,2,30,30,0,1,10,5,6,0,1
1,0,0,38.97,0,0,0,1,0,0,1,0,0,3,30,30,0,1,10,5,10,0,1
1,0,0,29.86,0,0,0,1,0,0,1,0,0,3,30,30,0,1,10,6,6,0,1
1,1,0,27.4,0,0,0,1,0,0,1,0,0,5,5,30,1,2,13,3,5,0,1
1,0,0,27.4,0,0,0,1,0,0,1,0,0,3,30,30,0,1,10,4,6,0,1
1,1,0,25.9,1,0,0,1,0,0,1,0,0,3,30,30,1,1,12,6,6,0,1
1,0,0,24.33,0,0,0,1,0,0,1,0,0,3,30,30,0,1,10,6,6,0,1
1,0,0,27.4,0,0,0,0,0,0,1,0,0,5,30,30,1,2,13,6,6,0,1
1,1,0,42.77,0,0,0,0,0,0,1,0,0,4,30,30,1,2,10,6,6,0,1
1,1,0,34.39,1,0,0,1,0,0,1,0,0,4,30,10,0,2,10,6,6,0,1
1,1,0,30.57,0,0,0,1,0,0,1,0,0,3,30,30,0,1,10,6,10,0,1
1,1,0,27.4,0,0,0,1,0,0,1,0,0,4,30,30,0,2,10,6,6,0,1
1,1,0,29.05,0,0,0,1,0,0,1,0,0,2,30,30,0,2,6,6,6,0,1
1,0,0,26.52,0,0,0,1,0,0,1,0,0,2,30,30,0,2,13,5,6,0,1
1,0,0,42.05,0,0,0,1,0,0,1,0,0,3,30,30,0,2,10,6,6,0,1
1,0,0,30.67,0,0,1,0,0,0,1,0,0,3,30,30,0,2,13,4,6,0,1
1,0,0,30.54,0,0,0,1,0,0,1,0,0,3,30,30,0,1,10,6,6,0,1
1,0,0,31.25,1,0,0,1,0,0,1,0,0,4,30,15,1,2,11,4,4,0,1
1,1,0,22.6,1,0,1,1,0,0,1,0,0,5,30,30,1,2,10,6,6,0,1
1,1,0,43.05,1,0,0,1,0,0,1,0,0,4,30,3,0,1,10,5,6,0,1
1,1,0,28.97,1,0,1,1,0,0,1,0,0,4,15,30,0,2,6,6,6,0,1
1,0,0,41.2,1,0,0,0,0,0,1,0,0,3,30,15,0,2,10,5,6,0,1
1,1,0,27.4,0,1,0,0,0,0,1,0,0,5,30,30,0,1,10,3,6,0,1
1,0,0,28.59,1,0,0,1,0,0,1,0,0,1,30,30,0,1,10,5,6,0,1
1,1,0,27.73,0,0,0,1,0,0,1,0,0,3,30,30,0,2,3,6,6,0,1
1,1,0,27.4,1,0,0,1,0,0,1,0,0,3,30,30,0,2,11,6,6,0,1
1,1,0,33.0,1,0,0,0,0,0,1,0,0,2,30,30,0,1,12,3,6,0,1
1,1,0,36.49,0,0,0,1,0,0,1,0,0,3,30,1,0,1,10,4,6,0,1
1,1,0,40.24,1,0,0,0,0,0,1,0,0,4,3,30,1,2,11,4,6,0,1
1,1,0,27.4,1,0,1,1,0,0,1,0,0,4,30,30,1,1,10,5,6,0,1
1,1,0,33.96,0,0,0,1,0,0,1,0,0,3,30,30,0,1,10,6,6,0,1
1,0,0,33.91,1,0,0,1,0,0,1,0,0,3,30,30,0,1,10,5,6,0,1
1,1,0,45.65,1,0,0,0,0,0,1,0,1,4,10,30,1,2,11,4,5,0,1
1,1,0,27.4,0,0,0,0,0,0,1,0,0,3,30,30,0,2,10,4,6,0,1
1,0,0,24.59,0,0,1,1,0,0,1,0,0,3,30,30,0,1,10,6,6,0,1
1,1,0,33.96,1,0,0,0,0,0,1,0,0,3,30,30,0,1,13,4,5,0,1
1,1,0,27.41,0,0,0,1,0,0,1,0,0,3,30,30,0,1,10,6,6,0,1
1,0,0,24.63,0,0,0,1,0,0,1,0,0,2,30,30,0,2,10,6,6,0,1
1,1,0,24.41,1,0,0,1,0,0,1,0,0,4,30,30,0,1,5,6,6,0,1
1,0,0,24.8,0,0,0,1,0,0,1,0,0,3,30,30,0,2,10,4,1,0,1
1,1,0,29.98,0,0,0,1,0,0,1,0,0,2,30,30,0,1,10,6,11,0,1
1,0,0,26.95,1,0,0,0,0,0,1,0,0,4,30,3,1,2,11,6,6,0,1
1,1,0,27.4,0,0,0,1,0,0,1,0,0,2,30,3,0,2,10,6,6,0,1
1,1,0,29.53,0,0,0,1,0,0,1,0,0,3,30,2,0,1,12,6,6,0,1
1,0,0,33.89,0,0,0,1,0,0,1,0,0,3,5,10,0,2,10,6,6,0,1
1,0,0,22.5,0,0,0,1,0,0,1,0,0,4,25,30,1,2,11,2,6,0,1
1,1,0,34.41,0,0,0,1,0,0,1,0,1,5,10,30,0,1,10,5,6,0,1
1,1,0,29.87,0,0,0,1,0,0,1,0,0,2,30,30,0,2,10,6,6,0,1
1,1,0,26.39,1,0,0,1,0,0,1,0,0,3,30,30,0,1,12,3,6,0,1
1,1,0,27.44,0,0,0,1,0,0,1,0,0,1,30,30,0,1,10,4,6,0,1
1,1,0,27.46,0,0,0,0,0,0,1,0,0,3,30,30,0,2,10,6,6,0,1
1,1,0,40.69,1,0,0,1,0,0,1,0,0,3,30,30,0,1,10,5,6,0,1
1,1,0,27.44,0,0,0,1,0,0,1,0,0,3,30,30,0,1,6,6,6,0,1
1,0,0,35.26,0,0,0,0,0,0,1,0,0,2,30,30,0,1,10,5,6,0,1
1,1,0,34.87,0,0,0,1,0,0,1,0,1,4,30,15,0,1,5,3,6,0,1
1,0,0,32.74,0,0,0,1,0,0,1,0,0,3,30,30,0,1,10,4,6,0,1
1,0,0,35.95,0,0,0,1,0,0,1,0,0,3,30,14,0,1,10,6,6,0,1
1,0,0,29.76,0,0,0,1,0,0,1,0,0,2,30,30,0,2,12,5,6,0,1
1,1,0,34.28,0,0,0,0,0,0,1,0,0,4,30,10,0,2,10,5,6,0,1
1,1,0,40.44,0,0,0,1,0,0,1,0,0,2,30,30,0,1,10,6,6,0,1
1,0,0,69.91,0,0,0,0,0,0,1,0,0,4,30,15,1,2,10,4,4,0,1
1,1,0,55.99,0,0,0,0,0,0,1,0,0,4,30,30,1,1,10,4,6,0,1
1,1,0,36.18,1,0,0,0,0,0,1,0,0,3,30,30,0,1,11,4,6,0,1
1,0,0,25.75,0,0,0,0,0,0,1,0,0,3,30,30,1,2,12,6,6,0,1
1,1,0,24.87,0,0,0,1,0,0,1,0,0,2,30,30,0,1,12,6,11,0,1
1,1,0,39.14,1,0,0,0,0,0,1,0,0,4,30,4,1,2,11,6,6,0,1
1,0,0,30.68,1,1,0,1,0,0,1,0,0,4,30,30,0,1,10,5,5,0,1
1,0,0,26.54,0,0,0,1,0,0,1,0,0,2,30,30,0,1,5,5,6,0,1
1,1,0,35.24,1,0,0,0,0,0,1,0,0,3,30,30,1,1,12,5,6,0,1
1,0,0,29.08,0,0,0,1,0,0,1,0,0,3,30,30,0,2,10,5,6,0,1
1,0,0,28.34,0,0,0,1,0,0,1,0,0,3,2,30,0,2,11,6,6,0,1
1,0,0,25.04,1,0,0,1,0,0,1,0,0,3,30,30,0,1,13,6,6,0,1
1,1,0,33.28,1,0,1,0,0,0,1,0,0,4,30,30,1,2,11,5,6,0,1
1,1,0,26.57,1,0,0,0,0,0,1,0,0,2,30,30,0,2,10,5,6,0,1
1,0,0,34.96,1,0,0,0,0,0,1,0,0,4,5,5,0,1,10,5,6,0,1
1,1,0,23.3,1,0,0,1,0,0,1,0,0,2,30,30,0,1,13,6,6,0,1
1,0,0,27.4,1,0,0,1,0,0,1,0,0,3,30,30,0,2,10,5,6,0,1
1,1,0,25.09,0,0,0,0,0,0,1,0,0,2,30,30,0,1,14,6,6,0,1
1,0,0,25.06,1,0,0,1,0,0,1,0,0,3,30,30,0,1,13,4,6,0,1
1,1,0,28.84,0,0,1,1,0,0,1,0,0,4,30,30,0,2,10,3,3,0,1
1,0,0,29.35,0,0,0,1,0,0,1,0,0,2,30,30,0,1,10,6,6,0,1
1,1,0,26.58,1,0,1,0,0,0,1,0,0,4,10,15,1,1,10,2,3,0,1
1,0,0,35.94,1,0,0,0,0,0,1,0,0,3,30,30,1,1,10,3,6,0,1
1,1,0,28.25,0,0,0,0,0,0,1,0,0,4,2,15,0,2,6,3,6,0,1
1,0,0,24.37,0,0,0,1,0,0,1,0,0,3,30,30,1,1,13,6,6,0,1
1,1,0,27.4,0,0,0,0,0,0,1,0,0,3,30,2,0,2,11,5,6,0,1
1,0,0,27.98,0,1,0,1,0,0,1,0,0,2,1,30,0,2,10,6,6,0,1
1,1,0,36.58,1,0,0,1,0,0,1,0,0,2,30,30,0,2,10,4,6,0,1
1,0,0,36.21,1,1,1,0,0,0,1,0,0,5,30,30,1,2,12,4,6,0,1
1,0,0,27.4,0,0,0,1,0,0,1,0,0,3,30,30,1,2,12,6,6,0,1
1,1,0,30.18,0,0,0,1,0,0,1,0,0,2,30,30,0,2,12,6,6,0,1
1,1,0,35.87,0,0,0,0,0,0,1,0,0,3,30,30,0,1,10,4,6,0,1
1,1,0,27.4,0,0,0,1,0,0,1,0,0,3,30,30,0,1,6,6,6,0,1
1,1,0,24.03,0,0,0,0,0,0,1,0,0,3,30,30,0,2,10,4,6,0,1
1,1,0,38.39,1,0,0,1,0,0,1,0,0,2,30,30,1,1,10,4,2,0,1
1,1,0,27.4,0,0,0,1,0,0,1,0,0,3,30,30,0,1,10,4,6,0,1
1,0,0,25.84,0,0,0,0,0,0,1,0,0,3,1,2,0,1,13,5,5,0,1
1,1,0,38.37,0,0,0,0,0,0,1,0,0,4,30,30,1,2,10,3,2,0,1
1,1,0,27.4,1,0,0,0,0,0,1,0,0,5,30,30,1,1,13,4,6,0,1
1,1,0,27.4,0,0,0,1,0,0,1,0,0,2,30,30,0,2,12,5,6,0,1
1,1,0,33.25,1,0,1,1,0,0,1,0,0,2,30,30,0,1,12,6,6,0,1
1,0,0,27.4,0,0,0,0,0,0,1,0,0,3,30,30,0,1,11,6,6,0,1
1,1,0,33.83,0,0,0,0,0,0,1,0,1,5,30,30,0,2,10,4,2,0,1
1,1,0,42.72,1,0,0,1,0,0,1,0,0,4,4,30,1,1,10,6,6,0,1
1,1,0,25.13,0,1,0,1,0,0,1,0,0,3,30,30,1,2,13,5,5,0,1
1,0,0,36.52,1,0,0,0,0,0,1,0,0,4,30,30,1,1,13,5,6,0,1
1,1,0,33.23,1,0,0,1,0,0,1,0,0,1,30,30,0,1,10,6,6,0,1
1,1,0,46.25,1,0,1,1,0,0,1,0,0,3,30,30,0,1,10,5,6,0,1
1,1,0,36.28,1,0,0,1,0,0,1,0,0,2,30,30,0,1,11,6,10,0,1
1,0,0,27.4,0,0,0,1,0,0,1,0,0,2,20,30,0,2,6,6,6,0,1
1,0,1,27.4,0,0,0,1,0,0,1,0,1,3,30,30,0,1,10,5,6,0,1
1,0,0,29.53,0,0,0,1,0,0,1,0,0,3,30,2,0,1,10,5,6,0,1
1,0,0,27.4,1,0,0,1,0,0,1,0,0,2,2,30,0,2,10,6,6,0,1
1,0,0,26.88,1,0,0,1,0,0,1,0,0,3,30,3,0,1,1,4,6,0,1
1,1,0,25.82,0,0,0,1,0,0,1,0,0,3,30,30,0,2,10,4,4,0,1
1,1,0,25.09,1,0,0,1,0,0,1,0,0,2,30,30,0,1,12,6,6,0,1
1,0,0,54.91,0,0,0,1,0,0,1,0,0,3,30,30,0,2,5,6,6,0,1
1,1,0,25.82,0,0,0,1,0,0,1,0,0,2,30,30,0,2,10,6,6,0,1
1,1,0,30.11,0,0,0,0,0,0,1,0,0,2,30,30,1,2,13,4,6,0,1
1,0,0,29.23,0,0,0,0,0,0,1,0,0,3,30,30,0,2,13,6,6,0,1
1,0,0,38.01,1,0,0,1,0,0,1,0,0,3,2,30,1,1,12,5,4,0,1
1,1,0,28.29,1,0,1,0,0,0,1,0,0,5,10,30,1,1,10,6,6,0,1
1,1,0,31.62,1,0,0,0,0,0,1,0,0,5,30,30,1,2,10,4,1,0,1
1,1,0,25.38,0,1,1,1,0,0,1,0,0,2,30,30,0,1,12,6,6,0,1
1,1,0,20.09,0,0,0,1,0,0,1,0,0,5,14,30,1,1,10,6,5,0,1
1,0,0,44.03,0,0,0,1,0,0,1,0,1,4,30,30,1,2,10,4,6,0,1
1,1,0,34.87,0,0,0,1,0,0,1,0,0,3,30,30,0,1,10,6,6,0,1
1,1,0,34.97,1,0,0,0,0,0,1,0,0,3,30,30,0,1,12,5,4,0,1
1,0,0,32.55,1,0,0,1,0,0,1,0,0,3,30,30,0,1,10,6,6,0,1
1,0,0,27.4,0,0,0,0,0,0,1,0,0,3,5,30,1,2,10,5,6,0,1
1,1,0,33.72,1,0,1,1,0,0,1,0,0,5,30,30,1,1,10,4,5,0,1
1,1,0,28.82,0,0,0,0,0,0,1,0,1,5,15,15,0,1,13,4,2,0,1
1,1,0,27.4,0,0,0,1,0,0,1,0,1,3,30,30,0,2,6,3,6,0,1
1,0,0,27.4,0,0,0,0,0,0,1,0,0,2,30,30,0,2,14,4,6,0,1
1,0,0,44.81,0,0,0,0,0,0,1,0,0,3,30,30,1,2,10,4,4,0,1
1,1,0,27.4,1,0,0,1,0,0,1,0,0,3,30,30,0,2,10,6,6,0,1
1,1,0,22.15,1,0,1,1,0,0,1,0,0,4,30,30,1,1,13,6,6,0,1
1,1,0,26.39,1,0,0,1,0,0,1,0,0,3,30,30,0,1,10,4,4,0,1
1,1,0,34.87,0,0,0,1,0,0,1,0,0,3,30,30,0,1,10,6,6,0,1
1,1,0,33.75,1,0,0,1,0,0,1,0,0,4,10,15,0,1,13,6,6,0,1
1,1,0,33.29,1,0,0,0,0,0,1,0,0,4,15,30,1,2,11,5,5,0,1
1,1,0,26.63,0,0,0,0,0,0,1,0,0,2,30,30,0,2,10,5,6,0,1
1,0,0,27.4,0,0,0,1,0,0,1,0,0,3,5,30,0,2,6,6,6,0,1
1,0,0,27.72,0,0,0,1,0,0,1,0,0,3,30,30,0,1,11,5,6,0,1
1,1,0,40.74,0,0,0,1,0,0,1,0,0,4,30,30,0,2,10,6,1,0,1
1,1,0,21.29,0,0,0,1,0,0,1,0,0,2,30,30,0,2,13,4,5,0,1
1,1,0,34.33,1,0,1,1,0,0,1,0,0,5,25,14,1,2,10,5,5,0,1
1,1,0,27.4,1,0,0,1,0,0,1,0,0,2,30,30,0,2,10,6,6,0,1
1,1,0,42.45,1,0,0,0,0,0,1,0,0,4,2,30,1,2,10,4,3,0,1
1,0,0,39.84,1,0,0,0,0,0,1,0,0,3,30,30,0,1,10,5,6,0,1
1,0,0,29.95,0,0,0,1,0,0,1,0,0,4,15,15,0,2,10,4,6,0,1
1,1,0,26.34,1,1,0,1,0,0,1,0,0,4,30,30,0,2,12,4,6,0,1
1,1,0,28.0,1,0,0,1,0,0,1,0,0,2,30,30,0,1,10,6,6,0,1
1,1,0,27.37,1,0,0,0,0,0,1,0,0,5,2,2,1,2,11,3,3,0,1
1,0,0,32.22,0,0,0,1,0,0,1,0,0,3,30,30,0,2,10,6,6,0,1
1,1,0,30.04,0,0,0,1,0,0,1,0,0,2,30,30,0,2,10,4,6,0,1
1,0,0,25.8,0,0,0,1,0,0,1,0,0,4,30,5,0,1,13,6,6,0,1
1,1,0,41.0,0,0,0,0,0,0,1,0,0,4,30,2,1,2,10,4,1,0,1
1,1,0,27.8,1,0,1,1,0,0,1,0,0,3,30,30,1,1,10,4,6,0,1
1,0,0,27.4,1,0,0,0,0,0,1,0,0,3,30,30,0,1,10,4,6,0,1
1,0,0,35.83,1,0,0,0,0,0,1,0,0,3,30,30,0,1,10,4,6,0,1
1,0,0,34.44,0,0,1,1,0,0,1,0,0,4,30,4,1,1,11,6,6,0,1
1,1,0,30.85,0,0,0,1,0,0,1,0,0,2,30,1,0,1,10,4,6,0,1
1,0,0,23.06,0,0,0,1,0,0,1,0,0,3,30,30,0,1,13,4,5,0,1
1,0,0,30.27,0,0,0,0,0,0,1,0,0,2,30,30,0,1,10,5,6,0,1
1,1,0,29.76,0,0,0,0,0,0,1,0,0,4,30,2,1,2,10,5,3,0,1
1,0,0,37.44,0,0,0,0,0,0,1,0,0,5,30,30,1,2,10,5,6,0,1
1,1,0,38.27,1,0,0,0,0,0,1,0,0,4,20,20,1,2,10,5,2,0,1
1,1,0,37.11,0,0,0,1,0,0,1,0,0,4,30,30,1,2,12,4,6,0,1
1,0,0,33.0,0,0,0,1,0,0,1,0,0,2,30,30,0,1,10,6,6,0,1
1,1,0,25.84,0,0,0,1,0,0,1,0,0,2,30,30,0,1,11,6,6,0,1
1,0,0,27.4,0,0,0,0,0,0,1,0,0,3,30,30,0,1,6,6,6,0,1
1,0,0,23.44,0,0,0,1,0,0,1,0,0,3,30,30,1,2,13,4,6,0,1
1,1,0,27.4,0,0,0,1,0,0,1,0,0,2,30,30,0,2,12,6,6,0,1
1,1,0,27.4,0,0,0,0,0,0,1,0,0,3,30,21,0,2,10,5,6,0,1
1,0,0,29.13,0,0,0,1,0,0,1,0,0,3,30,30,0,1,12,6,6,0,1
1,1,0,27.4,1,0,0,0,0,0,1,0,0,3,5,14,1,2,11,4,5,0,1
1,1,0,32.55,1,1,0,0,0,0,1,0,0,5,30,14,1,1,10,4,6,0,1
1,1,0,25.1,0,0,0,1,0,0,1,0,0,1,30,30,0,1,12,5,6,0,1
1,1,0,33.96,0,0,0,1,0,0,1,0,0,2,30,30,0,1,10,6,6,0,1
1,0,0,34.11,1,0,0,0,0,0,1,0,0,4,30,30,1,2,12,2,6,0,1
1,1,0,40.34,0,0,0,1,0,0,1,0,0,3,10,3,1,2,5,5,4,0,1
1,1,0,28.34,0,0,0,1,0,0,1,0,0,2,30,30,0,2,10,6,6,0,1
1,0,0,54.64,0,0,0,1,0,0,1,0,0,4,30,30,0,1,10,6,6,0,1
1,0,0,30.11,0,0,0,1,0,0,1,0,0,3,30,30,1,2,13,6,5,0,1
1,0,0,29.23,0,0,0,0,0,0,1,0,0,4,30,30,0,2,10,5,5,0,1
1,1,0,33.45,1,0,0,1,0,0,1,0,0,2,30,30,0,1,11,4,6,0,1
1,1,0,25.11,0,0,0,1,0,0,1,0,0,2,30,30,0,1,10,4,2,0,1
1,1,0,32.01,0,0,0,0,0,0,1,0,0,4,30,5,1,2,13,6,6,0,1
1,1,0,26.63,0,0,0,1,0,0,1,0,0,2,30,30,0,2,10,6,6,0,1
1,1,0,39.06,1,0,0,1,0,0,1,0,0,4,3,10,1,2,10,4,2,0,1
1,1,0,30.3,1,1,0,0,0,0,1,0,0,4,30,30,0,2,10,4,5,0,1
1,0,0,35.24,0,0,0,0,0,0,1,0,0,3,30,30,0,1,10,4,6,0,1
1,0,0,27.4,0,0,0,1,0,0,1,0,0,4,30,4,0,2,10,5,6,0,1
1,1,0,30.68,1,0,0,0,0,0,1,0,0,3,30,30,0,1,10,3,6,0,1
1,1,0,32.78,0,0,0,1,0,0,1,0,0,4,30,30,1,1,10,4,6,0,1
1,1,0,34.69,1,0,0,1,0,0,1,0,0,3,5,5,0,1,10,6,6,0,1
1,0,0,33.38,1,0,0,1,0,0,1,0,0,3,30,30,0,1,10,5,5,0,1
1,1,0,34.21,0,0,0,1,0,0,1,0,0,2,30,30,0,1,10,4,6,0,1
1,1,0,29.05,0,0,0,1,0,0,1,0,0,4,5,30,1,2,10,5,5,0,1
1,0,0,29.18,0,0,0,1,0,0,1,0,0,2,30,30,0,2,10,6,6,0,1
1,0,0,24.28,1,0,0,0,0,0,1,0,0,4,30,30,0,1,12,6,6,0,1
1,1,0,32.61,0,0,1,0,0,0,1,0,0,5,30,30,1,1,12,6,6,0,1
1,1,0,27.4,0,0,1,1,0,0,1,0,0,4,30,30,0,2,11,4,6,0,1
1,1,0,24.03,1,0,1,1,0,0,1,0,0,4,5,30,0,2,11,5,6,0,1
1,0,0,27.44,0,0,0,0,0,0,1,0,0,3,30,30,0,2,10,5,6,0,1
1,1,0,35.87,0,0,0,1,0,0,1,0,0,2,30,30,0,1,11,6,6,0,1
1,0,0,32.37,0,0,1,0,0,0,1,0,0,5,30,30,1,2,13,4,4,0,1
1,0,0,30.79,0,0,0,1,0,0,1,0,0,3,30,30,1,2,12,5,6,0,1
1,0,0,25.61,0,0,0,1,0,0,1,0,0,3,30,30,0,2,12,5,6,0,1
1,1,0,27.1,1,0,0,1,0,0,1,0,0,2,30,30,0,2,12,6,6,0,1
1,0,0,27.87,0,0,0,1,0,0,1,0,0,3,30,30,0,1,11,6,6,0,1
1,1,0,46.03,0,0,0,1,0,0,1,0,0,3,30,30,0,1,6,6,6,0,1
1,1,0,27.4,0,0,0,1,0,0,1,0,0,3,30,30,0,2,11,6,6,0,1
1,0,0,27.76,0,0,1,1,0,0,0,0,0,3,30,30,0,1,11,6,6,0,1
1,0,0,27.4,0,0,0,1,0,0,1,0,0,3,30,1,0,1,6,6,6,0,1
1,1,0,35.55,1,0,0,1,0,0,1,0,0,2,30,30,0,2,10,6,6,0,1
1,1,0,29.26,0,0,0,0,0,0,1,0,0,4,3,30,0,2,6,3,6,0,1
1,0,0,33.36,0,0,0,0,0,0,1,0,0,1,30,30,0,1,10,6,6,0,1
1,1,0,28.13,1,0,0,1,0,0,1,0,1,4,12,12,1,1,10,6,2,0,1
1,1,0,30.11,1,0,0,1,0,0,1,0,0,4,30,30,0,2,11,4,6,0,1
1,0,0,27.4,0,0,0,1,0,0,1,0,0,3,30,30,0,2,10,3,6,0,1
1,0,0,27.4,0,0,0,0,0,0,1,0,0,4,30,30,0,1,10,5,6,0,1
1,1,0,27.4,0,0,0,1,0,0,1,0,0,2,30,30,0,1,10,6,6,0,1
1,1,0,32.28,1,0,0,1,0,0,1,0,0,3,30,30,0,1,11,6,6,0,1
1,1,0,48.82,0,0,0,1,0,0,1,0,0,4,2,30,1,2,6,3,6,0,1
1,0,0,23.34,1,0,0,1,0,0,1,0,0,2,30,30,0,2,12,6,6,0,1
1,1,0,34.7,1,0,0,0,0,0,1,0,0,4,30,30,1,2,10,4,3,0,1
1,1,0,27.88,1,0,0,1,0,0,1,0,0,4,15,5,1,2,10,4,6,0,1
1,1,0,27.37,0,0,0,0,0,0,1,0,1,3,30,30,0,1,10,5,6,0,1
1,0,0,37.76,0,0,0,1,0,0,1,0,0,3,30,30,0,2,10,6,6,0,1
1,0,0,27.4,0,0,0,1,0,0,1,0,0,4,30,30,0,1,10,4,6,0,1
1,1,0,33.0,1,0,1,1,0,0,1,0,0,2,3,30,0,1,12,6,6,0,1
1,1,0,29.53,1,0,0,1,0,0,1,0,0,3,5,30,0,1,10,6,6,0,1
1,1,0,23.44,1,0,0,1,0,0,1,0,0,3,30,30,0,2,13,5,6,0,1
1,0,0,27.4,0,0,0,1,0,0,1,0,0,4,30,30,0,2,4,6,6,0,1
1,1,0,25.75,0,0,0,0,0,0,1,0,0,5,30,25,0,2,10,6,6,0,1
1,0,0,35.43,0,0,0,1,0,0,1,0,0,3,1,2,0,2,10,5,6,0,1
1,0,0,27.4,1,0,0,1,0,0,1,0,0,3,30,30,0,2,10,5,6,0,1
1,0,0,36.26,0,0,0,1,0,0,1,0,0,2,30,30,0,1,10,5,6,0,1
1,1,0,16.95,1,0,0,1,0,0,1,0,0,4,30,30,1,2,10,5,2,0,1
1,1,0,45.76,0,0,0,1,0,0,1,0,0,4,30,5,0,2,10,6,6,0,1
1,0,0,41.84,0,0,1,0,0,0,1,0,0,4,30,30,1,1,12,2,2,0,1
1,1,0,29.95,0,0,1,0,0,0,1,0,0,5,30,30,1,2,12,4,6,0,1
1,0,0,28.55,1,0,0,1,0,0,1,0,0,3,30,30,0,1,12,5,6,0,1
1,1,0,31.57,1,1,1,0,0,0,1,0,0,3,10,15,1,1,13,4,6,0,1
1,1,0,29.45,1,0,0,1,0,0,1,0,0,4,30,30,0,2,11,4,6,0,1
1,1,0,25.75,0,0,0,1,0,0,1,0,0,3,30,30,0,2,10,4,6,0,1
1,1,0,28.13,0,0,0,1,0,0,1,0,0,2,30,30,0,1,10,6,6,0,1
1,1,0,25.75,0,0,0,1,0,0,1,0,0,3,30,30,0,2,10,6,6,0,1
1,1,0,41.38,0,0,0,1,0,0,1,0,0,3,5,15,0,2,10,3,6,0,1
1,1,0,37.79,0,0,0,0,0,0,1,0,0,4,30,4,0,2,10,4,3,0,1
1,0,0,57.5,0,0,0,0,0,0,1,0,1,5,30,30,1,2,10,4,2,0,1
1,1,0,37.12,1,0,0,1,0,0,1,0,0,2,30,30,0,2,10,5,6,0,1
1,0,0,33.47,1,0,1,0,0,0,1,0,0,3,30,30,0,1,10,5,6,0,1
1,1,0,31.19,0,1,0,0,0,0,1,0,1,3,30,5,1,1,12,6,6,0,1
1,0,0,28.32,0,0,0,1,0,0,1,0,0,2,30,30,0,2,10,6,11,0,1
1,1,0,26.5,1,0,0,1,0,0,1,0,0,4,30,30,0,1,11,4,6,0,1
1,1,0,32.12,0,0,0,0,0,0,1,0,0,3,30,30,0,2,10,4,6,0,1
1,1,0,25.0,1,0,0,1,0,0,1,0,0,3,10,30,0,1,11,6,6,0,1
1,0,0,29.29,0,0,0,1,0,0,1,0,0,2,30,30,0,1,10,5,6,0,1
1,1,0,41.6,0,0,0,1,0,0,1,0,0,2,30,30,0,2,10,6,6,0,1
1,1,0,32.91,1,0,0,1,0,0,1,0,1,3,30,30,1,1,10,3,4,0,1
1,1,0,26.54,1,0,0,1,0,0,1,0,0,3,30,30,0,1,10,4,6,0,1
1,1,0,27.4,0,0,0,1,0,0,1,0,1,5,30,30,0,1,11,5,5,0,1
1,0,0,30.17,1,0,0,1,0,0,1,0,0,3,30,30,0,1,11,5,6,0,1
1,1,0,34.96,0,0,1,0,0,0,1,0,0,5,30,30,1,2,13,2,6,0,1
1,1,0,29.84,1,0,0,1,0,0,1,0,0,2,30,30,0,1,12,4,6,0,1
1,1,0,25.75,0,0,0,1,0,0,1,0,0,2,30,30,0,2,10,5,6,0,1
1,1,0,33.84,0,0,0,0,0,0,1,0,0,3,30,30,0,2,10,4,6,0,1
1,0,0,29.53,1,0,0,1,0,0,1,0,0,3,30,30,0,1,10,4,6,0,1
1,0,0,30.85,0,0,0,1,0,0,1,0,0,2,30,30,0,1,10,6,10,0,1
1,1,0,26.54,1,1,1,1,0,0,1,0,0,5,30,30,1,1,12,2,5,0,1
1,0,0,25.61,0,0,0,1,0,0,1,0,0,3,30,30,0,2,11,5,6,0,1
1,1,0,26.95,1,0,0,0,0,0,1,0,0,3,20,30,0,2,10,5,6,0,1
1,1,0,27.4,1,0,0,1,0,0,1,0,0,3,5,30,0,2,10,6,6,0,1
1,1,0,44.29,1,0,0,1,0,0,1,0,0,2,30,30,1,2,10,6,6,0,1
1,1,0,33.45,0,0,0,1,0,0,1,0,0,3,30,30,1,1,10,5,6,0,1
1,0,0,41.61,0,0,0,0,0,0,1,0,0,3,30,30,0,1,10,6,6,0,1
1,1,0,49.49,0,0,0,1,0,0,1,0,0,4,30,30,0,2,6,4,1,0,1
1,1,0,33.09,0,0,0,1,0,0,1,0,0,1,30,30,0,1,10,4,6,0,1
1,0,0,23.63,0,0,0,1,0,0,1,0,0,3,30,30,0,1,10,6,6,0,1
1,1,0,30.12,0,0,1,1,0,0,1,0,0,4,30,30,1,1,10,2,5,0,1
1,1,0,27.4,0,0,0,1,0,0,1,0,0,4,30,30,0,1,10,6,6,0,1
1,0,0,34.33,0,0,0,0,0,0,1,0,0,5,30,30,1,2,11,5,6,0,1
1,1,0,34.02,1,0,0,1,0,0,1,0,0,4,30,30,0,1,10,5,6,0,1
1,1,0,30.51,0,0,0,1,0,0,1,0,0,2,30,30,0,2,11,6,6,0,1
1,1,0,27.4,0,0,0,0,0,0,1,0,0,4,30,1,0,2,11,5,6,0,1
1,1,0,29.05,0,0,0,1,0,0,1,0,0,4,30,30,0,1,10,6,6,0,1
1,0,0,23.78,0,0,0,1,0,0,1,0,0,2,30,30,0,2,11,4,6,0,1
1,1,0,32.49,1,0,0,0,0,0,0,0,0,2,30,30,1,1,12,2,6,0,1
1,1,0,22.65,0,0,0,1,0,0,1,0,0,5,30,30,1,2,13,4,6,0,1
1,0,0,32.89,1,0,0,0,0,0,0,0,0,4,30,30,1,1,13,6,6,0,1
1,1,0,26.39,1,0,0,0,0,0,1,0,0,2,30,30,0,1,11,6,6,0,1
1,1,0,33.91,1,0,0,1,0,0,1,0,0,3,30,10,0,1,12,5,6,0,1
1,0,0,40.41,0,0,0,1,0,0,1,0,0,3,30,30,1,2,4,5,6,0,1
1,0,0,32.54,1,0,0,1,0,0,1,0,0,3,30,30,0,2,10,5,6,0,1
1,1,0,27.88,0,0,0,0,0,0,1,0,0,2,30,1,0,2,10,6,6,0,1
1,0,0,32.01,1,0,0,0,0,0,1,0,0,5,30,30,1,2,12,4,6,0,1
1,1,0,27.32,1,1,0,1,0,0,1,0,0,3,30,30,0,1,13,6,6,0,1
1,1,0,27.4,0,0,0,0,0,0,1,0,0,3,30,30,0,1,10,5,6,0,1
1,1,0,42.07,0,0,0,0,0,0,1,0,1,4,2,2,1,2,10,5,6,0,1
1,0,0,30.42,1,1,1,1,0,0,1,0,0,4,30,5,1,1,10,5,6,0,1
1,1,0,27.4,1,0,0,1,0,0,1,0,0,3,30,30,0,2,11,5,6,0,1
1,1,0,26.82,0,0,0,1,0,0,1,0,0,3,30,30,0,1,10,6,6,0,1
1,1,0,27.4,0,0,0,1,0,0,1,0,0,4,30,30,0,2,10,6,6,0,1
1,1,0,32.12,1,0,0,1,0,0,1,0,0,3,30,2,0,2,10,4,6,0,1
1,1,0,21.09,1,0,0,1,0,0,1,0,0,3,30,30,0,2,13,2,6,0,1
1,0,0,25.85,0,0,0,1,0,0,1,0,0,2,30,30,0,1,14,5,6,0,1
1,0,0,26.26,1,0,0,1,0,0,1,0,0,1,30,30,0,1,13,6,6,0,1
1,1,0,33.89,0,0,0,1,0,0,1,0,0,3,30,5,0,2,10,5,6,0,1
1,0,0,27.4,0,0,0,1,0,0,1,0,0,4,5,10,0,2,4,6,6,0,1
1,0,0,27.4,0,0,0,1,0,0,1,0,0,3,30,5,0,2,10,6,6,0,1
1,1,0,32.88,0,0,0,0,0,0,1,0,0,4,30,30,1,2,11,4,4,0,1
1,1,0,50.07,0,0,0,1,0,0,1,0,0,3,30,4,1,2,10,5,6,0,1
1,1,0,42.43,0,0,0,1,0,0,1,0,0,3,6,30,0,2,10,6,3,0,1
1,0,0,41.35,0,0,0,0,0,0,1,0,0,2,30,30,1,1,10,4,4,0,1
1,1,0,27.44,0,0,0,1,0,0,1,0,0,3,30,30,0,2,11,5,6,0,1
1,0,0,39.53,1,0,0,1,0,0,1,0,0,2,30,30,0,1,12,6,6,0,1
1,1,0,40.19,0,0,0,0,0,0,1,0,0,3,30,30,0,1,10,4,6,0,1
1,1,0,22.83,0,1,0,1,0,0,1,0,0,3,30,30,1,2,13,4,6,0,1
1,1,0,27.88,1,0,0,1,0,0,1,0,0,4,30,30,0,1,11,5,6,0,1
1,0,0,36.62,0,0,0,1,0,0,1,0,0,4,30,30,0,1,14,4,6,0,1
1,1,0,29.29,0,0,0,1,0,0,1,0,0,2,30,30,0,2,11,4,4,0,1
1,1,0,27.37,1,1,0,0,0,0,1,0,0,4,30,30,1,1,10,3,5,0,1
1,0,0,32.78,0,0,0,1,0,0,1,0,0,3,30,15,1,1,10,6,6,0,1
1,1,0,39.68,1,0,1,1,0,0,1,0,0,5,30,30,0,2,10,5,6,0,1
1,1,0,40.03,1,0,0,1,0,0,1,0,0,4,30,12,1,2,10,4,3,0,1
1,1,0,27.37,1,0,0,1,0,0,1,0,0,3,30,30,0,1,13,6,10,0,1
1,0,0,27.4,0,0,0,1,0,0,1,0,0,3,30,6,0,2,10,5,6,0,1
1,1,0,34.46,0,0,0,1,0,0,1,0,0,2,30,30,0,2,10,5,6,0,1
1,1,0,26.5,0,0,0,1,0,0,1,0,0,3,30,30,0,1,10,6,6,0,1
1,1,0,27.37,0,0,0,1,0,0,1,0,0,3,30,30,0,1,12,4,6,0,1
1,1,0,36.4,0,0,0,0,0,0,1,0,0,4,25,20,1,2,10,5,6,0,1
1,1,0,36.02,1,0,1,1,0,0,1,0,0,3,30,2,1,1,10,5,4,0,1
1,1,0,26.45,1,0,0,0,0,0,1,0,0,4,15,20,1,2,10,6,6,0,1
1,1,0,22.96,1,0,0,1,0,0,1,0,0,3,30,30,0,1,10,4,11,0,1
1,0,0,30.18,0,0,0,1,0,0,1,0,0,2,30,30,0,2,12,6,6,0,1
1,1,0,60.82,1,1,0,0,0,0,1,0,0,5,4,30,1,1,10,4,6,0,1
1,1,0,30.75,1,0,0,1,0,0,1,0,0,2,30,2,0,1,11,5,6,0,1
1,0,0,30.41,0,0,0,1,0,0,1,0,0,2,30,30,0,1,10,6,6,0,1
1,1,0,32.22,1,0,0,0,0,0,1,0,0,2,30,30,0,2,12,4,6,0,1
1,1,0,28.13,0,0,0,0,0,0,1,0,0,2,30,30,0,1,6,6,6,0,1
1,1,0,27.4,0,0,0,0,0,0,1,0,0,2,30,30,0,2,11,6,6,0,1
1,0,0,27.4,0,0,1,0,0,0,1,0,0,4,30,15,1,2,10,5,6,0,1
1,0,0,27.4,0,0,0,0,0,0,1,0,0,3,30,30,0,2,3,4,5,0,1
1,0,0,28.34,0,0,0,1,0,0,1,0,0,1,30,30,0,2,13,5,6,0,1
1,1,0,32.22,0,0,0,1,0,0,1,0,0,3,30,30,1,2,12,3,6,0,1
1,0,0,26.63,1,0,0,1,0,0,1,0,0,3,30,30,0,2,13,6,6,0,1
1,0,0,34.34,1,1,1,0,0,0,1,0,0,3,30,30,1,2,10,4,6,0,1
1,0,0,30.13,0,0,0,1,0,0,1,0,0,3,30,30,0,1,10,6,11,0,1
1,1,0,34.11,0,0,0,1,0,0,1,0,1,4,30,30,1,1,10,4,5,0,1
1,0,0,29.18,0,0,0,1,0,0,1,0,0,2,30,30,0,2,10,6,6,0,1
1,1,0,27.44,0,0,0,1,0,0,1,0,1,4,30,30,0,2,10,6,5,0,1
1,1,0,32.32,0,0,0,1,0,0,1,0,0,3,5,30,0,1,10,4,6,0,1
1,0,0,24.41,0,0,0,0,0,0,1,0,0,3,30,30,1,2,13,6,6,0,1
1,1,0,27.12,0,0,1,1,0,0,1,0,0,3,30,30,0,1,10,5,6,0,1
1,0,0,25.7,0,1,0,0,0,0,1,0,0,3,30,30,1,2,13,2,6,0,1
1,1,0,36.28,0,0,0,0,0,0,1,0,0,3,30,2,0,1,11,4,6,0,1
1,1,0,24.39,0,0,0,0,0,0,1,0,0,3,30,30,0,1,10,4,6,0,1
1,0,0,31.09,0,0,0,0,0,0,1,0,0,3,30,30,1,2,13,4,6,0,1
1,0,0,22.63,1,0,0,0,0,0,1,0,0,2,30,30,0,2,13,4,6,0,1
1,1,0,27.98,0,0,1,0,0,0,1,0,0,3,30,30,0,1,10,4,5,0,1
1,1,0,27.81,1,0,0,1,0,0,1,0,0,2,30,30,0,1,12,4,6,0,1
1,0,0,27.4,0,0,0,1,0,0,1,0,0,3,30,30,0,2,10,4,5,0,1
1,0,0,41.57,0,0,0,1,0,0,1,0,0,3,30,30,1,2,10,6,6,0,1
1,1,0,24.41,0,0,0,1,0,0,1,0,0,2,30,30,0,2,10,6,6,0,1
1,0,0,27.4,0,0,0,0,0,0,1,0,0,5,30,30,0,2,10,4,6,0,1
1,1,0,26.88,1,0,0,0,0,0,1,0,0,2,30,30,1,1,12,5,6,0,1
1,0,0,29.43,1,0,0,1,0,0,1,0,0,3,30,30,0,1,11,5,5,0,1
1,0,0,20.8,1,0,0,1,0,0,1,0,0,3,30,30,0,2,11,5,6,0,1
1,1,0,30.41,1,0,0,1,0,0,1,0,0,3,30,30,0,1,12,6,10,0,1
1,1,0,28.35,0,0,0,0,0,0,1,0,0,4,30,30,0,2,10,6,6,0,1
1,1,0,27.44,1,0,0,1,0,0,1,0,0,3,30,30,0,2,10,6,6,0,1
1,1,0,27.4,1,0,1,1,0,0,1,0,0,3,1,5,0,1,12,6,6,0,1
1,0,0,33.64,1,0,0,1,0,0,1,0,0,3,30,30,0,1,10,5,6,0,1
1,0,0,25.77,1,0,0,1,0,0,1,0,0,2,30,30,0,1,10,5,6,0,1
1,0,0,29.05,0,0,0,1,0,0,1,0,0,3,30,30,0,1,10,4,6,0,1
1,1,0,37.55,1,0,0,0,0,0,1,0,0,5,30,30,1,2,11,5,6,0,1
1,1,0,27.32,0,0,0,1,0,0,1,0,0,4,30,30,0,1,13,6,6,0,1
1,1,0,29.95,1,0,0,1,0,0,1,0,0,3,30,30,0,2,10,6,6,0,1
1,0,0,24.5,0,0,0,0,0,0,1,0,0,2,30,30,0,1,12,6,6,0,1
1,1,0,31.64,0,0,0,1,0,0,1,0,0,3,30,30,0,2,10,6,6,0,1
1,1,0,30.72,1,0,0,1,0,0,1,0,1,3,30,30,0,1,10,3,5,0,1
1,1,0,28.35,0,0,0,1,0,0,1,0,0,3,30,30,0,1,13,5,6,0,1
1,1,0,27.4,0,0,0,1,0,0,1,0,0,3,30,30,0,2,10,5,6,0,1
1,0,0,30.27,1,0,0,0,0,0,1,0,0,5,30,30,1,2,10,6,6,0,1
1,1,0,36.05,0,0,0,1,0,0,1,0,0,2,30,30,0,2,10,5,10,0,1
1,1,0,24.13,0,0,0,1,0,0,0,0,0,3,30,30,0,1,10,6,6,0,1
1,1,0,34.21,1,0,0,0,0,0,1,0,0,3,5,30,1,2,11,5,5,0,1
1,0,0,24.8,0,0,0,1,0,0,1,0,0,3,30,30,0,2,13,5,6,0,1
1,1,0,28.25,0,0,0,1,0,0,1,0,0,4,3,3,0,1,10,6,6,0,1
1,0,0,27.4,0,0,0,1,0,0,1,0,1,3,30,30,0,2,3,5,6,0,1
1,1,0,25.06,1,0,0,1,0,0,1,0,0,2,30,30,0,2,10,5,6,0,1
1,0,0,38.26,1,0,0,1,0,0,1,0,0,3,30,30,0,1,10,5,6,0,1
1,0,0,33.91,0,0,0,1,0,0,1,0,0,2,30,30,0,1,10,5,6,0,1
1,0,0,26.45,0,0,0,1,0,0,1,0,0,3,30,30,0,1,10,5,6,0,1
1,1,0,30.68,0,0,0,1,0,0,1,0,0,2,30,30,0,1,10,6,10,0,1
1,0,0,24.95,1,0,0,0,0,0,1,0,0,4,30,30,0,1,10,5,6,0,1
1,1,0,33.23,0,1,0,1,0,0,1,0,0,2,30,30,0,1,11,6,6,0,1
1,1,0,35.43,0,0,0,1,0,0,1,0,0,4,5,15,1,2,10,4,3,0,1
1,0,0,29.84,0,0,0,1,0,0,1,0,0,3,30,30,0,1,10,6,6,0,1
1,0,0,34.11,0,0,0,0,0,0,1,0,0,4,30,15,0,1,10,4,6,0,1
1,0,0,27.4,0,0,0,1,0,0,1,0,0,2,30,30,0,2,13,6,5,0,1
1,1,0,27.4,1,0,0,0,0,0,1,0,0,4,30,30,0,2,11,4,6,0,1
1,1,0,28.95,1,0,0,1,0,0,1,0,0,2,30,30,0,2,13,6,6,0,1
1,0,0,31.2,1,0,1,0,0,0,1,0,0,4,30,30,1,1,12,5,6,0,1
1,1,0,39.87,0,0,0,0,0,0,1,0,1,5,30,30,1,2,10,6,6,0,1
1,0,0,31.75,0,0,0,0,0,0,1,0,0,5,30,30,1,1,10,4,6,0,1
1,1,0,30.0,1,0,0,0,0,0,1,0,0,4,30,30,0,1,14,6,6,0,1
1,1,0,30.41,1,0,1,1,0,0,1,0,0,5,15,30,1,2,12,5,6,0,1
1,1,0,29.57,0,0,0,1,0,0,1,0,0,4,30,5,0,1,11,5,6,0,1
1,0,0,30.54,0,0,0,1,0,0,1,0,0,2,30,30,0,1,10,5,6,0,1
1,1,0,24.28,0,0,0,0,0,0,1,0,0,2,30,30,0,1,10,6,6,0,1
1,1,0,35.95,0,0,0,0,0,0,1,0,0,3,30,15,1,1,11,6,6,0,1
1,1,0,31.19,1,0,0,0,0,0,1,0,0,4,2,30,1,1,10,6,6,0,1
1,1,0,26.89,0,0,0,0,0,0,1,0,0,4,30,30,0,2,11,5,6,0,1
1,1,0,34.44,1,0,0,1,0,0,1,0,0,3,30,30,0,1,10,4,6,0,1
1,1,0,28.06,0,0,0,1,0,0,1,0,0,4,12,30,1,1,10,6,2,0,1
1,1,0,29.18,0,0,0,0,0,0,1,0,0,3,2,30,0,2,11,5,6,0,1
1,1,0,26.26,0,0,0,1,0,0,1,0,0,3,30,30,0,2,12,5,6,0,1
1,1,0,22.59,1,0,0,1,0,0,1,0,0,4,30,30,0,1,13,5,6,0,1
1,0,0,41.63,0,0,0,0,0,0,1,0,1,5,15,30,1,2,11,4,6,0,1
1,0,0,27.4,0,0,0,1,0,0,1,0,0,3,30,30,0,2,10,6,10,0,1
1,1,0,27.05,1,0,0,1,0,0,1,0,0,2,30,30,0,1,11,6,6,0,1
1,1,0,36.49,1,0,0,0,0,0,1,0,0,2,30,30,1,1,12,5,5,0,1
1,1,0,27.4,1,0,0,1,0,0,1,0,0,2,30,30,0,2,10,6,6,0,1
1,0,0,27.4,0,0,0,0,0,0,1,0,0,3,30,30,0,2,13,6,6,0,1
1,1,0,52.73,0,0,0,1,0,0,1,0,0,4,30,30,0,1,6,6,6,0,1
1,0,0,32.19,1,0,1,0,0,0,1,0,0,4,30,30,0,1,12,4,10,0,1
1,1,0,19.37,1,0,0,1,0,0,1,0,0,2,30,30,0,1,12,6,6,0,1
1,0,0,30.43,1,0,0,1,0,0,1,0,0,3,30,30,0,1,10,6,6,0,1
1,0,0,24.63,0,0,0,1,0,0,1,0,0,2,30,30,0,2,10,6,6,0,1
1,1,0,40.45,1,0,0,0,0,0,1,0,0,5,30,30,1,2,6,5,5,0,1
1,1,0,34.21,1,0,0,1,0,0,1,0,0,3,30,3,0,2,11,5,6,0,1
1,0,0,38.34,1,0,0,1,0,0,1,0,0,3,30,30,1,1,12,6,6,0,1
1,1,0,21.95,1,0,0,1,0,0,1,0,0,2,30,30,1,2,13,4,6,0,1
1,1,0,24.41,0,0,0,0,0,0,1,0,0,3,30,30,0,1,10,4,6,0,1
1,0,0,32.89,0,0,0,0,0,0,1,0,0,4,30,30,1,2,10,4,6,0,1
1,1,0,28.97,1,0,1,0,0,0,1,0,0,5,30,30,1,1,10,6,6,0,1
1,1,0,27.12,0,0,0,1,0,0,1,0,0,3,30,30,0,1,11,6,6,0,1
1,0,0,37.97,0,0,0,1,0,0,1,0,0,3,30,30,0,1,10,6,6,0,1
1,1,0,36.11,0,0,1,1,0,0,1,0,0,4,15,20,1,2,10,5,4,0,1
1,1,0,32.11,0,1,0,1,0,0,1,0,0,2,30,30,0,1,11,6,6,0,1
1,0,0,31.17,0,0,0,0,0,0,1,0,0,2,30,30,0,1,10,4,6,0,1
1,1,0,31.19,0,0,0,1,0,0,1,0,0,4,30,10,0,1,10,5,6,0,1
1,0,0,33.91,0,0,0,1,0,0,1,0,0,3,30,30,0,1,10,4,5,0,1
1,1,0,49.08,0,1,1,1,0,0,1,0,0,3,5,14,1,2,11,5,3,0,1
1,1,0,30.72,1,0,1,0,0,0,1,0,0,4,30,30,1,1,10,5,2,0,1
1,1,0,24.37,0,0,0,1,0,0,1,0,0,3,30,30,0,1,11,5,6,0,1
1,1,0,26.88,1,0,0,0,0,0,1,0,0,2,30,30,0,1,12,4,6,0,1
1,1,0,34.44,0,0,0,1,0,0,1,0,0,3,30,30,0,1,10,6,6,0,1
1,0,0,33.86,1,0,0,1,0,0,1,0,0,3,30,30,0,2,10,5,6,0,1
1,1,0,25.11,1,0,0,0,0,0,1,0,0,2,30,3,0,1,12,6,6,0,1
1,1,0,39.05,1,0,0,1,0,0,1,0,0,2,30,30,0,1,10,5,6,0,1
1,1,0,34.53,1,0,0,0,0,0,1,0,0,4,10,30,0,2,13,3,6,0,1
1,1,0,26.5,0,0,0,1,0,0,1,0,0,2,30,30,0,1,13,5,6,0,1
1,1,0,26.61,0,0,0,1,0,0,1,0,0,1,30,30,0,2,12,6,6,0,1
1,0,0,45.52,1,0,0,0,0,0,1,0,0,4,30,15,1,1,10,4,2,0,1
1,1,0,34.17,0,0,0,1,0,0,1,0,0,2,30,30,0,1,11,6,6,0,1
1,1,0,32.89,1,1,1,0,0,0,1,0,0,4,30,30,1,2,13,4,5,0,1
1,1,0,34.57,0,0,0,0,0,0,1,0,0,3,3,30,0,2,10,6,6,0,1
1,0,0,31.62,0,0,0,1,0,0,1,0,1,4,30,30,1,2,10,5,6,0,1
1,1,0,31.01,0,0,0,1,0,0,1,0,0,3,30,30,0,1,10,6,11,0,1
1,1,0,34.77,1,0,0,0,0,0,1,0,0,4,30,30,1,2,10,5,6,0,1
1,1,0,25.25,1,0,0,1,0,0,1,0,0,4,30,30,0,1,11,4,6,0,1
1,0,0,27.4,0,0,0,1,0,0,1,0,0,2,30,30,0,1,10,5,6,0,1
1,1,0,22.46,0,0,0,1,0,0,1,0,0,2,30,30,0,2,13,4,5,0,1
1,1,0,34.01,1,1,0,0,0,0,1,0,0,4,30,14,1,2,13,6,5,0,1
1,0,0,21.02,0,0,0,1,0,0,1,0,0,3,30,30,0,1,11,6,6,0,1
1,1,0,35.24,0,0,0,0,0,0,1,0,0,3,30,30,0,1,10,4,6,0,1
1,1,0,36.31,0,0,0,1,0,0,1,0,0,3,30,15,0,2,10,5,6,0,1
1,1,0,31.47,1,0,0,1,0,0,1,0,0,3,30,30,0,1,10,4,3,0,1
1,1,0,27.4,0,0,0,1,0,0,1,0,0,3,30,30,0,2,12,6,6,0,1
1,1,0,29.29,0,1,0,0,0,0,1,0,0,4,30,30,1,1,11,4,2,0,1
1,1,0,26.5,1,0,0,1,0,0,1,0,0,3,30,30,0,1,13,6,6,0,1
1,1,0,37.25,1,1,0,1,0,0,1,0,0,3,30,30,0,1,10,5,6,0,1
1,1,0,33.29,1,1,1,0,0,0,1,0,0,4,30,2,1,2,13,5,6,0,1
1,1,0,24.75,0,0,0,1,0,0,1,0,0,2,1,30,0,2,10,5,6,0,1
1,1,0,26.78,0,0,0,1,0,0,1,0,0,2,30,30,0,1,10,6,11,0,1
1,1,0,32.12,1,0,0,1,0,0,1,0,0,3,30,30,0,2,11,5,5,0,1
1,1,0,29.97,0,0,0,1,0,0,1,0,0,2,30,30,0,1,10,6,11,0,1
1,1,0,23.73,1,0,0,1,0,0,1,0,0,2,30,30,0,1,11,6,6,0,1
1,0,0,37.97,0,0,0,0,0,0,1,0,0,4,30,30,1,1,10,5,6,0,1
1,1,0,27.4,1,0,0,1,0,0,1,0,0,2,30,30,0,2,10,5,5,0,1
1,1,0,15.45,0,0,0,1,0,0,1,0,0,3,30,30,0,2,10,6,11,0,1
1,0,0,35.94,0,0,0,0,0,0,1,0,0,5,30,30,0,1,10,4,4,0,1
1,1,0,25.1,1,0,0,1,0,0,1,0,0,4,30,30,0,1,10,4,6,0,1
1,0,0,34.46,0,0,0,0,0,0,1,0,0,2,30,30,0,1,10,5,6,0,1
1,0,0,48.07,1,0,0,1,0,0,1,0,0,3,30,30,0,2,10,4,6,0,1
1,0,0,29.21,0,0,0,1,0,0,1,0,0,4,30,30,0,1,10,4,6,0,1
1,0,0,27.34,0,0,0,1,0,0,1,0,0,1,30,1,0,2,13,6,6,0,1
1,1,0,44.3,0,1,1,1,0,0,1,0,0,5,10,30,1,2,11,5,2,0,1
1,1,0,57.47,1,0,0,1,0,0,1,0,0,3,30,1,0,1,6,5,6,0,1
1,1,0,33.2,0,0,0,1,0,0,1,0,0,3,30,30,0,2,13,6,6,0,1
1,1,0,30.04,1,1,1,1,0,0,1,0,0,4,30,30,0,1,10,3,3,0,1
1,0,0,27.4,0,0,0,1,0,0,1,0,0,2,30,30,0,2,11,5,5,0,1
1,1,0,31.82,0,0,0,1,0,0,1,0,0,4,10,30,0,2,10,4,6,0,1
1,1,0,27.4,0,0,0,1,0,0,1,0,0,2,30,30,0,1,10,6,6,0,1
1,0,0,33.91,1,0,0,1,0,0,1,0,0,3,30,30,1,1,13,5,6,0,1
1,1,0,34.19,1,0,0,0,0,0,1,0,0,4,30,20,1,2,10,4,6,0,1
1,0,0,32.55,0,0,0,1,0,0,1,0,0,3,30,30,0,1,10,4,6,0,1
1,1,0,40.34,1,0,0,0,0,0,1,0,0,4,30,30,0,2,10,5,6,0,1
1,1,0,18.3,0,0,0,0,0,0,1,0,0,2,30,30,0,2,11,6,6,0,1
1,0,0,27.4,0,0,0,1,0,0,1,0,0,3,30,4,1,2,14,6,6,0,1
1,1,0,32.28,0,1,0,1,0,0,1,0,0,3,30,30,1,2,10,4,2,0,1
1,1,0,32.92,0,0,1,0,0,0,1,0,0,3,30,30,1,2,13,5,5,0,1
1,1,0,39.94,0,0,0,1,0,0,1,0,0,2,30,30,0,2,10,4,6,0,1
1,1,0,27.4,0,0,0,0,0,0,1,0,0,3,30,2,0,2,10,5,6,0,1
1,0,0,24.33,0,0,0,1,0,0,1,0,0,3,30,30,0,1,10,6,11,0,1
1,0,0,34.67,1,0,0,1,0,0,1,0,0,3,3,5,0,2,10,5,6,0,1
1,1,0,36.25,0,0,0,1,0,0,1,0,0,2,30,30,0,1,10,6,6,0,1
1,1,0,42.51,0,0,0,1,0,0,1,0,0,2,30,30,0,2,10,4,3,0,1
1,0,0,25.84,1,0,0,1,0,0,1,0,0,1,30,30,0,1,12,6,6,0,1
1,1,0,37.11,0,0,0,0,0,0,1,0,0,2,30,30,0,2,10,6,6,0,1
1,0,0,25.06,0,0,0,0,0,0,1,0,0,3,2,3,1,2,13,6,6,0,1
1,1,0,29.05,0,0,0,1,0,0,1,0,0,4,30,5,1,1,11,3,6,0,1
1,1,0,27.4,0,0,0,1,0,0,1,0,0,3,30,30,0,1,10,6,6,0,1
1,0,0,27.4,1,0,0,1,0,0,1,0,0,5,30,30,1,2,5,5,6,0,1
1,1,0,31.53,0,0,0,0,0,0,1,0,0,4,10,15,1,2,10,2,3,0,1
1,1,0,27.4,0,0,0,0,0,0,1,0,0,3,30,30,0,2,10,4,6,0,1
1,1,0,35.0,0,0,0,1,0,0,1,0,0,3,30,30,0,1,10,6,3,0,1
1,1,0,39.53,1,0,0,1,0,0,1,0,0,2,30,30,0,1,12,5,6,0,1
1,1,0,21.8,1,0,0,1,0,0,1,0,0,3,30,30,0,2,6,6,11,0,1
1,1,0,24.39,0,0,0,0,0,0,1,0,0,4,30,30,1,1,13,3,5,0,1
1,1,0,45.31,0,0,1,0,0,0,1,0,0,4,30,5,0,1,10,5,6,0,1
1,0,0,34.87,0,0,0,1,0,0,1,0,0,3,30,2,0,1,10,6,6,0,1
1,1,0,39.54,0,0,0,1,0,0,1,0,0,3,30,30,1,1,10,6,6,0,1
1,0,0,28.87,0,0,0,1,0,0,1,0,0,2,30,30,0,1,11,6,10,0,1
1,1,0,38.09,0,0,0,1,0,0,1,0,0,3,30,30,1,2,10,6,6,0,1
1,1,0,34.11,1,0,0,0,0,0,1,0,0,3,3,30,1,2,10,5,6,0,1
1,1,0,39.48,0,0,0,1,0,0,1,0,0,4,30,30,0,2,10,4,5,0,1
1,0,0,35.82,0,0,0,1,0,0,1,0,0,2,30,30,0,1,10,6,10,0,1
1,1,0,27.4,0,0,0,0,0,0,1,0,0,4,30,30,1,2,12,6,6,0,1
1,1,0,28.34,0,0,0,0,0,0,1,0,0,1,30,30,0,2,10,4,1,0,1
1,1,0,44.3,1,0,0,1,0,0,1,0,0,4,2,30,0,1,10,4,10,0,1
1,1,0,45.61,0,0,1,1,0,0,1,0,0,4,30,15,0,1,12,6,6,0,1
1,0,0,27.4,0,0,0,1,0,0,1,0,0,4,30,30,0,2,10,4,6,0,1
1,0,0,27.89,0,0,0,1,0,0,1,0,0,2,30,30,1,1,13,6,6,0,1
1,1,0,33.28,0,1,1,0,0,0,1,0,0,5,30,30,1,2,10,4,11,0,1
1,1,0,33.28,0,0,0,1,0,0,1,0,0,3,30,30,0,2,12,4,4,0,1
1,1,0,19.91,0,0,0,1,0,0,1,0,0,2,30,30,1,2,13,6,6,0,1
1,1,0,33.28,0,0,0,0,0,0,1,0,0,4,25,5,1,2,10,4,6,0,1
1,0,0,38.37,1,0,0,0,0,0,1,0,0,4,30,2,1,2,11,4,6,0,1
1,1,0,28.34,0,0,0,1,0,0,1,0,0,4,30,30,0,2,11,5,6,0,1
1,0,0,43.58,1,0,0,0,0,0,1,0,0,5,30,30,1,1,10,2,5,0,1
1,0,0,23.4,0,0,0,1,0,0,1,0,0,1,30,30,0,1,11,6,6,0,1
1,0,0,26.78,0,0,0,1,0,0,1,0,0,1,30,30,0,1,10,5,6,0,1
1,0,0,33.28,0,0,0,1,0,0,1,0,0,3,30,30,0,2,11,6,6,0,1
1,1,0,30.68,0,0,0,0,0,0,1,0,0,3,30,30,0,2,13,6,6,0,1
1,1,0,27.73,0,1,0,1,0,0,1,0,0,4,30,10,0,2,11,5,6,0,1
1,0,0,28.84,0,0,0,1,0,0,1,0,0,2,30,1,0,2,10,6,6,0,1
1,1,0,27.4,1,0,0,0,0,0,1,0,0,4,1,30,0,2,14,5,6,0,1
1,1,0,32.5,0,0,0,1,0,0,1,0,0,2,30,30,0,1,10,6,11,0,1
1,1,0,27.62,1,0,0,1,0,0,1,0,0,3,30,30,0,1,13,6,6,0,1
1,1,0,33.96,0,0,0,1,0,0,1,0,0,3,30,1,0,1,12,6,6,0,1
1,0,0,26.97,0,1,0,0,0,0,1,0,0,4,30,30,1,1,11,5,6,0,1
1,1,0,28.13,1,1,1,1,0,0,1,0,0,4,30,30,1,1,12,4,6,0,1
1,1,0,38.52,1,0,0,0,0,0,1,0,0,3,30,30,1,1,10,4,4,0,1
1,0,0,27.4,0,0,0,1,0,0,1,0,1,1,30,30,0,2,4,4,6,0,1
1,0,0,25.09,0,0,0,1,0,0,1,0,0,2,30,30,0,1,10,6,6,0,1
1,1,0,34.18,1,0,1,1,0,0,1,0,0,3,30,30,0,1,12,6,6,0,1
1,1,0,28.48,1,0,0,1,0,0,1,0,1,3,30,30,1,1,10,6,2,0,1
1,1,0,29.75,0,0,0,0,0,0,1,0,0,2,30,30,0,1,10,5,6,0,1
1,1,0,28.89,0,0,0,1,0,0,1,0,0,3,30,30,1,1,13,4,6,0,1
1,0,0,22.05,1,0,0,1,0,0,1,0,0,3,30,30,0,1,12,5,6,0,1
1,1,0,33.84,1,0,0,1,0,0,1,0,0,4,30,30,1,1,13,4,6,0,1
1,1,0,34.3,1,0,1,1,0,0,1,0,0,3,30,30,0,1,10,5,4,0,1
1,0,0,27.4,0,0,0,0,0,0,1,0,0,3,30,30,0,1,12,4,6,0,1
1,0,0,41.5,0,0,0,0,0,0,1,0,0,2,30,30,0,2,10,4,6,0,1
1,0,0,34.28,0,0,0,0,0,0,1,0,0,4,30,30,0,1,10,4,6,0,1
1,1,0,27.4,1,0,0,1,0,0,1,0,0,3,30,30,0,2,10,6,6,0,1
1,1,0,27.4,0,0,0,0,0,0,1,0,0,3,30,30,0,1,10,5,6,0,1
1,0,0,29.84,0,0,0,1,0,0,1,0,0,3,30,30,0,1,10,6,6,0,1
1,1,0,21.95,0,1,1,1,0,0,1,0,0,4,30,30,0,2,13,4,5,0,1
1,0,0,29.05,0,0,0,1,0,0,1,0,0,3,30,30,0,2,10,5,6,0,1
1,0,0,27.4,0,0,0,1,0,0,1,0,0,2,30,30,0,1,10,5,6,0,1
1,0,0,31.19,0,0,0,0,0,0,1,0,0,3,30,30,0,1,10,6,6,0,1
1,1,0,31.19,0,0,0,1,0,0,1,0,0,2,30,30,0,1,11,6,2,0,1
1,0,0,24.13,0,0,0,1,0,0,1,0,0,2,30,30,1,1,10,4,6,0,1
1,1,0,28.19,1,0,0,0,0,0,1,0,0,4,30,25,1,2,6,6,6,0,1
1,0,0,27.44,0,0,0,0,0,0,1,0,0,3,30,30,0,2,10,4,5,0,1
1,1,0,25.83,1,0,0,0,0,0,1,0,0,4,15,30,1,1,10,6,5,0,1
1,0,0,55.2,0,0,0,1,0,0,1,0,0,4,30,30,1,2,10,4,3,0,1
1,0,0,27.4,0,0,0,1,0,0,1,0,0,3,30,30,0,2,10,2,6,0,1
1,1,0,31.96,1,0,1,1,0,0,1,0,0,2,30,30,0,1,13,6,6,0,1
1,1,0,27.4,0,1,0,0,0,0,1,0,0,4,30,25,0,2,11,4,6,0,1
1,0,0,34.3,1,0,0,1,0,0,1,0,0,2,30,30,0,1,10,5,10,0,1
1,1,0,41.19,1,0,0,1,0,0,1,0,0,3,30,30,1,2,10,6,6,0,1
1,0,0,28.89,1,0,1,1,0,0,1,0,0,4,1,30,0,1,10,4,6,0,1
1,0,0,27.4,0,0,0,0,0,0,1,0,0,4,30,30,0,2,13,6,6,0,1
1,1,0,40.45,0,0,1,1,0,0,1,0,0,4,30,15,1,1,10,3,5,0,1
1,1,0,25.79,1,0,0,1,0,0,1,0,0,3,30,30,0,1,11,6,6,0,1
1,1,0,30.67,1,0,0,1,0,0,1,0,0,1,30,30,0,2,10,5,6,0,1
1,0,0,30.79,0,0,0,1,0,0,1,0,0,1,30,30,0,2,10,6,6,0,1
1,1,0,27.41,1,0,0,1,0,0,0,0,0,2,30,30,0,2,10,4,6,0,1
1,1,0,27.4,0,0,0,1,0,0,1,0,0,4,30,30,1,2,12,6,6,0,1
1,1,0,45.19,0,0,1,0,0,0,1,0,0,5,6,16,1,1,10,5,6,0,1
1,1,0,27.44,0,0,0,1,0,0,1,0,0,2,30,30,0,2,10,6,6,0,1
1,0,0,27.4,0,0,0,1,0,0,1,0,0,3,30,30,0,1,10,4,6,0,1
1,0,0,40.69,0,0,0,1,0,0,1,0,0,3,30,30,0,1,10,6,6,0,1
1,1,0,35.44,1,1,1,0,0,0,1,0,0,4,5,15,0,1,12,4,6,0,1
1,0,0,27.4,0,0,0,0,0,0,1,0,0,4,30,30,1,2,12,6,6,0,1
1,0,0,46.46,0,0,0,0,0,0,1,0,1,5,30,25,1,2,10,3,5,0,1
1,0,0,33.23,1,0,1,0,0,0,1,0,0,5,20,30,1,1,10,3,1,0,1
1,1,0,28.32,0,0,0,0,0,0,1,0,0,5,30,30,1,2,10,6,6,0,1
1,0,0,47.24,0,0,0,1,0,0,1,0,0,5,30,2,1,2,11,5,6,0,1
1,0,0,27.4,0,0,1,0,0,0,1,0,0,3,30,30,0,1,11,5,6,0,1
1,1,0,23.91,0,0,0,1,0,0,1,0,0,4,30,30,0,2,11,4,6,0,1
1,1,0,42.91,1,0,0,1,0,0,1,0,0,3,30,3,1,2,13,5,6,0,1
1,0,0,21.86,0,0,0,1,0,0,1,0,0,3,30,30,0,1,13,4,6,0,1
1,1,0,30.17,1,0,0,0,0,0,1,0,1,4,20,15,0,1,10,4,5,0,1
0,0,0,37.68,0,0,0,1,0,0,1,0,0,3,30,12,0,2,3,5,6,0,1
1,0,0,27.4,0,0,0,1,0,0,1,0,0,3,30,30,0,2,11,5,5,0,1
1,1,0,29.76,1,0,0,1,0,0,1,0,1,3,30,30,1,2,10,6,6,0,1
1,1,0,26.54,0,0,0,0,0,0,1,0,0,2,30,30,0,1,10,5,6,0,1
1,0,0,36.62,1,0,0,0,0,0,1,0,0,4,30,30,1,1,10,4,1,0,1
1,1,0,30.85,0,0,0,1,0,0,1,0,0,2,30,1,0,1,10,6,6,0,1
1,1,0,36.92,0,0,0,1,0,0,1,0,0,3,5,30,0,1,10,6,3,0,1
1,0,0,31.01,0,0,0,1,0,0,1,0,0,4,30,30,0,1,10,5,6,0,1
1,1,0,29.86,0,0,0,1,0,0,1,0,0,3,5,3,0,2,10,6,11,0,1
1,0,0,34.58,0,0,0,1,0,0,1,0,0,3,30,30,0,1,13,5,6,0,1
1,1,0,26.58,0,1,0,1,0,0,1,0,0,4,30,30,0,1,13,4,3,0,1
1,1,0,29.23,0,0,0,1,0,0,1,0,0,2,30,30,0,2,12,4,6,0,1
1,1,0,29.84,0,0,0,1,0,0,1,0,0,2,30,30,0,1,10,5,6,0,1
1,1,0,27.22,0,0,0,1,0,0,1,0,0,4,30,30,0,1,10,6,6,0,1
1,0,0,40.35,0,0,0,0,0,0,1,0,0,5,14,14,1,2,10,5,6,0,1
1,0,0,31.0,0,0,0,1,0,0,1,0,0,2,30,30,0,1,10,6,6,0,1
1,1,0,31.18,1,0,1,0,0,0,1,0,0,4,30,30,1,2,12,4,6,0,1
1,1,0,43.53,1,0,0,1,0,0,1,0,0,4,15,30,1,2,6,5,5,0,1
1,1,0,26.58,0,0,0,1,0,0,1,0,0,3,30,30,0,1,11,6,6,0,1
1,0,0,24.24,0,0,0,1,0,0,1,0,0,2,30,30,0,2,10,5,6,0,1
1,1,0,30.21,1,0,0,1,0,0,1,0,0,2,3,30,0,1,10,6,6,0,1
1,1,0,26.63,0,0,0,1,0,0,1,0,0,2,30,30,0,2,10,6,6,0,1
1,0,0,38.66,0,0,0,1,0,0,1,0,0,4,30,3,1,2,12,4,6,0,1
1,0,0,32.92,1,0,0,1,0,0,1,0,0,3,10,30,0,1,11,6,6,0,1
1,0,0,32.1,1,1,1,0,0,0,1,0,0,5,30,30,1,1,12,5,4,0,1
1,0,0,28.76,0,0,0,1,0,0,1,0,0,2,30,30,0,1,10,5,5,0,1
1,0,0,28.84,1,0,0,1,0,0,1,0,0,3,30,30,0,1,10,6,6,0,1
1,1,0,39.16,0,0,0,1,0,0,1,0,0,3,1,30,1,2,11,6,6,0,1
1,1,0,27.4,0,0,0,1,0,0,1,0,0,1,30,30,0,2,12,4,6,0,1
1,0,0,23.37,0,0,0,1,0,0,1,0,0,2,30,2,0,1,2,5,6,0,1
1,0,0,28.25,1,0,0,0,0,0,1,0,0,2,30,30,0,1,10,4,6,0,1
1,1,0,35.87,1,0,0,1,0,0,1,0,0,2,2,30,0,1,10,6,6,0,1
1,1,0,38.01,1,0,0,1,0,0,1,0,0,2,30,30,0,1,10,5,6,0,1
1,1,0,30.18,1,0,0,0,0,0,1,0,0,3,30,30,0,2,10,5,6,0,1
1,0,0,24.41,0,0,0,1,0,0,1,0,0,2,30,30,0,1,11,6,6,0,1
1,1,0,40.75,0,0,0,1,0,0,1,0,0,2,5,30,0,1,10,4,6,0,1
1,1,0,24.41,0,0,0,1,0,0,1,0,0,3,30,30,0,2,10,6,6,0,1
1,1,0,36.58,1,0,0,1,0,0,1,0,0,3,30,30,0,2,11,6,6,0,1
1,0,0,26.54,0,0,0,1,0,0,1,0,0,3,30,30,0,2,10,6,11,0,1
1,0,0,33.99,0,0,0,1,0,0,1,0,0,2,30,30,0,1,11,6,6,0,1
1,0,0,25.1,0,0,0,1,0,0,1,0,0,1,30,30,0,1,5,6,6,0,1
1,0,0,23.44,1,0,0,1,0,0,1,0,0,3,30,30,0,2,10,5,6,0,1
1,0,0,33.02,0,0,0,0,0,0,1,0,1,3,14,30,1,2,10,4,6,0,1
1,1,0,27.34,0,0,0,0,0,0,1,0,0,3,30,30,0,2,13,3,5,0,1
1,0,0,26.04,0,0,0,1,0,0,1,0,0,1,30,30,0,2,11,6,6,0,1
1,0,0,23.06,0,1,0,1,0,0,1,0,0,2,30,30,0,1,13,6,6,0,1
1,1,0,35.43,1,0,0,1,0,0,1,0,0,3,30,30,0,2,12,4,6,0,1
1,1,0,27.02,0,0,0,1,0,0,1,0,0,2,30,30,0,2,10,6,6,0,1
1,1,0,23.03,0,0,0,1,0,0,1,0,0,3,30,30,0,2,13,6,6,0,1
1,1,0,34.96,1,0,1,1,0,0,1,0,1,3,30,25,1,1,10,4,4,0,1
1,1,0,28.34,1,0,1,0,0,0,1,0,0,4,6,1,1,2,10,5,6,0,1
1,1,0,25.11,1,0,1,1,0,0,1,0,0,3,30,3,0,1,12,6,6,0,1
1,0,0,37.12,0,0,0,1,0,0,1,0,0,4,30,5,0,1,10,2,6,0,1
1,0,0,33.07,0,0,0,0,0,0,1,0,0,1,30,30,0,2,10,5,6,0,1
1,0,0,33.37,0,0,0,1,0,0,1,0,0,2,3,30,0,2,10,4,6,0,1
1,0,0,23.4,0,0,0,1,0,0,1,0,0,1,30,30,0,2,2,5,6,0,1
1,1,0,34.57,1,0,0,1,0,0,1,0,0,2,30,30,0,1,10,6,6,0,1
1,0,0,33.47,0,0,0,0,0,0,1,0,0,4,30,30,1,2,10,4,3,0,1
1,1,0,46.25,1,1,0,0,0,0,0,0,0,5,5,20,1,1,6,5,2,0,1
1,0,0,29.26,0,0,0,1,0,0,1,0,0,2,30,30,0,2,10,5,6,0,1
1,0,0,27.4,0,0,0,0,0,0,1,0,0,3,30,30,0,2,13,6,6,0,1
1,1,0,27.4,0,0,0,1,0,0,1,0,0,3,30,30,0,2,11,5,6,0,1
1,0,0,27.4,1,0,0,1,0,0,1,0,0,4,30,30,0,2,10,5,4,0,1
1,1,0,28.8,1,0,0,1,0,0,1,0,0,2,30,30,0,1,10,6,6,0,1
1,1,0,23.5,0,0,0,1,0,0,1,0,0,3,30,30,0,1,13,6,6,0,1
1,0,0,28.5,0,0,0,1,0,0,1,0,0,2,30,30,0,1,12,4,6,0,1
1,1,0,34.7,1,0,0,1,0,0,1,0,0,2,30,2,1,1,12,5,6,0,1
1,1,0,31.09,0,0,0,0,0,0,1,0,0,4,30,30,1,2,12,2,6,0,1
1,0,0,31.32,1,0,0,1,0,0,1,0,0,3,30,30,0,1,10,4,6,0,1
1,1,0,33.47,1,0,0,1,0,0,1,0,0,4,30,30,1,2,11,4,5,0,1
1,1,0,31.38,1,0,0,1,0,0,1,0,0,3,30,30,0,1,6,5,6,0,1
1,1,0,36.22,0,0,1,0,0,0,1,0,0,4,5,30,1,2,10,6,2,0,1
1,0,0,27.4,0,0,0,1,0,0,1,0,1,5,20,30,0,1,10,2,1,0,1
1,1,0,33.89,0,0,0,1,0,0,1,0,1,3,30,20,1,1,10,4,6,0,1
1,1,0,29.29,0,0,0,1,0,0,1,0,0,4,30,30,0,1,10,5,3,0,1
1,1,0,41.35,1,0,0,0,0,0,1,0,0,3,30,30,1,1,13,5,6,0,1
1,1,0,33.66,0,0,0,1,0,0,1,0,0,3,1,30,0,2,10,6,6,0,1
1,0,0,24.56,0,0,0,1,0,0,1,0,0,1,30,30,0,2,10,6,6,0,1
1,1,0,27.46,0,0,0,0,0,0,1,0,0,4,3,3,1,2,13,4,6,0,1
1,1,0,29.53,0,0,0,0,0,0,1,0,0,3,30,10,0,1,10,6,6,0,1
1,1,0,27.46,0,0,0,1,0,0,1,0,0,2,30,30,0,2,11,4,6,0,1
1,1,0,25.02,1,0,0,1,0,0,1,0,0,3,30,30,0,2,13,5,6,0,1
1,1,0,26.63,1,0,0,1,0,0,1,0,0,3,30,30,0,2,10,5,6,0,1
1,1,0,28.75,1,0,1,0,0,0,1,0,1,4,15,30,1,1,10,5,6,0,1
1,0,0,31.01,1,0,0,1,0,0,1,0,0,2,30,30,0,1,10,5,6,0,1
1,0,0,30.41,0,0,0,1,0,0,1,0,0,3,30,30,0,1,11,5,6,0,1
1,1,0,32.49,1,0,0,0,0,0,1,0,0,3,30,30,0,1,11,4,6,0,1
1,0,0,34.08,0,0,0,1,0,0,1,0,0,4,30,30,1,1,10,4,5,0,1
1,1,0,28.25,0,0,1,0,0,0,1,0,0,3,30,5,0,1,12,6,11,0,1
1,1,0,29.84,1,0,1,0,0,0,1,0,0,3,3,30,1,1,10,3,6,0,1
1,1,0,25.75,0,0,0,1,0,0,1,0,0,3,30,30,0,2,10,6,6,0,1
1,0,0,31.38,1,0,0,1,0,0,1,0,0,4,30,30,1,1,13,6,6,0,1
1,0,0,27.4,0,0,0,1,0,0,1,0,0,3,30,30,0,1,10,5,11,0,1
1,1,0,24.79,0,0,0,0,0,0,1,0,0,2,30,30,0,2,13,5,5,0,1
1,0,0,27.07,0,0,0,1,0,0,1,0,0,3,30,5,0,2,12,6,6,0,1
1,0,0,27.4,0,0,0,1,0,0,1,0,0,2,30,30,0,2,11,6,6,0,1
1,1,0,30.13,1,0,1,1,0,0,1,0,0,3,30,30,0,1,11,4,6,0,1
1,1,0,25.1,0,0,0,0,0,0,1,0,0,2,30,30,0,1,10,6,6,0,1
1,0,1,37.97,0,0,0,1,0,0,1,0,0,3,30,30,0,1,10,6,6,0,1
1,0,0,25.1,1,0,1,1,0,0,1,0,0,3,30,30,0,1,10,6,6,0,1
1,0,0,40.74,0,0,0,1,0,0,1,0,0,3,30,30,0,2,10,6,6,0,1
1,1,0,31.62,0,0,1,0,0,0,1,0,0,2,30,30,1,2,13,4,3,0,1
1,1,0,27.4,0,0,0,1,0,0,1,0,0,2,30,30,0,2,12,5,6,0,1
1,0,0,25.75,0,0,0,1,0,0,1,0,0,2,30,30,0,2,10,6,10,0,1
1,1,0,41.0,0,0,0,0,0,0,1,0,0,4,30,14,1,1,10,4,2,0,1
1,1,0,25.11,0,0,0,1,0,0,1,0,0,3,30,30,0,1,12,6,10,0,1
1,0,0,26.5,1,0,0,1,0,0,1,0,0,3,30,30,0,1,11,5,6,0,1
1,0,0,28.06,0,0,0,1,0,0,1,0,0,2,30,30,0,1,10,6,10,0,1
1,1,0,27.2,1,0,1,0,0,0,1,0,0,4,3,29,0,1,10,6,6,0,1
1,0,0,29.99,0,0,0,1,0,0,1,0,0,1,30,30,1,1,10,5,6,0,1
1,1,0,26.5,0,0,0,1,0,0,1,0,0,5,30,30,1,1,13,6,6,0,1
1,1,0,26.58,0,0,0,1,0,0,1,0,0,3,30,30,0,1,10,6,6,0,1
1,0,0,27.4,0,0,0,1,0,0,1,0,0,4,30,30,0,1,4,6,6,0,1
1,1,0,23.78,0,0,1,1,0,0,1,0,0,4,30,30,0,2,13,5,4,0,1
1,0,0,33.38,0,1,0,0,0,0,1,0,0,3,30,2,1,1,11,5,5,0,1
1,1,0,27.4,0,0,0,1,0,0,1,0,0,2,30,30,0,1,13,5,6,0,1
1,1,0,29.27,1,0,0,1,0,0,1,0,1,5,30,30,1,1,12,5,4,0,1
1,1,0,32.96,1,0,0,1,0,0,1,0,0,2,30,30,0,1,10,6,6,0,1
1,1,0,46.87,0,0,0,1,0,0,1,0,0,3,30,30,0,2,10,6,5,0,1
1,0,1,27.46,0,0,0,0,0,0,1,0,0,4,30,30,0,2,10,2,4,0,1
1,1,0,31.02,0,0,0,1,0,0,1,0,0,3,30,30,0,2,12,4,6,0,1
1,1,0,28.25,1,0,0,1,0,0,1,0,0,2,30,30,0,1,13,4,6,0,1
1,1,0,29.19,1,1,1,0,0,0,1,0,0,4,30,10,0,1,11,5,6,0,1
1,1,0,33.38,0,0,0,0,0,0,1,0,0,3,30,30,0,1,10,4,6,0,1
1,0,0,26.63,0,0,0,1,0,0,1,0,0,3,30,30,0,2,10,6,6,0,1
1,1,0,27.12,1,0,1,0,0,0,1,0,0,5,10,30,1,1,11,5,6,0,1
1,1,0,30.85,0,0,0,0,0,0,1,0,0,5,30,30,1,1,10,4,6,0,1
1,0,0,24.14,0,0,0,1,0,0,1,0,0,1,30,30,0,1,10,6,11,0,1
1,1,0,32.92,0,0,0,1,0,0,1,0,0,5,30,10,0,2,11,6,6,0,1
1,1,0,29.48,0,0,0,0,0,0,1,0,0,4,30,30,0,2,13,2,4,0,1
1,1,0,30.38,1,0,0,1,0,0,1,0,0,3,30,30,0,1,12,6,6,0,1
1,1,0,28.29,0,0,0,1,0,0,1,0,0,2,2,3,0,1,10,6,6,0,1
1,1,0,25.83,0,0,0,1,0,0,1,0,0,2,30,30,0,1,12,5,6,0,1
1,0,0,27.4,0,0,0,0,0,0,1,0,0,4,30,30,1,2,10,4,5,0,1
1,0,0,27.12,0,0,0,1,0,0,1,0,0,3,30,30,0,1,10,5,6,0,1
1,1,0,26.63,0,0,0,1,0,0,1,0,0,2,30,30,0,2,13,6,6,0,1
1,0,0,38.27,0,0,0,0,0,0,1,0,0,3,30,30,1,2,13,6,6,0,1
1,1,0,27.4,0,0,0,1,0,0,1,0,1,2,30,30,0,2,10,1,6,0,1
1,1,0,31.62,0,0,0,1,0,0,1,0,0,3,30,3,0,2,10,6,6,0,1
1,1,0,27.46,1,0,0,1,0,0,1,0,0,1,30,30,0,2,11,6,6,0,1
1,1,0,28.25,0,0,1,1,0,0,1,0,0,3,30,30,0,1,11,6,10,0,1
1,0,0,28.25,0,0,0,0,0,0,1,0,0,3,30,30,0,1,12,5,6,0,1
1,0,0,27.4,1,0,0,0,0,0,1,0,0,4,30,30,1,1,10,2,4,0,1
1,1,0,25.0,0,0,0,1,0,0,1,0,0,3,30,30,0,1,10,6,11,0,1
1,1,0,27.4,0,0,0,1,0,0,1,0,0,3,30,30,0,2,10,5,6,0,1
1,0,0,27.4,0,0,0,0,0,0,1,0,0,4,30,30,1,2,10,5,6,0,1
1,0,0,22.87,1,0,0,1,0,0,1,0,0,3,30,30,0,1,13,6,6,0,1
1,1,0,47.65,0,0,0,0,0,0,1,0,0,3,30,30,1,2,10,3,2,0,1
1,0,0,31.57,0,0,0,1,0,0,1,0,0,3,30,30,0,1,10,5,6,0,1
1,0,0,25.34,1,0,0,1,0,0,1,0,0,3,30,30,0,1,6,6,6,0,1
1,0,0,36.58,0,0,0,0,0,0,1,0,0,3,30,30,0,2,13,1,6,0,1
1,0,0,27.4,0,0,0,0,0,0,1,0,0,4,30,30,0,2,11,6,6,0,1
1,0,0,34.67,0,0,0,1,0,0,1,0,0,3,30,30,0,1,10,6,6,0,1
1,1,0,20.81,0,0,1,1,0,0,1,0,0,3,30,30,0,1,13,6,6,0,1
1,0,0,27.4,0,0,0,0,0,0,1,0,0,4,30,30,0,2,13,2,6,0,1
1,1,0,25.06,0,0,0,1,0,0,1,0,0,2,30,30,0,1,13,5,6,0,1
1,0,0,27.4,1,0,0,1,0,0,1,0,0,3,30,30,0,2,10,5,6,0,1
1,1,0,30.28,1,0,1,0,0,0,1,0,0,5,2,30,0,1,11,4,5,0,1
1,0,0,27.4,0,0,0,1,0,0,1,0,0,4,30,20,0,2,10,6,6,0,1
1,1,0,28.06,1,0,0,1,0,0,1,0,0,4,30,5,1,2,10,6,6,0,1
1,1,0,24.39,0,0,0,1,0,0,1,0,0,3,30,30,0,1,10,3,6,0,1
1,1,0,55.79,0,0,0,0,0,0,1,0,0,4,6,30,1,2,11,6,5,0,1
1,0,0,29.87,0,1,0,1,0,0,1,0,1,3,30,30,1,2,12,2,6,0,1
1,0,0,36.94,0,0,0,1,0,0,1,0,0,3,30,30,0,1,10,6,6,0,1
1,1,0,28.13,1,0,0,1,0,0,1,0,0,2,30,30,0,1,10,6,6,0,1
1,1,0,33.45,0,0,0,1,0,0,1,0,0,4,30,20,1,1,10,4,6,0,1
1,0,0,29.53,1,0,0,1,0,0,1,0,0,3,30,30,0,1,10,6,6,0,1
1,0,0,36.02,0,0,0,1,0,0,1,0,0,2,30,30,0,1,13,4,2,0,1
1,0,0,27.32,0,0,0,1,0,0,1,0,0,2,30,30,0,1,10,6,6,0,1
1,1,0,45.65,0,1,1,0,0,0,1,0,0,4,30,30,1,2,12,4,2,0,1
1,0,0,34.77,1,0,0,1,0,0,1,0,0,3,30,4,0,2,12,6,6,0,1
1,1,0,36.94,1,0,0,0,0,0,1,0,0,3,30,30,1,2,11,6,6,0,1
1,0,0,40.61,1,0,1,0,0,0,1,0,0,4,20,30,1,2,10,5,5,0,1
1,1,0,31.32,1,0,0,1,0,0,1,0,0,3,30,30,0,2,10,4,6,0,1
1,1,0,27.4,1,0,0,1,0,0,1,0,0,3,30,30,0,1,11,5,6,0,1
1,1,0,37.2,0,1,0,0,0,0,1,0,0,4,30,5,1,2,10,6,6,0,1
1,1,0,20.98,0,0,0,0,0,0,1,0,0,3,30,30,1,2,13,6,6,0,1
1,1,0,34.48,0,0,0,1,0,0,1,0,0,2,30,30,0,2,13,6,6,0,1
1,0,0,35.87,0,0,0,0,0,0,1,0,0,4,30,30,0,1,10,4,5,0,1
1,1,0,42.91,1,0,0,0,0,0,1,0,0,4,15,3,1,2,10,6,2,0,1
1,1,0,39.37,0,0,0,0,0,0,1,0,0,3,30,30,1,1,10,4,4,0,1
1,0,0,27.44,0,0,0,1,0,0,1,0,0,4,30,30,0,2,13,4,6,0,1
1,1,0,33.28,0,0,0,1,0,0,1,0,0,2,5,30,0,2,10,6,6,0,1
1,1,0,28.5,1,0,0,0,0,0,0,0,0,3,30,30,0,1,10,4,6,0,1
1,1,0,32.49,1,0,0,0,0,0,1,0,0,5,10,30,1,2,10,5,5,0,1
1,1,0,34.11,1,1,0,1,0,0,1,0,1,5,2,30,0,2,10,4,2,0,1
1,1,0,38.74,0,0,0,0,0,0,1,0,0,3,5,30,0,2,11,6,6,0,1
1,1,0,27.4,0,0,1,1,0,0,1,0,0,5,6,30,1,2,10,6,5,0,1
1,1,0,42.07,0,0,0,0,0,0,1,0,0,3,15,20,1,2,10,5,2,0,1
1,1,0,27.99,1,0,0,1,0,0,1,0,0,4,30,30,0,1,11,2,1,0,1
1,0,0,30.41,1,0,0,1,0,0,1,0,0,1,30,30,0,1,10,4,6,0,1
1,1,0,38.02,1,0,0,1,0,0,1,0,0,3,30,30,0,1,10,6,11,0,1
1,1,0,27.55,0,0,1,1,0,0,1,0,0,4,30,30,0,2,11,6,6,0,1
1,1,0,27.4,0,0,1,1,0,0,1,0,0,2,30,30,0,1,13,6,6,0,1
1,1,0,31.78,0,0,0,1,0,0,1,0,0,2,30,1,0,1,10,5,6,0,1
1,1,0,33.91,1,0,0,1,0,0,1,0,0,3,30,30,0,1,10,5,6,0,1
1,1,0,30.68,0,0,0,0,0,0,1,0,0,3,30,30,0,1,10,4,6,0,1
1,1,0,31.75,0,0,0,1,0,0,1,0,0,2,30,30,0,2,6,6,6,0,1
1,1,0,34.3,0,0,0,1,0,0,0,0,0,4,30,30,0,1,11,5,6,0,1
1,1,0,30.13,0,0,0,0,0,0,1,0,0,2,30,30,0,1,12,6,6,0,1
1,1,0,26.25,1,1,1,0,0,0,1,0,0,5,30,30,1,1,13,5,6,0,1
1,1,0,31.31,0,0,0,0,0,0,1,0,0,4,10,21,1,2,10,5,6,0,1
1,0,0,36.32,1,0,0,0,0,0,1,0,0,3,30,30,0,1,10,4,6,0,1
1,0,0,39.68,1,0,0,0,0,0,1,0,0,5,15,25,1,1,10,5,6,0,1
1,1,0,28.89,1,0,0,1,0,0,1,0,0,4,30,30,0,1,10,5,6,0,1
1,1,0,45.73,1,0,0,0,0,0,1,0,0,4,5,15,1,2,10,4,3,0,1
1,0,0,27.4,0,0,0,1,0,0,1,0,0,3,10,10,0,2,3,5,6,0,1
1,1,0,47.24,0,0,1,0,0,0,1,0,0,3,30,30,1,2,11,6,6,0,1
1,1,0,28.28,0,0,0,1,0,0,1,0,0,2,30,30,0,1,12,6,6,0,1
1,1,0,35.62,0,0,0,0,0,0,1,0,0,5,4,30,1,1,10,4,6,0,1
1,0,0,27.4,0,0,0,1,0,0,1,0,0,3,30,30,0,2,13,4,6,0,1
1,1,0,27.4,0,0,0,1,0,0,1,0,0,3,2,30,0,2,10,4,6,0,1
1,1,0,28.35,0,0,0,1,0,0,1,0,0,2,30,30,0,2,10,6,6,0,1
1,0,0,27.4,0,0,0,1,0,0,1,0,0,5,30,30,0,2,13,4,6,0,1
1,1,0,47.26,1,0,1,0,0,0,1,0,1,3,30,4,1,1,10,4,6,0,1
1,1,0,27.46,0,0,0,1,0,0,1,0,0,3,30,30,0,2,5,6,6,0,1
1,0,0,36.21,0,0,0,0,0,0,1,0,0,2,30,30,0,2,10,4,6,0,1
1,0,0,39.48,0,0,0,0,0,0,1,0,0,3,15,30,1,1,13,5,6,0,1
1,1,0,34.86,0,0,0,1,0,0,1,0,0,3,30,30,1,1,6,5,5,0,1
1,0,0,27.4,0,0,0,0,0,0,1,0,1,3,30,30,0,2,1,4,6,0,1
1,0,0,28.21,1,0,0,1,0,0,1,0,0,3,30,30,0,1,10,4,6,0,1
1,1,0,28.06,0,0,0,1,0,0,1,0,0,2,30,30,0,1,10,6,6,0,1
1,1,0,36.02,1,0,0,0,0,0,1,0,0,5,10,14,1,2,10,5,6,0,1
1,1,0,27.84,0,0,1,1,0,0,1,0,0,3,30,30,0,1,11,6,10,0,1
1,1,0,28.45,1,0,0,1,0,0,1,0,0,4,30,30,0,1,10,5,6,0,1
1,1,0,27.02,0,0,0,1,0,0,1,0,0,3,30,30,0,1,12,6,6,0,1
1,0,0,29.86,1,0,0,1,0,0,1,0,0,3,30,30,0,1,12,6,6,0,1
1,1,0,56.49,1,1,0,0,0,0,1,0,0,5,15,30,1,2,10,5,4,0,1
1,1,0,27.4,0,0,0,0,0,0,1,0,0,2,30,30,0,2,12,6,6,0,1
1,1,0,26.63,0,0,0,1,0,0,1,0,0,2,30,30,0,2,10,6,6,0,1
1,0,0,25.75,0,0,0,1,0,0,1,0,0,1,2,30,0,2,10,6,6,0,1
1,1,0,25.84,0,0,0,1,0,0,1,0,0,2,30,30,0,1,11,6,6,0,1
1,1,0,32.28,1,0,0,0,0,0,1,0,0,3,20,30,0,2,10,6,6,0,1
1,1,0,33.15,1,0,1,0,0,0,1,0,0,4,30,30,0,1,10,4,6,0,1
1,0,0,27.4,1,0,0,1,0,0,1,0,0,3,30,30,0,2,12,6,6,0,1
1,0,0,31.19,1,0,0,1,0,0,1,0,0,2,30,30,0,1,12,5,6,0,1
1,1,0,33.84,0,0,1,0,0,0,1,0,0,3,30,30,1,2,10,5,6,0,1
1,1,0,30.17,0,1,0,0,0,0,1,0,0,5,4,5,0,1,12,4,6,0,1
1,1,0,31.65,1,0,1,0,0,0,1,0,0,4,30,30,0,1,6,4,6,0,1
1,1,0,27.4,0,0,1,0,0,0,1,0,0,4,30,30,1,2,13,5,6,0,1
1,1,0,27.44,1,0,0,0,0,0,1,0,0,3,10,30,0,2,13,4,6,0,1
1,1,0,32.69,0,0,1,0,0,0,1,0,0,4,4,4,1,1,12,6,6,0,1
1,1,0,37.6,1,0,0,1,0,0,1,0,0,3,30,30,0,1,14,5,6,0,1
1,0,0,22.15,1,0,0,1,0,0,1,0,0,3,30,30,0,1,12,5,6,0,1
1,1,0,27.4,0,0,0,0,0,0,1,0,0,4,30,30,0,2,12,4,6,0,1
1,0,0,29.76,0,0,0,0,0,0,1,0,0,3,30,30,0,1,11,4,5,0,1
1,0,0,38.41,1,0,0,1,0,0,1,0,0,3,30,3,0,2,10,4,6,0,1
1,0,0,32.12,0,0,0,1,0,0,1,0,0,2,30,30,0,1,10,4,6,0,1
1,0,0,27.41,1,0,0,1,0,0,1,0,0,2,30,30,0,1,12,6,6,0,1
1,0,0,38.84,0,0,0,1,0,0,1,0,0,4,10,20,0,1,10,5,6,0,1
1,1,0,40.41,0,0,0,1,0,0,1,0,0,4,10,30,1,2,10,4,6,0,1
1,1,0,34.33,1,0,0,0,0,0,1,0,0,3,10,10,1,2,10,5,6,0,1
1,1,0,30.04,0,0,0,1,0,0,1,0,0,4,30,10,1,2,10,6,6,0,1
1,1,0,27.4,0,0,0,1,0,0,1,0,0,4,30,30,0,1,14,6,6,0,1
1,1,0,27.4,0,0,0,1,0,0,1,0,0,3,30,30,0,2,6,6,6,0,1
1,1,0,27.37,1,0,0,0,0,0,1,0,0,2,30,30,0,1,10,6,6,0,1
1,1,0,27.4,0,1,1,0,0,0,1,0,0,4,30,10,0,2,6,4,6,0,1
1,1,0,27.4,1,1,1,0,0,0,1,0,1,5,30,30,1,2,12,5,5,0,1
1,1,0,27.4,0,0,0,1,0,0,1,0,0,3,30,30,0,2,11,5,6,0,1
1,0,0,23.73,0,0,0,1,0,0,1,0,0,2,30,30,0,1,13,6,6,0,1
1,1,0,32.98,1,0,0,1,0,0,1,0,0,4,30,30,0,1,10,4,3,0,1
1,1,0,25.82,1,0,0,1,0,0,1,0,0,2,30,30,0,1,13,5,6,0,1
1,0,0,37.76,1,0,0,1,0,0,1,0,0,2,30,30,0,2,10,6,6,0,1
1,0,0,28.32,0,0,0,1,0,0,1,0,0,2,30,30,0,2,10,6,11,0,1
1,1,0,37.02,0,0,0,0,0,0,1,0,0,3,30,30,0,1,11,6,6,0,1
1,0,0,31.0,0,0,0,1,0,0,1,0,0,2,30,30,0,2,11,6,6,0,1
1,0,0,30.73,0,0,0,0,0,0,1,0,0,5,20,30,1,2,10,4,1,0,1
1,1,0,35.26,1,0,0,1,0,0,1,0,0,4,3,30,0,1,10,6,10,0,1
1,1,0,44.3,1,0,0,0,0,0,1,0,0,3,30,30,1,1,13,4,4,0,1
1,1,0,35.53,0,0,0,0,0,0,1,0,0,2,30,30,0,2,13,5,6,0,1
1,1,0,32.89,0,0,0,1,0,0,1,0,0,2,30,30,0,1,10,6,10,0,1
1,1,0,27.4,1,0,0,1,0,0,1,0,0,3,30,30,0,2,10,6,6,0,1
1,1,0,26.95,0,0,0,1,0,0,1,0,0,3,2,3,0,2,11,6,6,0,1
1,0,0,37.93,0,0,0,1,0,0,1,0,0,1,30,30,0,1,10,5,6,0,1
1,1,0,27.4,1,0,0,0,0,0,1,0,0,3,30,30,0,2,10,5,6,0,1
1,1,0,43.27,0,0,0,0,0,0,1,0,0,3,30,30,0,2,11,5,6,0,1
1,0,0,27.4,0,0,0,1,0,0,1,0,0,3,30,30,0,2,13,4,6,0,1
1,0,0,27.98,0,0,0,1,0,0,1,0,0,3,30,30,0,2,12,4,5,0,1
1,0,0,25.56,0,0,0,1,0,0,1,0,0,1,30,30,0,1,11,6,6,0,1
1,0,0,27.4,0,0,0,1,0,0,1,0,0,4,30,30,0,2,14,6,6,0,1
1,1,0,42.29,1,1,1,0,0,0,1,0,0,3,30,4,0,1,10,4,6,0,1
1,1,0,36.05,0,0,0,1,0,0,1,0,0,2,15,2,0,2,13,6,5,0,1
1,0,0,36.26,0,0,0,1,0,0,1,0,0,3,30,30,0,2,10,6,6,0,1
1,0,0,28.89,1,0,0,1,0,0,1,0,0,2,30,30,0,1,11,6,6,0,1
1,1,0,37.68,0,0,0,0,0,0,1,0,1,4,30,4,1,2,10,5,6,0,1
1,1,0,30.04,0,0,0,0,0,0,1,0,0,4,15,2,0,2,10,4,6,0,1
1,0,0,25.79,1,0,0,0,0,0,1,0,0,3,30,30,0,2,10,5,6,0,1
1,1,0,26.29,1,0,0,1,0,0,1,0,0,2,30,5,0,1,11,5,11,0,1
1,1,0,31.62,1,0,0,1,0,0,1,0,0,4,30,30,0,2,11,5,2,0,1
1,0,0,27.4,0,0,0,1,0,0,1,0,0,2,30,30,0,2,11,6,6,0,1
1,1,0,32.01,1,0,0,0,0,0,1,0,0,4,15,30,1,2,11,4,6,0,1
1,0,0,29.29,1,0,0,1,0,0,1,0,0,2,30,30,0,1,12,5,6,0,1
1,1,0,35.95,1,0,0,1,0,0,1,0,0,4,30,30,1,1,6,3,5,0,1
1,1,0,27.32,1,0,0,0,0,0,1,0,0,3,30,30,0,1,12,6,6,0,1
1,1,0,33.23,0,0,0,1,0,0,1,0,0,2,30,30,0,1,10,6,6,0,1
1,0,0,26.39,1,0,0,1,0,0,1,0,0,3,30,30,0,1,10,4,4,0,1
1,0,0,27.4,0,0,0,1,0,0,1,0,0,2,30,30,0,1,10,5,6,0,1
1,1,0,28.19,1,0,0,1,0,0,1,0,0,4,30,30,0,1,11,5,6,0,1
1,1,0,42.07,0,0,0,0,0,0,1,0,0,4,30,30,1,2,11,5,6,0,1
1,1,0,30.21,1,0,0,1,0,0,1,0,0,2,30,30,0,1,10,6,6,0,1
1,1,0,27.4,1,0,0,0,0,0,1,0,0,3,30,30,0,2,10,4,6,0,1
1,1,0,32.96,0,0,0,1,0,0,1,0,0,2,30,30,0,2,10,5,11,0,1
1,1,0,35.67,1,0,0,0,0,0,1,0,0,5,30,30,1,2,11,6,5,0,1
1,0,0,27.4,0,0,0,1,0,0,1,0,0,3,30,2,0,2,10,4,6,0,1
1,1,0,34.46,1,0,0,0,0,0,1,0,0,4,15,30,1,1,11,5,3,0,1
1,1,0,27.4,0,0,0,0,0,0,1,0,1,4,25,30,0,2,6,5,6,0,1
1,0,0,30.45,1,0,0,0,0,0,1,0,0,4,30,30,0,1,10,6,6,0,1
1,1,0,30.9,0,0,0,1,0,0,1,0,0,3,30,30,0,2,11,5,6,0,1
1,0,0,46.0,1,0,0,0,0,0,1,0,1,4,30,2,1,2,11,3,5,0,1
1,1,0,36.81,0,0,0,1,0,0,1,0,0,2,30,30,0,1,10,5,6,0,1
1,1,0,44.92,0,0,1,1,0,0,1,0,0,3,30,30,1,2,12,5,6,0,1
1,1,0,37.2,0,0,0,0,0,0,1,0,0,4,30,30,0,2,10,3,6,0,1
1,1,0,26.61,0,0,0,1,0,0,1,0,0,3,30,30,0,2,12,6,6,0,1
1,1,0,40.29,1,0,0,0,0,0,1,0,0,5,30,30,1,1,10,4,2,0,1
1,1,0,45.76,1,0,0,0,0,0,1,0,0,4,30,30,1,2,12,6,6,0,1
1,1,0,32.61,0,0,0,1,0,0,1,0,0,2,30,30,0,2,10,5,6,0,1
1,1,0,24.96,0,0,0,1,0,0,1,0,1,3,3,30,0,2,10,5,6,0,1
1,1,0,22.67,0,0,0,1,0,0,1,0,0,2,30,3,0,2,10,6,6,0,1
1,1,0,27.81,0,0,0,1,0,0,1,0,0,2,1,3,0,2,11,5,6,0,1
1,1,0,42.04,0,0,0,0,0,0,1,0,0,3,5,2,0,1,10,5,6,0,1
1,0,0,65.38,0,1,0,0,0,0,1,0,0,4,30,30,1,2,10,3,4,0,1
1,1,0,30.13,0,0,0,1,0,0,1,0,0,3,30,30,0,1,10,4,6,0,1
1,1,0,32.98,1,0,1,1,0,0,1,0,0,3,30,30,1,1,11,5,6,0,1
1,1,0,27.02,0,0,1,0,0,0,1,0,0,4,14,30,0,2,11,6,5,0,1
1,1,0,31.93,1,0,0,0,0,0,1,0,0,3,30,30,0,1,10,6,6,0,1
1,1,0,39.05,1,0,0,0,0,0,1,0,0,4,15,5,1,1,6,5,6,0,1
1,1,0,25.65,1,0,0,0,0,0,1,0,0,2,30,30,0,1,6,6,6,0,1
1,1,0,26.54,1,0,0,1,0,0,1,0,0,2,30,30,0,1,10,4,6,0,1
1,1,0,25.06,1,0,0,1,0,0,1,0,0,3,30,3,0,1,13,6,6,0,1
1,0,0,47.5,1,0,1,0,0,0,1,0,0,4,30,30,1,1,10,4,5,0,1
1,0,0,21.26,0,0,0,0,0,0,1,0,0,3,30,30,0,2,10,4,6,0,1
1,1,0,25.1,0,1,0,1,0,0,1,0,0,5,20,30,1,2,11,6,4,0,1
1,1,0,27.12,1,0,0,0,0,0,1,0,0,4,30,30,0,2,10,5,6,0,1
1,1,0,35.87,1,0,0,1,0,0,1,0,0,3,30,30,0,1,11,4,6,0,1
1,1,0,27.4,0,0,0,1,0,0,1,0,0,3,30,30,0,1,10,6,6,0,1
1,0,0,29.84,0,0,0,1,0,0,1,0,0,3,30,30,0,1,10,6,6,0,1
1,0,0,27.4,1,0,0,1,0,0,1,0,0,4,30,30,0,1,14,6,6,0,1
1,1,0,32.54,1,0,0,0,0,0,1,0,1,4,30,20,1,2,10,3,3,0,1
1,0,0,39.28,1,0,0,1,0,0,1,0,0,3,30,5,1,1,11,5,4,0,1
1,1,0,36.67,1,0,0,1,0,0,1,0,0,4,30,29,1,2,6,2,1,0,1
1,1,0,30.27,0,0,0,1,0,0,1,0,0,3,30,30,0,1,10,3,6,0,1
1,1,0,38.94,1,0,0,1,0,0,1,0,0,3,30,30,0,2,10,5,3,0,1
1,0,0,36.02,0,0,0,1,0,0,1,0,0,4,30,30,0,2,10,6,10,0,1
1,1,0,24.8,0,0,1,0,0,0,1,0,0,3,30,30,0,2,13,4,2,0,1
1,0,0,31.09,1,0,0,1,0,0,1,0,0,3,30,30,0,2,10,4,6,0,1
1,1,0,27.4,1,0,0,0,0,0,1,0,0,3,30,30,0,2,11,5,6,0,1
1,1,0,30.17,0,0,0,1,0,0,1,0,0,3,30,30,0,1,10,6,6,0,1
1,1,0,27.4,0,0,0,1,0,0,1,0,0,4,30,30,0,1,11,6,6,0,1
1,1,0,29.87,0,0,0,0,0,0,1,0,0,4,30,30,0,1,10,2,6,0,1
1,1,0,36.61,1,1,0,0,0,0,1,0,1,4,30,30,1,2,10,5,5,0,1
1,0,0,27.4,0,0,0,0,0,0,1,0,0,4,10,30,1,2,11,5,6,0,1
1,0,0,25.83,1,0,0,1,0,0,1,0,0,2,30,30,0,1,4,4,6,0,1
1,1,0,37.76,0,0,1,0,0,0,1,0,0,4,5,5,1,1,10,4,6,0,1
1,1,0,32.61,0,0,0,1,0,0,1,0,0,3,30,15,0,2,12,4,5,0,1
1,1,0,39.8,1,0,0,1,0,0,1,0,0,3,3,1,0,1,10,4,6,0,1
1,0,0,27.4,0,0,0,0,0,0,1,0,0,3,30,30,1,2,13,5,6,0,1
1,1,0,37.3,0,0,0,1,0,0,1,0,0,3,30,30,1,1,12,6,6,0,1
1,1,0,28.8,0,0,0,1,0,0,1,0,0,2,30,30,0,2,12,5,6,0,1
1,0,0,28.48,1,0,0,1,0,0,1,0,0,2,30,30,0,1,10,5,6,0,1
1,1,0,26.95,0,0,0,0,0,0,1,0,0,3,30,30,0,2,13,4,4,0,1
1,1,0,30.13,1,0,0,0,0,0,1,0,0,4,30,30,1,1,12,4,6,0,1
1,1,0,28.25,0,0,0,1,0,0,1,0,0,3,30,2,0,1,11,6,5,0,1
1,0,0,40.77,0,0,0,1,0,0,1,0,0,3,30,30,0,2,10,5,6,0,1
1,1,0,27.4,0,0,0,0,0,0,1,0,0,3,30,30,0,2,10,4,6,0,1
1,1,0,29.89,1,0,1,0,0,0,1,0,0,4,20,10,1,2,12,4,2,0,1
1,0,0,27.4,0,0,1,0,0,0,1,0,0,3,30,30,0,2,10,6,6,0,1
1,0,0,36.02,0,0,0,1,0,0,1,0,0,4,30,30,0,2,10,6,6,0,1
1,1,0,53.31,0,0,0,0,0,0,1,0,1,4,15,25,1,1,10,3,6,0,1
1,0,0,30.04,0,0,0,1,0,0,1,0,0,3,30,30,1,2,13,4,3,0,1
1,1,0,33.23,0,0,0,1,0,0,1,0,0,3,30,30,0,1,11,6,6,0,1
1,1,0,30.04,0,0,0,0,0,0,1,0,0,2,30,30,0,2,13,4,6,0,1
1,1,0,33.47,1,0,0,1,0,0,1,0,0,3,30,30,0,1,13,4,6,0,1
1,0,0,25.18,1,0,0,0,0,0,1,0,0,2,30,30,0,1,10,5,3,0,1
1,0,0,26.47,0,0,0,1,0,0,1,0,0,3,30,30,0,2,10,5,4,0,1
1,0,0,26.47,1,0,0,1,0,0,1,0,0,3,30,30,0,1,10,5,6,0,1
1,1,0,35.44,1,0,1,1,0,0,1,0,0,2,30,30,0,1,10,5,6,0,1
1,0,0,31.32,0,0,0,1,0,0,1,0,0,3,30,30,0,1,1,4,6,0,1
1,1,0,27.34,1,0,1,1,0,0,1,0,0,4,2,3,0,2,12,5,6,0,1
1,1,0,27.4,0,0,0,0,0,0,1,0,0,5,20,30,1,2,10,4,6,0,1
1,1,0,49.61,0,0,0,1,0,0,1,0,0,4,30,15,0,2,10,5,3,0,1
1,1,0,30.54,1,0,1,1,0,0,0,0,0,5,30,30,1,1,10,5,6,0,1
1,0,0,24.56,0,0,0,1,0,0,1,0,0,1,30,30,0,2,10,6,6,0,1
1,1,0,30.41,0,0,0,1,0,0,1,0,0,3,30,30,0,1,10,3,6,0,1
1,1,0,26.63,0,0,0,1,0,0,1,0,0,3,30,30,0,1,10,4,6,0,1
1,0,0,40.78,1,0,0,1,0,0,1,0,0,4,30,5,1,1,10,6,2,0,1
1,0,0,25.61,0,0,0,1,0,0,1,0,0,3,30,30,0,2,10,4,4,0,1
1,1,0,28.71,0,0,0,1,0,0,1,0,0,2,30,30,0,2,10,4,6,0,1
1,1,0,34.33,0,0,0,0,0,0,1,0,0,3,30,30,0,2,10,5,6,0,1
1,1,0,30.38,0,1,0,0,0,0,1,0,0,4,30,10,0,2,12,5,5,0,1
1,1,0,34.01,0,0,0,1,0,0,1,0,0,2,30,30,0,2,10,6,10,0,1
1,0,0,20.9,0,0,0,1,0,0,1,0,0,1,30,30,0,2,10,6,6,0,1
1,1,0,25.1,1,0,0,1,0,0,1,0,0,3,30,30,0,1,10,5,2,0,1
1,0,0,34.3,0,0,0,1,0,0,1,0,0,3,30,30,0,1,10,4,6,0,1
1,0,0,38.97,0,0,0,1,0,0,1,0,0,3,5,30,0,2,10,4,6,0,1
1,1,0,30.62,1,0,0,0,0,0,1,0,0,4,20,22,0,2,10,5,6,0,1
1,0,0,30.17,0,0,0,1,0,0,1,0,0,2,30,30,0,1,11,6,6,0,1
1,1,0,27.4,0,0,0,0,0,0,1,0,0,4,30,30,0,2,10,2,6,0,1
1,1,0,24.95,0,0,0,1,0,0,1,0,0,4,30,30,0,1,12,6,6,0,1
1,1,0,29.02,0,0,0,1,0,0,1,0,0,2,30,30,0,1,11,6,6,0,1
1,1,0,32.32,0,0,0,1,0,0,1,0,0,2,30,30,0,2,10,5,3,0,1
1,0,0,27.4,1,0,0,0,0,0,1,0,0,3,30,30,0,1,12,4,6,0,1
1,1,0,27.4,0,0,0,1,0,0,1,0,0,4,30,30,0,2,6,2,1,0,1
1,1,0,35.53,0,1,0,0,0,0,1,0,0,5,30,14,0,2,12,4,5,0,1
1,1,0,27.44,1,0,0,1,0,0,1,0,0,4,30,30,0,1,13,4,3,0,1
1,1,0,29.69,1,1,0,0,0,0,1,0,0,4,30,30,1,2,10,4,6,0,1
1,1,0,34.08,0,0,0,1,0,0,1,0,0,3,30,30,0,1,10,5,6,0,1
1,0,0,27.4,0,0,0,1,0,0,1,0,0,3,30,1,0,2,12,6,6,0,1
1,1,0,29.26,0,1,0,0,0,0,1,0,0,3,2,30,1,2,13,4,4,0,1
1,1,0,28.5,1,0,0,1,0,0,1,0,0,4,30,30,1,1,11,5,6,0,1
1,1,0,27.4,0,0,0,0,0,0,1,0,0,4,30,30,0,2,12,4,6,0,1
1,1,0,25.84,0,0,0,1,0,0,1,0,0,3,30,2,0,1,11,6,5,0,1
1,1,0,27.4,1,0,0,0,0,0,1,0,0,3,1,30,0,1,12,6,6,0,1
1,1,0,28.34,0,0,0,1,0,0,1,0,0,2,30,30,0,2,13,4,6,0,1
1,0,0,28.34,0,0,0,1,0,0,1,0,0,3,30,30,0,2,10,5,5,0,1
1,1,0,24.39,1,0,0,0,0,0,1,0,0,4,30,30,0,1,10,6,6,0,1
1,0,0,34.69,0,0,0,1,0,0,1,0,0,3,30,30,0,1,10,6,6,0,1
1,1,0,35.44,1,0,0,1,0,0,1,0,0,2,30,30,0,1,10,4,5,0,1
1,1,0,38.41,1,0,0,1,0,0,1,0,0,4,30,15,1,2,10,4,2,0,1
1,1,0,34.33,0,0,0,1,0,0,1,0,0,2,30,30,0,2,13,6,6,0,1
1,1,0,42.33,1,0,0,0,0,0,1,0,0,5,30,5,1,1,12,6,6,0,1
1,0,0,24.12,0,0,0,1,0,0,1,0,0,3,30,30,0,1,10,6,6,0,1
1,1,0,32.33,0,0,0,0,0,0,1,0,0,3,30,30,0,1,10,6,6,0,1
1,1,0,48.61,0,0,0,0,0,0,1,0,0,4,15,30,0,1,10,5,4,0,1
1,1,0,27.41,0,0,0,1,0,0,1,0,0,2,30,30,0,1,10,6,11,0,1
1,1,0,36.82,0,0,1,1,0,0,1,0,0,5,5,30,1,1,10,5,6,0,1
1,0,0,30.41,0,0,0,1,0,0,1,0,0,2,30,30,0,1,10,6,6,0,1
1,0,0,35.87,1,0,0,0,0,0,1,0,1,5,30,5,1,1,10,3,6,0,1
1,0,0,27.4,0,0,0,1,0,0,1,0,0,2,30,30,0,1,10,5,6,0,1
1,1,0,27.98,1,0,0,0,0,0,1,0,0,4,30,30,0,2,6,2,6,0,1
1,1,0,27.4,0,0,0,1,0,0,1,0,0,3,30,30,0,2,11,4,6,0,1
1,1,0,29.63,0,1,0,1,0,0,1,0,0,4,30,30,0,2,10,4,6,0,1
1,0,0,27.02,0,0,0,1,0,0,1,0,0,2,30,30,0,1,10,6,10,0,1
1,0,0,27.4,1,0,0,1,0,0,1,0,0,2,30,30,0,2,11,6,6,0,1
1,1,0,45.19,0,0,0,0,0,0,1,0,0,3,30,30,1,2,11,6,6,0,1
1,1,0,37.77,0,0,1,1,0,0,1,0,0,4,10,20,1,2,10,6,6,0,1
1,1,0,31.32,1,0,0,0,0,0,1,0,0,4,30,30,0,1,10,4,4,0,1
1,0,0,24.69,0,0,0,1,0,0,1,0,0,3,30,30,1,2,13,2,2,0,1
1,1,0,24.03,1,0,0,1,0,0,1,0,0,2,30,2,0,2,11,6,6,0,1
1,1,0,26.45,0,0,0,1,0,0,1,0,0,3,30,3,0,1,12,5,6,0,1
1,1,0,27.4,0,0,0,1,0,0,1,0,0,3,30,30,0,2,11,4,6,0,1
1,0,0,22.46,1,0,0,0,0,0,1,0,0,3,5,30,0,2,12,6,6,0,1
1,0,0,39.58,1,0,0,0,0,0,1,0,0,5,30,30,1,1,10,5,6,0,1
1,1,0,21.93,0,0,0,1,0,0,1,0,0,5,30,30,1,2,13,6,6,0,1
1,1,0,42.72,0,0,0,0,0,0,1,0,0,3,30,30,0,1,10,6,6,0,1
1,1,0,35.94,0,0,0,1,0,0,0,0,0,3,5,30,0,2,10,6,6,0,1
1,1,0,57.48,1,0,0,0,0,0,1,0,0,4,17,30,1,2,6,4,5,0,1
1,1,0,36.44,0,0,0,1,0,0,1,0,0,3,30,30,0,1,10,5,6,0,1
1,0,0,31.32,1,0,0,1,0,0,1,0,0,3,30,30,0,1,10,6,11,0,1
1,0,0,37.3,0,0,0,1,0,0,1,0,0,2,30,30,0,1,10,4,6,0,1
1,1,0,30.13,1,0,0,1,0,0,1,0,1,3,30,15,1,1,10,5,6,0,1
1,0,0,27.4,1,0,0,1,0,0,1,0,0,3,30,30,0,2,12,6,6,0,1
1,1,0,23.26,1,0,0,1,0,0,1,0,0,2,30,30,0,1,13,6,6,0,1
1,0,0,28.32,0,0,0,1,0,0,1,0,0,3,30,30,0,2,13,4,5,0,1
1,1,0,26.61,0,0,0,1,0,0,1,0,0,2,1,30,0,2,10,6,6,0,1
1,0,0,28.8,0,0,0,1,0,0,1,0,0,3,30,30,0,1,10,5,10,0,1
1,1,0,26.92,1,0,0,1,0,0,1,0,0,2,30,30,0,1,10,5,6,0,1
1,1,0,35.44,0,0,0,0,0,0,1,0,0,3,30,30,0,1,11,5,6,0,1
1,1,0,28.74,1,1,0,1,0,0,1,0,0,3,30,30,0,1,10,5,6,0,1
1,1,0,35.44,0,0,0,0,0,0,1,0,0,5,5,30,1,1,10,5,4,0,1
1,1,0,54.89,1,0,0,1,0,0,1,0,0,4,30,10,1,2,10,5,4,0,1
1,1,0,27.4,0,0,0,1,0,0,1,0,0,5,30,2,0,1,10,3,6,0,1
1,1,0,27.4,0,0,0,0,0,0,1,0,0,3,30,30,1,2,12,5,6,0,1
1,0,0,27.4,1,0,0,0,0,0,1,0,0,3,30,30,0,1,13,4,6,0,1
1,1,0,23.78,0,0,0,1,0,0,1,0,0,3,30,30,0,1,13,6,5,0,1
1,0,1,35.26,0,0,0,0,0,0,1,0,0,3,30,30,0,1,10,6,6,0,1
1,0,0,44.29,0,0,0,1,0,0,1,0,0,3,30,30,0,2,6,6,6,0,1
1,0,0,27.44,0,0,0,0,0,0,1,0,0,4,30,30,0,2,6,2,4,0,1
1,0,0,42.57,0,0,0,0,0,0,1,0,0,3,30,30,0,2,10,4,6,0,1
1,1,0,43.9,0,0,0,0,0,0,1,0,0,3,30,30,0,2,13,6,6,0,1
1,0,0,42.29,1,0,1,1,0,0,1,0,0,4,1,30,1,2,10,6,5,0,1
1,1,0,27.12,1,0,1,1,0,0,1,0,0,2,30,30,1,1,13,5,4,0,1
1,1,0,27.4,1,0,0,0,0,0,1,0,0,3,30,30,0,2,10,5,6,0,1
1,0,0,27.4,0,0,0,0,0,0,1,0,0,4,30,30,1,2,10,5,6,0,1
1,0,0,40.69,0,0,0,1,0,0,1,0,0,3,30,30,0,1,10,6,6,0,1
1,1,0,39.16,1,0,0,1,0,0,1,0,0,3,30,30,0,2,6,6,6,0,1
1,1,0,26.61,1,1,1,0,0,0,1,0,0,5,30,30,1,1,10,2,2,0,1
1,0,0,27.4,0,0,0,1,0,0,1,0,0,3,30,30,0,2,11,5,6,0,1
1,1,0,32.28,1,0,0,1,0,0,1,0,0,2,30,30,0,2,10,6,6,0,1
1,0,0,29.76,1,0,0,0,0,0,1,0,0,4,30,30,0,1,13,3,5,0,1
1,1,0,35.94,1,0,0,1,0,0,1,0,0,4,30,30,1,1,6,2,2,0,1
1,1,0,30.52,1,0,0,1,0,0,1,0,0,2,30,30,0,1,10,6,10,0,1
1,0,0,35.53,0,0,0,1,0,0,1,0,0,2,30,30,0,1,10,6,11,0,1
1,1,0,39.06,0,1,0,0,0,0,1,0,0,4,30,10,1,2,13,6,6,0,1
1,1,0,25.82,1,0,0,1,0,0,1,0,0,1,30,30,0,1,11,6,6,0,1
1,0,0,28.29,1,0,0,0,0,0,1,0,0,4,30,30,1,2,10,5,6,0,1
1,1,0,27.89,1,0,0,1,0,0,1,0,0,1,30,30,0,1,13,6,6,0,1
1,1,0,32.49,1,0,0,1,0,0,1,0,0,5,30,30,0,1,11,5,6,0,1
1,1,0,32.61,0,0,0,1,0,0,1,0,0,3,30,30,0,2,10,6,6,0,1
1,1,0,27.41,1,0,0,1,0,0,1,0,0,3,30,30,0,2,11,5,6,0,1
1,1,0,27.47,0,0,0,1,0,0,1,0,0,3,30,30,0,1,13,4,6,0,1
1,0,0,35.44,0,0,1,1,0,0,1,0,0,3,30,3,1,1,12,6,6,0,1
1,0,0,30.99,0,0,0,1,0,0,1,0,0,4,30,30,0,2,12,5,6,0,1
1,1,0,27.46,0,0,1,1,0,0,1,0,0,3,30,30,0,2,11,5,5,0,1
1,1,0,27.4,0,0,0,1,0,0,1,0,0,1,30,30,0,2,14,5,6,0,1
1,0,0,27.4,0,0,0,1,0,0,1,0,1,3,30,30,0,2,10,6,6,0,1
1,1,0,26.39,0,0,0,1,0,0,1,0,0,2,30,3,0,1,10,5,6,0,1
1,1,0,32.69,0,1,0,0,0,0,1,0,0,4,13,15,1,1,10,5,6,0,1
1,1,0,42.07,0,1,1,0,0,0,1,0,0,4,1,30,1,2,11,4,5,0,1
1,1,0,27.4,0,0,0,1,0,0,1,0,0,3,30,5,0,2,10,6,6,0,1
1,0,0,32.84,1,0,0,0,0,0,1,0,0,4,30,26,1,2,10,4,6,0,1
1,1,0,34.21,0,0,1,0,0,0,1,0,0,4,10,15,1,2,11,5,6,0,1
1,0,0,40.35,1,0,0,1,0,0,1,0,0,3,30,30,0,1,10,4,10,0,1
1,1,0,25.38,0,1,1,1,0,0,1,0,0,2,30,30,0,1,12,6,6,0,1
1,0,0,28.34,0,0,0,1,0,0,1,0,0,4,30,30,0,2,13,4,6,0,1
1,1,0,31.32,0,0,0,1,0,0,1,0,0,3,30,3,0,1,10,4,6,0,1
1,1,0,28.7,0,0,0,1,0,0,1,0,0,2,30,30,0,1,10,6,6,0,1
1,0,0,36.18,1,0,1,0,0,0,1,0,0,4,30,30,0,2,10,5,6,0,1
1,1,0,26.46,0,0,1,1,0,0,1,0,0,3,30,30,0,1,10,6,6,0,1
1,1,0,18.7,1,0,0,1,0,0,1,0,0,5,30,30,0,1,13,4,5,0,1
1,1,0,29.05,0,0,0,1,0,0,1,0,0,3,5,30,0,2,10,6,6,0,1
1,1,0,27.4,0,0,0,1,0,0,1,0,0,2,30,30,0,1,10,6,6,0,1
1,1,0,27.44,0,0,0,0,0,0,1,0,0,1,30,30,0,1,10,4,5,0,1
1,1,0,28.46,1,0,0,0,0,0,1,0,0,4,30,30,1,2,11,4,6,0,1
1,1,0,33.11,1,0,0,1,0,0,1,0,0,3,30,30,0,1,10,5,6,0,1
1,1,0,26.96,0,0,0,0,0,0,1,0,0,2,30,30,0,2,12,4,6,0,1
1,0,0,29.05,0,0,0,1,0,0,1,0,0,2,30,30,0,2,11,6,6,0,1
1,0,0,28.48,0,0,0,1,0,0,1,0,0,2,30,30,0,1,11,5,6,0,1
1,1,0,24.27,0,0,0,1,0,0,1,0,0,4,30,30,0,1,10,4,3,0,1
1,1,0,27.44,1,0,0,1,0,0,1,0,0,3,2,30,0,2,10,5,6,0,1
1,1,0,51.49,1,1,0,0,0,0,1,0,0,5,30,20,1,2,10,3,6,0,1
1,1,0,23.06,1,0,0,1,0,0,1,0,0,3,30,1,0,1,11,6,6,0,1
1,1,0,24.41,0,0,0,1,0,0,1,0,0,2,30,30,0,2,10,6,6,0,1
1,1,0,27.4,1,0,0,0,0,0,1,0,0,3,30,30,0,2,10,6,6,0,1
1,1,0,31.57,1,0,0,0,0,0,1,0,0,3,30,30,0,1,10,6,6,0,1
1,0,0,22.38,0,0,0,1,0,0,1,0,0,3,30,30,0,1,10,4,6,0,1
1,1,0,37.11,0,0,0,1,0,0,1,0,0,3,30,30,0,2,13,4,4,0,1
1,0,0,27.46,0,0,0,0,0,0,1,0,0,2,30,30,0,2,11,6,6,0,1
1,1,0,28.28,0,0,0,0,0,0,1,0,0,4,30,30,1,2,12,4,5,0,1
1,1,0,27.4,1,0,0,0,0,0,1,0,0,3,30,30,0,2,10,5,6,0,1
1,1,0,28.8,0,0,0,1,0,0,1,0,0,2,30,1,0,1,10,6,6,0,1
1,0,0,46.18,0,0,0,0,0,0,1,0,0,3,30,30,0,1,10,6,6,0,1
1,1,0,34.75,1,0,0,0,0,0,1,0,0,5,15,30,1,2,12,4,4,0,1
1,1,0,20.18,0,0,0,1,0,0,1,0,0,3,30,30,0,1,10,6,6,0,1
1,1,0,26.61,0,0,0,1,0,0,1,0,0,2,1,30,0,2,10,6,6,0,1
1,0,0,36.02,0,0,0,1,0,0,1,0,0,3,30,30,0,1,10,6,6,0,1
1,1,0,25.82,0,0,0,1,0,0,1,0,0,2,30,30,0,2,10,6,6,0,1
1,1,0,35.43,0,0,0,1,0,0,1,0,0,2,4,30,0,2,10,6,6,0,1
1,1,0,28.15,0,0,0,0,0,0,1,0,0,3,30,2,0,2,11,4,6,0,1
1,0,0,25.09,0,0,0,1,0,0,1,0,0,2,30,30,0,1,10,6,6,0,1
1,1,0,27.69,1,0,0,1,0,0,0,0,0,3,30,30,0,1,10,5,6,0,1
1,1,0,45.61,1,0,0,0,0,0,1,0,0,3,30,1,0,1,10,4,6,0,1
1,0,0,27.41,0,0,0,1,0,0,1,0,0,3,30,30,0,2,12,6,6,0,1
1,0,0,31.19,0,0,0,1,0,0,1,0,0,3,30,30,0,1,10,6,6,0,1
1,1,0,34.02,1,0,0,0,0,0,1,0,0,3,30,30,1,1,10,4,6,0,1
1,0,0,40.45,0,0,0,1,0,0,1,0,0,2,30,30,0,1,10,5,6,0,1
1,1,0,22.6,0,0,0,1,0,0,1,0,0,2,30,30,0,1,13,5,6,0,1
1,1,0,33.72,1,0,1,1,0,0,1,0,0,3,30,30,0,1,10,5,6,0,1
1,1,0,57.39,1,1,1,1,0,0,1,0,0,4,14,21,1,2,10,6,4,0,1
1,1,0,27.4,0,0,0,1,0,0,1,0,0,3,30,30,0,1,14,6,6,0,1
1,1,0,40.74,1,0,0,1,0,0,1,0,0,4,30,1,0,2,10,4,6,0,1
1,1,0,27.4,0,0,0,1,0,0,1,0,0,2,30,30,0,2,13,6,6,0,1
1,0,0,32.61,0,0,0,1,0,0,1,0,0,2,30,30,0,2,10,6,6,0,1
1,1,0,29.19,0,0,0,1,0,0,1,0,0,3,30,30,0,2,11,6,6,0,1
1,1,0,29.23,1,1,0,1,0,0,1,0,0,4,30,5,0,2,11,4,4,0,1
1,1,0,27.4,1,0,0,0,0,0,1,0,0,4,3,15,1,2,13,6,6,0,1
1,1,0,29.84,1,0,0,1,0,0,1,0,0,2,30,30,0,1,13,6,6,0,1
1,1,0,33.45,1,0,0,1,0,0,1,0,0,2,30,30,0,2,11,6,6,0,1
1,1,0,29.91,1,0,0,1,0,0,1,0,0,2,30,30,0,1,13,6,6,0,1
1,1,0,37.59,1,0,0,0,0,0,1,0,0,4,10,3,0,2,10,5,5,0,1
1,1,0,30.08,0,0,0,1,0,0,1,0,0,2,30,10,1,1,10,5,6,0,1
1,0,0,42.91,1,0,0,1,0,0,1,0,0,3,30,30,0,1,10,6,2,0,1
1,0,0,27.4,0,0,0,0,0,0,1,0,0,3,30,30,0,2,10,3,6,0,1
1,0,0,34.33,0,0,0,0,0,0,1,0,0,3,30,30,0,2,10,6,10,0,1
1,1,0,28.75,0,0,0,1,0,0,1,0,0,1,30,30,0,1,10,5,11,0,1
1,1,0,24.41,0,0,0,0,0,0,1,0,0,4,30,30,1,1,10,4,3,0,1
1,1,0,25.75,0,0,0,1,0,0,1,0,0,2,30,30,0,2,13,6,6,0,1
1,1,0,27.46,1,0,0,1,0,0,1,0,0,3,30,30,0,2,14,5,6,0,1
1,1,0,51.37,1,0,0,1,0,0,1,0,0,4,30,30,1,2,10,5,5,0,1
1,1,0,26.63,0,0,0,1,0,0,1,0,0,2,30,30,1,2,13,6,6,0,1
1,0,0,25.39,1,0,0,1,0,0,1,0,0,3,30,30,1,1,12,4,6,0,1
1,0,0,29.29,1,0,0,0,0,0,1,0,0,4,30,30,0,1,11,5,6,0,1
1,1,0,34.45,0,0,0,1,0,0,1,0,0,2,30,30,0,1,10,6,6,0,1
1,1,0,27.46,0,0,0,1,0,0,1,0,0,2,30,30,0,2,11,4,6,0,1
1,1,0,27.12,0,0,0,1,0,0,1,0,0,2,30,30,0,1,12,5,6,0,1
1,0,0,47.24,0,0,0,0,0,0,1,0,0,3,30,30,0,2,10,2,3,0,1
1,1,0,27.4,0,0,1,1,0,0,1,0,1,3,30,30,0,1,10,3,6,0,1
1,1,0,27.89,1,0,0,1,0,0,1,0,0,3,30,30,0,1,14,6,6,0,1
1,1,0,24.14,0,0,1,1,0,0,1,0,0,2,2,2,0,1,10,5,6,0,1
1,1,0,26.54,0,0,0,1,0,0,1,0,0,2,30,30,0,1,10,6,6,0,1
1,1,0,27.17,0,0,1,1,0,0,1,0,0,3,30,30,0,1,10,5,6,0,1
1,1,0,29.41,1,0,1,1,0,0,1,0,0,3,30,30,0,1,13,4,6,0,1
1,1,0,25.06,0,0,1,0,0,0,1,0,0,3,30,30,0,1,13,4,6,0,1
1,1,0,22.5,0,0,0,1,0,0,1,0,0,2,30,30,0,2,12,5,6,0,1
1,0,0,27.4,0,0,0,1,0,0,1,0,0,3,30,30,0,2,13,6,6,0,1
1,0,0,27.4,0,0,0,0,0,0,1,0,0,3,30,30,0,1,12,4,6,0,1
1,1,0,35.15,1,0,0,1,0,0,1,0,0,5,30,28,0,1,6,4,6,0,1
1,0,0,26.5,0,0,0,1,0,0,1,0,0,3,30,30,0,1,13,6,6,0,1
1,0,0,27.4,0,0,0,1,0,0,1,0,0,3,30,30,0,2,11,5,6,0,1
1,1,0,27.4,0,1,0,0,0,0,1,0,0,3,30,30,0,1,10,5,6,0,1
1,1,0,38.32,0,0,0,1,0,0,1,0,0,5,30,30,0,2,11,5,6,0,1
1,1,0,39.99,0,0,0,1,0,0,1,0,0,2,30,30,1,2,10,6,6,0,1
1,0,0,28.48,1,0,0,1,0,0,1,0,0,2,30,30,0,1,10,5,6,0,1
1,1,0,36.92,1,0,0,1,0,0,1,0,0,3,3,30,0,1,10,4,5,0,1
1,1,0,31.32,0,0,0,0,0,0,1,0,1,3,3,30,1,2,10,5,1,0,1
1,1,0,33.66,0,0,0,0,0,0,1,0,0,2,2,30,0,2,10,6,6,0,1
1,1,0,27.4,0,0,0,1,0,0,1,0,0,3,30,30,0,2,14,4,6,0,1
1,1,0,24.03,0,0,0,1,0,0,1,0,0,2,30,30,0,2,13,6,6,0,1
1,1,0,27.4,0,0,0,1,0,0,1,0,1,3,30,30,1,2,13,2,6,0,1
1,0,0,20.73,0,0,0,1,0,0,1,0,0,3,30,30,1,2,13,5,6,0,1
1,0,0,36.64,1,0,0,0,0,0,1,0,0,3,3,25,1,1,11,5,6,0,1
1,0,0,27.4,0,0,0,1,0,0,1,0,0,3,30,30,0,2,13,6,6,0,1
1,1,0,29.21,1,1,0,1,0,0,1,0,0,3,30,2,0,2,10,4,5,0,1
1,1,0,29.7,1,0,0,0,0,0,1,0,0,5,30,30,1,1,13,4,6,0,1
1,0,0,33.96,0,0,0,1,0,0,1,0,0,3,30,30,0,1,12,4,5,0,1
1,1,0,27.37,0,0,0,1,0,0,1,0,0,1,30,30,0,1,10,4,4,0,1
1,1,0,48.82,0,0,0,1,0,0,1,0,0,3,30,2,0,1,10,4,10,0,1
1,1,0,30.13,1,0,0,1,0,0,1,0,0,2,30,30,0,1,10,4,6,0,1
1,1,0,26.61,1,0,0,1,0,0,1,0,0,3,30,30,0,2,11,6,6,0,1
1,0,0,25.39,1,0,0,1,0,0,1,0,0,2,30,30,0,2,13,6,6,0,1
1,0,0,48.35,0,0,0,0,0,0,1,0,0,4,30,30,1,1,10,6,6,0,1
1,0,0,25.77,0,0,0,1,0,0,1,0,0,3,30,30,0,1,10,4,6,0,1
1,1,0,31.47,1,0,0,0,0,0,1,0,0,5,30,30,1,1,12,4,4,0,1
1,1,0,25.85,1,1,1,0,0,0,1,0,0,5,30,30,1,1,11,4,6,0,1
1,1,0,27.4,0,0,0,0,0,0,1,0,0,4,30,10,0,2,6,3,6,0,1
1,1,0,28.19,0,0,0,1,0,0,1,0,0,3,30,30,0,1,12,6,6,0,1
1,1,0,42.07,1,0,0,0,0,0,1,0,0,3,30,30,1,2,11,4,3,0,1
1,1,0,27.8,1,0,0,1,0,0,1,0,0,2,30,30,0,1,11,6,6,0,1
1,1,0,27.82,1,1,1,0,0,0,1,0,0,5,30,30,1,1,13,5,6,0,1
1,1,0,60.3,0,0,0,0,0,0,1,0,0,5,30,30,1,2,10,6,6,0,1
1,0,0,24.28,0,0,0,1,0,0,1,0,0,2,30,30,1,1,10,4,6,0,1
1,0,0,31.25,1,0,0,1,0,0,1,0,0,3,30,30,0,1,10,4,6,0,1
1,0,0,27.4,0,0,0,0,0,0,1,0,0,4,30,30,0,2,10,4,6,0,1
1,0,0,26.54,0,0,0,0,0,0,1,0,0,3,30,30,0,1,13,6,6,0,1
1,0,0,25.11,1,0,0,1,0,0,1,0,0,2,30,30,0,1,13,6,6,0,1
1,0,0,31.09,0,0,0,1,0,0,1,0,0,2,30,30,0,2,13,6,6,0,1
1,1,0,39.16,0,1,1,0,0,0,1,0,0,4,28,28,1,1,11,4,5,0,1
1,1,0,26.45,1,0,1,0,0,0,1,0,0,5,30,30,1,1,10,4,5,0,1
1,0,0,29.27,0,0,0,1,0,0,1,0,0,2,30,30,0,1,10,6,6,0,1
1,0,0,32.81,0,1,0,0,0,0,1,0,0,2,30,30,1,2,12,6,6,0,1
1,1,0,31.65,1,0,0,0,0,0,1,0,0,4,5,5,1,1,10,5,6,0,1
1,0,0,30.05,1,0,0,1,0,0,1,0,0,2,30,30,0,1,10,6,6,0,1
1,0,0,27.26,1,0,0,0,0,0,1,0,0,3,30,30,0,1,12,5,6,0,1
1,1,0,29.26,0,0,0,1,0,0,1,0,0,2,30,30,0,2,11,6,6,0,1
1,0,0,34.72,1,0,0,0,0,0,1,0,0,3,30,30,0,1,13,3,6,0,1
1,1,0,26.88,1,0,0,0,0,0,1,0,0,4,30,30,1,1,12,6,6,0,1
1,0,0,24.69,0,0,0,1,0,0,1,0,0,2,30,30,0,2,13,4,6,0,1
1,1,0,37.1,0,0,0,0,0,0,1,0,0,5,30,30,1,1,5,4,3,0,1
1,1,0,35.44,0,0,0,1,0,0,1,0,0,2,30,30,0,1,11,6,6,0,1
1,1,0,27.4,0,0,0,0,0,0,1,0,0,3,30,30,0,2,10,4,6,0,1
1,1,0,46.0,0,0,0,1,0,0,1,0,0,3,30,30,0,2,10,6,6,0,1
1,1,0,24.39,1,1,0,1,0,0,1,0,0,3,30,30,1,1,13,6,6,0,1
1,1,0,25.06,1,0,0,1,0,0,1,0,0,4,30,30,0,1,10,4,6,0,1
1,1,0,27.4,0,0,0,1,0,0,1,0,0,2,2,30,0,1,13,6,6,0,1
1,1,0,34.84,0,0,0,1,0,0,1,0,0,4,30,30,0,2,11,4,4,0,1
1,1,0,29.53,1,0,0,0,0,0,1,0,0,5,30,30,1,1,10,5,6,0,1
1,1,0,27.4,0,0,0,1,0,0,1,0,0,3,30,30,0,2,11,6,6,0,1
1,0,0,23.67,1,0,0,1,0,0,1,0,0,2,30,30,0,1,10,5,5,0,1
1,1,0,23.3,1,0,0,1,0,0,1,0,0,4,30,30,0,2,11,4,6,0,1
1,0,0,28.06,1,0,0,0,0,0,1,0,0,4,30,30,1,1,10,3,1,0,1
1,1,0,30.04,1,0,0,1,0,0,1,0,0,3,30,10,0,2,10,4,5,0,1
1,1,0,27.4,0,0,0,0,0,0,1,0,0,4,30,15,1,2,13,4,2,0,1
1,1,0,32.92,0,0,0,1,0,0,1,0,0,3,30,30,0,2,13,4,3,0,1
1,1,0,33.89,1,0,0,1,0,0,1,0,0,5,30,30,1,1,10,5,2,0,1
1,1,0,27.4,0,0,0,1,0,0,1,0,0,3,30,30,0,2,14,4,6,0,1
1,1,0,29.95,0,0,0,1,0,0,1,0,0,3,30,30,0,2,10,5,5,0,1
1,1,0,25.06,1,1,1,0,0,0,1,0,0,5,30,30,1,2,10,5,6,0,1
1,0,0,44.3,0,0,0,1,0,0,1,0,0,3,2,30,0,2,6,6,11,0,1
1,1,0,54.08,1,0,0,0,0,0,1,0,0,5,30,5,1,2,10,5,2,0,1
1,1,0,37.42,0,1,0,1,0,0,1,0,0,5,2,30,1,2,10,6,4,0,1
1,1,0,30.99,1,0,0,0,0,0,1,0,0,5,30,30,0,1,12,6,6,0,1
1,1,0,27.6,0,0,1,1,0,0,1,0,0,4,5,2,0,1,10,6,6,0,1
1,1,0,33.52,1,0,0,0,0,0,1,0,1,4,14,14,1,2,10,4,2,0,1
1,1,0,27.4,1,0,0,0,0,0,1,0,0,5,30,30,1,2,10,1,6,0,1
1,1,0,29.03,1,0,1,0,0,0,1,0,0,4,30,30,0,1,11,6,11,0,1
1,1,0,29.95,0,0,0,0,0,0,1,0,0,4,20,20,0,1,10,2,1,0,1
1,1,0,22.6,0,0,0,1,0,0,1,0,0,2,30,30,0,2,11,5,6,0,1
1,0,0,31.62,0,0,0,0,0,0,1,0,0,3,30,6,1,2,12,4,6,0,1
1,0,0,26.92,0,0,0,1,0,0,1,0,0,3,30,30,0,1,10,4,6,0,1
1,1,0,33.23,1,0,0,1,0,0,1,0,0,3,30,2,1,1,13,6,6,0,1
1,0,0,29.29,0,0,0,1,0,0,1,0,0,1,30,30,0,1,10,5,6,0,1
1,1,0,25.77,0,0,0,1,0,0,1,0,1,4,30,30,1,1,10,4,1,0,1
1,1,0,27.46,0,0,0,1,0,0,1,0,1,4,15,30,0,2,10,6,1,0,1
1,1,0,35.02,1,0,1,0,0,0,1,0,0,3,30,30,0,2,10,4,6,0,1
1,1,0,29.68,1,0,0,1,0,0,1,0,0,1,30,30,0,1,11,6,6,0,1
1,0,0,33.2,0,0,0,0,0,0,1,0,0,4,30,30,0,2,10,5,6,0,1
1,1,0,27.4,0,0,0,1,0,0,1,0,0,3,30,30,0,1,6,4,6,0,1
1,1,0,27.26,0,0,0,1,0,0,1,0,0,2,30,30,0,1,10,6,6,0,1
1,0,0,32.61,0,0,0,1,0,0,1,0,0,3,30,30,0,2,11,6,6,0,1
1,0,0,26.19,0,0,0,1,0,0,1,0,0,1,30,30,0,1,10,6,6,0,1
1,1,0,31.01,0,0,0,0,0,0,1,0,0,5,5,30,0,1,11,5,6,0,1
1,1,0,30.73,1,1,0,1,0,0,1,0,0,4,10,2,1,2,10,5,2,0,1
1,1,0,29.29,0,0,0,1,0,0,1,0,0,3,30,30,0,1,10,6,6,0,1
1,1,0,40.34,0,0,0,0,0,0,1,0,0,4,30,10,0,2,10,4,2,0,1
1,1,0,33.28,1,0,1,0,0,0,1,0,0,2,30,28,0,2,11,5,6,0,1
1,1,0,30.25,0,0,0,1,0,0,1,0,0,3,30,30,0,1,10,5,6,0,1
1,1,0,37.79,1,0,0,0,0,0,1,0,1,5,30,30,1,2,10,4,6,0,1
1,0,0,37.62,1,0,0,1,0,0,1,0,0,4,30,30,1,2,10,4,6,0,1
1,0,0,33.47,1,0,0,0,0,0,1,0,0,2,30,30,0,1,10,4,5,0,1
1,1,0,32.32,0,0,0,0,0,0,1,0,0,3,30,10,1,2,10,3,3,0,1
1,1,0,40.61,0,0,0,1,0,0,1,0,0,4,30,30,0,1,12,5,5,0,1
1,0,0,30.8,0,0,0,1,0,0,1,0,0,3,30,30,0,2,10,4,5,0,1
1,1,0,27.4,0,0,0,1,0,0,1,0,0,5,10,10,1,1,13,2,4,0,1
1,0,0,24.63,0,0,0,1,0,0,1,0,0,3,30,30,0,1,10,6,6,0,1
1,1,0,36.58,0,0,0,0,0,0,1,0,0,3,30,1,0,2,12,6,6,0,1
1,1,0,32.64,1,0,1,1,0,0,1,0,0,4,30,30,0,1,13,5,6,0,1
1,1,0,27.4,0,0,0,1,0,0,1,0,0,3,30,30,0,1,13,4,6,0,1
1,1,0,31.01,0,0,0,1,0,0,1,0,0,2,30,30,0,2,10,6,6,0,1
1,0,0,44.94,0,0,0,0,0,0,1,0,0,4,30,30,1,1,10,4,2,0,1
1,0,0,39.81,0,0,0,0,0,0,1,0,0,4,30,30,1,2,11,2,6,0,1
1,0,0,20.78,0,0,0,1,0,0,1,0,0,2,30,30,0,2,11,6,5,0,1
1,1,0,36.49,1,0,0,0,0,0,1,0,0,3,30,4,1,2,10,5,6,0,1
1,0,0,31.19,0,0,0,1,0,0,1,0,0,3,30,30,0,1,10,6,6,0,1
1,1,0,30.18,0,0,0,1,0,0,1,0,0,2,30,1,0,2,10,6,6,0,1
1,1,0,30.79,0,0,0,1,0,0,1,0,0,3,30,30,0,2,10,4,5,0,1
1,1,0,39.87,1,0,0,1,0,0,0,0,0,3,30,30,0,1,10,5,6,0,1
1,1,0,36.49,1,1,0,0,0,0,1,0,0,3,30,30,1,2,10,3,2,0,1
1,0,0,26.63,1,0,0,1,0,0,1,0,0,3,30,30,0,1,13,5,6,0,1
1,0,0,23.49,0,0,0,1,0,0,1,0,0,2,30,30,0,2,12,6,5,0,1
1,1,0,34.97,0,0,0,1,0,0,1,0,0,2,30,30,0,2,11,6,6,0,1
1,1,0,29.18,1,0,0,1,0,0,1,0,0,3,30,30,1,2,11,6,6,0,1
1,1,0,30.83,1,0,0,1,0,0,1,0,0,3,30,30,0,2,13,4,6,0,1
1,1,0,27.4,0,0,1,0,0,0,1,0,1,4,26,26,1,2,10,6,6,0,1
1,0,0,39.54,0,0,0,0,0,0,1,0,0,3,30,30,1,1,10,4,1,0,1
1,1,0,27.4,0,0,0,0,0,0,1,0,0,3,30,30,0,2,13,4,4,0,1
1,1,0,36.61,0,0,0,1,0,0,1,0,0,2,30,30,0,2,12,4,6,0,1
1,0,0,34.44,0,0,0,0,0,0,1,0,0,3,30,30,0,1,12,4,5,0,1
1,1,0,35.31,1,1,0,0,0,0,1,0,0,5,30,30,1,1,13,5,6,0,1
1,1,0,25.0,0,0,0,1,0,0,1,0,0,2,1,30,0,1,11,6,6,0,1
1,1,0,28.34,0,0,0,1,0,0,1,0,0,2,30,30,0,2,10,6,11,0,1
1,0,0,29.95,1,0,0,1,0,0,1,0,0,3,30,30,0,2,6,6,6,0,1
1,0,0,32.78,1,0,0,0,0,0,1,0,0,4,3,20,1,2,10,3,6,0,1
1,1,0,27.89,0,0,0,1,0,0,1,0,0,2,30,4,0,1,10,6,6,0,1
1,0,0,37.66,1,0,0,1,0,0,1,0,0,3,30,4,0,2,10,6,6,0,1
1,1,0,25.77,0,0,0,1,0,0,1,0,0,1,30,30,0,1,10,6,6,0,1
1,1,0,32.45,0,0,0,1,0,0,1,0,0,3,21,2,0,2,10,5,6,0,1
1,1,0,33.23,0,0,0,1,0,0,1,0,0,2,30,30,0,1,10,6,6,0,1
1,0,0,30.07,1,0,0,1,0,0,1,0,0,2,30,30,0,1,10,5,6,0,1
1,1,0,34.44,0,0,1,1,0,0,1,0,0,4,30,30,0,1,11,5,6,0,1
1,1,0,29.95,0,0,0,0,0,0,1,0,0,3,30,1,1,2,13,6,6,0,1
1,1,0,25.1,1,0,0,1,0,0,1,0,0,4,30,30,0,1,13,4,5,0,1
1,1,0,27.4,0,0,0,1,0,0,1,0,0,2,30,30,0,1,10,6,6,0,1
1,1,0,27.46,1,0,0,0,0,0,1,0,1,5,30,25,1,2,10,5,1,0,1
1,1,0,37.59,1,0,1,1,0,0,1,0,0,3,1,30,1,2,10,5,1,0,1
1,0,0,26.5,0,1,0,1,0,0,1,0,0,5,30,30,1,1,11,5,4,0,1
1,1,0,30.81,0,0,0,1,0,0,1,0,0,3,30,14,0,1,10,2,6,0,1
1,1,0,37.42,0,0,0,0,0,0,1,0,0,4,30,30,1,2,11,5,6,0,1
1,0,0,34.3,0,0,0,1,0,0,1,0,0,3,30,30,0,1,10,4,6,0,1
1,1,0,36.58,0,0,0,1,0,0,1,0,0,3,30,30,0,2,12,5,4,0,1
1,1,0,32.61,0,0,0,1,0,0,1,0,0,3,30,30,0,1,11,6,6,0,1
1,1,0,29.68,0,0,0,0,0,0,1,0,0,2,30,30,0,1,10,5,6,0,1
1,0,0,26.15,0,0,1,1,0,0,1,0,0,3,30,30,0,1,11,6,6,0,1
1,0,0,25.85,0,0,0,1,0,0,1,0,0,2,30,30,0,1,11,5,6,0,1
1,1,0,28.34,0,0,0,1,0,0,1,0,0,4,30,30,0,2,14,2,6,0,1
1,1,0,35.43,0,0,0,0,0,0,1,0,0,5,30,2,0,2,10,4,5,0,1
1,1,0,23.38,0,0,0,1,0,0,1,0,0,2,30,30,0,2,12,6,6,0,1
1,1,0,26.63,1,0,0,0,0,0,1,0,0,3,30,30,0,2,10,4,6,0,1
1,1,0,42.91,1,0,0,0,0,0,1,0,0,3,2,30,0,2,10,6,6,0,1
1,0,0,27.4,0,0,0,0,0,0,1,0,0,3,30,30,0,1,11,6,6,0,1
1,1,0,34.93,0,0,1,1,0,0,1,0,0,3,2,3,0,2,10,6,5,0,1
1,1,0,27.4,0,0,0,1,0,0,1,0,0,3,30,30,0,1,10,4,6,0,1
1,0,0,29.99,0,0,0,1,0,0,1,0,0,2,30,30,0,1,10,4,6,0,1
1,1,0,31.46,1,0,0,0,0,0,1,0,0,4,30,30,1,1,11,6,6,0,1
1,0,0,31.65,1,0,0,1,0,0,1,0,0,2,30,30,0,1,10,6,6,0,1
1,0,0,38.9,1,0,0,1,0,0,1,0,0,4,30,30,0,1,12,5,6,0,1
1,0,0,41.6,0,0,0,0,0,0,1,0,0,5,10,25,1,2,13,4,6,0,1
1,1,0,34.33,0,0,0,0,0,0,1,0,0,4,30,15,1,2,11,5,6,0,1
1,1,0,25.1,1,0,0,1,0,0,1,0,0,5,30,30,1,1,11,5,6,0,1
1,0,0,27.4,0,0,0,1,0,0,1,0,0,3,30,30,0,1,10,4,6,0,1
1,1,0,30.81,0,1,0,1,0,0,1,0,0,2,30,30,0,1,10,6,6,0,1
1,1,0,39.94,1,0,0,0,0,0,1,0,0,4,30,2,1,2,11,5,6,0,1
1,1,0,27.4,0,0,0,1,0,0,1,0,0,2,30,30,0,2,12,6,6,0,1
1,1,0,26.63,0,0,0,1,0,0,1,0,0,2,30,30,0,2,10,6,6,0,1
1,1,0,37.12,0,0,0,1,0,0,1,0,1,4,10,30,1,2,10,4,3,0,1
1,1,0,23.01,1,0,0,1,0,0,1,0,0,3,30,30,0,1,12,6,6,0,1
1,1,0,33.28,1,0,0,1,0,0,1,0,0,4,30,30,1,2,10,3,5,0,1
1,0,0,33.95,1,0,1,0,0,0,1,0,0,4,20,20,1,2,11,4,6,0,1
1,0,0,24.56,0,0,0,1,0,0,1,0,0,2,30,30,0,2,12,6,6,0,1
1,1,0,28.59,0,0,0,0,0,0,1,0,0,3,30,30,0,1,10,5,6,0,1
1,1,0,31.17,1,0,1,1,0,0,1,0,1,3,30,30,0,1,10,4,6,0,1
1,1,0,32.95,1,0,0,0,0,0,1,0,0,3,30,30,1,2,12,4,6,0,1
1,1,0,29.94,0,0,0,0,0,0,1,0,0,5,30,30,1,2,10,6,6,0,1
1,1,0,54.78,0,0,0,1,0,0,1,0,0,3,30,5,0,1,5,5,6,0,1
1,1,0,33.96,0,0,0,1,0,0,1,0,0,2,30,30,0,1,10,6,6,0,1
1,1,0,33.33,0,0,0,0,0,0,1,0,0,4,30,30,1,2,11,4,6,0,1
1,1,0,30.13,0,0,0,1,0,0,1,0,0,3,30,30,0,1,10,6,6,0,1
1,0,0,24.13,0,0,0,1,0,0,1,0,0,3,30,30,0,2,10,5,6,0,1
1,1,0,31.01,1,1,1,1,0,0,1,0,0,3,30,30,0,1,10,4,6,0,1
1,1,0,27.4,1,0,0,1,0,0,1,0,0,3,30,3,0,2,10,4,6,0,1
1,1,0,38.99,1,0,0,0,0,0,1,0,0,3,30,30,0,1,10,4,6,0,1
1,1,0,27.4,1,0,0,0,0,0,1,0,0,3,30,30,1,2,10,3,4,0,1
1,1,0,29.84,1,0,0,1,0,0,1,0,0,3,30,30,0,1,11,6,6,0,1
1,0,0,36.92,1,0,0,0,0,0,1,0,0,4,30,30,0,1,10,2,4,0,1
1,1,0,26.15,0,0,0,0,0,0,1,0,0,5,30,30,0,2,12,5,6,0,1
1,0,0,33.47,0,0,0,0,0,0,1,0,0,2,30,30,0,2,10,6,6,0,1
1,0,0,27.41,1,0,0,1,0,0,1,0,0,2,30,30,0,1,13,6,6,0,1
1,1,0,26.5,0,0,0,1,0,0,1,0,0,3,3,30,0,1,11,6,6,0,1
1,1,0,33.23,1,0,0,0,0,0,1,0,0,4,12,30,1,1,6,5,5,0,1
1,0,0,32.12,0,0,0,1,0,0,1,0,0,2,30,30,0,1,10,4,6,0,1
1,1,0,27.4,0,0,0,0,0,0,1,0,0,3,30,30,1,2,11,6,6,0,1
1,1,0,31.19,1,0,0,1,0,0,1,0,0,2,30,30,0,1,10,6,6,0,1
1,1,0,28.89,1,0,0,0,0,0,1,0,0,4,30,30,0,1,10,6,6,0,1
1,1,0,31.32,1,0,0,1,0,0,1,0,0,2,30,2,0,1,10,6,6,0,1
1,0,0,31.62,0,0,0,1,0,0,1,0,0,2,30,30,0,2,10,5,6,0,1
1,0,0,38.39,0,0,0,1,0,0,1,0,0,3,30,30,0,1,10,4,11,0,1
1,1,0,27.4,0,0,0,0,0,0,1,0,0,4,30,30,0,1,10,6,6,0,1
1,0,0,25.84,0,0,0,0,0,0,1,0,0,3,30,30,0,1,13,5,6,0,1
1,1,0,36.9,1,0,0,0,0,0,1,0,0,5,30,27,1,2,6,4,1,0,1
1,1,0,36.28,1,1,0,1,0,0,1,0,0,4,1,30,0,1,11,3,5,0,1
1,1,0,30.82,0,0,0,0,0,0,1,0,0,2,30,30,0,2,12,4,6,0,1
1,1,0,23.26,1,0,0,1,0,0,1,0,0,2,30,30,0,1,13,6,6,0,1
1,1,0,27.32,1,0,0,0,0,0,1,0,0,3,30,30,0,1,13,5,6,0,1
1,1,0,20.34,0,0,0,1,0,0,1,0,0,2,30,30,0,1,10,6,11,0,1
1,0,0,34.33,1,0,0,0,0,0,1,0,0,3,30,3,0,2,11,5,6,0,1
1,0,0,26.18,1,0,0,1,0,0,1,0,0,1,30,30,0,1,13,6,6,0,1
1,1,0,31.0,0,0,0,0,0,0,1,0,0,3,30,4,1,2,13,4,5,0,1
1,0,0,29.95,1,0,0,0,0,0,1,0,0,3,30,30,1,2,11,4,6,0,1
1,1,0,28.6,0,0,0,0,0,0,1,0,0,3,30,2,0,1,10,6,11,0,1
1,1,0,27.4,0,0,0,1,0,0,1,0,0,3,30,30,0,2,12,6,6,0,1
1,1,0,29.53,0,0,0,0,0,0,1,0,0,3,30,30,0,1,10,6,6,0,1
1,0,0,26.63,0,1,0,0,0,0,1,0,0,3,30,30,1,2,13,4,6,0,1
1,1,0,26.63,1,0,0,1,0,0,1,0,0,3,30,30,0,1,10,4,6,0,1
1,1,0,33.72,0,0,0,1,0,0,1,0,0,3,25,3,0,1,10,6,6,0,1
1,0,0,25.18,1,0,0,1,0,0,1,0,0,3,30,30,0,1,10,6,6,0,1
1,1,0,27.4,0,0,0,1,0,0,1,0,0,2,30,30,0,1,10,6,6,0,1
1,1,0,27.4,0,0,0,0,0,0,1,0,0,4,25,30,0,2,10,2,6,0,1
1,0,0,43.46,0,0,0,1,0,0,1,0,0,4,30,30,0,2,10,3,2,0,1
1,0,0,27.69,1,0,0,1,0,0,0,0,0,2,30,30,0,1,10,4,6,0,1
1,0,0,34.7,0,0,0,1,0,0,1,0,0,3,30,5,0,2,10,5,6,0,1
1,0,0,27.4,0,0,0,1,0,0,1,0,0,4,30,30,1,2,12,5,6,0,1
1,0,0,48.71,0,0,0,0,0,0,1,0,0,5,30,30,1,2,10,6,6,0,1
1,1,0,27.4,1,0,0,1,0,0,1,0,0,3,30,2,0,2,11,5,5,0,1
1,1,0,38.08,0,0,0,1,0,0,1,0,0,4,15,15,1,2,12,4,6,0,1
1,1,0,24.56,0,0,0,1,0,0,1,0,0,2,30,30,0,2,10,6,6,0,1
1,0,0,27.4,1,0,0,1,0,0,1,0,0,3,30,30,1,2,10,5,6,0,1
1,0,0,21.93,0,0,0,1,0,0,1,0,0,3,30,30,0,1,13,6,6,0,1
1,1,0,39.99,0,0,0,1,0,0,1,0,0,4,30,21,0,2,10,5,6,0,1
1,1,0,34.97,1,0,0,0,0,0,1,0,0,3,30,30,0,1,11,5,6,0,1
1,1,0,25.75,0,0,0,1,0,0,1,0,0,2,30,30,0,2,10,5,6,0,1
1,1,0,22.67,0,0,0,1,0,0,1,0,0,2,30,30,0,2,10,6,6,0,1
1,0,0,22.86,0,0,0,0,0,0,1,0,0,4,30,30,1,2,12,5,6,0,1
1,1,0,38.74,1,0,0,0,0,0,1,0,0,4,15,30,1,1,10,2,6,0,1
1,1,0,27.4,0,1,0,1,0,0,1,0,0,4,30,30,1,2,10,2,3,0,1
1,1,0,39.53,1,0,0,0,0,0,1,0,0,3,30,30,0,2,10,5,6,0,1
1,1,0,57.57,0,0,0,1,0,0,1,0,0,4,30,30,0,1,6,4,5,0,1
1,1,0,23.73,0,0,0,1,0,0,1,0,0,2,30,30,1,1,13,6,6,0,1
1,1,0,27.4,0,0,0,1,0,0,1,0,0,2,30,30,0,1,10,6,11,0,1
1,1,0,30.38,1,0,0,1,0,0,1,0,0,4,30,30,0,1,11,4,6,0,1
1,1,0,34.44,0,0,0,0,0,0,1,0,0,3,30,30,0,1,10,4,6,0,1
1,1,0,22.87,1,0,1,1,0,0,1,0,0,2,30,30,0,1,13,6,6,0,1
1,1,0,32.49,1,0,0,0,0,0,1,0,0,3,30,30,0,1,11,4,6,0,1
1,1,0,30.34,0,0,0,1,0,0,1,0,0,3,30,30,0,1,12,6,6,0,1
1,1,0,36.49,0,0,0,1,0,0,1,0,0,3,30,27,0,1,10,4,3,0,1
1,1,0,35.19,0,0,0,1,0,0,1,0,0,3,30,30,0,2,13,6,6,0,1
1,0,0,31.62,1,0,0,0,0,0,1,0,0,5,15,25,1,2,11,6,6,0,1
1,0,0,39.54,1,0,0,0,0,0,1,0,0,2,30,30,1,1,10,2,6,0,1
1,0,0,27.4,0,1,0,0,0,0,1,0,0,5,30,30,0,1,6,4,6,0,1
1,1,0,38.45,0,0,0,1,0,0,1,0,0,3,30,30,0,1,10,4,10,0,1
1,1,0,29.95,0,0,0,1,0,0,1,0,0,3,30,30,0,2,12,5,6,0,1
1,1,0,39.16,0,0,0,1,0,0,1,0,0,4,30,30,0,2,10,6,6,0,1
1,1,0,33.38,1,0,0,1,0,0,1,0,0,3,30,30,0,1,12,6,6,0,1
1,1,0,39.48,1,0,0,0,0,0,1,0,0,4,30,30,0,2,10,6,1,0,1
1,0,0,38.96,0,0,0,1,0,0,1,0,0,4,30,30,0,2,10,4,3,0,1
1,1,0,32.55,0,0,0,1,0,0,1,0,0,5,30,30,0,1,10,4,6,0,1
1,1,0,32.55,0,0,0,1,0,0,1,0,0,2,30,30,0,1,10,6,11,0,1
1,0,0,27.4,0,0,0,1,0,0,1,0,0,4,30,30,0,1,10,5,6,0,1
1,0,0,28.75,1,0,0,0,0,0,1,0,0,3,30,5,0,1,11,6,6,0,1
1,1,0,44.29,0,1,0,1,0,0,1,0,0,5,30,30,1,2,12,5,6,0,1
1,0,0,31.25,1,0,0,0,0,0,1,0,0,3,30,2,0,2,11,2,4,0,1
1,0,0,35.43,0,0,0,1,0,0,1,0,0,2,5,30,0,2,6,6,6,0,1
1,1,0,49.13,0,0,0,0,0,0,1,0,0,2,30,30,1,2,10,5,6,0,1
1,0,0,38.25,1,0,0,0,0,0,1,0,0,5,30,30,1,2,10,5,6,0,1
1,1,0,27.4,0,0,0,1,0,0,1,0,0,2,30,30,0,2,12,5,6,0,1
1,0,0,24.39,0,0,0,1,0,0,1,0,0,3,30,30,0,2,5,6,6,0,1
1,1,0,27.4,0,0,0,1,0,0,1,0,0,3,30,30,0,2,10,5,6,0,1
1,0,0,36.73,1,0,0,0,0,0,1,0,0,3,30,30,0,1,10,4,6,0,1
1,1,0,44.85,1,0,0,1,0,0,1,0,0,2,30,30,0,1,12,6,6,0,1
1,1,0,32.78,1,0,0,0,0,0,1,0,0,2,30,30,0,1,10,4,6,0,1
1,1,0,36.62,0,0,0,1,0,0,1,0,0,3,30,30,0,1,10,6,6,0,1
1,0,0,23.73,0,0,0,1,0,0,1,0,0,1,30,30,0,1,12,6,6,0,1
1,1,0,21.63,0,0,0,1,0,0,1,0,0,2,30,30,0,2,11,6,6,0,1
1,1,0,33.84,1,0,0,1,0,0,1,0,0,4,4,4,1,2,12,4,6,0,1
1,1,0,27.4,0,0,1,1,0,0,1,0,0,4,30,10,0,2,10,6,6,0,1
1,0,0,35.02,0,0,0,1,0,0,1,0,0,1,30,30,0,2,10,4,6,0,1
1,0,0,27.4,0,0,0,0,0,0,1,0,0,4,30,30,0,2,13,4,6,0,1
1,1,0,26.58,0,1,0,1,0,0,1,0,0,4,5,5,1,1,10,5,6,0,1
1,0,0,39.94,0,0,0,0,0,0,1,0,0,3,30,30,1,2,11,5,6,0,1
1,1,0,38.41,0,0,0,1,0,0,1,0,0,3,30,30,0,2,11,4,5,0,1
1,1,0,24.39,0,0,0,1,0,0,1,0,0,2,30,30,0,1,10,6,6,0,1
1,1,0,43.54,0,0,0,0,0,0,1,0,0,4,2,30,1,1,10,4,2,0,1
1,0,0,25.34,1,0,0,0,0,0,1,0,0,5,30,30,0,2,13,4,6,0,1
1,0,0,27.4,0,0,0,0,0,0,1,0,0,4,30,30,0,2,10,5,6,0,1
1,1,0,26.63,0,0,0,1,0,0,1,0,0,2,30,30,0,2,10,6,6,0,1
1,1,0,46.34,1,0,0,0,0,0,1,0,0,4,15,30,1,2,10,2,2,0,1
1,1,0,32.89,1,0,0,0,0,0,1,0,0,4,30,10,1,2,11,2,5,0,1
1,0,0,36.58,0,0,0,1,0,0,1,0,0,3,30,30,0,2,11,4,6,0,1
1,1,0,28.37,1,0,1,1,0,0,1,0,0,4,30,30,0,1,12,4,6,0,1
1,1,0,25.5,1,0,0,1,0,0,1,0,0,4,30,30,0,2,11,4,6,0,1
1,0,0,42.07,0,0,0,1,0,0,1,0,0,4,30,30,1,2,10,4,5,0,1
1,1,0,30.67,1,0,0,1,0,0,1,0,0,3,30,30,0,1,10,6,10,0,1
1,1,0,27.4,1,0,1,1,0,0,1,0,0,4,1,30,0,1,12,6,6,0,1
1,1,0,29.68,1,0,0,1,0,0,1,0,0,2,30,30,0,1,10,6,11,0,1
1,1,0,31.47,0,0,1,1,0,0,1,0,0,3,30,30,0,2,10,6,6,0,1
1,1,0,27.44,1,0,0,1,0,0,1,0,0,4,30,30,0,1,10,6,6,0,1
1,1,0,32.78,0,0,0,1,0,0,1,0,0,3,3,1,0,1,10,6,11,0,1
1,1,0,44.02,0,0,0,0,0,0,1,0,0,4,1,2,1,2,10,4,6,0,1
1,1,0,24.21,0,0,0,1,0,0,1,0,0,3,30,30,0,2,11,4,6,0,1
1,1,0,38.74,0,0,0,1,0,0,1,0,0,3,30,30,0,1,10,6,6,0,1
1,0,0,33.84,1,0,0,1,0,0,1,0,0,3,30,30,0,2,10,4,6,0,1
1,0,0,36.02,1,0,0,1,0,0,1,0,0,3,30,30,0,1,10,6,6,0,1
1,1,0,27.4,1,0,1,0,0,0,1,0,0,2,30,30,0,2,10,5,6,0,1
1,1,0,28.43,1,0,0,1,0,0,1,0,0,1,30,30,0,1,10,6,10,0,1
1,1,0,33.96,1,0,0,1,0,0,1,0,0,3,30,5,0,1,10,5,6,0,1
1,0,0,27.12,1,0,0,0,0,0,1,0,0,3,30,30,1,1,10,3,5,0,1
1,0,0,25.59,0,0,0,1,0,0,1,0,0,3,30,30,0,1,10,4,6,0,1
1,0,0,30.11,0,0,0,1,0,0,1,0,0,3,30,30,0,2,10,6,6,0,1
1,1,0,29.41,1,0,0,1,0,0,1,0,0,2,30,30,0,1,11,6,6,0,1
1,1,0,46.99,0,0,0,1,0,0,1,0,0,5,15,20,0,1,3,6,6,0,1
1,1,0,49.13,1,0,0,1,0,0,1,0,0,4,2,30,1,2,10,4,5,0,1
1,1,0,29.05,0,0,1,0,0,0,1,0,0,4,30,30,1,2,13,6,6,0,1
1,0,0,54.57,0,0,0,0,0,0,1,0,0,5,14,30,1,1,10,4,6,0,1
1,0,0,40.62,0,0,0,0,0,0,1,0,0,3,30,30,1,2,10,6,11,0,1
1,0,0,33.2,0,0,0,0,0,0,1,0,1,3,30,30,0,2,6,2,6,0,1
1,1,0,25.56,0,0,0,0,0,0,1,0,0,2,30,30,0,1,13,5,6,0,1
1,1,0,35.15,1,1,0,0,0,0,1,0,0,3,30,30,1,2,12,4,6,0,1
1,0,0,27.4,0,0,0,0,0,0,1,0,0,3,30,30,0,1,13,5,6,0,1
1,1,0,26.88,0,0,0,1,0,0,1,0,0,2,30,30,0,1,10,6,11,0,1
1,1,0,41.05,0,0,0,1,0,0,1,0,0,3,30,2,1,2,11,6,6,0,1
1,1,0,27.4,0,0,0,1,0,0,1,0,0,2,30,30,1,2,12,6,6,0,1
1,0,0,28.57,0,0,0,1,0,0,1,0,0,2,30,30,0,1,11,5,6,0,1
1,1,0,27.46,1,0,0,1,0,0,1,0,0,2,30,30,0,2,10,5,2,0,1
1,1,0,42.91,1,0,1,0,0,0,1,0,0,5,3,30,1,2,10,4,4,0,1
1,1,0,27.25,0,0,0,1,0,0,1,0,0,2,30,2,0,2,11,5,6,0,1
1,1,0,41.96,0,0,0,1,0,0,1,0,0,3,30,30,0,2,10,5,6,0,1
1,1,0,20.37,1,0,1,1,0,0,1,0,0,2,30,30,0,2,13,6,6,0,1
1,0,0,25.83,1,0,0,0,0,0,1,0,0,3,30,4,0,1,13,4,6,0,1
1,1,0,27.4,1,0,0,0,0,0,1,0,0,4,30,30,0,2,10,6,6,0,1
1,1,0,27.44,0,0,0,1,0,0,1,0,0,3,2,30,0,2,10,6,6,0,1
1,1,0,50.48,1,0,0,0,0,0,1,0,0,4,2,1,1,2,10,4,4,0,1
1,0,0,27.4,0,0,0,1,0,0,1,0,0,3,30,30,0,2,10,4,5,0,1
1,1,0,26.93,0,0,0,1,0,0,1,0,0,3,30,2,0,2,10,5,6,0,1
1,1,0,29.68,0,0,0,1,0,0,1,0,0,1,30,30,0,1,10,6,10,0,1
1,0,0,42.51,0,0,0,0,0,0,1,0,0,3,30,30,1,2,11,4,5,0,1
1,0,0,27.12,0,0,0,1,0,0,1,0,0,4,30,3,1,1,11,5,6,0,1
1,0,0,30.02,0,0,0,1,0,0,1,0,0,2,30,30,0,2,11,5,6,0,1
1,1,0,38.45,0,0,0,1,0,0,1,0,0,3,30,30,0,1,11,6,6,0,1
1,0,0,27.98,0,0,0,0,0,0,1,0,0,4,3,30,0,2,11,1,6,0,1
1,0,0,30.49,0,1,1,1,0,0,1,0,0,4,5,30,1,2,12,3,4,0,1
1,1,0,33.12,0,0,1,1,0,0,1,0,0,3,30,12,0,1,10,4,6,0,1
1,0,0,31.19,0,0,0,1,0,0,1,0,0,3,30,30,0,1,10,6,10,0,1
1,1,0,32.78,1,0,0,1,0,0,1,0,0,2,30,30,0,1,11,5,5,0,1
1,1,0,29.85,1,0,0,1,0,0,1,0,0,3,30,30,0,1,10,5,6,0,1
1,1,0,31.62,0,0,1,0,0,0,1,0,0,4,30,30,1,1,12,6,6,0,1
1,1,0,26.63,0,0,0,1,0,0,1,0,0,2,30,30,0,2,10,6,6,0,1
1,1,0,21.58,0,0,0,1,0,0,1,0,0,3,30,30,0,2,12,6,6,0,1
1,1,0,37.11,0,0,0,1,0,0,1,0,0,3,3,30,0,2,12,5,3,0,1
1,0,0,40.45,0,0,0,0,0,0,1,0,0,3,30,30,0,1,11,6,6,0,1
1,1,0,29.62,1,0,1,1,0,0,1,0,0,3,30,30,1,2,12,6,6,0,1
1,0,0,33.67,0,0,0,1,0,0,1,0,0,4,30,30,0,2,10,6,6,0,1
1,0,0,27.4,1,0,0,1,0,0,1,0,0,2,30,30,0,2,11,6,6,0,1
1,1,0,32.92,0,0,0,0,0,0,1,0,0,3,30,6,1,2,13,4,6,0,1
1,1,0,33.89,0,1,0,1,0,0,1,0,0,5,2,30,1,1,12,5,2,0,1
1,1,0,37.25,1,0,0,1,0,0,1,0,0,4,2,30,0,2,10,6,6,0,1
1,1,0,29.99,1,0,1,0,0,0,1,0,0,3,30,30,0,1,11,6,6,0,1
1,0,0,34.37,0,0,0,0,0,0,1,0,0,4,30,30,0,2,11,3,3,0,1
1,0,0,29.53,1,0,0,1,0,0,1,0,0,3,30,30,0,1,10,4,6,0,1
1,0,0,27.4,0,0,0,1,0,0,1,0,0,3,30,30,0,2,12,5,4,0,1
1,0,0,41.6,1,1,0,0,0,0,1,0,0,3,27,30,1,2,10,5,2,0,1
1,1,0,24.89,0,0,0,1,0,0,1,0,0,3,5,30,0,2,10,6,6,0,1
1,0,0,35.43,1,0,0,0,0,0,1,0,0,3,30,3,0,2,11,5,6,0,1
1,1,0,27.4,0,0,0,1,0,0,1,0,0,3,30,30,1,2,12,5,6,0,1
1,1,0,29.26,0,0,0,1,0,0,1,0,0,2,30,30,0,2,10,4,4,0,1
1,1,0,31.64,1,1,0,0,0,0,1,0,1,5,5,30,1,2,10,5,6,0,1
1,1,0,27.67,0,0,0,1,0,0,1,0,0,3,30,30,0,2,5,6,6,0,1
1,0,0,34.3,1,0,0,1,0,0,1,0,0,2,30,30,0,1,10,6,6,0,1
1,0,0,35.51,0,1,0,1,0,0,1,0,0,4,3,30,1,2,10,5,6,0,1
1,1,0,31.62,1,0,0,1,0,0,1,0,0,3,30,30,0,2,11,3,6,0,1
1,0,0,28.7,1,0,0,1,0,0,1,0,0,3,30,30,0,1,13,6,6,0,1
1,0,0,25.09,0,0,0,1,0,0,1,0,0,2,30,30,0,1,10,6,6,0,1
1,1,0,28.75,0,0,0,0,0,0,1,0,1,4,2,3,0,1,10,4,2,0,1
1,0,0,28.8,0,0,0,1,0,0,1,0,0,2,30,30,0,1,6,6,11,0,1
1,1,0,26.32,1,0,0,0,0,0,1,0,0,3,30,30,0,1,11,4,5,0,1
1,0,0,27.4,0,0,0,0,0,0,1,0,0,3,30,30,0,1,14,4,6,0,1
1,1,0,37.97,1,0,0,1,0,0,1,0,0,4,30,4,0,1,11,5,6,0,1
1,1,0,33.63,0,0,0,0,0,0,1,0,0,5,30,30,1,2,12,2,6,0,1
1,0,0,28.0,1,0,0,1,0,0,1,0,0,2,30,30,0,1,10,4,6,0,1
1,0,0,27.4,0,0,0,0,0,0,1,0,0,4,12,10,0,2,14,4,6,0,1
1,1,0,27.4,0,0,0,0,0,0,1,0,0,4,30,30,0,2,10,6,6,0,1
1,0,0,50.7,1,0,0,0,0,0,1,0,0,3,30,30,1,2,10,4,2,0,1
1,0,0,43.58,1,0,0,0,0,0,1,0,0,1,30,30,0,1,12,6,6,0,1
1,1,0,26.18,1,0,0,1,0,0,1,0,0,2,30,30,0,1,11,6,6,0,1
1,1,0,23.05,0,0,0,1,0,0,1,0,0,3,30,30,0,2,13,6,6,0,1
1,0,0,27.37,1,0,0,1,0,0,1,0,0,3,30,30,0,1,11,4,6,0,1
1,0,0,44.94,1,0,0,1,0,0,1,0,0,3,15,30,0,1,6,4,6,0,1
1,1,0,26.57,0,0,1,1,0,0,1,0,0,3,30,30,1,2,12,5,6,0,1
1,1,0,53.96,0,0,0,1,0,0,1,0,0,3,30,30,1,2,10,5,6,0,1
1,1,0,36.28,0,0,0,1,0,0,1,0,0,3,30,30,0,1,6,6,6,0,1
1,1,0,30.41,1,0,0,1,0,0,1,0,1,4,30,12,0,1,10,5,4,0,1
1,1,0,30.43,1,0,1,1,0,0,1,0,0,4,30,30,0,1,11,5,6,0,1
1,1,0,34.01,1,0,0,0,0,0,1,0,0,5,3,30,1,2,11,5,6,0,1
1,1,0,25.61,0,1,1,1,0,0,1,0,0,4,3,5,0,2,12,6,6,0,1
1,0,0,43.65,0,0,0,0,0,0,1,0,0,4,30,5,0,1,10,4,3,0,1
1,1,0,28.41,1,0,0,1,0,0,1,0,0,5,30,30,1,1,10,4,6,0,1
1,1,0,27.4,0,0,0,1,0,0,1,0,0,2,30,30,0,2,12,6,6,0,1
1,1,0,28.03,1,0,0,1,0,0,1,0,0,2,30,30,0,1,10,5,6,0,1
1,1,0,37.97,1,0,0,1,0,0,1,0,0,3,30,30,1,1,11,5,6,0,1
1,1,0,29.23,1,1,1,0,0,0,1,0,0,4,30,30,1,2,10,5,6,0,1
1,1,0,25.61,0,0,0,1,0,0,1,0,0,3,30,30,0,2,10,5,6,0,1
1,0,0,24.39,1,0,0,0,0,0,1,0,0,4,30,30,0,1,11,4,4,0,1
1,1,0,30.42,0,0,1,1,0,0,1,0,0,4,5,30,0,1,10,6,5,0,1
1,0,0,27.4,0,0,0,1,0,0,1,0,0,3,30,30,0,1,12,6,6,0,1
1,1,0,26.5,1,0,0,1,0,0,1,0,0,2,30,30,0,1,10,4,6,0,1
1,1,0,24.39,1,0,0,1,0,0,1,0,0,3,30,3,0,1,13,6,6,0,1
1,1,0,34.06,1,0,0,0,0,0,1,0,1,4,30,20,1,2,10,4,4,0,1
1,1,0,26.45,1,0,0,1,0,0,1,0,0,2,30,30,0,1,10,5,6,0,1
1,0,0,37.2,0,0,0,0,0,0,1,0,0,2,30,30,0,2,10,5,6,0,1
1,1,0,30.04,0,0,0,1,0,0,1,0,0,2,30,30,0,2,10,6,6,0,1
1,0,0,27.4,0,0,0,0,0,0,1,0,0,3,30,30,1,2,14,6,6,0,1
1,1,0,32.95,0,0,0,1,0,0,1,0,0,2,30,30,0,2,12,5,6,0,1
1,1,0,36.72,0,0,0,1,0,0,1,0,0,2,30,30,0,1,10,6,6,0,1
1,1,0,23.67,0,0,0,1,0,0,1,0,0,2,30,30,0,1,10,6,6,0,1
1,1,0,51.65,1,0,0,1,0,0,1,0,0,3,30,3,1,2,6,5,1,0,1
1,1,0,23.49,0,0,0,1,0,0,1,0,0,2,30,30,0,2,10,4,6,0,1
1,1,0,28.34,0,0,1,0,0,0,1,0,0,3,30,10,0,2,13,4,6,0,1
1,1,0,61.08,1,0,0,0,0,0,1,0,1,5,23,26,1,1,10,4,5,0,1
1,0,0,26.54,1,0,0,1,0,0,1,0,0,3,30,30,0,1,10,5,6,0,1
1,1,0,28.48,0,0,1,1,0,0,1,0,0,2,30,30,0,1,10,6,6,0,1
1,1,0,31.75,0,0,0,1,0,0,1,0,0,3,30,30,0,1,10,5,6,0,1
1,1,0,45.91,1,0,0,0,0,0,0,0,0,4,30,30,1,1,10,3,1,0,1
1,1,0,31.25,0,0,0,0,0,0,1,0,0,4,30,30,0,2,10,6,2,0,1
1,1,0,29.95,0,0,0,0,0,0,1,0,0,2,30,30,0,2,13,4,6,0,1
1,1,0,36.4,1,0,0,0,0,0,1,0,0,4,12,30,0,2,6,5,6,0,1
1,1,0,29.84,0,0,1,1,0,0,1,0,0,3,30,30,0,1,12,6,6,0,1
1,0,0,40.61,0,0,0,1,0,0,1,0,0,3,15,30,0,2,5,6,6,0,1
1,1,0,42.09,1,0,0,1,0,0,1,0,0,3,30,30,0,1,10,6,6,0,1
1,1,0,29.03,1,0,0,1,0,0,1,0,0,3,30,30,0,1,10,5,11,0,1
1,1,0,28.7,1,0,0,0,0,0,1,0,0,3,30,30,0,1,10,5,6,0,1
1,1,0,28.59,0,0,0,1,0,0,1,0,1,5,10,30,0,1,11,2,6,0,1
1,0,0,24.28,1,0,0,1,0,0,1,0,0,3,30,30,0,1,13,6,6,0,1
1,1,0,39.06,0,0,0,1,0,0,1,0,0,4,5,3,1,2,10,4,6,0,1
1,1,0,28.13,0,0,0,1,0,0,1,0,0,2,30,30,0,1,10,6,6,0,1
1,1,0,27.59,1,0,0,1,0,0,1,0,0,2,30,30,0,2,10,6,6,0,1
1,1,0,25.11,0,1,1,1,0,0,1,0,0,3,30,15,1,1,13,6,6,0,1
1,0,0,38.95,1,0,0,1,0,0,1,0,0,3,30,30,0,1,10,4,6,0,1
1,1,0,37.62,1,0,0,0,0,0,1,0,0,5,25,20,1,2,6,6,2,0,1
1,1,0,24.39,1,0,0,0,0,0,1,0,0,3,30,30,0,1,12,6,6,0,1
1,1,0,28.87,0,0,0,1,0,0,1,0,0,2,30,30,0,2,10,5,6,0,1
1,1,0,28.37,1,1,0,1,0,0,1,0,0,3,30,30,0,1,10,4,6,0,1
1,1,0,30.18,0,0,0,0,0,0,1,0,0,5,15,15,1,2,13,3,3,0,1
1,1,0,37.25,1,1,1,0,0,0,1,0,0,5,30,30,1,2,10,5,5,0,1
1,0,0,25.61,0,0,0,1,0,0,1,0,0,3,30,30,0,2,12,4,6,0,1
1,1,0,27.4,0,0,0,1,0,0,1,0,0,3,30,5,0,2,10,6,6,0,1
1,0,0,28.19,0,0,0,0,0,0,1,0,0,2,30,30,0,1,10,4,6,0,1
1,1,0,38.77,1,0,0,1,0,0,1,0,0,4,4,12,0,1,10,5,6,0,1
1,1,0,33.66,0,0,0,1,0,0,1,0,0,4,30,30,0,2,14,5,3,0,1
1,1,0,27.02,0,0,0,0,0,0,1,0,0,3,30,30,0,2,13,4,5,0,1
1,1,0,28.49,0,0,0,1,0,0,1,0,0,3,30,30,0,2,10,6,6,0,1
1,1,0,27.79,1,0,1,0,0,0,1,0,0,5,30,30,1,2,11,4,6,0,1
1,1,0,41.05,0,0,0,0,0,0,1,0,0,4,18,20,1,2,10,4,4,0,1
1,1,0,27.4,0,0,0,0,0,0,1,0,0,4,30,30,0,2,11,4,6,0,1
1,1,0,33.64,0,0,0,1,0,0,1,0,0,3,30,30,0,1,10,6,6,0,1
1,1,0,33.28,0,0,0,1,0,0,1,0,0,4,30,30,1,1,11,6,5,0,1
1,1,0,23.23,1,0,0,1,0,0,1,0,0,2,30,30,0,2,11,5,6,0,1
1,1,0,26.15,0,0,0,1,0,0,1,0,0,2,30,30,0,1,11,5,6,0,1
1,0,0,41.96,0,0,0,0,0,0,1,0,0,4,4,2,1,2,10,6,6,0,1
1,1,0,30.38,0,0,0,1,0,0,1,0,0,2,30,30,0,1,12,6,6,0,1
1,0,0,26.96,1,0,0,1,0,0,1,0,0,3,30,30,0,1,13,6,6,0,1
1,1,0,32.93,0,0,1,1,0,0,1,0,0,5,30,30,0,1,11,6,5,0,1
1,1,0,34.96,1,0,0,0,0,0,1,0,1,3,30,30,1,2,10,5,4,0,1
1,0,0,33.38,0,0,0,1,0,0,1,0,0,2,30,30,0,1,12,4,4,0,1
1,1,0,32.55,0,0,0,0,0,0,1,0,0,3,30,30,0,1,11,6,6,0,1
1,0,0,46.18,0,0,0,0,0,0,1,0,0,4,30,30,1,1,10,3,2,0,1
1,1,0,32.77,0,0,0,1,0,0,1,0,0,3,30,5,0,2,10,5,6,0,1
1,1,0,33.22,0,0,0,1,0,0,1,0,0,3,30,30,0,1,10,6,6,0,1
1,1,0,32.28,0,0,0,1,0,0,1,0,0,2,30,30,0,2,10,5,3,0,1
1,0,0,31.57,1,1,1,0,0,0,1,0,0,5,30,25,1,1,12,4,5,0,1
1,1,0,24.66,0,0,1,0,0,0,1,0,0,5,30,30,1,2,10,6,6,0,1
1,1,0,27.4,0,0,0,0,0,0,1,0,0,3,4,30,0,2,10,5,6,0,1
1,1,0,22.6,0,0,0,1,0,0,1,0,0,2,30,30,0,2,11,5,6,0,1
1,1,0,29.53,1,1,0,0,0,0,1,0,0,5,30,30,1,1,13,4,4,0,1
1,0,0,22.96,1,0,0,1,0,0,1,0,0,1,30,30,0,1,12,6,6,0,1
1,0,0,27.4,0,0,1,1,0,0,1,0,0,4,30,30,1,2,10,5,5,0,1
1,1,0,29.29,1,0,0,0,0,0,1,0,0,3,30,30,1,1,13,5,4,0,1
1,0,0,27.4,0,0,0,1,0,0,1,0,0,1,30,30,0,1,13,6,6,0,1
1,1,0,30.79,0,0,0,1,0,0,1,0,0,3,30,1,0,1,11,5,6,0,1
1,1,0,46.59,0,0,0,0,0,0,1,0,1,4,24,3,1,1,10,5,6,0,1
1,1,0,29.76,0,0,0,1,0,0,1,0,0,3,30,30,0,1,10,6,11,0,1
1,1,0,27.4,0,0,0,0,0,0,1,0,0,4,30,30,0,2,10,2,6,0,1
1,0,0,26.58,0,0,0,1,0,0,1,0,0,2,30,30,0,2,3,6,10,0,1
1,1,0,32.77,1,0,1,1,0,0,1,0,0,3,30,10,0,2,11,6,6,0,1
1,0,0,35.15,0,0,0,1,0,0,1,0,0,2,30,2,0,2,10,6,6,0,1
1,1,0,31.25,1,0,0,0,0,0,1,0,0,5,30,30,1,2,13,3,1,0,1
1,0,0,27.4,0,0,0,0,0,0,1,0,0,3,30,30,0,2,10,3,6,0,1
1,1,0,37.59,0,0,0,0,0,0,1,0,0,3,5,30,1,2,12,5,6,0,1
1,0,0,31.93,1,0,0,1,0,0,1,0,0,2,30,30,1,1,13,5,4,0,1
1,0,0,30.43,0,0,0,1,0,0,1,0,0,2,30,30,0,1,10,6,11,0,1
1,1,0,28.73,0,0,0,1,0,0,1,0,0,2,30,30,0,1,5,4,6,0,1
1,1,0,32.81,0,1,0,1,0,0,1,0,0,5,4,27,1,2,10,2,6,0,1
1,1,0,35.3,1,0,0,1,0,0,1,0,0,3,30,30,1,2,10,4,6,0,1
1,1,0,30.85,0,1,1,0,0,0,1,0,0,3,20,3,1,1,10,5,6,0,1
1,1,0,32.08,1,0,0,0,0,0,1,0,0,2,1,30,0,1,12,6,6,0,1
1,1,0,39.8,0,0,0,0,0,0,1,0,0,4,30,30,0,1,10,5,5,0,1
1,0,0,33.0,0,0,0,1,0,0,1,0,0,3,30,30,0,1,10,5,6,0,1
1,0,0,27.44,0,0,0,0,0,0,1,0,0,3,30,30,0,2,10,6,6,0,1
1,1,0,20.84,1,0,1,1,0,0,1,0,0,3,30,30,0,1,12,4,6,0,1
1,1,0,33.45,0,0,0,1,0,0,1,0,0,3,30,1,0,1,10,6,6,0,1
1,1,0,27.4,0,0,1,0,0,0,1,0,0,4,30,30,1,2,14,5,6,0,1
1,0,0,32.59,1,0,0,1,0,0,1,0,0,3,30,30,0,1,10,5,6,0,1
1,0,0,26.63,0,0,0,1,0,0,1,0,0,3,30,30,0,2,11,4,6,0,1
1,0,0,24.33,1,0,0,1,0,0,1,0,0,3,30,30,0,1,10,6,6,0,1
1,1,0,36.59,0,0,0,1,0,0,1,0,1,3,30,30,0,1,10,5,6,0,1
1,1,0,35.26,0,0,0,1,0,0,1,0,0,3,30,30,0,1,6,6,11,0,1
1,0,0,31.89,0,1,0,0,0,0,1,0,0,4,30,5,1,2,13,6,6,0,1
1,0,0,34.87,1,0,1,1,0,0,1,0,0,4,30,30,1,1,10,3,6,0,1
1,1,0,36.94,0,0,0,0,0,0,1,0,0,2,30,30,0,1,10,5,6,0,1
1,1,0,31.62,0,0,0,1,0,0,1,0,0,3,30,5,1,2,12,4,5,0,1
1,0,0,33.6,1,0,0,0,0,0,1,0,0,5,30,30,0,1,10,5,6,0,1
1,1,0,27.46,0,0,0,1,0,0,1,0,0,4,30,15,1,1,10,2,6,0,1
1,0,0,42.51,1,0,0,0,0,0,1,0,0,4,30,30,1,2,11,2,6,0,1
1,0,0,53.0,1,0,1,0,0,0,1,0,0,5,30,30,1,1,11,4,4,0,1
1,1,0,29.29,1,0,0,1,0,0,1,0,0,3,30,30,0,1,10,6,10,0,1
1,1,0,41.63,1,0,0,0,0,0,1,0,1,4,20,2,1,2,10,4,4,0,1
1,0,0,29.62,1,0,0,0,0,0,1,0,0,4,30,30,1,2,10,4,6,0,1
1,1,0,28.75,0,1,1,0,0,0,1,0,0,4,20,15,1,1,10,5,4,0,1
1,1,0,27.4,0,0,0,1,0,0,1,0,0,2,1,30,0,2,11,6,6,0,1
1,1,0,27.4,0,0,0,1,0,0,1,0,0,4,30,30,0,2,13,3,6,0,1
1,1,0,38.92,0,0,0,1,0,0,1,0,0,3,2,5,0,1,5,6,6,0,1
1,1,0,27.12,0,0,1,1,0,0,1,0,0,3,2,30,0,1,12,6,6,0,1
1,1,0,33.45,1,0,0,0,0,0,1,0,0,3,30,30,0,1,11,5,6,0,1
1,1,0,21.61,0,0,0,1,0,0,1,0,0,3,30,30,0,2,12,6,6,0,1
1,0,0,28.25,1,0,0,1,0,0,1,0,0,1,30,30,0,2,10,5,6,0,1
1,1,0,30.17,0,0,0,1,0,0,1,0,0,2,30,30,0,1,10,6,11,0,1
1,1,0,27.89,0,0,0,1,0,0,1,0,0,1,30,30,0,1,13,6,6,0,1
1,1,0,26.63,1,0,0,1,0,0,1,0,0,2,30,30,1,1,13,5,5,0,1
1,1,0,27.4,1,0,0,1,0,0,1,0,0,2,30,30,0,2,10,6,6,0,1
1,0,0,32.1,0,0,0,1,0,0,1,0,0,3,30,30,0,1,10,6,11,0,1
1,0,0,25.75,0,0,0,1,0,0,1,0,0,3,30,30,0,2,10,6,6,0,1
1,1,0,25.84,1,0,0,0,0,0,1,0,0,5,30,30,0,1,10,6,6,0,1
1,1,0,42.91,0,0,0,1,0,0,1,0,0,4,30,30,1,2,10,5,6,0,1
1,0,0,32.98,1,0,0,0,0,0,1,0,0,2,30,30,0,1,10,4,5,0,1
1,1,0,28.07,1,0,1,1,0,0,1,0,0,3,30,30,1,1,11,2,1,0,1
1,1,0,28.89,0,0,0,0,0,0,1,0,0,3,30,30,0,1,10,4,6,0,1
1,1,0,31.24,0,0,1,0,0,0,1,0,0,4,30,10,1,2,11,5,6,0,1
1,1,0,30.9,0,0,1,0,0,0,1,0,0,4,30,30,1,1,13,5,1,0,1
1,0,0,30.54,0,0,0,1,0,0,1,0,0,2,2,30,0,1,10,6,6,0,1
1,0,0,36.84,0,0,0,0,0,0,1,0,0,4,30,30,1,2,10,4,6,0,1
1,1,0,25.8,1,0,0,1,0,0,1,0,0,3,30,30,0,2,10,6,6,0,1
1,1,0,25.09,0,0,0,1,0,0,1,0,0,1,30,30,0,1,10,6,6,0,1
1,1,0,27.4,1,0,0,1,0,0,1,0,0,2,30,30,0,2,10,6,6,0,1
1,1,0,39.94,1,1,1,0,0,0,1,0,0,5,30,30,1,1,13,2,6,0,1
1,1,0,34.01,0,0,0,0,0,0,1,0,0,5,10,30,1,2,10,4,1,0,1
1,1,0,32.95,1,1,0,1,0,0,1,0,0,3,30,30,0,2,12,4,6,0,1
1,1,0,39.54,0,0,0,0,0,0,1,0,0,5,28,21,0,1,10,5,5,0,1
1,1,0,37.69,1,0,0,1,0,0,1,0,0,3,30,30,0,2,10,5,5,0,1
1,0,0,27.44,0,0,0,0,0,0,1,0,0,2,30,30,0,2,12,4,6,0,1
1,0,0,44.29,1,0,0,1,0,0,1,0,0,4,30,5,1,2,10,4,6,0,1
1,0,0,27.4,0,0,0,1,0,0,1,0,0,2,30,30,0,2,11,6,6,0,1
1,0,0,37.6,0,0,0,1,0,0,1,0,0,3,30,30,0,1,10,5,6,0,1
1,1,0,26.63,0,0,0,1,0,0,1,0,0,2,30,30,0,1,13,6,6,0,1
1,0,0,45.19,0,0,0,0,0,0,1,0,0,1,30,30,0,2,4,4,6,0,1
1,0,0,27.89,0,0,0,1,0,0,1,0,0,3,30,30,0,1,10,4,4,0,1
1,0,0,32.87,0,0,0,1,0,0,1,0,0,3,30,30,0,1,10,6,6,0,1
1,0,0,30.68,1,0,0,1,0,0,1,0,0,3,30,30,0,1,13,4,4,0,1
1,1,0,41.6,1,0,0,1,0,0,1,0,0,4,3,5,0,2,10,5,6,0,1
1,0,0,27.4,0,0,0,0,0,0,1,0,0,4,30,30,0,2,13,4,6,0,1
1,1,0,33.38,0,0,1,1,0,0,1,0,0,3,1,5,1,1,12,6,6,0,1
1,1,0,25.99,1,1,0,1,0,0,1,0,0,1,30,30,0,1,11,4,5,0,1
1,1,0,30.79,1,0,0,0,0,0,1,0,0,4,5,30,0,1,12,2,6,0,1
1,1,0,27.46,0,0,0,1,0,0,1,0,0,3,30,30,0,2,12,5,6,0,1
1,0,0,30.55,0,0,0,1,0,0,1,0,0,3,30,30,0,2,10,5,6,0,1
1,1,0,29.86,0,0,0,1,0,0,1,0,0,2,30,30,0,2,10,6,6,0,1
1,0,0,33.47,0,0,0,1,0,0,1,0,0,2,30,30,0,2,11,6,10,0,1
1,1,0,36.4,0,0,0,0,0,0,1,0,0,3,30,2,1,1,10,6,6,0,1
1,0,0,30.41,0,0,0,1,0,0,1,0,0,2,30,30,0,1,10,6,6,0,1
1,1,0,34.54,1,0,0,0,0,0,1,0,1,3,14,30,1,2,10,4,6,0,1
1,1,0,31.46,0,0,0,1,0,0,1,0,0,3,30,6,1,2,12,4,6,0,1
1,1,0,32.1,0,0,0,1,0,0,1,0,0,4,30,30,0,1,10,4,6,0,1
1,1,0,27.8,0,0,0,1,0,0,1,0,0,4,30,12,1,2,10,2,3,0,1
1,0,0,54.25,0,0,0,0,0,0,1,0,0,5,30,30,1,1,5,4,6,0,1
1,1,0,27.4,1,0,0,1,0,0,1,0,1,2,30,30,0,2,10,5,6,0,1
1,1,0,49.2,1,0,0,0,0,0,1,0,0,3,3,30,1,2,11,4,5,0,1
1,1,0,27.4,0,0,0,1,0,0,1,0,0,3,30,30,0,1,10,4,6,0,1
1,1,0,47.47,0,0,0,1,0,0,1,0,0,4,30,30,0,1,6,4,6,0,1
1,1,0,27.12,1,0,1,0,0,0,1,0,0,5,30,30,1,1,10,5,3,0,1
1,0,0,36.94,0,0,0,1,0,0,1,0,0,3,30,2,1,1,13,4,6,0,1
1,0,0,29.12,0,0,0,1,0,0,1,0,0,3,30,30,1,2,10,5,5,0,1
1,0,0,34.33,0,0,0,1,0,0,1,0,0,3,30,30,1,2,10,4,5,0,1
1,1,0,23.63,1,0,0,1,0,0,1,0,0,2,30,30,0,1,11,6,6,0,1
1,1,0,40.77,0,1,1,0,0,0,1,0,0,4,30,3,0,2,10,6,6,0,1
1,0,0,24.39,0,0,0,1,0,0,1,0,0,2,30,30,0,1,10,6,11,0,1
1,1,0,31.47,1,0,1,0,0,0,1,0,0,3,30,20,0,1,13,6,11,0,1
1,1,0,21.63,0,0,1,1,0,0,1,0,0,3,30,30,1,1,13,6,6,0,1
1,1,0,39.05,1,0,0,0,0,0,1,0,0,3,30,30,1,1,11,4,6,0,1
1,1,0,27.4,0,0,0,0,0,0,1,0,0,2,30,30,0,1,13,6,6,0,1
1,0,0,26.63,1,0,0,1,0,0,1,0,0,2,30,30,0,1,12,3,6,0,1
1,1,0,42.37,0,0,0,1,0,0,1,0,0,4,30,30,0,1,4,4,6,0,1
1,1,0,32.28,1,0,1,0,0,0,1,0,0,5,30,30,1,1,10,3,2,0,1
1,0,0,23.91,0,0,0,1,0,0,1,0,0,3,30,30,0,2,10,6,6,0,1
1,1,0,26.58,1,0,0,1,0,0,1,0,0,2,30,30,0,1,12,4,6,0,1
1,0,0,27.4,0,0,0,0,0,0,1,0,0,4,1,20,1,2,13,4,6,0,1
1,0,0,27.21,0,0,0,1,0,0,1,0,0,3,30,2,0,2,12,6,6,0,1
1,1,0,19.26,0,0,0,1,0,0,1,0,0,3,30,30,0,1,12,6,6,0,1
1,0,0,31.42,0,0,0,1,0,0,1,0,0,2,30,30,0,1,10,6,6,0,1
1,1,0,21.48,0,0,0,0,0,0,1,0,0,2,30,30,0,2,12,6,6,0,1
1,1,0,29.84,1,0,0,0,0,0,1,0,0,2,30,10,1,1,12,6,6,0,1
1,1,0,43.27,0,0,0,1,0,0,1,0,0,4,1,3,0,2,10,4,6,0,1
1,1,0,42.13,1,0,1,1,0,0,1,0,0,4,5,14,1,2,10,6,4,0,1
1,1,0,33.47,0,0,0,0,0,0,1,0,0,4,20,15,1,2,10,6,1,0,1
1,1,0,39.94,1,0,1,1,0,0,1,0,0,4,30,14,0,2,10,6,6,0,1
1,1,0,32.28,0,0,0,1,0,0,1,0,0,4,15,30,0,2,10,6,6,0,1
1,0,0,42.07,0,0,0,0,0,0,1,0,0,3,30,30,0,2,5,5,6,0,1
1,1,0,39.11,0,0,0,0,0,0,1,0,0,4,30,30,1,2,12,4,6,0,1
1,0,0,20.51,0,0,0,1,0,0,1,0,0,3,30,30,1,2,13,5,6,0,1
1,1,0,39.53,0,0,0,1,0,0,1,0,0,2,30,30,0,1,10,6,6,0,1
1,1,0,20.6,0,0,0,1,0,0,1,0,0,2,30,30,1,2,13,6,6,0,1
1,1,0,34.46,1,1,0,0,0,0,1,0,0,4,4,30,0,1,13,4,6,0,1
1,0,0,28.46,1,0,0,0,0,0,1,0,0,4,3,30,1,2,13,3,6,0,1
1,0,0,31.57,1,0,0,0,0,0,1,0,0,3,30,30,0,1,10,5,6,0,1
1,1,0,27.4,0,1,0,1,0,0,1,0,0,4,15,30,0,2,13,2,6,0,1
1,1,0,32.32,1,0,1,0,0,0,1,0,0,5,20,30,1,2,10,5,6,0,1
1,1,0,20.52,1,0,1,1,0,0,1,0,0,5,30,30,1,1,13,4,4,0,1
1,1,0,26.56,1,1,0,0,0,0,1,0,0,3,30,30,0,2,12,4,6,0,1
1,1,0,38.9,0,0,0,1,0,0,1,0,1,4,30,25,1,2,10,5,5,0,1
1,1,0,37.62,1,1,0,0,0,0,1,0,0,5,30,30,1,2,13,6,5,0,1
1,1,0,27.4,0,0,0,0,0,0,1,0,0,3,30,30,0,2,10,6,6,0,1
1,1,0,27.89,0,0,0,1,0,0,1,0,0,1,30,30,0,1,13,6,6,0,1
1,0,0,27.4,0,0,0,0,0,0,1,0,0,4,30,30,0,2,10,2,3,0,1
1,0,0,26.15,0,0,0,1,0,0,1,0,0,3,30,30,0,1,3,6,6,0,1
1,0,0,29.26,0,0,0,0,0,0,1,0,0,1,30,30,0,2,10,6,6,0,1
1,0,0,25.79,0,0,0,1,0,0,1,0,0,2,30,30,0,2,12,6,6,0,1
1,0,0,27.8,0,0,0,0,0,0,1,0,0,4,30,30,1,2,12,6,5,0,1
1,1,0,41.05,1,0,0,0,0,0,1,0,0,4,10,10,1,1,10,4,5,0,1
1,1,0,36.81,0,0,0,1,0,0,1,0,0,4,30,15,1,1,10,2,6,0,1
1,0,0,27.4,0,0,0,1,0,0,1,0,0,4,30,15,0,2,10,6,6,0,1
1,1,0,30.18,1,0,0,0,0,0,1,0,0,3,30,30,0,2,10,5,6,0,1
1,1,0,43.77,1,0,0,1,0,0,1,0,0,3,2,30,0,1,11,4,6,0,1
1,1,0,29.82,0,0,0,1,0,0,1,0,0,3,30,5,0,1,10,5,6,0,1
1,1,0,35.99,1,1,0,0,0,0,1,0,1,4,30,1,1,2,10,5,6,0,1
1,1,0,28.48,1,0,0,1,0,0,1,0,0,2,30,30,0,1,11,6,6,0,1
1,0,0,26.61,0,0,0,1,0,0,1,0,0,2,30,30,0,2,10,5,6,0,1
1,1,0,26.3,1,0,1,1,0,0,1,0,0,4,30,30,0,2,10,6,6,0,1
1,0,0,27.4,0,0,0,0,0,0,1,0,0,3,30,30,1,2,13,5,6,0,1
1,1,0,30.34,0,0,0,0,0,0,1,0,0,3,30,30,0,1,10,6,6,0,1
1,1,0,32.45,0,0,0,1,0,0,1,0,0,4,30,30,0,2,10,6,6,0,1
1,1,0,28.06,0,0,0,1,0,0,1,0,0,3,30,30,0,1,10,4,6,0,1
1,1,0,28.19,1,0,0,1,0,0,1,0,0,3,30,30,0,1,10,4,6,0,1
1,1,0,39.86,0,1,0,0,0,0,1,0,0,3,30,30,0,2,10,5,5,0,1
1,1,0,27.4,0,0,0,0,0,0,1,0,0,4,30,30,0,2,10,6,6,0,1
1,1,0,27.4,0,0,0,1,0,0,1,0,0,2,30,30,0,2,12,6,6,0,1
1,1,0,34.33,1,0,0,0,0,0,1,0,0,4,30,2,0,2,10,5,6,0,1
1,1,0,35.3,0,0,0,1,0,0,1,0,0,2,30,30,0,1,10,6,6,0,1
1,0,0,28.89,1,0,0,1,0,0,1,0,0,2,30,30,0,1,10,5,6,0,1
1,1,0,33.1,1,0,0,1,0,0,1,0,0,3,30,3,0,2,10,6,2,0,1
1,1,0,37.07,0,0,1,0,0,0,1,0,0,3,30,30,1,1,11,3,6,0,1
1,0,0,27.4,0,0,0,0,0,0,1,0,0,3,30,30,0,1,10,5,6,0,1
1,1,0,33.28,1,0,1,1,0,0,1,0,0,4,3,30,0,2,12,5,6,0,1
1,1,0,24.41,0,0,0,1,0,0,1,0,0,2,30,30,0,2,12,6,6,0,1
1,1,0,32.98,0,0,0,0,0,0,1,0,0,3,30,30,0,1,10,4,6,0,1
1,1,0,27.4,0,0,0,1,0,0,1,0,0,2,30,30,0,2,14,5,6,0,1
1,1,0,24.55,1,0,0,0,0,0,1,0,0,3,30,30,0,1,11,4,6,0,1
1,1,0,29.03,0,0,0,1,0,0,1,0,0,3,30,30,0,1,10,6,6,0,1
1,1,0,24.96,1,0,0,1,0,0,1,0,0,3,30,30,0,1,12,4,6,0,1
1,1,0,31.38,1,0,0,1,0,0,1,0,0,3,30,30,0,1,11,6,6,0,1
1,0,0,30.92,0,0,0,1,0,0,1,0,0,3,30,30,0,1,10,5,6,0,1
1,1,0,29.66,1,0,0,0,0,0,1,0,0,4,30,30,1,2,10,4,6,0,1
1,0,0,34.87,0,0,0,0,0,0,1,0,0,3,30,30,0,1,10,4,6,0,1
1,1,0,40.14,0,1,0,1,0,0,1,0,0,2,30,30,0,1,12,5,6,0,1
1,1,0,27.12,0,0,0,1,0,0,1,0,0,3,30,30,0,1,10,5,6,0,1
1,1,0,34.44,0,0,0,1,0,0,1,0,0,3,30,30,0,1,10,6,6,0,1
1,0,0,27.4,0,0,0,1,0,0,1,0,0,3,30,1,0,2,6,6,6,0,1
1,0,0,27.4,0,0,0,1,0,0,1,0,0,3,3,30,0,2,14,6,6,0,1
1,1,0,41.04,1,0,0,1,0,0,1,0,0,2,30,30,0,1,10,5,6,0,1
1,0,0,32.19,0,0,0,1,0,0,1,0,0,4,10,30,0,1,10,5,6,0,1
1,1,0,44.81,0,0,0,1,0,0,1,0,0,3,30,4,1,1,10,5,5,0,1
1,1,0,27.8,0,0,0,0,0,0,1,0,0,3,30,30,0,1,11,6,6,0,1
1,1,0,25.02,0,0,0,1,0,0,1,0,0,2,30,30,0,2,10,5,6,0,1
1,1,0,27.4,0,0,0,1,0,0,1,0,1,4,30,15,1,2,10,2,6,0,1
1,1,0,36.62,0,0,0,0,0,0,1,0,0,4,20,5,1,1,10,6,6,0,1
1,1,0,36.52,1,0,1,1,0,0,1,0,0,3,30,30,0,1,11,6,6,0,1
1,0,0,25.1,0,0,1,1,0,0,1,0,0,3,30,30,0,1,10,6,6,0,1
1,1,0,27.44,0,0,0,1,0,0,1,0,0,3,30,30,0,2,10,5,6,0,1
1,1,0,33.66,0,0,0,0,0,0,1,0,0,5,6,30,1,2,10,6,6,0,1
1,1,0,31.31,1,0,0,1,0,0,1,0,0,3,30,30,0,2,12,5,6,0,1
1,1,0,28.35,1,0,1,1,0,0,1,0,0,4,6,30,0,2,10,6,6,0,1
1,0,0,27.4,1,0,0,1,0,0,1,0,0,3,30,30,0,2,10,5,6,0,1
1,0,0,26.15,0,0,0,1,0,0,1,0,0,2,2,30,0,2,10,6,6,0,1
1,1,0,34.46,1,0,0,1,0,0,1,0,0,4,30,19,0,1,10,5,6,0,1
1,1,0,41.84,0,0,0,0,0,0,1,0,0,3,30,30,0,1,10,5,6,0,1
1,1,0,27.4,0,0,0,0,0,0,1,0,0,3,30,4,0,2,12,4,6,0,1
1,0,0,27.4,1,0,0,0,0,0,1,0,0,4,30,30,1,2,13,4,6,0,1
1,0,0,22.47,1,0,0,1,0,0,1,0,0,2,30,30,0,1,13,3,6,0,1
1,1,0,22.89,1,0,0,1,0,0,1,0,0,2,30,30,0,1,10,5,6,0,1
1,1,0,26.61,0,0,0,1,0,0,1,0,0,1,30,30,0,1,10,6,6,0,1
1,1,0,26.57,1,0,0,0,0,0,1,0,0,3,30,30,0,2,10,4,6,0,1
1,1,0,34.33,1,0,0,0,0,0,1,0,0,3,30,30,0,2,10,5,6,0,1
1,1,0,27.4,0,0,1,0,0,0,1,0,0,4,1,30,1,2,10,5,6,0,1
1,0,0,35.51,1,0,0,0,0,0,1,0,0,4,30,30,1,2,10,4,6,0,1
1,1,0,40.73,1,0,1,1,0,0,1,0,0,3,30,30,1,1,12,5,6,0,1
1,1,0,34.87,0,0,0,1,0,0,1,0,0,3,30,30,0,1,10,6,6,0,1
1,0,0,20.98,1,0,0,1,0,0,1,0,0,2,30,30,0,2,10,6,6,0,1
1,1,0,32.55,0,0,0,0,0,0,1,0,0,3,30,30,0,1,12,5,6,0,1
1,1,0,43.58,0,0,0,1,0,0,1,0,0,3,30,30,0,1,10,4,6,0,1
1,1,0,34.01,0,0,0,0,0,0,1,0,0,3,30,2,1,2,10,4,6,0,1
1,0,0,32.11,1,0,1,0,0,0,1,0,0,4,10,20,1,2,10,6,3,0,1
1,0,0,27.89,1,0,0,1,0,0,1,0,0,5,30,30,1,1,12,5,6,0,1
1,1,0,26.08,1,0,0,0,0,0,1,0,0,3,30,14,0,1,13,5,5,0,1
1,1,0,27.98,0,0,1,1,0,0,1,0,0,5,30,30,0,1,12,6,6,0,1
1,0,0,24.41,0,0,0,1,0,0,1,0,0,1,2,30,0,1,10,6,6,0,1
1,1,0,29.0,0,0,0,0,0,0,1,0,0,2,30,30,0,1,12,6,6,0,1
1,1,0,26.54,1,1,1,0,0,0,1,0,0,3,30,30,1,1,11,5,6,0,1
1,1,0,27.4,1,0,0,1,0,0,1,0,0,2,30,30,0,2,10,6,6,0,1
1,1,0,22.6,1,0,0,1,0,0,1,0,0,3,30,30,0,2,13,5,2,0,1
1,0,0,25.79,1,0,0,1,0,0,1,0,0,3,30,30,0,1,11,4,6,0,1
1,1,0,33.37,1,0,0,0,0,0,1,0,0,5,15,30,1,1,11,4,5,0,1
1,1,0,25.09,1,0,0,1,0,0,1,0,0,3,30,1,0,1,11,6,6,0,1
1,1,0,24.96,0,0,0,1,0,0,1,0,0,3,30,30,0,2,13,5,5,0,1
1,1,0,29.26,0,0,1,0,0,0,1,0,0,4,30,30,1,2,13,4,5,0,1
1,1,0,23.57,0,0,0,1,0,0,1,0,0,3,30,30,0,2,10,4,6,0,1
1,1,0,36.81,1,0,0,1,0,0,1,0,0,3,30,30,0,2,10,5,6,0,1
1,0,0,29.05,1,0,0,1,0,0,1,0,0,3,30,30,0,2,4,3,6,0,1
1,0,0,27.4,0,0,0,1,0,0,1,0,0,2,30,30,0,1,10,5,6,0,1
1,0,0,40.18,1,0,0,0,0,0,1,0,0,5,30,23,1,1,10,4,5,0,1
1,1,0,39.48,0,0,1,0,0,0,1,0,1,4,30,30,1,2,10,6,6,0,1
1,1,0,27.4,0,0,0,1,0,0,1,0,0,3,30,30,0,1,10,4,6,0,1
1,1,0,22.38,1,0,0,1,0,0,1,0,0,2,30,30,0,1,10,6,11,0,1
1,0,0,25.69,1,0,0,0,0,0,1,0,0,5,30,30,0,2,10,5,6,0,1
1,1,0,27.4,1,0,0,0,0,0,1,0,0,3,30,30,0,1,13,6,6,0,1
1,0,0,33.08,0,0,0,0,0,0,1,0,0,4,4,30,0,1,10,4,2,0,1
1,1,0,27.4,0,0,0,1,0,0,1,0,1,5,30,30,0,1,10,4,6,0,1
1,1,0,30.85,1,1,0,0,0,0,1,0,0,3,30,30,0,1,10,4,5,0,1
1,1,0,28.34,0,0,0,1,0,0,1,0,0,2,30,30,0,2,13,4,6,0,1
1,0,0,27.44,0,0,0,0,0,0,1,0,0,3,30,10,0,2,12,6,6,0,1
1,0,0,25.97,0,0,0,1,0,0,1,0,0,4,30,30,1,1,10,4,2,0,1
1,1,0,32.28,1,0,0,0,0,0,1,0,0,3,30,3,0,1,10,4,5,0,1
1,1,0,27.4,0,0,0,0,0,0,1,0,0,1,30,30,0,1,10,4,6,0,1
1,0,0,39.31,0,0,1,0,0,0,1,0,0,4,30,30,1,2,12,5,5,0,1
1,1,0,42.07,1,0,0,1,0,0,1,0,0,3,30,30,0,2,12,6,6,0,1
1,0,0,40.18,0,0,0,0,0,0,1,0,0,4,30,30,1,1,10,6,6,0,1
1,1,0,31.62,1,1,0,0,0,0,1,0,0,4,30,30,1,2,10,4,5,0,1
1,0,0,31.19,1,0,0,1,0,0,1,0,0,2,30,30,0,1,10,4,6,0,1
1,1,0,26.5,1,0,1,1,0,0,1,0,0,3,30,30,1,1,11,5,3,0,1
1,1,0,39.94,1,0,0,1,0,0,1,0,0,2,30,30,0,1,10,5,6,0,1
1,1,0,41.6,0,0,0,1,0,0,1,0,0,2,3,30,0,2,10,5,6,0,1
1,0,0,27.4,0,0,0,1,0,0,1,0,0,2,30,30,0,2,11,6,6,0,1
1,0,0,28.29,0,0,0,1,0,0,1,0,0,2,30,30,0,2,14,5,6,0,1
1,1,0,26.94,1,0,1,1,0,0,1,0,0,2,30,30,0,1,12,4,6,0,1
1,0,0,33.73,0,0,0,0,0,0,1,0,0,2,30,30,0,2,10,6,6,0,1
1,1,0,26.5,1,0,0,1,0,0,1,0,0,4,30,14,1,1,12,4,6,0,1
1,1,0,38.65,0,0,0,1,0,0,1,0,0,3,30,30,0,1,10,6,6,0,1
1,1,0,35.61,1,0,0,0,0,0,1,0,0,5,30,30,1,1,10,2,6,0,1
1,1,0,27.4,0,0,1,1,0,0,1,0,0,5,30,30,0,1,11,5,6,0,1
1,0,0,31.32,0,0,0,0,0,0,1,0,0,4,30,30,0,2,10,6,6,0,1
1,1,0,38.08,0,0,0,1,0,0,1,0,0,4,30,30,0,2,12,5,6,0,1
1,0,0,29.29,0,0,0,1,0,0,1,0,0,2,30,30,0,2,10,5,6,0,1
1,1,0,24.03,0,0,0,1,0,0,1,0,0,2,30,30,0,2,14,6,6,0,1
0,1,0,40.72,1,1,0,0,0,0,1,0,0,5,5,30,1,2,10,6,5,0,1
1,1,0,43.84,0,0,0,1,0,0,1,0,0,4,30,30,0,2,10,4,2,0,1
1,1,0,37.62,0,0,0,0,0,0,1,0,0,5,5,30,1,2,13,5,6,0,1
1,1,0,27.4,0,0,0,1,0,0,1,0,0,3,30,30,0,2,11,5,6,0,1
1,0,0,31.57,0,0,0,1,0,0,1,0,0,4,30,30,0,1,10,6,6,0,1
1,0,0,22.38,0,0,0,1,0,0,1,0,0,3,30,30,0,1,11,6,6,0,1
1,1,0,29.95,1,1,1,0,0,0,1,0,0,5,30,30,1,2,11,6,6,0,1
1,1,0,27.34,0,0,0,1,0,0,1,0,0,3,30,2,0,2,10,5,6,0,1
1,1,0,32.78,1,0,0,0,0,0,1,0,0,3,30,30,1,1,12,6,6,0,1
1,0,0,27.4,0,0,0,1,0,0,1,0,0,3,30,30,0,2,10,4,5,0,1
1,1,0,32.61,0,0,0,1,0,0,1,0,0,5,30,2,0,2,12,6,6,0,1
1,1,0,26.45,1,0,0,1,0,0,1,0,0,4,30,30,0,1,11,4,6,0,1
1,1,0,27.4,0,0,0,1,0,0,1,0,1,5,30,30,0,2,10,3,6,0,1
1,1,0,20.66,1,0,0,1,0,0,1,0,0,3,30,3,1,1,10,4,6,0,1
1,0,0,28.7,1,0,0,1,0,0,1,0,0,4,30,30,0,1,11,6,6,0,1
1,0,0,41.2,0,0,0,0,0,0,1,0,0,3,20,30,0,2,6,6,6,0,1
1,0,0,41.88,0,1,0,1,0,0,1,0,0,4,30,5,1,2,10,5,6,0,1
1,1,0,32.41,0,0,0,1,0,0,1,0,0,3,30,3,0,1,10,6,6,0,1
1,0,0,22.81,0,0,0,1,0,0,1,0,0,3,30,30,0,1,13,6,6,0,1
1,1,0,28.59,1,0,0,1,0,0,1,0,0,3,30,3,0,2,10,4,6,0,1
1,1,0,40.89,1,0,0,1,0,0,1,0,0,5,15,30,1,1,10,3,5,0,1
1,1,0,31.57,1,0,0,1,0,0,1,0,0,3,30,30,0,1,11,5,6,0,1
1,0,0,29.18,0,0,0,1,0,0,1,0,0,2,30,30,0,2,10,6,6,0,1
1,1,0,32.1,0,0,0,1,0,0,1,0,0,5,30,30,0,1,11,6,6,0,1
1,0,0,27.4,1,0,0,1,0,0,1,0,0,3,30,3,0,2,10,4,6,0,1
1,1,0,31.0,0,1,0,0,0,0,1,0,0,4,21,14,1,2,10,5,6,0,1
1,1,0,33.63,0,0,0,0,0,0,1,0,0,4,30,30,0,1,11,5,6,0,1
1,0,0,28.59,0,0,0,1,0,0,1,0,0,2,30,30,0,1,10,4,6,0,1
1,1,0,27.4,0,0,0,1,0,0,1,0,0,2,30,30,0,1,10,6,6,0,1
1,0,0,33.0,0,0,0,0,0,0,1,0,0,3,30,30,0,1,12,6,6,0,1
1,0,0,28.62,0,0,0,1,0,0,1,0,0,3,30,30,0,1,10,6,6,0,1
1,0,0,33.25,1,0,0,1,0,0,1,0,0,3,30,5,0,2,10,4,6,0,1
1,1,0,29.76,0,0,0,1,0,0,1,0,0,3,30,30,0,1,10,6,6,0,1
1,1,0,38.41,1,1,1,0,0,0,1,0,0,5,20,30,1,2,11,5,3,0,1
1,1,0,31.32,0,0,0,0,0,0,1,0,0,2,30,30,1,2,12,4,5,0,1
1,0,0,27.4,0,0,0,1,0,0,1,0,0,4,30,30,0,2,6,4,6,0,1
1,0,0,26.96,0,0,0,1,0,0,1,0,0,2,30,30,0,1,5,6,6,0,1
1,1,0,27.96,0,0,0,0,0,0,1,0,0,4,30,30,0,2,13,4,6,0,1
1,0,0,23.86,1,0,0,1,0,0,1,0,0,3,30,30,0,2,11,5,5,0,1
1,1,0,39.53,1,0,0,0,0,0,1,0,0,3,30,30,1,1,10,5,2,0,1
1,1,0,43.27,1,0,1,1,0,0,1,0,0,4,15,5,1,2,11,6,6,0,1
1,1,0,32.89,0,0,0,1,0,0,1,0,0,5,30,30,1,2,10,6,5,0,1
1,0,0,32.49,1,0,0,0,0,0,1,0,0,3,30,30,1,1,12,3,6,0,1
1,1,0,30.52,1,0,0,1,0,0,1,0,0,2,30,30,0,1,13,6,6,0,1
1,0,0,27.98,1,0,0,1,0,0,1,0,0,2,30,30,0,1,10,3,6,0,1
1,1,0,28.32,0,0,0,0,0,0,1,0,1,5,30,30,0,2,10,6,6,0,1
1,0,0,27.4,0,0,0,0,0,0,1,0,0,3,30,30,0,2,10,5,6,0,1
1,1,0,24.41,1,0,0,1,0,0,1,0,0,2,30,30,0,1,12,6,6,0,1
1,1,0,26.87,0,0,0,1,0,0,1,0,0,2,30,30,0,1,10,6,11,0,1
1,1,0,45.61,0,0,0,0,0,0,1,0,0,3,30,10,0,1,11,5,4,0,1
1,1,0,29.29,0,0,0,1,0,0,1,0,0,2,30,30,0,1,10,5,6,0,1
1,0,0,33.89,1,0,0,1,0,0,1,0,0,3,30,30,0,1,10,5,6,0,1
1,0,0,37.3,1,1,1,1,0,0,1,0,1,5,30,28,1,1,11,5,5,0,1
1,0,0,29.5,1,0,0,1,0,0,1,0,0,2,30,30,0,1,10,6,11,0,1
1,1,0,45.35,1,0,0,0,0,0,1,0,0,3,2,2,1,2,12,4,6,0,1
1,1,0,31.09,1,0,0,0,0,0,1,0,0,3,30,30,0,2,11,6,6,0,1
1,1,0,25.69,0,0,0,1,0,0,1,0,0,2,30,30,0,2,12,5,6,0,1
1,0,0,24.03,0,0,0,1,0,0,1,0,0,1,30,30,0,1,10,6,10,0,1
1,1,0,28.17,1,1,0,0,0,0,1,0,0,4,30,30,1,2,13,5,4,0,1
1,1,0,29.84,0,1,0,0,0,0,1,0,0,4,10,15,1,1,10,5,5,0,1
1,1,0,27.4,0,0,0,1,0,0,1,0,0,3,30,30,0,2,14,4,6,0,1
1,0,0,29.84,0,0,0,1,0,0,1,0,0,3,30,30,0,1,10,6,6,0,1
1,1,0,27.4,0,0,0,1,0,0,1,0,0,2,30,30,0,1,13,6,6,0,1
1,1,0,24.41,1,0,1,1,0,0,1,0,0,4,30,30,0,1,12,4,6,0,1
1,1,0,25.5,1,0,0,1,0,0,1,0,0,3,30,30,0,1,11,5,6,0,1
1,0,0,29.03,0,0,0,1,0,0,1,0,0,3,30,30,0,1,10,6,10,0,1
1,1,0,21.54,0,0,0,1,0,0,1,0,0,2,30,30,0,2,13,3,5,0,1
1,1,0,34.38,1,0,0,0,0,0,1,0,0,2,30,2,1,2,11,4,6,0,1
1,1,0,40.19,1,0,0,1,0,0,1,0,0,5,10,30,1,2,10,4,3,0,1
1,1,0,35.94,1,0,0,1,0,0,1,0,0,2,2,30,0,1,10,6,6,0,1
1,0,0,27.4,0,0,0,1,0,0,1,0,0,3,30,2,0,2,10,4,6,0,1
1,1,0,29.63,0,0,0,0,0,0,1,0,0,2,30,2,0,2,12,4,5,0,1
1,0,0,38.74,1,0,0,1,0,0,1,0,0,3,30,30,0,1,10,4,6,0,1
1,0,0,30.41,0,0,0,1,0,0,1,0,0,4,10,30,1,1,10,5,6,0,1
1,0,0,40.18,0,0,0,1,0,0,1,0,0,4,30,20,1,1,12,4,5,0,1
1,0,0,38.04,0,1,0,0,0,0,1,0,0,4,4,30,1,2,10,3,1,0,1
1,1,0,40.24,0,0,0,0,0,0,1,0,0,4,25,30,0,2,10,5,6,0,1
1,0,0,27.4,1,0,0,1,0,0,1,0,0,2,30,30,0,1,13,6,6,0,1
1,0,0,27.4,0,0,0,1,0,0,1,0,0,2,30,30,0,1,10,5,6,0,1
1,0,0,24.55,0,0,0,1,0,0,1,0,0,2,30,30,0,1,10,5,6,0,1
1,1,0,27.4,0,0,0,1,0,0,1,0,0,3,30,30,0,2,12,6,6,0,1
1,1,0,37.61,0,0,0,1,0,0,1,0,0,3,3,30,1,2,10,5,6,0,1
1,0,0,35.87,1,0,0,0,0,0,1,0,0,3,30,30,1,1,11,4,6,0,1
1,0,0,30.87,0,0,0,1,0,0,1,0,0,3,30,30,0,1,12,6,6,0,1
1,1,0,26.94,0,1,1,0,0,0,1,0,0,4,30,30,0,1,12,5,6,0,1
1,1,0,32.08,1,0,0,0,0,0,1,0,0,4,15,30,0,2,11,4,6,0,1
1,0,0,27.4,0,0,0,1,0,0,1,0,0,4,30,3,0,2,13,6,6,0,1
1,0,0,44.06,1,1,0,0,0,0,1,0,0,3,30,30,1,2,10,4,2,0,1
1,1,0,37.22,1,0,0,0,0,0,1,0,1,3,10,30,0,2,10,4,5,0,1
1,1,0,28.13,1,0,0,0,0,0,0,0,0,3,30,30,0,2,13,5,6,0,1
1,0,0,36.02,0,0,0,1,0,0,1,0,0,3,30,30,0,1,10,6,6,0,1
1,0,0,27.4,1,0,0,0,0,0,1,0,0,3,30,30,0,2,5,5,6,0,1
1,1,0,28.32,0,0,0,1,0,0,1,0,0,3,30,30,0,2,10,6,11,0,1
1,0,0,33.66,0,0,0,1,0,0,1,0,0,3,1,30,0,1,10,4,6,0,1
1,1,0,27.4,0,0,1,1,0,0,1,0,0,3,30,30,1,2,12,5,6,0,1
1,1,0,37.66,0,1,0,0,0,0,1,0,0,5,30,30,1,1,12,5,6,0,1
1,1,0,27.4,1,0,1,1,0,0,1,0,0,4,5,2,0,1,12,4,4,0,1
1,0,0,39.13,0,0,0,0,0,0,1,0,0,3,30,30,0,1,10,5,6,0,1
1,0,0,26.96,0,0,1,1,0,0,1,0,0,3,30,30,0,1,12,6,6,0,1
1,1,0,27.4,0,0,0,1,0,0,1,0,0,2,30,30,0,1,10,6,6,0,1
1,0,0,31.32,1,0,0,1,0,0,1,0,0,4,30,30,0,1,10,6,6,0,1
1,1,0,35.48,1,0,0,0,0,0,1,0,0,4,10,30,0,2,12,5,6,0,1
1,0,0,27.4,0,0,0,0,0,0,1,0,1,3,30,30,0,2,10,4,6,0,1
1,0,0,41.15,0,0,0,1,0,0,1,0,0,4,30,2,1,2,13,6,4,0,1
1,0,0,39.16,0,0,0,1,0,0,1,0,0,4,5,30,1,1,11,4,5,0,1
1,1,0,29.12,0,0,1,1,0,0,1,0,0,4,20,30,1,1,10,5,6,0,1
1,1,0,27.12,1,0,0,1,0,0,1,0,0,3,30,30,0,1,14,6,6,0,1
1,0,0,20.53,0,0,0,1,0,0,1,0,0,1,2,30,0,2,10,6,6,0,1
1,1,0,40.35,1,0,0,0,0,0,1,0,0,5,15,25,1,2,10,3,6,0,1
1,0,0,25.85,1,0,0,1,0,0,1,0,0,1,30,30,0,1,13,6,6,0,1
1,1,0,27.76,1,0,0,1,0,0,1,0,0,5,30,30,1,1,10,6,2,0,1
1,1,0,29.03,1,0,1,1,0,0,1,0,0,2,30,30,0,1,13,6,6,0,1
1,0,0,32.28,0,0,0,1,0,0,1,0,0,1,30,30,0,1,10,6,11,0,1
1,1,0,30.71,0,0,0,1,0,0,1,0,0,3,30,30,0,1,10,6,6,0,1
1,1,0,38.41,1,0,0,1,0,0,1,0,0,3,30,30,0,2,13,4,4,0,1
1,1,0,39.16,0,0,0,1,0,0,1,0,0,3,3,5,1,2,10,6,6,0,1
1,1,0,27.4,0,0,0,0,0,0,1,0,0,4,30,30,0,2,10,6,6,0,1
1,1,0,31.31,1,0,0,1,0,0,1,0,0,3,30,30,1,2,12,6,6,0,1
1,0,0,27.4,0,0,0,1,0,0,1,0,0,2,30,30,0,2,11,6,6,0,1
1,1,0,28.34,1,0,0,1,0,0,1,0,0,3,30,30,0,2,10,3,1,0,1
1,1,0,27.4,0,0,0,0,0,0,1,0,0,2,30,30,0,2,11,4,6,0,1
1,1,0,22.6,1,0,0,1,0,0,1,0,0,3,30,30,0,1,10,6,6,0,1
1,1,0,25.77,1,0,0,1,0,0,1,0,0,2,30,30,0,1,13,5,6,0,1
1,1,0,32.28,1,0,0,0,0,0,1,0,0,4,30,2,0,1,10,2,6,0,1
1,0,0,37.31,1,0,0,1,0,0,1,0,0,3,30,30,0,1,11,5,6,0,1
1,0,0,35.62,0,1,0,0,0,0,1,0,0,3,30,30,0,1,10,6,6,0,1
1,1,0,29.29,1,0,1,0,0,0,1,0,0,4,10,30,1,2,10,5,6,0,1
1,0,0,26.32,1,0,0,0,0,0,1,0,0,3,30,30,1,1,13,5,6,0,1
1,0,0,39.89,1,0,0,1,0,0,1,0,0,4,30,30,0,2,10,5,6,0,1
1,1,0,29.04,1,0,0,1,0,0,1,0,0,3,30,30,0,1,13,5,6,0,1
1,1,0,45.77,0,0,0,0,0,0,1,0,0,4,10,10,1,2,10,4,4,0,1
1,0,0,25.77,1,0,0,1,0,0,1,0,0,2,30,30,0,1,10,4,6,0,1
1,1,0,47.85,1,1,0,0,0,0,1,0,0,5,10,25,1,2,11,3,6,0,1
1,1,0,34.44,1,0,0,1,0,0,1,0,0,3,30,2,1,1,13,6,6,0,1
1,1,0,27.12,1,0,0,1,0,0,1,0,0,2,30,2,0,1,10,6,6,0,1
1,1,0,26.31,0,0,0,1,0,0,1,0,0,5,25,25,1,1,13,6,6,0,1
1,1,0,24.53,0,0,0,1,0,0,0,0,0,3,30,30,0,1,10,6,6,0,1
1,1,0,41.2,1,0,0,1,0,0,1,0,0,4,30,30,1,1,10,3,1,0,1
1,1,0,27.4,0,0,0,1,0,0,1,0,0,3,30,30,0,2,10,5,6,0,1
1,1,0,27.4,0,0,0,0,0,0,1,0,0,4,30,30,0,1,10,4,6,0,1
1,1,0,21.29,0,0,0,0,0,0,1,0,0,3,30,30,0,2,10,6,6,0,1
1,0,0,44.63,1,0,0,1,0,0,1,0,1,3,30,30,0,2,10,5,6,0,1
1,0,0,33.91,1,0,0,1,0,0,1,0,0,3,30,30,0,1,10,5,6,0,1
1,0,0,27.4,0,0,0,0,0,0,1,0,0,4,30,30,0,2,11,2,4,0,1
1,0,0,27.4,1,0,0,0,0,0,1,0,0,2,30,30,0,2,13,5,6,0,1
1,1,0,33.84,1,0,0,1,0,0,1,0,0,4,25,30,0,2,10,4,5,0,1
1,0,0,29.05,0,0,0,1,0,0,1,0,0,1,30,30,0,2,11,6,6,0,1
1,0,0,30.41,0,0,0,1,0,0,1,0,0,2,30,30,0,1,10,6,6,0,1
1,1,0,28.25,1,1,1,0,0,0,1,0,1,5,15,30,1,2,10,3,5,0,1
1,0,0,27.4,0,0,1,1,0,0,1,0,0,3,30,30,1,2,12,5,6,0,1
1,1,0,31.93,1,0,0,0,0,0,1,0,0,2,30,30,0,1,11,6,6,0,1
1,1,0,22.67,0,0,0,1,0,0,1,0,0,2,30,30,0,2,11,6,6,0,1
1,1,0,28.89,1,1,0,0,0,0,1,0,0,5,30,30,0,1,10,4,2,0,1
1,0,0,27.4,0,0,0,0,0,0,1,0,0,4,30,30,0,2,12,4,6,0,1
1,0,0,33.96,1,0,0,1,0,0,1,0,0,4,30,30,1,1,10,5,6,0,1
1,1,0,27.4,1,0,0,0,0,0,1,0,0,4,30,30,0,2,14,5,6,0,1
1,0,0,25.84,0,0,0,1,0,0,1,0,0,2,30,30,0,1,12,6,6,0,1
1,1,0,27.4,1,0,1,1,0,0,1,0,0,4,30,30,1,2,10,6,6,0,1
1,1,0,30.68,0,0,0,1,0,0,1,0,0,3,30,30,0,1,10,6,6,0,1
1,1,0,30.9,0,0,0,1,0,0,1,0,0,3,30,10,0,2,13,5,6,0,1
1,1,0,27.4,0,0,0,0,0,0,1,0,0,3,30,30,0,1,10,6,6,0,1
1,1,0,27.4,0,0,0,1,0,0,1,0,0,3,30,30,0,1,10,6,6,0,1
1,1,0,57.17,1,0,0,0,0,0,1,0,1,4,30,30,0,2,6,4,6,0,1
1,1,0,35.94,0,1,0,1,0,0,1,0,0,4,30,30,1,2,12,5,6,0,1
1,1,0,37.28,1,0,0,1,0,0,1,0,0,3,30,30,1,2,10,6,6,0,1
1,1,0,32.12,0,0,0,1,0,0,1,0,0,3,30,30,0,2,12,4,6,0,1
1,1,0,26.45,0,0,0,0,0,0,1,0,0,3,30,30,1,2,13,2,4,0,1
1,1,0,27.4,0,0,0,1,0,0,1,0,0,4,30,30,0,2,12,2,6,0,1
1,0,0,34.3,0,0,1,0,0,0,1,0,0,5,25,30,1,1,12,6,6,0,1
1,1,0,27.4,0,0,0,0,0,0,1,0,0,3,30,21,0,2,10,6,6,0,1
1,0,0,25.79,0,0,0,1,0,0,1,0,0,3,30,30,0,1,10,4,6,0,1
1,0,0,27.4,0,0,0,1,0,0,1,0,0,2,30,30,0,2,11,6,6,0,1
1,0,0,25.83,0,0,0,1,0,0,1,0,0,2,30,30,0,2,14,6,6,0,1
1,1,0,26.52,0,0,1,0,0,0,1,0,0,5,30,30,1,1,13,6,3,0,1
1,1,0,28.48,0,0,0,1,0,0,1,0,0,3,30,30,0,2,10,6,6,0,1
1,1,0,27.4,1,0,0,0,0,0,1,0,0,4,30,30,1,2,10,3,6,0,1
1,1,0,27.4,0,0,0,1,0,0,1,0,0,1,30,1,0,2,11,6,6,0,1
1,0,0,33.07,0,0,0,0,0,0,1,0,0,3,30,30,1,2,12,5,6,0,1
1,1,0,27.4,0,0,0,0,0,0,1,0,0,3,30,30,0,2,10,6,11,0,1
1,0,0,31.62,1,0,1,1,0,0,1,0,0,2,30,30,1,1,12,4,6,0,1
1,1,0,53.14,0,0,0,1,0,0,1,0,0,2,2,30,0,2,10,4,3,0,1
1,0,0,35.56,0,0,0,1,0,0,1,0,0,2,30,30,0,1,10,4,6,0,1
1,1,0,27.4,0,0,0,1,0,0,1,0,0,4,30,30,0,2,10,4,3,0,1
1,1,0,31.09,0,0,0,0,0,0,1,0,0,4,28,4,0,2,10,6,6,0,1
1,0,0,33.11,0,0,0,1,0,0,1,0,0,2,30,30,0,2,12,6,6,0,1
1,0,0,30.19,0,0,0,1,0,0,1,0,0,3,30,30,0,1,11,6,6,0,1
1,1,0,38.09,0,0,0,0,0,0,1,0,0,4,30,30,0,2,10,2,5,0,1
1,1,0,28.5,1,0,1,1,0,0,1,0,0,3,30,2,1,1,11,5,6,0,1
1,1,0,27.4,0,0,0,1,0,0,1,0,0,2,30,30,0,1,10,6,6,0,1
1,1,0,27.4,0,0,0,1,0,0,1,0,0,3,30,30,0,1,10,6,6,0,1
1,1,0,27.4,0,0,0,0,0,0,1,0,0,4,30,30,0,2,10,4,6,0,1
1,1,0,26.63,0,0,0,0,0,0,1,0,1,5,30,30,1,2,10,4,6,0,1
1,1,0,40.35,0,0,0,0,0,0,1,0,0,5,30,30,1,1,12,4,6,0,1
1,1,0,32.55,1,0,1,1,0,0,1,0,0,5,30,30,0,1,10,5,6,0,1
1,1,0,27.4,0,1,0,0,0,0,1,0,0,3,30,30,0,1,13,6,6,0,1
1,1,0,32.23,1,1,0,0,0,0,1,0,0,4,30,30,1,1,13,4,6,0,1
1,0,0,32.61,0,0,0,1,0,0,1,0,0,2,30,30,0,1,10,6,11,0,1
1,1,0,24.41,0,0,0,1,0,0,1,0,0,3,30,30,0,2,10,5,6,0,1
1,0,0,38.01,0,0,0,0,0,0,1,0,0,4,2,30,0,1,10,6,11,0,1
1,0,0,24.41,0,0,0,1,0,0,1,0,0,3,30,30,0,1,10,6,10,0,1
1,1,0,43.9,1,0,0,0,0,0,1,0,0,4,30,3,1,2,10,5,1,0,1
1,1,0,32.08,1,0,1,1,0,0,1,0,0,2,30,30,1,1,13,6,10,0,1
1,1,0,28.12,0,0,0,1,0,0,1,0,0,2,30,30,0,2,10,6,6,0,1
1,0,0,27.4,0,1,0,0,0,0,1,0,0,4,30,30,0,2,10,5,6,0,1
1,1,0,39.87,0,0,0,0,0,0,1,0,0,3,30,3,0,1,10,6,6,0,1
1,0,0,24.12,0,0,0,1,0,0,1,0,0,3,30,30,0,2,10,5,6,0,1
1,0,0,22.68,0,0,0,1,0,0,1,0,0,4,30,30,1,2,12,2,6,0,1
1,1,0,31.32,0,0,0,1,0,0,1,0,0,2,30,30,0,2,10,5,6,0,1
1,1,0,32.32,1,0,0,1,0,0,1,0,1,3,30,30,0,1,13,5,6,0,1
1,0,0,26.45,1,0,0,1,0,0,1,0,0,2,30,30,0,1,10,6,6,0,1
1,1,0,28.75,1,0,0,1,0,0,0,0,0,4,30,30,1,1,10,4,6,0,1
1,0,0,27.4,0,0,0,0,0,0,1,0,0,3,30,30,0,2,11,6,6,0,1
1,1,0,39.05,0,0,0,0,0,0,1,0,1,4,30,30,0,1,10,5,6,0,1
1,1,0,27.12,0,0,0,1,0,0,1,0,0,3,30,30,0,1,10,5,6,0,1
1,1,0,40.18,1,0,1,0,0,0,1,0,0,4,30,30,0,1,11,5,5,0,1
1,0,0,36.59,1,0,1,1,0,0,1,0,0,3,30,30,0,1,14,4,5,0,1
1,1,0,33.28,0,0,0,1,0,0,1,0,0,4,12,30,0,2,10,4,5,0,1
1,1,0,26.5,1,0,0,1,0,0,1,0,0,3,30,30,0,1,13,4,6,0,1
1,1,0,35.67,0,0,0,0,0,0,1,0,0,4,30,30,1,2,13,3,4,0,1
1,1,0,35.87,0,0,0,0,0,0,1,0,0,3,30,2,0,1,10,4,6,0,1
1,0,0,27.4,1,0,0,0,0,0,1,0,0,3,30,30,0,2,12,4,6,0,1
1,1,0,39.86,0,0,0,1,0,0,1,0,0,3,30,2,1,2,10,4,3,0,1
1,0,0,34.67,0,0,0,1,0,0,1,0,0,3,30,30,0,1,10,5,6,0,1
1,1,0,31.0,0,0,0,1,0,0,1,0,0,2,30,30,0,1,11,3,3,0,1
1,1,0,37.76,1,0,1,0,0,0,1,0,0,5,30,30,0,1,12,5,6,0,1
1,1,0,27.06,0,0,0,1,0,0,1,0,0,3,30,30,0,2,6,4,4,0,1
1,0,0,44.86,1,0,0,0,0,0,1,0,0,4,28,28,1,1,10,3,3,0,1
1,0,0,27.4,0,0,0,0,0,0,1,0,1,4,5,30,1,2,11,4,6,0,1
1,1,0,25.92,0,0,0,1,0,0,1,0,0,5,10,30,1,2,13,4,6,0,1
1,0,0,27.4,0,0,0,1,0,0,1,0,0,2,30,30,0,1,10,5,6,0,1
1,1,0,27.12,0,0,0,1,0,0,1,0,0,3,30,30,0,1,10,5,11,0,1
1,1,0,37.97,0,0,0,1,0,0,1,0,0,4,2,30,0,1,3,5,6,0,1
1,0,0,27.4,0,0,0,1,0,0,1,0,0,3,30,30,0,2,11,5,6,0,1
1,1,0,28.34,0,1,0,1,0,0,1,0,0,4,30,4,0,2,12,5,6,0,1
1,1,0,26.96,1,1,0,0,0,0,1,0,0,4,30,5,0,2,10,5,1,0,1
1,0,0,36.14,0,0,0,1,0,0,1,0,0,3,30,30,0,2,13,5,5,0,1
1,1,0,39.86,0,1,0,0,0,0,1,0,0,4,30,30,1,2,11,4,6,0,1
1,0,0,29.29,1,0,0,1,0,0,1,0,0,3,30,30,0,2,10,6,6,0,1
1,1,0,19.67,0,1,0,0,0,0,1,0,0,4,10,30,1,1,13,2,6,0,1
1,1,0,27.4,1,0,1,1,0,0,1,0,0,5,30,30,1,1,10,4,6,0,1
1,1,0,52.9,0,0,0,0,0,0,1,0,0,5,15,30,0,2,10,4,3,0,1
1,1,0,28.08,0,0,0,1,0,0,1,0,0,2,30,30,0,1,10,4,6,0,1
1,1,0,34.58,0,0,0,1,0,0,1,0,0,4,30,5,0,1,10,6,6,0,1
1,0,0,27.4,1,0,0,1,0,0,1,0,0,2,4,30,0,2,10,6,6,0,1
1,1,0,27.4,0,1,0,0,0,0,1,0,0,3,30,30,0,2,12,4,6,0,1
1,1,0,32.1,0,0,0,1,0,0,1,0,0,1,30,30,0,1,11,5,6,0,1
1,1,0,27.4,1,0,0,0,0,0,1,0,0,4,30,20,1,2,11,4,6,0,1
1,1,0,36.62,1,1,0,0,0,0,1,0,0,4,30,30,0,1,10,6,6,0,1
1,1,0,25.09,1,0,0,1,0,0,1,0,0,2,30,30,0,1,10,4,6,0,1
1,0,0,27.4,0,0,0,1,0,0,1,0,0,2,30,30,0,1,10,5,6,0,1
1,0,0,30.04,1,0,0,1,0,0,1,0,0,3,30,30,0,2,6,6,6,0,1
1,1,0,27.4,0,0,0,1,0,0,1,0,0,3,30,2,0,1,10,4,6,0,1
1,0,0,38.19,0,0,0,1,0,0,1,0,0,2,30,30,0,2,10,6,6,0,1
1,0,0,42.07,0,0,0,0,0,0,1,0,0,3,30,30,1,2,6,6,10,0,1
1,1,0,35.24,0,0,0,1,0,0,1,0,0,2,30,30,0,2,11,6,6,0,1
1,1,0,24.81,1,0,0,1,0,0,1,0,0,3,30,30,0,1,10,5,2,0,1
1,1,0,26.58,1,0,0,0,0,0,1,0,0,4,30,30,1,1,12,5,6,0,1
1,1,0,24.69,1,0,0,1,0,0,1,0,0,2,30,30,0,2,10,5,6,0,1
1,1,0,35.55,0,0,0,1,0,0,1,0,0,3,30,30,0,2,10,5,6,0,1
1,0,0,26.26,0,0,0,0,0,0,1,0,0,1,30,30,1,2,13,4,3,0,1
1,1,0,27.4,0,0,0,1,0,0,1,0,0,3,3,30,0,2,10,6,5,0,1
1,0,0,30.41,0,0,0,1,0,0,1,0,0,2,30,30,0,2,10,6,4,0,1
1,1,0,25.83,0,1,0,0,0,0,1,0,0,5,30,30,0,1,12,5,6,0,1
1,1,0,31.32,0,0,1,0,0,0,1,0,0,3,30,30,1,1,12,4,6,0,1
1,1,0,27.44,0,0,0,1,0,0,1,0,0,2,30,30,0,2,10,6,11,0,1
1,1,0,23.03,1,0,0,1,0,0,1,0,0,2,30,30,0,2,10,5,6,0,1
1,0,0,25.61,1,0,0,0,0,0,1,0,0,3,30,30,1,2,13,4,6,0,1
1,1,0,28.59,0,0,0,1,0,0,1,0,0,2,30,30,0,1,11,6,6,0,1
1,0,0,35.0,1,0,0,1,0,0,1,0,0,5,30,25,1,1,10,4,5,0,1
1,1,0,27.4,1,0,0,1,0,0,1,0,0,3,30,30,0,2,10,4,6,0,1
1,1,0,32.28,0,1,0,1,0,0,1,0,1,5,30,30,1,2,10,6,6,0,1
1,1,0,33.41,1,0,0,1,0,0,1,0,0,4,30,5,1,2,10,6,4,0,1
1,1,0,50.12,1,0,1,0,0,0,1,0,0,3,30,3,0,1,10,5,6,0,1
1,1,0,27.4,1,0,0,0,0,0,1,0,0,3,30,30,0,2,10,5,6,0,1
1,0,0,26.37,0,0,0,1,0,0,1,0,0,2,30,30,0,2,13,6,6,0,1
1,0,0,22.67,0,0,0,1,0,0,1,0,0,2,30,30,0,2,10,6,6,0,1
1,1,0,26.61,1,0,0,1,0,0,1,0,0,2,30,30,0,1,10,6,6,0,1
1,1,0,27.4,1,0,0,1,0,0,1,0,0,3,30,30,0,2,10,4,6,0,1
1,1,0,36.96,1,0,0,1,0,0,1,0,0,4,30,10,0,2,10,5,6,0,1
1,0,0,30.67,0,1,1,0,0,0,1,0,0,4,30,5,0,1,11,5,6,0,1
1,0,0,34.17,0,0,0,0,0,0,1,0,0,4,30,30,0,1,11,5,6,0,1
1,0,0,39.16,1,0,0,1,0,0,1,0,0,3,30,30,0,1,10,4,6,0,1
1,0,0,31.62,1,0,0,1,0,0,1,0,0,2,30,30,0,2,11,6,6,0,1
1,0,0,32.78,0,0,0,1,0,0,1,0,0,4,30,30,0,1,10,4,6,0,1
1,0,0,30.54,1,0,0,0,0,0,1,0,0,5,30,30,1,2,10,5,6,0,1
1,0,0,27.32,0,0,0,1,0,0,1,0,0,2,30,30,0,1,10,6,6,0,1
1,0,0,28.46,1,0,0,1,0,0,1,0,0,3,30,30,0,1,10,6,6,0,1
1,1,0,22.67,0,0,0,1,0,0,1,0,0,2,30,30,0,2,10,6,6,0,1
1,0,0,29.84,1,0,0,1,0,0,1,0,0,3,30,30,0,1,10,4,6,0,1
1,0,0,26.78,1,0,0,1,0,0,1,0,0,2,30,30,0,1,10,5,6,0,1
1,1,0,49.55,0,0,1,0,0,0,1,0,0,5,20,30,1,2,10,5,2,0,1
1,1,0,36.11,0,1,0,0,0,0,1,0,0,4,30,30,1,1,12,4,6,0,1
1,0,0,30.18,1,0,0,1,0,0,1,0,0,3,30,30,0,2,12,5,6,0,1
1,1,0,40.18,1,0,1,1,0,0,1,0,1,5,30,30,1,1,10,3,4,0,1
1,1,0,29.05,1,0,1,0,0,0,1,0,0,4,3,2,1,1,12,5,2,0,1
1,0,0,31.66,1,1,0,1,0,0,1,0,0,4,30,30,0,1,10,4,4,0,1
1,1,0,34.44,1,0,0,0,0,0,1,0,0,2,30,30,1,2,10,5,6,0,1
1,0,0,23.78,0,0,0,1,0,0,1,0,0,3,30,30,0,2,10,6,6,0,1
1,1,0,36.58,0,0,0,0,0,0,1,0,0,3,30,30,0,2,11,4,6,0,1
1,0,0,37.49,1,0,0,0,0,0,1,0,0,5,30,30,0,2,5,5,1,0,1
1,1,0,26.63,1,0,1,0,0,0,1,0,0,4,30,10,1,1,13,6,6,0,1
1,0,0,27.4,0,0,0,1,0,0,1,0,0,4,30,30,0,2,4,6,6,0,1
1,0,0,27.32,0,0,0,1,0,0,1,0,0,3,30,30,0,1,13,6,6,0,1
1,1,0,29.79,0,0,0,1,0,0,1,0,0,4,30,1,0,2,11,4,5,0,1
1,1,0,26.57,1,0,0,0,0,0,1,0,0,3,30,25,1,2,11,6,5,0,1
1,0,0,27.4,0,0,0,1,0,0,1,0,0,3,30,30,0,2,11,5,6,0,1
1,1,0,33.91,1,0,0,0,0,0,1,0,0,3,30,30,0,1,12,4,6,0,1
1,1,0,24.03,0,0,0,0,0,0,1,0,0,3,30,30,0,2,13,5,6,0,1
1,1,0,31.01,0,0,0,1,0,0,1,0,0,4,30,30,1,2,10,2,6,0,1
1,1,0,38.74,1,0,0,1,0,0,1,0,0,3,30,4,0,1,10,6,6,0,1
1,1,0,35.2,0,0,0,1,0,0,1,0,0,2,30,30,0,2,10,5,6,0,1
1,0,0,26.78,1,0,0,0,0,0,1,0,0,3,30,30,0,1,13,6,10,0,1
1,1,0,30.8,0,0,0,1,0,0,1,0,0,3,30,30,0,1,6,4,6,0,1
1,1,0,29.89,1,0,0,0,0,0,1,0,0,4,30,30,0,2,10,5,6,0,1
1,1,0,37.5,1,0,0,0,0,0,1,0,0,2,3,30,0,1,10,5,6,0,1
1,0,0,32.92,0,0,0,0,0,0,1,0,0,3,30,30,0,2,12,4,6,0,1
1,0,0,34.97,1,0,0,1,0,0,1,0,0,3,30,30,0,1,13,4,6,0,1
1,0,0,30.52,0,0,0,1,0,0,1,0,0,3,30,30,0,1,10,4,6,0,1
1,1,0,30.82,0,0,0,1,0,0,1,0,0,3,30,30,0,2,10,5,6,0,1
1,1,0,34.96,1,0,0,0,0,0,1,0,0,3,30,2,0,1,10,4,4,0,1
1,1,0,27.6,0,0,0,1,0,0,1,0,0,3,30,30,0,1,10,6,6,0,1
1,0,0,37.12,1,0,0,0,0,0,1,0,1,5,30,30,1,2,10,4,2,0,1
1,1,0,29.85,0,1,0,0,0,0,1,0,0,3,30,30,1,2,12,4,4,0,1
1,1,0,30.04,1,0,0,0,0,0,1,0,0,3,30,30,1,2,10,3,2,0,1
1,1,0,32.28,1,0,1,0,0,0,1,0,0,5,30,30,1,2,6,4,6,0,1
1,1,0,50.64,1,0,1,0,0,0,1,0,0,4,20,30,1,2,10,5,4,0,1
1,1,0,46.25,0,0,0,1,0,0,1,0,0,4,30,30,0,1,10,6,10,0,1
1,0,0,33.28,0,0,0,1,0,0,1,0,0,2,30,30,0,2,12,6,6,0,1
1,1,0,27.98,0,0,0,1,0,0,1,0,0,2,30,30,0,1,10,4,6,0,1
1,1,0,31.75,0,0,0,1,0,0,1,0,0,2,30,30,0,2,11,6,6,0,1
1,0,0,41.35,1,0,0,0,0,0,1,0,0,3,30,30,0,1,10,4,3,0,1
1,1,0,36.81,1,0,0,0,0,0,1,0,0,5,2,30,1,2,10,3,1,0,1
1,1,0,26.75,1,0,0,1,0,0,1,0,0,3,30,30,0,1,11,6,6,0,1
1,0,0,46.86,0,0,0,0,0,0,1,0,0,3,30,30,1,1,10,5,6,0,1
1,1,0,33.09,1,0,0,1,0,0,1,0,0,2,30,30,0,2,10,5,6,0,1
1,0,0,26.25,0,0,0,1,0,0,1,0,0,3,30,30,0,1,10,5,6,0,1
1,1,0,22.67,0,0,0,1,0,0,1,0,0,3,30,30,0,2,10,4,6,0,1
1,1,0,30.34,1,0,0,1,0,0,1,0,0,3,30,30,0,1,12,6,6,0,1
1,1,0,34.11,0,0,0,1,0,0,1,0,0,3,30,30,0,2,11,4,4,0,1
1,1,0,32.61,1,0,0,0,0,0,1,0,1,4,15,30,1,2,10,4,2,0,1
1,0,0,26.57,1,0,0,1,0,0,1,0,0,3,30,30,0,2,10,4,6,0,1
1,1,0,36.33,1,0,0,0,0,0,1,0,0,5,15,30,1,2,10,4,6,0,1
1,0,0,24.41,1,0,0,0,0,0,1,0,0,4,30,30,0,1,10,4,4,0,1
1,0,0,33.89,0,0,0,1,0,0,1,0,0,2,4,30,0,2,10,6,6,0,1
1,0,0,34.46,1,0,0,0,0,0,1,0,0,3,30,5,0,1,12,5,6,0,1
1,1,0,32.28,0,0,0,1,0,0,1,0,0,3,30,1,0,1,10,6,6,0,1
1,0,0,28.67,0,0,1,0,0,0,1,0,0,4,30,30,0,2,10,4,6,0,1
1,1,0,41.61,1,0,0,1,0,0,1,0,0,2,30,30,0,1,10,6,6,0,1
1,1,0,27.4,0,0,0,0,0,0,1,0,0,1,30,30,0,1,10,4,6,0,1
1,1,0,27.4,1,0,0,1,0,0,1,0,0,3,30,30,0,2,10,6,6,0,1
1,0,0,26.04,0,0,0,1,0,0,1,0,0,3,30,30,0,1,10,6,11,0,1
1,0,0,27.4,0,0,0,1,0,0,1,0,0,3,30,30,0,1,12,6,6,0,1
1,0,0,31.57,1,0,0,1,0,0,1,0,1,3,30,30,0,1,10,5,5,0,1
1,1,0,27.4,0,0,0,1,0,0,1,0,0,3,30,30,0,2,6,6,6,0,1
1,1,0,27.4,0,0,0,0,0,0,1,0,1,5,30,30,0,1,11,1,6,0,1
1,1,0,25.82,1,0,1,1,0,0,1,0,0,1,30,30,0,1,10,4,6,0,1
1,1,0,44.94,1,0,0,0,0,0,1,0,0,3,30,30,1,1,12,5,6,0,1
1,0,0,32.28,0,0,0,0,0,0,1,0,0,4,30,30,1,1,11,6,6,0,1
1,1,0,30.18,0,1,1,0,0,0,1,0,0,4,15,30,1,2,11,3,1,0,1
1,0,0,27.12,1,0,0,0,0,0,1,0,0,3,30,30,0,1,10,5,6,0,1
1,1,0,31.32,0,0,1,1,0,0,1,0,0,3,30,30,0,1,10,6,6,0,1
1,1,0,24.07,1,0,0,1,0,0,1,0,0,3,30,30,0,1,13,4,6,0,1
1,1,0,48.81,1,0,0,0,0,0,1,0,0,5,30,30,1,1,12,3,3,0,1
1,1,0,31.18,1,1,1,0,0,0,1,0,1,4,2,30,1,2,11,5,5,0,1
1,0,0,27.4,0,0,0,0,0,0,1,0,0,4,30,30,0,2,6,4,2,0,1
1,1,0,46.22,0,0,0,1,0,0,1,0,0,3,30,2,0,1,10,5,6,0,1
1,0,0,31.8,0,0,0,1,0,0,1,0,0,3,30,30,0,1,13,4,6,0,1
1,0,0,27.4,0,0,0,0,0,0,1,0,0,4,30,30,0,2,11,6,6,0,1
1,1,0,31.62,0,0,0,1,0,0,1,0,0,3,30,30,0,2,10,6,6,0,1
1,1,0,44.63,1,1,1,1,0,0,1,0,0,5,30,28,1,1,10,5,6,0,1
1,0,0,54.78,1,0,0,0,0,0,1,0,0,4,30,30,1,1,12,3,5,0,1
1,1,0,36.85,1,0,0,0,0,0,1,0,0,4,30,30,1,2,12,5,5,0,1
1,1,0,22.6,1,0,0,1,0,0,1,0,0,3,30,30,0,2,12,6,6,0,1
1,1,0,23.67,0,0,0,1,0,0,1,0,0,2,1,1,0,1,10,6,6,0,1
1,0,0,25.11,1,0,0,1,0,0,1,0,0,2,30,30,0,1,13,6,6,0,1
1,0,0,41.84,0,0,0,0,0,0,1,0,0,4,30,30,1,1,10,6,6,0,1
1,1,0,31.01,0,0,0,1,0,0,1,0,0,3,30,1,0,1,10,6,10,0,1
1,1,0,29.76,0,0,0,0,0,0,1,0,0,3,2,30,0,2,11,6,6,0,1
1,0,0,27.98,1,0,0,1,0,0,1,0,0,2,30,30,1,1,10,5,6,0,1
1,1,0,25.4,0,1,0,0,0,0,1,0,1,5,30,30,1,2,10,6,6,0,1
1,1,0,28.35,0,0,0,1,0,0,1,0,0,2,30,30,0,2,10,6,6,0,1
1,0,0,32.28,0,0,1,1,0,0,1,0,0,3,30,30,0,1,13,6,6,0,1
1,0,0,31.32,0,0,0,1,0,0,1,0,0,2,30,30,0,2,13,6,6,0,1
1,1,0,30.18,1,0,0,1,0,0,1,0,0,3,30,30,1,2,11,4,6,0,1
1,0,0,27.4,0,0,0,0,0,0,1,0,0,3,30,30,0,1,3,5,6,0,1
1,1,0,35.12,1,0,0,0,0,0,1,0,0,3,30,30,0,2,12,5,4,0,1
1,1,0,43.81,0,0,0,0,0,0,1,0,0,3,15,30,1,1,10,5,3,0,1
1,1,0,26.63,1,0,0,0,0,0,1,0,0,3,30,30,0,2,12,6,6,0,1
1,0,0,28.89,1,0,0,1,0,0,1,0,0,1,30,30,0,1,11,5,1,0,1
1,1,0,23.57,0,0,0,1,0,0,1,0,0,2,3,30,0,1,10,6,6,0,1
1,0,0,25.84,1,0,0,0,0,0,1,0,0,3,30,30,0,2,10,3,6,0,1
1,1,0,34.46,0,0,0,0,0,0,1,0,0,2,30,3,0,2,10,6,6,0,1
1,1,0,32.88,0,0,0,0,0,0,1,0,0,3,30,30,0,2,10,5,6,0,1
1,0,0,40.01,1,0,0,1,0,0,1,0,0,3,30,30,0,1,10,4,3,0,1
1,0,0,29.05,0,0,0,1,0,0,1,0,0,3,30,30,0,2,12,4,6,0,1
1,1,0,27.46,1,0,0,0,0,0,1,0,0,5,30,30,1,2,10,4,3,0,1
1,0,0,27.4,0,0,0,1,0,0,1,0,0,4,30,30,0,2,10,2,6,0,1
1,1,0,41.71,0,1,0,1,0,0,1,0,0,4,15,15,1,2,12,6,5,0,1
1,0,0,23.3,0,0,0,0,0,0,1,0,0,3,30,30,0,2,5,6,6,0,1
1,0,0,40.69,1,0,0,1,0,0,1,0,0,3,30,2,0,1,11,5,6,0,1
1,0,0,30.62,1,0,0,1,0,0,1,0,0,3,30,30,0,1,12,6,6,0,1
1,1,0,43.94,0,0,0,1,0,0,1,0,0,4,30,30,0,2,11,5,6,0,1
1,0,0,27.4,0,0,1,0,0,0,1,0,0,4,30,30,1,2,12,5,6,0,1
1,0,0,31.57,1,0,0,1,0,0,1,0,0,1,30,30,0,1,10,6,6,0,1
1,1,0,34.45,1,0,0,1,0,0,1,0,0,3,30,30,0,1,10,6,6,0,1
1,1,0,41.0,0,0,0,1,0,0,1,0,0,3,30,5,1,2,10,6,6,0,1
1,0,0,36.58,1,0,0,0,0,0,1,0,0,2,30,30,0,2,10,6,6,0,1
1,1,0,27.46,0,0,0,1,0,0,1,0,0,2,30,30,0,2,11,6,6,0,1
1,1,0,34.93,1,0,0,0,0,0,1,0,0,4,30,30,1,2,10,5,2,0,1
1,0,0,29.05,0,0,0,1,0,0,1,0,0,2,30,1,0,2,10,6,6,0,1
1,1,0,31.32,0,0,0,0,0,0,1,0,0,3,30,30,0,2,10,3,6,0,1
1,1,0,27.98,1,1,1,1,0,0,1,0,0,5,4,2,1,1,12,3,2,0,1
1,1,0,35.42,1,0,0,0,0,0,1,0,0,4,15,30,1,2,10,3,3,0,1
1,1,0,34.87,0,1,0,1,0,0,1,0,0,3,30,30,0,2,11,5,5,0,1
1,0,0,25.63,1,1,0,0,0,0,1,0,0,3,30,30,0,1,13,3,6,0,1
1,1,0,27.4,1,0,0,0,0,0,1,0,0,5,14,25,1,2,10,5,3,0,1
1,1,0,27.4,1,1,1,1,0,0,1,0,1,5,30,18,1,1,10,5,2,0,1
1,0,0,31.24,1,0,0,1,0,0,1,0,0,2,30,30,0,2,6,6,6,0,1
1,1,0,26.97,0,0,0,1,0,0,1,0,0,2,30,30,0,1,10,6,11,0,1
1,1,0,21.8,0,0,0,1,0,0,1,0,0,4,30,2,0,2,10,6,6,0,1
1,1,0,39.46,0,0,0,1,0,0,1,0,0,3,2,30,1,1,12,6,6,0,1
1,1,0,35.51,0,0,0,1,0,0,1,0,0,2,30,30,0,2,10,6,6,0,1
1,1,0,25.84,0,0,0,1,0,0,1,0,0,3,30,4,0,1,10,6,6,0,1
1,0,0,27.4,0,0,0,1,0,0,1,0,0,2,30,30,0,1,10,5,6,0,1
1,1,0,27.44,0,0,0,1,0,0,1,0,0,2,30,30,0,2,10,6,6,0,1
1,0,0,26.58,0,0,0,1,0,0,1,0,0,1,30,30,0,1,10,4,6,0,1
1,0,0,22.86,0,0,0,0,0,0,1,0,0,3,30,30,0,2,10,6,6,0,1
1,0,0,34.77,0,0,0,1,0,0,1,0,0,3,30,30,0,2,10,3,5,0,1
1,1,0,33.09,0,0,0,0,0,0,1,0,0,3,30,30,0,1,12,4,6,0,1
1,0,0,36.26,1,0,0,1,0,0,1,0,0,3,30,30,0,1,10,6,6,0,1
1,1,0,35.28,1,0,0,1,0,0,1,0,0,3,10,5,1,2,10,5,6,0,1
1,1,0,33.44,1,0,0,1,0,0,1,0,1,5,16,30,1,2,10,3,3,0,1
1,1,0,27.4,0,0,0,1,0,0,1,0,0,3,30,30,0,2,10,5,6,0,1
1,1,0,21.14,1,0,1,0,0,0,1,0,0,3,30,30,0,2,10,5,6,0,1
1,0,0,30.52,1,0,0,1,0,0,1,0,0,3,5,30,0,1,6,6,6,0,1
1,1,0,31.18,0,1,0,0,0,0,1,0,1,4,30,30,1,2,10,5,6,0,1
1,0,0,34.44,1,0,0,1,0,0,1,0,0,3,30,30,0,1,13,5,6,0,1
1,1,0,20.66,1,0,1,1,0,0,1,0,0,2,30,30,0,1,13,6,6,0,1
1,1,0,21.77,0,0,0,1,0,0,1,0,0,3,30,10,1,1,12,6,6,0,1
1,1,0,39.68,1,0,0,1,0,0,1,0,0,4,30,25,1,2,10,3,6,0,1
1,0,0,27.4,0,0,0,1,0,0,1,0,0,4,30,30,0,2,10,6,10,0,1
1,1,0,28.34,1,0,0,1,0,0,1,0,0,3,2,30,0,2,11,6,6,0,1
1,1,0,27.96,1,0,0,0,0,0,1,0,1,5,30,30,1,2,12,6,2,0,1
1,1,0,31.62,0,0,0,1,0,0,1,0,0,3,30,30,0,1,12,6,6,0,1
1,1,0,27.4,0,0,0,1,0,0,1,0,0,2,30,30,0,1,10,5,6,0,1
1,1,0,26.57,1,0,0,1,0,0,1,0,0,3,3,30,0,2,10,6,6,0,1
1,1,0,28.25,0,0,0,0,0,0,1,0,0,4,30,30,0,1,10,6,6,0,1
1,0,0,39.11,0,0,0,0,0,0,1,0,0,4,30,30,0,1,10,4,3,0,1
1,0,0,31.32,0,0,0,1,0,0,1,0,0,2,30,30,0,2,10,6,5,0,1
1,1,0,25.75,0,0,0,1,0,0,1,0,0,3,30,30,0,2,10,4,6,0,1
1,1,0,31.93,1,0,0,1,0,0,1,0,0,4,15,10,1,1,13,5,6,0,1
1,1,0,29.38,0,0,0,1,0,0,1,0,0,3,30,30,0,2,11,6,10,0,1
1,1,0,27.4,0,0,0,0,0,0,1,0,0,4,30,30,0,2,10,3,1,0,1
1,1,0,23.44,1,0,0,1,0,0,1,0,0,2,30,30,0,2,10,5,6,0,1
1,1,0,34.44,1,0,0,0,0,0,1,0,0,4,15,20,1,1,10,5,3,0,1
1,1,0,30.27,0,0,0,1,0,0,1,0,0,2,30,2,0,1,10,6,6,0,1
1,1,0,44.21,0,0,0,0,0,0,1,0,0,5,20,12,1,1,6,4,6,0,1
1,1,0,41.14,0,0,0,1,0,0,1,0,0,4,2,30,0,2,10,6,6,0,1
1,0,0,39.86,1,0,0,0,0,0,1,0,0,5,2,25,1,2,10,5,3,0,1
1,1,0,33.45,1,0,1,0,0,0,1,0,0,3,30,30,0,1,10,6,6,0,1
1,0,0,27.4,0,0,0,1,0,0,1,0,0,2,30,30,0,2,11,6,6,0,1
1,0,0,27.4,0,0,0,1,0,0,1,0,0,2,30,30,0,1,10,5,6,0,1
1,1,0,29.95,0,0,0,1,0,0,1,0,0,3,30,30,0,2,10,6,6,0,1
1,0,0,35.44,1,0,1,1,0,0,1,0,0,4,30,30,0,1,11,5,5,0,1
1,0,0,25.69,1,0,0,1,0,0,1,0,0,2,30,30,0,2,10,6,11,0,1
1,1,0,27.06,0,0,0,1,0,0,1,0,0,3,30,30,0,1,11,6,6,0,1
1,0,0,33.64,0,0,0,1,0,0,1,0,0,3,30,30,0,1,14,6,6,0,1
1,1,0,47.47,1,0,0,0,0,0,1,0,0,4,2,4,1,1,10,6,6,0,1
1,1,0,29.05,1,0,0,0,0,0,1,0,0,4,30,30,1,2,11,4,2,0,1
1,1,0,23.67,0,0,0,1,0,0,1,0,0,2,30,30,0,1,10,6,6,0,1
1,1,0,29.05,1,0,0,0,0,0,1,0,1,5,30,30,1,2,11,3,10,0,1
1,1,0,27.4,0,0,0,1,0,0,1,0,0,2,30,30,0,2,12,6,5,0,1
1,1,0,28.34,0,0,0,1,0,0,1,0,0,2,30,30,0,2,13,4,4,0,1
1,1,0,37.12,0,0,0,1,0,0,1,0,0,1,30,30,0,2,12,6,6,0,1
1,1,0,36.58,1,0,0,1,0,0,1,0,0,2,30,30,0,2,13,6,6,0,1
1,1,0,40.04,1,0,0,1,0,0,1,0,0,2,30,30,1,2,10,6,6,0,1
1,1,0,36.26,0,0,0,0,0,0,1,0,0,3,30,30,0,1,11,4,3,0,1
1,1,0,35.94,1,0,0,1,0,0,1,0,0,3,30,30,0,1,10,5,6,0,1
1,0,0,30.41,0,0,0,1,0,0,1,0,0,3,30,30,0,2,10,5,6,0,1
1,1,0,27.44,0,0,0,1,0,0,1,0,1,3,30,1,0,1,13,6,6,0,1
1,0,0,31.93,1,0,0,1,0,0,1,0,0,3,30,30,0,1,12,4,6,0,1
1,1,0,29.53,0,0,0,1,0,0,1,0,0,2,30,30,0,1,10,6,6,0,1
1,1,0,27.4,0,0,0,1,0,0,1,0,0,2,30,30,0,2,14,5,6,0,1
1,1,0,30.56,0,0,0,1,0,0,1,0,0,2,30,30,0,1,10,6,11,0,1
1,1,0,28.7,0,0,0,1,0,0,1,0,0,2,30,30,0,2,10,5,6,0,1
1,1,0,40.72,0,0,0,1,0,0,1,0,0,3,30,3,0,1,10,6,11,0,1
1,1,0,38.26,1,0,0,1,0,0,1,0,1,4,30,30,1,1,10,4,6,0,1
1,1,0,24.12,0,0,0,1,0,0,1,0,0,2,30,30,0,1,10,6,6,0,1
1,1,0,34.46,1,0,0,0,0,0,1,0,0,4,30,30,1,1,10,4,3,0,1
1,1,0,33.75,0,0,0,1,0,0,1,0,0,3,30,30,0,1,10,6,6,0,1
1,0,0,27.4,1,0,0,1,0,0,1,0,0,3,30,30,1,2,10,5,6,0,1
1,1,0,27.28,0,0,0,0,0,0,1,0,0,5,4,10,0,2,13,5,6,0,1
1,1,0,31.89,1,0,0,1,0,0,1,0,0,3,30,30,0,2,13,5,6,0,1
1,1,0,35.35,1,1,1,0,0,0,1,0,0,4,10,10,0,2,10,3,1,0,1
1,1,0,27.4,0,0,0,1,0,0,1,0,0,2,30,30,0,2,13,6,6,0,1
1,1,0,27.4,0,0,0,1,0,0,1,0,0,1,30,30,0,1,4,6,6,0,1
1,1,0,42.05,1,1,0,0,0,0,1,0,0,5,30,30,1,2,10,3,6,0,1
1,1,0,30.05,1,1,0,1,0,0,1,0,1,5,15,25,1,1,10,6,4,0,1
1,1,0,32.55,0,0,1,1,0,0,1,0,0,3,30,30,0,1,10,6,11,0,1
1,1,0,27.4,0,0,0,0,0,0,1,0,0,2,30,25,1,2,12,6,6,0,1
1,0,0,30.8,1,0,0,1,0,0,1,0,0,4,30,2,1,2,10,5,6,0,1
1,1,0,28.8,1,0,0,1,0,0,1,0,1,4,30,15,1,1,11,3,4,0,1
1,1,0,31.18,0,0,0,0,0,0,1,0,0,3,30,30,1,2,12,4,4,0,1
1,1,0,32.08,0,0,0,1,0,0,1,0,0,2,30,30,0,1,10,6,11,0,1
1,1,0,21.63,0,0,0,1,0,0,1,0,0,4,30,2,0,2,10,6,6,0,1
1,1,0,29.95,0,0,0,0,0,0,1,0,0,4,5,5,1,2,13,5,5,0,1
1,1,0,28.19,1,0,0,1,0,0,1,0,0,3,30,30,0,2,10,6,6,0,1
1,1,0,27.67,1,0,1,1,0,0,1,0,0,4,30,30,0,1,11,6,5,0,1
1,0,0,28.89,0,0,0,1,0,0,1,0,0,3,30,30,1,1,10,5,1,0,1
1,0,0,27.4,0,0,0,1,0,0,1,0,0,3,30,30,0,2,13,4,6,0,1
1,1,0,27.4,0,0,0,1,0,0,1,0,0,3,30,30,0,2,6,5,6,0,1
1,1,0,29.15,0,0,0,1,0,0,1,0,0,3,30,30,0,1,10,5,6,0,1
1,1,0,37.59,1,1,0,1,0,0,1,0,0,3,30,30,0,2,10,5,6,0,1
1,1,0,31.01,0,1,0,1,0,0,1,0,0,2,30,30,0,1,11,6,6,0,1
1,1,0,47.99,1,0,0,1,0,0,1,0,0,4,30,30,0,2,4,4,5,0,1
1,1,0,39.75,0,0,0,0,0,0,1,0,0,3,30,30,0,1,10,6,10,0,1
1,0,0,38.97,1,0,0,1,0,0,1,0,0,3,30,30,0,2,10,6,6,0,1
1,0,0,44.94,1,0,0,1,0,0,1,0,0,3,30,3,0,1,10,5,6,0,1
1,1,0,35.15,1,0,0,1,0,0,1,0,0,5,30,2,1,2,13,4,6,0,1
1,1,0,42.93,0,0,1,1,0,0,1,0,0,3,1,10,0,1,10,4,6,0,1
1,0,0,25.51,0,0,0,0,0,0,1,0,0,4,30,30,0,2,10,5,6,0,1
1,0,0,22.89,1,0,0,1,0,0,1,0,0,2,30,30,0,1,11,6,6,0,1
1,1,0,39.33,0,0,0,1,0,0,1,0,0,2,30,30,0,1,10,5,6,0,1
1,1,0,32.28,1,0,0,0,0,0,1,0,0,5,30,3,0,1,10,6,6,0,1
1,1,0,38.52,0,0,0,1,0,0,1,0,0,3,30,10,1,1,11,5,6,0,1
1,1,0,26.63,0,0,0,0,0,0,1,0,0,2,30,30,0,1,10,4,6,0,1
1,0,0,29.38,0,0,0,1,0,0,1,0,0,2,30,30,0,2,10,5,6,0,1
1,0,0,38.52,1,0,0,1,0,0,1,0,0,4,23,30,1,1,10,5,3,0,1
1,1,0,26.63,1,0,0,1,0,0,1,0,0,3,30,30,0,1,10,5,6,0,1
1,1,0,27.4,0,0,0,1,0,0,1,0,0,2,30,30,0,2,12,6,6,0,1
1,1,0,28.5,1,1,0,1,0,0,1,0,0,3,30,30,0,1,13,6,6,0,1
1,0,0,38.74,1,0,0,0,0,0,1,0,0,4,30,25,1,1,13,6,6,0,1
1,1,0,35.67,1,0,0,0,0,0,1,0,0,3,30,30,1,2,12,6,6,0,1
1,1,0,32.32,0,0,0,1,0,0,1,0,0,3,30,30,0,2,12,4,6,0,1
1,0,0,25.77,0,0,0,1,0,0,1,0,0,2,30,30,0,1,13,6,6,0,1
1,0,0,27.4,1,0,0,1,0,0,1,0,0,2,30,30,0,2,13,5,5,0,1
1,1,0,37.31,1,0,0,1,0,0,1,0,0,4,30,30,0,1,11,5,4,0,1
1,1,0,34.7,0,0,1,1,0,0,1,0,0,4,5,4,1,1,10,4,3,0,1
1,0,0,27.6,0,0,1,1,0,0,1,0,0,2,30,30,1,1,13,6,6,0,1
1,1,0,30.02,1,0,0,1,0,0,1,0,0,2,30,30,0,2,10,5,6,0,1
1,1,0,27.4,0,0,0,0,0,0,1,0,0,4,30,30,0,2,10,6,11,0,1
1,1,0,26.54,0,0,0,1,0,0,1,0,0,2,30,30,0,1,13,6,6,0,1
1,1,0,27.46,0,0,0,1,0,0,1,0,0,2,30,30,0,2,11,6,6,0,1
1,1,0,37.49,0,1,0,0,0,0,1,0,0,4,15,30,0,2,10,4,3,0,1
1,0,0,27.2,1,0,0,0,0,0,1,0,0,3,30,30,0,1,6,4,6,0,1
1,0,0,45.35,0,0,0,1,0,0,1,0,0,3,30,30,0,2,10,2,3,0,1
1,1,0,32.89,0,0,0,1,0,0,1,0,0,2,30,30,0,1,10,6,6,0,1
1,1,0,54.07,1,0,0,0,0,0,1,0,0,3,2,5,1,2,4,5,2,0,1
1,0,0,22.81,0,0,0,1,0,0,1,0,0,1,30,30,0,2,13,6,6,0,1
1,0,0,23.96,1,0,0,1,0,0,0,0,0,2,30,30,0,1,10,6,6,0,1
1,1,0,25.82,1,0,0,1,0,0,1,0,0,4,30,30,0,1,13,5,6,0,1
1,0,0,30.13,1,0,0,1,0,0,1,0,0,3,30,30,0,1,10,4,6,0,1
1,1,0,32.11,1,0,1,1,0,0,1,0,0,4,30,30,0,1,10,4,6,0,1
1,1,0,21.93,1,0,1,1,0,0,1,0,0,5,30,30,1,1,10,5,5,0,1
1,0,0,27.4,1,0,0,1,0,0,1,0,0,3,30,30,0,2,10,5,6,0,1
1,1,0,36.92,0,1,1,1,0,0,1,0,0,4,15,30,0,1,10,5,6,0,1
1,1,0,26.39,0,0,0,1,0,0,1,0,0,3,30,30,0,1,12,5,6,0,1
1,0,0,49.6,0,1,1,0,0,0,1,0,0,5,10,25,1,2,12,5,6,0,1
1,0,0,29.29,1,0,0,1,0,0,1,0,0,2,30,30,0,2,12,5,6,0,1
1,1,0,45.73,1,0,0,0,0,0,1,0,1,4,14,14,0,2,5,2,1,0,1
1,1,0,30.67,0,0,0,0,0,0,1,0,0,3,30,30,0,2,10,6,3,0,1
1,1,0,38.62,0,0,0,1,0,0,1,0,0,3,30,10,1,2,11,5,6,0,1
1,1,0,26.83,0,0,0,1,0,0,1,0,0,3,30,30,0,1,10,4,6,0,1
1,0,0,34.46,0,0,0,0,0,0,1,0,0,4,30,30,0,1,10,4,6,0,1
1,0,0,33.72,0,0,0,0,0,0,1,0,0,2,30,30,0,1,10,6,6,0,1
1,1,0,27.4,1,0,0,0,0,0,1,0,0,4,30,30,1,2,10,5,6,0,1
1,1,0,37.12,0,0,0,1,0,0,1,0,0,3,30,30,1,2,10,5,6,0,1
1,0,0,22.81,0,0,0,1,0,0,1,0,0,3,30,5,0,2,11,5,6,0,1
1,1,0,23.49,1,0,0,1,0,0,1,0,0,2,30,30,0,2,10,6,10,0,1
1,0,0,22.81,0,0,0,0,0,0,1,0,0,2,30,30,0,2,10,6,6,0,1
1,1,0,34.46,0,0,0,0,0,0,1,0,0,3,30,30,1,1,11,5,3,0,1
1,0,0,28.13,0,0,0,1,0,0,1,0,0,2,30,30,0,1,11,6,6,0,1
1,1,0,27.4,0,0,0,1,0,0,1,0,0,3,30,30,1,2,13,6,6,0,1
1,1,0,32.55,0,0,0,0,0,0,1,0,0,1,30,30,1,1,13,6,6,0,1
1,1,0,28.7,1,0,0,1,0,0,1,0,0,3,30,30,0,1,13,5,6,0,1
1,1,0,27.4,0,0,0,1,0,0,1,0,0,3,30,30,0,2,6,6,6,0,1
1,1,0,40.34,0,0,0,1,0,0,1,0,0,5,30,30,0,2,10,4,4,0,1
1,1,0,30.61,1,0,1,1,0,0,1,0,0,3,10,30,0,1,12,4,6,0,1
1,0,0,27.4,0,0,0,0,0,0,1,0,0,3,30,30,0,2,1,2,6,0,1
1,0,0,32.61,0,0,0,1,0,0,1,0,0,2,30,30,0,2,10,6,6,0,1
1,1,0,30.68,0,0,0,1,0,0,1,0,0,3,5,30,0,1,6,6,11,0,1
1,0,0,33.23,0,0,0,1,0,0,1,0,0,3,30,30,0,1,10,5,6,0,1
1,0,0,25.75,0,0,0,1,0,0,1,0,0,2,30,30,0,2,14,6,6,0,1
1,1,0,27.41,0,0,0,0,0,0,1,0,0,3,30,30,0,1,10,6,6,0,1
1,0,0,19.69,0,0,0,0,0,0,1,0,0,3,30,30,1,2,13,5,6,0,1
1,1,0,32.78,0,0,0,1,0,0,1,0,0,3,30,30,0,1,10,5,6,0,1
1,1,0,46.99,1,0,0,0,0,0,1,0,0,4,30,3,0,2,10,6,6,0,1
1,1,0,27.44,0,0,0,0,0,0,1,0,0,4,30,30,0,1,10,4,6,0,1
1,1,0,37.59,1,0,1,0,0,0,1,0,0,4,30,30,1,2,10,4,4,0,1
1,0,0,27.8,0,0,0,1,0,0,1,0,0,2,30,30,0,1,12,6,6,0,1
1,1,0,32.08,0,0,0,0,0,0,1,0,0,3,30,30,0,1,10,4,6,0,1
1,1,0,36.05,0,0,0,1,0,0,1,0,0,4,30,4,0,2,11,4,2,0,1
1,0,0,31.19,1,0,0,1,0,0,1,0,0,3,30,30,0,1,10,6,11,0,1
1,0,0,21.26,1,0,0,1,0,0,1,0,0,1,30,30,0,2,13,6,6,0,1
1,1,0,33.47,0,0,0,1,0,0,1,0,0,2,30,30,0,1,10,6,6,0,1
1,1,0,27.4,0,0,1,0,0,0,1,0,0,3,30,30,0,2,10,5,6,0,1
1,0,0,27.57,0,0,0,0,0,0,1,0,0,5,30,20,1,1,12,6,6,0,1
1,1,0,27.46,1,0,0,0,0,0,1,0,0,4,5,30,0,2,13,3,6,0,1
1,1,0,42.57,1,0,1,1,0,0,1,0,0,4,30,6,1,2,11,6,4,0,1
1,0,0,27.4,0,0,0,0,0,0,1,0,0,4,30,30,1,2,10,4,5,0,1
1,0,0,26.11,0,0,0,1,0,0,1,0,0,3,30,30,0,1,12,6,6,0,1
1,1,0,27.4,1,0,1,1,0,0,1,0,0,2,30,30,0,1,11,5,6,0,1
1,1,0,25.85,0,0,0,0,0,0,1,0,0,5,30,30,0,2,10,6,10,0,1
1,1,0,30.54,1,0,0,1,0,0,1,0,0,2,30,30,0,2,10,5,6,0,1
1,1,0,32.49,1,0,0,1,0,0,1,0,0,3,30,30,0,1,10,5,6,0,1
1,1,0,33.84,0,1,0,1,0,0,1,0,0,3,15,30,0,2,10,6,6,0,1
1,1,0,27.4,1,0,0,0,0,0,1,0,0,3,3,30,0,2,10,6,6,0,1
1,1,0,27.4,0,0,0,1,0,0,1,0,0,3,30,30,0,1,12,4,6,0,1
1,0,0,27.4,0,0,0,0,0,0,1,0,0,3,30,30,0,1,11,5,6,0,1
1,0,0,37.25,0,0,0,1,0,0,1,0,0,3,30,5,0,2,10,6,6,0,1
1,0,0,37.59,0,0,0,0,0,0,1,0,0,5,15,15,1,2,11,5,2,0,1
1,1,0,27.46,1,0,0,1,0,0,1,0,0,4,30,30,1,1,12,3,2,0,1
1,1,0,25.84,0,0,0,0,0,0,1,0,0,3,30,30,0,2,10,6,6,0,1
1,0,0,27.4,0,0,0,0,0,0,1,0,0,3,30,30,0,2,10,5,6,0,1
1,1,0,46.99,0,0,1,0,0,0,1,0,0,5,30,30,1,1,12,4,5,0,1
1,0,0,31.01,1,1,0,0,0,0,1,0,0,3,30,30,1,1,11,4,6,0,1
1,0,0,34.67,1,0,0,1,0,0,1,0,0,2,30,30,0,1,6,6,6,0,1
1,1,0,32.61,0,0,0,1,0,0,1,0,0,3,30,30,0,2,11,5,6,0,1
1,1,0,31.01,1,0,1,1,0,0,1,0,0,3,30,30,0,1,10,3,6,0,1
1,1,0,29.18,1,0,0,1,0,0,1,0,0,3,30,1,0,2,11,5,6,0,1
1,0,0,31.64,1,0,1,0,0,0,1,0,0,5,30,30,1,2,13,4,6,0,1
1,1,0,35.51,0,0,0,1,0,0,1,0,0,3,30,30,0,2,10,5,6,0,1
1,1,0,27.4,0,0,0,1,0,0,1,0,0,4,30,30,0,1,14,6,6,0,1
1,1,0,31.25,0,0,0,1,0,0,1,0,0,5,30,30,0,2,12,5,5,0,1
1,0,0,27.4,0,0,0,1,0,0,1,0,0,2,30,30,0,1,10,5,6,0,1
1,1,0,26.57,0,0,0,1,0,0,1,0,0,2,30,30,0,2,11,6,6,0,1
1,1,0,27.4,0,0,0,0,0,0,1,0,0,5,30,30,0,1,10,6,6,0,1
1,1,0,28.12,0,0,0,0,0,0,1,0,0,4,20,5,1,1,10,6,6,0,1
1,0,0,28.34,0,0,0,1,0,0,1,0,0,2,30,30,0,2,10,5,11,0,1
1,1,0,27.2,1,0,0,1,0,0,1,0,0,3,30,30,0,1,10,6,6,0,1
1,0,0,27.4,0,0,0,0,0,0,1,0,0,2,30,30,0,1,10,4,6,0,1
1,1,0,29.29,1,0,0,1,0,0,1,0,0,3,30,30,0,1,12,6,6,0,1
1,1,0,35.78,0,0,0,0,0,0,1,0,0,5,15,29,1,2,12,5,2,0,1
1,0,0,25.1,0,0,0,1,0,0,1,0,0,1,30,30,0,1,5,6,6,0,1
1,1,0,27.4,0,0,0,0,0,0,1,0,0,3,30,30,0,1,11,5,6,0,1
1,0,0,31.01,1,0,0,1,0,0,1,0,0,3,30,30,0,1,10,5,6,0,1
1,1,0,29.76,0,0,0,1,0,0,1,0,0,3,30,30,0,2,10,5,5,0,1
1,1,0,32.99,1,0,1,1,0,0,1,0,0,3,30,30,0,1,12,6,6,0,1
1,1,0,25.83,1,0,0,0,0,0,1,0,0,3,30,30,0,1,12,5,6,0,1
1,0,0,24.66,0,0,0,1,0,0,1,0,0,2,2,30,0,1,5,6,6,0,1
1,1,0,33.72,0,0,1,1,0,0,1,0,0,4,30,30,0,1,13,6,6,0,1
1,1,0,27.88,0,0,0,1,0,0,1,0,0,3,25,30,0,2,10,4,6,0,1
1,1,0,31.57,1,0,0,1,0,0,1,0,0,2,30,20,0,1,14,5,6,0,1
1,1,0,23.71,0,0,0,1,0,0,1,0,0,2,30,30,0,1,10,6,6,0,1
1,1,0,28.41,0,0,0,1,0,0,1,0,0,3,30,30,0,2,6,4,5,0,1
1,0,0,34.33,0,0,0,1,0,0,1,0,0,3,30,30,0,1,10,5,6,0,1
1,0,0,35.53,1,0,0,0,0,0,1,0,0,3,30,30,0,1,14,2,4,0,1
1,0,0,27.37,1,0,0,1,0,0,1,0,0,2,30,30,1,1,13,4,6,0,1
1,1,0,27.44,1,0,0,1,0,0,1,0,0,2,30,30,0,2,13,4,6,0,1
1,0,0,27.87,0,0,0,1,0,0,1,0,0,3,30,30,0,1,11,6,6,0,1
1,1,0,27.41,0,0,0,1,0,0,1,0,0,4,1,2,0,2,12,6,6,0,1
1,0,0,27.4,0,0,0,0,0,0,1,0,0,2,30,30,0,2,10,4,5,0,1
1,0,0,28.32,0,0,0,0,0,0,1,0,0,5,30,30,0,2,10,6,6,0,1
1,0,0,37.97,1,0,0,0,0,0,1,0,1,5,30,30,1,1,10,4,3,0,1
1,1,0,46.77,1,0,1,0,0,0,1,0,0,4,1,3,0,2,10,5,6,0,1
1,1,0,32.28,0,0,0,0,0,0,1,0,0,2,30,30,0,1,12,5,6,0,1
1,1,0,27.4,0,0,0,0,0,0,1,0,0,4,30,29,1,2,13,6,6,0,1
1,1,0,32.28,0,0,0,0,0,0,1,0,0,4,30,10,1,1,10,5,5,0,1
1,1,0,34.44,0,0,0,1,0,0,1,0,0,3,2,5,0,2,10,5,6,0,1
1,1,0,43.58,1,0,0,0,0,0,1,0,1,4,20,15,1,2,10,4,6,0,1
1,1,0,33.23,0,0,0,1,0,0,1,0,0,2,30,30,0,1,10,6,11,0,1
1,1,0,30.04,0,1,0,0,0,0,1,0,0,4,30,30,1,2,12,2,5,0,1
1,1,0,23.75,0,0,0,1,0,0,1,0,0,2,30,30,0,1,10,6,11,0,1
1,1,0,27.4,0,0,0,1,0,0,1,0,0,2,30,2,0,2,11,5,6,0,1
1,0,0,27.4,0,0,0,1,0,0,1,0,0,3,30,30,0,2,10,6,10,0,1
1,1,0,25.84,0,0,0,1,0,0,1,0,0,2,30,30,0,1,11,6,6,0,1
1,1,0,27.4,0,0,0,1,0,0,1,0,0,3,30,30,1,1,10,4,6,0,1
1,1,0,44.63,0,0,1,0,0,0,1,0,0,5,30,30,1,2,11,6,1,0,1
1,1,0,31.32,1,0,0,1,0,0,1,0,0,2,30,30,0,1,10,3,6,0,1
1,0,0,27.4,1,0,0,1,0,0,1,0,0,4,30,30,0,2,10,5,6,0,1
1,1,0,35.15,0,0,0,0,0,0,1,0,0,4,30,3,1,2,6,5,3,0,1
1,0,0,21.48,0,0,0,1,0,0,1,0,0,3,1,30,0,2,10,6,6,0,1
1,0,0,29.29,0,0,0,1,0,0,1,0,0,3,30,30,0,2,11,4,6,0,1
1,1,0,28.32,0,0,1,0,0,0,1,0,0,4,30,30,1,2,10,3,4,0,1
1,0,0,31.38,1,0,0,0,0,0,1,0,0,3,30,30,1,1,12,5,6,0,1
1,1,0,27.44,0,0,0,1,0,0,1,0,0,2,30,30,0,2,10,6,6,0,1
1,0,0,25.84,1,0,0,1,0,0,1,0,0,4,30,30,0,1,11,5,6,0,1
1,0,0,38.65,0,0,0,1,0,0,1,0,0,3,30,30,0,1,10,4,6,0,1
1,1,0,28.89,1,0,1,0,0,0,1,0,0,3,30,30,1,1,10,5,6,0,1
1,1,0,23.73,1,0,0,1,0,0,1,0,0,2,2,30,0,1,13,6,6,0,1
1,0,0,31.02,1,0,0,1,0,0,1,0,0,4,30,30,1,1,13,6,6,0,1
1,0,0,27.4,1,0,0,0,0,0,1,0,0,5,30,30,1,2,10,4,6,0,1
1,1,0,27.44,0,0,0,0,0,0,1,0,0,2,30,2,0,1,11,5,5,0,1
1,0,0,27.4,0,0,0,0,0,0,1,0,0,2,30,30,0,2,10,5,6,0,1
1,0,0,32.61,0,0,0,1,0,0,1,0,0,2,30,30,0,2,11,6,6,0,1
1,1,0,35.43,0,0,0,1,0,0,1,0,0,4,5,30,0,2,10,6,6,0,1
1,1,0,23.63,0,0,0,1,0,0,1,0,0,2,3,30,0,1,10,6,6,0,1
1,0,0,32.34,0,0,0,1,0,0,1,0,0,3,30,30,0,1,10,6,10,0,1
1,1,0,39.5,0,0,0,1,0,0,1,0,1,4,30,30,0,2,10,6,6,0,1
1,1,0,23.41,0,0,0,1,0,0,1,0,0,3,30,30,0,2,12,6,6,0,1
1,1,0,26.07,0,0,0,1,0,0,1,0,0,2,30,30,0,2,10,6,6,0,1
1,1,0,27.4,0,0,0,0,0,0,1,0,0,3,3,30,0,2,10,5,6,0,1
1,0,0,27.4,0,0,0,1,0,0,1,0,0,2,30,30,0,2,11,6,6,0,1
1,0,0,26.63,0,0,0,1,0,0,1,0,0,3,30,30,0,2,10,6,6,0,1
1,0,0,25.84,0,0,0,1,0,0,1,0,0,2,30,30,0,1,12,6,6,0,1
1,0,0,37.11,0,0,0,1,0,0,1,0,0,3,30,30,0,1,10,3,1,0,1
1,1,0,30.11,1,0,0,1,0,0,1,0,0,2,30,1,0,1,10,4,1,0,1
1,0,0,40.69,0,0,0,0,0,0,1,0,0,5,30,23,1,1,10,4,1,0,1
1,1,0,29.12,0,0,0,1,0,0,1,0,0,3,15,30,0,2,10,6,6,0,1
1,1,0,28.89,0,0,0,1,0,0,1,0,0,3,30,30,1,1,13,4,6,0,1
1,1,0,29.05,0,0,0,0,0,0,1,0,0,5,30,30,1,2,10,6,6,0,1
1,1,0,32.27,1,1,0,0,0,0,1,0,0,4,30,10,1,2,13,2,4,0,1
1,0,0,31.57,0,0,0,1,0,0,1,0,0,4,30,2,0,1,10,6,6,0,1
1,1,0,40.74,1,0,1,0,0,0,1,0,0,5,10,29,0,2,10,2,6,0,1
1,0,0,62.57,1,0,0,0,0,0,1,0,1,4,30,15,0,1,10,5,5,0,1
1,0,0,48.12,0,0,0,0,0,0,1,0,0,4,30,30,0,1,6,5,6,0,1
1,1,0,54.87,1,0,0,0,0,0,1,0,0,3,2,30,1,2,10,4,2,0,1
1,1,0,33.86,0,0,0,1,0,0,1,0,0,3,2,30,1,2,11,5,6,0,1
1,1,0,35.9,0,0,0,1,0,0,1,0,1,5,30,12,1,2,12,4,5,0,1
1,1,0,37.3,0,0,0,1,0,0,1,0,0,4,30,30,1,1,13,6,6,0,1
1,1,0,34.17,0,0,0,1,0,0,1,0,0,3,30,30,0,1,10,6,6,0,1
1,1,0,28.37,1,0,0,0,0,0,1,0,0,3,30,30,0,1,10,5,5,0,1
1,1,0,21.93,0,0,0,1,0,0,1,0,0,2,30,30,0,1,11,6,6,0,1
1,1,0,31.32,0,1,1,1,0,0,1,0,0,5,30,20,1,2,10,5,1,0,1
1,0,0,36.94,1,0,1,1,0,0,1,0,0,5,30,15,1,2,10,4,3,0,1
1,1,0,49.38,0,0,0,1,0,0,1,0,1,4,30,30,1,2,10,4,6,0,1
1,1,0,27.46,1,0,0,0,0,0,1,0,0,4,2,3,1,2,10,4,5,0,1
1,0,0,37.31,0,0,0,1,0,0,1,0,0,4,30,30,0,1,10,4,6,0,1
1,1,0,25.77,0,0,0,0,0,0,1,0,0,2,30,30,0,1,10,4,6,0,1
1,1,0,30.85,1,0,0,1,0,0,1,0,0,2,30,30,0,2,11,5,6,0,1
1,1,0,27.69,0,0,0,1,0,0,1,0,0,3,30,30,0,1,11,4,6,0,1
1,0,0,27.4,0,1,0,1,0,0,1,0,0,3,30,30,0,2,10,4,6,0,1
1,1,0,24.87,1,0,0,1,0,0,1,0,0,2,30,30,0,2,13,6,6,0,1
1,1,0,34.96,1,0,1,1,0,0,1,0,0,4,30,30,0,1,13,6,6,0,1
1,1,0,29.23,0,0,0,1,0,0,1,0,0,2,30,30,0,2,13,4,6,0,1
1,0,0,25.73,0,0,0,0,0,0,1,0,0,3,30,30,0,1,6,4,6,0,1
1,1,0,46.59,0,0,0,0,0,0,1,0,0,4,30,30,1,2,12,2,6,0,1
1,1,0,41.6,1,0,0,0,0,0,1,0,0,4,30,15,1,2,12,4,6,0,1
1,1,0,27.4,0,0,0,1,0,0,1,0,0,3,5,30,0,2,10,6,6,0,1
1,0,0,29.29,0,0,0,1,0,0,1,0,0,1,30,30,0,1,10,4,1,0,1
1,0,0,35.15,0,0,0,1,0,0,1,0,0,4,30,3,0,2,10,2,5,0,1
1,1,0,27.4,0,0,0,1,0,0,1,0,0,3,30,5,0,2,10,5,6,0,1
1,0,0,33.3,0,0,0,1,0,0,1,0,0,2,30,30,0,2,10,6,6,0,1
1,1,0,56.64,0,0,0,0,0,0,1,0,0,4,2,30,1,2,10,6,6,0,1
1,1,0,27.4,0,0,0,1,0,0,1,0,0,2,30,30,0,2,13,6,6,0,1
1,1,0,21.38,0,1,0,0,0,0,1,0,0,5,30,30,1,2,13,6,6,0,1
1,1,0,33.28,0,0,0,0,0,0,1,0,0,4,30,15,1,2,12,6,6,0,1
1,0,0,23.03,1,0,0,1,0,0,1,0,0,2,30,30,0,2,12,5,6,0,1
1,1,0,30.34,1,0,0,1,0,0,1,0,0,2,30,30,0,1,10,5,6,0,1
1,1,0,32.28,0,0,0,1,0,0,1,0,0,3,30,30,0,2,10,6,6,0,1
1,0,0,27.4,0,0,0,0,0,0,1,0,0,4,30,20,1,2,12,5,6,0,1
1,0,0,27.4,1,0,0,1,0,0,1,0,0,4,30,4,0,2,10,4,6,0,1
1,1,0,27.2,1,0,0,1,0,0,1,0,0,3,30,30,0,1,11,6,6,0,1
1,0,0,32.32,1,0,1,1,0,0,1,0,0,4,30,30,1,1,13,6,6,0,1
1,1,0,35.26,1,1,1,1,0,0,1,0,0,4,30,20,1,1,14,5,6,0,1
1,1,0,27.4,0,0,0,0,0,0,1,0,0,3,2,2,0,2,11,5,6,0,1
1,0,0,35.43,0,0,0,0,0,0,1,0,0,3,30,2,0,2,11,5,6,0,1
1,1,0,34.44,0,1,0,1,0,0,1,0,0,4,30,30,1,1,10,5,6,0,1
1,0,0,27.4,0,0,0,0,0,0,1,0,0,3,30,30,0,2,10,5,4,0,1
1,1,0,30.96,1,0,0,1,0,0,1,0,0,1,30,30,0,1,10,6,11,0,1
1,0,0,36.61,0,0,0,0,0,0,1,0,0,3,30,30,0,2,10,4,5,0,1
1,1,0,24.39,0,0,0,1,0,0,1,0,0,2,30,30,0,1,10,6,6,0,1
1,0,0,31.19,1,0,0,1,0,0,1,0,0,2,30,30,0,1,13,5,6,0,1
1,0,0,37.59,1,0,0,0,0,0,1,0,0,3,30,30,0,2,10,4,6,0,1
1,0,0,31.93,0,0,0,1,0,0,1,0,0,2,30,30,0,1,11,6,6,0,1
1,0,0,27.4,0,0,0,1,0,0,1,0,0,3,30,30,0,2,10,6,10,0,1
1,1,0,27.99,1,0,0,1,0,0,1,0,0,2,30,30,0,1,10,6,6,0,1
1,1,0,26.63,1,0,0,0,0,0,1,0,0,4,5,30,1,1,13,6,6,0,1
1,1,0,33.28,1,0,0,0,0,0,1,0,1,4,30,30,1,2,10,4,6,0,1
1,1,0,33.28,1,0,0,0,0,0,1,0,0,3,30,30,1,2,10,4,6,0,1
1,1,0,36.9,0,0,0,0,0,0,1,0,0,4,30,30,1,2,10,5,6,0,1
1,1,0,31.66,0,0,0,1,0,0,1,0,0,4,30,2,0,1,10,6,11,0,1
1,1,0,27.4,0,0,0,1,0,0,1,0,0,2,30,30,0,2,12,5,6,0,1
1,1,0,26.63,1,0,0,1,0,0,1,0,0,3,30,30,0,1,10,4,6,0,1
1,1,0,41.96,0,0,0,0,0,0,1,0,0,3,30,1,0,2,10,5,6,0,1
1,1,0,33.82,0,0,0,0,0,0,1,0,0,3,30,30,1,2,12,3,5,0,1
1,1,0,38.39,0,0,0,1,0,0,1,0,0,2,30,30,0,1,10,5,6,0,1
1,0,0,29.03,0,0,0,1,0,0,1,0,0,2,30,30,0,1,11,6,6,0,1
1,1,0,35.95,0,0,0,0,0,0,1,0,0,4,10,30,0,1,6,4,6,0,1
1,1,0,32.86,0,0,0,1,0,0,1,0,0,3,30,30,0,1,10,6,6,0,1
1,0,0,26.96,0,0,0,1,0,0,1,0,0,2,30,30,0,1,5,6,6,0,1
1,1,0,47.5,1,0,0,0,0,0,1,0,0,4,30,30,1,1,10,5,5,0,1
1,1,0,35.87,1,0,0,0,0,0,1,0,0,3,30,30,0,1,10,6,6,0,1
1,0,0,21.95,1,0,0,1,0,0,1,0,0,3,30,30,0,2,13,4,6,0,1
1,0,0,41.81,0,0,0,1,0,0,1,0,0,4,10,30,0,2,10,5,6,0,1
1,1,0,28.29,0,0,1,1,0,0,1,0,0,3,30,30,0,1,10,4,6,0,1
1,1,0,35.87,1,0,0,1,0,0,1,0,0,3,30,30,0,1,12,6,6,0,1
1,1,0,27.4,0,0,0,1,0,0,1,0,0,3,30,30,0,1,10,4,6,0,1
1,1,0,40.24,1,0,0,0,0,0,1,0,1,4,30,30,1,2,10,4,6,0,1
1,1,0,29.23,0,0,1,1,0,0,1,0,0,3,1,30,0,1,10,6,6,0,1
1,1,0,31.17,1,0,0,0,0,0,1,0,0,2,30,30,1,1,10,4,3,0,1
1,1,0,26.63,0,0,0,1,0,0,1,0,0,4,30,30,0,1,12,6,6,0,1
1,0,1,39.33,0,0,0,1,0,0,1,0,0,3,30,30,0,1,10,6,6,0,1
1,1,0,32.76,0,0,0,1,0,0,1,0,0,3,30,30,0,1,11,5,6,0,1
1,0,0,27.4,0,0,0,1,0,0,1,0,0,3,30,30,0,2,11,4,2,0,1
1,1,0,27.12,1,0,0,1,0,0,1,0,0,5,30,30,1,1,12,4,6,0,1
1,1,0,31.19,0,0,0,0,0,0,1,0,0,3,30,4,1,1,10,6,6,0,1
1,1,0,25.85,1,0,0,1,0,0,1,0,0,2,30,30,0,1,12,5,6,0,1
1,1,0,34.46,1,0,0,1,0,0,1,0,0,4,2,20,1,1,10,6,10,0,1
1,0,0,24.41,0,0,0,1,0,0,1,0,0,2,30,30,0,1,11,6,6,0,1
1,0,0,24.79,0,0,0,1,0,0,1,0,0,3,30,30,0,2,10,5,6,0,1
1,1,0,32.92,0,0,0,1,0,0,1,0,0,2,30,30,0,2,10,6,6,0,1
1,0,0,54.78,1,1,0,0,0,0,1,0,1,3,30,30,1,1,10,4,5,0,1
1,1,0,32.55,0,0,0,1,0,0,1,0,0,2,30,30,0,1,10,6,11,0,1
1,1,0,35.9,1,0,0,0,0,0,1,0,0,4,30,30,0,2,10,6,6,0,1
1,1,0,39.94,0,1,0,0,0,0,1,0,0,4,2,30,1,2,11,5,1,0,1
1,0,0,24.89,0,0,0,1,0,0,1,0,0,2,30,30,0,2,6,6,10,0,1
1,0,0,25.75,0,0,0,1,0,0,1,0,0,3,30,30,0,2,10,5,5,0,1
1,1,0,34.44,1,0,0,1,0,0,1,0,0,3,30,30,0,1,10,4,5,0,1
1,0,0,33.91,1,0,0,1,0,0,1,0,0,4,30,30,1,1,10,4,5,0,1
1,1,0,23.05,0,0,0,1,0,0,1,0,0,4,30,30,0,2,10,2,6,0,1
1,1,0,25.82,0,0,1,1,0,0,1,0,0,3,30,30,0,1,10,4,6,0,1
1,1,0,25.53,1,0,0,1,0,0,1,0,0,2,30,30,0,2,10,5,6,0,1
1,1,0,26.5,0,1,1,1,0,0,1,0,0,3,30,30,0,1,10,6,6,0,1
1,0,0,35.24,1,0,0,1,0,0,1,0,0,4,30,30,1,2,10,4,6,0,1
1,1,0,28.37,1,0,0,0,0,0,1,0,0,3,30,30,0,1,13,6,6,0,1
1,1,0,40.45,0,0,0,1,0,0,1,0,0,4,30,30,1,1,10,4,6,0,1
1,0,0,31.31,0,0,0,1,0,0,1,0,0,2,30,30,0,1,11,6,11,0,1
1,1,0,42.07,0,0,0,0,0,0,1,0,0,4,30,30,1,2,12,6,6,0,1
1,1,0,34.86,1,0,0,1,0,0,1,0,0,4,30,30,1,1,12,6,6,0,1
1,1,0,39.71,0,0,0,0,0,0,1,0,0,4,30,30,1,2,11,3,6,0,1
1,1,0,35.62,0,0,0,1,0,0,1,0,0,2,30,30,0,1,11,6,5,0,1
1,0,0,27.4,0,0,0,1,0,0,1,0,0,3,3,30,0,1,5,6,6,0,1
1,1,0,31.09,0,0,0,1,0,0,1,0,0,3,30,30,0,2,10,4,2,0,1
1,1,0,27.4,0,0,0,0,0,0,1,0,0,2,30,30,0,2,11,4,6,0,1
1,1,0,22.98,1,0,0,0,0,0,1,0,0,4,30,2,0,1,6,6,6,0,1
1,1,0,32.81,0,0,0,0,0,0,1,0,0,4,30,30,1,2,10,5,6,0,1
1,1,0,45.19,0,0,0,0,0,0,1,0,0,3,30,30,1,1,10,4,6,0,1
1,0,0,28.7,0,0,1,0,0,0,1,0,0,5,30,30,1,1,10,6,6,0,1
1,0,0,26.29,0,0,0,1,0,0,1,0,0,1,30,30,0,1,12,6,6,0,1
1,0,0,25.23,0,0,0,0,0,0,1,0,0,3,30,30,1,2,10,4,3,0,1
1,0,0,33.28,0,0,0,1,0,0,1,0,0,2,30,30,0,2,10,4,6,0,1
1,1,0,27.4,1,0,1,0,0,0,1,0,0,5,15,30,1,2,10,5,6,0,1
1,1,0,27.4,0,0,0,0,0,0,1,0,0,2,30,30,0,2,12,4,6,0,1
1,0,0,33.67,1,1,0,0,0,0,1,0,1,4,30,30,1,1,10,4,5,0,1
1,1,0,27.4,1,0,0,0,0,0,1,0,0,3,30,30,0,2,11,5,6,0,1
1,0,0,27.4,0,0,0,0,0,0,1,0,0,4,30,30,1,2,12,5,6,0,1
1,0,0,27.4,1,0,0,1,0,0,1,0,0,3,30,30,0,2,10,5,6,0,1
1,0,0,39.33,1,0,0,1,0,0,1,0,0,2,30,30,0,1,10,6,6,0,1
1,1,0,37.21,0,0,0,1,0,0,1,0,0,3,30,30,0,1,10,5,10,0,1
1,1,0,34.67,1,0,0,1,0,0,1,0,0,4,30,30,0,1,11,5,2,0,1
1,1,0,24.37,0,0,1,1,0,0,1,0,0,3,30,30,0,1,11,4,6,0,1
1,1,0,31.25,0,0,0,0,0,0,1,0,0,4,30,5,1,2,11,5,6,0,1
1,1,0,25.55,1,0,0,1,0,0,1,0,0,2,30,30,0,1,13,5,6,0,1
1,1,0,26.5,0,0,0,1,0,0,1,0,0,3,30,30,0,1,10,6,6,0,1
1,0,0,23.49,0,0,0,1,0,0,1,0,0,2,30,30,0,1,10,6,11,0,1
1,1,0,30.24,0,0,0,1,0,0,1,0,0,3,30,30,0,1,10,5,6,0,1
1,1,0,27.4,0,0,0,0,0,0,1,0,0,2,30,3,0,2,10,6,6,0,1
1,0,0,22.55,1,0,0,1,0,0,1,0,0,3,30,30,0,2,13,4,2,0,1
1,1,0,27.4,0,0,0,0,0,0,1,0,0,3,30,30,0,2,10,5,6,0,1
1,1,0,37.79,1,0,0,0,0,0,1,0,1,4,15,30,1,2,10,4,3,0,1
1,0,0,27.4,0,0,1,0,0,0,1,0,0,3,30,30,0,1,13,3,6,0,1
1,1,0,32.28,1,0,0,1,0,0,1,0,0,3,30,30,0,1,10,5,1,0,1
1,0,0,24.59,0,0,0,1,0,0,1,0,0,2,30,30,0,1,14,6,6,0,1
1,1,0,27.4,0,0,0,0,0,0,1,0,0,2,30,30,0,2,11,5,6,0,1
1,0,0,27.6,0,0,0,1,0,0,1,0,0,3,2,30,0,1,10,6,11,0,1
1,1,0,35.51,1,0,0,0,0,0,1,0,0,3,30,30,1,2,12,4,6,0,1
1,1,0,27.4,1,0,0,1,0,0,1,0,0,4,30,1,0,2,11,4,6,0,1
1,1,0,32.62,0,0,0,1,0,0,1,0,0,3,30,30,0,2,10,6,6,0,1
1,0,0,33.66,0,0,0,0,0,0,1,0,0,1,30,30,0,2,10,4,6,0,1
1,1,0,27.4,0,0,0,0,0,0,1,0,0,1,30,30,0,2,13,6,6,0,1
1,1,0,27.4,1,0,0,1,0,0,1,0,0,3,30,30,0,2,10,4,6,0,1
1,1,0,30.3,0,1,1,0,0,0,1,0,0,3,30,5,1,2,10,4,6,0,1
1,1,0,28.97,1,1,0,0,0,0,1,0,0,3,30,30,1,1,12,2,5,0,1
1,0,0,27.37,1,0,0,1,0,0,1,0,0,3,30,2,0,2,10,6,6,0,1
1,1,0,36.84,0,0,0,0,0,0,1,0,0,4,30,30,1,2,10,4,2,0,1
1,1,0,33.91,1,0,0,1,0,0,0,0,0,2,30,30,0,1,12,6,6,0,1
1,1,0,28.34,0,0,0,1,0,0,1,0,0,3,30,30,0,2,12,4,6,0,1
1,1,0,25.77,1,0,0,1,0,0,1,0,0,2,30,30,0,1,11,4,6,0,1
1,0,0,31.46,0,0,0,1,0,0,1,0,0,3,30,30,0,1,10,6,6,0,1
1,1,0,34.21,1,0,0,0,0,0,1,0,0,3,2,30,1,2,10,4,2,0,1
1,1,0,28.48,1,0,0,1,0,0,1,0,0,2,30,30,0,1,10,5,11,0,1
1,0,0,27.4,0,0,0,1,0,0,1,0,0,3,30,30,0,2,11,5,6,0,1
1,0,0,27.4,0,0,0,1,0,0,1,0,0,2,30,30,0,1,14,2,6,0,1
1,1,0,27.4,0,0,0,1,0,0,1,0,0,3,30,30,0,1,14,6,6,0,1
1,1,0,32.08,0,0,0,1,0,0,1,0,0,3,30,30,0,1,12,6,11,0,1
1,1,0,37.97,0,0,0,1,0,0,1,0,0,4,30,15,0,1,5,5,6,0,1
1,1,0,31.75,0,0,0,1,0,0,1,0,0,3,30,5,0,2,10,4,3,0,1
1,1,0,40.25,0,0,0,1,0,0,1,0,0,3,10,30,0,1,10,5,6,0,1
1,1,0,38.01,1,0,0,1,0,0,1,0,0,3,30,30,1,1,10,4,10,0,1
1,1,0,27.4,0,0,0,1,0,0,1,0,0,3,30,30,0,1,10,6,6,0,1
1,0,0,36.92,0,0,0,1,0,0,1,0,0,3,30,29,0,1,10,5,6,0,1
1,1,0,33.91,1,1,1,0,0,0,1,0,0,4,15,15,1,1,10,4,6,0,1
1,1,0,41.0,1,0,0,0,0,0,1,0,0,4,30,30,1,2,10,4,4,0,1
1,1,0,24.21,0,0,0,1,0,0,1,0,0,2,30,3,0,2,10,6,6,0,1
1,1,0,32.78,1,1,0,1,0,0,1,0,0,5,30,30,1,1,10,4,5,0,1
1,1,0,35.73,0,0,0,1,0,0,1,0,0,3,30,2,0,2,10,5,6,0,1
1,0,0,24.28,1,0,0,1,0,0,1,0,0,1,30,30,0,1,10,6,6,0,1
1,1,0,27.26,0,0,0,1,0,0,1,0,0,2,30,30,0,1,10,6,6,0,1
1,1,0,30.67,0,1,0,1,0,0,1,0,1,3,30,30,0,2,10,6,6,0,1
1,0,0,36.58,0,0,0,1,0,0,1,0,0,3,30,30,0,2,13,6,5,0,1
1,0,0,34.97,0,0,0,1,0,0,1,0,0,3,30,30,0,1,10,6,6,0,1
1,1,0,53.75,0,0,0,0,0,0,1,0,0,3,30,30,0,1,10,6,5,0,1
1,0,0,29.68,0,0,0,1,0,0,1,0,0,3,30,2,0,1,10,5,6,0,1
1,1,0,33.91,0,0,0,0,0,0,1,0,0,3,30,30,0,1,10,5,6,0,1
1,1,0,28.7,0,0,0,1,0,0,1,0,0,2,30,30,0,1,10,6,6,0,1
1,0,0,32.1,0,1,1,0,0,0,1,0,1,5,30,10,1,1,10,4,4,0,1
1,0,0,30.04,0,0,0,0,0,0,1,0,0,4,30,20,1,2,13,5,4,0,1
1,1,0,31.32,1,0,0,1,0,0,1,0,0,3,30,30,0,1,6,5,6,0,1
1,1,0,31.32,0,0,1,1,0,0,1,0,0,4,1,30,1,2,12,6,6,0,1
1,1,0,46.81,0,0,0,0,0,0,1,0,0,5,1,30,1,2,10,6,6,0,1
1,1,0,30.85,1,0,0,0,0,0,1,0,0,3,30,30,0,2,11,6,6,0,1
1,1,0,28.7,1,0,0,1,0,0,1,0,0,5,30,30,0,1,13,4,6,0,1
1,1,0,29.03,0,0,0,1,0,0,1,0,0,2,30,30,0,1,10,6,6,0,1
1,1,0,27.46,1,0,0,0,0,0,1,0,0,3,30,30,0,2,10,6,6,0,1
1,1,0,39.87,0,0,0,0,0,0,1,0,1,5,30,30,1,1,10,6,1,0,1
1,1,0,27.4,0,0,0,1,0,0,1,0,0,3,30,30,0,2,14,4,6,0,1
1,1,0,27.4,1,0,0,1,0,0,1,0,0,2,30,30,0,2,10,6,6,0,1
1,1,0,44.39,1,0,0,1,0,0,1,0,0,3,5,30,1,2,10,4,1,0,1
1,1,0,34.16,0,0,0,1,0,0,1,0,0,3,30,2,0,2,10,5,6,0,1
1,0,0,27.4,0,0,0,0,0,0,1,0,0,2,30,30,0,2,14,4,6,0,1
1,1,0,27.4,0,0,1,1,0,0,1,0,0,3,30,30,0,2,13,5,6,0,1
1,0,0,24.89,0,1,0,1,0,0,1,0,0,4,30,30,0,2,10,6,6,0,1
1,1,0,36.58,0,0,0,1,0,0,1,0,0,3,30,30,1,2,10,5,6,0,1
1,1,0,32.08,0,0,0,1,0,0,1,0,0,2,30,30,0,1,10,6,11,0,1
1,1,0,60.08,0,0,0,0,0,0,1,0,0,4,10,2,1,2,10,4,2,0,1
1,0,0,31.64,1,0,0,0,0,0,1,0,0,2,30,30,0,2,10,3,6,0,1
1,0,0,43.05,0,0,0,1,0,0,1,0,0,2,30,2,0,2,10,5,5,0,1
1,1,0,38.69,1,0,0,0,0,0,1,0,0,4,30,30,1,1,10,5,5,0,1
1,1,0,39.75,1,0,1,0,0,0,1,0,0,5,30,30,1,1,10,3,6,0,1
1,1,0,35.9,0,0,0,1,0,0,1,0,0,3,30,30,1,2,10,5,6,0,1
1,0,0,29.13,1,0,1,1,0,0,1,0,0,2,30,5,0,1,11,6,6,0,1
1,1,0,26.15,1,1,0,0,0,0,1,0,0,4,6,30,1,2,11,4,5,0,1
1,1,0,37.59,0,0,0,0,0,0,1,0,0,4,20,20,0,2,10,4,6,0,1
1,0,0,27.4,0,0,0,0,0,0,1,0,0,2,30,30,1,2,10,4,6,0,1
1,1,0,27.4,1,0,0,1,0,0,1,0,0,3,30,30,0,2,10,4,6,0,1
1,1,0,34.3,1,0,0,1,0,0,1,0,0,4,30,30,0,1,11,4,6,0,1
1,1,0,42.83,1,0,0,0,0,0,1,0,0,4,10,15,1,1,6,6,1,0,1
1,0,0,31.57,1,0,0,0,0,0,1,0,0,4,30,30,1,2,10,4,6,0,1
1,1,0,27.06,1,0,0,0,0,0,1,0,0,5,30,30,1,1,12,5,2,0,1
1,0,0,40.72,1,1,1,0,0,0,1,0,0,4,30,30,1,1,10,3,1,0,1
1,0,0,37.49,1,0,0,1,0,0,1,0,0,2,28,30,0,1,10,4,6,0,1
1,1,0,35.56,0,0,0,0,0,0,1,0,0,3,30,30,1,1,10,3,2,0,1
1,1,0,35.67,0,0,0,1,0,0,1,0,0,3,30,30,0,2,10,6,6,0,1
1,1,0,33.91,1,0,0,0,0,0,1,0,0,5,4,30,1,1,10,4,6,0,1
1,1,0,27.98,0,0,0,0,0,0,1,0,0,1,30,30,0,1,11,6,6,0,1
1,0,0,36.76,0,0,0,1,0,0,1,0,0,3,30,30,0,2,5,5,6,0,1
1,0,0,42.29,1,0,0,0,0,0,1,0,0,5,30,15,1,1,10,5,6,0,1
1,1,0,33.91,1,0,0,1,0,0,1,0,0,5,30,30,1,1,10,4,6,0,1
1,0,0,27.4,0,0,0,0,0,0,1,0,0,4,30,2,1,1,10,5,5,0,1
1,1,0,27.26,1,0,0,1,0,0,1,0,0,2,30,30,0,2,10,6,6,0,1
1,0,0,24.21,0,0,0,1,0,0,1,0,0,3,30,30,0,2,13,4,6,0,1
1,0,0,25.1,1,0,0,1,0,0,1,0,0,3,30,30,0,1,13,4,6,0,1
1,1,0,32.69,0,1,0,0,0,0,1,0,0,5,30,30,1,1,13,3,6,0,1
1,0,0,42.77,0,0,0,1,0,0,1,0,1,4,14,30,0,2,3,6,6,0,1
1,0,0,28.27,1,0,0,1,0,0,1,0,0,2,30,30,0,1,10,6,6,0,1
1,1,0,31.14,1,0,1,0,0,0,1,0,0,3,30,30,0,1,10,4,5,0,1
1,1,0,35.73,0,0,1,1,0,0,1,0,0,4,30,20,1,1,10,4,6,0,1
1,1,0,27.46,0,0,0,1,0,0,1,0,0,3,30,30,0,2,10,4,10,0,1
1,0,0,22.81,0,0,0,1,0,0,1,0,0,3,30,30,0,1,13,6,6,0,1
1,1,0,25.75,0,0,0,1,0,0,1,0,0,2,30,30,0,2,12,5,6,0,1
1,1,0,27.12,1,0,0,1,0,0,1,0,0,3,30,30,0,2,12,6,6,0,1
1,1,0,27.4,0,0,0,1,0,0,1,0,1,3,30,30,0,1,11,2,6,0,1
1,1,0,30.41,0,0,0,1,0,0,1,0,0,3,30,30,0,2,10,4,6,0,1
1,0,0,30.67,1,0,0,1,0,0,1,0,0,3,30,30,0,2,13,6,6,0,1
1,1,0,28.66,0,0,0,1,0,0,1,0,0,2,30,30,0,1,12,5,6,0,1
1,0,0,28.75,1,0,1,0,0,0,1,0,0,3,30,15,1,1,12,6,2,0,1
1,0,0,45.73,0,0,0,0,0,0,1,0,0,2,30,30,0,2,11,5,6,0,1
1,1,0,28.5,1,0,1,0,0,0,1,0,0,4,30,30,1,2,12,4,5,0,1
1,1,0,31.64,0,0,0,1,0,0,1,0,0,2,30,30,0,2,6,6,6,0,1
1,0,0,43.05,1,0,0,0,0,0,1,0,0,2,30,30,1,1,10,5,5,0,1
1,1,0,28.25,1,0,1,0,0,0,1,0,0,4,30,25,1,1,10,5,4,0,1
1,0,0,29.76,0,0,0,0,0,0,1,0,0,3,30,30,0,1,11,6,6,0,1
1,1,0,33.23,0,1,0,1,0,0,1,0,0,2,30,30,0,1,12,6,6,0,1
1,0,0,22.74,0,0,0,0,0,0,1,0,0,2,30,30,0,2,10,6,6,0,1
1,1,0,29.12,0,0,0,1,0,0,1,0,0,3,30,30,0,2,11,6,6,0,1
1,0,0,27.98,0,0,0,1,0,0,1,0,0,2,30,30,0,1,10,3,6,0,1
1,1,0,29.57,0,0,0,1,0,0,1,0,0,4,30,15,1,1,12,5,6,0,1
1,1,0,27.4,1,0,0,0,0,0,1,0,0,5,20,30,1,1,10,4,6,0,1
1,0,0,41.76,0,0,0,0,0,0,1,0,0,4,30,30,1,2,10,4,6,0,1
1,0,0,35.43,1,0,0,0,0,0,1,0,0,4,30,30,0,2,11,3,2,0,1
1,1,0,25.0,0,0,0,1,0,0,1,0,0,4,30,2,0,1,11,6,6,0,1
1,1,0,28.29,0,0,0,1,0,0,1,0,1,3,30,30,1,2,11,4,6,0,1
1,0,0,27.4,0,0,0,0,0,0,1,0,0,3,30,30,1,2,13,5,6,0,1
1,0,0,28.48,0,0,0,1,0,0,1,0,0,3,30,30,0,2,10,4,6,0,1
1,1,0,47.47,1,0,0,1,0,0,1,0,0,3,30,15,0,1,10,5,6,0,1
1,1,0,31.09,0,0,0,1,0,0,1,0,0,3,3,30,0,2,4,6,6,0,1
1,0,0,23.4,1,0,0,0,0,0,1,0,0,4,30,30,0,1,13,6,6,0,1
1,0,0,29.84,0,0,0,1,0,0,1,0,0,2,2,30,0,1,10,6,6,0,1
1,0,0,27.4,0,0,0,1,0,0,1,0,0,3,30,2,0,2,4,4,6,0,1
1,1,0,23.72,0,0,0,0,0,0,1,0,0,2,30,30,0,2,10,5,6,0,1
1,0,0,25.39,0,0,0,1,0,0,1,0,0,4,30,4,1,1,11,5,6,0,1
1,0,0,28.19,0,0,0,1,0,0,1,0,0,3,30,30,0,2,11,5,5,0,1
1,1,0,48.26,0,0,1,1,0,0,1,0,0,4,6,30,1,1,10,5,6,0,1
1,1,0,31.18,1,0,1,0,0,0,0,0,0,5,30,30,1,2,10,5,6,0,1
1,0,0,27.4,0,0,0,0,0,0,1,0,0,2,30,30,0,1,10,4,6,0,1
1,1,0,28.34,0,1,1,0,0,0,1,0,0,5,15,20,1,2,10,2,6,0,1
1,1,0,41.81,0,0,0,1,0,0,1,0,0,4,2,30,0,2,10,6,6,0,1
1,0,0,25.24,0,0,0,0,0,0,1,0,0,3,30,30,0,2,10,3,4,0,1
1,0,0,37.5,0,0,0,1,0,0,1,0,0,1,30,30,0,1,10,5,6,0,1
1,1,0,22.71,1,0,0,0,0,0,1,0,0,3,30,30,0,2,11,5,6,0,1
1,0,0,27.4,0,0,0,1,0,0,1,0,0,2,30,30,0,1,10,5,6,0,1
1,1,0,30.34,1,1,0,0,0,0,1,0,0,4,30,30,1,2,10,4,6,0,1
1,0,0,30.34,1,0,0,1,0,0,1,0,0,2,30,30,0,1,10,4,6,0,1
1,0,0,43.05,1,0,0,1,0,0,1,0,0,3,30,30,0,1,11,5,5,0,1
1,0,0,25.07,0,0,0,0,0,0,1,0,0,3,30,5,0,1,11,6,6,0,1
1,1,0,22.46,0,0,0,0,0,0,1,0,0,5,30,30,1,1,11,4,6,0,1
1,0,0,30.04,0,0,0,0,0,0,1,0,0,3,30,30,0,1,10,6,6,0,1
1,1,0,27.4,1,0,0,1,0,0,1,0,0,3,30,30,1,2,11,5,6,0,1
1,1,0,27.73,1,0,0,0,0,0,1,0,0,5,30,10,1,2,12,6,6,0,1
1,1,0,40.69,1,0,0,1,0,0,1,0,0,4,30,30,0,1,10,4,6,0,1
1,1,0,35.15,1,0,1,1,0,0,1,0,0,5,4,4,0,1,6,5,5,0,1
1,1,0,23.4,0,0,0,1,0,0,1,0,0,3,30,30,0,2,12,6,6,0,1
1,0,0,35.94,1,0,0,0,0,0,1,0,0,4,30,30,0,1,12,4,6,0,1
1,1,0,42.07,1,0,0,0,0,0,1,0,0,2,30,30,1,2,12,6,6,0,1
1,0,0,42.51,0,0,0,0,0,0,1,0,0,4,30,30,1,2,10,5,6,0,1
1,0,0,40.35,0,0,0,1,0,0,1,0,0,4,3,30,0,2,10,4,6,0,1
1,0,0,38.36,0,0,0,0,0,0,1,0,0,4,30,5,1,2,13,4,6,0,1
1,1,0,36.32,0,0,0,1,0,0,1,0,0,3,10,15,0,2,10,5,6,0,1
1,1,0,36.94,1,0,1,0,0,0,1,0,0,5,30,30,0,1,10,6,5,0,1
1,1,0,24.21,0,0,1,0,0,0,1,0,0,3,30,30,0,1,12,6,6,0,1
1,0,0,39.48,0,0,0,0,0,0,1,0,0,4,30,30,0,2,6,2,1,0,1
1,0,0,26.63,1,0,0,1,0,0,1,0,0,2,30,30,0,2,12,4,6,0,1
1,1,0,27.4,0,0,0,1,0,0,1,0,0,2,30,30,0,1,10,6,6,0,1
1,1,0,36.92,1,0,0,0,0,0,1,0,1,5,25,25,1,2,10,5,3,0,1
1,1,0,35.19,0,0,0,1,0,0,1,0,0,3,15,30,0,2,10,6,6,0,1
1,1,0,21.52,0,0,0,1,0,0,1,0,0,2,30,30,0,1,10,6,11,0,1
1,1,0,27.41,0,0,0,1,0,0,1,0,0,3,30,30,0,2,12,6,6,0,1
1,0,0,33.01,0,0,0,0,0,0,1,0,0,3,30,30,0,2,10,2,6,0,1
1,1,0,23.23,1,0,0,0,0,0,1,0,0,2,30,30,0,2,12,6,6,0,1
1,1,0,27.4,0,0,0,1,0,0,1,0,0,3,30,30,0,1,12,6,6,0,1
1,0,0,29.53,1,0,0,1,0,0,1,0,0,3,30,30,0,1,10,4,6,0,1
1,1,0,25.09,0,0,0,1,0,0,1,0,0,1,30,30,0,1,10,6,6,0,1
1,0,0,29.05,0,0,0,1,0,0,1,0,0,3,30,30,1,2,13,4,3,0,1
1,1,0,27.4,0,0,0,1,0,0,1,0,0,4,2,30,0,2,6,6,6,0,1
1,1,0,31.09,1,0,1,0,0,0,1,0,0,2,30,30,1,2,13,4,3,0,1
1,1,0,29.99,0,0,0,1,0,0,1,0,0,3,30,30,0,1,11,6,6,0,1
1,0,0,27.4,0,0,0,0,0,0,1,0,0,3,30,30,0,2,13,6,6,0,1
1,0,0,28.73,0,0,0,1,0,0,1,0,0,4,30,30,0,2,10,3,3,0,1
1,1,0,28.13,0,0,0,1,0,0,1,0,0,2,30,30,0,1,10,6,10,0,1
1,1,0,33.91,0,0,0,1,0,0,1,0,0,3,30,30,0,1,10,6,6,0,1
1,1,0,34.54,1,1,0,1,0,0,1,0,0,5,20,20,1,2,10,4,4,0,1
1,0,0,27.2,0,0,0,1,0,0,1,0,0,2,30,30,0,1,13,3,6,0,1
1,1,0,37.76,0,0,0,1,0,0,1,0,0,3,30,30,0,2,10,5,6,0,1
1,0,0,30.11,0,0,0,1,0,0,1,0,0,3,30,30,0,2,10,4,6,0,1
1,0,0,27.4,1,0,0,0,0,0,1,0,0,4,30,30,1,2,10,5,6,0,1
1,0,0,35.0,0,0,0,1,0,0,1,0,0,3,30,30,0,1,13,5,6,0,1
1,1,0,31.25,0,0,0,1,0,0,1,0,0,4,10,30,0,1,10,6,6,0,1
1,1,0,32.12,0,0,0,1,0,0,1,0,0,4,30,30,0,2,11,4,6,0,1
1,0,0,23.13,0,0,0,1,0,0,1,0,0,2,30,30,0,1,14,6,6,0,1
1,1,0,27.4,0,0,0,1,0,0,1,0,0,3,30,30,0,2,10,4,6,0,1
1,1,0,37.5,1,0,1,0,0,0,1,0,0,3,30,30,1,1,11,4,6,0,1
1,1,0,31.09,0,0,0,1,0,0,1,0,0,4,4,3,0,2,10,4,6,0,1
1,1,0,32.92,0,0,0,1,0,0,1,0,0,4,30,2,0,2,10,4,5,0,1
1,0,0,30.41,0,0,0,1,0,0,1,0,0,2,30,30,0,1,10,6,6,0,1
1,1,0,30.13,1,0,0,1,0,0,1,0,0,3,30,2,0,1,10,5,6,0,1
1,1,0,30.9,0,1,1,1,0,0,1,0,0,4,30,30,1,2,12,5,5,0,1
1,1,0,30.81,1,0,1,0,0,0,1,0,0,3,30,30,0,1,10,6,6,0,1
1,0,0,29.41,0,0,0,0,0,0,1,0,0,1,30,30,1,1,12,6,6,0,1
1,1,0,26.47,0,0,0,1,0,0,1,0,0,2,30,30,0,2,11,6,6,0,1
1,0,0,27.4,0,0,0,1,0,0,1,0,0,3,30,30,0,2,11,5,6,0,1
1,1,0,20.92,1,0,0,1,0,0,1,0,0,2,30,2,0,1,10,5,6,0,1
1,1,0,30.94,1,0,0,1,0,0,1,0,0,1,30,30,0,1,10,6,11,0,1
1,0,0,31.32,1,0,0,0,0,0,1,0,0,3,30,30,0,1,13,6,6,0,1
1,1,0,24.86,0,0,0,1,0,0,1,0,0,3,30,30,0,2,12,4,6,0,1
1,1,0,35.78,1,0,0,1,0,0,1,0,0,3,30,30,0,2,10,6,6,0,1
1,0,0,28.13,0,0,0,0,0,0,1,0,0,3,30,30,0,2,11,6,6,0,1
1,1,0,25.15,0,0,0,1,0,0,1,0,0,3,30,30,0,2,11,6,6,0,1
1,0,0,39.0,0,0,0,1,0,0,1,0,0,2,30,30,0,1,10,4,6,0,1
1,0,0,30.27,1,0,0,1,0,0,1,0,0,3,30,30,1,1,13,6,6,0,1
1,1,0,26.5,1,0,1,1,0,0,1,0,0,4,30,30,0,1,10,5,6,0,1
1,0,0,27.4,0,0,0,0,0,0,1,0,0,2,30,30,0,2,14,5,6,0,1
1,1,0,27.4,1,0,0,0,0,0,1,0,0,3,30,30,0,2,10,6,6,0,1
1,1,0,27.99,0,0,0,0,0,0,1,0,0,3,30,30,0,1,10,4,6,0,1
1,1,0,27.4,0,0,0,0,0,0,1,0,0,5,20,30,0,2,12,5,6,0,1
1,0,0,40.69,0,0,0,0,0,0,1,0,0,3,30,30,0,2,10,2,6,0,1
1,0,0,27.4,0,0,0,1,0,0,1,0,0,1,2,30,0,2,14,6,6,0,1
1,1,0,32.08,0,1,1,1,0,0,1,0,0,3,30,30,0,1,12,6,6,0,1
1,0,0,26.96,0,0,0,0,0,0,1,0,0,4,30,2,1,2,13,4,4,0,1
1,1,0,34.75,0,0,0,0,0,0,1,0,0,4,30,30,1,2,12,4,5,0,1
1,1,0,29.53,0,0,0,1,0,0,1,0,0,3,5,5,1,1,10,5,6,0,1
1,0,0,32.28,0,0,0,1,0,0,1,0,0,2,30,30,0,2,10,5,6,0,1
1,0,0,27.4,0,0,0,1,0,0,1,0,0,3,10,2,0,2,10,6,6,0,1
1,0,0,35.55,1,0,0,0,0,0,1,0,0,4,30,5,1,1,11,6,6,0,1
1,0,0,29.76,1,0,0,0,0,0,1,0,0,5,1,30,0,1,12,3,6,0,1
1,1,0,31.93,0,0,0,1,0,0,1,0,0,3,30,30,0,1,10,6,6,0,1
1,0,0,27.32,0,0,0,1,0,0,1,0,0,3,30,30,0,1,10,6,6,0,1
1,0,0,29.65,1,0,0,1,0,0,1,0,0,2,30,30,0,1,10,6,6,0,1
1,0,0,27.73,0,0,0,0,0,0,1,0,0,5,30,30,1,2,12,4,6,0,1
1,0,0,27.4,0,0,0,1,0,0,1,0,0,5,30,30,0,1,12,2,6,0,1
1,1,0,27.4,0,0,0,1,0,0,1,0,0,2,30,30,0,2,10,5,4,0,1
1,1,0,28.06,0,0,0,1,0,0,1,0,0,2,30,30,0,1,10,4,6,0,1
1,1,0,28.29,1,0,0,1,0,0,1,0,0,3,30,30,0,1,10,5,6,0,1
1,1,0,30.72,1,0,0,0,0,0,1,0,0,4,30,10,1,1,11,4,5,0,1
1,1,0,39.16,1,0,0,1,0,0,1,0,0,2,30,2,0,1,10,6,6,0,1
1,1,0,32.98,1,0,0,1,0,0,1,0,1,4,30,30,0,1,5,4,6,0,1
1,0,0,38.65,0,0,0,1,0,0,1,0,0,3,30,30,0,1,10,4,6,0,1
1,0,0,31.89,1,0,0,0,0,0,1,0,0,5,30,30,1,2,10,4,5,0,1
1,0,0,33.66,0,0,0,1,0,0,1,0,0,2,30,30,0,2,13,6,6,0,1
1,1,0,36.49,1,0,0,1,0,0,1,0,0,3,30,30,0,1,10,5,6,0,1
1,1,0,32.92,0,0,0,0,0,0,1,0,0,4,5,30,0,2,12,4,5,0,1
1,1,0,27.4,0,0,0,0,0,0,1,0,0,5,15,30,1,2,10,2,6,0,1
1,1,0,31.47,0,1,0,1,0,0,1,0,0,3,30,30,0,1,10,6,10,0,1
1,1,0,28.89,0,0,1,0,0,0,1,0,0,5,30,30,1,2,11,5,6,0,1
1,1,0,28.13,1,0,0,1,0,0,1,0,0,4,30,30,1,1,13,4,6,0,1
1,1,0,40.34,1,0,0,1,0,0,1,0,0,4,4,10,1,1,10,5,5,0,1
1,1,0,29.05,0,0,0,1,0,0,1,0,0,3,30,30,0,1,10,5,5,0,1
1,1,0,27.4,0,0,0,1,0,0,1,0,0,3,30,30,0,1,14,6,6,0,1
1,1,0,40.18,0,1,0,1,0,0,1,0,1,4,1,4,1,1,12,5,6,0,1
1,0,0,27.4,0,1,0,1,0,0,1,0,1,4,30,30,1,2,10,3,6,0,1
1,1,0,36.73,1,0,1,0,0,0,1,0,0,5,30,30,1,2,12,5,5,0,1
1,0,0,27.4,0,0,0,1,0,0,1,0,0,4,30,30,0,2,13,6,6,0,1
1,1,0,20.53,0,0,0,1,0,0,1,0,0,2,30,30,0,2,6,5,6,0,1
1,0,0,35.15,0,0,0,1,0,0,1,0,0,3,30,30,0,1,10,4,6,0,1
1,1,0,38.27,1,0,0,1,0,0,1,0,0,3,30,30,1,2,11,6,6,0,1
1,1,0,27.55,1,1,1,0,0,0,1,0,0,5,30,30,1,1,10,5,2,0,1
1,1,0,33.91,1,0,0,1,0,0,1,0,0,3,30,30,0,1,11,6,6,0,1
1,0,0,27.46,0,0,0,1,0,0,1,0,0,3,30,30,0,2,10,6,6,0,1
1,1,0,34.3,0,0,0,1,0,0,1,0,0,4,30,30,0,1,10,5,6,0,1
1,1,0,29.95,0,0,0,1,0,0,1,0,0,3,30,30,0,2,10,5,6,0,1
1,1,0,32.27,0,0,0,0,0,0,1,0,0,1,30,30,0,2,10,5,5,0,1
1,0,0,30.7,1,0,0,0,0,0,1,0,0,3,30,30,1,2,13,4,6,0,1
1,1,0,23.63,1,0,0,0,0,0,1,0,0,5,21,21,1,1,10,3,1,0,1
1,1,0,36.56,1,0,0,0,0,0,1,0,0,3,30,30,0,2,10,5,5,0,1
1,1,0,36.02,0,0,0,1,0,0,1,0,0,3,30,2,0,2,10,4,6,0,1
1,1,0,32.92,1,0,0,0,0,0,1,0,1,4,3,30,1,2,10,5,6,0,1
1,1,0,27.17,1,0,0,1,0,0,1,0,0,3,30,30,0,1,10,4,6,0,1
1,1,0,44.21,1,0,0,0,0,0,1,0,0,3,20,30,1,1,10,5,6,0,1
1,0,0,36.59,1,0,0,0,0,0,1,0,0,4,20,10,0,1,10,2,10,0,1
1,0,0,27.4,1,0,0,0,0,0,1,0,0,3,30,30,0,2,10,5,5,0,1
1,1,0,33.28,1,0,0,0,0,0,1,0,0,4,30,30,1,2,12,3,6,0,1
1,1,0,36.49,0,0,0,1,0,0,1,0,0,2,30,30,0,2,10,6,6,0,1
1,1,0,28.03,0,0,0,1,0,0,1,0,0,2,30,30,0,1,11,6,6,0,1
1,1,0,30.99,1,0,0,1,0,0,1,0,0,3,30,30,0,2,10,6,6,0,1
1,0,0,39.48,0,0,0,1,0,0,1,0,0,3,30,30,0,2,10,6,6,0,1
1,0,0,29.5,0,0,0,1,0,0,1,0,0,3,30,30,0,1,6,6,6,0,1
1,1,0,25.04,0,0,0,1,0,0,1,0,0,1,30,30,0,1,13,6,6,0,1
1,0,0,26.88,0,0,0,0,0,0,1,0,0,3,30,30,0,2,10,4,6,0,1
1,1,0,27.4,0,0,0,1,0,0,1,0,0,2,30,30,0,2,12,6,6,0,1
1,1,0,35.51,1,0,0,0,0,0,1,0,0,4,30,30,1,2,10,5,6,0,1
1,1,0,49.92,1,0,0,0,0,0,1,0,1,4,30,3,1,2,10,4,4,0,1
1,1,0,35.88,1,0,0,1,0,0,1,0,0,5,20,30,1,1,10,6,4,0,1
1,1,0,22.14,0,0,0,1,0,0,1,0,0,2,30,30,0,2,13,5,6,0,1
1,1,0,31.57,1,1,0,1,0,0,1,0,0,2,30,12,0,1,10,5,6,0,1
1,0,0,23.49,0,0,0,1,0,0,1,0,0,2,30,30,0,1,10,6,11,0,1
1,1,0,33.0,1,0,0,1,0,0,1,0,0,2,30,30,0,1,10,4,6,0,1
1,0,0,39.05,1,0,0,0,0,0,1,0,0,5,30,30,1,1,10,4,3,0,1
1,0,0,25.02,0,0,0,1,0,0,1,0,0,2,30,30,0,2,10,4,6,0,1
1,0,0,27.4,0,0,0,1,0,0,1,0,0,3,30,30,0,2,10,6,10,0,1
1,1,0,53.41,1,0,0,1,0,0,1,0,0,4,30,30,1,1,11,6,6,0,1
1,1,0,27.4,0,0,0,1,0,0,1,0,0,2,2,30,0,2,10,6,6,0,1
1,0,0,33.25,1,0,0,1,0,0,1,0,0,3,30,30,0,1,10,6,6,0,1
1,0,0,25.4,0,0,0,1,0,0,1,0,0,4,5,30,0,2,6,2,6,0,1
1,1,0,26.63,1,0,1,1,0,0,1,0,0,4,20,30,1,1,13,6,4,0,1
1,1,0,30.23,0,0,0,1,0,0,1,0,0,2,30,30,0,2,10,6,6,0,1
1,1,0,38.39,1,0,0,1,0,0,1,0,0,3,20,15,0,2,10,6,6,0,1
1,1,0,33.23,1,0,0,1,0,0,1,0,0,3,30,30,0,1,10,5,6,0,1
1,0,0,30.41,0,0,0,0,0,0,1,0,0,3,30,30,0,1,10,4,6,0,1
1,0,0,27.4,0,0,0,0,0,0,1,0,0,2,30,30,0,2,10,4,5,0,1
1,1,0,33.47,1,0,0,1,0,0,1,0,0,3,30,30,0,1,10,4,5,0,1
1,0,0,24.39,0,0,0,1,0,0,1,0,0,3,30,30,1,1,13,6,6,0,1
1,0,0,27.4,0,0,0,1,0,0,1,0,0,2,30,30,0,1,10,5,6,0,1
1,0,0,43.4,0,0,0,1,0,0,1,0,0,2,30,30,0,1,10,6,6,0,1
1,1,0,27.4,1,0,0,0,0,0,1,0,0,3,3,30,1,2,12,4,2,0,1
1,1,0,27.4,1,0,0,1,0,0,1,0,0,3,30,30,0,2,10,4,2,0,1
1,0,0,27.4,0,0,0,1,0,0,1,0,0,4,30,30,0,2,13,6,6,0,1
1,1,0,27.4,1,0,0,0,0,0,1,0,0,5,30,30,1,2,10,2,3,0,1
1,0,0,34.11,1,0,0,0,0,0,1,0,0,4,15,30,0,1,10,2,6,0,1
1,0,0,34.33,0,0,0,0,0,0,1,0,0,3,30,30,0,2,11,6,6,0,1
1,0,0,25.1,0,0,1,1,0,0,1,0,0,4,30,30,1,1,13,4,5,0,1
1,1,0,33.13,0,0,0,0,0,0,1,0,0,4,15,10,0,1,10,2,4,0,1
1,1,0,36.58,1,0,0,1,0,0,1,0,0,5,30,30,1,2,13,4,5,0,1
1,1,0,28.8,1,1,0,0,0,0,1,0,0,4,30,30,1,1,10,4,6,0,1
1,1,0,24.89,0,0,0,1,0,0,1,0,0,3,30,30,1,2,12,6,5,0,1
1,0,0,29.45,0,0,0,1,0,0,1,0,0,3,30,30,0,2,10,6,6,0,1
1,1,0,31.89,1,0,1,1,0,0,1,0,0,3,3,4,0,2,10,5,6,0,1
1,1,0,38.37,1,0,0,1,0,0,1,0,0,4,30,15,0,2,10,5,6,0,1
1,0,0,29.75,0,0,0,1,0,0,1,0,0,3,30,1,0,1,10,6,6,0,1
1,0,0,31.89,0,0,0,1,0,0,1,0,0,3,30,2,0,2,10,4,4,0,1
1,1,0,32.55,0,0,0,1,0,0,1,0,0,1,30,30,0,1,10,6,6,0,1
1,0,1,28.48,1,0,1,1,0,0,1,0,0,4,30,30,1,1,12,5,6,0,1
1,1,0,31.89,0,0,0,1,0,0,1,0,0,2,30,30,0,2,11,6,6,0,1
1,1,0,46.34,1,0,1,0,0,0,1,0,0,5,14,30,1,2,13,4,1,0,1
1,1,0,28.48,1,0,0,1,0,0,1,0,0,3,30,30,0,1,10,6,10,0,1
1,1,0,31.53,0,0,0,1,0,0,1,0,0,3,30,10,0,1,11,4,5,0,1
1,1,0,32.55,0,0,0,1,0,0,1,0,0,2,30,30,0,1,10,5,6,0,1
1,1,0,30.23,0,0,0,1,0,0,1,0,0,2,30,30,0,2,10,6,6,0,1
1,0,0,23.57,0,0,0,1,0,0,1,0,0,3,30,30,0,1,10,6,5,0,1
1,1,0,29.86,1,0,0,1,0,0,1,0,0,2,30,30,0,1,11,5,6,0,1
1,1,0,37.59,1,0,0,1,0,0,1,0,0,3,30,30,0,1,10,6,6,0,1
1,0,0,30.13,0,0,0,1,0,0,1,0,0,3,30,30,0,1,10,6,10,0,1
1,1,0,27.4,0,0,0,1,0,0,1,0,0,3,30,30,0,1,10,4,6,0,1
1,1,0,23.57,1,1,1,0,0,0,1,0,0,5,30,30,1,1,11,4,5,0,1
1,1,0,34.58,1,0,0,1,0,0,1,0,0,4,30,30,0,1,10,6,6,0,1
1,1,0,36.52,1,0,0,0,0,0,1,0,0,2,30,30,0,1,10,4,6,0,1
1,0,0,27.4,0,0,0,0,0,0,1,0,0,4,30,30,0,1,10,4,6,0,1
1,1,0,34.54,1,0,1,0,0,0,1,0,0,5,30,30,1,2,13,3,5,0,1
1,1,0,17.75,0,0,0,1,0,0,1,0,0,3,30,30,0,1,10,5,6,0,1
1,0,0,33.91,1,0,0,1,0,0,1,0,0,3,30,30,0,1,11,5,6,0,1
1,0,0,29.95,0,0,0,0,0,0,1,0,0,3,30,30,0,1,10,6,6,0,1
1,1,0,33.2,1,0,0,1,0,0,1,0,0,3,30,30,0,1,10,5,6,0,1
1,0,0,27.4,0,0,0,1,0,0,1,0,0,2,30,30,0,2,11,6,6,0,1
1,1,0,27.4,0,0,0,1,0,0,1,0,0,3,28,30,0,2,10,5,6,0,1
1,1,0,33.84,0,0,0,1,0,0,1,0,0,4,1,5,1,2,10,4,4,0,1
1,0,0,33.33,0,0,0,0,0,0,1,0,0,5,30,10,1,2,12,2,5,0,1
1,0,0,37.8,1,0,0,0,0,0,1,0,0,3,30,30,1,2,10,4,1,0,1
1,1,0,33.28,1,0,0,1,0,0,1,0,0,4,30,30,1,2,10,5,6,0,1
1,1,0,31.93,0,0,0,0,0,0,1,0,0,3,30,30,0,1,10,4,6,0,1
1,0,0,25.1,1,0,0,0,0,0,1,0,0,3,30,30,0,1,10,4,6,0,1
1,0,0,33.0,0,0,0,1,0,0,1,0,0,2,30,30,0,1,10,6,6,0,1
1,1,0,29.82,0,0,0,0,0,0,1,0,0,5,20,27,1,1,10,4,5,0,1
1,0,0,27.46,0,0,0,1,0,0,1,0,0,2,30,30,0,2,13,5,6,0,1
1,0,0,27.4,1,0,0,1,0,0,1,0,0,3,30,30,0,2,12,5,6,0,1
1,1,0,33.96,0,0,0,1,0,0,1,0,0,4,30,30,1,1,11,4,3,0,1
1,1,0,37.79,0,0,0,0,0,0,1,0,0,5,30,25,1,2,13,4,6,0,1
1,1,0,47.85,0,0,0,0,0,0,1,0,1,4,3,30,0,2,6,6,6,0,1
1,1,0,32.6,0,0,0,1,0,0,1,0,1,2,6,30,0,2,10,5,6,0,1
1,0,0,40.25,0,0,0,0,0,0,1,0,0,4,30,30,1,2,11,4,4,0,1
1,0,0,27.4,0,0,0,0,0,0,1,0,0,3,30,30,1,2,13,2,6,0,1
1,1,0,32.32,0,0,0,0,0,0,1,0,0,3,30,30,0,1,10,5,6,0,1
1,0,0,27.4,0,0,0,1,0,0,1,0,0,3,30,30,0,2,13,6,6,0,1
1,1,0,25.77,1,0,1,0,0,0,1,0,1,5,30,30,1,1,10,2,1,0,1
1,1,0,27.4,0,0,0,1,0,0,1,0,0,3,30,2,0,2,11,6,6,0,1
1,0,0,30.13,0,0,0,1,0,0,1,0,0,3,30,30,0,1,10,4,6,0,1
1,1,0,25.06,0,0,0,0,0,0,1,0,0,4,30,30,1,2,13,4,3,0,1
1,1,0,39.48,1,0,0,0,0,0,1,0,1,4,3,30,0,2,10,4,6,0,1
1,1,0,35.71,0,0,1,1,0,0,1,0,0,5,15,30,0,1,10,5,6,0,1
1,0,0,28.76,0,0,0,1,0,0,1,0,0,2,30,30,0,1,10,6,5,0,1
1,1,0,27.46,0,1,0,0,0,0,1,0,0,3,30,30,0,2,10,4,3,0,1
1,1,0,33.47,0,0,0,1,0,0,1,0,0,2,30,30,0,2,10,5,6,0,1
1,0,1,28.77,0,0,0,0,0,0,1,0,0,3,30,30,0,1,10,4,6,0,1
1,1,0,30.41,0,0,0,1,0,0,1,0,0,3,30,30,0,2,10,5,6,0,1
1,0,0,42.97,0,0,0,1,0,0,1,0,0,4,30,30,0,2,10,2,2,0,1
1,1,0,25.77,1,1,0,0,0,0,1,0,0,5,30,30,0,1,13,6,5,0,1
1,1,0,28.8,1,0,0,1,0,0,1,0,0,2,30,30,1,1,12,6,6,0,1
1,0,0,43.58,0,0,0,0,0,0,1,0,0,2,30,30,0,2,5,4,6,0,1
1,0,0,29.03,1,0,0,1,0,0,1,0,0,3,30,30,0,1,10,6,6,0,1
1,1,0,27.8,0,0,0,1,0,0,1,0,0,3,30,30,0,1,10,6,6,0,1
1,1,0,38.02,1,0,0,1,0,0,1,0,0,4,30,30,0,1,10,6,6,0,1
1,1,0,51.49,0,0,0,0,0,0,1,0,0,3,30,2,0,2,10,5,6,0,1
1,1,0,58.7,1,1,0,0,0,0,1,0,0,5,30,30,1,2,10,6,6,0,1
1,1,0,32.28,1,0,0,0,0,0,1,0,0,4,15,30,1,1,11,5,2,0,1
1,1,0,26.83,0,0,0,1,0,0,1,0,0,4,3,30,0,2,13,2,6,0,1
1,1,0,37.12,1,0,0,0,0,0,1,0,0,3,30,30,0,2,10,6,6,0,1
1,0,0,22.47,0,0,0,1,0,0,1,0,0,1,30,30,0,1,12,6,6,0,1
1,1,0,27.4,0,0,1,0,0,0,1,0,0,3,30,30,0,1,12,6,6,0,1
1,1,0,26.63,1,0,0,1,0,0,1,0,0,2,30,30,0,1,10,6,6,0,1
1,0,0,29.65,0,0,0,1,0,0,0,0,0,3,30,30,0,1,10,6,11,0,1
1,1,0,44.97,0,0,0,0,0,0,1,0,0,5,30,30,1,2,12,3,5,0,1
1,1,0,47.47,1,0,0,0,0,0,1,0,0,5,30,15,0,1,6,5,6,0,1
1,1,0,25.06,1,0,0,0,0,0,1,0,0,2,30,30,0,1,12,6,6,0,1
1,0,0,30.41,0,0,0,1,0,0,1,0,0,3,30,30,0,1,10,4,5,0,1
1,1,0,32.22,1,0,0,0,0,0,1,0,0,5,30,30,1,1,11,2,1,0,1
1,1,0,27.4,1,0,0,0,0,0,1,0,1,3,1,30,1,2,10,4,6,0,1
1,1,0,30.82,0,0,0,1,0,0,1,0,0,3,30,30,0,2,10,5,6,0,1
1,1,0,27.98,1,0,0,1,0,0,1,0,0,2,30,30,0,1,11,6,6,0,1
1,1,0,42.61,0,0,0,1,0,0,1,0,0,4,30,30,0,1,10,4,6,0,1
1,1,0,27.4,0,0,0,0,0,0,1,0,0,4,30,30,0,2,10,4,6,0,1
1,0,0,25.82,0,0,0,1,0,0,1,0,0,3,30,30,0,2,10,5,6,0,1
1,1,0,27.44,0,0,0,1,0,0,1,0,0,2,30,30,0,2,10,6,6,0,1
1,1,0,26.39,0,0,0,1,0,0,1,0,0,3,30,2,0,1,11,4,6,0,1
1,0,0,31.01,0,0,0,1,0,0,1,0,0,2,30,30,0,1,6,6,6,0,1
1,1,0,33.41,0,0,0,1,0,0,1,0,0,3,30,30,0,2,12,6,6,0,1
1,1,0,27.4,1,0,0,0,0,0,1,0,0,4,30,30,0,2,11,5,6,0,1
1,1,0,24.96,1,0,0,1,0,0,1,0,0,3,30,30,0,2,10,6,6,0,1
1,1,0,23.17,0,0,0,0,0,0,1,0,0,5,30,30,1,2,13,4,6,0,1
1,0,0,23.78,0,0,0,1,0,0,1,0,0,2,30,30,0,2,11,4,6,0,1
1,1,0,27.4,1,0,0,0,0,0,1,0,0,3,30,30,1,2,10,4,5,0,1
1,0,0,34.45,0,0,0,1,0,0,1,0,0,4,30,21,1,2,10,4,2,0,1
1,1,0,26.63,0,0,1,0,0,0,1,0,0,5,30,30,1,1,10,5,6,0,1
1,1,0,27.4,1,0,0,1,0,0,1,0,0,4,30,30,0,1,10,6,6,0,1
1,0,0,25.69,0,0,0,1,0,0,1,0,0,2,30,30,0,2,13,4,6,0,1
1,1,0,23.03,0,1,1,0,0,0,1,0,1,5,25,30,1,2,11,4,6,0,1
1,1,0,37.93,0,0,0,1,0,0,1,0,1,4,10,5,1,2,10,5,3,0,1
1,0,0,27.12,0,0,1,1,0,0,1,0,0,5,30,14,0,1,12,6,6,0,1
1,1,0,27.4,0,0,0,0,0,0,1,0,0,5,30,30,1,2,10,2,6,0,1
1,0,0,39.05,0,0,0,0,0,0,1,0,0,4,4,30,1,1,12,6,6,0,1
1,0,0,35.15,0,0,0,1,0,0,1,0,0,3,30,30,0,1,10,4,6,0,1
1,1,0,30.67,0,0,0,0,0,0,1,0,0,2,30,30,0,2,11,6,6,0,1
1,1,0,35.07,1,0,0,1,0,0,1,0,0,4,30,30,1,2,10,5,3,0,1
1,1,0,25.09,0,0,0,1,0,0,1,0,0,3,30,30,0,1,13,6,6,0,1
1,1,0,34.99,0,0,0,1,0,0,1,0,0,3,30,3,1,2,11,5,6,0,1
1,1,0,27.4,0,0,0,1,0,0,1,0,0,3,30,1,0,2,14,6,6,0,1
1,1,0,29.41,1,0,0,1,0,0,1,0,0,3,30,30,0,1,10,6,10,0,1
1,0,0,31.46,0,0,0,1,0,0,1,0,0,3,30,30,0,1,10,4,6,0,1
1,1,0,24.13,0,0,0,1,0,0,1,0,0,2,30,30,0,1,10,6,6,0,1
1,0,0,24.37,0,0,0,1,0,0,1,0,0,3,30,30,0,1,10,6,10,0,1
1,0,0,35.89,0,0,0,0,0,0,1,0,0,4,30,15,1,1,11,5,6,0,1
1,1,0,24.8,1,0,0,1,0,0,1,0,0,2,30,30,0,2,11,6,6,0,1
1,1,0,41.57,0,0,0,1,0,0,1,0,0,5,30,27,1,2,10,5,6,0,1
1,1,0,27.46,1,0,0,0,0,0,1,0,0,3,30,30,0,2,12,5,6,0,1
1,1,0,25.06,1,0,0,0,0,0,1,0,0,5,30,30,0,2,10,4,6,0,1
1,1,0,34.87,0,0,0,0,0,0,1,0,0,5,30,30,1,1,10,4,6,0,1
1,1,0,24.63,0,0,0,1,0,0,1,0,0,2,30,1,0,2,10,6,6,0,1
1,1,0,35.83,1,0,1,0,0,0,1,0,1,5,28,27,0,2,10,5,5,0,1
1,1,0,28.62,1,0,0,0,0,0,1,0,0,3,30,30,0,1,10,6,6,0,1
1,0,0,27.4,1,0,0,1,0,0,1,0,0,2,30,30,0,2,11,5,6,0,1
1,1,0,42.33,0,0,0,1,0,0,1,0,0,4,30,6,1,1,10,6,6,0,1
1,1,0,26.26,1,0,0,0,0,0,1,0,0,3,30,30,1,2,10,3,6,0,1
1,1,0,28.84,0,1,0,0,0,0,1,0,0,4,30,30,1,2,10,4,4,0,1
1,1,0,27.4,0,0,0,1,0,0,1,0,0,2,30,30,0,2,13,6,6,0,1
1,1,0,28.97,1,0,1,0,0,0,1,0,0,4,30,30,0,1,11,5,6,0,1
1,0,0,27.4,0,0,0,1,0,0,1,0,0,2,30,30,0,2,12,5,5,0,1
1,0,0,33.79,0,0,0,1,0,0,1,0,0,4,30,30,1,2,11,5,6,0,1
1,1,0,27.98,0,0,0,1,0,0,1,0,0,2,30,30,0,2,13,4,6,0,1
1,1,0,33.72,1,0,0,1,0,0,1,0,0,3,30,3,0,1,10,4,10,0,1
1,0,0,40.69,1,0,0,1,0,0,1,0,1,4,30,30,0,1,10,4,6,0,1
1,1,0,28.12,1,0,0,0,0,0,1,0,0,2,30,30,0,1,11,4,6,0,1
1,1,0,29.18,0,0,0,1,0,0,1,0,0,3,30,30,0,2,10,5,6,0,1
1,0,0,36.32,0,0,0,1,0,0,1,0,0,2,1,30,0,2,6,6,6,0,1
1,1,0,40.69,1,1,0,0,0,0,0,0,0,5,30,30,1,2,6,4,3,0,1
1,1,0,25.94,0,0,0,1,0,0,1,0,0,3,30,30,0,1,11,6,10,0,1
1,1,0,32.61,0,0,0,1,0,0,1,0,0,2,30,30,0,2,10,6,6,0,1
1,0,0,27.53,0,0,0,1,0,0,1,0,0,3,30,30,0,1,10,5,6,0,1
1,1,0,22.67,0,0,0,0,0,0,1,0,0,3,30,30,0,1,11,6,6,0,1
1,0,0,27.4,0,0,0,1,0,0,1,0,0,3,30,30,0,2,11,5,6,0,1
1,0,0,35.26,0,0,0,1,0,0,1,0,0,3,30,20,1,1,10,4,6,0,1
1,1,0,29.03,0,0,0,1,0,0,1,0,0,3,30,30,0,1,10,5,6,0,1
1,1,0,25.39,0,0,0,1,0,0,1,0,0,3,30,30,0,1,10,6,6,0,1
1,1,0,29.53,0,0,0,0,0,0,1,0,0,5,30,30,1,1,13,2,4,0,1
1,1,0,26.12,1,0,0,1,0,0,1,0,0,3,30,30,0,1,10,5,6,0,1
1,1,0,24.96,0,0,0,0,0,0,1,0,0,2,30,30,1,2,14,4,6,0,1
1,1,0,25.84,1,0,0,1,0,0,1,0,0,3,30,30,0,1,10,6,10,0,1
1,1,0,52.73,0,0,1,0,0,0,1,0,0,4,10,15,1,2,10,4,2,0,1
1,1,0,32.28,0,0,0,1,0,0,1,0,0,3,30,30,0,2,10,6,6,0,1
1,1,0,34.75,1,0,0,1,0,0,1,0,0,4,30,30,0,2,11,5,6,0,1
1,1,0,32.78,1,0,0,1,0,0,1,0,0,5,1,30,0,2,10,6,6,0,1
1,1,0,26.88,0,0,0,1,0,0,1,0,0,3,30,2,1,1,12,6,6,0,1
1,0,0,28.34,0,0,0,1,0,0,1,0,0,2,30,30,0,2,11,4,6,0,1
1,0,0,22.6,0,0,0,0,0,0,1,0,0,4,30,30,1,2,13,2,6,0,1
1,1,0,29.39,1,0,0,0,0,0,1,0,0,4,30,30,1,1,12,5,6,0,1
1,1,0,27.4,0,0,0,1,0,0,1,0,0,2,30,30,0,2,12,6,6,0,1
1,1,0,27.4,0,1,0,0,0,0,1,0,1,4,30,30,0,2,10,4,1,0,1
1,0,0,34.33,0,0,1,1,0,0,1,0,0,4,2,30,1,2,11,5,4,0,1
1,1,0,38.16,1,0,0,1,0,0,1,0,0,3,30,30,0,1,14,5,6,0,1
1,1,0,30.11,1,1,0,0,0,0,1,0,0,4,30,14,1,2,12,5,6,0,1
1,1,0,27.89,0,0,0,1,0,0,1,0,0,2,30,30,0,1,10,6,6,0,1
1,0,0,25.09,0,0,0,1,0,0,1,0,0,2,30,30,0,1,10,6,6,0,1
1,1,0,32.49,1,0,1,0,0,0,1,0,0,4,12,30,1,1,10,3,3,0,1
1,1,0,23.71,1,0,0,1,0,0,1,0,0,2,30,30,0,1,10,5,6,0,1
1,0,0,25.06,0,0,0,1,0,0,1,0,0,4,30,30,0,2,11,4,6,0,1
1,1,0,32.55,1,0,0,1,0,0,1,0,0,3,30,30,0,1,12,6,6,0,1
1,1,0,31.57,0,0,0,1,0,0,1,0,0,4,30,30,1,1,10,6,5,0,1
1,1,0,37.12,1,0,0,0,0,0,1,0,0,3,30,5,0,2,10,5,6,0,1
1,0,0,30.34,1,0,0,1,0,0,1,0,0,2,30,30,0,1,10,4,6,0,1
1,1,0,27.44,0,0,0,0,0,0,1,0,0,4,30,30,1,2,10,6,1,0,1
1,1,0,27.57,0,0,0,0,0,0,1,0,0,3,30,15,0,2,10,4,6,0,1
1,1,0,29.99,0,0,1,1,0,0,1,0,0,4,1,12,1,1,11,6,6,0,1
1,0,0,49.38,0,0,0,1,0,0,1,0,0,3,30,30,1,2,10,5,3,0,1
1,0,0,27.12,0,0,1,0,0,0,1,0,0,4,30,30,1,1,13,6,6,0,1
1,0,0,23.91,0,0,0,1,0,0,1,0,0,3,30,30,0,2,10,6,6,0,1
1,1,0,33.91,1,0,0,1,0,0,1,0,0,3,30,5,1,1,10,6,6,0,1
1,0,0,22.96,1,0,0,0,0,0,1,0,0,3,30,30,1,1,11,5,6,0,1
1,1,0,28.19,0,0,0,1,0,0,1,0,0,3,30,4,0,1,11,5,6,0,1
1,1,0,32.49,0,0,0,0,0,0,1,0,0,2,30,30,0,1,10,5,6,0,1
1,1,0,30.54,1,0,0,0,0,0,1,0,0,3,30,30,0,1,12,4,6,0,1
1,1,0,26.63,1,0,0,1,0,0,1,0,0,4,30,30,0,1,11,5,6,0,1
1,1,0,27.89,0,0,0,1,0,0,1,0,0,2,30,30,0,1,10,6,6,0,1
1,1,0,27.63,1,0,0,0,0,0,1,0,0,4,30,30,0,2,10,2,5,0,1
1,0,0,32.61,0,0,0,1,0,0,1,0,0,2,30,30,0,2,11,6,6,0,1
1,0,0,27.4,0,0,0,0,0,0,1,0,0,4,1,30,1,2,13,4,6,0,1
1,1,0,32.5,1,0,0,1,0,0,1,0,0,5,30,30,0,1,10,3,6,0,1
1,1,0,27.4,0,0,0,1,0,0,1,0,0,2,30,30,0,2,14,5,6,0,1
1,1,0,29.21,0,1,0,1,0,0,1,0,0,4,1,10,1,1,12,6,6,0,1
1,1,0,30.67,1,1,0,0,0,0,1,0,0,4,20,30,1,2,10,5,6,0,1
1,0,0,35.78,0,0,0,1,0,0,1,0,0,3,30,30,0,2,10,5,10,0,1
1,1,0,53.25,1,0,0,1,0,0,1,0,0,4,10,15,1,2,10,5,1,0,1
1,0,0,32.99,1,0,0,0,0,0,1,0,0,3,30,30,1,1,11,4,4,0,1
1,1,0,25.69,1,0,1,1,0,0,1,0,0,4,30,30,0,1,10,6,6,0,1
1,1,0,25.09,1,0,0,1,0,0,1,0,0,3,30,30,0,1,12,6,11,0,1
1,0,0,59.55,1,0,0,0,0,0,1,0,0,5,30,30,1,1,10,5,6,0,1
1,1,0,27.4,0,0,0,0,0,0,1,0,0,2,30,30,0,2,11,4,6,0,1
1,1,0,34.33,1,0,0,0,0,0,1,0,0,2,3,30,0,2,12,6,6,0,1
1,1,0,26.63,0,0,0,1,0,0,1,0,0,3,30,30,0,2,11,6,6,0,1
1,1,0,22.3,0,0,0,1,0,0,1,0,0,1,30,30,0,2,10,6,6,0,1
1,0,0,27.4,0,1,0,0,0,0,1,0,0,3,30,30,1,2,13,6,6,0,1
1,1,0,28.76,1,0,0,0,0,0,1,0,0,5,30,30,0,1,13,5,6,0,1
1,1,0,30.68,1,0,0,1,0,0,1,0,0,3,3,30,0,1,10,6,6,0,1
1,1,0,36.61,0,0,0,1,0,0,1,0,0,3,30,30,0,1,11,4,5,0,1
1,1,0,30.04,1,0,0,0,0,0,1,0,0,4,30,2,0,2,10,4,6,0,1
1,0,0,39.54,0,0,0,1,0,0,1,0,0,2,30,30,0,2,10,6,11,0,1
1,1,0,27.34,0,0,0,1,0,0,1,0,0,2,30,30,0,2,13,4,5,0,1
1,1,0,25.75,1,1,0,0,0,0,1,0,1,5,30,27,1,2,10,6,6,0,1
1,0,0,31.84,0,0,0,1,0,0,1,0,0,3,30,30,1,2,11,5,5,0,1
1,0,0,27.4,0,0,0,1,0,0,1,0,0,3,30,30,0,2,11,5,6,0,1
1,0,0,24.8,0,0,0,1,0,0,1,0,0,3,30,1,0,2,10,6,6,0,1
1,1,0,33.13,0,1,0,0,0,0,1,0,0,4,30,30,1,2,13,6,6,0,1
1,1,0,27.4,0,0,0,1,0,0,1,0,0,3,30,30,0,2,12,6,6,0,1
1,0,0,23.56,1,0,0,1,0,0,1,0,0,2,30,30,0,2,10,5,6,0,1
1,1,0,37.2,1,0,0,1,0,0,1,0,0,3,30,2,1,2,10,5,2,0,1
1,1,0,31.62,0,0,0,0,0,0,1,0,0,2,30,28,1,2,12,4,4,0,1
1,1,0,34.18,0,0,0,1,0,0,1,0,0,3,30,4,0,2,11,5,2,0,1
1,1,0,28.34,0,0,0,1,0,0,1,0,0,2,30,30,0,2,10,6,6,0,1
1,1,0,33.0,0,0,0,1,0,0,1,0,0,3,3,30,0,1,13,6,6,0,1
1,1,0,27.4,0,0,0,0,0,0,1,0,0,3,30,30,0,2,10,4,6,0,1
1,1,0,28.12,1,1,1,1,0,0,1,0,1,5,15,30,1,1,10,4,2,0,1
1,0,0,22.46,1,0,0,1,0,0,1,0,0,3,30,30,1,2,10,5,6,0,1
1,1,0,44.4,1,0,0,0,0,0,1,0,0,3,1,30,1,2,10,5,1,0,1
1,1,0,30.72,1,0,0,0,0,0,1,0,0,3,30,30,0,1,10,3,6,0,1
1,1,0,28.62,0,1,0,0,0,0,1,0,0,4,30,5,1,1,10,5,11,0,1
1,0,0,22.6,0,0,0,1,0,0,1,0,0,3,30,30,0,1,10,6,6,0,1
1,0,0,12.55,0,0,0,1,0,0,1,0,0,3,15,15,0,1,12,6,6,0,1
1,1,0,27.4,1,0,0,0,0,0,1,0,0,2,30,30,0,1,10,6,6,0,1
1,1,0,32.89,0,0,0,0,0,0,1,0,0,5,30,30,0,1,10,3,6,0,1
1,1,0,27.98,0,0,0,1,0,0,1,0,0,2,30,30,0,1,10,4,6,0,1
1,0,0,33.23,0,0,0,1,0,0,1,0,0,3,30,30,0,1,11,4,6,0,1
1,0,0,37.51,0,0,0,0,0,0,1,0,0,3,30,14,0,1,10,5,6,0,1
1,1,0,30.52,0,0,0,1,0,0,1,0,0,2,30,30,0,1,10,5,6,0,1
1,1,0,41.1,1,0,0,0,0,0,1,0,0,4,2,10,1,2,11,6,6,0,1
1,1,0,27.6,1,0,0,0,0,0,1,0,0,4,30,30,0,1,6,5,6,0,1
1,0,0,25.09,0,0,0,1,0,0,1,0,0,2,30,30,0,1,10,6,6,0,1
1,0,0,44.93,0,0,1,0,0,0,1,0,0,5,10,10,1,2,10,4,10,0,1
1,1,0,27.98,1,0,0,1,0,0,1,0,0,2,30,30,0,1,11,6,6,0,1
1,1,0,38.25,0,0,0,1,0,0,1,0,0,2,30,30,1,2,10,6,6,0,1
1,0,0,43.07,0,0,0,0,0,0,1,0,0,4,30,15,1,1,12,5,6,0,1
1,1,0,22.96,0,0,1,0,0,0,1,0,0,4,30,14,0,2,10,4,5,0,1
1,0,0,31.25,1,0,0,0,0,0,1,0,0,3,30,2,0,2,11,5,4,0,1
1,0,0,27.4,0,0,1,0,0,0,1,0,0,3,25,30,0,1,10,4,6,0,1
1,0,0,37.2,0,0,0,1,0,0,1,0,0,2,30,30,0,2,10,4,6,0,1
1,1,0,25.09,0,0,0,1,0,0,1,0,0,2,30,30,0,1,13,6,6,0,1
1,0,0,20.18,1,0,0,1,0,0,1,0,0,2,30,30,0,2,13,5,6,0,1
1,0,0,27.4,0,0,0,1,0,0,1,0,0,4,30,30,0,1,10,4,6,0,1
1,1,0,30.79,0,0,0,1,0,0,1,0,0,1,30,30,0,2,10,6,6,0,1
1,0,0,27.4,1,0,0,1,0,0,1,0,0,3,30,2,0,2,10,6,6,0,1
1,1,0,29.16,0,0,0,1,0,0,1,0,0,5,30,30,0,1,10,6,6,0,1
1,1,0,30.52,0,0,0,1,0,0,1,0,0,2,30,30,0,1,6,6,6,0,1
1,1,0,27.4,0,0,0,1,0,0,1,0,0,2,30,30,0,1,10,6,6,0,1
1,0,0,27.4,0,0,0,0,0,0,1,0,0,3,30,30,0,2,1,2,6,0,1
1,1,0,27.44,1,0,0,1,0,0,1,0,0,3,30,30,0,2,13,4,6,0,1
1,1,0,27.4,0,0,0,1,0,0,1,0,0,3,30,30,0,1,14,6,6,0,1
1,1,0,31.75,1,0,0,1,0,0,1,0,0,5,5,30,0,2,10,4,4,0,1
1,0,0,29.53,1,0,0,1,0,0,1,0,0,3,30,30,0,1,10,6,6,0,1
1,0,0,25.83,1,0,0,1,0,0,1,0,0,3,1,5,0,2,10,4,6,0,1
1,1,0,35.62,1,0,0,0,0,0,1,0,0,4,30,30,1,1,10,5,1,0,1
1,1,0,27.4,0,0,0,1,0,0,1,0,0,1,30,30,0,2,12,4,6,0,1
1,1,0,24.89,1,0,0,0,0,0,1,0,0,5,30,30,1,1,13,6,6,0,1
1,1,0,28.8,1,0,1,0,0,0,1,0,0,3,30,30,0,2,10,4,6,0,1
1,1,0,44.29,0,0,0,1,0,0,1,0,0,4,30,30,1,2,11,6,6,0,1
1,1,0,34.45,0,1,0,0,0,0,1,0,0,3,2,10,1,2,10,5,4,0,1
1,0,0,27.4,0,0,0,1,0,0,1,0,0,4,30,30,0,1,10,4,6,0,1
1,0,0,27.4,0,0,0,1,0,0,1,0,0,2,30,30,0,1,10,5,6,0,1
1,1,0,45.19,1,0,0,0,0,0,1,0,0,4,30,1,1,2,11,6,6,0,1
1,0,0,30.11,0,0,0,1,0,0,1,0,0,3,30,30,0,2,10,6,6,0,1
1,0,0,27.44,0,0,0,0,0,0,1,0,0,4,30,30,0,2,5,6,6,0,1
1,1,0,44.87,0,1,1,0,0,0,1,0,0,4,30,30,1,2,10,6,5,0,1
1,1,0,27.4,0,0,0,0,0,0,1,0,0,3,30,30,0,2,10,4,6,0,1
1,0,0,22.27,0,0,0,1,0,0,1,0,0,3,30,30,0,2,13,4,6,0,1
1,1,0,38.39,0,0,0,0,0,0,1,0,0,4,10,30,1,1,10,4,6,0,1
1,1,0,39.46,0,0,0,0,0,0,1,0,0,3,2,4,0,2,10,4,6,0,1
1,0,0,25.36,1,0,0,0,0,0,1,0,0,3,30,30,0,1,13,2,6,0,1
1,1,0,36.61,1,0,1,0,0,0,1,0,1,5,30,30,1,2,10,5,4,0,1
1,1,0,39.05,0,0,0,1,0,0,1,0,0,1,30,30,0,1,10,5,6,0,1
1,1,0,40.06,0,1,0,0,0,0,1,0,0,4,30,30,1,2,10,5,6,0,1
1,1,0,23.3,0,0,0,1,0,0,1,0,0,3,30,30,0,2,10,5,6,0,1
1,1,0,30.43,0,0,0,1,0,0,1,0,0,3,30,1,0,1,10,6,6,0,1
1,1,0,35.43,0,0,1,0,0,0,1,0,0,5,30,30,1,2,13,5,5,0,1
1,1,0,42.7,0,0,1,0,0,0,1,0,0,4,4,30,1,2,10,5,4,0,1
1,1,0,36.49,0,0,0,1,0,0,1,0,0,3,30,30,0,1,10,6,6,0,1
1,1,0,25.83,1,0,0,1,0,0,1,0,0,4,30,30,0,1,13,6,6,0,1
1,1,0,35.78,0,0,0,1,0,0,1,0,0,3,3,30,1,2,10,5,6,0,1
1,1,0,26.95,0,0,0,0,0,0,1,0,0,3,30,30,0,1,13,6,5,0,1
1,0,0,27.4,0,0,0,0,0,0,1,0,0,3,30,30,0,2,10,5,6,0,1
1,1,0,26.04,1,0,0,0,0,0,1,0,0,5,30,30,0,1,10,2,1,0,1
1,1,0,28.97,1,0,0,0,0,0,1,0,0,4,25,30,1,1,12,4,6,0,1
1,1,0,27.12,0,0,0,1,0,0,1,0,0,3,30,30,0,1,11,6,6,0,1
1,1,0,32.08,0,0,0,1,0,0,1,0,0,2,30,1,0,1,10,6,6,0,1
1,1,0,27.4,0,0,0,0,0,0,1,0,0,4,30,30,0,2,10,5,6,0,1
1,1,0,26.57,0,0,0,0,0,0,1,0,0,4,30,5,0,1,10,2,6,0,1
1,1,0,29.29,0,0,0,0,0,0,1,0,0,2,30,30,0,1,13,6,6,0,1
1,1,0,37.11,0,0,0,1,0,0,1,0,0,2,30,30,0,2,10,6,6,0,1
1,1,0,24.37,1,0,0,1,0,0,1,0,0,2,30,30,0,1,12,4,6,0,1
1,1,0,33.47,0,0,0,1,0,0,1,0,0,3,30,2,0,1,10,6,10,0,1
1,0,0,31.18,0,0,0,1,0,0,1,0,0,3,30,30,0,2,11,6,6,0,1
1,1,0,29.53,1,0,0,1,0,0,1,0,0,2,30,30,0,1,12,6,6,0,1
1,1,0,25.68,0,0,0,1,0,0,1,0,0,3,30,30,0,1,11,6,6,0,1
1,1,0,26.52,0,0,1,1,0,0,1,0,0,4,5,15,1,2,11,5,5,0,1
1,0,0,28.12,0,0,0,1,0,0,1,0,0,2,30,30,0,1,12,6,6,0,1
1,1,0,29.44,1,0,0,1,0,0,1,0,0,3,30,30,1,2,11,5,5,0,1
1,0,0,27.4,0,0,0,0,0,0,1,0,1,2,30,30,0,1,14,6,6,0,1
1,0,0,29.53,0,0,0,0,0,0,1,0,0,1,30,15,0,1,10,3,6,0,1
1,0,0,26.63,0,0,0,1,0,0,1,0,0,3,30,30,0,2,10,6,6,0,1
1,0,0,26.58,1,0,0,1,0,0,1,0,0,3,30,30,0,1,12,4,2,0,1
1,0,0,27.4,0,0,0,1,0,0,1,0,0,4,30,30,0,1,10,4,6,0,1
1,0,0,29.1,0,0,1,1,0,0,1,0,0,5,30,30,1,2,12,5,2,0,1
1,1,0,25.06,0,0,0,1,0,0,1,0,0,3,30,30,0,2,10,6,6,0,1
1,0,0,27.41,1,0,0,1,0,0,1,0,0,4,30,30,0,1,11,4,5,0,1
1,1,0,20.54,1,1,1,0,0,0,1,0,0,5,30,30,1,1,10,4,5,0,1
1,1,0,39.58,0,0,0,1,0,0,1,0,0,2,30,30,0,1,6,6,6,0,1
1,1,0,33.99,1,0,0,1,0,0,1,0,0,3,30,4,1,2,10,4,2,0,1
1,1,0,24.13,0,1,1,1,0,0,1,0,0,5,30,30,1,2,10,6,6,0,1
1,1,0,32.01,0,0,0,0,0,0,1,0,0,3,30,30,0,2,12,5,6,0,1
1,0,0,27.4,0,0,0,0,0,0,1,0,0,3,30,30,0,2,10,2,4,0,1
1,1,0,29.95,0,0,0,1,0,0,1,0,0,2,30,30,0,1,10,6,6,0,1
1,1,0,27.4,0,0,0,1,0,0,1,0,0,3,30,30,0,2,12,6,6,0,1
1,0,0,28.34,1,0,0,1,0,0,1,0,0,3,30,30,0,2,11,4,6,0,1
1,1,0,27.89,0,0,0,1,0,0,1,0,0,4,30,30,0,1,11,4,5,0,1
1,0,0,27.71,0,0,0,1,0,0,1,0,0,4,1,30,1,1,11,6,6,0,1
1,1,0,29.5,1,1,1,0,0,0,1,0,0,5,30,30,1,1,10,4,6,0,1
1,0,0,41.3,0,0,0,1,0,0,1,0,0,4,30,30,1,2,13,4,6,0,1
1,1,0,27.73,0,0,0,0,0,0,1,0,0,4,30,30,0,2,10,4,1,0,1
1,1,0,27.4,0,0,0,1,0,0,1,0,0,3,5,10,0,2,13,5,6,0,1
1,1,0,30.27,1,0,0,1,0,0,1,0,0,2,30,30,0,1,13,6,6,0,1
1,1,0,35.44,1,0,0,1,0,0,1,0,0,4,30,30,1,1,12,4,6,0,1
1,1,0,30.68,1,0,0,1,0,0,1,0,0,4,30,3,0,1,10,4,6,0,1
1,1,0,35.43,1,0,0,1,0,0,1,0,1,4,30,30,1,2,6,4,6,0,1
1,1,0,25.68,0,0,0,1,0,0,1,0,0,2,30,30,0,1,10,5,6,0,1
1,1,0,36.94,1,0,1,1,0,0,1,0,0,3,30,30,0,1,10,6,6,0,1
1,1,0,35.84,1,0,1,1,0,0,1,0,0,5,10,10,0,1,10,5,6,0,1
1,1,0,37.76,0,0,0,0,0,0,1,0,0,3,3,2,1,2,12,6,6,0,1
1,0,0,25.09,0,0,0,1,0,0,1,0,0,2,30,30,0,1,10,6,6,0,1
1,1,0,29.76,1,0,0,1,0,0,1,0,0,2,30,30,0,1,12,6,11,0,1
1,0,0,25.09,1,0,0,1,0,0,1,0,0,4,30,30,0,1,10,5,6,0,1
1,0,0,39.99,1,0,0,1,0,0,1,0,0,3,30,30,0,1,10,4,6,0,1
1,1,0,36.95,1,0,0,0,0,0,1,0,0,4,20,30,0,2,5,4,6,0,1
1,0,0,27.4,0,0,0,0,0,0,1,0,0,4,4,30,0,1,10,4,6,0,1
1,1,0,31.57,1,0,0,0,0,0,1,0,0,3,2,30,1,1,10,2,6,0,1
1,1,0,22.8,1,0,0,1,0,0,1,0,0,4,30,20,0,2,10,4,6,0,1
1,1,0,27.4,0,0,0,1,0,0,1,0,0,1,30,30,0,2,10,4,10,0,1
1,0,0,27.4,0,0,0,0,0,0,1,0,0,4,30,30,0,2,11,4,6,0,1
1,1,0,35.26,0,0,0,0,0,0,1,0,0,3,10,5,1,1,10,5,6,0,1
1,1,0,29.84,0,0,0,1,0,0,1,0,0,3,30,30,0,1,10,4,6,0,1
1,1,0,34.46,0,0,0,1,0,0,1,0,0,2,30,30,0,2,10,5,6,0,1
1,1,0,60.08,1,0,0,1,0,0,1,0,0,4,6,4,1,2,10,5,5,0,1
1,0,0,31.19,0,0,0,0,0,0,1,0,0,2,30,30,0,1,10,6,6,0,1
1,0,0,30.13,1,0,0,0,0,0,1,0,0,3,30,30,1,1,12,5,6,0,1
1,1,0,27.4,0,0,1,0,0,0,1,0,0,2,30,30,0,1,10,5,6,0,1
1,1,0,28.7,1,1,0,0,0,0,1,0,0,4,30,30,1,1,10,4,6,0,1
1,1,0,27.4,1,0,0,0,0,0,1,0,0,3,30,30,1,2,10,4,6,0,1
1,1,0,34.61,0,0,1,0,0,0,1,0,0,5,30,30,0,1,13,5,6,0,1
1,0,0,27.4,1,0,0,1,0,0,1,0,0,3,30,30,0,2,10,6,6,0,1
1,0,0,41.6,0,0,0,0,0,0,1,0,0,3,30,30,1,2,11,4,6,0,1
1,1,0,31.35,0,0,0,0,0,0,1,0,0,2,30,30,1,2,13,4,6,0,1
1,0,0,29.41,0,0,0,1,0,0,1,0,0,1,30,30,0,1,10,6,6,0,1
1,1,0,44.64,1,0,0,1,0,0,1,0,0,5,30,30,1,2,10,4,5,0,1
1,0,0,27.4,0,0,0,1,0,0,1,0,0,4,30,30,0,2,10,5,6,0,1
1,1,0,39.48,1,0,0,1,0,0,1,0,0,3,30,30,0,2,10,4,6,0,1
1,1,0,30.18,0,0,0,1,0,0,1,0,0,3,30,30,0,2,10,6,6,0,1
1,1,0,22.6,0,0,0,1,0,0,1,0,0,2,2,30,0,2,10,6,6,0,1
1,0,0,27.22,0,0,0,1,0,0,1,0,0,2,30,30,0,1,11,6,6,0,1
1,0,0,29.38,0,0,0,1,0,0,1,0,0,3,30,30,0,1,11,6,6,0,1
1,1,0,35.53,1,0,0,0,0,0,1,0,0,3,30,30,1,1,12,4,5,0,1
1,0,0,27.4,1,0,0,0,0,0,1,0,1,3,30,30,0,2,10,5,6,0,1
1,1,0,37.55,1,0,1,0,0,0,1,0,1,5,20,30,0,2,10,5,4,0,1
1,0,0,34.95,1,0,0,0,0,0,1,0,0,5,10,30,0,2,11,6,6,0,1
1,1,0,29.63,0,0,0,1,0,0,1,0,0,4,10,5,1,2,12,2,6,0,1
1,1,0,38.01,1,0,0,0,0,0,1,0,0,4,30,2,1,2,11,6,6,0,1
1,1,0,27.44,1,0,0,0,0,0,1,0,0,3,30,30,0,2,12,4,4,0,1
1,0,0,32.45,1,0,0,0,0,0,1,0,1,4,30,30,0,1,10,4,2,0,1
1,1,0,44.43,0,0,1,0,0,0,1,0,0,3,15,30,1,2,10,6,6,0,1
1,1,0,31.75,1,0,0,0,0,0,1,0,0,3,30,30,0,2,13,5,6,0,1
1,0,0,31.01,1,0,0,1,0,0,1,0,0,3,30,30,0,1,10,5,6,0,1
1,1,0,35.61,1,0,0,1,0,0,1,0,0,3,30,30,0,1,10,5,6,0,1
1,0,0,57.61,1,0,1,0,0,0,1,0,0,4,30,30,1,2,10,4,4,0,1
1,1,0,27.37,1,0,0,1,0,0,1,0,0,3,30,30,0,1,10,4,6,0,1
1,0,0,39.06,0,0,0,1,0,0,1,0,0,3,30,30,0,2,10,5,6,0,1
1,0,0,27.4,0,0,0,0,0,0,1,0,0,2,30,30,0,2,14,5,6,0,1
1,1,0,35.61,1,0,1,1,0,0,1,0,0,2,30,30,0,1,13,5,5,0,1
1,1,0,29.85,0,1,0,0,0,0,1,0,0,5,10,30,1,2,12,3,6,0,1
1,1,0,27.4,0,1,0,0,0,0,1,0,0,4,10,15,1,1,10,4,6,0,1
1,0,0,23.73,0,0,0,0,0,0,1,0,0,3,30,30,1,1,13,6,6,0,1
1,1,0,34.44,0,0,0,1,0,0,1,0,0,2,30,30,0,1,10,6,6,0,1
1,1,0,30.79,0,0,0,1,0,0,1,0,0,2,30,30,0,2,10,5,4,0,1
1,1,0,29.95,0,0,0,1,0,0,1,0,0,2,30,30,0,2,10,4,5,0,1
1,1,0,30.9,0,0,0,0,0,0,1,0,1,4,30,6,1,2,10,5,3,0,1
1,1,0,27.4,0,0,0,0,0,0,1,0,0,3,30,30,0,2,12,3,6,0,1
1,1,0,37.97,0,0,0,1,0,0,1,0,0,3,30,30,0,1,11,6,6,0,1
1,1,0,39.94,1,0,0,0,0,0,1,0,0,4,30,15,1,2,10,4,6,0,1
1,0,0,27.44,0,0,0,0,0,0,1,0,0,2,30,30,0,2,12,4,6,0,1
1,0,0,31.18,0,0,0,1,0,0,1,0,0,3,30,30,0,2,10,6,5,0,1
1,0,0,27.4,0,0,1,0,0,0,1,0,0,4,30,30,1,2,12,6,6,0,1
1,1,0,26.58,0,0,0,1,0,0,1,0,0,2,30,30,0,1,12,6,6,0,1
1,1,0,27.91,0,1,0,0,0,0,1,0,0,5,15,30,1,1,12,6,6,0,1
1,0,0,32.61,1,0,0,0,0,0,1,0,0,3,30,30,1,2,10,4,2,0,1
1,0,0,38.94,0,0,0,0,0,0,1,0,0,4,20,30,0,2,6,4,3,0,1
1,1,0,33.47,0,0,0,0,0,0,1,0,0,3,30,5,1,2,13,5,6,0,1
1,1,0,44.95,1,0,0,1,0,0,1,0,0,1,30,30,1,2,10,4,3,0,1
1,1,0,27.4,0,0,0,1,0,0,1,0,0,3,30,30,0,2,10,5,6,0,1
1,1,0,41.93,1,0,0,1,0,0,1,0,0,4,15,30,1,2,10,5,6,0,1
1,0,0,34.44,0,0,0,0,0,0,1,0,0,4,21,30,1,1,11,3,4,0,1
1,1,0,36.02,0,0,0,1,0,0,1,0,0,3,30,3,0,2,10,6,6,0,1
1,0,0,27.4,0,0,0,1,0,0,1,0,0,2,30,30,0,1,10,5,6,0,1
1,0,0,35.44,1,0,0,1,0,0,1,0,0,2,30,30,0,1,11,4,6,0,1
1,1,0,40.45,0,0,1,0,0,0,1,0,0,3,30,30,1,1,12,6,6,0,1
1,1,0,28.89,0,0,0,1,0,0,1,0,0,3,15,30,0,2,10,6,6,0,1
1,1,0,27.4,0,0,0,1,0,0,1,0,0,3,30,30,0,1,10,4,6,0,1
1,1,0,27.4,0,0,0,0,0,0,1,0,0,2,30,30,0,2,10,5,6,0,1
1,1,0,35.26,1,0,0,1,0,0,1,0,0,3,30,10,1,1,10,6,6,0,1
1,0,0,31.84,0,0,0,0,0,0,1,0,0,3,30,30,0,1,10,4,6,0,1
1,1,0,39.19,1,0,0,1,0,0,1,0,0,3,30,30,0,1,10,5,6,0,1
1,0,0,35.58,1,0,0,1,0,0,1,0,1,3,2,30,0,1,5,5,6,0,1
1,1,0,28.89,0,0,0,1,0,0,1,0,0,2,30,30,0,1,11,5,4,0,1
1,0,0,25.73,1,0,0,1,0,0,1,0,0,2,30,30,0,1,12,6,6,0,1
1,1,0,32.28,1,0,0,1,0,0,1,0,0,3,30,30,0,1,11,6,6,0,1
1,1,0,28.7,0,0,0,1,0,0,1,0,0,1,30,30,0,1,10,5,6,0,1
1,0,0,27.4,0,0,0,0,0,0,1,0,0,2,30,30,0,2,14,4,6,0,1
1,1,0,29.26,0,0,0,1,0,0,1,0,0,4,30,21,1,2,11,5,6,0,1
1,0,0,29.29,0,0,0,1,0,0,1,0,0,3,30,30,0,1,10,6,6,0,1
1,0,0,25.51,0,0,0,1,0,0,1,0,0,3,30,30,0,2,12,4,6,0,1
1,1,0,39.13,0,0,1,1,0,0,1,0,0,3,30,30,0,1,10,6,6,0,1
1,0,0,24.37,1,0,0,1,0,0,1,0,0,3,30,30,0,1,10,5,6,0,1
1,0,0,27.4,0,0,0,1,0,0,1,0,0,4,30,30,0,2,10,5,6,0,1
1,1,0,35.3,0,0,1,1,0,0,1,0,0,2,30,30,0,2,13,4,6,0,1
1,1,0,32.89,0,0,0,0,0,0,1,0,0,4,20,10,0,2,10,4,5,0,1
1,1,0,27.44,1,0,0,1,0,0,1,0,0,3,30,30,0,2,10,6,6,0,1
1,0,0,25.23,0,0,0,1,0,0,1,0,0,2,30,30,0,1,12,6,10,0,1
1,0,0,27.4,1,0,0,1,0,0,1,0,0,3,30,30,0,2,10,5,6,0,1
1,0,0,23.01,0,0,0,1,0,0,1,0,0,2,30,30,0,1,10,5,6,0,1
1,1,0,32.19,0,0,0,1,0,0,1,0,0,4,30,30,0,1,10,6,4,0,1
1,0,0,26.97,1,0,0,1,0,0,1,0,0,2,30,30,0,1,6,4,11,0,1
1,1,0,32.61,0,0,0,0,0,0,1,0,0,4,30,30,1,2,10,5,5,0,1
1,0,0,28.34,1,0,0,0,0,0,1,0,0,4,30,30,0,2,13,4,6,0,1
1,0,0,29.76,0,0,0,1,0,0,1,0,0,3,30,2,0,1,10,5,6,0,1
1,1,0,27.46,0,0,0,0,0,0,1,0,0,3,30,30,0,2,10,6,6,0,1
1,1,0,27.4,0,0,0,0,0,0,1,0,0,3,30,30,0,2,10,6,6,0,1
1,1,0,27.4,0,0,0,1,0,0,1,0,0,3,30,14,0,2,12,6,6,0,1
1,1,0,31.89,0,0,0,1,0,0,1,0,0,3,28,30,0,2,10,6,6,0,1
1,1,0,38.39,1,0,0,1,0,0,0,0,0,3,30,30,0,1,6,4,6,0,1
1,1,0,30.13,0,0,0,1,0,0,1,0,0,2,30,30,0,1,12,6,6,0,1
1,0,0,40.69,0,0,0,1,0,0,1,0,0,2,30,5,0,1,10,6,6,0,1
1,1,0,33.47,0,0,0,1,0,0,1,0,0,2,30,30,0,1,11,6,10,0,1
1,1,0,27.4,0,0,1,1,0,0,1,0,0,3,30,30,0,1,11,5,6,0,1
1,0,0,25.82,0,0,0,1,0,0,1,0,0,3,30,30,0,2,10,5,6,0,1
1,0,0,40.34,0,0,0,0,0,0,1,0,0,4,30,30,1,2,12,4,6,0,1
1,1,0,27.4,1,0,0,1,0,0,1,0,0,3,30,30,0,2,10,6,6,0,1
1,0,0,35.87,1,0,0,0,0,0,1,0,0,4,10,30,1,1,12,4,6,0,1
1,0,0,44.63,1,1,1,0,0,0,1,0,0,5,30,30,1,1,10,6,6,0,1
1,1,0,32.08,1,0,0,1,0,0,1,0,0,3,30,30,0,1,10,5,6,0,1
1,1,0,23.72,1,0,0,1,0,0,1,0,0,3,30,10,0,1,11,6,11,0,1
1,0,0,29.76,1,0,0,1,0,0,1,0,0,3,30,30,0,2,10,5,11,0,1
1,1,0,26.63,1,0,0,1,0,0,1,0,0,3,30,30,0,1,10,5,6,0,1
1,1,0,27.4,1,0,0,1,0,0,1,0,0,3,30,1,0,2,11,4,5,0,1
1,0,0,39.46,0,0,1,1,0,0,1,0,0,3,30,30,0,2,10,6,6,0,1
1,1,0,27.4,0,0,0,0,0,0,1,0,0,3,30,30,0,2,10,5,6,0,1
1,1,0,31.19,1,0,0,1,0,0,1,0,0,2,30,30,0,1,10,6,6,0,1
1,1,0,28.32,1,0,0,1,0,0,1,0,0,3,30,30,0,2,10,4,1,0,1
1,1,0,27.4,0,0,0,0,0,0,1,0,0,1,30,30,0,2,11,2,6,0,1
1,1,0,26.95,0,0,0,1,0,0,1,0,0,3,30,30,0,2,10,2,4,0,1
1,1,0,26.61,0,0,0,0,0,0,1,0,0,2,30,30,0,2,12,4,6,0,1
1,1,0,32.5,0,0,0,0,0,0,1,0,0,2,1,30,0,1,12,6,6,0,1
1,1,0,31.32,1,1,0,1,0,0,1,0,0,3,30,30,0,1,12,4,6,0,1
1,1,0,31.62,0,0,0,1,0,0,1,0,0,3,30,30,0,2,10,6,6,0,1
1,0,0,24.13,1,0,0,0,0,0,1,0,0,2,30,30,1,1,13,6,6,0,1
1,1,0,31.57,0,0,0,1,0,0,1,0,0,2,30,1,0,1,10,6,6,0,1
1,1,0,27.4,1,0,0,0,0,0,1,0,0,4,30,30,1,2,10,5,6,0,1
1,1,0,39.13,1,0,0,0,0,0,1,0,0,4,30,30,1,1,13,5,6,0,1
1,1,0,29.65,1,0,0,1,0,0,1,0,0,1,30,30,0,1,12,6,6,0,1
1,0,0,27.4,0,0,0,1,0,0,1,0,0,4,30,30,0,2,4,6,6,0,1
1,1,0,20.8,0,0,0,1,0,0,1,0,0,2,30,1,0,2,10,6,6,0,1
1,0,0,41.6,0,0,0,1,0,0,1,0,0,3,30,30,0,2,10,6,6,0,1
1,0,0,35.73,0,0,0,0,0,0,1,0,0,4,30,28,1,1,10,2,6,0,1
1,1,0,30.21,0,0,0,1,0,0,1,0,0,2,30,30,0,2,6,6,11,0,1
1,1,0,26.54,0,0,0,1,0,0,1,0,0,3,30,30,0,2,6,6,6,0,1
1,1,0,29.65,0,0,0,1,0,0,1,0,0,1,30,30,0,2,12,6,6,0,1
1,0,0,32.61,0,0,0,0,0,0,1,0,0,2,30,30,0,2,10,5,6,0,1
1,1,0,26.58,0,0,0,1,0,0,1,0,0,3,30,30,1,1,12,5,6,0,1
1,1,0,29.53,1,0,1,0,0,0,1,0,0,5,30,30,1,1,10,5,6,0,1
1,1,0,24.97,0,0,0,0,0,0,1,0,1,4,30,30,0,1,10,4,3,0,1
1,0,0,30.85,1,0,0,1,0,0,1,0,0,2,30,30,0,1,4,6,6,0,1
1,1,0,41.2,0,0,0,1,0,0,1,0,0,5,27,25,1,2,10,6,6,0,1
1,1,0,28.17,1,1,0,0,0,0,1,0,0,5,30,30,1,1,13,4,6,0,1
1,1,0,26.58,0,0,0,1,0,0,1,0,0,2,30,30,0,2,12,5,6,0,1
1,0,0,26.96,1,0,0,1,0,0,1,0,0,3,30,30,0,2,13,5,6,0,1
1,1,0,27.71,0,0,0,1,0,0,0,0,0,2,30,30,0,1,10,4,6,0,1
1,1,0,51.69,1,0,0,0,0,0,1,0,0,3,30,30,1,1,11,4,6,0,1
1,0,0,25.84,1,0,0,1,0,0,1,0,0,3,30,30,0,1,12,5,6,0,1
1,1,0,41.2,0,0,0,1,0,0,1,0,0,3,30,30,0,2,6,5,5,0,1
1,1,0,28.25,0,0,1,1,0,0,1,0,0,2,30,30,0,1,12,6,6,0,1
1,1,0,46.34,0,0,0,1,0,0,1,0,0,4,2,30,0,2,10,6,6,0,1
1,1,0,25.09,0,0,0,1,0,0,1,0,0,2,30,30,0,1,13,6,6,0,1
1,1,0,31.25,1,0,0,1,0,0,1,0,0,3,30,30,0,1,10,4,6,0,1
1,1,0,26.29,0,0,1,1,0,0,1,0,0,3,30,30,0,1,10,6,6,0,1
1,1,0,42.51,1,0,0,0,0,0,1,0,0,3,3,3,0,2,10,4,6,0,1
1,1,0,29.84,1,0,0,1,0,0,1,0,0,3,30,5,0,1,10,5,6,0,1
1,1,0,31.32,0,0,0,0,0,0,1,0,1,3,30,5,1,1,10,4,6,0,1
1,1,0,32.03,1,0,0,1,0,0,1,0,0,3,30,30,0,2,10,6,6,0,1
1,1,0,26.58,1,0,0,1,0,0,1,0,0,4,30,30,0,1,10,6,6,0,1
1,1,0,32.61,0,0,0,0,0,0,1,0,0,3,30,30,0,2,13,5,6,0,1
1,0,0,33.28,0,0,0,0,0,0,1,0,0,3,30,30,0,1,10,5,6,0,1
1,1,0,27.4,0,1,0,0,0,0,1,0,0,2,30,30,0,1,10,6,6,0,1
1,0,0,23.05,0,0,0,0,0,0,1,0,0,2,30,30,0,2,13,4,6,0,1
1,1,0,35.44,1,0,0,1,0,0,1,0,0,3,30,30,1,2,10,6,6,0,1
1,1,0,32.61,0,0,0,1,0,0,1,0,0,3,30,30,0,2,10,5,6,0,1
1,0,0,26.93,0,0,0,1,0,0,1,0,0,3,30,30,0,2,12,6,6,0,1
1,0,0,33.91,0,0,0,1,0,0,1,0,0,3,30,30,0,1,1,5,6,0,1
1,1,0,27.4,0,0,0,0,0,0,1,0,0,2,30,30,0,1,10,2,5,0,1
1,1,0,30.42,1,0,0,0,0,0,1,0,0,3,30,4,0,1,12,5,6,0,1
1,1,0,27.96,1,0,0,1,0,0,1,0,0,2,30,30,0,2,10,6,10,0,1
1,1,0,27.4,0,0,0,0,0,0,1,0,0,5,20,5,0,2,10,6,6,0,1
1,0,0,27.4,0,0,0,1,0,0,1,0,1,3,30,30,0,2,10,6,6,0,1
1,1,0,38.41,0,0,0,1,0,0,1,0,0,3,15,10,1,2,10,5,4,0,1
1,1,0,24.75,1,1,0,0,0,0,1,0,0,5,15,30,1,1,10,5,2,0,1
1,1,0,37.76,1,0,0,0,0,0,1,0,0,4,2,30,1,2,10,4,5,0,1
1,1,0,20.82,0,0,0,0,0,0,1,0,0,4,30,30,1,2,11,2,6,0,1
1,1,0,32.78,0,0,0,1,0,0,1,0,0,3,30,30,0,2,10,5,6,0,1
1,0,0,29.37,0,0,0,1,0,0,1,0,0,2,30,30,0,1,5,6,6,0,1
1,1,0,34.3,0,0,0,1,0,0,1,0,0,3,30,30,0,1,11,6,6,0,1
1,1,0,27.4,0,0,0,0,0,0,1,0,0,2,30,30,0,2,10,5,6,0,1
1,1,0,37.94,0,0,0,1,0,0,1,0,0,3,30,30,1,2,11,5,6,0,1
1,1,0,36.31,1,0,0,1,0,0,1,0,0,2,30,30,0,2,10,6,6,0,1
1,1,0,34.44,1,0,0,0,0,0,1,0,0,3,1,30,0,1,10,4,6,0,1
1,1,0,38.65,0,0,0,0,0,0,1,0,0,4,30,30,1,1,10,5,6,0,1
1,0,0,42.07,1,0,0,1,0,0,1,0,0,3,30,3,0,2,12,6,6,0,1
1,0,0,25.1,0,0,0,0,0,0,1,0,0,3,30,30,0,1,10,6,6,0,1
1,1,0,27.4,0,0,0,1,0,0,1,0,0,3,28,2,0,2,10,5,6,0,1
1,1,0,26.26,1,0,0,0,0,0,1,0,0,4,30,30,1,2,10,4,6,0,1
1,1,0,27.4,0,0,0,0,0,0,1,0,0,3,30,30,0,1,10,3,6,0,1
1,1,0,46.34,1,0,0,0,0,0,1,0,0,4,30,30,0,2,10,5,6,0,1
1,1,0,53.71,0,0,0,1,0,0,1,0,1,4,20,5,1,2,10,4,6,0,1
1,1,0,29.53,0,0,1,1,0,0,1,0,0,5,30,30,0,2,10,6,6,0,1
1,1,0,26.75,1,0,0,1,0,0,1,0,0,2,30,30,0,2,13,5,6,0,1
1,1,0,21.09,1,0,0,0,0,0,1,0,0,4,30,5,0,1,10,4,5,0,1
1,1,0,27.44,0,0,0,0,0,0,1,0,0,3,30,2,0,2,11,6,5,0,1
1,1,0,35.73,0,0,0,1,0,0,1,0,0,3,30,2,0,1,11,6,6,0,1
1,0,0,37.57,1,0,0,0,0,0,1,0,0,4,30,30,1,1,10,4,6,0,1
1,0,0,27.46,0,0,0,1,0,0,1,0,0,2,30,30,0,2,13,5,6,0,1
1,1,0,38.35,1,0,1,1,0,0,1,0,0,5,3,2,1,1,10,3,6,0,1
1,1,0,39.33,0,0,0,1,0,0,1,0,0,3,30,30,0,1,10,6,11,0,1
1,1,0,25.06,1,0,0,1,0,0,1,0,0,4,30,30,1,1,10,4,6,0,1
1,1,0,26.63,0,0,0,1,0,0,1,0,0,2,30,30,0,2,10,6,6,0,1
1,1,0,33.67,0,0,0,1,0,0,1,0,0,3,30,30,1,1,11,5,6,0,1
1,1,0,34.97,1,0,0,0,0,0,1,0,0,3,30,30,1,2,12,6,6,0,1
1,1,0,27.4,0,0,0,0,0,0,1,0,0,3,30,30,0,2,10,6,6,0,1
1,0,0,25.02,0,0,0,1,0,0,1,0,0,1,30,30,0,1,10,6,6,0,1
1,0,0,38.01,1,0,0,1,0,0,1,0,0,3,2,6,0,1,10,4,6,0,1
1,1,0,27.4,1,0,0,0,0,0,1,0,0,4,30,30,1,2,10,5,6,0,1
1,1,0,32.12,0,0,0,0,0,0,1,0,0,4,15,30,1,2,10,4,4,0,1
1,0,0,29.29,1,0,0,1,0,0,1,0,0,5,30,30,0,1,10,5,6,0,1
1,0,0,28.5,0,0,0,0,0,0,1,0,0,5,30,29,1,1,12,5,5,0,1
1,0,0,30.68,1,0,0,1,0,0,1,0,0,3,30,30,0,1,10,4,6,0,1
1,0,0,27.4,0,0,0,1,0,0,1,0,0,3,5,30,0,2,6,6,6,0,1
1,0,0,48.81,0,0,0,0,0,0,1,0,0,3,30,30,0,1,10,4,6,0,1
1,1,0,33.89,1,0,0,1,0,0,1,0,0,1,30,30,0,1,11,6,6,0,1
1,0,0,35.67,1,0,0,0,0,0,1,0,0,3,5,5,0,2,11,4,4,0,1
1,0,0,27.4,1,0,0,1,0,0,1,0,0,2,30,30,0,1,11,6,6,0,1
1,1,0,27.4,0,0,0,0,0,0,1,0,0,2,30,30,0,2,11,5,6,0,1
1,1,0,28.25,0,0,0,0,0,0,1,0,0,4,30,30,0,1,12,4,6,0,1
1,1,0,35.87,0,0,0,0,0,0,1,0,0,3,3,3,0,1,10,4,6,0,1
1,1,0,29.29,1,1,1,0,0,0,1,0,0,5,30,30,1,1,12,6,5,0,1
1,1,0,36.65,1,0,0,0,0,0,1,0,0,4,30,30,1,2,10,5,5,0,1
1,1,0,28.21,1,0,0,1,0,0,1,0,0,3,30,30,0,1,10,4,10,0,1
1,0,1,28.89,0,0,0,0,0,0,1,0,0,3,30,30,0,1,10,4,6,0,1
1,0,0,27.4,0,0,0,0,0,0,1,0,0,4,30,30,1,2,10,4,5,0,1
1,1,0,22.67,0,0,0,1,0,0,1,0,0,2,30,30,0,2,11,6,6,0,1
1,1,0,23.75,0,0,0,1,0,0,1,0,0,2,30,30,0,1,10,6,11,0,1
1,0,0,57.61,0,0,0,0,0,0,1,0,0,5,5,30,1,2,10,5,6,0,1
1,1,0,39.06,1,0,0,0,0,0,1,0,0,3,30,30,1,2,11,4,4,0,1
1,1,0,27.4,1,0,0,1,0,0,1,0,0,4,30,30,1,2,10,6,6,0,1
1,0,0,32.98,1,0,0,1,0,0,1,0,0,2,30,30,0,1,10,6,6,0,1
1,1,0,40.74,0,0,0,1,0,0,1,0,0,3,30,30,1,2,10,5,6,0,1
1,1,0,53.09,0,0,0,0,0,0,1,0,0,3,30,30,0,1,10,6,6,0,1
1,0,0,35.7,1,0,0,1,0,0,1,0,0,2,30,30,0,1,12,5,6,0,1
1,0,0,30.52,1,0,0,1,0,0,1,0,0,3,30,30,0,1,11,6,6,0,1
1,1,0,33.66,0,0,0,1,0,0,1,0,0,3,30,30,0,2,11,6,6,0,1
1,0,0,27.4,0,0,0,0,0,0,1,0,0,3,30,30,1,2,13,5,6,0,1
1,0,0,32.98,0,0,0,1,0,0,1,0,0,3,30,30,0,1,10,5,6,0,1
1,1,0,29.18,1,1,0,0,0,0,1,0,0,4,30,30,1,2,11,5,6,0,1
1,0,0,27.4,0,0,0,1,0,0,1,0,0,3,30,30,0,2,11,5,5,0,1
1,1,0,22.15,1,0,0,0,0,0,1,0,0,3,30,30,0,2,10,5,6,0,1
1,0,0,31.75,0,0,0,0,0,0,1,0,0,4,30,28,1,2,11,6,6,0,1
1,1,0,29.85,0,0,0,0,0,0,1,0,0,3,30,2,0,2,10,6,6,0,1
1,0,0,28.19,0,0,0,1,0,0,1,0,0,3,30,30,0,1,13,4,6,0,1
1,0,0,33.51,0,0,0,1,0,0,1,0,0,2,30,30,0,1,10,6,11,0,1
1,1,0,34.44,1,0,0,1,0,0,1,0,0,3,30,30,0,1,10,6,6,0,1
1,1,0,61.57,1,0,0,0,0,0,1,0,1,5,30,30,1,1,11,5,6,0,1
1,1,0,24.41,0,0,0,1,0,0,1,0,0,3,30,30,0,1,13,5,6,0,1
1,1,0,38.27,1,0,0,1,0,0,1,0,0,5,30,25,1,2,12,4,4,0,1
1,1,0,31.0,0,0,0,0,0,0,1,0,0,4,14,5,0,2,10,6,6,0,1
1,1,0,34.2,0,0,0,1,0,0,1,0,0,4,30,15,0,2,10,4,6,0,1
1,1,0,27.4,0,0,0,0,0,0,1,0,0,4,30,30,1,1,12,6,6,0,1
1,0,0,32.1,1,0,0,1,0,0,1,0,0,3,30,1,0,1,10,4,6,0,1
1,1,0,26.63,0,0,0,1,0,0,1,0,0,2,30,30,0,2,11,5,6,0,1
1,1,0,39.11,1,0,0,0,0,0,1,0,0,3,30,30,0,1,13,4,5,0,1
1,0,0,21.83,0,0,0,1,0,0,1,0,0,3,30,30,0,1,10,6,11,0,1
1,0,0,25.85,1,0,0,0,0,0,1,0,0,3,30,30,0,1,12,6,6,0,1
1,1,0,23.67,0,0,0,1,0,0,1,0,0,2,2,30,0,1,10,6,6,0,1
1,1,0,33.2,0,0,0,1,0,0,1,0,0,3,30,30,0,2,10,5,6,0,1
1,1,0,32.92,1,0,0,0,0,0,1,0,0,5,30,30,1,2,11,5,2,0,1
1,1,0,33.9,0,0,1,0,0,0,1,0,0,5,30,30,1,1,10,5,2,0,1
1,1,0,25.5,1,0,0,0,0,0,1,0,0,2,30,30,0,1,11,4,6,0,1
1,0,0,33.66,0,1,0,0,0,0,1,0,0,4,20,10,1,2,11,5,6,0,1
1,0,0,42.07,0,0,0,1,0,0,1,0,0,3,30,30,0,2,10,6,6,0,1
1,1,0,28.7,0,0,0,1,0,0,1,0,0,2,30,30,0,1,11,6,6,0,1
1,1,0,25.79,1,0,0,1,0,0,1,0,0,2,30,30,0,1,12,4,6,0,1
1,1,0,38.74,0,0,0,0,0,0,1,0,0,4,30,30,1,2,10,4,5,0,1
1,0,0,32.78,0,1,0,1,0,0,1,0,0,3,30,30,1,1,10,5,6,0,1
1,1,0,41.61,1,0,0,1,0,0,1,0,0,4,30,30,0,1,10,6,6,0,1
1,1,0,27.4,0,0,0,0,0,0,1,0,0,5,30,30,0,2,10,4,3,0,1
1,1,0,30.9,1,0,0,1,0,0,1,0,0,3,30,30,0,2,10,6,6,0,1
1,1,0,26.79,0,1,1,0,0,0,1,0,0,4,30,30,1,2,10,5,1,0,1
1,0,0,26.52,0,0,0,1,0,0,1,0,0,3,30,30,0,2,10,6,6,0,1
1,1,0,36.58,0,0,0,1,0,0,1,0,0,3,30,30,0,2,10,5,6,0,1
1,1,0,41.63,0,0,0,1,0,0,1,0,0,3,4,30,0,2,11,5,5,0,1
1,1,0,37.25,0,0,0,1,0,0,1,0,0,4,30,5,1,2,10,5,6,0,1
1,1,0,44.92,0,0,0,1,0,0,1,0,0,4,2,30,1,2,10,3,6,0,1
1,0,0,33.2,1,0,0,0,0,0,1,0,0,3,30,30,1,2,10,5,6,0,1
1,1,0,27.2,0,0,0,1,0,0,1,0,0,1,30,30,0,1,10,6,6,0,1
1,0,0,27.4,0,0,0,1,0,0,1,0,0,3,30,30,0,2,12,6,6,0,1
1,0,0,28.34,0,0,0,1,0,0,1,0,0,1,30,30,0,2,13,5,6,0,1
1,1,0,29.95,0,0,0,1,0,0,1,0,0,3,2,30,0,2,10,6,6,0,1
1,0,0,27.4,0,0,0,1,0,0,1,0,0,4,30,30,0,2,13,4,6,0,1
1,0,0,33.37,1,0,0,1,0,0,1,0,0,3,30,30,0,1,10,4,6,0,1
1,1,0,30.34,0,0,0,1,0,0,1,0,0,4,30,30,0,1,10,6,6,0,1
1,1,0,29.99,0,0,0,0,0,0,1,0,0,5,22,20,1,1,10,4,3,0,1
1,1,0,26.87,0,0,1,1,0,0,1,0,0,3,30,30,0,1,12,6,6,0,1
1,1,0,32.28,1,0,1,0,0,0,1,0,0,4,30,6,0,2,10,4,6,0,1
1,1,0,27.46,1,1,0,1,0,0,1,0,0,3,30,2,0,1,11,6,6,0,1
1,1,0,26.52,1,0,0,1,0,0,1,0,0,3,30,30,0,2,10,4,6,0,1
1,0,0,22.31,0,0,0,0,0,0,1,0,0,3,30,5,0,2,13,4,6,0,1
1,0,0,27.4,1,0,0,1,0,0,1,0,0,2,30,30,0,1,11,6,6,0,1
1,1,0,43.42,0,0,1,0,0,0,1,0,0,4,2,30,1,2,12,4,6,0,1
1,1,0,37.2,0,0,1,0,0,0,1,0,0,4,10,1,1,2,10,5,5,0,1
1,1,0,35.35,0,0,0,1,0,0,1,0,0,3,30,15,1,2,11,5,6,0,1
1,1,0,29.12,0,1,0,1,0,0,1,0,0,3,30,30,0,2,10,6,5,0,1
1,0,0,28.75,0,0,0,1,0,0,1,0,0,3,30,30,0,1,10,6,6,0,1
1,1,0,27.4,0,0,0,1,0,0,1,0,0,4,30,30,0,1,10,6,6,0,1
1,1,0,35.08,1,0,0,1,0,0,1,0,0,3,30,15,0,2,11,4,4,0,1
1,0,0,31.0,0,0,0,1,0,0,1,0,0,2,30,30,0,1,10,6,6,0,1
1,0,0,27.4,1,0,0,1,0,0,1,0,0,3,30,30,1,2,10,5,6,0,1
1,0,0,41.84,1,0,0,1,0,0,1,0,0,3,30,30,1,1,10,4,6,0,1
1,0,0,26.57,0,0,0,1,0,0,1,0,0,2,30,30,0,2,12,6,6,0,1
1,1,0,27.4,0,0,0,0,0,0,1,0,0,5,20,20,0,2,11,4,6,0,1
1,1,0,26.61,0,0,0,1,0,0,1,0,0,3,30,30,0,2,11,5,6,0,1
1,1,0,30.13,0,0,0,1,0,0,1,0,0,3,30,30,0,1,10,6,6,0,1
1,1,0,25.61,1,0,0,0,0,0,1,0,0,3,3,30,0,2,12,4,6,0,1
1,0,0,47.85,0,0,0,0,0,0,1,0,0,5,30,30,1,2,11,4,5,0,1
1,0,0,24.39,0,1,0,1,0,0,1,0,0,2,30,30,0,1,13,6,6,0,1
1,1,0,34.26,0,0,0,1,0,0,1,0,0,3,30,30,0,1,11,6,6,0,1
1,1,0,27.4,0,0,0,0,0,0,1,0,0,3,30,30,0,2,10,4,6,0,1
1,1,0,27.4,0,0,0,0,0,0,1,0,0,3,30,30,0,2,10,5,6,0,1
1,1,0,28.08,0,0,0,0,0,0,1,0,0,4,5,1,1,1,13,4,6,0,1
1,1,0,31.32,0,1,0,0,0,0,1,0,0,5,15,30,1,2,12,5,6,0,1
1,0,0,32.28,0,0,0,1,0,0,1,0,0,4,30,4,0,1,10,5,6,0,1
1,0,0,31.09,0,0,0,1,0,0,1,0,0,3,30,30,0,2,10,4,6,0,1
1,1,0,34.11,0,0,0,1,0,0,1,0,0,4,30,30,1,2,11,6,6,0,1
1,1,0,25.61,1,1,0,0,0,0,1,0,0,3,30,30,0,2,10,6,6,0,1
1,1,0,39.94,1,0,0,0,0,0,1,0,0,4,30,30,1,2,10,4,6,0,1
1,1,0,19.58,1,1,1,0,0,0,1,0,0,5,30,30,1,1,13,4,6,0,1
1,1,0,27.12,1,0,0,1,0,0,1,0,0,3,30,30,0,1,10,4,6,0,1
1,1,0,39.16,0,0,0,1,0,0,1,0,0,3,30,30,0,2,10,6,11,0,1
1,1,0,36.62,0,0,0,1,0,0,1,0,0,2,30,30,0,1,10,6,6,0,1
1,1,0,25.1,0,0,0,1,0,0,1,0,0,2,30,30,0,1,10,5,6,0,1
1,1,0,31.41,0,0,0,1,0,0,1,0,0,3,30,30,0,2,10,6,6,0,1
1,1,0,31.32,0,0,0,1,0,0,1,0,0,3,30,30,0,1,11,6,6,0,1
1,0,0,27.4,0,0,0,0,0,0,1,0,0,3,30,30,0,2,10,5,6,0,1
1,1,0,27.71,1,0,1,0,0,0,1,0,0,3,30,30,0,1,10,5,4,0,1
1,0,0,32.08,1,0,0,1,0,0,1,0,0,3,30,30,0,1,12,4,4,0,1
1,1,0,24.41,1,0,0,1,0,0,1,0,0,2,30,30,0,1,10,6,6,0,1
1,1,0,27.98,1,0,0,1,0,0,1,0,0,2,30,30,0,1,11,6,6,0,1
1,1,0,27.4,0,0,0,1,0,0,1,0,0,3,30,5,0,2,10,6,6,0,1
1,0,0,27.4,1,0,0,1,0,0,1,0,0,2,30,30,0,2,11,5,6,0,1
1,1,0,51.68,0,0,0,1,0,0,1,0,0,4,2,10,0,2,10,5,4,0,1
1,1,0,32.61,0,0,0,0,0,0,1,0,0,4,30,10,1,2,12,5,6,0,1
1,0,0,36.92,0,0,0,1,0,0,1,0,0,3,30,30,1,1,10,4,6,0,1
1,1,0,26.63,0,0,0,0,0,0,1,0,0,3,30,1,0,2,11,4,5,0,1
1,1,0,36.78,1,1,0,1,0,0,0,0,0,4,3,30,1,2,10,4,2,0,1
1,0,0,30.18,1,0,0,0,0,0,1,0,0,1,30,30,0,2,13,4,6,0,1
1,1,0,30.11,1,0,0,0,0,0,1,0,0,3,30,1,0,2,10,5,6,0,1
1,0,0,27.4,0,0,0,0,0,0,1,0,0,4,30,30,0,2,13,2,6,0,1
1,1,0,44.39,0,0,0,1,0,0,1,0,0,4,5,30,0,2,10,6,6,0,1
1,1,0,35.73,0,0,0,0,0,0,1,0,0,4,30,15,0,1,10,6,6,0,1
1,0,0,24.68,0,0,0,1,0,0,1,0,0,3,30,30,0,1,10,6,6,0,1
1,1,0,24.87,0,0,0,0,0,0,1,0,0,4,30,30,1,2,10,2,6,0,1
1,0,0,38.74,0,0,0,1,0,0,1,0,0,2,30,10,0,1,10,5,6,0,1
1,1,0,27.4,0,0,0,1,0,0,1,0,0,3,30,30,0,2,14,5,6,0,1
1,0,0,27.4,0,0,0,1,0,0,1,0,0,3,30,5,0,2,10,5,6,0,1
1,1,0,27.88,1,0,0,0,0,0,1,0,0,2,30,30,0,1,13,4,5,0,1
1,1,0,20.78,0,0,0,1,0,0,1,0,0,4,30,30,1,2,13,2,6,0,1
1,1,0,34.97,1,0,0,0,0,0,1,0,1,4,10,20,0,2,5,4,5,0,1
1,1,0,37.79,1,0,0,0,0,0,1,0,0,3,30,30,0,2,10,5,6,0,1
1,1,0,27.4,0,0,0,0,0,0,1,0,0,3,30,30,0,2,10,4,6,0,1
1,0,0,27.4,0,0,0,0,0,0,1,0,0,4,30,30,0,2,6,2,4,0,1
1,1,0,28.7,1,0,0,1,0,0,1,0,0,3,30,30,0,1,14,6,6,0,1
1,1,0,37.12,1,0,0,1,0,0,1,0,0,4,14,30,1,2,10,2,6,0,1
1,1,0,27.47,0,0,0,1,0,0,1,0,0,3,30,30,0,2,11,6,6,0,1
1,0,0,27.4,0,0,0,1,0,0,1,0,0,4,30,30,0,1,10,5,6,0,1
1,1,0,34.01,0,0,0,1,0,0,1,0,0,4,4,30,0,2,10,4,5,0,1
1,0,0,33.89,0,0,0,0,0,0,1,0,0,3,30,30,0,2,10,5,6,0,1
1,0,0,36.62,1,0,1,1,0,0,1,0,0,4,5,20,1,1,13,5,6,0,1
1,1,0,27.4,0,1,0,0,0,0,1,0,0,3,14,14,1,2,12,5,6,0,1
1,1,0,31.53,0,0,0,0,0,0,1,0,0,3,30,2,0,2,10,6,6,0,1
1,1,0,29.29,0,0,0,1,0,0,1,0,0,3,30,30,0,2,10,5,6,0,1
1,1,0,28.29,0,0,0,0,0,0,1,0,0,4,30,30,1,2,12,4,4,0,1
1,0,0,34.37,1,0,0,1,0,0,1,0,0,2,30,30,0,1,13,4,6,0,1
1,1,0,26.61,0,0,0,1,0,0,1,0,0,1,30,30,0,1,10,6,6,0,1
1,1,0,26.5,0,0,0,1,0,0,1,0,0,3,30,30,0,1,5,4,6,0,1
1,1,0,29.95,1,0,0,0,0,0,1,0,1,5,21,21,0,2,10,5,6,0,1
1,1,0,32.93,0,0,0,0,0,0,1,0,0,5,30,30,1,2,10,4,6,0,1
1,0,0,25.75,1,0,0,1,0,0,1,0,0,3,30,30,0,2,13,4,6,0,1
1,0,0,30.13,1,0,0,1,0,0,1,0,0,2,30,2,0,1,12,6,6,0,1
1,1,0,23.71,0,0,0,1,0,0,1,0,0,2,1,30,0,1,13,6,6,0,1
1,0,0,33.67,0,0,0,1,0,0,1,0,0,2,30,30,0,1,13,6,6,0,1
1,1,0,27.4,0,0,0,1,0,0,1,0,0,3,15,5,1,2,11,6,6,0,1
1,1,0,31.71,1,0,0,1,0,0,1,0,1,4,5,30,0,1,10,5,6,0,1
1,1,0,38.28,0,0,0,1,0,0,1,0,0,3,30,30,0,2,10,5,6,0,1
1,1,0,33.23,1,0,0,1,0,0,1,0,0,3,30,30,0,1,10,5,6,0,1
1,0,0,27.4,0,0,0,0,0,0,1,0,0,3,30,30,0,2,10,5,6,0,1
1,1,0,26.5,0,0,0,0,0,0,1,0,0,4,30,30,0,1,12,6,6,0,1
1,0,0,24.41,0,0,0,1,0,0,1,0,0,2,30,30,0,1,11,6,6,0,1
1,1,0,40.74,0,0,0,1,0,0,1,0,0,3,30,30,0,2,6,6,10,0,1
1,1,0,27.62,0,0,0,1,0,0,1,0,0,3,30,10,1,1,13,6,6,0,1
1,1,0,30.73,0,0,0,1,0,0,1,0,0,2,30,30,0,2,10,5,6,0,1
1,1,0,27.62,1,0,0,0,0,0,1,0,0,4,30,30,0,2,12,5,6,0,1
1,0,0,27.4,1,0,0,1,0,0,1,0,0,3,30,30,1,2,10,5,6,0,1
1,1,0,41.63,0,0,0,1,0,0,1,0,0,3,30,4,0,1,10,6,6,0,1
1,0,0,26.58,1,0,0,0,0,0,1,0,0,2,30,30,0,1,11,5,4,0,1
1,1,0,31.87,1,0,0,0,0,0,1,0,0,3,30,30,0,1,10,5,6,0,1
1,1,0,35.67,1,0,0,0,0,0,1,0,0,3,30,30,0,2,10,5,6,0,1
1,1,0,29.12,0,0,0,1,0,0,1,0,0,2,30,30,0,2,10,6,6,0,1
1,1,0,27.4,1,0,1,0,0,0,1,0,0,5,3,15,1,2,11,5,6,0,1
1,1,0,22.59,0,0,0,1,0,0,1,0,0,2,30,30,0,1,13,6,6,0,1
1,1,0,32.82,0,0,0,1,0,0,1,0,0,4,30,30,1,1,10,5,6,0,1
1,0,0,27.4,0,0,0,0,0,0,1,0,0,4,30,30,0,2,10,4,6,0,1
1,1,0,27.4,0,0,0,0,0,0,1,0,0,2,30,30,0,2,11,5,6,0,1
1,1,0,23.46,1,0,0,1,0,0,1,0,0,3,30,30,1,1,10,6,6,0,1
1,1,0,27.62,0,0,0,1,0,0,1,0,0,3,30,30,0,1,12,6,6,0,1
1,1,0,33.96,1,0,0,1,0,0,1,0,0,3,30,30,0,1,11,2,6,0,1
1,1,0,44.93,0,0,0,0,0,0,1,0,0,4,30,30,1,1,10,5,5,0,1
1,0,0,30.91,1,0,0,1,0,0,1,0,0,3,30,30,0,2,10,5,6,0,1
1,1,0,35.44,1,1,1,0,0,0,1,0,0,4,30,30,1,1,12,5,5,0,1
1,0,0,22.15,0,0,0,1,0,0,1,0,0,4,30,24,0,1,10,5,5,0,1
1,1,0,50.4,1,0,0,0,0,0,1,0,0,5,30,30,1,1,10,4,6,0,1
1,0,0,23.17,1,0,0,0,0,0,1,0,0,3,5,30,0,2,12,6,6,0,1
1,1,0,27.32,1,0,0,0,0,0,1,0,0,4,30,30,0,1,6,4,6,0,1
1,1,0,29.99,0,0,0,1,0,0,1,0,0,3,30,30,0,1,10,6,10,0,1
1,1,0,41.35,0,0,0,1,0,0,1,0,0,3,30,10,1,2,10,4,4,0,1
1,0,0,27.4,0,0,0,1,0,0,1,0,0,2,30,30,0,2,11,6,6,0,1
1,1,0,32.77,0,0,0,1,0,0,1,0,0,3,30,30,0,2,10,5,6,0,1
1,1,0,18.79,1,0,0,1,0,0,1,0,0,3,30,30,0,1,10,4,6,0,1
1,0,0,24.33,0,0,0,0,0,0,1,0,0,4,30,30,1,1,10,2,1,0,1
1,0,0,27.4,0,0,0,0,0,0,1,0,0,3,30,30,1,2,14,6,6,0,1
1,1,0,38.25,0,1,0,1,0,0,1,0,0,5,30,30,1,1,10,5,2,0,1
1,1,0,24.13,1,0,0,1,0,0,1,0,0,2,30,30,0,2,10,6,5,0,1
1,1,0,26.57,0,0,0,1,0,0,1,0,0,3,30,2,0,2,13,6,6,0,1
1,1,0,36.18,1,0,1,0,0,0,1,0,0,3,30,5,0,1,10,6,6,0,1
1,1,0,20.92,1,0,0,1,0,0,1,0,0,3,30,30,0,1,10,6,6,0,1
1,1,0,29.84,1,0,0,1,0,0,1,0,0,3,30,30,0,1,11,6,6,0,1
1,1,0,27.4,0,0,0,1,0,0,1,0,0,3,30,5,0,2,10,5,6,0,1
1,1,0,37.2,1,0,0,1,0,0,1,0,0,2,30,30,0,2,11,6,6,0,1
1,1,0,32.32,0,0,0,1,0,0,1,0,0,3,30,30,0,1,10,6,6,0,1
1,1,0,27.4,0,0,0,1,0,0,1,0,1,3,30,30,0,2,10,5,6,0,1
1,1,0,27.4,0,0,0,0,0,0,1,0,0,3,30,30,0,1,12,4,5,0,1
1,0,0,25.25,0,0,0,0,0,0,1,0,0,2,30,30,0,1,12,6,6,0,1
1,1,0,21.79,1,1,1,0,0,0,1,0,0,5,30,30,1,2,10,4,2,0,1
1,0,0,27.4,0,0,0,0,0,0,1,0,0,2,30,30,0,2,13,6,6,0,1
1,0,0,23.57,1,0,0,1,0,0,1,0,0,3,30,30,0,1,10,6,11,0,1
1,1,0,26.96,0,0,0,0,0,0,1,0,0,3,30,30,0,1,10,5,6,0,1
1,0,0,24.41,1,0,0,1,0,0,1,0,0,3,30,30,0,1,10,4,6,0,1
1,1,0,27.4,0,0,0,1,0,0,1,0,0,2,30,30,0,1,14,5,6,0,1
1,1,0,34.86,1,0,0,1,0,0,1,0,0,4,30,30,1,1,12,6,6,0,1
1,0,0,24.41,1,0,0,1,0,0,1,0,0,3,30,30,0,1,10,4,6,0,1
1,1,0,35.07,1,0,0,1,0,0,1,0,0,5,3,30,1,2,10,4,2,0,1
1,1,0,35.26,1,0,0,0,0,0,1,0,0,3,30,30,0,1,10,3,6,0,1
1,0,0,30.04,0,0,0,1,0,0,1,0,0,4,30,30,0,2,13,5,2,0,1
1,1,0,32.98,0,0,0,1,0,0,1,0,0,4,30,30,1,1,10,4,6,0,1
1,1,0,22.81,1,1,1,0,0,0,1,0,1,4,30,30,1,1,10,3,2,0,1
1,0,0,34.21,1,0,0,0,0,0,1,0,0,3,30,30,1,1,11,5,5,0,1
1,1,0,27.4,0,0,1,1,0,0,1,0,0,3,30,30,0,2,10,5,6,0,1
1,0,0,25.11,0,0,1,1,0,0,1,0,0,3,30,30,0,1,11,6,6,0,1
1,1,0,33.28,0,0,0,0,0,0,1,0,0,2,30,30,0,2,11,6,6,0,1
1,1,0,22.07,0,0,1,0,0,0,1,0,1,4,30,30,1,2,13,6,4,0,1
1,1,0,36.62,0,0,0,1,0,0,1,0,0,5,30,30,0,1,10,5,6,0,1
1,1,0,33.67,0,0,0,0,0,0,1,0,0,4,30,30,0,2,10,4,6,0,1
1,1,0,46.94,0,0,0,0,0,0,1,0,0,4,2,4,1,2,10,4,6,0,1
1,0,0,27.4,0,0,0,1,0,0,1,0,0,3,30,30,0,1,10,4,6,0,1
1,1,0,43.05,1,0,0,1,0,0,1,0,0,4,2,10,0,1,10,4,6,0,1
1,0,0,24.63,0,0,0,1,0,0,1,0,0,2,30,30,0,2,10,6,6,0,1
1,1,0,30.71,1,0,0,1,0,0,1,0,0,4,30,30,0,1,10,4,6,0,1
1,1,0,24.41,0,0,0,1,0,0,1,0,0,2,30,30,0,2,12,6,6,0,1
1,1,0,27.44,0,0,0,1,0,0,1,0,0,2,30,30,0,2,10,6,6,0,1
1,1,0,27.1,0,0,0,1,0,0,1,0,0,3,30,30,0,1,5,4,6,0,1
1,1,0,33.28,0,0,0,0,0,0,1,0,1,5,30,30,1,2,10,3,6,0,1
1,0,0,27.4,0,0,1,0,0,0,1,0,0,4,30,10,0,1,10,5,6,0,1
1,0,0,27.4,1,0,0,1,0,0,1,0,0,3,30,30,1,1,11,4,4,0,1
1,0,0,27.4,0,0,0,1,0,0,1,0,0,3,30,30,1,2,13,2,6,0,1
1,1,0,28.29,1,0,1,1,0,0,1,0,0,3,30,30,0,1,13,5,6,0,1
1,0,0,33.54,0,0,0,0,0,0,1,0,0,3,30,30,0,2,4,2,6,0,1
1,1,0,27.44,0,0,0,1,0,0,1,0,0,3,30,30,0,2,2,6,10,0,1
1,1,0,28.07,0,0,0,0,0,0,1,0,0,3,30,30,0,1,10,4,2,0,1
1,1,0,27.98,1,0,0,0,0,0,1,0,0,4,20,15,1,2,11,3,1,0,1
1,0,0,31.2,1,0,0,1,0,0,1,0,1,2,20,30,0,1,6,5,6,0,1
1,0,0,27.4,0,0,0,0,0,0,1,0,0,5,20,30,1,2,11,5,6,0,1
1,1,0,30.81,1,0,0,1,0,0,1,0,0,3,30,30,0,1,10,5,6,0,1
1,1,0,49.38,1,0,0,1,0,0,1,0,0,3,30,30,1,2,10,5,6,0,1
1,1,0,38.08,0,1,0,1,0,0,1,0,0,4,30,10,1,2,10,3,3,0,1
1,0,0,26.63,0,0,0,0,0,0,1,0,0,4,14,14,1,2,10,5,3,0,1
1,1,0,29.84,1,0,0,0,0,0,1,0,0,3,30,30,0,1,10,6,6,0,1
1,0,0,27.12,0,0,0,1,0,0,1,0,0,2,30,30,0,1,6,4,6,0,1
1,0,0,41.05,0,0,1,1,0,0,1,0,0,3,30,30,0,1,10,6,6,0,1
1,1,0,32.22,0,1,0,0,0,0,1,0,0,5,30,25,1,2,13,3,6,0,1
1,1,0,26.63,0,0,0,1,0,0,1,0,0,2,30,30,0,2,10,6,6,0,1
1,1,0,29.08,1,0,0,1,0,0,1,0,0,2,30,30,0,2,11,5,6,0,1
1,1,0,27.4,1,0,0,0,0,0,1,0,0,4,30,30,0,2,10,6,6,0,1
1,1,0,26.63,0,1,0,0,0,0,1,0,0,4,30,20,0,2,11,6,6,0,1
1,1,0,28.59,0,0,0,1,0,0,1,0,0,4,5,3,1,1,13,6,6,0,1
1,1,0,33.29,1,0,0,1,0,0,1,0,0,3,5,30,0,2,10,6,6,0,1
1,1,0,40.35,1,0,0,0,0,0,1,0,0,3,30,30,1,2,11,5,6,0,1
1,1,0,30.72,1,1,0,0,0,0,1,0,0,5,30,30,1,1,13,4,6,0,1
1,1,0,23.91,0,1,0,1,0,0,1,0,0,5,25,30,0,2,13,5,6,0,1
1,0,0,23.41,0,0,0,0,0,0,1,0,0,2,30,30,0,2,10,5,6,0,1
1,1,0,49.38,1,0,0,0,0,0,1,0,0,3,2,15,1,2,10,5,5,0,1
1,1,0,25.38,0,0,0,1,0,0,1,0,0,2,30,1,0,1,11,6,11,0,1
1,1,0,25.82,1,0,0,0,0,0,1,0,0,4,15,30,1,1,10,4,2,0,1
1,1,0,31.47,1,0,1,1,0,0,1,0,0,3,30,30,0,1,11,5,6,0,1
1,1,0,35.12,0,0,0,1,0,0,1,0,0,4,30,5,0,2,11,6,6,0,1
1,0,0,26.93,0,0,0,1,0,0,1,0,0,4,30,30,1,2,12,5,5,0,1
1,1,0,22.15,1,0,0,1,0,0,1,0,0,4,30,30,0,1,10,4,6,0,1
1,1,0,38.09,1,0,0,0,0,0,1,0,0,4,30,30,1,2,12,5,5,0,1
1,0,0,29.95,1,0,0,0,0,0,1,0,0,3,30,30,1,1,12,2,2,0,1
1,0,0,46.03,1,0,0,1,0,0,1,0,0,3,30,30,0,1,11,5,6,0,1
1,0,0,29.41,1,0,0,0,0,0,1,0,0,1,30,30,0,1,10,6,6,0,1
1,1,0,29.99,0,0,0,1,0,0,1,0,0,4,30,30,0,2,10,2,5,0,1
1,0,0,28.13,0,0,0,0,0,0,1,0,0,3,30,30,0,2,11,6,6,0,1
1,1,0,37.38,1,0,0,0,0,0,1,0,0,3,30,30,1,1,10,4,4,0,1
1,1,0,36.62,0,0,1,1,0,0,1,0,0,4,30,1,0,1,10,4,5,0,1
1,1,0,25.68,1,1,1,0,0,0,1,0,0,4,30,25,1,1,12,5,6,0,1
1,1,0,26.52,0,0,0,0,0,0,1,0,0,3,30,30,1,2,13,4,6,0,1
1,0,0,33.64,0,0,0,0,0,0,1,0,0,2,30,30,0,1,10,6,6,0,1
1,0,0,37.97,0,0,0,0,0,0,1,0,0,4,5,28,1,1,12,4,6,0,1
1,0,0,27.4,1,0,0,1,0,0,1,0,0,2,30,30,1,2,11,6,6,0,1
1,0,0,28.65,1,0,0,1,0,0,1,0,0,2,30,30,0,1,11,6,10,0,1
1,1,0,27.6,0,0,0,1,0,0,1,0,0,3,30,30,0,2,10,5,6,0,1
1,0,0,33.09,0,0,0,1,0,0,1,0,0,1,30,30,0,1,11,6,6,0,1
1,0,0,25.75,0,0,0,1,0,0,1,0,0,3,30,30,0,2,10,6,6,0,1
1,0,0,31.14,0,0,0,1,0,0,1,0,0,3,30,30,0,1,6,4,6,0,1
1,0,0,28.48,1,0,1,0,0,0,1,0,0,5,30,30,1,1,11,4,5,0,1
1,1,0,49.78,1,0,1,0,0,0,1,0,0,4,30,14,1,2,10,5,6,0,1
1,0,0,27.4,0,0,0,1,0,0,1,0,0,4,30,30,0,1,10,4,6,0,1
1,0,0,27.4,0,0,0,1,0,0,1,0,1,3,30,30,0,1,1,3,6,0,1
1,1,0,27.4,0,0,1,0,0,0,1,0,0,5,30,30,1,1,10,5,5,0,1
1,1,0,31.32,1,0,0,0,0,0,1,0,0,3,30,30,0,1,10,4,3,0,1
1,1,0,42.91,1,1,1,0,0,0,1,0,0,5,30,30,1,2,10,3,3,0,1
1,1,0,27.4,0,0,0,0,0,0,1,0,0,3,30,30,0,1,6,5,6,0,1
0,1,0,33.84,1,0,0,1,0,0,1,0,0,5,30,30,1,2,10,4,3,0,1
1,1,0,36.66,0,0,0,0,0,0,1,0,0,4,3,30,1,2,10,6,6,0,1
1,1,0,44.97,0,0,0,0,0,0,1,0,0,4,30,10,1,2,11,5,5,0,1
1,1,0,33.47,0,0,1,1,0,0,1,0,0,2,30,30,0,2,10,4,6,0,1
1,1,0,50.12,0,0,0,1,0,0,1,0,1,3,30,10,1,2,10,5,6,0,1
1,1,0,29.05,1,0,0,1,0,0,1,0,0,2,30,30,0,2,11,5,6,0,1
1,1,0,36.9,0,0,0,0,0,0,1,0,0,4,15,30,0,2,6,6,6,0,1
1,0,0,28.34,0,0,0,0,0,0,1,0,0,3,30,30,0,2,10,5,6,0,1
1,0,0,43.94,1,0,0,0,0,0,1,0,1,5,30,30,1,1,10,5,2,0,1
1,0,0,25.84,0,1,0,1,0,0,1,0,0,3,30,30,1,2,10,6,4,0,1
1,0,0,27.4,1,0,0,1,0,0,1,0,0,3,30,30,0,1,10,5,6,0,1
1,1,0,34.3,0,0,0,1,0,0,1,0,0,4,30,2,1,1,11,6,5,0,1
1,0,0,39.53,1,0,0,1,0,0,1,0,0,4,30,30,0,2,10,5,6,0,1
1,0,0,32.28,0,0,0,0,0,0,1,0,0,3,30,30,0,1,10,6,11,0,1
1,0,0,27.4,0,0,0,1,0,0,1,0,0,3,3,30,0,2,2,5,6,0,1
1,1,0,27.4,0,0,0,1,0,0,1,0,0,2,30,30,0,1,10,6,6,0,1
1,1,0,29.7,1,0,0,0,0,0,1,0,1,5,30,30,0,2,10,3,3,0,1
1,0,0,27.4,0,0,0,1,0,0,1,0,0,3,30,30,0,2,13,5,6,0,1
1,0,0,27.4,0,0,0,1,0,0,1,0,0,2,30,30,0,2,11,6,6,0,1
1,1,0,27.4,0,0,0,1,0,0,1,0,0,3,30,30,0,2,11,4,6,0,1
1,1,0,28.63,0,1,0,1,0,0,1,0,0,3,30,30,0,1,10,5,6,0,1
1,1,0,32.61,0,0,0,0,0,0,1,0,0,4,30,15,0,2,10,5,1,0,1
1,1,0,34.17,0,0,0,1,0,0,1,0,0,4,30,30,0,1,10,5,6,0,1
1,1,0,28.82,1,0,1,0,0,0,1,0,0,3,10,14,1,1,10,2,1,0,1
1,0,0,27.32,0,0,0,1,0,0,1,0,0,1,30,30,0,1,13,6,6,0,1
1,0,0,37.76,1,0,0,0,0,0,1,0,0,4,30,30,1,2,10,6,6,0,1
1,1,0,32.28,0,0,0,0,0,0,1,0,0,4,30,30,0,1,10,5,6,0,1
1,0,0,24.33,0,0,0,1,0,0,1,0,0,2,30,30,0,1,13,5,6,0,1
1,1,0,27.4,0,0,0,1,0,0,1,0,0,2,30,30,0,1,10,6,6,0,1
1,1,0,27.4,0,0,0,0,0,0,1,0,1,5,4,30,0,2,10,4,6,0,1
1,0,0,22.38,0,0,0,1,0,0,1,0,0,3,30,30,0,1,12,5,6,0,1
1,0,0,27.4,1,0,0,1,0,0,1,0,0,2,2,30,0,2,10,6,6,0,1
1,1,0,35.87,0,0,1,1,0,0,1,0,0,1,30,2,0,1,10,6,6,0,1
1,0,0,35.94,0,0,1,0,0,0,1,0,0,5,15,30,1,1,12,5,4,0,1
1,1,0,26.63,0,0,0,1,0,0,1,0,0,2,30,30,0,1,10,6,6,0,1
1,1,0,32.98,1,0,0,1,0,0,1,0,0,2,30,30,0,1,10,6,6,0,1
1,0,0,27.4,0,0,0,0,0,0,1,0,0,4,30,30,0,2,11,4,6,0,1
1,0,0,25.97,0,0,0,0,0,0,1,0,0,3,30,30,0,2,11,2,5,0,1
1,1,0,36.4,1,0,0,0,0,0,1,0,0,4,30,30,1,2,10,4,4,0,1
1,1,0,44.71,1,0,0,0,0,0,1,0,0,4,30,2,0,1,10,5,6,0,1
1,0,0,32.1,0,0,1,0,0,0,1,0,0,5,20,30,1,2,12,3,2,0,1
1,1,0,34.06,0,0,0,1,0,0,1,0,0,5,30,30,1,1,10,5,6,0,1
1,0,0,27.4,0,0,0,1,0,0,1,0,0,1,2,30,0,2,14,6,6,0,1
1,0,0,35.02,1,0,0,1,0,0,1,0,0,3,30,30,0,2,10,5,6,0,1
1,0,0,27.4,0,0,0,0,0,0,1,0,0,1,30,30,0,1,10,6,6,0,1
1,1,0,26.29,0,0,0,0,0,0,1,0,1,5,30,30,1,1,10,4,4,0,1
1,0,0,24.21,0,0,0,0,0,0,1,0,0,2,30,2,1,2,11,6,6,0,1
1,1,0,32.82,1,0,0,1,0,0,1,0,0,4,30,30,1,1,10,5,2,0,1
1,1,0,30.54,1,0,0,1,0,0,1,0,0,3,30,30,0,1,10,6,10,0,1
1,1,0,28.19,1,0,1,1,0,0,1,0,1,3,20,3,0,2,10,4,3,0,1
1,1,0,27.4,0,0,0,0,0,0,1,0,0,4,30,30,0,2,10,4,6,0,1
1,1,0,29.26,0,0,1,0,0,0,1,0,1,5,5,15,1,2,13,2,2,0,1
1,1,0,37.88,0,0,0,1,0,0,1,0,0,2,30,30,0,1,10,6,6,0,1
1,0,0,27.37,1,0,0,0,0,0,1,0,0,3,30,30,0,1,6,6,6,0,1
1,0,0,28.13,0,0,0,1,0,0,1,0,0,2,30,30,0,1,11,6,6,0,1
1,1,0,27.02,0,0,0,1,0,0,1,0,0,2,30,30,0,1,10,6,6,0,1
1,1,0,42.07,1,0,0,0,0,0,1,0,1,4,30,5,1,2,12,4,4,0,1
1,1,0,35.15,0,0,0,0,0,0,1,0,0,3,30,3,0,2,12,6,6,0,1
1,0,0,37.08,0,0,1,0,0,0,1,0,0,4,10,30,1,2,11,6,4,0,1
1,0,0,27.4,0,0,0,1,0,0,1,0,0,2,30,30,0,2,11,6,6,0,1
1,1,0,25.85,0,0,1,0,0,0,1,0,0,3,30,30,0,1,10,4,6,0,1
1,0,0,27.4,1,0,0,1,0,0,1,0,0,3,30,30,0,2,10,6,6,0,1
1,0,0,30.54,0,0,0,1,0,0,1,0,0,3,30,30,0,1,10,6,6,0,1
1,1,0,33.28,1,0,0,1,0,0,1,0,0,3,30,30,1,2,10,5,6,0,1
1,0,0,30.73,0,0,0,0,0,0,1,0,0,3,30,30,0,2,10,4,6,0,1
1,1,0,35.43,0,0,0,0,0,0,1,0,0,4,30,15,0,2,11,6,6,0,1
1,1,0,30.38,1,0,0,1,0,0,1,0,0,2,30,30,0,2,10,5,6,0,1
1,1,0,33.0,0,0,0,0,0,0,1,0,0,5,30,30,1,1,12,4,6,0,1
1,0,0,27.4,0,0,0,0,0,0,1,0,0,3,30,30,0,1,14,5,6,0,1
1,1,0,32.98,1,0,0,1,0,0,1,0,0,3,30,3,0,1,12,6,6,0,1
1,0,0,27.4,0,0,0,1,0,0,1,0,0,1,30,30,0,1,13,6,6,0,1
1,1,0,32.28,0,0,0,0,0,0,1,0,0,4,30,10,1,2,10,2,1,0,1
1,1,0,32.23,1,0,0,1,0,0,1,0,0,5,30,30,1,1,10,3,6,0,1
1,0,0,37.93,0,0,0,0,0,0,1,0,0,4,30,30,1,2,10,4,3,0,1
1,0,0,36.26,0,0,1,0,0,0,1,0,0,1,30,30,0,1,10,5,6,0,1
1,0,0,27.4,0,0,0,1,0,0,1,0,0,4,30,30,0,2,10,5,6,0,1
1,1,0,27.46,0,0,0,1,0,0,1,0,0,2,30,30,0,2,11,6,6,0,1
1,1,0,27.4,1,0,0,0,0,0,1,0,0,2,30,30,1,1,12,5,6,0,1
1,1,0,23.91,1,0,1,0,0,0,1,0,0,3,30,30,1,2,10,5,6,0,1
1,1,0,26.45,0,0,0,0,0,0,1,0,0,3,30,30,1,2,13,2,4,0,1
1,0,0,27.4,0,0,0,1,0,0,1,0,0,3,30,30,0,2,11,5,6,0,1
1,1,0,20.82,0,0,0,1,0,0,1,0,0,2,30,30,1,2,13,4,6,0,1
1,1,0,36.58,0,0,0,1,0,0,1,0,0,4,30,30,1,2,10,6,6,0,1
1,1,0,39.86,0,1,1,0,0,0,1,0,0,4,5,30,1,2,12,5,4,0,1
1,1,0,32.28,1,0,0,1,0,0,1,0,0,3,30,30,0,1,10,4,5,0,1
1,1,0,25.82,1,0,0,1,0,0,1,0,1,4,21,30,0,1,10,2,3,0,1
1,1,0,30.26,0,0,0,0,0,0,1,0,0,5,30,20,1,2,10,4,6,0,1
1,1,0,35.15,1,0,1,0,0,0,1,0,0,5,30,30,1,1,13,6,6,0,1
1,1,0,27.89,0,0,0,1,0,0,1,0,0,2,30,30,0,1,10,6,6,0,1
1,1,0,31.25,0,0,0,0,0,0,1,0,0,4,30,30,1,1,10,4,3,0,1
1,0,0,25.83,1,1,0,1,0,0,1,0,0,3,30,30,0,1,13,4,5,0,1
1,1,0,30.85,0,0,0,1,0,0,1,0,1,3,30,30,0,1,10,6,6,0,1
1,0,0,39.32,1,0,0,1,0,0,1,0,0,3,25,30,0,2,10,4,6,0,1
1,0,0,41.84,0,0,0,0,0,0,1,0,0,4,30,30,1,1,12,5,6,0,1
1,0,0,25.61,0,0,0,1,0,0,1,0,0,3,30,30,0,2,11,5,6,0,1
1,1,0,24.25,0,0,0,1,0,0,1,0,0,1,30,30,0,1,10,6,6,0,1
1,0,0,27.4,0,0,0,1,0,0,1,0,0,2,30,30,0,1,10,5,6,0,1
1,1,0,27.4,0,0,0,1,0,0,1,0,0,4,30,30,0,2,6,4,6,0,1
1,1,0,30.68,0,0,0,1,0,0,1,0,0,1,30,30,0,1,11,6,6,0,1
1,1,0,26.63,0,0,0,1,0,0,1,0,0,4,30,30,1,2,10,6,6,0,1
1,1,0,29.63,0,0,0,0,0,0,1,0,1,5,30,30,0,2,10,2,6,0,1
1,1,0,45.42,1,0,0,1,0,0,1,0,1,3,30,10,0,1,10,6,6,0,1
1,0,0,43.58,0,0,0,1,0,0,1,0,0,3,30,30,1,1,10,5,6,0,1
1,1,0,28.0,0,1,0,1,0,0,1,0,0,4,30,2,0,1,11,4,6,0,1
1,1,0,30.02,1,0,0,1,0,0,1,0,0,3,3,30,1,2,10,5,5,0,1
1,0,0,31.46,0,0,0,1,0,0,1,0,0,3,30,30,0,1,13,6,6,0,1
1,0,0,37.23,1,0,0,1,0,0,1,0,0,3,30,30,1,1,10,6,6,0,1
1,1,0,22.31,0,0,0,1,0,0,1,0,0,3,30,30,0,2,10,6,6,0,1
1,1,0,25.09,0,0,0,1,0,0,1,0,0,2,30,30,0,2,11,6,6,0,1
1,0,0,34.97,1,1,0,1,0,0,1,0,0,3,30,30,0,1,11,5,6,0,1
1,1,0,28.13,1,0,0,1,0,0,1,0,0,3,30,30,0,1,13,5,5,0,1
1,1,0,27.37,0,0,0,1,0,0,1,0,0,1,30,30,0,1,10,6,10,0,1
1,1,0,27.4,0,0,0,1,0,0,1,0,0,3,30,30,0,2,10,5,6,0,1
1,1,0,27.4,0,0,0,1,0,0,1,0,0,4,30,20,0,1,6,3,2,0,1
1,1,0,35.87,1,1,0,1,0,0,1,0,0,3,15,30,1,1,6,5,6,0,1
1,1,0,33.91,1,0,0,0,0,0,1,0,0,4,30,20,0,1,10,4,5,0,1
1,0,0,27.12,0,0,0,1,0,0,1,0,0,3,30,30,0,1,5,6,6,0,1
1,1,0,27.4,0,0,0,1,0,0,1,0,0,2,30,30,0,1,10,6,6,0,1
1,0,0,32.45,0,0,0,1,0,0,1,0,0,2,30,30,0,2,11,5,6,0,1
1,0,0,25.83,1,0,0,1,0,0,1,0,0,4,30,30,0,1,11,5,6,0,1
1,1,0,33.72,1,0,0,1,0,0,1,0,0,3,30,30,0,1,10,5,6,0,1
1,1,0,27.4,0,0,1,0,0,0,1,0,0,3,30,30,0,2,14,5,6,0,1
1,1,0,30.13,1,0,1,0,0,0,1,0,0,5,30,30,1,1,10,3,4,0,1
1,1,0,26.63,0,0,0,1,0,0,1,0,0,2,30,30,0,1,10,6,6,0,1
1,0,0,27.89,1,0,0,1,0,0,1,0,0,3,30,30,0,1,10,5,6,0,1
1,0,0,27.4,0,0,0,0,0,0,1,0,0,4,30,30,1,2,12,6,6,0,1
1,1,0,36.49,1,0,0,1,0,0,1,0,0,3,2,30,0,1,10,6,6,0,1
1,1,0,25.77,0,0,0,1,0,0,1,0,0,1,30,30,0,1,10,6,6,0,1
1,1,0,44.58,1,0,0,1,0,0,1,0,0,4,1,30,0,1,12,3,4,0,1
1,1,0,25.94,1,0,0,0,0,0,1,0,0,3,3,30,0,1,11,5,6,0,1
1,1,0,38.58,0,0,0,0,0,0,1,0,0,3,30,30,0,2,11,5,5,0,1
1,1,0,40.23,0,0,0,1,0,0,1,0,0,3,30,30,0,2,10,6,6,0,1
1,1,0,22.46,0,0,0,1,0,0,1,0,0,2,30,30,0,2,12,5,6,0,1
1,0,0,21.93,1,0,0,1,0,0,1,0,0,3,30,30,0,1,13,5,6,0,1
1,0,0,25.4,0,0,0,1,0,0,1,0,0,2,30,30,1,2,13,6,6,0,1
1,1,0,31.93,1,0,0,1,0,0,1,0,0,2,30,30,0,1,10,5,6,0,1
1,1,0,27.06,0,0,0,1,0,0,1,0,0,3,30,30,0,1,12,6,6,0,1
1,1,0,30.68,1,0,1,0,0,0,1,0,0,4,30,30,1,1,11,6,10,0,1
1,1,0,42.91,0,0,1,0,0,0,1,0,0,3,30,30,1,2,13,6,11,0,1
1,1,0,26.57,0,0,0,0,0,0,1,0,0,5,30,30,1,2,12,6,6,0,1
1,1,0,35.15,1,0,0,0,0,0,1,0,0,3,30,14,1,2,12,5,6,0,1
1,0,0,31.57,0,0,1,0,0,0,1,0,0,5,30,30,1,1,13,4,6,0,1
1,0,0,31.17,1,0,0,0,0,0,1,0,0,4,30,30,1,2,11,5,4,0,1
1,0,0,41.8,0,0,0,1,0,0,1,0,0,4,30,4,1,2,11,6,6,0,1
1,1,0,34.97,1,0,0,1,0,0,1,0,0,4,30,20,0,1,10,5,6,0,1
1,1,0,27.4,0,0,0,1,0,0,1,0,0,3,3,30,0,2,10,4,6,0,1
1,1,0,26.73,1,0,0,0,0,0,1,0,0,4,30,30,1,1,13,6,6,0,1
1,0,0,26.63,0,0,0,1,0,0,1,0,0,3,30,30,0,1,10,5,6,0,1
1,1,0,27.4,0,0,0,1,0,0,1,0,0,3,30,30,0,2,11,6,6,0,1
1,0,0,32.89,0,0,0,0,0,0,1,0,0,3,30,30,0,1,10,4,6,0,1
1,1,0,26.63,0,0,0,1,0,0,1,0,0,2,30,30,0,1,11,6,6,0,1
1,1,0,29.12,0,0,1,0,0,0,1,0,0,3,30,2,0,1,13,6,6,0,1
1,1,0,30.83,1,0,1,0,0,0,1,0,0,3,30,30,1,1,11,5,6,0,1
1,0,0,23.71,0,0,0,1,0,0,1,0,0,1,30,30,0,1,10,5,6,0,1
1,1,0,30.17,1,0,0,1,0,0,1,0,0,4,30,30,0,1,10,4,6,0,1
1,1,0,32.08,1,0,0,0,0,0,1,0,0,3,30,30,0,1,10,4,6,0,1
1,0,0,30.41,0,0,0,1,0,0,1,0,0,2,30,30,0,1,10,5,6,0,1
1,1,0,25.83,1,0,1,0,0,0,1,0,0,3,30,30,1,1,10,5,6,0,1
1,1,0,34.01,1,0,0,1,0,0,1,0,0,3,30,30,0,2,10,4,6,0,1
1,1,0,35.31,1,0,1,0,0,0,1,0,0,3,30,30,1,1,11,4,10,0,1
1,1,0,27.12,0,0,0,1,0,0,1,0,0,2,30,30,0,1,12,5,10,0,1
1,1,0,37.59,1,0,0,1,0,0,1,0,0,4,2,30,0,1,10,5,6,0,1
1,1,0,29.38,1,0,0,1,0,0,1,0,0,3,30,30,0,1,10,6,6,0,1
1,0,0,27.4,0,0,0,1,0,0,1,0,0,2,30,30,0,1,10,5,6,0,1
1,0,0,29.23,0,0,1,0,0,0,1,0,0,2,30,30,0,1,10,4,6,0,1
1,0,0,25.83,0,0,0,1,0,0,1,0,0,2,30,30,0,1,12,6,6,0,1
1,0,0,37.3,0,0,1,0,0,0,1,0,0,3,30,30,0,1,10,4,6,0,1
1,0,0,30.71,0,0,1,1,0,0,1,0,0,5,30,30,1,1,12,4,6,0,1
1,1,0,21.63,0,0,0,1,0,0,1,0,0,2,30,30,0,2,11,6,6,0,1
1,1,0,40.35,1,0,1,0,0,0,1,0,0,5,30,10,1,1,13,5,6,0,1
1,1,0,32.45,1,0,1,0,0,0,1,0,0,4,30,30,1,2,13,4,5,0,1
1,1,0,31.38,1,0,1,1,0,0,1,0,0,5,5,30,1,2,13,4,6,0,1
1,0,0,25.75,0,0,0,1,0,0,1,0,0,2,30,30,0,2,10,6,10,0,1
1,0,0,30.41,0,0,0,1,0,0,1,0,0,2,30,30,0,2,10,4,5,0,1
1,0,0,36.26,0,0,0,0,0,0,1,0,0,3,20,30,0,1,4,5,6,0,1
1,0,0,43.58,0,0,0,1,0,0,1,0,0,4,30,5,0,2,5,5,6,0,1
1,0,0,21.7,1,0,0,1,0,0,1,0,0,2,30,30,0,1,13,5,6,0,1
1,1,0,27.4,0,0,1,1,0,0,1,0,0,3,30,30,0,1,13,4,6,0,1
1,1,0,40.72,0,0,0,1,0,0,1,0,0,2,30,2,0,2,10,5,5,0,1
1,0,0,27.46,1,0,0,1,0,0,1,0,0,3,30,30,0,1,10,5,6,0,1
1,1,0,27.4,0,0,0,1,0,0,1,0,1,4,30,30,0,2,12,4,6,0,1
1,0,0,33.63,0,0,0,1,0,0,1,0,0,2,30,30,1,2,13,5,6,0,1
1,1,0,27.76,0,0,1,1,0,0,1,0,0,2,30,30,0,1,11,6,6,0,1
1,1,0,26.31,0,0,0,1,0,0,1,0,0,2,30,30,0,1,10,6,10,0,1
1,1,0,38.22,0,0,0,1,0,0,1,0,0,4,10,25,1,2,11,4,3,0,1
1,1,0,27.32,1,0,0,0,0,0,1,0,0,3,30,30,0,1,12,6,6,0,1
1,0,0,25.02,0,0,0,1,0,0,1,0,0,2,30,30,0,2,10,4,6,0,1
1,1,0,31.87,0,0,0,1,0,0,1,0,0,3,30,30,0,1,10,5,6,0,1
1,1,0,32.93,0,0,0,0,0,0,1,0,1,4,30,15,1,2,10,6,6,0,1
1,0,0,29.23,1,1,0,1,0,0,1,0,0,4,30,1,0,1,11,6,6,0,1
1,1,0,39.48,0,0,0,1,0,0,1,0,0,3,4,5,0,2,10,6,6,0,1
1,1,0,13.22,1,0,0,1,0,0,1,0,0,3,30,30,0,2,13,5,6,0,1
1,1,0,37.12,0,0,0,1,0,0,1,0,0,3,10,14,0,2,10,5,6,0,1
1,1,0,27.89,0,0,0,1,0,0,1,0,0,2,30,30,0,1,10,6,6,0,1
1,1,0,37.49,1,0,0,0,0,0,1,0,1,5,10,30,1,2,12,5,6,0,1
1,1,0,32.12,0,0,0,0,0,0,1,0,0,3,30,30,0,2,10,4,6,0,1
1,0,0,33.66,0,0,0,0,0,0,1,0,0,5,30,30,1,2,12,5,6,0,1
1,1,0,31.62,1,0,0,1,0,0,1,0,0,3,30,30,0,1,10,4,6,0,1
1,0,0,34.87,1,0,0,1,0,0,1,0,0,2,30,30,1,1,10,5,6,0,1
1,1,0,25.11,1,0,0,1,0,0,1,0,0,3,30,30,0,1,10,5,6,0,1
1,1,0,26.45,1,0,0,1,0,0,1,0,0,2,30,30,0,2,10,5,6,0,1
1,1,0,27.4,0,0,0,1,0,0,1,0,0,3,30,30,0,2,10,4,6,0,1
1,0,0,27.4,1,0,0,1,0,0,1,0,0,2,2,30,0,2,10,6,6,0,1
1,1,0,24.33,0,0,0,1,0,0,1,0,0,3,30,30,0,2,12,4,6,0,1
1,1,0,27.4,0,0,0,1,0,0,1,0,0,3,30,30,0,2,6,6,6,0,1
1,1,0,34.3,1,0,0,1,0,0,1,0,0,3,30,10,0,1,12,5,6,0,1
1,1,0,33.64,0,0,1,1,0,0,1,0,0,5,1,20,0,1,11,4,6,0,1
1,1,0,49.57,1,0,0,0,0,0,1,0,0,4,3,1,1,2,10,5,2,0,1
1,1,0,33.0,1,0,0,0,0,0,1,0,0,2,30,30,0,1,10,4,6,0,1
1,1,0,25.77,1,0,0,0,0,0,1,0,0,5,30,30,0,1,10,6,1,0,1
1,0,0,27.44,0,0,0,1,0,0,1,0,0,3,30,30,0,2,11,5,3,0,1
1,0,0,27.4,0,0,0,1,0,0,1,0,0,3,30,30,0,2,12,6,6,0,1
1,1,0,28.59,1,0,0,1,0,0,1,0,0,2,30,30,0,1,11,6,6,0,1
1,0,0,31.75,1,0,0,1,0,0,1,0,0,3,30,2,0,1,10,5,6,0,1
1,0,0,25.1,1,0,0,1,0,0,1,0,0,3,30,30,0,1,12,6,6,0,1
1,0,0,27.4,1,0,0,0,0,0,1,0,0,2,30,30,0,2,12,4,6,0,1
1,1,0,25.02,0,0,0,1,0,0,1,0,0,3,30,30,0,1,13,6,5,0,1
1,1,0,30.54,0,0,0,1,0,0,1,0,0,4,5,30,0,2,10,4,5,0,1
1,0,0,35.57,1,0,0,0,0,0,1,0,1,4,30,30,1,1,10,3,6,0,1
1,1,0,35.15,1,0,0,0,0,0,0,0,0,3,30,30,1,2,10,5,5,0,1
1,0,0,27.4,0,0,0,0,0,0,1,0,0,3,30,30,0,2,6,1,1,0,1
1,1,0,28.82,1,0,0,0,0,0,1,0,0,4,30,2,1,1,10,5,6,0,1
1,1,0,36.58,0,0,0,1,0,0,1,0,0,3,30,5,1,2,12,5,6,0,1
1,0,0,27.4,0,0,0,0,0,0,1,0,0,3,30,30,0,1,10,5,6,0,1
1,0,0,33.66,0,0,0,1,0,0,1,0,0,4,30,15,1,2,11,5,6,0,1
1,1,0,42.57,0,0,0,1,0,0,1,0,0,4,30,4,1,1,10,2,3,0,1
1,0,0,27.4,1,0,0,1,0,0,1,0,0,3,30,30,0,2,14,5,5,0,1
1,1,0,34.75,1,0,0,0,0,0,1,0,0,5,30,30,1,2,11,5,5,0,1
1,0,0,27.4,0,0,0,0,0,0,1,0,0,3,30,30,0,2,11,4,6,0,1
1,1,0,30.23,0,0,0,1,0,0,1,0,1,4,25,12,1,1,11,5,6,0,1
1,1,0,31.62,0,0,0,0,0,0,1,0,0,3,30,30,0,2,10,4,6,0,1
1,1,0,32.57,0,0,1,0,0,0,1,0,0,4,30,30,0,1,11,5,6,0,1
1,1,0,44.3,0,0,1,1,0,0,1,0,0,4,30,2,0,2,10,4,6,0,1
1,0,0,32.49,0,1,0,0,0,0,1,0,0,3,30,5,1,1,11,5,6,0,1
1,1,0,28.06,1,0,1,1,0,0,1,0,0,5,30,30,1,1,11,6,6,0,1
1,1,0,32.03,1,0,1,0,0,0,1,0,0,5,30,30,1,2,13,4,5,0,1
1,1,0,27.4,1,0,0,0,0,0,1,0,0,3,30,30,0,2,10,5,6,0,1
1,1,0,31.31,0,0,0,1,0,0,1,0,0,3,30,30,1,2,10,5,6,0,1
1,1,0,32.03,0,0,0,0,0,0,1,0,0,5,15,12,1,2,10,6,6,0,1
1,1,0,27.4,1,0,0,1,0,0,1,0,0,3,30,30,0,1,14,5,6,0,1
1,1,0,27.05,0,0,0,1,0,0,1,0,0,2,30,30,0,1,10,6,10,0,1
1,1,0,30.62,1,1,1,0,0,0,1,0,0,5,30,30,1,2,13,4,5,0,1
1,0,0,27.4,1,0,0,0,0,0,1,0,0,4,30,15,1,2,12,5,6,0,1
1,1,0,30.68,0,0,0,1,0,0,1,0,0,2,30,30,0,1,10,4,6,0,1
1,1,0,28.95,0,0,0,1,0,0,1,0,0,3,30,30,0,2,10,6,10,0,1
1,1,0,33.45,0,0,1,1,0,0,1,0,0,1,30,30,0,2,11,6,6,0,1
1,1,0,33.2,0,0,0,0,0,0,1,0,0,3,30,30,0,2,12,4,5,0,1
1,0,0,27.4,0,0,0,1,0,0,1,0,0,3,30,30,0,1,10,4,6,0,1
1,1,0,41.36,0,0,0,0,0,0,1,0,0,3,30,30,1,1,10,6,3,0,1
1,1,0,27.4,0,0,0,1,0,0,1,0,0,3,1,30,0,2,10,5,6,0,1
1,1,0,36.58,0,1,0,1,0,0,1,0,0,3,30,30,0,2,10,6,6,0,1
1,0,0,40.89,0,0,0,1,0,0,1,0,0,3,30,30,0,1,10,6,6,0,1
1,1,0,37.3,1,0,1,0,0,0,1,0,0,3,30,6,1,1,12,5,5,0,1
1,1,0,38.97,1,0,0,1,0,0,1,0,0,3,30,30,0,2,13,5,4,0,1
1,0,0,28.7,0,0,0,1,0,0,1,0,0,2,30,30,0,2,11,5,6,0,1
1,0,0,68.6,1,0,0,0,0,0,1,0,0,5,30,30,1,2,10,5,6,0,1
1,0,0,32.73,1,0,0,1,0,0,1,0,0,4,30,30,0,1,11,3,6,0,1
1,1,0,27.37,0,0,0,1,0,0,1,0,0,2,30,30,0,1,12,6,6,0,1
1,1,0,30.4,0,0,0,1,0,0,1,0,0,3,30,30,0,1,10,5,6,0,1
1,1,0,29.12,0,0,0,1,0,0,1,0,0,3,15,30,0,2,10,6,6,0,1
1,1,0,25.84,0,0,0,1,0,0,1,0,0,5,30,30,1,1,10,3,5,0,1
1,0,0,28.29,1,0,0,1,0,0,1,0,0,1,30,30,0,2,10,5,6,0,1
1,1,0,36.02,1,0,0,0,0,0,1,0,0,4,30,15,1,1,10,4,4,0,1
1,0,0,39.16,0,0,0,1,0,0,1,0,0,3,30,30,0,2,10,6,6,0,1
1,0,0,27.46,0,0,0,1,0,0,1,0,1,2,15,1,0,2,10,6,6,0,1
1,1,0,30.11,1,0,0,0,0,0,1,0,0,5,30,30,1,2,10,4,5,0,1
1,1,0,38.84,0,0,0,1,0,0,1,0,1,3,30,30,1,1,10,5,6,0,1
1,0,0,29.99,0,0,0,1,0,0,1,0,0,3,30,30,0,1,10,5,6,0,1
1,0,0,27.4,0,0,0,1,0,0,1,0,0,3,30,30,0,2,10,2,6,0,1
1,1,0,25.83,1,0,0,1,0,0,1,0,0,3,30,30,1,1,13,4,5,0,1
1,1,0,31.28,0,1,0,1,0,0,1,0,0,3,30,30,0,1,10,5,11,0,1
1,1,0,20.78,0,0,0,0,0,0,1,0,0,3,30,30,0,2,10,6,6,0,1
1,1,0,36.28,0,0,0,1,0,0,1,0,0,3,30,10,0,2,12,5,6,0,1
1,1,0,32.19,1,1,1,0,0,0,1,0,0,5,15,30,1,2,10,4,3,0,1
1,1,0,22.5,1,0,0,1,0,0,1,0,0,3,30,30,0,2,12,6,6,0,1
1,0,0,23.03,1,0,0,1,0,0,1,0,0,2,30,30,0,2,12,5,6,0,1
1,0,0,29.53,1,0,0,1,0,0,1,0,0,2,30,30,0,1,10,6,11,0,1
1,0,0,23.03,1,0,0,1,0,0,1,0,0,2,30,30,0,2,10,4,6,0,1
1,1,0,37.49,1,0,0,1,0,0,1,0,0,4,30,15,1,2,10,5,6,0,1
1,1,0,36.48,1,0,0,1,0,0,1,0,0,3,30,30,1,1,11,6,10,0,1
1,0,0,27.44,0,0,0,1,0,0,1,0,0,2,30,30,0,1,10,4,11,0,1
1,1,0,28.21,1,0,1,1,0,0,1,0,0,3,24,18,1,1,11,6,6,0,1
1,0,0,27.26,0,0,0,0,0,0,1,0,0,5,30,30,0,1,10,6,4,0,1
1,1,0,27.67,0,0,0,1,0,0,1,0,0,3,30,30,0,1,10,4,5,0,1
1,1,0,40.6,1,1,0,0,0,0,1,0,0,4,30,30,1,2,10,4,1,0,1
1,1,0,41.6,1,1,0,0,0,0,1,0,0,4,20,30,1,2,10,4,6,0,1
1,1,0,28.5,0,0,0,0,0,0,1,0,0,2,30,30,0,1,10,6,10,0,1
1,1,0,28.8,0,0,0,0,0,0,1,0,0,2,20,30,0,1,10,4,6,0,1
1,0,0,43.53,0,0,0,1,0,0,1,0,0,4,30,30,1,2,10,6,5,0,1
1,1,0,32.28,0,0,0,0,0,0,1,0,0,3,30,30,0,1,10,6,6,0,1
1,1,0,29.41,0,0,0,1,0,0,1,0,0,2,30,30,0,1,10,4,6,0,1
1,1,0,33.81,1,0,0,0,0,0,1,0,0,5,30,28,1,2,10,4,3,0,1
1,0,0,34.21,0,0,0,1,0,0,1,0,0,4,30,20,1,1,10,5,6,0,1
1,1,0,38.01,0,0,0,1,0,0,1,0,0,3,30,30,0,1,11,6,6,0,1
1,0,0,35.95,0,0,0,1,0,0,1,0,0,3,30,30,0,1,10,6,11,0,1
1,0,0,24.13,0,0,0,1,0,0,1,0,0,2,30,30,0,2,10,6,11,0,1
1,0,0,21.77,0,0,0,0,0,0,1,0,0,1,30,30,0,1,11,4,5,0,1
1,0,0,24.9,1,0,0,1,0,0,1,0,0,5,30,30,0,1,12,5,6,0,1
1,0,0,33.45,1,0,0,0,0,0,1,0,0,2,30,30,0,1,10,5,6,0,1
1,1,0,37.11,0,0,0,1,0,0,1,0,0,2,30,30,0,2,10,6,6,0,1
1,1,0,38.1,1,0,0,0,0,0,1,0,0,3,3,30,1,2,10,5,6,0,1
1,1,0,30.86,1,0,0,1,0,0,1,0,0,2,30,30,0,2,11,4,4,0,1
1,1,0,22.38,0,0,0,1,0,0,1,0,0,2,30,30,0,1,10,6,6,0,1
1,1,0,26.52,1,0,0,1,0,0,1,0,0,2,30,30,0,2,11,6,6,0,1
1,1,0,27.4,0,0,0,0,0,0,1,0,0,3,30,30,0,2,10,4,6,0,1
1,1,0,23.24,1,0,0,1,0,0,1,0,0,4,30,30,0,1,10,4,5,0,1
1,0,0,24.41,0,0,0,1,0,0,1,0,0,2,30,30,0,1,11,6,6,0,1
1,1,0,27.4,0,0,0,1,0,0,1,0,0,3,30,30,1,1,12,6,6,0,1
1,1,0,24.28,0,0,0,1,0,0,1,0,0,1,30,30,0,1,10,6,6,0,1
1,1,0,36.26,0,0,0,1,0,0,1,0,0,3,30,3,0,1,10,6,6,0,1
1,1,0,23.89,0,0,0,1,0,0,1,0,0,2,30,30,0,2,10,6,11,0,1
1,1,0,24.96,1,0,0,1,0,0,1,0,0,2,2,30,0,2,10,6,6,0,1
1,0,0,32.23,0,1,0,1,0,0,1,0,0,5,30,30,1,1,12,4,1,0,1
1,0,0,40.35,1,0,0,0,0,0,1,0,0,5,30,30,1,2,12,4,6,0,1
1,1,0,27.4,1,0,0,1,0,0,1,0,0,4,30,30,0,1,10,6,6,0,1
1,1,0,20.67,1,0,1,1,0,0,1,0,0,3,30,30,0,1,13,6,5,0,1
1,1,0,26.96,0,0,1,0,0,0,1,0,0,3,30,30,0,1,11,6,6,0,1
1,1,0,33.2,0,0,0,1,0,0,1,0,0,3,30,30,0,2,10,6,6,0,1
1,0,0,27.46,0,0,0,0,0,0,1,0,0,3,30,30,0,2,10,5,3,0,1
1,1,0,34.17,0,0,0,1,0,0,1,0,0,3,30,30,0,1,10,6,10,0,1
1,1,0,27.4,0,0,0,0,0,0,1,0,0,3,30,30,1,2,11,5,6,0,1
1,1,0,26.5,1,0,0,1,0,0,1,0,0,2,3,30,0,1,10,6,6,0,1
1,1,0,29.65,1,1,0,0,0,0,1,0,0,3,30,30,0,1,10,5,6,0,1
1,0,0,30.17,0,0,0,1,0,0,1,0,0,3,30,30,1,1,10,6,11,0,1
1,1,0,32.69,0,0,0,1,0,0,1,0,0,2,30,30,0,2,10,6,6,0,1
1,1,0,24.02,0,0,0,1,0,0,1,0,0,2,30,2,0,1,10,6,11,0,1
1,1,0,37.86,1,0,0,0,0,0,1,0,0,3,30,30,0,2,10,5,6,0,1
1,0,0,26.61,1,0,0,1,0,0,1,0,0,3,30,30,0,1,10,6,6,0,1
1,0,0,27.4,0,0,0,1,0,0,1,0,0,3,30,30,0,1,11,5,6,0,1
1,1,0,28.07,1,0,1,0,0,0,1,0,0,5,20,30,1,1,11,5,2,0,1
1,1,0,25.61,1,0,0,0,0,0,1,0,0,3,30,30,0,2,12,6,6,0,1
1,1,0,26.52,0,0,0,1,0,0,1,0,0,2,30,30,0,2,11,6,6,0,1
1,0,0,43.33,1,0,0,1,0,0,1,0,0,3,30,30,0,2,10,6,6,0,1
1,1,0,27.4,0,0,0,1,0,0,1,0,1,3,30,30,0,2,10,5,6,0,1
1,1,0,28.28,0,0,0,1,0,0,1,0,0,2,30,30,0,1,10,6,6,0,1
1,1,0,27.46,1,0,0,0,0,0,1,0,0,3,30,30,1,1,13,6,6,0,1
1,1,0,32.61,1,0,0,1,0,0,1,0,0,2,30,30,0,2,10,5,2,0,1
1,1,0,44.29,0,0,0,0,0,0,1,0,0,4,30,10,0,2,10,6,6,0,1
1,1,0,33.25,1,0,0,0,0,0,1,0,0,3,30,30,0,1,10,4,6,0,1
1,1,0,26.47,1,0,0,1,0,0,1,0,0,2,30,30,0,1,11,4,6,0,1
1,0,0,26.57,0,0,0,1,0,0,1,0,0,3,30,30,0,2,10,4,6,0,1
1,1,0,22.08,1,0,1,0,0,0,1,0,1,5,30,30,1,1,11,3,4,0,1
1,1,0,35.43,0,0,0,1,0,0,1,0,0,3,30,30,0,2,13,6,6,0,1
1,1,0,24.41,0,0,0,1,0,0,1,0,0,3,30,30,0,1,10,4,6,0,1
1,1,0,34.21,0,0,0,0,0,0,1,0,0,2,30,30,0,1,12,6,6,0,1
1,1,0,39.32,1,0,0,0,0,0,1,0,0,5,30,30,1,1,11,2,6,0,1
1,0,0,27.44,0,0,0,0,0,0,1,0,0,3,30,30,0,2,10,4,5,0,1
1,0,0,24.27,0,0,1,1,0,0,1,0,0,2,30,30,0,1,12,6,6,0,1
1,0,0,40.29,0,0,0,1,0,0,1,0,0,3,30,15,0,1,10,6,6,0,1
1,1,0,26.43,1,0,0,1,0,0,1,0,0,3,30,30,0,1,13,6,6,0,1
1,1,0,31.87,0,0,0,1,0,0,1,0,0,3,30,30,0,1,6,6,6,0,1
1,1,0,32.08,1,0,0,1,0,0,1,0,0,3,30,30,0,1,11,5,6,0,1
1,0,0,27.4,0,0,0,0,0,0,1,0,0,3,30,30,0,1,10,6,6,0,1
1,0,0,31.63,1,0,0,0,0,0,1,0,0,3,30,30,0,1,12,5,6,0,1
1,1,0,29.05,1,0,0,0,0,0,1,0,0,2,30,30,0,1,13,4,6,0,1
1,0,0,28.25,1,0,0,1,0,0,1,0,0,3,30,30,0,1,10,5,5,0,1
1,0,0,27.89,1,0,0,0,0,0,1,0,0,3,30,30,0,1,10,4,6,0,1
1,1,0,33.44,0,1,0,1,0,0,1,0,0,4,30,30,1,2,13,5,6,0,1
1,0,0,27.4,0,0,0,1,0,0,1,0,0,3,30,6,0,2,10,5,6,0,1
1,1,0,30.08,1,0,0,1,0,0,1,0,0,3,30,30,0,2,11,4,6,0,1
1,1,0,27.4,0,0,0,1,0,0,1,0,0,3,30,2,0,1,10,5,6,0,1
1,0,0,26.52,1,0,0,0,0,0,1,0,0,4,30,30,1,2,10,5,1,0,1
1,1,0,27.4,0,0,1,0,0,0,1,0,0,5,30,30,0,2,11,4,6,0,1
1,1,0,50.49,0,0,0,1,0,0,1,0,0,4,15,30,1,2,10,5,6,0,1
1,1,0,32.87,0,0,0,0,0,0,1,0,0,3,30,10,0,1,10,4,6,0,1
1,1,0,36.32,1,0,0,0,0,0,1,0,0,4,10,30,1,2,10,4,3,0,1
1,0,0,34.19,0,0,0,0,0,0,1,0,0,2,30,30,1,2,10,5,6,0,1
1,0,0,27.6,0,0,0,1,0,0,1,0,0,3,30,30,0,1,10,6,6,0,1
1,1,0,25.75,0,0,0,1,0,0,1,0,0,3,30,30,0,2,10,6,11,0,1
1,0,0,31.93,1,0,0,1,0,0,1,0,0,3,30,3,0,1,10,4,6,0,1
1,0,0,26.61,1,0,0,1,0,0,1,0,0,3,30,30,0,1,12,4,2,0,1
1,1,0,37.76,0,0,0,1,0,0,1,0,0,4,4,30,0,2,10,6,6,0,1
1,1,0,33.23,0,0,0,0,0,0,1,0,0,4,4,10,1,2,10,4,2,0,1
1,1,0,33.28,0,0,1,1,0,0,1,0,0,3,30,30,0,2,12,5,6,0,1
1,1,0,27.44,0,0,0,1,0,0,1,0,0,3,30,30,1,1,10,4,6,0,1
1,1,0,31.57,1,1,1,1,0,0,1,0,0,3,30,1,0,1,10,4,6,0,1
1,0,0,27.4,0,0,0,1,0,0,1,0,0,3,5,30,0,2,10,4,6,0,1
1,0,0,29.84,0,0,0,1,0,0,1,0,0,3,30,30,0,1,10,6,6,0,1
1,1,0,30.13,0,0,1,1,0,0,1,0,0,2,30,30,0,1,10,6,11,0,1
1,0,0,24.8,1,0,0,1,0,0,1,0,0,2,30,30,0,2,11,6,6,0,1
1,1,0,31.93,1,0,0,0,0,0,1,0,0,4,5,30,1,2,10,4,6,0,1
1,1,0,27.4,0,0,0,1,0,0,1,0,1,4,25,10,0,1,10,4,6,0,1
1,0,0,25.09,0,0,0,1,0,0,1,0,0,2,30,30,0,1,10,6,6,0,1
1,0,0,34.72,1,0,1,0,0,0,1,0,0,4,5,10,1,1,12,5,6,0,1
1,0,0,24.41,1,0,0,1,0,0,1,0,0,2,30,30,0,1,11,6,6,0,1
1,1,0,27.44,0,0,0,1,0,0,1,0,0,2,30,30,0,2,10,6,6,0,1
1,1,0,32.28,0,0,0,1,0,0,1,0,0,3,30,30,0,2,10,6,6,0,1
1,1,0,22.05,0,1,0,0,0,0,1,0,0,3,30,30,0,1,13,6,6,0,1
1,0,0,27.4,0,0,1,0,0,0,1,0,0,5,30,30,0,1,12,6,6,0,1
1,1,0,27.4,0,0,1,1,0,0,1,0,0,2,30,30,0,1,10,6,6,0,1
1,1,0,29.26,1,0,0,1,0,0,1,0,0,3,30,30,0,2,5,5,6,0,1
1,1,0,33.91,1,0,0,1,0,0,1,0,0,3,30,5,0,1,10,5,11,0,1
1,1,0,30.27,0,0,0,0,0,0,1,0,0,5,30,5,1,2,10,5,6,0,1
1,1,0,26.22,0,0,0,1,0,0,1,0,0,3,30,15,0,1,10,6,6,0,1
1,1,0,25.54,0,0,0,1,0,0,1,0,0,2,30,30,0,1,10,5,6,0,1
1,1,0,32.61,1,0,0,1,0,0,1,0,0,2,30,30,0,2,10,4,6,0,1
1,1,0,38.27,0,0,0,1,0,0,1,0,0,2,30,30,0,2,10,6,6,0,1
1,0,0,27.4,1,0,0,1,0,0,1,0,0,3,30,30,0,2,10,5,6,0,1
1,1,0,37.45,0,0,0,1,0,0,1,0,0,3,30,30,0,1,10,6,11,0,1
1,1,0,43.05,0,0,1,1,0,0,1,0,0,3,30,14,1,1,10,4,6,0,1
1,0,0,24.41,0,0,0,1,0,0,1,0,0,2,30,30,0,1,14,6,6,0,1
1,0,0,34.44,1,0,1,1,0,0,1,0,0,3,30,30,0,1,12,4,4,0,1
1,1,0,25.82,0,0,0,1,0,0,1,0,0,2,30,30,0,2,10,6,6,0,1
1,1,0,39.11,0,0,0,1,0,0,1,0,0,3,30,30,0,2,11,5,3,0,1
1,0,0,22.6,0,0,0,0,0,0,1,0,0,4,30,30,1,2,13,6,6,0,1
1,0,0,23.71,0,0,0,1,0,0,1,0,0,1,30,30,0,1,10,4,6,0,1
1,1,0,28.89,0,0,0,1,0,0,1,0,0,3,30,30,0,1,10,6,6,0,1
1,1,0,32.1,1,0,0,1,0,0,1,0,0,3,30,30,0,1,10,6,6,0,1
1,1,0,36.8,1,0,0,1,0,0,1,0,0,2,30,30,0,1,10,6,6,0,1
1,0,0,27.4,0,0,0,1,0,0,1,0,0,3,30,30,0,2,13,6,6,0,1
1,1,0,38.39,1,0,0,1,0,0,1,0,0,2,30,30,0,1,10,4,3,0,1
1,0,0,20.12,0,0,0,1,0,0,1,0,0,1,30,30,0,2,13,5,6,0,1
1,1,0,21.46,0,0,0,1,0,0,1,0,0,2,30,30,0,2,13,4,3,0,1
1,1,0,36.05,0,0,1,1,0,0,1,0,0,4,1,10,0,2,11,4,6,0,1
1,1,0,26.58,0,0,0,1,0,0,1,0,0,3,30,30,0,1,10,5,6,0,1
1,1,0,34.33,1,0,0,1,0,0,1,0,0,4,30,30,0,2,10,5,6,0,1
1,1,0,41.16,0,0,0,0,0,0,1,0,0,2,30,30,1,1,12,5,5,0,1
1,1,0,27.4,0,0,0,0,0,0,1,0,1,3,30,30,1,1,5,5,4,0,1
1,1,0,51.65,1,0,0,0,0,0,1,0,0,4,25,10,1,2,10,5,5,0,1
1,0,0,32.98,0,0,0,1,0,0,1,0,0,2,30,30,0,1,10,4,6,0,1
1,0,0,31.87,0,0,0,1,0,0,1,0,0,2,30,30,0,1,11,6,6,0,1
1,1,0,25.23,0,1,0,1,0,0,1,0,0,3,30,2,0,1,11,4,6,0,1
1,1,0,33.23,0,0,0,1,0,0,1,0,0,2,30,30,0,1,10,6,6,0,1
1,0,0,28.89,1,0,1,1,0,0,1,0,0,3,30,30,0,1,10,5,6,0,1
1,1,0,23.06,0,0,0,1,0,0,1,0,0,3,30,30,0,1,10,6,6,0,1
1,0,0,34.72,0,0,0,1,0,0,1,0,0,5,30,30,1,1,10,6,6,0,1
1,1,0,32.01,1,0,1,0,0,0,1,0,0,5,30,30,1,2,10,4,1,0,1
1,0,0,30.41,0,0,0,1,0,0,1,0,0,2,30,30,0,1,10,6,6,0,1
1,0,0,26.63,0,0,0,1,0,0,1,0,0,3,30,30,0,1,10,5,5,0,1
1,1,0,31.57,1,0,0,1,0,0,1,0,0,2,30,30,0,1,12,5,6,0,1
1,0,0,30.08,0,0,0,0,0,0,1,0,0,2,30,30,0,2,14,6,6,0,1
1,1,0,33.45,1,0,1,0,0,0,1,0,0,4,2,30,1,2,11,6,3,0,1
1,0,0,32.28,0,0,0,1,0,0,1,0,0,3,2,30,0,2,10,4,6,0,1
1,1,0,31.19,1,0,1,0,0,0,1,0,0,3,30,5,0,1,10,6,6,0,1
1,0,0,50.22,0,0,0,1,0,0,1,0,0,3,30,30,0,1,10,4,6,0,1
1,1,0,25.54,0,0,1,1,0,0,1,0,0,3,30,30,0,1,11,6,6,0,1
1,1,0,25.45,0,0,1,0,0,0,1,0,0,4,30,30,0,2,11,2,4,0,1
1,1,0,30.26,0,0,0,1,0,0,1,0,0,3,30,30,0,1,5,4,6,0,1
1,1,0,27.44,1,0,0,1,0,0,1,0,0,3,30,30,0,2,13,6,6,0,1
1,1,0,34.7,1,0,0,0,0,0,1,0,0,5,30,5,1,2,10,6,6,0,1
1,1,0,34.87,0,0,0,1,0,0,1,0,0,3,30,30,0,1,10,6,6,0,1
1,1,0,22.6,0,0,0,1,0,0,1,0,0,2,2,30,0,2,10,6,6,0,1
1,1,0,28.34,0,0,0,1,0,0,1,0,0,2,30,30,0,2,12,6,6,0,1
1,1,0,40.45,1,0,0,0,0,0,1,0,0,4,30,5,1,1,10,5,6,0,1
1,0,0,24.28,0,0,0,1,0,0,1,0,0,2,30,30,0,1,12,4,6,0,1
1,1,0,34.33,0,0,0,0,0,0,1,0,0,3,30,30,1,2,11,5,5,0,1
1,0,0,51.37,0,0,0,0,0,0,1,0,0,3,30,30,1,2,12,5,3,0,1
1,1,0,27.4,0,0,0,1,0,0,1,0,0,2,30,30,0,2,10,5,5,0,1
1,1,0,27.4,0,0,0,1,0,0,1,0,0,2,30,30,1,2,11,6,6,0,1
1,0,0,27.4,0,0,0,1,0,0,1,0,0,2,30,30,0,2,11,6,6,0,1
1,1,0,32.89,1,0,0,1,0,0,1,0,0,2,5,30,1,1,10,4,10,0,1
1,1,0,36.26,1,0,0,1,0,0,1,0,0,3,30,2,0,1,6,5,11,0,1
1,1,0,29.05,1,1,0,0,0,0,1,0,0,2,30,30,1,1,11,6,4,0,1
1,1,0,26.31,0,1,0,0,0,0,1,0,1,5,30,30,1,1,11,6,5,0,1
1,1,0,25.84,0,1,0,1,0,0,1,0,0,3,30,30,0,1,10,6,6,0,1
1,0,0,29.05,0,0,0,1,0,0,1,0,0,2,30,30,0,2,11,6,6,0,1
1,1,0,33.61,1,1,0,0,0,0,1,0,0,3,30,30,0,2,10,4,6,0,1
1,0,0,34.33,1,1,1,0,0,0,1,0,0,4,5,30,1,2,11,4,3,0,1
1,1,0,26.46,0,0,0,0,0,0,1,0,0,4,30,30,0,2,12,5,6,0,1
1,1,0,27.4,0,0,0,1,0,0,1,0,0,2,30,30,0,1,10,6,6,0,1
