cycle,weighting,method,model,feature,label_1,label_2,n_seeds,mean_share_1,mean_share_2,diff,t_corrected,p_corrected,q_bh
2017-2020,unweighted,PI,logistic_regression,Age,diag,lab,5,0.6097545798317864,0.9066473746054429,-0.29689279477365665,-14.924415010024553,0.00011740156433608953,0.0016436219007052535
2017-2020,unweighted,PI,logistic_regression,AnyHealthcare,diag,lab,5,0.0022492539680662752,0.0016841216384142978,0.0005651323296519776,0.281108451738635,0.7925690529476745,0.9166822396258715
2017-2020,unweighted,PI,logistic_regression,BMI,diag,lab,5,0.12406255640110841,0.031118608524197688,0.0929439478769107,10.686337691261944,0.00043440853671560957,0.0036490317084111206
2017-2020,unweighted,PI,logistic_regression,Diabetes_self,diag,lab,5,0.027635687832169038,0.0008896579962833749,0.026746029835885664,15.310086987572435,0.0001061667427007502,0.0016436219007052535
2017-2020,unweighted,PI,logistic_regression,Education,diag,lab,5,0.00450628246761997,0.001476752689714221,0.003029529777905749,1.513468201752938,0.20471668057425746,0.39082275382358245
2017-2020,unweighted,PI,logistic_regression,GenHlth,diag,lab,5,0.08620616385101368,0.020574395957256766,0.06563176789375694,7.00960828201005,0.0021808891741066146,0.015266224218746302
2017-2020,unweighted,PI,logistic_regression,HeartDiseaseorAttack,diag,lab,5,0.005746536738218966,0.0013365168771706268,0.00441001986104834,1.3919469375181248,0.23633991951527358,0.4158644917957172
2017-2020,unweighted,PI,logistic_regression,HighChol,diag,lab,5,0.11814110120537809,0.00024365831731009945,0.11789744288806796,64.47832251739067,3.465773999822612e-07,1.455625079925497e-05
2017-2020,unweighted,PI,logistic_regression,Income,diag,lab,5,0.0,0.003908909338613161,-0.003908909338613161,-1.3873173759557673,0.23763685245469554,0.4158644917957172
2017-2020,unweighted,PI,logistic_regression,MentHlth,diag,lab,5,0.003349965693107343,0.008358899064737219,-0.0050089333716298754,-2.40114732442067,0.07426386432308466,0.19341162646539178
2017-2020,unweighted,PI,logistic_regression,PhysActivity_LTPA,diag,lab,5,0.0,0.0009427418824895135,-0.0009427418824895135,-1.9391906815915925,0.1244930767342576,0.29000520100385696
2017-2020,unweighted,PI,logistic_regression,Sex,diag,lab,5,0.0017805355703083188,0.008965380133648653,-0.007184844563340334,-1.6629074890506286,0.17166484645694127,0.34332969291388254
2017-2020,unweighted,PI,logistic_regression,Smoker,diag,lab,5,0.0003803170736255148,0.00039312280932215046,-1.2805735696635665e-05,-0.019768535904874634,0.9851748050483442,0.9953225638676825
2017-2020,unweighted,PI,logistic_regression,Stroke,diag,lab,5,0.01618701936759807,0.0134598601653993,0.002727159202198769,0.4252471082505812,0.6925362157806809,0.8310434589368171
2017-2020,unweighted,PI,random_forest,Age,diag,lab,5,0.5419254694318113,0.7490769383920303,-0.20715146896021902,-3.724519742998992,0.020394003426808225,0.07349531075545777
2017-2020,unweighted,PI,random_forest,AnyHealthcare,diag,lab,5,0.008756290854085556,0.010438239261767493,-0.0016819484076819372,-0.17953335182921393,0.866246582512197,0.9244830627132896
2017-2020,unweighted,PI,random_forest,BMI,diag,lab,5,0.1178489441932187,0.0516665968149998,0.06618234737821886,3.6910898629499274,0.020998660215845077,0.07349531075545777
2017-2020,unweighted,PI,random_forest,Diabetes_self,diag,lab,5,0.03522250526802834,0.01709962108996586,0.018122884178062477,2.352682392739563,0.07828565833123001,0.19341162646539178
2017-2020,unweighted,PI,random_forest,Education,diag,lab,5,0.008287433111306362,0.01012372361497814,-0.001836290503671778,-0.16023799625717727,0.8804600597269424,0.9244830627132896
2017-2020,unweighted,PI,random_forest,GenHlth,diag,lab,5,0.08029321647413476,0.029563324000469265,0.05072989247366548,3.239884961792975,0.031677412021843224,0.10234240807057042
2017-2020,unweighted,PI,random_forest,HeartDiseaseorAttack,diag,lab,5,0.017102409860472356,0.005338857062948535,0.011763552797523821,1.8936748294373846,0.13119282902555432,0.29000520100385696
2017-2020,unweighted,PI,random_forest,HighChol,diag,lab,5,0.12079847899578203,0.04437292177691985,0.07642555721886217,5.126080319729088,0.006857126670893334,0.028799932017752
2017-2020,unweighted,PI,random_forest,Income,diag,lab,5,0.01363374618174451,0.010926366490364908,0.0027073796913796044,0.17813315187568543,0.8672760318471993,0.9244830627132896
2017-2020,unweighted,PI,random_forest,MentHlth,diag,lab,5,0.0011759765628735351,0.0011820328366915385,-6.056273818003284e-06,-0.006236632046202397,0.9953225638676825,0.9953225638676825
2017-2020,unweighted,PI,random_forest,PhysActivity_LTPA,diag,lab,5,0.0,0.008494535271837661,-0.008494535271837661,-1.2294377207975056,0.28628067737542096,0.48095153799070717
2017-2020,unweighted,PI,random_forest,Sex,diag,lab,5,0.039434390758798475,0.020860560851261152,0.01857382990753732,1.087144868887219,0.33809710789055336,0.5259288344964164
2017-2020,unweighted,PI,random_forest,Smoker,diag,lab,5,0.007123386553422819,0.021227896424037166,-0.01410450987061435,-0.7447542445124194,0.497797006226685,0.6969158087173589
2017-2020,unweighted,PI,random_forest,Stroke,diag,lab,5,0.008397751754321342,0.019628386111728395,-0.011230634357407055,-0.9344034575364382,0.40299437674577304,0.6044915651186595
2017-2020,unweighted,PI,xgboost,Age,diag,lab,5,0.5656894708026131,0.7590001016287313,-0.19331063082611824,-5.5207800141614785,0.005256085534956865,0.025247348012828803
2017-2020,unweighted,PI,xgboost,AnyHealthcare,diag,lab,5,0.006035611154000113,0.011102310139662206,-0.005066698985662093,-1.1405942344211055,0.31769327131359154,0.5131968228911864
2017-2020,unweighted,PI,xgboost,BMI,diag,lab,5,0.1337765382991454,0.08781635977411036,0.045960178525035034,1.696130532316371,0.16510199404220494,0.34332969291388254
2017-2020,unweighted,PI,xgboost,Diabetes_self,diag,lab,5,0.02732940218064058,0.0012327144725928672,0.026096687708047718,5.541709712095443,0.005184725151231342,0.025247348012828803
2017-2020,unweighted,PI,xgboost,Education,diag,lab,5,0.02137175209344685,0.0251556269851749,-0.003783874891728052,-0.4546193459401202,0.6729620447558651,0.8310434589368171
2017-2020,unweighted,PI,xgboost,GenHlth,diag,lab,5,0.08830715983842494,0.03560702689808605,0.05270013294033889,5.476757435092401,0.005410146002749029,0.025247348012828803
2017-2020,unweighted,PI,xgboost,HeartDiseaseorAttack,diag,lab,5,0.011203645614781928,0.0,0.011203645614781928,2.5506380092619914,0.0632625985329636,0.17713527589229805
2017-2020,unweighted,PI,xgboost,HighChol,diag,lab,5,0.09505357740942408,0.00794680670200448,0.08710677070741958,11.913967026593193,0.0002843141520552635,0.0029852985965802665
2017-2020,unweighted,PI,xgboost,Income,diag,lab,5,0.005776881654743784,0.013315576840429721,-0.0075386951856859395,-0.5181252087589109,0.6317105483779367,0.8039952433901013
2017-2020,unweighted,PI,xgboost,MentHlth,diag,lab,5,0.002166319427663139,0.010332691563766826,-0.008166372136103685,-2.8989024873058167,0.04416653101346274,0.13249959304038822
2017-2020,unweighted,PI,xgboost,PhysActivity_LTPA,diag,lab,5,0.0006096447218286421,0.0010184586914359875,-0.0004088139696073453,-0.26020158828492057,0.8075534015751725,0.9166822396258715
2017-2020,unweighted,PI,xgboost,Sex,diag,lab,5,0.030183600167919804,0.024601623284676487,0.005581976883243321,0.6249316318240853,0.5658965927170873,0.742739277941177
2017-2020,unweighted,PI,xgboost,Smoker,diag,lab,5,0.0028887234841774474,0.009017152403819883,-0.006128428919642435,-0.6665039061797402,0.54156354795521,0.7337312585199619
2017-2020,unweighted,PI,xgboost,Stroke,diag,lab,5,0.009607673151190245,0.013853550615508862,-0.004245877464318616,-0.8805453324848823,0.4282911524328953,0.6202837380062621
2017-2020,unweighted,SHAP,logistic_regression,Age,diag,lab,5,0.3230035933588982,0.5168381102437746,-0.19383451688487638,-13.136463587103439,0.00019392915853991158,0.0008409838464120496
2017-2020,unweighted,SHAP,logistic_regression,AnyHealthcare,diag,lab,5,0.020344499640877086,0.04497512705353581,-0.024630627412658722,-2.967085278265505,0.04126334817861757,0.057768687450064596
2017-2020,unweighted,SHAP,logistic_regression,BMI,diag,lab,5,0.14614250855369085,0.09813160154490227,0.04801090700878857,13.029783480604985,0.00020023424914572608,0.0008409838464120496
2017-2020,unweighted,SHAP,logistic_regression,Diabetes_self,diag,lab,5,0.0588507683772825,0.01489761545644673,0.04395315292083577,12.090094285959454,0.00026846024913065614,0.0010250300421352325
2017-2020,unweighted,SHAP,logistic_regression,Education,diag,lab,5,0.03751760001868524,0.02387933526993439,0.01363826474875085,1.5455012802810004,0.19711821666777973,0.25087773030444693
2017-2020,unweighted,SHAP,logistic_regression,GenHlth,diag,lab,5,0.13449714789911452,0.09118562129379906,0.043311526605315454,4.909696333269215,0.007988183881537643,0.014587118392373085
2017-2020,unweighted,SHAP,logistic_regression,HeartDiseaseorAttack,diag,lab,5,0.022973830579852996,0.01878184148588721,0.004191989093965785,0.7272237869819744,0.507368113723254,0.5607752835888598
2017-2020,unweighted,SHAP,logistic_regression,HighChol,diag,lab,5,0.1577404970314076,0.012149403820346879,0.14559109321106073,15.468603374665323,0.00010193951426554824,0.0008037337276025729
2017-2020,unweighted,SHAP,logistic_regression,Income,diag,lab,5,0.007818986672019275,0.046495709036834754,-0.03867672236481547,-8.817264635527987,0.0009129831705508558,0.002255605480184467
2017-2020,unweighted,SHAP,logistic_regression,MentHlth,diag,lab,5,0.023235058524984854,0.027186950686016554,-0.003951892161031701,-0.3809521323973596,0.722607494167979,0.7402320671964663
2017-2020,unweighted,SHAP,logistic_regression,PhysActivity_LTPA,diag,lab,5,0.003840702398970711,0.02110780431200335,-0.017267101913032636,-3.2775572945132394,0.030570900589326076,0.047554734250062784
2017-2020,unweighted,SHAP,logistic_regression,Sex,diag,lab,5,0.018855838845101305,0.05682031280693467,-0.037964473961833375,-3.516987409863646,0.024516637247159585,0.039603798630027026
2017-2020,unweighted,SHAP,logistic_regression,Smoker,diag,lab,5,0.015703383309638958,0.0055003625098512254,0.010203020799787733,2.382477603718612,0.07578478955506407,0.10267616649395776
2017-2020,unweighted,SHAP,logistic_regression,Stroke,diag,lab,5,0.029475584789475935,0.022050204479732487,0.007425380309743446,2.092405080894189,0.10454619124453962,0.13721687600845825
2017-2020,unweighted,SHAP,random_forest,Age,diag,lab,5,0.2796244041394483,0.3607220769500752,-0.08109767281062694,-13.471956643986916,0.00017564751681077594,0.0008409838464120496
2017-2020,unweighted,SHAP,random_forest,AnyHealthcare,diag,lab,5,0.022179341899265615,0.020875527055432906,0.001303814843832709,0.5245010834362182,0.6276533004754218,0.6759343235889157
2017-2020,unweighted,SHAP,random_forest,BMI,diag,lab,5,0.13035472644868124,0.10723474766349839,0.02311997878518282,5.255054244114108,0.0062755721635861005,0.012551144327172201
2017-2020,unweighted,SHAP,random_forest,Diabetes_self,diag,lab,5,0.07975735126476738,0.03819390462001115,0.04156344664475621,10.202572118046369,0.0005199930483080191,0.0015599791449240573
2017-2020,unweighted,SHAP,random_forest,Education,diag,lab,5,0.030411666928726395,0.052790909406665885,-0.022379242477939498,-7.664466009389128,0.0015576751885386592,0.0036345754399235383
2017-2020,unweighted,SHAP,random_forest,GenHlth,diag,lab,5,0.10904553574461957,0.07809892877856464,0.030946606966054946,5.977533999824798,0.00393627172543313,0.008701232235167973
2017-2020,unweighted,SHAP,random_forest,HeartDiseaseorAttack,diag,lab,5,0.031857811678434184,0.013335954633609209,0.018521857044824973,9.21682573967912,0.0007699976968473276,0.002021243954224235
2017-2020,unweighted,SHAP,random_forest,HighChol,diag,lab,5,0.1636315799910249,0.06606545948017321,0.09756612051085169,36.87730529335836,3.228408894959281e-06,6.77965867941449e-05
2017-2020,unweighted,SHAP,random_forest,Income,diag,lab,5,0.025960344622007463,0.051362097849262156,-0.025401753227254686,-14.432926392299661,0.00013395562126709547,0.0008037337276025729
2017-2020,unweighted,SHAP,random_forest,MentHlth,diag,lab,5,0.02143042314531886,0.024230641976078694,-0.002800218830759837,-1.3702751964477622,0.2424720403758173,0.29952428517012725
2017-2020,unweighted,SHAP,random_forest,PhysActivity_LTPA,diag,lab,5,0.024152778739468705,0.054194064897504425,-0.030041286158035717,-16.955432440483087,7.094327662776257e-05,0.000744904404591507
2017-2020,unweighted,SHAP,random_forest,Sex,diag,lab,5,0.027600177056958507,0.056319496854939664,-0.028719319797981164,-14.846989508183562,0.00011983286143261128,0.0008037337276025729
2017-2020,unweighted,SHAP,random_forest,Smoker,diag,lab,5,0.028700310979519333,0.04141451746237951,-0.012714206482860174,-5.282112258559875,0.006161314319629988,0.012551144327172201
2017-2020,unweighted,SHAP,random_forest,Stroke,diag,lab,5,0.025293547361759604,0.03516167237180495,-0.009868125010045348,-3.0022910654228956,0.03985184904395797,0.05771647102918051
2017-2020,unweighted,SHAP,xgboost,Age,diag,lab,5,0.30491429647581886,0.3963300546199302,-0.09141575814411132,-27.631212252512533,1.0203960416043154e-05,0.00014285544582460415
2017-2020,unweighted,SHAP,xgboost,AnyHealthcare,diag,lab,5,0.02096579490960901,0.020263117600648577,0.0007026773089604283,0.3329680481128485,0.7558789722839409,0.7558789722839409
2017-2020,unweighted,SHAP,xgboost,BMI,diag,lab,5,0.1571766640781729,0.160210610172725,-0.0030339460945521144,-0.47222306134326475,0.6613774891243206,0.6944463635805367
2017-2020,unweighted,SHAP,xgboost,Diabetes_self,diag,lab,5,0.04864711888862221,0.016946001733433816,0.03170111715518839,10.893498364719775,0.00040315228088588784,0.0013945300078261234
2017-2020,unweighted,SHAP,xgboost,Education,diag,lab,5,0.04549742156585606,0.05672388632736386,-0.011226464761507796,-3.111633383553758,0.03581522915051032,0.05372284372576548
2017-2020,unweighted,SHAP,xgboost,GenHlth,diag,lab,5,0.12014874709913848,0.07336883833802196,0.04677990876111652,10.703927029502674,0.00043164024051760963,0.0013945300078261234
2017-2020,unweighted,SHAP,xgboost,HeartDiseaseorAttack,diag,lab,5,0.02439589855124848,0.009619821930986833,0.014776076620261647,4.156325641667371,0.014187341154450604,0.024827847020288556
2017-2020,unweighted,SHAP,xgboost,HighChol,diag,lab,5,0.120706172945704,0.03471160269569469,0.08599457025000931,44.345155499693554,1.5463067089457412e-06,6.494488177572113e-05
2017-2020,unweighted,SHAP,xgboost,Income,diag,lab,5,0.033843762286992055,0.05354277970484408,-0.019699017417852027,-3.953989943345483,0.016761834544197697,0.02815988203425213
2017-2020,unweighted,SHAP,xgboost,MentHlth,diag,lab,5,0.02441986273814011,0.028152130040769923,-0.0037322673026298206,-0.9544356207410221,0.39391113355716456,0.45956298915002536
2017-2020,unweighted,SHAP,xgboost,PhysActivity_LTPA,diag,lab,5,0.015706009956270126,0.033806489935840796,-0.01810047997957067,-9.336360580038598,0.0007327142836209183,0.002021243954224235
2017-2020,unweighted,SHAP,xgboost,Sex,diag,lab,5,0.0329221305205188,0.0663184531695408,-0.033396322649022,-4.957974997552882,0.007717227480915406,0.014587118392373085
2017-2020,unweighted,SHAP,xgboost,Smoker,diag,lab,5,0.025971416544809705,0.029404896271816257,-0.003433479727006552,-0.8939515412391036,0.42187445468328416,0.4788845161269712
2017-2020,unweighted,SHAP,xgboost,Stroke,diag,lab,5,0.02468470343909917,0.020601317458383162,0.0040833859807160085,1.1637328198545946,0.3092161171382656,0.37105934056591866
2017-2020,weighted,PI,logistic_regression,Age,diag,lab,5,0.5958628567531588,0.8925086709598599,-0.2966458142067011,-9.257858719531404,0.0007569396267205709,0.015972308576877686
2017-2020,weighted,PI,logistic_regression,AnyHealthcare,diag,lab,5,0.0037710392873682936,0.0012572667300972582,0.002513772557271035,1.2719176192458124,0.27231965177887085,0.5718712687356288
2017-2020,weighted,PI,logistic_regression,BMI,diag,lab,5,0.1250731587684723,0.037795873786942547,0.08727728498152976,5.991370983920795,0.003903068948120887,0.0433866103939839
2017-2020,weighted,PI,logistic_regression,Diabetes_self,diag,lab,5,0.02989567352938697,0.00024758228063555883,0.029648091248751406,4.211874560401354,0.013565737274991756,0.09496016092494229
2017-2020,weighted,PI,logistic_regression,Education,diag,lab,5,0.0013101449862259434,0.0024163404182850445,-0.001106195432059101,-1.1030771756084736,0.33189360378976207,0.5948867107396262
2017-2020,weighted,PI,logistic_regression,GenHlth,diag,lab,5,0.09935242938602036,0.026445606843164236,0.07290682254285615,3.7476110391281487,0.019988480508792806,0.11993088305275684
2017-2020,weighted,PI,logistic_regression,HeartDiseaseorAttack,diag,lab,5,0.006227105325075084,0.0027541832436682777,0.003472922081406807,0.9803343101480843,0.38242717118975966,0.5948867107396262
2017-2020,weighted,PI,logistic_regression,HighChol,diag,lab,5,0.11040432069991264,0.00035521265791120825,0.11004910804200144,9.2463123109583,0.0007605861227084613,0.015972308576877686
2017-2020,weighted,PI,logistic_regression,Income,diag,lab,5,0.00012423112294544645,0.00962512349471278,-0.009500892371767334,-2.1397596818280955,0.09911457024631751,0.2973437107389525
2017-2020,weighted,PI,logistic_regression,MentHlth,diag,lab,5,0.004825879190657157,0.0018311008643240724,0.0029947783263330834,0.9857061765593707,0.38008160353673065,0.5948867107396262
2017-2020,weighted,PI,logistic_regression,PhysActivity_LTPA,diag,lab,5,0.00047972232586327324,0.002157540054009502,-0.0016778177281462285,-1.0321345944966056,0.36032546613720867,0.5948867107396262
2017-2020,weighted,PI,logistic_regression,Sex,diag,lab,5,0.004617586602683902,0.009590986845941906,-0.0049734002432580025,-1.0255607159343694,0.3630668698106179,0.5948867107396262
2017-2020,weighted,PI,logistic_regression,Smoker,diag,lab,5,0.0008755455953515627,0.0007489803090307112,0.00012656528632085145,0.45288156721591455,0.6741116825553857,0.765207855873681
2017-2020,weighted,PI,logistic_regression,Stroke,diag,lab,5,0.017180306426878254,0.012265531511417035,0.00491477491546122,1.439089959763533,0.22352761319846107,0.5107205440158076
2017-2020,weighted,PI,random_forest,Age,diag,lab,5,0.5389060208772277,0.7288888894609984,-0.18998286858377061,-2.5934558451110505,0.060463327257610444,0.21162164540163655
2017-2020,weighted,PI,random_forest,AnyHealthcare,diag,lab,5,0.009273845905688288,0.0026130079600523172,0.0066608379456359725,1.1021442107987005,0.3322540035774939,0.5948867107396262
2017-2020,weighted,PI,random_forest,BMI,diag,lab,5,0.13212926669259908,0.0386404393938523,0.09348882729874679,2.9310799099987856,0.04276771316855567,0.1796243953079338
2017-2020,weighted,PI,random_forest,Diabetes_self,diag,lab,5,0.035352692874650316,0.01380703741357436,0.02154565546107596,1.5708686358613118,0.19130626851028124,0.4726390163195184
2017-2020,weighted,PI,random_forest,Education,diag,lab,5,0.0077054674942724985,0.0,0.0077054674942724985,0.8851844984356452,0.4260616584897516,0.6170548157437782
2017-2020,weighted,PI,random_forest,GenHlth,diag,lab,5,0.09077169637559754,0.04363936638095407,0.047132329994643465,2.6771941146055616,0.05538989960294663,0.21148870757488714
2017-2020,weighted,PI,random_forest,HeartDiseaseorAttack,diag,lab,5,0.012182485770901511,0.0056332851103078245,0.006549200660593687,0.6174091155063749,0.5703782520796965,0.6654412940929793
2017-2020,weighted,PI,random_forest,HighChol,diag,lab,5,0.10441889886872549,0.0586049879926304,0.0458139108760951,1.893912061276997,0.13115691308839464,0.36723935664750496
2017-2020,weighted,PI,random_forest,Income,diag,lab,5,0.022576979284774458,0.017788480441084616,0.004788498843689844,0.21369457878226975,0.8412357659442679,0.9108338980441744
2017-2020,weighted,PI,random_forest,MentHlth,diag,lab,5,0.0008481367138472153,0.002949978834785063,-0.0021018421209378474,-0.6536448565575861,0.5490111092969852,0.6588133311563822
2017-2020,weighted,PI,random_forest,PhysActivity_LTPA,diag,lab,5,0.001658635803919129,0.01388177883447711,-0.012223143030557982,-0.6834026540050729,0.5318850512414094,0.6580281087382842
2017-2020,weighted,PI,random_forest,Sex,diag,lab,5,0.026148858722163975,0.022381298211029348,0.003767560511134631,0.12658434175718436,0.905377343867237,0.9506462110605989
2017-2020,weighted,PI,random_forest,Smoker,diag,lab,5,0.007944345612215884,0.025899568793686746,-0.017955223181470865,-0.6819899227985879,0.5326894213595634,0.6580281087382842
2017-2020,weighted,PI,random_forest,Stroke,diag,lab,5,0.010082669003416821,0.02527188117256745,-0.015189212169150632,-1.786762308503235,0.14850957580297822,0.38983763648281783
2017-2020,weighted,PI,xgboost,Age,diag,lab,5,0.5777928525724362,0.8086235744434829,-0.23083072187104658,-3.3657514893119123,0.028154311766985244,0.13138678824593114
2017-2020,weighted,PI,xgboost,AnyHealthcare,diag,lab,5,0.00844795382779241,0.007919298254626984,0.0005286555731654261,0.05742992334846008,0.9569571280046769,0.9575937359211727
2017-2020,weighted,PI,xgboost,BMI,diag,lab,5,0.13354836729258174,0.059816736448204885,0.07373163084437687,1.411130588446081,0.23104024610238913,0.5107205440158076
2017-2020,weighted,PI,xgboost,Diabetes_self,diag,lab,5,0.023363224859338883,0.00025490001171214543,0.02310832484762674,3.592884251736576,0.02290285282014702,0.12023997730577186
2017-2020,weighted,PI,xgboost,Education,diag,lab,5,0.02435128134543942,0.01439416518583335,0.00995711615960607,1.0683727498334272,0.3455405667546051,0.5948867107396262
2017-2020,weighted,PI,xgboost,GenHlth,diag,lab,5,0.10132193916579495,0.032660469155791794,0.06866147001000314,4.297482051968412,0.012670842544542767,0.09496016092494229
2017-2020,weighted,PI,xgboost,HeartDiseaseorAttack,diag,lab,5,0.007868731810625456,0.0007755366266345147,0.0070931951839909415,2.3014966530326078,0.08280261308884189,0.26751613459471996
2017-2020,weighted,PI,xgboost,HighChol,diag,lab,5,0.07087446121216642,0.007895694240613505,0.06297876697155291,5.898754277640674,0.004132058132760371,0.0433866103939839
2017-2020,weighted,PI,xgboost,Income,diag,lab,5,0.0037911049156320953,0.01347081214308089,-0.009679707227448795,-0.7295024155607652,0.5061163673062864,0.6580281087382842
2017-2020,weighted,PI,xgboost,MentHlth,diag,lab,5,0.0026491798556384956,0.002325378010945927,0.00032380184469256863,0.056579387813299006,0.9575937359211727,0.9575937359211727
2017-2020,weighted,PI,xgboost,PhysActivity_LTPA,diag,lab,5,0.0037101424615212514,0.0,0.0037101424615212514,0.803276169765078,0.4668340888454091,0.6535677243835727
2017-2020,weighted,PI,xgboost,Sex,diag,lab,5,0.029203826442594383,0.026457041669397757,0.0027467847731966256,0.2074740244188566,0.8457743338981619,0.9108338980441744
2017-2020,weighted,PI,xgboost,Smoker,diag,lab,5,0.0038055372005539336,0.012665134518918916,-0.008859597318364984,-0.9206612870131012,0.4093273270775616,0.6139909906163423
2017-2020,weighted,PI,xgboost,Stroke,diag,lab,5,0.009271397037884318,0.012741259290756587,-0.00346986225287227,-0.707017447021268,0.5185684314159974,0.6580281087382842
2017-2020,weighted,SHAP,logistic_regression,Age,diag,lab,5,0.3299852421945796,0.5238915517345893,-0.1939063095400097,-12.864552878251066,0.00021051223506054687,0.0011051892340678711
2017-2020,weighted,SHAP,logistic_regression,AnyHealthcare,diag,lab,5,0.019012402519679415,0.04209605298239978,-0.023083650462720366,-2.772963314773066,0.05017850233013738,0.07024990326219233
2017-2020,weighted,SHAP,logistic_regression,BMI,diag,lab,5,0.1461804198729341,0.09736558872733353,0.04881483114560055,13.09749206127591,0.0001962034265368172,0.0011051892340678711
2017-2020,weighted,SHAP,logistic_regression,Diabetes_self,diag,lab,5,0.054392272504376324,0.013606809131303712,0.040785463373072615,9.936002623020746,0.0005761453244453594,0.0020165086355587577
2017-2020,weighted,SHAP,logistic_regression,Education,diag,lab,5,0.036577068597527525,0.023162501925912356,0.013414566671615164,1.5645063418702465,0.19274719113266714,0.2453146068961218
2017-2020,weighted,SHAP,logistic_regression,GenHlth,diag,lab,5,0.13777758789952818,0.09262504548550171,0.04515254241402648,4.952005362769776,0.007750118019356383,0.015500236038712766
2017-2020,weighted,SHAP,logistic_regression,HeartDiseaseorAttack,diag,lab,5,0.021636872976806127,0.017313603662906123,0.0043232693139000095,0.7762549841814808,0.48094105938027754,0.5459330944316664
2017-2020,weighted,SHAP,logistic_regression,HighChol,diag,lab,5,0.15965671804704135,0.012176440162121143,0.14748027788492019,15.076451777137322,0.00011280362543066709,0.001054369710330253
2017-2020,weighted,SHAP,logistic_regression,Income,diag,lab,5,0.00808156339587245,0.04829489618549103,-0.040213332789618576,-9.052197234102453,0.00082528289675974,0.002310792110927272
2017-2020,weighted,SHAP,logistic_regression,MentHlth,diag,lab,5,0.022823406302949042,0.026735698220480976,-0.003912291917531935,-0.38093295155986795,0.7226206535885239,0.7587516862679501
2017-2020,weighted,SHAP,logistic_regression,PhysActivity_LTPA,diag,lab,5,0.003909788598037411,0.02146206307407357,-0.017552274476036158,-3.256629709776672,0.031179844814669438,0.046769767222004155
2017-2020,weighted,SHAP,logistic_regression,Sex,diag,lab,5,0.019235443737011897,0.05745938280611305,-0.03822393906910115,-3.530244110599936,0.02422523612239883,0.03913307373618273
2017-2020,weighted,SHAP,logistic_regression,Smoker,diag,lab,5,0.016034512122687666,0.005567954717468347,0.010466557405219318,2.401929582566009,0.074200896979662,0.1005302475208324
2017-2020,weighted,SHAP,logistic_regression,Stroke,diag,lab,5,0.024696701230968923,0.018242411184305266,0.006454290046663659,2.0180227859177657,0.11375373192231501,0.14930177314803844
2017-2020,weighted,SHAP,random_forest,Age,diag,lab,5,0.28786561885151174,0.361475019988118,-0.07360940113660622,-14.027642040215344,0.00014984430099324912,0.001054369710330253
2017-2020,weighted,SHAP,random_forest,AnyHealthcare,diag,lab,5,0.019005894941186978,0.018518184303303088,0.00048771063788389005,0.26905068929561976,0.8011984003418611,0.820739824740443
2017-2020,weighted,SHAP,random_forest,BMI,diag,lab,5,0.13220912821482705,0.11006872457224903,0.022140403642578035,4.650016232813443,0.00966133808171168,0.017642443453560457
2017-2020,weighted,SHAP,random_forest,Diabetes_self,diag,lab,5,0.07422138695295893,0.037341941348740935,0.036879445604218006,9.451629585584644,0.0006988598379270359,0.0022578548609950393
2017-2020,weighted,SHAP,random_forest,Education,diag,lab,5,0.02901349739432842,0.04901312297405345,-0.019999625579725032,-7.8570606848623985,0.0014177774207119642,0.0035027442158766177
2017-2020,weighted,SHAP,random_forest,GenHlth,diag,lab,5,0.1130137824385474,0.08079105305329509,0.03222272938525233,5.330730533945967,0.005962330080628605,0.012520893169320072
2017-2020,weighted,SHAP,random_forest,HeartDiseaseorAttack,diag,lab,5,0.029397813416061458,0.012279773006393508,0.017118040409667946,14.009139999761091,0.0001506242443328933,0.001054369710330253
2017-2020,weighted,SHAP,random_forest,HighChol,diag,lab,5,0.16260443993585888,0.07037804031406374,0.09222639962179513,28.819602698677055,8.628223663357579e-06,0.00018119269693050915
2017-2020,weighted,SHAP,random_forest,Income,diag,lab,5,0.026321155516168926,0.04987644221108065,-0.02355528669491173,-7.564774855123869,0.0016367934270667382,0.003819184663155723
2017-2020,weighted,SHAP,random_forest,MentHlth,diag,lab,5,0.021589233201338966,0.02424373113139699,-0.002654497930058025,-1.1961344223571135,0.29769835133508044,0.36323579806102846
2017-2020,weighted,SHAP,random_forest,PhysActivity_LTPA,diag,lab,5,0.025317589428500986,0.056551339200483317,-0.031233749771982327,-11.613029478214472,0.0003141954856103478,0.0014662455995149565
2017-2020,weighted,SHAP,random_forest,Sex,diag,lab,5,0.028172655808274705,0.057330131633846856,-0.029157475825572154,-9.980637411732234,0.0005662363032432733,0.0020165086355587577
2017-2020,weighted,SHAP,random_forest,Smoker,diag,lab,5,0.029783438283979384,0.042090052767865045,-0.012306614483885654,-5.944590910150846,0.004016727000580163,0.008879080738124571
2017-2020,weighted,SHAP,random_forest,Stroke,diag,lab,5,0.02148436561645611,0.030042443495110333,-0.008558077878654225,-3.0408342612923946,0.03837086665674595,0.05557159998563207
2017-2020,weighted,SHAP,xgboost,Age,diag,lab,5,0.3193298393477268,0.4075679675525924,-0.08823812820486557,-17.488970103970477,6.27606113949644e-05,0.0008786485595295016
2017-2020,weighted,SHAP,xgboost,AnyHealthcare,diag,lab,5,0.018184029822286875,0.0173748689627354,0.000809160859551476,0.49399554066875384,0.6472067980895084,0.696991936404086
2017-2020,weighted,SHAP,xgboost,BMI,diag,lab,5,0.15962478211404735,0.16013453111860923,-0.0005097490045618657,-0.08230893920112504,0.9383552695933621,0.9383552695933621
2017-2020,weighted,SHAP,xgboost,Diabetes_self,diag,lab,5,0.04415518466978448,0.014867739214663278,0.029287445455121186,10.63729712483474,0.000442244147406266,0.0018574254191063174
2017-2020,weighted,SHAP,xgboost,Education,diag,lab,5,0.04059353341054132,0.05452590852574564,-0.013932375115204319,-4.764496405001247,0.008875844280736081,0.016944793626859793
2017-2020,weighted,SHAP,xgboost,GenHlth,diag,lab,5,0.12593550330883224,0.07555558979099372,0.050379913517838514,8.820529825298397,0.0009116871986244256,0.002393178896389117
2017-2020,weighted,SHAP,xgboost,HeartDiseaseorAttack,diag,lab,5,0.02135945454330056,0.008547861429503523,0.012811593113797037,4.189980130817384,0.013806739117302685,0.02319532171706851
2017-2020,weighted,SHAP,xgboost,HighChol,diag,lab,5,0.11633416559329605,0.03407895046735213,0.08225521512594393,34.89841841558841,4.023043380535682e-06,0.00016896782198249865
2017-2020,weighted,SHAP,xgboost,Income,diag,lab,5,0.03393633032581907,0.053543002341660116,-0.01960667201584105,-3.306735560430441,0.02974517267964054,0.046270268612774175
2017-2020,weighted,SHAP,xgboost,MentHlth,diag,lab,5,0.023946260020953347,0.027132785483527773,-0.0031865254625744292,-0.7898747206672014,0.47378990413642014,0.5459330944316664
2017-2020,weighted,SHAP,xgboost,PhysActivity_LTPA,diag,lab,5,0.016140357056312865,0.0343552598438675,-0.018214902787554634,-9.250279469027491,0.0007593307938018695,0.0022779923814056084
2017-2020,weighted,SHAP,xgboost,Sex,diag,lab,5,0.03408140524911876,0.06740567587055299,-0.03332427062143424,-4.323047845662889,0.012417533407888258,0.02173068346380445
2017-2020,weighted,SHAP,xgboost,Smoker,diag,lab,5,0.0262567889935895,0.028124783940165016,-0.0018679949465755172,-0.5317739453596027,0.6230446028425777,0.6886282452470596
2017-2020,weighted,SHAP,xgboost,Stroke,diag,lab,5,0.02012236554439077,0.01678507545803131,0.0033372900863594596,1.181932386546573,0.3026964983841904,0.36323579806102846
2021-2023,unweighted,PI,logistic_regression,Age,diag,lab,5,0.5283568442799277,0.8200447867181557,-0.29168794243822804,-12.68697432991265,0.00022230131281330824,0.006640006161767423
2021-2023,unweighted,PI,logistic_regression,AnyHealthcare,diag,lab,5,0.006817768755854365,0.023105009196644256,-0.01628724044078989,-1.466441722652081,0.21641522720908354,0.3366459089919077
2021-2023,unweighted,PI,logistic_regression,BMI,diag,lab,5,0.15402392118972488,0.02531219865758716,0.12871172253213772,9.353410160476006,0.0007275805894366551,0.008225012857283043
2021-2023,unweighted,PI,logistic_regression,Diabetes_self,diag,lab,5,0.04989343289240092,0.005623867487511975,0.044269565404888946,6.873122998282395,0.002347483476579358,0.013205703716641402
2021-2023,unweighted,PI,logistic_regression,Education,diag,lab,5,0.0025522163596085907,0.010806075092590918,-0.008253858732982327,-1.4230678476700656,0.2278023480148302,0.3417035220222453
2021-2023,unweighted,PI,logistic_regression,GenHlth,diag,lab,5,0.1053370189822959,0.0003610306882958548,0.10497598829400004,7.716115926547845,0.0015185433026979052,0.012755763742662404
2021-2023,unweighted,PI,logistic_regression,HeartDiseaseorAttack,diag,lab,5,0.031008048559800744,0.005814476580501749,0.025193571979298994,5.625152477301412,0.004911753818388329,0.018753969124755437
2021-2023,unweighted,PI,logistic_regression,HighChol,diag,lab,5,0.11243025157821207,0.0012743488836429503,0.11115590269456913,11.594212710946037,0.0003161907696079725,0.006640006161767423
2021-2023,unweighted,PI,logistic_regression,Income,diag,lab,5,0.00476172594971085,0.052339786358959695,-0.04757806040924885,-3.1992122557847713,0.03292552862271331,0.08134542365611523
2021-2023,unweighted,PI,logistic_regression,MentHlth,diag,lab,5,6.43599433158994e-05,0.005302382978062859,-0.005238023034746959,-1.2534031226665416,0.2783225656013351,0.4030878536295198
2021-2023,unweighted,PI,logistic_regression,PhysActivity_LTPA,diag,lab,5,7.740808327732735e-05,0.011942513126078542,-0.011865105042801215,-2.976888576540416,0.0408645157997669,0.09033208755737948
2021-2023,unweighted,PI,logistic_regression,Sex,diag,lab,5,0.001785226058739936,0.0005460403961766286,0.0012391856625633075,0.7015821664071091,0.5216118247964949,0.5920999092284537
2021-2023,unweighted,PI,logistic_regression,Smoker,diag,lab,5,0.0009124545469799291,4.6380374486713835e-05,0.0008660741724932152,1.7308023770398009,0.15853371821569542,0.277434006877467
2021-2023,unweighted,PI,logistic_regression,Stroke,diag,lab,5,0.0019793228201508014,0.037481103461304906,-0.035501780641154106,-5.97454321571596,0.003943493827983963,0.018402971197258495
2021-2023,unweighted,PI,random_forest,Age,diag,lab,5,0.4205540298552749,0.5758910772775191,-0.1553370474222442,-2.70440290590847,0.05384824419067731,0.11308131280042236
2021-2023,unweighted,PI,random_forest,AnyHealthcare,diag,lab,5,0.0030982132798104555,0.0014242914784120908,0.0016739218013983644,0.45652459755230473,0.6717028543885474,0.7233723047261279
2021-2023,unweighted,PI,random_forest,BMI,diag,lab,5,0.1218251707595821,0.08584961454345277,0.03597555621612933,0.8870796674476772,0.4251536244258273,0.5251897713495515
2021-2023,unweighted,PI,random_forest,Diabetes_self,diag,lab,5,0.0787580403310953,0.009505392511405596,0.0692526478196897,5.7933348772966475,0.004413110790240083,0.01853506531900835
2021-2023,unweighted,PI,random_forest,Education,diag,lab,5,0.010957881375515417,0.00873139882753175,0.0022264825479836664,0.2374732238132878,0.8239570600782209,0.8440535737386653
2021-2023,unweighted,PI,random_forest,GenHlth,diag,lab,5,0.08758917861961786,0.010873843316391102,0.07671533530322676,4.780168131198117,0.008774452630047235,0.026323357890141705
2021-2023,unweighted,PI,random_forest,HeartDiseaseorAttack,diag,lab,5,0.047767845885348506,0.002139546824120763,0.04562829906122774,7.239394520639604,0.0019320694107959494,0.013205703716641402
2021-2023,unweighted,PI,random_forest,HighChol,diag,lab,5,0.1631279032873017,0.08238853297892454,0.08073937030837715,3.012846252546099,0.03943972220906731,0.09033208755737948
2021-2023,unweighted,PI,random_forest,Income,diag,lab,5,0.017334960585047833,0.03170615009556088,-0.014371189510513041,-0.8110902362311755,0.4628152988056491,0.5553783585667789
2021-2023,unweighted,PI,random_forest,MentHlth,diag,lab,5,0.0171824346733994,0.004062522871849799,0.013119911801549599,1.646755740948233,0.1749536229767448,0.2939220866009313
2021-2023,unweighted,PI,random_forest,PhysActivity_LTPA,diag,lab,5,0.011197590880789088,0.028643289331621146,-0.017445698450832065,-1.0164616849850876,0.36689159345036,0.4815452164035975
2021-2023,unweighted,PI,random_forest,Sex,diag,lab,5,0.012751555208831616,0.06626963979612306,-0.05351808458729144,-1.877218947199599,0.13371031244126474,0.2552651419333236
2021-2023,unweighted,PI,random_forest,Smoker,diag,lab,5,0.0030496667766772025,0.01170924019452671,-0.008659573417849509,-0.7215843541537031,0.5104759445996543,0.5920999092284537
2021-2023,unweighted,PI,random_forest,Stroke,diag,lab,5,0.004805528481708587,0.0808054599525607,-0.07599993147085211,-3.4354146747805574,0.02640433432453334,0.06931137760190001
2021-2023,unweighted,PI,xgboost,Age,diag,lab,5,0.502498102153454,0.6408509194805794,-0.13835281732712534,-1.473010685713845,0.214741285084395,0.3366459089919077
2021-2023,unweighted,PI,xgboost,AnyHealthcare,diag,lab,5,0.007268176552102832,0.004767658001301742,0.002500518550801089,0.3125997975279802,0.7702037848628432,0.8087139741059854
2021-2023,unweighted,PI,xgboost,BMI,diag,lab,5,0.1263310184689603,0.11243139885887192,0.013899619610088376,0.18843732441177974,0.8597078456984057,0.8597078456984057
2021-2023,unweighted,PI,xgboost,Diabetes_self,diag,lab,5,0.06232137845329085,0.005877373409727421,0.05644400504356343,9.17579818601234,0.0007833345578364802,0.008225012857283043
2021-2023,unweighted,PI,xgboost,Education,diag,lab,5,0.0034951174993120204,0.00106306128429208,0.0024320562150199404,0.5655016694271265,0.6019456163155776,0.665308312769849
2021-2023,unweighted,PI,xgboost,GenHlth,diag,lab,5,0.12131528087369792,0.005936470178968503,0.11537881069472941,6.7471558624697305,0.002515372136503124,0.013205703716641402
2021-2023,unweighted,PI,xgboost,HeartDiseaseorAttack,diag,lab,5,0.03842876380874136,0.001740207769071273,0.03668855603967009,5.356771353858034,0.005858980468684401,0.01892901382190345
2021-2023,unweighted,PI,xgboost,HighChol,diag,lab,5,0.10583844325181221,0.04115038690650478,0.06468805634530746,3.7126687249968024,0.020605945393422934,0.05769664710158421
2021-2023,unweighted,PI,xgboost,Income,diag,lab,5,0.005690386140279778,0.05810649508682553,-0.052416108946545734,-1.7828922494581594,0.14918064972667344,0.2724168386313167
2021-2023,unweighted,PI,xgboost,MentHlth,diag,lab,5,0.010148947567052088,0.02752439664466565,-0.01737544907761356,-1.219149476994476,0.2897629722145171,0.4056681611003239
2021-2023,unweighted,PI,xgboost,PhysActivity_LTPA,diag,lab,5,0.004031713290171265,0.020297677322368823,-0.01626596403219756,-1.0369802157666648,0.35831648973626934,0.4815452164035975
2021-2023,unweighted,PI,xgboost,Sex,diag,lab,5,0.005438010911294289,0.04574864526123114,-0.04031063434993685,-5.363294838600998,0.005833434170076702,0.01892901382190345
2021-2023,unweighted,PI,xgboost,Smoker,diag,lab,5,0.003591694162040057,0.010685508101326647,-0.00709381393928659,-0.9810779748210632,0.3821017141701362,0.48631127258017337
2021-2023,unweighted,PI,xgboost,Stroke,diag,lab,5,0.0036029668677909654,0.023819801694265126,-0.020216834826474163,-2.1133310293740775,0.10210633680340604,0.20421267360681208
2021-2023,unweighted,SHAP,logistic_regression,Age,diag,lab,5,0.3006002415242902,0.4846500562097109,-0.18404981468542053,-22.87281572998441,2.1645055978541478e-05,0.00045454617554937105
2021-2023,unweighted,SHAP,logistic_regression,AnyHealthcare,diag,lab,5,0.02687782412945385,0.04256550424760298,-0.015687680118149132,-1.2073171156355014,0.2938174262327323,0.308508297544369
2021-2023,unweighted,SHAP,logistic_regression,BMI,diag,lab,5,0.15568652227389293,0.10140055818030999,0.05428596409358292,3.7416589846028603,0.020092079115960868,0.031254345291494685
2021-2023,unweighted,SHAP,logistic_regression,Diabetes_self,diag,lab,5,0.07594902314191979,0.013623470817971514,0.06232555232394826,7.938385862026471,0.0013633909302812614,0.002863120953590649
2021-2023,unweighted,SHAP,logistic_regression,Education,diag,lab,5,0.019199013277946562,0.039734703275496455,-0.02053568999754989,-1.7457384406776075,0.1557898361566891,0.17218876627844584
2021-2023,unweighted,SHAP,logistic_regression,GenHlth,diag,lab,5,0.13452194881587615,0.013448617696409848,0.12107333111946628,16.07017484545762,8.768797119826538e-05,0.0007423296144602911
2021-2023,unweighted,SHAP,logistic_regression,HeartDiseaseorAttack,diag,lab,5,0.0406875279209552,0.010266748015376425,0.03042077990557877,3.110384699772212,0.03585853806607277,0.04858253544435665
2021-2023,unweighted,SHAP,logistic_regression,HighChol,diag,lab,5,0.1588856716064233,0.023497331476837628,0.13538834012958567,14.032400480764442,0.00014964452544690305,0.00085620668189254
2021-2023,unweighted,SHAP,logistic_regression,Income,diag,lab,5,0.022852940070419596,0.12958336473596424,-0.10673042466554464,-9.02269736585589,0.0008357035633170118,0.0024719954214424402
2021-2023,unweighted,SHAP,logistic_regression,MentHlth,diag,lab,5,0.002679570715351004,0.03486272159138353,-0.03218315087603253,-3.5824261951838383,0.023117534672567955,0.03467630200885193
2021-2023,unweighted,SHAP,logistic_regression,PhysActivity_LTPA,diag,lab,5,0.005693409641960472,0.05881115355231718,-0.05311774391035671,-8.391616499660827,0.00110339944980264,0.00257459871620616
2021-2023,unweighted,SHAP,logistic_regression,Sex,diag,lab,5,0.02529273327730794,0.013543627181071822,0.011749106096236119,1.6156108046664561,0.18148211798225283,0.1954422809039646
2021-2023,unweighted,SHAP,logistic_regression,Smoker,diag,lab,5,0.02028962012980957,0.009088225141459435,0.011201394988350136,1.06046290549191,0.3487207688991687,0.3572261535064655
2021-2023,unweighted,SHAP,logistic_regression,Stroke,diag,lab,5,0.010783953474393445,0.024923917878088092,-0.014139964403694643,-5.3350490693365415,0.0059450376730811804,0.010403815927892066
2021-2023,unweighted,SHAP,random_forest,Age,diag,lab,5,0.2472317017229706,0.2770528567048143,-0.02982115498184368,-3.462941915582028,0.025748618270269905,0.037291102322459864
2021-2023,unweighted,SHAP,random_forest,AnyHealthcare,diag,lab,5,0.013609617470926927,0.02387242666561146,-0.01026280919468453,-2.1910366517016464,0.09358372523465024,0.10918101277375862
2021-2023,unweighted,SHAP,random_forest,BMI,diag,lab,5,0.136180369684537,0.11950397030180746,0.016676399382729544,1.8865064904843936,0.13228311694018222,0.1501592138239906
2021-2023,unweighted,SHAP,random_forest,Diabetes_self,diag,lab,5,0.09203171760286868,0.03274903428754906,0.05928268331531963,8.182368186259882,0.0012150158478674055,0.00268582450581216
2021-2023,unweighted,SHAP,random_forest,Education,diag,lab,5,0.04128043683778497,0.07077115648154811,-0.029490719643763142,-6.013644542462006,0.003850341091150602,0.0070310576447097945
2021-2023,unweighted,SHAP,random_forest,GenHlth,diag,lab,5,0.10878386619449358,0.05180330224489941,0.056980563949594186,15.533836180579511,0.00010026097283083331,0.0007423296144602911
2021-2023,unweighted,SHAP,random_forest,HeartDiseaseorAttack,diag,lab,5,0.05180951242418652,0.016893157383009103,0.03491635504117742,15.314465075940635,0.00010604708778004159,0.0007423296144602911
2021-2023,unweighted,SHAP,random_forest,HighChol,diag,lab,5,0.173114448612181,0.0813069574435185,0.09180749116866249,23.22073247889418,2.038435591955328e-05,0.00045454617554937105
2021-2023,unweighted,SHAP,random_forest,Income,diag,lab,5,0.03372771594254652,0.09476375513688527,-0.06103603919433877,-9.030891088401457,0.0008327928908845565,0.0024719954214424402
2021-2023,unweighted,SHAP,random_forest,MentHlth,diag,lab,5,0.02040770421319158,0.039214444246363375,-0.0188067400331718,-12.478060095366112,0.00023724276144169122,0.0011071328867278925
2021-2023,unweighted,SHAP,random_forest,PhysActivity_LTPA,diag,lab,5,0.020072235056811237,0.06501026488334422,-0.04493802982653297,-13.728755009318427,0.00016308698702715047,0.00085620668189254
2021-2023,unweighted,SHAP,random_forest,Sex,diag,lab,5,0.023188771256904578,0.05199915603265544,-0.028810384775750854,-9.982748361888142,0.000565772929342024,0.001980205252697084
2021-2023,unweighted,SHAP,random_forest,Smoker,diag,lab,5,0.026021393409928855,0.04168452819513224,-0.015663134785203387,-4.218289695187504,0.01349608657052072,0.021801370613918087
2021-2023,unweighted,SHAP,random_forest,Stroke,diag,lab,5,0.01254050957066793,0.03337498999286203,-0.020834480422194095,-11.953168530833873,0.00028068677799835046,0.001178884467593072
2021-2023,unweighted,SHAP,xgboost,Age,diag,lab,5,0.27922133072403554,0.33169536802653365,-0.05247403730249813,-6.173379620637644,0.003496759336934024,0.0066756314614195
2021-2023,unweighted,SHAP,xgboost,AnyHealthcare,diag,lab,5,0.01579616916182544,0.016983743097578587,-0.0011875739357531429,-0.20589673476042447,0.8469262976095732,0.8469262976095732
2021-2023,unweighted,SHAP,xgboost,BMI,diag,lab,5,0.16380417049772358,0.19503484594233716,-0.031230675444613564,-3.0217389333420477,0.03909637634488704,0.051313993952664234
2021-2023,unweighted,SHAP,xgboost,Diabetes_self,diag,lab,5,0.062381719150773375,0.016707665492984046,0.04567405365778932,11.148727656310463,0.0003683900810411719,0.001406580309429929
2021-2023,unweighted,SHAP,xgboost,Education,diag,lab,5,0.040010216527621635,0.0488541967356359,-0.008843980208014263,-2.2427347896378707,0.08835361072148609,0.1060243328657833
2021-2023,unweighted,SHAP,xgboost,GenHlth,diag,lab,5,0.12018640202271255,0.04441464055791457,0.075771761464798,8.76867619862243,0.0009325407281800702,0.0024719954214424402
2021-2023,unweighted,SHAP,xgboost,HeartDiseaseorAttack,diag,lab,5,0.03697460742584073,0.008384450918500402,0.02859015650734033,8.746322921756734,0.000941712541501882,0.0024719954214424402
2021-2023,unweighted,SHAP,xgboost,HighChol,diag,lab,5,0.1365811850517056,0.046447441769708976,0.09013374328199664,19.347374263961754,4.206952911817455e-05,0.0005889734076544436
2021-2023,unweighted,SHAP,xgboost,Income,diag,lab,5,0.04112350886519746,0.09710523996711355,-0.05598173110191611,-7.340550399315589,0.001833697574984989,0.003667395149969978
2021-2023,unweighted,SHAP,xgboost,MentHlth,diag,lab,5,0.028144808117597186,0.04057011637533712,-0.012425308257739924,-5.0328440604196905,0.007318821354644351,0.01229561987580251
2021-2023,unweighted,SHAP,xgboost,PhysActivity_LTPA,diag,lab,5,0.01770671988842283,0.05000427737474401,-0.03229755748632118,-8.566362868798873,0.0010197782691637586,0.0025194521944045803
2021-2023,unweighted,SHAP,xgboost,Sex,diag,lab,5,0.028746437966969074,0.04979505784814642,-0.021048619881177344,-3.330432834464365,0.029093912031434126,0.040731476844007776
2021-2023,unweighted,SHAP,xgboost,Smoker,diag,lab,5,0.020142804358193725,0.037222529032363186,-0.017079724674169454,-2.7709429882837133,0.05028241767065577,0.06399580430810735
2021-2023,unweighted,SHAP,xgboost,Stroke,diag,lab,5,0.009179920241381208,0.01678042686110237,-0.007600506619721163,-2.483398372062638,0.06796317001766629,0.08395450413947013
2021-2023,weighted,PI,logistic_regression,Age,diag,lab,5,0.5563096186709041,0.8326348374398116,-0.27632521876890737,-7.609609620999991,0.00160061087064161,0.014976188164339032
2021-2023,weighted,PI,logistic_regression,AnyHealthcare,diag,lab,5,0.006037188178153232,0.01528464675657809,-0.009247458578424858,-0.49905026380805,0.643942261625977,0.8069699638080677
2021-2023,weighted,PI,logistic_regression,BMI,diag,lab,5,0.15781561636113886,0.055744968647493856,0.102070647713645,8.80584862163211,0.0009175322352094343,0.014976188164339032
2021-2023,weighted,PI,logistic_regression,Diabetes_self,diag,lab,5,0.04805113965459959,0.0035004090570386593,0.04455073059756093,6.002173985720982,0.0038773851878622346,0.020356272236276732
2021-2023,weighted,PI,logistic_regression,Education,diag,lab,5,0.0012308814096103813,0.007729744539046797,-0.006498863129436416,-1.360615856580116,0.24525555693670817,0.45615836789443853
2021-2023,weighted,PI,logistic_regression,GenHlth,diag,lab,5,0.09971621158110629,0.0009952442083229003,0.0987209673727834,7.0455598838286875,0.002139455452048433,0.014976188164339032
2021-2023,weighted,PI,logistic_regression,HeartDiseaseorAttack,diag,lab,5,0.0235434157632951,0.006282560047364237,0.017260855715930855,3.1832390288726167,0.03343149270541928,0.1080094379713546
2021-2023,weighted,PI,logistic_regression,HighChol,diag,lab,5,0.09981575828971308,1.2613352014443949e-05,0.09980314493769864,10.144506408897715,0.0005316240468507953,0.014976188164339032
2021-2023,weighted,PI,logistic_regression,Income,diag,lab,5,0.004521145892861474,0.04007748862031951,-0.035556342727458036,-2.535795494938984,0.06426737811394824,0.14206473056767507
2021-2023,weighted,PI,logistic_regression,MentHlth,diag,lab,5,0.0001978563783992401,0.005889994686071083,-0.005692138307671842,-1.3450716837698369,0.24980101098981158,0.45615836789443853
2021-2023,weighted,PI,logistic_regression,PhysActivity_LTPA,diag,lab,5,0.00046029367387852223,0.008046270632443366,-0.007585976958564844,-0.9996774780925424,0.3740394553648836,0.6042175817432734
2021-2023,weighted,PI,logistic_regression,Sex,diag,lab,5,0.0014443706353110895,0.0007001535320783935,0.000744217103232696,0.37181989589006126,0.7288858974920542,0.8503668804073966
2021-2023,weighted,PI,logistic_regression,Smoker,diag,lab,5,0.00018836108384864326,0.00040451197951639077,-0.0002161508956677475,-0.4173902583745207,0.6978226783235216,0.8373872139882259
2021-2023,weighted,PI,logistic_regression,Stroke,diag,lab,5,0.0006681424271802497,0.02269655650190077,-0.022028414074720518,-2.8386678218296897,0.04693090988263779,0.1314065476713858
2021-2023,weighted,PI,random_forest,Age,diag,lab,5,0.4229843810017691,0.5763594610997067,-0.15337508009793757,-2.9943571932263366,0.040164946566332856,0.12049483969899857
2021-2023,weighted,PI,random_forest,AnyHealthcare,diag,lab,5,0.002573229552790726,0.003095131920759533,-0.0005219023679688066,-0.0778808369439351,0.9416630643959862,0.9504965916169591
2021-2023,weighted,PI,random_forest,BMI,diag,lab,5,0.11106680733321565,0.11479246984328362,-0.0037256625100679647,-0.06829660949128821,0.948827257721029,0.9504965916169591
2021-2023,weighted,PI,random_forest,Diabetes_self,diag,lab,5,0.061438479212454655,0.026520496265136757,0.034917982947317905,2.3864914792096283,0.0754548452661265,0.15845517505886567
2021-2023,weighted,PI,random_forest,Education,diag,lab,5,0.015923884176170557,0.012281086474916814,0.00364279770125374,0.2875902662158983,0.7879449313706102,0.8944239761504224
2021-2023,weighted,PI,random_forest,GenHlth,diag,lab,5,0.08995860243733082,0.016788991899057786,0.07316961053827303,4.2089294538977535,0.013597858253485473,0.05711100466463899
2021-2023,weighted,PI,random_forest,HeartDiseaseorAttack,diag,lab,5,0.036475466800541964,0.0024084756373447765,0.03406699116319719,4.650237629946971,0.00965973933574839,0.04507878356682582
2021-2023,weighted,PI,random_forest,HighChol,diag,lab,5,0.16568687464188464,0.09130169856121947,0.07438517608066518,3.5900536304360173,0.02296072411838732,0.08364662032458423
2021-2023,weighted,PI,random_forest,Income,diag,lab,5,0.018460389923507903,0.008600121632729413,0.009860268290778488,0.8436811031239797,0.44634755977941815,0.6695213396691272
2021-2023,weighted,PI,random_forest,MentHlth,diag,lab,5,0.021663788366788516,0.008036403957292368,0.013627384409496152,0.9086659572035513,0.4149232462344771,0.6454361608091866
2021-2023,weighted,PI,random_forest,PhysActivity_LTPA,diag,lab,5,0.01978833204861873,0.017655750565168295,0.002132581483450433,0.25500321377793184,0.8112950586318411,0.8966945384878245
2021-2023,weighted,PI,random_forest,Sex,diag,lab,5,0.023025329954377623,0.04956977285039982,-0.026544442896022202,-0.6883205607514877,0.529091710287439,0.7662707528300841
2021-2023,weighted,PI,random_forest,Smoker,diag,lab,5,0.0068032436343211265,0.007158965016339214,-0.00035572138201808815,-0.06606454666881856,0.9504965916169591,0.9504965916169591
2021-2023,weighted,PI,random_forest,Stroke,diag,lab,5,0.00415119091622801,0.06543117427664549,-0.06127998336041749,-2.5936107957086048,0.06045345837460977,0.14206473056767507
2021-2023,weighted,PI,xgboost,Age,diag,lab,5,0.5417318700417939,0.6575801210360657,-0.11584825099427172,-1.1174101577708828,0.3264013859054626,0.5483543283211771
2021-2023,weighted,PI,xgboost,AnyHealthcare,diag,lab,5,0.008699291695508454,0.002982779814199346,0.005716511881309108,0.6223612675939213,0.5674252425475814,0.7943953395666139
2021-2023,weighted,PI,xgboost,BMI,diag,lab,5,0.1049919202965948,0.14454923088502,-0.03955731058842521,-0.48465983687637626,0.6532613992731977,0.8069699638080677
2021-2023,weighted,PI,xgboost,Diabetes_self,diag,lab,5,0.05024667692843114,0.004259573255236942,0.045987103673194196,7.28473900683391,0.0018871870061268007,0.014976188164339032
2021-2023,weighted,PI,xgboost,Education,diag,lab,5,0.00346676275540433,0.0023718726347043183,0.0010948901207000119,0.17072454705526627,0.8727282004866739,0.9398611389856487
2021-2023,weighted,PI,xgboost,GenHlth,diag,lab,5,0.11462525560564804,0.009270759016674757,0.10535449658897329,7.9651386130417885,0.0013460661056117517,0.014976188164339032
2021-2023,weighted,PI,xgboost,HeartDiseaseorAttack,diag,lab,5,0.027137635334014254,0.004169755289362671,0.022967880044651584,3.545310990370139,0.023899034378452637,0.08364662032458423
2021-2023,weighted,PI,xgboost,HighChol,diag,lab,5,0.09900945681142735,0.039848377320856734,0.05916107949057061,2.6673497574275595,0.0559601784696958,0.14206473056767507
2021-2023,weighted,PI,xgboost,Income,diag,lab,5,0.00909605981509969,0.04464102709644814,-0.03554496728134846,-1.2405627293790187,0.28255985912946097,0.4944797534765567
2021-2023,weighted,PI,xgboost,MentHlth,diag,lab,5,0.020462382378609277,0.007034033104317386,0.013428349274291892,6.576074000517031,0.0027677853564244755,0.016606712138546854
2021-2023,weighted,PI,xgboost,PhysActivity_LTPA,diag,lab,5,0.007929990728059062,0.011449814681444034,-0.0035198239533849713,-0.4961027055287692,0.6458447368605688,0.8069699638080677
2021-2023,weighted,PI,xgboost,Sex,diag,lab,5,0.005025054081265733,0.050328334021614685,-0.04530327994034896,-2.582543761642805,0.061162995124183175,0.14206473056767507
2021-2023,weighted,PI,xgboost,Smoker,diag,lab,5,0.004279866073607204,0.008668341690182223,-0.00438847561657502,-0.4872611740646211,0.6515710458116397,0.8069699638080677
2021-2023,weighted,PI,xgboost,Stroke,diag,lab,5,0.003297777454536776,0.012845980153873077,-0.009548202699336303,-1.8455687309478919,0.1386999807436483,0.2773999614872966
2021-2023,weighted,SHAP,logistic_regression,Age,diag,lab,5,0.3116474287627771,0.49581849741360406,-0.1841710686508269,-21.066859632702137,3.0009334229828523e-05,0.0004208684524194315
2021-2023,weighted,SHAP,logistic_regression,AnyHealthcare,diag,lab,5,0.028987426549459305,0.04506416671859533,-0.016076740169136034,-1.2081475567579423,0.2935311314319367,0.31611044923439335
2021-2023,weighted,SHAP,logistic_regression,BMI,diag,lab,5,0.15548082256056914,0.09993501720552425,0.0555458053550449,3.9220391763994074,0.01721806531617262,0.026783657158490744
2021-2023,weighted,SHAP,logistic_regression,Diabetes_self,diag,lab,5,0.07049986157904198,0.012546217830552603,0.05795364374848937,7.99232815621868,0.001328736618881374,0.003282761058412806
2021-2023,weighted,SHAP,logistic_regression,Education,diag,lab,5,0.01871828090309751,0.038342317350420305,-0.019624036447322798,-1.7122888827750846,0.16200592275363015,0.18389861501763421
2021-2023,weighted,SHAP,logistic_regression,GenHlth,diag,lab,5,0.13412937775448244,0.01301171510592124,0.1211176626485612,14.580537085848501,0.0001286943358299209,0.0006756452631070846
2021-2023,weighted,SHAP,logistic_regression,HeartDiseaseorAttack,diag,lab,5,0.03715673859228138,0.009187875988508907,0.02796886260377247,3.018895922136727,0.03920576283468598,0.051457563720525346
2021-2023,weighted,SHAP,logistic_regression,HighChol,diag,lab,5,0.1566202687856159,0.0229933694653436,0.13362689932027233,15.370022459964414,0.00010454318389451094,0.0006756452631070846
2021-2023,weighted,SHAP,logistic_regression,Income,diag,lab,5,0.023026165515586512,0.12871241055639943,-0.10568624504081292,-9.266086445491087,0.0007543544369596033,0.002112192423486889
2021-2023,weighted,SHAP,logistic_regression,MentHlth,diag,lab,5,0.0026207762152480004,0.03387196423757673,-0.03125118802232872,-3.5495976639267828,0.023807184080879853,0.034479370048170824
2021-2023,weighted,SHAP,logistic_regression,PhysActivity_LTPA,diag,lab,5,0.005512145218177217,0.056466287332062534,-0.05095414211388531,-7.818928775767245,0.0014442014864791907,0.003369803468451445
2021-2023,weighted,SHAP,logistic_regression,Sex,diag,lab,5,0.025761628832612165,0.013540307836462156,0.012221320996150012,1.6271732313441298,0.17902934232405782,0.19787453625290602
2021-2023,weighted,SHAP,logistic_regression,Smoker,diag,lab,5,0.02031690379304573,0.009032655669728586,0.011284248123317145,1.0757103919744986,0.34261369644042583,0.3597443812624471
2021-2023,weighted,SHAP,logistic_regression,Stroke,diag,lab,5,0.009522174938005626,0.021477197289300354,-0.01195502235129473,-5.615648829152301,0.004941940562202963,0.00902441320054454
2021-2023,weighted,SHAP,random_forest,Age,diag,lab,5,0.2588189620512079,0.2860394876556588,-0.027220525604450808,-3.197306263911645,0.032985425880315465,0.046179596232441646
2021-2023,weighted,SHAP,random_forest,AnyHealthcare,diag,lab,5,0.01456642188979917,0.02576424690037703,-0.011197825010577861,-2.002041945401256,0.11584614245816978,0.13901537094980373
2021-2023,weighted,SHAP,random_forest,BMI,diag,lab,5,0.1329595253771439,0.12421485048074991,0.008744674896393976,0.9288075994145141,0.40556315398951776,0.41545493823316454
2021-2023,weighted,SHAP,random_forest,Diabetes_self,diag,lab,5,0.08674652707967415,0.03223352984848208,0.05451299723119207,7.3321807772259255,0.0018415985381828265,0.0038673569301839357
2021-2023,weighted,SHAP,random_forest,Education,diag,lab,5,0.040610392584571456,0.06885128766872595,-0.028240895084154494,-5.998446666685353,0.0038862232473332705,0.007419153472181699
2021-2023,weighted,SHAP,random_forest,GenHlth,diag,lab,5,0.10883054252053379,0.050995033549828726,0.05783550897070505,15.017273334031575,0.00011456616401470937,0.0006756452631070846
2021-2023,weighted,SHAP,random_forest,HeartDiseaseorAttack,diag,lab,5,0.048228888723055974,0.015320893760489302,0.032907994962566675,16.743080112739605,7.456785440306815e-05,0.0006263699769857724
2021-2023,weighted,SHAP,random_forest,HighChol,diag,lab,5,0.17682612783377757,0.08420839089017815,0.09261773694359944,21.057551796419315,3.0062032315673677e-05,0.0004208684524194315
2021-2023,weighted,SHAP,random_forest,Income,diag,lab,5,0.033507878015321096,0.09177898799243848,-0.058271109977117395,-8.980727207744337,0.0008508120687631419,0.0022333816805032475
2021-2023,weighted,SHAP,random_forest,MentHlth,diag,lab,5,0.020406108406319807,0.03769943452560428,-0.017293326119284476,-17.346272056166008,6.482836387435394e-05,0.0006263699769857724
2021-2023,weighted,SHAP,random_forest,PhysActivity_LTPA,diag,lab,5,0.018400464525110377,0.06109970175375279,-0.042699237228642405,-13.200463034802215,0.00019026508598440434,0.0007991133611344982
2021-2023,weighted,SHAP,random_forest,Sex,diag,lab,5,0.023027406929354493,0.0517812492176809,-0.028753842288326413,-10.393691563915219,0.00048387713888754173,0.0016204539434944043
2021-2023,weighted,SHAP,random_forest,Smoker,diag,lab,5,0.025396717677108778,0.03999755061799594,-0.014600832940887168,-4.060540130107212,0.015341885391766456,0.024783045632853506
2021-2023,weighted,SHAP,random_forest,Stroke,diag,lab,5,0.011674036387021507,0.03001535513803768,-0.018341318751016175,-13.42259517729231,0.00017819833579717418,0.0007991133611344982
2021-2023,weighted,SHAP,xgboost,Age,diag,lab,5,0.30395760686978507,0.3625392702031902,-0.05858166333340514,-4.394486754885929,0.011741486761389183,0.019725697759133826
2021-2023,weighted,SHAP,xgboost,AnyHealthcare,diag,lab,5,0.01679408399701047,0.017035273192729017,-0.00024118919571854795,-0.03992459487754827,0.9700664932357556,0.9700664932357556
2021-2023,weighted,SHAP,xgboost,BMI,diag,lab,5,0.15671028530825942,0.1917451588501327,-0.03503487354187328,-3.068939617659679,0.03733153115155013,0.05057820349564856
2021-2023,weighted,SHAP,xgboost,Diabetes_self,diag,lab,5,0.055749064320407604,0.014616105887692812,0.041132958432714785,11.163501983136232,0.0003664942075526499,0.0013993415197464814
2021-2023,weighted,SHAP,xgboost,Education,diag,lab,5,0.03812883349770393,0.045255663733185895,-0.007126830235481964,-1.7916675204576318,0.14766362734093466,0.17227423189775712
2021-2023,weighted,SHAP,xgboost,GenHlth,diag,lab,5,0.11951263810737016,0.04220685277018788,0.07730578533718228,9.500462735158203,0.0006851040758758715,0.002055312227627615
2021-2023,weighted,SHAP,xgboost,HeartDiseaseorAttack,diag,lab,5,0.0319039005061623,0.006673132859861973,0.025230767646300323,10.297932678356995,0.000501569077748268,0.0016204539434944043
2021-2023,weighted,SHAP,xgboost,HighChol,diag,lab,5,0.13615164452903994,0.044795476785641344,0.0913561677433986,23.69682930083145,1.880406790777906e-05,0.0004208684524194315
2021-2023,weighted,SHAP,xgboost,Income,diag,lab,5,0.04136663654015127,0.0927963628564181,-0.051429726316266834,-7.360075909741787,0.0018154275270772528,0.0038673569301839357
2021-2023,weighted,SHAP,xgboost,MentHlth,diag,lab,5,0.028174679041116524,0.03728306555995857,-0.009108386518842049,-5.239964295732599,0.006340416738345844,0.011095729292105228
2021-2023,weighted,SHAP,xgboost,PhysActivity_LTPA,diag,lab,5,0.017008850173244303,0.04425778970898199,-0.027248939535737683,-6.371500952289028,0.0031119274432877602,0.0062238548865755205
2021-2023,weighted,SHAP,xgboost,Sex,diag,lab,5,0.0280705488168062,0.050891551947311806,-0.02282100313050561,-3.7362664665766876,0.02018649363909603,0.030279740458644046
2021-2023,weighted,SHAP,xgboost,Smoker,diag,lab,5,0.0186902861097399,0.035833440750255685,-0.017143154640515783,-2.831034469231444,0.047295402181490566,0.06019414823098799
2021-2023,weighted,SHAP,xgboost,Stroke,diag,lab,5,0.007780942183202935,0.014070854894451978,-0.006289912711249045,-2.6685487255385665,0.055890362171938414,0.06904103562415922
2017-2020,unweighted,PI,logistic_regression,Age,diag,total,5,0.6097545798317864,0.7374595353334745,-0.12770495550168812,-20.359967416740528,3.436295241228438e-05,0.0005725855168543422
2017-2020,unweighted,PI,logistic_regression,AnyHealthcare,diag,total,5,0.0022492539680662752,0.002315340078405727,-6.608611033945242e-05,-0.04096364951295269,0.9692879984251138,0.9692879984251138
2017-2020,unweighted,PI,logistic_regression,BMI,diag,total,5,0.12406255640110841,0.09763346750135815,0.026429088899750253,5.267176068212567,0.006224068122653952,0.036594097021816215
2017-2020,unweighted,PI,logistic_regression,Diabetes_self,diag,total,5,0.027635687832169038,0.017984484182965246,0.009651203649203792,4.980238919927442,0.007596051146307212,0.036594097021816215
2017-2020,unweighted,PI,logistic_regression,Education,diag,total,5,0.00450628246761997,0.0010527879647494471,0.003453494502870523,2.622697260095674,0.05863325921294943,0.13681093816354867
2017-2020,unweighted,PI,logistic_regression,GenHlth,diag,total,5,0.08620616385101368,0.06768263246838059,0.018523531382633105,4.935563711561498,0.007841592218960617,0.036594097021816215
2017-2020,unweighted,PI,logistic_regression,HeartDiseaseorAttack,diag,total,5,0.005746536738218966,7.466697530360808e-05,0.005671869762915357,1.976011107892185,0.11934519649587048,0.23869039299174097
2017-2020,unweighted,PI,logistic_regression,HighChol,diag,total,5,0.11814110120537809,0.04882801652000483,0.06931308468537323,32.17345788609308,5.563760466438029e-06,0.00023367793959039722
2017-2020,unweighted,PI,logistic_regression,Income,diag,total,5,0.0,0.00032347253171290574,-0.00032347253171290574,-1.2577037068960009,0.2769169991009749,0.44732746008619023
2017-2020,unweighted,PI,logistic_regression,MentHlth,diag,total,5,0.003349965693107343,0.00035654749298826325,0.0029934182001190796,2.559843141484684,0.0626484835995955,0.13848612164121113
2017-2020,unweighted,PI,logistic_regression,PhysActivity_LTPA,diag,total,5,0.0,3.0147265455166845e-05,-3.0147265455166845e-05,-0.7152407796117486,0.5139885734042461,0.7195840027659445
2017-2020,unweighted,PI,logistic_regression,Sex,diag,total,5,0.0017805355703083188,0.008358002123169875,-0.0065774665528615574,-4.107797028230563,0.014758678323069553,0.05692932456447629
2017-2020,unweighted,PI,logistic_regression,Smoker,diag,total,5,0.0003803170736255148,0.0018953533825900217,-0.0015150363089645072,-2.7265641914800685,0.05262911090819234,0.13002486224376933
2017-2020,unweighted,PI,logistic_regression,Stroke,diag,total,5,0.01618701936759807,0.016005546179441756,0.0001814731881563154,0.044067781792474635,0.9669625284495688,0.9692879984251138
2017-2020,unweighted,PI,random_forest,Age,diag,total,5,0.5419254694318113,0.6817019492755712,-0.1397764798437599,-7.320797230270602,0.0018524122553065074,0.012966885787145551
2017-2020,unweighted,PI,random_forest,AnyHealthcare,diag,total,5,0.008756290854085556,0.010403756375454997,-0.0016474655213694408,-0.46661989955325056,0.6650526057509151,0.8464305891375282
2017-2020,unweighted,PI,random_forest,BMI,diag,total,5,0.1178489441932187,0.10026334777713637,0.017585596416082306,3.1738926918343466,0.03373179215587467,0.10897963619590278
2017-2020,unweighted,PI,random_forest,Diabetes_self,diag,total,5,0.03522250526802834,0.036141224036157334,-0.0009187187681289968,-0.1402752801442052,0.8952226079928586,0.9692879984251138
2017-2020,unweighted,PI,random_forest,Education,diag,total,5,0.008287433111306362,0.0018713673530684088,0.0064160657582379545,1.4434027260565192,0.22239074443721504,0.3891838027651263
2017-2020,unweighted,PI,random_forest,GenHlth,diag,total,5,0.08029321647413476,0.05711045939356174,0.02318275708057301,3.9899561731936117,0.016265521304136082,0.05692932456447629
2017-2020,unweighted,PI,random_forest,HeartDiseaseorAttack,diag,total,5,0.017102409860472356,0.005925700159966309,0.011176709700506047,2.770191539011251,0.05032113199774346,0.13002486224376933
2017-2020,unweighted,PI,random_forest,HighChol,diag,total,5,0.12079847899578203,0.05718113115446792,0.06361734784131409,14.796899355332547,0.00012143925870710976,0.001020089773139722
2017-2020,unweighted,PI,random_forest,Income,diag,total,5,0.01363374618174451,0.004760872098989254,0.008872874082755259,1.131151987315434,0.3212137836355903,0.47311459687523216
2017-2020,unweighted,PI,random_forest,MentHlth,diag,total,5,0.0011759765628735351,0.0012513885829756055,-7.541202010207028e-05,-0.06665588923537465,0.9500543030158632,0.9692879984251138
2017-2020,unweighted,PI,random_forest,PhysActivity_LTPA,diag,total,5,0.0,0.0021821156780914247,-0.0021821156780914247,-0.6666398376306633,0.5414852016781017,0.7336251119509763
2017-2020,unweighted,PI,random_forest,Sex,diag,total,5,0.039434390758798475,0.02335495953775394,0.01607943122104453,4.019830389805492,0.015866655339214178,0.05692932456447629
2017-2020,unweighted,PI,random_forest,Smoker,diag,total,5,0.007123386553422819,0.008471741236599592,-0.0013483546831767727,-0.3523465291151385,0.7423593978327158,0.8908312773992589
2017-2020,unweighted,PI,random_forest,Stroke,diag,total,5,0.008397751754321342,0.009379987340205943,-0.0009822355858846005,-0.22768919484218744,0.8310527151251118,0.9662913883286932
2017-2020,unweighted,PI,xgboost,Age,diag,total,5,0.5656894708026131,0.6750423255326063,-0.10935285472999332,-19.436739692712564,4.1307827537098515e-05,0.0005725855168543422
2017-2020,unweighted,PI,xgboost,AnyHealthcare,diag,total,5,0.006035611154000113,0.007980994264792263,-0.0019453831107921493,-0.4271031919498359,0.691290422539159,0.8539469925483729
2017-2020,unweighted,PI,xgboost,BMI,diag,total,5,0.1337765382991454,0.12249118392214722,0.011285354376998171,1.133597235785354,0.32029865455983747,0.47311459687523216
2017-2020,unweighted,PI,xgboost,Diabetes_self,diag,total,5,0.02732940218064058,0.018071258917095278,0.009258143263545304,2.8669645272326445,0.04560793614559116,0.12770222120765523
2017-2020,unweighted,PI,xgboost,Education,diag,total,5,0.02137175209344685,0.0129326189334497,0.008439133159997149,1.8981184704879654,0.13052184274583373,0.2491780634238644
2017-2020,unweighted,PI,xgboost,GenHlth,diag,total,5,0.08830715983842494,0.06575023347139221,0.02255692636703272,3.068134113629883,0.037360855471432086,0.11208256641429626
2017-2020,unweighted,PI,xgboost,HeartDiseaseorAttack,diag,total,5,0.011203645614781928,0.002712066990222765,0.008491578624559164,2.3742524766249598,0.0764660182612357,0.16057863834859498
2017-2020,unweighted,PI,xgboost,HighChol,diag,total,5,0.09505357740942408,0.04632470836206017,0.04872886904736389,18.121057401810507,5.453195398612783e-05,0.0005725855168543422
2017-2020,unweighted,PI,xgboost,Income,diag,total,5,0.005776881654743784,0.0048876738715526325,0.0008892077831911526,0.10403582833789798,0.9221485720259193,0.9692879984251138
2017-2020,unweighted,PI,xgboost,MentHlth,diag,total,5,0.002166319427663139,0.001117995831790918,0.0010483235958722208,1.3736304850171384,0.24151245904664329,0.4057409311983607
2017-2020,unweighted,PI,xgboost,PhysActivity_LTPA,diag,total,5,0.0006096447218286421,0.00099733454090744,-0.00038768981907879793,-0.19997309218327297,0.851256699241944,0.9662913883286932
2017-2020,unweighted,PI,xgboost,Sex,diag,total,5,0.030183600167919804,0.02402396521517699,0.006159634952742816,1.686383778591849,0.16699960786144535,0.3049558056600306
2017-2020,unweighted,PI,xgboost,Smoker,diag,total,5,0.0028887234841774474,0.005777030309844647,-0.0028883068256672006,-1.1166925926356073,0.3266743645090889,0.47311459687523216
2017-2020,unweighted,PI,xgboost,Stroke,diag,total,5,0.009607673151190245,0.011890609836961325,-0.002282936685771079,-0.6356909001659609,0.559528200996144,0.734380763807439
2017-2020,unweighted,SHAP,logistic_regression,Age,diag,total,5,0.3230035933588982,0.3805088608719297,-0.057505267513031554,-19.27496783257525,4.2699570482409744e-05,0.00040620805773707014
2017-2020,unweighted,SHAP,logistic_regression,AnyHealthcare,diag,total,5,0.020344499640877086,0.019103937409487508,0.0012405622313895782,0.32954194661514613,0.7582804472469084,0.8380994416939515
2017-2020,unweighted,SHAP,logistic_regression,BMI,diag,total,5,0.14614250855369085,0.13873921231062145,0.007403296243069379,7.582721289548181,0.001622190184357346,0.005240922134077579
2017-2020,unweighted,SHAP,logistic_regression,Diabetes_self,diag,total,5,0.0588507683772825,0.05386610794870221,0.0049846604285802894,2.837926788695449,0.04696615077901472,0.0857642753355921
2017-2020,unweighted,SHAP,logistic_regression,Education,diag,total,5,0.03751760001868524,0.02055341307837171,0.01696418694031352,6.001621364606582,0.003878693980089602,0.010860343144250885
2017-2020,unweighted,SHAP,logistic_regression,GenHlth,diag,total,5,0.13449714789911452,0.12462193521802951,0.009875212681085033,4.111855324029756,0.014709849721282796,0.030890684414693875
2017-2020,unweighted,SHAP,logistic_regression,HeartDiseaseorAttack,diag,total,5,0.022973830579852996,0.004656013479106822,0.018317817100746172,4.403331152655619,0.011660921994915606,0.02593223629362211
2017-2020,unweighted,SHAP,logistic_regression,HighChol,diag,total,5,0.1577404970314076,0.11451768124573866,0.04322281578566893,19.783369459750663,3.851133398450969e-05,0.00040620805773707014
2017-2020,unweighted,SHAP,logistic_regression,Income,diag,total,5,0.007818986672019275,0.015399739229152287,-0.007580752557133012,-1.586132619468086,0.1878943826953562,0.2818415740430343
2017-2020,unweighted,SHAP,logistic_regression,MentHlth,diag,total,5,0.023235058524984854,0.010967660996220626,0.012267397528764226,8.493774501613714,0.0010535261531979404,0.0036873415361927914
2017-2020,unweighted,SHAP,logistic_regression,PhysActivity_LTPA,diag,total,5,0.003840702398970711,0.003655267683970758,0.00018543471499995356,0.23917850740863653,0.8227223954314143,0.8638585152029851
2017-2020,unweighted,SHAP,logistic_regression,Sex,diag,total,5,0.018855838845101305,0.05417357647442174,-0.035317737629320424,-14.078365920504378,0.00014773172017462101,0.0008863903210477261
2017-2020,unweighted,SHAP,logistic_regression,Smoker,diag,total,5,0.015703383309638958,0.028829427247547078,-0.013126043937908121,-5.265531862562028,0.006231023790127621,0.016356437449085003
2017-2020,unweighted,SHAP,logistic_regression,Stroke,diag,total,5,0.029475584789475935,0.030407166806699904,-0.0009315820172239697,-0.46575921900888556,0.6656181395398655,0.7987417674478385
2017-2020,unweighted,SHAP,random_forest,Age,diag,total,5,0.2796244041394483,0.32951820034152,-0.04989379620207174,-18.679157658515862,4.8358102111555966e-05,0.00040620805773707014
2017-2020,unweighted,SHAP,random_forest,AnyHealthcare,diag,total,5,0.022179341899265615,0.024599100173621623,-0.0024197582743560103,-1.2433760224754085,0.28162625136587094,0.3894098388369295
2017-2020,unweighted,SHAP,random_forest,BMI,diag,total,5,0.13035472644868124,0.11890190844960165,0.011452817999079556,9.808885932416533,0.0006055694780260254,0.0028259908974547854
2017-2020,unweighted,SHAP,random_forest,Diabetes_self,diag,total,5,0.07975735126476738,0.07295851702621341,0.006798834238553958,4.036297239561526,0.015651827759645683,0.031303655519291367
2017-2020,unweighted,SHAP,random_forest,Education,diag,total,5,0.030411666928726395,0.03084132876769392,-0.00042966183896752524,-0.2671891588115818,0.8025337398196668,0.8638585152029851
2017-2020,unweighted,SHAP,random_forest,GenHlth,diag,total,5,0.10904553574461957,0.10694441568368936,0.0021011200609302254,0.9123541659897488,0.41319590812945095,0.5258857012556648
2017-2020,unweighted,SHAP,random_forest,HeartDiseaseorAttack,diag,total,5,0.031857811678434184,0.019929021456138313,0.011928790222295867,17.020242230019445,6.988103485300098e-05,0.0004891672439710069
2017-2020,unweighted,SHAP,random_forest,HighChol,diag,total,5,0.1636315799910249,0.13622405244734034,0.027407527543684557,9.419123868964318,0.0007082066191457342,0.002974467800412084
2017-2020,unweighted,SHAP,random_forest,Income,diag,total,5,0.025960344622007463,0.025415144632386477,0.0005451999896209876,0.7430244356619333,0.4987353817499293,0.616084883338148
2017-2020,unweighted,SHAP,random_forest,MentHlth,diag,total,5,0.02143042314531886,0.01710682220406599,0.004323600941252869,4.395606494922548,0.011731249751876668,0.02593223629362211
2017-2020,unweighted,SHAP,random_forest,PhysActivity_LTPA,diag,total,5,0.024152778739468705,0.02414637073593184,6.4080035368639656e-06,0.008046348129255526,0.9939653203001899,0.9939653203001899
2017-2020,unweighted,SHAP,random_forest,Sex,diag,total,5,0.027600177056958507,0.0335730719362453,-0.005972894879286794,-4.811687240475809,0.008574763144109722,0.021184708944271078
2017-2020,unweighted,SHAP,random_forest,Smoker,diag,total,5,0.028700310979519333,0.03638987238368007,-0.007689561404160746,-10.335219022234542,0.0004945862259164982,0.0025965776860616156
2017-2020,unweighted,SHAP,random_forest,Stroke,diag,total,5,0.025293547361759604,0.023452173761871704,0.0018413735998879007,1.7878694632749903,0.14831818619255654,0.24595500659698785
2017-2020,unweighted,SHAP,xgboost,Age,diag,total,5,0.30491429647581886,0.3456863837239056,-0.040772087248086744,-20.65285885449243,3.2469305596713e-05,0.00040620805773707014
2017-2020,unweighted,SHAP,xgboost,AnyHealthcare,diag,total,5,0.02096579490960901,0.021916135706811272,-0.000950340797202269,-0.336773855606613,0.753215253014642,0.8380994416939515
2017-2020,unweighted,SHAP,xgboost,BMI,diag,total,5,0.1571766640781729,0.154933361624042,0.002243302454130902,0.9206917445432595,0.40931319913734215,0.5258857012556648
2017-2020,unweighted,SHAP,xgboost,Diabetes_self,diag,total,5,0.04864711888862221,0.045583694889359316,0.003063423999262893,1.594018893678097,0.1861562716201145,0.2818415740430343
2017-2020,unweighted,SHAP,xgboost,Education,diag,total,5,0.04549742156585606,0.04195665528862601,0.0035407662772300496,1.7653803806893598,0.15225786122670676,0.24595500659698785
2017-2020,unweighted,SHAP,xgboost,GenHlth,diag,total,5,0.12014874709913848,0.1104769581992062,0.00967178889993229,3.066558156057252,0.03741830629299846,0.07143494837754251
2017-2020,unweighted,SHAP,xgboost,HeartDiseaseorAttack,diag,total,5,0.02439589855124848,0.011460116039740233,0.012935782511508245,8.559310217362764,0.0010229978839290906,0.0036873415361927914
2017-2020,unweighted,SHAP,xgboost,HighChol,diag,total,5,0.120706172945704,0.09322985566289045,0.027476317282813557,19.105628425222235,4.421967216700103e-05,0.00040620805773707014
2017-2020,unweighted,SHAP,xgboost,Income,diag,total,5,0.033843762286992055,0.036046270133529665,-0.002202507846537616,-1.3491106884207507,0.24861202680282088,0.36005879743856817
2017-2020,unweighted,SHAP,xgboost,MentHlth,diag,total,5,0.02441986273814011,0.02155020322401111,0.002869659514128999,1.226054085551617,0.2874215477129718,0.3894098388369295
2017-2020,unweighted,SHAP,xgboost,PhysActivity_LTPA,diag,total,5,0.015706009956270126,0.0159369247771834,-0.00023091482091327115,-0.34675585681265136,0.7462485574285909,0.8380994416939515
2017-2020,unweighted,SHAP,xgboost,Sex,diag,total,5,0.0329221305205188,0.04544309721711844,-0.012520966696599647,-6.311045930352435,0.003223572507761018,0.009670717523283055
2017-2020,unweighted,SHAP,xgboost,Smoker,diag,total,5,0.025971416544809705,0.03111315511877343,-0.005141738573963729,-2.72959465750873,0.052464890752454404,0.0918135588167952
2017-2020,unweighted,SHAP,xgboost,Stroke,diag,total,5,0.02468470343909917,0.02466718839480287,1.7515044296301935e-05,0.013884807478535804,0.9895868126234609,0.9939653203001899
2017-2020,weighted,PI,logistic_regression,Age,diag,total,5,0.5958628567531588,0.7151347536637683,-0.1192718969106094,-6.256247638740622,0.00332905553679214,0.03495508313631747
2017-2020,weighted,PI,logistic_regression,AnyHealthcare,diag,total,5,0.0037710392873682936,0.003881816330707488,-0.0001107770433391947,-0.13537651294591474,0.8988534185675036,0.9356918567894251
2017-2020,weighted,PI,logistic_regression,BMI,diag,total,5,0.1250731587684723,0.10596313324920699,0.019110025519265324,2.1735720500573246,0.09542795316070793,0.3643612757045212
2017-2020,weighted,PI,logistic_regression,Diabetes_self,diag,total,5,0.02989567352938697,0.022969184998527563,0.006926488530859402,1.5266936044940587,0.2015439037192763,0.5154125098696877
2017-2020,weighted,PI,logistic_regression,Education,diag,total,5,0.0013101449862259434,0.0,0.0013101449862259434,0.7629761412026093,0.48799275556329424,0.7354594637495995
2017-2020,weighted,PI,logistic_regression,GenHlth,diag,total,5,0.09935242938602036,0.0875819086109896,0.011770520775030746,0.8895897483917687,0.4239534192855864,0.7170535812216877
2017-2020,weighted,PI,logistic_regression,HeartDiseaseorAttack,diag,total,5,0.006227105325075084,5.0221040668962534e-05,0.0061768842844061225,2.4102616537773542,0.07353395575239209,0.30884261416004677
2017-2020,weighted,PI,logistic_regression,HighChol,diag,total,5,0.11040432069991264,0.03352079720956858,0.07688352349034405,8.089517956612779,0.0012690058251163495,0.03495508313631747
2017-2020,weighted,PI,logistic_regression,Income,diag,total,5,0.00012423112294544645,0.0005955155227713183,-0.00047128439982587183,-1.0654068361842544,0.34672997499490354,0.7142673474724682
2017-2020,weighted,PI,logistic_regression,MentHlth,diag,total,5,0.004825879190657157,0.0010686865526696693,0.003757192637987486,1.9554719311858697,0.1221875498072879,0.3947597763004686
2017-2020,weighted,PI,logistic_regression,PhysActivity_LTPA,diag,total,5,0.00047972232586327324,7.147404105847593e-05,0.0004082482848047972,1.0948146649304056,0.3350977538303866,0.7142673474724682
2017-2020,weighted,PI,logistic_regression,Sex,diag,total,5,0.004617586602683902,0.010494757996121335,-0.0058771713934374315,-2.8496632068063166,0.04641160291376615,0.2436609152972723
2017-2020,weighted,PI,logistic_regression,Smoker,diag,total,5,0.0008755455953515627,0.002383022334414185,-0.0015074767390626225,-1.4577134141617387,0.21865980139510424,0.5154125098696877
2017-2020,weighted,PI,logistic_regression,Stroke,diag,total,5,0.017180306426878254,0.01628472844952756,0.0008955779773506915,0.5853275632627856,0.5897572871013719,0.7740564393205506
2017-2020,weighted,PI,random_forest,Age,diag,total,5,0.5389060208772277,0.6371934138660673,-0.09828739298883953,-7.27500182841529,0.0018967155047651377,0.03495508313631747
2017-2020,weighted,PI,random_forest,AnyHealthcare,diag,total,5,0.009273845905688288,0.007525429989491089,0.0017484159161972,0.6779262577864323,0.5350079991671159,0.7490111988339623
2017-2020,weighted,PI,random_forest,BMI,diag,total,5,0.13212926669259908,0.11467050695726722,0.017458759735331866,1.0252312564632393,0.36320474175565787,0.7142673474724682
2017-2020,weighted,PI,random_forest,Diabetes_self,diag,total,5,0.035352692874650316,0.04212360382497924,-0.006770910950328915,-0.914843329511506,0.4120335251288775,0.7170535812216877
2017-2020,weighted,PI,random_forest,Education,diag,total,5,0.0077054674942724985,0.003236368552271963,0.004469098942000536,0.9994432975233773,0.37414003915224525,0.7142673474724682
2017-2020,weighted,PI,random_forest,GenHlth,diag,total,5,0.09077169637559754,0.07998591741751711,0.01078577895808044,1.6090138433164622,0.1828971629835312,0.5154125098696877
2017-2020,weighted,PI,random_forest,HeartDiseaseorAttack,diag,total,5,0.012182485770901511,0.0021827635851433525,0.009999722185758158,2.6234679900589355,0.05858589120335214,0.27340082561564333
2017-2020,weighted,PI,random_forest,HighChol,diag,total,5,0.10441889886872549,0.06149233495065718,0.04292656391806832,4.226575703961047,0.01340676086410507,0.0938473260487355
2017-2020,weighted,PI,random_forest,Income,diag,total,5,0.022576979284774458,0.008383944015734687,0.014193035269039773,1.5698333562951992,0.19153997957842073,0.5154125098696877
2017-2020,weighted,PI,random_forest,MentHlth,diag,total,5,0.0008481367138472153,0.001536543741471862,-0.0006884070276246466,-0.32613754716895355,0.7606699811215951,0.8874483113085277
2017-2020,weighted,PI,random_forest,PhysActivity_LTPA,diag,total,5,0.001658635803919129,0.0032402293627409847,-0.0015815935588218554,-0.7586514363541301,0.4903063091663996,0.7354594637495995
2017-2020,weighted,PI,random_forest,Sex,diag,total,5,0.026148858722163975,0.01817382886667287,0.007975029855491107,0.6816930916697502,0.5328585392049779,0.7490111988339623
2017-2020,weighted,PI,random_forest,Smoker,diag,total,5,0.007944345612215884,0.010245968509758618,-0.002301622897542735,-0.8836092783661996,0.42681760787005224,0.7170535812216877
2017-2020,weighted,PI,random_forest,Stroke,diag,total,5,0.010082669003416821,0.01000914636022657,7.352264319024949e-05,0.028684873216957354,0.9784900321883054,0.9784900321883054
2017-2020,weighted,PI,xgboost,Age,diag,total,5,0.5777928525724362,0.6576077429455588,-0.07981489037312255,-6.6040339146091425,0.002724469236770773,0.03495508313631747
2017-2020,weighted,PI,xgboost,AnyHealthcare,diag,total,5,0.00844795382779241,0.009055748797337707,-0.000607794969545296,-0.18269485239330233,0.8639233805879487,0.9303790252485601
2017-2020,weighted,PI,xgboost,BMI,diag,total,5,0.13354836729258174,0.13155465651918063,0.0019937107734011054,0.11577082418676159,0.9134134792468197,0.9356918567894251
2017-2020,weighted,PI,xgboost,Diabetes_self,diag,total,5,0.023363224859338883,0.020475443102841877,0.002887781756497011,0.7732395900542635,0.48253549010068764,0.7354594637495995
2017-2020,weighted,PI,xgboost,Education,diag,total,5,0.02435128134543942,0.00992787343920657,0.014423407906232848,1.4491257580699617,0.22089107565843755,0.5154125098696877
2017-2020,weighted,PI,xgboost,GenHlth,diag,total,5,0.10132193916579495,0.08199839921143345,0.01932353995436149,3.1352408375848846,0.035007890754100254,0.21004734452460153
2017-2020,weighted,PI,xgboost,HeartDiseaseorAttack,diag,total,5,0.007868731810625456,0.0007918536539903159,0.0070768781566351415,2.019833746450544,0.11351924428362715,0.3947597763004686
2017-2020,weighted,PI,xgboost,HighChol,diag,total,5,0.07087446121216642,0.04040443412290111,0.03047002708926532,5.553703803560224,0.005144365381053356,0.043212669200848194
2017-2020,weighted,PI,xgboost,Income,diag,total,5,0.0037911049156320953,0.0017956651137203696,0.0019954398019117253,0.29373249287497927,0.7835727984402072,0.8894610144456406
2017-2020,weighted,PI,xgboost,MentHlth,diag,total,5,0.0026491798556384956,0.003159962566537048,-0.0005107827108985525,-0.24075812722504947,0.8215792677163916,0.9080612958970644
2017-2020,weighted,PI,xgboost,PhysActivity_LTPA,diag,total,5,0.0037101424615212514,0.0020823998405220356,0.0016277426209992153,0.47177730338546275,0.6616694422514972,0.8089824414541075
2017-2020,weighted,PI,xgboost,Sex,diag,total,5,0.029203826442594383,0.02454850178371698,0.004655324658877401,0.45282060119560114,0.6741520345450895,0.8089824414541075
2017-2020,weighted,PI,xgboost,Smoker,diag,total,5,0.0038055372005539336,0.005614112042410276,-0.0018085748418563414,-0.6202889802914997,0.5686597067146969,0.7704421832908797
2017-2020,weighted,PI,xgboost,Stroke,diag,total,5,0.009271397037884318,0.010983206860642861,-0.0017118098227585428,-0.5375668990647118,0.6193885470540195,0.7883126962505702
2017-2020,weighted,SHAP,logistic_regression,Age,diag,total,5,0.3299852421945796,0.38717630526345254,-0.05719106306887293,-16.912489556877652,7.165822187914945e-05,0.0010032151063080923
2017-2020,weighted,SHAP,logistic_regression,AnyHealthcare,diag,total,5,0.019012402519679415,0.017767584187396053,0.0012448183322833599,0.3508935171167303,0.7433693002946071,0.8003602214228653
2017-2020,weighted,SHAP,logistic_regression,BMI,diag,total,5,0.1461804198729341,0.13821450252618792,0.007965917346746159,7.720603004363513,0.001515201413913863,0.0053032049486985205
2017-2020,weighted,SHAP,logistic_regression,Diabetes_self,diag,total,5,0.054392272504376324,0.049619554556079096,0.0047727179482972395,3.098121489965895,0.0362871566737927,0.06626350349127363
2017-2020,weighted,SHAP,logistic_regression,Education,diag,total,5,0.036577068597527525,0.019922881196136364,0.016654187401391157,5.877267889828303,0.004187518422843745,0.011725051583962484
2017-2020,weighted,SHAP,logistic_regression,GenHlth,diag,total,5,0.13777758789952818,0.12709175677008833,0.010685831129439865,4.2567090705656465,0.01308787304148554,0.02617574608297108
2017-2020,weighted,SHAP,logistic_regression,HeartDiseaseorAttack,diag,total,5,0.021636872976806127,0.004460591965948712,0.017176281010857417,4.396772146399059,0.011720604475537764,0.024613269398629307
2017-2020,weighted,SHAP,logistic_regression,HighChol,diag,total,5,0.15965671804704135,0.11547151462536827,0.0441852034216731,22.289649973313,2.3984632179657086e-05,0.0005899822352826629
2017-2020,weighted,SHAP,logistic_regression,Income,diag,total,5,0.00808156339587245,0.0160395666269366,-0.007958003231064156,-1.5975028561596172,0.18539371885044448,0.28839022932291364
2017-2020,weighted,SHAP,logistic_regression,MentHlth,diag,total,5,0.022823406302949042,0.010697546051717683,0.012125860251231359,8.383484868651843,0.0011074936797236092,0.004651473454839159
2017-2020,weighted,SHAP,logistic_regression,PhysActivity_LTPA,diag,total,5,0.003909788598037411,0.0037052650205857537,0.00020452357745165745,0.2570207065627923,0.809842187854621,0.8295944363388801
2017-2020,weighted,SHAP,logistic_regression,Sex,diag,total,5,0.019235443737011897,0.05502717884949965,-0.03579173511248774,-14.585938298278275,0.00012850674936620203,0.0010794566946760972
2017-2020,weighted,SHAP,logistic_regression,Smoker,diag,total,5,0.016034512122687666,0.02934567912816719,-0.013311167005479527,-5.296989275508294,0.006099575784758399,0.015069540174108987
2017-2020,weighted,SHAP,logistic_regression,Stroke,diag,total,5,0.024696701230968923,0.02546007323243583,-0.0007633720014669065,-0.44082243304597957,0.6821189738722728,0.7539209711219859
2017-2020,weighted,SHAP,random_forest,Age,diag,total,5,0.28786561885151174,0.3322652274233555,-0.0443996085718437,-13.264224802130578,0.00018669995584162747,0.0013068996908913923
2017-2020,weighted,SHAP,random_forest,AnyHealthcare,diag,total,5,0.019005894941186978,0.020944078688727077,-0.0019381837475400993,-1.1616007082766462,0.30998839352786584,0.4199842751022698
2017-2020,weighted,SHAP,random_forest,BMI,diag,total,5,0.13220912821482705,0.12104532624349269,0.011163801971334398,5.946163160126638,0.004012841564353099,0.011725051583962484
2017-2020,weighted,SHAP,random_forest,Diabetes_self,diag,total,5,0.07422138695295893,0.0674707348245679,0.006750652128391035,5.024154562718856,0.0073637542250539634,0.016433266641221436
2017-2020,weighted,SHAP,random_forest,Education,diag,total,5,0.02901349739432842,0.030399319911891348,-0.0013858225175629347,-0.7431276196334227,0.4986793699907916,0.5984152439889499
2017-2020,weighted,SHAP,random_forest,GenHlth,diag,total,5,0.1130137824385474,0.11016929898830893,0.0028444834502384777,1.2186531296810066,0.28993198235097595,0.4059047752913663
2017-2020,weighted,SHAP,random_forest,HeartDiseaseorAttack,diag,total,5,0.029397813416061458,0.018319417093017758,0.011078396323043698,21.419622391363884,2.809439215631728e-05,0.0005899822352826629
2017-2020,weighted,SHAP,random_forest,HighChol,diag,total,5,0.16260443993585888,0.13678552880632638,0.025818911129532506,9.694051140285474,0.0006337706090537717,0.002957596175584268
2017-2020,weighted,SHAP,random_forest,Income,diag,total,5,0.026321155516168926,0.025919311071134238,0.00040184444503468667,0.3238920889436101,0.7622478299265384,0.8003602214228653
2017-2020,weighted,SHAP,random_forest,MentHlth,diag,total,5,0.021589233201338966,0.01699121935274712,0.004598013848591842,5.010680084663075,0.007434096813885887,0.016433266641221436
2017-2020,weighted,SHAP,random_forest,PhysActivity_LTPA,diag,total,5,0.025317589428500986,0.025347259598832418,-2.96701703314306e-05,-0.037351980067980815,0.9719941545270503,0.9719941545270503
2017-2020,weighted,SHAP,random_forest,Sex,diag,total,5,0.028172655808274705,0.03648732945547732,-0.008314673647202613,-5.5749339194244,0.0050738652307944125,0.013318896230835334
2017-2020,weighted,SHAP,random_forest,Smoker,diag,total,5,0.029783438283979384,0.037928898785140254,-0.008145460501160866,-8.037066638358882,0.001300818678500832,0.004966762227003177
2017-2020,weighted,SHAP,random_forest,Stroke,diag,total,5,0.02148436561645611,0.019927049756981095,0.0015573158594750143,2.0877628669092037,0.10509614265410781,0.17656151965890113
2017-2020,weighted,SHAP,xgboost,Age,diag,total,5,0.3193298393477268,0.3533649662528378,-0.03403512690511099,-10.725944274531109,0.0004282058849028613,0.0022480808957400216
2017-2020,weighted,SHAP,xgboost,AnyHealthcare,diag,total,5,0.018184029822286875,0.01959960055259303,-0.0014155707303061503,-0.5905829003788983,0.5865534946641183,0.6843124104414714
2017-2020,weighted,SHAP,xgboost,BMI,diag,total,5,0.15962478211404735,0.15735058844025854,0.0022741936737888267,1.2318634641230186,0.2854654276713996,0.4059047752913663
2017-2020,weighted,SHAP,xgboost,Diabetes_self,diag,total,5,0.04415518466978448,0.04136540792588762,0.002789776743896849,1.7229285686542368,0.16000074506503165,0.258462742028128
2017-2020,weighted,SHAP,xgboost,Education,diag,total,5,0.04059353341054132,0.038790993620037725,0.0018025397905035885,0.8075405427293412,0.46463753591307366,0.5913568638893665
2017-2020,weighted,SHAP,xgboost,GenHlth,diag,total,5,0.12593550330883224,0.11388057895409871,0.012054924354733512,3.2060935783720077,0.03271034209066739,0.062447016718546834
2017-2020,weighted,SHAP,xgboost,HeartDiseaseorAttack,diag,total,5,0.02135945454330056,0.009845431199729677,0.01151402334357088,10.946452101024162,0.0003956154478780141,0.0022480808957400216
2017-2020,weighted,SHAP,xgboost,HighChol,diag,total,5,0.11633416559329605,0.09154849276601507,0.02478567282728098,15.683849784847727,9.652970922993616e-05,0.0010135619469143296
2017-2020,weighted,SHAP,xgboost,Income,diag,total,5,0.03393633032581907,0.03617967474440596,-0.0022433444185868943,-0.9879010559441125,0.37912681938010584,0.49760395043638894
2017-2020,weighted,SHAP,xgboost,MentHlth,diag,total,5,0.023946260020953347,0.020741148816129606,0.0032051112048237366,1.260921595018703,0.27586973646801466,0.4059047752913663
2017-2020,weighted,SHAP,xgboost,PhysActivity_LTPA,diag,total,5,0.016140357056312865,0.015534625001758732,0.0006057320545541356,0.7759360462939582,0.481109510663126,0.5943117484662145
2017-2020,weighted,SHAP,xgboost,Sex,diag,total,5,0.03408140524911876,0.05034837936204236,-0.016266974112923594,-7.005053573552873,0.00218620879620681,0.007063136110822001
2017-2020,weighted,SHAP,xgboost,Smoker,diag,total,5,0.0262567889935895,0.03177620209926064,-0.00551941310567114,-2.446950127552799,0.07067704023862992,0.12368482041760236
2017-2020,weighted,SHAP,xgboost,Stroke,diag,total,5,0.02012236554439077,0.01967391026494452,0.0004484552794462533,0.44692359528405606,0.6780613682070756,0.7539209711219859
2021-2023,unweighted,PI,logistic_regression,Age,diag,total,5,0.5283568442799277,0.6378995920281725,-0.10954274774824468,-13.720317259481405,0.00016348156681796752,0.0031180687479086615
2021-2023,unweighted,PI,logistic_regression,AnyHealthcare,diag,total,5,0.006817768755854365,0.0007890350143835491,0.006028733741470817,1.6786581354458034,0.16852000226236194,0.3932133386121779
2021-2023,unweighted,PI,logistic_regression,BMI,diag,total,5,0.15402392118972488,0.14434768348545784,0.009676237704267015,1.262756064564044,0.2752744063758039,0.5156289595349884
2021-2023,unweighted,PI,logistic_regression,Diabetes_self,diag,total,5,0.04989343289240092,0.025374112624834265,0.024519320267566647,11.782029885054104,0.0002969589283722535,0.0031180687479086615
2021-2023,unweighted,PI,logistic_regression,Education,diag,total,5,0.0025522163596085907,0.00916486700127411,-0.00661265064166552,-2.982085256891516,0.040654924923869955,0.1340306499103856
2021-2023,unweighted,PI,logistic_regression,GenHlth,diag,total,5,0.1053370189822959,0.06460793749623672,0.04072908148605919,15.763325455465996,9.46230421285017e-05,0.0031180687479086615
2021-2023,unweighted,PI,logistic_regression,HeartDiseaseorAttack,diag,total,5,0.031008048559800744,0.012760527892588875,0.01824752066721187,8.90725927472211,0.0008780835186994034,0.007375901557074989
2021-2023,unweighted,PI,logistic_regression,HighChol,diag,total,5,0.11243025157821207,0.09245400667600778,0.01997624490220429,2.9616683749472306,0.04148567735321459,0.1340306499103856
2021-2023,unweighted,PI,logistic_regression,Income,diag,total,5,0.00476172594971085,0.004800338490560103,-3.861254084925412e-05,-0.03159911991489583,0.9763055887500556,0.9943295372445319
2021-2023,unweighted,PI,logistic_regression,MentHlth,diag,total,5,6.43599433158994e-05,0.0001900442338711083,-0.0001256842905552089,-0.5665674946523727,0.6012863080040359,0.7427654392991032
2021-2023,unweighted,PI,logistic_regression,PhysActivity_LTPA,diag,total,5,7.740808327732735e-05,0.0003275561752225704,-0.00025014809194524304,-0.6165620639900342,0.5708843906241206,0.7427654392991032
2021-2023,unweighted,PI,logistic_regression,Sex,diag,total,5,0.001785226058739936,0.004582954852870756,-0.00279772879413082,-1.7652408984608716,0.15228264065004074,0.3762277004295124
2021-2023,unweighted,PI,logistic_regression,Smoker,diag,total,5,0.0009124545469799291,0.0006167829639392723,0.00029567158304065667,0.4056808127837381,0.705739877422616,0.8011101311283749
2021-2023,unweighted,PI,logistic_regression,Stroke,diag,total,5,0.0019793228201508014,0.00208456106458058,-0.0001052382444297788,-0.11252861684720039,0.9158254427713546,0.9616167149099224
2021-2023,unweighted,PI,random_forest,Age,diag,total,5,0.4205540298552749,0.5386524617472969,-0.11809843189202192,-12.282499129539069,0.0002523782923141844,0.0031180687479086615
2021-2023,unweighted,PI,random_forest,AnyHealthcare,diag,total,5,0.0030982132798104555,0.0013165668998307268,0.0017816463799797285,1.2411394241880396,0.28236823974535086,0.5156289595349884
2021-2023,unweighted,PI,random_forest,BMI,diag,total,5,0.1218251707595821,0.12177349320255379,5.167755702831234e-05,0.007560707048118543,0.9943295372445319,0.9943295372445319
2021-2023,unweighted,PI,random_forest,Diabetes_self,diag,total,5,0.0787580403310953,0.0472594005556307,0.03149863977546459,4.495092420518219,0.010863315571458022,0.05207942546595109
2021-2023,unweighted,PI,random_forest,Education,diag,total,5,0.010957881375515417,0.0027354705654506362,0.008222410810064782,1.2696842560800743,0.27303713018558456,0.5156289595349884
2021-2023,unweighted,PI,random_forest,GenHlth,diag,total,5,0.08758917861961786,0.06442590860869593,0.023163270010921923,3.0404436112426856,0.0383855501522719,0.1340306499103856
2021-2023,unweighted,PI,random_forest,HeartDiseaseorAttack,diag,total,5,0.047767845885348506,0.022377732510660286,0.025390113374688224,4.460048944252717,0.011159876885560947,0.05207942546595109
2021-2023,unweighted,PI,random_forest,HighChol,diag,total,5,0.1631279032873017,0.15064172735086442,0.012486175936437255,1.2415814318403646,0.28222145686130395,0.5156289595349884
2021-2023,unweighted,PI,random_forest,Income,diag,total,5,0.017334960585047833,0.0011773987748981882,0.01615756181014965,1.9634629642811758,0.12107301587911842,0.3178166666826859
2021-2023,unweighted,PI,random_forest,MentHlth,diag,total,5,0.0171824346733994,0.011522379522325812,0.005660055151073587,0.5942511089420096,0.5843240179755039,0.7427654392991032
2021-2023,unweighted,PI,random_forest,PhysActivity_LTPA,diag,total,5,0.011197590880789088,0.006755447620151856,0.004442143260637234,0.774802442575154,0.48170860514833436,0.7225629077225015
2021-2023,unweighted,PI,random_forest,Sex,diag,total,5,0.012751555208831616,0.02032853868492426,-0.007576983476092644,-0.6999315733228056,0.5225386099346089,0.7427654392991032
2021-2023,unweighted,PI,random_forest,Smoker,diag,total,5,0.0030496667766772025,0.003151361581490257,-0.00010169480481305414,-0.19264254947603315,0.8566243734151029,0.930118867385225
2021-2023,unweighted,PI,random_forest,Stroke,diag,total,5,0.004805528481708587,0.007882112375226263,-0.003076583893517676,-1.0557891719319823,0.3506121489654131,0.6135712606894729
2021-2023,unweighted,PI,xgboost,Age,diag,total,5,0.502498102153454,0.5684519725680424,-0.06595387041458836,-2.7027565159920726,0.05394010929053506,0.1618203278716052
2021-2023,unweighted,PI,xgboost,AnyHealthcare,diag,total,5,0.007268176552102832,0.0012182663436404457,0.006049910208462385,1.571402595770175,0.19118584356412965,0.4226213384049182
2021-2023,unweighted,PI,xgboost,BMI,diag,total,5,0.1263310184689603,0.13732894699064346,-0.010997928521683156,-0.6147229840190402,0.5719843346083251,0.7427654392991032
2021-2023,unweighted,PI,xgboost,Diabetes_self,diag,total,5,0.06232137845329085,0.03979241140663261,0.022528967046658237,3.591342828225337,0.02293434522546733,0.09632424994696279
2021-2023,unweighted,PI,xgboost,Education,diag,total,5,0.0034951174993120204,0.0024204958414055715,0.001074621657906449,0.1830237262633433,0.8636818054291375,0.930118867385225
2021-2023,unweighted,PI,xgboost,GenHlth,diag,total,5,0.12131528087369792,0.06975970823044607,0.05155557264325187,7.44855967311745,0.0017353968652194052,0.012147778056535836
2021-2023,unweighted,PI,xgboost,HeartDiseaseorAttack,diag,total,5,0.03842876380874136,0.022483062387131013,0.015945701421610347,4.739686379040158,0.009039286583088354,0.05207942546595109
2021-2023,unweighted,PI,xgboost,HighChol,diag,total,5,0.10583844325181221,0.11260520229866791,-0.006766759046855683,-0.9217917393582749,0.40880323262717555,0.6721352720130558
2021-2023,unweighted,PI,xgboost,Income,diag,total,5,0.005690386140279778,0.003054562733984088,0.0026358234062956896,0.8930499755608332,0.4223034773656915,0.6721352720130558
2021-2023,unweighted,PI,xgboost,MentHlth,diag,total,5,0.010148947567052088,0.010665649163169396,-0.0005167015961173086,-0.46411892762487905,0.6666966822581126,0.7859727005537596
2021-2023,unweighted,PI,xgboost,PhysActivity_LTPA,diag,total,5,0.004031713290171265,0.005142429637644637,-0.0011107163474733718,-0.5711580586968233,0.5984519017865229,0.7427654392991032
2021-2023,unweighted,PI,xgboost,Sex,diag,total,5,0.005438010911294289,0.011533709526469153,-0.006095698615174862,-0.8726922828320574,0.4320869605798216,0.6721352720130558
2021-2023,unweighted,PI,xgboost,Smoker,diag,total,5,0.003591694162040057,0.01041365829452069,-0.006821964132480635,-2.1115984723506385,0.10230593252216881,0.28645661106207265
2021-2023,unweighted,PI,xgboost,Stroke,diag,total,5,0.0036029668677909654,0.005129924577602545,-0.0015269577098115787,-0.4535174490029479,0.6736908861889367,0.7859727005537596
2021-2023,unweighted,SHAP,logistic_regression,Age,diag,total,5,0.3006002415242902,0.3429364899811855,-0.04233624845689521,-20.115153609461363,3.605254355546606e-05,0.0005047356097765248
2021-2023,unweighted,SHAP,logistic_regression,AnyHealthcare,diag,total,5,0.02687782412945385,0.009514940720275786,0.01736288340917806,6.4871963844301295,0.0029112259140506294,0.007007143131464089
2021-2023,unweighted,SHAP,logistic_regression,BMI,diag,total,5,0.15568652227389293,0.15882129048472823,-0.0031347682108353037,-0.7473957710773177,0.49636660693092677,0.5790943747527479
2021-2023,unweighted,SHAP,logistic_regression,Diabetes_self,diag,total,5,0.07594902314191979,0.06210817597597772,0.013840847165942055,7.085130262937817,0.0020949678244302685,0.006555179128895723
2021-2023,unweighted,SHAP,logistic_regression,Education,diag,total,5,0.019199013277946562,0.032516719119029196,-0.013317705841082633,-6.52825701422769,0.0028438478716401707,0.007007143131464089
2021-2023,unweighted,SHAP,logistic_regression,GenHlth,diag,total,5,0.13452194881587615,0.10896602258506424,0.02555592623081187,7.2603556507118805,0.0019111599381175179,0.006555179128895723
2021-2023,unweighted,SHAP,logistic_regression,HeartDiseaseorAttack,diag,total,5,0.0406875279209552,0.029760492723158238,0.010927035197796961,13.866628376470626,0.0001568044481602386,0.0013171573645460043
2021-2023,unweighted,SHAP,logistic_regression,HighChol,diag,total,5,0.1588856716064233,0.1492236482895751,0.009662023316848189,1.8580200204048216,0.13671350587555592,0.2126654535841981
2021-2023,unweighted,SHAP,logistic_regression,Income,diag,total,5,0.022852940070419596,0.02744085620283601,-0.004587916132416417,-1.0100239134524063,0.3696189890518879,0.4704241678842209
2021-2023,unweighted,SHAP,logistic_regression,MentHlth,diag,total,5,0.002679570715351004,0.0046171247302397725,-0.0019375540148887677,-5.675109011223703,0.004756738249858343,0.010514895078634233
2021-2023,unweighted,SHAP,logistic_regression,PhysActivity_LTPA,diag,total,5,0.005693409641960472,0.011549837047692583,-0.005856427405732112,-1.344071268424176,0.25009636911942695,0.3501349167671977
2021-2023,unweighted,SHAP,logistic_regression,Sex,diag,total,5,0.02529273327730794,0.04175557335661299,-0.016462840079305062,-4.974995294647587,0.0076243808417467696,0.016011199767668217
2021-2023,unweighted,SHAP,logistic_regression,Smoker,diag,total,5,0.02028962012980957,0.010332090475207324,0.009957529654602249,3.356798770006384,0.028389042224141587,0.056778084448283174
2021-2023,unweighted,SHAP,logistic_regression,Stroke,diag,total,5,0.010783953474393445,0.010456738308417349,0.0003272151659760963,0.3035817069565704,0.7765821708720599,0.7955231994299151
2021-2023,unweighted,SHAP,random_forest,Age,diag,total,5,0.2472317017229706,0.2809991934032391,-0.03376749168026848,-29.140249030399296,8.256125060132394e-06,0.0003467572525255606
2021-2023,unweighted,SHAP,random_forest,AnyHealthcare,diag,total,5,0.013609617470926927,0.008046295553815568,0.005563321917111359,7.391921721237963,0.0017861091113016857,0.006555179128895723
2021-2023,unweighted,SHAP,random_forest,BMI,diag,total,5,0.136180369684537,0.13957365272947972,-0.003393283044942719,-1.519649530022938,0.20322748749237976,0.3011473776959269
2021-2023,unweighted,SHAP,random_forest,Diabetes_self,diag,total,5,0.09203171760286868,0.07444844552525585,0.017583272077612823,9.052787708150616,0.0008250759648709811,0.004331648815572651
2021-2023,unweighted,SHAP,random_forest,Education,diag,total,5,0.04128043683778497,0.04476217245554641,-0.0034817356177614415,-1.5002641445477465,0.20793509412337813,0.3011473776959269
2021-2023,unweighted,SHAP,random_forest,GenHlth,diag,total,5,0.10878386619449358,0.09474599175300623,0.014037874441487358,6.433077261116801,0.003003061342056038,0.007007143131464089
2021-2023,unweighted,SHAP,random_forest,HeartDiseaseorAttack,diag,total,5,0.05180951242418652,0.03810693320565286,0.013702579218533656,9.939103176531752,0.0005754500703433385,0.003452700422060031
2021-2023,unweighted,SHAP,random_forest,HighChol,diag,total,5,0.173114448612181,0.16876006658386222,0.004354382028318798,2.441515388345248,0.0710921735602408,0.12441130373042142
2021-2023,unweighted,SHAP,random_forest,Income,diag,total,5,0.03372771594254652,0.036441222511478286,-0.002713506568931772,-1.2573218185500354,0.2770415370680678,0.37534659860834985
2021-2023,unweighted,SHAP,random_forest,MentHlth,diag,total,5,0.02040770421319158,0.02156107872718917,-0.0011533745139975869,-2.1627511310695073,0.09659091442982579,0.15603147715587243
2021-2023,unweighted,SHAP,random_forest,PhysActivity_LTPA,diag,total,5,0.020072235056811237,0.02609870645044256,-0.006026471393631321,-2.5882430972314063,0.060796409555605,0.11101953049284391
2021-2023,unweighted,SHAP,random_forest,Sex,diag,total,5,0.023188771256904578,0.029540237814877284,-0.00635146655797271,-7.006036273457103,0.0021850597096319075,0.006555179128895723
2021-2023,unweighted,SHAP,random_forest,Smoker,diag,total,5,0.026021393409928855,0.02559529095927805,0.0004261024506508115,0.14067845500769063,0.8949239243324004,0.8949239243324004
2021-2023,unweighted,SHAP,random_forest,Stroke,diag,total,5,0.01254050957066793,0.0113207123268767,0.001219797243791229,0.9677435967436298,0.38797372679694475,0.4792616625138729
2021-2023,unweighted,SHAP,xgboost,Age,diag,total,5,0.27922133072403554,0.3063725538395493,-0.027151223115513747,-7.2012358238321195,0.001970864164384048,0.006555179128895723
2021-2023,unweighted,SHAP,xgboost,AnyHealthcare,diag,total,5,0.01579616916182544,0.007861187020562958,0.007934982141262481,12.815208980787752,0.00021370832501391217,0.0014959582750973851
2021-2023,unweighted,SHAP,xgboost,BMI,diag,total,5,0.16380417049772358,0.17724212635150344,-0.013437955853779849,-3.0394648482222566,0.03842236817620853,0.07335179379094356
2021-2023,unweighted,SHAP,xgboost,Diabetes_self,diag,total,5,0.062381719150773375,0.049039555930287575,0.013342163220485787,22.372361908216742,2.3634226561686364e-05,0.0004963187577954137
2021-2023,unweighted,SHAP,xgboost,Education,diag,total,5,0.040010216527621635,0.04113700060353877,-0.0011267840759171296,-0.5072712400423032,0.6386535272961986,0.705880214380009
2021-2023,unweighted,SHAP,xgboost,GenHlth,diag,total,5,0.12018640202271255,0.0949810898897987,0.025205312132913882,6.830196920533405,0.0024030983771702557,0.006728675456076715
2021-2023,unweighted,SHAP,xgboost,HeartDiseaseorAttack,diag,total,5,0.03697460742584073,0.026782189520447232,0.010192417905393507,14.045935001975185,0.0001490781114239445,0.0013171573645460043
2021-2023,unweighted,SHAP,xgboost,HighChol,diag,total,5,0.1365811850517056,0.1326967317037238,0.0038844533479818364,1.162925187680632,0.30950844077698936,0.40622982851979855
2021-2023,unweighted,SHAP,xgboost,Income,diag,total,5,0.04112350886519746,0.04351000176480711,-0.0023864928996096546,-0.7204897943542772,0.5110807699625349,0.580145738876391
2021-2023,unweighted,SHAP,xgboost,MentHlth,diag,total,5,0.028144808117597186,0.028769153403841168,-0.0006243452862439797,-0.3934165363404123,0.714080752930995,0.7497847905775449
2021-2023,unweighted,SHAP,xgboost,PhysActivity_LTPA,diag,total,5,0.01770671988842283,0.02162742531871945,-0.003920705430296616,-2.2918224635683404,0.08368892237321797,0.14059738958700618
2021-2023,unweighted,SHAP,xgboost,Sex,diag,total,5,0.028746437966969074,0.03880436520758573,-0.010057927240616655,-7.528964676952751,0.0016664213084933654,0.006555179128895723
2021-2023,unweighted,SHAP,xgboost,Smoker,diag,total,5,0.020142804358193725,0.022543570460726216,-0.002400766102532496,-0.8519383743882548,0.44225049110135917,0.530700589321631
2021-2023,unweighted,SHAP,xgboost,Stroke,diag,total,5,0.009179920241381208,0.008633048984908617,0.0005468712564725897,0.44043934939898577,0.6823741814182066,0.7348645030657609
2021-2023,weighted,PI,logistic_regression,Age,diag,total,5,0.5563096186709041,0.6649804567707782,-0.10867083809987399,-11.539990541194882,0.0003220291622559831,0.012600991882001327
2021-2023,weighted,PI,logistic_regression,AnyHealthcare,diag,total,5,0.006037188178153232,0.0012987281340507576,0.004738460044102475,1.7490947744458307,0.1551802004175515,0.4345045611691442
2021-2023,weighted,PI,logistic_regression,BMI,diag,total,5,0.15781561636113886,0.14732893974394076,0.010486676617198093,0.9216910216573025,0.40884990400714544,0.6667959500778752
2021-2023,weighted,PI,logistic_regression,Diabetes_self,diag,total,5,0.04805113965459959,0.025776930957968708,0.02227420869663088,8.850056436278198,0.0009000708487143805,0.012600991882001327
2021-2023,weighted,PI,logistic_regression,Education,diag,total,5,0.0012308814096103813,0.005490671376078497,-0.004259789966468116,-1.4989633785821983,0.20825491858897782,0.48592814337428164
2021-2023,weighted,PI,logistic_regression,GenHlth,diag,total,5,0.09971621158110629,0.06522597110762934,0.034490240473476944,9.737546757414322,0.0006229009779565391,0.012600991882001327
2021-2023,weighted,PI,logistic_regression,HeartDiseaseorAttack,diag,total,5,0.0235434157632951,0.009199664301671184,0.014343751461623911,5.404229104770739,0.00567620459934216,0.05960014829309268
2021-2023,weighted,PI,logistic_regression,HighChol,diag,total,5,0.09981575828971308,0.07232361198656029,0.027492146303152803,2.5037798189667937,0.0664974705699813,0.25389943308538315
2021-2023,weighted,PI,logistic_regression,Income,diag,total,5,0.004521145892861474,0.0038985206968671416,0.000622625195994332,0.7601497129460538,0.48950384680544773,0.726485189381778
2021-2023,weighted,PI,logistic_regression,MentHlth,diag,total,5,0.0001978563783992401,0.00040460173112621175,-0.0002067453527269717,-0.39058593344739323,0.716012771958758,0.8353482339518844
2021-2023,weighted,PI,logistic_regression,PhysActivity_LTPA,diag,total,5,0.00046029367387852223,0.0006001962320449641,-0.00013990255816644188,-0.12525106167508138,0.9063674630236487,0.943581984786009
2021-2023,weighted,PI,logistic_regression,Sex,diag,total,5,0.0014443706353110895,0.001625686286067045,-0.00018131565075595515,-0.10542238804094657,0.9211157470530087,0.943581984786009
2021-2023,weighted,PI,logistic_regression,Smoker,diag,total,5,0.00018836108384864326,0.0004677139716185357,-0.00027935288776989245,-0.9132474605615205,0.41277844528630364,0.6667959500778752
2021-2023,weighted,PI,logistic_regression,Stroke,diag,total,5,0.0006681424271802497,0.0013783067035983325,-0.0007101642764180829,-0.6719903209898486,0.5384077136648729,0.726485189381778
2021-2023,weighted,PI,random_forest,Age,diag,total,5,0.4229843810017691,0.5238618943403861,-0.1008775133386169,-4.763959116262245,0.008879345566888797,0.06482232453180857
2021-2023,weighted,PI,random_forest,AnyHealthcare,diag,total,5,0.002573229552790726,0.0023853835181317532,0.00018784603465897353,0.06121175860020008,0.9541269822563183,0.9541269822563183
2021-2023,weighted,PI,random_forest,BMI,diag,total,5,0.11106680733321565,0.11423433688776481,-0.0031675295545491784,-0.18682766891537964,0.8608889271791214,0.927111152346746
2021-2023,weighted,PI,random_forest,Diabetes_self,diag,total,5,0.061438479212454655,0.04066884352607471,0.020769635686379954,4.70698617249661,0.009260332075972653,0.06482232453180857
2021-2023,weighted,PI,random_forest,Education,diag,total,5,0.015923884176170557,0.00739211624348751,0.008531767932683045,1.0335889485530227,0.35972145316693194,0.6667959500778752
2021-2023,weighted,PI,random_forest,GenHlth,diag,total,5,0.08995860243733082,0.08231064456875657,0.007647957868574256,0.7059143894598737,0.519185021764093,0.726485189381778
2021-2023,weighted,PI,random_forest,HeartDiseaseorAttack,diag,total,5,0.036475466800541964,0.017353226898991967,0.019122239901549997,3.873280543423799,0.01794338101874155,0.09420275034839315
2021-2023,weighted,PI,random_forest,HighChol,diag,total,5,0.16568687464188464,0.13713396263942607,0.028552912002458557,2.020313284343569,0.1134572413666242,0.3665541644152474
2021-2023,weighted,PI,random_forest,Income,diag,total,5,0.018460389923507903,0.003310026717861049,0.015150363205646852,1.5639638028624152,0.19287058013210484,0.48592814337428164
2021-2023,weighted,PI,random_forest,MentHlth,diag,total,5,0.021663788366788516,0.012915650784982535,0.008748137581805981,0.9858336202851864,0.38002610798435443,0.6667959500778752
2021-2023,weighted,PI,random_forest,PhysActivity_LTPA,diag,total,5,0.01978833204861873,0.010986158482130269,0.00880217356648846,1.1065179349393943,0.3305675251741226,0.6667959500778752
2021-2023,weighted,PI,random_forest,Sex,diag,total,5,0.023025329954377623,0.02964738505222029,-0.006622055097842666,-0.5753484338461223,0.5958720752810448,0.7583826412667842
2021-2023,weighted,PI,random_forest,Smoker,diag,total,5,0.0068032436343211265,0.011544737213643094,-0.004741493579321967,-1.0183498495307537,0.36609501650662385,0.6667959500778752
2021-2023,weighted,PI,random_forest,Stroke,diag,total,5,0.00415119091622801,0.0062556331261433284,-0.0021044422099153184,-0.6927662828341945,0.5265756442292083,0.726485189381778
2021-2023,weighted,PI,xgboost,Age,diag,total,5,0.5417318700417939,0.5903873686531049,-0.04865549861131098,-1.833941390239095,0.1405830372367023,0.42174911171010687
2021-2023,weighted,PI,xgboost,AnyHealthcare,diag,total,5,0.008699291695508454,0.0012183533148766175,0.007480938380631838,1.5137631885070795,0.20464536096722036,0.48592814337428164
2021-2023,weighted,PI,xgboost,BMI,diag,total,5,0.1049919202965948,0.12441034242670221,-0.019418422130107398,-0.6459315547471622,0.5535125252432594,0.726485189381778
2021-2023,weighted,PI,xgboost,Diabetes_self,diag,total,5,0.05024667692843114,0.034190141723401866,0.01605653520502928,2.321153611717277,0.08103408024928342,0.283619280872492
2021-2023,weighted,PI,xgboost,Education,diag,total,5,0.00346676275540433,0.0011567731880425835,0.002309989567361747,0.3969860763876054,0.7116480652171483,0.8353482339518844
2021-2023,weighted,PI,xgboost,GenHlth,diag,total,5,0.11462525560564804,0.07819893780250105,0.03642631780314699,2.668533012451561,0.05589127650069683,0.2347433613029267
2021-2023,weighted,PI,xgboost,HeartDiseaseorAttack,diag,total,5,0.027137635334014254,0.013719468808526342,0.013418166525487912,4.373434094216838,0.01193598364004445,0.0716159018402667
2021-2023,weighted,PI,xgboost,HighChol,diag,total,5,0.09900945681142735,0.10065164772289681,-0.0016421909114694585,-0.24924923893419024,0.815443737438015,0.9012799203262272
2021-2023,weighted,PI,xgboost,Income,diag,total,5,0.00909605981509969,0.0014380978049833158,0.007657962010116372,1.1377297549086125,0.3187575140586171,0.6667959500778752
2021-2023,weighted,PI,xgboost,MentHlth,diag,total,5,0.020462382378609277,0.015485285741930924,0.004977096636678355,0.9227359850226788,0.40836589770054293,0.6667959500778752
2021-2023,weighted,PI,xgboost,PhysActivity_LTPA,diag,total,5,0.007929990728059062,0.009587498965944125,-0.001657508237885063,-0.467011358084864,0.6647954762113801,0.8212179412022932
2021-2023,weighted,PI,xgboost,Sex,diag,total,5,0.005025054081265733,0.012980049952259409,-0.007954995870993676,-0.8707403258076881,0.43303470092126123,0.6736095347664064
2021-2023,weighted,PI,xgboost,Smoker,diag,total,5,0.004279866073607204,0.0121525290832036,-0.007872663009596397,-2.8676348636176154,0.04557712548708425,0.21269325227305985
2021-2023,weighted,PI,xgboost,Stroke,diag,total,5,0.003297777454536776,0.004423504811626287,-0.0011257273570895111,-0.34356483826031087,0.7484725081139141,0.8496174416428214
2021-2023,weighted,SHAP,logistic_regression,Age,diag,total,5,0.3116474287627771,0.3548420045979751,-0.043194575835198055,-18.02302296941229,5.571595696267118e-05,0.0007963609258590017
2021-2023,weighted,SHAP,logistic_regression,AnyHealthcare,diag,total,5,0.028987426549459305,0.010203187023807236,0.018784239525652068,8.022092901624747,0.0013100811406507565,0.005002127991575616
2021-2023,weighted,SHAP,logistic_regression,BMI,diag,total,5,0.15548082256056914,0.15828478157594517,-0.002803959015376045,-0.6777697612861737,0.535097433819955,0.6242803394566142
2021-2023,weighted,SHAP,logistic_regression,Diabetes_self,diag,total,5,0.07049986157904198,0.0575323271048128,0.012967534474229181,7.297903672122092,0.0018743982568326652,0.006076284883813652
2021-2023,weighted,SHAP,logistic_regression,Education,diag,total,5,0.01871828090309751,0.031668015545554616,-0.012949734642457106,-6.161681907108645,0.003521261105078369,0.009236584241514927
2021-2023,weighted,SHAP,logistic_regression,GenHlth,diag,total,5,0.13412937775448244,0.10834877977136684,0.025780597983115616,7.291346420793684,0.0018807548449899399,0.006076284883813652
2021-2023,weighted,SHAP,logistic_regression,HeartDiseaseorAttack,diag,total,5,0.03715673859228138,0.027156420539503272,0.010000318052778104,16.671364438394175,7.58438977008573e-05,0.0007963609258590017
2021-2023,weighted,SHAP,logistic_regression,HighChol,diag,total,5,0.1566202687856159,0.14681113195601414,0.009809136829601772,1.9304573356973844,0.12574923571990027,0.21125871600943244
2021-2023,weighted,SHAP,logistic_regression,Income,diag,total,5,0.023026165515586512,0.027528025636755032,-0.004501860121168516,-0.9976786577963342,0.3748987337556111,0.46311020052163726
2021-2023,weighted,SHAP,logistic_regression,MentHlth,diag,total,5,0.0026207762152480004,0.004524792576922847,-0.001904016361674846,-5.324539260501026,0.005987228731924008,0.013970200374489353
2021-2023,weighted,SHAP,logistic_regression,PhysActivity_LTPA,diag,total,5,0.005512145218177217,0.011203830593955563,-0.005691685375778348,-1.3202780918383863,0.2572224756352051,0.3376044992712067
2021-2023,weighted,SHAP,logistic_regression,Sex,diag,total,5,0.025761628832612165,0.04240568764949278,-0.016644058816880615,-4.887480490041593,0.00811675266208402,0.01794229535829099
2021-2023,weighted,SHAP,logistic_regression,Smoker,diag,total,5,0.02031690379304573,0.010313892588976338,0.010003011204069392,3.3347957108861634,0.028975856027877448,0.055317543325947856
2021-2023,weighted,SHAP,logistic_regression,Stroke,diag,total,5,0.009522174938005626,0.009177122838918255,0.00034505209908737143,0.36650997724875256,0.7325483591512837,0.7888982329321517
2021-2023,weighted,SHAP,random_forest,Age,diag,total,5,0.2588189620512079,0.2914736998854307,-0.032654737834222715,-17.928083236471775,5.689330416985743e-05,0.0007963609258590017
2021-2023,weighted,SHAP,random_forest,AnyHealthcare,diag,total,5,0.01456642188979917,0.008521556342680266,0.006044865547118905,6.3982102973331525,0.0030641192584926263,0.00911693624267215
2021-2023,weighted,SHAP,random_forest,BMI,diag,total,5,0.1329595253771439,0.1370653342440075,-0.004105808866863597,-1.748385128524422,0.15530888744466417,0.24159160269169982
2021-2023,weighted,SHAP,random_forest,Diabetes_self,diag,total,5,0.08674652707967415,0.07005399958615358,0.01669252749352057,8.347846292602139,0.0011256609846082195,0.005002127991575616
2021-2023,weighted,SHAP,random_forest,Education,diag,total,5,0.040610392584571456,0.0443998095333032,-0.003789416948731747,-1.6495357117069898,0.17438291648842172,0.26157437473263256
2021-2023,weighted,SHAP,random_forest,GenHlth,diag,total,5,0.10883054252053379,0.09552762546759941,0.013302917052934373,6.062102050975954,0.0037386174310893748,0.009236584241514927
2021-2023,weighted,SHAP,random_forest,HeartDiseaseorAttack,diag,total,5,0.048228888723055974,0.035067784432166446,0.013161104290889533,10.129654759426765,0.0005346506919272,0.003082155905924421
2021-2023,weighted,SHAP,random_forest,HighChol,diag,total,5,0.17682612783377757,0.17073662740644951,0.006089500427328104,3.8625737759153713,0.01810752576240853,0.038025804101057915
2021-2023,weighted,SHAP,random_forest,Income,diag,total,5,0.033507878015321096,0.036399560212523184,-0.0028916821972020798,-1.4916762756895803,0.21005588362470878,0.3042188659392334
2021-2023,weighted,SHAP,random_forest,MentHlth,diag,total,5,0.020406108406319807,0.021406179214172857,-0.0010000708078530506,-1.7689396309555072,0.15162699842491884,0.24159160269169982
2021-2023,weighted,SHAP,random_forest,PhysActivity_LTPA,diag,total,5,0.018400464525110377,0.024316090504771414,-0.005915625979661034,-2.6433037583155383,0.05738181996559771,0.10041818493979598
2021-2023,weighted,SHAP,random_forest,Sex,diag,total,5,0.023027406929354493,0.03020511266059652,-0.0071777057312420265,-8.061468777281258,0.001285896953647597,0.005002127991575616
2021-2023,weighted,SHAP,random_forest,Smoker,diag,total,5,0.025396717677108778,0.024454560512028496,0.0009421571650802769,0.30280732687752143,0.777130884481682,0.7897996489300448
2021-2023,weighted,SHAP,random_forest,Stroke,diag,total,5,0.011674036387021507,0.010372059998116998,0.0013019763889045102,1.0624015144547365,0.34793892546797,0.4428313596865073
2021-2023,weighted,SHAP,xgboost,Age,diag,total,5,0.30395760686978507,0.32642353378850303,-0.022465926918717995,-3.3889271955668994,0.02755727234679091,0.05511454469358182
2021-2023,weighted,SHAP,xgboost,AnyHealthcare,diag,total,5,0.01679408399701047,0.008401364410667758,0.008392719586342712,9.887852723413785,0.0005870773154141754,0.003082155905924421
2021-2023,weighted,SHAP,xgboost,BMI,diag,total,5,0.15671028530825942,0.17232508513836464,-0.015614799830105186,-2.8405243472389916,0.04684275499821127,0.0855389439097771
2021-2023,weighted,SHAP,xgboost,Diabetes_self,diag,total,5,0.055749064320407604,0.04382104561847082,0.011928018701936782,22.082293675586342,2.4892024741745048e-05,0.0007963609258590017
2021-2023,weighted,SHAP,xgboost,Education,diag,total,5,0.03812883349770393,0.03892765353526171,-0.0007988200375577771,-0.2849886754984502,0.7897996489300448,0.7897996489300448
2021-2023,weighted,SHAP,xgboost,GenHlth,diag,total,5,0.11951263810737016,0.09584412884665436,0.023668509260715807,6.2939423899666735,0.0032560486580971966,0.00911693624267215
2021-2023,weighted,SHAP,xgboost,HeartDiseaseorAttack,diag,total,5,0.0319039005061623,0.022706315148970174,0.00919758535719212,13.567027516741847,0.0001708614606689603,0.0014352362696192665
2021-2023,weighted,SHAP,xgboost,HighChol,diag,total,5,0.13615164452903994,0.1316942214762737,0.004457423052766263,1.4066881074963198,0.23225691438950935,0.3146706582051417
2021-2023,weighted,SHAP,xgboost,Income,diag,total,5,0.04136663654015127,0.043092213598930604,-0.0017255770587793415,-0.49958624335812024,0.643596671606313,0.7186187287453081
2021-2023,weighted,SHAP,xgboost,MentHlth,diag,total,5,0.028174679041116524,0.02865277623011179,-0.0004780971889952627,-0.293612938813709,0.7836578074435979,0.7897996489300448
2021-2023,weighted,SHAP,xgboost,PhysActivity_LTPA,diag,total,5,0.017008850173244303,0.019558094381921482,-0.0025492442086771814,-1.4345691443936934,0.2247255796718483,0.3146158115405876
2021-2023,weighted,SHAP,xgboost,Sex,diag,total,5,0.0280705488168062,0.04001949069714366,-0.011948941880337459,-11.406091938121541,0.0003370315978219148,0.0023592211847534034
2021-2023,weighted,SHAP,xgboost,Smoker,diag,total,5,0.0186902861097399,0.02124625609094758,-0.0025559699812076815,-0.926971760898593,0.4064088929039194,0.48769067148470324
2021-2023,weighted,SHAP,xgboost,Stroke,diag,total,5,0.007780942183202935,0.007287821037778695,0.0004931211454242404,0.48940659234558603,0.6501788498171834,0.7186187287453081
2017-2020,unweighted,PI,logistic_regression,Age,lab,total,5,0.9066473746054429,0.7374595353334745,0.1691878392719685,10.467295645687264,0.0004708030443801247,0.0065912426213217455
2017-2020,unweighted,PI,logistic_regression,AnyHealthcare,lab,total,5,0.0016841216384142978,0.002315340078405727,-0.0006312184399914296,-0.19585413529215034,0.8542715641592632,0.9978913608848801
2017-2020,unweighted,PI,logistic_regression,BMI,lab,total,5,0.031118608524197688,0.09763346750135815,-0.06651485897716046,-15.265138306670474,0.00010740499476284225,0.0028959915666902656
2017-2020,unweighted,PI,logistic_regression,Diabetes_self,lab,total,5,0.0008896579962833749,0.017984484182965246,-0.017094826186681872,-9.710233506885707,0.0006296993115667517,0.006611842771450893
2017-2020,unweighted,PI,logistic_regression,Education,lab,total,5,0.001476752689714221,0.0010527879647494471,0.000423964724964774,0.29024250307720306,0.7860558560266133,0.9710101750916988
2017-2020,unweighted,PI,logistic_regression,GenHlth,lab,total,5,0.020574395957256766,0.06768263246838059,-0.047108236511123815,-6.482775817916123,0.0029185964039797705,0.020430174827858395
2017-2020,unweighted,PI,logistic_regression,HeartDiseaseorAttack,lab,total,5,0.0013365168771706268,7.466697530360808e-05,0.0012618499018670188,1.4744570592820383,0.21437447095855877,0.4501863890129734
2017-2020,unweighted,PI,logistic_regression,HighChol,lab,total,5,0.00024365831731009945,0.04882801652000483,-0.048584358202694744,-14.326806881439797,0.00013790436031858408,0.0028959915666902656
2017-2020,unweighted,PI,logistic_regression,Income,lab,total,5,0.003908909338613161,0.00032347253171290574,0.0035854368069002545,1.2937684619042107,0.26539503822907096,0.49418201726430594
2017-2020,unweighted,PI,logistic_regression,MentHlth,lab,total,5,0.008358899064737219,0.00035654749298826325,0.008002351571748955,4.476886561956636,0.011016177925983698,0.05783493411141442
2017-2020,unweighted,PI,logistic_regression,PhysActivity_LTPA,lab,total,5,0.0009427418824895135,3.0147265455166845e-05,0.0009125946170343464,1.8256399791434028,0.1419442385502219,0.35068576582996
2017-2020,unweighted,PI,logistic_regression,Sex,lab,total,5,0.008965380133648653,0.008358002123169875,0.000607378010478776,0.17165345792380085,0.8720441160202331,0.9978913608848801
2017-2020,unweighted,PI,logistic_regression,Smoker,lab,total,5,0.00039312280932215046,0.0018953533825900217,-0.0015022305732678713,-2.1371757534259674,0.09940274388853305,0.26093220270739925
2017-2020,unweighted,PI,logistic_regression,Stroke,lab,total,5,0.0134598601653993,0.016005546179441756,-0.002545686014042454,-0.785967774703926,0.47583282256228643,0.7294652366823425
2017-2020,unweighted,PI,random_forest,Age,lab,total,5,0.7490769383920303,0.6817019492755712,0.06737498911645909,1.7002529296621036,0.16430623384229245,0.38338121229868244
2017-2020,unweighted,PI,random_forest,AnyHealthcare,lab,total,5,0.010438239261767493,0.010403756375454997,3.448288631249623e-05,0.0028115234501811352,0.9978913608848801,0.9978913608848801
2017-2020,unweighted,PI,random_forest,BMI,lab,total,5,0.0516665968149998,0.10026334777713637,-0.04859675096213657,-2.5856455787442347,0.06096317043311533,0.1777994037805421
2017-2020,unweighted,PI,random_forest,Diabetes_self,lab,total,5,0.01709962108996586,0.036141224036157334,-0.019041602946191477,-4.039987505644565,0.015604165294714726,0.07281943804200205
2017-2020,unweighted,PI,random_forest,Education,lab,total,5,0.01012372361497814,0.0018713673530684088,0.008252356261909732,0.9032199309538318,0.4174848294490727,0.7013745134744421
2017-2020,unweighted,PI,random_forest,GenHlth,lab,total,5,0.029563324000469265,0.05711045939356174,-0.027547135393092483,-2.5471100777867304,0.06349978706447933,0.1777994037805421
2017-2020,unweighted,PI,random_forest,HeartDiseaseorAttack,lab,total,5,0.005338857062948535,0.005925700159966309,-0.0005868430970177744,-0.10862277662522113,0.9187325539574744,0.9978913608848801
2017-2020,unweighted,PI,random_forest,HighChol,lab,total,5,0.04437292177691985,0.05718113115446792,-0.012808209377548068,-0.7349342986953145,0.5031416579311112,0.7294652366823425
2017-2020,unweighted,PI,random_forest,Income,lab,total,5,0.010926366490364908,0.004760872098989254,0.006165494391375653,0.6670075112366047,0.5412733271027662,0.7577826579438727
2017-2020,unweighted,PI,random_forest,MentHlth,lab,total,5,0.0011820328366915385,0.0012513885829756055,-6.935574628406703e-05,-0.04449685221768004,0.9666411196898445,0.9978913608848801
2017-2020,unweighted,PI,random_forest,PhysActivity_LTPA,lab,total,5,0.008494535271837661,0.0021821156780914247,0.006312419593746235,1.3635522803365085,0.2444060591348679,0.4888121182697358
2017-2020,unweighted,PI,random_forest,Sex,lab,total,5,0.020860560851261152,0.02335495953775394,-0.002494398686492788,-0.14256816862215438,0.8935242513329911,0.9978913608848801
2017-2020,unweighted,PI,random_forest,Smoker,lab,total,5,0.021227896424037166,0.008471741236599592,0.012756155187437576,0.733952473462338,0.5036783777092365,0.7294652366823425
2017-2020,unweighted,PI,random_forest,Stroke,lab,total,5,0.019628386111728395,0.009379987340205943,0.010248398771522454,1.145552002728692,0.3158590421894395,0.5527533238315191
2017-2020,unweighted,PI,xgboost,Age,lab,total,5,0.7590001016287313,0.6750423255326063,0.08395777609612491,2.7742017008766897,0.050114929027730536,0.1619097707049756
2017-2020,unweighted,PI,xgboost,AnyHealthcare,lab,total,5,0.011102310139662206,0.007980994264792263,0.0031213158748699442,0.5699462835405286,0.5991992706588881,0.8118183666991386
2017-2020,unweighted,PI,xgboost,BMI,lab,total,5,0.08781635977411036,0.12249118392214722,-0.03467482414803686,-1.5741940597600257,0.19055754952619738,0.42123247790001533
2017-2020,unweighted,PI,xgboost,Diabetes_self,lab,total,5,0.0012327144725928672,0.018071258917095278,-0.01683854444450241,-5.7521278633837705,0.004529314798429357,0.02717588879057614
2017-2020,unweighted,PI,xgboost,Education,lab,total,5,0.0251556269851749,0.0129326189334497,0.012223008051725203,1.277220006463353,0.270623485644739,0.49418201726430594
2017-2020,unweighted,PI,xgboost,GenHlth,lab,total,5,0.03560702689808605,0.06575023347139221,-0.030143206573306165,-3.2786856099279102,0.03053847033817098,0.12826157542031813
2017-2020,unweighted,PI,xgboost,HeartDiseaseorAttack,lab,total,5,0.0,0.002712066990222765,-0.002712066990222765,-3.071261886470595,0.03724714013958716,0.13378314141671263
2017-2020,unweighted,PI,xgboost,HighChol,lab,total,5,0.00794680670200448,0.04632470836206017,-0.03837790166005568,-6.947561452988443,0.002254752203507492,0.018939918509462934
2017-2020,unweighted,PI,xgboost,Income,lab,total,5,0.013315576840429721,0.0048876738715526325,0.00842790296887709,0.8207132376983703,0.45790361073018687,0.7294652366823425
2017-2020,unweighted,PI,xgboost,MentHlth,lab,total,5,0.010332691563766826,0.001117995831790918,0.009214695731975909,3.044757829057397,0.038223754690489324,0.13378314141671263
2017-2020,unweighted,PI,xgboost,PhysActivity_LTPA,lab,total,5,0.0010184586914359875,0.00099733454090744,2.1124150528547407e-05,0.01016970451793837,0.9923728859477459,0.9978913608848801
2017-2020,unweighted,PI,xgboost,Sex,lab,total,5,0.024601623284676487,0.02402396521517699,0.0005776580694994961,0.0808345616101217,0.939456467375766,0.9978913608848801
2017-2020,unweighted,PI,xgboost,Smoker,lab,total,5,0.009017152403819883,0.005777030309844647,0.003240122093975234,0.36083316793264236,0.7364734226522779,0.9373298106483536
2017-2020,unweighted,PI,xgboost,Stroke,lab,total,5,0.013853550615508862,0.011890609836961325,0.001962940778547537,0.4227221046741839,0.6942328726262882,0.9111806453220033
2017-2020,unweighted,SHAP,logistic_regression,Age,lab,total,5,0.5168381102437746,0.3805088608719297,0.13632924937184485,8.08223592740889,0.0012733645183574192,0.003523507033321523
2017-2020,unweighted,SHAP,logistic_regression,AnyHealthcare,lab,total,5,0.04497512705353581,0.019103937409487508,0.025871189644048297,2.4029043035608617,0.07412252215336872,0.1037715310147162
2017-2020,unweighted,SHAP,logistic_regression,BMI,lab,total,5,0.09813160154490227,0.13873921231062145,-0.04060761076571919,-11.477525525233508,0.00032892230406158287,0.0015349707522873868
2017-2020,unweighted,SHAP,logistic_regression,Diabetes_self,lab,total,5,0.01489761545644673,0.05386610794870221,-0.03896849249225548,-7.892516504688939,0.0013937423007235282,0.003523507033321523
2017-2020,unweighted,SHAP,logistic_regression,Education,lab,total,5,0.02387933526993439,0.02055341307837171,0.003325922191562672,0.2946254398576875,0.7829379834414453,0.7973142964643458
2017-2020,unweighted,SHAP,logistic_regression,GenHlth,lab,total,5,0.09118562129379906,0.12462193521802951,-0.033436313924230424,-4.559625280442418,0.010341778032706894,0.0197433944260768
2017-2020,unweighted,SHAP,logistic_regression,HeartDiseaseorAttack,lab,total,5,0.01878184148588721,0.004656013479106822,0.014125828006780389,3.2666129266977495,0.030887586394549253,0.04633137959182388
2017-2020,unweighted,SHAP,logistic_regression,HighChol,lab,total,5,0.012149403820346879,0.11451768124573866,-0.10236827742539178,-9.181635011549648,0.0007814197920504157,0.0025564775557583783
2017-2020,unweighted,SHAP,logistic_regression,Income,lab,total,5,0.046495709036834754,0.015399739229152287,0.03109596980768246,9.70066003544381,0.0006321039513462327,0.0024134878142310703
2017-2020,unweighted,SHAP,logistic_regression,MentHlth,lab,total,5,0.027186950686016554,0.010967660996220626,0.01621928968979593,1.6464280869130372,0.17502101613469015,0.21620243169579373
2017-2020,unweighted,SHAP,logistic_regression,PhysActivity_LTPA,lab,total,5,0.02110780431200335,0.003655267683970758,0.01745253662803259,3.306044956272231,0.029764409342979737,0.046300192311301815
2017-2020,unweighted,SHAP,logistic_regression,Sex,lab,total,5,0.05682031280693467,0.05417357647442174,0.002646736332512942,0.2744718697934368,0.7973142964643458,0.7973142964643458
2017-2020,unweighted,SHAP,logistic_regression,Smoker,lab,total,5,0.0055003625098512254,0.028829427247547078,-0.023329064737695852,-7.973807310625422,0.001340510835346672,0.003523507033321523
2017-2020,unweighted,SHAP,logistic_regression,Stroke,lab,total,5,0.022050204479732487,0.030407166806699904,-0.008356962326967416,-2.0822133147195263,0.10575778184843991,0.13683026197750445
2017-2020,unweighted,SHAP,random_forest,Age,lab,total,5,0.3607220769500752,0.32951820034152,0.03120387660855519,4.808126528334239,0.008597043164319222,0.017194086328638444
2017-2020,unweighted,SHAP,random_forest,AnyHealthcare,lab,total,5,0.020875527055432906,0.024599100173621623,-0.003723573118188719,-0.9553879779376288,0.39348367213253194,0.45906428415462064
2017-2020,unweighted,SHAP,random_forest,BMI,lab,total,5,0.10723474766349839,0.11890190844960165,-0.011667160786103265,-2.90502185841,0.04389645000572942,0.06357416897381503
2017-2020,unweighted,SHAP,random_forest,Diabetes_self,lab,total,5,0.03819390462001115,0.07295851702621341,-0.03476461240620226,-12.433958027457479,0.00024055518054268916,0.001262914697849118
2017-2020,unweighted,SHAP,random_forest,Education,lab,total,5,0.052790909406665885,0.03084132876769392,0.021949580638971972,7.8448384085841125,0.0014261814182491878,0.003523507033321523
2017-2020,unweighted,SHAP,random_forest,GenHlth,lab,total,5,0.07809892877856464,0.10694441568368936,-0.02884548690512472,-9.151733528139898,0.0007912906720204504,0.0025564775557583783
2017-2020,unweighted,SHAP,random_forest,HeartDiseaseorAttack,lab,total,5,0.013335954633609209,0.019929021456138313,-0.006593066822529102,-3.729700489874379,0.020302170918005857,0.03279581455985561
2017-2020,unweighted,SHAP,random_forest,HighChol,lab,total,5,0.06606545948017321,0.13622405244734034,-0.07015859296716713,-38.68318324152945,2.667657368065584e-06,0.00011204160945875452
2017-2020,unweighted,SHAP,random_forest,Income,lab,total,5,0.051362097849262156,0.025415144632386477,0.025946953216875672,16.984543027353592,7.04636766063194e-05,0.0009864914724884717
2017-2020,unweighted,SHAP,random_forest,MentHlth,lab,total,5,0.024230641976078694,0.01710682220406599,0.007123819772012707,6.379982246381877,0.003096647613321931,0.0068452210399747955
2017-2020,unweighted,SHAP,random_forest,PhysActivity_LTPA,lab,total,5,0.054194064897504425,0.02414637073593184,0.03004769416157258,13.15936198863335,0.00019260817561824793,0.001262914697849118
2017-2020,unweighted,SHAP,random_forest,Sex,lab,total,5,0.056319496854939664,0.0335730719362453,0.02274642491869437,13.693242267082042,0.0001647557475539665,0.001262914697849118
2017-2020,unweighted,SHAP,random_forest,Smoker,lab,total,5,0.04141451746237951,0.03638987238368007,0.0050246450786994275,2.067703790313793,0.1075094915537535,0.13683026197750445
2017-2020,unweighted,SHAP,random_forest,Stroke,lab,total,5,0.03516167237180495,0.023452173761871704,0.011709498609933247,3.959076374446311,0.01669055104163812,0.028442877010549934
2017-2020,unweighted,SHAP,xgboost,Age,lab,total,5,0.3963300546199302,0.3456863837239056,0.050643670896024576,13.864259865009748,0.00015690980423764317,0.001262914697849118
2017-2020,unweighted,SHAP,xgboost,AnyHealthcare,lab,total,5,0.020263117600648577,0.021916135706811272,-0.0016530181061626971,-0.48000589029983737,0.6562918186934869,0.6891064096281613
2017-2020,unweighted,SHAP,xgboost,BMI,lab,total,5,0.160210610172725,0.154933361624042,0.0052772485486830166,0.8939434644869753,0.42187829652054704,0.47888887713143174
2017-2020,unweighted,SHAP,xgboost,Diabetes_self,lab,total,5,0.016946001733433816,0.045583694889359316,-0.028637693155925494,-10.350477615731776,0.0004917634998584647,0.002065406699405552
2017-2020,unweighted,SHAP,xgboost,Education,lab,total,5,0.05672388632736386,0.04195665528862601,0.014767231038737847,5.328949568290059,0.005969479375780829,0.012535906689139741
2017-2020,unweighted,SHAP,xgboost,GenHlth,lab,total,5,0.07336883833802196,0.1104769581992062,-0.03710811986118423,-12.446055272739121,0.00023964088179222827,0.001262914697849118
2017-2020,unweighted,SHAP,xgboost,HeartDiseaseorAttack,lab,total,5,0.009619821930986833,0.011460116039740233,-0.0018402941087534014,-0.587960255408818,0.5881509046373979,0.6333932819171978
2017-2020,unweighted,SHAP,xgboost,HighChol,lab,total,5,0.03471160269569469,0.09322985566289045,-0.05851825296719576,-25.92515201431453,1.315135470992396e-05,0.00027617844890840315
2017-2020,unweighted,SHAP,xgboost,Income,lab,total,5,0.05354277970484408,0.036046270133529665,0.017496509571314413,4.417288793478408,0.01153513633329051,0.0210641619999218
2017-2020,unweighted,SHAP,xgboost,MentHlth,lab,total,5,0.028152130040769923,0.02155020322401111,0.00660192681675882,2.3538149258388583,0.07818890988125211,0.10593336177459962
2017-2020,unweighted,SHAP,xgboost,PhysActivity_LTPA,lab,total,5,0.033806489935840796,0.0159369247771834,0.0178695651586574,7.185775940567948,0.001986855143159085,0.0046359953340378655
2017-2020,unweighted,SHAP,xgboost,Sex,lab,total,5,0.0663184531695408,0.04544309721711844,0.020875355952422354,3.942072795292852,0.016930283934851152,0.028442877010549934
2017-2020,unweighted,SHAP,xgboost,Smoker,lab,total,5,0.029404896271816257,0.03111315511877343,-0.0017082588469571765,-0.6362850528492009,0.5591779555300145,0.6180387929542266
2017-2020,unweighted,SHAP,xgboost,Stroke,lab,total,5,0.020601317458383162,0.02466718839480287,-0.004065870936419707,-1.227944145890019,0.2867837400163907,0.3441404880196688
2017-2020,weighted,PI,logistic_regression,Age,lab,total,5,0.8925086709598599,0.7151347536637683,0.1773739172960917,6.7443353784827424,0.002519297776368023,0.035270168869152324
2017-2020,weighted,PI,logistic_regression,AnyHealthcare,lab,total,5,0.0012572667300972582,0.003881816330707488,-0.00262454960061023,-1.1471069066193147,0.31528578911073235,0.575739267071772
2017-2020,weighted,PI,logistic_regression,BMI,lab,total,5,0.037795873786942547,0.10596313324920699,-0.06816725946226444,-6.901057843276195,0.0023121422873251508,0.035270168869152324
2017-2020,weighted,PI,logistic_regression,Diabetes_self,lab,total,5,0.00024758228063555883,0.022969184998527563,-0.022721602717892007,-7.054210258884195,0.002129631338502312,0.035270168869152324
2017-2020,weighted,PI,logistic_regression,Education,lab,total,5,0.0024163404182850445,0.0,0.0024163404182850445,1.4253804070393346,0.22718033925436168,0.5152729249231547
2017-2020,weighted,PI,logistic_regression,GenHlth,lab,total,5,0.026445606843164236,0.0875819086109896,-0.061136301767825384,-5.989899845095419,0.003906582667655634,0.04101911801038416
2017-2020,weighted,PI,logistic_regression,HeartDiseaseorAttack,lab,total,5,0.0027541832436682777,5.0221040668962534e-05,0.0027039622029993147,1.2300707338956998,0.28606771998083,0.5461292835997664
2017-2020,weighted,PI,logistic_regression,HighChol,lab,total,5,0.00035521265791120825,0.03352079720956858,-0.03316558455165737,-5.614436168889597,0.0049458087009751845,0.041544793088191555
2017-2020,weighted,PI,logistic_regression,Income,lab,total,5,0.00962512349471278,0.0005955155227713183,0.009029607971941463,2.2247320225237184,0.09013686482851184,0.29121140944596136
2017-2020,weighted,PI,logistic_regression,MentHlth,lab,total,5,0.0018311008643240724,0.0010686865526696693,0.0007624143116544031,0.5005899573337675,0.6429497876699315,0.8950539499800905
2017-2020,weighted,PI,logistic_regression,PhysActivity_LTPA,lab,total,5,0.002157540054009502,7.147404105847593e-05,0.002086066012951026,1.3189156823926942,0.25763646246157734,0.5152729249231547
2017-2020,weighted,PI,logistic_regression,Sex,lab,total,5,0.009590986845941906,0.010494757996121335,-0.0009037711501794293,-0.15794607797032925,0.8821521045115369,0.9522462998216306
2017-2020,weighted,PI,logistic_regression,Smoker,lab,total,5,0.0007489803090307112,0.002383022334414185,-0.001634042025383474,-2.00687161292679,0.11520936932980473,0.3225862341234532
2017-2020,weighted,PI,logistic_regression,Stroke,lab,total,5,0.012265531511417035,0.01628472844952756,-0.004019196938110528,-2.1302963441318763,0.10017451623975596,0.3005235487192679
2017-2020,weighted,PI,random_forest,Age,lab,total,5,0.7288888894609984,0.6371934138660673,0.09169547559493108,1.3707244650578696,0.24234333593393353,0.5152729249231547
2017-2020,weighted,PI,random_forest,AnyHealthcare,lab,total,5,0.0026130079600523172,0.007525429989491089,-0.004912422029438772,-0.8937225513079987,0.42198338863853746,0.708932092912743
2017-2020,weighted,PI,random_forest,BMI,lab,total,5,0.0386404393938523,0.11467050695726722,-0.07603006756341493,-2.828823803356874,0.04740157483607427,0.23805366952011114
2017-2020,weighted,PI,random_forest,Diabetes_self,lab,total,5,0.01380703741357436,0.04212360382497924,-0.028316566411404877,-1.8055631035494506,0.14529501349087487,0.3813994104135465
2017-2020,weighted,PI,random_forest,Education,lab,total,5,0.0,0.003236368552271963,-0.003236368552271963,-0.6935182741897549,0.5261509064268066,0.8499360796125338
2017-2020,weighted,PI,random_forest,GenHlth,lab,total,5,0.04363936638095407,0.07998591741751711,-0.03634655103656303,-2.5205760083257736,0.06531667645558197,0.2683561874905268
2017-2020,weighted,PI,random_forest,HeartDiseaseorAttack,lab,total,5,0.0056332851103078245,0.0021827635851433525,0.003450521525164471,0.454331336741896,0.6731525044220245,0.8950539499800905
2017-2020,weighted,PI,random_forest,HighChol,lab,total,5,0.0586049879926304,0.06149233495065718,-0.002887346958026781,-0.09290803571351626,0.930443998243418,0.9531377542981355
2017-2020,weighted,PI,random_forest,Income,lab,total,5,0.017788480441084616,0.008383944015734687,0.009404536425349927,0.38393940756343187,0.7205594291230452,0.9170756370656938
2017-2020,weighted,PI,random_forest,MentHlth,lab,total,5,0.002949978834785063,0.001536543741471862,0.001413435093313201,0.44108232249596857,0.6819458666514975,0.8950539499800905
2017-2020,weighted,PI,random_forest,PhysActivity_LTPA,lab,total,5,0.01388177883447711,0.0032402293627409847,0.010641549471736126,0.5829343126704518,0.5912200456273933,0.865899202694577
2017-2020,weighted,PI,random_forest,Sex,lab,total,5,0.022381298211029348,0.01817382886667287,0.004207469344356475,0.13411094955823177,0.8997919053472403,0.9522462998216306
2017-2020,weighted,PI,random_forest,Smoker,lab,total,5,0.025899568793686746,0.010245968509758618,0.015653600283928128,0.6026569061917282,0.579236162195745,0.865899202694577
2017-2020,weighted,PI,random_forest,Stroke,lab,total,5,0.02527188117256745,0.01000914636022657,0.01526273481234088,2.4521323224799456,0.07028376339037606,0.2683561874905268
2017-2020,weighted,PI,xgboost,Age,lab,total,5,0.8086235744434829,0.6576077429455588,0.151015831497924,2.2781240941491543,0.08496221552371984,0.29121140944596136
2017-2020,weighted,PI,xgboost,AnyHealthcare,lab,total,5,0.007919298254626984,0.009055748797337707,-0.0011364505427107223,-0.1245324033232079,0.9069012379253624,0.9522462998216306
2017-2020,weighted,PI,xgboost,BMI,lab,total,5,0.059816736448204885,0.13155465651918063,-0.07173792007097575,-1.5580698334574317,0.19421628354953063,0.4798284652400169
2017-2020,weighted,PI,xgboost,Diabetes_self,lab,total,5,0.00025490001171214543,0.020475443102841877,-0.02022054309112973,-3.39300003520084,0.027453906900311034,0.1647234414018662
2017-2020,weighted,PI,xgboost,Education,lab,total,5,0.01439416518583335,0.00992787343920657,0.0044662917466267785,0.3185387534882094,0.7660151622275632,0.9462540239281663
2017-2020,weighted,PI,xgboost,GenHlth,lab,total,5,0.032660469155791794,0.08199839921143345,-0.04933793005564167,-2.756902749016281,0.05101150061145238,0.23805366952011114
2017-2020,weighted,PI,xgboost,HeartDiseaseorAttack,lab,total,5,0.0007755366266345147,0.0007918536539903159,-1.6317027355801113e-05,-0.008778110169038887,0.9934165230584572,0.9934165230584572
2017-2020,weighted,PI,xgboost,HighChol,lab,total,5,0.007895694240613505,0.04040443412290111,-0.0325087398822876,-3.5553786912663026,0.023683979104790583,0.1647234414018662
2017-2020,weighted,PI,xgboost,Income,lab,total,5,0.01347081214308089,0.0017956651137203696,0.011675147029360521,1.3522479639745177,0.24769232234824773,0.5152729249231547
2017-2020,weighted,PI,xgboost,MentHlth,lab,total,5,0.002325378010945927,0.003159962566537048,-0.000834584555591121,-0.21815822159831,0.8379836345928915,0.9522462998216306
2017-2020,weighted,PI,xgboost,PhysActivity_LTPA,lab,total,5,0.0,0.0020823998405220356,-0.0020823998405220356,-1.0590087189536417,0.34930827450702706,0.6112894803872974
2017-2020,weighted,PI,xgboost,Sex,lab,total,5,0.026457041669397757,0.02454850178371698,0.0019085398856807747,0.15722182032086462,0.8826869578845846,0.9522462998216306
2017-2020,weighted,PI,xgboost,Smoker,lab,total,5,0.012665134518918916,0.005614112042410276,0.007051022476508642,0.5720814719967579,0.5978827828129222,0.865899202694577
2017-2020,weighted,PI,xgboost,Stroke,lab,total,5,0.012741259290756587,0.010983206860642861,0.0017580524301137278,0.27682153220359984,0.7956330313586477,0.9522462998216306
2017-2020,weighted,SHAP,logistic_regression,Age,lab,total,5,0.5238915517345893,0.38717630526345254,0.1367152464711368,7.859281336564446,0.0014162570892931729,0.004130132068221835
2017-2020,weighted,SHAP,logistic_regression,AnyHealthcare,lab,total,5,0.04209605298239978,0.017767584187396053,0.02432846879500373,2.2887409243576884,0.08397347729296521,0.11756286821015129
2017-2020,weighted,SHAP,logistic_regression,BMI,lab,total,5,0.09736558872733353,0.13821450252618792,-0.04084891379885439,-11.268352464145643,0.0003533823517988225,0.0027102159744392504
2017-2020,weighted,SHAP,logistic_regression,Diabetes_self,lab,total,5,0.013606809131303712,0.049619554556079096,-0.03601274542477538,-7.003784102811784,0.002187694312101072,0.00483595584780237
2017-2020,weighted,SHAP,logistic_regression,Education,lab,total,5,0.023162501925912356,0.019922881196136364,0.003239620729775991,0.2955130966071038,0.7823071318648076,0.8013877936176078
2017-2020,weighted,SHAP,logistic_regression,GenHlth,lab,total,5,0.09262504548550171,0.12709175677008833,-0.0344667112845866,-4.587267055752474,0.01012769756821404,0.019334695357499532
2017-2020,weighted,SHAP,logistic_regression,HeartDiseaseorAttack,lab,total,5,0.017313603662906123,0.004460591965948712,0.01285301169695741,3.418471393641015,0.026817793141604363,0.04332105045951474
2017-2020,weighted,SHAP,logistic_regression,HighChol,lab,total,5,0.012176440162121143,0.11547151462536827,-0.10329507446324712,-9.066307115215464,0.0008203556348700943,0.003445493666454396
2017-2020,weighted,SHAP,logistic_regression,Income,lab,total,5,0.04829489618549103,0.0160395666269366,0.032255329558554424,11.70747336580231,0.0003044141681359595,0.0027102159744392504
2017-2020,weighted,SHAP,logistic_regression,MentHlth,lab,total,5,0.026735698220480976,0.010697546051717683,0.016038152168763295,1.6287708654952948,0.17869315085338833,0.214431781024066
2017-2020,weighted,SHAP,logistic_regression,PhysActivity_LTPA,lab,total,5,0.02146206307407357,0.0037052650205857537,0.017756798053487816,3.273913105131138,0.03067592086036631,0.047718099116125366
2017-2020,weighted,SHAP,logistic_regression,Sex,lab,total,5,0.05745938280611305,0.05502717884949965,0.0024322039566134117,0.24879244193959416,0.8157734091142381,0.8157734091142381
2017-2020,weighted,SHAP,logistic_regression,Smoker,lab,total,5,0.005567954717468347,0.02934567912816719,-0.023777724410698843,-8.051388083922895,0.0012920354100747513,0.004130132068221835
2017-2020,weighted,SHAP,logistic_regression,Stroke,lab,total,5,0.018242411184305266,0.02546007323243583,-0.007217662048130566,-1.9246481551365213,0.1265924201015612,0.15637887189016383
2017-2020,weighted,SHAP,random_forest,Age,lab,total,5,0.361475019988118,0.3322652274233555,0.029209792564762516,5.271859963360809,0.006204305244693431,0.012408610489386861
2017-2020,weighted,SHAP,random_forest,AnyHealthcare,lab,total,5,0.018518184303303088,0.020944078688727077,-0.0024258943854239892,-0.8071144037107761,0.4648566726416157,0.5137889539723121
2017-2020,weighted,SHAP,random_forest,BMI,lab,total,5,0.11006872457224903,0.12104532624349269,-0.010976601671243638,-2.5067307916141814,0.06628825967217758,0.09600368642177443
2017-2020,weighted,SHAP,random_forest,Diabetes_self,lab,total,5,0.037341941348740935,0.0674707348245679,-0.03012879347582697,-11.174144309627634,0.000365136073923771,0.0027102159744392504
2017-2020,weighted,SHAP,random_forest,Education,lab,total,5,0.04901312297405345,0.030399319911891348,0.018613803062162093,7.629875905314637,0.0015845802301864837,0.004130132068221835
2017-2020,weighted,SHAP,random_forest,GenHlth,lab,total,5,0.08079105305329509,0.11016929898830893,-0.029378245935013852,-7.522643115451213,0.0016717201228516952,0.004130132068221835
2017-2020,weighted,SHAP,random_forest,HeartDiseaseorAttack,lab,total,5,0.012279773006393508,0.018319417093017758,-0.0060396440866242514,-4.226472742333066,0.013407866436223296,0.024483930013972973
2017-2020,weighted,SHAP,random_forest,HighChol,lab,total,5,0.07037804031406374,0.13678552880632638,-0.06640748849226262,-41.59666430315529,1.9963917719606946e-06,8.384845442234917e-05
2017-2020,weighted,SHAP,random_forest,Income,lab,total,5,0.04987644221108065,0.025919311071134238,0.023957131139946415,7.91600529376357,0.0013780967098484585,0.004130132068221835
2017-2020,weighted,SHAP,random_forest,MentHlth,lab,total,5,0.02424373113139699,0.01699121935274712,0.007252511778649867,5.4957190695862135,0.0053431199119371945,0.011220551815068109
2017-2020,weighted,SHAP,random_forest,PhysActivity_LTPA,lab,total,5,0.056551339200483317,0.025347259598832418,0.0312040796016509,9.693357059150248,0.0006339459615679477,0.0029584144873170894
2017-2020,weighted,SHAP,random_forest,Sex,lab,total,5,0.057330131633846856,0.03648732945547732,0.020842802178369542,8.807920111722837,0.0009167047029199128,0.0035001452293305763
2017-2020,weighted,SHAP,random_forest,Smoker,lab,total,5,0.042090052767865045,0.037928898785140254,0.004161153982724789,2.1710509659667316,0.09569750349361494,0.1296546821526396
2017-2020,weighted,SHAP,random_forest,Stroke,lab,total,5,0.030042443495110333,0.019927049756981095,0.010115393738129242,3.854715396607185,0.01822914862313519,0.030624969686867117
2017-2020,weighted,SHAP,xgboost,Age,lab,total,5,0.4075679675525924,0.3533649662528378,0.05420300129975457,10.836308852761821,0.000411493539533017,0.0027102159744392504
2017-2020,weighted,SHAP,xgboost,AnyHealthcare,lab,total,5,0.0173748689627354,0.01959960055259303,-0.002224731589857626,-0.8191475625625997,0.4586999339540662,0.5137889539723121
2017-2020,weighted,SHAP,xgboost,BMI,lab,total,5,0.16013453111860923,0.15735058844025854,0.0027839426783506926,0.5422094405525069,0.6164681005326363,0.6638887236505314
2017-2020,weighted,SHAP,xgboost,Diabetes_self,lab,total,5,0.014867739214663278,0.04136540792588762,-0.026497668711224342,-9.841741495607987,0.0005977888763232114,0.0029584144873170894
2017-2020,weighted,SHAP,xgboost,Education,lab,total,5,0.05452590852574564,0.038790993620037725,0.015734914905707907,7.357499924417474,0.0018178249658892067,0.004241591587074816
2017-2020,weighted,SHAP,xgboost,GenHlth,lab,total,5,0.07555558979099372,0.11388057895409871,-0.038324989163105005,-10.579518311704,0.00045170266240654173,0.0027102159744392504
2017-2020,weighted,SHAP,xgboost,HeartDiseaseorAttack,lab,total,5,0.008547861429503523,0.009845431199729677,-0.0012975697702261569,-0.43008161581432997,0.6892937883964966,0.7237584778163214
2017-2020,weighted,SHAP,xgboost,HighChol,lab,total,5,0.03407895046735213,0.09154849276601507,-0.05746954229866295,-28.463222340815776,9.066708654993974e-06,0.00019040088175487346
2017-2020,weighted,SHAP,xgboost,Income,lab,total,5,0.053543002341660116,0.03617967474440596,0.017363327597254154,3.9097567468636756,0.017397406497931908,0.03044546137138084
2017-2020,weighted,SHAP,xgboost,MentHlth,lab,total,5,0.027132785483527773,0.020741148816129606,0.006391636667398165,1.9898630602639964,0.11746905551660436,0.14950607065749646
2017-2020,weighted,SHAP,xgboost,PhysActivity_LTPA,lab,total,5,0.0343552598438675,0.015534625001758732,0.01882063484210877,7.658884915436464,0.0015619778776331389,0.004130132068221835
2017-2020,weighted,SHAP,xgboost,Sex,lab,total,5,0.06740567587055299,0.05034837936204236,0.01705729650851065,2.9209715637053266,0.04320150306092901,0.06480225459139351
2017-2020,weighted,SHAP,xgboost,Smoker,lab,total,5,0.028124783940165016,0.03177620209926064,-0.003651418159095623,-2.0875993454774764,0.10511557281672082,0.13796418932194607
2017-2020,weighted,SHAP,xgboost,Stroke,lab,total,5,0.01678507545803131,0.01967391026494452,-0.002888834806913206,-1.0876760611710425,0.3378885998595025,0.3942033665027529
2021-2023,unweighted,PI,logistic_regression,Age,lab,total,5,0.8200447867181557,0.6378995920281725,0.1821451946899834,8.654035922291198,0.0009807835198240586,0.010298226958152615
2021-2023,unweighted,PI,logistic_regression,AnyHealthcare,lab,total,5,0.023105009196644256,0.0007890350143835491,0.022315974182260705,2.8609128410147746,0.04588718938184413,0.11209661563127415
2021-2023,unweighted,PI,logistic_regression,BMI,lab,total,5,0.02531219865758716,0.14434768348545784,-0.1190354848278707,-11.723587203002825,0.0003027833257797832,0.004434676829472289
2021-2023,unweighted,PI,logistic_regression,Diabetes_self,lab,total,5,0.005623867487511975,0.025374112624834265,-0.0197502451373223,-3.735417499159258,0.02020140602485237,0.07713264118579996
2021-2023,unweighted,PI,logistic_regression,Education,lab,total,5,0.010806075092590918,0.00916486700127411,0.0016412080913168075,0.4313100441879425,0.6884711803024781,0.7414305018642071
2021-2023,unweighted,PI,logistic_regression,GenHlth,lab,total,5,0.0003610306882958548,0.06460793749623672,-0.06424690680794087,-5.077314534056543,0.007094030167328911,0.037243658378476784
2021-2023,unweighted,PI,logistic_regression,HeartDiseaseorAttack,lab,total,5,0.005814476580501749,0.012760527892588875,-0.006946051312087126,-2.3996908928455603,0.0743812602576622,0.1487625205153244
2021-2023,unweighted,PI,logistic_regression,HighChol,lab,total,5,0.0012743488836429503,0.09245400667600778,-0.09117965779236484,-11.58884692273447,0.00031676263067659206,0.004434676829472289
2021-2023,unweighted,PI,logistic_regression,Income,lab,total,5,0.052339786358959695,0.004800338490560103,0.047539447868399594,3.267816304020467,0.030852576511265977,0.09967755488255162
2021-2023,unweighted,PI,logistic_regression,MentHlth,lab,total,5,0.005302382978062859,0.0001900442338711083,0.005112338744191751,1.244374301625191,0.2812956735379767,0.42194351030696503
2021-2023,unweighted,PI,logistic_regression,PhysActivity_LTPA,lab,total,5,0.011942513126078542,0.0003275561752225704,0.011614956950855973,2.7626733233806005,0.05071037373795735,0.11209661563127415
2021-2023,unweighted,PI,logistic_regression,Sex,lab,total,5,0.0005460403961766286,0.004582954852870756,-0.004036914456694128,-1.2732578153572809,0.2718899774602919,0.42194351030696503
2021-2023,unweighted,PI,logistic_regression,Smoker,lab,total,5,4.6380374486713835e-05,0.0006167829639392723,-0.0005704025894525585,-1.0919870814195602,0.336200696838075,0.47329654064832966
2021-2023,unweighted,PI,logistic_regression,Stroke,lab,total,5,0.037481103461304906,0.00208456106458058,0.03539654239672432,6.6829073330235484,0.0026066986088411122,0.021896268314265343
2021-2023,unweighted,PI,random_forest,Age,lab,total,5,0.5758910772775191,0.5386524617472969,0.03723861553022227,0.6726524454001472,0.5380277351536678,0.5984836439600072
2021-2023,unweighted,PI,random_forest,AnyHealthcare,lab,total,5,0.0014242914784120908,0.0013165668998307268,0.00010772457858136408,0.04035130316031722,0.9697467840421279,0.9786952039736393
2021-2023,unweighted,PI,random_forest,BMI,lab,total,5,0.08584961454345277,0.12177349320255379,-0.035923878659101016,-0.8481826824842361,0.44411021145728746,0.5486067318001786
2021-2023,unweighted,PI,random_forest,Diabetes_self,lab,total,5,0.009505392511405596,0.0472594005556307,-0.037754008044225115,-2.804466750509137,0.0485898955693736,0.11209661563127415
2021-2023,unweighted,PI,random_forest,Education,lab,total,5,0.00873139882753175,0.0027354705654506362,0.005995928262081114,1.0872165668952416,0.3380689576059498,0.47329654064832966
2021-2023,unweighted,PI,random_forest,GenHlth,lab,total,5,0.010873843316391102,0.06442590860869593,-0.05355206529230483,-2.7873215441971095,0.04944711464513841,0.11209661563127415
2021-2023,unweighted,PI,random_forest,HeartDiseaseorAttack,lab,total,5,0.002139546824120763,0.022377732510660286,-0.020238185686539522,-3.9328212656491233,0.017062457869300027,0.07166232305106011
2021-2023,unweighted,PI,random_forest,HighChol,lab,total,5,0.08238853297892454,0.15064172735086442,-0.06825319437193988,-2.9719134470986113,0.04106635559396747,0.11209661563127415
2021-2023,unweighted,PI,random_forest,Income,lab,total,5,0.03170615009556088,0.0011773987748981882,0.030528751320662694,1.8413249666601839,0.13938410294407294,0.2602809249646593
2021-2023,unweighted,PI,random_forest,MentHlth,lab,total,5,0.004062522871849799,0.011522379522325812,-0.007459856650476012,-0.8715854051224318,0.4326241787441422,0.5486067318001786
2021-2023,unweighted,PI,random_forest,PhysActivity_LTPA,lab,total,5,0.028643289331621146,0.006755447620151856,0.0218878417114693,1.4481017156930036,0.2211586687331989,0.38702767028309804
2021-2023,unweighted,PI,random_forest,Sex,lab,total,5,0.06626963979612306,0.02032853868492426,0.04594110111119879,1.2899829515104528,0.2665823936296469,0.42194351030696503
2021-2023,unweighted,PI,random_forest,Smoker,lab,total,5,0.01170924019452671,0.003151361581490257,0.008557878613036455,0.6946231684100052,0.5255272912078296,0.5984836439600072
2021-2023,unweighted,PI,random_forest,Stroke,lab,total,5,0.0808054599525607,0.007882112375226263,0.07292334757733443,3.5713483891200095,0.023347559418314113,0.08171645796409939
2021-2023,unweighted,PI,xgboost,Age,lab,total,5,0.6408509194805794,0.5684519725680424,0.07239894691253695,0.9086016954542429,0.4149533958663603,0.5486067318001786
2021-2023,unweighted,PI,xgboost,AnyHealthcare,lab,total,5,0.004767658001301742,0.0012182663436404457,0.003549391657661296,0.697737344867087,0.5237724859737125,0.5984836439600072
2021-2023,unweighted,PI,xgboost,BMI,lab,total,5,0.11243139885887192,0.13732894699064346,-0.02489754813177153,-0.3978184610881126,0.7110813788550393,0.7466354477977913
2021-2023,unweighted,PI,xgboost,Diabetes_self,lab,total,5,0.005877373409727421,0.03979241140663261,-0.03391503799690519,-12.64569789075518,0.00022515841784874653,0.004434676829472289
2021-2023,unweighted,PI,xgboost,Education,lab,total,5,0.00106306128429208,0.0024204958414055715,-0.0013574345571134914,-0.6666398376306633,0.5414852016781017,0.5984836439600072
2021-2023,unweighted,PI,xgboost,GenHlth,lab,total,5,0.005936470178968503,0.06975970823044607,-0.06382323805147756,-3.045681684087005,0.03818921148526151,0.11209661563127415
2021-2023,unweighted,PI,xgboost,HeartDiseaseorAttack,lab,total,5,0.001740207769071273,0.022483062387131013,-0.02074285461805974,-5.193003979430344,0.006547517207085479,0.037243658378476784
2021-2023,unweighted,PI,xgboost,HighChol,lab,total,5,0.04115038690650478,0.11260520229866791,-0.07145481539216313,-5.290690744106734,0.006125621543554033,0.037243658378476784
2021-2023,unweighted,PI,xgboost,Income,lab,total,5,0.05810649508682553,0.003054562733984088,0.05505193235284143,1.8220649468273846,0.14253479224255156,0.2602809249646593
2021-2023,unweighted,PI,xgboost,MentHlth,lab,total,5,0.02752439664466565,0.010665649163169396,0.01685874748149625,1.2586522490732588,0.27660790085993514,0.42194351030696503
2021-2023,unweighted,PI,xgboost,PhysActivity_LTPA,lab,total,5,0.020297677322368823,0.005142429637644637,0.015155247684724187,0.8895876084695484,0.4239544413079666,0.5486067318001786
2021-2023,unweighted,PI,xgboost,Sex,lab,total,5,0.04574864526123114,0.011533709526469153,0.03421493573476199,4.066169743314148,0.01527097153215081,0.07126453381670379
2021-2023,unweighted,PI,xgboost,Smoker,lab,total,5,0.010685508101326647,0.01041365829452069,0.00027184980680595544,0.028411171470096228,0.9786952039736393,0.9786952039736393
2021-2023,unweighted,PI,xgboost,Stroke,lab,total,5,0.023819801694265126,0.005129924577602545,0.018689877116662583,2.6276619095271654,0.05832890835702271,0.1224907075497477
2021-2023,unweighted,SHAP,logistic_regression,Age,lab,total,5,0.4846500562097109,0.3429364899811855,0.14171356622852535,18.917741115860615,4.5986148819275266e-05,0.0004828545626023903
2021-2023,unweighted,SHAP,logistic_regression,AnyHealthcare,lab,total,5,0.04256550424760298,0.009514940720275786,0.033050563527327194,2.233112423302091,0.08930178564744556,0.10418541658868649
2021-2023,unweighted,SHAP,logistic_regression,BMI,lab,total,5,0.10140055818030999,0.15882129048472823,-0.05742073230441822,-5.240685111389617,0.006337300690980388,0.011090276209215679
2021-2023,unweighted,SHAP,logistic_regression,Diabetes_self,lab,total,5,0.013623470817971514,0.06210817597597772,-0.04848470515800621,-5.946018175760598,0.004013199665073967,0.008026399330147933
2021-2023,unweighted,SHAP,logistic_regression,Education,lab,total,5,0.039734703275496455,0.032516719119029196,0.007217984156467255,0.6726938974972455,0.5380039530338515,0.5649041506855441
2021-2023,unweighted,SHAP,logistic_regression,GenHlth,lab,total,5,0.013448617696409848,0.10896602258506424,-0.09551740488865441,-17.172876309091208,6.745663800907295e-05,0.0005666357592762129
2021-2023,unweighted,SHAP,logistic_regression,HeartDiseaseorAttack,lab,total,5,0.010266748015376425,0.029760492723158238,-0.019493744707781813,-1.932165113430889,0.12550251869159512,0.14246231851478364
2021-2023,unweighted,SHAP,logistic_regression,HighChol,lab,total,5,0.023497331476837628,0.1492236482895751,-0.1257263168127375,-23.157540638793492,2.060638346611766e-05,0.00028848936852564724
2021-2023,unweighted,SHAP,logistic_regression,Income,lab,total,5,0.12958336473596424,0.02744085620283601,0.10214250853312823,11.992974218135172,0.0002770622290488456,0.001359700781018173
2021-2023,unweighted,SHAP,logistic_regression,MentHlth,lab,total,5,0.03486272159138353,0.0046171247302397725,0.030245596861143764,3.3177295160970375,0.02944090936068137,0.04121727310495392
2021-2023,unweighted,SHAP,logistic_regression,PhysActivity_LTPA,lab,total,5,0.05881115355231718,0.011549837047692583,0.047261316504624604,12.056371757636102,0.00027140890681726467,0.001359700781018173
2021-2023,unweighted,SHAP,logistic_regression,Sex,lab,total,5,0.013543627181071822,0.04175557335661299,-0.02821194617554118,-3.146234758157823,0.03463922968040285,0.04693056924441676
2021-2023,unweighted,SHAP,logistic_regression,Smoker,lab,total,5,0.009088225141459435,0.010332090475207324,-0.0012438653337478876,-0.12611522290804494,0.9057256968392886,0.9057256968392886
2021-2023,unweighted,SHAP,logistic_regression,Stroke,lab,total,5,0.024923917878088092,0.010456738308417349,0.014467179569670741,4.6735422764539285,0.009493234099431102,0.015558829929668325
2021-2023,unweighted,SHAP,random_forest,Age,lab,total,5,0.2770528567048143,0.2809991934032391,-0.0039463366984248014,-0.49443056512406225,0.6469254633241038,0.6627041331612771
2021-2023,unweighted,SHAP,random_forest,AnyHealthcare,lab,total,5,0.02387242666561146,0.008046295553815568,0.015826131111795892,3.7658327761996926,0.01967527105271371,0.029512906579070564
2021-2023,unweighted,SHAP,random_forest,BMI,lab,total,5,0.11950397030180746,0.13957365272947972,-0.020069682427672264,-2.5948817189207536,0.06037258235004253,0.07457789584417018
2021-2023,unweighted,SHAP,random_forest,Diabetes_self,lab,total,5,0.03274903428754906,0.07444844552525585,-0.0416994112377068,-6.919268360583086,0.002289456525121882,0.0050609038976378445
2021-2023,unweighted,SHAP,random_forest,Education,lab,total,5,0.07077115648154811,0.04476217245554641,0.026008984026001703,6.971218790879615,0.0022262309682987372,0.0050609038976378445
2021-2023,unweighted,SHAP,random_forest,GenHlth,lab,total,5,0.05180330224489941,0.09474599175300623,-0.04294268950810683,-9.582367412324645,0.0006627783140075272,0.002319724099026345
2021-2023,unweighted,SHAP,random_forest,HeartDiseaseorAttack,lab,total,5,0.016893157383009103,0.03810693320565286,-0.02121377582264376,-7.564813413085727,0.0016367618782091712,0.004296499930299074
2021-2023,unweighted,SHAP,random_forest,HighChol,lab,total,5,0.0813069574435185,0.16876006658386222,-0.08745310914034371,-31.290657656085287,6.216431826265171e-06,0.00013054506835156858
2021-2023,unweighted,SHAP,random_forest,Income,lab,total,5,0.09476375513688527,0.036441222511478286,0.058322532625406986,10.552125970699915,0.00045627465491661194,0.0017421395914997912
2021-2023,unweighted,SHAP,random_forest,MentHlth,lab,total,5,0.039214444246363375,0.02156107872718917,0.017653365519174215,11.577021283104827,0.00031802750192188434,0.001359700781018173
2021-2023,unweighted,SHAP,random_forest,PhysActivity_LTPA,lab,total,5,0.06501026488334422,0.02609870645044256,0.03891155843290165,11.524348634670178,0.0003237382811948031,0.001359700781018173
2021-2023,unweighted,SHAP,random_forest,Sex,lab,total,5,0.05199915603265544,0.029540237814877284,0.022458918217778144,6.216063982640563,0.0034091122802462808,0.0071591357885171895
2021-2023,unweighted,SHAP,random_forest,Smoker,lab,total,5,0.04168452819513224,0.02559529095927805,0.016089237235854197,9.104628542261965,0.0008071564360550001,0.0024214693081650003
2021-2023,unweighted,SHAP,random_forest,Stroke,lab,total,5,0.03337498999286203,0.0113207123268767,0.022054277665985327,11.74097293191056,0.0003010359293410721,0.001359700781018173
2021-2023,unweighted,SHAP,xgboost,Age,lab,total,5,0.33169536802653365,0.3063725538395493,0.02532281418698439,4.654133841446745,0.00963165662312801,0.015558829929668325
2021-2023,unweighted,SHAP,xgboost,AnyHealthcare,lab,total,5,0.016983743097578587,0.007861187020562958,0.009122556077015623,1.7681695862645483,0.1517632497229886,0.16773832864119795
2021-2023,unweighted,SHAP,xgboost,BMI,lab,total,5,0.19503484594233716,0.17724212635150344,0.017792719590833717,2.7172001464827185,0.05314031258187794,0.06763312510420828
2021-2023,unweighted,SHAP,xgboost,Diabetes_self,lab,total,5,0.016707665492984046,0.049039555930287575,-0.032331890437303536,-7.054781283436055,0.0021289847938667093,0.0050609038976378445
2021-2023,unweighted,SHAP,xgboost,Education,lab,total,5,0.0488541967356359,0.04113700060353877,0.007717196132097134,2.2984185466533575,0.0830834658202697,0.09970015898432363
2021-2023,unweighted,SHAP,xgboost,GenHlth,lab,total,5,0.04441464055791457,0.0949810898897987,-0.050566449331884124,-5.836219165081553,0.004296034477021059,0.008201520365222021
2021-2023,unweighted,SHAP,xgboost,HeartDiseaseorAttack,lab,total,5,0.008384450918500402,0.026782189520447232,-0.018397738601946826,-5.245425222865481,0.006316855963812824,0.011090276209215679
2021-2023,unweighted,SHAP,xgboost,HighChol,lab,total,5,0.046447441769708976,0.1326967317037238,-0.0862492899340148,-43.601454949556484,1.6543442572207202e-06,6.948245880327025e-05
2021-2023,unweighted,SHAP,xgboost,Income,lab,total,5,0.09710523996711355,0.04351000176480711,0.05359523820230645,9.202463157035043,0.0007746342793669854,0.0024214693081650003
2021-2023,unweighted,SHAP,xgboost,MentHlth,lab,total,5,0.04057011637533712,0.028769153403841168,0.011800962971495944,4.101058239950624,0.014840190060094861,0.023084740093480896
2021-2023,unweighted,SHAP,xgboost,PhysActivity_LTPA,lab,total,5,0.05000427737474401,0.02162742531871945,0.028376852056024564,8.297818787148167,0.0011517903443150211,0.003225012964082059
2021-2023,unweighted,SHAP,xgboost,Sex,lab,total,5,0.04979505784814642,0.03880436520758573,0.01099069264056069,1.488544485511856,0.21083473264698518,0.22705278900444556
2021-2023,unweighted,SHAP,xgboost,Smoker,lab,total,5,0.037222529032363186,0.022543570460726216,0.014678958571636957,3.502158391479863,0.02484755594116963,0.03598611550100429
2021-2023,unweighted,SHAP,xgboost,Stroke,lab,total,5,0.01678042686110237,0.008633048984908617,0.00814737787619375,2.963966126573352,0.041391198861682986,0.05432594850595892
2021-2023,weighted,PI,logistic_regression,Age,lab,total,5,0.8326348374398116,0.6649804567707782,0.16765438066903332,4.318219679905247,0.012464899415523997,0.10470515509040158
2021-2023,weighted,PI,logistic_regression,AnyHealthcare,lab,total,5,0.01528464675657809,0.0012987281340507576,0.013985918622527332,0.8722102008316465,0.43232086997763736,0.7106993272025084
2021-2023,weighted,PI,logistic_regression,BMI,lab,total,5,0.055744968647493856,0.14732893974394076,-0.09158397109644688,-7.202884880515256,0.0019691678493154122,0.039698948671926346
2021-2023,weighted,PI,logistic_regression,Diabetes_self,lab,total,5,0.0035004090570386593,0.025776930957968708,-0.022276521900930046,-3.904123761417542,0.0174804057365454,0.12236284015581779
2021-2023,weighted,PI,logistic_regression,Education,lab,total,5,0.007729744539046797,0.005490671376078497,0.0022390731629682997,0.7171031771175758,0.5129554700316515,0.7106993272025084
2021-2023,weighted,PI,logistic_regression,GenHlth,lab,total,5,0.0009952442083229003,0.06522597110762934,-0.06423072689930645,-4.657556064920503,0.009607071993805958,0.10087425593496256
2021-2023,weighted,PI,logistic_regression,HeartDiseaseorAttack,lab,total,5,0.006282560047364237,0.009199664301671184,-0.0029171042543069477,-0.6901224368357031,0.5280708949841868,0.7106993272025084
2021-2023,weighted,PI,logistic_regression,HighChol,lab,total,5,1.2613352014443949e-05,0.07232361198656029,-0.07231099863454585,-6.53334120798481,0.002835639190851882,0.039698948671926346
2021-2023,weighted,PI,logistic_regression,Income,lab,total,5,0.04007748862031951,0.0038985206968671416,0.03617896792345237,2.5791521973856564,0.06138234608714048,0.19831219505076156
2021-2023,weighted,PI,logistic_regression,MentHlth,lab,total,5,0.005889994686071083,0.00040460173112621175,0.00548539295494487,1.288145535859136,0.26716056175018044,0.5343211235003609
2021-2023,weighted,PI,logistic_regression,PhysActivity_LTPA,lab,total,5,0.008046270632443366,0.0006001962320449641,0.0074460744003984015,1.127114440821799,0.32273008242321777,0.6161210664443248
2021-2023,weighted,PI,logistic_regression,Sex,lab,total,5,0.0007001535320783935,0.001625686286067045,-0.0009255327539886511,-0.34237981818819424,0.7492991523089718,0.836788979183282
2021-2023,weighted,PI,logistic_regression,Smoker,lab,total,5,0.00040451197951639077,0.0004677139716185357,-6.320199210214491e-05,-0.08719067555067622,0.9347103561649028,0.9575081697299005
2021-2023,weighted,PI,logistic_regression,Stroke,lab,total,5,0.02269655650190077,0.0013783067035983325,0.021318249798302435,3.122678529488565,0.035434807827337336,0.16792435621585486
2021-2023,weighted,PI,random_forest,Age,lab,total,5,0.5763594610997067,0.5238618943403861,0.05249756675932066,1.300038398074374,0.26343966399723934,0.5343211235003609
2021-2023,weighted,PI,random_forest,AnyHealthcare,lab,total,5,0.003095131920759533,0.0023853835181317532,0.0007097484026277797,0.14803763437030937,0.8894757915988378,0.9339495811787798
2021-2023,weighted,PI,random_forest,BMI,lab,total,5,0.11479246984328362,0.11423433688776481,0.0005581329555187864,0.011534681605041154,0.9913492285810422,0.9913492285810422
2021-2023,weighted,PI,random_forest,Diabetes_self,lab,total,5,0.026520496265136757,0.04066884352607471,-0.014148347260937949,-0.8178227741612865,0.45937459343658144,0.7106993272025084
2021-2023,weighted,PI,random_forest,Education,lab,total,5,0.012281086474916814,0.00739211624348751,0.004888970231429304,0.7198372447126052,0.5114416031891585,0.7106993272025084
2021-2023,weighted,PI,random_forest,GenHlth,lab,total,5,0.016788991899057786,0.08231064456875657,-0.06552165266969878,-3.2960981640941416,0.03004311408916166,0.16792435621585486
2021-2023,weighted,PI,random_forest,HeartDiseaseorAttack,lab,total,5,0.0024084756373447765,0.017353226898991967,-0.014944751261647191,-2.4786545435293044,0.06830957842476976,0.2040288904377137
2021-2023,weighted,PI,random_forest,HighChol,lab,total,5,0.09130169856121947,0.13713396263942607,-0.04583226407820663,-1.706415666522557,0.16312414244235912,0.4282008739111927
2021-2023,weighted,PI,random_forest,Income,lab,total,5,0.008600121632729413,0.003310026717861049,0.005290094914868364,0.6666398376306634,0.5414852016781017,0.7106993272025084
2021-2023,weighted,PI,random_forest,MentHlth,lab,total,5,0.008036403957292368,0.012915650784982535,-0.004879246827690168,-0.6912214991034495,0.5274489398405732,0.7106993272025084
2021-2023,weighted,PI,random_forest,PhysActivity_LTPA,lab,total,5,0.017655750565168295,0.010986158482130269,0.006669592083038028,0.6743569770773402,0.5370504165068127,0.7106993272025084
2021-2023,weighted,PI,random_forest,Sex,lab,total,5,0.04956977285039982,0.02964738505222029,0.01992238779817953,0.5419954904776071,0.6166025008113871,0.7847668192144927
2021-2023,weighted,PI,random_forest,Smoker,lab,total,5,0.007158965016339214,0.011544737213643094,-0.004385772197303879,-0.9108809535214397,0.41388515305066675,0.7106993272025084
2021-2023,weighted,PI,random_forest,Stroke,lab,total,5,0.06543117427664549,0.0062556331261433284,0.059175541150502164,2.7829780802513016,0.04966705311531061,0.18963783916754962
2021-2023,weighted,PI,xgboost,Age,lab,total,5,0.6575801210360657,0.5903873686531049,0.06719275238296075,0.8036878613656747,0.46662167510473235,0.7106993272025084
2021-2023,weighted,PI,xgboost,AnyHealthcare,lab,total,5,0.002982779814199346,0.0012183533148766175,0.0017644264993227285,0.34118662152702606,0.7501319119417617,0.836788979183282
2021-2023,weighted,PI,xgboost,BMI,lab,total,5,0.14454923088502,0.12441034242670221,0.020138888458317808,0.3312328907095497,0.757094790689636,0.836788979183282
2021-2023,weighted,PI,xgboost,Diabetes_self,lab,total,5,0.004259573255236942,0.034190141723401866,-0.029930568468164925,-10.868029779099004,0.0004068407392957741,0.017087311050422514
2021-2023,weighted,PI,xgboost,Education,lab,total,5,0.0023718726347043183,0.0011567731880425835,0.0012150994466617348,0.39784795214862584,0.7110613055173656,0.836788979183282
2021-2023,weighted,PI,xgboost,GenHlth,lab,total,5,0.009270759016674757,0.07819893780250105,-0.06892817878582629,-3.106783364217194,0.035983790617683184,0.16792435621585486
2021-2023,weighted,PI,xgboost,HeartDiseaseorAttack,lab,total,5,0.004169755289362671,0.013719468808526342,-0.00954971351916367,-2.4186742348465504,0.07286746087061204,0.2040288904377137
2021-2023,weighted,PI,xgboost,HighChol,lab,total,5,0.039848377320856734,0.10065164772289681,-0.060803270402040074,-2.7857930645348383,0.049524382743208056,0.18963783916754962
2021-2023,weighted,PI,xgboost,Income,lab,total,5,0.04464102709644814,0.0014380978049833158,0.04320292929146483,1.4178664323522208,0.22920759329926715,0.5066694167668011
2021-2023,weighted,PI,xgboost,MentHlth,lab,total,5,0.007034033104317386,0.015485285741930924,-0.008451252637613538,-1.494557715277827,0.20934187134482002,0.497667349870202
2021-2023,weighted,PI,xgboost,PhysActivity_LTPA,lab,total,5,0.011449814681444034,0.009587498965944125,0.0018623157154999087,0.22910473545871576,0.8300248983844936,0.893872967490993
2021-2023,weighted,PI,xgboost,Sex,lab,total,5,0.050328334021614685,0.012980049952259409,0.03734828406935528,2.672468459891612,0.05566281431107667,0.19481985008876834
2021-2023,weighted,PI,xgboost,Smoker,lab,total,5,0.008668341690182223,0.0121525290832036,-0.003484187393021377,-0.3919805814767628,0.7150605368705292,0.836788979183282
2021-2023,weighted,PI,xgboost,Stroke,lab,total,5,0.012845980153873077,0.004423504811626287,0.00842247534224679,1.4787637135976694,0.21328600708722942,0.497667349870202
2021-2023,weighted,SHAP,logistic_regression,Age,lab,total,5,0.49581849741360406,0.3548420045979751,0.14097649281562888,18.241685046231684,5.3117825083135894e-05,0.0005577371633729269
2021-2023,weighted,SHAP,logistic_regression,AnyHealthcare,lab,total,5,0.04506416671859533,0.010203187023807236,0.03486097969478811,2.35299933083379,0.07825856976573702,0.09667235088708691
2021-2023,weighted,SHAP,logistic_regression,BMI,lab,total,5,0.09993501720552425,0.15828478157594517,-0.05834976437042094,-5.4533063842357885,0.005494470351546039,0.00961532311520557
2021-2023,weighted,SHAP,logistic_regression,Diabetes_self,lab,total,5,0.012546217830552603,0.0575323271048128,-0.044986109274260194,-6.027147910683868,0.003818800408299805,0.00729043714311781
2021-2023,weighted,SHAP,logistic_regression,Education,lab,total,5,0.038342317350420305,0.031668015545554616,0.0066743018048656885,0.6421033813915888,0.5557560731978987,0.5693110993734571
2021-2023,weighted,SHAP,logistic_regression,GenHlth,lab,total,5,0.01301171510592124,0.10834877977136684,-0.09533706466544559,-15.465233389741853,0.00010202717723459365,0.0008570282887705867
2021-2023,weighted,SHAP,logistic_regression,HeartDiseaseorAttack,lab,total,5,0.009187875988508907,0.027156420539503272,-0.017968544550994368,-1.9042060631219557,0.12960864240021516,0.15121008280025103
2021-2023,weighted,SHAP,logistic_regression,HighChol,lab,total,5,0.0229933694653436,0.14681113195601414,-0.12381776249067053,-28.22543501013739,9.37482489309571e-06,0.0001968713227550099
2021-2023,weighted,SHAP,logistic_regression,Income,lab,total,5,0.12871241055639943,0.027528025636755032,0.10118438491964439,11.968685306871086,0.0002792669055364557,0.0013032455591701266
2021-2023,weighted,SHAP,logistic_regression,MentHlth,lab,total,5,0.03387196423757673,0.004524792576922847,0.02934717166065388,3.2870156620075353,0.03030030033522668,0.04242042046931735
2021-2023,weighted,SHAP,logistic_regression,PhysActivity_LTPA,lab,total,5,0.056466287332062534,0.011203830593955563,0.04526245673810697,11.048242416011623,0.0003816133543556393,0.0013356467402447375
2021-2023,weighted,SHAP,logistic_regression,Sex,lab,total,5,0.013540307836462156,0.04240568764949278,-0.02886537981303063,-3.1162689581997305,0.035654987220948585,0.04693627707929736
2021-2023,weighted,SHAP,logistic_regression,Smoker,lab,total,5,0.009032655669728586,0.010313892588976338,-0.0012812369192477528,-0.13088599643022172,0.9021842823322131,0.9021842823322131
2021-2023,weighted,SHAP,logistic_regression,Stroke,lab,total,5,0.021477197289300354,0.009177122838918255,0.012300074450382099,4.645755975338367,0.009692164766809543,0.015656573854076955
2021-2023,weighted,SHAP,random_forest,Age,lab,total,5,0.2860394876556588,0.2914736998854307,-0.005434212229771906,-0.6807755675369791,0.5333815356768956,0.5600506124607404
2021-2023,weighted,SHAP,random_forest,AnyHealthcare,lab,total,5,0.02576424690037703,0.008521556342680266,0.017242690557696765,3.4666958899544262,0.025660702715542598,0.0371637763466479
2021-2023,weighted,SHAP,random_forest,BMI,lab,total,5,0.12421485048074991,0.1370653342440075,-0.012850483763257573,-1.7244323120853389,0.15971946706189938,0.1813031788270209
2021-2023,weighted,SHAP,random_forest,Diabetes_self,lab,total,5,0.03223352984848208,0.07005399958615358,-0.03782046973767151,-6.276203617113685,0.0032901570857133476,0.006580314171426695
2021-2023,weighted,SHAP,random_forest,Education,lab,total,5,0.06885128766872595,0.0443998095333032,0.024451478135422745,6.555585716540148,0.0028000655119609094,0.006189618500124117
2021-2023,weighted,SHAP,random_forest,GenHlth,lab,total,5,0.050995033549828726,0.09552762546759941,-0.04453259191777068,-11.235944704651354,0.00035737183221288486,0.0013356467402447375
2021-2023,weighted,SHAP,random_forest,HeartDiseaseorAttack,lab,total,5,0.015320893760489302,0.035067784432166446,-0.01974689067167714,-7.456356713823134,0.0017285556179744868,0.004839955730328562
2021-2023,weighted,SHAP,random_forest,HighChol,lab,total,5,0.08420839089017815,0.17073662740644951,-0.08652823651627133,-24.520115551879442,1.6415756891835365e-05,0.0002298205964856951
2021-2023,weighted,SHAP,random_forest,Income,lab,total,5,0.09177898799243848,0.036399560212523184,0.055379427779915315,9.70177206719733,0.0006318240496775809,0.002041277698958338
2021-2023,weighted,SHAP,random_forest,MentHlth,lab,total,5,0.03769943452560428,0.021406179214172857,0.016293255311431425,14.383536688794036,0.00013577565449761274,0.0009504295814832892
2021-2023,weighted,SHAP,random_forest,PhysActivity_LTPA,lab,total,5,0.06109970175375279,0.024316090504771414,0.03678361124898137,12.891090998724955,0.00020881791863709665,0.001196649583693707
2021-2023,weighted,SHAP,random_forest,Sex,lab,total,5,0.0517812492176809,0.03020511266059652,0.021576136557084385,6.444962590122798,0.0029825909086854388,0.0062634409082394215
2021-2023,weighted,SHAP,random_forest,Smoker,lab,total,5,0.03999755061799594,0.024454560512028496,0.015542990105967444,11.198828140815706,0.00036201002651754376,0.0013356467402447375
2021-2023,weighted,SHAP,random_forest,Stroke,lab,total,5,0.03001535513803768,0.010372059998116998,0.019643295139920684,12.6062293929886,0.00022793325403689657,0.001196649583693707
2021-2023,weighted,SHAP,xgboost,Age,lab,total,5,0.3625392702031902,0.32642353378850303,0.03611573641468715,4.976756078997782,0.007614853533518842,0.012792953936311654
2021-2023,weighted,SHAP,xgboost,AnyHealthcare,lab,total,5,0.017035273192729017,0.008401364410667758,0.00863390878206126,1.6252917604276427,0.1794261056136944,0.19322811373782472
2021-2023,weighted,SHAP,xgboost,BMI,lab,total,5,0.1917451588501327,0.17232508513836464,0.0194200737117681,2.987648270158178,0.04043195076469008,0.05145884642778738
2021-2023,weighted,SHAP,xgboost,Diabetes_self,lab,total,5,0.014616105887692812,0.04382104561847082,-0.029204939730778007,-7.30983036121147,0.001862904405169181,0.0048901240635691005
2021-2023,weighted,SHAP,xgboost,Education,lab,total,5,0.045255663733185895,0.03892765353526171,0.006328010197924186,2.2530877718090685,0.08734601593137654,0.10481521911765185
2021-2023,weighted,SHAP,xgboost,GenHlth,lab,total,5,0.04220685277018788,0.09584412884665436,-0.05363727607646649,-6.698948728018057,0.002583518948319076,0.006189618500124117
2021-2023,weighted,SHAP,xgboost,HeartDiseaseorAttack,lab,total,5,0.006673132859861973,0.022706315148970174,-0.0160331822891082,-5.838571920619123,0.004289722244176709,0.007833405837192251
2021-2023,weighted,SHAP,xgboost,HighChol,lab,total,5,0.044795476785641344,0.1316942214762737,-0.08689874469063234,-49.38505469273844,1.0059650350349152e-06,4.225053147146644e-05
2021-2023,weighted,SHAP,xgboost,Income,lab,total,5,0.0927963628564181,0.043092213598930604,0.04970414925748749,8.998206163118427,0.0008444791435448189,0.002533437430634457
2021-2023,weighted,SHAP,xgboost,MentHlth,lab,total,5,0.03728306555995857,0.02865277623011179,0.008630289329846786,3.8055609095475242,0.019012521870437622,0.029575034020680745
2021-2023,weighted,SHAP,xgboost,PhysActivity_LTPA,lab,total,5,0.04425778970898199,0.019558094381921482,0.024699695327060504,6.599204577710475,0.0027318909894277054,0.006189618500124117
2021-2023,weighted,SHAP,xgboost,Sex,lab,total,5,0.050891551947311806,0.04001949069714366,0.010872061250168149,1.638213520233334,0.17671950041244458,0.19322811373782472
2021-2023,weighted,SHAP,xgboost,Smoker,lab,total,5,0.035833440750255685,0.02124625609094758,0.014587184659308102,3.504814875596997,0.02478788609369456,0.0371637763466479
2021-2023,weighted,SHAP,xgboost,Stroke,lab,total,5,0.014070854894451978,0.007287821037778695,0.006783033856673286,3.1132002039182813,0.035760973012797986,0.04693627707929736
