axis,level_1,level_2,cycle,seed,weighting,method,model,label,n_features,size_A1,size_A2,J_A,J_B,J_C,OC_A,size_ratio_A,contradiction_A,A_only_1,A_only_2,spearman,kendall_tau_b,weighted_tau,top5_order_identical,top5,top6,top7,top10,rbo_ext_p90,rbo_ext_p80,rbo_ext_p50
label,diag,measured,2017-2020,0,unweighted,SHAP,xgboost,,14,4,3,0.75,0.5,0.7142857142857143,1.0,0.75,0,HighChol,,0.6483516483516484,0.4725274725274726,0.7039451557912675,0,0.6,0.6666666666666666,0.7142857142857143,0.8,0.8862436811999954,0.8803454857513799,0.9631983887965332
label,diag,total,2017-2020,0,unweighted,SHAP,xgboost,,14,4,4,1.0,0.8,0.8333333333333334,1.0,1.0,0,,,0.9472527472527472,0.8681318681318682,0.9296143142087567,0,0.8,0.8333333333333334,0.8571428571428571,0.9,0.9597853885226264,0.9591352365747534,0.9898673713981332
label,measured,total,2017-2020,0,unweighted,SHAP,xgboost,,14,3,4,0.75,0.42857142857142855,0.5714285714285714,1.0,0.75,0,,HighChol,0.7362637362637363,0.6043956043956044,0.7829133297563392,0,0.8,0.6666666666666666,0.7142857142857143,0.8,0.9025354852009044,0.8986817436131982,0.9694927780010787
label,diag,measured,2017-2020,0,unweighted,SHAP,random_forest,,14,5,3,0.6,0.42857142857142855,0.42857142857142855,1.0,0.6,0,"Diabetes_self,HighChol",,0.5736263736263736,0.45054945054945056,0.6241979910230271,0,0.6,0.6666666666666666,0.7142857142857143,0.8,0.8054560627009046,0.7491453169465315,0.7955995488344121
label,diag,total,2017-2020,0,unweighted,SHAP,random_forest,,14,5,5,1.0,0.6,0.6666666666666666,1.0,1.0,0,,,0.8901098901098902,0.8021978021978022,0.8990353473149468,1,1.0,0.8333333333333334,0.7142857142857143,0.9,0.9549962473916545,0.9594326908274204,0.9943069598587178
label,measured,total,2017-2020,0,unweighted,SHAP,random_forest,,14,3,5,0.6,0.3333333333333333,0.5,1.0,0.6,0,,"Diabetes_self,HighChol",0.7494505494505495,0.5604395604395604,0.6849169300777304,0,0.6,0.6666666666666666,0.7142857142857143,0.9,0.8232617518418135,0.762753079590572,0.7964468894278465
label,diag,measured,2017-2020,0,unweighted,SHAP,logistic_regression,,14,4,3,0.75,0.1111111111111111,0.2222222222222222,1.0,0.75,0,HighChol,,0.16043956043956045,0.1208791208791209,0.4168825150439563,0,0.6,0.5,0.42857142857142855,0.6,0.7433998097969079,0.6961104218613715,0.7893194804327619
label,diag,total,2017-2020,0,unweighted,SHAP,logistic_regression,,14,4,4,1.0,0.4,0.625,1.0,1.0,0,,,0.8109890109890111,0.6483516483516484,0.7816872693956467,0,0.8,0.8333333333333334,0.8571428571428571,0.9,0.8609196891257096,0.8155167888828085,0.8217363352251048
label,measured,total,2017-2020,0,unweighted,SHAP,logistic_regression,,14,3,4,0.75,0.1,0.1111111111111111,1.0,0.75,0,,HighChol,0.4593406593406593,0.3406593406593407,0.6203440676200256,0,0.8,0.6666666666666666,0.5714285714285714,0.7,0.8127823019735312,0.7819384664101737,0.8413154445381008
model,xgboost,random_forest,2017-2020,0,unweighted,SHAP,,diag,14,4,5,0.8,0.5,0.6666666666666666,1.0,0.8,0,,Diabetes_self,0.8989010989010989,0.7362637362637363,0.8247479456628639,0,1.0,0.8333333333333334,0.8571428571428571,1.0,0.8858686670166189,0.8402656715268491,0.8283453945685393
model,xgboost,logistic_regression,2017-2020,0,unweighted,SHAP,,diag,14,4,4,1.0,0.4,0.625,1.0,1.0,0,,,0.8241758241758241,0.6483516483516484,0.7569735137218514,0,1.0,0.8333333333333334,0.8571428571428571,0.9,0.8793840280226264,0.8349102694636421,0.8280401144536887
model,random_forest,logistic_regression,2017-2020,0,unweighted,SHAP,,diag,14,5,4,0.8,0.14285714285714285,0.375,1.0,0.8,0,Diabetes_self,,0.8461538461538461,0.7362637362637363,0.8596740567505239,0,1.0,0.8333333333333334,0.8571428571428571,0.9,0.9271882810749599,0.9194402833396973,0.9536712853119105
model,xgboost,random_forest,2017-2020,0,unweighted,SHAP,,measured,14,3,3,1.0,1.0,1.0,1.0,1.0,0,,,0.9208791208791209,0.8021978021978022,0.8752062116540201,0,0.8,0.6666666666666666,0.8571428571428571,0.9,0.9295510078233764,0.9203159554511977,0.971441535894661
model,xgboost,logistic_regression,2017-2020,0,unweighted,SHAP,,measured,14,3,3,1.0,0.7142857142857143,0.6666666666666666,1.0,1.0,0,,,0.8373626373626375,0.7362637362637363,0.8749625882872109,1,1.0,0.8333333333333334,0.8571428571428571,0.9,0.9599731733766186,0.9654908636335156,0.9954026862352059
model,random_forest,logistic_regression,2017-2020,0,unweighted,SHAP,,measured,14,3,3,1.0,0.7142857142857143,0.6666666666666666,1.0,1.0,0,,,0.7318681318681319,0.5824175824175825,0.7798060978580772,0,0.8,0.6666666666666666,0.7142857142857143,0.8,0.8993656811999955,0.8967294857513799,0.9694483887965332
model,xgboost,random_forest,2017-2020,0,unweighted,SHAP,,total,14,4,5,0.8,0.6,0.8333333333333334,1.0,0.8,0,,Diabetes_self,0.8901098901098902,0.7142857142857144,0.8194590011940893,0,0.8,0.8333333333333334,0.8571428571428571,0.9,0.8770190540758689,0.8287368114237379,0.8226826884053449
model,xgboost,logistic_regression,2017-2020,0,unweighted,SHAP,,total,14,4,4,1.0,0.5,0.5714285714285714,1.0,1.0,0,,,0.8373626373626375,0.6923076923076924,0.8372406840650032,0,1.0,1.0,0.8571428571428571,0.9,0.9082681008249598,0.8840584664508084,0.8722368235063548
model,random_forest,logistic_regression,2017-2020,0,unweighted,SHAP,,total,14,5,4,0.8,0.4,0.7142857142857143,1.0,0.8,0,Diabetes_self,,0.8461538461538461,0.6703296703296704,0.7689998817661859,0,0.8,0.8333333333333334,0.8571428571428571,0.8,0.8683665343826266,0.8210847949036422,0.8221807394536887
label,diag,measured,2017-2020,0,unweighted,PI,xgboost,,14,4,2,0.5,0.3333333333333333,0.5555555555555556,1.0,0.5,0,"GenHlth,HighChol",,0.5193398700110928,0.3708099243547831,0.6599371863834125,0,0.6,0.8333333333333334,0.7142857142857143,0.7,0.8776431197060033,0.8754269903548397,0.9645207128483496
label,diag,total,2017-2020,0,unweighted,PI,xgboost,,14,4,3,0.75,0.6,0.8571428571428571,1.0,0.75,0,HighChol,,0.9130918616621572,0.8397918225669414,0.9341046917648224,1,1.0,1.0,1.0,0.8,0.9703626787714239,0.9792667464497928,0.9989808788758984
label,measured,total,2017-2020,0,unweighted,PI,xgboost,,14,2,3,0.6666666666666666,0.25,0.4444444444444444,1.0,0.6666666666666666,0,,GenHlth,0.5408441232768435,0.40229114064090676,0.6799681874195651,0,0.6,0.8333333333333334,0.7142857142857143,0.7,0.8804473727583364,0.8799570042308951,0.9651518837065713
label,diag,measured,2017-2020,0,unweighted,PI,random_forest,,14,4,1,0.25,0.125,0.5555555555555556,1.0,0.25,0,"BMI,GenHlth,HighChol",,0.647517369843618,0.46070323934988205,0.7160474852307892,0,1.0,0.8333333333333334,0.7142857142857143,0.8,0.8759737013992455,0.8657237997638243,0.9354219673555612
label,diag,total,2017-2020,0,unweighted,PI,random_forest,,14,4,2,0.5,0.4,0.875,1.0,0.5,0,"GenHlth,HighChol",,0.9259719384453102,0.7865665062071158,0.8827446525574211,0,0.8,1.0,0.8571428571428571,0.8,0.9317971797366187,0.9199213890735156,0.9504808112352059
label,measured,total,2017-2020,0,unweighted,PI,random_forest,,14,1,2,0.5,0.42857142857142855,0.6666666666666666,1.0,0.5,0,,BMI,0.5969162995594713,0.43333333333333335,0.7116761899814671,0,0.8,0.8333333333333334,0.7142857142857143,0.7,0.8859774965092455,0.889322111870491,0.9707409777722279
label,diag,measured,2017-2020,0,unweighted,PI,logistic_regression,,14,4,1,0.25,0.16666666666666666,0.6,1.0,0.25,0,"BMI,GenHlth,HighChol",,0.4312215614610894,0.3790234957433074,0.6380242541324812,0,0.6,0.6666666666666666,0.5714285714285714,0.7,0.8310370705242811,0.8132906057310623,0.9191244180624064
label,diag,total,2017-2020,0,unweighted,PI,logistic_regression,,14,4,2,0.5,0.5,1.0,1.0,0.5,0,"GenHlth,HighChol",,0.8906126281466826,0.7753298418327284,0.8841281463087776,0,1.0,1.0,0.8571428571428571,0.9,0.9380317043766186,0.9300185934112932,0.9561231723463169
label,measured,total,2017-2020,0,unweighted,PI,logistic_regression,,14,1,2,0.5,0.2857142857142857,0.6,1.0,0.5,0,,BMI,0.4838000456556552,0.39821274239157367,0.6754437676204956,0,0.6,0.6666666666666666,0.7142857142857143,0.7,0.8630186507060031,0.8607760534659508,0.9616995322927939
model,xgboost,random_forest,2017-2020,0,unweighted,PI,,diag,14,4,4,1.0,0.5,0.75,1.0,1.0,0,,,0.8486234471670624,0.7753298418327284,0.8782646925701244,0,1.0,0.8333333333333334,0.8571428571428571,0.9,0.9329731733766189,0.9228241969668489,0.9537360195685393
model,xgboost,logistic_regression,2017-2020,0,unweighted,PI,,diag,14,4,4,1.0,0.25,0.6666666666666666,1.0,1.0,0,,,0.8596732316353835,0.7191465199607915,0.8266850690540299,0,0.8,0.6666666666666666,0.8571428571428571,0.9,0.9072007661275279,0.8922269081620005,0.944437960856418
model,random_forest,logistic_regression,2017-2020,0,unweighted,PI,,diag,14,4,4,1.0,0.25,0.6666666666666666,1.0,1.0,0,,,0.7782705099778271,0.6590909090909091,0.8258319645656134,0,0.8,0.8333333333333334,0.7142857142857143,0.8,0.929410897147662,0.9324504087642138,0.9872633984938672
model,xgboost,random_forest,2017-2020,0,unweighted,PI,,measured,14,2,1,0.5,0.5714285714285714,0.75,1.0,0.5,0,BMI,,0.8110541799747706,0.6854365268376295,0.8244637873287068,0,0.6,0.8333333333333334,0.8571428571428571,0.9,0.9047424931266186,0.8981517134112933,0.966572391096317
model,xgboost,logistic_regression,2017-2020,0,unweighted,PI,,measured,14,2,1,0.5,0.25,0.5,1.0,0.5,0,BMI,,0.6931152846521176,0.5566907593729827,0.7347782029759398,0,0.6,0.6666666666666666,0.7142857142857143,0.9,0.8942644827369122,0.8845247111144356,0.9630785569140061
model,random_forest,logistic_regression,2017-2020,0,unweighted,PI,,measured,14,1,1,1.0,0.375,0.5,1.0,1.0,0,,,0.45004655409828387,0.3513641844631532,0.6526070885357786,0,0.6,0.6666666666666666,0.7142857142857143,0.8,0.8668882013992454,0.8646997997638244,0.9619844673555611
model,xgboost,random_forest,2017-2020,0,unweighted,PI,,total,14,3,2,0.6666666666666666,0.5,0.75,1.0,0.6666666666666666,0,GenHlth,,0.7766781377511844,0.6629935441317959,0.8436757728545485,0,0.8,0.8333333333333334,0.8571428571428571,0.8,0.9371920761849597,0.9430385954463643,0.9889902957285771
model,xgboost,logistic_regression,2017-2020,0,unweighted,PI,,total,14,3,2,0.6666666666666666,0.5,0.75,1.0,0.6666666666666666,0,GenHlth,,0.8668872132406987,0.7292928985449755,0.8703752329087913,0,0.8,0.6666666666666666,0.8571428571428571,0.8,0.9333292874349597,0.9373588087796976,0.9868744103119104
model,random_forest,logistic_regression,2017-2020,0,unweighted,PI,,total,14,2,2,1.0,0.6,0.7777777777777778,1.0,1.0,0,,,0.8314977973568283,0.6777777777777777,0.8595252952370358,1,1.0,0.8333333333333334,1.0,0.8,0.9579107446674315,0.9656730322799194,0.9961690883443812
method,SHAP,PI,2017-2020,0,unweighted,,xgboost,diag,14,4,4,1.0,0.75,0.8571428571428571,1.0,1.0,0,,,0.8184823434658374,0.6850933289361891,0.8431353098149102,0,0.8,0.8333333333333334,0.8571428571428571,0.8,0.9371967303817175,0.9417992037084908,0.9888030169158099
method,SHAP,PI,2017-2020,0,unweighted,,xgboost,measured,14,3,2,0.6666666666666666,0.42857142857142855,0.625,1.0,0.6666666666666666,0,GenHlth,,0.8189925295335059,0.6481357265881276,0.8119893599235444,0,0.8,1.0,0.8571428571428571,0.8,0.9238317882366187,0.9227740255179602,0.9753289015129836
method,SHAP,PI,2017-2020,0,unweighted,,xgboost,total,14,4,3,0.75,0.42857142857142855,0.5714285714285714,1.0,0.75,0,HighChol,,0.8549450549450549,0.6923076923076924,0.8725558966603641,1,1.0,0.8333333333333334,1.0,0.9,0.961780295360674,0.9695967785777928,0.9964540234071485
method,SHAP,PI,2017-2020,0,unweighted,,random_forest,diag,14,5,4,0.8,0.3333333333333333,0.5714285714285714,1.0,0.8,0,Diabetes_self,,0.7130312319119202,0.5587376953345927,0.7682776671142577,0,0.8,0.8333333333333334,0.8571428571428571,0.8,0.8782605919340507,0.8521151873623238,0.8632406113851427
method,SHAP,PI,2017-2020,0,unweighted,,random_forest,measured,14,3,1,0.3333333333333333,0.5714285714285714,0.8571428571428571,1.0,0.3333333333333333,0,"BMI,GenHlth",,0.7898794658716012,0.7292928985449755,0.8456097373962861,0,0.8,0.8333333333333334,0.8571428571428571,0.9,0.9307987082726266,0.9245640863525311,0.9735370762592443
method,SHAP,PI,2017-2020,0,unweighted,,random_forest,total,14,5,2,0.4,0.16666666666666666,0.75,1.0,0.4,0,"Diabetes_self,GenHlth,HighChol",,0.7546759242171565,0.5966941897186163,0.7725956404959133,0,1.0,0.8333333333333334,0.8571428571428571,0.7,0.8636781910449598,0.8251004239974753,0.8277706776730216
method,SHAP,PI,2017-2020,0,unweighted,,logistic_regression,diag,14,4,4,1.0,0.6666666666666666,0.875,1.0,1.0,0,,,0.9161237190199593,0.8045822812818135,0.8675042222215708,0,1.0,1.0,1.0,0.8,0.901532482772333,0.8585523376449442,0.8323586014137773
method,SHAP,PI,2017-2020,0,unweighted,,logistic_regression,measured,14,3,1,0.3333333333333333,0.2,0.3333333333333333,1.0,0.3333333333333333,0,"BMI,GenHlth",,0.5417098291214407,0.43096154398567754,0.6993272896070755,0,0.6,0.6666666666666666,0.7142857142857143,0.7,0.8630139965092454,0.8620154452038242,0.9618868111055612
method,SHAP,PI,2017-2020,0,unweighted,,logistic_regression,total,14,4,2,0.5,0.3333333333333333,0.75,1.0,0.5,0,"GenHlth,HighChol",,0.8976903121883377,0.7292928985449755,0.8468107407116013,0,0.8,0.8333333333333334,1.0,0.9,0.9068280993615832,0.8751650364396109,0.865248412611694
label,diag,measured,2017-2020,0,weighted,SHAP,xgboost,,14,4,3,0.75,0.42857142857142855,0.5714285714285714,1.0,0.75,0,HighChol,,0.6571428571428571,0.4945054945054945,0.712667279346719,0,0.6,0.6666666666666666,0.7142857142857143,0.8,0.8862436811999954,0.8803454857513799,0.9631983887965332
label,diag,total,2017-2020,0,weighted,SHAP,xgboost,,14,4,4,1.0,1.0,1.0,1.0,1.0,0,,,0.9428571428571428,0.8461538461538461,0.915955059071281,0,0.8,0.8333333333333334,0.8571428571428571,0.9,0.9597853885226264,0.9591352365747534,0.9898673713981332
label,measured,total,2017-2020,0,weighted,SHAP,xgboost,,14,3,4,0.75,0.42857142857142855,0.5714285714285714,1.0,0.75,0,,HighChol,0.7494505494505495,0.6483516483516484,0.8070049956904728,0,0.8,0.6666666666666666,0.7142857142857143,0.9,0.9064096900909044,0.9013660981731981,0.9695904342510787
label,diag,measured,2017-2020,0,weighted,SHAP,random_forest,,14,5,3,0.6,0.5714285714285714,0.5,1.0,0.6,0,"Diabetes_self,HighChol",,0.5824175824175825,0.4065934065934066,0.612585277205118,0,0.8,0.6666666666666666,0.5714285714285714,0.8,0.8109860484151903,0.758039488375103,0.8007334774058407
label,diag,total,2017-2020,0,weighted,SHAP,random_forest,,14,5,4,0.8,0.3333333333333333,0.5714285714285714,1.0,0.8,0,Diabetes_self,,0.8945054945054945,0.7582417582417583,0.862747216827882,0,1.0,0.8333333333333334,0.8571428571428571,0.9,0.9279963854282778,0.9172369603717783,0.9530954586862791
label,measured,total,2017-2020,0,weighted,SHAP,random_forest,,14,3,4,0.75,0.2857142857142857,0.5,1.0,0.75,0,,HighChol,0.767032967032967,0.5604395604395604,0.6800054015981194,0,0.8,0.6666666666666666,0.7142857142857143,0.9,0.8332139478409044,0.7771848217287537,0.802652500223301
label,diag,measured,2017-2020,0,weighted,SHAP,logistic_regression,,14,4,3,0.75,0.1,0.1111111111111111,1.0,0.75,0,HighChol,,0.178021978021978,0.16483516483516486,0.4417783809897883,0,0.6,0.5,0.42857142857142855,0.6,0.7433998097969079,0.6961104218613715,0.7893194804327619
label,diag,total,2017-2020,0,weighted,SHAP,logistic_regression,,14,4,4,1.0,0.3333333333333333,0.5,1.0,1.0,0,,,0.8109890109890111,0.6263736263736264,0.7701619343708453,0,0.8,0.8333333333333334,0.8571428571428571,0.9,0.8630875698249598,0.8178134033396975,0.8219330040619105
label,measured,total,2017-2020,0,weighted,SHAP,logistic_regression,,14,3,4,0.75,0.1,0.1111111111111111,1.0,0.75,0,,HighChol,0.45054945054945056,0.3186813186813187,0.6081868611574611,0,0.8,0.6666666666666666,0.5714285714285714,0.7,0.8127823019735312,0.7819384664101737,0.8413154445381008
model,xgboost,random_forest,2017-2020,0,weighted,SHAP,,diag,14,4,5,0.8,0.6666666666666666,0.8,1.0,0.8,0,,Diabetes_self,0.8813186813186813,0.6923076923076924,0.8015043332594345,0,1.0,0.8333333333333334,0.7142857142857143,1.0,0.8782766527309045,0.8327758429554204,0.8272293231399678
model,xgboost,logistic_regression,2017-2020,0,weighted,SHAP,,diag,14,4,4,1.0,0.2857142857142857,0.375,1.0,1.0,0,,,0.8549450549450549,0.6703296703296704,0.7717602901002191,0,1.0,1.0,0.8571428571428571,0.9,0.8918406163233765,0.8472645918956421,0.8306646261724387
model,random_forest,logistic_regression,2017-2020,0,weighted,SHAP,,diag,14,5,4,0.8,0.2857142857142857,0.42857142857142855,1.0,0.8,0,Diabetes_self,,0.8373626373626375,0.7142857142857144,0.8479645763352888,0,1.0,0.8333333333333334,0.7142857142857143,0.9,0.9162326438399953,0.9081392305336022,0.9520872776854222
model,xgboost,random_forest,2017-2020,0,weighted,SHAP,,measured,14,3,3,1.0,0.8333333333333334,0.8333333333333334,1.0,1.0,0,,,0.9032967032967033,0.7802197802197802,0.8568718300158824,0,0.6,0.6666666666666666,0.8571428571428571,0.9,0.9164290078233763,0.9039319554511975,0.965191535894661
model,xgboost,logistic_regression,2017-2020,0,weighted,SHAP,,measured,14,3,3,1.0,0.7142857142857143,0.6666666666666666,1.0,1.0,0,,,0.8373626373626375,0.7362637362637363,0.8749625882872109,1,1.0,0.8333333333333334,0.8571428571428571,0.9,0.9599731733766186,0.9654908636335156,0.9954026862352059
model,random_forest,logistic_regression,2017-2020,0,weighted,SHAP,,measured,14,3,3,1.0,0.625,0.5,1.0,1.0,0,,,0.7054945054945055,0.5604395604395604,0.760485996777029,0,0.6,0.6666666666666666,0.7142857142857143,0.8,0.8862436811999954,0.8803454857513799,0.9631983887965332
model,xgboost,random_forest,2017-2020,0,weighted,SHAP,,total,14,4,4,1.0,0.6,0.7142857142857143,1.0,1.0,0,,,0.8285714285714285,0.6043956043956044,0.7463738293227604,0,0.8,0.8333333333333334,0.8571428571428571,0.9,0.8690662810749599,0.8230562833396975,0.8224212853119105
model,xgboost,logistic_regression,2017-2020,0,weighted,SHAP,,total,14,4,4,1.0,0.5,0.5714285714285714,1.0,1.0,0,,,0.8109890109890111,0.6703296703296704,0.8259477464313378,0,1.0,1.0,0.8571428571428571,0.8,0.9091768649349599,0.8851023821130308,0.8723561811452437
model,random_forest,logistic_regression,2017-2020,0,weighted,SHAP,,total,14,4,4,1.0,0.75,0.8571428571428571,1.0,1.0,0,,,0.8593406593406594,0.7142857142857144,0.8129242360214775,0,0.8,0.8333333333333334,0.8571428571428571,0.8,0.8699796993817175,0.8228608072640462,0.8223533641380322
label,diag,measured,2017-2020,0,weighted,PI,xgboost,,14,3,1,0.3333333333333333,0.0,0.4166666666666667,1.0,0.3333333333333333,0,"BMI,GenHlth",,0.24160164558626146,0.15718652085716917,0.4175959502145278,0,0.4,0.5,0.5714285714285714,0.8,0.7508953103102889,0.6841255163434113,0.769752297669778
label,diag,total,2017-2020,0,weighted,PI,xgboost,,14,3,3,1.0,0.6,0.75,1.0,1.0,0,,,0.895490090834935,0.7513926833493687,0.8544005547319059,0,0.8,0.8333333333333334,0.8571428571428571,0.9,0.9046600806257097,0.8723974857716974,0.8645965782806604
label,measured,total,2017-2020,0,weighted,PI,xgboost,,14,1,3,0.3333333333333333,0.0,0.4166666666666667,1.0,0.3333333333333333,0,,"BMI,GenHlth",0.08692671206561874,0.04809860702438818,0.41081921251878917,0,0.4,0.3333333333333333,0.42857142857142855,0.7,0.766630163936908,0.7385875301991492,0.890860279043873
label,diag,measured,2017-2020,0,weighted,PI,random_forest,,14,4,1,0.25,0.5,0.5555555555555556,1.0,0.25,0,"BMI,GenHlth,HighChol",,0.4020917222987409,0.317925392228937,0.5023614391605356,0,0.4,0.5,0.5714285714285714,0.8,0.7594844556642812,0.6920394438466183,0.7704482027846284
label,diag,total,2017-2020,0,weighted,PI,random_forest,,14,4,3,0.75,0.4,0.75,1.0,0.75,0,HighChol,,0.8531987317467112,0.7386710503565985,0.8391492800510976,0,1.0,0.8333333333333334,0.7142857142857143,0.8,0.8766928088469124,0.8418027529988803,0.8528680534417838
label,measured,total,2017-2020,0,weighted,PI,random_forest,,14,1,3,0.3333333333333333,0.14285714285714285,0.45454545454545453,1.0,0.3333333333333333,0,,"BMI,GenHlth",0.3318636577831429,0.26013299085723596,0.5303515275937836,0,0.4,0.5,0.42857142857142855,0.8,0.7882986418278171,0.7578750795098562,0.8938235050539738
label,diag,measured,2017-2020,0,weighted,PI,logistic_regression,,14,4,1,0.25,0.14285714285714285,0.5,1.0,0.25,0,"BMI,GenHlth,HighChol",,0.1980204838032449,0.16396995274947151,0.39424097558975024,0,0.4,0.6666666666666666,0.5714285714285714,0.7,0.7441222092226221,0.6841944218816888,0.7719676699168887
label,diag,total,2017-2020,0,weighted,PI,logistic_regression,,14,4,2,0.5,0.4,0.875,1.0,0.5,0,"GenHlth,HighChol",,0.8618831885290478,0.7079098555864041,0.8229639003456941,0,1.0,1.0,0.8571428571428571,0.9,0.8860510698249597,0.8451200700063641,0.8307871707285771
label,measured,total,2017-2020,0,weighted,PI,logistic_regression,,14,1,2,0.5,0.2857142857142857,0.6,1.0,0.5,0,,BMI,0.38606747125573976,0.26057865332352387,0.5448526530125293,0,0.4,0.6666666666666666,0.7142857142857143,0.7,0.7967142235083364,0.7716842504531173,0.8980837413454601
model,xgboost,random_forest,2017-2020,0,weighted,PI,,diag,14,3,4,0.75,0.3333333333333333,0.625,1.0,0.75,0,,HighChol,0.7027662921852236,0.6180165405913052,0.8022223578884626,0,0.8,0.6666666666666666,0.8571428571428571,0.8,0.9299656644857097,0.9335475845450307,0.9864064741139936
model,xgboost,logistic_regression,2017-2020,0,weighted,PI,,diag,14,3,4,0.75,0.16666666666666666,0.5555555555555556,1.0,0.75,0,,HighChol,0.6993392070484582,0.5666666666666667,0.7264023109225479,0,0.8,0.6666666666666666,0.7142857142857143,0.9,0.8434861748399956,0.7971042936447132,0.8180160971298666
model,random_forest,logistic_regression,2017-2020,0,weighted,PI,,diag,14,4,4,1.0,0.4,0.625,1.0,1.0,0,,,0.7911645679317926,0.6629631980888546,0.7870500358557646,0,1.0,0.8333333333333334,0.7142857142857143,0.9,0.8670043905401545,0.8249315624078648,0.8268943079489955
model,xgboost,random_forest,2017-2020,0,weighted,PI,,measured,14,1,1,1.0,0.6,0.8,1.0,1.0,0,,,0.8535714285714285,0.7499999999999999,0.8342318236000121,0,0.8,0.8333333333333334,0.8571428571428571,0.9,0.8855737082726265,0.8562974196858644,0.9162454095925777
model,xgboost,logistic_regression,2017-2020,0,weighted,PI,,measured,14,1,1,1.0,0.3333333333333333,0.6363636363636364,1.0,1.0,0,,,0.6597506619629807,0.5353033790313106,0.6316536767193999,0,0.6,0.6666666666666666,0.7142857142857143,0.8,0.7874248816492455,0.7254042833193802,0.7803980958277833
model,random_forest,logistic_regression,2017-2020,0,weighted,PI,,measured,14,1,1,1.0,0.6666666666666666,0.7777777777777778,1.0,1.0,0,,,0.5427735942390479,0.42059551209602986,0.5395371602721846,0,0.8,0.8333333333333334,0.7142857142857143,0.8,0.7800247586999955,0.7062330590847133,0.7471176596298665
model,xgboost,random_forest,2017-2020,0,weighted,PI,,total,14,3,3,1.0,0.75,0.875,1.0,1.0,0,,,0.87621331332341,0.7792217042211552,0.8915757921827339,0,1.0,0.8333333333333334,1.0,0.8,0.9396857446674318,0.9400730322799193,0.9805440883443812
model,xgboost,logistic_regression,2017-2020,0,weighted,PI,,total,14,3,2,0.6666666666666666,0.6,0.875,1.0,0.6666666666666666,0,GenHlth,,0.7439366103848826,0.6257862187747439,0.8058975670607011,0,1.0,0.8333333333333334,0.8571428571428571,0.7,0.8934870982940506,0.8710577128023236,0.8698812363851428
model,random_forest,logistic_regression,2017-2020,0,weighted,PI,,total,14,3,2,0.6666666666666666,0.75,1.0,1.0,0.6666666666666666,0,GenHlth,,0.8972032508625875,0.7923925812916239,0.8708528464427668,0,1.0,1.0,0.8571428571428571,0.8,0.8921476071849599,0.8610169918908084,0.8570024485063548
method,SHAP,PI,2017-2020,0,weighted,,xgboost,diag,14,4,3,0.75,0.5,0.7142857142857143,1.0,0.75,0,HighChol,,0.8184823434658374,0.6850933289361891,0.8489008358452219,0,0.8,0.8333333333333334,0.8571428571428571,0.8,0.9371967303817175,0.9417992037084908,0.9888030169158099
method,SHAP,PI,2017-2020,0,weighted,,xgboost,measured,14,3,1,0.3333333333333333,0.14285714285714285,0.45454545454545453,1.0,0.3333333333333333,0,"BMI,GenHlth",,0.542148177882938,0.40883815970729953,0.6113294606841189,0,0.8,0.6666666666666666,0.7142857142857143,0.7,0.7885260848099955,0.7315644343024911,0.7858654894909778
method,SHAP,PI,2017-2020,0,weighted,,xgboost,total,14,4,3,0.75,0.2857142857142857,0.5,1.0,0.75,0,HighChol,,0.7186813186813187,0.5384615384615384,0.7592485791427017,0,0.8,0.8333333333333334,0.7142857142857143,0.7,0.8759428880092455,0.8491361420927133,0.8625595541611167
method,SHAP,PI,2017-2020,0,weighted,,random_forest,diag,14,5,4,0.8,0.2857142857142857,0.42857142857142855,1.0,0.8,0,Diabetes_self,,0.7395215563173165,0.6034367109613602,0.7720155241183067,0,1.0,0.8333333333333334,0.7142857142857143,0.8,0.8567905776483364,0.8183426921242285,0.8267078732899046
method,SHAP,PI,2017-2020,0,weighted,,random_forest,measured,14,3,1,0.3333333333333333,0.375,0.4444444444444444,1.0,0.3333333333333333,0,"BMI,GenHlth",,0.35456948342555006,0.28859164214632904,0.48218757767103737,0,0.4,0.5,0.42857142857142855,0.8,0.7464684458287261,0.6798273373716744,0.7688678942585193
method,SHAP,PI,2017-2020,0,weighted,,random_forest,total,14,4,3,0.75,0.2,0.6666666666666666,1.0,0.75,0,HighChol,,0.7423473904545558,0.5943216388127455,0.7526531758051738,0,1.0,0.8333333333333334,0.7142857142857143,0.7,0.8299084037583364,0.7863300673420063,0.8107682031510158
method,SHAP,PI,2017-2020,0,weighted,,logistic_regression,diag,14,4,4,1.0,0.4,0.625,1.0,1.0,0,,,0.7546759242171565,0.6187939745230095,0.8094174435571704,0,1.0,0.8333333333333334,0.8571428571428571,0.8,0.9185311071849598,0.9130276585574753,0.9533566151730215
method,SHAP,PI,2017-2020,0,weighted,,logistic_regression,measured,14,3,1,0.3333333333333333,0.2,0.3333333333333333,1.0,0.3333333333333333,0,"BMI,GenHlth",,0.6046470706791184,0.45425676257949793,0.6974397284768414,0,0.8,0.8333333333333334,0.7142857142857143,0.7,0.8649562077592456,0.8518983252038244,0.9295625923555613
method,SHAP,PI,2017-2020,0,weighted,,logistic_regression,total,14,4,2,0.5,0.3333333333333333,0.75,1.0,0.5,0,"GenHlth,HighChol",,0.832237691736204,0.6704852344015113,0.8236217384338467,0,0.8,0.8333333333333334,1.0,0.8,0.8950011214706741,0.8668001537955705,0.8648893532682596
label,diag,measured,2017-2020,1,unweighted,SHAP,xgboost,,14,4,4,0.6,0.3333333333333333,0.7142857142857143,0.75,1.0,1,HighChol,Sex,0.6571428571428571,0.4725274725274726,0.6654632333212692,0,0.6,0.6666666666666666,0.8571428571428571,0.8,0.8668356954857097,0.8451686476561417,0.9226477935584381
label,diag,total,2017-2020,1,unweighted,SHAP,xgboost,,14,4,4,1.0,1.0,1.0,1.0,1.0,0,,,0.9736263736263736,0.8901098901098902,0.9336379402264721,0,1.0,1.0,0.8571428571428571,0.9,0.954578276928278,0.9423736572606671,0.9568932017418347
label,measured,total,2017-2020,1,unweighted,SHAP,xgboost,,14,4,4,0.6,0.3333333333333333,0.7142857142857143,0.75,1.0,1,Sex,HighChol,0.7098901098901099,0.5384615384615384,0.7199361970687861,0,0.6,0.6666666666666666,0.8571428571428571,0.8,0.8737911993817173,0.8499541405973794,0.9228741974713655
label,diag,measured,2017-2020,1,unweighted,SHAP,random_forest,,14,5,2,0.4,0.25,0.375,1.0,0.4,0,"Diabetes_self,GenHlth,HighChol",,0.665934065934066,0.4725274725274726,0.6827808435486977,0,0.8,0.6666666666666666,0.5714285714285714,0.9,0.8332790722535313,0.7881828093079516,0.8168796806492119
label,diag,total,2017-2020,1,unweighted,SHAP,random_forest,,14,5,4,0.8,0.3333333333333333,0.5714285714285714,1.0,0.8,0,Diabetes_self,,0.8857142857142857,0.8021978021978022,0.9099136459874786,1,1.0,1.0,0.8571428571428571,0.9,0.9638359621266186,0.9711706503001822,0.9975185716518725
label,measured,total,2017-2020,1,unweighted,SHAP,random_forest,,14,2,4,0.5,0.25,0.5,1.0,0.5,0,,"GenHlth,HighChol",0.8065934065934066,0.6263736263736264,0.7514687810540193,0,0.8,0.6666666666666666,0.5714285714285714,0.9,0.8438469335551901,0.7952949931573252,0.8171614287947296
label,diag,measured,2017-2020,1,unweighted,SHAP,logistic_regression,,14,4,3,0.4,0.0,0.2727272727272727,0.6666666666666666,0.75,1,"GenHlth,HighChol",Sex,0.3362637362637363,0.23076923076923078,0.49762157025927867,0,0.6,0.5,0.5714285714285714,0.8,0.8224546871135312,0.8036206378590625,0.9165975625936564
label,diag,total,2017-2020,1,unweighted,SHAP,logistic_regression,,14,4,4,1.0,0.2857142857142857,0.375,1.0,1.0,0,,,0.7714285714285714,0.6483516483516484,0.825716662019813,0,0.8,0.8333333333333334,0.8571428571428571,0.8,0.9242625152357096,0.9317708307672532,0.9880883317528826
label,measured,total,2017-2020,1,unweighted,SHAP,logistic_regression,,14,3,4,0.4,0.14285714285714285,0.4444444444444444,0.6666666666666666,0.75,1,Sex,"GenHlth,HighChol",0.47252747252747257,0.3626373626373627,0.6130053650316372,0,0.8,0.6666666666666666,0.7142857142857143,0.8,0.8530102013992455,0.8384171330971577,0.9265678006888944
model,xgboost,random_forest,2017-2020,1,unweighted,SHAP,,diag,14,4,5,0.8,0.3333333333333333,0.5714285714285714,1.0,0.8,0,,Diabetes_self,0.8637362637362638,0.7362637362637363,0.8576332925412451,0,1.0,1.0,0.8571428571428571,0.9,0.9174166160758688,0.8912536043126267,0.8727694939609003
model,xgboost,logistic_regression,2017-2020,1,unweighted,SHAP,,diag,14,4,4,1.0,0.3333333333333333,0.5,1.0,1.0,0,,,0.8241758241758241,0.6923076923076924,0.8593583508030742,1,1.0,1.0,0.8571428571428571,0.8,0.9541815191317173,0.9638629903751574,0.9971689023324765
model,random_forest,logistic_regression,2017-2020,1,unweighted,SHAP,,diag,14,5,4,0.8,0.14285714285714285,0.375,1.0,0.8,0,Diabetes_self,,0.7054945054945055,0.5164835164835165,0.7582540627363978,0,1.0,1.0,0.8571428571428571,0.7,0.8957367220449599,0.8749614871085862,0.871824497117466
model,xgboost,random_forest,2017-2020,1,unweighted,SHAP,,measured,14,4,2,0.5,0.6666666666666666,1.0,1.0,0.5,0,"GenHlth,Sex",,0.9164835164835166,0.7802197802197802,0.8627344809256559,0,0.8,0.8333333333333334,0.8571428571428571,0.9,0.9113905845217174,0.8889163120462684,0.932531315526921
model,xgboost,logistic_regression,2017-2020,1,unweighted,SHAP,,measured,14,4,3,0.75,0.16666666666666666,0.5555555555555556,1.0,0.75,0,GenHlth,,0.6351648351648352,0.4945054945054945,0.7727192247590665,1,1.0,0.8333333333333334,0.7142857142857143,0.6,0.9162591988683362,0.931912379448673,0.9929622135676824
model,random_forest,logistic_regression,2017-2020,1,unweighted,SHAP,,measured,14,2,3,0.6666666666666666,0.2857142857142857,0.5555555555555556,1.0,0.6666666666666666,0,,Sex,0.49890109890109896,0.3626373626373627,0.6534483538485303,0,0.8,0.8333333333333334,0.7142857142857143,0.7,0.8649562077592456,0.8518983252038244,0.9295625923555613
model,xgboost,random_forest,2017-2020,1,unweighted,SHAP,,total,14,4,4,1.0,0.6,0.7142857142857143,1.0,1.0,0,,,0.9428571428571428,0.8241758241758242,0.8750970373993707,0,1.0,1.0,0.8571428571428571,0.9,0.9025976423766187,0.8574751338557378,0.8315572001240947
model,xgboost,logistic_regression,2017-2020,1,unweighted,SHAP,,total,14,4,4,1.0,0.5,0.5714285714285714,1.0,1.0,0,,,0.9252747252747253,0.8021978021978022,0.8715185114697631,0,0.8,0.8333333333333334,0.8571428571428571,1.0,0.9257040942142856,0.9083228078730159,0.9471695188492065
model,random_forest,logistic_regression,2017-2020,1,unweighted,SHAP,,total,14,4,4,1.0,0.5,0.5714285714285714,1.0,1.0,0,,,0.8593406593406594,0.7142857142857144,0.8240273824523818,0,0.8,0.8333333333333334,0.7142857142857143,0.9,0.8942591590909046,0.8616170350620871,0.8630366148066344
label,diag,measured,2017-2020,1,unweighted,PI,xgboost,,14,4,1,0.25,0.1,0.3333333333333333,1.0,0.25,0,"BMI,GenHlth,HighChol",,0.5641874153920399,0.4775519811733184,0.6687161116309084,0,0.6,0.6666666666666666,0.7142857142857143,0.8,0.8564394281476624,0.833148805208658,0.920900551271645
label,diag,total,2017-2020,1,unweighted,PI,xgboost,,14,4,2,0.5,0.42857142857142855,0.7142857142857143,1.0,0.5,0,"GenHlth,HighChol",,0.8514856637668792,0.7292928985449755,0.8822633473970443,1,1.0,0.8333333333333334,1.0,0.8,0.955738209771424,0.9646158095609039,0.9961596983203428
label,measured,total,2017-2020,1,unweighted,PI,xgboost,,14,1,2,0.5,0.375,0.5555555555555556,1.0,0.5,0,,BMI,0.5940614514097349,0.5153341372126248,0.6838122470270822,0,0.6,0.6666666666666666,0.7142857142857143,0.8,0.8592436811999955,0.8376788190847131,0.9215317221298666
label,diag,measured,2017-2020,1,unweighted,PI,random_forest,,14,3,1,0.3333333333333333,0.14285714285714285,0.6,1.0,0.3333333333333333,0,"BMI,HighChol",,0.6600664060208365,0.5745944049142231,0.7685174379829376,0,0.8,0.8333333333333334,0.7142857142857143,0.8,0.9032284699499953,0.9024092724180468,0.9715642742131999
label,diag,total,2017-2020,1,unweighted,PI,random_forest,,14,3,2,0.6666666666666666,0.6,0.875,1.0,0.6666666666666666,0,HighChol,,0.9133897171549342,0.7845469379628214,0.8893365453808464,0,0.8,1.0,0.8571428571428571,0.8,0.9453598029333765,0.939476934224531,0.9765522129779943
label,measured,total,2017-2020,1,unweighted,PI,random_forest,,14,1,2,0.5,0.3333333333333333,0.7,1.0,0.5,0,,BMI,0.8343020982176852,0.7431605356175384,0.8427457519862109,0,0.8,0.8333333333333334,0.7142857142857143,0.9,0.9150554478409043,0.9107741550620871,0.9719233335566344
label,diag,measured,2017-2020,1,unweighted,PI,logistic_regression,,14,4,1,0.25,0.2,0.7,1.0,0.25,0,"BMI,GenHlth,HighChol",,0.5963116841802262,0.49190985824841454,0.6240962679785778,0,0.6,0.6666666666666666,0.7142857142857143,0.8,0.8104328506492455,0.7547325535416024,0.7962401097166723
label,diag,total,2017-2020,1,unweighted,PI,logistic_regression,,14,4,2,0.5,0.4,0.875,1.0,0.5,0,"GenHlth,HighChol",,0.8419935764860698,0.6966731912120168,0.8045494776972772,0,0.8,1.0,0.8571428571428571,0.8,0.8674463541326265,0.8230363113480867,0.8240796109814665
label,measured,total,2017-2020,1,unweighted,PI,logistic_regression,,14,1,2,0.5,0.4,0.8,1.0,0.5,0,,BMI,0.44476778852269433,0.3553345272593507,0.6599270015356364,0,0.8,0.6666666666666666,0.5714285714285714,0.7,0.854612497972622,0.8599862085483554,0.9662710553335554
model,xgboost,random_forest,2017-2020,1,unweighted,PI,,diag,14,4,3,0.75,0.5,0.7142857142857143,1.0,0.75,0,GenHlth,,0.9384615384615385,0.8461538461538461,0.9339318507123802,1,1.0,1.0,0.8571428571428571,0.9,0.9698146733766186,0.9764135303001822,0.9980068529018725
model,xgboost,logistic_regression,2017-2020,1,unweighted,PI,,diag,14,4,4,1.0,0.6,0.7142857142857143,1.0,1.0,0,,,0.8272832288794485,0.7071931137405822,0.825491897132332,0,0.8,0.8333333333333334,0.8571428571428571,0.9,0.8910894931266187,0.8601357134112935,0.863447391096317
model,random_forest,logistic_regression,2017-2020,1,unweighted,PI,,diag,14,3,4,0.75,0.4,0.75,1.0,0.75,0,,GenHlth,0.8646869918872959,0.7292928985449755,0.8344644375137196,0,0.8,0.8333333333333334,0.8571428571428571,0.9,0.9040237082726266,0.8701640863525311,0.8641620762592443
model,xgboost,random_forest,2017-2020,1,unweighted,PI,,measured,14,1,1,1.0,0.42857142857142855,0.6,1.0,1.0,0,,,0.36903817436059283,0.28109134757052257,0.5499036553269134,0,0.6,0.6666666666666666,0.5714285714285714,0.7,0.8070271782226222,0.7843066921039109,0.9034346838057777
model,xgboost,logistic_regression,2017-2020,1,unweighted,PI,,measured,14,1,1,1.0,0.2857142857142857,0.5454545454545454,1.0,1.0,0,,,0.5356321839080461,0.4444444444444444,0.6871494971828854,0,0.6,0.6666666666666666,0.5714285714285714,0.8,0.8370838103102889,0.8170321830100777,0.9192314643364448
model,random_forest,logistic_regression,2017-2020,1,unweighted,PI,,measured,14,1,1,1.0,0.4,0.7272727272727273,1.0,1.0,0,,,0.27902886354093603,0.18739423171368175,0.4960814484095992,0,0.6,0.5,0.42857142857142855,0.7,0.7836149526869078,0.7606513168658159,0.8992261644605397
model,xgboost,random_forest,2017-2020,1,unweighted,PI,,total,14,2,2,1.0,0.8,0.875,1.0,1.0,0,,,0.9455423779800433,0.834626447693543,0.9027358687925726,0,0.8,0.8333333333333334,1.0,1.0,0.942264927448341,0.9347382694839597,0.9747508039378158
model,xgboost,logistic_regression,2017-2020,1,unweighted,PI,,total,14,2,2,1.0,0.8,0.875,1.0,1.0,0,,,0.9414416367009599,0.8427498280790525,0.9069620761886384,0,0.8,0.8333333333333334,1.0,0.9,0.9403774028083409,0.9239583984795152,0.949316776160038
model,random_forest,logistic_regression,2017-2020,1,unweighted,PI,,total,14,2,2,1.0,0.6,0.7777777777777778,1.0,1.0,0,,,0.9241278630321497,0.7978078253584684,0.8683450992402397,0,0.8,0.8333333333333334,1.0,0.9,0.9171756148599999,0.8927711618844445,0.9330512152777779
method,SHAP,PI,2017-2020,1,unweighted,,xgboost,diag,14,4,4,1.0,0.5,0.5714285714285714,1.0,1.0,0,,,0.7846153846153847,0.6483516483516484,0.8279868037671223,0,0.8,0.8333333333333334,0.7142857142857143,0.7,0.9235579763099955,0.9305677978580467,0.9875798992132
method,SHAP,PI,2017-2020,1,unweighted,,xgboost,measured,14,4,1,0.25,0.25,0.625,1.0,0.25,0,"BMI,GenHlth,Sex",,0.6451067259661969,0.5008471997671388,0.6922711849921062,0,0.6,0.6666666666666666,0.8571428571428571,0.7,0.8495847220449599,0.8320814871085862,0.9218244971174661
method,SHAP,PI,2017-2020,1,unweighted,,xgboost,total,14,4,2,0.5,0.2857142857142857,0.625,1.0,0.5,0,"GenHlth,HighChol",,0.7260730466229203,0.5745944049142231,0.7735144590534011,0,0.8,0.6666666666666666,0.8571428571428571,0.8,0.8922039842357097,0.8819097676561418,0.944034512308438
method,SHAP,PI,2017-2020,1,unweighted,,random_forest,diag,14,5,3,0.6,0.14285714285714285,0.5,1.0,0.6,0,"Diabetes_self,GenHlth",,0.8021978021978022,0.6703296703296704,0.807646254932454,0,0.8,0.8333333333333334,0.8571428571428571,0.9,0.8910894931266187,0.8601357134112935,0.863447391096317
method,SHAP,PI,2017-2020,1,unweighted,,random_forest,measured,14,2,1,0.5,0.25,0.5,1.0,0.5,0,BMI,,0.6622666273742395,0.5082950505010435,0.721005119246675,0,0.8,0.6666666666666666,0.7142857142857143,0.8,0.8637718816492455,0.84738828331938,0.9272730958277833
method,SHAP,PI,2017-2020,1,unweighted,,random_forest,total,14,4,2,0.5,0.3333333333333333,0.75,1.0,0.5,0,"GenHlth,HighChol",,0.7311562456057746,0.5798825193638245,0.7629996870494576,0,1.0,0.8333333333333334,0.7142857142857143,0.8,0.8713504699499957,0.8387932724180467,0.8528142742131999
method,SHAP,PI,2017-2020,1,unweighted,,logistic_regression,diag,14,4,4,1.0,0.4,0.625,1.0,1.0,0,,,0.9372942965495881,0.8397918225669414,0.8907753501131208,0,1.0,0.8333333333333334,0.8571428571428571,0.9,0.9229306005742857,0.8899319999796824,0.8704768105158731
method,SHAP,PI,2017-2020,1,unweighted,,logistic_regression,measured,14,3,1,0.3333333333333333,0.2,0.6363636363636364,1.0,0.3333333333333333,0,"BMI,Sex",,0.44280844953080417,0.3843711067980367,0.6191065811539918,0,0.6,0.5,0.5714285714285714,0.8,0.8282395794151904,0.8070045514862139,0.9166622968502852
method,SHAP,PI,2017-2020,1,unweighted,,logistic_regression,total,14,4,2,0.5,0.2857142857142857,0.625,1.0,0.5,0,"GenHlth,HighChol",,0.8984635027496951,0.7375337578416624,0.8543884586666668,0,0.8,0.8333333333333334,1.0,0.9,0.927443187662333,0.9139300255382776,0.9486020909971107
label,diag,measured,2017-2020,1,weighted,SHAP,xgboost,,14,4,3,0.4,0.3333333333333333,0.8571428571428571,0.6666666666666666,0.75,1,"GenHlth,HighChol",Sex,0.6571428571428571,0.4945054945054945,0.6775490793419793,0,0.6,0.6666666666666666,0.8571428571428571,0.9,0.8728777810749597,0.8501496166730305,0.9229421186452438
label,diag,total,2017-2020,1,weighted,SHAP,xgboost,,14,4,4,1.0,1.0,1.0,1.0,1.0,0,,,0.9428571428571428,0.8461538461538461,0.9040561156981877,0,0.8,0.8333333333333334,0.8571428571428571,1.0,0.9344870585166187,0.9180957017490712,0.9482889709574281
label,measured,total,2017-2020,1,weighted,SHAP,xgboost,,14,3,4,0.4,0.3333333333333333,0.8571428571428571,0.6666666666666666,0.75,1,Sex,"GenHlth,HighChol",0.7846153846153847,0.6483516483516484,0.7873613764332896,0,0.8,0.6666666666666666,0.8571428571428571,0.9,0.8939572082726264,0.8709747530191976,0.929266242925911
label,diag,measured,2017-2020,1,weighted,SHAP,random_forest,,14,5,4,0.8,0.5714285714285714,0.6,1.0,0.8,0,Diabetes_self,,0.7054945054945055,0.5384615384615384,0.7290771611201265,0,0.8,0.6666666666666666,0.5714285714285714,0.9,0.8660639645551902,0.8342333896017695,0.8586110815725073
label,diag,total,2017-2020,1,weighted,SHAP,random_forest,,14,5,4,0.8,0.5,0.6666666666666666,1.0,0.8,0,Diabetes_self,,0.8373626373626375,0.7142857142857144,0.8618768426437922,1,1.0,0.8333333333333334,0.7142857142857143,0.9,0.9437873595401545,0.9513264992967538,0.9937779885045511
label,measured,total,2017-2020,1,weighted,SHAP,random_forest,,14,4,4,1.0,0.6666666666666666,0.6666666666666666,1.0,1.0,0,,,0.8681318681318682,0.6923076923076924,0.808875466444213,0,0.8,0.8333333333333334,0.7142857142857143,1.0,0.8921546527309046,0.8590585096220871,0.8626459898066344
label,diag,measured,2017-2020,1,weighted,SHAP,logistic_regression,,14,4,3,0.4,0.0,0.2727272727272727,0.6666666666666666,0.75,1,"GenHlth,HighChol",Sex,0.26593406593406593,0.18681318681318684,0.4811243753417439,0,0.6,0.5,0.5714285714285714,0.7,0.815410678222622,0.7989840254372442,0.9164555171391111
label,diag,total,2017-2020,1,weighted,SHAP,logistic_regression,,14,4,4,1.0,0.14285714285714285,0.3333333333333333,1.0,1.0,0,,,0.745054945054945,0.6043956043956044,0.7845235679511918,0,0.8,0.8333333333333334,0.7142857142857143,0.8,0.8868615937009046,0.878323713390976,0.94486170161219
label,measured,total,2017-2020,1,weighted,SHAP,logistic_regression,,14,3,4,0.4,0.16666666666666666,0.5555555555555556,0.6666666666666666,0.75,1,Sex,"GenHlth,HighChol",0.4681318681318682,0.3626373626373627,0.6435254447898966,0,0.8,0.6666666666666666,0.5714285714285714,0.7,0.8415439822235313,0.8282429499657291,0.9253540730103231
model,xgboost,random_forest,2017-2020,1,weighted,SHAP,,diag,14,4,5,0.8,0.5,0.6666666666666666,1.0,0.8,0,,Diabetes_self,0.9164835164835166,0.8021978021978022,0.8834567129332234,0,1.0,1.0,0.8571428571428571,0.9,0.9248146733766187,0.8964135303001821,0.8730068529018725
model,xgboost,logistic_regression,2017-2020,1,weighted,SHAP,,diag,14,4,4,1.0,0.3333333333333333,0.5,1.0,1.0,0,,,0.8065934065934066,0.6703296703296704,0.8519079136497951,1,1.0,1.0,0.8571428571428571,0.8,0.9493985501317175,0.9601347201529351,0.9969518884435876
model,random_forest,logistic_regression,2017-2020,1,weighted,SHAP,,diag,14,5,4,0.8,0.125,0.25,1.0,0.8,0,Diabetes_self,,0.6879120879120879,0.5164835164835165,0.7600183790885938,0,1.0,1.0,0.8571428571428571,0.7,0.8925669180440507,0.8730092292467682,0.8717801079129206
model,xgboost,random_forest,2017-2020,1,weighted,SHAP,,measured,14,3,4,0.4,0.25,0.5714285714285714,0.6666666666666666,0.75,1,Sex,"GenHlth,HighChol",0.9032967032967033,0.7582417582417583,0.83569760477725,0,0.8,0.8333333333333334,0.8571428571428571,0.9,0.9113905845217174,0.8889163120462684,0.932531315526921
model,xgboost,logistic_regression,2017-2020,1,weighted,SHAP,,measured,14,3,3,1.0,0.4,0.6666666666666666,1.0,1.0,0,,,0.6835164835164835,0.5384615384615384,0.7955309981684591,1,1.0,0.8333333333333334,0.8571428571428571,0.7,0.9277254180440506,0.9420865625801016,0.994175941246254
model,random_forest,logistic_regression,2017-2020,1,weighted,SHAP,,measured,14,4,3,0.4,0.125,0.3333333333333333,0.6666666666666666,0.75,1,"GenHlth,HighChol",Sex,0.4813186813186813,0.38461538461538464,0.6368524228642531,0,0.8,0.8333333333333334,0.7142857142857143,0.7,0.8649562077592456,0.8518983252038244,0.9295625923555613
model,xgboost,random_forest,2017-2020,1,weighted,SHAP,,total,14,4,4,1.0,0.6,0.7142857142857143,1.0,1.0,0,,,0.9120879120879121,0.7582417582417583,0.8409354086901788,0,0.8,1.0,0.8571428571428571,0.9,0.8894756423766188,0.8410911338557379,0.8253072001240948
model,xgboost,logistic_regression,2017-2020,1,weighted,SHAP,,total,14,4,4,1.0,0.6,0.7142857142857143,1.0,1.0,0,,,0.9648351648351648,0.8681318681318682,0.938187283280406,1,1.0,1.0,0.8571428571428571,0.9,0.9793852655733766,0.9826306790067532,0.9982536018668832
model,random_forest,logistic_regression,2017-2020,1,weighted,SHAP,,total,14,4,4,1.0,0.6,0.7142857142857143,1.0,1.0,0,,,0.9384615384615385,0.8021978021978022,0.8618138852714476,0,0.8,1.0,1.0,0.9,0.897067656662333,0.8485809624271665,0.8264232715526661
label,diag,measured,2017-2020,1,weighted,PI,xgboost,,14,3,1,0.3333333333333333,0.3333333333333333,0.45454545454545453,1.0,0.3333333333333333,0,"BMI,HighChol",,0.1572471042478079,0.10023520220651762,0.26488802554702595,0,0.2,0.5,0.5714285714285714,0.8,0.7033099905602891,0.608445999898967,0.7069159261420002
label,diag,total,2017-2020,1,weighted,PI,xgboost,,14,3,2,0.6666666666666666,0.5,0.75,1.0,0.6666666666666666,0,HighChol,,0.8338838929396569,0.6408937593274027,0.8161619171572513,0,0.8,1.0,0.8571428571428571,0.8,0.9046174834340506,0.8889852175845459,0.9347466877740317
label,measured,total,2017-2020,1,weighted,PI,xgboost,,14,1,2,0.5,0.2857142857142857,0.45454545454545453,1.0,0.5,0,,BMI,0.30779171207729544,0.21417986803856212,0.361761599186063,0,0.4,0.5,0.5714285714285714,0.9,0.7416963452544403,0.6563060040586585,0.7291202504093129
label,diag,measured,2017-2020,1,weighted,PI,random_forest,,14,3,2,0.6666666666666666,0.2222222222222222,0.3333333333333333,1.0,0.6666666666666666,0,BMI,,0.4290431639135438,0.3535965568702911,0.5702182548401581,0,0.6,0.6666666666666666,0.5714285714285714,0.7,0.7668101472226221,0.7080349623261334,0.7786516976946666
label,diag,total,2017-2020,1,weighted,PI,random_forest,,14,3,2,0.6666666666666666,0.5,0.75,1.0,0.6666666666666666,0,HighChol,,0.8030807939920179,0.6187939745230095,0.7889202891647205,0,0.8,1.0,0.8571428571428571,0.8,0.8970256071849598,0.8819663252241419,0.9340857818396882
label,measured,total,2017-2020,1,weighted,PI,random_forest,,14,2,2,0.3333333333333333,0.25,0.5555555555555556,0.5,1.0,1,HighChol,BMI,0.4702643171806168,0.36666666666666664,0.5192265002721604,0,0.4,0.6666666666666666,0.5714285714285714,0.8,0.7288839246642813,0.6384237140688404,0.7159777166735173
label,diag,measured,2017-2020,1,weighted,PI,logistic_regression,,14,3,1,0.3333333333333333,0.5,0.8,1.0,0.3333333333333333,0,"BMI,HighChol",,0.3533551460526388,0.35247760980938353,0.5529686159688307,0,0.6,0.6666666666666666,0.7142857142857143,0.7,0.7936290848099956,0.7407804343024912,0.7952404894909778
label,diag,total,2017-2020,1,weighted,PI,logistic_regression,,14,3,3,0.5,0.4,0.875,0.6666666666666666,1.0,1,HighChol,GenHlth,0.9089449983366621,0.7845469379628214,0.8540912346003142,0,1.0,1.0,0.8571428571428571,0.9,0.8962015083775279,0.8519708512731115,0.8311675615508624
label,measured,total,2017-2020,1,weighted,PI,logistic_regression,,14,1,3,0.3333333333333333,0.16666666666666666,0.7,1.0,0.3333333333333333,0,,"BMI,GenHlth",0.38539325842696626,0.2705882352941177,0.6038512547144709,0,0.6,0.6666666666666666,0.5714285714285714,0.7,0.854230894170289,0.8517716151167445,0.9603121935031115
model,xgboost,random_forest,2017-2020,1,weighted,PI,,diag,14,3,3,1.0,0.5,0.625,1.0,1.0,0,,,0.8901098901098902,0.7802197802197802,0.9013519028915027,1,1.0,1.0,0.8571428571428571,0.8,0.9659404684866189,0.9737291757401823,0.9979091966518725
model,xgboost,logistic_regression,2017-2020,1,weighted,PI,,diag,14,3,3,1.0,0.4,0.6666666666666666,1.0,1.0,0,,,0.8197802197802198,0.6483516483516484,0.8164646198933874,0,1.0,0.8333333333333334,0.7142857142857143,0.8,0.8977220618992454,0.8719327668749355,0.8691242243000056
model,random_forest,logistic_regression,2017-2020,1,weighted,PI,,diag,14,3,3,1.0,0.6,0.75,1.0,1.0,0,,,0.8945054945054945,0.7362637362637363,0.8522022180295865,0,1.0,0.8333333333333334,0.8571428571428571,0.9,0.9183367963258688,0.8893020878681823,0.8708706224331226
model,xgboost,random_forest,2017-2020,1,weighted,PI,,measured,14,1,2,0.5,0.0,0.15384615384615385,1.0,0.5,0,,HighChol,-0.20911039980823895,-0.13858697343671664,0.19485446350254226,0,0.2,0.3333333333333333,0.2857142857142857,0.6,0.6350765532611937,0.5495486501788317,0.6999113083097459
model,xgboost,logistic_regression,2017-2020,1,weighted,PI,,measured,14,1,1,1.0,0.16666666666666666,0.5833333333333334,1.0,1.0,0,,,0.17798967499976484,0.11667667023938959,0.3278642633191252,0,0.4,0.3333333333333333,0.5714285714285714,0.7,0.7187687507742813,0.6357657559532849,0.7260797132012952
model,random_forest,logistic_regression,2017-2020,1,weighted,PI,,measured,14,2,1,0.5,0.2857142857142857,0.45454545454545453,1.0,0.5,0,HighChol,,0.14238755809581827,0.09146591207600471,0.3433978213504593,0,0.6,0.6666666666666666,0.5714285714285714,0.7,0.7108234669726221,0.6307971454372444,0.720654735889111
model,xgboost,random_forest,2017-2020,1,weighted,PI,,total,14,2,2,1.0,0.8,0.875,1.0,1.0,0,,,0.8623348017621145,0.7444444444444445,0.8859016163320842,0,0.8,1.0,1.0,0.8,0.952457709771424,0.9591544762275706,0.9925138649870094
model,xgboost,logistic_regression,2017-2020,1,weighted,PI,,total,14,2,3,0.6666666666666666,0.8,1.0,1.0,0.6666666666666666,0,,GenHlth,0.8843602241107463,0.7545937746270389,0.8725659328367297,0,0.8,0.8333333333333334,1.0,0.9,0.9336030993615831,0.9295650364396109,0.974623412611694
model,random_forest,logistic_regression,2017-2020,1,weighted,PI,,total,14,2,3,0.6666666666666666,0.6,0.875,1.0,0.6666666666666666,0,,GenHlth,0.927743933218066,0.8117599696745419,0.8860229861480804,0,0.8,0.8333333333333334,1.0,0.9,0.939581810611583,0.934807916439611,0.975111693861694
method,SHAP,PI,2017-2020,1,weighted,,xgboost,diag,14,4,3,0.75,0.6,0.8571428571428571,1.0,0.75,0,GenHlth,,0.8241758241758241,0.6703296703296704,0.8592346024747433,1,1.0,0.8333333333333334,0.8571428571428571,0.8,0.9503140761849598,0.9594225954463642,0.9952402957285771
method,SHAP,PI,2017-2020,1,weighted,,xgboost,measured,14,3,1,0.3333333333333333,0.14285714285714285,0.45454545454545453,1.0,0.3333333333333333,0,"BMI,Sex",,0.06806217945054371,0.07517640165488822,0.2958563482160929,0,0.4,0.5,0.5714285714285714,0.6,0.7081894733326222,0.6316490042105779,0.7278161942224443
method,SHAP,PI,2017-2020,1,weighted,,xgboost,total,14,4,2,0.5,0.2857142857142857,0.625,1.0,0.5,0,"GenHlth,HighChol",,0.8558861064736847,0.7292928985449755,0.8679852624086579,0,1.0,1.0,0.8571428571428571,0.8,0.9451050343826264,0.9454581282369754,0.982076572787022
method,SHAP,PI,2017-2020,1,weighted,,random_forest,diag,14,5,3,0.6,0.25,0.42857142857142855,1.0,0.6,0,"Diabetes_self,GenHlth",,0.7582417582417583,0.6043956043956044,0.788301798079623,0,1.0,0.8333333333333334,0.8571428571428571,0.8,0.8945523959349597,0.8704514452241419,0.8695350005896881
method,SHAP,PI,2017-2020,1,weighted,,random_forest,measured,14,4,2,0.5,0.5,0.6666666666666666,1.0,0.5,0,"BMI,GenHlth",,0.7414745960967397,0.6187939745230095,0.7139125722699837,0,0.6,0.8333333333333334,0.8571428571428571,0.8,0.8128158231326266,0.7482579149036422,0.7841924582036888
method,SHAP,PI,2017-2020,1,weighted,,random_forest,total,14,4,2,0.5,0.3333333333333333,0.75,1.0,0.5,0,"GenHlth,HighChol",,0.7524757028637538,0.5745944049142231,0.731228299636879,0,0.8,1.0,0.8571428571428571,0.8,0.8520256071849597,0.8019663252241418,0.8090857818396882
method,SHAP,PI,2017-2020,1,weighted,,logistic_regression,diag,14,4,3,0.75,0.4,0.75,1.0,0.75,0,GenHlth,,0.8417582417582418,0.6923076923076924,0.8216499702708593,0,1.0,0.8333333333333334,0.7142857142857143,0.9,0.8992345671416544,0.8704615406051981,0.8686016647198288
method,SHAP,PI,2017-2020,1,weighted,,logistic_regression,measured,14,3,1,0.3333333333333333,0.2,0.6363636363636364,1.0,0.3333333333333333,0,"BMI,Sex",,0.6644854633316918,0.5344015374529363,0.7042047495377675,0,0.8,0.6666666666666666,0.7142857142857143,0.8,0.8745335618992456,0.856359433541602,0.9279783909666722
method,SHAP,PI,2017-2020,1,weighted,,logistic_regression,total,14,4,3,0.75,0.3333333333333333,0.625,1.0,0.75,0,HighChol,,0.833384778426035,0.7163254650964891,0.8669478346713625,0,0.8,0.8333333333333334,0.8571428571428571,0.8,0.9381939994866186,0.9426942388512936,0.9888380160963169
label,diag,measured,2017-2020,2,unweighted,SHAP,xgboost,,14,4,2,0.5,0.5,0.625,1.0,0.5,0,"GenHlth,HighChol",,0.5428571428571429,0.38461538461538464,0.642816567097952,0,0.6,0.6666666666666666,0.7142857142857143,0.7,0.8467756767592456,0.8283199287593799,0.9209254395777834
label,diag,total,2017-2020,2,unweighted,SHAP,xgboost,,14,4,4,1.0,0.8,0.8333333333333334,1.0,1.0,0,,,0.9252747252747253,0.8021978021978022,0.893171449074543,0,1.0,0.8333333333333334,0.8571428571428571,0.9,0.9389518846266187,0.9280670769668489,0.9542243008185393
label,measured,total,2017-2020,2,unweighted,SHAP,xgboost,,14,2,4,0.5,0.42857142857142855,0.5,1.0,0.5,0,,"GenHlth,HighChol",0.6835164835164835,0.5824175824175825,0.7639212109821029,0,0.6,0.6666666666666666,0.7142857142857143,0.8,0.8872204738460032,0.8798880986926176,0.9629365114594606
label,diag,measured,2017-2020,2,unweighted,SHAP,random_forest,,14,5,3,0.6,0.3333333333333333,0.3333333333333333,1.0,0.6,0,"Diabetes_self,HighChol",,0.6747252747252748,0.5164835164835165,0.6988156726962411,0,0.8,0.6666666666666666,0.5714285714285714,0.8,0.83518975966519,0.7888823683751031,0.8168467586558407
label,diag,total,2017-2020,2,unweighted,SHAP,random_forest,,14,5,5,1.0,0.5,0.5,1.0,1.0,0,,,0.8373626373626375,0.7362637362637363,0.8729065278654649,1,1.0,0.8333333333333334,0.7142857142857143,0.8,0.9485069542009044,0.9553166805020872,0.9941889585566344
label,measured,total,2017-2020,2,unweighted,SHAP,random_forest,,14,3,5,0.6,0.5714285714285714,0.8,1.0,0.6,0,,"Diabetes_self,HighChol",0.8593406593406594,0.6923076923076924,0.7735098354317921,0,0.8,0.6666666666666666,0.7142857142857143,1.0,0.8632705799285714,0.8099103126349207,0.8184492807539683
label,diag,measured,2017-2020,2,unweighted,SHAP,logistic_regression,,14,4,3,0.75,0.2857142857142857,0.3333333333333333,1.0,0.75,0,HighChol,,0.2351648351648352,0.16483516483516486,0.39997475140208166,0,0.6,0.5,0.42857142857142855,0.7,0.7659884679378168,0.7134464547276339,0.7903838349150851
label,diag,total,2017-2020,2,unweighted,SHAP,logistic_regression,,14,4,4,1.0,0.42857142857142855,0.42857142857142855,1.0,1.0,0,,,0.8593406593406594,0.7142857142857144,0.8206366782561189,0,1.0,0.8333333333333334,0.8571428571428571,0.9,0.8800204003757097,0.8371436688828084,0.8284746164751048
label,measured,total,2017-2020,2,unweighted,SHAP,logistic_regression,,14,3,4,0.75,0.125,0.2,1.0,0.75,0,,HighChol,0.3186813186813187,0.23076923076923078,0.5380488689698211,0,0.6,0.6666666666666666,0.5714285714285714,0.6,0.7985950043326222,0.7661607339883555,0.8354116803335554
model,xgboost,random_forest,2017-2020,2,unweighted,SHAP,,diag,14,4,5,0.8,0.2857142857142857,0.42857142857142855,1.0,0.8,0,,Diabetes_self,0.7978021978021977,0.6483516483516484,0.8183507151044978,0,1.0,1.0,0.8571428571428571,0.8,0.9103726071849598,0.8866169918908084,0.8726274485063548
model,xgboost,logistic_regression,2017-2020,2,unweighted,SHAP,,diag,14,4,4,1.0,0.2857142857142857,0.375,1.0,1.0,0,,,0.8725274725274725,0.7582417582417583,0.85661822800403,0,1.0,1.0,0.8571428571428571,0.9,0.9162255280226266,0.8884996027969754,0.872310947787022
model,random_forest,logistic_regression,2017-2020,2,unweighted,SHAP,,diag,14,5,4,0.8,0.25,0.2857142857142857,1.0,0.8,0,Diabetes_self,,0.7846153846153847,0.6703296703296704,0.8557158827664139,1,1.0,1.0,0.8571428571428571,0.8,0.9446109269349598,0.9576458416685865,0.9969221533674659
model,xgboost,random_forest,2017-2020,2,unweighted,SHAP,,measured,14,2,3,0.6666666666666666,0.5,0.5714285714285714,1.0,0.6666666666666666,0,,GenHlth,0.8857142857142857,0.7362637362637363,0.8404284672623962,0,0.8,0.6666666666666666,0.8571428571428571,0.9,0.9257401772726264,0.9173696899080865,0.9711499234814664
model,xgboost,logistic_regression,2017-2020,2,unweighted,SHAP,,measured,14,2,3,0.6666666666666666,0.2857142857142857,0.5555555555555556,1.0,0.6666666666666666,0,,GenHlth,0.5296703296703297,0.4065934065934066,0.6542618760154667,0,0.6,0.8333333333333334,0.7142857142857143,0.7,0.8199027235083365,0.7872575837864507,0.8392295746787936
model,random_forest,logistic_regression,2017-2020,2,unweighted,SHAP,,measured,14,3,3,1.0,0.2222222222222222,0.2222222222222222,1.0,1.0,0,,,0.3626373626373627,0.23076923076923078,0.5487054710350461,0,0.6,0.6666666666666666,0.7142857142857143,0.6,0.8061870186183364,0.7736505625597839,0.8365277517621268
model,xgboost,random_forest,2017-2020,2,unweighted,SHAP,,total,14,4,5,0.8,0.8,1.0,1.0,0.8,0,,Diabetes_self,0.9296703296703297,0.8021978021978022,0.859140658783581,0,1.0,0.8333333333333334,0.8571428571428571,0.9,0.8949286772726266,0.8476096899080865,0.8289624234814665
model,xgboost,logistic_regression,2017-2020,2,unweighted,SHAP,,total,14,4,4,1.0,0.6666666666666666,0.6666666666666666,1.0,1.0,0,,,0.9604395604395607,0.8901098901098902,0.9507200019116984,1,1.0,1.0,1.0,0.9,0.9821943108590907,0.9863922373559597,0.9991526594065657
model,random_forest,logistic_regression,2017-2020,2,unweighted,SHAP,,total,14,5,4,0.8,0.5,0.6666666666666666,1.0,0.8,0,Diabetes_self,,0.9032967032967033,0.7802197802197802,0.8477219377031877,0,1.0,0.8333333333333334,0.8571428571428571,0.8,0.8862715033826265,0.8411970651258645,0.8286477533425777
label,diag,measured,2017-2020,2,unweighted,PI,xgboost,,14,4,1,0.25,0.14285714285714285,0.5,1.0,0.25,0,"BMI,GenHlth,HighChol",,0.5223331399746932,0.3931226965534482,0.6384936207719623,0,0.6,0.6666666666666666,0.7142857142857143,0.7,0.8446077960599956,0.8260233143024909,0.9207287707409778
label,diag,total,2017-2020,2,unweighted,PI,xgboost,,14,4,2,0.5,0.3333333333333333,0.75,1.0,0.5,0,"GenHlth,HighChol",,0.8464134902733982,0.6966731912120168,0.8368880582032956,0,0.8,1.0,0.8571428571428571,0.8,0.9198444114333766,0.9081962373356423,0.9493169699224387
label,measured,total,2017-2020,2,unweighted,PI,xgboost,,14,1,2,0.5,0.3333333333333333,0.7,1.0,0.5,0,,BMI,0.7731199443483884,0.640261384532033,0.7865323979308091,0,0.8,0.6666666666666666,0.7142857142857143,0.9,0.8782139478409043,0.8571848217287537,0.927652500223301
label,diag,measured,2017-2020,2,unweighted,PI,random_forest,,14,4,1,0.25,0.1,0.3333333333333333,1.0,0.25,0,"BMI,GenHlth,HighChol",,0.5491424093108519,0.44020438924006655,0.6688481710170564,0,0.6,0.6666666666666666,0.5714285714285714,0.8,0.8322961871135313,0.8145433045257291,0.9192017292603231
label,diag,total,2017-2020,2,unweighted,PI,random_forest,,14,4,2,0.5,0.2857142857142857,0.625,1.0,0.5,0,"GenHlth,HighChol",,0.9426140434253557,0.8492812969085809,0.889668034254708,0,1.0,1.0,1.0,0.9,0.9113853989123328,0.8664795722049443,0.8329445389137773
label,measured,total,2017-2020,2,unweighted,PI,random_forest,,14,1,2,0.5,0.25,0.5,1.0,0.5,0,,BMI,0.6153496196224062,0.4809860702438818,0.6303989769631955,0,0.6,0.6666666666666666,0.5714285714285714,0.8,0.7872961871135313,0.7345433045257294,0.7942017292603231
label,diag,measured,2017-2020,2,unweighted,PI,logistic_regression,,14,4,1,0.25,0.14285714285714285,0.5,1.0,0.25,0,"BMI,GenHlth,HighChol",,0.3671446553419301,0.2681606092615964,0.5138367326503002,0,0.6,0.6666666666666666,0.5714285714285714,0.7,0.762027178222622,0.7043066921039111,0.7784346838057777
label,diag,total,2017-2020,2,unweighted,PI,logistic_regression,,14,4,3,0.75,0.4,0.75,1.0,0.75,0,HighChol,,0.78107858045799,0.6187939745230095,0.8037060356904794,0,0.8,1.0,0.8571428571428571,0.7,0.9054023452417175,0.8983996989262684,0.9489375655269211
label,measured,total,2017-2020,2,unweighted,PI,logistic_regression,,14,1,3,0.3333333333333333,0.2857142857142857,0.6666666666666666,1.0,0.3333333333333333,0,,"BMI,GenHlth",0.5088118069738014,0.3666893025074554,0.6041892792418033,0,0.8,0.6666666666666666,0.7142857142857143,0.7,0.7811280275092456,0.7264045083149356,0.7856281305500056
model,xgboost,random_forest,2017-2020,2,unweighted,PI,,diag,14,4,4,1.0,0.5,0.5714285714285714,1.0,1.0,0,,,0.911308203991131,0.7954545454545454,0.877113073284162,0,1.0,1.0,0.8571428571428571,0.9,0.9188359621266187,0.8911706503001822,0.8725185716518725
model,xgboost,logistic_regression,2017-2020,2,unweighted,PI,,diag,14,4,4,1.0,0.4,0.625,1.0,1.0,0,,,0.8022143524001136,0.674199862463242,0.8381182491044447,1,1.0,0.8333333333333334,0.7142857142857143,0.8,0.9399178088469122,0.9474027529988804,0.9934930534417838
model,random_forest,logistic_regression,2017-2020,2,unweighted,PI,,diag,14,4,4,1.0,0.3333333333333333,0.5,1.0,1.0,0,,,0.667406981886596,0.5056498968474316,0.7354927875539801,0,1.0,0.8333333333333334,0.7142857142857143,0.7,0.8749395848099955,0.8527377676358243,0.8676363228243111
model,xgboost,random_forest,2017-2020,2,unweighted,PI,,measured,14,1,1,1.0,0.42857142857142855,0.6,1.0,1.0,0,,,0.4788127371312978,0.33592900621057165,0.49615134661400295,0,0.6,0.6666666666666666,0.7142857142857143,0.8,0.7683823088469122,0.6871787529988803,0.7388055534417838
model,xgboost,logistic_regression,2017-2020,2,unweighted,PI,,measured,14,1,1,1.0,0.5,0.7,1.0,1.0,0,,,0.7561547281901094,0.6208537285707786,0.7445908064724817,0,0.8,0.6666666666666666,0.8571428571428571,0.8,0.8323426071849598,0.7801209918908086,0.8038774485063548
model,random_forest,logistic_regression,2017-2020,2,unweighted,PI,,measured,14,1,1,1.0,0.375,0.5,1.0,1.0,0,,,0.3759846388474094,0.2918162298514785,0.48294744336361195,0,0.6,0.6666666666666666,0.7142857142857143,0.7,0.7426191925083363,0.6691298540086729,0.7378840885676824
model,xgboost,random_forest,2017-2020,2,unweighted,PI,,total,14,2,2,1.0,1.0,1.0,1.0,1.0,0,,,0.9086914189553517,0.795592252958155,0.899544130178409,0,0.8,1.0,0.8571428571428571,0.9,0.9588652082726266,0.9610867530191978,0.991766242925911
model,xgboost,logistic_regression,2017-2020,2,unweighted,PI,,total,14,2,3,0.6666666666666666,0.6,0.875,1.0,0.6666666666666666,0,,GenHlth,0.8976903121883377,0.795592252958155,0.882379000979165,0,0.8,0.8333333333333334,0.8571428571428571,0.9,0.9500256315742857,0.9498197297574604,0.9890097966269842
model,random_forest,logistic_regression,2017-2020,2,unweighted,PI,,total,14,2,3,0.6666666666666666,0.6,0.875,1.0,0.6666666666666666,0,,GenHlth,0.9164835164835166,0.8241758241758242,0.9038237183070519,0,0.8,0.8333333333333334,0.8571428571428571,1.0,0.9528979131626265,0.9528484409125311,0.9892597325092444
method,SHAP,PI,2017-2020,2,unweighted,,xgboost,diag,14,4,4,1.0,0.6,0.7142857142857143,1.0,1.0,0,,,0.7969172591956755,0.6481357265881276,0.8440554675694674,1,1.0,0.8333333333333334,0.8571428571428571,0.7,0.9464445254917173,0.9554988491484906,0.9949553606658099
method,SHAP,PI,2017-2020,2,unweighted,,xgboost,measured,14,2,1,0.5,0.5,0.7777777777777778,1.0,0.5,0,BMI,,0.8244953407894906,0.6935849741410449,0.8354833473089478,0,0.8,1.0,0.8571428571428571,0.8,0.9092718959349597,0.902323445224142,0.9492225005896882
method,SHAP,PI,2017-2020,2,unweighted,,xgboost,total,14,4,2,0.5,0.2857142857142857,0.625,1.0,0.5,0,"GenHlth,HighChol",,0.9174923043689629,0.795592252958155,0.904743038724279,0,0.8,1.0,0.8571428571428571,0.9,0.9566926733766188,0.9600295303001822,0.9917568529018725
method,SHAP,PI,2017-2020,2,unweighted,,random_forest,diag,14,5,4,0.8,0.42857142857142855,0.5,1.0,0.8,0,Diabetes_self,,0.8366527458037701,0.7151842500282787,0.8632562449900327,1,1.0,0.8333333333333334,0.7142857142857143,0.8,0.9399131546501545,0.9486421447367539,0.9936803322545511
method,SHAP,PI,2017-2020,2,unweighted,,random_forest,measured,14,3,1,0.3333333333333333,0.18181818181818182,0.2222222222222222,1.0,0.3333333333333333,0,"BMI,GenHlth",,0.4986848218501285,0.33669024917071727,0.5679889023053926,0,0.6,0.6666666666666666,0.7142857142857143,0.7,0.7878441925083364,0.7373965206753396,0.7951757552343491
method,SHAP,PI,2017-2020,2,unweighted,,random_forest,total,14,5,2,0.4,0.14285714285714285,0.625,1.0,0.4,0,"Diabetes_self,GenHlth,HighChol",,0.832967032967033,0.6703296703296704,0.8095748250339783,0,1.0,0.8333333333333334,1.0,0.8,0.8859060904706739,0.8442457573511262,0.8296897004904819
method,SHAP,PI,2017-2020,2,unweighted,,logistic_regression,diag,14,4,4,1.0,0.3333333333333333,0.5,1.0,1.0,0,,,0.9328938538427825,0.8397918225669414,0.8881241864165118,0,1.0,0.8333333333333334,0.8571428571428571,0.9,0.9229306005742857,0.8899319999796824,0.8704768105158731
method,SHAP,PI,2017-2020,2,unweighted,,logistic_regression,measured,14,3,1,0.3333333333333333,0.2857142857142857,0.6666666666666666,1.0,0.3333333333333333,0,"BMI,GenHlth",,0.5792965594550208,0.4333600847815382,0.5738327488873943,0,0.6,0.6666666666666666,0.8571428571428571,0.8,0.8009956071849598,0.7381369918908086,0.7820024485063548
method,SHAP,PI,2017-2020,2,unweighted,,logistic_regression,total,14,4,3,0.75,0.5,0.7142857142857143,1.0,0.75,0,HighChol,,0.9164835164835166,0.8021978021978022,0.8985164577727047,0,0.8,0.8333333333333334,0.8571428571428571,0.9,0.9500209773775277,0.9510591214953339,0.9891970754397513
label,diag,measured,2017-2020,2,weighted,SHAP,xgboost,,14,4,3,0.75,0.5,0.5,1.0,0.75,0,HighChol,,0.6175824175824175,0.4725274725274726,0.7046209463970166,0,0.6,0.6666666666666666,0.7142857142857143,0.8,0.8808196856501544,0.8756232078478647,0.9627341516989955
label,diag,total,2017-2020,2,weighted,SHAP,xgboost,,14,4,4,1.0,0.8,0.8333333333333334,1.0,1.0,0,,,0.9428571428571428,0.8241758241758242,0.9154370229657859,0,0.8,0.8333333333333334,1.0,0.9,0.9576129916632421,0.9585489500667626,0.9903131468683227
label,measured,total,2017-2020,2,weighted,SHAP,xgboost,,14,3,4,0.75,0.6666666666666666,0.5714285714285714,1.0,0.75,0,,HighChol,0.7362637362637363,0.6043956043956044,0.7735913714656312,0,0.8,0.6666666666666666,0.7142857142857143,0.8,0.9035122778469122,0.8982243565544359,0.9692309006640061
label,diag,measured,2017-2020,2,weighted,SHAP,random_forest,,14,5,3,0.6,0.625,0.75,1.0,0.6,0,"Diabetes_self,HighChol",,0.7626373626373627,0.5824175824175825,0.7380894531695951,0,0.8,0.8333333333333334,0.7142857142857143,0.9,0.8564974788409045,0.8099792181731982,0.8206646530010788
label,diag,total,2017-2020,2,weighted,SHAP,random_forest,,14,5,4,0.8,0.2857142857142857,0.42857142857142855,1.0,0.8,0,Diabetes_self,,0.8945054945054945,0.7802197802197802,0.9062759703263982,1,1.0,0.8333333333333334,1.0,0.9,0.9601671303615831,0.9678207662173888,0.9962813987228051
label,measured,total,2017-2020,2,weighted,SHAP,random_forest,,14,3,4,0.75,0.42857142857142855,0.5714285714285714,1.0,0.75,0,,HighChol,0.8769230769230769,0.7142857142857144,0.7900153677698563,0,0.8,0.6666666666666666,0.7142857142857143,1.0,0.8634643988769124,0.8117692790077691,0.8188728277473395
label,diag,measured,2017-2020,2,weighted,SHAP,logistic_regression,,14,4,3,0.75,0.2857142857142857,0.3333333333333333,1.0,0.75,0,HighChol,,0.24835164835164836,0.18681318681318684,0.4173976625943072,0,0.6,0.5,0.5714285714285714,0.7,0.7735804822235313,0.7209362832990626,0.7914999063436565
label,diag,total,2017-2020,2,weighted,SHAP,logistic_regression,,14,4,4,1.0,0.2857142857142857,0.375,1.0,1.0,0,,,0.7758241758241758,0.6043956043956044,0.7588919738803714,0,0.8,0.8333333333333334,0.8571428571428571,0.8,0.8570454842357096,0.8128324343228086,0.8216386789751048
label,measured,total,2017-2020,2,weighted,SHAP,logistic_regression,,14,3,4,0.75,0.14285714285714285,0.3,1.0,0.75,0,,HighChol,0.2923076923076923,0.18681318681318684,0.5211992046757303,0,0.6,0.6666666666666666,0.5714285714285714,0.6,0.7926162930826222,0.7609178539883555,0.8349233990835554
model,xgboost,random_forest,2017-2020,2,weighted,SHAP,,diag,14,4,5,0.8,0.42857142857142855,0.5,1.0,0.8,0,,Diabetes_self,0.7978021978021977,0.6703296703296704,0.7993713322324875,0,1.0,0.8333333333333334,0.8571428571428571,0.7,0.8722719905957097,0.8317749597628086,0.8282793039751049
model,xgboost,logistic_regression,2017-2020,2,weighted,SHAP,,diag,14,4,4,1.0,0.2857142857142857,0.375,1.0,1.0,0,,,0.7934065934065934,0.6483516483516484,0.7829459572996711,0,1.0,0.8333333333333334,0.7142857142857143,0.9,0.868622209736003,0.8254681830303954,0.8268796538205717
model,random_forest,logistic_regression,2017-2020,2,weighted,SHAP,,diag,14,5,4,0.8,0.1,0.0,1.0,0.8,0,Diabetes_self,,0.6835164835164835,0.5824175824175825,0.8107574257695489,1,1.0,0.8333333333333334,0.7142857142857143,0.7,0.9201334037583362,0.9345967340086729,0.9930598698176825
model,xgboost,random_forest,2017-2020,2,weighted,SHAP,,measured,14,3,3,1.0,0.7142857142857143,0.6666666666666666,1.0,1.0,0,,,0.8461538461538461,0.6483516483516484,0.7920449060034613,0,0.6,0.6666666666666666,0.8571428571428571,0.9,0.9094483732717173,0.8990334320462683,0.964855534276921
model,xgboost,logistic_regression,2017-2020,2,weighted,SHAP,,measured,14,3,3,1.0,0.2857142857142857,0.4444444444444444,1.0,1.0,0,,,0.5252747252747253,0.4065934065934066,0.6551451830487243,0,0.6,0.8333333333333334,0.7142857142857143,0.7,0.8199027235083365,0.7872575837864507,0.8392295746787936
model,random_forest,logistic_regression,2017-2020,2,weighted,SHAP,,measured,14,3,3,1.0,0.2222222222222222,0.2222222222222222,1.0,1.0,0,,,0.3142857142857143,0.14285714285714285,0.5004289176144028,0,0.6,0.6666666666666666,0.7142857142857143,0.6,0.8061870186183364,0.7736505625597839,0.8365277517621268
model,xgboost,random_forest,2017-2020,2,weighted,SHAP,,total,14,4,4,1.0,0.6,0.7142857142857143,1.0,1.0,0,,,0.8989010989010989,0.7582417582417583,0.830627599658599,0,0.8,0.8333333333333334,0.8571428571428571,0.9,0.8770237082726264,0.8274974196858644,0.8224954095925777
model,xgboost,logistic_regression,2017-2020,2,weighted,SHAP,,total,14,4,4,1.0,0.8,0.8333333333333334,1.0,1.0,0,,,0.9252747252747253,0.8241758241758242,0.9200572669187106,1,1.0,1.0,0.8571428571428571,0.9,0.9719872082726264,0.9774707530191977,0.998016242925911
model,random_forest,logistic_regression,2017-2020,2,weighted,SHAP,,total,14,4,4,1.0,0.75,0.8571428571428571,1.0,1.0,0,,,0.8681318681318682,0.7142857142857144,0.8100054823463655,0,0.8,0.8333333333333334,0.8571428571428571,0.9,0.8722407392726266,0.8237691494636421,0.8222783957036888
label,diag,measured,2017-2020,2,weighted,PI,xgboost,,14,4,2,0.5,0.25,0.5,1.0,0.5,0,"BMI,HighChol",,0.5873107530982605,0.4450613003199941,0.6348552290310857,0,0.6,0.6666666666666666,0.8571428571428571,0.8,0.8158569842357097,0.7599257676561421,0.7971595123084381
label,diag,total,2017-2020,2,weighted,PI,xgboost,,14,4,3,0.75,0.6666666666666666,0.8333333333333334,1.0,0.75,0,HighChol,,0.9193420677643176,0.7753298418327284,0.8967254152325626,0,0.8,1.0,0.8571428571428571,0.9,0.9583058383757099,0.9618055426605863,0.9919294775862159
label,measured,total,2017-2020,2,weighted,PI,xgboost,,14,2,3,0.6666666666666666,0.25,0.4444444444444444,1.0,0.6666666666666666,0,,BMI,0.7066615117137224,0.5803797278569395,0.6954110781113669,0,0.8,0.6666666666666666,0.7142857142857143,0.9,0.8304096947885713,0.7726548078526984,0.8020213293650793
label,diag,measured,2017-2020,2,weighted,PI,random_forest,,14,4,2,0.5,0.1111111111111111,0.3333333333333333,1.0,0.5,0,"BMI,GenHlth",,0.7189937588714218,0.5606119105813882,0.7118602478534084,0,0.8,0.8333333333333334,0.7142857142857143,0.8,0.8420554126492457,0.8001826797638245,0.8202852486055612
label,diag,total,2017-2020,2,weighted,PI,random_forest,,14,4,3,0.75,0.5,0.7142857142857143,1.0,0.75,0,HighChol,,0.9779344759658842,0.9386793281621157,0.9770037094740225,1,1.0,1.0,1.0,0.9,0.9903409028083408,0.9939317318128487,0.9998376094933712
label,measured,total,2017-2020,2,weighted,PI,random_forest,,14,2,3,0.25,0.125,0.5555555555555556,0.5,0.6666666666666666,1,HighChol,"BMI,GenHlth",0.7064384832625401,0.5512936121358469,0.7114438276128334,0,0.8,0.8333333333333334,0.7142857142857143,0.8,0.8420554126492457,0.8001826797638245,0.8202852486055612
label,diag,measured,2017-2020,2,weighted,PI,logistic_regression,,14,4,1,0.25,0.14285714285714285,0.5,1.0,0.25,0,"BMI,GenHlth,HighChol",,0.4574610769884946,0.32586326685723366,0.6166223812071978,0,0.6,0.6666666666666666,0.5714285714285714,0.7,0.8120351472226222,0.7763016289927999,0.8359433643613332
label,diag,total,2017-2020,2,weighted,PI,logistic_regression,,14,4,3,0.75,0.3333333333333333,0.625,1.0,0.75,0,HighChol,,0.8986784140969164,0.7999999999999999,0.8905620627984496,0,0.8,0.8333333333333334,0.8571428571428571,0.9,0.9440469203242856,0.9445768497574605,0.9885215153769842
label,measured,total,2017-2020,2,weighted,PI,logistic_regression,,14,1,3,0.3333333333333333,0.3333333333333333,0.7777777777777778,1.0,0.3333333333333333,0,,"BMI,GenHlth",0.5325996113730782,0.37080992435478316,0.6442565963456582,0,0.8,0.6666666666666666,0.7142857142857143,0.8,0.8318403973983364,0.7991315419020062,0.8431900781510157
model,xgboost,random_forest,2017-2020,2,weighted,PI,,diag,14,4,4,1.0,0.6666666666666666,0.6666666666666666,1.0,1.0,0,,,0.755805257633165,0.64048986934008,0.8255991854297051,1,1.0,0.8333333333333334,0.7142857142857143,0.9,0.9432326438399954,0.9508058972002689,0.9937539443520889
model,xgboost,logistic_regression,2017-2020,2,weighted,PI,,diag,14,4,4,1.0,0.125,0.2222222222222222,1.0,1.0,0,,,0.7015418502202643,0.5888888888888889,0.8032104838710966,1,1.0,0.8333333333333334,0.7142857142857143,0.8,0.9259863245960032,0.9364793449148399,0.9927433690983495
model,random_forest,logistic_regression,2017-2020,2,weighted,PI,,diag,14,4,4,1.0,0.125,0.2222222222222222,1.0,1.0,0,,,0.6983463783978952,0.5281232255962063,0.7700537230770221,1,1.0,0.8333333333333334,0.7142857142857143,0.8,0.9243685054001545,0.9359427242923093,0.9927580232267733
model,xgboost,random_forest,2017-2020,2,weighted,PI,,measured,14,2,2,0.3333333333333333,0.1111111111111111,0.4,0.5,1.0,1,GenHlth,HighChol,0.482464075484119,0.4116898543262912,0.6249251028336124,0,0.6,0.5,0.5714285714285714,0.8,0.7774546871135313,0.7236206378590625,0.7915975625936564
model,xgboost,logistic_regression,2017-2020,2,weighted,PI,,measured,14,2,1,0.5,0.2857142857142857,0.6,1.0,0.5,0,GenHlth,,0.7743926470217469,0.627757664824853,0.7368788387133431,0,0.6,0.6666666666666666,0.7142857142857143,0.9,0.8470607667892454,0.817059788101602,0.9062010472166723
model,random_forest,logistic_regression,2017-2020,2,weighted,PI,,measured,14,2,1,0.5,0.5,0.6,1.0,0.5,0,HighChol,,0.46439924753334455,0.3694942137922785,0.6104234823936114,0,0.8,0.6666666666666666,0.5714285714285714,0.7,0.787395466972622,0.7410478121039111,0.7998214025557777
model,xgboost,random_forest,2017-2020,2,weighted,PI,,total,14,3,3,1.0,0.5,0.625,1.0,1.0,0,,,0.8763882324118647,0.759883265655046,0.8747417499380635,0,0.8,0.8333333333333334,0.8571428571428571,0.9,0.9490237082726265,0.9501640863525311,0.9891620762592443
model,xgboost,logistic_regression,2017-2020,2,weighted,PI,,total,14,3,3,1.0,0.5,0.625,1.0,1.0,0,,,0.8530433609543908,0.7303831843351789,0.8870612163855842,1,1.0,1.0,0.8571428571428571,0.8,0.9601555761849598,0.9703452621130308,0.9978444623952437
model,random_forest,logistic_regression,2017-2020,2,weighted,PI,,total,14,3,3,1.0,0.3333333333333333,0.5555555555555556,1.0,1.0,0,,,0.7964801299318095,0.6850933289361891,0.8344467938537226,0,0.8,0.8333333333333334,0.7142857142857143,0.9,0.9332804478409045,0.9363741550620872,0.9875483335566344
method,SHAP,PI,2017-2020,2,weighted,,xgboost,diag,14,4,4,1.0,0.5,0.5714285714285714,1.0,1.0,0,,,0.7788783591045872,0.7071931137405822,0.8697797350377363,1,1.0,0.8333333333333334,0.8571428571428571,0.8,0.9455311071849597,0.9556943252241419,0.9950232818396881
method,SHAP,PI,2017-2020,2,weighted,,xgboost,measured,14,3,2,0.6666666666666666,0.42857142857142855,0.625,1.0,0.6666666666666666,0,BMI,,0.7664856918274326,0.6173232927362409,0.7235030268913464,0,0.8,0.8333333333333334,0.8571428571428571,0.9,0.8448625698249599,0.7922134033396976,0.8063080040619105
method,SHAP,PI,2017-2020,2,weighted,,xgboost,total,14,4,3,0.75,0.42857142857142855,0.5714285714285714,1.0,0.75,0,HighChol,,0.9249538271550916,0.8269317890951973,0.9240069066177077,1,1.0,1.0,0.8571428571428571,0.9,0.9671995850758688,0.9749818745348489,0.9979865078497893
method,SHAP,PI,2017-2020,2,weighted,,random_forest,diag,14,5,4,0.8,0.375,0.3333333333333333,1.0,0.8,0,Diabetes_self,,0.7571817725875808,0.6034367109613602,0.7694708017190419,0,1.0,0.8333333333333334,0.8571428571428571,0.8,0.8675523959349598,0.8277847785574752,0.8278683339230215
method,SHAP,PI,2017-2020,2,weighted,,random_forest,measured,14,3,2,0.25,0.09090909090909091,0.2222222222222222,0.5,0.6666666666666666,1,"BMI,GenHlth",HighChol,0.5233746902576293,0.3508232077228117,0.6103634173788945,0,0.8,0.6666666666666666,0.5714285714285714,0.7,0.800837497972622,0.7629195418816889,0.8152293886668888
method,SHAP,PI,2017-2020,2,weighted,,random_forest,total,14,4,3,0.75,0.4,0.75,1.0,0.75,0,HighChol,,0.8109890109890111,0.6703296703296704,0.803875837032708,0,1.0,0.8333333333333334,0.8571428571428571,0.8,0.8723353649349597,0.8315130487796976,0.8280853478119105
method,SHAP,PI,2017-2020,2,weighted,,logistic_regression,diag,14,4,4,1.0,0.5,0.5714285714285714,1.0,1.0,0,,,0.7832788018113928,0.6408937593274027,0.7757424438952645,0,1.0,0.8333333333333334,0.7142857142857143,0.9,0.8696194788409044,0.8263632181731981,0.8269146530010788
method,SHAP,PI,2017-2020,2,weighted,,logistic_regression,measured,14,3,1,0.3333333333333333,0.14285714285714285,0.6,1.0,0.3333333333333333,0,"BMI,GenHlth",,0.5849946639525042,0.44699015626767424,0.6976496473808754,0,0.6,0.8333333333333334,0.8571428571428571,0.7,0.8880393870440506,0.8874468328023237,0.9662679551351429
method,SHAP,PI,2017-2020,2,weighted,,logistic_regression,total,14,4,3,0.75,0.3333333333333333,0.625,1.0,0.75,0,HighChol,,0.8184823434658374,0.7071931137405822,0.8743089209072499,1,1.0,1.0,0.8571428571428571,0.8,0.9541768649349598,0.9651023821130309,0.9973561811452437
label,diag,measured,2017-2020,3,unweighted,SHAP,xgboost,,14,4,3,0.4,0.3333333333333333,0.625,0.6666666666666666,0.75,1,"GenHlth,HighChol",Sex,0.6263736263736264,0.42857142857142855,0.6615914533955589,0,0.8,0.6666666666666666,0.7142857142857143,0.7,0.8658763880092455,0.8499468087593798,0.9276637208277834
label,diag,total,2017-2020,3,unweighted,SHAP,xgboost,,14,4,4,1.0,0.8,0.8333333333333334,1.0,1.0,0,,,0.8813186813186813,0.7362637362637363,0.8583287121921777,0,0.8,0.8333333333333334,0.8571428571428571,0.9,0.9226600806257097,0.9097308191050308,0.9479299116139938
label,measured,total,2017-2020,3,unweighted,SHAP,xgboost,,14,3,4,0.4,0.2857142857142857,0.5,0.6666666666666666,0.75,1,Sex,"GenHlth,HighChol",0.7978021978021977,0.6483516483516484,0.796901880180238,0,0.8,0.8333333333333334,0.7142857142857143,0.8,0.8891626850960033,0.8697709786926175,0.9306122927094607
label,diag,measured,2017-2020,3,unweighted,SHAP,random_forest,,14,5,4,0.8,0.25,0.2857142857142857,1.0,0.8,0,Diabetes_self,,0.6,0.42857142857142855,0.6645617415204002,0,0.8,0.6666666666666666,0.7142857142857143,0.8,0.8262352013992456,0.7840171330971578,0.8171928006888944
label,diag,total,2017-2020,3,unweighted,SHAP,random_forest,,14,5,5,1.0,0.3333333333333333,0.42857142857142855,1.0,1.0,0,,,0.8813186813186813,0.7582417582417583,0.8704047765147862,1,1.0,0.8333333333333334,0.7142857142857143,0.9,0.949576906038571,0.9534710211860318,0.9936554439484127
label,measured,total,2017-2020,3,unweighted,SHAP,random_forest,,14,4,5,0.8,0.42857142857142855,0.5,1.0,0.8,0,,Diabetes_self,0.7406593406593407,0.5824175824175825,0.7508945494211763,0,0.8,0.8333333333333334,0.7142857142857143,0.8,0.8468383816492455,0.8039109499860468,0.82050226249445
label,diag,measured,2017-2020,3,unweighted,SHAP,logistic_regression,,14,4,3,0.75,0.2222222222222222,0.1111111111111111,1.0,0.75,0,HighChol,,0.22637362637362637,0.1208791208791209,0.3825796097286275,0,0.6,0.5,0.5714285714285714,0.7,0.7628188019735311,0.7119651330768403,0.7907946112047676
label,diag,total,2017-2020,3,unweighted,SHAP,logistic_regression,,14,4,4,1.0,0.3333333333333333,0.5,1.0,1.0,0,,,0.7626373626373627,0.6043956043956044,0.7544564661587054,0,1.0,0.8333333333333334,0.7142857142857143,0.8,0.8631348398469123,0.8210078161099914,0.8266093728862284
label,measured,total,2017-2020,3,unweighted,SHAP,logistic_regression,,14,3,4,0.75,0.125,0.2,1.0,0.75,0,,HighChol,0.3406593406593406,0.2087912087912088,0.5441746409936261,0,0.6,0.6666666666666666,0.5714285714285714,0.6,0.7985950043326222,0.7661607339883555,0.8354116803335554
model,xgboost,random_forest,2017-2020,3,unweighted,SHAP,,diag,14,4,5,0.8,0.14285714285714285,0.375,1.0,0.8,0,,Diabetes_self,0.8417582417582418,0.6923076923076924,0.8204958611928459,0,0.8,0.8333333333333334,0.8571428571428571,0.9,0.8879196891257097,0.8581834555494752,0.8634030018917714
model,xgboost,logistic_regression,2017-2020,3,unweighted,SHAP,,diag,14,4,4,1.0,0.2857142857142857,0.375,1.0,1.0,0,,,0.8285714285714285,0.6923076923076924,0.8185783201200536,0,0.8,0.8333333333333334,0.8571428571428571,0.8,0.8893878231326264,0.8585085815703088,0.8633591248703554
model,random_forest,logistic_regression,2017-2020,3,unweighted,SHAP,,diag,14,5,4,0.8,0.5,0.6666666666666666,1.0,0.8,0,Diabetes_self,,0.9164835164835166,0.8241758241758242,0.9302088313765888,1,1.0,1.0,1.0,0.8,0.9795111940223331,0.9864618843116111,0.9995135493304439
model,xgboost,random_forest,2017-2020,3,unweighted,SHAP,,measured,14,3,4,0.4,0.42857142857142855,0.5714285714285714,0.6666666666666666,0.75,1,Sex,"GenHlth,HighChol",0.9120879120879121,0.7802197802197802,0.8545275049205552,0,0.8,0.8333333333333334,0.8571428571428571,0.9,0.9097774195226265,0.8871402996858644,0.9323586908425777
model,xgboost,logistic_regression,2017-2020,3,unweighted,SHAP,,measured,14,3,3,0.5,0.25,0.5,0.6666666666666666,1.0,1,Sex,GenHlth,0.6043956043956044,0.42857142857142855,0.6779285304495399,0,0.8,0.8333333333333334,0.7142857142857143,0.8,0.8329068973983365,0.7929875419020064,0.8197525781510158
model,random_forest,logistic_regression,2017-2020,3,unweighted,SHAP,,measured,14,4,3,0.75,0.3333333333333333,0.125,1.0,0.75,0,HighChol,,0.4461538461538462,0.2967032967032967,0.603068341442186,0,0.8,0.6666666666666666,0.5714285714285714,0.7,0.8203741782226222,0.7889573587705777,0.8419763504724443
model,xgboost,random_forest,2017-2020,3,unweighted,SHAP,,total,14,4,5,0.8,0.5,0.6666666666666666,1.0,0.8,0,,Diabetes_self,0.8857142857142857,0.7142857142857144,0.8154278911925918,0,0.8,0.8333333333333334,0.8571428571428571,0.9,0.8748511733766187,0.8264401969668489,0.8224860195685393
model,xgboost,logistic_regression,2017-2020,3,unweighted,SHAP,,total,14,4,4,1.0,0.3333333333333333,0.5,1.0,1.0,0,,,0.8725274725274725,0.7362637362637363,0.8654253013403093,0,0.8,0.8333333333333334,0.8571428571428571,0.9,0.9387045814273687,0.9415673691766269,0.9884677361484003
model,random_forest,logistic_regression,2017-2020,3,unweighted,SHAP,,total,14,5,4,0.8,0.16666666666666666,0.5,1.0,0.8,0,Diabetes_self,,0.9164835164835166,0.7582417582417583,0.843486593723209,0,1.0,1.0,0.8571428571428571,1.0,0.895710167016619,0.8511883381935157,0.8309495612352059
label,diag,measured,2017-2020,3,unweighted,PI,xgboost,,14,4,2,0.5,0.2857142857142857,0.4444444444444444,1.0,0.5,0,"GenHlth,HighChol",,0.48089106068697407,0.40271246422726414,0.6290287741674497,0,0.6,0.6666666666666666,0.7142857142857143,0.7,0.8436058727583364,0.8263676708975616,0.920881050373238
label,diag,total,2017-2020,3,unweighted,PI,xgboost,,14,4,3,0.75,0.75,1.0,1.0,0.75,0,HighChol,,0.9653498585408189,0.8784104611578832,0.9241470512111787,0,0.8,1.0,1.0,0.9,0.9362827643606741,0.925197048800015,0.9513585372960374
label,measured,total,2017-2020,3,unweighted,PI,xgboost,,14,2,3,0.6666666666666666,0.25,0.4444444444444444,1.0,0.6666666666666666,0,,GenHlth,0.5745887923526984,0.4831765680986568,0.704165445781807,0,0.8,0.6666666666666666,0.7142857142857143,0.8,0.8907718816492454,0.8900549499860466,0.9689397624944499
label,diag,measured,2017-2020,3,unweighted,PI,random_forest,,14,4,2,0.5,0.0,0.3,1.0,0.5,0,"GenHlth,HighChol",,0.3105726872246696,0.25555555555555554,0.5014534214215106,0,0.6,0.5,0.42857142857142855,0.7,0.7389884679378169,0.6707797880609673,0.7487171682484184
label,diag,total,2017-2020,3,unweighted,PI,random_forest,,14,4,2,0.5,0.4,0.875,1.0,0.5,0,"GenHlth,HighChol",,0.8464134902733982,0.7079098555864041,0.7919064701070835,0,0.8,1.0,0.8571428571428571,0.8,0.8829910033826265,0.8357357317925311,0.8250019200092443
label,measured,total,2017-2020,3,unweighted,PI,random_forest,,14,2,2,1.0,0.25,0.4,1.0,1.0,0,,,0.5436493958413994,0.43822991060110733,0.6274955259120543,0,0.6,0.5,0.5714285714285714,0.9,0.8368967533051903,0.8134171762684361,0.9169769669891741
label,diag,measured,2017-2020,3,unweighted,PI,logistic_regression,,14,4,1,0.25,0.0,0.6363636363636364,1.0,0.25,0,"BMI,GenHlth,HighChol",,0.36002222428004704,0.2615156459876071,0.5480947794284674,0,0.6,0.5,0.5714285714285714,0.7,0.8233634512235313,0.8046645535212846,0.9167169202325454
label,diag,total,2017-2020,3,unweighted,PI,logistic_regression,,14,4,2,0.5,0.3333333333333333,1.0,1.0,0.5,0,"GenHlth,HighChol",,0.9099454884560887,0.7660270136365395,0.862292439954655,0,1.0,0.8333333333333334,0.7142857142857143,1.0,0.9232766527309044,0.9127758429554205,0.9522293231399678
label,measured,total,2017-2020,3,unweighted,PI,logistic_regression,,14,1,2,0.5,0.16666666666666666,0.6363636363636364,1.0,0.5,0,,BMI,0.37183740872507126,0.26519741765271837,0.5967753762416652,0,0.6,0.6666666666666666,0.5714285714285714,0.7,0.852252178222622,0.8525733587705775,0.9607263504724444
model,xgboost,random_forest,2017-2020,3,unweighted,PI,,diag,14,4,4,1.0,0.5,0.75,1.0,1.0,0,,,0.906843806508042,0.7847133453010423,0.8479035575901698,0,1.0,0.8333333333333334,0.8571428571428571,1.0,0.8940199131626265,0.8465657742458643,0.8288430658425777
model,xgboost,logistic_regression,2017-2020,3,unweighted,PI,,diag,14,4,4,1.0,0.3333333333333333,0.7777777777777778,1.0,1.0,0,,,0.9000581151325955,0.771308294466333,0.8807440517443544,0,0.8,0.6666666666666666,0.8571428571428571,0.8,0.9333292874349597,0.9373588087796976,0.9868744103119104
model,random_forest,logistic_regression,2017-2020,3,unweighted,PI,,diag,14,4,4,1.0,0.3333333333333333,0.7777777777777778,1.0,1.0,0,,,0.7909183891103656,0.640261384532033,0.7789865857330113,0,0.8,0.8333333333333334,0.7142857142857143,0.8,0.8554321811999954,0.8105854857513801,0.8210108887965333
model,xgboost,random_forest,2017-2020,3,unweighted,PI,,measured,14,2,2,1.0,0.3333333333333333,0.3333333333333333,1.0,1.0,0,,,0.34696323230528336,0.2359699518621347,0.5494331126323816,0,0.6,0.5,0.42857142857142855,0.7,0.8078186639369078,0.7914941968658157,0.9153394457105397
model,xgboost,logistic_regression,2017-2020,3,unweighted,PI,,measured,14,2,1,0.5,0.25,0.5,1.0,0.5,0,BMI,,0.6159000424254666,0.4693396640810579,0.6822057303360132,0,0.6,0.6666666666666666,0.5714285714285714,0.9,0.881330129554281,0.8740254019621736,0.9619087062568508
model,random_forest,logistic_regression,2017-2020,3,unweighted,PI,,measured,14,2,1,0.5,0.25,0.5,1.0,0.5,0,BMI,,0.09680973954972272,0.0,0.3874481574308819,0,0.6,0.5,0.5714285714285714,0.6,0.788528504332622,0.7669714006550222,0.9005158470002221
model,xgboost,random_forest,2017-2020,3,unweighted,PI,,total,14,3,2,0.6666666666666666,0.6,0.875,1.0,0.6666666666666666,0,GenHlth,,0.7314957318028584,0.64048986934008,0.8181084406196464,0,0.8,0.8333333333333334,0.8571428571428571,0.8,0.9398071644857096,0.9444702512116976,0.9890106407806604
model,xgboost,logistic_regression,2017-2020,3,unweighted,PI,,total,14,3,2,0.6666666666666666,0.4,0.7777777777777778,1.0,0.6666666666666666,0,GenHlth,,0.8425110132158591,0.7,0.8411762745627427,0,0.8,0.6666666666666666,0.8571428571428571,0.9,0.9262479931266188,0.9292130467446267,0.9858432244296502
model,random_forest,logistic_regression,2017-2020,3,unweighted,PI,,total,14,2,2,1.0,0.75,0.8888888888888888,1.0,1.0,0,,,0.7580152145268292,0.64048986934008,0.8331989159225424,1,1.0,0.8333333333333334,0.8571428571428571,0.8,0.9373845152357096,0.9481548307672532,0.9943383317528826
method,SHAP,PI,2017-2020,3,unweighted,,xgboost,diag,14,4,4,1.0,0.75,0.8571428571428571,1.0,1.0,0,,,0.8698825886721888,0.7570946042991633,0.8846092812263006,0,0.8,0.8333333333333334,0.8571428571428571,0.9,0.9442360850758689,0.9476752078681823,0.9891323411831227
method,SHAP,PI,2017-2020,3,unweighted,,xgboost,measured,14,3,2,0.6666666666666666,0.42857142857142855,0.625,1.0,0.6666666666666666,0,Sex,,0.7351065022497505,0.5810872031479765,0.749854032414729,0,0.8,0.8333333333333334,0.8571428571428571,0.8,0.8838204842357098,0.8672324343228086,0.9310136789751048
method,SHAP,PI,2017-2020,3,unweighted,,xgboost,total,14,4,3,0.75,0.5,0.7142857142857143,1.0,0.75,0,HighChol,,0.9636969527904214,0.8618916073713346,0.9375104569613981,0,0.8,1.0,1.0,0.9,0.9734332029132422,0.9747144967334291,0.9934055947849894
method,SHAP,PI,2017-2020,3,unweighted,,random_forest,diag,14,5,4,0.8,0.0,0.3333333333333333,1.0,0.8,0,Diabetes_self,,0.739274374743337,0.5966941897186163,0.782643299238838,0,0.8,0.8333333333333334,0.7142857142857143,0.8,0.8868615937009046,0.878323713390976,0.94486170161219
method,SHAP,PI,2017-2020,3,unweighted,,random_forest,measured,14,4,2,0.5,0.2,0.25,1.0,0.5,0,"GenHlth,HighChol",,0.4510453774475717,0.3535965568702911,0.5930606820634781,0,0.6,0.5,0.5714285714285714,0.8,0.8224546871135312,0.8036206378590625,0.9165975625936564
method,SHAP,PI,2017-2020,3,unweighted,,random_forest,total,14,5,2,0.4,0.14285714285714285,0.625,1.0,0.4,0,"Diabetes_self,GenHlth,HighChol",,0.774841988857845,0.6034367109613602,0.7748527136565151,0,1.0,1.0,0.8571428571428571,0.8,0.8800089842357097,0.8401391009894752,0.8304928456417714
method,SHAP,PI,2017-2020,3,unweighted,,logistic_regression,diag,14,4,4,1.0,0.2,0.5555555555555556,1.0,1.0,0,,,0.8022717466981296,0.6935849741410449,0.8212020721547094,0,1.0,0.8333333333333334,0.8571428571428571,0.8,0.9025098231326265,0.8748925815703088,0.8696091248703554
method,SHAP,PI,2017-2020,3,unweighted,,logistic_regression,measured,14,3,1,0.3333333333333333,0.1111111111111111,0.4,1.0,0.3333333333333333,0,"BMI,GenHlth",,0.7978021978021977,0.6483516483516484,0.7499959461754512,0,0.8,0.6666666666666666,0.7142857142857143,0.9,0.8661973132876621,0.8238549766575467,0.8446201693272005
method,SHAP,PI,2017-2020,3,unweighted,,logistic_regression,total,14,4,2,0.5,0.2,0.7777777777777778,1.0,0.5,0,"GenHlth,HighChol",,0.9482954033166019,0.8397918225669414,0.9312746481665102,1,1.0,0.8333333333333334,1.0,1.0,0.971439392552333,0.9756650467649444,0.9966164139137773
label,diag,measured,2017-2020,3,weighted,SHAP,xgboost,,14,4,4,0.6,0.2857142857142857,0.5714285714285714,0.75,1.0,1,HighChol,Sex,0.7494505494505495,0.6043956043956044,0.7837068289842087,0,0.8,0.6666666666666666,0.7142857142857143,0.9,0.9085775707901547,0.9036627126300869,0.9697871030878844
label,diag,total,2017-2020,3,weighted,SHAP,xgboost,,14,4,4,1.0,0.8,0.8333333333333334,1.0,1.0,0,,,0.9296703296703297,0.8021978021978022,0.9079813995430437,0,0.8,0.8333333333333334,1.0,0.9,0.9560563526614241,0.9583727045653483,0.9904413823481206
label,measured,total,2017-2020,3,weighted,SHAP,xgboost,,14,4,4,0.6,0.42857142857142855,0.6666666666666666,0.75,1.0,1,Sex,HighChol,0.7978021978021977,0.6703296703296704,0.8214410095657786,0,0.8,0.8333333333333334,0.7142857142857143,0.8,0.9101839738460029,0.9071947653592844,0.9717906781261273
label,diag,measured,2017-2020,3,weighted,SHAP,random_forest,,14,5,4,0.8,0.42857142857142855,0.5,1.0,0.8,0,Diabetes_self,,0.6615384615384616,0.5164835164835165,0.6933656256292045,0,0.8,0.6666666666666666,0.7142857142857143,0.9,0.8406772675909044,0.7938136715065315,0.8175722050844121
label,diag,total,2017-2020,3,weighted,SHAP,random_forest,,14,5,4,0.8,0.6,0.8333333333333334,1.0,0.8,0,Diabetes_self,,0.8461538461538461,0.7142857142857144,0.8617458729276012,1,1.0,0.8333333333333334,0.7142857142857143,0.9,0.9492113550899954,0.9560487772002688,0.9942422256020889
label,measured,total,2017-2020,3,weighted,SHAP,random_forest,,14,4,4,1.0,0.6666666666666666,0.6666666666666666,1.0,1.0,0,,,0.8153846153846154,0.6263736263736264,0.7614289787336036,0,0.8,0.8333333333333334,0.7142857142857143,0.9,0.8586653595401545,0.8122758326300872,0.8208613218378845
label,diag,measured,2017-2020,3,weighted,SHAP,logistic_regression,,14,4,3,0.75,0.2222222222222222,0.1111111111111111,1.0,0.75,0,HighChol,,0.178021978021978,0.07692307692307693,0.35793662365586176,0,0.6,0.5,0.42857142857142855,0.7,0.7492480764378169,0.6992324245054117,0.7891902585261962
label,diag,total,2017-2020,3,weighted,SHAP,logistic_regression,,14,4,4,1.0,0.2857142857142857,0.375,1.0,1.0,0,,,0.7538461538461538,0.5824175824175825,0.7448621302477086,0,1.0,0.8333333333333334,0.7142857142857143,0.8,0.8631348398469123,0.8210078161099914,0.8266093728862284
label,measured,total,2017-2020,3,weighted,SHAP,logistic_regression,,14,3,4,0.75,0.1111111111111111,0.1,1.0,0.75,0,,HighChol,0.3098901098901099,0.18681318681318684,0.5334170707963202,0,0.6,0.6666666666666666,0.5714285714285714,0.6,0.7926162930826222,0.7609178539883555,0.8349233990835554
model,xgboost,random_forest,2017-2020,3,weighted,SHAP,,diag,14,4,5,0.8,0.3333333333333333,0.5714285714285714,1.0,0.8,0,,Diabetes_self,0.8681318681318682,0.7142857142857144,0.8087053699356161,0,0.8,0.8333333333333334,0.8571428571428571,0.9,0.8688724621266186,0.821197316966849,0.8219977383185393
model,xgboost,logistic_regression,2017-2020,3,weighted,SHAP,,diag,14,4,4,1.0,0.2857142857142857,0.375,1.0,1.0,0,,,0.7538461538461538,0.5824175824175825,0.7493870518808794,0,0.8,0.8333333333333334,0.8571428571428571,0.7,0.8505608452417175,0.8074770322596019,0.8213333988602545
model,random_forest,logistic_regression,2017-2020,3,weighted,SHAP,,diag,14,5,4,0.8,0.2857142857142857,0.42857142857142855,1.0,0.8,0,Diabetes_self,,0.8373626373626375,0.7362637362637363,0.8919505093343332,1,1.0,1.0,1.0,0.7,0.9590904165806742,0.9714224659022372,0.9986458636849262
model,xgboost,random_forest,2017-2020,3,weighted,SHAP,,measured,14,4,4,0.6,0.5714285714285714,0.8,0.75,1.0,1,Sex,HighChol,0.9208791208791209,0.8021978021978022,0.8769558226345737,0,0.8,0.6666666666666666,0.8571428571428571,0.9,0.9317188885226264,0.9226125699080865,0.9716382047314664
model,xgboost,logistic_regression,2017-2020,3,weighted,SHAP,,measured,14,4,3,0.75,0.2222222222222222,0.25,1.0,0.75,0,Sex,,0.6615384615384616,0.4945054945054945,0.729627168279148,0,0.8,0.8333333333333334,0.7142857142857143,0.8,0.8658856086483364,0.8408970885686731,0.8619075260676824
model,random_forest,logistic_regression,2017-2020,3,weighted,SHAP,,measured,14,4,3,0.75,0.3333333333333333,0.125,1.0,0.75,0,HighChol,,0.48571428571428577,0.3406593406593407,0.6281150030963342,0,0.8,0.6666666666666666,0.5714285714285714,0.7,0.8263528894726222,0.7942002387705775,0.8424646317224443
model,xgboost,random_forest,2017-2020,3,weighted,SHAP,,total,14,4,4,1.0,0.8,0.8333333333333334,1.0,1.0,0,,,0.9296703296703297,0.8021978021978022,0.8554395662072923,0,0.8,0.8333333333333334,0.8571428571428571,1.0,0.8868719702158689,0.836664045983738,0.8232686259053449
model,xgboost,logistic_regression,2017-2020,3,weighted,SHAP,,total,14,4,4,1.0,0.5,0.5714285714285714,1.0,1.0,0,,,0.8901098901098902,0.7582417582417583,0.8759951154532515,0,0.8,0.8333333333333334,0.8571428571428571,0.9,0.9446832926773687,0.9468102491766268,0.9889560173984003
model,random_forest,logistic_regression,2017-2020,3,weighted,SHAP,,total,14,4,4,1.0,0.6,0.7142857142857143,1.0,1.0,0,,,0.832967032967033,0.6923076923076924,0.8196212198250207,0,1.0,1.0,0.8571428571428571,0.9,0.8872468120749597,0.8466346797841418,0.8310584380896882
label,diag,measured,2017-2020,3,weighted,PI,xgboost,,14,4,2,0.5,0.125,0.3,1.0,0.5,0,"GenHlth,HighChol",,0.4030629240334534,0.329045098264249,0.5970227319690836,0,0.6,0.6666666666666666,0.5714285714285714,0.8,0.8188541561135312,0.7926715747479515,0.9037937431492119
label,diag,total,2017-2020,3,weighted,PI,xgboost,,14,4,3,0.75,0.2,0.6666666666666666,1.0,0.75,0,HighChol,,0.8892857142857142,0.8289473684210524,0.9167604604128752,1,1.0,0.8333333333333334,0.8571428571428571,0.9,0.9599731733766186,0.9654908636335156,0.9954026862352059
label,measured,total,2017-2020,3,weighted,PI,xgboost,,14,2,3,0.6666666666666666,0.16666666666666666,0.6,1.0,0.6666666666666666,0,,GenHlth,0.4714614808391303,0.39759616040263424,0.620832317023499,0,0.6,0.6666666666666666,0.5714285714285714,0.8,0.821469244414281,0.7941032305132847,0.9038140882012952
label,diag,measured,2017-2020,3,weighted,PI,random_forest,,14,4,3,0.4,0.0,0.5,0.6666666666666666,0.75,1,"GenHlth,HighChol",Smoker,0.45684767965063555,0.3374473788290207,0.5822934931820236,0,0.8,0.6666666666666666,0.5714285714285714,0.8,0.8004181871135312,0.7509273045257293,0.800451729260323
label,diag,total,2017-2020,3,weighted,PI,random_forest,,14,4,4,1.0,1.0,1.0,1.0,1.0,0,,,0.9151990914086506,0.7978078253584684,0.8688756744105735,0,0.8,0.8333333333333334,1.0,0.9,0.9116157225583408,0.8776539149239597,0.8652781476878157
label,measured,total,2017-2020,3,weighted,PI,random_forest,,14,3,4,0.4,0.0,0.5,0.6666666666666666,0.75,1,Smoker,"GenHlth,HighChol",0.44928319754322926,0.34349004301737235,0.6121281700570499,0,0.8,0.6666666666666666,0.5714285714285714,0.8,0.8420545641642814,0.8271160802910624,0.9249837930624063
label,diag,measured,2017-2020,3,weighted,PI,logistic_regression,,14,4,1,0.25,0.0,0.6363636363636364,1.0,0.25,0,"BMI,GenHlth,HighChol",,0.2882289972957653,0.22099784804393197,0.5354428306149364,0,0.6,0.6666666666666666,0.5714285714285714,0.6,0.8213779733326221,0.8072223375439109,0.9189620275557777
label,diag,total,2017-2020,3,weighted,PI,logistic_regression,,14,4,3,0.75,0.6666666666666666,1.0,1.0,0.75,0,HighChol,,0.8861927143593542,0.7753298418327284,0.8863114309506834,0,1.0,1.0,0.8571428571428571,0.9,0.9396448693757096,0.9317946057716973,0.9562957970306604
label,measured,total,2017-2020,3,weighted,PI,logistic_regression,,14,1,3,0.3333333333333333,0.0,0.6363636363636364,1.0,0.3333333333333333,0,,"BMI,GenHlth",0.3995623931147292,0.31289310938737197,0.6243430344545868,0,0.6,0.6666666666666666,0.7142857142857143,0.6,0.8559699876183364,0.8573788327820062,0.9617447656510157
model,xgboost,random_forest,2017-2020,3,weighted,PI,,diag,14,4,4,1.0,0.4,0.625,1.0,1.0,0,,,0.7667943109131653,0.6345325672866353,0.7762386722566825,0,1.0,0.8333333333333334,0.7142857142857143,0.9,0.8744024478409045,0.8300914883954205,0.8271316668899678
model,xgboost,logistic_regression,2017-2020,3,weighted,PI,,diag,14,4,4,1.0,0.2,0.5555555555555556,1.0,1.0,0,,,0.7603009131245385,0.6287460834286768,0.7878648084295738,0,0.8,0.6666666666666666,0.7142857142857143,0.7,0.8781226767592454,0.8703039287593799,0.9428004395777834
model,random_forest,logistic_regression,2017-2020,3,weighted,PI,,diag,14,4,4,1.0,0.25,0.6666666666666666,1.0,1.0,0,,,0.6930269429194906,0.5716619504750294,0.7561801691158593,0,0.8,0.6666666666666666,0.7142857142857143,0.8,0.8606332586999956,0.83184372575138,0.8590968262965332
model,xgboost,random_forest,2017-2020,3,weighted,PI,,measured,14,2,3,0.6666666666666666,0.3333333333333333,0.6666666666666666,1.0,0.6666666666666666,0,,Smoker,0.5304704511541806,0.4648111258522642,0.7006819442986638,0,0.6,0.6666666666666666,0.7142857142857143,0.7,0.8598441925083362,0.8600631873420062,0.9618424219010158
model,xgboost,logistic_regression,2017-2020,3,weighted,PI,,measured,14,2,1,0.5,0.3333333333333333,0.7,1.0,0.5,0,BMI,,0.6688869359794813,0.5512936121358469,0.7001133828693149,0,0.6,0.8333333333333334,0.8571428571428571,0.7,0.8459841910449599,0.8211324239974751,0.9090206776730216
model,random_forest,logistic_regression,2017-2020,3,weighted,PI,,measured,14,3,1,0.3333333333333333,0.2,0.6363636363636364,1.0,0.3333333333333333,0,"BMI,Smoker",,0.26748327662013044,0.17471413945365305,0.49898743761111874,0,0.6,0.6666666666666666,0.5714285714285714,0.6,0.792391293082622,0.7726511873216889,0.9026317324168888
model,xgboost,random_forest,2017-2020,3,weighted,PI,,total,14,3,4,0.75,0.25,0.7777777777777778,1.0,0.75,0,,HighChol,0.8823041220726658,0.7825855808712294,0.8775739195239753,0,0.8,1.0,0.8571428571428571,0.8,0.9140595191317173,0.9048123237084906,0.9492522356658099
model,xgboost,logistic_regression,2017-2020,3,weighted,PI,,total,14,3,3,1.0,0.25,0.7,1.0,1.0,0,,,0.9420434636713358,0.8559529790779073,0.9264867092255675,0,0.8,0.8333333333333334,0.8571428571428571,0.8,0.9400009834340506,0.9463292175845461,0.9894341877740317
model,random_forest,logistic_regression,2017-2020,3,weighted,PI,,total,14,4,3,0.75,0.2,0.6666666666666666,1.0,0.75,0,HighChol,,0.8980044345898006,0.7727272727272726,0.8737901606276657,0,1.0,0.8333333333333334,0.8571428571428571,0.9,0.9269944621266188,0.917581316966849,0.9532477383185393
method,SHAP,PI,2017-2020,3,weighted,,xgboost,diag,14,4,4,1.0,0.6,0.7142857142857143,1.0,1.0,0,,,0.8349539448408115,0.7214791053658227,0.8703341626194454,0,0.8,0.8333333333333334,0.8571428571428571,0.8,0.9403618801858689,0.9449908533081823,0.9890346849331226
method,SHAP,PI,2017-2020,3,weighted,,xgboost,measured,14,4,2,0.5,0.25,0.5,1.0,0.5,0,"GenHlth,Sex",,0.6407232755171874,0.5011760110325881,0.6953461237952967,0,0.6,0.8333333333333334,0.7142857142857143,0.7,0.8592322650599955,0.8406742511913798,0.9235499512965334
method,SHAP,PI,2017-2020,3,weighted,,xgboost,total,14,4,3,0.75,0.16666666666666666,0.5555555555555556,1.0,0.75,0,HighChol,,0.825803764623378,0.7455284088780167,0.882121933102736,1,1.0,0.8333333333333334,0.8571428571428571,0.8,0.9421674842357095,0.9518831009894753,0.9945553456417714
method,SHAP,PI,2017-2020,3,weighted,,random_forest,diag,14,5,4,0.8,0.16666666666666666,0.5,1.0,0.8,0,Diabetes_self,,0.740045683242319,0.6253635012747126,0.8153288592059422,0,0.8,0.6666666666666666,0.7142857142857143,0.8,0.9121666856501545,0.917607207847865,0.9846091516989954
method,SHAP,PI,2017-2020,3,weighted,,random_forest,measured,14,4,3,0.4,0.0,0.3333333333333333,0.6666666666666666,0.75,1,"GenHlth,HighChol",Smoker,0.46079051854728353,0.3610758882042163,0.634021002684081,0,0.8,0.6666666666666666,0.5714285714285714,0.7,0.8355652709735313,0.8230000699657292,0.9248657917603231
method,SHAP,PI,2017-2020,3,weighted,,random_forest,total,14,4,4,1.0,0.4,0.625,1.0,1.0,0,,,0.8057473673308077,0.692834742214895,0.8348266775932186,0,1.0,1.0,0.8571428571428571,0.8,0.9070089842357099,0.8828057676561418,0.872159512308438
method,SHAP,PI,2017-2020,3,weighted,,logistic_regression,diag,14,4,4,1.0,0.4,0.625,1.0,1.0,0,,,0.7854790231647956,0.6850933289361891,0.8145183323678966,0,1.0,0.8333333333333334,0.7142857142857143,0.8,0.8949178088469123,0.8674027529988804,0.8684930534417838
method,SHAP,PI,2017-2020,3,weighted,,logistic_regression,measured,14,3,1,0.3333333333333333,0.125,0.5,1.0,0.3333333333333333,0,"BMI,GenHlth",,0.8285714285714285,0.6483516483516484,0.7812136120010013,0,0.8,0.8333333333333334,0.8571428571428571,0.9,0.8820130083775277,0.8417308512731114,0.8483550615508624
method,SHAP,PI,2017-2020,3,weighted,,logistic_regression,total,14,4,3,0.75,0.4,0.75,1.0,0.75,0,HighChol,,0.9161237190199593,0.8045822812818135,0.9172963402290759,1,1.0,0.8333333333333334,1.0,0.9,0.9643953836614239,0.9710284343431261,0.9964743684592318
label,diag,measured,2017-2020,4,unweighted,SHAP,xgboost,,14,4,3,0.75,0.5,0.7142857142857143,1.0,0.75,0,HighChol,,0.6747252747252748,0.5384615384615384,0.7470469939692878,0,0.6,0.6666666666666666,0.8571428571428571,0.8,0.8852418959349597,0.8811607785574751,0.9638058339230214
label,diag,total,2017-2020,4,unweighted,SHAP,xgboost,,14,4,4,1.0,1.0,1.0,1.0,1.0,0,,,0.9472527472527472,0.8461538461538461,0.9341938557937425,1,1.0,0.8333333333333334,1.0,0.9,0.9723481566623331,0.9767089624271665,0.9967357715526661
label,measured,total,2017-2020,4,unweighted,SHAP,xgboost,,14,3,4,0.75,0.5,0.7142857142857143,1.0,0.75,0,,HighChol,0.7318681318681319,0.6043956043956044,0.7829269190953124,0,0.6,0.6666666666666666,0.8571428571428571,0.8,0.8960082303817174,0.8888925370418239,0.9643238502491431
label,diag,measured,2017-2020,4,unweighted,SHAP,random_forest,,14,5,3,0.6,0.2857142857142857,0.375,1.0,0.6,0,"Diabetes_self,HighChol",,0.7010989010989012,0.5604395604395604,0.7242356144537785,0,0.8,0.6666666666666666,0.5714285714285714,0.9,0.8330852533051902,0.786323842935103,0.8164561336558407
label,diag,total,2017-2020,4,unweighted,SHAP,random_forest,,14,5,5,1.0,0.75,0.8333333333333334,1.0,1.0,0,,,0.8901098901098902,0.8021978021978022,0.9093853686410183,1,1.0,1.0,0.8571428571428571,0.8,0.9681130033826264,0.9747863984591978,0.9979185866759109
label,measured,total,2017-2020,4,unweighted,SHAP,random_forest,,14,3,5,0.6,0.3333333333333333,0.5,1.0,0.6,0,,"Diabetes_self,HighChol",0.8241758241758241,0.6263736263736264,0.750028705016744,0,0.8,0.6666666666666666,0.7142857142857143,0.9,0.8498257828418136,0.8010088093683496,0.8181048755389575
label,diag,measured,2017-2020,4,unweighted,SHAP,logistic_regression,,14,4,3,0.75,0.14285714285714285,0.3,1.0,0.75,0,HighChol,,0.178021978021978,0.14285714285714285,0.41598213927575656,0,0.6,0.5,0.42857142857142855,0.6,0.7481827787969078,0.6998386920835936,0.7895364943216507
label,diag,total,2017-2020,4,unweighted,SHAP,logistic_regression,,14,4,4,1.0,0.5,0.75,1.0,1.0,0,,,0.8857142857142857,0.7142857142857144,0.8144242495779919,0,1.0,0.8333333333333334,0.8571428571428571,1.0,0.891847378266619,0.845508551526849,0.8288336758185393
label,measured,total,2017-2020,4,unweighted,SHAP,logistic_regression,,14,3,4,0.75,0.14285714285714285,0.3,1.0,0.75,0,,HighChol,0.3450549450549451,0.2527472527472528,0.5713400578459427,0,0.6,0.6666666666666666,0.5714285714285714,0.6,0.7926162930826222,0.7609178539883555,0.8349233990835554
model,xgboost,random_forest,2017-2020,4,unweighted,SHAP,,diag,14,4,5,0.8,0.5,0.6666666666666666,1.0,0.8,0,,Diabetes_self,0.8593406593406594,0.6923076923076924,0.8110890187702908,0,1.0,0.8333333333333334,0.7142857142857143,0.8,0.8765069542009045,0.8326500138354205,0.8275222918899677
model,xgboost,logistic_regression,2017-2020,4,unweighted,SHAP,,diag,14,4,4,1.0,0.6,0.7142857142857143,1.0,1.0,0,,,0.8593406593406594,0.7142857142857144,0.82915345180042,0,1.0,1.0,0.8571428571428571,0.9,0.8898619003757098,0.8480663355494751,0.8310787831417714
model,random_forest,logistic_regression,2017-2020,4,unweighted,SHAP,,diag,14,5,4,0.8,0.4,0.7142857142857143,1.0,0.8,0,Diabetes_self,,0.8285714285714285,0.7142857142857144,0.8726218738858138,1,1.0,0.8333333333333334,0.8571428571428571,0.8,0.9455311071849597,0.9556943252241419,0.9950232818396881
model,xgboost,random_forest,2017-2020,4,unweighted,SHAP,,measured,14,3,3,1.0,0.8,0.8571428571428571,1.0,1.0,0,,,0.8945054945054945,0.7582417582417583,0.8580024367588599,0,0.8,0.8333333333333334,0.8571428571428571,0.9,0.9307987082726266,0.9245640863525311,0.9735370762592443
model,xgboost,logistic_regression,2017-2020,4,unweighted,SHAP,,measured,14,3,3,1.0,0.5,0.625,1.0,1.0,0,,,0.7098901098901099,0.5384615384615384,0.7369808388351009,0,0.8,0.6666666666666666,0.7142857142857143,0.8,0.8725906811999955,0.8423294857513799,0.8600733887965332
model,random_forest,logistic_regression,2017-2020,4,unweighted,SHAP,,measured,14,3,3,1.0,0.42857142857142855,0.5,1.0,1.0,0,,,0.45494505494505494,0.2967032967032967,0.5892733242129393,0,0.6,0.6666666666666666,0.5714285714285714,0.7,0.8132308894726221,0.7778162387705777,0.8362146317224444
model,xgboost,random_forest,2017-2020,4,unweighted,SHAP,,total,14,4,5,0.8,0.6,0.8333333333333334,1.0,0.8,0,,Diabetes_self,0.9164835164835166,0.7802197802197802,0.84997441987473,0,1.0,0.8333333333333334,0.8571428571428571,0.9,0.8879731733766187,0.8428241969668488,0.8287360195685393
model,xgboost,logistic_regression,2017-2020,4,unweighted,SHAP,,total,14,4,4,1.0,0.6,0.7142857142857143,1.0,1.0,0,,,0.9296703296703297,0.8461538461538461,0.9251177529351824,1,1.0,1.0,0.8571428571428571,0.9,0.9670104203242855,0.9718835164241271,0.9973756820436508
model,random_forest,logistic_regression,2017-2020,4,unweighted,SHAP,,total,14,5,4,0.8,0.5,0.8571428571428571,1.0,0.8,0,Diabetes_self,,0.9296703296703297,0.8021978021978022,0.8630337089789883,0,1.0,0.8333333333333334,1.0,0.9,0.895565187662333,0.8503140255382775,0.8298520909971107
label,diag,measured,2017-2020,4,unweighted,PI,xgboost,,14,4,2,0.5,0.42857142857142855,0.5,1.0,0.5,0,"GenHlth,HighChol",,0.605726872246696,0.5222222222222221,0.7099541485216687,0,0.6,0.6666666666666666,0.7142857142857143,0.7,0.8495845840083363,0.8316105508975615,0.921369331623238
label,diag,total,2017-2020,4,unweighted,PI,xgboost,,14,4,3,0.75,0.5,0.7142857142857143,1.0,0.75,0,HighChol,,0.9127121970833248,0.8090398349558905,0.8923236823266603,0,1.0,0.8333333333333334,0.8571428571428571,0.9,0.9377607965733767,0.9253130754511976,0.9537657546446611
label,measured,total,2017-2020,4,unweighted,PI,xgboost,,14,2,3,0.6666666666666666,0.2857142857142857,0.5555555555555556,1.0,0.6666666666666666,0,,GenHlth,0.6850866370359097,0.550596554344981,0.7299012541843447,0,0.6,0.6666666666666666,0.7142857142857143,0.8,0.8824328506492456,0.8773992202082688,0.9629067763833389
label,diag,measured,2017-2020,4,unweighted,PI,random_forest,,14,3,1,0.3333333333333333,0.375,0.625,1.0,0.3333333333333333,0,"BMI,HighChol",,0.6732957453038255,0.5140386797078254,0.6280489375946908,0,0.6,0.6666666666666666,0.7142857142857143,0.8,0.7721884852009044,0.691364410279865,0.7392844446677453
label,diag,total,2017-2020,4,unweighted,PI,random_forest,,14,3,2,0.6666666666666666,0.3333333333333333,0.6666666666666666,1.0,0.6666666666666666,0,HighChol,,0.7546759242171565,0.6187939745230095,0.8104416158472304,1,1.0,0.8333333333333334,0.7142857142857143,0.8,0.9367480048460031,0.9454504951370621,0.9934486642372383
label,measured,total,2017-2020,4,unweighted,PI,random_forest,,14,1,2,0.5,0.2857142857142857,0.6,1.0,0.5,0,,BMI,0.7314957318028585,0.5618332187193684,0.6220848913421861,0,0.6,0.6666666666666666,0.7142857142857143,0.9,0.7808456590909048,0.697777035062087,0.7395991148066343
label,diag,measured,2017-2020,4,unweighted,PI,logistic_regression,,14,4,1,0.25,0.14285714285714285,0.5,1.0,0.25,0,"BMI,GenHlth,HighChol",,0.4066320684342174,0.32586326685723366,0.5874931455622926,0,0.6,0.6666666666666666,0.7142857142857143,0.7,0.8360139965092455,0.8193487785371576,0.9202201444388945
label,diag,total,2017-2020,4,unweighted,PI,logistic_regression,,14,4,2,0.5,0.4,0.875,1.0,0.5,0,"GenHlth,HighChol",,0.8101624213983737,0.6481357265881276,0.8227767968715555,0,1.0,1.0,0.8571428571428571,0.8,0.9233958192366187,0.9183630886290712,0.9553202209574281
label,measured,total,2017-2020,4,unweighted,PI,logistic_regression,,14,1,2,0.5,0.2857142857142857,0.6,1.0,0.5,0,,BMI,0.4664469269213913,0.37569634167468435,0.6552335785185912,0,0.6,0.6666666666666666,0.7142857142857143,0.7,0.8550612235083364,0.8563349171197838,0.9616254080121268
model,xgboost,random_forest,2017-2020,4,unweighted,PI,,diag,14,4,3,0.75,0.42857142857142855,0.5714285714285714,1.0,0.75,0,GenHlth,,0.9306936324893796,0.8176920377625482,0.9084773034443265,1,1.0,0.8333333333333334,0.8571428571428571,1.0,0.9638473782666188,0.9681752181935157,0.9955003424852059
model,xgboost,logistic_regression,2017-2020,4,unweighted,PI,,diag,14,4,4,1.0,0.6,0.7142857142857143,1.0,1.0,0,,,0.8994524557213397,0.8090398349558905,0.9067452073726829,1,1.0,0.8333333333333334,0.7142857142857143,0.8,0.9532945773976622,0.9578055589864358,0.9942186936327562
model,random_forest,logistic_regression,2017-2020,4,unweighted,PI,,diag,14,3,4,0.75,0.14285714285714285,0.4444444444444444,1.0,0.75,0,,GenHlth,0.770426934790279,0.6257862187747439,0.815534735733991,1,1.0,0.8333333333333334,0.7142857142857143,0.8,0.9377452739509045,0.9463455302798649,0.9934836634177454
model,xgboost,random_forest,2017-2020,4,unweighted,PI,,measured,14,2,1,0.5,0.375,0.5555555555555556,1.0,0.5,0,BMI,,0.7226559042282016,0.5730698830937557,0.6652036266899719,0,0.8,0.6666666666666666,0.7142857142857143,0.9,0.7881827667892456,0.7107771214349355,0.7457843805500055
model,xgboost,logistic_regression,2017-2020,4,unweighted,PI,,measured,14,2,1,0.5,0.6666666666666666,0.875,1.0,0.5,0,BMI,,0.6079295154185023,0.5222222222222221,0.752973912711998,0,0.8,0.8333333333333334,0.8571428571428571,0.8,0.9034224269349598,0.9047391750019198,0.9724429867007993
model,random_forest,logistic_regression,2017-2020,4,unweighted,PI,,measured,14,1,1,1.0,0.375,0.5,1.0,1.0,0,,,0.3756926719229183,0.32586326685723366,0.5500168589200792,0,0.6,0.5,0.5714285714285714,0.7,0.7465804822235311,0.6782696166323959,0.7498332396769898
model,xgboost,random_forest,2017-2020,4,unweighted,PI,,total,14,3,2,0.6666666666666666,0.4,0.7777777777777778,1.0,0.6666666666666666,0,GenHlth,,0.9348117660199672,0.8090398349558904,0.8890893278438676,0,1.0,0.8333333333333334,0.8571428571428571,0.9,0.9377561423766188,0.926552467189071,0.9539530334574281
model,xgboost,logistic_regression,2017-2020,4,unweighted,PI,,total,14,3,2,0.6666666666666666,0.6,0.875,1.0,0.6666666666666666,0,GenHlth,,0.9249538271550916,0.8269317890951973,0.9257933103122229,1,1.0,0.8333333333333334,1.0,0.8,0.969669694022333,0.9755392176449444,0.9969093826637773
model,random_forest,logistic_regression,2017-2020,4,unweighted,PI,,total,14,2,2,1.0,0.75,0.8888888888888888,1.0,1.0,0,,,0.9438949606097964,0.8397918225669414,0.9048825921811174,0,1.0,0.8333333333333334,0.8571428571428571,0.9,0.9383155122735356,0.9258336775476825,0.9537897987971231
method,SHAP,PI,2017-2020,4,unweighted,,xgboost,diag,14,4,4,1.0,0.42857142857142855,0.42857142857142855,1.0,1.0,0,,,0.9042909762485462,0.8176920377625482,0.9031787042766501,0,1.0,1.0,1.0,0.9,0.9456237186623331,0.9375084219827219,0.9572392437748883
method,SHAP,PI,2017-2020,4,unweighted,,xgboost,measured,14,3,2,0.6666666666666666,0.2857142857142857,0.5555555555555556,1.0,0.6666666666666666,0,GenHlth,,0.6798683982014617,0.5082950505010435,0.7541461244796628,0,1.0,0.8333333333333334,0.7142857142857143,0.7,0.909865830956003,0.9134378703548398,0.9775089940983496
method,SHAP,PI,2017-2020,4,unweighted,,xgboost,total,14,4,3,0.75,0.2857142857142857,0.5,1.0,0.75,0,HighChol,,0.8189925295335059,0.692834742214895,0.8676884295380409,1,1.0,1.0,0.8571428571428571,0.8,0.9520089842357098,0.9628057676561419,0.997159512308438
method,SHAP,PI,2017-2020,4,unweighted,,random_forest,diag,14,5,3,0.6,0.2857142857142857,0.5714285714285714,1.0,0.6,0,"Diabetes_self,GenHlth",,0.7714285714285714,0.6043956043956044,0.7766548154938684,0,1.0,0.8333333333333334,0.7142857142857143,0.8,0.8943584389499954,0.8681215426402689,0.8686562881020888
method,SHAP,PI,2017-2020,4,unweighted,,random_forest,measured,14,3,1,0.3333333333333333,0.375,0.4444444444444444,1.0,0.3333333333333333,0,"BMI,GenHlth",,0.5187688529390131,0.3799416328275231,0.5555515404396891,0,0.6,0.8333333333333334,0.7142857142857143,0.7,0.7584394037583364,0.6852954006753397,0.7409765364843491
method,SHAP,PI,2017-2020,4,unweighted,,random_forest,total,14,5,2,0.4,0.0,0.6666666666666666,1.0,0.4,0,"Diabetes_self,GenHlth,HighChol",,0.8008805726386151,0.5966941897186163,0.7787071485587083,0,1.0,0.8333333333333334,0.7142857142857143,0.9,0.8956175555392454,0.8693742414349355,0.8687335993000056
method,SHAP,PI,2017-2020,4,unweighted,,logistic_regression,diag,14,4,4,1.0,0.2,0.5555555555555556,1.0,1.0,0,,,0.827822637668638,0.692834742214895,0.8245570912934725,0,1.0,0.8333333333333334,0.7142857142857143,0.8,0.8987239852009046,0.8715884102798648,0.8689719446677454
method,SHAP,PI,2017-2020,4,unweighted,,logistic_regression,measured,14,3,1,0.3333333333333333,0.25,0.5555555555555556,1.0,0.3333333333333333,0,"BMI,GenHlth",,0.7238728252695176,0.5745944049142231,0.7504671329406651,0,0.8,0.8333333333333334,0.7142857142857143,0.8,0.8770081856501546,0.8485298745145315,0.8622133183656622
method,SHAP,PI,2017-2020,4,unweighted,,logistic_regression,total,14,4,2,0.5,0.16666666666666666,0.6666666666666666,1.0,0.5,0,"GenHlth,HighChol",,0.9604395604395607,0.8681318681318682,0.9369433007480241,1,1.0,0.8333333333333334,0.8571428571428571,0.9,0.9673712306773687,0.9706507896210712,0.9956400451761781
label,diag,measured,2017-2020,4,weighted,SHAP,xgboost,,14,4,3,0.75,0.5,0.7142857142857143,1.0,0.75,0,HighChol,,0.7538461538461538,0.6263736263736264,0.7851773661484577,0,0.6,0.6666666666666666,0.8571428571428571,0.9,0.8977099003757096,0.8905196688828083,0.9644121164751047
label,diag,total,2017-2020,4,weighted,SHAP,xgboost,,14,4,4,1.0,1.0,1.0,1.0,1.0,0,,,0.9428571428571428,0.8681318681318682,0.9356196203532583,0,0.8,0.8333333333333334,1.0,0.9,0.9652048679123328,0.9655678424271665,0.9909740528026661
label,measured,total,2017-2020,4,weighted,SHAP,xgboost,,14,3,4,0.75,0.5,0.7142857142857143,1.0,0.75,0,,HighChol,0.7934065934065934,0.6703296703296704,0.8215767716575495,0,0.8,0.6666666666666666,0.8571428571428571,0.8,0.9123000343826264,0.9072287949036422,0.9706182394536886
label,diag,measured,2017-2020,4,weighted,SHAP,random_forest,,14,5,4,0.8,0.7142857142857143,0.75,1.0,0.8,0,Diabetes_self,,0.767032967032967,0.5824175824175825,0.7241951746817615,0,0.8,0.6666666666666666,0.7142857142857143,0.9,0.8466559788409045,0.7990565515065315,0.8180604863344121
label,diag,total,2017-2020,4,weighted,SHAP,random_forest,,14,5,4,0.8,0.42857142857142855,0.5,1.0,0.8,0,Diabetes_self,,0.9384615384615385,0.8461538461538461,0.9355573851197001,1,1.0,1.0,0.8571428571428571,0.9,0.9757933846266187,0.9816564103001824,0.9984951341518725
label,measured,total,2017-2020,4,weighted,SHAP,random_forest,,14,4,4,1.0,0.6666666666666666,0.6666666666666666,1.0,1.0,0,,,0.8373626373626375,0.6483516483516484,0.7548122179842889,0,0.8,0.6666666666666666,0.7142857142857143,1.0,0.8584829567318137,0.8074214341505719,0.8184195456778465
label,diag,measured,2017-2020,4,weighted,SHAP,logistic_regression,,14,4,3,0.75,0.14285714285714285,0.3,1.0,0.75,0,HighChol,,0.3318681318681319,0.27472527472527475,0.5252533574693998,0,0.6,0.5,0.42857142857142855,0.8,0.7698626728278171,0.7161308092876341,0.790481491165085
label,diag,total,2017-2020,4,weighted,SHAP,logistic_regression,,14,4,4,1.0,0.5,0.75,1.0,1.0,0,,,0.8681318681318682,0.6923076923076924,0.7865501519806724,0,1.0,0.8333333333333334,0.8571428571428571,0.9,0.8848033693757096,0.8408719391050308,0.8286916303639937
label,measured,total,2017-2020,4,weighted,SHAP,logistic_regression,,14,3,4,0.75,0.14285714285714285,0.3,1.0,0.75,0,,HighChol,0.4461538461538462,0.3626373626373627,0.6295395859742003,0,0.6,0.6666666666666666,0.5714285714285714,0.7,0.802469209222622,0.7688450885483554,0.8355093365835554
model,xgboost,random_forest,2017-2020,4,weighted,SHAP,,diag,14,4,5,0.8,0.5714285714285714,0.6,1.0,0.8,0,,Diabetes_self,0.8769230769230769,0.7142857142857144,0.8222375286467534,0,1.0,0.8333333333333334,0.8571428571428571,0.8,0.8831016993817173,0.8392448072640462,0.8286033641380322
model,xgboost,logistic_regression,2017-2020,4,weighted,SHAP,,diag,14,4,4,1.0,0.6,0.7142857142857143,1.0,1.0,0,,,0.8241758241758241,0.6483516483516484,0.7805736000896504,0,1.0,1.0,0.8571428571428571,0.9,0.8920297810749598,0.8503629500063641,0.8312754519785771
model,random_forest,logistic_regression,2017-2020,4,weighted,SHAP,,diag,14,5,4,0.8,0.2857142857142857,0.42857142857142855,1.0,0.8,0,Diabetes_self,,0.8681318681318682,0.7142857142857144,0.8658274013461585,0,1.0,0.8333333333333334,1.0,0.8,0.9368848017206739,0.9294886373511262,0.9551779817404819
model,xgboost,random_forest,2017-2020,4,weighted,SHAP,,measured,14,3,4,0.75,0.42857142857142855,0.5714285714285714,1.0,0.75,0,,HighChol,0.8505494505494505,0.7142857142857144,0.8353690316296132,0,0.6,0.6666666666666666,0.8571428571428571,0.9,0.9046654042717175,0.895305161824046,0.9646385203880321
model,xgboost,logistic_regression,2017-2020,4,weighted,SHAP,,measured,14,3,3,1.0,0.5,0.625,1.0,1.0,0,,,0.8197802197802198,0.6483516483516484,0.7907721035686195,0,0.8,0.8333333333333334,0.7142857142857143,0.9,0.8942591590909046,0.8616170350620871,0.8630366148066344
model,random_forest,logistic_regression,2017-2020,4,weighted,SHAP,,measured,14,4,3,0.75,0.375,0.25,1.0,0.75,0,HighChol,,0.5692307692307692,0.3626373626373627,0.6232136502087078,0,0.6,0.6666666666666666,0.5714285714285714,0.8,0.821888063362622,0.7842288635528,0.8365293018613331
model,xgboost,random_forest,2017-2020,4,weighted,SHAP,,total,14,4,4,1.0,0.8,0.8333333333333334,1.0,1.0,0,,,0.8989010989010989,0.7362637362637363,0.8258381126338246,0,0.8,0.8333333333333334,0.8571428571428571,0.9,0.8764643383757098,0.8282162093272529,0.8226586442528826
model,xgboost,logistic_regression,2017-2020,4,weighted,SHAP,,total,14,4,4,1.0,0.6,0.7142857142857143,1.0,1.0,0,,,0.9164835164835166,0.8241758241758242,0.9095075413938158,0,0.8,1.0,0.8571428571428571,0.9,0.9507186163233765,0.9535472585623088,0.9910812928391054
model,random_forest,logistic_regression,2017-2020,4,weighted,SHAP,,total,14,4,4,1.0,0.75,0.8571428571428571,1.0,1.0,0,,,0.8901098901098902,0.7362637362637363,0.8339303998699099,0,1.0,0.8333333333333334,1.0,0.8,0.8869080137723331,0.8439014007560555,0.8295374208582217
label,diag,measured,2017-2020,4,weighted,PI,xgboost,,14,3,2,0.6666666666666666,0.2857142857142857,0.5555555555555556,1.0,0.6666666666666666,0,GenHlth,,0.696629213483146,0.5647058823529412,0.7273753236977436,0,0.8,0.6666666666666666,0.7142857142857143,0.8,0.8513317739509045,0.8251721969465315,0.9117128300844121
label,diag,total,2017-2020,4,weighted,PI,xgboost,,14,3,3,1.0,0.5,0.625,1.0,1.0,0,,,0.8460674157303371,0.7294117647058824,0.8457413864045055,0,0.8,0.8333333333333334,0.8571428571428571,0.9,0.9286308275733766,0.9222674718956421,0.9733404074224388
label,measured,total,2017-2020,4,weighted,PI,xgboost,,14,2,3,0.6666666666666666,0.25,0.4444444444444444,1.0,0.6666666666666666,0,,GenHlth,0.6887640449438202,0.5647058823529412,0.7365470683429596,0,0.8,0.6666666666666666,0.5714285714285714,0.9,0.8598602533051902,0.8407238429351027,0.9258311336558407
label,diag,measured,2017-2020,4,weighted,PI,random_forest,,14,3,1,0.3333333333333333,0.0,0.4166666666666667,1.0,0.3333333333333333,0,"BMI,HighChol",,0.15112068371475915,0.12721562869323952,0.38435530190914907,0,0.4,0.3333333333333333,0.42857142857142855,0.7,0.721436344988567,0.6567285638263006,0.7654367320505017
label,diag,total,2017-2020,4,weighted,PI,random_forest,,14,3,2,0.6666666666666666,0.3333333333333333,0.6666666666666666,1.0,0.6666666666666666,0,HighChol,,0.827822637668638,0.692834742214895,0.8427521470803444,0,1.0,0.8333333333333334,0.8571428571428571,0.8,0.9233187303817176,0.9155165370418239,0.9533863502491432
label,measured,total,2017-2020,4,weighted,PI,random_forest,,14,1,2,0.5,0.16666666666666666,0.5,1.0,0.5,0,,BMI,0.1878071774198016,0.15811388300841897,0.35865058128203475,0,0.4,0.3333333333333333,0.42857142857142855,0.9,0.7161162390194761,0.6303540143636744,0.7247150622272692
label,diag,measured,2017-2020,4,weighted,PI,logistic_regression,,14,4,1,0.25,0.14285714285714285,0.5,1.0,0.25,0,"BMI,GenHlth,HighChol",,0.572887440776144,0.4573295603800236,0.6459061706657505,0,0.4,0.6666666666666666,0.7142857142857143,0.7,0.8182375840083365,0.7896265508975618,0.8994943316232379
label,diag,total,2017-2020,4,weighted,PI,logistic_regression,,14,4,3,0.75,0.4,0.75,1.0,0.75,0,HighChol,,0.8710113905392634,0.7774602526460401,0.8934174280705494,0,1.0,1.0,0.8571428571428571,0.9,0.9458047810749597,0.9474296166730307,0.9823171186452437
label,measured,total,2017-2020,4,weighted,PI,logistic_regression,,14,1,3,0.3333333333333333,0.2857142857142857,0.6666666666666666,1.0,0.3333333333333333,0,,"BMI,GenHlth",0.5269662921348315,0.38823529411764707,0.6348733236658983,0,0.4,0.6666666666666666,0.8571428571428571,0.7,0.8150679180440505,0.7881452292467682,0.8999051079129206
model,xgboost,random_forest,2017-2020,4,weighted,PI,,diag,14,3,3,0.5,0.3333333333333333,0.75,0.6666666666666666,1.0,1,GenHlth,HighChol,0.8333847784260349,0.7163254650964891,0.8471727336981845,0,0.8,1.0,0.8571428571428571,0.8,0.9118869842357096,0.9037551009894753,0.9492428456417714
model,xgboost,logistic_regression,2017-2020,4,weighted,PI,,diag,14,3,4,0.75,0.16666666666666666,0.5555555555555556,1.0,0.75,0,,HighChol,0.7931431947056128,0.7317272966080377,0.8603554790206932,0,0.8,0.8333333333333334,0.7142857142857143,0.9,0.9414316939869121,0.9426742577811025,0.9880460048306728
model,random_forest,logistic_regression,2017-2020,4,weighted,PI,,diag,14,3,4,0.75,0.16666666666666666,0.5555555555555556,1.0,0.75,0,,GenHlth,0.6138617575993781,0.48619526569665034,0.738429769546531,0,1.0,0.8333333333333334,0.7142857142857143,0.7,0.8871546925083365,0.8866871873420061,0.9509049219010158
model,xgboost,random_forest,2017-2020,4,weighted,PI,,measured,14,2,1,0.5,0.3333333333333333,0.5454545454545454,1.0,0.5,0,BMI,,0.4687876543096433,0.3948871090286506,0.5523400488849443,0,0.4,0.5,0.5714285714285714,0.9,0.7665284645551904,0.6966760562684363,0.770590248239174
model,xgboost,logistic_regression,2017-2020,4,weighted,PI,,measured,14,2,1,0.5,0.42857142857142855,0.6666666666666666,1.0,0.5,0,BMI,,0.5134831460674156,0.411764705882353,0.684125729426025,0,0.6,0.8333333333333334,0.7142857142857143,0.7,0.8649027235083364,0.8672575837864507,0.9642295746787936
model,random_forest,logistic_regression,2017-2020,4,weighted,PI,,measured,14,1,1,1.0,0.3333333333333333,0.6363636363636364,1.0,1.0,0,,,0.2874885614827094,0.23400717572068183,0.5007727115458875,0,0.6,0.5,0.5714285714285714,0.6,0.755774793082622,0.7073285206550223,0.7906525657502221
model,xgboost,random_forest,2017-2020,4,weighted,PI,,total,14,3,2,0.6666666666666666,0.2857142857142857,0.5555555555555556,1.0,0.6666666666666666,0,GenHlth,,0.7857319028679148,0.6821835028427484,0.8158358964494989,0,0.8,0.8333333333333334,0.7142857142857143,0.9,0.9102724788409045,0.9070458848398648,0.9717063196677455
model,xgboost,logistic_regression,2017-2020,4,weighted,PI,,total,14,3,3,1.0,0.8,0.8571428571428571,1.0,1.0,0,,,0.9157303370786516,0.8,0.8789861365405115,0,0.8,0.8333333333333334,0.8571428571428571,0.9,0.9346048846266186,0.9287497436335157,0.9740159674852059
model,random_forest,logistic_regression,2017-2020,4,weighted,PI,,total,14,2,3,0.6666666666666666,0.3333333333333333,0.6666666666666666,1.0,0.6666666666666666,0,,GenHlth,0.8638586545735312,0.7515580963521805,0.862423598679197,0,1.0,0.8333333333333334,0.7142857142857143,0.9,0.9361348750385712,0.931599291408254,0.9782474578373016
method,SHAP,PI,2017-2020,4,weighted,,xgboost,diag,14,4,3,0.75,0.5,0.7142857142857143,1.0,0.75,0,HighChol,,0.8178282625620824,0.6935849741410449,0.86950305140551,0,0.8,1.0,1.0,0.7,0.9459684165806741,0.9550384659022373,0.9923958636849263
method,SHAP,PI,2017-2020,4,weighted,,xgboost,measured,14,3,2,0.6666666666666666,0.2857142857142857,0.5555555555555556,1.0,0.6666666666666666,0,GenHlth,,0.7267115267875025,0.5571420284083803,0.7568974913403174,0,1.0,0.8333333333333334,0.7142857142857143,0.8,0.8867353816492454,0.8746949499860466,0.93612726249445
method,SHAP,PI,2017-2020,4,weighted,,xgboost,total,14,4,3,0.75,0.25,0.375,1.0,0.75,0,HighChol,,0.833384778426035,0.7163254650964891,0.8620754646504118,0,1.0,1.0,0.8571428571428571,0.8,0.9321708192366187,0.9354297552957378,0.9813618876240947
method,SHAP,PI,2017-2020,4,weighted,,random_forest,diag,14,5,3,0.6,0.25,0.42857142857142855,1.0,0.6,0,"Diabetes_self,GenHlth",,0.8989010989010989,0.7802197802197802,0.8718016555228616,0,1.0,0.8333333333333334,0.8571428571428571,0.9,0.9149731733766187,0.8854908636335155,0.8704026862352059
method,SHAP,PI,2017-2020,4,weighted,,random_forest,measured,14,4,1,0.25,0.125,0.2727272727272727,1.0,0.25,0,"BMI,GenHlth,HighChol",,0.26382085462068117,0.21202604782206586,0.4274641424740906,0,0.4,0.5,0.5714285714285714,0.7,0.7104505132235313,0.6325573464101738,0.7277412257881007
method,SHAP,PI,2017-2020,4,weighted,,random_forest,total,14,4,2,0.5,0.3333333333333333,0.75,1.0,0.5,0,"GenHlth,HighChol",,0.8454828539389022,0.692834742214895,0.8199653853608257,0,1.0,1.0,0.8571428571428571,0.8,0.8833726071849597,0.8439503252241418,0.8309607818396881
method,SHAP,PI,2017-2020,4,weighted,,logistic_regression,diag,14,4,4,1.0,0.2,0.5555555555555556,1.0,1.0,0,,,0.6336637497800032,0.4640954808922571,0.670513214935667,0,1.0,0.8333333333333334,0.7142857142857143,0.8,0.8599603816492456,0.8202949499860468,0.82675226249445
method,SHAP,PI,2017-2020,4,weighted,,logistic_regression,measured,14,3,1,0.3333333333333333,0.1111111111111111,0.4,1.0,0.3333333333333333,0,"BMI,GenHlth",,0.3755787401439997,0.2615156459876071,0.549085813007389,0,0.6,0.6666666666666666,0.5714285714285714,0.6,0.7703992620826221,0.7219794575439112,0.7934737463057777
method,SHAP,PI,2017-2020,4,weighted,,logistic_regression,total,14,4,3,0.75,0.4,0.75,1.0,0.75,0,HighChol,,0.9311685924280231,0.8072874289182654,0.8976316103184339,0,1.0,0.8333333333333334,0.8571428571428571,0.9,0.9465311423766187,0.9436191338557378,0.9799947001240947
label,diag,measured,2021-2023,0,unweighted,SHAP,xgboost,,14,4,3,0.4,0.2222222222222222,0.42857142857142855,0.6666666666666666,0.75,1,"GenHlth,HighChol",Income,0.5560439560439561,0.42857142857142855,0.6305963376140626,0,0.6,0.6666666666666666,0.7142857142857143,0.8,0.8290612586999955,0.8015930590847131,0.9049301596298666
label,diag,total,2021-2023,0,unweighted,SHAP,xgboost,,14,4,4,1.0,0.8,0.8333333333333334,1.0,1.0,0,,,0.956043956043956,0.8681318681318682,0.9260645425326287,0,0.8,0.8333333333333334,0.8571428571428571,1.0,0.9560677171635357,0.9548006987743494,0.9893041217137898
label,measured,total,2021-2023,0,unweighted,SHAP,xgboost,,14,3,4,0.4,0.25,0.5714285714285714,0.6666666666666666,0.75,1,Income,"GenHlth,HighChol",0.665934065934066,0.5164835164835165,0.6882686387795487,0,0.8,0.6666666666666666,0.7142857142857143,0.8,0.8529449389499955,0.8269482093069356,0.9118854547687555
label,diag,measured,2021-2023,0,unweighted,SHAP,random_forest,,14,5,4,0.2857142857142857,0.125,0.42857142857142855,0.5,0.8,1,"Diabetes_self,GenHlth,HighChol","Education,Income",0.5956043956043956,0.4725274725274726,0.6277824253608839,0,0.6,0.5,0.7142857142857143,0.9,0.7872424788409045,0.7205498848398649,0.7779563196677455
label,diag,total,2021-2023,0,unweighted,SHAP,random_forest,,14,5,5,1.0,0.6,0.6666666666666666,1.0,1.0,0,,,0.9648351648351648,0.8901098901098902,0.9451914386639277,1,1.0,0.8333333333333334,0.8571428571428571,0.9,0.9707395078233765,0.9732226221178644,0.9959207025613277
label,measured,total,2021-2023,0,unweighted,SHAP,random_forest,,14,4,5,0.2857142857142857,0.125,0.42857142857142855,0.5,0.8,1,"Education,Income","Diabetes_self,GenHlth,HighChol",0.7274725274725276,0.5824175824175825,0.6918925938036947,0,0.6,0.6666666666666666,0.8571428571428571,0.9,0.8046759931266187,0.7389623800779602,0.7816765577629836
label,diag,measured,2021-2023,0,unweighted,SHAP,logistic_regression,,14,5,3,0.3333333333333333,0.2222222222222222,0.0,0.6666666666666666,0.6,1,"Diabetes_self,GenHlth,HighChol",Income,-0.18681318681318684,-0.23076923076923078,0.19190903887332167,0,0.4,0.3333333333333333,0.2857142857142857,0.6,0.6826618730111937,0.6252281666232763,0.7627476798375238
label,diag,total,2021-2023,0,unweighted,SHAP,logistic_regression,,14,5,4,0.8,0.25,0.2857142857142857,1.0,0.8,0,Diabetes_self,,0.8813186813186813,0.7802197802197802,0.9024918317897179,1,1.0,1.0,0.8571428571428571,0.8,0.9589644881317174,0.9675912605973795,0.9973859162213654
label,measured,total,2021-2023,0,unweighted,SHAP,logistic_regression,,14,3,4,0.4,0.125,0.2,0.6666666666666666,0.75,1,Income,"GenHlth,HighChol",0.002197802197802198,-0.05494505494505495,0.3098781561485948,0,0.4,0.3333333333333333,0.42857142857142855,0.6,0.7069942787969079,0.646932025416927,0.765057327654984
model,xgboost,random_forest,2021-2023,0,unweighted,SHAP,,diag,14,4,5,0.8,0.5,0.6666666666666666,1.0,0.8,0,,Diabetes_self,0.9648351648351648,0.8681318681318682,0.9064602470147931,0,1.0,0.8333333333333334,0.8571428571428571,0.9,0.9262942235235356,0.8937432242143493,0.8709447467137897
model,xgboost,logistic_regression,2021-2023,0,unweighted,SHAP,,diag,14,4,5,0.8,0.375,0.3333333333333333,1.0,0.8,0,,Diabetes_self,0.7978021978021977,0.6483516483516484,0.8343434632555107,1,1.0,0.8333333333333334,0.7142857142857143,0.8,0.9393584389499954,0.9481215426402689,0.9936562881020888
model,random_forest,logistic_regression,2021-2023,0,unweighted,SHAP,,diag,14,5,5,1.0,0.42857142857142855,0.3333333333333333,1.0,1.0,0,,,0.832967032967033,0.6483516483516484,0.8127456051454096,0,1.0,0.8333333333333334,0.8571428571428571,0.9,0.9032095698249598,0.8768640700063641,0.8698496707285771
model,xgboost,random_forest,2021-2023,0,unweighted,SHAP,,measured,14,3,4,0.75,0.5714285714285714,0.6666666666666666,1.0,0.75,0,,Education,0.9208791208791209,0.8241758241758242,0.8991152421242723,0,0.8,0.8333333333333334,0.8571428571428571,0.9,0.9516387965733766,0.9515957421178645,0.9891824213113277
model,xgboost,logistic_regression,2021-2023,0,unweighted,SHAP,,measured,14,3,3,1.0,0.375,0.375,1.0,1.0,0,,,0.6351648351648352,0.4725274725274726,0.7049424294547544,0,0.8,0.8333333333333334,0.7142857142857143,0.8,0.8556133816492455,0.8209776166527134,0.8465439291611166
model,random_forest,logistic_regression,2021-2023,0,unweighted,SHAP,,measured,14,4,3,0.75,0.1111111111111111,0.2222222222222222,1.0,0.75,0,Education,,0.5340659340659341,0.38461538461538464,0.660634882100011,0,0.8,0.8333333333333334,0.7142857142857143,0.7,0.8378076925083364,0.8073698540086729,0.8456965885676825
model,xgboost,random_forest,2021-2023,0,unweighted,SHAP,,total,14,4,5,0.8,0.6,0.8333333333333334,1.0,0.8,0,,Diabetes_self,0.9296703296703297,0.8021978021978022,0.8681354882042239,0,0.8,0.8333333333333334,0.8571428571428571,0.9,0.9066387965733766,0.8715957421178644,0.8641824213113277
model,xgboost,logistic_regression,2021-2023,0,unweighted,SHAP,,total,14,4,4,1.0,1.0,1.0,1.0,1.0,0,,,0.9032967032967033,0.7802197802197802,0.9003960537347409,0,0.8,0.8333333333333334,1.0,0.9,0.9572520949114238,0.9598873143431261,0.9907126497092318
model,random_forest,logistic_regression,2021-2023,0,unweighted,SHAP,,total,14,5,4,0.8,0.6,0.8333333333333334,1.0,0.8,0,Diabetes_self,,0.9296703296703297,0.8021978021978022,0.8759254618848913,0,1.0,0.8333333333333334,0.8571428571428571,0.9,0.919756142376619,0.8892191338557378,0.8706197001240947
label,diag,measured,2021-2023,0,unweighted,PI,xgboost,,14,4,2,0.5,0.0,0.3333333333333333,1.0,0.5,0,"GenHlth,HighChol",,0.1781090857928016,0.13685996549319585,0.38213603976368815,0,0.4,0.3333333333333333,0.42857142857142855,0.7,0.724799967937817,0.6605397880609672,0.7659046682484184
label,diag,total,2021-2023,0,unweighted,PI,xgboost,,14,4,4,1.0,0.6666666666666666,0.875,1.0,1.0,0,,,0.8404494382022472,0.7058823529411765,0.8279305439561208,0,1.0,1.0,1.0,0.8,0.8909646214706741,0.8514401537955705,0.8320768532682595
label,measured,total,2021-2023,0,unweighted,PI,xgboost,,14,2,4,0.5,0.0,0.25,1.0,0.5,0,,"GenHlth,HighChol",0.40132371928637767,0.33592900621057165,0.5669011616926035,0,0.4,0.3333333333333333,0.42857142857142855,0.7,0.7745875911345748,0.7430286665453162,0.8909344033245401
label,diag,measured,2021-2023,0,unweighted,PI,random_forest,,14,5,2,0.4,0.25,0.45454545454545453,1.0,0.4,0,"Diabetes_self,GenHlth,HighChol",,0.41450140143235387,0.31437304171433833,0.4691087520499667,0,0.4,0.5,0.7142857142857143,0.7,0.7653747999560032,0.6979021405770621,0.7714760079872384
label,diag,total,2021-2023,0,unweighted,PI,random_forest,,14,5,4,0.8,0.2,0.625,1.0,0.8,0,Diabetes_self,,0.8663396166391965,0.7378647873726218,0.8453095834062104,0,1.0,0.8333333333333334,0.7142857142857143,0.8,0.902509685096003,0.8744216453592843,0.8691539593761273
label,measured,total,2021-2023,0,unweighted,PI,random_forest,,14,2,4,0.5,0.16666666666666666,0.36363636363636365,1.0,0.5,0,,"GenHlth,HighChol",0.4585501054778164,0.35686891935420717,0.5619438275905375,0,0.4,0.3333333333333333,0.5714285714285714,0.8,0.8026003828619481,0.7655579135261185,0.8929181603986291
label,diag,measured,2021-2023,0,unweighted,PI,logistic_regression,,14,4,1,0.25,0.0,0.3333333333333333,1.0,0.25,0,"BMI,GenHlth,HighChol",,0.3415255145988379,0.21968621277986813,0.4448609212245307,0,0.4,0.3333333333333333,0.42857142857142855,0.8,0.7392420341294761,0.6703363264703411,0.7662840726439359
label,diag,total,2021-2023,0,unweighted,PI,logistic_regression,,14,4,4,1.0,0.6666666666666666,0.875,1.0,1.0,0,,,0.8802660753880268,0.7840909090909091,0.9042314321537029,1,1.0,0.8333333333333334,0.8571428571428571,0.9,0.9541882810749598,0.9621069500063641,0.9953379519785771
label,measured,total,2021-2023,0,unweighted,PI,logistic_regression,,14,1,4,0.25,0.0,0.25,1.0,0.25,0,,"BMI,GenHlth,HighChol",0.212058326058102,0.1618740515220081,0.4202300802457144,0,0.4,0.3333333333333333,0.42857142857142855,0.7,0.724799967937817,0.6605397880609672,0.7659046682484184
model,xgboost,random_forest,2021-2023,0,unweighted,PI,,diag,14,4,5,0.8,0.3333333333333333,0.875,1.0,0.8,0,,Diabetes_self,0.8732361961345105,0.7317272966080377,0.8122256064936467,0,1.0,1.0,0.8571428571428571,0.8,0.8881555761849598,0.8476785954463641,0.8311777957285771
model,xgboost,logistic_regression,2021-2023,0,unweighted,PI,,diag,14,4,4,1.0,1.0,1.0,1.0,1.0,0,,,0.8683230403852806,0.7746829608553245,0.8518905376926046,0,1.0,1.0,0.8571428571428571,0.9,0.9026022965733767,0.8562357421178644,0.8313699213113277
model,random_forest,logistic_regression,2021-2023,0,unweighted,PI,,diag,14,5,4,0.8,0.3333333333333333,0.875,1.0,0.8,0,Diabetes_self,,0.8088442230811065,0.6629631980888547,0.8337455785127743,0,1.0,1.0,1.0,0.7,0.914090416580674,0.8914224659022372,0.8736458636849262
model,xgboost,random_forest,2021-2023,0,unweighted,PI,,measured,14,2,2,1.0,0.75,0.8888888888888888,1.0,1.0,0,,,0.7761904761904761,0.6973684210526315,0.8584811123718165,1,1.0,0.8333333333333334,0.7142857142857143,0.8,0.9345754699499953,0.9443932724180468,0.9934392742131999
model,xgboost,logistic_regression,2021-2023,0,unweighted,PI,,measured,14,2,1,0.5,0.2857142857142857,0.6,1.0,0.5,0,BMI,,0.4047933768018218,0.2861617460312277,0.5489234095217042,0,0.8,0.6666666666666666,0.5714285714285714,0.8,0.7944394758635311,0.7456844245257294,0.799963448010323
model,random_forest,logistic_regression,2021-2023,0,unweighted,PI,,measured,14,2,1,0.5,0.3333333333333333,0.7,1.0,0.5,0,BMI,,0.45799479203863275,0.3608126363002436,0.5859788456105737,0,0.8,0.6666666666666666,0.5714285714285714,0.8,0.805205810310289,0.753416183010078,0.8004814643364447
model,xgboost,random_forest,2021-2023,0,unweighted,PI,,total,14,4,4,1.0,0.75,0.8571428571428571,1.0,1.0,0,,,0.9659714619478612,0.903876907577734,0.9512304518976542,1,1.0,0.8333333333333334,0.8571428571428571,0.9,0.9647561423766189,0.9692191338557379,0.9956197001240947
model,xgboost,logistic_regression,2021-2023,0,unweighted,PI,,total,14,4,4,1.0,0.5,0.75,1.0,1.0,0,,,0.7522490092797933,0.6128089093333163,0.8205348552240121,1,1.0,0.8333333333333334,0.8571428571428571,0.8,0.9427268541326264,0.9511643113480868,0.9943921109814665
model,random_forest,logistic_regression,2021-2023,0,unweighted,PI,,total,14,4,4,1.0,0.4,0.625,1.0,1.0,0,,,0.7156923297547924,0.6040686963408962,0.811891233093035,1,1.0,0.8333333333333334,0.7142857142857143,0.7,0.9259182960599954,0.9379806476358246,0.9931246040743111
method,SHAP,PI,2021-2023,0,unweighted,,xgboost,diag,14,4,4,1.0,0.4,0.625,1.0,1.0,0,,,0.7756034337884965,0.6253635012747126,0.7778255997474952,0,1.0,0.8333333333333334,0.7142857142857143,0.8,0.8691088969001546,0.8274900878478648,0.8272849329489955
method,SHAP,PI,2021-2023,0,unweighted,,xgboost,measured,14,3,2,0.6666666666666666,0.1111111111111111,0.3,1.0,0.6666666666666666,0,Income,,0.41862074494758494,0.33669024917071727,0.5925861322602881,0,0.6,0.5,0.5714285714285714,0.7,0.7895938019735314,0.7663651330768403,0.9001696112047676
method,SHAP,PI,2021-2023,0,unweighted,,xgboost,total,14,4,4,1.0,0.16666666666666666,0.4444444444444444,1.0,1.0,0,,,0.7111550109235498,0.6026230103192687,0.7987504897807016,0,0.8,0.8333333333333334,0.7142857142857143,0.8,0.9160294744001545,0.9232869945145317,0.9867250371156622
method,SHAP,PI,2021-2023,0,unweighted,,random_forest,diag,14,5,5,1.0,0.5,0.7142857142857143,1.0,1.0,0,,,0.8118816794056289,0.7292928985449755,0.8864482641127172,1,1.0,1.0,0.8571428571428571,0.8,0.9553726071849598,0.9666169918908085,0.9976274485063548
method,SHAP,PI,2021-2023,0,unweighted,,random_forest,measured,14,4,2,0.5,0.14285714285714285,0.4,1.0,0.5,0,"Education,Income",,0.24019223070763066,0.16834512458535864,0.5154413702556262,0,0.6,0.5,0.42857142857142855,0.6,0.7701748097969079,0.7505104218613715,0.8986944804327619
method,SHAP,PI,2021-2023,0,unweighted,,random_forest,total,14,5,4,0.8,0.3333333333333333,0.5714285714285714,1.0,0.8,0,Diabetes_self,,0.7125394847779946,0.5707328555486,0.766846344857248,0,1.0,0.8333333333333334,0.7142857142857143,0.7,0.8799163727583363,0.8583250042308952,0.8682768837065713
method,SHAP,PI,2021-2023,0,unweighted,,logistic_regression,diag,14,5,4,0.8,0.14285714285714285,0.375,1.0,0.8,0,Diabetes_self,,0.8234075836010719,0.7375337578416624,0.8761102088346937,1,1.0,0.8333333333333334,0.8571428571428571,0.9,0.9434266008249597,0.9531357997841419,0.9946326568396882
method,SHAP,PI,2021-2023,0,unweighted,,logistic_regression,measured,14,3,1,0.3333333333333333,0.42857142857142855,0.75,1.0,0.3333333333333333,0,"BMI,Income",,0.7467127614697273,0.6026230103192687,0.7919265094656472,0,0.8,0.6666666666666666,0.8571428571428571,0.7,0.8972985982940507,0.898151046135657,0.9704020697184761
method,SHAP,PI,2021-2023,0,unweighted,,logistic_regression,total,14,4,4,1.0,0.4,0.625,1.0,1.0,0,,,0.9117086649523932,0.8045822812818135,0.9013941462679814,1,1.0,0.8333333333333334,0.7142857142857143,0.9,0.9523811590909044,0.9580010350620871,0.9942866148066344
label,diag,measured,2021-2023,0,weighted,SHAP,xgboost,,14,4,3,0.4,0.2222222222222222,0.42857142857142855,0.6666666666666666,0.75,1,"GenHlth,HighChol",Income,0.5736263736263736,0.45054945054945056,0.6560120121878645,0,0.6,0.6666666666666666,0.7142857142857143,0.8,0.8324248816492454,0.80540428331938,0.9053980958277833
label,diag,total,2021-2023,0,weighted,SHAP,xgboost,,14,4,4,1.0,0.8,0.8333333333333334,1.0,1.0,0,,,0.9604395604395607,0.8681318681318682,0.9303547690603444,0,0.8,0.8333333333333334,0.8571428571428571,1.0,0.9598738935175279,0.958986356055334,0.9897830129397513
label,measured,total,2021-2023,0,weighted,SHAP,xgboost,,14,3,4,0.4,0.25,0.5714285714285714,0.6666666666666666,0.75,1,Income,"GenHlth,HighChol",0.6879120879120879,0.5384615384615384,0.7020687109802974,0,0.8,0.6666666666666666,0.7142857142857143,0.8,0.8529449389499955,0.8269482093069356,0.9118854547687555
label,diag,measured,2021-2023,0,weighted,SHAP,random_forest,,14,5,5,0.42857142857142855,0.125,0.5,0.6,1.0,1,"Diabetes_self,GenHlth","Education,Income",0.5956043956043956,0.4725274725274726,0.6277824253608839,0,0.6,0.5,0.7142857142857143,0.9,0.7872424788409045,0.7205498848398649,0.7779563196677455
label,diag,total,2021-2023,0,weighted,SHAP,random_forest,,14,5,4,0.8,0.5,0.6666666666666666,1.0,0.8,0,Diabetes_self,,0.9472527472527472,0.8681318681318682,0.9336256638671097,1,1.0,0.8333333333333334,0.8571428571428571,0.9,0.9647607965733764,0.9679797421178644,0.9954324213113277
label,measured,total,2021-2023,0,weighted,SHAP,random_forest,,14,5,4,0.5,0.25,0.5,0.75,0.8,1,"Education,Income",GenHlth,0.7538461538461538,0.6043956043956044,0.7031110198444395,0,0.6,0.6666666666666666,0.8571428571428571,0.9,0.8106547043766188,0.7442052600779602,0.7821648390129836
label,diag,measured,2021-2023,0,weighted,SHAP,logistic_regression,,14,4,3,0.4,0.1111111111111111,0.0,0.6666666666666666,0.75,1,"GenHlth,HighChol",Income,-0.2087912087912088,-0.2527472527472528,0.17118076715954383,0,0.4,0.3333333333333333,0.2857142857142857,0.6,0.6826618730111937,0.6252281666232763,0.7627476798375238
label,diag,total,2021-2023,0,weighted,SHAP,logistic_regression,,14,4,4,1.0,0.2857142857142857,0.375,1.0,1.0,0,,,0.8461538461538461,0.7362637362637363,0.8837634906193188,1,1.0,1.0,0.8571428571428571,0.8,0.9541815191317173,0.9638629903751574,0.9971689023324765
label,measured,total,2021-2023,0,weighted,SHAP,logistic_regression,,14,3,4,0.4,0.125,0.2,0.6666666666666666,0.75,1,Income,"GenHlth,HighChol",0.01978021978021978,-0.03296703296703297,0.32348108446076146,0,0.4,0.3333333333333333,0.42857142857142855,0.6,0.7069942787969079,0.646932025416927,0.765057327654984
model,xgboost,random_forest,2021-2023,0,weighted,SHAP,,diag,14,4,5,0.8,0.5,0.6666666666666666,1.0,0.8,0,,Diabetes_self,0.9340659340659341,0.8021978021978022,0.8741943639168519,0,1.0,0.8333333333333334,0.8571428571428571,0.9,0.9181429773775278,0.8874431214953338,0.8704470754397513
model,xgboost,logistic_regression,2021-2023,0,weighted,SHAP,,diag,14,4,4,1.0,0.42857142857142855,0.42857142857142855,1.0,1.0,0,,,0.7978021978021977,0.6923076923076924,0.8580476689064567,1,1.0,0.8333333333333334,0.7142857142857143,0.8,0.9345754699499953,0.9443932724180468,0.9934392742131999
model,random_forest,logistic_regression,2021-2023,0,weighted,SHAP,,diag,14,5,4,0.8,0.2857142857142857,0.42857142857142855,1.0,0.8,0,Diabetes_self,,0.8065934065934066,0.6263736263736264,0.8028414716952124,0,1.0,0.8333333333333334,0.8571428571428571,0.9,0.8984266008249597,0.8731357997841418,0.8696326568396882
model,xgboost,random_forest,2021-2023,0,weighted,SHAP,,measured,14,3,5,0.6,0.375,0.5,1.0,0.6,0,,"Education,HighChol",0.9208791208791209,0.8241758241758242,0.8991152421242723,0,0.8,0.8333333333333334,0.8571428571428571,0.9,0.9516387965733766,0.9515957421178645,0.9891824213113277
model,xgboost,logistic_regression,2021-2023,0,weighted,SHAP,,measured,14,3,3,1.0,0.375,0.375,1.0,1.0,0,,,0.6351648351648352,0.4725274725274726,0.7049424294547544,0,0.8,0.8333333333333334,0.7142857142857143,0.8,0.8556133816492455,0.8209776166527134,0.8465439291611166
model,random_forest,logistic_regression,2021-2023,0,weighted,SHAP,,measured,14,5,3,0.6,0.1111111111111111,0.1111111111111111,1.0,0.6,0,"Education,HighChol",,0.5340659340659341,0.38461538461538464,0.660634882100011,0,0.8,0.8333333333333334,0.7142857142857143,0.7,0.8378076925083364,0.8073698540086729,0.8456965885676825
model,xgboost,random_forest,2021-2023,0,weighted,SHAP,,total,14,4,4,1.0,0.8,0.8333333333333334,1.0,1.0,0,,,0.9296703296703297,0.8021978021978022,0.864455468950691,0,0.8,0.6666666666666666,0.8571428571428571,0.9,0.9027760078233766,0.8659159554511977,0.862066535894661
model,xgboost,logistic_regression,2021-2023,0,weighted,SHAP,,total,14,4,4,1.0,1.0,1.0,1.0,1.0,0,,,0.9032967032967033,0.7802197802197802,0.8927068512392131,0,0.8,0.8333333333333334,1.0,0.9,0.9572520949114238,0.9598873143431261,0.9907126497092318
model,random_forest,logistic_regression,2021-2023,0,weighted,SHAP,,total,14,4,4,1.0,0.8,0.8333333333333334,1.0,1.0,0,,,0.956043956043956,0.8461538461538461,0.8965575578421678,0,1.0,0.8333333333333334,0.8571428571428571,1.0,0.929609058516619,0.8971463684157379,0.8712056376240948
label,diag,measured,2021-2023,0,weighted,PI,xgboost,,14,4,2,0.5,0.25,0.3333333333333333,1.0,0.5,0,"GenHlth,HighChol",,0.16932783827006126,0.11844484241978358,0.38184341064896876,0,0.6,0.5,0.5714285714285714,0.7,0.7474027092226221,0.6896557552150221,0.7756135032502222
label,diag,total,2021-2023,0,weighted,PI,xgboost,,14,4,4,1.0,0.4,0.625,1.0,1.0,0,,,0.8060005101654917,0.6751356017927663,0.8015389304200051,0,1.0,0.8333333333333334,0.8571428571428571,0.9,0.8740416891257097,0.8319007888828085,0.8279863352251048
label,measured,total,2021-2023,0,weighted,PI,xgboost,,14,2,4,0.5,0.2857142857142857,0.4444444444444444,1.0,0.5,0,,"GenHlth,HighChol",0.41609195402298854,0.32098765432098764,0.5619451936801396,0,0.6,0.6666666666666666,0.5714285714285714,0.7,0.820963316670289,0.7939907084500779,0.9039970893364448
label,diag,measured,2021-2023,0,weighted,PI,random_forest,,14,4,2,0.5,0.14285714285714285,0.4,1.0,0.5,0,"GenHlth,HighChol",,0.4312215614610894,0.331645558775394,0.5616027518540034,0,0.6,0.6666666666666666,0.5714285714285714,0.7,0.7668101472226221,0.7080349623261334,0.7786516976946666
label,diag,total,2021-2023,0,weighted,PI,random_forest,,14,4,4,1.0,0.3333333333333333,0.5,1.0,1.0,0,,,0.8259113751736603,0.7053083673458924,0.8307905570588584,0,1.0,0.8333333333333334,0.7142857142857143,0.8,0.8917433506492456,0.8666898868749355,0.8686359430500056
label,measured,total,2021-2023,0,weighted,PI,random_forest,,14,2,4,0.5,0.25,0.3333333333333333,1.0,0.5,0,,"GenHlth,HighChol",0.613675987590406,0.5061710682435311,0.6872041130166407,0,0.6,0.8333333333333334,0.7142857142857143,0.8,0.8480512739509045,0.8197108636131982,0.9080669967510788
label,diag,measured,2021-2023,0,weighted,PI,logistic_regression,,14,4,1,0.25,0.0,0.4166666666666667,1.0,0.25,0,"BMI,GenHlth,HighChol",,0.21923416254112205,0.15289415743128767,0.4168426670847125,0,0.4,0.5,0.42857142857142855,0.8,0.7459137301285668,0.6793067352751897,0.768843850106057
label,diag,total,2021-2023,0,weighted,PI,logistic_regression,,14,4,4,1.0,1.0,1.0,1.0,1.0,0,,,0.8802660753880268,0.7727272727272726,0.8818252393474545,0,1.0,1.0,0.8571428571428571,0.8,0.9341574994866189,0.9273342388512933,0.9560255160963169
label,measured,total,2021-2023,0,weighted,PI,logistic_regression,,14,1,4,0.25,0.0,0.4166666666666667,1.0,0.25,0,,"BMI,GenHlth,HighChol",0.3701049840747974,0.280305955290694,0.49538640238723447,0,0.4,0.5,0.5714285714285714,0.8,0.7547014866642812,0.688311173624396,0.7702311888957396
model,xgboost,random_forest,2021-2023,0,weighted,PI,,diag,14,4,4,1.0,0.75,0.8571428571428571,1.0,1.0,0,,,0.9068736141906876,0.7727272727272726,0.8327337713431383,0,1.0,1.0,1.0,0.8,0.9096837289183406,0.8648524403639597,0.8328562726878157
model,xgboost,logistic_regression,2021-2023,0,weighted,PI,,diag,14,4,4,1.0,0.5,0.75,1.0,1.0,0,,,0.911308203991131,0.8181818181818181,0.8900553130495268,0,1.0,1.0,0.8571428571428571,0.9,0.9296022965733766,0.898902408784531,0.8730365879779943
model,random_forest,logistic_regression,2021-2023,0,weighted,PI,,diag,14,4,4,1.0,0.6666666666666666,0.875,1.0,1.0,0,,,0.8004434589800444,0.6704545454545454,0.8087648497404168,0,1.0,1.0,0.8571428571428571,0.8,0.8881602303817175,0.8464392037084907,0.8309905169158098
model,xgboost,random_forest,2021-2023,0,weighted,PI,,measured,14,2,2,1.0,0.375,0.4444444444444444,1.0,1.0,0,,,0.5310344827586209,0.46913580246913583,0.6623251725044221,0,0.6,0.5,0.5714285714285714,0.8,0.8176064556642813,0.7884234438466181,0.9016982027846285
model,xgboost,logistic_regression,2021-2023,0,weighted,PI,,measured,14,2,1,0.5,0.25,0.5,1.0,0.5,0,BMI,,0.3672487738759712,0.33200794703733155,0.5504628262942983,0,0.4,0.5,0.5714285714285714,0.7,0.7283019979726221,0.6680288752150222,0.7688752220002221
model,random_forest,logistic_regression,2021-2023,0,weighted,PI,,measured,14,2,1,0.5,0.2857142857142857,0.6,1.0,0.5,0,BMI,,0.33844494847393425,0.305447311274345,0.5062605307642991,0,0.6,0.5,0.5714285714285714,0.7,0.767606425170289,0.7144540115611892,0.7908243462808893
model,xgboost,random_forest,2021-2023,0,weighted,PI,,total,14,4,4,1.0,0.6,0.7142857142857143,1.0,1.0,0,,,0.920513981385609,0.8556701391735883,0.9282569293841398,1,1.0,0.8333333333333334,0.8571428571428571,0.9,0.9561669970226263,0.9613052063525311,0.9949237950092443
model,xgboost,logistic_regression,2021-2023,0,weighted,PI,,total,14,4,4,1.0,0.6666666666666666,0.875,1.0,1.0,0,,,0.8330929642887015,0.7462025072446364,0.8844485021292132,1,1.0,0.8333333333333334,0.8571428571428571,0.8,0.9501249114333765,0.9563242373356422,0.9946294699224387
model,random_forest,logistic_regression,2021-2023,0,weighted,PI,,total,14,4,4,1.0,0.4,0.625,1.0,1.0,0,,,0.6875154150094254,0.5781216125786003,0.8038110475894381,1,1.0,0.8333333333333334,0.7142857142857143,0.8,0.930769293596003,0.9402076151370622,0.9929603829872383
method,SHAP,PI,2021-2023,0,weighted,,xgboost,diag,14,4,4,1.0,0.5,0.5714285714285714,1.0,1.0,0,,,0.7880871510605433,0.6704852344015113,0.7992959343896119,0,1.0,0.8333333333333334,0.8571428571428571,0.8,0.8723400191317174,0.8302736570418241,0.8278980689991432
method,SHAP,PI,2021-2023,0,weighted,,xgboost,measured,14,3,2,0.6666666666666666,0.2,0.2222222222222222,1.0,0.6666666666666666,0,Income,,0.42033086326020497,0.3377806696103959,0.5869074710047095,0,0.4,0.5,0.5714285714285714,0.7,0.7812547709735311,0.7537094032990627,0.8941366250936564
method,SHAP,PI,2021-2023,0,weighted,,xgboost,total,14,4,4,1.0,0.16666666666666666,0.4444444444444444,1.0,1.0,0,,,0.6226291396955977,0.5008471997671388,0.7482462328238477,0,0.8,0.6666666666666666,0.7142857142857143,0.7,0.8943609965092456,0.9039994452038245,0.9837618111055612
method,SHAP,PI,2021-2023,0,weighted,,random_forest,diag,14,5,4,0.8,0.4,0.7142857142857143,1.0,0.8,0,Diabetes_self,,0.8763882324118647,0.7822327734684298,0.9020330366569023,1,1.0,1.0,0.8571428571428571,0.8,0.9611574994866188,0.9700009055179601,0.9976921827629835
method,SHAP,PI,2021-2023,0,weighted,,random_forest,measured,14,5,2,0.4,0.1111111111111111,0.2222222222222222,1.0,0.4,0,"Education,HighChol,Income",,0.24500569034953126,0.17471413945365305,0.46775383949563376,0,0.4,0.5,0.5714285714285714,0.6,0.7754065043326221,0.7505874006550223,0.894265847000222
method,SHAP,PI,2021-2023,0,weighted,,random_forest,total,14,4,4,1.0,0.42857142857142855,0.42857142857142855,1.0,1.0,0,,,0.6800419791956445,0.5344015374529363,0.7470980177863842,0,1.0,0.8333333333333334,0.7142857142857143,0.7,0.8830861767592455,0.8602772620927133,0.8683212729111167
method,SHAP,PI,2021-2023,0,weighted,,logistic_regression,diag,14,4,4,1.0,0.4,0.625,1.0,1.0,0,,,0.8101624213983737,0.692834742214895,0.8398512159638996,0,1.0,0.8333333333333334,0.8571428571428571,0.9,0.9164266008249597,0.9104691331174752,0.9529659901730215
method,SHAP,PI,2021-2023,0,weighted,,logistic_regression,measured,14,3,1,0.3333333333333333,0.2857142857142857,0.6666666666666666,1.0,0.3333333333333333,0,"BMI,Income",,0.7439900305455985,0.6264700137907352,0.7925229920502208,0,0.8,0.6666666666666666,0.7142857142857143,0.7,0.8868976767592454,0.8873705954260467,0.96884210624445
method,SHAP,PI,2021-2023,0,weighted,,logistic_regression,total,14,4,4,1.0,0.2,0.5555555555555556,1.0,1.0,0,,,0.8189925295335059,0.7151842500282787,0.8639600340614841,1,1.0,0.8333333333333334,0.8571428571428571,0.8,0.9503140761849598,0.9594225954463642,0.9952402957285771
label,diag,measured,2021-2023,1,unweighted,SHAP,xgboost,,14,4,3,0.4,0.1,0.25,0.6666666666666666,0.75,1,"GenHlth,HighChol",Income,0.5340659340659341,0.42857142857142855,0.6588259244410433,0,0.6,0.6666666666666666,0.5714285714285714,0.8,0.8396942444142812,0.8197032305132845,0.9194390882012952
label,diag,total,2021-2023,1,unweighted,SHAP,xgboost,,14,4,4,1.0,0.5,0.5714285714285714,1.0,1.0,0,,,0.956043956043956,0.8901098901098902,0.9460730388236911,1,1.0,1.0,0.8571428571428571,0.9,0.9777721005742857,0.9808546666463491,0.9980809771825397
label,measured,total,2021-2023,1,unweighted,SHAP,xgboost,,14,3,4,0.4,0.3333333333333333,0.5,0.6666666666666666,0.75,1,Income,"GenHlth,HighChol",0.665934065934066,0.5384615384615384,0.7175116489192306,0,0.6,0.6666666666666666,0.7142857142857143,0.8,0.8580479389499953,0.8361642093069355,0.9212604547687555
label,diag,measured,2021-2023,1,unweighted,SHAP,random_forest,,14,5,4,0.5,0.14285714285714285,0.375,0.75,0.8,1,"Diabetes_self,GenHlth",Income,0.5252747252747253,0.38461538461538464,0.5942384222606765,0,0.6,0.5,0.5714285714285714,0.8,0.7940012596651902,0.7359757017084364,0.7923675919891741
label,diag,total,2021-2023,1,unweighted,SHAP,random_forest,,14,5,5,1.0,0.8,0.8,1.0,1.0,0,,,0.9912087912087912,0.9560439560439562,0.9847366120228624,1,1.0,1.0,1.0,1.0,0.9946576611030831,0.9969905194191666,0.9999462207714161
label,measured,total,2021-2023,1,unweighted,SHAP,random_forest,,14,4,5,0.5,0.2857142857142857,0.42857142857142855,0.75,0.8,1,Income,"Diabetes_self,GenHlth",0.5516483516483517,0.42857142857142855,0.6120416379972098,0,0.6,0.5,0.5714285714285714,0.8,0.7940012596651902,0.7359757017084364,0.7923675919891741
label,diag,measured,2021-2023,1,unweighted,SHAP,logistic_regression,,14,5,4,0.2857142857142857,0.0,0.25,0.5,0.8,1,"Diabetes_self,GenHlth,HighChol","AnyHealthcare,Income",0.24395604395604395,0.14285714285714285,0.40935434949770977,0,0.4,0.5,0.5714285714285714,0.6,0.7351894733326221,0.6743156708772445,0.769482860889111
label,diag,total,2021-2023,1,unweighted,SHAP,logistic_regression,,14,5,5,1.0,0.5,0.5,1.0,1.0,0,,,0.9296703296703297,0.8461538461538461,0.9276374264575502,1,1.0,1.0,0.8571428571428571,0.9,0.9643953320235354,0.9704518606587937,0.9973553369915674
label,measured,total,2021-2023,1,unweighted,SHAP,logistic_regression,,14,4,5,0.2857142857142857,0.0,0.0,0.5,0.8,1,"AnyHealthcare,Income","Diabetes_self,GenHlth,HighChol",0.2527472527472528,0.16483516483516486,0.4332932502541107,0,0.4,0.5,0.7142857142857143,0.6,0.7379985186183364,0.6780772292264509,0.7703819184287934
model,xgboost,random_forest,2021-2023,1,unweighted,SHAP,,diag,14,4,5,0.8,0.6,0.8333333333333334,1.0,0.8,0,,Diabetes_self,0.9692307692307693,0.8901098901098902,0.9140427042679518,0,1.0,0.8333333333333334,0.8571428571428571,0.9,0.9289093118242857,0.8951748799796826,0.8709650917658731
model,xgboost,logistic_regression,2021-2023,1,unweighted,SHAP,,diag,14,4,5,0.8,0.3333333333333333,0.5714285714285714,1.0,0.8,0,,Diabetes_self,0.8417582417582418,0.7142857142857144,0.8378617234209762,0,1.0,0.8333333333333334,0.8571428571428571,0.8,0.9025098231326265,0.8748925815703088,0.8696091248703554
model,random_forest,logistic_regression,2021-2023,1,unweighted,SHAP,,diag,14,5,5,1.0,0.6,0.6666666666666666,1.0,1.0,0,,,0.8901098901098902,0.7802197802197802,0.8999309963565472,1,1.0,1.0,0.8571428571428571,0.9,0.9660084970226264,0.9722278730191978,0.997527961675911
model,xgboost,random_forest,2021-2023,1,unweighted,SHAP,,measured,14,3,4,0.75,0.5714285714285714,0.6666666666666666,1.0,0.75,0,,HighChol,0.9692307692307693,0.8901098901098902,0.9455712836653716,0,0.8,1.0,1.0,1.0,0.970331427448341,0.9712609361506264,0.9929799706044824
model,xgboost,logistic_regression,2021-2023,1,unweighted,SHAP,,measured,14,3,4,0.75,0.5,0.2857142857142857,1.0,0.75,0,,AnyHealthcare,0.6923076923076923,0.5164835164835165,0.6854418593261828,0,0.6,0.6666666666666666,0.7142857142857143,0.8,0.8406073088469124,0.7981120863322135,0.8377638867751172
model,random_forest,logistic_regression,2021-2023,1,unweighted,SHAP,,measured,14,4,4,0.6,0.2857142857142857,0.375,0.75,1.0,1,HighChol,AnyHealthcare,0.6483516483516484,0.4945054945054945,0.6829106972322192,0,0.8,0.6666666666666666,0.7142857142857143,0.8,0.8457765358460032,0.8088155582481731,0.8437524836816828
model,xgboost,random_forest,2021-2023,1,unweighted,SHAP,,total,14,4,5,0.8,0.42857142857142855,0.5,1.0,0.8,0,,Diabetes_self,0.9076923076923077,0.7802197802197802,0.8628726720297071,0,1.0,0.8333333333333334,0.8571428571428571,0.9,0.9128052926773689,0.8831942491766267,0.8702060173984003
model,xgboost,logistic_regression,2021-2023,1,unweighted,SHAP,,total,14,4,5,0.8,0.42857142857142855,0.5,1.0,0.8,0,,Diabetes_self,0.9164835164835166,0.8021978021978022,0.8741207057606784,0,1.0,0.8333333333333334,0.8571428571428571,0.9,0.9171457082726264,0.886548086352531,0.8704120762592443
model,random_forest,logistic_regression,2021-2023,1,unweighted,SHAP,,total,14,5,5,1.0,1.0,1.0,1.0,1.0,0,,,0.9472527472527472,0.8461538461538461,0.9351491141096793,1,1.0,1.0,0.8571428571428571,1.0,0.9736888782666189,0.9790978848601823,0.9981045091518725
label,diag,measured,2021-2023,1,unweighted,PI,xgboost,,14,4,2,0.5,0.0,0.2727272727272727,1.0,0.5,0,"BMI,GenHlth",,0.45915134454378076,0.36081263630024357,0.56076495173925,0,0.6,0.5,0.42857142857142855,0.9,0.7682522739154838,0.7013845704160232,0.7752452855846411
label,diag,total,2021-2023,1,unweighted,PI,xgboost,,14,4,3,0.75,0.4,0.75,1.0,0.75,0,GenHlth,,0.9032710716703473,0.8117599696745418,0.9099642615995143,1,1.0,0.8333333333333334,0.8571428571428571,0.9,0.9599731733766186,0.9654908636335156,0.9954026862352059
label,measured,total,2021-2023,1,unweighted,PI,xgboost,,14,2,3,0.6666666666666666,0.125,0.4,1.0,0.6666666666666666,0,,BMI,0.48663838565953144,0.37482939589017267,0.5789787162815183,0,0.6,0.6666666666666666,0.5714285714285714,0.8,0.7770239601144402,0.7146238326097697,0.7788381323537574
label,diag,measured,2021-2023,1,unweighted,PI,random_forest,,14,4,3,0.4,0.14285714285714285,0.3,0.6666666666666666,0.75,1,"BMI,Diabetes_self",Stroke,0.3400743542138373,0.25391668753850405,0.5397175632127271,0,0.6,0.5,0.42857142857142855,0.7,0.7927681221345746,0.7666070629897604,0.8995715561023179
label,diag,total,2021-2023,1,unweighted,PI,random_forest,,14,4,3,0.75,0.6,0.8571428571428571,1.0,0.75,0,Diabetes_self,,0.943651593594624,0.8539864924534398,0.9199009218390536,0,0.8,0.8333333333333334,0.8571428571428571,0.9,0.9548086005742855,0.9535479999796825,0.9892268105158731
label,measured,total,2021-2023,1,unweighted,PI,random_forest,,14,3,3,0.5,0.14285714285714285,0.4,0.6666666666666666,1.0,1,Stroke,BMI,0.5077844035886956,0.41574858983784063,0.637843677486253,0,0.6,0.6666666666666666,0.5714285714285714,0.8,0.8188588103102887,0.791432183010078,0.9036064643364448
label,diag,measured,2021-2023,1,unweighted,PI,logistic_regression,,14,4,1,0.25,0.125,0.2727272727272727,1.0,0.25,0,"BMI,GenHlth,HighChol",,-0.1438202247191011,-0.10588235294117648,0.19032362980290976,0,0.2,0.16666666666666666,0.42857142857142855,0.6,0.6388057787969079,0.5513586920835937,0.6989114943216506
label,diag,total,2021-2023,1,unweighted,PI,logistic_regression,,14,4,3,0.75,0.4,0.75,1.0,0.75,0,GenHlth,,0.9330566346556486,0.8671824188679005,0.9317150937265785,0,0.8,1.0,0.8571428571428571,0.9,0.9646501005742856,0.9644706666463492,0.9918309771825398
label,measured,total,2021-2023,1,unweighted,PI,logistic_regression,,14,1,3,0.3333333333333333,0.0,0.16666666666666666,1.0,0.3333333333333333,0,,"BMI,HighChol",-0.28125630614021946,-0.23124864503144013,0.10848289325963065,0,0.2,0.16666666666666666,0.2857142857142857,0.6,0.6252350532611937,0.5386259835121651,0.6973071416430792
model,xgboost,random_forest,2021-2023,1,unweighted,PI,,diag,14,4,4,0.6,0.16666666666666666,0.625,0.75,1.0,1,GenHlth,Diabetes_self,0.8276276814319438,0.6745611015605348,0.8129426591888629,0,1.0,1.0,0.8571428571428571,0.8,0.8969352303817175,0.8635058703751572,0.8570321835824765
model,xgboost,logistic_regression,2021-2023,1,unweighted,PI,,diag,14,4,4,1.0,1.0,1.0,1.0,1.0,0,,,0.9955056179775281,0.9764705882352942,0.9897773273843959,1,1.0,1.0,1.0,1.0,0.9952170309999999,0.9962717297777779,0.9997829861111112
model,random_forest,logistic_regression,2021-2023,1,unweighted,PI,,diag,14,4,4,0.6,0.16666666666666666,0.625,0.75,1.0,1,Diabetes_self,GenHlth,0.8320772926224381,0.6974275795795359,0.8225943769760395,0,1.0,1.0,0.8571428571428571,0.8,0.8969352303817175,0.8635058703751572,0.8570321835824765
model,xgboost,random_forest,2021-2023,1,unweighted,PI,,measured,14,2,3,0.6666666666666666,0.5,0.75,1.0,0.6666666666666666,0,,Stroke,0.886904761904762,0.7763157894736841,0.8542436295894335,0,0.8,1.0,0.8571428571428571,0.9,0.9114723275733765,0.8905234718956421,0.9342779074224388
model,xgboost,logistic_regression,2021-2023,1,unweighted,PI,,measured,14,2,1,0.5,0.5714285714285714,0.5555555555555556,1.0,0.5,0,HighChol,,0.14919527316410006,0.12441815044835987,0.3461593927851101,0,0.2,0.5,0.7142857142857143,0.7,0.6883086925083365,0.5998391873420065,0.7071549219010157
model,random_forest,logistic_regression,2021-2023,1,unweighted,PI,,measured,14,3,1,0.3333333333333333,0.25,0.4,1.0,0.3333333333333333,0,"HighChol,Stroke",,0.29376433630760784,0.2612781159415557,0.46581094178300453,0,0.4,0.5,0.5714285714285714,0.8,0.7508906561135311,0.6853649080812848,0.7699395764825452
model,xgboost,random_forest,2021-2023,1,unweighted,PI,,total,14,3,3,1.0,1.0,1.0,1.0,1.0,0,,,0.8596732316353835,0.7079098555864041,0.8286152823237355,0,0.8,1.0,1.0,0.9,0.8931069146614241,0.8562388307875703,0.8519865212370095
model,xgboost,logistic_regression,2021-2023,1,unweighted,PI,,total,14,3,3,1.0,1.0,1.0,1.0,1.0,0,,,0.844203533379734,0.6854365268376295,0.8539688348017342,0,0.8,0.8333333333333334,1.0,0.8,0.9457860137723331,0.9501840674227222,0.9899540875248883
model,random_forest,logistic_regression,2021-2023,1,unweighted,PI,,total,14,3,3,1.0,1.0,1.0,1.0,1.0,0,,,0.8137472283813748,0.6477272727272727,0.7903102292570228,0,0.6,0.8333333333333334,1.0,0.8,0.8684417446674317,0.8273050322799191,0.8430440883443813
method,SHAP,PI,2021-2023,1,unweighted,,xgboost,diag,14,4,4,1.0,0.4,0.625,1.0,1.0,0,,,0.6622631039225557,0.5344015374529363,0.7949566022354948,1,1.0,0.8333333333333334,0.8571428571428571,0.6,0.9238512131540506,0.9394022080201017,0.994078284996254
method,SHAP,PI,2021-2023,1,unweighted,,xgboost,measured,14,3,2,0.25,0.3333333333333333,0.375,0.5,0.6666666666666666,1,"BMI,Income",HighChol,0.519272727339354,0.3847888561951054,0.5884500768971672,0,0.8,0.8333333333333334,0.7142857142857143,0.6,0.7676871988683365,0.6989950461153397,0.7471288802343491
method,SHAP,PI,2021-2023,1,unweighted,,xgboost,total,14,4,3,0.75,0.2857142857142857,0.5,1.0,0.75,0,GenHlth,,0.6710675127878506,0.5966941897186163,0.8166406772237264,1,1.0,0.8333333333333334,0.7142857142857143,0.7,0.9201334037583362,0.9345967340086729,0.9930598698176825
method,SHAP,PI,2021-2023,1,unweighted,,random_forest,diag,14,5,4,0.8,0.14285714285714285,0.375,1.0,0.8,0,GenHlth,,0.7722776950443788,0.6187939745230095,0.8229870010726847,0,1.0,1.0,0.8571428571428571,0.8,0.9311688959349598,0.9357741118908085,0.9815141672563548
method,SHAP,PI,2021-2023,1,unweighted,,random_forest,measured,14,4,3,0.4,0.6,0.625,0.6666666666666666,0.75,1,"BMI,Income",Stroke,0.5467232679916547,0.4809860702438818,0.6012172344437858,0,0.8,0.8333333333333334,0.8571428571428571,0.7,0.7823232220449599,0.7111214871085864,0.748386997117466
method,SHAP,PI,2021-2023,1,unweighted,,random_forest,total,14,5,3,0.6,0.2857142857142857,0.5714285714285714,1.0,0.6,0,"Diabetes_self,GenHlth",,0.7174462859794862,0.5587376953345927,0.7792534647594733,0,0.8,0.8333333333333334,0.8571428571428571,0.7,0.8995482220449598,0.9020548204419196,0.9723453304507994
method,SHAP,PI,2021-2023,1,unweighted,,logistic_regression,diag,14,5,4,0.8,0.4,0.7142857142857143,1.0,0.8,0,Diabetes_self,,0.8200506219712185,0.6935849741410449,0.8420550709178726,0,1.0,1.0,0.8571428571428571,0.8,0.9129876954857099,0.8880486476561418,0.872647793558438
method,SHAP,PI,2021-2023,1,unweighted,,logistic_regression,measured,14,4,1,0.25,0.375,0.7142857142857143,1.0,0.25,0,"AnyHealthcare,BMI,Income",,0.5578122116931594,0.4206990826757158,0.5517504244080381,0,0.6,0.6666666666666666,0.7142857142857143,0.8,0.7630399699499955,0.6841692724180467,0.7387517742131998
method,SHAP,PI,2021-2023,1,unweighted,,logistic_regression,total,14,5,3,0.6,0.2857142857142857,0.5714285714285714,1.0,0.6,0,"Diabetes_self,GenHlth",,0.832237691736204,0.692834742214895,0.8353312130795123,0,0.8,1.0,0.8571428571428571,0.8,0.9020335761849598,0.8739612621130308,0.8665944623952437
label,diag,measured,2021-2023,1,weighted,SHAP,xgboost,,14,4,3,0.4,0.2,0.2857142857142857,0.6666666666666666,0.75,1,"GenHlth,HighChol",Income,0.5516483516483517,0.45054945054945056,0.6716402771988814,0,0.6,0.6666666666666666,0.5714285714285714,0.8,0.8396942444142812,0.8197032305132845,0.9194390882012952
label,diag,total,2021-2023,1,weighted,SHAP,xgboost,,14,4,4,1.0,0.6666666666666666,0.6666666666666666,1.0,1.0,0,,,0.9428571428571428,0.8681318681318682,0.9337835496653248,1,1.0,1.0,0.8571428571428571,0.9,0.9777721005742857,0.9808546666463491,0.9980809771825397
label,measured,total,2021-2023,1,weighted,SHAP,xgboost,,14,3,4,0.4,0.3333333333333333,0.5,0.6666666666666666,0.75,1,Income,"GenHlth,HighChol",0.6923076923076923,0.5824175824175825,0.7463228200648756,0,0.6,0.6666666666666666,0.7142857142857143,0.8,0.8580479389499953,0.8361642093069355,0.9212604547687555
label,diag,measured,2021-2023,1,weighted,SHAP,random_forest,,14,5,4,0.5,0.14285714285714285,0.375,0.75,0.8,1,"Diabetes_self,GenHlth",Income,0.5296703296703297,0.4065934065934066,0.6015392453872892,0,0.6,0.5,0.5714285714285714,0.8,0.7940012596651902,0.7359757017084364,0.7923675919891741
label,diag,total,2021-2023,1,weighted,SHAP,random_forest,,14,5,5,1.0,0.8,0.8,1.0,1.0,0,,,0.9824175824175824,0.9120879120879122,0.9601030137543148,1,1.0,0.8333333333333334,1.0,1.0,0.9800331921030829,0.9823395825302776,0.9971250402158607
label,measured,total,2021-2023,1,weighted,SHAP,random_forest,,14,4,5,0.5,0.2857142857142857,0.42857142857142855,0.75,0.8,1,Income,"Diabetes_self,GenHlth",0.5912087912087912,0.45054945054945056,0.629299310705399,0,0.6,0.5,0.5714285714285714,0.8,0.7940012596651902,0.7359757017084364,0.7923675919891741
label,diag,measured,2021-2023,1,weighted,SHAP,logistic_regression,,14,5,4,0.2857142857142857,0.0,0.375,0.5,0.8,1,"Diabetes_self,GenHlth,HighChol","AnyHealthcare,Income",0.2571428571428571,0.16483516483516486,0.41766340966756077,0,0.4,0.5,0.5714285714285714,0.6,0.7351894733326221,0.6743156708772445,0.769482860889111
label,diag,total,2021-2023,1,weighted,SHAP,logistic_regression,,14,5,4,0.8,0.42857142857142855,0.5,1.0,0.8,0,Diabetes_self,,0.9296703296703297,0.8461538461538461,0.9276374264575502,1,1.0,1.0,0.8571428571428571,0.9,0.9643953320235354,0.9704518606587937,0.9973553369915674
label,measured,total,2021-2023,1,weighted,SHAP,logistic_regression,,14,4,4,0.3333333333333333,0.0,0.1111111111111111,0.5,1.0,1,"AnyHealthcare,Income","GenHlth,HighChol",0.27472527472527475,0.18681318681318684,0.4420802350023426,0,0.4,0.5,0.7142857142857143,0.6,0.7427814876183365,0.681805499448673,0.7705989323176824
model,xgboost,random_forest,2021-2023,1,weighted,SHAP,,diag,14,4,5,0.8,0.5,0.6666666666666666,1.0,0.8,0,,Diabetes_self,0.9692307692307693,0.8901098901098902,0.9140427042679518,0,1.0,0.8333333333333334,0.8571428571428571,0.9,0.9289093118242857,0.8951748799796826,0.8709650917658731
model,xgboost,logistic_regression,2021-2023,1,weighted,SHAP,,diag,14,4,5,0.8,0.2857142857142857,0.42857142857142855,1.0,0.8,0,,Diabetes_self,0.8417582417582418,0.7142857142857144,0.8378617234209762,0,1.0,0.8333333333333334,0.8571428571428571,0.8,0.9025098231326265,0.8748925815703088,0.8696091248703554
model,random_forest,logistic_regression,2021-2023,1,weighted,SHAP,,diag,14,5,5,1.0,0.6,0.6666666666666666,1.0,1.0,0,,,0.8901098901098902,0.7802197802197802,0.8999309963565472,1,1.0,1.0,0.8571428571428571,0.9,0.9660084970226264,0.9722278730191978,0.997527961675911
model,xgboost,random_forest,2021-2023,1,weighted,SHAP,,measured,14,3,4,0.75,0.5714285714285714,0.6666666666666666,1.0,0.75,0,,HighChol,0.9692307692307693,0.8901098901098902,0.9383110316087367,0,0.8,0.8333333333333334,1.0,1.0,0.9631050157490908,0.9617699252492931,0.9903961489898991
model,xgboost,logistic_regression,2021-2023,1,weighted,SHAP,,measured,14,3,4,0.75,0.5714285714285714,0.42857142857142855,1.0,0.75,0,,AnyHealthcare,0.7010989010989012,0.5164835164835165,0.6801269178611115,0,0.6,0.5,0.7142857142857143,0.8,0.8355487778469122,0.7909176898877691,0.8353767339973395
model,random_forest,logistic_regression,2021-2023,1,weighted,SHAP,,measured,14,4,4,0.6,0.3333333333333333,0.5,0.75,1.0,1,HighChol,AnyHealthcare,0.6967032967032967,0.5384615384615384,0.7045690837023845,0,0.8,0.6666666666666666,0.7142857142857143,0.8,0.8505595048460033,0.8125438284703954,0.8439694975705716
model,xgboost,random_forest,2021-2023,1,weighted,SHAP,,total,14,4,5,0.8,0.42857142857142855,0.5,1.0,0.8,0,,Diabetes_self,0.9208791208791209,0.8021978021978022,0.8742609319831264,0,1.0,0.8333333333333334,0.7142857142857143,0.9,0.9099962473916545,0.8794326908274204,0.8693069598587178
model,xgboost,logistic_regression,2021-2023,1,weighted,SHAP,,total,14,4,4,1.0,0.5714285714285714,0.5,1.0,1.0,0,,,0.9208791208791209,0.8241758241758242,0.8860432171177878,0,1.0,0.8333333333333334,0.8571428571428571,0.9,0.9171457082726264,0.886548086352531,0.8704120762592443
model,random_forest,logistic_regression,2021-2023,1,weighted,SHAP,,total,14,5,4,0.8,0.8333333333333334,1.0,1.0,0.8,0,Diabetes_self,,0.9428571428571428,0.8461538461538461,0.9301829656782534,1,1.0,0.8333333333333334,0.8571428571428571,1.0,0.9686303472666189,0.9719034884157378,0.9957173563740948
label,diag,measured,2021-2023,1,weighted,PI,xgboost,,14,4,3,0.75,0.16666666666666666,0.4,1.0,0.75,0,GenHlth,,0.5513516477510652,0.42780999330816427,0.6505512719719223,0,0.6,0.5,0.5714285714285714,0.8,0.8310484866642811,0.8102951736243957,0.9171061888957397
label,diag,total,2021-2023,1,weighted,PI,xgboost,,14,4,3,0.75,0.16666666666666666,0.5555555555555556,1.0,0.75,0,GenHlth,,0.7836720969929772,0.6257862187747438,0.7694774624360359,0,1.0,0.8333333333333334,0.7142857142857143,0.8,0.8609623049509045,0.8199505933909761,0.8265999828621899
label,measured,total,2021-2023,1,weighted,PI,xgboost,,14,3,3,1.0,0.2,0.6,1.0,1.0,0,,,0.7844928714250409,0.670844483185601,0.7719702033031676,0,0.6,0.6666666666666666,0.8571428571428571,0.9,0.8568564970226265,0.8120145396858642,0.8391946283425776
label,diag,measured,2021-2023,1,weighted,PI,random_forest,,14,3,3,0.5,0.2857142857142857,0.4444444444444444,0.6666666666666666,1.0,1,BMI,Stroke,0.7401936032947599,0.6220907522417993,0.7433734571773489,0,0.6,0.6666666666666666,0.7142857142857143,0.8,0.8645860200969122,0.8406882996655467,0.9215855013584505
label,diag,total,2021-2023,1,weighted,PI,random_forest,,14,3,3,1.0,0.5714285714285714,0.5714285714285714,1.0,1.0,0,,,0.939753213373273,0.8440575543647565,0.9119463060333548,0,0.8,0.8333333333333334,0.8571428571428571,1.0,0.950725378266619,0.9517912181935158,0.9892503424852059
label,measured,total,2021-2023,1,weighted,PI,random_forest,,14,3,3,0.5,0.3333333333333333,0.75,0.6666666666666666,1.0,1,Stroke,BMI,0.8501367842887666,0.6603065838600999,0.7655697437166058,0,0.6,0.6666666666666666,0.8571428571428571,0.8,0.8749822874349598,0.8527081421130307,0.9233327436452438
label,diag,measured,2021-2023,1,weighted,PI,logistic_regression,,14,3,1,0.3333333333333333,0.0,0.5,1.0,0.3333333333333333,0,"BMI,HighChol",,0.2411898988550946,0.1913146810611838,0.45699897330336336,0,0.6,0.5,0.5714285714285714,0.7,0.7462069669726221,0.6881411454372445,0.7753422358891111
label,diag,total,2021-2023,1,weighted,PI,logistic_regression,,14,3,3,1.0,0.75,0.875,1.0,1.0,0,,,0.984154454172762,0.9520836759818798,0.9781283572737351,1,1.0,1.0,0.8571428571428571,0.9,0.9827488885226265,0.98644190324142,0.9987215380647998
label,measured,total,2021-2023,1,weighted,PI,logistic_regression,,14,1,3,0.3333333333333333,0.0,0.4166666666666667,1.0,0.3333333333333333,0,,"BMI,HighChol",0.27132818809592985,0.2239789469684309,0.47245566308027764,0,0.6,0.5,0.5714285714285714,0.8,0.7558660641642811,0.694209413624396,0.7755046263957397
model,xgboost,random_forest,2021-2023,1,weighted,PI,,diag,14,4,3,0.75,0.42857142857142855,0.5714285714285714,1.0,0.75,0,GenHlth,,0.9040381268792769,0.8209326898616125,0.8873004062534829,0,1.0,1.0,0.8571428571428571,0.9,0.9293772965733766,0.9106357421178641,0.9407449213113277
model,xgboost,logistic_regression,2021-2023,1,weighted,PI,,diag,14,4,3,0.75,0.4,0.75,1.0,0.75,0,GenHlth,,0.930824441749774,0.8440575543647566,0.8822506712663449,0,1.0,1.0,1.0,0.9,0.9027962535583407,0.8585656447017374,0.8322486337989268
model,random_forest,logistic_regression,2021-2023,1,weighted,PI,,diag,14,3,3,1.0,0.5,0.625,1.0,1.0,0,,,0.8730337078651685,0.7529411764705882,0.8466311207830318,0,1.0,1.0,0.8571428571428571,0.9,0.9039792392726265,0.8681424827969753,0.857174229037022
model,xgboost,random_forest,2021-2023,1,weighted,PI,,measured,14,3,3,0.5,0.2,0.7777777777777778,0.6666666666666666,1.0,1,BMI,Stroke,0.8616316163353065,0.7340670876453232,0.846333442480999,0,0.8,0.8333333333333334,1.0,0.7,0.8909019165806742,0.8758491325689037,0.932500030351593
model,xgboost,logistic_regression,2021-2023,1,weighted,PI,,measured,14,3,1,0.3333333333333333,0.2,0.6363636363636364,1.0,0.3333333333333333,0,"BMI,HighChol",,0.32609858773775546,0.24597601850723633,0.46882411863996354,0,0.6,0.5,0.5714285714285714,0.7,0.741423997972622,0.6844128752150221,0.7751252220002222
model,random_forest,logistic_regression,2021-2023,1,weighted,PI,,measured,14,3,1,0.3333333333333333,0.2,0.6363636363636364,1.0,0.3333333333333333,0,"HighChol,Stroke",,0.40279634799633385,0.3468439878096479,0.5666902871357191,0,0.6,0.5,0.5714285714285714,0.7,0.7704106782226221,0.7189840254372443,0.7914555171391111
model,xgboost,random_forest,2021-2023,1,weighted,PI,,total,14,3,3,1.0,0.6,0.75,1.0,1.0,0,,,0.9514441515604879,0.849281296908581,0.8850189516954272,0,0.8,1.0,1.0,0.9,0.9090171148599999,0.8663604952177777,0.8523220486111112
model,xgboost,logistic_regression,2021-2023,1,weighted,PI,,total,14,3,3,1.0,0.75,0.875,1.0,1.0,0,,,0.8204318988768706,0.7105041671115224,0.8652806180659744,1,1.0,0.8333333333333334,0.8571428571428571,0.8,0.9395523959349596,0.9504514452241419,0.9945350005896881
model,random_forest,logistic_regression,2021-2023,1,weighted,PI,,total,14,3,3,1.0,0.5,0.625,1.0,1.0,0,,,0.8240621462476315,0.6751356017927663,0.8027635436431804,0,0.8,0.8333333333333334,0.8571428571428571,0.8,0.86798836493496,0.8321957154463642,0.8478770144785771
method,SHAP,PI,2021-2023,1,weighted,,xgboost,diag,14,4,4,1.0,0.2857142857142857,0.375,1.0,1.0,0,,,0.6644656371686934,0.4916891718944416,0.722768292905793,0,1.0,0.8333333333333334,0.8571428571428571,0.7,0.8605083870440506,0.823148166135657,0.8277262884684762
method,SHAP,PI,2021-2023,1,weighted,,xgboost,measured,14,3,3,0.5,0.25,0.3333333333333333,0.6666666666666666,1.0,1,Income,HighChol,0.4422495224180825,0.35247760980938353,0.5950065490977785,0,0.8,0.6666666666666666,0.7142857142857143,0.8,0.8080102013992456,0.7584171330971577,0.8015678006888944
method,SHAP,PI,2021-2023,1,weighted,,xgboost,total,14,4,3,0.75,0.3333333333333333,0.625,1.0,0.75,0,GenHlth,,0.6615384615384616,0.4945054945054945,0.7718532490566734,1,1.0,0.8333333333333334,0.8571428571428571,0.7,0.9308952220449598,0.9440388204419197,0.9942203304507994
method,SHAP,PI,2021-2023,1,weighted,,random_forest,diag,14,5,3,0.6,0.1111111111111111,0.25,1.0,0.6,0,"Diabetes_self,GenHlth",,0.7467127614697273,0.6026230103192687,0.8159075122053996,0,1.0,1.0,0.8571428571428571,0.7,0.9225117220449597,0.9293614871085862,0.981199497117466
method,SHAP,PI,2021-2023,1,weighted,,random_forest,measured,14,4,3,0.4,0.4,0.5555555555555556,0.6666666666666666,0.75,1,"BMI,Income",Stroke,0.4758093713065446,0.40883815970729953,0.5784634099543442,0,0.8,0.6666666666666666,0.7142857142857143,0.7,0.7905127650599955,0.7234689178580468,0.7605291179631999
method,SHAP,PI,2021-2023,1,weighted,,random_forest,total,14,5,3,0.6,0.1111111111111111,0.25,1.0,0.6,0,"Diabetes_self,GenHlth",,0.6777107993713916,0.536388187521209,0.7621621009288302,0,0.8,0.8333333333333334,0.7142857142857143,0.7,0.8907604655092456,0.8930503820927134,0.9709579916611167
method,SHAP,PI,2021-2023,1,weighted,,logistic_regression,diag,14,5,3,0.6,0.16666666666666666,0.625,1.0,0.6,0,"Diabetes_self,GenHlth",,0.8200506219712185,0.6935849741410449,0.8420550709178726,0,1.0,1.0,0.8571428571428571,0.8,0.9129876954857099,0.8880486476561418,0.872647793558438
method,SHAP,PI,2021-2023,1,weighted,,logistic_regression,measured,14,4,1,0.25,0.16666666666666666,0.45454545454545453,1.0,0.25,0,"AnyHealthcare,BMI,Income",,0.10465881242474064,0.09245003270420486,0.3466634152106812,0,0.4,0.3333333333333333,0.42857142857142855,0.7,0.7156514526869078,0.6533446501991492,0.765371997793873
method,SHAP,PI,2021-2023,1,weighted,,logistic_regression,total,14,4,3,0.75,0.42857142857142855,0.5714285714285714,1.0,0.75,0,GenHlth,,0.8294229333851104,0.7105041671115224,0.849261568160047,0,1.0,1.0,0.8571428571428571,0.8,0.9129876954857099,0.8880486476561418,0.872647793558438
label,diag,measured,2021-2023,2,unweighted,SHAP,xgboost,,14,4,3,0.4,0.2,0.2857142857142857,0.6666666666666666,0.75,1,"GenHlth,HighChol",Income,0.37142857142857144,0.3186813186813187,0.5703932682484962,0,0.4,0.3333333333333333,0.5714285714285714,0.8,0.7860491561135312,0.7544422414146182,0.8923354098158786
label,diag,total,2021-2023,2,unweighted,SHAP,xgboost,,14,4,4,1.0,1.0,1.0,1.0,1.0,0,,,0.956043956043956,0.8681318681318682,0.9315271285549498,1,1.0,0.8333333333333334,0.8571428571428571,1.0,0.9708028821626264,0.9729607111347534,0.9957267463981332
label,measured,total,2021-2023,2,unweighted,SHAP,xgboost,,14,3,4,0.4,0.2,0.2857142857142857,0.6666666666666666,0.75,1,Income,"GenHlth,HighChol",0.5252747252747253,0.4065934065934066,0.6147379729262291,0,0.4,0.3333333333333333,0.5714285714285714,0.8,0.7978127596651903,0.7630690350417698,0.8928884253225073
label,diag,measured,2021-2023,2,unweighted,SHAP,random_forest,,14,5,4,0.5,0.16666666666666666,0.5,0.75,0.8,1,"Diabetes_self,GenHlth",Income,0.5340659340659341,0.4065934065934066,0.5990225917180265,0,0.6,0.5,0.5714285714285714,0.8,0.7908314556642813,0.7340234438466181,0.7923232027846285
label,diag,total,2021-2023,2,unweighted,SHAP,random_forest,,14,5,5,1.0,0.75,0.8333333333333334,1.0,1.0,0,,,0.9868131868131869,0.9340659340659341,0.957044296452677,0,1.0,0.8333333333333334,1.0,1.0,0.9697609651039922,0.962420110614318,0.9817614433092949
label,measured,total,2021-2023,2,unweighted,SHAP,random_forest,,14,4,5,0.5,0.3333333333333333,0.5714285714285714,0.75,0.8,1,Income,"Diabetes_self,GenHlth",0.5956043956043956,0.4725274725274726,0.6394473301183277,0,0.6,0.6666666666666666,0.5714285714285714,0.8,0.8028454905602889,0.7460033332323003,0.7949367594753336
label,diag,measured,2021-2023,2,unweighted,SHAP,logistic_regression,,14,5,3,0.3333333333333333,0.0,0.18181818181818182,0.6666666666666666,0.6,1,"Diabetes_self,GenHlth,HighChol",Income,-0.02417582417582418,-0.01098901098901099,0.2973471443907968,0,0.4,0.3333333333333333,0.2857142857142857,0.7,0.6972977581511935,0.6368836714054983,0.7635506312264126
label,diag,total,2021-2023,2,unweighted,SHAP,logistic_regression,,14,5,4,0.8,0.5,0.6666666666666666,1.0,0.8,0,Diabetes_self,,0.9340659340659341,0.8241758241758242,0.885603106352202,0,1.0,0.8333333333333334,0.8571428571428571,1.0,0.916038471017528,0.8848845960553338,0.8700564504397513
label,measured,total,2021-2023,2,unweighted,SHAP,logistic_regression,,14,3,4,0.4,0.14285714285714285,0.3,0.6666666666666666,0.75,1,Income,"GenHlth,HighChol",0.23076923076923075,0.16483516483516486,0.4381363068470113,0,0.4,0.3333333333333333,0.42857142857142855,0.7,0.7216301639369078,0.6585875301991492,0.765860279043873
model,xgboost,random_forest,2021-2023,2,unweighted,SHAP,,diag,14,4,5,0.8,0.6,0.8333333333333334,1.0,0.8,0,,Diabetes_self,0.9384615384615385,0.8021978021978022,0.8738027020989095,0,1.0,1.0,0.8571428571428571,0.9,0.9103753732717175,0.8736467653796016,0.8575638676102543
model,xgboost,logistic_regression,2021-2023,2,unweighted,SHAP,,diag,14,4,5,0.8,0.5,0.6666666666666666,1.0,0.8,0,,Diabetes_self,0.9032967032967033,0.7582417582417583,0.8714094028640944,0,1.0,1.0,0.8571428571428571,0.9,0.9221995850758689,0.8949818745348488,0.8729865078497893
model,random_forest,logistic_regression,2021-2023,2,unweighted,SHAP,,diag,14,5,5,1.0,0.4,0.5714285714285714,1.0,1.0,0,,,0.8637362637362638,0.7362637362637363,0.8733549760515801,0,1.0,1.0,0.8571428571428571,0.9,0.9398260698249596,0.9421867366730308,0.9818288373952437
model,xgboost,random_forest,2021-2023,2,unweighted,SHAP,,measured,14,3,4,0.75,0.5714285714285714,0.6666666666666666,1.0,0.75,0,,HighChol,0.9208791208791209,0.8021978021978022,0.883460980116959,0,0.8,0.8333333333333334,0.8571428571428571,1.0,0.9351154665673689,0.927622873958849,0.9736456875372893
model,xgboost,logistic_regression,2021-2023,2,unweighted,SHAP,,measured,14,3,3,1.0,0.42857142857142855,0.5,1.0,1.0,0,,,0.7582417582417583,0.6043956043956044,0.7684132424760195,0,0.8,0.8333333333333334,0.7142857142857143,0.8,0.8770128398469124,0.8472904827766581,0.862026039552895
model,random_forest,logistic_regression,2021-2023,2,unweighted,SHAP,,measured,14,4,3,0.75,0.4,0.5555555555555556,1.0,0.75,0,HighChol,,0.7802197802197802,0.6263736263736264,0.7678047420753309,0,0.8,0.8333333333333334,0.7142857142857143,0.8,0.8613982739509047,0.8243615302798648,0.8466086634177454
model,xgboost,random_forest,2021-2023,2,unweighted,SHAP,,total,14,4,5,0.8,0.8,1.0,1.0,0.8,0,,Diabetes_self,0.9340659340659341,0.7802197802197802,0.8630595746773237,0,1.0,0.8333333333333334,0.7142857142857143,0.9,0.9147792163916546,0.8831609610496425,0.8695239737476066
model,xgboost,logistic_regression,2021-2023,2,unweighted,SHAP,,total,14,4,4,1.0,1.0,1.0,1.0,1.0,0,,,0.9296703296703297,0.8461538461538461,0.9436767197357707,1,1.0,1.0,1.0,0.9,0.982383475610674,0.9894905954666817,0.999763485212704
model,random_forest,logistic_regression,2021-2023,2,unweighted,SHAP,,total,14,5,4,0.8,0.8,1.0,1.0,0.8,0,Diabetes_self,,0.8725274725274725,0.6703296703296704,0.8239640311861542,0,1.0,0.8333333333333334,0.7142857142857143,0.9,0.9063792357892455,0.8783453916571577,0.8694388944388944
label,diag,measured,2021-2023,2,unweighted,PI,xgboost,,14,4,3,0.16666666666666666,0.0,0.4,0.3333333333333333,0.75,1,"BMI,GenHlth,HighChol","Income,MentHlth",0.183003604348671,0.12024651756097045,0.30321318185435975,0,0.4,0.3333333333333333,0.5714285714285714,0.8,0.6926543521126222,0.6042233168861334,0.7099993539446664
label,diag,total,2021-2023,2,unweighted,PI,xgboost,,14,4,4,1.0,0.6,0.7142857142857143,1.0,1.0,0,,,0.8778883200077127,0.7734924681537618,0.8943642348120333,1,1.0,0.8333333333333334,0.8571428571428571,0.8,0.9534885343826265,0.9601354615703088,0.9950974061203554
label,measured,total,2021-2023,2,unweighted,PI,xgboost,,14,3,4,0.16666666666666666,0.0,0.2727272727272727,0.3333333333333333,0.75,1,"Income,MentHlth","BMI,GenHlth,HighChol",0.1305335905063214,0.09673016668133488,0.2722073975492486,0,0.4,0.5,0.42857142857142855,0.8,0.6932906728278171,0.6058801426209673,0.7113148244984182
label,diag,measured,2021-2023,2,unweighted,PI,random_forest,,14,5,4,0.2857142857142857,0.2,0.3,0.5,0.8,1,"BMI,Diabetes_self,GenHlth","Sex,Stroke",0.1947986515308665,0.15035280330977643,0.37498268540062896,0,0.4,0.3333333333333333,0.5714285714285714,0.7,0.7101749512235314,0.6290912201879516,0.7255710868992119
label,diag,total,2021-2023,2,unweighted,PI,random_forest,,14,5,4,0.8,0.16666666666666666,0.5,1.0,0.8,0,Diabetes_self,,0.7810785804579901,0.6408937593274027,0.8406994416251989,1,1.0,1.0,0.8571428571428571,0.8,0.9493985501317175,0.9601347201529351,0.9969518884435876
label,measured,total,2021-2023,2,unweighted,PI,random_forest,,14,4,4,0.3333333333333333,0.0,0.25,0.5,1.0,1,"Sex,Stroke","BMI,GenHlth",0.19971217959213833,0.15118578920369088,0.37673537707892474,0,0.4,0.3333333333333333,0.42857142857142855,0.6,0.679994278796908,0.6042653587502603,0.7233906609883173
label,diag,measured,2021-2023,2,unweighted,PI,logistic_regression,,14,4,2,0.2,0.0,0.4166666666666667,0.5,0.5,1,"BMI,GenHlth,HighChol",Income,0.25828066295261504,0.15644655469368596,0.4233493301987945,0,0.4,0.5,0.5714285714285714,0.7,0.743846647222622,0.6807282956594666,0.7697975310279999
label,diag,total,2021-2023,2,unweighted,PI,logistic_regression,,14,4,4,1.0,0.5,0.75,1.0,1.0,0,,,0.977827050997783,0.9090909090909091,0.9351973831156102,0,1.0,0.8333333333333334,0.8571428571428571,0.9,0.9516922808242856,0.9362364835352381,0.9545154389880953
label,measured,total,2021-2023,2,unweighted,PI,logistic_regression,,14,2,4,0.2,0.0,0.36363636363636365,0.5,0.5,1,Income,"BMI,GenHlth,HighChol",0.253865608885049,0.20114557032045338,0.4425144281173845,0,0.4,0.5,0.42857142857142855,0.7,0.7362546329369077,0.6732384670880381,0.7686814595994285
model,xgboost,random_forest,2021-2023,2,unweighted,PI,,diag,14,4,5,0.8,0.3333333333333333,0.5714285714285714,1.0,0.8,0,,Diabetes_self,0.956043956043956,0.8681318681318682,0.8862667518965498,0,1.0,1.0,0.8571428571428571,1.0,0.9096463054642856,0.8608723545396826,0.8315119667658731
model,xgboost,logistic_regression,2021-2023,2,unweighted,PI,,diag,14,4,4,1.0,0.5,0.75,1.0,1.0,0,,,0.8631430702091665,0.7598832656550462,0.8974408005559242,1,1.0,1.0,0.8571428571428571,0.8,0.9553726071849598,0.9666169918908085,0.9976274485063548
model,random_forest,logistic_regression,2021-2023,2,unweighted,PI,,diag,14,5,4,0.8,0.2,0.625,1.0,0.8,0,Diabetes_self,,0.894048448682129,0.7598832656550462,0.853731304305164,0,1.0,1.0,1.0,0.8,0.901726301720674,0.8604113040177928,0.8327821484071485
model,xgboost,random_forest,2021-2023,2,unweighted,PI,,measured,14,3,4,0.16666666666666666,0.0,0.7777777777777778,0.3333333333333333,0.75,1,"Income,MentHlth","HighChol,Sex,Stroke",0.6009301776498759,0.47985743496869654,0.6325936353070449,0,0.8,0.8333333333333334,0.7142857142857143,0.6,0.7569255186183363,0.6900238958931174,0.7464235850954601
model,xgboost,logistic_regression,2021-2023,2,unweighted,PI,,measured,14,3,2,0.6666666666666666,0.2,0.5454545454545454,1.0,0.6666666666666666,0,MentHlth,,0.13954024831586165,0.07214791053658226,0.41845299550851944,0,0.4,0.5,0.42857142857142855,0.6,0.7510740985469078,0.7288835418613714,0.8919561991827618
model,random_forest,logistic_regression,2021-2023,2,unweighted,PI,,measured,14,4,2,0.2,0.0,0.5454545454545454,0.5,0.5,1,"HighChol,Sex,Stroke",Income,0.4107200484084535,0.3257644071711823,0.4732748535021592,0,0.6,0.5,0.7142857142857143,0.9,0.7624150137369123,0.6789404408922136,0.7362990430251172
model,xgboost,random_forest,2021-2023,2,unweighted,PI,,total,14,4,4,1.0,0.75,0.8571428571428571,1.0,1.0,0,,,0.9118942731277533,0.7777777777777778,0.8458232188021544,0,1.0,0.8333333333333334,0.8571428571428571,0.8,0.8888865916833766,0.8426287208911978,0.828668098394661
model,xgboost,logistic_regression,2021-2023,2,unweighted,PI,,total,14,4,4,1.0,0.3333333333333333,0.5,1.0,1.0,0,,,0.7248658611218659,0.5955432118425305,0.7896702571388909,0,1.0,0.8333333333333334,0.7142857142857143,0.8,0.9001774126492454,0.8965666797638245,0.9515352486055612
model,random_forest,logistic_regression,2021-2023,2,unweighted,PI,,total,14,4,4,1.0,0.4,0.625,1.0,1.0,0,,,0.7734849127824787,0.6629631980888547,0.8135296764408375,0,1.0,0.8333333333333334,0.8571428571428571,0.8,0.8945523959349597,0.8704514452241419,0.8695350005896881
method,SHAP,PI,2021-2023,2,unweighted,,xgboost,diag,14,4,4,1.0,0.5,0.5714285714285714,1.0,1.0,0,,,0.9428571428571428,0.8461538461538461,0.9153027051515872,0,1.0,1.0,0.8571428571428571,1.0,0.946688878266619,0.9364312181935155,0.9564378424852059
method,SHAP,PI,2021-2023,2,unweighted,,xgboost,measured,14,3,3,0.5,0.25,0.3333333333333333,0.6666666666666666,1.0,1,BMI,MentHlth,0.1509779735876536,0.09619721404877635,0.3640490362734492,0,0.4,0.3333333333333333,0.42857142857142855,0.8,0.7195256575769078,0.6560290047591492,0.7654696540438729
method,SHAP,PI,2021-2023,2,unweighted,,xgboost,total,14,4,4,1.0,0.2857142857142857,0.375,1.0,1.0,0,,,0.7436748174501425,0.5745944049142231,0.776920354342452,0,1.0,0.8333333333333334,0.7142857142857143,0.8,0.8999835937009046,0.894707713390976,0.9511117016121899
method,SHAP,PI,2021-2023,2,unweighted,,random_forest,diag,14,5,5,1.0,0.75,0.8333333333333334,1.0,1.0,0,,,0.9692307692307693,0.8681318681318682,0.9330644307324149,0,1.0,1.0,0.8571428571428571,0.9,0.9649664419273687,0.9612163362877377,0.9831074930928447
method,SHAP,PI,2021-2023,2,unweighted,,random_forest,measured,14,4,4,0.3333333333333333,0.2,0.5555555555555556,0.5,1.0,1,"BMI,Income","Sex,Stroke",0.4107200484084535,0.32576440717118227,0.4577167432794892,0,0.6,0.6666666666666666,0.7142857142857143,0.7,0.7565506767592456,0.6800532620927134,0.7386337729111166
method,SHAP,PI,2021-2023,2,unweighted,,random_forest,total,14,5,4,0.8,0.16666666666666666,0.5,1.0,0.8,0,Diabetes_self,,0.7238728252695176,0.5745944049142231,0.802239190366359,1,1.0,0.8333333333333334,0.8571428571428571,0.8,0.9395570501317174,0.9492120534862685,0.994347721776921
method,SHAP,PI,2021-2023,2,unweighted,,logistic_regression,diag,14,5,4,0.8,0.2,0.625,1.0,0.8,0,Diabetes_self,,0.7969172591956755,0.692834742214895,0.8163628447099173,0,1.0,1.0,0.8571428571428571,0.8,0.8800089842357097,0.8401391009894752,0.8304928456417714
method,SHAP,PI,2021-2023,2,unweighted,,logistic_regression,measured,14,3,2,0.6666666666666666,0.0,0.5454545454545454,1.0,0.6666666666666666,0,BMI,,0.621978021978022,0.4725274725274726,0.7050810801016691,0,0.6,0.5,0.7142857142857143,0.8,0.8704234699499953,0.8641799390847134,0.9601059408798666
method,SHAP,PI,2021-2023,2,unweighted,,logistic_regression,total,14,4,4,1.0,0.8,0.8333333333333334,1.0,1.0,0,,,0.8013323132632415,0.692834742214895,0.8583244445218899,1,1.0,0.8333333333333334,0.7142857142857143,0.8,0.9427220618992453,0.9519327668749356,0.9941242243000056
label,diag,measured,2021-2023,2,weighted,SHAP,xgboost,,14,4,3,0.4,0.2,0.2857142857142857,0.6666666666666666,0.75,1,"GenHlth,HighChol",Income,0.4945054945054946,0.4065934065934066,0.6351735814847292,0,0.6,0.6666666666666666,0.5714285714285714,0.8,0.821469244414281,0.7941032305132847,0.9038140882012952
label,diag,total,2021-2023,2,weighted,SHAP,xgboost,,14,4,4,1.0,0.8,0.8333333333333334,1.0,1.0,0,,,0.9648351648351648,0.8901098901098902,0.9454210787978805,1,1.0,0.8333333333333334,0.8571428571428571,1.0,0.9708028821626264,0.9729607111347534,0.9957267463981332
label,measured,total,2021-2023,2,weighted,SHAP,xgboost,,14,3,4,0.4,0.2222222222222222,0.42857142857142855,0.6666666666666666,0.75,1,Income,"GenHlth,HighChol",0.6,0.4725274725274726,0.6594679714707912,0,0.6,0.6666666666666666,0.7142857142857143,0.8,0.8382097739509045,0.8087881969465314,0.9054628300844121
label,diag,measured,2021-2023,2,weighted,SHAP,random_forest,,14,5,4,0.5,0.16666666666666666,0.5,0.75,0.8,1,"Diabetes_self,GenHlth",Income,0.4769230769230769,0.3626373626373627,0.5862409978014813,0,0.6,0.5,0.5714285714285714,0.8,0.7882163673635312,0.7325917880812848,0.7923028577325453
label,diag,total,2021-2023,2,weighted,SHAP,random_forest,,14,5,5,1.0,0.75,0.8333333333333334,1.0,1.0,0,,,0.9780219780219781,0.9120879120879122,0.9436666754417471,0,1.0,0.8333333333333334,0.8571428571428571,1.0,0.9617263974135355,0.9545558489965715,0.9806344168526786
label,measured,total,2021-2023,2,weighted,SHAP,random_forest,,14,4,5,0.5,0.3333333333333333,0.5714285714285714,0.75,0.8,1,Income,"Diabetes_self,GenHlth",0.6131868131868132,0.45054945054945056,0.6470653034699623,0,0.6,0.6666666666666666,0.7142857142857143,0.8,0.8082649699499955,0.7524359390847134,0.7960434408798666
label,diag,measured,2021-2023,2,weighted,SHAP,logistic_regression,,14,5,3,0.3333333333333333,0.0,0.18181818181818182,0.6666666666666666,0.6,1,"Diabetes_self,GenHlth,HighChol",Income,-0.006593406593406593,0.01098901098901099,0.34343272873467046,0,0.4,0.3333333333333333,0.2857142857142857,0.7,0.6972977581511935,0.6368836714054983,0.7635506312264126
label,diag,total,2021-2023,2,weighted,SHAP,logistic_regression,,14,5,4,0.8,0.5,0.6666666666666666,1.0,0.8,0,Diabetes_self,,0.9252747252747253,0.8241758241758242,0.9167108757843165,1,1.0,0.8333333333333334,0.8571428571428571,1.0,0.9578686670166188,0.9629323381935158,0.9950120612352059
label,measured,total,2021-2023,2,weighted,SHAP,logistic_regression,,14,3,4,0.4,0.14285714285714285,0.3,0.6666666666666666,0.75,1,Income,"GenHlth,HighChol",0.24835164835164836,0.18681318681318684,0.44577627260712904,0,0.4,0.3333333333333333,0.42857142857142855,0.7,0.724799967937817,0.6605397880609672,0.7659046682484184
model,xgboost,random_forest,2021-2023,2,weighted,SHAP,,diag,14,4,5,0.8,0.6,0.8333333333333334,1.0,0.8,0,,Diabetes_self,0.9428571428571428,0.8241758241758242,0.8755687253245997,0,1.0,0.8333333333333334,0.8571428571428571,0.9,0.9037036772726266,0.8646763565747531,0.8550040901481332
model,xgboost,logistic_regression,2021-2023,2,weighted,SHAP,,diag,14,4,5,0.8,0.5,0.6666666666666666,1.0,0.8,0,,Diabetes_self,0.8989010989010989,0.7802197802197802,0.9034493878199739,1,1.0,0.8333333333333334,0.8571428571428571,0.9,0.9573580850758687,0.9640592078681822,0.9953823411831226
model,random_forest,logistic_regression,2021-2023,2,weighted,SHAP,,diag,14,5,5,1.0,0.4,0.5714285714285714,1.0,1.0,0,,,0.8945054945054945,0.7362637362637363,0.8429162353802182,0,1.0,1.0,0.8571428571428571,0.9,0.9006109621266187,0.8655706503001821,0.8568935716518725
model,xgboost,random_forest,2021-2023,2,weighted,SHAP,,measured,14,3,4,0.75,0.5714285714285714,0.6666666666666666,1.0,0.75,0,,HighChol,0.9296703296703297,0.8241758241758242,0.8955812262034755,0,0.8,0.8333333333333334,0.8571428571428571,1.0,0.9346729131626268,0.927248440912531,0.9736347325092444
model,xgboost,logistic_regression,2021-2023,2,weighted,SHAP,,measured,14,3,3,1.0,0.42857142857142855,0.5,1.0,1.0,0,,,0.6967032967032967,0.5604395604395604,0.7419565063687061,0,0.8,0.6666666666666666,0.5714285714285714,0.8,0.8564095215602889,0.8269257296767447,0.8582614122531114
model,random_forest,logistic_regression,2021-2023,2,weighted,SHAP,,measured,14,4,3,0.75,0.4,0.5555555555555556,1.0,0.75,0,HighChol,,0.767032967032967,0.6043956043956044,0.7475763216994368,0,0.6,0.8333333333333334,0.7142857142857143,0.8,0.847279004846003,0.8070824951370621,0.8403236642372384
model,xgboost,random_forest,2021-2023,2,weighted,SHAP,,total,14,4,5,0.8,0.6,0.8333333333333334,1.0,0.8,0,,Diabetes_self,0.9516483516483516,0.8461538461538461,0.8906397617887352,0,1.0,0.8333333333333334,0.8571428571428571,0.9,0.9245437655733766,0.8917080123400865,0.8706494352002165
model,xgboost,logistic_regression,2021-2023,2,weighted,SHAP,,total,14,4,4,1.0,0.8,0.8333333333333334,1.0,1.0,0,,,0.9296703296703297,0.8461538461538461,0.9436767197357707,1,1.0,1.0,1.0,0.9,0.982383475610674,0.9894905954666817,0.999763485212704
model,random_forest,logistic_regression,2021-2023,2,weighted,SHAP,,total,14,5,4,0.8,0.8,1.0,1.0,0.8,0,Diabetes_self,,0.8813186813186813,0.6923076923076924,0.8359991961938822,0,1.0,0.8333333333333334,0.8571428571428571,0.9,0.9139712500749597,0.8858352202285862,0.870554965867466
label,diag,measured,2021-2023,2,weighted,PI,xgboost,,14,4,2,0.2,0.3333333333333333,0.4,0.5,0.5,1,"BMI,GenHlth,HighChol",Income,0.4388837088707474,0.32576440717118227,0.42639536230546315,0,0.2,0.5,0.7142857142857143,0.9,0.7265351590909046,0.6284863683954204,0.7088699481399676
label,diag,total,2021-2023,2,weighted,PI,xgboost,,14,4,4,1.0,0.5,0.5714285714285714,1.0,1.0,0,,,0.8668872132406987,0.7513926833493687,0.8570229407358534,0,1.0,1.0,0.8571428571428571,0.8,0.9183300343826266,0.8910581282369754,0.872701572787022
label,measured,total,2021-2023,2,weighted,PI,xgboost,,14,2,4,0.2,0.4,0.36363636363636365,0.5,0.5,1,Income,"BMI,GenHlth,HighChol",0.33128726261754704,0.2267786838055363,0.36767832837042524,0,0.2,0.5,0.5714285714285714,0.8,0.7033053363635313,0.6096853916368404,0.7071032049547674
label,diag,measured,2021-2023,2,weighted,PI,random_forest,,14,4,3,0.16666666666666666,0.14285714285714285,0.3,0.3333333333333333,0.75,1,"BMI,GenHlth,HighChol","Sex,Stroke",0.3561047951532101,0.32646431254950525,0.46541861709856114,0,0.6,0.6666666666666666,0.7142857142857143,0.8,0.7582570009499954,0.6804410021958246,0.738534760324311
label,diag,total,2021-2023,2,weighted,PI,random_forest,,14,4,4,1.0,0.5,0.5714285714285714,1.0,1.0,0,,,0.8259911894273129,0.7222222222222222,0.8651066690819731,0,1.0,1.0,0.8571428571428571,0.8,0.9283726071849598,0.9239503252241419,0.9559607818396881
label,measured,total,2021-2023,2,weighted,PI,random_forest,,14,3,4,0.16666666666666666,0.16666666666666666,0.5555555555555556,0.3333333333333333,0.75,1,"Sex,Stroke","BMI,GenHlth,HighChol",0.5496151179213532,0.4594682917363407,0.5729992619080699,0,0.6,0.6666666666666666,0.7142857142857143,0.9,0.7702777977892457,0.6906648512127133,0.7393173666611166
label,diag,measured,2021-2023,2,weighted,PI,logistic_regression,,14,4,1,0.25,0.0,0.4166666666666667,1.0,0.25,0,"BMI,GenHlth,HighChol",,0.286684363778556,0.21603466407671895,0.4943255715185592,0,0.4,0.3333333333333333,0.42857142857142855,0.8,0.7734803538794759,0.7413651762481189,0.8905787775050471
label,diag,total,2021-2023,2,weighted,PI,logistic_regression,,14,4,4,1.0,0.6666666666666666,0.875,1.0,1.0,0,,,0.9123595505617976,0.823529411764706,0.928435728562898,1,1.0,1.0,0.8571428571428571,0.8,0.9740917146326264,0.9800292784591977,0.9984068679259109
label,measured,total,2021-2023,2,weighted,PI,logistic_regression,,14,1,4,0.25,0.16666666666666666,0.45454545454545453,1.0,0.25,0,,"BMI,GenHlth,HighChol",0.16000987745779868,0.10233220929949845,0.43064615798587713,0,0.4,0.3333333333333333,0.42857142857142855,0.7,0.759038287687817,0.7315686378387453,0.8901993731095295
model,xgboost,random_forest,2021-2023,2,weighted,PI,,diag,14,4,4,1.0,0.6666666666666666,0.6666666666666666,1.0,1.0,0,,,0.8624867705338932,0.6850933289361891,0.7975413090469754,0,1.0,0.8333333333333334,0.7142857142857143,0.9,0.8775722518418134,0.8320437462572385,0.8271760560945132
model,xgboost,logistic_regression,2021-2023,2,weighted,PI,,diag,14,4,4,1.0,0.4,0.625,1.0,1.0,0,,,0.8778319666087567,0.7618064470073773,0.8911384868936217,1,1.0,0.8333333333333334,0.8571428571428571,0.9,0.9599731733766186,0.9654908636335156,0.9954026862352059
model,random_forest,logistic_regression,2021-2023,2,weighted,PI,,diag,14,4,4,1.0,0.4,0.625,1.0,1.0,0,,,0.8698989877416399,0.7431605356175384,0.835771654480711,0,1.0,1.0,0.8571428571428571,0.8,0.8987280916833766,0.8535513875578644,0.8312722650613277
model,xgboost,random_forest,2021-2023,2,weighted,PI,,measured,14,2,3,0.25,0.0,0.4166666666666667,0.5,0.6666666666666666,1,Income,"Sex,Stroke",0.31023631122574896,0.23307361127050974,0.4377261679168601,0,0.4,0.5,0.5714285714285714,0.8,0.7547014866642812,0.688311173624396,0.7702311888957396
model,xgboost,logistic_regression,2021-2023,2,weighted,PI,,measured,14,2,1,0.5,0.0,0.5,1.0,0.5,0,Income,,0.08683795309207303,0.07517640165488822,0.3643637139589202,0,0.4,0.3333333333333333,0.2857142857142857,0.7,0.7030826504528527,0.6402675850326499,0.7636153654830413
model,random_forest,logistic_regression,2021-2023,2,weighted,PI,,measured,14,3,1,0.3333333333333333,0.0,0.3076923076923077,1.0,0.3333333333333333,0,"Sex,Stroke",,-0.24705486587070585,-0.26454233863413495,0.050199827146427206,0,0.2,0.16666666666666666,0.42857142857142855,0.7,0.642486164738567,0.5521840802707451,0.6985856035782793
model,xgboost,random_forest,2021-2023,2,weighted,PI,,total,14,4,4,1.0,0.6,0.7142857142857143,1.0,1.0,0,,,0.9041850220264318,0.7444444444444445,0.829192942312522,0,1.0,0.8333333333333334,0.7142857142857143,0.9,0.8851641280909046,0.8390626386176425,0.8278369620288566
model,xgboost,logistic_regression,2021-2023,2,weighted,PI,,total,14,4,4,1.0,0.4,0.625,1.0,1.0,0,,,0.726399026848198,0.5716619504750294,0.7691974280283272,0,1.0,0.8333333333333334,0.7142857142857143,0.8,0.8821774126492454,0.8592333464304911,0.8682019152722278
model,random_forest,logistic_regression,2021-2023,2,weighted,PI,,total,14,4,4,1.0,0.4,0.625,1.0,1.0,0,,,0.694139345717114,0.5030625164180259,0.7121619624816208,0,1.0,1.0,0.8571428571428571,0.7,0.8687367220449598,0.8322948204419196,0.8301578304507994
method,SHAP,PI,2021-2023,2,weighted,,xgboost,diag,14,4,4,1.0,0.6666666666666666,0.6666666666666666,1.0,1.0,0,,,0.9208791208791209,0.8021978021978022,0.8894017533135832,0,1.0,0.8333333333333334,0.8571428571428571,1.0,0.9368473782666189,0.9255085515268489,0.9538336758185393
method,SHAP,PI,2021-2023,2,weighted,,xgboost,measured,14,3,2,0.6666666666666666,0.25,0.3,1.0,0.6666666666666666,0,BMI,,0.2980654065592777,0.22552920496466466,0.46228807568841335,0,0.4,0.5,0.5714285714285714,0.7,0.7388698592742811,0.6751410590643959,0.7691569701457397
method,SHAP,PI,2021-2023,2,weighted,,xgboost,total,14,4,4,1.0,0.14285714285714285,0.3333333333333333,1.0,1.0,0,,,0.7744779163977816,0.6187939745230095,0.7679397231834231,0,1.0,0.8333333333333334,0.7142857142857143,0.8,0.8597665627009046,0.8184359836131982,0.8263287155010788
method,SHAP,PI,2021-2023,2,weighted,,random_forest,diag,14,5,4,0.8,0.6,0.8333333333333334,1.0,0.8,0,Diabetes_self,,0.8822887627145183,0.795592252958155,0.8994714032718901,0,1.0,1.0,0.8571428571428571,0.9,0.9537622082726265,0.9518707530191977,0.982391242925911
method,SHAP,PI,2021-2023,2,weighted,,random_forest,measured,14,4,3,0.16666666666666666,0.16666666666666666,0.4,0.3333333333333333,0.75,1,"BMI,HighChol,Income","Sex,Stroke",0.09836443733741067,0.07214791053658226,0.2903751891530343,0,0.4,0.3333333333333333,0.5714285714285714,0.6,0.6935650043326222,0.6169980673216889,0.7249950136668887
method,SHAP,PI,2021-2023,2,weighted,,random_forest,total,14,5,4,0.8,0.3333333333333333,0.5714285714285714,1.0,0.8,0,Diabetes_self,,0.68646906226167,0.5745944049142231,0.7861659715944496,0,1.0,0.8333333333333334,0.7142857142857143,0.7,0.9010861767592455,0.8976105954260467,0.9516546062444501
method,SHAP,PI,2021-2023,2,weighted,,logistic_regression,diag,14,5,4,0.8,0.2,0.625,1.0,0.8,0,Diabetes_self,,0.8667201695630763,0.7390659560519333,0.868901294017589,0,1.0,1.0,0.8571428571428571,0.9,0.9310510698249597,0.925120070006364,0.9557871707285771
method,SHAP,PI,2021-2023,2,weighted,,logistic_regression,measured,14,3,1,0.3333333333333333,0.16666666666666666,0.7,1.0,0.3333333333333333,0,"BMI,Income",,0.6835164835164835,0.4945054945054945,0.7035540848141499,0,0.6,0.8333333333333334,0.8571428571428571,0.7,0.8521879022949599,0.8146419706641417,0.8418006255896883
method,SHAP,PI,2021-2023,2,weighted,,logistic_regression,total,14,4,4,1.0,0.6,0.7142857142857143,1.0,1.0,0,,,0.7933823090615854,0.6253635012747126,0.8092059409834369,0,1.0,0.8333333333333334,0.7142857142857143,0.8,0.9157220618992454,0.9092661002082689,0.952457557633339
label,diag,measured,2021-2023,3,unweighted,SHAP,xgboost,,14,4,3,0.4,0.1111111111111111,0.375,0.6666666666666666,0.75,1,"GenHlth,HighChol",Income,0.5648351648351648,0.4725274725274726,0.6534373248197984,0,0.4,0.5,0.7142857142857143,0.8,0.8120764699499956,0.7795292724180468,0.8965642742131998
label,diag,total,2021-2023,3,unweighted,SHAP,xgboost,,14,4,4,1.0,0.5,0.5714285714285714,1.0,1.0,0,,,0.9780219780219781,0.9120879120879122,0.9544063234673639,0,0.8,1.0,1.0,1.0,0.9739437848539922,0.9735876270587625,0.9930353148370727
label,measured,total,2021-2023,3,unweighted,SHAP,xgboost,,14,3,4,0.4,0.375,0.6666666666666666,0.6666666666666666,0.75,1,Income,"GenHlth,HighChol",0.6439560439560439,0.5164835164835165,0.6850466524632908,0,0.4,0.5,0.7142857142857143,0.8,0.8228381501999955,0.7885004226402689,0.8972695693520888
label,diag,measured,2021-2023,3,unweighted,SHAP,random_forest,,14,5,5,0.42857142857142855,0.0,0.375,0.6,1.0,1,"Diabetes_self,GenHlth","Education,Income",0.5472527472527472,0.42857142857142855,0.6475824861387102,0,0.6,0.5,0.5714285714285714,0.8,0.8178314556642812,0.7766901105132847,0.8339898694512952
label,diag,total,2021-2023,3,unweighted,SHAP,random_forest,,14,5,4,0.8,0.75,1.0,1.0,0.8,0,Diabetes_self,,0.956043956043956,0.8681318681318682,0.9380886128626442,1,1.0,0.8333333333333334,0.8571428571428571,0.9,0.9685669729273687,0.972165399398849,0.9959113125372893
label,measured,total,2021-2023,3,unweighted,SHAP,random_forest,,14,5,4,0.5,0.0,0.375,0.75,0.8,1,"Education,Income",GenHlth,0.6747252747252748,0.5604395604395604,0.7194352953472138,0,0.6,0.6666666666666666,0.7142857142857143,0.8,0.8352649699499954,0.7951026057513799,0.8377101075465332
label,diag,measured,2021-2023,3,unweighted,SHAP,logistic_regression,,14,4,3,0.4,0.14285714285714285,0.4444444444444444,0.6666666666666666,0.75,1,"GenHlth,HighChol",Income,0.26153846153846155,0.14285714285714285,0.42152133765837574,0,0.6,0.5,0.5714285714285714,0.7,0.7581643894726222,0.6986269054372444,0.7763187983891111
label,diag,total,2021-2023,3,unweighted,SHAP,logistic_regression,,14,4,4,1.0,0.6,0.7142857142857143,1.0,1.0,0,,,0.9252747252747253,0.8021978021978022,0.9080465233317461,1,1.0,0.8333333333333334,0.8571428571428571,1.0,0.9638473782666188,0.9681752181935157,0.9955003424852059
label,measured,total,2021-2023,3,unweighted,SHAP,logistic_regression,,14,3,4,0.4,0.14285714285714285,0.4444444444444444,0.6666666666666666,0.75,1,Income,"GenHlth,HighChol",0.3450549450549451,0.2087912087912088,0.46335326195669807,0,0.6,0.6666666666666666,0.5714285714285714,0.7,0.768005889472622,0.7095495721039112,0.7789229650557777
model,xgboost,random_forest,2021-2023,3,unweighted,SHAP,,diag,14,4,5,0.8,0.75,1.0,1.0,0.8,0,,Diabetes_self,0.956043956043956,0.8681318681318682,0.9056790241462859,0,1.0,0.8333333333333334,0.8571428571428571,0.9,0.9257395078233766,0.8932226221178643,0.8709207025613277
model,xgboost,logistic_regression,2021-2023,3,unweighted,SHAP,,diag,14,4,4,1.0,1.0,1.0,1.0,1.0,0,,,0.8989010989010989,0.7582417582417583,0.8669501958604511,0,1.0,0.8333333333333334,0.8571428571428571,0.9,0.9151669923249599,0.887349830006364,0.8708262332285771
model,random_forest,logistic_regression,2021-2023,3,unweighted,SHAP,,diag,14,5,4,0.8,0.75,1.0,1.0,0.8,0,Diabetes_self,,0.9604395604395607,0.8901098901098902,0.961841530057156,1,1.0,1.0,1.0,1.0,0.9894274845015831,0.9941272078885,0.9999055306672495
model,xgboost,random_forest,2021-2023,3,unweighted,SHAP,,measured,14,3,5,0.6,0.42857142857142855,0.6666666666666666,1.0,0.6,0,,"Education,HighChol",0.9252747252747253,0.7802197802197802,0.8468309497392061,0,0.6,0.8333333333333334,1.0,1.0,0.9081216386983411,0.880930482817293,0.9273224185211492
model,xgboost,logistic_regression,2021-2023,3,unweighted,SHAP,,measured,14,3,3,1.0,0.42857142857142855,0.5,1.0,1.0,0,,,0.7406593406593407,0.6043956043956044,0.7647032872873571,0,0.8,0.8333333333333334,0.8571428571428571,0.8,0.8658204842357098,0.8298991009894752,0.8476803456417714
model,random_forest,logistic_regression,2021-2023,3,unweighted,SHAP,,measured,14,5,3,0.6,0.14285714285714285,0.5,1.0,0.6,0,"Education,HighChol",,0.7318681318681319,0.5164835164835165,0.7166042487101123,0,0.8,1.0,0.8571428571428571,0.8,0.8438790152357099,0.7944268307672531,0.8084008317528826
model,xgboost,random_forest,2021-2023,3,unweighted,SHAP,,total,14,4,4,1.0,0.5,0.5714285714285714,1.0,1.0,0,,,0.9252747252747253,0.8241758241758242,0.8852204384445943,0,0.8,1.0,1.0,0.8,0.9154151369690908,0.8835956125737374,0.8675879892676768
model,xgboost,logistic_regression,2021-2023,3,unweighted,SHAP,,total,14,4,4,1.0,0.8,0.8333333333333334,1.0,1.0,0,,,0.9384615384615385,0.8241758241758242,0.8866930107272403,0,0.8,1.0,0.8571428571428571,0.9,0.9198439195226265,0.8863296330191976,0.867254524175911
model,random_forest,logistic_regression,2021-2023,3,unweighted,SHAP,,total,14,4,4,1.0,0.6,0.7142857142857143,1.0,1.0,0,,,0.9472527472527472,0.8681318681318682,0.9393525526851123,1,1.0,1.0,0.8571428571428571,0.9,0.9751570122735356,0.9794230108810158,0.9980606321304564
label,diag,measured,2021-2023,3,unweighted,PI,xgboost,,14,5,2,0.4,0.14285714285714285,0.3,1.0,0.4,0,"Diabetes_self,GenHlth,HighChol",,0.20044052863436124,0.14444444444444443,0.46223386072766826,0,0.6,0.5,0.5714285714285714,0.6,0.8067535043326222,0.7925714006550221,0.9161408470002221
label,diag,total,2021-2023,3,unweighted,PI,xgboost,,14,5,3,0.6,0.4,0.8571428571428571,1.0,0.6,0,"Diabetes_self,GenHlth",,0.8999947555962159,0.7980238751210127,0.8855872141494496,0,1.0,1.0,1.0,0.9,0.9295665993615831,0.9142050364396108,0.941810912611694
label,measured,total,2021-2023,3,unweighted,PI,xgboost,,14,2,3,0.6666666666666666,0.125,0.4,1.0,0.6666666666666666,0,,HighChol,0.3950358660059726,0.3022817708791715,0.5838741915876404,0,0.6,0.5,0.5714285714285714,0.6,0.8067535043326222,0.7925714006550221,0.9161408470002221
label,diag,measured,2021-2023,3,unweighted,PI,random_forest,,14,4,3,0.75,0.125,0.3333333333333333,1.0,0.75,0,GenHlth,,0.3314935340496337,0.2809166093596842,0.599772730035375,0,0.6,0.5,0.5714285714285714,0.7,0.831648997972622,0.8326795418816888,0.9574168886668888
label,diag,total,2021-2023,3,unweighted,PI,random_forest,,14,4,3,0.75,0.5,0.875,1.0,0.75,0,GenHlth,,0.9232943220275717,0.8574929257125442,0.9372771966265541,1,1.0,1.0,0.8571428571428571,0.9,0.9719872082726264,0.9774707530191977,0.998016242925911
label,measured,total,2021-2023,3,unweighted,PI,random_forest,,14,3,3,1.0,0.125,0.3,1.0,1.0,0,,,0.42858103792795343,0.3468729675471602,0.6316889223377562,0,0.6,0.5,0.42857142857142855,0.8,0.8327141575769077,0.8316023380924824,0.9566154873772063
label,diag,measured,2021-2023,3,unweighted,PI,logistic_regression,,14,4,1,0.25,0.0,0.4166666666666667,1.0,0.25,0,"BMI,GenHlth,HighChol",,0.3116039220066557,0.19102329436458526,0.4207389481439697,0,0.4,0.5,0.5714285714285714,0.8,0.7461076871135313,0.6816366378590627,0.7697225625936563
label,diag,total,2021-2023,3,unweighted,PI,logistic_regression,,14,4,3,0.75,0.6666666666666666,1.0,1.0,0.75,0,GenHlth,,0.8778883200077127,0.7513926833493687,0.8880947771800168,1,1.0,1.0,0.8571428571428571,0.9,0.9590529931266187,0.9674423800779601,0.9973015577629836
label,measured,total,2021-2023,3,unweighted,PI,logistic_regression,,14,1,3,0.3333333333333333,0.0,0.4166666666666667,1.0,0.3333333333333333,0,,"BMI,HighChol",0.16997958160129364,0.11174753906691856,0.36715840027045954,0,0.4,0.5,0.42857142857142855,0.7,0.7286674108845747,0.6649801829897607,0.7678332748523178
model,xgboost,random_forest,2021-2023,3,unweighted,PI,,diag,14,5,4,0.8,0.2,0.625,1.0,0.8,0,Diabetes_self,,0.8667400881057269,0.7666666666666666,0.8484429133943681,0,1.0,1.0,0.8571428571428571,0.9,0.8978146733766188,0.8537468636335155,0.8313401862352059
model,xgboost,logistic_regression,2021-2023,3,unweighted,PI,,diag,14,5,4,0.8,0.25,0.75,1.0,0.8,0,Diabetes_self,,0.8072687224669604,0.6777777777777777,0.8422394698082221,0,1.0,1.0,0.8571428571428571,0.8,0.9331602303817175,0.9264392037084905,0.9559905169158098
model,random_forest,logistic_regression,2021-2023,3,unweighted,PI,,diag,14,4,4,1.0,0.6666666666666666,0.875,1.0,1.0,0,,,0.7312775330396476,0.5666666666666667,0.7845476811743591,0,1.0,1.0,0.8571428571428571,0.7,0.9005196910449598,0.8786897573308086,0.8720415110063549
model,xgboost,random_forest,2021-2023,3,unweighted,PI,,measured,14,2,3,0.6666666666666666,0.375,0.5,1.0,0.6666666666666666,0,,HighChol,0.8375736626987413,0.6854365268376295,0.7922916210172875,0,1.0,0.8333333333333334,0.8571428571428571,0.9,0.8589864931266189,0.8082530467446267,0.8124057244296503
model,xgboost,logistic_regression,2021-2023,3,unweighted,PI,,measured,14,2,1,0.5,0.2857142857142857,0.6,1.0,0.5,0,BMI,,0.3801125857102467,0.25844328061090943,0.559416819100091,0,0.6,0.5,0.7142857142857143,0.7,0.8050026925083364,0.7691405206753396,0.8342382552343491
model,random_forest,logistic_regression,2021-2023,3,unweighted,PI,,measured,14,3,1,0.3333333333333333,0.25,0.4,1.0,0.3333333333333333,0,"BMI,HighChol",,0.10864745011086477,0.03409090909090909,0.3561108966460381,0,0.6,0.6666666666666666,0.5714285714285714,0.6,0.7473912930826221,0.6926511873216891,0.7776317324168888
model,xgboost,random_forest,2021-2023,3,unweighted,PI,,total,14,3,3,1.0,0.75,0.875,1.0,1.0,0,,,0.7748901784492018,0.6345325672866353,0.8034968819987338,0,1.0,1.0,0.8571428571428571,0.7,0.8743419180440508,0.8474092292467681,0.8561551079129206
model,xgboost,logistic_regression,2021-2023,3,unweighted,PI,,total,14,3,3,1.0,0.75,0.875,1.0,1.0,0,,,0.7365895075034008,0.6012325878048522,0.8227088767266421,0,1.0,1.0,0.8571428571428571,0.7,0.9241248870440506,0.9311374994689903,0.9813721218018094
model,random_forest,logistic_regression,2021-2023,3,unweighted,PI,,total,14,3,3,1.0,1.0,1.0,1.0,1.0,0,,,0.8178282625620823,0.670844483185601,0.8215877695404665,0,1.0,1.0,0.8571428571428571,0.8,0.9149664114333764,0.8872469040023088,0.8722336365891054
method,SHAP,PI,2021-2023,3,unweighted,,xgboost,diag,14,4,5,0.8,0.16666666666666666,0.5,1.0,0.8,0,,Diabetes_self,0.7722776950443788,0.6408937593274027,0.8177032139114491,0,1.0,0.8333333333333334,0.7142857142857143,0.9,0.9088345865392453,0.9029793045460466,0.95184991874445
method,SHAP,PI,2021-2023,3,unweighted,,xgboost,measured,14,3,2,0.6666666666666666,0.375,0.5,1.0,0.6666666666666666,0,Income,,0.6380641924868088,0.48619526569665034,0.7464955822509122,0,0.8,0.8333333333333334,0.7142857142857143,0.8,0.8914648663983362,0.8937824787908952,0.9710112587065712
method,SHAP,PI,2021-2023,3,unweighted,,xgboost,total,14,4,3,0.75,0.2857142857142857,0.5,1.0,0.75,0,GenHlth,,0.7160016020141753,0.6012325878048522,0.7907056228506932,0,0.8,0.8333333333333334,0.7142857142857143,0.8,0.8972497586999955,0.8971663924180466,0.9710759929631999
method,SHAP,PI,2021-2023,3,unweighted,,random_forest,diag,14,5,4,0.8,0.2,0.625,1.0,0.8,0,Diabetes_self,,0.7348739320365314,0.5966941897186163,0.8239307062725277,1,1.0,1.0,0.8571428571428571,0.7,0.9407367220449598,0.9549614871085863,0.996824497117466
method,SHAP,PI,2021-2023,3,unweighted,,random_forest,measured,14,5,3,0.6,0.6666666666666666,0.6666666666666666,1.0,0.6,0,"Education,Income",,0.7571817725875808,0.6257862187747439,0.7584405825218933,0,0.8,0.6666666666666666,0.8571428571428571,0.8,0.8661042921326265,0.8257141851258643,0.8453469720925776
method,SHAP,PI,2021-2023,3,unweighted,,random_forest,total,14,4,3,0.75,0.4,0.75,1.0,0.75,0,GenHlth,,0.6755972603773723,0.5571420284083803,0.7995225090915454,1,1.0,0.8333333333333334,0.7142857142857143,0.7,0.9280861767592454,0.9402772620927133,0.9933212729111167
method,SHAP,PI,2021-2023,3,unweighted,,logistic_regression,diag,14,4,4,1.0,0.5,0.75,1.0,1.0,0,,,0.8976903121883377,0.7734924681537618,0.8662480249625192,0,1.0,1.0,0.8571428571428571,0.8,0.9187725877873687,0.8914325612832934,0.8727125278150669
method,SHAP,PI,2021-2023,3,unweighted,,logistic_regression,measured,14,3,1,0.3333333333333333,0.14285714285714285,0.6,1.0,0.3333333333333333,0,"BMI,Income",,0.5099387448038809,0.3799416328275231,0.6411256907715308,0,0.6,0.5,0.5714285714285714,0.8,0.8542376561135312,0.8500155747479514,0.9584812431492119
method,SHAP,PI,2021-2023,3,unweighted,,logistic_regression,total,14,4,3,0.75,0.16666666666666666,0.5555555555555556,1.0,0.75,0,GenHlth,,0.9164835164835166,0.7802197802197802,0.8735110893273206,0,1.0,0.8333333333333334,0.8571428571428571,0.9,0.919756142376619,0.8892191338557378,0.8706197001240947
label,diag,measured,2021-2023,3,weighted,SHAP,xgboost,,14,4,3,0.4,0.2222222222222222,0.42857142857142855,0.6666666666666666,0.75,1,"GenHlth,HighChol",Income,0.5604395604395604,0.4725274725274726,0.659576948778499,0,0.4,0.6666666666666666,0.7142857142857143,0.8,0.8219179699499954,0.7904519390847135,0.8991684408798665
label,diag,total,2021-2023,3,weighted,SHAP,xgboost,,14,4,4,1.0,0.6666666666666666,0.6666666666666666,1.0,1.0,0,,,0.9648351648351648,0.8681318681318682,0.9289559862318333,0,0.8,0.8333333333333334,1.0,1.0,0.9641022848539922,0.9626649603920958,0.9904311481704061
label,measured,total,2021-2023,3,weighted,SHAP,xgboost,,14,3,4,0.4,0.375,0.6666666666666666,0.6666666666666666,0.75,1,Income,"GenHlth,HighChol",0.7010989010989012,0.5604395604395604,0.7240811424025517,0,0.6,0.6666666666666666,0.7142857142857143,0.8,0.8458016501999954,0.8158070893069354,0.9061237360187555
label,diag,measured,2021-2023,3,weighted,SHAP,random_forest,,14,5,5,0.42857142857142855,0.0,0.375,0.6,1.0,1,"Diabetes_self,GenHlth","Education,Income",0.5824175824175825,0.45054945054945056,0.6610977730618468,0,0.6,0.6666666666666666,0.5714285714285714,0.8,0.827672955664281,0.7876127771799514,0.8365940361179618
label,diag,total,2021-2023,3,weighted,SHAP,random_forest,,14,5,4,0.8,0.75,1.0,1.0,0.8,0,Diabetes_self,,0.956043956043956,0.8681318681318682,0.9438416299749045,1,1.0,1.0,0.8571428571428571,0.8,0.974534268037369,0.9804037115055158,0.9984178229539559
label,measured,total,2021-2023,3,weighted,SHAP,random_forest,,14,5,4,0.5,0.0,0.375,0.75,0.8,1,"Education,Income",GenHlth,0.6703296703296703,0.5384615384615384,0.710077952255991,0,0.6,0.6666666666666666,0.7142857142857143,0.8,0.8352649699499954,0.7951026057513799,0.8377101075465332
label,diag,measured,2021-2023,3,weighted,SHAP,logistic_regression,,14,4,3,0.4,0.14285714285714285,0.4444444444444444,0.6666666666666666,0.75,1,"GenHlth,HighChol",Income,0.2527472527472528,0.16483516483516486,0.44146188725457214,0,0.6,0.5,0.5714285714285714,0.7,0.7521856782226222,0.6933840254372444,0.7758305171391111
label,diag,total,2021-2023,3,weighted,SHAP,logistic_regression,,14,4,4,1.0,0.6,0.7142857142857143,1.0,1.0,0,,,0.8857142857142857,0.7582417582417583,0.8848014666507447,1,1.0,0.8333333333333334,0.7142857142857143,0.9,0.9523811590909044,0.9580010350620871,0.9942866148066344
label,measured,total,2021-2023,3,weighted,SHAP,logistic_regression,,14,3,4,0.4,0.14285714285714285,0.4444444444444444,0.6666666666666666,0.75,1,Income,"GenHlth,HighChol",0.3098901098901099,0.18681318681318684,0.4508877022325052,0,0.6,0.6666666666666666,0.5714285714285714,0.7,0.762027178222622,0.7043066921039111,0.7784346838057777
model,xgboost,random_forest,2021-2023,3,weighted,SHAP,,diag,14,4,5,0.8,0.6,0.8333333333333334,1.0,0.8,0,,Diabetes_self,0.956043956043956,0.8681318681318682,0.9056790241462858,0,1.0,0.8333333333333334,0.8571428571428571,0.9,0.9257395078233766,0.8932226221178643,0.8709207025613277
model,xgboost,logistic_regression,2021-2023,3,weighted,SHAP,,diag,14,4,4,1.0,0.8,0.8333333333333334,1.0,1.0,0,,,0.8681318681318682,0.7142857142857144,0.8484098733703379,0,1.0,0.8333333333333334,0.8571428571428571,0.8,0.9112927874349599,0.8846654754463641,0.8707285769785771
model,random_forest,logistic_regression,2021-2023,3,weighted,SHAP,,diag,14,5,4,0.8,0.75,1.0,1.0,0.8,0,Diabetes_self,,0.9208791208791209,0.8021978021978022,0.9164631821807134,1,1.0,0.8333333333333334,0.8571428571428571,0.9,0.9681197653258689,0.9730303580904045,0.9960876363220115
model,xgboost,random_forest,2021-2023,3,weighted,SHAP,,measured,14,3,5,0.6,0.42857142857142855,0.6666666666666666,1.0,0.6,0,,"Education,HighChol",0.9428571428571428,0.8461538461538461,0.87059850665638,0,0.6,0.8333333333333334,1.0,1.0,0.9139065310000001,0.8843143964444444,0.927387152777778
model,xgboost,logistic_regression,2021-2023,3,weighted,SHAP,,measured,14,3,3,1.0,0.42857142857142855,0.5,1.0,1.0,0,,,0.7538461538461538,0.6263736263736264,0.7748890548641004,0,0.8,0.8333333333333334,0.8571428571428571,0.8,0.8658204842357098,0.8298991009894752,0.8476803456417714
model,random_forest,logistic_regression,2021-2023,3,weighted,SHAP,,measured,14,5,3,0.6,0.14285714285714285,0.5,1.0,0.6,0,"Education,HighChol",,0.7758241758241758,0.6043956043956044,0.7543954782557775,0,0.8,1.0,0.8571428571428571,0.8,0.8438790152357099,0.7944268307672531,0.8084008317528826
model,xgboost,random_forest,2021-2023,3,weighted,SHAP,,total,14,4,4,1.0,0.5,0.5714285714285714,1.0,1.0,0,,,0.9428571428571428,0.8241758241758242,0.8736853873706723,0,0.8,0.8333333333333334,1.0,0.9,0.9142308108590909,0.879085570689293,0.8652984927398991
model,xgboost,logistic_regression,2021-2023,3,weighted,SHAP,,total,14,4,4,1.0,0.8,0.8333333333333334,1.0,1.0,0,,,0.9164835164835166,0.7802197802197802,0.8553189690300276,0,0.8,0.8333333333333334,0.8571428571428571,0.9,0.9100024195226266,0.875406966352531,0.8646503575092443
model,random_forest,logistic_regression,2021-2023,3,weighted,SHAP,,total,14,4,4,1.0,0.6,0.7142857142857143,1.0,1.0,0,,,0.9780219780219781,0.9120879120879122,0.9594458674590411,1,1.0,1.0,0.8571428571428571,0.9,0.9799399812735357,0.9831512811032381,0.9982776460193452
label,diag,measured,2021-2023,3,weighted,PI,xgboost,,14,3,2,0.6666666666666666,0.25,0.3,1.0,0.6666666666666666,0,GenHlth,,0.21652271186985148,0.1849989160251521,0.43301942565683027,0,0.6,0.5,0.42857142857142855,0.7,0.7370017876878168,0.6788753045054118,0.7740535397761962
label,diag,total,2021-2023,3,weighted,PI,xgboost,,14,3,2,0.6666666666666666,0.6,0.875,1.0,0.6666666666666666,0,GenHlth,,0.9018059339734021,0.7746829608553244,0.8406571115571206,0,1.0,1.0,0.8571428571428571,0.9,0.8738047810749598,0.824762950006364,0.8156504519785771
label,measured,total,2021-2023,3,weighted,PI,xgboost,,14,2,2,1.0,0.25,0.4,1.0,1.0,0,,,0.3089887640449438,0.2,0.5460077877062861,0,0.6,0.5,0.42857142857142855,0.7,0.8288399526869077,0.8289179835324825,0.9565178311272063
label,diag,measured,2021-2023,3,weighted,PI,random_forest,,14,4,3,0.75,0.4,0.5555555555555556,1.0,0.75,0,GenHlth,,0.55969189813792,0.45425676257949793,0.646460450869127,0,0.6,0.6666666666666666,0.5714285714285714,0.8,0.8308427596651902,0.7895650350417697,0.8366384253225073
label,diag,total,2021-2023,3,weighted,PI,random_forest,,14,4,3,0.75,0.2,0.6666666666666666,1.0,0.75,0,GenHlth,,0.9028785568172611,0.8269317890951973,0.9228577599891439,1,1.0,1.0,0.8571428571428571,0.9,0.9638359621266186,0.9711706503001822,0.9975185716518725
label,measured,total,2021-2023,3,weighted,PI,random_forest,,14,3,3,1.0,0.25,0.7,1.0,1.0,0,,,0.5486221959949985,0.4619348854371559,0.6534108091671221,0,0.6,0.6666666666666666,0.7142857142857143,0.8,0.8384347739509046,0.797054863613198,0.8377544967510787
label,diag,measured,2021-2023,3,weighted,PI,logistic_regression,,14,4,2,0.5,0.0,0.3333333333333333,1.0,0.5,0,"GenHlth,HighChol",,0.35911409644179315,0.265137226222802,0.5172515949903045,0,0.4,0.5,0.42857142857142855,0.8,0.7988711573262337,0.7637478716213565,0.8939179743867244
label,diag,total,2021-2023,3,weighted,PI,logistic_regression,,14,4,3,0.75,0.25,0.7777777777777778,1.0,0.75,0,HighChol,,0.900824099596726,0.8172694126965067,0.9233387410675775,1,1.0,1.0,0.8571428571428571,0.8,0.9659404684866189,0.9737291757401823,0.9979091966518725
label,measured,total,2021-2023,3,weighted,PI,logistic_regression,,14,2,3,0.6666666666666666,0.0,0.5,1.0,0.6666666666666666,0,,GenHlth,0.47322489604544865,0.35843539979873223,0.5683153128347802,0,0.4,0.5,0.5714285714285714,0.8,0.8076542596651903,0.7739917017084365,0.895492591989174
model,xgboost,random_forest,2021-2023,3,weighted,PI,,diag,14,3,4,0.75,0.3333333333333333,0.625,1.0,0.75,0,,HighChol,0.7969172591956755,0.6257862187747438,0.737926555060168,0,1.0,0.8333333333333334,0.8571428571428571,0.8,0.8551122882366189,0.8055686921846268,0.8123080681796503
model,xgboost,logistic_regression,2021-2023,3,weighted,PI,,diag,14,3,4,0.75,0.4,0.75,1.0,0.75,0,,HighChol,0.8195467372270966,0.6988245702767231,0.8224143562358698,0,1.0,0.8333333333333334,0.8571428571428571,0.8,0.8823061071849598,0.8500943252241417,0.8543982818396881
model,random_forest,logistic_regression,2021-2023,3,weighted,PI,,diag,14,4,4,1.0,0.4,0.625,1.0,1.0,0,,,0.7125394847779946,0.5474376369547795,0.7593691834267214,0,1.0,1.0,0.8571428571428571,0.6,0.8616927131540506,0.8276582080201016,0.830015784996254
model,xgboost,random_forest,2021-2023,3,weighted,PI,,measured,14,2,3,0.6666666666666666,0.2857142857142857,0.5555555555555556,1.0,0.6666666666666666,0,,HighChol,0.6227674837028564,0.5543778366476769,0.7446165770845015,0,0.6,0.6666666666666666,0.7142857142857143,0.8,0.8716711703992455,0.8684280699860465,0.9622014812444499
model,xgboost,logistic_regression,2021-2023,3,weighted,PI,,measured,14,2,2,1.0,0.5,0.6666666666666666,1.0,1.0,0,,,0.5213483146067415,0.49411764705882355,0.6601057376205111,0,0.6,0.6666666666666666,0.7142857142857143,0.8,0.8372125048460031,0.8078931618037286,0.905427830903905
model,random_forest,logistic_regression,2021-2023,3,weighted,PI,,measured,14,3,2,0.6666666666666666,0.5,0.7,1.0,0.6666666666666666,0,HighChol,,0.47957641993176164,0.4097575314352394,0.6031099230681427,0,0.8,0.6666666666666666,0.5714285714285714,0.7,0.8366957507742812,0.8130457559532847,0.9104547132012952
model,xgboost,random_forest,2021-2023,3,weighted,PI,,total,14,2,3,0.6666666666666666,0.5,0.8888888888888888,1.0,0.6666666666666666,0,,HighChol,0.9085025126910264,0.7746829608553245,0.8659054565768894,0,1.0,0.8333333333333334,0.8571428571428571,0.9,0.9151669923249599,0.887349830006364,0.8708262332285771
model,xgboost,logistic_regression,2021-2023,3,weighted,PI,,total,14,2,3,0.6666666666666666,0.5,0.8888888888888888,1.0,0.6666666666666666,0,,GenHlth,0.7924284815855389,0.6821835028427484,0.8302957427017529,0,1.0,0.8333333333333334,0.7142857142857143,0.9,0.9167920137369121,0.9074204408922135,0.9519240430251172
model,random_forest,logistic_regression,2021-2023,3,weighted,PI,,total,14,3,3,0.5,0.3333333333333333,1.0,0.6666666666666666,1.0,1,HighChol,GenHlth,0.7073170731707318,0.5340909090909091,0.7492431554653649,0,1.0,1.0,0.8571428571428571,0.8,0.8694411229340506,0.8330269171401015,0.8302110974962539
method,SHAP,PI,2021-2023,3,weighted,,xgboost,diag,14,4,3,0.75,0.5,0.7142857142857143,1.0,0.75,0,HighChol,,0.6468054208984291,0.4693396640810579,0.6965639912146803,0,1.0,0.8333333333333334,0.7142857142857143,0.7,0.8346913727583365,0.7900583375642286,0.8109852170399047
method,SHAP,PI,2021-2023,3,weighted,,xgboost,measured,14,3,2,0.6666666666666666,0.5,0.5714285714285714,1.0,0.6666666666666666,0,Income,,0.6644854633316918,0.48892055554204816,0.7195129469908903,0,0.8,0.8333333333333334,0.8571428571428571,0.7,0.8741613870440508,0.861164166135657,0.9308512884684762
method,SHAP,PI,2021-2023,3,weighted,,xgboost,total,14,4,2,0.5,0.2857142857142857,0.625,1.0,0.5,0,"GenHlth,HighChol",,0.597814681057609,0.5116610464974922,0.7568713679839411,0,0.8,0.6666666666666666,0.7142857142857143,0.7,0.8969760848099955,0.9054311009691578,0.9837821561576444
method,SHAP,PI,2021-2023,3,weighted,,random_forest,diag,14,5,4,0.8,0.16666666666666666,0.5,1.0,0.8,0,Diabetes_self,,0.7582417582417583,0.6483516483516484,0.8360693749540868,1,1.0,0.8333333333333334,0.8571428571428571,0.8,0.9421674842357095,0.9518831009894753,0.9945553456417714
method,SHAP,PI,2021-2023,3,weighted,,random_forest,measured,14,5,3,0.6,0.16666666666666666,0.3,1.0,0.6,0,"Education,Income",,0.29445638014484943,0.19800935804747347,0.5635054839563687,0,0.6,0.6666666666666666,0.5714285714285714,0.6,0.8376162930826219,0.8409178539883555,0.9599233990835554
method,SHAP,PI,2021-2023,3,weighted,,random_forest,total,14,4,3,0.75,0.2,0.6666666666666666,1.0,0.75,0,GenHlth,,0.6688806912362595,0.5587376953345927,0.7992202755622854,1,1.0,0.8333333333333334,0.7142857142857143,0.7,0.9249163727583363,0.9383250042308953,0.9932768837065713
method,SHAP,PI,2021-2023,3,weighted,,logistic_regression,diag,14,4,4,1.0,0.4,0.625,1.0,1.0,0,,,0.8743781059263087,0.7570946042991633,0.8449521856054738,0,1.0,1.0,0.8571428571428571,0.9,0.8872468120749597,0.8466346797841418,0.8310584380896882
method,SHAP,PI,2021-2023,3,weighted,,logistic_regression,measured,14,3,2,0.6666666666666666,0.16666666666666666,0.6,1.0,0.6666666666666666,0,Income,,0.5044755858738932,0.37521810076482764,0.651730554219669,0,0.8,0.6666666666666666,0.5714285714285714,0.7,0.8417689822235312,0.8165096166323957,0.8576457396769898
method,SHAP,PI,2021-2023,3,weighted,,logistic_regression,total,14,4,3,0.75,0.2,0.6666666666666666,1.0,0.75,0,HighChol,,0.7130312319119202,0.5587376953345927,0.7490803384650891,0,1.0,0.8333333333333334,0.7142857142857143,0.7,0.8560861767592456,0.8176105954260466,0.8266546062444501
label,diag,measured,2021-2023,4,unweighted,SHAP,xgboost,,14,4,3,0.4,0.2,0.2857142857142857,0.6666666666666666,0.75,1,"GenHlth,HighChol",Income,0.5384615384615385,0.38461538461538464,0.6032336455752029,0,0.4,0.6666666666666666,0.7142857142857143,0.8,0.8171350009499954,0.7867236688624911,0.8989514269909776
label,diag,total,2021-2023,4,unweighted,SHAP,xgboost,,14,4,4,1.0,0.6666666666666666,0.6666666666666666,1.0,1.0,0,,,0.9208791208791209,0.8241758241758242,0.9214517169145058,1,1.0,1.0,0.8571428571428571,0.9,0.9724297616773689,0.9778451860655155,0.9980271979539559
label,measured,total,2021-2023,4,unweighted,SHAP,xgboost,,14,3,4,0.4,0.3333333333333333,0.5,0.6666666666666666,0.75,1,Income,"GenHlth,HighChol",0.7362637362637363,0.5604395604395604,0.6907103213130269,0,0.4,0.6666666666666666,0.8571428571428571,0.9,0.8425327043766186,0.80782126007796,0.9009148390129835
label,diag,measured,2021-2023,4,unweighted,SHAP,random_forest,,14,5,5,0.42857142857142855,0.0,0.25,0.6,1.0,1,"Diabetes_self,GenHlth","Education,Income",0.6131868131868132,0.5164835164835165,0.696267638814277,0,0.6,0.5,0.7142857142857143,0.8,0.8254234699499954,0.7841799390847134,0.8351059408798666
label,diag,total,2021-2023,4,unweighted,SHAP,random_forest,,14,5,4,0.8,0.5,0.8571428571428571,1.0,0.8,0,Diabetes_self,,0.9824175824175824,0.9120879120879122,0.9601030137543148,1,1.0,0.8333333333333334,1.0,1.0,0.9800331921030829,0.9823395825302776,0.9971250402158607
label,measured,total,2021-2023,4,unweighted,SHAP,random_forest,,14,5,4,0.5,0.0,0.2222222222222222,0.75,0.8,1,"Education,Income",GenHlth,0.6571428571428571,0.5604395604395604,0.7170994389703771,0,0.6,0.6666666666666666,0.7142857142857143,0.8,0.8352649699499954,0.7951026057513799,0.8377101075465332
label,diag,measured,2021-2023,4,unweighted,SHAP,logistic_regression,,14,4,3,0.4,0.2857142857142857,0.2,0.6666666666666666,0.75,1,"GenHlth,HighChol",Income,0.16483516483516483,0.09890109890109891,0.3571434526728949,0,0.4,0.3333333333333333,0.42857142857142855,0.7,0.7166533759885669,0.6530002936040785,0.7652197181616127
label,diag,total,2021-2023,4,unweighted,SHAP,logistic_regression,,14,4,4,1.0,0.4,0.625,1.0,1.0,0,,,0.9340659340659341,0.8021978021978022,0.8705527493169388,0,1.0,0.8333333333333334,0.7142857142857143,1.0,0.9138704522816545,0.8821170453874203,0.8694046161087178
label,measured,total,2021-2023,4,unweighted,SHAP,logistic_regression,,14,3,4,0.4,0.25,0.1,0.6666666666666666,0.75,1,Income,"GenHlth,HighChol",0.16923076923076924,0.1208791208791209,0.4264587974853026,0,0.4,0.3333333333333333,0.42857142857142855,0.7,0.7556746647385668,0.7277574136040784,0.8897314369116127
model,xgboost,random_forest,2021-2023,4,unweighted,SHAP,,diag,14,4,5,0.8,0.6,0.8333333333333334,1.0,0.8,0,,Diabetes_self,0.9736263736263736,0.8901098901098902,0.9173463579160099,0,1.0,0.8333333333333334,1.0,0.9,0.9365013261099999,0.9026647085511113,0.8720811631944445
model,xgboost,logistic_regression,2021-2023,4,unweighted,SHAP,,diag,14,4,4,1.0,0.3333333333333333,0.5,1.0,1.0,0,,,0.8153846153846154,0.6703296703296704,0.8257702315879392,0,1.0,0.8333333333333334,0.8571428571428571,0.9,0.9044053120749598,0.8783786797841417,0.8701209380896882
model,random_forest,logistic_regression,2021-2023,4,unweighted,SHAP,,diag,14,5,4,0.8,0.2,0.625,1.0,0.8,0,Diabetes_self,,0.8461538461538461,0.7362637362637363,0.8886215808287645,1,1.0,1.0,0.8571428571428571,0.9,0.9592468120749598,0.9693013464508085,0.9977251047563548
model,xgboost,random_forest,2021-2023,4,unweighted,SHAP,,measured,14,3,5,0.6,0.7142857142857143,1.0,1.0,0.6,0,,"Education,HighChol",0.9032967032967033,0.8021978021978022,0.8394591600646223,0,0.8,0.6666666666666666,0.8571428571428571,1.0,0.9083992744642857,0.8807712914285712,0.9296456473214286
model,xgboost,logistic_regression,2021-2023,4,unweighted,SHAP,,measured,14,3,3,1.0,0.3,0.125,1.0,1.0,0,,,0.3626373626373627,0.2967032967032967,0.6067102186380213,0,0.6,0.6666666666666666,0.5714285714285714,0.7,0.844660301973531,0.8455544664101735,0.9600654445381008
model,random_forest,logistic_regression,2021-2023,4,unweighted,SHAP,,measured,14,5,3,0.6,0.2222222222222222,0.125,1.0,0.6,0,"Education,HighChol",,0.4769230769230769,0.3626373626373627,0.6328333266261957,0,0.6,0.8333333333333334,0.7142857142857143,0.7,0.8410725275092457,0.8265431749816021,0.9226072972166723
model,xgboost,random_forest,2021-2023,4,unweighted,SHAP,,total,14,4,4,1.0,0.3333333333333333,0.5,1.0,1.0,0,,,0.9120879120879121,0.8021978021978022,0.8809950731096589,0,1.0,1.0,0.8571428571428571,0.8,0.9257280916833766,0.896218054224531,0.8729389317279943
model,xgboost,logistic_regression,2021-2023,4,unweighted,SHAP,,total,14,4,4,1.0,0.5,0.5714285714285714,1.0,1.0,0,,,0.8373626373626375,0.6923076923076924,0.8683299404846038,1,1.0,0.8333333333333334,0.8571428571428571,0.8,0.9503140761849598,0.9594225954463642,0.9952402957285771
model,random_forest,logistic_regression,2021-2023,4,unweighted,SHAP,,total,14,4,4,1.0,0.75,0.8571428571428571,1.0,1.0,0,,,0.9076923076923077,0.7582417582417583,0.8666045539778721,0,1.0,0.8333333333333334,0.8571428571428571,0.9,0.9171410540758689,0.8877874780904045,0.8705993550720115
label,diag,measured,2021-2023,4,unweighted,PI,xgboost,,14,5,2,0.4,0.0,0.5,1.0,0.4,0,"Diabetes_self,GenHlth,HighChol",,0.3843667252272463,0.2445997952351143,0.4960436194920703,0,0.6,0.5,0.5714285714285714,0.7,0.7751936472226222,0.7227122956594666,0.791672531028
label,diag,total,2021-2023,4,unweighted,PI,xgboost,,14,5,4,0.8,0.3333333333333333,0.875,1.0,0.8,0,Diabetes_self,,0.7898317024424882,0.6441676715157809,0.7919119389960518,0,1.0,1.0,0.8571428571428571,0.8,0.8726109269349598,0.8349791750019198,0.8302554867007993
label,measured,total,2021-2023,4,unweighted,PI,xgboost,,14,2,4,0.5,0.14285714285714285,0.5555555555555556,1.0,0.5,0,,"GenHlth,HighChol",0.3454347524842379,0.22099784804393197,0.5488841532417137,0,0.6,0.5,0.7142857142857143,0.6,0.7963455186183364,0.7627278958931173,0.8339235850954602
label,diag,measured,2021-2023,4,unweighted,PI,random_forest,,14,5,3,0.6,0.14285714285714285,0.2,1.0,0.6,0,"Diabetes_self,GenHlth",,0.3168318748900016,0.22099784804393197,0.5264269474924628,0,0.6,0.5,0.42857142857142855,0.7,0.7870097566878169,0.7508702413943006,0.8315622203317518
label,diag,total,2021-2023,4,unweighted,PI,random_forest,,14,5,4,0.8,0.2,0.625,1.0,0.8,0,Diabetes_self,,0.8461538461538461,0.7142857142857144,0.8698481388087297,1,1.0,0.8333333333333334,0.8571428571428571,0.9,0.9492114931266187,0.9565197134112935,0.9946973910963169
label,measured,total,2021-2023,4,unweighted,PI,random_forest,,14,3,4,0.75,0.14285714285714285,0.3,1.0,0.75,0,,GenHlth,0.4708473696281968,0.33149677206589795,0.5981116832972525,0,0.6,0.6666666666666666,0.5714285714285714,0.7,0.8152049512235313,0.7782538868546179,0.8359877535658786
label,diag,measured,2021-2023,4,unweighted,PI,logistic_regression,,14,4,1,0.25,0.0,0.3076923076923077,1.0,0.25,0,"BMI,GenHlth,HighChol",,-0.09789144619087507,-0.06859943405700354,0.17287502960823137,0,0.2,0.16666666666666666,0.2857142857142857,0.7,0.6398709384011937,0.5502814882943873,0.6981100930319681
label,diag,total,2021-2023,4,unweighted,PI,logistic_regression,,14,4,3,0.75,0.5,0.875,1.0,0.75,0,GenHlth,,0.8994524557213397,0.8090398349558905,0.8970315721113999,0,1.0,1.0,0.8571428571428571,0.9,0.9476022965733766,0.9362357421178642,0.9563699213113277
label,measured,total,2021-2023,4,unweighted,PI,logistic_regression,,14,1,3,0.3333333333333333,0.14285714285714285,0.3333333333333333,1.0,0.3333333333333333,0,,"BMI,HighChol",-0.08928771623499031,-0.09249945801257604,0.15887053393952777,0,0.2,0.16666666666666666,0.42857142857142855,0.7,0.6474629526869079,0.5577713168658159,0.6992261644605395
model,xgboost,random_forest,2021-2023,4,unweighted,PI,,diag,14,5,5,1.0,0.3333333333333333,0.75,1.0,1.0,0,,,0.6900618985073954,0.5008471997671388,0.7380178123890836,0,1.0,1.0,0.8571428571428571,0.7,0.8687367220449598,0.8322948204419196,0.8301578304507994
model,xgboost,logistic_regression,2021-2023,4,unweighted,PI,,diag,14,5,4,0.8,0.5,1.0,1.0,0.8,0,Diabetes_self,,0.8190847284588767,0.6793040899620963,0.810220578717215,0,1.0,1.0,0.8571428571428571,0.8,0.8742240919340505,0.8367551873623238,0.8304281113851427
model,random_forest,logistic_regression,2021-2023,4,unweighted,PI,,diag,14,5,4,0.8,0.25,0.75,1.0,0.8,0,Diabetes_self,,0.750275481510351,0.5745944049142231,0.7673008494821228,0,1.0,1.0,0.8571428571428571,0.8,0.8742240919340505,0.8367551873623238,0.8304281113851427
model,xgboost,random_forest,2021-2023,4,unweighted,PI,,measured,14,2,3,0.6666666666666666,0.42857142857142855,0.625,1.0,0.6666666666666666,0,,HighChol,0.7722776950443788,0.6408937593274027,0.8011820661138398,0,0.8,0.8333333333333334,0.7142857142857143,0.8,0.9101839738460029,0.9071947653592844,0.9717906781261273
model,xgboost,logistic_regression,2021-2023,4,unweighted,PI,,measured,14,2,1,0.5,0.125,0.3333333333333333,1.0,0.5,0,BMI,,0.10667325163853246,0.05685122738861025,0.3229845583428903,0,0.4,0.5,0.42857142857142855,0.7,0.704471663936908,0.6268435301991492,0.7267977790438729
model,random_forest,logistic_regression,2021-2023,4,unweighted,PI,,measured,14,3,1,0.3333333333333333,0.5,0.5,1.0,0.3333333333333333,0,"BMI,HighChol",,0.2046821147627388,0.16006534613300824,0.3736530928027706,0,0.4,0.5,0.5714285714285714,0.6,0.7141681845826222,0.6368918842105779,0.7283044754724443
model,xgboost,random_forest,2021-2023,4,unweighted,PI,,total,14,4,4,1.0,1.0,1.0,1.0,1.0,0,,,0.9042909762485462,0.795592252958155,0.911108486429808,1,1.0,0.8333333333333334,1.0,0.8,0.9626937136674316,0.9694013025021415,0.9963861022332702
model,xgboost,logistic_regression,2021-2023,4,unweighted,PI,,total,14,4,3,0.75,0.4,0.75,1.0,0.75,0,GenHlth,,0.8994524557213397,0.7753298418327284,0.8778354233696714,0,1.0,1.0,0.8571428571428571,0.8,0.9237493757357096,0.8970197978783641,0.873353088697327
model,random_forest,logistic_regression,2021-2023,4,unweighted,PI,,total,14,4,3,0.75,0.4,0.75,1.0,0.75,0,GenHlth,,0.8410677998713362,0.692834742214895,0.836818980980456,0,1.0,0.8333333333333334,0.8571428571428571,0.8,0.9053140761849598,0.8794225954463641,0.8702402957285771
method,SHAP,PI,2021-2023,4,unweighted,,xgboost,diag,14,4,5,0.8,0.2,0.625,1.0,0.8,0,,Diabetes_self,0.6585932777285565,0.45425676257949793,0.6872262855600658,0,1.0,0.8333333333333334,0.8571428571428571,0.7,0.8588952220449597,0.821372153775253,0.8275536637841328
method,SHAP,PI,2021-2023,4,unweighted,,xgboost,measured,14,3,2,0.6666666666666666,0.5,0.5714285714285714,1.0,0.6666666666666666,0,Income,,0.7142857142857143,0.5604395604395604,0.7410485153187629,0,0.8,0.6666666666666666,0.8571428571428571,0.8,0.8793213231326265,0.8593192482369754,0.928463291537022
method,SHAP,PI,2021-2023,4,unweighted,,xgboost,total,14,4,4,1.0,0.3333333333333333,0.5,1.0,1.0,0,,,0.7282732679763231,0.5745944049142231,0.776794534061058,0,1.0,0.8333333333333334,0.7142857142857143,0.8,0.8929390928992456,0.8682044966527134,0.8689072104111166
method,SHAP,PI,2021-2023,4,unweighted,,random_forest,diag,14,5,5,1.0,0.5,0.7142857142857143,1.0,1.0,0,,,0.9516483516483516,0.8901098901098902,0.946935009938271,1,1.0,1.0,0.8571428571428571,0.9,0.9777721005742857,0.9808546666463491,0.9980809771825397
method,SHAP,PI,2021-2023,4,unweighted,,random_forest,measured,14,5,3,0.6,0.25,0.42857142857142855,1.0,0.6,0,"Education,Income",,0.8030807939920179,0.7071931137405822,0.815649666076905,0,0.6,0.6666666666666666,0.7142857142857143,0.9,0.900243193986912,0.8897675911144356,0.9635668381640061
method,SHAP,PI,2021-2023,4,unweighted,,random_forest,total,14,4,4,1.0,0.5,0.75,1.0,1.0,0,,,0.8505494505494505,0.7362637362637363,0.8760341109476961,1,1.0,0.8333333333333334,0.8571428571428571,0.9,0.9508246581257096,0.9582957257716975,0.9948700157806604
method,SHAP,PI,2021-2023,4,unweighted,,logistic_regression,diag,14,4,4,1.0,0.6666666666666666,0.875,1.0,1.0,0,,,0.9086914189553517,0.795592252958155,0.8583125490194966,0,1.0,1.0,0.8571428571428571,0.9,0.8918359621266188,0.8485039836335155,0.8308519049852059
method,SHAP,PI,2021-2023,4,unweighted,,logistic_regression,measured,14,3,1,0.3333333333333333,0.42857142857142855,0.5555555555555556,1.0,0.3333333333333333,0,"BMI,Income",,0.595592321648473,0.5116610464974922,0.5972432937240484,0,0.6,0.8333333333333334,0.7142857142857143,0.8,0.8056663622516544,0.7411425193785316,0.7830873418031622
method,SHAP,PI,2021-2023,4,unweighted,,logistic_regression,total,14,4,3,0.75,0.6,0.8571428571428571,1.0,0.75,0,GenHlth,,0.9249538271550916,0.8045822812818135,0.9121493413605485,1,1.0,0.8333333333333334,0.8571428571428571,0.9,0.9675650496257096,0.9725097559939198,0.9960635921695492
label,diag,measured,2021-2023,4,weighted,SHAP,xgboost,,14,4,3,0.4,0.2,0.2857142857142857,0.6666666666666666,0.75,1,"GenHlth,HighChol",Income,0.5780219780219781,0.45054945054945056,0.6562763149835461,0,0.6,0.6666666666666666,0.7142857142857143,0.8,0.8324248816492454,0.80540428331938,0.9053980958277833
label,diag,total,2021-2023,4,weighted,SHAP,xgboost,,14,4,4,1.0,0.6666666666666666,0.6666666666666666,1.0,1.0,0,,,0.9428571428571428,0.8461538461538461,0.922415772193836,0,0.8,1.0,0.8571428571428571,0.9,0.9614802965733766,0.9625184087845311,0.9917865879779943
label,measured,total,2021-2023,4,weighted,SHAP,xgboost,,14,3,4,0.4,0.3333333333333333,0.5,0.6666666666666666,0.75,1,Income,"GenHlth,HighChol",0.7230769230769231,0.5604395604395604,0.706003776523255,0,0.6,0.6666666666666666,0.7142857142857143,0.9,0.8502305707901545,0.8190120459634203,0.9062454364212178
label,diag,measured,2021-2023,4,weighted,SHAP,random_forest,,14,5,4,0.5,0.16666666666666666,0.5,0.75,0.8,1,"Diabetes_self,GenHlth",Income,0.5868131868131868,0.4725274725274726,0.6740262237478754,0,0.6,0.5,0.7142857142857143,0.8,0.8254234699499954,0.7841799390847134,0.8351059408798666
label,diag,total,2021-2023,4,weighted,SHAP,random_forest,,14,5,4,0.8,0.75,1.0,1.0,0.8,0,Diabetes_self,,0.9736263736263736,0.8901098901098902,0.9523845318134632,1,1.0,0.8333333333333334,1.0,0.9,0.980941956213083,0.9833834981924998,0.9972443978547495
label,measured,total,2021-2023,4,weighted,SHAP,random_forest,,14,4,4,0.6,0.14285714285714285,0.5,0.75,1.0,1,Income,GenHlth,0.6439560439560439,0.5384615384615384,0.7064417208724828,0,0.6,0.6666666666666666,0.7142857142857143,0.8,0.8352649699499954,0.7951026057513799,0.8377101075465332
label,diag,measured,2021-2023,4,weighted,SHAP,logistic_regression,,14,4,3,0.4,0.16666666666666666,0.2727272727272727,0.6666666666666666,0.75,1,"GenHlth,HighChol",Income,0.16483516483516483,0.09890109890109891,0.3571434526728949,0,0.4,0.3333333333333333,0.42857142857142855,0.7,0.7166533759885669,0.6530002936040785,0.7652197181616127
label,diag,total,2021-2023,4,weighted,SHAP,logistic_regression,,14,4,4,1.0,0.4,0.625,1.0,1.0,0,,,0.9340659340659341,0.8021978021978022,0.8705527493169388,0,1.0,0.8333333333333334,0.7142857142857143,1.0,0.9138704522816545,0.8821170453874203,0.8694046161087178
label,measured,total,2021-2023,4,weighted,SHAP,logistic_regression,,14,3,4,0.4,0.14285714285714285,0.18181818181818182,0.6666666666666666,0.75,1,Income,"GenHlth,HighChol",0.16923076923076924,0.1208791208791209,0.4264587974853026,0,0.4,0.3333333333333333,0.42857142857142855,0.7,0.7556746647385668,0.7277574136040784,0.8897314369116127
model,xgboost,random_forest,2021-2023,4,weighted,SHAP,,diag,14,4,5,0.8,0.6,0.8333333333333334,1.0,0.8,0,,Diabetes_self,0.9604395604395607,0.8901098901098902,0.911557496460371,0,1.0,0.8333333333333334,0.8571428571428571,1.0,0.9268048054642857,0.8926163545396826,0.8705744667658731
model,xgboost,logistic_regression,2021-2023,4,weighted,SHAP,,diag,14,4,4,1.0,0.3333333333333333,0.5,1.0,1.0,0,,,0.7626373626373627,0.6263736263736264,0.8004982626325543,0,1.0,0.8333333333333334,0.7142857142857143,0.9,0.8908345865392455,0.8656459712127134,0.8685165854111166
model,random_forest,logistic_regression,2021-2023,4,weighted,SHAP,,diag,14,5,4,0.8,0.2,0.625,1.0,0.8,0,Diabetes_self,,0.8505494505494505,0.7362637362637363,0.8898232197686937,1,1.0,1.0,0.8571428571428571,0.9,0.9640297810749598,0.9730296166730308,0.9979421186452437
model,xgboost,random_forest,2021-2023,4,weighted,SHAP,,measured,14,3,4,0.75,0.5714285714285714,0.6666666666666666,1.0,0.75,0,,HighChol,0.8637362637362638,0.7362637362637363,0.8098904653324475,0,0.6,0.6666666666666666,0.7142857142857143,1.0,0.8802872028778215,0.8517375368695872,0.9220422169518849
model,xgboost,logistic_regression,2021-2023,4,weighted,SHAP,,measured,14,3,3,1.0,0.375,0.375,1.0,1.0,0,,,0.3098901098901099,0.23076923076923078,0.5574739427707638,0,0.6,0.5,0.42857142857142855,0.7,0.8272267876878168,0.8271419711720784,0.9563452064428628
model,random_forest,logistic_regression,2021-2023,4,weighted,SHAP,,measured,14,4,3,0.75,0.3333333333333333,0.4444444444444444,1.0,0.75,0,HighChol,,0.4769230769230769,0.3626373626373627,0.6328333266261957,0,0.6,0.8333333333333334,0.7142857142857143,0.7,0.8410725275092457,0.8265431749816021,0.9226072972166723
model,xgboost,random_forest,2021-2023,4,weighted,SHAP,,total,14,4,4,1.0,0.5,0.5714285714285714,1.0,1.0,0,,,0.9032967032967033,0.7582417582417583,0.8537374850886545,0,0.8,1.0,0.8571428571428571,0.9,0.9143077616773689,0.8814611860655155,0.8667771979539559
model,xgboost,logistic_regression,2021-2023,4,weighted,SHAP,,total,14,4,4,1.0,0.5,0.5714285714285714,1.0,1.0,0,,,0.8505494505494505,0.7142857142857144,0.8713809768555176,0,0.8,0.8333333333333334,1.0,0.8,0.9447840904706739,0.9505284240177929,0.9901063671571485
model,random_forest,logistic_regression,2021-2023,4,weighted,SHAP,,total,14,4,4,1.0,0.6,0.7142857142857143,1.0,1.0,0,,,0.8945054945054945,0.7362637362637363,0.8578175692296401,0,1.0,0.8333333333333334,0.8571428571428571,0.9,0.9171410540758689,0.8877874780904045,0.8705993550720115
label,diag,measured,2021-2023,4,weighted,PI,xgboost,,14,4,4,0.3333333333333333,0.0,0.3,0.5,1.0,1,"GenHlth,HighChol","Income,Sex",0.2939242668573419,0.19102329436458523,0.4571863993707308,0,0.6,0.6666666666666666,0.5714285714285714,0.7,0.730244209222622,0.6579117552150221,0.736551003250222
label,diag,total,2021-2023,4,weighted,PI,xgboost,,14,4,4,1.0,0.4,0.625,1.0,1.0,0,,,0.8110541799747706,0.6629631980888546,0.7867972741416318,0,0.8,0.8333333333333334,0.8571428571428571,0.9,0.8642833120749598,0.8193280131174752,0.8222042714230215
label,measured,total,2021-2023,4,weighted,PI,xgboost,,14,4,4,0.3333333333333333,0.14285714285714285,0.5,0.5,1.0,1,"Income,Sex","GenHlth,HighChol",0.5286343612334802,0.4111111111111111,0.6300835843670323,0,0.8,0.8333333333333334,0.7142857142857143,0.8,0.8103883816492454,0.7527109499860468,0.78925226249445
label,diag,measured,2021-2023,4,weighted,PI,random_forest,,14,4,4,0.6,0.2222222222222222,0.2857142857142857,0.75,1.0,1,GenHlth,Sex,0.4532455988009745,0.33149677206589795,0.5911163396229819,0,0.8,0.6666666666666666,0.7142857142857143,0.7,0.8009661925083364,0.7537805206753395,0.8014257552343491
label,diag,total,2021-2023,4,weighted,PI,random_forest,,14,4,4,1.0,0.5,0.5714285714285714,1.0,1.0,0,,,0.8461538461538461,0.7142857142857144,0.8369961416124663,0,0.8,0.6666666666666666,0.8571428571428571,0.9,0.9310356163233764,0.9317019252289755,0.985872959505772
label,measured,total,2021-2023,4,weighted,PI,random_forest,,14,4,4,0.6,0.14285714285714285,0.5,0.75,1.0,1,Sex,GenHlth,0.7436748174501425,0.5745944049142231,0.7478848157859774,0,1.0,0.8333333333333334,0.8571428571428571,0.8,0.8493273959349599,0.8021847785574752,0.8122433339230215
label,diag,measured,2021-2023,4,weighted,PI,logistic_regression,,14,4,2,0.5,0.0,0.4166666666666667,1.0,0.5,0,"GenHlth,HighChol",,0.3103603805369789,0.2057983021710106,0.4817272207086011,0,0.4,0.5,0.5714285714285714,0.7,0.7979998166702891,0.7666840417834114,0.8951429226697781
label,diag,total,2021-2023,4,weighted,PI,logistic_regression,,14,4,3,0.75,0.5,0.875,1.0,0.75,0,GenHlth,,0.9647577092511014,0.888888888888889,0.9510834294250854,1,1.0,1.0,0.8571428571428571,0.9,0.9805810078233765,0.984145288784531,0.9985248692279943
label,measured,total,2021-2023,4,weighted,PI,logistic_regression,,14,2,3,0.6666666666666666,0.0,0.3333333333333333,1.0,0.6666666666666666,0,,HighChol,0.3926781875611239,0.2743977362280141,0.5044489636837592,0,0.4,0.5,0.5714285714285714,0.8,0.8098267945611981,0.7750489244274518,0.8955019820132124
model,xgboost,random_forest,2021-2023,4,weighted,PI,,diag,14,4,4,1.0,0.5,0.5714285714285714,1.0,1.0,0,,,0.8101624213983737,0.6481357265881276,0.7893982253177776,0,0.8,1.0,0.8571428571428571,0.8,0.8702506071849598,0.8275663252241419,0.8247107818396882
model,xgboost,logistic_regression,2021-2023,4,weighted,PI,,diag,14,4,4,1.0,0.6666666666666666,0.875,1.0,1.0,0,,,0.7734849127824788,0.5955432118425305,0.748387054299053,0,1.0,1.0,0.8571428571428571,0.8,0.8726109269349598,0.8349791750019198,0.8302554867007993
model,random_forest,logistic_regression,2021-2023,4,weighted,PI,,diag,14,4,4,1.0,0.3333333333333333,0.5,1.0,1.0,0,,,0.9614967314370186,0.8618916073713346,0.8996757554221665,0,0.8,1.0,0.8571428571428571,1.0,0.918736682267528,0.8846661427220004,0.866898898356418
model,xgboost,random_forest,2021-2023,4,weighted,PI,,measured,14,4,4,0.6,0.2857142857142857,0.5714285714285714,0.75,1.0,1,Income,HighChol,0.8931718061674009,0.7222222222222222,0.8519931024409486,0,0.8,1.0,0.8571428571428571,0.9,0.9308757971275277,0.9274106379397782,0.975470946967529
model,xgboost,logistic_regression,2021-2023,4,weighted,PI,,measured,14,4,2,0.5,0.0,0.36363636363636365,1.0,0.5,0,"Income,Sex",,0.2814379077987659,0.2286647801900118,0.5384561758937387,0,0.6,0.5,0.42857142857142855,0.7,0.794248076437817,0.7792324245054117,0.9141902585261962
model,random_forest,logistic_regression,2021-2023,4,weighted,PI,,measured,14,4,2,0.5,0.3333333333333333,0.4,1.0,0.5,0,"HighChol,Sex",,0.3059107693464846,0.2286647801900118,0.5023283567618178,0,0.4,0.5,0.5714285714285714,0.8,0.7911076871135312,0.7616366378590625,0.8947225625936563
model,xgboost,random_forest,2021-2023,4,weighted,PI,,total,14,4,4,1.0,0.4,0.625,1.0,1.0,0,,,0.864686991887296,0.7513926833493687,0.8830021541379778,1,1.0,0.8333333333333334,0.8571428571428571,0.8,0.9501202572366185,0.9575636290735157,0.9948167487352059
model,xgboost,logistic_regression,2021-2023,4,weighted,PI,,total,14,4,3,0.75,0.3333333333333333,0.625,1.0,0.75,0,GenHlth,,0.7566079295154186,0.611111111111111,0.7822574783793399,0,0.8,0.8333333333333334,0.8571428571428571,0.8,0.8824323192366188,0.8537230886290712,0.8631327209574281
model,random_forest,logistic_regression,2021-2023,4,weighted,PI,,total,14,4,3,0.75,0.4,0.75,1.0,0.75,0,GenHlth,,0.8316836715862541,0.6850933289361891,0.8053977609752745,0,0.8,0.6666666666666666,0.8571428571428571,0.9,0.8812479931266186,0.8492130467446266,0.8608432244296502
method,SHAP,PI,2021-2023,4,weighted,,xgboost,diag,14,4,4,1.0,0.6,0.7142857142857143,1.0,1.0,0,,,0.7395215563173165,0.5587376953345927,0.7184896908546118,0,1.0,0.8333333333333334,0.7142857142857143,0.8,0.8631301856501545,0.8222472078478649,0.8267966516989955
method,SHAP,PI,2021-2023,4,weighted,,xgboost,measured,14,3,4,0.75,0.5714285714285714,0.6666666666666666,1.0,0.75,0,,Sex,0.8734878773009072,0.7292928985449755,0.8579096300123629,0,0.8,1.0,0.8571428571428571,0.8,0.9210354994866188,0.9109502388512933,0.9497755160963169
method,SHAP,PI,2021-2023,4,weighted,,xgboost,total,14,4,4,1.0,0.2857142857142857,0.375,1.0,1.0,0,,,0.7084712757956979,0.5303948353054367,0.7407931499162782,0,0.8,0.8333333333333334,0.8571428571428571,0.7,0.8753883103457099,0.849086476207253,0.8629906755028827
method,SHAP,PI,2021-2023,4,weighted,,random_forest,diag,14,5,4,0.8,0.5,0.6666666666666666,1.0,0.8,0,Diabetes_self,,0.9736263736263736,0.8901098901098902,0.9461621244902931,0,0.8,1.0,1.0,1.0,0.9707739808530831,0.9716353691969444,0.9929909256325273
method,SHAP,PI,2021-2023,4,weighted,,random_forest,measured,14,4,4,0.6,0.2857142857142857,0.5714285714285714,0.75,1.0,1,Income,Sex,0.7942799085784067,0.6408937593274027,0.7719811274583337,0,0.6,0.6666666666666666,0.8571428571428571,0.8,0.8769610033826265,0.8519063984591975,0.922918586675911
method,SHAP,PI,2021-2023,4,weighted,,random_forest,total,14,4,4,1.0,0.4,0.625,1.0,1.0,0,,,0.9296703296703297,0.8461538461538461,0.9052582798299612,0,0.8,0.8333333333333334,0.8571428571428571,1.0,0.9527040942142855,0.9509894745396827,0.9888361855158732
method,SHAP,PI,2021-2023,4,weighted,,logistic_regression,diag,14,4,4,1.0,0.6666666666666666,0.875,1.0,1.0,0,,,0.8316836715862541,0.6850933289361891,0.8354237355076017,0,1.0,1.0,0.8571428571428571,0.9,0.9190297810749599,0.8930296166730307,0.8729421186452437
method,SHAP,PI,2021-2023,4,weighted,,logistic_regression,measured,14,3,2,0.6666666666666666,0.16666666666666666,0.6,1.0,0.6666666666666666,0,Income,,0.6355947910129226,0.5344015374529363,0.7490637039008061,0,0.8,0.6666666666666666,0.7142857142857143,0.7,0.8895127650599954,0.88880225119138,0.9688624512965333
method,SHAP,PI,2021-2023,4,weighted,,logistic_regression,total,14,4,3,0.75,0.6,0.8571428571428571,1.0,0.75,0,GenHlth,,0.8712876559475043,0.7292928985449755,0.8788395414040614,1,1.0,0.8333333333333334,0.8571428571428571,0.9,0.9541882810749598,0.9621069500063641,0.9953379519785771
seed,0,1,2017-2020,-1,unweighted,PI,logistic_regression,diag,14,4,4,1.0,0.6666666666666666,0.875,1.0,1.0,0,,,0.9745909901059233,0.8989331499509895,0.9233249601082405,0,1.0,1.0,0.8571428571428571,0.9,0.9327674463775277,0.9020940583842225,0.8732682559953068
seed,0,2,2017-2020,-1,unweighted,PI,logistic_regression,diag,14,4,4,1.0,0.6666666666666666,0.875,1.0,1.0,0,,,0.9790109038932517,0.9214064786997641,0.9601305775968095,1,1.0,1.0,0.8571428571428571,1.0,0.9816416512675279,0.9847784129442227,0.9983659122453068
seed,0,3,2017-2020,-1,unweighted,PI,logistic_regression,diag,14,4,4,1.0,0.5,0.8888888888888888,1.0,1.0,0,,,0.8303757609854098,0.7284332318490364,0.8713754385343756,1,1.0,0.8333333333333334,0.8571428571428571,0.8,0.9453372882366187,0.9538353588512936,0.9945997348463169
seed,0,4,2017-2020,-1,unweighted,PI,logistic_regression,diag,14,4,4,1.0,0.6666666666666666,0.875,1.0,1.0,0,,,0.9866962305986698,0.9545454545454545,0.975795770867693,1,1.0,1.0,0.8571428571428571,1.0,0.9864292744642857,0.9872672914285714,0.9983956473214286
seed,1,2,2017-2020,-1,unweighted,PI,logistic_regression,diag,14,4,4,1.0,1.0,1.0,1.0,1.0,0,,,0.9867841409691631,0.9333333333333333,0.9401569358436938,0,1.0,1.0,1.0,0.9,0.94514708386,0.91207276544,0.8744140625
seed,1,3,2017-2020,-1,unweighted,PI,logistic_regression,diag,14,4,4,1.0,0.3333333333333333,0.7777777777777778,1.0,1.0,0,,,0.8009300142889778,0.6745611015605348,0.8116848552680487,0,1.0,0.8333333333333334,0.7142857142857143,0.8,0.8949178088469123,0.8674027529988804,0.8684930534417838
seed,1,4,2017-2020,-1,unweighted,PI,logistic_regression,diag,14,4,4,1.0,1.0,1.0,1.0,1.0,0,,,0.9878507314679085,0.9438798074485388,0.9474385110624697,0,1.0,1.0,1.0,0.9,0.9463381719132422,0.9148267669556513,0.8748726086738782
seed,2,3,2017-2020,-1,unweighted,PI,logistic_regression,diag,14,4,4,1.0,0.3333333333333333,0.7777777777777778,1.0,1.0,0,,,0.789805986312742,0.6974275795795359,0.8516801238398433,1,1.0,0.8333333333333334,0.7142857142857143,0.8,0.9339390975969122,0.9421598729988803,0.9930047721917838
seed,2,4,2017-2020,-1,unweighted,PI,logistic_regression,diag,14,4,4,1.0,1.0,1.0,1.0,1.0,0,,,0.992270645255237,0.9663531361973137,0.985000632110387,1,1.0,1.0,1.0,1.0,0.9892336655532421,0.9922682415156514,0.9994819836738782
seed,3,4,2017-2020,-1,unweighted,PI,logistic_regression,diag,14,4,4,1.0,0.3333333333333333,0.7777777777777778,1.0,1.0,0,,,0.8058216390207875,0.7053083673458924,0.8584895440598178,1,1.0,0.8333333333333334,0.7142857142857143,0.8,0.9377452739509045,0.9463455302798649,0.9934836634177454
seed,0,1,2017-2020,-1,unweighted,PI,logistic_regression,measured,14,1,1,1.0,0.6,0.8,1.0,1.0,0,,,0.6965517241379312,0.5925925925925926,0.8138548276197202,1,1.0,0.8333333333333334,0.7142857142857143,0.7,0.9233032077592453,0.9365489918704912,0.9931042590222279
seed,0,2,2017-2020,-1,unweighted,PI,logistic_regression,measured,14,1,1,1.0,1.0,1.0,1.0,1.0,0,,,0.8222410122067183,0.6595542364484018,0.7887778275442152,0,0.8,1.0,1.0,0.7,0.8557434165806741,0.8067717992355705,0.8101041970182596
seed,0,3,2017-2020,-1,unweighted,PI,logistic_regression,measured,14,1,1,1.0,0.5,0.7,1.0,1.0,0,,,0.8339184506392302,0.7105041671115224,0.8661774111161726,0,0.8,0.8333333333333334,0.8571428571428571,0.9,0.9420682043766186,0.9453785934112935,0.988935672346317
seed,0,4,2017-2020,-1,unweighted,PI,logistic_regression,measured,14,1,1,1.0,1.0,1.0,1.0,1.0,0,,,0.9203452031309906,0.8081376242652525,0.8998822384132257,0,0.8,1.0,0.8571428571428571,0.8,0.9374023757357097,0.9350357978783641,0.976478088697327
seed,1,2,2017-2020,-1,unweighted,PI,logistic_regression,measured,14,1,1,1.0,0.6,0.8,1.0,1.0,0,,,0.6600455248673108,0.5535544484477658,0.7161286343176606,0,0.8,0.8333333333333334,0.7142857142857143,0.8,0.8286133816492456,0.7783109499860469,0.80487726249445
seed,1,3,2017-2020,-1,unweighted,PI,logistic_regression,measured,14,1,1,1.0,0.75,0.9,1.0,1.0,0,,,0.699052933015635,0.6173232927362409,0.8091571502982777,0,0.8,0.8333333333333334,0.7142857142857143,0.8,0.9160341285969122,0.9220476027766582,0.986537758302895
seed,1,4,2017-2020,-1,unweighted,PI,logistic_regression,measured,14,1,1,1.0,0.6,0.8,1.0,1.0,0,,,0.6773200639179173,0.6090312530694656,0.7896975472004155,0,0.8,0.8333333333333334,0.8571428571428571,0.8,0.9113751999358688,0.9104197030859602,0.9727043897942337
seed,2,3,2017-2020,-1,unweighted,PI,logistic_regression,measured,14,1,1,1.0,0.5,0.7,1.0,1.0,0,,,0.7731296287783735,0.6111488375124257,0.752231538244502,0,0.8,0.8333333333333334,0.8571428571428571,0.8,0.8469670761849599,0.7947719287796975,0.8066986290619105
seed,2,4,2017-2020,-1,unweighted,PI,logistic_regression,measured,14,1,1,1.0,1.0,1.0,1.0,1.0,0,,,0.7850059898001629,0.6257080882770581,0.7606018899086375,0,1.0,1.0,0.8571428571428571,0.9,0.8738047810749598,0.824762950006364,0.8156504519785771
seed,3,4,2017-2020,-1,unweighted,PI,logistic_regression,measured,14,1,1,1.0,0.5,0.7,1.0,1.0,0,,,0.8118816794056289,0.6629935441317959,0.8173485506044529,0,0.8,0.8333333333333334,0.7142857142857143,0.8,0.9123769852009045,0.9096044102798648,0.9720969446677454
seed,0,1,2017-2020,-1,unweighted,PI,logistic_regression,total,14,2,2,1.0,1.0,1.0,1.0,1.0,0,,,0.9392316798072956,0.8427498280790525,0.9283264045770083,0,0.8,1.0,1.0,0.9,0.9664572225583408,0.9685765815906264,0.9928823143544824
seed,0,2,2017-2020,-1,unweighted,PI,logistic_regression,total,14,2,3,0.6666666666666666,0.6,0.875,1.0,0.6666666666666666,0,,GenHlth,0.9306936324893796,0.8397918225669414,0.9252363562520558,0,0.8,1.0,1.0,0.8,0.9625830176683408,0.9658922270306265,0.9927846581044824
seed,0,3,2017-2020,-1,unweighted,PI,logistic_regression,total,14,2,2,1.0,0.75,0.8888888888888888,1.0,1.0,0,,,0.9350220264317181,0.8555555555555555,0.9417674155069948,1,1.0,1.0,1.0,0.9,0.9774066876623331,0.9839033588716108,0.9991229243304439
seed,0,4,2017-2020,-1,unweighted,PI,logistic_regression,total,14,2,2,1.0,1.0,1.0,1.0,1.0,0,,,0.968097395497227,0.906091176980121,0.9582428067780353,1,1.0,1.0,1.0,0.9,0.9853641148599999,0.9883444952177778,0.9991970486111111
seed,1,2,2017-2020,-1,unweighted,PI,logistic_regression,total,14,2,3,0.6666666666666666,0.6,0.875,1.0,0.6666666666666666,0,,GenHlth,0.9735194218983183,0.9386793281621157,0.9768935414071891,1,1.0,1.0,1.0,0.9,0.9929559911090908,0.995363387578182,0.9998579545454546
seed,1,3,2017-2020,-1,unweighted,PI,logistic_regression,total,14,2,2,1.0,0.75,0.8888888888888888,1.0,1.0,0,,,0.9569113349566093,0.8652231568278274,0.9376274572889551,0,0.8,1.0,1.0,1.0,0.9681588925523332,0.970203713431611,0.992970580580444
seed,1,4,2017-2020,-1,unweighted,PI,logistic_regression,total,14,2,2,1.0,1.0,1.0,1.0,1.0,0,,,0.9602742596956199,0.8939803125353485,0.9517124276776744,0,0.8,1.0,1.0,0.9,0.9772189028083407,0.9775477318128487,0.9935876094933712
seed,2,3,2017-2020,-1,unweighted,PI,logistic_regression,total,14,3,2,0.6666666666666666,0.4,0.7777777777777778,1.0,0.6666666666666666,0,GenHlth,,0.9416947392563936,0.8397918225669414,0.92740865634461,0,0.8,1.0,1.0,0.9,0.964284687662333,0.9675193588716109,0.9928729243304439
seed,2,4,2017-2020,-1,unweighted,PI,logistic_regression,total,14,3,2,0.6666666666666666,0.6,0.875,1.0,0.6666666666666666,0,GenHlth,,0.9648351648351648,0.8901098901098902,0.9490265864584928,0,0.8,1.0,1.0,0.9,0.9772189028083407,0.9775477318128487,0.9935876094933712
seed,3,4,2017-2020,-1,unweighted,PI,logistic_regression,total,14,2,2,1.0,0.75,0.8888888888888888,1.0,1.0,0,,,0.9328938538427826,0.8397918225669414,0.9366928044590754,1,1.0,1.0,1.0,0.9,0.9774066876623331,0.9839033588716108,0.9991229243304439
seed,0,1,2017-2020,-1,unweighted,PI,random_forest,diag,14,4,3,0.75,0.75,1.0,1.0,0.75,0,GenHlth,,0.9426140434253557,0.8716308047219646,0.9492786897704556,1,1.0,1.0,1.0,0.9,0.9833853989123331,0.989146238871611,0.9996112055804439
seed,0,2,2017-2020,-1,unweighted,PI,random_forest,diag,14,4,4,1.0,0.6,0.7142857142857143,1.0,1.0,0,,,0.8270509977827052,0.6931818181818181,0.8279968102342958,0,0.8,1.0,0.8571428571428571,0.9,0.9025441581257097,0.8728343924383641,0.866224182447327
seed,0,3,2017-2020,-1,unweighted,PI,random_forest,diag,14,4,4,1.0,0.5,0.75,1.0,1.0,0,,,0.8574632747417192,0.7079098555864042,0.8228514022122169,0,1.0,1.0,0.8571428571428571,0.9,0.8886661581257096,0.8465517257716975,0.8308075157806604
seed,0,4,2017-2020,-1,unweighted,PI,random_forest,diag,14,4,3,0.75,0.3333333333333333,0.625,1.0,0.75,0,GenHlth,,0.8587280161416003,0.759883265655046,0.879436424829382,0,0.8,0.8333333333333334,0.8571428571428571,0.9,0.9360894931266186,0.9401357134112935,0.988447391096317
seed,1,2,2017-2020,-1,unweighted,PI,random_forest,diag,14,3,4,0.75,0.5,0.7142857142857143,1.0,0.75,0,,GenHlth,0.8410677998713362,0.6704852344015113,0.8140864057084023,0,0.8,1.0,0.8571428571428571,0.8,0.8970567882366189,0.8683740255179602,0.8659539015129836
seed,1,3,2017-2020,-1,unweighted,PI,random_forest,diag,14,3,4,0.75,0.4,0.75,1.0,0.75,0,,GenHlth,0.8646869918872959,0.7513926833493687,0.8372711856770026,0,1.0,1.0,0.8571428571428571,0.9,0.8870529931266189,0.8447757134112934,0.8306348910963169
seed,1,4,2017-2020,-1,unweighted,PI,random_forest,diag,14,3,3,1.0,0.5,0.625,1.0,1.0,0,,,0.9340659340659341,0.8461538461538461,0.9104497355626239,0,0.8,0.8333333333333334,0.8571428571428571,1.0,0.9527040942142855,0.9509894745396827,0.9888361855158732
seed,2,3,2017-2020,-1,unweighted,PI,random_forest,diag,14,4,4,1.0,0.3333333333333333,0.5,1.0,1.0,0,,,0.9303918522326388,0.8090398349558904,0.8842773411619665,0,0.8,1.0,0.8571428571428571,0.9,0.9376501005742857,0.9218039999796825,0.9501643105158731
seed,2,4,2017-2020,-1,unweighted,PI,random_forest,diag,14,4,3,0.75,0.25,0.375,1.0,0.75,0,GenHlth,,0.8410677998713362,0.692834742214895,0.8240298975328342,0,1.0,0.8333333333333334,0.8571428571428571,0.8,0.9003372882366187,0.8738353588512935,0.8695997348463169
seed,3,4,2017-2020,-1,unweighted,PI,random_forest,diag,14,4,3,0.75,0.6,0.8571428571428571,1.0,0.75,0,GenHlth,,0.9130918616621572,0.7734924681537618,0.8396335264721267,0,0.8,0.8333333333333334,1.0,0.9,0.8824431876623331,0.8339300255382776,0.8236020909971107
seed,0,1,2017-2020,-1,unweighted,PI,random_forest,measured,14,1,1,1.0,0.42857142857142855,0.6,1.0,1.0,0,,,0.5605726872246697,0.43333333333333335,0.6687689856461447,0,0.8,0.6666666666666666,0.5714285714285714,0.7,0.8259340705242812,0.8040746057310624,0.9097494180624064
seed,0,2,2017-2020,-1,unweighted,PI,random_forest,measured,14,1,1,1.0,0.5,0.5555555555555556,1.0,1.0,0,,,0.4843483226681925,0.35064685421983893,0.5559556439374971,0,0.6,0.6666666666666666,0.7142857142857143,0.8,0.7766632013992456,0.716433133097158,0.7796928006888945
seed,0,3,2017-2020,-1,unweighted,PI,random_forest,measured,14,1,2,0.5,0.2,0.3,1.0,0.5,0,,BMI,0.4526431718061674,0.36666666666666664,0.5863821406084624,0,0.6,0.5,0.42857142857142855,0.8,0.7992527611285669,0.7719624650529674,0.8998768362171683
seed,0,4,2017-2020,-1,unweighted,PI,random_forest,measured,14,1,1,1.0,0.5,0.5555555555555556,1.0,1.0,0,,,0.5767987492463628,0.41575658185233255,0.5989621328401202,0,0.6,0.8333333333333334,0.7142857142857143,0.8,0.7837084126492455,0.715532013097158,0.7567435819388945
seed,1,2,2017-2020,-1,unweighted,PI,random_forest,measured,14,1,1,1.0,0.42857142857142855,0.6,1.0,1.0,0,,,0.4866383856595315,0.39901193756050635,0.6005152070352213,0,0.6,0.6666666666666666,0.5714285714285714,0.7,0.762027178222622,0.7043066921039111,0.7784346838057777
seed,1,3,2017-2020,-1,unweighted,PI,random_forest,measured,14,1,2,0.5,0.42857142857142855,0.6666666666666666,1.0,0.5,0,,BMI,0.8722466960352424,0.7555555555555555,0.8403685364365892,0,0.8,0.6666666666666666,0.7142857142857143,0.9,0.9043963750385713,0.8872259580749207,0.9433516245039683
seed,1,4,2017-2020,-1,unweighted,PI,random_forest,measured,14,1,1,1.0,0.25,0.45454545454545453,1.0,1.0,0,,,0.4265216804771954,0.30338993810845893,0.49931060128170157,0,0.4,0.6666666666666666,0.5714285714285714,0.7,0.7358366624735313,0.6561794335212848,0.7312677014825452
seed,2,3,2017-2020,-1,unweighted,PI,random_forest,measured,14,1,2,0.5,0.3333333333333333,0.4444444444444444,1.0,0.5,0,,BMI,0.3950358660059726,0.30228177087917146,0.5124635854825592,0,0.6,0.6666666666666666,0.5714285714285714,0.7,0.7350271782226221,0.6616400254372444,0.736768017139111
seed,2,4,2017-2020,-1,unweighted,PI,random_forest,measured,14,1,1,1.0,0.3333333333333333,0.4,1.0,1.0,0,,,0.3009943749779146,0.22010219462003328,0.38192007575033604,0,0.2,0.5,0.5714285714285714,0.8,0.706479794561198,0.6103982577607853,0.7069603153465457
seed,3,4,2017-2020,-1,unweighted,PI,random_forest,measured,14,2,1,0.5,0.2,0.3,1.0,0.5,0,BMI,,0.24972512898405744,0.19102329436458526,0.38999706829724645,0,0.4,0.5,0.5714285714285714,0.8,0.7191076871135313,0.6389699711923961,0.7280558959269896
seed,0,1,2017-2020,-1,unweighted,PI,random_forest,total,14,2,2,1.0,1.0,1.0,1.0,1.0,0,,,0.9544416003610319,0.8803594037315453,0.9220115046869608,0,1.0,1.0,1.0,0.9,0.9419460988074317,0.9237128072843637,0.942501553622159
seed,0,2,2017-2020,-1,unweighted,PI,random_forest,total,14,2,2,1.0,1.0,1.0,1.0,1.0,0,,,0.8976903121883377,0.795592252958155,0.90600009152209,1,1.0,1.0,0.8571428571428571,0.8,0.9599664114333766,0.9672469040023088,0.9972336365891054
seed,0,3,2017-2020,-1,unweighted,PI,random_forest,total,14,2,2,1.0,1.0,1.0,1.0,1.0,0,,,0.7447554731648438,0.5955432118425305,0.8203028471895719,1,1.0,1.0,0.8571428571428571,0.7,0.9407367220449598,0.9549614871085863,0.996824497117466
seed,0,4,2017-2020,-1,unweighted,PI,random_forest,total,14,2,2,1.0,0.75,0.8888888888888888,1.0,1.0,0,,,0.7764317180616741,0.6555555555555556,0.8190292845826233,0,1.0,0.8333333333333334,0.8571428571428571,0.8,0.9173400191317176,0.910273657041824,0.9528980689991432
seed,1,2,2017-2020,-1,unweighted,PI,random_forest,total,14,2,2,1.0,1.0,1.0,1.0,1.0,0,,,0.8956108418818455,0.7845469379628214,0.8722867993611471,0,1.0,1.0,0.8571428571428571,0.9,0.9160005280226267,0.9002329361303087,0.9400192811203554
seed,1,3,2017-2020,-1,unweighted,PI,random_forest,total,14,2,2,1.0,1.0,1.0,1.0,1.0,0,,,0.7678743596209167,0.5896840448301724,0.7863602567449435,0,1.0,1.0,0.8571428571428571,0.8,0.9020010152357099,0.8908108307672529,0.9396508317528826
seed,1,4,2017-2020,-1,unweighted,PI,random_forest,total,14,2,2,1.0,0.75,0.8888888888888888,1.0,1.0,0,,,0.8476509317891683,0.7202940575985372,0.8536727995704882,0,1.0,0.8333333333333334,0.8571428571428571,0.9,0.9331590280226265,0.9319769361303087,0.9790817811203554
seed,2,3,2017-2020,-1,unweighted,PI,random_forest,total,14,2,2,1.0,1.0,1.0,1.0,1.0,0,,,0.8454828539389022,0.7375337578416624,0.882701875869571,1,1.0,1.0,0.8571428571428571,0.9,0.9612208738258687,0.9697389945348489,0.9974982265997893
seed,2,4,2017-2020,-1,unweighted,PI,random_forest,total,14,2,2,1.0,0.75,0.8888888888888888,1.0,1.0,0,,,0.8228827861726429,0.6850933289361891,0.8357257306994652,0,1.0,0.8333333333333334,0.7142857142857143,0.9,0.9136222097360029,0.9054681830303954,0.9518796538205717
seed,3,4,2017-2020,-1,unweighted,PI,random_forest,total,14,2,2,1.0,0.75,0.8888888888888888,1.0,1.0,0,,,0.6497273267372822,0.5056498968474316,0.7604990982505833,0,1.0,0.8333333333333334,0.7142857142857143,0.8,0.8958118663983363,0.8930998121242284,0.9512195920399046
seed,0,1,2017-2020,-1,unweighted,PI,xgboost,diag,14,4,4,1.0,0.3333333333333333,0.5,1.0,1.0,0,,,0.8404845569998652,0.7071931137405822,0.8465087565093576,0,1.0,0.8333333333333334,0.8571428571428571,0.8,0.9231202572366188,0.914896962406849,0.9531500820685392
seed,0,2,2017-2020,-1,unweighted,PI,xgboost,diag,14,4,4,1.0,0.75,0.8571428571428571,1.0,1.0,0,,,0.943651593594624,0.8315131637046651,0.8986861097381313,0,0.8,0.8333333333333334,1.0,0.9,0.9355944338083406,0.9202301282572931,0.9490997622711491
seed,0,3,2017-2020,-1,unweighted,PI,xgboost,diag,14,4,4,1.0,1.0,1.0,1.0,1.0,0,,,0.8775907804916535,0.7730012058189372,0.8900987262065413,0,1.0,1.0,1.0,0.9,0.943008630361583,0.9360767662173886,0.9572188987228051
seed,0,4,2017-2020,-1,unweighted,PI,xgboost,diag,14,4,4,1.0,0.6,0.7142857142857143,1.0,1.0,0,,,0.932819383259912,0.7888888888888889,0.8752442021427065,0,0.8,0.8333333333333334,1.0,0.9,0.9322261566623331,0.9176582957604997,0.9488191048859995
seed,1,2,2017-2020,-1,unweighted,PI,xgboost,diag,14,4,4,1.0,0.5,0.5714285714285714,1.0,1.0,0,,,0.7836720969929772,0.6481357265881276,0.8396243001269902,0,0.8,1.0,0.8571428571428571,0.7,0.9350127793457097,0.943737413096142,0.9908118560584381
seed,1,3,2017-2020,-1,unweighted,PI,xgboost,diag,14,4,4,1.0,0.3333333333333333,0.5,1.0,1.0,0,,,0.8069453471145112,0.7105041671115224,0.8656715512072692,1,1.0,0.8333333333333334,0.8571428571428571,0.8,0.9453372882366187,0.9538353588512936,0.9945997348463169
seed,1,4,2017-2020,-1,unweighted,PI,xgboost,diag,14,4,4,1.0,0.6666666666666666,0.6666666666666666,1.0,1.0,0,,,0.9196925257223656,0.8397918225669414,0.9107125114820089,0,0.8,0.8333333333333334,0.8571428571428571,0.9,0.9548086005742855,0.9535479999796825,0.9892268105158731
seed,2,3,2017-2020,-1,unweighted,PI,xgboost,diag,14,4,4,1.0,0.75,0.8571428571428571,1.0,1.0,0,,,0.8782470544940512,0.7698914757285933,0.8926708175587242,0,0.8,0.8333333333333334,1.0,0.9,0.9438753263606741,0.9494845083555705,0.9899870095182596
seed,2,4,2017-2020,-1,unweighted,PI,xgboost,diag,14,4,4,1.0,0.8,0.8333333333333334,1.0,1.0,0,,,0.8906126281466826,0.7753298418327284,0.904147321514292,1,1.0,0.8333333333333334,1.0,0.8,0.9605211787714238,0.9683440797831262,0.9963767122092317
seed,3,4,2017-2020,-1,unweighted,PI,xgboost,diag,14,4,4,1.0,0.6,0.7142857142857143,1.0,1.0,0,,,0.8753405477211621,0.7378647873726218,0.8704641071256134,0,0.8,0.8333333333333334,1.0,0.9,0.9496602186623331,0.9528684219827221,0.9900517437748884
seed,0,1,2017-2020,-1,unweighted,PI,xgboost,measured,14,2,1,0.5,0.375,0.5555555555555556,1.0,0.5,0,BMI,,0.7066615117137224,0.5803797278569395,0.7571427186237898,0,0.8,0.6666666666666666,0.7142857142857143,0.8,0.8877817739509046,0.8763721969465315,0.9429628300844121
seed,0,2,2017-2020,-1,unweighted,PI,xgboost,measured,14,2,1,0.5,0.5,0.7777777777777778,1.0,0.5,0,BMI,,0.8727874261970303,0.7284332318490364,0.8283982780003016,0,0.8,1.0,0.8571428571428571,0.9,0.9066847043766189,0.8880345934112932,0.934248172346317
seed,0,3,2017-2020,-1,unweighted,PI,xgboost,measured,14,2,2,1.0,0.8333333333333334,0.8571428571428571,1.0,1.0,0,,,0.9423503325942352,0.8409090909090908,0.9073415955187941,0,0.8,0.8333333333333334,1.0,1.0,0.9400923925523332,0.9336810467649443,0.9747414139137773
seed,0,4,2017-2020,-1,unweighted,PI,xgboost,measured,14,2,2,1.0,0.42857142857142855,0.5555555555555556,1.0,1.0,0,,,0.7049762490788878,0.6180165405913052,0.8099161469196701,0,0.8,0.8333333333333334,0.7142857142857143,0.8,0.9214534699499954,0.9280092724180469,0.9871892742131999
seed,1,2,2017-2020,-1,unweighted,PI,xgboost,measured,14,1,1,1.0,0.42857142857142855,0.6,1.0,1.0,0,,,0.7795957916426268,0.6628430655570049,0.7602721548243409,0,0.6,0.6666666666666666,0.7142857142857143,0.9,0.8790280862885713,0.8504848380749204,0.9219649057539683
seed,1,3,2017-2020,-1,unweighted,PI,xgboost,measured,14,1,2,0.5,0.5,0.625,1.0,0.5,0,,BMI,0.620868740323558,0.5330017908890261,0.7220964037145464,0,0.8,0.6666666666666666,0.7142857142857143,0.8,0.8637718816492455,0.84738828331938,0.9272730958277833
seed,1,4,2017-2020,-1,unweighted,PI,xgboost,measured,14,1,2,0.5,0.375,0.5555555555555556,1.0,0.5,0,,BMI,0.7943321679834711,0.6910162294442014,0.823070401170501,0,0.8,0.6666666666666666,0.7142857142857143,0.9,0.8906540555392455,0.8794009081016021,0.9432127659666723
seed,2,3,2017-2020,-1,unweighted,PI,xgboost,measured,14,1,2,0.5,0.42857142857142855,0.6666666666666666,1.0,0.5,0,,BMI,0.7232305015034214,0.6128089093333163,0.7485807151446223,0,0.6,0.8333333333333334,0.8571428571428571,0.9,0.8767405698249597,0.8558294033396974,0.9250580040619105
seed,2,4,2017-2020,-1,unweighted,PI,xgboost,measured,14,1,2,0.5,0.2857142857142857,0.6,1.0,0.5,0,,BMI,0.6952517485147377,0.5716619504750294,0.7631438384602522,0,0.8,0.8333333333333334,0.8571428571428571,0.8,0.88120539593496,0.8658007785574753,0.9309933339230215
seed,3,4,2017-2020,-1,unweighted,PI,xgboost,measured,14,2,2,1.0,0.375,0.4444444444444444,1.0,1.0,0,,,0.6541472405246106,0.5730698830937557,0.7641102800599706,0,0.8,0.6666666666666666,0.7142857142857143,0.8,0.8905780627009046,0.8881959836131981,0.9685162155010787
seed,0,1,2017-2020,-1,unweighted,PI,xgboost,total,14,3,2,0.6666666666666666,0.6666666666666666,0.8571428571428571,1.0,0.6666666666666666,0,GenHlth,,0.7810785804579901,0.6629935441317959,0.8265943308727205,0,1.0,0.8333333333333334,0.8571428571428571,0.8,0.9233140761849599,0.9167559287796974,0.9535736290619105
seed,0,2,2017-2020,-1,unweighted,PI,xgboost,total,14,3,2,0.6666666666666666,0.5,0.75,1.0,0.6666666666666666,0,GenHlth,,0.7876792445181983,0.6850933289361891,0.8570734515070031,1,1.0,0.8333333333333334,0.8571428571428571,0.8,0.9421674842357095,0.9518831009894753,0.9945553456417714
seed,0,3,2017-2020,-1,unweighted,PI,xgboost,total,14,3,3,1.0,0.8,0.8571428571428571,1.0,1.0,0,,,0.8492854424134765,0.7292928985449755,0.8809827020531038,0,0.8,1.0,1.0,0.8,0.952457709771424,0.9591544762275706,0.9925138649870094
seed,0,4,2017-2020,-1,unweighted,PI,xgboost,total,14,3,3,1.0,0.8,0.8571428571428571,1.0,1.0,0,,,0.8631430702091665,0.7375337578416624,0.8746624153250723,0,0.8,0.8333333333333334,0.8571428571428571,0.8,0.9371920761849597,0.9430385954463643,0.9889902957285771
seed,1,2,2017-2020,-1,unweighted,PI,xgboost,total,14,2,2,1.0,0.8,0.875,1.0,1.0,0,,,0.8270925110132159,0.7222222222222222,0.8529390863987492,0,1.0,0.8333333333333334,0.8571428571428571,0.8,0.9233187303817176,0.9155165370418239,0.9533863502491432
seed,1,3,2017-2020,-1,unweighted,PI,xgboost,total,14,2,3,0.6666666666666666,0.5,0.75,1.0,0.6666666666666666,0,,GenHlth,0.7301762114537446,0.6333333333333333,0.7948414122191456,0,0.8,0.8333333333333334,0.8571428571428571,0.8,0.9042180191317175,0.893889657041824,0.9466480689991432
seed,1,4,2017-2020,-1,unweighted,PI,xgboost,total,14,2,3,0.6666666666666666,0.8,1.0,1.0,0.6666666666666666,0,,GenHlth,0.8994524557213397,0.7753298418327284,0.8779383279574793,0,0.8,0.8333333333333334,1.0,0.9,0.9334218989123328,0.9191729055382776,0.9490903722471107
seed,2,3,2017-2020,-1,unweighted,PI,xgboost,total,14,2,3,0.6666666666666666,0.6,0.875,1.0,0.6666666666666666,0,,GenHlth,0.9559471365638768,0.911111111111111,0.942438498698438,0,0.8,0.8333333333333334,0.8571428571428571,1.0,0.9634657744642856,0.9599606247619048,0.989541480654762
seed,2,4,2017-2020,-1,unweighted,PI,xgboost,total,14,2,3,0.6666666666666666,0.6,0.875,1.0,0.6666666666666666,0,,GenHlth,0.864093145422712,0.7528565130839536,0.8826179894501193,0,0.8,1.0,0.8571428571428571,0.9,0.9535228693757096,0.9580772724383642,0.991712463697327
seed,3,4,2017-2020,-1,unweighted,PI,xgboost,total,14,3,3,1.0,0.6,0.75,1.0,1.0,0,,,0.8464134902733982,0.7079098555864041,0.8511431685558268,0,0.8,0.8333333333333334,0.8571428571428571,0.9,0.9377026581257095,0.9419117257716976,0.9886200157806604
seed,0,1,2017-2020,-1,unweighted,SHAP,logistic_regression,diag,14,4,4,1.0,0.75,0.8571428571428571,1.0,1.0,0,,,0.9032967032967033,0.7582417582417583,0.8391817931218117,0,1.0,0.8333333333333334,1.0,0.8,0.8916956369690909,0.8463902792404041,0.8295671559343435
seed,0,2,2017-2020,-1,unweighted,SHAP,logistic_regression,diag,14,4,4,1.0,0.6,0.7142857142857143,1.0,1.0,0,,,0.9120879120879121,0.7802197802197802,0.8805820097240583,0,1.0,0.8333333333333334,1.0,0.8,0.9366956369690909,0.9263902792404042,0.9545671559343435
seed,0,3,2017-2020,-1,unweighted,SHAP,logistic_regression,diag,14,4,4,1.0,0.6,0.7142857142857143,1.0,1.0,0,,,0.9384615384615385,0.8021978021978022,0.8856992164597226,0,1.0,0.8333333333333334,0.8571428571428571,0.8,0.9398653029333766,0.9278716008911978,0.954156379644661
seed,0,4,2017-2020,-1,unweighted,SHAP,logistic_regression,diag,14,4,4,1.0,0.5,0.75,1.0,1.0,0,,,0.9164835164835166,0.7802197802197802,0.8806617075864422,0,1.0,0.8333333333333334,0.8571428571428571,0.9,0.935588261677369,0.9242558527321822,0.9537563646206226
seed,1,2,2017-2020,-1,unweighted,SHAP,logistic_regression,diag,14,4,4,1.0,0.8,0.8333333333333334,1.0,1.0,0,,,0.9956043956043955,0.9780219780219781,0.9605712222835749,0,1.0,1.0,1.0,1.0,0.9549999999999998,0.9200000000000002,0.875
seed,1,3,2017-2020,-1,unweighted,SHAP,logistic_regression,diag,14,4,4,1.0,0.8,0.8333333333333334,1.0,1.0,0,,,0.9296703296703297,0.8681318681318682,0.9013478326547089,0,1.0,0.8333333333333334,0.8571428571428571,0.9,0.9229306005742857,0.8899319999796824,0.8704768105158731
seed,1,4,2017-2020,-1,unweighted,SHAP,logistic_regression,diag,14,4,4,1.0,0.4,0.625,1.0,1.0,0,,,0.9120879120879121,0.8021978021978022,0.8810372197551699,0,1.0,1.0,0.8571428571428571,0.9,0.927429761677369,0.8978451860655154,0.8730271979539559
seed,2,3,2017-2020,-1,unweighted,SHAP,logistic_regression,diag,14,4,4,1.0,0.6666666666666666,0.6666666666666666,1.0,1.0,0,,,0.9340659340659341,0.8901098901098902,0.9407766103711341,1,1.0,0.8333333333333334,0.8571428571428571,0.9,0.9679306005742856,0.9699319999796825,0.9954768105158731
seed,2,4,2017-2020,-1,unweighted,SHAP,logistic_regression,diag,14,4,4,1.0,0.3333333333333333,0.5,1.0,1.0,0,,,0.9164835164835166,0.8241758241758242,0.9204659974715952,1,1.0,1.0,0.8571428571428571,0.9,0.9724297616773689,0.9778451860655155,0.9980271979539559
seed,3,4,2017-2020,-1,unweighted,SHAP,logistic_regression,diag,14,4,4,1.0,0.3333333333333333,0.5,1.0,1.0,0,,,0.8461538461538461,0.7142857142857144,0.863939467963593,1,1.0,0.8333333333333334,0.8571428571428571,0.8,0.9539310877873688,0.9605098946166268,0.9951083611484003
seed,0,1,2017-2020,-1,unweighted,SHAP,logistic_regression,measured,14,3,3,0.5,0.25,0.5,0.6666666666666666,1.0,1,GenHlth,Sex,0.8241758241758241,0.6923076923076924,0.847655107040991,0,1.0,1.0,0.8571428571428571,0.7,0.9271134905957097,0.9226976264294751,0.9558834706417715
seed,0,2,2017-2020,-1,unweighted,SHAP,logistic_regression,measured,14,3,3,1.0,0.5714285714285714,0.5714285714285714,1.0,1.0,0,,,0.8197802197802198,0.6483516483516484,0.7880348693247194,0,0.8,1.0,0.8571428571428571,0.8,0.8756619842357098,0.8408217676561418,0.850284512308438
seed,0,3,2017-2020,-1,unweighted,SHAP,logistic_regression,measured,14,3,3,1.0,0.625,0.5,1.0,1.0,0,,,0.8769230769230769,0.7582417582417583,0.8609104896501427,0,1.0,1.0,0.8571428571428571,0.9,0.9210084970226264,0.8922278730191977,0.872527961675911
seed,0,4,2017-2020,-1,unweighted,SHAP,logistic_regression,measured,14,3,3,1.0,0.7142857142857143,0.6666666666666666,1.0,1.0,0,,,0.8989010989010989,0.7582417582417583,0.8480340329567073,0,0.8,0.8333333333333334,0.8571428571428571,0.9,0.9040237082726266,0.8701640863525311,0.8641620762592443
seed,1,2,2017-2020,-1,unweighted,SHAP,logistic_regression,measured,14,3,3,0.5,0.4,0.875,0.6666666666666666,1.0,1,Sex,GenHlth,0.8637362637362638,0.6923076923076924,0.7802545460441928,0,0.8,1.0,0.8571428571428571,0.8,0.8673810916833766,0.8115673875578644,0.8093972650613277
seed,1,3,2017-2020,-1,unweighted,SHAP,logistic_regression,measured,14,3,3,0.5,0.2857142857142857,0.625,0.6666666666666666,1.0,1,Sex,GenHlth,0.8769230769230769,0.7142857142857144,0.8210457370539062,0,1.0,1.0,0.8571428571428571,0.8,0.8857938765373687,0.8435230146166268,0.8305575798984003
seed,1,4,2017-2020,-1,unweighted,SHAP,logistic_regression,measured,14,3,3,0.5,0.3333333333333333,0.75,0.6666666666666666,1.0,1,Sex,GenHlth,0.8285714285714285,0.6703296703296704,0.7892154349418932,0,0.8,0.8333333333333334,0.8571428571428571,0.8,0.8709769684866187,0.823755842406849,0.8223883633185393
seed,2,3,2017-2020,-1,unweighted,SHAP,logistic_regression,measured,14,3,3,1.0,0.6666666666666666,0.7142857142857143,1.0,1.0,0,,,0.9340659340659341,0.8021978021978022,0.8831588635084824,0,0.8,1.0,0.8571428571428571,0.9,0.9410827616773687,0.9358611860655155,0.9761521979539559
seed,2,4,2017-2020,-1,unweighted,SHAP,logistic_regression,measured,14,3,3,1.0,0.8,0.8571428571428571,1.0,1.0,0,,,0.9032967032967033,0.7582417582417583,0.8723071526730721,0,0.8,0.8333333333333334,1.0,0.9,0.936218187662333,0.9309966922049442,0.9746437576637773
seed,3,4,2017-2020,-1,unweighted,SHAP,logistic_regression,measured,14,3,3,1.0,0.5714285714285714,0.5714285714285714,1.0,1.0,0,,,0.956043956043956,0.8681318681318682,0.9260645425326287,0,0.8,0.8333333333333334,0.8571428571428571,1.0,0.9560677171635357,0.9548006987743494,0.9893041217137898
seed,0,1,2017-2020,-1,unweighted,SHAP,logistic_regression,total,14,4,4,1.0,0.8,0.8333333333333334,1.0,1.0,0,,,0.9164835164835166,0.8021978021978022,0.8715988658219525,0,1.0,1.0,1.0,0.9,0.908770310611583,0.865047916439611,0.832924193861694
seed,0,2,2017-2020,-1,unweighted,SHAP,logistic_regression,total,14,4,4,1.0,0.8,0.8333333333333334,1.0,1.0,0,,,0.9296703296703297,0.8021978021978022,0.8785429523882737,0,0.8,1.0,0.8571428571428571,1.0,0.912951789965869,0.881282229094849,0.8668341640997893
seed,0,3,2017-2020,-1,unweighted,SHAP,logistic_regression,total,14,4,4,1.0,0.75,0.8571428571428571,1.0,1.0,0,,,0.9428571428571428,0.8021978021978022,0.8862609091372812,0,0.8,1.0,1.0,1.0,0.9253267732515833,0.8925003278884998,0.8681672494172495
seed,0,4,2017-2020,-1,unweighted,SHAP,logistic_regression,total,14,4,4,1.0,0.75,0.8571428571428571,1.0,1.0,0,,,0.9516483516483516,0.8461538461538461,0.9000222484395074,0,0.8,1.0,0.8571428571428571,1.0,0.9237134702158689,0.8902533793170713,0.8675394592386781
seed,1,2,2017-2020,-1,unweighted,SHAP,logistic_regression,total,14,4,4,1.0,0.6666666666666666,0.6666666666666666,1.0,1.0,0,,,0.956043956043956,0.8681318681318682,0.9118177946682393,0,0.8,1.0,0.8571428571428571,0.9,0.9376501005742857,0.9218039999796825,0.9501643105158731
seed,1,3,2017-2020,-1,unweighted,SHAP,logistic_regression,total,14,4,4,1.0,0.6,0.7142857142857143,1.0,1.0,0,,,0.9428571428571428,0.8241758241758242,0.8997377257578174,0,0.8,1.0,1.0,0.9,0.9398997759630832,0.9262843479702776,0.9512266027158607
seed,1,4,2017-2020,-1,unweighted,SHAP,logistic_regression,total,14,4,4,1.0,0.6,0.7142857142857143,1.0,1.0,0,,,0.9692307692307693,0.8681318681318682,0.9137977679215317,0,0.8,1.0,0.8571428571428571,0.9,0.9436288118242857,0.9270468799796825,0.9506525917658731
seed,2,3,2017-2020,-1,unweighted,SHAP,logistic_regression,total,14,4,4,1.0,0.6,0.7142857142857143,1.0,1.0,0,,,0.9604395604395607,0.8681318681318682,0.9400037249231563,1,1.0,1.0,0.8571428571428571,1.0,0.9763039665673687,0.9805295406255157,0.9981248542039559
seed,2,4,2017-2020,-1,unweighted,SHAP,logistic_regression,total,14,4,4,1.0,0.6,0.7142857142857143,1.0,1.0,0,,,0.9692307692307693,0.9120879120879122,0.9539246568970918,1,1.0,1.0,0.8571428571428571,1.0,0.9816463054642857,0.9835390212063493,0.9981786334325398
seed,3,4,2017-2020,-1,unweighted,SHAP,logistic_regression,total,14,4,4,1.0,0.5,0.75,1.0,1.0,0,,,0.9780219780219781,0.9120879120879122,0.9607977112664614,1,1.0,1.0,0.8571428571428571,1.0,0.981086935567369,0.9842578108477378,0.9983418680928448
seed,0,1,2017-2020,-1,unweighted,SHAP,random_forest,diag,14,5,5,1.0,0.8,0.8,1.0,1.0,0,,,0.9516483516483516,0.8461538461538461,0.9338840582545419,1,1.0,0.8333333333333334,1.0,1.0,0.971439392552333,0.9756650467649444,0.9966164139137773
seed,0,2,2017-2020,-1,unweighted,SHAP,random_forest,diag,14,5,5,1.0,0.6666666666666666,0.6,1.0,1.0,0,,,0.9736263736263736,0.8901098901098902,0.9498515315480442,1,1.0,0.8333333333333334,1.0,0.9,0.974963244963083,0.9781406181924999,0.9967561166047495
seed,0,3,2017-2020,-1,unweighted,SHAP,random_forest,diag,14,5,5,1.0,0.5,0.5,1.0,1.0,0,,,0.9208791208791209,0.8461538461538461,0.9380593334173202,1,1.0,1.0,1.0,0.9,0.9742368836614239,0.9819511010097928,0.9990785351258984
seed,0,4,2017-2020,-1,unweighted,SHAP,random_forest,diag,14,5,5,1.0,0.8,0.8,1.0,1.0,0,,,0.9692307692307693,0.8901098901098902,0.9482086658098599,1,1.0,0.8333333333333334,0.8571428571428571,0.9,0.9733499419273688,0.9758936696210712,0.9961283264261781
seed,1,2,2017-2020,-1,unweighted,SHAP,random_forest,diag,14,5,5,1.0,0.5,0.5,1.0,1.0,0,,,0.9252747252747253,0.8241758241758242,0.9279580560785409,1,1.0,1.0,1.0,0.9,0.9774066876623331,0.9839033588716108,0.9991229243304439
seed,1,3,2017-2020,-1,unweighted,SHAP,random_forest,diag,14,5,5,1.0,0.6,0.6666666666666666,1.0,1.0,0,,,0.8769230769230769,0.7802197802197802,0.9018781451195661,1,1.0,0.8333333333333334,1.0,0.9,0.967565187662333,0.9729806922049442,0.9965187576637773
seed,1,4,2017-2020,-1,unweighted,SHAP,random_forest,diag,14,5,5,1.0,0.6,0.6666666666666666,1.0,1.0,0,,,0.8945054945054945,0.7802197802197802,0.8966121777939831,1,1.0,0.8333333333333334,0.8571428571428571,0.9,0.9568033693757096,0.9635386057716975,0.9953582970306604
seed,2,3,2017-2020,-1,unweighted,SHAP,random_forest,diag,14,5,5,1.0,0.8,0.8,1.0,1.0,0,,,0.9648351648351648,0.8681318681318682,0.9376949159263048,1,1.0,0.8333333333333334,1.0,1.0,0.9736119274483408,0.9767222694839597,0.9966258039378157
seed,2,4,2017-2020,-1,unweighted,SHAP,random_forest,diag,14,5,5,1.0,0.8,0.8,1.0,1.0,0,,,0.956043956043956,0.8681318681318682,0.9300685395051603,1,1.0,0.8333333333333334,0.8571428571428571,0.9,0.9695437655733765,0.9717080123400865,0.9956494352002165
seed,3,4,2017-2020,-1,unweighted,SHAP,random_forest,diag,14,5,5,1.0,0.6,0.6666666666666666,1.0,1.0,0,,,0.9252747252747253,0.8241758241758242,0.9179253819244328,1,1.0,0.8333333333333334,0.8571428571428571,0.9,0.9621457082726264,0.9665480863525311,0.9954120762592443
seed,0,1,2017-2020,-1,unweighted,SHAP,random_forest,measured,14,3,2,0.6666666666666666,0.8333333333333334,1.0,1.0,0.6666666666666666,0,GenHlth,,0.956043956043956,0.8681318681318682,0.9043084047304292,0,0.8,0.8333333333333334,0.8571428571428571,0.9,0.9473452808242855,0.9369191502019047,0.974307105654762
seed,0,2,2017-2020,-1,unweighted,SHAP,random_forest,measured,14,3,3,1.0,0.7142857142857143,0.6666666666666666,1.0,1.0,0,,,0.9692307692307693,0.8681318681318682,0.9123566415005676,0,0.8,1.0,0.8571428571428571,0.9,0.9545716925235355,0.9464101611032381,0.9768909272693452
seed,0,3,2017-2020,-1,unweighted,SHAP,random_forest,measured,14,3,4,0.75,0.5714285714285714,0.6666666666666666,1.0,0.75,0,,HighChol,0.956043956043956,0.8681318681318682,0.9070863413422683,0,0.8,0.8333333333333334,1.0,0.9,0.9501543261099998,0.9406807085511113,0.9752061631944445
seed,0,4,2017-2020,-1,unweighted,SHAP,random_forest,measured,14,3,3,1.0,1.0,1.0,1.0,1.0,0,,,0.956043956043956,0.8681318681318682,0.9011259391004607,0,0.6,0.8333333333333334,1.0,0.9,0.9418152951099998,0.9280249787733335,0.9691731770833334
seed,1,2,2017-2020,-1,unweighted,SHAP,random_forest,measured,14,2,3,0.6666666666666666,0.625,0.6666666666666666,1.0,0.6666666666666666,0,,GenHlth,0.9912087912087912,0.9560439560439562,0.9777725681664549,1,1.0,0.8333333333333334,1.0,1.0,0.9875434116992499,0.9876456775680003,0.99737548828125
seed,1,3,2017-2020,-1,unweighted,SHAP,random_forest,measured,14,2,4,0.5,0.5,0.6666666666666666,1.0,0.5,0,,"GenHlth,HighChol",0.9780219780219781,0.9120879120879122,0.9488927938361386,1,1.0,0.8333333333333334,0.8571428571428571,1.0,0.9777835167142856,0.9778592345396826,0.9960627480158731
seed,1,4,2017-2020,-1,unweighted,SHAP,random_forest,measured,14,2,3,0.6666666666666666,0.8333333333333334,1.0,1.0,0.6666666666666666,0,,GenHlth,0.9692307692307693,0.9120879120879122,0.940941323663326,0,0.8,0.8333333333333334,0.8571428571428571,1.0,0.9694444857142857,0.965203504761905,0.990029761904762
seed,2,3,2017-2020,-1,unweighted,SHAP,random_forest,measured,14,3,4,0.75,0.8571428571428571,1.0,1.0,0.75,0,,HighChol,0.9780219780219781,0.9120879120879122,0.9549695917204556,1,1.0,0.8333333333333334,0.8571428571428571,1.0,0.9751684284135356,0.9764275787743493,0.9960424029637898
seed,2,4,2017-2020,-1,unweighted,SHAP,random_forest,measured,14,3,3,1.0,0.7142857142857143,0.6666666666666666,1.0,1.0,0,,,0.9692307692307693,0.9120879120879122,0.9470181215476432,0,0.8,0.8333333333333334,0.8571428571428571,1.0,0.9668293974135356,0.9637718489965716,0.9900094168526786
seed,3,4,2017-2020,-1,unweighted,SHAP,random_forest,measured,14,4,3,0.75,0.5714285714285714,0.6666666666666666,1.0,0.75,0,HighChol,,0.9912087912087912,0.9560439560439562,0.9726627141166119,0,0.8,1.0,1.0,1.0,0.9820950309999998,0.9798877297777779,0.9935329861111112
seed,0,1,2017-2020,-1,unweighted,SHAP,random_forest,total,14,5,4,0.8,0.75,1.0,1.0,0.8,0,Diabetes_self,,0.9604395604395607,0.8901098901098902,0.9475544080697302,1,1.0,0.8333333333333334,0.8571428571428571,0.9,0.9729073885226265,0.9755192365747534,0.9961173713981332
seed,0,2,2017-2020,-1,unweighted,SHAP,random_forest,total,14,5,5,1.0,0.75,0.8333333333333334,1.0,1.0,0,,,0.9868131868131869,0.9560439560439562,0.985376689583194,1,1.0,1.0,1.0,1.0,0.9952123768032421,0.9975111215156514,0.9999702649238782
seed,0,3,2017-2020,-1,unweighted,SHAP,random_forest,total,14,5,5,1.0,0.75,0.8333333333333334,1.0,1.0,0,,,0.9164835164835166,0.8021978021978022,0.9152894440575167,1,1.0,0.8333333333333334,1.0,0.8,0.9686724249174317,0.9746441825021417,0.9968743834832702
seed,0,4,2017-2020,-1,unweighted,SHAP,random_forest,total,14,5,5,1.0,1.0,1.0,1.0,1.0,0,,,0.9824175824175824,0.9340659340659341,0.9733483520694428,1,1.0,1.0,1.0,0.9,0.9887277378092498,0.9921557194524446,0.9996649848090278
seed,1,2,2017-2020,-1,unweighted,SHAP,random_forest,total,14,4,5,0.8,0.6,0.8333333333333334,1.0,0.8,0,,Diabetes_self,0.9692307692307693,0.8901098901098902,0.94820866580986,1,1.0,0.8333333333333334,0.8571428571428571,0.9,0.9733499419273688,0.9758936696210712,0.9961283264261781
seed,1,3,2017-2020,-1,unweighted,SHAP,random_forest,total,14,4,5,0.8,0.6,0.8333333333333334,1.0,0.8,0,,Diabetes_self,0.9340659340659341,0.8241758241758242,0.9155309010079677,1,1.0,0.8333333333333334,0.8571428571428571,0.9,0.9649546155217175,0.969838708490713,0.9958559683046988
seed,1,4,2017-2020,-1,unweighted,SHAP,random_forest,total,14,4,5,0.8,0.75,1.0,1.0,0.8,0,,Diabetes_self,0.956043956043956,0.8681318681318682,0.9364693151084761,1,1.0,0.8333333333333334,0.8571428571428571,0.9,0.9707395078233765,0.9732226221178644,0.9959207025613277
seed,2,3,2017-2020,-1,unweighted,SHAP,random_forest,total,14,5,5,1.0,0.6,0.6666666666666666,1.0,1.0,0,,,0.9120879120879121,0.8021978021978022,0.9166181794237844,1,1.0,0.8333333333333334,1.0,0.8,0.9664998900214239,0.9735869597831261,0.9968649934592317
seed,2,4,2017-2020,-1,unweighted,SHAP,random_forest,total,14,5,5,1.0,0.75,0.8333333333333334,1.0,1.0,0,,,0.9824175824175824,0.9340659340659341,0.9739116203225348,1,1.0,1.0,1.0,0.9,0.9891702912139921,0.9925301524987624,0.9996759398370727
seed,3,4,2017-2020,-1,unweighted,SHAP,random_forest,total,14,5,5,1.0,0.75,0.8333333333333334,1.0,1.0,0,,,0.9472527472527472,0.8681318681318682,0.9420045089032819,1,1.0,0.8333333333333334,1.0,0.9,0.9725466298074317,0.9773285370621416,0.9969720397332702
seed,0,1,2017-2020,-1,unweighted,SHAP,xgboost,diag,14,4,4,1.0,1.0,1.0,1.0,1.0,0,,,0.9384615384615385,0.8461538461538461,0.9205670969016373,0,1.0,1.0,1.0,0.9,0.9585579338083408,0.9475367949239597,0.9579539289378157
seed,0,2,2017-2020,-1,unweighted,SHAP,xgboost,diag,14,4,4,1.0,1.0,1.0,1.0,1.0,0,,,0.9208791208791209,0.8021978021978022,0.901967559031071,0,1.0,1.0,1.0,0.8,0.9515139249174316,0.9429001825021415,0.9578118834832702
seed,0,3,2017-2020,-1,unweighted,SHAP,xgboost,diag,14,4,4,1.0,1.0,1.0,1.0,1.0,0,,,0.9648351648351648,0.8901098901098902,0.927618322604211,0,0.8,1.0,1.0,0.9,0.9480510221090908,0.9325844506892931,0.9517242739898991
seed,0,4,2017-2020,-1,unweighted,SHAP,xgboost,diag,14,4,4,1.0,0.8,0.8333333333333334,1.0,1.0,0,,,0.9824175824175824,0.9340659340659341,0.9670283247121999,1,1.0,1.0,0.8571428571428571,0.9,0.9825550695742855,0.9845829368685715,0.9982979910714286
seed,1,2,2017-2020,-1,unweighted,SHAP,xgboost,diag,14,4,4,1.0,1.0,1.0,1.0,1.0,0,,,0.9472527472527472,0.8681318681318682,0.946744496596724,1,1.0,1.0,1.0,0.8,0.9816837289183407,0.9875191070306264,0.9995229393544823
seed,1,3,2017-2020,-1,unweighted,SHAP,xgboost,diag,14,4,4,1.0,1.0,1.0,1.0,1.0,0,,,0.9120879120879121,0.7802197802197802,0.9038002159720162,0,0.8,1.0,1.0,0.8,0.9653919249174316,0.9691828491688084,0.9932285501499368
seed,1,4,2017-2020,-1,unweighted,SHAP,xgboost,diag,14,4,4,1.0,0.8,0.8333333333333334,1.0,1.0,0,,,0.9296703296703297,0.8241758241758242,0.9052643851851521,0,1.0,1.0,0.8571428571428571,0.9,0.9449872082726265,0.9348040863525309,0.9563495762592443
seed,2,3,2017-2020,-1,unweighted,SHAP,xgboost,diag,14,4,4,1.0,1.0,1.0,1.0,1.0,0,,,0.956043956043956,0.8681318681318682,0.9380977380709402,0,0.8,1.0,1.0,0.9,0.9724359338083408,0.9738194615906264,0.9933705956044824
seed,2,4,2017-2020,-1,unweighted,SHAP,xgboost,diag,14,4,4,1.0,0.8,0.8333333333333334,1.0,1.0,0,,,0.8989010989010989,0.7802197802197802,0.8865917799992372,0,1.0,1.0,0.8571428571428571,0.9,0.9418174042717173,0.9328518284907128,0.9563051870546988
seed,3,4,2017-2020,-1,unweighted,SHAP,xgboost,diag,14,4,4,1.0,0.8,0.8333333333333334,1.0,1.0,0,,,0.9340659340659341,0.8241758241758242,0.8938401495903929,0,0.8,1.0,0.8571428571428571,0.9,0.9344802965733765,0.9198517421178642,0.9501199213113277
seed,0,1,2017-2020,-1,unweighted,SHAP,xgboost,measured,14,3,4,0.75,0.8,1.0,1.0,0.75,0,,Sex,0.9736263736263736,0.8901098901098902,0.9338834674137171,0,1.0,1.0,0.8571428571428571,1.0,0.9548401244126266,0.942731320912531,0.9569355137592443
seed,0,2,2017-2020,-1,unweighted,SHAP,xgboost,measured,14,3,2,0.6666666666666666,0.6666666666666666,0.8571428571428571,1.0,0.6666666666666666,0,GenHlth,,0.9428571428571428,0.8461538461538461,0.9276693318620959,0,0.8,1.0,1.0,0.9,0.9664572225583408,0.9685765815906264,0.9928823143544824
seed,0,3,2017-2020,-1,unweighted,SHAP,xgboost,measured,14,3,3,0.5,0.5,0.8571428571428571,0.6666666666666666,1.0,1,GenHlth,Sex,0.9736263736263736,0.8901098901098902,0.9292083409130552,0,0.8,1.0,1.0,1.0,0.9493101386983409,0.9338371494839597,0.9518015851878158
seed,0,4,2017-2020,-1,unweighted,SHAP,xgboost,measured,14,3,3,1.0,0.8,0.8571428571428571,1.0,1.0,0,,,0.9780219780219781,0.9120879120879122,0.9511299797952133,0,0.8,1.0,0.8571428571428571,1.0,0.9706921861635356,0.9694516356632381,0.9921253022693453
seed,1,2,2017-2020,-1,unweighted,SHAP,xgboost,measured,14,4,2,0.5,0.5,0.8571428571428571,1.0,0.5,0,"GenHlth,Sex",,0.9648351648351648,0.8681318681318682,0.9137994747950259,0,0.8,1.0,0.8571428571428571,0.9,0.9392632655733766,0.9235800123400866,0.9503369352002166
seed,1,3,2017-2020,-1,unweighted,SHAP,xgboost,measured,14,4,3,0.75,0.6,0.8571428571428571,1.0,0.75,0,GenHlth,,0.9780219780219781,0.9120879120879122,0.9541235733081486,0,0.8,1.0,0.8571428571428571,1.0,0.9735010934126267,0.97274225780142,0.9925691943147998
seed,1,4,2017-2020,-1,unweighted,SHAP,xgboost,measured,14,4,3,0.75,0.6,0.8571428571428571,1.0,0.75,0,Sex,,0.9736263736263736,0.8901098901098902,0.9255811690888625,0,0.8,1.0,1.0,1.0,0.9459465157490907,0.9300259252492931,0.9513336489898991
seed,2,3,2017-2020,-1,unweighted,SHAP,xgboost,measured,14,2,3,0.6666666666666666,0.8,1.0,1.0,0.6666666666666666,0,,Sex,0.956043956043956,0.8681318681318682,0.9279979050097328,0,1.0,1.0,1.0,0.9,0.9541923875574319,0.9440699272843636,0.957638272372159
seed,2,4,2017-2020,-1,unweighted,SHAP,xgboost,measured,14,2,3,0.6666666666666666,0.5,0.75,1.0,0.6666666666666666,0,,GenHlth,0.9296703296703297,0.8461538461538461,0.9283300888512998,1,1.0,1.0,0.8571428571428571,0.9,0.9686235853233764,0.9736595287845311,0.9975483067279943
seed,3,4,2017-2020,-1,unweighted,SHAP,xgboost,measured,14,3,3,0.5,0.3333333333333333,0.75,0.6666666666666666,1.0,1,Sex,GenHlth,0.956043956043956,0.8461538461538461,0.9146390596072391,0,1.0,1.0,0.8571428571428571,1.0,0.9488614131626265,0.937488440912531,0.9564472325092443
seed,0,1,2017-2020,-1,unweighted,SHAP,xgboost,total,14,4,4,1.0,0.8,0.8333333333333334,1.0,1.0,0,,,0.9780219780219781,0.9120879120879122,0.9525176679460122,0,0.8,0.8333333333333334,1.0,1.0,0.9716941611030829,0.9696838527525,0.9910920541047495
seed,0,2,2017-2020,-1,unweighted,SHAP,xgboost,total,14,4,4,1.0,1.0,1.0,1.0,1.0,0,,,0.9912087912087912,0.9560439560439562,0.975632148804706,0,0.8,1.0,1.0,1.0,0.9847054651039922,0.9825587772809847,0.9937406099759616
seed,0,3,2017-2020,-1,unweighted,SHAP,xgboost,total,14,4,4,1.0,1.0,1.0,1.0,1.0,0,,,0.9868131868131869,0.9340659340659341,0.9700916374424758,1,1.0,0.8333333333333334,1.0,1.0,0.984816161103083,0.9860678527525,0.9973420541047495
seed,0,4,2017-2020,-1,unweighted,SHAP,xgboost,total,14,4,4,1.0,1.0,1.0,1.0,1.0,0,,,0.9780219780219781,0.9120879120879122,0.9583193309528577,0,0.8,1.0,1.0,0.9,0.9776614562130832,0.9779221648591665,0.9935985645214161
seed,1,2,2017-2020,-1,unweighted,SHAP,xgboost,total,14,4,4,1.0,0.8,0.8333333333333334,1.0,1.0,0,,,0.9912087912087912,0.9560439560439562,0.9771108264425429,1,1.0,0.8333333333333334,1.0,1.0,0.9869886959990908,0.9871250754715153,0.997351444128788
seed,1,3,2017-2020,-1,unweighted,SHAP,xgboost,total,14,4,4,1.0,0.8,0.8333333333333334,1.0,1.0,0,,,0.9824175824175824,0.9340659340659341,0.951784237535343,0,0.8,0.8333333333333334,1.0,1.0,0.9770364999999999,0.9726933333333336,0.9911458333333334
seed,1,4,2017-2020,-1,unweighted,SHAP,xgboost,total,14,4,4,1.0,0.8,0.8333333333333334,1.0,1.0,0,,,0.9912087912087912,0.9560439560439562,0.9763222508882142,1,1.0,0.8333333333333334,1.0,0.9,0.9862842951099997,0.9863929787733334,0.9972981770833333
seed,2,3,2017-2020,-1,unweighted,SHAP,xgboost,total,14,4,4,1.0,1.0,1.0,1.0,1.0,0,,,0.9824175824175824,0.9340659340659341,0.9595368569460789,0,0.8,0.8333333333333334,1.0,1.0,0.9738666959990907,0.9707410754715153,0.991101444128788
seed,2,4,2017-2020,-1,unweighted,SHAP,xgboost,total,14,4,4,1.0,1.0,1.0,1.0,1.0,0,,,0.9868131868131869,0.9560439560439562,0.9826871821481514,1,1.0,1.0,1.0,0.9,0.9929559911090908,0.995363387578182,0.9998579545454546
seed,3,4,2017-2020,-1,unweighted,SHAP,xgboost,total,14,4,4,1.0,1.0,1.0,1.0,1.0,0,,,0.9824175824175824,0.9340659340659341,0.9587482813917505,0,0.8,0.8333333333333334,1.0,0.9,0.9731622951099999,0.9700089787733335,0.9910481770833334
seed,0,1,2017-2020,-1,weighted,PI,logistic_regression,diag,14,4,3,0.75,0.5,0.875,1.0,0.75,0,GenHlth,,0.8756880986543099,0.7734924681537618,0.901030240426791,1,1.0,1.0,0.8571428571428571,0.9,0.9640344352717174,0.9717902249351573,0.9977548398324765
seed,0,2,2017-2020,-1,weighted,PI,logistic_regression,diag,14,4,4,1.0,0.75,0.8571428571428571,1.0,1.0,0,,,0.9735682819383259,0.888888888888889,0.8997414136532352,0,1.0,1.0,0.8571428571428571,1.0,0.9124552127133765,0.8641629766778645,0.8319558588113277
seed,0,3,2017-2020,-1,weighted,PI,logistic_regression,diag,14,4,4,1.0,0.6666666666666666,0.875,1.0,1.0,0,,,0.8744493392070485,0.7666666666666666,0.8733021114695171,0,1.0,1.0,0.8571428571428571,0.9,0.9190297810749599,0.8930296166730307,0.8729421186452437
seed,0,4,2017-2020,-1,weighted,PI,logistic_regression,diag,14,4,4,1.0,0.5,0.75,1.0,1.0,0,,,0.946035242290749,0.8333333333333333,0.8746494438193264,0,1.0,1.0,0.8571428571428571,1.0,0.904858682267528,0.8583834760553337,0.8314822316897513
seed,1,2,2017-2020,-1,weighted,PI,logistic_regression,diag,14,3,4,0.75,0.4,0.75,1.0,0.75,0,,GenHlth,0.9020907548951435,0.795592252958155,0.8638262774707306,0,1.0,1.0,1.0,0.9,0.9075792225583408,0.8622939149239597,0.8324656476878157
seed,1,3,2017-2020,-1,weighted,PI,logistic_regression,diag,14,3,4,0.75,0.6666666666666666,1.0,1.0,0.75,0,,GenHlth,0.8250830075260458,0.6850933289361891,0.8296208223292618,0,1.0,1.0,0.8571428571428571,0.8,0.9101787882366188,0.8847580255179601,0.8722039015129835
seed,1,4,2017-2020,-1,weighted,PI,logistic_regression,diag,14,3,4,0.75,0.5,0.875,1.0,0.75,0,,GenHlth,0.8998905335417405,0.795592252958155,0.8704111382455106,0,1.0,1.0,1.0,0.9,0.9056005066106738,0.8630956585777927,0.8328798046571485
seed,2,3,2017-2020,-1,weighted,PI,logistic_regression,diag,14,4,4,1.0,0.5,0.75,1.0,1.0,0,,,0.8568281938325991,0.7444444444444445,0.8698609755887334,0,1.0,1.0,0.8571428571428571,0.9,0.9401995850758689,0.9323152078681822,0.9563198411831226
seed,2,4,2017-2020,-1,weighted,PI,logistic_regression,diag,14,4,4,1.0,0.75,0.8571428571428571,1.0,1.0,0,,,0.9658590308370045,0.8999999999999999,0.9591413597152474,1,1.0,1.0,1.0,1.0,0.9812808925523331,0.986587713431611,0.9992205805804439
seed,3,4,2017-2020,-1,weighted,PI,logistic_regression,diag,14,4,4,1.0,0.6666666666666666,0.875,1.0,1.0,0,,,0.8281938325991189,0.6777777777777777,0.8454861907608194,0,1.0,1.0,0.8571428571428571,0.9,0.9310510698249597,0.925120070006364,0.9557871707285771
seed,0,1,2017-2020,-1,weighted,PI,logistic_regression,measured,14,1,1,1.0,0.6,0.8,1.0,1.0,0,,,0.6523148460683204,0.530274452445604,0.7173692348296595,0,0.8,0.8333333333333334,0.8571428571428571,0.8,0.8629803959349598,0.8402007785574752,0.9153683339230215
seed,0,2,2017-2020,-1,weighted,PI,logistic_regression,measured,14,1,1,1.0,0.8,0.8888888888888888,1.0,1.0,0,,,0.7156923297547924,0.4856238539211126,0.6593729986174436,0,0.8,1.0,0.8571428571428571,0.7,0.8191647220449598,0.7647108204419198,0.7926578304507994
seed,0,3,2017-2020,-1,weighted,PI,logistic_regression,measured,14,1,1,1.0,0.6,0.8,1.0,1.0,0,,,0.83841396789335,0.687208948517702,0.812753724441126,0,0.8,1.0,0.8571428571428571,0.8,0.9028104994866188,0.8853502388512933,0.9341505160963169
seed,0,4,2017-2020,-1,weighted,PI,logistic_regression,measured,14,1,1,1.0,0.6666666666666666,0.7777777777777778,1.0,1.0,0,,,0.8295990202611044,0.7351532181632237,0.8169483770956525,0,0.8,0.8333333333333334,0.7142857142857143,0.9,0.8988217822876623,0.8758392468797691,0.9307746832160896
seed,1,2,2017-2020,-1,weighted,PI,logistic_regression,measured,14,1,1,1.0,0.75,0.9,1.0,1.0,0,,,0.645103749797805,0.5087470190691683,0.7299309905883076,0,0.8,0.8333333333333334,0.7142857142857143,0.8,0.8658856086483364,0.8408970885686731,0.8619075260676824
seed,1,3,2017-2020,-1,weighted,PI,logistic_regression,measured,14,1,1,1.0,0.5,0.8181818181818182,1.0,1.0,0,,,0.7467127614697272,0.6253635012747127,0.8053057051719714,0,1.0,0.8333333333333334,0.7142857142857143,0.8,0.9029737013992454,0.9083904664304912,0.9770886340222278
seed,1,4,2017-2020,-1,weighted,PI,logistic_regression,measured,14,1,1,1.0,0.6,0.8,1.0,1.0,0,,,0.4078651685393258,0.3411764705882353,0.6003202917386468,0,0.6,0.6666666666666666,0.5714285714285714,0.7,0.8284219822235313,0.8118589499657289,0.9191040730103232
seed,2,3,2017-2020,-1,weighted,PI,logistic_regression,measured,14,1,1,1.0,0.4,0.7272727272727273,1.0,1.0,0,,,0.8852183405469968,0.7375337578416624,0.842118033531779,0,0.8,1.0,1.0,0.8,0.894015678771424,0.8572827464497927,0.8521058788758984
seed,2,4,2017-2020,-1,weighted,PI,logistic_regression,measured,14,1,1,1.0,0.8,0.8888888888888888,1.0,1.0,0,,,0.5759057697156875,0.4162475610565922,0.6408314819914729,0,0.8,0.8333333333333334,0.7142857142857143,0.7,0.8139774965092457,0.7666554452038244,0.8040743111055613
seed,3,4,2017-2020,-1,weighted,PI,logistic_regression,measured,14,1,1,1.0,0.3333333333333333,0.6363636363636364,1.0,1.0,0,,,0.6555960256951474,0.48892055554204816,0.6926042094650399,0,0.6,0.8333333333333334,0.7142857142857143,0.8,0.8448814699499954,0.8177586057513799,0.9080226075465333
seed,0,1,2017-2020,-1,weighted,PI,logistic_regression,total,14,2,3,0.6666666666666666,0.6,0.875,1.0,0.6666666666666666,0,,GenHlth,0.9151990914086506,0.8440575543647566,0.936810189313073,1,1.0,1.0,1.0,0.8,0.9725352136674317,0.9803239691688082,0.9989902688999368
seed,0,2,2017-2020,-1,weighted,PI,logistic_regression,total,14,2,3,0.6666666666666666,0.6,0.875,1.0,0.6666666666666666,0,,GenHlth,0.9370217229136315,0.8427498280790525,0.9246593138666234,0,0.8,0.8333333333333334,1.0,0.9,0.9578068106115831,0.9604079164396111,0.990736693861694
seed,0,3,2017-2020,-1,weighted,PI,logistic_regression,total,14,2,3,0.6666666666666666,0.75,1.0,1.0,0.6666666666666666,0,,GenHlth,0.951219512195122,0.9090909090909091,0.9642898176109487,1,1.0,1.0,1.0,0.9,0.9833853989123331,0.989146238871611,0.9996112055804439
seed,0,4,2017-2020,-1,weighted,PI,logistic_regression,total,14,2,3,0.6666666666666666,0.6,0.875,1.0,0.6666666666666666,0,,GenHlth,0.9687717211496448,0.9134321478741886,0.9527217452994614,0,1.0,1.0,1.0,0.9,0.9673329338083407,0.9646034615906263,0.9839955956044824
seed,1,2,2017-2020,-1,weighted,PI,logistic_regression,total,14,3,3,1.0,1.0,1.0,1.0,1.0,0,,,0.9611160171467734,0.8803594037315454,0.93692571655838,0,0.8,0.8333333333333334,1.0,0.9,0.9566110683615832,0.9588933066618333,0.9904654265005829
seed,1,3,2017-2020,-1,weighted,PI,logistic_regression,total,14,3,3,1.0,0.75,0.875,1.0,1.0,0,,,0.9352888275615235,0.8671824188679005,0.9463790369009069,1,1.0,1.0,1.0,0.9,0.9742368836614239,0.9819511010097928,0.9990785351258984
seed,1,4,2017-2020,-1,weighted,PI,logistic_regression,total,14,3,3,1.0,1.0,1.0,1.0,1.0,0,,,0.9629213483146065,0.8941176470588237,0.9449709885002763,0,1.0,1.0,1.0,0.9,0.9661371915583408,0.9630888518128484,0.9837243282433712
seed,2,3,2017-2020,-1,weighted,PI,logistic_regression,total,14,3,3,1.0,0.75,0.875,1.0,1.0,0,,,0.9082922832959964,0.7978031705815032,0.9074966649456536,0,0.8,0.8333333333333334,1.0,0.9,0.954637006610674,0.9584556585777928,0.9906923046571485
seed,2,4,2017-2020,-1,weighted,PI,logistic_regression,total,14,3,3,1.0,1.0,1.0,1.0,1.0,0,,,0.9677904339325148,0.9032258817505466,0.9355967493397773,0,0.8,0.8333333333333334,1.0,1.0,0.9508540728023331,0.9426521969871666,0.9754467090526662
seed,3,4,2017-2020,-1,weighted,PI,logistic_regression,total,14,3,3,1.0,0.75,0.875,1.0,1.0,0,,,0.939753213373273,0.8671824188679005,0.9361439830818148,0,1.0,1.0,1.0,0.9,0.959375506610674,0.9601623252444593,0.9839214713238151
seed,0,1,2017-2020,-1,weighted,PI,random_forest,diag,14,4,3,0.75,0.5,0.7142857142857143,1.0,0.75,0,GenHlth,,0.9161237190199593,0.7822327734684299,0.8829921331753878,0,1.0,0.8333333333333334,0.8571428571428571,0.9,0.9377561423766188,0.926552467189071,0.9539530334574281
seed,0,2,2017-2020,-1,weighted,PI,random_forest,diag,14,4,4,1.0,0.5,0.5714285714285714,1.0,1.0,0,,,0.8492239467849225,0.75,0.8870117641648051,1,1.0,1.0,0.8571428571428571,0.8,0.9551787882366187,0.9647580255179602,0.9972039015129835
seed,0,3,2017-2020,-1,weighted,PI,random_forest,diag,14,4,4,1.0,0.75,0.8571428571428571,1.0,1.0,0,,,0.9330566346556487,0.7978078253584685,0.843695507515799,0,0.8,0.8333333333333334,1.0,0.9,0.8872308108590907,0.8364189040226264,0.8236318260732325
seed,0,4,2017-2020,-1,weighted,PI,random_forest,diag,14,4,3,0.75,0.3333333333333333,0.625,1.0,0.75,0,GenHlth,,0.774841988857845,0.6704852344015113,0.830234279869291,0,1.0,0.8333333333333334,0.8571428571428571,0.8,0.9151674842357098,0.9092164343228086,0.9528886789751048
seed,1,2,2017-2020,-1,weighted,PI,random_forest,diag,14,3,4,0.75,0.25,0.375,1.0,0.75,0,,GenHlth,0.8145774754659397,0.692834742214895,0.8334377251538995,0,1.0,0.8333333333333334,0.7142857142857143,0.9,0.9086407675909045,0.901120338173198,0.9514263717510788
seed,1,3,2017-2020,-1,weighted,PI,random_forest,diag,14,3,4,0.75,0.3333333333333333,0.625,1.0,0.75,0,,GenHlth,0.9400580300645673,0.8300279198737096,0.8812348286580409,0,0.8,0.8333333333333334,0.8571428571428571,1.0,0.908895182267528,0.8737434760553338,0.8642947316897513
seed,1,4,2017-2020,-1,weighted,PI,random_forest,diag,14,3,3,1.0,0.2857142857142857,0.4444444444444444,1.0,1.0,0,,,0.8021978021978022,0.6923076923076924,0.8498345218971846,1,1.0,0.8333333333333334,0.7142857142857143,0.8,0.9317665627009044,0.941102650279865,0.9929953821677454
seed,2,3,2017-2020,-1,weighted,PI,random_forest,diag,14,4,4,1.0,0.6,0.7142857142857143,1.0,1.0,0,,,0.8593942687617817,0.7284332318490364,0.8051851543277257,0,0.8,0.8333333333333334,0.8571428571428571,0.9,0.8688724621266186,0.821197316966849,0.8219977383185393
seed,2,4,2017-2020,-1,weighted,PI,random_forest,diag,14,4,3,0.75,0.2857142857142857,0.5,1.0,0.75,0,GenHlth,,0.8454828539389022,0.759883265655046,0.8676484748960424,0,1.0,0.8333333333333334,0.8571428571428571,0.9,0.9377607965733767,0.9253130754511976,0.9537657546446611
seed,3,4,2017-2020,-1,weighted,PI,random_forest,diag,14,4,3,0.75,0.4,0.75,1.0,0.75,0,GenHlth,,0.7733810743793603,0.6481039922301568,0.7884366818495951,0,0.8,0.6666666666666666,0.8571428571428571,0.8,0.8773737882366186,0.8465286921846267,0.8607455681796502
seed,0,1,2017-2020,-1,weighted,PI,random_forest,measured,14,1,2,0.5,0.375,0.4,1.0,0.5,0,,HighChol,0.3022883148567443,0.2418254167033372,0.4017948495178658,0,0.4,0.5,0.5714285714285714,0.8,0.7056656561135313,0.6170982414146183,0.7126479098158784
seed,0,2,2017-2020,-1,weighted,PI,random_forest,measured,14,1,2,0.5,0.25,0.36363636363636365,1.0,0.5,0,,HighChol,0.30046508882493794,0.24678382369818674,0.49880612629484083,0,0.6,0.5,0.42857142857142855,0.8,0.7516376728278169,0.690530809287634,0.774856491165085
seed,0,3,2017-2020,-1,weighted,PI,random_forest,measured,14,1,3,0.3333333333333333,0.3333333333333333,0.6,1.0,0.3333333333333333,0,,"BMI,Smoker",0.3509312031717982,0.2931423266123845,0.4345037583425556,0,0.4,0.6666666666666666,0.7142857142857143,0.8,0.7316929699499957,0.6421852724180467,0.7168767742131997
seed,0,4,2017-2020,-1,weighted,PI,random_forest,measured,14,1,1,1.0,0.3333333333333333,0.6363636363636364,1.0,1.0,0,,,0.49053587453674957,0.4330817574228221,0.6032620154448607,0,0.6,0.5,0.7142857142857143,0.8,0.7968103049509045,0.7397372600576427,0.7932666495288566
seed,1,2,2017-2020,-1,weighted,PI,random_forest,measured,14,2,2,1.0,0.375,0.4444444444444444,1.0,1.0,0,,,0.509853446723459,0.41576092031014994,0.631616932497872,0,0.6,0.6666666666666666,0.5714285714285714,0.7,0.8070271782226222,0.7843066921039109,0.9034346838057777
seed,1,3,2017-2020,-1,weighted,PI,random_forest,measured,14,2,3,0.25,0.125,0.5555555555555556,0.5,0.6666666666666666,1,HighChol,"BMI,Smoker",0.5108028389015522,0.4216370213557839,0.5905589287903894,0,0.6,0.6666666666666666,0.7142857142857143,0.8,0.7512763663983364,0.6755424787908951,0.7381987587065711
seed,1,4,2017-2020,-1,weighted,PI,random_forest,measured,14,2,1,0.5,0.0,0.3333333333333333,1.0,0.5,0,HighChol,,0.2435977515370012,0.18477395417486236,0.43262852645402783,0,0.4,0.3333333333333333,0.42857142857142855,0.7,0.708059576437817,0.646325757838745,0.7647110918595295
seed,2,3,2017-2020,-1,weighted,PI,random_forest,measured,14,2,3,0.25,0.3333333333333333,0.6666666666666666,0.5,0.6666666666666666,1,HighChol,"BMI,Smoker",0.6696889405973593,0.5843339867857035,0.702654803799454,0,0.8,0.8333333333333334,0.7142857142857143,0.8,0.8102071811999956,0.7423188190847135,0.7637192221298665
seed,2,4,2017-2020,-1,weighted,PI,random_forest,measured,14,2,1,0.5,0.14285714285714285,0.5454545454545454,1.0,0.5,0,HighChol,,0.36378332625027143,0.3223291856101521,0.5303841233488016,0,0.6,0.5,0.5714285714285714,0.8,0.7719700833111978,0.7061900444274517,0.7762637007632125
seed,3,4,2017-2020,-1,weighted,PI,random_forest,measured,14,3,1,0.3333333333333333,0.5,0.6363636363636364,1.0,0.3333333333333333,0,"BMI,Smoker",,0.17551238617587486,0.14982219165849825,0.35919867794390714,0,0.4,0.5,0.7142857142857143,0.7,0.7148727235083363,0.6380949171197842,0.7288129080121267
seed,0,1,2017-2020,-1,weighted,PI,random_forest,total,14,3,2,0.6666666666666666,0.4,0.7777777777777778,1.0,0.6666666666666666,0,GenHlth,,0.818699256816036,0.7304174834821294,0.8264925002695178,0,0.8,0.8333333333333334,0.8571428571428571,0.7,0.8513784180440507,0.8201025625801015,0.847300941246254
seed,0,2,2017-2020,-1,weighted,PI,random_forest,total,14,3,3,1.0,0.4,0.6666666666666666,1.0,1.0,0,,,0.8056294630834687,0.6735645239877782,0.8096043242554634,0,1.0,0.8333333333333334,0.7142857142857143,0.8,0.8687353816492456,0.8373616166527134,0.8527939291611166
seed,0,3,2017-2020,-1,weighted,PI,random_forest,total,14,3,4,0.75,0.2,0.6666666666666666,1.0,0.75,0,,HighChol,0.7945260395922096,0.6580887539540605,0.7812018142230441,0,1.0,0.8333333333333334,0.7142857142857143,0.8,0.8405442935960032,0.7919409484703955,0.8106687163205717
seed,0,4,2017-2020,-1,weighted,PI,random_forest,total,14,3,2,0.6666666666666666,0.4,0.7777777777777778,1.0,0.6666666666666666,0,GenHlth,,0.8311964721887732,0.7118102848890858,0.8260167112612544,0,1.0,0.8333333333333334,0.8571428571428571,0.8,0.8870890761849597,0.8538225954463641,0.8546152957285771
seed,1,2,2017-2020,-1,weighted,PI,random_forest,total,14,2,3,0.6666666666666666,0.3333333333333333,0.6666666666666666,1.0,0.6666666666666666,0,,GenHlth,0.7040708330888924,0.5524946201098299,0.7588299090999835,0,0.8,0.8333333333333334,0.7142857142857143,0.8,0.9032284699499953,0.9024092724180468,0.9715642742131999
seed,1,3,2017-2020,-1,weighted,PI,random_forest,total,14,2,4,0.5,0.4,0.875,1.0,0.5,0,,"GenHlth,HighChol",0.7845346972507998,0.6180165405913052,0.7807293885979769,0,0.8,1.0,0.8571428571428571,0.8,0.8942166999358689,0.87867570308596,0.9336418897942337
seed,1,4,2017-2020,-1,weighted,PI,random_forest,total,14,2,2,1.0,0.6,0.7777777777777778,1.0,1.0,0,,,0.7226559042282016,0.5730698830937557,0.7682589194115557,0,0.8,0.8333333333333334,0.7142857142857143,0.8,0.9032284699499953,0.9024092724180468,0.9715642742131999
seed,2,3,2017-2020,-1,weighted,PI,random_forest,total,14,3,4,0.75,0.4,0.75,1.0,0.75,0,,HighChol,0.8013323132632415,0.6704852344015113,0.8332226744716493,0,1.0,0.8333333333333334,0.8571428571428571,0.9,0.9212095698249598,0.9141974033396973,0.9531830040619105
seed,2,4,2017-2020,-1,weighted,PI,random_forest,total,14,3,2,0.6666666666666666,0.6,0.875,1.0,0.6666666666666666,0,GenHlth,,0.8013323132632415,0.7151842500282787,0.8643926580879768,1,1.0,0.8333333333333334,0.8571428571428571,0.9,0.9573627392726265,0.9628198161303088,0.9951950623703554
seed,3,4,2017-2020,-1,weighted,PI,random_forest,total,14,4,2,0.5,0.16666666666666666,0.6666666666666666,1.0,0.5,0,"GenHlth,HighChol",,0.6141906873614192,0.4659090909090909,0.7356172305078084,0,1.0,0.8333333333333334,0.7142857142857143,0.8,0.8910288973983365,0.8893715419020063,0.9510025781510157
seed,0,1,2017-2020,-1,weighted,PI,xgboost,diag,14,3,3,0.5,0.6,1.0,0.6666666666666666,1.0,1,GenHlth,HighChol,0.8580863278270876,0.6850933289361891,0.8382918199248455,0,0.8,0.8333333333333334,1.0,0.8,0.923762801720674,0.9131046373511262,0.9489279817404819
seed,0,2,2017-2020,-1,weighted,PI,xgboost,diag,14,3,4,0.75,0.5,0.7142857142857143,1.0,0.75,0,,HighChol,0.9085903083700442,0.7666666666666666,0.8810887218757489,0,0.8,0.8333333333333334,1.0,0.9,0.9496602186623331,0.9528684219827221,0.9900517437748884
seed,0,3,2017-2020,-1,weighted,PI,xgboost,diag,14,3,4,0.75,0.6,0.8571428571428571,1.0,0.75,0,,HighChol,0.9114450705529107,0.8222064167913465,0.9155151707071897,0,0.8,1.0,0.8571428571428571,0.9,0.9461248120749599,0.9529173464508085,0.9914751047563548
seed,0,4,2017-2020,-1,weighted,PI,xgboost,diag,14,3,3,1.0,1.0,1.0,1.0,1.0,0,,,0.9855888786944923,0.9489588377885488,0.9753837216757386,1,1.0,0.8333333333333334,1.0,1.0,0.9822010728023332,0.9846361969871666,0.9973217090526661
seed,1,2,2017-2020,-1,weighted,PI,xgboost,diag,14,3,4,0.75,0.5,0.7142857142857143,1.0,0.75,0,,GenHlth,0.7964801299318095,0.6408937593274027,0.8345685013243773,0,1.0,1.0,1.0,0.7,0.932090416580674,0.9287557992355704,0.9569791970182596
seed,1,3,2017-2020,-1,weighted,PI,xgboost,diag,14,3,4,0.75,0.6,0.8571428571428571,1.0,0.75,0,,GenHlth,0.825803764623378,0.6974298018536286,0.8413908023602074,0,0.8,0.8333333333333334,0.8571428571428571,0.8,0.9128071644857099,0.9018035845450307,0.9473439741139937
seed,1,4,2017-2020,-1,weighted,PI,xgboost,diag,14,3,3,0.5,0.6,1.0,0.6666666666666666,1.0,1,HighChol,GenHlth,0.906722638927526,0.7845469379628214,0.8824584306293982,0,0.8,0.8333333333333334,1.0,0.8,0.9285504249174317,0.9155935158354749,0.9489577168166036
seed,2,3,2017-2020,-1,weighted,PI,xgboost,diag,14,4,4,1.0,0.8,0.8333333333333334,1.0,1.0,0,,,0.9343457004663004,0.8463889584616802,0.9226368160561031,0,0.8,0.8333333333333334,0.8571428571428571,0.9,0.9470449923249598,0.9509658300063641,0.9895762332285771
seed,2,4,2017-2020,-1,weighted,PI,xgboost,diag,14,4,3,0.75,0.5,0.7142857142857143,1.0,0.75,0,HighChol,,0.9032710716703473,0.7888934916555407,0.8972130096025881,0,0.8,0.8333333333333334,1.0,0.9,0.9438753263606741,0.9494845083555705,0.9899870095182596
seed,3,4,2017-2020,-1,weighted,PI,xgboost,diag,14,4,3,0.75,0.6,0.8571428571428571,1.0,0.75,0,HighChol,,0.906737164036081,0.8211597929591752,0.9088509903379284,0,0.8,0.8333333333333334,0.8571428571428571,0.9,0.9420682043766186,0.9453785934112935,0.988935672346317
seed,0,1,2017-2020,-1,weighted,PI,xgboost,measured,14,1,1,1.0,0.0,0.46153846153846156,1.0,1.0,0,,,0.15633955841297587,0.13710212427677043,0.35301907359617496,0,0.4,0.5,0.42857142857142855,0.8,0.7006887301285671,0.611040068608523,0.7115521834393903
seed,0,2,2017-2020,-1,weighted,PI,xgboost,measured,14,1,2,0.5,0.14285714285714285,0.5454545454545454,1.0,0.5,0,,GenHlth,0.5942435040375784,0.5098127419345817,0.6863386344049411,0,0.6,0.6666666666666666,0.7142857142857143,0.9,0.8490394827369121,0.816258044447769,0.9057868902473395
seed,0,3,2017-2020,-1,weighted,PI,xgboost,measured,14,1,2,0.5,0.6,0.7,1.0,0.5,0,,BMI,0.8183398760679205,0.658090196528498,0.674394648396119,0,0.8,0.8333333333333334,0.8571428571428571,1.0,0.8280157744642855,0.7434272914285714,0.7499581473214286
seed,0,4,2017-2020,-1,weighted,PI,xgboost,measured,14,1,2,0.5,0.3333333333333333,0.5454545454545454,1.0,0.5,0,,BMI,0.3932278517503412,0.31104537612089966,0.48300100829563536,0,0.6,0.5,0.7142857142857143,0.8,0.7403158088469122,0.6506560863322138,0.7205763867751172
seed,1,2,2017-2020,-1,weighted,PI,xgboost,measured,14,1,2,0.5,0.2857142857142857,0.45454545454545453,1.0,0.5,0,,GenHlth,0.31924239820590966,0.252326039748372,0.39363270927999594,0,0.6,0.6666666666666666,0.5714285714285714,0.8,0.7554479556642812,0.6766794438466183,0.7376357027846284
seed,1,3,2017-2020,-1,weighted,PI,xgboost,measured,14,1,2,0.5,0.2857142857142857,0.45454545454545453,1.0,0.5,0,,BMI,0.047619047619047616,0.02857142857142857,0.2677264818805608,0,0.4,0.3333333333333333,0.42857142857142855,0.8,0.709072230128567,0.6257174019418562,0.7245730167727237
seed,1,4,2017-2020,-1,weighted,PI,xgboost,measured,14,1,2,0.5,0.5,0.6,1.0,0.5,0,,BMI,0.2705443059996426,0.22038926600773592,0.38811303171273714,0,0.6,0.6666666666666666,0.5714285714285714,0.8,0.7526390484151901,0.6733888217084364,0.737191810739174
seed,2,3,2017-2020,-1,weighted,PI,xgboost,measured,14,2,2,0.3333333333333333,0.25,0.5555555555555556,0.5,1.0,1,GenHlth,BMI,0.5928787395252607,0.47809144373375745,0.5626943191273714,0,0.4,0.6666666666666666,0.7142857142857143,0.9,0.7698961939869124,0.6824502577811026,0.7333585048306727
seed,2,4,2017-2020,-1,weighted,PI,xgboost,measured,14,2,2,0.3333333333333333,0.25,0.5555555555555556,0.5,1.0,1,GenHlth,BMI,0.702318074686798,0.5784812208497497,0.6627008181663878,0,0.8,0.6666666666666666,0.7142857142857143,0.8,0.8132872778469125,0.7499576898877692,0.7869392339973394
seed,3,4,2017-2020,-1,weighted,PI,xgboost,measured,14,2,2,1.0,0.6666666666666666,0.75,1.0,1.0,0,,,0.6573751996657983,0.5574552022548613,0.7293142411432798,0,0.6,0.6666666666666666,0.8571428571428571,0.8,0.8721780343826264,0.8481781282369754,0.922701572787022
seed,0,1,2017-2020,-1,weighted,PI,xgboost,total,14,3,2,0.6666666666666666,0.5,0.75,1.0,0.6666666666666666,0,GenHlth,,0.8448849997066709,0.6629935441317959,0.7990455980218153,0,0.8,0.8333333333333334,0.8571428571428571,0.8,0.8825608757357097,0.8441131312116974,0.8488739220306604
seed,0,2,2017-2020,-1,weighted,PI,xgboost,total,14,3,3,1.0,0.2857142857142857,0.4444444444444444,1.0,1.0,0,,,0.6909559615740898,0.536388187521209,0.7552986452219872,0,0.8,0.8333333333333334,0.7142857142857143,0.7,0.8667943727583365,0.8419410042308952,0.8620268837065713
seed,0,3,2017-2020,-1,weighted,PI,xgboost,total,14,3,3,1.0,0.2,0.6,1.0,1.0,0,,,0.8052158591341524,0.6733804983414345,0.8097092923031494,0,0.8,0.8333333333333334,0.7142857142857143,0.9,0.8964316939869121,0.8626742577811024,0.8630460048306728
seed,0,4,2017-2020,-1,weighted,PI,xgboost,total,14,3,3,1.0,0.5,0.625,1.0,1.0,0,,,0.8067164655164019,0.6481039922301568,0.7827486686411189,0,0.8,0.8333333333333334,0.7142857142857143,0.8,0.8663797160960032,0.828709375137062,0.8470619454872383
seed,1,2,2017-2020,-1,weighted,PI,xgboost,total,14,2,3,0.6666666666666666,0.42857142857142855,0.625,1.0,0.6666666666666666,0,,GenHlth,0.8972424988276754,0.7528565130839536,0.8769076952181076,0,1.0,1.0,0.8571428571428571,0.9,0.9429958738258688,0.9441389945348488,0.9818732265997893
seed,1,3,2017-2020,-1,weighted,PI,xgboost,total,14,2,3,0.6666666666666666,0.4,0.7777777777777778,1.0,0.6666666666666666,0,,GenHlth,0.9320556374749615,0.8463889584616802,0.9223662346542677,0,1.0,1.0,0.8571428571428571,0.9,0.9537575540758689,0.9531101447570711,0.9825785217386781
seed,1,4,2017-2020,-1,weighted,PI,xgboost,total,14,2,3,0.6666666666666666,0.6666666666666666,0.8571428571428571,1.0,0.6666666666666666,0,,GenHlth,0.9522167947657848,0.8803594037315453,0.946402556425469,1,1.0,1.0,0.8571428571428571,0.9,0.9671995850758688,0.9749818745348489,0.9979865078497893
seed,2,3,2017-2020,-1,weighted,PI,xgboost,total,14,3,3,1.0,0.4,0.6666666666666666,1.0,1.0,0,,,0.8960901239800512,0.8314971796756813,0.9267334639085822,1,1.0,1.0,0.8571428571428571,0.8,0.9627706644857097,0.9717769178783642,0.997864807447327
seed,2,4,2017-2020,-1,weighted,PI,xgboost,total,14,3,3,1.0,0.6666666666666666,0.7142857142857143,1.0,1.0,0,,,0.8526976900441574,0.7515580963521805,0.8803133889236113,0,1.0,1.0,0.8571428571428571,0.8,0.9429324994866188,0.9444009055179601,0.9820671827629835
seed,3,4,2017-2020,-1,weighted,PI,xgboost,total,14,3,3,1.0,0.4,0.6666666666666666,1.0,1.0,0,,,0.9668778943037801,0.920694313317863,0.9569412902615507,0,1.0,1.0,1.0,0.9,0.9699480221090908,0.9660351173559596,0.9840159406565657
seed,0,1,2017-2020,-1,weighted,SHAP,logistic_regression,diag,14,4,4,1.0,0.6,0.7142857142857143,1.0,1.0,0,,,0.8681318681318682,0.7142857142857144,0.8231998770525892,0,1.0,1.0,0.8571428571428571,0.8,0.8913300343826265,0.8483914615703088,0.8310349061203554
seed,0,2,2017-2020,-1,weighted,SHAP,logistic_regression,diag,14,4,4,1.0,0.5,0.5714285714285714,1.0,1.0,0,,,0.8549450549450549,0.7362637362637363,0.8625370744411516,0,1.0,1.0,0.8571428571428571,0.8,0.9303513231326264,0.9231485815703089,0.9555466248703554
seed,0,3,2017-2020,-1,weighted,SHAP,logistic_regression,diag,14,4,4,1.0,0.8,0.8333333333333334,1.0,1.0,0,,,0.9296703296703297,0.8021978021978022,0.8916850248570019,0,1.0,0.8333333333333334,0.8571428571428571,0.8,0.9372502146326265,0.9264399451258645,0.9541360345925777
seed,0,4,2017-2020,-1,weighted,SHAP,logistic_regression,diag,14,4,4,1.0,0.4,0.625,1.0,1.0,0,,,0.8593406593406594,0.7362637362637363,0.882868760663446,1,1.0,1.0,0.8571428571428571,0.8,0.9551787882366187,0.9647580255179602,0.9972039015129835
seed,1,2,2017-2020,-1,weighted,SHAP,logistic_regression,diag,14,4,4,1.0,0.8,0.8333333333333334,1.0,1.0,0,,,0.9868131868131869,0.9340659340659341,0.9411555362868503,0,1.0,1.0,1.0,1.0,0.9458514847490909,0.9128048621381819,0.8744673295454546
seed,1,3,2017-2020,-1,weighted,SHAP,logistic_regression,diag,14,4,4,1.0,0.8,0.8333333333333334,1.0,1.0,0,,,0.8989010989010989,0.8241758241758242,0.8802850137360645,0,1.0,0.8333333333333334,0.8571428571428571,0.9,0.9197607965733765,0.8879797421178643,0.8704324213113277
seed,1,4,2017-2020,-1,weighted,SHAP,logistic_regression,diag,14,4,4,1.0,0.4,0.625,1.0,1.0,0,,,0.8813186813186813,0.7142857142857144,0.8184666512041434,0,1.0,1.0,0.8571428571428571,0.9,0.8896680814273688,0.8462073691766268,0.8306552361484003
seed,2,3,2017-2020,-1,weighted,SHAP,logistic_regression,diag,14,4,4,1.0,0.6666666666666666,0.6666666666666666,1.0,1.0,0,,,0.9208791208791209,0.8461538461538461,0.9182740436601171,1,1.0,0.8333333333333334,0.8571428571428571,0.9,0.9619518893242855,0.9646891199796825,0.9949885292658731
seed,2,4,2017-2020,-1,weighted,SHAP,logistic_regression,diag,14,4,4,1.0,0.3333333333333333,0.5,1.0,1.0,0,,,0.8857142857142857,0.7362637362637363,0.8609379309240115,0,1.0,1.0,0.8571428571428571,0.9,0.9346680814273689,0.9262073691766266,0.9556552361484003
seed,3,4,2017-2020,-1,weighted,SHAP,logistic_regression,diag,14,4,4,1.0,0.3333333333333333,0.5,1.0,1.0,0,,,0.8197802197802198,0.6263736263736264,0.8056386434583516,0,1.0,0.8333333333333334,0.8571428571428571,0.8,0.9161694075373688,0.9088720777277379,0.9527363993428448
seed,0,1,2017-2020,-1,weighted,SHAP,logistic_regression,measured,14,3,3,0.5,0.25,0.5,0.6666666666666666,1.0,1,GenHlth,Sex,0.8593406593406594,0.7362637362637363,0.8698120318694289,0,1.0,1.0,0.8571428571428571,0.8,0.9309876954857097,0.9253819809894752,0.9559811268917714
seed,0,2,2017-2020,-1,weighted,SHAP,logistic_regression,measured,14,3,3,1.0,0.5714285714285714,0.5714285714285714,1.0,1.0,0,,,0.8109890109890111,0.6263736263736264,0.7781501023237836,0,0.8,1.0,0.8571428571428571,0.8,0.8756619842357098,0.8408217676561418,0.850284512308438
seed,0,3,2017-2020,-1,weighted,SHAP,logistic_regression,measured,14,3,3,1.0,0.625,0.5,1.0,1.0,0,,,0.9208791208791209,0.8021978021978022,0.8847338482007814,0,1.0,1.0,0.8571428571428571,0.9,0.9269872082726265,0.8974707530191977,0.873016242925911
seed,0,4,2017-2020,-1,weighted,SHAP,logistic_regression,measured,14,3,3,1.0,0.7142857142857143,0.6666666666666666,1.0,1.0,0,,,0.9604395604395607,0.8461538461538461,0.891506919172778,0,0.8,1.0,0.8571428571428571,1.0,0.9225223821626267,0.88749937780142,0.8670809130647998
seed,1,2,2017-2020,-1,weighted,SHAP,logistic_regression,measured,14,3,3,0.5,0.4,0.875,0.6666666666666666,1.0,1,Sex,GenHlth,0.8461538461538461,0.6703296703296704,0.7655831149246459,0,0.8,1.0,0.8571428571428571,0.9,0.8652765853233766,0.8090088621178644,0.8090066400613277
seed,1,3,2017-2020,-1,weighted,SHAP,logistic_regression,measured,14,3,3,0.5,0.2857142857142857,0.625,0.6666666666666666,1.0,1,Sex,GenHlth,0.8769230769230769,0.7142857142857144,0.8182234217312174,0,1.0,1.0,0.8571428571428571,0.9,0.8896680814273688,0.8462073691766268,0.8306552361484003
seed,1,4,2017-2020,-1,weighted,SHAP,logistic_regression,measured,14,3,3,0.5,0.3333333333333333,0.75,0.6666666666666666,1.0,1,Sex,GenHlth,0.832967032967033,0.6703296703296704,0.7990720385301744,0,0.8,1.0,0.8571428571428571,0.8,0.8728656954857099,0.8289979809894752,0.8247311268917714
seed,2,3,2017-2020,-1,weighted,SHAP,logistic_regression,measured,14,3,3,1.0,0.6666666666666666,0.7142857142857143,1.0,1.0,0,,,0.9472527472527472,0.8241758241758242,0.8960397843325951,0,0.8,1.0,1.0,0.9,0.9486747759630831,0.9433510146369442,0.9772682693825273
seed,2,4,2017-2020,-1,weighted,SHAP,logistic_regression,measured,14,3,3,1.0,0.8,0.8571428571428571,1.0,1.0,0,,,0.8637362637362638,0.7362637362637363,0.8694720357991769,0,0.8,1.0,1.0,0.8,0.934232709771424,0.9335544762275705,0.9768888649870094
seed,3,4,2017-2020,-1,weighted,SHAP,logistic_regression,measured,14,3,3,1.0,0.5714285714285714,0.5714285714285714,1.0,1.0,0,,,0.9516483516483516,0.8681318681318682,0.9363914554175475,0,0.8,1.0,1.0,0.9,0.9664572225583408,0.9685765815906264,0.9928823143544824
seed,0,1,2017-2020,-1,weighted,SHAP,logistic_regression,total,14,4,4,1.0,0.6,0.7142857142857143,1.0,1.0,0,,,0.8901098901098902,0.7802197802197802,0.8754971022868232,0,1.0,1.0,0.8571428571428571,0.9,0.9221995850758689,0.8949818745348488,0.8729865078497893
seed,0,2,2017-2020,-1,weighted,SHAP,logistic_regression,total,14,4,4,1.0,0.6,0.7142857142857143,1.0,1.0,0,,,0.9296703296703297,0.8021978021978022,0.885050998425803,0,1.0,1.0,0.8571428571428571,0.9,0.9269825540758689,0.8987101447570711,0.8732035217386781
seed,0,3,2017-2020,-1,weighted,SHAP,logistic_regression,total,14,4,4,1.0,1.0,1.0,1.0,1.0,0,,,0.9428571428571428,0.8021978021978022,0.8874437724687738,0,0.8,1.0,1.0,1.0,0.926522515501583,0.8940149376662776,0.8684385167783607
seed,0,4,2017-2020,-1,weighted,SHAP,logistic_regression,total,14,4,4,1.0,0.75,0.8571428571428571,1.0,1.0,0,,,0.9340659340659341,0.8021978021978022,0.878702545059983,0,0.8,1.0,0.8571428571428571,1.0,0.912951789965869,0.881282229094849,0.8668341640997893
seed,1,2,2017-2020,-1,weighted,SHAP,logistic_regression,total,14,4,4,1.0,0.6,0.7142857142857143,1.0,1.0,0,,,0.9780219780219781,0.9340659340659341,0.9660067609259106,1,1.0,1.0,0.8571428571428571,1.0,0.9816463054642857,0.9835390212063493,0.9981786334325398
seed,1,3,2017-2020,-1,weighted,SHAP,logistic_regression,total,14,4,4,1.0,0.6,0.7142857142857143,1.0,1.0,0,,,0.9208791208791209,0.8021978021978022,0.9036814569662069,0,0.8,1.0,0.8571428571428571,0.9,0.954524792677369,0.9577329158432935,0.991560184065067
seed,1,4,2017-2020,-1,weighted,SHAP,logistic_regression,total,14,4,4,1.0,0.75,0.8571428571428571,1.0,1.0,0,,,0.9516483516483516,0.8461538461538461,0.9220385531516139,0,0.8,1.0,1.0,0.9,0.9674591458599999,0.9682322249955557,0.9927300347222222
seed,2,3,2017-2020,-1,weighted,SHAP,logistic_regression,total,14,4,4,1.0,0.6,0.7142857142857143,1.0,1.0,0,,,0.9428571428571428,0.8241758241758242,0.9121961953921112,0,0.8,1.0,0.8571428571428571,0.9,0.9593077616773689,0.9614611860655156,0.9917771979539559
seed,2,4,2017-2020,-1,weighted,SHAP,logistic_regression,total,14,4,4,1.0,0.75,0.8571428571428571,1.0,1.0,0,,,0.9516483516483516,0.8681318681318682,0.928724376628464,0,0.8,1.0,0.8571428571428571,0.9,0.9646501005742856,0.9644706666463492,0.9918309771825398
seed,3,4,2017-2020,-1,weighted,SHAP,logistic_regression,total,14,4,4,1.0,0.75,0.8571428571428571,1.0,1.0,0,,,0.9780219780219781,0.9120879120879122,0.9607977112664614,1,1.0,1.0,0.8571428571428571,1.0,0.981086935567369,0.9842578108477378,0.9983418680928448
seed,0,1,2017-2020,-1,weighted,SHAP,random_forest,diag,14,5,5,1.0,1.0,1.0,1.0,1.0,0,,,0.956043956043956,0.8681318681318682,0.9344947907205692,1,1.0,0.8333333333333334,0.8571428571428571,1.0,0.9718001512675278,0.9738557462775561,0.9957617455786402
seed,0,2,2017-2020,-1,weighted,SHAP,random_forest,diag,14,5,5,1.0,0.8333333333333334,0.75,1.0,1.0,0,,,0.9076923076923077,0.7802197802197802,0.890312370322748,1,1.0,0.8333333333333334,0.8571428571428571,0.9,0.9571642661275277,0.9622002414953339,0.9949587941897513
seed,0,3,2017-2020,-1,weighted,SHAP,random_forest,diag,14,5,5,1.0,0.8,0.8,1.0,1.0,0,,,0.9736263736263736,0.9120879120879122,0.9577625619488399,1,1.0,1.0,0.8571428571428571,1.0,0.9784765014633765,0.981586763344531,0.9981342442279943
seed,0,4,2017-2020,-1,weighted,SHAP,random_forest,diag,14,5,5,1.0,0.8333333333333334,0.75,1.0,1.0,0,,,0.9384615384615385,0.8681318681318682,0.9304611204088302,1,1.0,0.8333333333333334,0.8571428571428571,0.9,0.9619518893242855,0.9646891199796825,0.9949885292658731
seed,1,2,2017-2020,-1,weighted,SHAP,random_forest,diag,14,5,5,1.0,0.8333333333333334,0.75,1.0,1.0,0,,,0.9164835164835166,0.8241758241758242,0.9050764978028271,1,1.0,0.8333333333333334,0.7142857142857143,0.9,0.9543598750385713,0.9571992914082541,0.9938724578373016
seed,1,3,2017-2020,-1,weighted,SHAP,random_forest,diag,14,5,5,1.0,0.8,0.8,1.0,1.0,0,,,0.956043956043956,0.8681318681318682,0.9411848813811547,1,1.0,0.8333333333333334,1.0,1.0,0.971439392552333,0.9756650467649444,0.9966164139137773
seed,1,4,2017-2020,-1,weighted,SHAP,random_forest,diag,14,5,5,1.0,0.8333333333333334,0.75,1.0,1.0,0,,,0.9252747252747253,0.8241758241758242,0.9158378099920244,1,1.0,0.8333333333333334,0.8571428571428571,0.9,0.9571642661275277,0.9622002414953339,0.9949587941897513
seed,2,3,2017-2020,-1,weighted,SHAP,random_forest,diag,14,5,5,1.0,0.6666666666666666,0.6,1.0,1.0,0,,,0.9208791208791209,0.7802197802197802,0.8905376776239848,1,1.0,0.8333333333333334,0.7142857142857143,0.9,0.9571641280909045,0.9617293052843092,0.9945036286955232
seed,2,4,2017-2020,-1,weighted,SHAP,random_forest,diag,14,5,5,1.0,1.0,1.0,1.0,1.0,0,,,0.9736263736263736,0.9120879120879122,0.9579173622449694,1,1.0,0.8333333333333334,0.8571428571428571,1.0,0.9777788625175279,0.9790986262775561,0.9962500268286402
seed,3,4,2017-2020,-1,weighted,SHAP,random_forest,diag,14,5,5,1.0,0.6666666666666666,0.6,1.0,1.0,0,,,0.956043956043956,0.8681318681318682,0.9300685395051603,1,1.0,0.8333333333333334,0.8571428571428571,0.9,0.9695437655733765,0.9717080123400865,0.9956494352002165
seed,0,1,2017-2020,-1,weighted,SHAP,random_forest,measured,14,3,4,0.75,0.7142857142857143,0.8,1.0,0.75,0,,HighChol,0.9516483516483516,0.8681318681318682,0.8952397858556514,0,0.8,0.8333333333333334,0.8571428571428571,0.9,0.9203452808242856,0.8942524835352381,0.9326404389880953
seed,0,2,2017-2020,-1,weighted,SHAP,random_forest,measured,14,3,3,1.0,0.8571428571428571,0.8,1.0,1.0,0,,,0.9780219780219781,0.9120879120879122,0.9457367847453304,0,1.0,1.0,0.8571428571428571,0.9,0.9643300695742856,0.9589829368685714,0.9826729910714286
seed,0,3,2017-2020,-1,weighted,SHAP,random_forest,measured,14,3,4,0.75,0.7142857142857143,0.8,1.0,0.75,0,,HighChol,0.9824175824175824,0.9340659340659341,0.9519327355293399,0,0.8,1.0,1.0,0.9,0.9647787951099998,0.95533164544,0.97802734375
seed,0,4,2017-2020,-1,weighted,SHAP,random_forest,measured,14,3,4,0.75,0.7142857142857143,0.8,1.0,0.75,0,,HighChol,0.9912087912087912,0.9560439560439562,0.9696756855017313,0,1.0,1.0,1.0,0.9,0.9779007951099998,0.97171564544,0.98427734375
seed,1,2,2017-2020,-1,weighted,SHAP,random_forest,measured,14,4,3,0.75,0.8571428571428571,1.0,1.0,0.75,0,HighChol,,0.9780219780219781,0.9120879120879122,0.9290094245019982,0,0.8,0.8333333333333334,1.0,1.0,0.9440577887499999,0.9247837866666668,0.9489908854166668
seed,1,3,2017-2020,-1,weighted,SHAP,random_forest,measured,14,4,4,1.0,1.0,1.0,1.0,1.0,0,,,0.9824175824175824,0.9340659340659341,0.9449405282602777,0,1.0,0.8333333333333334,0.8571428571428571,1.0,0.9555664857142856,0.9389208380952381,0.9546130952380953
seed,1,4,2017-2020,-1,weighted,SHAP,random_forest,measured,14,4,4,1.0,1.0,1.0,1.0,1.0,0,,,0.9736263736263736,0.9120879120879122,0.927366558763814,0,0.8,0.8333333333333334,0.8571428571428571,1.0,0.9424444857142857,0.9225368380952381,0.9483630952380954
seed,2,3,2017-2020,-1,weighted,SHAP,random_forest,measured,14,3,4,0.75,0.8571428571428571,1.0,1.0,0.75,0,,HighChol,0.9824175824175824,0.9340659340659341,0.958712437048372,0,0.8,1.0,0.8571428571428571,1.0,0.9733072744642859,0.9708832914285714,0.9921456473214286
seed,2,4,2017-2020,-1,weighted,SHAP,random_forest,measured,14,3,4,0.75,0.8571428571428571,1.0,1.0,0.75,0,,HighChol,0.9868131868131869,0.9560439560439562,0.9760610992435992,1,1.0,1.0,0.8571428571428571,1.0,0.9864292744642857,0.9872672914285714,0.9983956473214286
seed,3,4,2017-2020,-1,weighted,SHAP,random_forest,measured,14,4,4,1.0,1.0,1.0,1.0,1.0,0,,,0.9956043956043955,0.9780219780219781,0.982651337804773,0,0.8,1.0,1.0,1.0,0.9868779999999999,0.9836160000000003,0.99375
seed,0,1,2017-2020,-1,weighted,SHAP,random_forest,total,14,4,4,1.0,0.75,0.8571428571428571,1.0,1.0,0,,,0.9692307692307693,0.8681318681318682,0.9239987004127811,0,1.0,0.8333333333333334,1.0,1.0,0.9525906386983409,0.939298482817293,0.9554474185211491
seed,0,2,2017-2020,-1,weighted,SHAP,random_forest,total,14,4,4,1.0,1.0,1.0,1.0,1.0,0,,,0.9516483516483516,0.8461538461538461,0.9203163834449288,0,1.0,1.0,1.0,1.0,0.9542808925523332,0.9439210467649441,0.9575539139137773
seed,0,3,2017-2020,-1,weighted,SHAP,random_forest,total,14,4,4,1.0,0.75,0.8571428571428571,1.0,1.0,0,,,0.956043956043956,0.8681318681318682,0.9227322002800717,0,1.0,0.8333333333333334,1.0,0.9,0.9487164338083407,0.9366141282572931,0.9553497622711491
seed,0,4,2017-2020,-1,weighted,SHAP,random_forest,total,14,4,4,1.0,0.75,0.8571428571428571,1.0,1.0,0,,,0.9780219780219781,0.9120879120879122,0.9465570031082822,0,1.0,1.0,1.0,1.0,0.962432138698341,0.9502211494839596,0.9580515851878157
seed,1,2,2017-2020,-1,weighted,SHAP,random_forest,total,14,4,4,1.0,0.75,0.8571428571428571,1.0,1.0,0,,,0.9736263736263736,0.8901098901098902,0.946529955728297,1,1.0,0.8333333333333334,1.0,1.0,0.977224284853992,0.9790489603920958,0.9966811481704061
seed,1,3,2017-2020,-1,weighted,SHAP,random_forest,total,14,4,4,1.0,1.0,1.0,1.0,1.0,0,,,0.9912087912087912,0.9560439560439562,0.9833847682154422,1,1.0,1.0,1.0,0.9,0.9935107068092497,0.9958839896746667,0.9998819986979166
seed,1,4,2017-2020,-1,weighted,SHAP,random_forest,total,14,4,4,1.0,1.0,1.0,1.0,1.0,0,,,0.9912087912087912,0.9560439560439562,0.9771108264425429,1,1.0,0.8333333333333334,1.0,1.0,0.9869886959990908,0.9871250754715153,0.997351444128788
seed,2,3,2017-2020,-1,weighted,SHAP,random_forest,total,14,4,4,1.0,0.75,0.8571428571428571,1.0,1.0,0,,,0.9516483516483516,0.8461538461538461,0.9297317602349551,1,1.0,0.8333333333333334,1.0,0.9,0.970734991663242,0.9749329500667625,0.9965631468683227
seed,2,4,2017-2020,-1,weighted,SHAP,random_forest,total,14,4,4,1.0,0.75,0.8571428571428571,1.0,1.0,0,,,0.9736263736263736,0.8901098901098902,0.9529307313316128,1,1.0,1.0,1.0,1.0,0.9838959808530832,0.9880193691969443,0.9992409256325273
seed,3,4,2017-2020,-1,weighted,SHAP,random_forest,total,14,4,4,1.0,1.0,1.0,1.0,1.0,0,,,0.9736263736263736,0.9120879120879122,0.9604321777427767,1,1.0,0.8333333333333334,1.0,0.9,0.9804994028083407,0.983009065146182,0.9972334428267046
seed,0,1,2017-2020,-1,weighted,SHAP,xgboost,diag,14,4,4,1.0,0.8,0.8333333333333334,1.0,1.0,0,,,0.9868131868131869,0.9340659340659341,0.9557846238139444,0,1.0,1.0,1.0,0.9,0.9665107068092498,0.9532173230080001,0.95821533203125
seed,0,2,2017-2020,-1,weighted,SHAP,xgboost,diag,14,4,4,1.0,0.8,0.8333333333333334,1.0,1.0,0,,,0.9384615384615385,0.8461538461538461,0.9284015805911152,1,1.0,0.8333333333333334,0.8571428571428571,0.8,0.9642502146326264,0.9691066117925311,0.9958027012592443
seed,0,3,2017-2020,-1,weighted,SHAP,xgboost,diag,14,4,4,1.0,0.8,0.8333333333333334,1.0,1.0,0,,,0.9868131868131869,0.9340659340659341,0.9609450275788085,0,0.8,1.0,0.8571428571428571,0.9,0.9754117808242857,0.9734418168685715,0.9925362723214286
seed,0,4,2017-2020,-1,weighted,SHAP,xgboost,diag,14,4,4,1.0,1.0,1.0,1.0,1.0,0,,,0.9604395604395607,0.8901098901098902,0.9552993465497424,1,1.0,1.0,0.8571428571428571,0.9,0.9805763536266188,0.9853846805224045,0.9987121480407614
seed,1,2,2017-2020,-1,weighted,SHAP,xgboost,diag,14,4,4,1.0,1.0,1.0,1.0,1.0,0,,,0.9604395604395607,0.8681318681318682,0.91759129426243,0,1.0,0.8333333333333334,0.8571428571428571,0.9,0.9437395078233766,0.9305559554511977,0.9542540358946611
seed,1,3,2017-2020,-1,weighted,SHAP,xgboost,diag,14,4,4,1.0,1.0,1.0,1.0,1.0,0,,,0.9824175824175824,0.9120879120879122,0.9347952004555513,0,0.8,1.0,0.8571428571428571,1.0,0.9496708974135357,0.9320278489965714,0.9509469168526786
seed,1,4,2017-2020,-1,weighted,SHAP,xgboost,diag,14,4,4,1.0,0.8,0.8333333333333334,1.0,1.0,0,,,0.956043956043956,0.8681318681318682,0.929199543949662,0,1.0,1.0,0.8571428571428571,1.0,0.9548354702158688,0.9439707126504044,0.9571227925720115
seed,2,3,2017-2020,-1,weighted,SHAP,xgboost,diag,14,4,4,1.0,1.0,1.0,1.0,1.0,0,,,0.9340659340659341,0.8241758241758242,0.9059186429252817,0,0.8,0.8333333333333334,0.8571428571428571,0.9,0.9550024195226265,0.9554069663525311,0.9896503575092443
seed,2,4,2017-2020,-1,weighted,SHAP,xgboost,diag,14,4,4,1.0,0.8,0.8333333333333334,1.0,1.0,0,,,0.9164835164835166,0.7802197802197802,0.9014694145666817,1,1.0,0.8333333333333334,0.8571428571428571,0.9,0.9633367963258688,0.9693020878681824,0.9958706224331226
seed,3,4,2017-2020,-1,weighted,SHAP,xgboost,diag,14,4,4,1.0,0.8,0.8333333333333334,1.0,1.0,0,,,0.9736263736263736,0.9120879120879122,0.9597562558390664,0,0.8,1.0,1.0,1.0,0.9789205728023331,0.9791748636538333,0.9936758757193328
seed,0,1,2017-2020,-1,weighted,SHAP,xgboost,measured,14,3,3,0.5,0.5,0.8571428571428571,0.6666666666666666,1.0,1,GenHlth,Sex,0.9736263736263736,0.8901098901098902,0.9338834674137171,0,1.0,1.0,0.8571428571428571,1.0,0.9548401244126266,0.942731320912531,0.9569355137592443
seed,0,2,2017-2020,-1,weighted,SHAP,xgboost,measured,14,3,3,1.0,0.6666666666666666,0.7142857142857143,1.0,1.0,0,,,0.9516483516483516,0.8681318681318682,0.9363914554175475,0,0.8,1.0,1.0,0.9,0.9664572225583408,0.9685765815906264,0.9928823143544824
seed,0,3,2017-2020,-1,weighted,SHAP,xgboost,measured,14,3,4,0.75,0.6666666666666666,0.8333333333333334,1.0,0.75,0,,Sex,0.9780219780219781,0.9120879120879122,0.9568084853145529,0,0.8,1.0,1.0,1.0,0.976310138698341,0.9765038161506265,0.9934682518544824
seed,0,4,2017-2020,-1,weighted,SHAP,xgboost,measured,14,3,3,1.0,0.8,0.8571428571428571,1.0,1.0,0,,,0.9692307692307693,0.8901098901098902,0.9428582082463128,0,0.8,1.0,0.8571428571428571,1.0,0.9675223821626266,0.96749937780142,0.9920809130647998
seed,1,2,2017-2020,-1,weighted,SHAP,xgboost,measured,14,3,3,0.5,0.2857142857142857,0.625,0.6666666666666666,1.0,1,Sex,GenHlth,0.9736263736263736,0.8901098901098902,0.9220795181154752,0,0.8,1.0,0.8571428571428571,0.9,0.9424330695742855,0.9255322702019046,0.950381324404762
seed,1,3,2017-2020,-1,weighted,SHAP,xgboost,measured,14,3,4,0.75,0.5,0.7142857142857143,1.0,0.75,0,,GenHlth,0.9736263736263736,0.8901098901098902,0.9265234289066511,0,0.8,1.0,0.8571428571428571,1.0,0.9465010934126266,0.9300755911347534,0.9509025276481332
seed,1,4,2017-2020,-1,weighted,SHAP,xgboost,measured,14,3,3,0.5,0.6,1.0,0.6666666666666666,1.0,1,Sex,GenHlth,0.9780219780219781,0.9120879120879122,0.9338253680659331,0,0.8,1.0,1.0,1.0,0.9491163197499999,0.9319781831111111,0.9513780381944446
seed,2,3,2017-2020,-1,weighted,SHAP,xgboost,measured,14,3,4,0.75,0.6666666666666666,0.8333333333333334,1.0,0.75,0,,Sex,0.9736263736263736,0.9120879120879122,0.9639056653035094,1,1.0,1.0,1.0,0.9,0.9843621915583409,0.9886888518128485,0.9993493282433712
seed,2,4,2017-2020,-1,weighted,SHAP,xgboost,measured,14,3,3,1.0,0.5,0.625,1.0,1.0,0,,,0.9516483516483516,0.8901098901098902,0.9454816071579447,1,1.0,1.0,0.8571428571428571,0.9,0.9717933893242856,0.9756117866463492,0.9975926959325397
seed,3,4,2017-2020,-1,weighted,SHAP,xgboost,measured,14,4,3,0.75,0.5,0.7142857142857143,1.0,0.75,0,Sex,,0.9648351648351648,0.8901098901098902,0.9501525321238515,1,1.0,1.0,0.8571428571428571,1.0,0.9758614131626266,0.9801551075791977,0.998113899175911
seed,0,1,2017-2020,-1,weighted,SHAP,xgboost,total,14,4,4,1.0,0.8,0.8333333333333334,1.0,1.0,0,,,0.9868131868131869,0.9340659340659341,0.9720630763282972,1,1.0,1.0,0.8571428571428571,1.0,0.9870656468173689,0.989500690847738,0.9988301493428448
seed,0,2,2017-2020,-1,weighted,SHAP,xgboost,total,14,4,4,1.0,1.0,1.0,1.0,1.0,0,,,0.9736263736263736,0.9120879120879122,0.9659334310146399,1,1.0,1.0,1.0,1.0,0.9860638615523332,0.9903159836538331,0.9994375944693328
seed,0,3,2017-2020,-1,weighted,SHAP,xgboost,total,14,4,4,1.0,1.0,1.0,1.0,1.0,0,,,0.956043956043956,0.8461538461538461,0.9283048139937892,1,1.0,0.8333333333333334,0.8571428571428571,0.9,0.9673712306773687,0.9706507896210712,0.9956400451761781
seed,0,4,2017-2020,-1,weighted,SHAP,xgboost,total,14,4,4,1.0,1.0,1.0,1.0,1.0,0,,,0.9780219780219781,0.9120879120879122,0.9629944574535194,1,1.0,1.0,0.8571428571428571,0.9,0.9831914419273688,0.9868163362877378,0.9987324930928447
seed,1,2,2017-2020,-1,weighted,SHAP,xgboost,total,14,4,4,1.0,0.8,0.8333333333333334,1.0,1.0,0,,,0.9824175824175824,0.9340659340659341,0.9684786419904403,1,1.0,1.0,0.8571428571428571,1.0,0.9838141861635357,0.9858356356632381,0.9983753022693452
seed,1,3,2017-2020,-1,weighted,SHAP,xgboost,total,14,4,4,1.0,0.8,0.8333333333333334,1.0,1.0,0,,,0.9780219780219781,0.9120879120879122,0.9568707205481113,1,1.0,0.8333333333333334,1.0,0.9,0.9771357798590907,0.9791978409115152,0.9967655066287879
seed,1,4,2017-2020,-1,weighted,SHAP,xgboost,total,14,4,4,1.0,0.8,0.8333333333333334,1.0,1.0,0,,,0.9956043956043955,0.9780219780219781,0.9909672254686008,1,1.0,1.0,1.0,0.9,0.9961257951099998,0.9973156454400001,0.99990234375
seed,2,3,2017-2020,-1,weighted,SHAP,xgboost,total,14,4,4,1.0,1.0,1.0,1.0,1.0,0,,,0.9472527472527472,0.8461538461538461,0.9241952534605384,1,1.0,0.8333333333333334,0.8571428571428571,0.9,0.9669286772726264,0.9702763565747532,0.9956290901481332
seed,2,4,2017-2020,-1,weighted,SHAP,xgboost,total,14,4,4,1.0,1.0,1.0,1.0,1.0,0,,,0.9780219780219781,0.9120879120879122,0.9594458674590411,1,1.0,1.0,0.8571428571428571,0.9,0.9799399812735357,0.9831512811032381,0.9982776460193452
seed,3,4,2017-2020,-1,weighted,SHAP,xgboost,total,14,4,4,1.0,1.0,1.0,1.0,1.0,0,,,0.9868131868131869,0.9340659340659341,0.9659393394228889,1,1.0,0.8333333333333334,1.0,1.0,0.981009984749091,0.9818821954715153,0.996863162878788
seed,0,1,2021-2023,-1,unweighted,PI,logistic_regression,diag,14,4,4,1.0,0.6666666666666666,0.875,1.0,1.0,0,,,0.7946606744914138,0.6706210705911764,0.8627726808011775,1,1.0,1.0,0.8571428571428571,0.7,0.9514984022949597,0.9639326373308086,0.9975297922563549
seed,0,2,2021-2023,-1,unweighted,PI,logistic_regression,diag,14,4,4,1.0,1.0,1.0,1.0,1.0,0,,,0.8847006651884702,0.7840909090909091,0.8945635864189556,0,1.0,1.0,1.0,0.9,0.947236883661424,0.9392844343431259,0.9574118684592318
seed,0,3,2021-2023,-1,unweighted,PI,logistic_regression,diag,14,4,4,1.0,1.0,1.0,1.0,1.0,0,,,0.9259719384453102,0.8427498280790525,0.9356684616468955,1,1.0,1.0,0.8571428571428571,0.9,0.9700084923249599,0.9782724966730307,0.9984303998952437
seed,0,4,2021-2023,-1,unweighted,PI,logistic_regression,diag,14,4,4,1.0,1.0,1.0,1.0,1.0,0,,,0.855253317848055,0.7528565130839536,0.8765606248035843,0,1.0,1.0,0.8571428571428571,0.8,0.9331555761849597,0.927678595446364,0.9561777957285771
seed,1,2,2021-2023,-1,unweighted,PI,logistic_regression,diag,14,4,4,1.0,0.6666666666666666,0.875,1.0,1.0,0,,,0.7076051511622982,0.5549967480754563,0.7933369268597992,0,1.0,1.0,0.8571428571428571,0.7,0.9153498870440506,0.9140708328023237,0.9553304551351428
seed,1,3,2021-2023,-1,unweighted,PI,logistic_regression,diag,14,4,4,1.0,0.6666666666666666,0.875,1.0,1.0,0,,,0.8910346408964879,0.8003267306650412,0.9183439318202203,1,1.0,1.0,1.0,0.8,0.9735324827723331,0.9812190043116109,0.9990252680804439
seed,1,4,2021-2023,-1,unweighted,PI,logistic_regression,diag,14,4,4,1.0,0.6666666666666666,0.875,1.0,1.0,0,,,0.9021586688727236,0.8003267306650412,0.8976642505545505,0,1.0,1.0,0.8571428571428571,0.9,0.9396448693757096,0.9317946057716973,0.9562957970306604
seed,2,3,2021-2023,-1,unweighted,PI,logistic_regression,diag,14,4,4,1.0,1.0,1.0,1.0,1.0,0,,,0.8729329729973689,0.7753298418327284,0.8844625902033674,0,1.0,1.0,0.8571428571428571,0.9,0.9418174042717173,0.9328518284907128,0.9563051870546988
seed,2,4,2021-2023,-1,unweighted,PI,logistic_regression,diag,14,4,4,1.0,1.0,1.0,1.0,1.0,0,,,0.8287338351240844,0.7303831843351789,0.8835240688600667,1,1.0,1.0,0.8571428571428571,0.8,0.9601602303817174,0.9691058703751574,0.9976571835824765
seed,3,4,2021-2023,-1,unweighted,PI,logistic_regression,diag,14,4,4,1.0,1.0,1.0,1.0,1.0,0,,,0.9383259911894275,0.8444444444444443,0.9083212547488915,0,1.0,1.0,0.8571428571428571,0.9,0.9476022965733766,0.9362357421178642,0.9563699213113277
seed,0,1,2021-2023,-1,unweighted,PI,logistic_regression,measured,14,1,1,1.0,0.8333333333333334,0.875,1.0,1.0,0,,,0.6337078651685393,0.5176470588235295,0.6452066259254781,0,0.6,0.8333333333333334,0.8571428571428571,0.8,0.7986984842357099,0.7281817676561421,0.7580970123084381
seed,0,2,2021-2023,-1,unweighted,PI,logistic_regression,measured,14,1,2,0.5,0.6,0.8888888888888888,1.0,0.5,0,,Income,0.9200567953823425,0.8300279198737096,0.9112947629695367,0,0.8,0.8333333333333334,0.8571428571428571,0.9,0.9490237082726265,0.9501640863525311,0.9891620762592443
seed,0,3,2021-2023,-1,unweighted,PI,logistic_regression,measured,14,1,1,1.0,0.8,0.8888888888888888,1.0,1.0,0,,,0.8415367255147835,0.7284332318490364,0.8622656951652632,0,0.8,0.8333333333333334,0.7142857142857143,0.9,0.9440467822876621,0.9441059135464358,0.9880663498827562
seed,0,4,2021-2023,-1,unweighted,PI,logistic_regression,measured,14,1,1,1.0,0.5,0.7,1.0,1.0,0,,,0.7539325842696629,0.7294117647058824,0.8004921073569833,0,0.6,0.8333333333333334,0.8571428571428571,0.9,0.8932917965733767,0.8669450754511976,0.9256407546446611
seed,1,2,2021-2023,-1,unweighted,PI,logistic_regression,measured,14,1,2,0.5,0.5,0.7777777777777778,1.0,0.5,0,,Income,0.6711525415591002,0.5571420284083805,0.6726326659078747,0,0.8,0.6666666666666666,0.8571428571428571,0.8,0.8069557721840506,0.739230337584546,0.7623834065240316
seed,1,3,2021-2023,-1,unweighted,PI,logistic_regression,measured,14,1,1,1.0,0.6666666666666666,0.7777777777777778,1.0,1.0,0,,,0.7589455879974177,0.6128089093333163,0.7091036114865401,0,0.8,0.6666666666666666,0.8571428571428571,0.9,0.8138059621266189,0.7420079836335157,0.7621019049852058
seed,1,4,2021-2023,-1,unweighted,PI,logistic_regression,measured,14,1,1,1.0,0.42857142857142855,0.6,1.0,1.0,0,,,0.6426966292134831,0.5176470588235295,0.6862845319507345,0,0.8,0.8333333333333334,0.7142857142857143,0.8,0.8252497586999956,0.77449972575138,0.8044093262965333
seed,2,3,2021-2023,-1,unweighted,PI,logistic_regression,measured,14,2,1,0.5,0.75,1.0,1.0,0.5,0,Income,,0.8410677998713362,0.692834742214895,0.8493405805765757,1,1.0,0.8333333333333334,0.7142857142857143,0.9,0.9454051787360029,0.9518631199192844,0.9937633343761273
seed,2,4,2021-2023,-1,unweighted,PI,logistic_regression,measured,14,2,1,0.5,0.4,0.8,1.0,0.5,0,Income,,0.6955984950595971,0.6253635012747126,0.7525667960804917,0,0.8,0.6666666666666666,0.7142857142857143,0.8,0.8733424738460032,0.853605432025951,0.9275198447927939
seed,3,4,2021-2023,-1,unweighted,PI,logistic_regression,measured,14,1,1,1.0,0.6,0.8,1.0,1.0,0,,,0.6674256788565525,0.5896840448301723,0.7387928553677864,0,0.8,0.6666666666666666,0.7142857142857143,0.9,0.8782186020376623,0.8559454299908802,0.9274652214105339
seed,0,1,2021-2023,-1,unweighted,PI,logistic_regression,total,14,4,3,0.75,0.4,0.75,1.0,0.75,0,GenHlth,,0.8226164079822618,0.6931818181818181,0.8571518037555552,0,0.8,0.8333333333333334,0.8571428571428571,0.8,0.9350241954857097,0.9407419809894753,0.9887936268917714
seed,0,2,2021-2023,-1,unweighted,PI,logistic_regression,total,14,4,4,1.0,0.75,0.8571428571428571,1.0,1.0,0,,,0.9423503325942352,0.8863636363636362,0.955178662723497,1,1.0,1.0,1.0,0.8,0.9816837289183407,0.9875191070306264,0.9995229393544823
seed,0,3,2021-2023,-1,unweighted,PI,logistic_regression,total,14,4,3,0.75,0.5,0.875,1.0,0.75,0,GenHlth,,0.9161237190199593,0.8269317890951973,0.9254710082107186,1,1.0,0.8333333333333334,1.0,0.9,0.967565187662333,0.9729806922049442,0.9965187576637773
seed,0,4,2021-2023,-1,unweighted,PI,logistic_regression,total,14,4,3,0.75,0.75,1.0,1.0,0.75,0,GenHlth,,0.9733924611973395,0.9090909090909091,0.9545504116710251,1,1.0,0.8333333333333334,1.0,0.9,0.9755226148599998,0.9774218285511111,0.9965928819444445
seed,1,2,2021-2023,-1,unweighted,PI,logistic_regression,total,14,3,4,0.75,0.3333333333333333,0.625,1.0,0.75,0,,GenHlth,0.7694013303769403,0.6249999999999999,0.8309133106050792,0,0.8,0.8333333333333334,0.8571428571428571,0.8,0.9292393031840507,0.9373580673623239,0.9887288926351427
seed,1,3,2021-2023,-1,unweighted,PI,logistic_regression,total,14,3,3,1.0,0.75,0.875,1.0,1.0,0,,,0.9337839352902236,0.8269317890951973,0.9180418738087461,0,0.8,1.0,0.8571428571428571,0.9,0.9674590078233767,0.967761288784531,0.9922748692279943
seed,1,4,2021-2023,-1,unweighted,PI,logistic_regression,total,14,3,3,1.0,0.6,0.75,1.0,1.0,0,,,0.9024390243902441,0.7840909090909091,0.9039353314391466,0,0.8,1.0,0.8571428571428571,0.9,0.9595015806257097,0.9633201524383641,0.992200744947327
seed,2,3,2021-2023,-1,unweighted,PI,logistic_regression,total,14,4,3,0.75,0.4,0.75,1.0,0.75,0,GenHlth,,0.8852183405469968,0.7822327734684299,0.9088832471419419,1,1.0,0.8333333333333334,1.0,0.9,0.961780295360674,0.9695967785777928,0.9964540234071485
seed,2,4,2021-2023,-1,unweighted,PI,logistic_regression,total,14,4,3,0.75,0.6,0.8571428571428571,1.0,0.75,0,GenHlth,,0.9157427937915744,0.8409090909090908,0.9288110357165743,1,1.0,0.8333333333333334,1.0,0.9,0.9697377225583406,0.9740379149239597,0.9965281476878157
seed,3,4,2021-2023,-1,unweighted,PI,logistic_regression,total,14,3,3,1.0,0.75,0.875,1.0,1.0,0,,,0.9691043678307522,0.9163298203487321,0.9711958238826817,1,1.0,1.0,1.0,1.0,0.9920425728023332,0.9955588636538333,0.9999258757193328
seed,0,1,2021-2023,-1,unweighted,PI,random_forest,diag,14,5,4,0.8,0.2,0.625,1.0,0.8,0,GenHlth,,0.9647577092511014,0.8666666666666667,0.9252719649670214,0,1.0,1.0,0.8571428571428571,0.9,0.9611602655733764,0.9570306790067531,0.9826286018668832
seed,0,2,2021-2023,-1,unweighted,PI,random_forest,diag,14,5,5,1.0,0.5,0.7142857142857143,1.0,1.0,0,,,0.8998905335417405,0.8176920377625482,0.9285416644784485,1,1.0,1.0,1.0,0.9,0.974791599361583,0.9824717031062775,0.9991025792783607
seed,0,3,2021-2023,-1,unweighted,PI,random_forest,diag,14,5,4,0.8,0.25,0.75,1.0,0.8,0,Diabetes_self,,0.85352422907489,0.7444444444444445,0.8836863774806799,1,1.0,1.0,0.8571428571428571,0.9,0.9612255280226265,0.9684996027969754,0.997310947787022
seed,0,4,2021-2023,-1,unweighted,PI,random_forest,diag,14,5,5,1.0,0.25,0.625,1.0,1.0,0,,,0.8822887627145182,0.795592252958155,0.91204000656287,1,1.0,1.0,0.8571428571428571,0.9,0.9612208738258687,0.9697389945348489,0.9974982265997893
seed,1,2,2021-2023,-1,unweighted,PI,random_forest,diag,14,4,5,0.8,0.3333333333333333,0.5714285714285714,1.0,0.8,0,,GenHlth,0.864686991887296,0.7292928985449755,0.8706287734134266,0,1.0,1.0,0.8571428571428571,0.9,0.9429958738258688,0.9441389945348488,0.9818732265997893
seed,1,3,2021-2023,-1,unweighted,PI,random_forest,diag,14,4,4,0.6,0.16666666666666666,0.625,0.75,1.0,1,Diabetes_self,GenHlth,0.8623348017621145,0.7444444444444445,0.8784661962499735,0,1.0,1.0,0.8571428571428571,0.8,0.9419352303817174,0.9435058703751573,0.9820321835824765
seed,1,4,2021-2023,-1,unweighted,PI,random_forest,diag,14,4,5,0.8,0.4,0.7142857142857143,1.0,0.8,0,,GenHlth,0.8778883200077127,0.7513926833493687,0.8877976390793667,0,1.0,1.0,1.0,0.9,0.9565665993615831,0.9568717031062774,0.9834775792783607
seed,2,3,2021-2023,-1,unweighted,PI,random_forest,diag,14,5,4,0.8,0.16666666666666666,0.5,1.0,0.8,0,Diabetes_self,,0.7788783591045872,0.6187939745230095,0.8320054854060557,1,1.0,1.0,0.8571428571428571,0.8,0.9477807309358688,0.9595980995304045,0.9969665425720114
seed,2,4,2021-2023,-1,unweighted,PI,random_forest,diag,14,5,5,1.0,0.4,0.5714285714285714,1.0,1.0,0,,,0.9648351648351648,0.8901098901098902,0.9469054678970248,1,1.0,1.0,0.8571428571428571,1.0,0.9794737705682779,0.9824817984873337,0.9981692434085013
seed,3,4,2021-2023,-1,unweighted,PI,random_forest,diag,14,4,5,0.8,0.2,0.625,1.0,0.8,0,,Diabetes_self,0.8492854424134765,0.7292928985449755,0.8848022903775965,1,1.0,1.0,0.8571428571428571,0.8,0.9585424111858689,0.9685692497526268,0.9976718377109003
seed,0,1,2021-2023,-1,unweighted,PI,random_forest,measured,14,2,3,0.25,0.16666666666666666,0.6,0.5,0.6666666666666666,1,BMI,"HighChol,Stroke",0.3369047619047619,0.2631578947368421,0.4654029084647602,0,0.6,0.6666666666666666,0.5714285714285714,0.8,0.7468588103102889,0.6687655163434113,0.736939797669778
seed,0,2,2021-2023,-1,unweighted,PI,random_forest,measured,14,2,4,0.2,0.25,0.7,0.5,0.5,1,BMI,"HighChol,Sex,Stroke",0.5007751480415633,0.4524370101133424,0.6172209456582884,0,0.8,0.6666666666666666,0.7142857142857143,0.8,0.8127978245960032,0.7609060115815066,0.8015975357650161
seed,0,3,2021-2023,-1,unweighted,PI,random_forest,measured,14,2,3,0.6666666666666666,0.5,0.5555555555555556,1.0,0.6666666666666666,0,,HighChol,0.5261657394652096,0.44020438924006655,0.6211843086971671,0,0.8,0.8333333333333334,0.7142857142857143,0.6,0.8021505186183364,0.7582905625597841,0.8037152517621269
seed,0,4,2021-2023,-1,unweighted,PI,random_forest,measured,14,2,3,0.6666666666666666,0.6,0.6666666666666666,1.0,0.6666666666666666,0,,HighChol,0.4946536061292179,0.37482939589017267,0.6516036706113467,0,0.8,0.8333333333333334,0.7142857142857143,0.6,0.8471505186183363,0.8382905625597841,0.9287152517621269
seed,1,2,2021-2023,-1,unweighted,PI,random_forest,measured,14,3,4,0.75,0.2,0.6666666666666666,1.0,0.75,0,,Sex,0.6375722616529171,0.5072778598240506,0.6647892348329301,0,0.6,0.8333333333333334,0.7142857142857143,0.9,0.8273230137369121,0.7690524408922136,0.7987990430251173
seed,1,3,2021-2023,-1,unweighted,PI,random_forest,measured,14,3,3,0.5,0.25,0.5,0.6666666666666666,1.0,1,Stroke,BMI,0.6824070944155775,0.5380275868489702,0.731402887777237,0,0.6,0.8333333333333334,0.8571428571428571,0.7,0.8412012220449598,0.817404153775253,0.9088036637841328
seed,1,4,2021-2023,-1,unweighted,PI,random_forest,measured,14,3,3,0.5,0.5,0.8571428571428571,0.6666666666666666,1.0,1,Stroke,BMI,0.768316133594225,0.6166548125935098,0.7532925996107152,0,0.8,0.8333333333333334,0.8571428571428571,0.7,0.8383099022949598,0.7883593039974753,0.8063839589230216
seed,2,3,2021-2023,-1,unweighted,PI,random_forest,measured,14,4,3,0.4,0.3333333333333333,0.625,0.6666666666666666,0.75,1,"Sex,Stroke",BMI,0.7284231852172766,0.6370589892970319,0.7195264068959647,0,0.8,0.8333333333333334,0.8571428571428571,0.8,0.8092053959349599,0.7431341118908087,0.7643266672563548
seed,2,4,2021-2023,-1,unweighted,PI,random_forest,measured,14,4,3,0.4,0.4,0.75,0.6666666666666666,0.75,1,"Sex,Stroke",BMI,0.6555258600730187,0.5543478937468665,0.6294525540776508,0,0.8,0.8333333333333334,0.7142857142857143,0.8,0.8181599542009046,0.7479993471687539,0.763980625223301
seed,3,4,2021-2023,-1,unweighted,PI,random_forest,measured,14,3,3,1.0,0.5714285714285714,0.5714285714285714,1.0,1.0,0,,,0.8729329729973689,0.7528565130839536,0.8416586445591565,0,0.8,1.0,0.8571428571428571,0.9,0.8956402082726265,0.8554867530191976,0.851141242925911
seed,0,1,2021-2023,-1,unweighted,PI,random_forest,total,14,4,3,0.75,0.6,0.8571428571428571,1.0,0.75,0,GenHlth,,0.9324319627404708,0.8172694126965067,0.8644791545162464,0,0.8,0.8333333333333334,0.8571428571428571,0.9,0.8874118732717176,0.846340098712935,0.8487097009435877
seed,0,2,2021-2023,-1,unweighted,PI,random_forest,total,14,4,4,1.0,0.75,0.8571428571428571,1.0,1.0,0,,,0.9293461342129562,0.8315619032294628,0.8908839662603583,0,1.0,0.8333333333333334,0.8571428571428571,0.9,0.9091882810749599,0.8821069500063641,0.8703379519785771
seed,0,3,2021-2023,-1,unweighted,PI,random_forest,total,14,4,3,0.75,0.4,0.75,1.0,0.75,0,GenHlth,,0.784141539698852,0.6748947576580414,0.8147122827361155,0,1.0,0.8333333333333334,0.7142857142857143,0.9,0.8987920137369121,0.8700871075588803,0.8685907096917839
seed,0,4,2021-2023,-1,unweighted,PI,random_forest,total,14,4,4,1.0,0.75,0.8571428571428571,1.0,1.0,0,,,0.8788736231804286,0.7803898228929836,0.8682765682325926,0,1.0,0.8333333333333334,0.8571428571428571,0.8,0.9037009111858689,0.8776465830859601,0.8700676710442337
seed,1,2,2021-2023,-1,unweighted,PI,random_forest,total,14,3,4,0.75,0.4,0.75,1.0,0.75,0,,GenHlth,0.8817728005720257,0.7865665062071158,0.8755607362121876,0,0.8,0.8333333333333334,0.8571428571428571,0.9,0.9286261733766188,0.9235068636335155,0.9735276862352059
seed,1,3,2021-2023,-1,unweighted,PI,random_forest,total,14,3,3,1.0,0.75,0.875,1.0,1.0,0,,,0.819214796456036,0.7053083673458924,0.8430578397182198,0,0.8,0.8333333333333334,0.8571428571428571,0.9,0.9168672240217175,0.9136406782684907,0.9727873919158099
seed,1,4,2021-2023,-1,unweighted,PI,random_forest,total,14,3,4,0.75,0.75,1.0,1.0,0.75,0,,GenHlth,0.8984635027496951,0.759883265655046,0.880746170349369,0,0.8,1.0,1.0,0.9,0.9386616303615831,0.9367594328840554,0.9770105653894717
seed,2,3,2021-2023,-1,unweighted,PI,random_forest,total,14,4,3,0.75,0.5,0.875,1.0,0.75,0,GenHlth,,0.7775695555388827,0.640261384532033,0.8398024592875211,1,1.0,1.0,0.8571428571428571,0.8,0.9446109269349598,0.9576458416685865,0.9969221533674659
seed,2,4,2021-2023,-1,unweighted,PI,random_forest,total,14,4,4,1.0,0.5,0.75,1.0,1.0,0,,,0.8294834502328513,0.7292928985449755,0.8748969996062343,1,1.0,0.8333333333333334,0.8571428571428571,0.8,0.9405543192366188,0.9501070886290712,0.9943827209574281
seed,3,4,2021-2023,-1,unweighted,PI,random_forest,total,14,3,4,0.75,0.5,0.875,1.0,0.75,0,,GenHlth,0.8489412942899875,0.7390659560519333,0.8807627587755842,1,1.0,0.8333333333333334,0.8571428571428571,0.8,0.9534838801858687,0.9613748533081823,0.9952846849331226
seed,0,1,2021-2023,-1,unweighted,PI,xgboost,diag,14,4,4,1.0,0.6666666666666666,0.875,1.0,1.0,0,,,0.7629213483146067,0.6235294117647059,0.7909028379669345,0,1.0,1.0,0.8571428571428571,0.7,0.8703498870440507,0.8340708328023236,0.8303304551351428
seed,0,2,2021-2023,-1,unweighted,PI,xgboost,diag,14,4,4,1.0,0.5,0.75,1.0,1.0,0,,,0.884499044836165,0.7618064470073773,0.8780540756356106,0,1.0,1.0,1.0,0.8,0.9313413900214238,0.9045096264497927,0.8744691601258984
seed,0,3,2021-2023,-1,unweighted,PI,xgboost,diag,14,4,5,0.8,0.25,0.75,1.0,0.8,0,,Diabetes_self,0.879910612920252,0.77746025264604,0.87960526959812,0,1.0,1.0,1.0,0.8,0.9259173944715833,0.8997873485462775,0.8740049230283606
seed,0,4,2021-2023,-1,unweighted,PI,xgboost,diag,14,4,5,0.8,0.5,1.0,1.0,0.8,0,,Diabetes_self,0.7932330358113024,0.6748947576580414,0.8414080638436099,0,1.0,1.0,0.8571428571428571,0.7,0.9211347793457096,0.9174547464294751,0.9553951893917715
seed,1,2,2021-2023,-1,unweighted,PI,xgboost,diag,14,4,4,1.0,0.4,0.625,1.0,1.0,0,,,0.7289338861966386,0.5798825193638245,0.802038044749654,0,1.0,1.0,0.8571428571428571,0.7,0.9185196910449598,0.9160230906641418,0.9553748443396882
seed,1,3,2021-2023,-1,unweighted,PI,xgboost,diag,14,4,5,0.8,0.5,0.8571428571428571,1.0,0.8,0,,Diabetes_self,0.8287400842295675,0.7088608185890366,0.8592771606108374,0,1.0,1.0,0.8571428571428571,0.8,0.9283726071849598,0.9239503252241419,0.9559607818396881
seed,1,4,2021-2023,-1,unweighted,PI,xgboost,diag,14,4,5,0.8,0.3333333333333333,0.875,1.0,0.8,0,,Diabetes_self,0.920513981385609,0.8074633707694425,0.8384761254302928,0,1.0,1.0,0.8571428571428571,0.9,0.8999872082726266,0.854804086352531,0.8313495762592443
seed,2,3,2021-2023,-1,unweighted,PI,xgboost,diag,14,4,5,0.8,0.4,0.7142857142857143,1.0,0.8,0,,Diabetes_self,0.8316836715862541,0.7071931137405822,0.8805971928426879,1,1.0,1.0,1.0,0.9,0.966838826360674,0.9767911750222371,0.9988411761849262
seed,2,4,2021-2023,-1,unweighted,PI,xgboost,diag,14,4,5,0.8,0.25,0.75,1.0,0.8,0,,Diabetes_self,0.6945574157615151,0.5241424183609591,0.748050084138832,0,1.0,1.0,0.8571428571428571,0.7,0.8687367220449598,0.8322948204419196,0.8301578304507994
seed,3,4,2021-2023,-1,unweighted,PI,xgboost,diag,14,5,5,1.0,0.3333333333333333,0.75,1.0,1.0,0,,,0.7920819352129796,0.6558798109978861,0.8024326289514743,0,1.0,1.0,0.8571428571428571,0.8,0.8833726071849597,0.8439503252241418,0.8309607818396881
seed,0,1,2021-2023,-1,unweighted,PI,xgboost,measured,14,2,2,0.3333333333333333,0.2857142857142857,0.5,0.5,1.0,1,BMI,HighChol,0.45595238095238094,0.36842105263157887,0.5455788721891188,0,0.6,0.6666666666666666,0.7142857142857143,0.7,0.7426191925083363,0.6691298540086729,0.7378840885676824
seed,0,2,2021-2023,-1,unweighted,PI,xgboost,measured,14,2,3,0.25,0.4,0.6,0.5,0.6666666666666666,1,BMI,"Income,MentHlth",0.48333333333333334,0.40789473684210514,0.5167324282844912,0,0.6,0.6666666666666666,0.7142857142857143,0.7,0.7565553309560031,0.67881387035484,0.7384464940983495
seed,0,3,2021-2023,-1,unweighted,PI,xgboost,measured,14,2,2,1.0,0.5,0.6666666666666666,1.0,1.0,0,,,0.80152204696864,0.6771111667693441,0.7933374911339459,0,0.8,0.6666666666666666,0.8571428571428571,0.8,0.8559478031840506,0.8325687340289902,0.9132080593018094
seed,0,4,2021-2023,-1,unweighted,PI,xgboost,measured,14,2,2,1.0,0.2857142857142857,0.5,1.0,1.0,0,,,0.6336499800572734,0.5050353737560759,0.6975318325864495,0,0.8,0.6666666666666666,0.7142857142857143,0.7,0.8356939655092455,0.8138610487593798,0.9110621583277834
seed,1,2,2021-2023,-1,unweighted,PI,xgboost,measured,14,2,3,0.25,0.3333333333333333,0.6666666666666666,0.5,0.6666666666666666,1,HighChol,"Income,MentHlth",0.42142857142857143,0.3552631578947368,0.46722910289771385,0,0.6,0.6666666666666666,0.7142857142857143,0.7,0.7517677077592455,0.6763249918704911,0.7384167590222278
seed,1,3,2021-2023,-1,unweighted,PI,xgboost,measured,14,2,2,0.3333333333333333,0.42857142857142855,0.75,0.5,1.0,1,HighChol,BMI,0.6435077005662511,0.5320159167473418,0.63014295647176,0,0.8,0.6666666666666666,0.8571428571428571,0.8,0.7859218649349597,0.7103397154463643,0.746314514478577
seed,1,4,2021-2023,-1,unweighted,PI,xgboost,measured,14,2,2,0.3333333333333333,0.25,0.5555555555555556,0.5,1.0,1,HighChol,BMI,0.6222122547854814,0.4809860702438818,0.6604336688903268,0,0.8,0.8333333333333334,0.7142857142857143,0.8,0.7996267013992455,0.7437397997638245,0.7885469673555612
seed,2,3,2021-2023,-1,unweighted,PI,xgboost,measured,14,3,2,0.25,0.6,0.875,0.5,0.6666666666666666,1,"Income,MentHlth",BMI,0.6572480785142848,0.5561984584176756,0.6498124206175432,0,0.8,0.8333333333333334,0.8571428571428571,0.8,0.8131974269349598,0.7564725083352531,0.7901513200341327
seed,2,4,2021-2023,-1,unweighted,PI,xgboost,measured,14,3,2,0.25,0.3333333333333333,0.5,0.5,0.6666666666666666,1,"Income,MentHlth",BMI,0.3591445735342669,0.26454233863413495,0.4669576236209715,0,0.8,0.6666666666666666,0.5714285714285714,0.8,0.7523842798644402,0.679370015720881,0.7427161705482018
seed,3,4,2021-2023,-1,unweighted,PI,xgboost,measured,14,2,2,1.0,0.42857142857142855,0.5555555555555556,1.0,1.0,0,,,0.7458750388035453,0.5966941897186163,0.7917250470325483,0,1.0,0.8333333333333334,0.7142857142857143,0.8,0.9015967586999956,0.89648372575138,0.9512843262965333
seed,0,1,2021-2023,-1,unweighted,PI,xgboost,total,14,4,3,0.75,0.4,0.75,1.0,0.75,0,GenHlth,,0.8309648898248145,0.7317272966080377,0.8764498269947647,1,1.0,0.8333333333333334,0.8571428571428571,0.9,0.9434266008249597,0.9531357997841419,0.9946326568396882
seed,0,2,2021-2023,-1,unweighted,PI,xgboost,total,14,4,4,1.0,0.75,0.8571428571428571,1.0,1.0,0,,,0.8743485989321341,0.7431605356175384,0.8648051652229363,0,1.0,0.8333333333333334,0.8571428571428571,0.8,0.9185311071849598,0.9130276585574753,0.9533566151730215
seed,0,3,2021-2023,-1,unweighted,PI,xgboost,total,14,4,3,0.75,0.75,1.0,1.0,0.75,0,GenHlth,,0.9344944241596344,0.870927053138519,0.9339485914012142,0,1.0,1.0,1.0,0.8,0.944739621470674,0.9485068204622371,0.9831185199349262
seed,0,4,2021-2023,-1,unweighted,PI,xgboost,total,14,4,4,1.0,0.5,0.75,1.0,1.0,0,,,0.7886935835151184,0.6631278625510342,0.8235766659023771,0,1.0,1.0,0.8571428571428571,0.8,0.9070089842357099,0.8828057676561418,0.872159512308438
seed,1,2,2021-2023,-1,unweighted,PI,xgboost,total,14,3,4,0.75,0.3333333333333333,0.625,1.0,0.75,0,,GenHlth,0.7808370044052864,0.6555555555555556,0.814202791086214,0,1.0,0.8333333333333334,0.7142857142857143,0.8,0.9183371501999953,0.9106977559736023,0.9524779026854222
seed,1,3,2021-2023,-1,unweighted,PI,xgboost,total,14,3,3,1.0,0.6,0.75,1.0,1.0,0,,,0.7980869524816316,0.689202437604511,0.8498640006625741,0,1.0,0.8333333333333334,0.8571428571428571,0.7,0.9202620982940506,0.9254577128023236,0.9792562363851428
seed,1,4,2021-2023,-1,unweighted,PI,xgboost,total,14,3,4,0.75,0.75,1.0,1.0,0.75,0,,GenHlth,0.8975770925110133,0.7888888888888889,0.876576750104522,0,1.0,0.8333333333333334,1.0,0.8,0.9186909827723331,0.8902963376449442,0.8714211014137773
seed,2,3,2021-2023,-1,unweighted,PI,xgboost,total,14,4,3,0.75,0.6,0.8571428571428571,1.0,0.75,0,GenHlth,,0.9343457004663004,0.8222064167913465,0.8897869975531973,0,1.0,0.8333333333333334,0.8571428571428571,0.8,0.9110677874349598,0.8963988087796975,0.9384369103119105
seed,2,4,2021-2023,-1,unweighted,PI,xgboost,total,14,4,4,1.0,0.4,0.625,1.0,1.0,0,,,0.6806167400881058,0.5222222222222221,0.733584788844321,0,1.0,0.8333333333333334,0.7142857142857143,0.7,0.8560861767592456,0.8176105954260466,0.8266546062444501
seed,3,4,2021-2023,-1,unweighted,PI,xgboost,total,14,3,4,0.75,0.4,0.75,1.0,0.75,0,,GenHlth,0.8026670784643095,0.6650198959341772,0.8138911855493878,0,1.0,1.0,0.8571428571428571,0.9,0.8948260698249597,0.8621867366730307,0.8568288373952437
seed,0,1,2021-2023,-1,unweighted,SHAP,logistic_regression,diag,14,5,5,1.0,0.6666666666666666,0.6,1.0,1.0,0,,,0.9208791208791209,0.8021978021978022,0.8775731199986556,0,1.0,0.8333333333333334,0.8571428571428571,1.0,0.9188473782666189,0.8881752181935156,0.8705003424852059
seed,0,2,2021-2023,-1,unweighted,SHAP,logistic_regression,diag,14,5,5,1.0,0.6666666666666666,0.6,1.0,1.0,0,,,0.9384615384615385,0.8241758241758242,0.887774774628691,0,1.0,0.8333333333333334,1.0,0.9,0.9273528108590907,0.895469570689293,0.8715484927398991
seed,0,3,2021-2023,-1,unweighted,SHAP,logistic_regression,diag,14,5,4,0.8,0.25,0.2857142857142857,1.0,0.8,0,Diabetes_self,,0.8945054945054945,0.7802197802197802,0.8591061274198132,0,1.0,0.8333333333333334,0.8571428571428571,0.9,0.9137820853233765,0.8827368621178644,0.8699441400613277
seed,0,4,2021-2023,-1,unweighted,SHAP,logistic_regression,diag,14,5,4,0.8,0.2857142857142857,0.42857142857142855,1.0,0.8,0,Diabetes_self,,0.8593406593406594,0.7362637362637363,0.8453224018152206,0,1.0,0.8333333333333334,0.8571428571428571,0.9,0.9063840280226265,0.8775769361303087,0.8697067811203554
seed,1,2,2021-2023,-1,unweighted,SHAP,logistic_regression,diag,14,5,5,1.0,0.6,0.6666666666666666,1.0,1.0,0,,,0.8989010989010989,0.8021978021978022,0.9103271689159431,1,1.0,1.0,0.8571428571428571,0.9,0.9698146733766186,0.9764135303001822,0.9980068529018725
seed,1,3,2021-2023,-1,unweighted,SHAP,logistic_regression,diag,14,5,4,0.8,0.3333333333333333,0.5714285714285714,1.0,0.8,0,Diabetes_self,,0.9208791208791209,0.8021978021978022,0.9096956257230825,1,1.0,1.0,0.8571428571428571,0.9,0.9670057661275278,0.9731229081620005,0.9975629608564179
seed,1,4,2021-2023,-1,unweighted,SHAP,logistic_regression,diag,14,5,4,0.8,0.4,0.7142857142857143,1.0,0.8,0,Diabetes_self,,0.8725274725274725,0.7582417582417583,0.8942607626087566,1,1.0,1.0,0.8571428571428571,0.9,0.9650317043766188,0.9726852600779601,0.9977898390129836
seed,2,3,2021-2023,-1,unweighted,SHAP,logistic_regression,diag,14,5,4,0.8,0.3333333333333333,0.5714285714285714,1.0,0.8,0,Diabetes_self,,0.9164835164835166,0.8241758241758242,0.9155251238976798,1,1.0,1.0,0.8571428571428571,0.9,0.9638406163233766,0.9699312585623088,0.9973312928391054
seed,2,4,2021-2023,-1,unweighted,SHAP,logistic_regression,diag,14,5,4,0.8,0.4,0.7142857142857143,1.0,0.8,0,Diabetes_self,,0.9736263736263736,0.9120879120879122,0.958424303672752,1,1.0,1.0,0.8571428571428571,1.0,0.9790312171635356,0.982107365441016,0.9981582883804564
seed,3,4,2021-2023,-1,unweighted,SHAP,logistic_regression,diag,14,4,4,1.0,0.4,0.625,1.0,1.0,0,,,0.9120879120879121,0.8241758241758242,0.9202066183494546,1,1.0,1.0,0.8571428571428571,0.9,0.9672042392726266,0.9737424827969754,0.997799229037022
seed,0,1,2021-2023,-1,unweighted,SHAP,logistic_regression,measured,14,3,4,0.75,0.42857142857142855,0.5714285714285714,1.0,0.75,0,,AnyHealthcare,0.6439560439560439,0.5164835164835165,0.7455645743395597,0,0.8,0.6666666666666666,0.7142857142857143,0.8,0.8907718816492454,0.8900549499860466,0.9689397624944499
seed,0,2,2021-2023,-1,unweighted,SHAP,logistic_regression,measured,14,3,3,1.0,0.6,0.75,1.0,1.0,0,,,0.8373626373626375,0.6923076923076924,0.859111379338257,0,0.8,1.0,0.8571428571428571,0.8,0.9448656954857098,0.9516646476561419,0.991397793558438
seed,0,3,2021-2023,-1,unweighted,SHAP,logistic_regression,measured,14,3,3,1.0,0.5,0.625,1.0,1.0,0,,,0.7626373626373627,0.6703296703296704,0.8291896900376818,0,0.8,0.8333333333333334,0.8571428571428571,0.8,0.9312180191317174,0.9365563237084908,0.9883147356658099
seed,0,4,2021-2023,-1,unweighted,SHAP,logistic_regression,measured,14,3,3,1.0,0.8333333333333334,0.8333333333333334,1.0,1.0,0,,,0.8549450549450549,0.6703296703296704,0.8283988167690342,0,0.8,0.8333333333333334,1.0,0.8,0.905762801720674,0.8757713040177928,0.8655946484071485
seed,1,2,2021-2023,-1,unweighted,SHAP,logistic_regression,measured,14,4,3,0.75,0.3333333333333333,0.4444444444444444,1.0,0.75,0,AnyHealthcare,,0.6527472527472528,0.5604395604395604,0.7466225076610719,0,0.8,0.6666666666666666,0.5714285714285714,0.8,0.887967490560289,0.8850539998989668,0.9678534261420002
seed,1,3,2021-2023,-1,unweighted,SHAP,logistic_regression,measured,14,4,3,0.75,0.2857142857142857,0.5,1.0,0.75,0,AnyHealthcare,,0.7406593406593407,0.6263736263736264,0.7985158603669817,0,0.8,0.6666666666666666,0.8571428571428571,0.8,0.9041487882366188,0.9009286921846267,0.9701205681796502
seed,1,4,2021-2023,-1,unweighted,SHAP,logistic_regression,measured,14,4,3,0.75,0.375,0.42857142857142855,1.0,0.75,0,AnyHealthcare,,0.8065934065934066,0.6263736263736264,0.7826439719891556,0,1.0,0.8333333333333334,0.7142857142857143,0.9,0.8783944788409046,0.8434298848398647,0.8529563196677454
seed,2,3,2021-2023,-1,unweighted,SHAP,logistic_regression,measured,14,3,3,1.0,0.4,0.6666666666666666,1.0,1.0,0,,,0.8461538461538461,0.7142857142857144,0.8454847517441129,0,0.8,0.8333333333333334,0.7142857142857143,0.9,0.9358955361416545,0.9378058108274205,0.9875686786087178
seed,2,4,2021-2023,-1,unweighted,SHAP,logistic_regression,measured,14,3,3,1.0,0.5,0.625,1.0,1.0,0,,,0.7186813186813187,0.5824175824175825,0.7715735843995439,0,0.8,0.8333333333333334,0.8571428571428571,0.7,0.8803650982940507,0.8546737128023236,0.8636312363851428
seed,3,4,2021-2023,-1,unweighted,SHAP,logistic_regression,measured,14,3,3,1.0,0.42857142857142855,0.5,1.0,1.0,0,,,0.7362637362637363,0.6043956043956044,0.7786192299387711,0,0.8,0.8333333333333334,0.8571428571428571,0.7,0.8775561910449599,0.851383090664142,0.8631873443396882
seed,0,1,2021-2023,-1,unweighted,SHAP,logistic_regression,total,14,4,5,0.8,0.5,0.6666666666666666,1.0,0.8,0,,Diabetes_self,0.8945054945054945,0.7362637362637363,0.8519109335029003,0,1.0,0.8333333333333334,0.8571428571428571,0.9,0.9139712500749597,0.8858352202285862,0.870554965867466
seed,0,2,2021-2023,-1,unweighted,SHAP,logistic_regression,total,14,4,4,1.0,0.8,0.8333333333333334,1.0,1.0,0,,,0.9648351648351648,0.9120879120879122,0.9679728822443074,1,1.0,1.0,1.0,0.9,0.988168367912333,0.9928745090938331,0.9998282194693328
seed,0,3,2021-2023,-1,unweighted,SHAP,logistic_regression,total,14,4,4,1.0,1.0,1.0,1.0,1.0,0,,,0.9604395604395607,0.8461538461538461,0.9001414013391997,0,1.0,0.8333333333333334,0.8571428571428571,0.9,0.9283499419273689,0.8958936696210711,0.8711283264261781
seed,0,4,2021-2023,-1,unweighted,SHAP,logistic_regression,total,14,4,4,1.0,0.6,0.7142857142857143,1.0,1.0,0,,,0.9472527472527472,0.8461538461538461,0.9353954947336716,1,1.0,1.0,0.8571428571428571,0.9,0.9745976423766189,0.9801418005224045,0.9982238667907614
seed,1,2,2021-2023,-1,unweighted,SHAP,logistic_regression,total,14,5,4,0.8,0.6666666666666666,0.8,1.0,0.8,0,Diabetes_self,,0.9032967032967033,0.7362637362637363,0.8529452988403963,0,1.0,0.8333333333333334,0.8571428571428571,0.9,0.9171410540758689,0.8877874780904045,0.8705993550720115
seed,1,3,2021-2023,-1,unweighted,SHAP,logistic_regression,total,14,5,4,0.8,0.5,0.6666666666666666,1.0,0.8,0,Diabetes_self,,0.9164835164835166,0.7582417582417583,0.8843921452570351,1,1.0,0.8333333333333334,0.7142857142857143,1.0,0.9584232446801546,0.962982004078976,0.99458093989344
seed,1,4,2021-2023,-1,unweighted,SHAP,logistic_regression,total,14,5,4,0.8,0.5,0.6666666666666666,1.0,0.8,0,Diabetes_self,,0.9032967032967033,0.7582417582417583,0.8615627122718756,0,1.0,0.8333333333333334,0.7142857142857143,0.9,0.9095490397901544,0.8802976495189758,0.86948328364344
seed,2,3,2021-2023,-1,unweighted,SHAP,logistic_regression,total,14,4,4,1.0,0.8,0.8333333333333334,1.0,1.0,0,,,0.9076923076923077,0.7582417582417583,0.8686558876730187,0,1.0,0.8333333333333334,0.8571428571428571,0.9,0.9225650496257096,0.8925097559939197,0.8710635921695492
seed,2,4,2021-2023,-1,unweighted,SHAP,logistic_regression,total,14,4,4,1.0,0.8,0.8333333333333334,1.0,1.0,0,,,0.9824175824175824,0.9340659340659341,0.9678169002665282,1,1.0,1.0,0.8571428571428571,1.0,0.9832594704633766,0.9853150335667533,0.9983512581168832
seed,3,4,2021-2023,-1,unweighted,SHAP,logistic_regression,total,14,4,4,1.0,0.6,0.7142857142857143,1.0,1.0,0,,,0.9164835164835166,0.7802197802197802,0.878542952388274,0,1.0,0.8333333333333334,1.0,0.9,0.9273481566623332,0.8967089624271665,0.8717357715526661
seed,0,1,2021-2023,-1,unweighted,SHAP,random_forest,diag,14,5,5,1.0,1.0,1.0,1.0,1.0,0,,,0.9956043956043955,0.9780219780219781,0.9929808109999331,1,1.0,1.0,1.0,1.0,0.9978274651039922,0.9989427772809847,0.9999906099759616
seed,0,2,2021-2023,-1,unweighted,SHAP,random_forest,diag,14,5,5,1.0,0.75,0.8333333333333334,1.0,1.0,0,,,0.9824175824175824,0.9120879120879122,0.9534564483678318,0,1.0,1.0,1.0,1.0,0.971649692103083,0.9676622491969442,0.9841042068825273
seed,0,3,2021-2023,-1,unweighted,SHAP,random_forest,diag,14,5,5,1.0,0.75,0.8333333333333334,1.0,1.0,0,,,0.9956043956043955,0.9780219780219781,0.9929808109999331,1,1.0,1.0,1.0,1.0,0.9978274651039922,0.9989427772809847,0.9999906099759616
seed,0,4,2021-2023,-1,unweighted,SHAP,random_forest,diag,14,5,5,1.0,0.75,0.8333333333333334,1.0,1.0,0,,,0.956043956043956,0.8681318681318682,0.947315117535637,1,1.0,1.0,1.0,0.9,0.9860004872130832,0.9905778946369443,0.9996315506325273
seed,1,2,2021-2023,-1,unweighted,SHAP,random_forest,diag,14,5,5,1.0,0.75,0.8333333333333334,1.0,1.0,0,,,0.9868131868131869,0.9340659340659341,0.9604756373678988,0,1.0,1.0,1.0,1.0,0.9738222269990908,0.9687194719159598,0.9841135969065657
seed,1,3,2021-2023,-1,unweighted,SHAP,random_forest,diag,14,5,5,1.0,0.75,0.8333333333333334,1.0,1.0,0,,,1.0,1.0,1.0,1,1.0,1.0,1.0,1.0,0.9999999999999998,1.0000000000000002,1.0
seed,1,4,2021-2023,-1,unweighted,SHAP,random_forest,diag,14,5,5,1.0,0.75,0.8333333333333334,1.0,1.0,0,,,0.9604395604395607,0.8901098901098902,0.954334306535704,1,1.0,1.0,1.0,0.9,0.9881730221090907,0.9916351173559597,0.9996409406565657
seed,2,3,2021-2023,-1,unweighted,SHAP,random_forest,diag,14,5,5,1.0,1.0,1.0,1.0,1.0,0,,,0.9868131868131869,0.9340659340659341,0.9604756373678988,0,1.0,1.0,1.0,1.0,0.9738222269990908,0.9687194719159598,0.9841135969065657
seed,2,4,2021-2023,-1,unweighted,SHAP,random_forest,diag,14,5,5,1.0,1.0,1.0,1.0,1.0,0,,,0.9736263736263736,0.9120879120879122,0.9513592260352829,0,1.0,1.0,1.0,0.9,0.9699480221090908,0.9660351173559596,0.9840159406565657
seed,3,4,2021-2023,-1,unweighted,SHAP,random_forest,diag,14,5,5,1.0,1.0,1.0,1.0,1.0,0,,,0.9604395604395607,0.8901098901098902,0.954334306535704,1,1.0,1.0,1.0,0.9,0.9881730221090907,0.9916351173559597,0.9996409406565657
seed,0,1,2021-2023,-1,unweighted,SHAP,random_forest,measured,14,4,4,0.6,0.5,0.8333333333333334,0.75,1.0,1,Education,HighChol,0.9604395604395607,0.8901098901098902,0.9236285058114776,0,0.8,0.8333333333333334,0.8571428571428571,0.9,0.9473452808242855,0.9369191502019047,0.974307105654762
seed,0,2,2021-2023,-1,unweighted,SHAP,random_forest,measured,14,4,4,0.6,0.5,0.8333333333333334,0.75,1.0,1,Education,HighChol,0.956043956043956,0.8461538461538461,0.9139235513682593,0,0.8,1.0,0.8571428571428571,0.9,0.9470614729273688,0.9411040660655157,0.9766404792039559
seed,0,3,2021-2023,-1,unweighted,SHAP,random_forest,measured,14,4,5,0.8,0.8,1.0,1.0,0.8,0,,HighChol,0.9692307692307693,0.8901098901098902,0.9203333865308907,0,1.0,1.0,0.8571428571428571,0.9,0.9401389768233765,0.9196068923400864,0.9414502164502165
seed,0,4,2021-2023,-1,unweighted,SHAP,random_forest,measured,14,4,5,0.8,0.6666666666666666,0.8,1.0,0.8,0,,HighChol,0.9736263736263736,0.9120879120879122,0.9330069222254558,0,1.0,1.0,1.0,0.9,0.9477309911090908,0.9270967209115151,0.9425662878787879
seed,1,2,2021-2023,-1,unweighted,SHAP,random_forest,measured,14,4,4,1.0,1.0,1.0,1.0,1.0,0,,,0.9824175824175824,0.9120879120879122,0.9601030137543148,1,1.0,0.8333333333333334,1.0,1.0,0.9800331921030829,0.9823395825302776,0.9971250402158607
seed,1,3,2021-2023,-1,unweighted,SHAP,random_forest,measured,14,4,5,0.8,0.6,0.8333333333333334,1.0,0.8,0,,Education,0.9780219780219781,0.9120879120879122,0.9319367125445814,0,0.8,0.8333333333333334,1.0,1.0,0.946866695999091,0.9280744088048487,0.9494347774621213
seed,1,4,2021-2023,-1,unweighted,SHAP,random_forest,measured,14,4,5,0.8,0.5,0.6666666666666666,1.0,0.8,0,,Education,0.9692307692307693,0.8901098901098902,0.9191223597867433,0,0.8,0.8333333333333334,0.8571428571428571,1.0,0.9392746817133766,0.92058458023342,0.94831870603355
seed,2,3,2021-2023,-1,unweighted,SHAP,random_forest,measured,14,4,5,0.8,0.6,0.8333333333333334,1.0,0.8,0,,Education,0.9824175824175824,0.9120879120879122,0.9380433807150473,0,0.8,1.0,1.0,1.0,0.9529224961039922,0.9361638403920958,0.9518569294204061
seed,2,4,2021-2023,-1,unweighted,SHAP,random_forest,measured,14,4,5,0.8,0.5,0.6666666666666666,1.0,0.8,0,,Education,0.9780219780219781,0.8901098901098902,0.9253698450204821,0,0.8,1.0,0.8571428571428571,1.0,0.945330481818278,0.9286740118206671,0.9507408579918347
seed,3,4,2021-2023,-1,unweighted,SHAP,random_forest,measured,14,5,5,1.0,0.8,0.8,1.0,1.0,0,,,0.9956043956043955,0.9780219780219781,0.9873264643054348,1,1.0,1.0,0.8571428571428571,1.0,0.9924079857142856,0.9925101714285716,0.9988839285714286
seed,0,1,2021-2023,-1,unweighted,SHAP,random_forest,total,14,5,5,1.0,0.8,0.8,1.0,1.0,0,,,0.9736263736263736,0.9120879120879122,0.9534714819843769,1,1.0,0.8333333333333334,0.8571428571428571,0.9,0.9739093118242856,0.9751748799796827,0.9959650917658731
seed,0,2,2021-2023,-1,unweighted,SHAP,random_forest,total,14,5,5,1.0,1.0,1.0,1.0,1.0,0,,,0.9912087912087912,0.9560439560439562,0.9782936897740356,1,1.0,1.0,0.8571428571428571,0.9,0.9885337808242856,0.9898258168685714,0.9987862723214286
seed,0,3,2021-2023,-1,unweighted,SHAP,random_forest,total,14,5,4,0.8,0.6,0.8333333333333334,1.0,0.8,0,Diabetes_self,,0.9868131868131869,0.9560439560439562,0.9809308093226017,1,1.0,1.0,1.0,0.9,0.9913428261099999,0.993587375217778,0.9996853298611111
seed,0,4,2021-2023,-1,unweighted,SHAP,random_forest,total,14,5,4,0.8,0.4,0.7142857142857143,1.0,0.8,0,Diabetes_self,,0.9956043956043955,0.9780219780219781,0.9873264643054348,1,1.0,1.0,0.8571428571428571,1.0,0.9924079857142856,0.9925101714285716,0.9988839285714286
seed,1,2,2021-2023,-1,unweighted,SHAP,random_forest,total,14,5,5,1.0,0.8,0.8,1.0,1.0,0,,,0.9912087912087912,0.9560439560439562,0.9753664017314525,1,1.0,0.8333333333333334,1.0,1.0,0.9853755309999999,0.9853490631111113,0.9971788194444445
seed,1,3,2021-2023,-1,unweighted,SHAP,random_forest,total,14,5,4,0.8,0.5,0.6666666666666666,1.0,0.8,0,Diabetes_self,,0.9736263736263736,0.9120879120879122,0.953471481984377,1,1.0,0.8333333333333334,0.8571428571428571,0.9,0.9739093118242856,0.9751748799796827,0.9959650917658731
seed,1,4,2021-2023,-1,unweighted,SHAP,random_forest,total,14,5,4,0.8,0.3333333333333333,0.5714285714285714,1.0,0.8,0,Diabetes_self,,0.9824175824175824,0.9340659340659341,0.9662858347422152,1,1.0,0.8333333333333334,1.0,0.9,0.9815013261099998,0.9826647085511113,0.9970811631944445
seed,2,3,2021-2023,-1,unweighted,SHAP,random_forest,total,14,5,4,0.8,0.6,0.8333333333333334,1.0,0.8,0,Diabetes_self,,0.9780219780219781,0.9120879120879122,0.9587465745182563,1,1.0,1.0,0.8571428571428571,0.9,0.9837508118242857,0.9860975466463493,0.9985692584325397
seed,2,4,2021-2023,-1,unweighted,SHAP,random_forest,total,14,5,4,0.8,0.4,0.7142857142857143,1.0,0.8,0,Diabetes_self,,0.9956043956043955,0.9780219780219781,0.9909672254686008,1,1.0,1.0,1.0,0.9,0.9961257951099998,0.9973156454400001,0.99990234375
seed,3,4,2021-2023,-1,unweighted,SHAP,random_forest,total,14,4,4,1.0,0.75,0.8571428571428571,1.0,1.0,0,,,0.9824175824175824,0.9340659340659341,0.9682572736280365,1,1.0,1.0,0.8571428571428571,0.9,0.9837508118242857,0.9860975466463493,0.9985692584325397
seed,0,1,2021-2023,-1,unweighted,SHAP,xgboost,diag,14,4,4,1.0,0.8,0.8333333333333334,1.0,1.0,0,,,0.9604395604395607,0.8681318681318682,0.9388481715675709,1,1.0,0.8333333333333334,0.8571428571428571,0.9,0.9691216886275278,0.9726860014953338,0.9959353566897513
seed,0,2,2021-2023,-1,unweighted,SHAP,xgboost,diag,14,4,4,1.0,1.0,1.0,1.0,1.0,0,,,0.9296703296703297,0.8021978021978022,0.9092228874141648,1,1.0,0.8333333333333334,0.8571428571428571,1.0,0.9660152589658688,0.9704718326504045,0.9956970113220115
seed,0,3,2021-2023,-1,unweighted,SHAP,xgboost,diag,14,4,4,1.0,0.8,0.8333333333333334,1.0,1.0,0,,,0.9780219780219781,0.9340659340659341,0.9771049180342936,1,1.0,1.0,1.0,1.0,0.9920425728023332,0.9955588636538333,0.9999258757193328
seed,0,4,2021-2023,-1,unweighted,SHAP,xgboost,diag,14,4,4,1.0,0.6666666666666666,0.6666666666666666,1.0,1.0,0,,,0.9692307692307693,0.8901098901098902,0.9544427586515674,1,1.0,1.0,0.8571428571428571,1.0,0.9796675895166189,0.9843407648601823,0.9985927904018725
seed,1,2,2021-2023,-1,unweighted,SHAP,xgboost,diag,14,4,4,1.0,0.8,0.8333333333333334,1.0,1.0,0,,,0.9428571428571428,0.8461538461538461,0.931068307829908,1,1.0,0.8333333333333334,1.0,0.9,0.9697377225583406,0.9740379149239597,0.9965281476878157
seed,1,3,2021-2023,-1,unweighted,SHAP,xgboost,diag,14,4,4,1.0,1.0,1.0,1.0,1.0,0,,,0.9648351648351648,0.8901098901098902,0.9451914386639277,1,1.0,0.8333333333333334,0.8571428571428571,0.9,0.9707395078233765,0.9732226221178644,0.9959207025613277
seed,1,4,2021-2023,-1,unweighted,SHAP,xgboost,diag,14,4,4,1.0,0.8,0.8333333333333334,1.0,1.0,0,,,0.9692307692307693,0.8901098901098902,0.941568599672451,1,1.0,0.8333333333333334,0.8571428571428571,0.9,0.9755224768233766,0.9769508923400867,0.9961377164502165
seed,2,3,2021-2023,-1,unweighted,SHAP,xgboost,diag,14,4,4,1.0,0.8,0.8333333333333334,1.0,1.0,0,,,0.956043956043956,0.8681318681318682,0.9315271285549498,1,1.0,0.8333333333333334,0.8571428571428571,1.0,0.9708028821626264,0.9729607111347534,0.9957267463981332
seed,2,4,2021-2023,-1,unweighted,SHAP,xgboost,diag,14,4,4,1.0,0.6666666666666666,0.6666666666666666,1.0,1.0,0,,,0.9516483516483516,0.8681318681318682,0.9351320453747373,1,1.0,0.8333333333333334,0.8571428571428571,1.0,0.9660199131626266,0.969232440912531,0.9955097325092443
seed,3,4,2021-2023,-1,unweighted,SHAP,xgboost,diag,14,4,4,1.0,0.8,0.8333333333333334,1.0,1.0,0,,,0.9912087912087912,0.9560439560439562,0.9773378406172737,1,1.0,1.0,0.8571428571428571,1.0,0.9876250167142857,0.9887819012063492,0.9986669146825398
seed,0,1,2021-2023,-1,unweighted,SHAP,xgboost,measured,14,3,3,1.0,0.8571428571428571,0.8,1.0,1.0,0,,,0.8637362637362638,0.6923076923076924,0.8003800944675701,0,0.6,0.6666666666666666,0.8571428571428571,1.0,0.9164923821626265,0.9036700444680865,0.9649975797314665
seed,0,2,2021-2023,-1,unweighted,SHAP,xgboost,measured,14,3,3,1.0,0.8571428571428571,0.8,1.0,1.0,0,,,0.9032967032967033,0.7802197802197802,0.8664004512973519,0,0.8,0.8333333333333334,0.7142857142857143,1.0,0.9237172759276622,0.915947388106436,0.9720507248827562
seed,0,3,2021-2023,-1,unweighted,SHAP,xgboost,measured,14,3,3,1.0,1.0,1.0,1.0,1.0,0,,,0.8989010989010989,0.7582417582417583,0.8460799254017504,0,0.6,0.6666666666666666,0.8571428571428571,1.0,0.9164923821626265,0.9036700444680865,0.9649975797314665
seed,0,4,2021-2023,-1,unweighted,SHAP,xgboost,measured,14,3,3,1.0,0.8571428571428571,0.8,1.0,1.0,0,,,0.9296703296703297,0.8461538461538461,0.8997758021665345,0,0.8,0.8333333333333334,0.8571428571428571,1.0,0.9344790942142855,0.9253894745396827,0.9732111855158732
seed,1,2,2021-2023,-1,unweighted,SHAP,xgboost,measured,14,3,3,1.0,1.0,1.0,1.0,1.0,0,,,0.8681318681318682,0.7362637362637363,0.8382499058429496,0,0.6,0.6666666666666666,0.8571428571428571,1.0,0.9057307019126266,0.8946988942458642,0.9642922845925777
seed,1,3,2021-2023,-1,unweighted,SHAP,xgboost,measured,14,3,3,1.0,0.8571428571428571,0.8,1.0,1.0,0,,,0.9824175824175824,0.9340659340659341,0.9497940230410853,0,0.8,1.0,1.0,1.0,0.9626742887499999,0.95277312,0.97763671875
seed,1,4,2021-2023,-1,unweighted,SHAP,xgboost,measured,14,3,3,1.0,1.0,1.0,1.0,1.0,0,,,0.8945054945054945,0.7582417582417583,0.8607624511990097,0,0.8,0.6666666666666666,0.8571428571428571,1.0,0.9188527019126267,0.9110828942458644,0.9705422845925776
seed,2,3,2021-2023,-1,unweighted,SHAP,xgboost,measured,14,3,3,1.0,0.8571428571428571,0.8,1.0,1.0,0,,,0.8813186813186813,0.7582417582417583,0.8505385415645689,0,0.8,0.6666666666666666,0.8571428571428571,1.0,0.9248314131626267,0.9163257742458644,0.9710305658425776
seed,2,4,2021-2023,-1,unweighted,SHAP,xgboost,measured,14,3,3,1.0,1.0,1.0,1.0,1.0,0,,,0.8681318681318682,0.7142857142857144,0.8051638043820563,0,0.8,0.6666666666666666,0.7142857142857143,1.0,0.9246374561776622,0.9139958716619914,0.9701518533549783
seed,3,4,2021-2023,-1,unweighted,SHAP,xgboost,measured,14,3,3,1.0,0.8571428571428571,0.8,1.0,1.0,0,,,0.9164835164835166,0.7802197802197802,0.8791625474666749,0,0.8,0.6666666666666666,0.8571428571428571,1.0,0.9430564131626267,0.9419257742458644,0.9866555658425776
seed,0,1,2021-2023,-1,unweighted,SHAP,xgboost,total,14,4,4,1.0,0.8,0.8333333333333334,1.0,1.0,0,,,0.9868131868131869,0.9340659340659341,0.9629586131101407,0,0.8,1.0,0.8571428571428571,1.0,0.9771134508182779,0.9750689487095561,0.9926245385473902
seed,0,2,2021-2023,-1,unweighted,SHAP,xgboost,total,14,4,4,1.0,0.8,0.8333333333333334,1.0,1.0,0,,,0.9736263736263736,0.8901098901098902,0.9425290442578511,0,0.8,0.8333333333333334,1.0,1.0,0.9669111921030831,0.9659555825302777,0.9908750402158607
seed,0,3,2021-2023,-1,unweighted,SHAP,xgboost,total,14,4,4,1.0,0.8,0.8333333333333334,1.0,1.0,0,,,0.9648351648351648,0.8901098901098902,0.9303595614359244,0,0.8,0.8333333333333334,0.8571428571428571,1.0,0.9662746817133765,0.9632512469000867,0.9899853727002166
seed,0,4,2021-2023,-1,unweighted,SHAP,xgboost,total,14,4,4,1.0,0.8,0.8333333333333334,1.0,1.0,0,,,0.9648351648351648,0.8901098901098902,0.937653885313463,0,0.8,0.8333333333333334,0.8571428571428571,0.9,0.9624004768233765,0.9605668923400867,0.9898877164502166
seed,1,2,2021-2023,-1,unweighted,SHAP,xgboost,total,14,4,4,1.0,0.6666666666666666,0.6666666666666666,1.0,1.0,0,,,0.9780219780219781,0.9120879120879122,0.9543078499965436,1,1.0,0.8333333333333334,0.8571428571428571,1.0,0.9746137127133765,0.9759069766778645,0.9960183588113277
seed,1,3,2021-2023,-1,unweighted,SHAP,xgboost,total,14,4,4,1.0,1.0,1.0,1.0,1.0,0,,,0.9780219780219781,0.9120879120879122,0.9525176679460122,0,0.8,0.8333333333333334,1.0,1.0,0.9716941611030829,0.9696838527525,0.9910920541047495
seed,1,4,2021-2023,-1,unweighted,SHAP,xgboost,total,14,4,4,1.0,1.0,1.0,1.0,1.0,0,,,0.9780219780219781,0.9120879120879122,0.9610230185676982,1,1.0,0.8333333333333334,1.0,0.9,0.980941956213083,0.9833834981924998,0.9972443978547495
seed,2,3,2021-2023,-1,unweighted,SHAP,xgboost,total,14,4,4,1.0,0.6666666666666666,0.6666666666666666,1.0,1.0,0,,,0.9604395604395607,0.8681318681318682,0.9239335109750981,0,0.8,0.8333333333333334,0.8571428571428571,1.0,0.9624889818182778,0.9604180118206673,0.9898033579918347
seed,2,4,2021-2023,-1,unweighted,SHAP,xgboost,total,14,4,4,1.0,0.6666666666666666,0.6666666666666666,1.0,1.0,0,,,0.9472527472527472,0.8241758241758242,0.9157908709709333,1,1.0,0.8333333333333334,0.8571428571428571,0.9,0.9685669729273687,0.972165399398849,0.9959113125372893
seed,3,4,2021-2023,-1,unweighted,SHAP,xgboost,total,14,4,4,1.0,1.0,1.0,1.0,1.0,0,,,0.9780219780219781,0.9120879120879122,0.9567000331986896,0,0.8,1.0,1.0,0.9,0.9798339911090908,0.978979387578182,0.9936079545454546
seed,0,1,2021-2023,-1,weighted,PI,logistic_regression,diag,14,4,3,0.75,0.6666666666666666,1.0,1.0,0.75,0,GenHlth,,0.8370723397030341,0.7168707995974645,0.8664818506819172,0,1.0,1.0,1.0,0.8,0.935964621470674,0.9314401537955705,0.9570768532682595
seed,0,2,2021-2023,-1,weighted,PI,logistic_regression,diag,14,4,4,1.0,1.0,1.0,1.0,1.0,0,,,0.9062703197851516,0.8209326898616125,0.923811017475181,1,1.0,1.0,0.8571428571428571,0.8,0.9681130033826264,0.9747863984591978,0.9979185866759109
seed,0,3,2021-2023,-1,weighted,PI,logistic_regression,diag,14,4,4,1.0,0.6666666666666666,0.875,1.0,1.0,0,,,0.9279165537199359,0.8646473496644201,0.9483566959614887,1,1.0,1.0,1.0,0.8,0.976341390021424,0.9845096264497928,0.9994691601258984
seed,0,4,2021-2023,-1,weighted,PI,logistic_regression,diag,14,4,4,1.0,1.0,1.0,1.0,1.0,0,,,0.775694869676143,0.64048986934008,0.8316470600801678,0,1.0,1.0,0.8571428571428571,0.7,0.9244984022949598,0.9212659706641417,0.9558631255896882
seed,1,2,2021-2023,-1,weighted,PI,logistic_regression,diag,14,3,4,0.75,0.6666666666666666,1.0,1.0,0.75,0,,GenHlth,0.7719101123595505,0.6470588235294118,0.8334326700597336,0,1.0,1.0,0.8571428571428571,0.7,0.9211347793457096,0.9174547464294751,0.9553951893917715
seed,1,3,2021-2023,-1,weighted,PI,logistic_regression,diag,14,3,4,0.75,0.5,0.875,1.0,0.75,0,,GenHlth,0.902330989160708,0.8195150628704789,0.9064724717459475,0,1.0,1.0,1.0,0.8,0.9455352136674315,0.9376573025021415,0.9573236022332702
seed,1,4,2021-2023,-1,weighted,PI,logistic_regression,diag,14,3,4,0.75,0.6666666666666666,1.0,1.0,0.75,0,,GenHlth,0.7252866240505743,0.5945284284940306,0.8280154434081733,1,1.0,1.0,0.8571428571428571,0.7,0.9423498870440505,0.9567374994689903,0.9969971218018094
seed,2,3,2021-2023,-1,weighted,PI,logistic_regression,diag,14,4,4,1.0,0.6666666666666666,0.875,1.0,1.0,0,,,0.9136953593012711,0.8436184470725518,0.9331405974243713,1,1.0,1.0,0.8571428571428571,0.9,0.9698146733766186,0.9764135303001822,0.9980068529018725
seed,2,4,2021-2023,-1,weighted,PI,logistic_regression,diag,14,4,4,1.0,1.0,1.0,1.0,1.0,0,,,0.9155075024442066,0.8231932086840424,0.912482392586266,0,1.0,1.0,1.0,0.9,0.950600506610674,0.9430956585777928,0.9578798046571485
seed,3,4,2021-2023,-1,weighted,PI,logistic_regression,diag,14,4,4,1.0,0.6666666666666666,0.875,1.0,1.0,0,,,0.8055833318359281,0.6793040899620963,0.8476467127956522,0,1.0,1.0,0.8571428571428571,0.8,0.9283726071849598,0.9239503252241419,0.9559607818396881
seed,0,1,2021-2023,-1,weighted,PI,logistic_regression,measured,14,1,1,1.0,0.4,0.7272727272727273,1.0,1.0,0,,,0.3508814151027143,0.27105237087157535,0.5142558865123212,0,0.6,0.5,0.42857142857142855,0.8,0.7756475651294761,0.7195147229147855,0.7905462254217138
seed,0,2,2021-2023,-1,weighted,PI,logistic_regression,measured,14,1,1,1.0,0.6,0.8,1.0,1.0,0,,,0.7815415778286573,0.6515288143423646,0.7684130155947276,0,0.8,0.6666666666666666,0.8571428571428571,0.9,0.8709757661275279,0.829293574828667,0.8454796275230846
seed,0,3,2021-2023,-1,weighted,PI,logistic_regression,measured,14,1,2,0.5,0.4,0.8,1.0,0.5,0,,BMI,0.8234988963322455,0.7000600214363375,0.8060513599438349,0,0.8,0.8333333333333334,0.8571428571428571,0.9,0.8808219203242855,0.8389768497574603,0.8478965153769842
seed,0,4,2021-2023,-1,weighted,PI,logistic_regression,measured,14,1,2,0.5,0.4,0.8,1.0,0.5,0,,BMI,0.7475566349990125,0.6352396490811212,0.7776618318409944,0,0.8,0.8333333333333334,0.8571428571428571,0.8,0.8658204842357098,0.8298991009894752,0.8476803456417714
seed,1,2,2021-2023,-1,weighted,PI,logistic_regression,measured,14,1,1,1.0,0.16666666666666666,0.5833333333333334,1.0,1.0,0,,,0.2920711044411367,0.2509358030542703,0.5008060381924853,0,0.4,0.3333333333333333,0.42857142857142855,0.8,0.7318439768287262,0.6651764004827855,0.7660467137029638
seed,1,3,2021-2023,-1,weighted,PI,logistic_regression,measured,14,1,2,0.5,0.2,0.7272727272727273,1.0,0.5,0,,BMI,0.5032993297537434,0.4372906995684201,0.62034620780376,0,0.6,0.5,0.5714285714285714,0.8,0.7650145794151901,0.7014045514862141,0.7760372968502852
seed,1,4,2021-2023,-1,weighted,PI,logistic_regression,measured,14,1,2,0.5,0.2,0.7272727272727273,1.0,0.5,0,,BMI,0.4048544730781945,0.3279680246763151,0.5512581503131,0,0.6,0.5,0.42857142857142855,0.8,0.7669931573262336,0.7001318716213566,0.7751679743867245
seed,2,3,2021-2023,-1,weighted,PI,logistic_regression,measured,14,1,2,0.5,0.16666666666666666,0.6363636363636364,1.0,0.5,0,,BMI,0.715599729741822,0.6253635012747126,0.7713562139284631,0,0.6,0.6666666666666666,0.7142857142857143,0.9,0.8904787828418135,0.8816914760350163,0.9628965422056242
seed,2,4,2021-2023,-1,weighted,PI,logistic_regression,measured,14,1,2,0.5,0.4,0.8,1.0,0.5,0,,BMI,0.717822089150958,0.6026230103192687,0.8116935285725011,0,0.8,0.6666666666666666,0.8571428571428571,0.7,0.9127146910449597,0.9204604239974752,0.9855831776730215
seed,3,4,2021-2023,-1,weighted,PI,logistic_regression,measured,14,2,2,1.0,0.5,0.8,1.0,1.0,0,,,0.5179775280898876,0.43529411764705883,0.6883253573672634,0,0.8,0.8333333333333334,0.7142857142857143,0.7,0.8945712960599954,0.8959966476358245,0.9712496040743112
seed,0,1,2021-2023,-1,weighted,PI,logistic_regression,total,14,4,3,0.75,0.5,0.875,1.0,0.75,0,GenHlth,,0.778908056042282,0.6514466333088096,0.846966848768093,1,1.0,1.0,0.8571428571428571,0.8,0.9472260152357097,0.9590774974339198,0.9969424984195492
seed,0,2,2021-2023,-1,weighted,PI,logistic_regression,total,14,4,4,1.0,0.6666666666666666,0.875,1.0,1.0,0,,,0.9509141779026469,0.8671824188679005,0.9272517864078675,0,1.0,1.0,0.8571428571428571,0.9,0.9535763536266186,0.9427180138557378,0.9570454813740947
seed,0,3,2021-2023,-1,weighted,PI,logistic_regression,total,14,4,3,0.75,0.3333333333333333,0.8888888888888888,1.0,0.75,0,HighChol,,0.835920177383592,0.7159090909090908,0.8653427274324532,0,1.0,1.0,1.0,0.7,0.932090416580674,0.9287557992355704,0.9569791970182596
seed,0,4,2021-2023,-1,weighted,PI,logistic_regression,total,14,4,3,0.75,0.5,0.875,1.0,0.75,0,GenHlth,,0.9480715073819524,0.8652231568278274,0.9443606970823633,1,1.0,1.0,0.8571428571428571,0.9,0.9779659195226265,0.9827136330191977,0.998504524175911
seed,1,2,2021-2023,-1,weighted,PI,logistic_regression,total,14,3,4,0.75,0.4,0.75,1.0,0.75,0,,GenHlth,0.7295925630241493,0.5905329129507862,0.8101993450171845,0,1.0,1.0,0.8571428571428571,0.7,0.9105669180440505,0.9103425625801014,0.955113441246254
seed,1,3,2021-2023,-1,weighted,PI,logistic_regression,total,14,3,3,0.5,0.2,0.7777777777777778,0.6666666666666666,1.0,1,HighChol,GenHlth,0.769877238001212,0.6396021490668313,0.8278943142961408,0,1.0,1.0,0.8571428571428571,0.7,0.9211347793457096,0.9174547464294751,0.9553951893917715
seed,1,4,2021-2023,-1,weighted,PI,logistic_regression,total,14,3,3,1.0,0.6,0.75,1.0,1.0,0,,,0.8123340301474025,0.7027283689263065,0.8702389808019579,1,1.0,1.0,0.8571428571428571,0.9,0.9558831891257096,0.9654901222161418,0.997257168558438
seed,2,3,2021-2023,-1,weighted,PI,logistic_regression,total,14,4,3,0.75,0.25,0.7777777777777778,1.0,0.75,0,HighChol,,0.875019619102905,0.7978078253584684,0.9129220240997011,1,1.0,1.0,0.8571428571428571,0.8,0.9633300343826265,0.9710581282369755,0.997701572787022
seed,2,4,2021-2023,-1,weighted,PI,logistic_regression,total,14,4,3,0.75,0.75,1.0,1.0,0.75,0,GenHlth,,0.9155075024442066,0.8231932086840424,0.9129761753951975,0,1.0,1.0,1.0,0.8,0.946726301720674,0.9404113040177928,0.9577821484071485
seed,3,4,2021-2023,-1,weighted,PI,logistic_regression,total,14,3,3,0.5,0.2,0.7777777777777778,0.6666666666666666,1.0,1,GenHlth,HighChol,0.7734849127824788,0.6180165405913052,0.8244787719081956,0,1.0,1.0,0.8571428571428571,0.7,0.9213285982940507,0.9193137128023237,0.9558187363851428
seed,0,1,2021-2023,-1,weighted,PI,random_forest,diag,14,4,3,0.75,0.2857142857142857,0.5,1.0,0.75,0,GenHlth,,0.8772518120087798,0.7515580963521805,0.8761356753934992,0,1.0,1.0,0.8571428571428571,0.9,0.9398260698249596,0.9421867366730308,0.9818288373952437
seed,0,2,2021-2023,-1,weighted,PI,random_forest,diag,14,4,4,1.0,0.6,0.7142857142857143,1.0,1.0,0,,,0.8773528867846974,0.7753298418327284,0.9003284393446398,1,1.0,1.0,0.8571428571428571,0.9,0.9612255280226265,0.9684996027969754,0.997310947787022
seed,0,3,2021-2023,-1,weighted,PI,random_forest,diag,14,4,4,1.0,0.4,0.625,1.0,1.0,0,,,0.8454828539389022,0.759883265655046,0.8932749401290091,1,1.0,1.0,0.8571428571428571,0.9,0.9590529931266187,0.9674423800779601,0.9973015577629836
seed,0,4,2021-2023,-1,weighted,PI,random_forest,diag,14,4,4,1.0,0.5,0.5714285714285714,1.0,1.0,0,,,0.8940484486821291,0.8045822812818135,0.9030086273166673,0,0.8,1.0,0.8571428571428571,0.9,0.9566926733766188,0.9600295303001822,0.9917568529018725
seed,1,2,2021-2023,-1,weighted,PI,random_forest,diag,14,3,4,0.75,0.375,0.42857142857142855,1.0,0.75,0,,GenHlth,0.8754610017297577,0.77746025264604,0.8970359118932745,0,1.0,1.0,1.0,0.8,0.950524513772333,0.9518907340893887,0.983183254191555
seed,1,3,2021-2023,-1,weighted,PI,random_forest,diag,14,3,4,0.75,0.6666666666666666,0.8333333333333334,1.0,0.75,0,,GenHlth,0.9311685924280231,0.8300279198737096,0.9180377881348529,0,1.0,1.0,0.8571428571428571,0.9,0.9543985806257096,0.954104152438364,0.982825744947327
seed,1,4,2021-2023,-1,weighted,PI,random_forest,diag,14,3,4,0.75,0.5,0.5,1.0,0.75,0,,GenHlth,0.7956046684707213,0.6481039922301568,0.8244078950459879,0,0.8,1.0,0.8571428571428571,0.8,0.9180468959349597,0.9193901118908085,0.9752641672563548
seed,2,3,2021-2023,-1,weighted,PI,random_forest,diag,14,4,4,1.0,0.5,0.5714285714285714,1.0,1.0,0,,,0.8382843356464625,0.7292928985449755,0.8856874799521796,1,1.0,1.0,0.8571428571428571,0.8,0.9579876954857098,0.9680486476561418,0.997647793558438
seed,2,4,2021-2023,-1,weighted,PI,random_forest,diag,14,4,4,1.0,0.5714285714285714,0.5,1.0,1.0,0,,,0.895490090834935,0.7734924681537618,0.8934183366254824,0,0.8,1.0,0.8571428571428571,0.9,0.9566926733766188,0.9600295303001822,0.9917568529018725
seed,3,4,2021-2023,-1,weighted,PI,random_forest,diag,14,4,4,1.0,0.42857142857142855,0.42857142857142855,1.0,1.0,0,,,0.7934065934065934,0.6483516483516484,0.838144670527133,0,0.8,1.0,0.8571428571428571,0.8,0.9341040152357099,0.9426934974339198,0.9906924984195492
seed,0,1,2021-2023,-1,weighted,PI,random_forest,measured,14,2,3,0.25,0.0,0.5,0.5,0.6666666666666666,1,BMI,"HighChol,Stroke",0.528736346112176,0.3951048749993008,0.5773134630498776,0,0.6,0.6666666666666666,0.5714285714285714,0.8,0.7790152945611981,0.705288924427452,0.7533144820132124
seed,0,2,2021-2023,-1,weighted,PI,random_forest,measured,14,2,3,0.25,0.3333333333333333,0.5,0.5,0.6666666666666666,1,BMI,"Sex,Stroke",0.39070340619793537,0.29314232661238443,0.44734710157181734,0,0.6,0.6666666666666666,0.5714285714285714,0.8,0.750028614311198,0.6707177742052296,0.7369841868743235
seed,0,3,2021-2023,-1,weighted,PI,random_forest,measured,14,2,3,0.6666666666666666,0.3333333333333333,0.6666666666666666,1.0,0.6666666666666666,0,,HighChol,0.6551724137931035,0.5185185185185186,0.7102356592751173,0,0.6,0.8333333333333334,0.7142857142857143,0.8,0.8545126703992456,0.8366840699860465,0.92313898124445
seed,0,4,2021-2023,-1,weighted,PI,random_forest,measured,14,2,4,0.5,0.25,0.3333333333333333,1.0,0.5,0,,"HighChol,Sex",0.2857795618524103,0.21081851067789195,0.5036509280036108,0,0.4,0.5,0.5714285714285714,0.7,0.7900423894726221,0.7622429054372445,0.895068798389111
seed,1,2,2021-2023,-1,weighted,PI,random_forest,measured,14,3,3,0.5,0.2,0.6,0.6666666666666666,1.0,1,HighChol,Sex,0.736904761904762,0.5921052631578946,0.6717632569832332,0,0.6,0.6666666666666666,0.8571428571428571,0.9,0.8310522392726265,0.7708624827969756,0.797799229037022
seed,1,3,2021-2023,-1,weighted,PI,random_forest,measured,14,3,3,0.5,0.2,0.7777777777777778,0.6666666666666666,1.0,1,Stroke,BMI,0.7416346093697337,0.6245206088698625,0.7795163464702721,0,1.0,0.8333333333333334,0.7142857142857143,0.7,0.8513032077592455,0.8138823252038245,0.8264375923555612
seed,1,4,2021-2023,-1,weighted,PI,random_forest,measured,14,3,4,0.4,0.14285714285714285,0.4444444444444444,0.6666666666666666,0.75,1,Stroke,"BMI,Sex",0.6137368816788444,0.4836508334066744,0.6407484508150557,0,0.6,0.6666666666666666,0.7142857142857143,0.8,0.7812649699499954,0.7097692724180468,0.7543767742131998
seed,2,3,2021-2023,-1,weighted,PI,random_forest,measured,14,3,3,0.2,0.2,0.6,0.3333333333333333,1.0,1,"Sex,Stroke","BMI,HighChol",0.39070340619793537,0.34412360080584264,0.4566728746192602,0,0.6,0.6666666666666666,0.7142857142857143,0.8,0.7738669126492455,0.7046093464304913,0.7541394152722277
seed,2,4,2021-2023,-1,weighted,PI,random_forest,measured,14,3,4,0.4,0.14285714285714285,0.4444444444444444,0.6666666666666666,0.75,1,Stroke,"BMI,HighChol",0.3698451731012439,0.30228177087917146,0.5233643043740732,0,0.6,0.6666666666666666,0.5714285714285714,0.7,0.7812541015242811,0.7295623355088404,0.7939074041735175
seed,3,4,2021-2023,-1,weighted,PI,random_forest,measured,14,3,4,0.75,0.14285714285714285,0.3,1.0,0.75,0,,Sex,0.2385246736720905,0.21081851067789195,0.5459895002902462,0,0.6,0.5,0.42857142857142855,0.6,0.7931827787969079,0.7798386920835937,0.9145364943216507
seed,0,1,2021-2023,-1,weighted,PI,random_forest,total,14,4,3,0.75,0.25,0.375,1.0,0.75,0,GenHlth,,0.8147504106442865,0.6590586383396044,0.7846354375837551,0,0.8,0.8333333333333334,0.7142857142857143,0.9,0.8652724788409047,0.8270458848398647,0.8467063196677455
seed,0,2,2021-2023,-1,weighted,PI,random_forest,total,14,4,4,1.0,0.5,0.5714285714285714,1.0,1.0,0,,,0.8365269038129324,0.6974275795795359,0.8044681868274404,0,1.0,0.8333333333333334,0.7142857142857143,0.8,0.8673584389499953,0.8254548759736022,0.8269896214354222
seed,0,3,2021-2023,-1,weighted,PI,random_forest,total,14,4,3,0.75,0.16666666666666666,0.5555555555555556,1.0,0.75,0,GenHlth,,0.9464497920908973,0.8440575543647565,0.8909449913831999,0,1.0,0.8333333333333334,0.8571428571428571,0.9,0.9245437655733766,0.8917080123400865,0.8706494352002165
seed,0,4,2021-2023,-1,weighted,PI,random_forest,total,14,4,4,1.0,0.3333333333333333,0.5,1.0,1.0,0,,,0.7467127614697272,0.6253635012747127,0.7804403801808136,0,0.8,0.6666666666666666,0.7142857142857143,0.8,0.8747585618992455,0.8446261002082689,0.8602700576333389
seed,1,2,2021-2023,-1,weighted,PI,random_forest,total,14,3,4,0.75,0.5,0.7142857142857143,1.0,0.75,0,,GenHlth,0.8861927143593542,0.7640931774583409,0.8507820407412425,0,0.8,0.8333333333333334,0.8571428571428571,0.9,0.9064137965733765,0.8833290754511975,0.9318907546446611
seed,1,3,2021-2023,-1,weighted,PI,random_forest,total,14,3,3,1.0,0.4,0.6666666666666666,1.0,1.0,0,,,0.7694013303769403,0.6363636363636362,0.8054398900770281,0,0.8,0.8333333333333334,0.7142857142857143,0.8,0.9004195627009046,0.8991186502798649,0.9711203821677454
seed,1,4,2021-2023,-1,weighted,PI,random_forest,total,14,3,4,0.75,0.3333333333333333,0.625,1.0,0.75,0,,GenHlth,0.7218613400470523,0.5587376953345927,0.7672187862466531,0,0.8,0.8333333333333334,0.8571428571428571,0.7,0.9043311910449598,0.905783090664142,0.9725623443396882
seed,2,3,2021-2023,-1,weighted,PI,random_forest,total,14,4,3,0.75,0.2,0.6666666666666666,1.0,0.75,0,GenHlth,,0.8906126281466826,0.7865665062071158,0.8830911859169959,0,1.0,1.0,0.8571428571428571,0.9,0.9368359621266187,0.9285039836335156,0.9558519049852059
seed,2,4,2021-2023,-1,weighted,PI,random_forest,total,14,4,4,1.0,0.4,0.625,1.0,1.0,0,,,0.7106714971491007,0.5745944049142231,0.7784183854254714,0,0.8,0.6666666666666666,0.8571428571428571,0.7,0.8857146910449598,0.8777937573308086,0.9439165110063549
seed,3,4,2021-2023,-1,weighted,PI,random_forest,total,14,3,4,0.75,0.25,0.7777777777777778,1.0,0.75,0,,GenHlth,0.7174462859794861,0.5810872031479765,0.7958442557181723,0,0.8,0.6666666666666666,0.7142857142857143,0.8,0.9106100466483362,0.9174309623464507,0.9847373871787934
seed,0,1,2021-2023,-1,weighted,PI,xgboost,diag,14,4,4,1.0,0.3333333333333333,0.5,1.0,1.0,0,,,0.8270509977827052,0.6931818181818181,0.81641691118436,0,1.0,1.0,0.8571428571428571,0.8,0.8821768649349597,0.8424357154463642,0.8306895144785771
seed,0,2,2021-2023,-1,weighted,PI,xgboost,diag,14,4,4,1.0,0.8,0.8333333333333334,1.0,1.0,0,,,0.8587280161416003,0.6704852344015113,0.8262418492441153,0,1.0,0.8333333333333334,0.8571428571428571,0.8,0.9139078757357098,0.8860971312116974,0.8707489220306603
seed,0,3,2021-2023,-1,weighted,PI,xgboost,diag,14,4,3,0.75,0.6,0.8571428571428571,1.0,0.75,0,HighChol,,0.8625277161862528,0.7613636363636362,0.8820604459446902,0,1.0,0.8333333333333334,0.8571428571428571,0.9,0.9359632810749599,0.9365069500063641,0.9797129519785771
seed,0,4,2021-2023,-1,weighted,PI,xgboost,diag,14,4,4,1.0,0.75,0.8571428571428571,1.0,1.0,0,,,0.8270509977827052,0.7159090909090908,0.8620627620317489,0,1.0,1.0,0.8571428571428571,0.7,0.9244984022949598,0.9212659706641417,0.9558631255896882
seed,1,2,2021-2023,-1,weighted,PI,xgboost,diag,14,4,4,1.0,0.2857142857142857,0.375,1.0,1.0,0,,,0.699786069709222,0.5140386797078254,0.7075887197322612,0,1.0,0.8333333333333334,0.7142857142857143,0.8,0.8599603816492456,0.8202949499860468,0.82675226249445
seed,1,3,2021-2023,-1,weighted,PI,xgboost,diag,14,4,3,0.75,0.3333333333333333,0.625,1.0,0.75,0,HighChol,,0.853658536585366,0.7045454545454545,0.8015588987708456,0,1.0,0.8333333333333334,0.8571428571428571,0.8,0.8658739684866186,0.8145398424068488,0.8130133633185392
seed,1,4,2021-2023,-1,weighted,PI,xgboost,diag,14,4,4,1.0,0.4,0.625,1.0,1.0,0,,,0.8891352549889137,0.7954545454545454,0.877134187966567,0,1.0,1.0,0.8571428571428571,0.9,0.9269872082726265,0.8974707530191977,0.873016242925911
seed,2,3,2021-2023,-1,weighted,PI,xgboost,diag,14,4,3,0.75,0.5,0.7142857142857143,1.0,0.75,0,HighChol,,0.7439366103848826,0.5587376953345927,0.7741394514900664,0,1.0,1.0,0.8571428571428571,0.7,0.8851035982940507,0.8563803794689901,0.8568604030518094
seed,2,4,2021-2023,-1,weighted,PI,xgboost,diag,14,4,4,1.0,0.6,0.7142857142857143,1.0,1.0,0,,,0.8454828539389022,0.692834742214895,0.8111365471015184,0,1.0,0.8333333333333334,0.8571428571428571,0.8,0.8767009111858688,0.8349799164192935,0.828401004377567
seed,3,4,2021-2023,-1,weighted,PI,xgboost,diag,14,3,4,0.75,0.75,1.0,1.0,0.75,0,,HighChol,0.8226164079822618,0.6704545454545454,0.8273015553784497,0,1.0,0.8333333333333334,1.0,0.8,0.9078981214706741,0.8949174871289038,0.9388476866015929
seed,0,1,2021-2023,-1,weighted,PI,xgboost,measured,14,2,3,0.6666666666666666,0.2857142857142857,0.5555555555555556,1.0,0.6666666666666666,0,,HighChol,0.4113901990883832,0.32539568672798425,0.5715965274489914,0,0.6,0.5,0.5714285714285714,0.6,0.7665364733326221,0.7162996708772443,0.7913578608891111
seed,0,2,2021-2023,-1,weighted,PI,xgboost,measured,14,2,2,0.3333333333333333,0.125,0.36363636363636365,0.5,1.0,1,BMI,Income,0.15122008336069404,0.09296222517045284,0.373439041411341,0,0.4,0.5,0.42857142857142855,0.7,0.7346414679378168,0.6714624547276341,0.768508834915085
seed,0,3,2021-2023,-1,weighted,PI,xgboost,measured,14,2,2,1.0,0.5,0.5,1.0,1.0,0,,,0.6045844914779556,0.48206768404145817,0.6831897027223524,0,0.6,0.6666666666666666,0.7142857142857143,0.7,0.8436058727583364,0.8263676708975616,0.920881050373238
seed,0,4,2021-2023,-1,weighted,PI,xgboost,measured,14,2,4,0.5,0.25,0.5,1.0,0.5,0,,"Income,Sex",0.5805600547867863,0.4919098582484146,0.7234466920747606,0,0.6,0.6666666666666666,0.5714285714285714,0.8,0.87105979066519,0.8658367648195473,0.9614214114336185
seed,1,2,2021-2023,-1,weighted,PI,xgboost,measured,14,3,2,0.25,0.2,0.4166666666666667,0.5,0.6666666666666666,1,"BMI,HighChol",Income,0.24681234933300727,0.16853296812356275,0.34806980426452977,0,0.4,0.3333333333333333,0.5714285714285714,0.7,0.7022221782226221,0.6234106921039112,0.7253096838057776
seed,1,3,2021-2023,-1,weighted,PI,xgboost,measured,14,3,2,0.6666666666666666,0.5,0.75,1.0,0.6666666666666666,0,HighChol,,0.7235955056179775,0.611764705882353,0.7819130917212571,0,0.8,0.8333333333333334,0.8571428571428571,0.8,0.8792625152357099,0.8517708307672531,0.8630883317528826
seed,1,4,2021-2023,-1,weighted,PI,xgboost,measured,14,3,4,0.4,0.16666666666666666,0.5555555555555556,0.6666666666666666,0.75,1,HighChol,"Income,Sex",0.6552052478002888,0.5259289944370271,0.6880443912366383,0,0.8,0.6666666666666666,0.8571428571428571,0.8,0.8263638959349597,0.7748781118908087,0.8033891672563548
seed,2,3,2021-2023,-1,weighted,PI,xgboost,measured,14,2,2,0.3333333333333333,0.2857142857142857,0.5,0.5,1.0,1,Income,BMI,0.42717521999943564,0.35003001071816875,0.4998792222609071,0,0.6,0.5,0.5714285714285714,0.8,0.7396277444142811,0.6605138971799515,0.7345432548679618
seed,2,4,2021-2023,-1,weighted,PI,xgboost,measured,14,2,4,0.5,0.0,0.36363636363636365,1.0,0.5,0,,"BMI,Sex",0.38062791875207536,0.2897727626404075,0.5025402712307833,0,0.6,0.6666666666666666,0.7142857142857143,0.7,0.7878441925083364,0.7373965206753396,0.7951757552343491
seed,3,4,2021-2023,-1,weighted,PI,xgboost,measured,14,2,4,0.5,0.25,0.5,1.0,0.5,0,,"Income,Sex",0.6585424561931595,0.48019603839902475,0.7395130925345378,0,1.0,0.8333333333333334,0.8571428571428571,0.7,0.8825004180440508,0.8738198959134347,0.9368842745795873
seed,0,1,2021-2023,-1,weighted,PI,xgboost,total,14,4,3,0.75,0.2,0.6666666666666666,1.0,0.75,0,GenHlth,,0.8114408643686309,0.7337993857053429,0.8697349413267321,1,1.0,0.8333333333333334,0.7142857142857143,0.8,0.9319603816492454,0.9429616166527135,0.9934189291611166
seed,0,2,2021-2023,-1,weighted,PI,xgboost,total,14,4,4,1.0,0.4,0.625,1.0,1.0,0,,,0.8033330990654368,0.6675919504799912,0.7917757543537509,0,1.0,0.8333333333333334,0.7142857142857143,0.8,0.8567905776483364,0.8183426921242285,0.8267078732899046
seed,0,3,2021-2023,-1,weighted,PI,xgboost,total,14,4,2,0.5,0.16666666666666666,0.6666666666666666,1.0,0.5,0,"GenHlth,HighChol",,0.8977852411044828,0.8195150628704788,0.9175827344648992,1,1.0,0.8333333333333334,0.8571428571428571,0.9,0.9599731733766186,0.9654908636335156,0.9954026862352059
seed,0,4,2021-2023,-1,weighted,PI,xgboost,total,14,4,4,1.0,0.4,0.625,1.0,1.0,0,,,0.7853312369015054,0.6910162294442014,0.8131681756662692,0,0.8,0.8333333333333334,0.8571428571428571,0.8,0.8814303959349599,0.8540674452241419,0.8632850005896882
seed,1,2,2021-2023,-1,weighted,PI,xgboost,total,14,3,4,0.75,0.16666666666666666,0.5555555555555556,1.0,0.75,0,,GenHlth,0.8492854424134765,0.6850933289361891,0.8005524067274763,0,1.0,0.8333333333333334,0.8571428571428571,0.9,0.8772114931266186,0.8338530467446268,0.8280307244296503
seed,1,3,2021-2023,-1,weighted,PI,xgboost,total,14,3,2,0.6666666666666666,0.4,0.7777777777777778,1.0,0.6666666666666666,0,HighChol,,0.7889375902433131,0.670844483185601,0.8368752615052144,1,1.0,0.8333333333333334,0.7142857142857143,0.8,0.9319603816492454,0.9429616166527135,0.9934189291611166
seed,1,4,2021-2023,-1,weighted,PI,xgboost,total,14,3,4,0.75,0.4,0.75,1.0,0.75,0,,GenHlth,0.9482954033166019,0.8397918225669414,0.8912293192503554,0,0.8,1.0,0.8571428571428571,1.0,0.9177394131626266,0.8837711075791976,0.866863899175911
seed,2,3,2021-2023,-1,weighted,PI,xgboost,total,14,4,2,0.5,0.3333333333333333,0.75,1.0,0.5,0,"GenHlth,HighChol",,0.8954842520869821,0.7545937746270389,0.8438088920003263,0,1.0,1.0,0.8571428571428571,0.9,0.8920297810749598,0.8503629500063641,0.8312754519785771
seed,2,4,2021-2023,-1,weighted,PI,xgboost,total,14,4,4,1.0,0.6,0.7142857142857143,1.0,1.0,0,,,0.8226872246696036,0.6555555555555556,0.7517263086143178,0,0.8,0.8333333333333334,0.7142857142857143,0.9,0.8640893550899955,0.8169981105336022,0.8213255589354223
seed,3,4,2021-2023,-1,weighted,PI,xgboost,total,14,2,4,0.5,0.14285714285714285,0.5555555555555556,1.0,0.5,0,,"GenHlth,HighChol",0.726399026848198,0.5945284284940306,0.766684861709224,0,0.8,0.8333333333333334,0.7142857142857143,0.8,0.8786213506492455,0.8503058868749356,0.8623859430500056
seed,0,1,2021-2023,-1,weighted,SHAP,logistic_regression,diag,14,4,5,0.8,0.5,0.6666666666666666,1.0,0.8,0,,Diabetes_self,0.9252747252747253,0.8241758241758242,0.8881531753525629,0,1.0,0.8333333333333334,0.8571428571428571,1.0,0.9188473782666189,0.8881752181935156,0.8705003424852059
seed,0,2,2021-2023,-1,weighted,SHAP,logistic_regression,diag,14,4,5,0.8,0.5,0.6666666666666666,1.0,0.8,0,,Diabetes_self,0.9604395604395607,0.8901098901098902,0.9466550826852194,1,1.0,0.8333333333333334,1.0,0.9,0.9723528108590906,0.9754695706892931,0.9965484927398991
seed,0,3,2021-2023,-1,weighted,SHAP,logistic_regression,diag,14,4,4,1.0,0.2857142857142857,0.375,1.0,1.0,0,,,0.8769230769230769,0.7582417582417583,0.8499683801685197,0,1.0,0.8333333333333334,0.8571428571428571,0.9,0.9089991163233766,0.8790085918956421,0.8697271261724387
seed,0,4,2021-2023,-1,weighted,SHAP,logistic_regression,diag,14,4,4,1.0,0.6,0.7142857142857143,1.0,1.0,0,,,0.8725274725274725,0.7582417582417583,0.8560620498408373,0,1.0,0.8333333333333334,0.8571428571428571,0.9,0.9111669970226264,0.8813052063525311,0.8699237950092443
seed,1,2,2021-2023,-1,weighted,SHAP,logistic_regression,diag,14,5,5,1.0,0.6,0.6666666666666666,1.0,1.0,0,,,0.9252747252747253,0.8021978021978022,0.8797314615320935,0,1.0,1.0,0.8571428571428571,0.9,0.9279844773775279,0.8983657881620004,0.8730512421064179
seed,1,3,2021-2023,-1,weighted,SHAP,logistic_regression,diag,14,5,4,0.8,0.3333333333333333,0.5714285714285714,1.0,0.8,0,Diabetes_self,,0.9384615384615385,0.8461538461538461,0.9308582967411386,1,1.0,1.0,0.8571428571428571,0.9,0.9670057661275278,0.9731229081620005,0.9975629608564179
seed,1,4,2021-2023,-1,weighted,SHAP,logistic_regression,diag,14,5,4,0.8,0.4,0.7142857142857143,1.0,0.8,0,Diabetes_self,,0.8725274725274725,0.7582417582417583,0.8942607626087566,1,1.0,1.0,0.8571428571428571,0.9,0.9650317043766188,0.9726852600779601,0.9977898390129836
seed,2,3,2021-2023,-1,weighted,SHAP,logistic_regression,diag,14,5,4,0.8,0.3333333333333333,0.5714285714285714,1.0,0.8,0,Diabetes_self,,0.9252747252747253,0.8241758241758242,0.8849379508813013,0,1.0,1.0,0.8571428571428571,0.9,0.9220104203242856,0.891883516424127,0.8723756820436508
seed,2,4,2021-2023,-1,weighted,SHAP,logistic_regression,diag,14,5,4,0.8,0.4,0.7142857142857143,1.0,0.8,0,Diabetes_self,,0.9604395604395607,0.8681318681318682,0.9107237544074264,0,1.0,1.0,0.8571428571428571,1.0,0.9308614131626267,0.9001551075791976,0.873113899175911
seed,3,4,2021-2023,-1,weighted,SHAP,logistic_regression,diag,14,4,4,1.0,0.4,0.625,1.0,1.0,0,,,0.9120879120879121,0.8241758241758242,0.9184340302257097,1,1.0,1.0,0.8571428571428571,0.9,0.9672042392726266,0.9737424827969754,0.997799229037022
seed,0,1,2021-2023,-1,weighted,SHAP,logistic_regression,measured,14,3,4,0.75,0.2857142857142857,0.5,1.0,0.75,0,,AnyHealthcare,0.6571428571428571,0.5384615384615384,0.7577217808021242,0,0.8,0.6666666666666666,0.7142857142857143,0.8,0.8907718816492454,0.8900549499860466,0.9689397624944499
seed,0,2,2021-2023,-1,weighted,SHAP,logistic_regression,measured,14,3,3,1.0,0.6,0.75,1.0,1.0,0,,,0.8505494505494505,0.7142857142857144,0.8686203715745429,0,0.8,1.0,0.8571428571428571,0.8,0.9448656954857098,0.9516646476561419,0.991397793558438
seed,0,3,2021-2023,-1,weighted,SHAP,logistic_regression,measured,14,3,3,1.0,0.5,0.625,1.0,1.0,0,,,0.7890109890109891,0.6923076923076924,0.8416754696478831,0,0.8,0.8333333333333334,0.8571428571428571,0.8,0.9371967303817175,0.9417992037084908,0.9888030169158099
seed,0,4,2021-2023,-1,weighted,SHAP,logistic_regression,measured,14,3,3,1.0,0.8,0.8571428571428571,1.0,1.0,0,,,0.8549450549450549,0.6703296703296704,0.8283988167690342,0,0.8,0.8333333333333334,1.0,0.8,0.905762801720674,0.8757713040177928,0.8655946484071485
seed,1,2,2021-2023,-1,weighted,SHAP,logistic_regression,measured,14,4,3,0.75,0.4,0.5555555555555556,1.0,0.75,0,AnyHealthcare,,0.6967032967032967,0.6043956043956044,0.7697201823807458,0,0.8,0.6666666666666666,0.5714285714285714,0.8,0.891137294561198,0.8870062577607851,0.9678978153465457
seed,1,3,2021-2023,-1,weighted,SHAP,logistic_regression,measured,14,4,3,0.75,0.3333333333333333,0.625,1.0,0.75,0,AnyHealthcare,,0.7802197802197802,0.6703296703296704,0.8204466244574358,0,0.8,0.6666666666666666,0.8571428571428571,0.8,0.9149104684866187,0.909899842406849,0.9708258633185392
seed,1,4,2021-2023,-1,weighted,SHAP,logistic_regression,measured,14,4,3,0.75,0.3333333333333333,0.625,1.0,0.75,0,AnyHealthcare,,0.8153846153846154,0.6483516483516484,0.794275461415501,0,1.0,0.8333333333333334,0.7142857142857143,0.9,0.8783944788409046,0.8434298848398647,0.8529563196677454
seed,2,3,2021-2023,-1,weighted,SHAP,logistic_regression,measured,14,3,3,1.0,0.4,0.6666666666666666,1.0,1.0,0,,,0.8857142857142857,0.7582417582417583,0.866858221638705,0,0.8,0.8333333333333334,0.7142857142857143,0.9,0.9450440513925635,0.9450009486892386,0.9881013490632632
seed,2,4,2021-2023,-1,weighted,SHAP,logistic_regression,measured,14,3,3,1.0,0.75,0.875,1.0,1.0,0,,,0.7538461538461538,0.6043956043956044,0.7817092618041297,0,0.8,0.8333333333333334,0.8571428571428571,0.7,0.8835349022949599,0.8566259706641419,0.8636756255896882
seed,3,4,2021-2023,-1,weighted,SHAP,logistic_regression,measured,14,3,3,1.0,0.6,0.75,1.0,1.0,0,,,0.7582417582417583,0.6263736263736264,0.7902131681482438,0,0.8,0.8333333333333334,0.8571428571428571,0.7,0.8835349022949599,0.8566259706641419,0.8636756255896882
seed,0,1,2021-2023,-1,weighted,SHAP,logistic_regression,total,14,4,4,1.0,0.6666666666666666,0.6666666666666666,1.0,1.0,0,,,0.8989010989010989,0.7582417582417583,0.8599369152686334,0,1.0,0.8333333333333334,0.8571428571428571,0.9,0.9139712500749597,0.8858352202285862,0.870554965867466
seed,0,2,2021-2023,-1,weighted,SHAP,logistic_regression,total,14,4,4,1.0,0.8,0.8333333333333334,1.0,1.0,0,,,0.9604395604395607,0.8901098901098902,0.9593343954900726,1,1.0,1.0,1.0,0.9,0.988168367912333,0.9928745090938331,0.9998282194693328
seed,0,3,2021-2023,-1,weighted,SHAP,logistic_regression,total,14,4,4,1.0,1.0,1.0,1.0,1.0,0,,,0.9648351648351648,0.8681318681318682,0.9087798880934348,0,1.0,0.8333333333333334,0.8571428571428571,0.9,0.9283499419273689,0.8958936696210711,0.8711283264261781
seed,0,4,2021-2023,-1,weighted,SHAP,logistic_regression,total,14,4,4,1.0,0.6,0.7142857142857143,1.0,1.0,0,,,0.9516483516483516,0.8681318681318682,0.9440339814879066,1,1.0,1.0,0.8571428571428571,0.9,0.9745976423766189,0.9801418005224045,0.9982238667907614
seed,1,2,2021-2023,-1,weighted,SHAP,logistic_regression,total,14,4,4,1.0,0.8333333333333334,0.8,1.0,1.0,0,,,0.9032967032967033,0.7362637362637363,0.8529452988403963,0,1.0,0.8333333333333334,0.8571428571428571,0.9,0.9171410540758689,0.8877874780904045,0.8705993550720115
seed,1,3,2021-2023,-1,weighted,SHAP,logistic_regression,total,14,4,4,1.0,0.6666666666666666,0.6666666666666666,1.0,1.0,0,,,0.9164835164835166,0.7582417582417583,0.8843921452570351,1,1.0,0.8333333333333334,0.7142857142857143,1.0,0.9584232446801546,0.962982004078976,0.99458093989344
seed,1,4,2021-2023,-1,weighted,SHAP,logistic_regression,total,14,4,4,1.0,0.6666666666666666,0.6666666666666666,1.0,1.0,0,,,0.9032967032967033,0.7582417582417583,0.8615627122718756,0,1.0,0.8333333333333334,0.7142857142857143,0.9,0.9095490397901544,0.8802976495189758,0.86948328364344
seed,2,3,2021-2023,-1,weighted,SHAP,logistic_regression,total,14,4,4,1.0,0.8,0.8333333333333334,1.0,1.0,0,,,0.9076923076923077,0.7582417582417583,0.8686558876730187,0,1.0,0.8333333333333334,0.8571428571428571,0.9,0.9225650496257096,0.8925097559939197,0.8710635921695492
seed,2,4,2021-2023,-1,weighted,SHAP,logistic_regression,total,14,4,4,1.0,0.8,0.8333333333333334,1.0,1.0,0,,,0.9824175824175824,0.9340659340659341,0.9678169002665282,1,1.0,1.0,0.8571428571428571,1.0,0.9832594704633766,0.9853150335667533,0.9983512581168832
seed,3,4,2021-2023,-1,weighted,SHAP,logistic_regression,total,14,4,4,1.0,0.6,0.7142857142857143,1.0,1.0,0,,,0.9164835164835166,0.7802197802197802,0.878542952388274,0,1.0,0.8333333333333334,1.0,0.9,0.9273481566623332,0.8967089624271665,0.8717357715526661
seed,0,1,2021-2023,-1,weighted,SHAP,random_forest,diag,14,5,5,1.0,1.0,1.0,1.0,1.0,0,,,0.9956043956043955,0.9780219780219781,0.9929808109999331,1,1.0,1.0,1.0,1.0,0.9978274651039922,0.9989427772809847,0.9999906099759616
seed,0,2,2021-2023,-1,weighted,SHAP,random_forest,diag,14,5,5,1.0,0.75,0.8333333333333334,1.0,1.0,0,,,0.9780219780219781,0.9120879120879122,0.9540965259281635,0,1.0,1.0,1.0,1.0,0.9722044078032421,0.9681828512934292,0.9841282510349894
seed,0,3,2021-2023,-1,weighted,SHAP,random_forest,diag,14,5,5,1.0,0.75,0.8333333333333334,1.0,1.0,0,,,0.9868131868131869,0.9340659340659341,0.9693030618881475,1,1.0,0.8333333333333334,1.0,0.9,0.9841117602139922,0.9853357560543181,0.9972887870592949
seed,0,4,2021-2023,-1,weighted,SHAP,random_forest,diag,14,5,5,1.0,0.75,0.8333333333333334,1.0,1.0,0,,,0.9692307692307693,0.9120879120879122,0.9655479402008689,1,1.0,1.0,1.0,0.9,0.9860004872130832,0.9905778946369443,0.9996315506325273
seed,1,2,2021-2023,-1,weighted,SHAP,random_forest,diag,14,5,5,1.0,0.75,0.8333333333333334,1.0,1.0,0,,,0.9868131868131869,0.9340659340659341,0.9611373790918107,0,1.0,1.0,1.0,1.0,0.9743769426992499,0.9692400740124445,0.9841376410590278
seed,1,3,2021-2023,-1,weighted,SHAP,random_forest,diag,14,5,5,1.0,0.75,0.8333333333333334,1.0,1.0,0,,,0.9912087912087912,0.9560439560439562,0.9763222508882142,1,1.0,0.8333333333333334,1.0,0.9,0.9862842951099997,0.9863929787733334,0.9972981770833333
seed,1,4,2021-2023,-1,weighted,SHAP,random_forest,diag,14,5,5,1.0,0.75,0.8333333333333334,1.0,1.0,0,,,0.9736263736263736,0.9340659340659341,0.9725671292009357,1,1.0,1.0,1.0,0.9,0.9881730221090907,0.9916351173559597,0.9996409406565657
seed,2,3,2021-2023,-1,weighted,SHAP,random_forest,diag,14,5,5,1.0,1.0,1.0,1.0,1.0,0,,,0.9736263736263736,0.8901098901098902,0.9374118375221869,0,1.0,0.8333333333333334,1.0,0.9,0.9606612378092496,0.9556330527857779,0.9814358181423611
seed,2,4,2021-2023,-1,weighted,SHAP,random_forest,diag,14,5,5,1.0,1.0,1.0,1.0,1.0,0,,,0.9736263736263736,0.9120879120879122,0.9537856123562936,0,1.0,1.0,1.0,0.9,0.9721159028083406,0.9683317318128486,0.9842126094933712
seed,3,4,2021-2023,-1,weighted,SHAP,random_forest,diag,14,5,5,1.0,1.0,1.0,1.0,1.0,0,,,0.9648351648351648,0.8901098901098902,0.9484114555107692,1,1.0,0.8333333333333334,1.0,0.9,0.9783315221090907,0.980712450689293,0.9970367739898991
seed,0,1,2021-2023,-1,weighted,SHAP,random_forest,measured,14,5,4,0.8,0.5,0.6666666666666666,1.0,0.8,0,Education,,0.956043956043956,0.8681318681318682,0.916046048558319,0,0.8,0.8333333333333334,0.8571428571428571,0.9,0.9447301925235356,0.9354874944365714,0.9742867606026786
seed,0,2,2021-2023,-1,weighted,SHAP,random_forest,measured,14,5,4,0.8,0.5,0.6666666666666666,1.0,0.8,0,Education,,0.9692307692307693,0.8901098901098902,0.9386856903407177,0,1.0,1.0,0.8571428571428571,0.9,0.9623560078233766,0.9585452887845309,0.9828998692279943
seed,0,3,2021-2023,-1,weighted,SHAP,random_forest,measured,14,5,5,1.0,0.8,0.8,1.0,1.0,0,,,0.9604395604395607,0.8681318681318682,0.9127233567059021,0,1.0,1.0,0.8571428571428571,0.9,0.9375238885226265,0.9181752365747531,0.9414298713981332
seed,0,4,2021-2023,-1,weighted,SHAP,random_forest,measured,14,5,4,0.8,0.5,0.6666666666666666,1.0,0.8,0,Education,,0.9736263736263736,0.9120879120879122,0.9330069222254558,0,1.0,1.0,1.0,0.9,0.9477309911090908,0.9270967209115151,0.9425662878787879
seed,1,2,2021-2023,-1,weighted,SHAP,random_forest,measured,14,4,4,1.0,1.0,1.0,1.0,1.0,0,,,0.9692307692307693,0.8901098901098902,0.9419382034329297,0,0.8,0.8333333333333334,1.0,1.0,0.966468638698341,0.9655811494839599,0.9908640851878158
seed,1,3,2021-2023,-1,weighted,SHAP,random_forest,measured,14,4,5,0.8,0.6,0.8333333333333334,1.0,0.8,0,,Education,0.9780219780219781,0.9120879120879122,0.9319367125445814,0,0.8,0.8333333333333334,1.0,1.0,0.946866695999091,0.9280744088048487,0.9494347774621213
seed,1,4,2021-2023,-1,weighted,SHAP,random_forest,measured,14,4,4,1.0,1.0,1.0,1.0,1.0,0,,,0.9604395604395607,0.8681318681318682,0.9115123299617549,0,0.8,0.8333333333333334,0.8571428571428571,1.0,0.9366595934126265,0.9191529244680867,0.9482983609814666
seed,2,3,2021-2023,-1,weighted,SHAP,random_forest,measured,14,4,5,0.8,0.6,0.8333333333333334,1.0,0.8,0,,Education,0.9736263736263736,0.8901098901098902,0.9386436749931676,0,1.0,1.0,1.0,1.0,0.962432138698341,0.9502211494839596,0.9580515851878157
seed,2,4,2021-2023,-1,weighted,SHAP,random_forest,measured,14,4,4,1.0,1.0,1.0,1.0,1.0,0,,,0.9868131868131869,0.9340659340659341,0.9497376962157762,0,1.0,1.0,0.8571428571428571,1.0,0.9606250167142856,0.9461152345396826,0.9570002480158731
seed,3,4,2021-2023,-1,weighted,SHAP,random_forest,measured,14,5,4,0.8,0.6,0.8333333333333334,1.0,0.8,0,Education,,0.9780219780219781,0.9120879120879122,0.9635589073882609,1,1.0,1.0,0.8571428571428571,1.0,0.9866230934126266,0.9891262578014199,0.9988191943147998
seed,0,1,2021-2023,-1,weighted,SHAP,random_forest,total,14,4,5,0.8,0.6666666666666666,0.8,1.0,0.8,0,,Diabetes_self,0.9824175824175824,0.9340659340659341,0.9670283247121999,1,1.0,1.0,0.8571428571428571,0.9,0.9825550695742855,0.9845829368685715,0.9982979910714286
seed,0,2,2021-2023,-1,weighted,SHAP,random_forest,total,14,4,5,0.8,0.8,1.0,1.0,0.8,0,,Diabetes_self,0.9780219780219781,0.9120879120879122,0.9644965061284307,1,1.0,1.0,1.0,0.9,0.984804744963083,0.9890632848591665,0.9993602832714161
seed,0,3,2021-2023,-1,weighted,SHAP,random_forest,total,14,4,4,1.0,0.8,0.8333333333333334,1.0,1.0,0,,,0.9956043956043955,0.9780219780219781,0.9888285129803461,1,1.0,1.0,1.0,1.0,0.99402128875,0.99475712,0.99951171875
seed,0,4,2021-2023,-1,weighted,SHAP,random_forest,total,14,4,4,1.0,0.8,0.8333333333333334,1.0,1.0,0,,,0.9824175824175824,0.9340659340659341,0.9670283247121999,1,1.0,1.0,0.8571428571428571,0.9,0.9825550695742855,0.9845829368685715,0.9982979910714286
seed,1,2,2021-2023,-1,weighted,SHAP,random_forest,total,14,5,5,1.0,0.8,0.8,1.0,1.0,0,,,0.9868131868131869,0.9340659340659341,0.9720630763282972,1,1.0,1.0,0.8571428571428571,1.0,0.9870656468173689,0.989500690847738,0.9988301493428448
seed,1,3,2021-2023,-1,weighted,SHAP,random_forest,total,14,5,4,0.8,0.5,0.6666666666666666,1.0,0.8,0,Diabetes_self,,0.9912087912087912,0.9560439560439562,0.9782936897740356,1,1.0,1.0,0.8571428571428571,0.9,0.9885337808242856,0.9898258168685714,0.9987862723214286
seed,1,4,2021-2023,-1,weighted,SHAP,random_forest,total,14,5,4,0.8,0.5,0.6666666666666666,1.0,0.8,0,Diabetes_self,,1.0,1.0,1.0,1,1.0,1.0,1.0,1.0,0.9999999999999998,1.0000000000000002,1.0
seed,2,3,2021-2023,-1,weighted,SHAP,random_forest,total,14,5,4,0.8,0.6,0.8333333333333334,1.0,0.8,0,Diabetes_self,,0.9824175824175824,0.9340659340659341,0.9756679931480847,1,1.0,1.0,1.0,0.9,0.9907834562130831,0.9943061648591665,0.9998485645214161
seed,2,4,2021-2023,-1,weighted,SHAP,random_forest,total,14,5,4,0.8,0.6,0.8333333333333334,1.0,0.8,0,Diabetes_self,,0.9868131868131869,0.9340659340659341,0.9720630763282972,1,1.0,1.0,0.8571428571428571,1.0,0.9870656468173689,0.989500690847738,0.9988301493428448
seed,3,4,2021-2023,-1,weighted,SHAP,random_forest,total,14,4,4,1.0,1.0,1.0,1.0,1.0,0,,,0.9912087912087912,0.9560439560439562,0.9782936897740356,1,1.0,1.0,0.8571428571428571,0.9,0.9885337808242856,0.9898258168685714,0.9987862723214286
seed,0,1,2021-2023,-1,weighted,SHAP,xgboost,diag,14,4,4,1.0,0.6666666666666666,0.6666666666666666,1.0,1.0,0,,,0.9604395604395607,0.8901098901098902,0.9492302295961492,1,1.0,1.0,0.8571428571428571,0.9,0.9751570122735356,0.9794230108810158,0.9980606321304564
seed,0,2,2021-2023,-1,weighted,SHAP,xgboost,diag,14,4,4,1.0,1.0,1.0,1.0,1.0,0,,,0.9692307692307693,0.8901098901098902,0.9482843590844305,1,1.0,1.0,0.8571428571428571,1.0,0.9806443821626265,0.98388337780142,0.9983309130647998
seed,0,3,2021-2023,-1,weighted,SHAP,xgboost,diag,14,4,4,1.0,0.6666666666666666,0.6666666666666666,1.0,1.0,0,,,0.9736263736263736,0.9120879120879122,0.9629199458605988,1,1.0,1.0,1.0,1.0,0.9834534274483409,0.9876449361506263,0.9992299706044824
seed,0,4,2021-2023,-1,weighted,SHAP,xgboost,diag,14,4,4,1.0,0.6666666666666666,0.6666666666666666,1.0,1.0,0,,,0.9648351648351648,0.8681318681318682,0.9376949159263048,1,1.0,0.8333333333333334,1.0,1.0,0.9736119274483408,0.9767222694839597,0.9966258039378157
seed,1,2,2021-2023,-1,weighted,SHAP,xgboost,diag,14,4,4,1.0,0.6666666666666666,0.6666666666666666,1.0,1.0,0,,,0.9472527472527472,0.8681318681318682,0.9457132824102945,1,1.0,1.0,1.0,0.9,0.9795792225583406,0.9849605815906264,0.9991323143544824
seed,1,3,2021-2023,-1,weighted,SHAP,xgboost,diag,14,4,4,1.0,1.0,1.0,1.0,1.0,0,,,0.9824175824175824,0.9340659340659341,0.9700136464535862,1,1.0,1.0,0.8571428571428571,0.9,0.9853639768233766,0.9878735590067533,0.9987418831168832
seed,1,4,2021-2023,-1,weighted,SHAP,xgboost,diag,14,4,4,1.0,1.0,1.0,1.0,1.0,0,,,0.9648351648351648,0.8901098901098902,0.9439624897480912,1,1.0,0.8333333333333334,0.8571428571428571,0.9,0.9695437655733765,0.9717080123400865,0.9956494352002165
seed,2,3,2021-2023,-1,weighted,SHAP,xgboost,diag,14,4,4,1.0,0.6666666666666666,0.6666666666666666,1.0,1.0,0,,,0.9648351648351648,0.8901098901098902,0.9501525321238515,1,1.0,1.0,0.8571428571428571,1.0,0.9758614131626266,0.9801551075791977,0.998113899175911
seed,2,4,2021-2023,-1,weighted,SHAP,xgboost,diag,14,4,4,1.0,0.6666666666666666,0.6666666666666666,1.0,1.0,0,,,0.9384615384615385,0.8461538461538461,0.9238009656833741,1,1.0,0.8333333333333334,0.8571428571428571,1.0,0.9600412019126265,0.9639895609125311,0.9950214512592443
seed,3,4,2021-2023,-1,weighted,SHAP,xgboost,diag,14,4,4,1.0,1.0,1.0,1.0,1.0,0,,,0.9912087912087912,0.9560439560439562,0.9741835383999597,1,1.0,0.8333333333333334,1.0,1.0,0.9841797887499999,0.9838344533333334,0.9969075520833334
seed,0,1,2021-2023,-1,weighted,SHAP,xgboost,measured,14,3,3,1.0,0.8571428571428571,0.8,1.0,1.0,0,,,0.8725274725274725,0.7142857142857144,0.8181230444399613,0,0.6,0.6666666666666666,0.8571428571428571,1.0,0.9164923821626265,0.9036700444680865,0.9649975797314665
seed,0,2,2021-2023,-1,weighted,SHAP,xgboost,measured,14,3,3,1.0,0.8571428571428571,0.8,1.0,1.0,0,,,0.8417582417582418,0.7142857142857144,0.8202159339397942,0,0.6,0.6666666666666666,0.7142857142857143,1.0,0.8981386876269124,0.8872090656744358,0.9631762131640061
seed,0,3,2021-2023,-1,weighted,SHAP,xgboost,measured,14,3,3,1.0,1.0,1.0,1.0,1.0,0,,,0.8989010989010989,0.7582417582417583,0.8460799254017504,0,0.6,0.6666666666666666,0.8571428571428571,1.0,0.9164923821626265,0.9036700444680865,0.9649975797314665
seed,0,4,2021-2023,-1,weighted,SHAP,xgboost,measured,14,3,3,1.0,0.8571428571428571,0.8,1.0,1.0,0,,,0.8637362637362638,0.7362637362637363,0.8311820052993171,0,0.8,0.6666666666666666,0.7142857142857143,1.0,0.9144304916278214,0.905545323536254,0.9694706023685515
seed,1,2,2021-2023,-1,weighted,SHAP,xgboost,measured,14,3,3,1.0,1.0,1.0,1.0,1.0,0,,,0.9340659340659341,0.8241758241758242,0.8923577299606651,0,0.8,0.8333333333333334,0.8571428571428571,1.0,0.9372880014633767,0.9286800966778643,0.9736550775613277
seed,1,3,2021-2023,-1,weighted,SHAP,xgboost,measured,14,3,3,1.0,0.8571428571428571,0.8,1.0,1.0,0,,,0.9736263736263736,0.9120879120879122,0.9349237411594622,0,0.8,0.8333333333333334,1.0,1.0,0.9528327887499999,0.9418504533333334,0.9750325520833334
seed,1,4,2021-2023,-1,weighted,SHAP,xgboost,measured,14,3,3,1.0,1.0,1.0,1.0,1.0,0,,,0.8901098901098902,0.7582417582417583,0.8593161385085826,0,0.8,0.8333333333333334,0.7142857142857143,1.0,0.9211021876269123,0.9145157323411026,0.9720303798306729
seed,2,3,2021-2023,-1,weighted,SHAP,xgboost,measured,14,3,3,1.0,0.8571428571428571,0.8,1.0,1.0,0,,,0.956043956043956,0.8681318681318682,0.9185684793378697,0,0.8,1.0,0.8571428571428571,1.0,0.9471295014633765,0.939602763344531,0.9762592442279944
seed,2,4,2021-2023,-1,weighted,SHAP,xgboost,measured,14,3,3,1.0,1.0,1.0,1.0,1.0,0,,,0.8549450549450549,0.7142857142857144,0.8210332637476023,0,0.6,0.8333333333333334,0.8571428571428571,1.0,0.9215509131626265,0.910864440912531,0.9673847325092444
seed,3,4,2021-2023,-1,weighted,SHAP,xgboost,measured,14,3,3,1.0,0.8571428571428571,0.8,1.0,1.0,0,,,0.8901098901098902,0.7582417582417583,0.863061872391643,0,0.8,0.8333333333333334,0.7142857142857143,1.0,0.9453058988769123,0.9453586123411026,0.9881436610806729
seed,0,1,2021-2023,-1,weighted,SHAP,xgboost,total,14,4,4,1.0,0.8,0.8333333333333334,1.0,1.0,0,,,0.9824175824175824,0.9340659340659341,0.9607618669230829,0,0.8,0.8333333333333334,1.0,1.0,0.9748639651039921,0.9716361106143181,0.991136443309295
seed,0,2,2021-2023,-1,weighted,SHAP,xgboost,total,14,4,4,1.0,1.0,1.0,1.0,1.0,0,,,0.9692307692307693,0.8681318681318682,0.9265322258700444,0,0.8,0.8333333333333334,1.0,1.0,0.9669111921030831,0.9659555825302777,0.9908750402158607
seed,0,3,2021-2023,-1,weighted,SHAP,xgboost,total,14,4,4,1.0,0.8,0.8333333333333334,1.0,1.0,0,,,0.9780219780219781,0.9120879120879122,0.9506372185472288,1,1.0,0.8333333333333334,0.8571428571428571,1.0,0.9793966817133763,0.9796352469000866,0.9962353727002166
seed,0,4,2021-2023,-1,weighted,SHAP,xgboost,total,14,4,4,1.0,0.8,0.8333333333333334,1.0,1.0,0,,,0.9384615384615385,0.8021978021978022,0.8856013994787078,0,0.8,0.6666666666666666,0.8571428571428571,0.9,0.9503864419273687,0.9485870029544046,0.9872741597595114
seed,1,2,2021-2023,-1,weighted,SHAP,xgboost,total,14,4,4,1.0,0.8,0.8333333333333334,1.0,1.0,0,,,0.9868131868131869,0.9340659340659341,0.9671222027543818,1,1.0,0.8333333333333334,1.0,1.0,0.9822057269990907,0.9833968052492932,0.9971344302398991
seed,1,3,2021-2023,-1,weighted,SHAP,xgboost,total,14,4,4,1.0,1.0,1.0,1.0,1.0,0,,,0.9692307692307693,0.8901098901098902,0.939703315188174,0,0.8,0.8333333333333334,0.8571428571428571,1.0,0.9641021468173687,0.9621940241810714,0.9899759826761781
seed,1,4,2021-2023,-1,weighted,SHAP,xgboost,total,14,4,4,1.0,1.0,1.0,1.0,1.0,0,,,0.956043956043956,0.8681318681318682,0.9236285058114775,0,0.8,0.8333333333333334,0.8571428571428571,0.9,0.9624004768233765,0.9605668923400867,0.9898877164502166
seed,2,3,2021-2023,-1,weighted,SHAP,xgboost,total,14,4,4,1.0,0.8,0.8333333333333334,1.0,1.0,0,,,0.956043956043956,0.8681318681318682,0.9229477915321875,0,0.8,0.6666666666666666,0.8571428571428571,1.0,0.9526474818182777,0.9494953451540005,0.987199191325168
seed,2,4,2021-2023,-1,weighted,SHAP,xgboost,total,14,4,4,1.0,0.8,0.8333333333333334,1.0,1.0,0,,,0.9428571428571428,0.8461538461538461,0.9185292212475027,0,0.8,0.8333333333333334,0.8571428571428571,0.9,0.9576175078233766,0.9568386221178644,0.9896707025613277
seed,3,4,2021-2023,-1,weighted,SHAP,xgboost,total,14,4,4,1.0,1.0,1.0,1.0,1.0,0,,,0.9516483516483516,0.8461538461538461,0.9216300851946516,0,0.8,0.8333333333333334,0.8571428571428571,0.9,0.9602279419273687,0.9595096696210712,0.9898783264261781
