cycle,label,model,seed,method,weighting,feature,importance,pi_std
2017-2020,diag,xgboost,0,SHAP,unweighted,Diabetes_self,0.152363121509552,
2017-2020,diag,xgboost,0,SHAP,unweighted,HighChol,0.33458220958709717,
2017-2020,diag,xgboost,0,SHAP,unweighted,BMI,0.4318294823169708,
2017-2020,diag,xgboost,0,SHAP,unweighted,Smoker,0.08256331086158752,
2017-2020,diag,xgboost,0,SHAP,unweighted,Stroke,0.07317384332418442,
2017-2020,diag,xgboost,0,SHAP,unweighted,HeartDiseaseorAttack,0.07662279903888702,
2017-2020,diag,xgboost,0,SHAP,unweighted,PhysActivity_LTPA,0.044086940586566925,
2017-2020,diag,xgboost,0,SHAP,unweighted,AnyHealthcare,0.05341764912009239,
2017-2020,diag,xgboost,0,SHAP,unweighted,GenHlth,0.35856854915618896,
2017-2020,diag,xgboost,0,SHAP,unweighted,MentHlth,0.07232379168272018,
2017-2020,diag,xgboost,0,SHAP,unweighted,Sex,0.09723063558340073,
2017-2020,diag,xgboost,0,SHAP,unweighted,Age,0.8762146830558777,
2017-2020,diag,xgboost,0,SHAP,unweighted,Education,0.12838485836982727,
2017-2020,diag,xgboost,0,SHAP,unweighted,Income,0.10344507545232773,
2017-2020,diag,xgboost,0,SHAP,weighted,Diabetes_self,0.1353476185118455,
2017-2020,diag,xgboost,0,SHAP,weighted,HighChol,0.3163116521774774,
2017-2020,diag,xgboost,0,SHAP,weighted,BMI,0.4353921687321238,
2017-2020,diag,xgboost,0,SHAP,weighted,Smoker,0.08612798553729624,
2017-2020,diag,xgboost,0,SHAP,weighted,Stroke,0.06419044393451309,
2017-2020,diag,xgboost,0,SHAP,weighted,HeartDiseaseorAttack,0.07214177433470674,
2017-2020,diag,xgboost,0,SHAP,weighted,PhysActivity_LTPA,0.04478476339106922,
2017-2020,diag,xgboost,0,SHAP,weighted,AnyHealthcare,0.047415817250373464,
2017-2020,diag,xgboost,0,SHAP,weighted,GenHlth,0.37323992587088733,
2017-2020,diag,xgboost,0,SHAP,weighted,MentHlth,0.06941812785945295,
2017-2020,diag,xgboost,0,SHAP,weighted,Sex,0.09985342482094538,
2017-2020,diag,xgboost,0,SHAP,weighted,Age,0.9175759485863958,
2017-2020,diag,xgboost,0,SHAP,weighted,Education,0.11325630904800099,
2017-2020,diag,xgboost,0,SHAP,weighted,Income,0.10058682017232277,
2017-2020,diag,xgboost,0,PI,unweighted,Diabetes_self,0.004637738567832295,0.001681854876584311
2017-2020,diag,xgboost,0,PI,unweighted,HighChol,0.022269010078046703,0.004886365217150181
2017-2020,diag,xgboost,0,PI,unweighted,BMI,0.03663948378355871,0.009167094188331188
2017-2020,diag,xgboost,0,PI,unweighted,Smoker,0.0005778156673296841,0.0007796191820788679
2017-2020,diag,xgboost,0,PI,unweighted,Stroke,0.00251563661623333,0.0013331879775263465
2017-2020,diag,xgboost,0,PI,unweighted,HeartDiseaseorAttack,0.002807271349470819,0.0014227243409340971
2017-2020,diag,xgboost,0,PI,unweighted,PhysActivity_LTPA,-0.0007827636983647301,0.0012132002038886124
2017-2020,diag,xgboost,0,PI,unweighted,AnyHealthcare,0.002447320605888359,0.0008725759481017067
2017-2020,diag,xgboost,0,PI,unweighted,GenHlth,0.024205252295618818,0.006628858662983371
2017-2020,diag,xgboost,0,PI,unweighted,MentHlth,0.0008233801498932936,0.0018292929546897447
2017-2020,diag,xgboost,0,PI,unweighted,Sex,0.009111002035128147,0.002474054282355207
2017-2020,diag,xgboost,0,PI,unweighted,Age,0.1492564175428625,0.010779511923756908
2017-2020,diag,xgboost,0,PI,unweighted,Education,0.006510113926993677,0.0022250396306149616
2017-2020,diag,xgboost,0,PI,unweighted,Income,-0.0018264486295177297,0.002687491605785972
2017-2020,diag,xgboost,0,PI,weighted,Diabetes_self,0.005851336162293652,
2017-2020,diag,xgboost,0,PI,weighted,HighChol,0.01671364627801104,
2017-2020,diag,xgboost,0,PI,weighted,BMI,0.031350987533630026,
2017-2020,diag,xgboost,0,PI,weighted,Smoker,0.000834245980904802,
2017-2020,diag,xgboost,0,PI,weighted,Stroke,0.002744133489008671,
2017-2020,diag,xgboost,0,PI,weighted,HeartDiseaseorAttack,0.0026138374753341465,
2017-2020,diag,xgboost,0,PI,weighted,PhysActivity_LTPA,-0.001780926232850044,
2017-2020,diag,xgboost,0,PI,weighted,AnyHealthcare,0.0018876422610701992,
2017-2020,diag,xgboost,0,PI,weighted,GenHlth,0.02780961476673487,
2017-2020,diag,xgboost,0,PI,weighted,MentHlth,0.0001875027995652867,
2017-2020,diag,xgboost,0,PI,weighted,Sex,0.006563383921264365,
2017-2020,diag,xgboost,0,PI,weighted,Age,0.14283800235478922,
2017-2020,diag,xgboost,0,PI,weighted,Education,0.006943084043047676,
2017-2020,diag,xgboost,0,PI,weighted,Income,-0.00406401910340406,
2017-2020,diag,random_forest,0,SHAP,unweighted,Diabetes_self,0.03738156770475533,
2017-2020,diag,random_forest,0,SHAP,unweighted,HighChol,0.07167855504550921,
2017-2020,diag,random_forest,0,SHAP,unweighted,BMI,0.0551660268735813,
2017-2020,diag,random_forest,0,SHAP,unweighted,Smoker,0.013999198014135827,
2017-2020,diag,random_forest,0,SHAP,unweighted,Stroke,0.011161538776380571,
2017-2020,diag,random_forest,0,SHAP,unweighted,HeartDiseaseorAttack,0.015136223990894385,
2017-2020,diag,random_forest,0,SHAP,unweighted,PhysActivity_LTPA,0.011571144848879349,
2017-2020,diag,random_forest,0,SHAP,unweighted,AnyHealthcare,0.007939249663963466,
2017-2020,diag,random_forest,0,SHAP,unweighted,GenHlth,0.05042644087897564,
2017-2020,diag,random_forest,0,SHAP,unweighted,MentHlth,0.009988571278964551,
2017-2020,diag,random_forest,0,SHAP,unweighted,Sex,0.013226989189419896,
2017-2020,diag,random_forest,0,SHAP,unweighted,Age,0.12900138573659975,
2017-2020,diag,random_forest,0,SHAP,unweighted,Education,0.014391751516748258,
2017-2020,diag,random_forest,0,SHAP,unweighted,Income,0.013165795338647613,
2017-2020,diag,random_forest,0,SHAP,weighted,Diabetes_self,0.033409422438709126,
2017-2020,diag,random_forest,0,SHAP,weighted,HighChol,0.06876944969380393,
2017-2020,diag,random_forest,0,SHAP,weighted,BMI,0.053436973667476136,
2017-2020,diag,random_forest,0,SHAP,weighted,Smoker,0.014219261590623767,
2017-2020,diag,random_forest,0,SHAP,weighted,Stroke,0.009848485035528721,
2017-2020,diag,random_forest,0,SHAP,weighted,HeartDiseaseorAttack,0.01445214779880741,
2017-2020,diag,random_forest,0,SHAP,weighted,PhysActivity_LTPA,0.011787790606926807,
2017-2020,diag,random_forest,0,SHAP,weighted,AnyHealthcare,0.006738391451643788,
2017-2020,diag,random_forest,0,SHAP,weighted,GenHlth,0.05117249626423255,
2017-2020,diag,random_forest,0,SHAP,weighted,MentHlth,0.009569015328925005,
2017-2020,diag,random_forest,0,SHAP,weighted,Sex,0.013021008869746076,
2017-2020,diag,random_forest,0,SHAP,weighted,Age,0.12900006043287954,
2017-2020,diag,random_forest,0,SHAP,weighted,Education,0.013260533717035871,
2017-2020,diag,random_forest,0,SHAP,weighted,Income,0.013284653142922006,
2017-2020,diag,random_forest,0,PI,unweighted,Diabetes_self,0.005284157287567459,0.0028058814929166885
2017-2020,diag,random_forest,0,PI,unweighted,HighChol,0.025032507513326096,0.0058511478345000005
2017-2020,diag,random_forest,0,PI,unweighted,BMI,0.030299155235216736,0.007814488451939544
2017-2020,diag,random_forest,0,PI,unweighted,Smoker,-0.0025286970299756573,0.0025864157710117266
2017-2020,diag,random_forest,0,PI,unweighted,Stroke,0.001900792523128547,0.001812867438519806
2017-2020,diag,random_forest,0,PI,unweighted,HeartDiseaseorAttack,0.0033028494665324646,0.0015672235009709784
2017-2020,diag,random_forest,0,PI,unweighted,PhysActivity_LTPA,-0.00169139534015903,0.002480657711794715
2017-2020,diag,random_forest,0,PI,unweighted,AnyHealthcare,0.001540124174395452,0.001440123436062817
2017-2020,diag,random_forest,0,PI,unweighted,GenHlth,0.018568176794945924,0.007807583592035317
2017-2020,diag,random_forest,0,PI,unweighted,MentHlth,0.0002673796791445304,0.0014091289204154317
2017-2020,diag,random_forest,0,PI,unweighted,Sex,0.00913525708922137,0.0036771929476001656
2017-2020,diag,random_forest,0,PI,unweighted,Age,0.13013152267201727,0.011842806686230441
2017-2020,diag,random_forest,0,PI,unweighted,Education,-0.0019848958467882706,0.003138389432156516
2017-2020,diag,random_forest,0,PI,unweighted,Income,0.00029809317959376134,0.002421464435605102
2017-2020,diag,random_forest,0,PI,weighted,Diabetes_self,0.00819028730577558,
2017-2020,diag,random_forest,0,PI,weighted,HighChol,0.017883957806055683,
2017-2020,diag,random_forest,0,PI,weighted,BMI,0.028974345128581012,
2017-2020,diag,random_forest,0,PI,weighted,Smoker,-0.00023099230163062812,
2017-2020,diag,random_forest,0,PI,weighted,Stroke,0.0026096818200371462,
2017-2020,diag,random_forest,0,PI,weighted,HeartDiseaseorAttack,0.0008722520330033401,
2017-2020,diag,random_forest,0,PI,weighted,PhysActivity_LTPA,-0.007584189111566464,
2017-2020,diag,random_forest,0,PI,weighted,AnyHealthcare,0.0005215621376609359,
2017-2020,diag,random_forest,0,PI,weighted,GenHlth,0.022944608552124157,
2017-2020,diag,random_forest,0,PI,weighted,MentHlth,0.0007908123416998092,
2017-2020,diag,random_forest,0,PI,weighted,Sex,0.003025847135997806,
2017-2020,diag,random_forest,0,PI,weighted,Age,0.12606154787072815,
2017-2020,diag,random_forest,0,PI,weighted,Education,-0.002510199468846641,
2017-2020,diag,random_forest,0,PI,weighted,Income,0.003699612977366673,
2017-2020,diag,logistic_regression,0,SHAP,unweighted,Diabetes_self,0.12605017735245397,
2017-2020,diag,logistic_regression,0,SHAP,unweighted,HighChol,0.32701752331714135,
2017-2020,diag,logistic_regression,0,SHAP,unweighted,BMI,0.29073730682798943,
2017-2020,diag,logistic_regression,0,SHAP,unweighted,Smoker,0.044005619390114284,
2017-2020,diag,logistic_regression,0,SHAP,unweighted,Stroke,0.07859861341860282,
2017-2020,diag,logistic_regression,0,SHAP,unweighted,HeartDiseaseorAttack,0.05071451060401435,
2017-2020,diag,logistic_regression,0,SHAP,unweighted,PhysActivity_LTPA,0.017351128970559,
2017-2020,diag,logistic_regression,0,SHAP,unweighted,AnyHealthcare,0.02535963810578522,
2017-2020,diag,logistic_regression,0,SHAP,unweighted,GenHlth,0.3011624148598233,
2017-2020,diag,logistic_regression,0,SHAP,unweighted,MentHlth,0.0390279038663886,
2017-2020,diag,logistic_regression,0,SHAP,unweighted,Sex,0.040747450384323196,
2017-2020,diag,logistic_regression,0,SHAP,unweighted,Age,0.6946324720639,
2017-2020,diag,logistic_regression,0,SHAP,unweighted,Education,0.07698751572756259,
2017-2020,diag,logistic_regression,0,SHAP,unweighted,Income,0.02475890895281302,
2017-2020,diag,logistic_regression,0,SHAP,weighted,Diabetes_self,0.11251370861769637,
2017-2020,diag,logistic_regression,0,SHAP,weighted,HighChol,0.3232356359884909,
2017-2020,diag,logistic_regression,0,SHAP,weighted,BMI,0.2785558831649551,
2017-2020,diag,logistic_regression,0,SHAP,weighted,Smoker,0.043976732262384834,
2017-2020,diag,logistic_regression,0,SHAP,weighted,Stroke,0.07166197626156533,
2017-2020,diag,logistic_regression,0,SHAP,weighted,HeartDiseaseorAttack,0.05095243021984858,
2017-2020,diag,logistic_regression,0,SHAP,weighted,PhysActivity_LTPA,0.017449398446354736,
2017-2020,diag,logistic_regression,0,SHAP,weighted,AnyHealthcare,0.023590054862172107,
2017-2020,diag,logistic_regression,0,SHAP,weighted,GenHlth,0.29409910637712194,
2017-2020,diag,logistic_regression,0,SHAP,weighted,MentHlth,0.03816047837710844,
2017-2020,diag,logistic_regression,0,SHAP,weighted,Sex,0.0407403729397221,
2017-2020,diag,logistic_regression,0,SHAP,weighted,Age,0.7066856936487639,
2017-2020,diag,logistic_regression,0,SHAP,weighted,Education,0.07515851683287106,
2017-2020,diag,logistic_regression,0,SHAP,weighted,Income,0.024952275840515164,
2017-2020,diag,logistic_regression,0,PI,unweighted,Diabetes_self,0.005154414276324015,0.002092567744913622
2017-2020,diag,logistic_regression,0,PI,unweighted,HighChol,0.025952620837531425,0.004809756658871326
2017-2020,diag,logistic_regression,0,PI,unweighted,BMI,0.026760357195139896,0.0032374910908709027
2017-2020,diag,logistic_regression,0,PI,unweighted,Smoker,-0.00021327225078282552,0.0005198617002286387
2017-2020,diag,logistic_regression,0,PI,unweighted,Stroke,0.003733269035911935,0.002025167561221759
2017-2020,diag,logistic_regression,0,PI,unweighted,HeartDiseaseorAttack,0.0005057681102012768,0.0010129763109763548
2017-2020,diag,logistic_regression,0,PI,unweighted,PhysActivity_LTPA,-7.434389361062887e-05,0.00022669218266023938
2017-2020,diag,logistic_regression,0,PI,unweighted,AnyHealthcare,0.00038234002428384485,0.00037736545340497747
2017-2020,diag,logistic_regression,0,PI,unweighted,GenHlth,0.016390675725714197,0.005118007232800219
2017-2020,diag,logistic_regression,0,PI,unweighted,MentHlth,0.000789078623690842,0.0007094788473405929
2017-2020,diag,logistic_regression,0,PI,unweighted,Sex,0.00016160467993385773,0.0005208070290504195
2017-2020,diag,logistic_regression,0,PI,unweighted,Age,0.13110416469325264,0.011734028596516117
2017-2020,diag,logistic_regression,0,PI,unweighted,Education,0.0008278293018277206,0.00044689637269356303
2017-2020,diag,logistic_regression,0,PI,unweighted,Income,-0.00045926729643683826,0.0003244870522039191
2017-2020,diag,logistic_regression,0,PI,weighted,Diabetes_self,0.008398627643340716,
2017-2020,diag,logistic_regression,0,PI,weighted,HighChol,0.02719700314999589,
2017-2020,diag,logistic_regression,0,PI,weighted,BMI,0.02469842833776561,
2017-2020,diag,logistic_regression,0,PI,weighted,Smoker,0.00021781066862294196,
2017-2020,diag,logistic_regression,0,PI,weighted,Stroke,0.004832205560627012,
2017-2020,diag,logistic_regression,0,PI,weighted,HeartDiseaseorAttack,0.001188042662589095,
2017-2020,diag,logistic_regression,0,PI,weighted,PhysActivity_LTPA,0.0002530009063948846,
2017-2020,diag,logistic_regression,0,PI,weighted,AnyHealthcare,0.0008675999978840943,
2017-2020,diag,logistic_regression,0,PI,weighted,GenHlth,0.021397585781805718,
2017-2020,diag,logistic_regression,0,PI,weighted,MentHlth,0.0021892825262295524,
2017-2020,diag,logistic_regression,0,PI,weighted,Sex,0.0007264553404918384,
2017-2020,diag,logistic_regression,0,PI,weighted,Age,0.1305284040685783,
2017-2020,diag,logistic_regression,0,PI,weighted,Education,-0.0009643745958887728,
2017-2020,diag,logistic_regression,0,PI,weighted,Income,-0.0006865973434336814,
2017-2020,lab,xgboost,0,SHAP,unweighted,Diabetes_self,0.03821482136845589,
2017-2020,lab,xgboost,0,SHAP,unweighted,HighChol,0.07502186298370361,
2017-2020,lab,xgboost,0,SHAP,unweighted,BMI,0.35377809405326843,
2017-2020,lab,xgboost,0,SHAP,unweighted,Smoker,0.05880489945411682,
2017-2020,lab,xgboost,0,SHAP,unweighted,Stroke,0.045162688940763474,
2017-2020,lab,xgboost,0,SHAP,unweighted,HeartDiseaseorAttack,0.019204746931791306,
2017-2020,lab,xgboost,0,SHAP,unweighted,PhysActivity_LTPA,0.07595100998878479,
2017-2020,lab,xgboost,0,SHAP,unweighted,AnyHealthcare,0.03594595193862915,
2017-2020,lab,xgboost,0,SHAP,unweighted,GenHlth,0.16121813654899597,
2017-2020,lab,xgboost,0,SHAP,unweighted,MentHlth,0.06775694340467453,
2017-2020,lab,xgboost,0,SHAP,unweighted,Sex,0.132351353764534,
2017-2020,lab,xgboost,0,SHAP,unweighted,Age,0.86423659324646,
2017-2020,lab,xgboost,0,SHAP,unweighted,Education,0.10597330331802368,
2017-2020,lab,xgboost,0,SHAP,unweighted,Income,0.12009076774120331,
2017-2020,lab,xgboost,0,SHAP,weighted,Diabetes_self,0.033217027362016975,
2017-2020,lab,xgboost,0,SHAP,weighted,HighChol,0.07435356873831363,
2017-2020,lab,xgboost,0,SHAP,weighted,BMI,0.36733266889147065,
2017-2020,lab,xgboost,0,SHAP,weighted,Smoker,0.061863908647008456,
2017-2020,lab,xgboost,0,SHAP,weighted,Stroke,0.040445346420549394,
2017-2020,lab,xgboost,0,SHAP,weighted,HeartDiseaseorAttack,0.019386397996127052,
2017-2020,lab,xgboost,0,SHAP,weighted,PhysActivity_LTPA,0.08090905367636649,
2017-2020,lab,xgboost,0,SHAP,weighted,AnyHealthcare,0.03190358830934391,
2017-2020,lab,xgboost,0,SHAP,weighted,GenHlth,0.17238463653391445,
2017-2020,lab,xgboost,0,SHAP,weighted,MentHlth,0.0666592851404231,
2017-2020,lab,xgboost,0,SHAP,weighted,Sex,0.13713770278853277,
2017-2020,lab,xgboost,0,SHAP,weighted,Age,0.9366022704567882,
2017-2020,lab,xgboost,0,SHAP,weighted,Education,0.10939246563972067,
2017-2020,lab,xgboost,0,SHAP,weighted,Income,0.12852614593037887,
2017-2020,lab,xgboost,0,PI,unweighted,Diabetes_self,-0.0031967138868212674,0.0016037170181384182
2017-2020,lab,xgboost,0,PI,unweighted,HighChol,0.0028202129042167235,0.0030168857127528727
2017-2020,lab,xgboost,0,PI,unweighted,BMI,0.018450911124501302,0.007585699473465221
2017-2020,lab,xgboost,0,PI,unweighted,Smoker,0.005415943004997714,0.0021746540672057143
2017-2020,lab,xgboost,0,PI,unweighted,Stroke,0.003985554334684183,0.001914408301095723
2017-2020,lab,xgboost,0,PI,unweighted,HeartDiseaseorAttack,-0.0018458787714095704,0.0021355205532287307
2017-2020,lab,xgboost,0,PI,unweighted,PhysActivity_LTPA,-0.0010531000287495652,0.00415992264326065
2017-2020,lab,xgboost,0,PI,unweighted,AnyHealthcare,0.0028893299779061297,0.002090578246511964
2017-2020,lab,xgboost,0,PI,unweighted,GenHlth,0.01419479593725509,0.002928119427233745
2017-2020,lab,xgboost,0,PI,unweighted,MentHlth,0.003374724811651064,0.0021870939601944138
2017-2020,lab,xgboost,0,PI,unweighted,Sex,0.006986534970088642,0.003518534374307002
2017-2020,lab,xgboost,0,PI,unweighted,Age,0.17950629536423318,0.010362852700961116
2017-2020,lab,xgboost,0,PI,unweighted,Education,0.009151809449544534,0.0032393037554364185
2017-2020,lab,xgboost,0,PI,unweighted,Income,0.008931658770385587,0.005249383390929624
2017-2020,lab,xgboost,0,PI,weighted,Diabetes_self,-0.007313329589398521,
2017-2020,lab,xgboost,0,PI,weighted,HighChol,-0.00533328270771718,
2017-2020,lab,xgboost,0,PI,weighted,BMI,0.0012685301209650278,
2017-2020,lab,xgboost,0,PI,weighted,Smoker,0.004523614003988208,
2017-2020,lab,xgboost,0,PI,weighted,Stroke,0.0004887177095638129,
2017-2020,lab,xgboost,0,PI,weighted,HeartDiseaseorAttack,-0.006847445318663737,
2017-2020,lab,xgboost,0,PI,weighted,PhysActivity_LTPA,-0.005079601964737612,
2017-2020,lab,xgboost,0,PI,weighted,AnyHealthcare,0.0017173126352896472,
2017-2020,lab,xgboost,0,PI,weighted,GenHlth,0.008033696331819096,
2017-2020,lab,xgboost,0,PI,weighted,MentHlth,-0.00324435486932515,
2017-2020,lab,xgboost,0,PI,weighted,Sex,0.0018658468481257185,
2017-2020,lab,xgboost,0,PI,weighted,Age,0.19428382988006482,
2017-2020,lab,xgboost,0,PI,weighted,Education,-0.001776648436714079,
2017-2020,lab,xgboost,0,PI,weighted,Income,0.0069734109120222374,
2017-2020,lab,random_forest,0,SHAP,unweighted,Diabetes_self,0.007322443938782589,
2017-2020,lab,random_forest,0,SHAP,unweighted,HighChol,0.013777733516866517,
2017-2020,lab,random_forest,0,SHAP,unweighted,BMI,0.02604487944491784,
2017-2020,lab,random_forest,0,SHAP,unweighted,Smoker,0.009415595771085852,
2017-2020,lab,random_forest,0,SHAP,unweighted,Stroke,0.007925235406728744,
2017-2020,lab,random_forest,0,SHAP,unweighted,HeartDiseaseorAttack,0.003904151425561239,
2017-2020,lab,random_forest,0,SHAP,unweighted,PhysActivity_LTPA,0.014543622351003586,
2017-2020,lab,random_forest,0,SHAP,unweighted,AnyHealthcare,0.004457205256253975,
2017-2020,lab,random_forest,0,SHAP,unweighted,GenHlth,0.020406170848455394,
2017-2020,lab,random_forest,0,SHAP,unweighted,MentHlth,0.005910763240014501,
2017-2020,lab,random_forest,0,SHAP,unweighted,Sex,0.01386094380270708,
2017-2020,lab,random_forest,0,SHAP,unweighted,Age,0.09042762022222134,
2017-2020,lab,random_forest,0,SHAP,unweighted,Education,0.013383546481545529,
2017-2020,lab,random_forest,0,SHAP,unweighted,Income,0.012962046457121623,
2017-2020,lab,random_forest,0,SHAP,weighted,Diabetes_self,0.006781107716864583,
2017-2020,lab,random_forest,0,SHAP,weighted,HighChol,0.014178328240512543,
2017-2020,lab,random_forest,0,SHAP,weighted,BMI,0.025398890171102972,
2017-2020,lab,random_forest,0,SHAP,weighted,Smoker,0.00952309828067322,
2017-2020,lab,random_forest,0,SHAP,weighted,Stroke,0.007188720176900439,
2017-2020,lab,random_forest,0,SHAP,weighted,HeartDiseaseorAttack,0.0036635794000231914,
2017-2020,lab,random_forest,0,SHAP,weighted,PhysActivity_LTPA,0.015095679618959548,
2017-2020,lab,random_forest,0,SHAP,weighted,AnyHealthcare,0.0037042882521295833,
2017-2020,lab,random_forest,0,SHAP,weighted,GenHlth,0.0200222896019101,
2017-2020,lab,random_forest,0,SHAP,weighted,MentHlth,0.0056094928640815726,
2017-2020,lab,random_forest,0,SHAP,weighted,Sex,0.013466171950152928,
2017-2020,lab,random_forest,0,SHAP,weighted,Age,0.0890934824879666,
2017-2020,lab,random_forest,0,SHAP,weighted,Education,0.012662106279728734,
2017-2020,lab,random_forest,0,SHAP,weighted,Income,0.012282905577942467,
2017-2020,lab,random_forest,0,PI,unweighted,Diabetes_self,0.003737835591945382,0.004158316758920961
2017-2020,lab,random_forest,0,PI,unweighted,HighChol,0.008798150576763263,0.007905942296649161
2017-2020,lab,random_forest,0,PI,unweighted,BMI,0.012860107830511525,0.0031030783898135786
2017-2020,lab,random_forest,0,PI,unweighted,Smoker,0.00559769530988472,0.004987087368355553
2017-2020,lab,random_forest,0,PI,unweighted,Stroke,0.004161399197375492,0.0033048968822500606
2017-2020,lab,random_forest,0,PI,unweighted,HeartDiseaseorAttack,-0.0009656698842535838,0.002635071846720909
2017-2020,lab,random_forest,0,PI,unweighted,PhysActivity_LTPA,0.0010611735330836036,0.006187283259284572
2017-2020,lab,random_forest,0,PI,unweighted,AnyHealthcare,0.005861561061291676,0.0030876246342204203
2017-2020,lab,random_forest,0,PI,unweighted,GenHlth,0.012733885482263863,0.008289292775878337
2017-2020,lab,random_forest,0,PI,unweighted,MentHlth,-0.00018135847540733384,0.001931148676668014
2017-2020,lab,random_forest,0,PI,unweighted,Sex,0.010378391364107143,0.005169577973217122
2017-2020,lab,random_forest,0,PI,unweighted,Age,0.16155987980324277,0.014072229588752367
2017-2020,lab,random_forest,0,PI,unweighted,Education,0.007688929847154735,0.005575333450746703
2017-2020,lab,random_forest,0,PI,unweighted,Income,0.006152994876278439,0.00877287467658
2017-2020,lab,random_forest,0,PI,weighted,Diabetes_self,-0.0018909992084480188,
2017-2020,lab,random_forest,0,PI,weighted,HighChol,0.0005406231799272909,
2017-2020,lab,random_forest,0,PI,weighted,BMI,-0.003784704472231104,
2017-2020,lab,random_forest,0,PI,weighted,Smoker,0.003297714236514382,
2017-2020,lab,random_forest,0,PI,weighted,Stroke,0.00575703554812268,
2017-2020,lab,random_forest,0,PI,weighted,HeartDiseaseorAttack,-0.009837782508306959,
2017-2020,lab,random_forest,0,PI,weighted,PhysActivity_LTPA,-0.005597983404860729,
2017-2020,lab,random_forest,0,PI,weighted,AnyHealthcare,0.0015188740941620815,
2017-2020,lab,random_forest,0,PI,weighted,GenHlth,0.013798627773497696,
2017-2020,lab,random_forest,0,PI,weighted,MentHlth,-0.003381314368444599,
2017-2020,lab,random_forest,0,PI,weighted,Sex,0.008781867110880626,
2017-2020,lab,random_forest,0,PI,weighted,Age,0.1641750206801737,
2017-2020,lab,random_forest,0,PI,weighted,Education,-0.010037910065639177,
2017-2020,lab,random_forest,0,PI,weighted,Income,0.005144114584476311,
2017-2020,lab,logistic_regression,0,SHAP,unweighted,Diabetes_self,0.03190680831368899,
2017-2020,lab,logistic_regression,0,SHAP,unweighted,HighChol,0.04840911248373863,
2017-2020,lab,logistic_regression,0,SHAP,unweighted,BMI,0.13611653206912835,
2017-2020,lab,logistic_regression,0,SHAP,unweighted,Smoker,0.013002125269600984,
2017-2020,lab,logistic_regression,0,SHAP,unweighted,Stroke,0.03877588515628377,
2017-2020,lab,logistic_regression,0,SHAP,unweighted,HeartDiseaseorAttack,0.0173101941366682,
2017-2020,lab,logistic_regression,0,SHAP,unweighted,PhysActivity_LTPA,0.051949246129580164,
2017-2020,lab,logistic_regression,0,SHAP,unweighted,AnyHealthcare,0.05830752290219681,
2017-2020,lab,logistic_regression,0,SHAP,unweighted,GenHlth,0.13206975599129225,
2017-2020,lab,logistic_regression,0,SHAP,unweighted,MentHlth,0.04996180987147363,
2017-2020,lab,logistic_regression,0,SHAP,unweighted,Sex,0.08277929117745482,
2017-2020,lab,logistic_regression,0,SHAP,unweighted,Age,0.7293221685162087,
2017-2020,lab,logistic_regression,0,SHAP,unweighted,Education,0.051603273320968125,
2017-2020,lab,logistic_regression,0,SHAP,unweighted,Income,0.06645959552855736,
2017-2020,lab,logistic_regression,0,SHAP,weighted,Diabetes_self,0.028480351308741582,
2017-2020,lab,logistic_regression,0,SHAP,weighted,HighChol,0.047849271508746384,
2017-2020,lab,logistic_regression,0,SHAP,weighted,BMI,0.13041346918130256,
2017-2020,lab,logistic_regression,0,SHAP,weighted,Smoker,0.012993590131165618,
2017-2020,lab,logistic_regression,0,SHAP,weighted,Stroke,0.035353760591062516,
2017-2020,lab,logistic_regression,0,SHAP,weighted,HeartDiseaseorAttack,0.01739140234887376,
2017-2020,lab,logistic_regression,0,SHAP,weighted,PhysActivity_LTPA,0.05224346474750356,
2017-2020,lab,logistic_regression,0,SHAP,weighted,AnyHealthcare,0.05423885224239173,
2017-2020,lab,logistic_regression,0,SHAP,weighted,GenHlth,0.12897225981722277,
2017-2020,lab,logistic_regression,0,SHAP,weighted,MentHlth,0.04885136982525812,
2017-2020,lab,logistic_regression,0,SHAP,weighted,Sex,0.08276491320185325,
2017-2020,lab,logistic_regression,0,SHAP,weighted,Age,0.7419773236628704,
2017-2020,lab,logistic_regression,0,SHAP,weighted,Education,0.05037733001088009,
2017-2020,lab,logistic_regression,0,SHAP,weighted,Income,0.066978644456352,
2017-2020,lab,logistic_regression,0,PI,unweighted,Diabetes_self,-0.001189758858209522,0.0008083247175884006
2017-2020,lab,logistic_regression,0,PI,unweighted,HighChol,-0.0018478479188080766,0.000748453835424978
2017-2020,lab,logistic_regression,0,PI,unweighted,BMI,0.0069499088284754925,0.002647314058271546
2017-2020,lab,logistic_regression,0,PI,unweighted,Smoker,5.631761559883319e-05,0.0002532299054928064
2017-2020,lab,logistic_regression,0,PI,unweighted,Stroke,0.0028221820516153295,0.001722101710460806
2017-2020,lab,logistic_regression,0,PI,unweighted,HeartDiseaseorAttack,8.78239739758202e-05,0.0009402418814591851
2017-2020,lab,logistic_regression,0,PI,unweighted,PhysActivity_LTPA,-0.0011440746385629863,0.0011302744829773154
2017-2020,lab,logistic_regression,0,PI,unweighted,AnyHealthcare,-0.000133114364142628,0.0016159470003587367
2017-2020,lab,logistic_regression,0,PI,unweighted,GenHlth,0.004304162383771093,0.002076969044478998
2017-2020,lab,logistic_regression,0,PI,unweighted,MentHlth,0.0023318643493740352,0.0022002322539457185
2017-2020,lab,logistic_regression,0,PI,unweighted,Sex,0.00227239609793759,0.0017551827190484244
2017-2020,lab,logistic_regression,0,PI,unweighted,Age,0.2147603350701214,0.017896572796035393
2017-2020,lab,logistic_regression,0,PI,unweighted,Education,-0.00029182764446649133,0.0010979503262115102
2017-2020,lab,logistic_regression,0,PI,unweighted,Income,0.00036232312133495094,0.001381075253824782
2017-2020,lab,logistic_regression,0,PI,weighted,Diabetes_self,-0.0011115592011446851,
2017-2020,lab,logistic_regression,0,PI,weighted,HighChol,-0.0006115592602289777,
2017-2020,lab,logistic_regression,0,PI,weighted,BMI,0.008739417080240952,
2017-2020,lab,logistic_regression,0,PI,weighted,Smoker,5.9725879827199345e-05,
2017-2020,lab,logistic_regression,0,PI,weighted,Stroke,0.0037302833128895485,
2017-2020,lab,logistic_regression,0,PI,weighted,HeartDiseaseorAttack,0.00044008172404618183,
2017-2020,lab,logistic_regression,0,PI,weighted,PhysActivity_LTPA,0.0004389703777706755,
2017-2020,lab,logistic_regression,0,PI,weighted,AnyHealthcare,-0.0005438798445110083,
2017-2020,lab,logistic_regression,0,PI,weighted,GenHlth,0.003605210850952312,
2017-2020,lab,logistic_regression,0,PI,weighted,MentHlth,-0.0023684870686195405,
2017-2020,lab,logistic_regression,0,PI,weighted,Sex,0.004273689675777836,
2017-2020,lab,logistic_regression,0,PI,weighted,Age,0.24190580756610447,
2017-2020,lab,logistic_regression,0,PI,weighted,Education,-9.944800192535075e-05,
2017-2020,lab,logistic_regression,0,PI,weighted,Income,0.004909227311291809,
2017-2020,total,xgboost,0,SHAP,unweighted,Diabetes_self,0.12810556590557098,
2017-2020,total,xgboost,0,SHAP,unweighted,HighChol,0.2516748011112213,
2017-2020,total,xgboost,0,SHAP,unweighted,BMI,0.434769868850708,
2017-2020,total,xgboost,0,SHAP,unweighted,Smoker,0.0964474007487297,
2017-2020,total,xgboost,0,SHAP,unweighted,Stroke,0.07655970752239227,
2017-2020,total,xgboost,0,SHAP,unweighted,HeartDiseaseorAttack,0.04364980384707451,
2017-2020,total,xgboost,0,SHAP,unweighted,PhysActivity_LTPA,0.041983816772699356,
2017-2020,total,xgboost,0,SHAP,unweighted,AnyHealthcare,0.05056392773985863,
2017-2020,total,xgboost,0,SHAP,unweighted,GenHlth,0.33214008808135986,
2017-2020,total,xgboost,0,SHAP,unweighted,MentHlth,0.07133781909942627,
2017-2020,total,xgboost,0,SHAP,unweighted,Sex,0.1296752691268921,
2017-2020,total,xgboost,0,SHAP,unweighted,Age,0.9750331044197083,
2017-2020,total,xgboost,0,SHAP,unweighted,Education,0.11077062785625458,
2017-2020,total,xgboost,0,SHAP,unweighted,Income,0.10906260460615158,
2017-2020,total,xgboost,0,SHAP,weighted,Diabetes_self,0.11634304482189595,
2017-2020,total,xgboost,0,SHAP,weighted,HighChol,0.24640318771982583,
2017-2020,total,xgboost,0,SHAP,weighted,BMI,0.44272102083018733,
2017-2020,total,xgboost,0,SHAP,weighted,Smoker,0.09947672557128683,
2017-2020,total,xgboost,0,SHAP,weighted,Stroke,0.0671920817679948,
2017-2020,total,xgboost,0,SHAP,weighted,HeartDiseaseorAttack,0.04100354020480815,
2017-2020,total,xgboost,0,SHAP,weighted,PhysActivity_LTPA,0.04058871821434635,
2017-2020,total,xgboost,0,SHAP,weighted,AnyHealthcare,0.04567041430213186,
2017-2020,total,xgboost,0,SHAP,weighted,GenHlth,0.34599454262570595,
2017-2020,total,xgboost,0,SHAP,weighted,MentHlth,0.07004175441411814,
2017-2020,total,xgboost,0,SHAP,weighted,Sex,0.14298182388726866,
2017-2020,total,xgboost,0,SHAP,weighted,Age,1.0071244877757397,
2017-2020,total,xgboost,0,SHAP,weighted,Education,0.10281935529199672,
2017-2020,total,xgboost,0,SHAP,weighted,Income,0.11292042465534836,
2017-2020,total,xgboost,0,PI,unweighted,Diabetes_self,0.003871704577900581,0.0022013165870128576
2017-2020,total,xgboost,0,PI,unweighted,HighChol,0.01047247413289113,0.0030802224464834883
2017-2020,total,xgboost,0,PI,unweighted,BMI,0.029602034018137713,0.008147929204584894
2017-2020,total,xgboost,0,PI,unweighted,Smoker,0.0021177718255857457,0.0012595464946189806
2017-2020,total,xgboost,0,PI,unweighted,Stroke,0.0034852955172743226,0.0019822138999417574
2017-2020,total,xgboost,0,PI,unweighted,HeartDiseaseorAttack,0.0006925994914955824,0.000933372321306067
2017-2020,total,xgboost,0,PI,unweighted,PhysActivity_LTPA,0.0012486913486248973,0.0012698002599163332
2017-2020,total,xgboost,0,PI,unweighted,AnyHealthcare,0.0006460998789923345,0.0010858664981256586
2017-2020,total,xgboost,0,PI,unweighted,GenHlth,0.01992576377653007,0.005080365920503031
2017-2020,total,xgboost,0,PI,unweighted,MentHlth,0.0004426980652355916,0.0015253336647392203
2017-2020,total,xgboost,0,PI,unweighted,Sex,0.006243456743123765,0.003339818657260414
2017-2020,total,xgboost,0,PI,unweighted,Age,0.16761682687732002,0.01108387044509859
2017-2020,total,xgboost,0,PI,unweighted,Education,0.0040402996641696,0.0019942729619086843
2017-2020,total,xgboost,0,PI,unweighted,Income,-0.0001403146201850447,0.001773737503021671
2017-2020,total,xgboost,0,PI,weighted,Diabetes_self,0.006416531715311524,
2017-2020,total,xgboost,0,PI,weighted,HighChol,0.009808185039495954,
2017-2020,total,xgboost,0,PI,weighted,BMI,0.01993218050786292,
2017-2020,total,xgboost,0,PI,weighted,Smoker,-0.0009056274680218079,
2017-2020,total,xgboost,0,PI,weighted,Stroke,0.0038471478960576677,
2017-2020,total,xgboost,0,PI,weighted,HeartDiseaseorAttack,0.0009053006199688296,
2017-2020,total,xgboost,0,PI,weighted,PhysActivity_LTPA,0.0009708099133274751,
2017-2020,total,xgboost,0,PI,weighted,AnyHealthcare,0.0004414556192864127,
2017-2020,total,xgboost,0,PI,weighted,GenHlth,0.021829085288778603,
2017-2020,total,xgboost,0,PI,weighted,MentHlth,0.0007246445232918619,
2017-2020,total,xgboost,0,PI,weighted,Sex,0.001083383737847865,
2017-2020,total,xgboost,0,PI,weighted,Age,0.15777844633933572,
2017-2020,total,xgboost,0,PI,weighted,Education,0.004782548816476518,
2017-2020,total,xgboost,0,PI,weighted,Income,0.00013379832105133715,
2017-2020,total,random_forest,0,SHAP,unweighted,Diabetes_self,0.0330553208881834,
2017-2020,total,random_forest,0,SHAP,unweighted,HighChol,0.05715893811635225,
2017-2020,total,random_forest,0,SHAP,unweighted,BMI,0.05165523970179012,
2017-2020,total,random_forest,0,SHAP,unweighted,Smoker,0.01815695192654402,
2017-2020,total,random_forest,0,SHAP,unweighted,Stroke,0.010915443649862522,
2017-2020,total,random_forest,0,SHAP,unweighted,HeartDiseaseorAttack,0.01027534031743262,
2017-2020,total,random_forest,0,SHAP,unweighted,PhysActivity_LTPA,0.011754026436267424,
2017-2020,total,random_forest,0,SHAP,unweighted,AnyHealthcare,0.00924638182401152,
2017-2020,total,random_forest,0,SHAP,unweighted,GenHlth,0.05163051056049111,
2017-2020,total,random_forest,0,SHAP,unweighted,MentHlth,0.007867066670348066,
2017-2020,total,random_forest,0,SHAP,unweighted,Sex,0.01705008806879667,
2017-2020,total,random_forest,0,SHAP,unweighted,Age,0.15747826782991498,
2017-2020,total,random_forest,0,SHAP,unweighted,Education,0.013792209606520538,
2017-2020,total,random_forest,0,SHAP,unweighted,Income,0.012270533954163903,
2017-2020,total,random_forest,0,SHAP,weighted,Diabetes_self,0.030051071651386926,
2017-2020,total,random_forest,0,SHAP,weighted,HighChol,0.05703879302822502,
2017-2020,total,random_forest,0,SHAP,weighted,BMI,0.051229344875258244,
2017-2020,total,random_forest,0,SHAP,weighted,Smoker,0.01861388766772902,
2017-2020,total,random_forest,0,SHAP,weighted,Stroke,0.009787667595294442,
2017-2020,total,random_forest,0,SHAP,weighted,HeartDiseaseorAttack,0.010019921618891172,
2017-2020,total,random_forest,0,SHAP,weighted,PhysActivity_LTPA,0.012340848734300766,
2017-2020,total,random_forest,0,SHAP,weighted,AnyHealthcare,0.008036195774018385,
2017-2020,total,random_forest,0,SHAP,weighted,GenHlth,0.05229896753331922,
2017-2020,total,random_forest,0,SHAP,weighted,MentHlth,0.00773002589984486,
2017-2020,total,random_forest,0,SHAP,weighted,Sex,0.018291588519173414,
2017-2020,total,random_forest,0,SHAP,weighted,Age,0.1580473049839666,
2017-2020,total,random_forest,0,SHAP,weighted,Education,0.013259924928230192,
2017-2020,total,random_forest,0,SHAP,weighted,Income,0.012131378633479071,
2017-2020,total,random_forest,0,PI,unweighted,Diabetes_self,0.0093772858910386,0.0034577225856072718
2017-2020,total,random_forest,0,PI,unweighted,HighChol,0.01321363988633426,0.0039735087892029996
2017-2020,total,random_forest,0,PI,unweighted,BMI,0.025935362819344963,0.006445151041354654
2017-2020,total,random_forest,0,PI,unweighted,Smoker,0.000663503242736152,0.0025665280138999903
2017-2020,total,random_forest,0,PI,unweighted,Stroke,0.0019132823015948542,0.0015926079775762975
2017-2020,total,random_forest,0,PI,unweighted,HeartDiseaseorAttack,0.0017792220152551218,0.0012753111429200424
2017-2020,total,random_forest,0,PI,unweighted,PhysActivity_LTPA,-0.00281363444778312,0.0030525879185641738
2017-2020,total,random_forest,0,PI,unweighted,AnyHealthcare,3.657425661804936e-05,0.001940447549163085
2017-2020,total,random_forest,0,PI,unweighted,GenHlth,0.016901249507131344,0.006318887876778595
2017-2020,total,random_forest,0,PI,unweighted,MentHlth,0.0001926606751961435,0.0011353740928030747
2017-2020,total,random_forest,0,PI,unweighted,Sex,0.006887517165427126,0.0035500124041557652
2017-2020,total,random_forest,0,PI,unweighted,Age,0.16230186678268915,0.012917071762239912
2017-2020,total,random_forest,0,PI,unweighted,Education,-0.0026651620008429355,0.0019149162803883163
2017-2020,total,random_forest,0,PI,unweighted,Income,0.0001571741288120654,0.0031121584693404843
2017-2020,total,random_forest,0,PI,weighted,Diabetes_self,0.013352900261610522,
2017-2020,total,random_forest,0,PI,weighted,HighChol,0.01142213640701556,
2017-2020,total,random_forest,0,PI,weighted,BMI,0.016013086586259394,
2017-2020,total,random_forest,0,PI,weighted,Smoker,-0.0008472268475797739,
2017-2020,total,random_forest,0,PI,weighted,Stroke,0.0031266502383676563,
2017-2020,total,random_forest,0,PI,weighted,HeartDiseaseorAttack,-0.000187336970569818,
2017-2020,total,random_forest,0,PI,weighted,PhysActivity_LTPA,-0.013767708054182337,
2017-2020,total,random_forest,0,PI,weighted,AnyHealthcare,-0.0008855826955469825,
2017-2020,total,random_forest,0,PI,weighted,GenHlth,0.019338305335851635,
2017-2020,total,random_forest,0,PI,weighted,MentHlth,-0.0014602109175610445,
2017-2020,total,random_forest,0,PI,weighted,Sex,-0.0001729118794304485,
2017-2020,total,random_forest,0,PI,weighted,Age,0.15272245410927782,
2017-2020,total,random_forest,0,PI,weighted,Education,-0.004919657640627117,
2017-2020,total,random_forest,0,PI,weighted,Income,-0.000737087376166512,
2017-2020,total,logistic_regression,0,SHAP,unweighted,Diabetes_self,0.10623861066631472,
2017-2020,total,logistic_regression,0,SHAP,unweighted,HighChol,0.2255056381615022,
2017-2020,total,logistic_regression,0,SHAP,unweighted,BMI,0.2811511200175094,
2017-2020,total,logistic_regression,0,SHAP,unweighted,Smoker,0.07887406897097418,
2017-2020,total,logistic_regression,0,SHAP,unweighted,Stroke,0.08919499021809824,
2017-2020,total,logistic_regression,0,SHAP,unweighted,HeartDiseaseorAttack,0.017295200421751512,
2017-2020,total,logistic_regression,0,SHAP,unweighted,PhysActivity_LTPA,0.019290512297491843,
2017-2020,total,logistic_regression,0,SHAP,unweighted,AnyHealthcare,0.028968001059217745,
2017-2020,total,logistic_regression,0,SHAP,unweighted,GenHlth,0.2820633665366492,
2017-2020,total,logistic_regression,0,SHAP,unweighted,MentHlth,0.011455315259294245,
2017-2020,total,logistic_regression,0,SHAP,unweighted,Sex,0.12775191242313072,
2017-2020,total,logistic_regression,0,SHAP,unweighted,Age,0.8354372101712991,
2017-2020,total,logistic_regression,0,SHAP,unweighted,Education,0.028929888999326824,
2017-2020,total,logistic_regression,0,SHAP,unweighted,Income,0.0159951061804651,
2017-2020,total,logistic_regression,0,SHAP,weighted,Diabetes_self,0.09482969667734242,
2017-2020,total,logistic_regression,0,SHAP,weighted,HighChol,0.2228977139534976,
2017-2020,total,logistic_regression,0,SHAP,weighted,BMI,0.26937134210171415,
2017-2020,total,logistic_regression,0,SHAP,weighted,Smoker,0.07882229273565304,
2017-2020,total,logistic_regression,0,SHAP,weighted,Stroke,0.0813231810797731,
2017-2020,total,logistic_regression,0,SHAP,weighted,HeartDiseaseorAttack,0.01737633829316387,
2017-2020,total,logistic_regression,0,SHAP,weighted,PhysActivity_LTPA,0.019399765622420954,
2017-2020,total,logistic_regression,0,SHAP,weighted,AnyHealthcare,0.026946627999336892,
2017-2020,total,logistic_regression,0,SHAP,weighted,GenHlth,0.27544799731654446,
2017-2020,total,logistic_regression,0,SHAP,weighted,MentHlth,0.011200711976533573,
2017-2020,total,logistic_regression,0,SHAP,weighted,Sex,0.12772972313093253,
2017-2020,total,logistic_regression,0,SHAP,weighted,Age,0.8499336672466744,
2017-2020,total,logistic_regression,0,SHAP,weighted,Education,0.0282425991900207,
2017-2020,total,logistic_regression,0,SHAP,weighted,Income,0.016120027836200455,
2017-2020,total,logistic_regression,0,PI,unweighted,Diabetes_self,0.0045702864756829165,0.002025306908270855
2017-2020,total,logistic_regression,0,PI,unweighted,HighChol,0.013471291248011497,0.002541588058207669
2017-2020,total,logistic_regression,0,PI,unweighted,BMI,0.02415532502141432,0.0035169357371117897
2017-2020,total,logistic_regression,0,PI,unweighted,Smoker,6.607839671513016e-05,0.0009388781266676512
2017-2020,total,logistic_regression,0,PI,unweighted,Stroke,0.003311533807393685,0.002265994649248025
2017-2020,total,logistic_regression,0,PI,unweighted,HeartDiseaseorAttack,-7.124502032658242e-05,0.00027187874312007955
2017-2020,total,logistic_regression,0,PI,unweighted,PhysActivity_LTPA,-0.0001732178547634855,0.00024447497390338627
2017-2020,total,logistic_regression,0,PI,unweighted,AnyHealthcare,0.0005759425688996345,0.00039296834713824143
2017-2020,total,logistic_regression,0,PI,unweighted,GenHlth,0.014877972508123815,0.0034687587250632292
2017-2020,total,logistic_regression,0,PI,unweighted,MentHlth,0.00015717412881204317,0.00023405618643298495
2017-2020,total,logistic_regression,0,PI,unweighted,Sex,0.0011165345551944928,0.0009987786320877863
2017-2020,total,logistic_regression,0,PI,unweighted,Age,0.17678010577982023,0.01510572982738868
2017-2020,total,logistic_regression,0,PI,unweighted,Education,0.0006178194129084269,0.00024976157671384555
2017-2020,total,logistic_regression,0,PI,unweighted,Income,6.2815266013172e-05,0.00013979536335394292
2017-2020,total,logistic_regression,0,PI,weighted,Diabetes_self,0.00652322390761072,
2017-2020,total,logistic_regression,0,PI,weighted,HighChol,0.010360665391707958,
2017-2020,total,logistic_regression,0,PI,weighted,BMI,0.023223089677834007,
2017-2020,total,logistic_regression,0,PI,weighted,Smoker,0.00014413696902678685,
2017-2020,total,logistic_regression,0,PI,weighted,Stroke,0.004916342280206543,
2017-2020,total,logistic_regression,0,PI,weighted,HeartDiseaseorAttack,-8.731301803622804e-05,
2017-2020,total,logistic_regression,0,PI,weighted,PhysActivity_LTPA,-0.0001476619841118465,
2017-2020,total,logistic_regression,0,PI,weighted,AnyHealthcare,0.0008215408719709938,
2017-2020,total,logistic_regression,0,PI,weighted,GenHlth,0.016612612133096182,
2017-2020,total,logistic_regression,0,PI,weighted,MentHlth,0.000470215969141774,
2017-2020,total,logistic_regression,0,PI,weighted,Sex,0.001664520975179773,
2017-2020,total,logistic_regression,0,PI,weighted,Age,0.18548715963597373,
2017-2020,total,logistic_regression,0,PI,weighted,Education,-0.0003199267118757287,
2017-2020,total,logistic_regression,0,PI,weighted,Income,0.0003104757501024791,
2017-2020,diag,xgboost,1,SHAP,unweighted,Diabetes_self,0.1431322544813156,
2017-2020,diag,xgboost,1,SHAP,unweighted,HighChol,0.36807796359062195,
2017-2020,diag,xgboost,1,SHAP,unweighted,BMI,0.5097001791000366,
2017-2020,diag,xgboost,1,SHAP,unweighted,Smoker,0.06890452653169632,
2017-2020,diag,xgboost,1,SHAP,unweighted,Stroke,0.06853844970464706,
2017-2020,diag,xgboost,1,SHAP,unweighted,HeartDiseaseorAttack,0.06565983593463898,
2017-2020,diag,xgboost,1,SHAP,unweighted,PhysActivity_LTPA,0.0414869487285614,
2017-2020,diag,xgboost,1,SHAP,unweighted,AnyHealthcare,0.07004088908433914,
2017-2020,diag,xgboost,1,SHAP,unweighted,GenHlth,0.34192782640457153,
2017-2020,diag,xgboost,1,SHAP,unweighted,MentHlth,0.0658227875828743,
2017-2020,diag,xgboost,1,SHAP,unweighted,Sex,0.09102662652730942,
2017-2020,diag,xgboost,1,SHAP,unweighted,Age,0.8803738951683044,
2017-2020,diag,xgboost,1,SHAP,unweighted,Education,0.13191458582878113,
2017-2020,diag,xgboost,1,SHAP,unweighted,Income,0.09966552257537842,
2017-2020,diag,xgboost,1,SHAP,weighted,Diabetes_self,0.1304777125075682,
2017-2020,diag,xgboost,1,SHAP,weighted,HighChol,0.35511337557124156,
2017-2020,diag,xgboost,1,SHAP,weighted,BMI,0.5144581873947083,
2017-2020,diag,xgboost,1,SHAP,weighted,Smoker,0.06652649171587052,
2017-2020,diag,xgboost,1,SHAP,weighted,Stroke,0.05616271539046072,
2017-2020,diag,xgboost,1,SHAP,weighted,HeartDiseaseorAttack,0.05986968329729689,
2017-2020,diag,xgboost,1,SHAP,weighted,PhysActivity_LTPA,0.04133579305481754,
2017-2020,diag,xgboost,1,SHAP,weighted,AnyHealthcare,0.0591042282997757,
2017-2020,diag,xgboost,1,SHAP,weighted,GenHlth,0.3438384526788815,
2017-2020,diag,xgboost,1,SHAP,weighted,MentHlth,0.06197569394794271,
2017-2020,diag,xgboost,1,SHAP,weighted,Sex,0.09287771346695321,
2017-2020,diag,xgboost,1,SHAP,weighted,Age,0.9537856208963532,
2017-2020,diag,xgboost,1,SHAP,weighted,Education,0.11587466163385002,
2017-2020,diag,xgboost,1,SHAP,weighted,Income,0.1034351502003095,
2017-2020,diag,xgboost,1,PI,unweighted,Diabetes_self,0.00698918712558938,0.0015877684017647396
2017-2020,diag,xgboost,1,PI,unweighted,HighChol,0.0235055872737031,0.004547564964797789
2017-2020,diag,xgboost,1,PI,unweighted,BMI,0.032023560412307105,0.007057329387366269
2017-2020,diag,xgboost,1,PI,unweighted,Smoker,0.00029881078474414124,0.0011393902730173868
2017-2020,diag,xgboost,1,PI,unweighted,Stroke,0.004667303900040387,0.0014013721460358478
2017-2020,diag,xgboost,1,PI,unweighted,HeartDiseaseorAttack,0.003596349973161417,0.001331634771179222
2017-2020,diag,xgboost,1,PI,unweighted,PhysActivity_LTPA,0.0007376980949016732,0.0009471152757789244
2017-2020,diag,xgboost,1,PI,unweighted,AnyHealthcare,0.0011102786891361905,0.0015372504240366938
2017-2020,diag,xgboost,1,PI,unweighted,GenHlth,0.01779287619014802,0.006553457780993741
2017-2020,diag,xgboost,1,PI,unweighted,MentHlth,0.0013112081313273682,0.0015930248872033806
2017-2020,diag,xgboost,1,PI,unweighted,Sex,0.007621253742310719,0.0027987544272297517
2017-2020,diag,xgboost,1,PI,unweighted,Age,0.13683266309012246,0.0068102409532813015
2017-2020,diag,xgboost,1,PI,unweighted,Education,0.0011912245501332186,0.0017227102524564016
2017-2020,diag,xgboost,1,PI,unweighted,Income,0.0043311776474605716,0.0018233459579864027
2017-2020,diag,xgboost,1,PI,weighted,Diabetes_self,0.0070632894683334444,
2017-2020,diag,xgboost,1,PI,weighted,HighChol,0.019299965429259623,
2017-2020,diag,xgboost,1,PI,weighted,BMI,0.03398160798278214,
2017-2020,diag,xgboost,1,PI,weighted,Smoker,0.001250270106240503,
2017-2020,diag,xgboost,1,PI,weighted,Stroke,0.005331548389225704,
2017-2020,diag,xgboost,1,PI,weighted,HeartDiseaseorAttack,0.0036128739836864487,
2017-2020,diag,xgboost,1,PI,weighted,PhysActivity_LTPA,0.00415317646883433,
2017-2020,diag,xgboost,1,PI,weighted,AnyHealthcare,0.002536335452262062,
2017-2020,diag,xgboost,1,PI,weighted,GenHlth,0.01477461954101894,
2017-2020,diag,xgboost,1,PI,weighted,MentHlth,0.0032719996562072472,
2017-2020,diag,xgboost,1,PI,weighted,Sex,0.007004866306270885,
2017-2020,diag,xgboost,1,PI,weighted,Age,0.14788076922680554,
2017-2020,diag,xgboost,1,PI,weighted,Education,0.006950801254315198,
2017-2020,diag,xgboost,1,PI,weighted,Income,0.0049678636330954705,
2017-2020,diag,random_forest,1,SHAP,unweighted,Diabetes_self,0.036086649736692296,
2017-2020,diag,random_forest,1,SHAP,unweighted,HighChol,0.07725096478628765,
2017-2020,diag,random_forest,1,SHAP,unweighted,BMI,0.06474802484085099,
2017-2020,diag,random_forest,1,SHAP,unweighted,Smoker,0.012231107657621478,
2017-2020,diag,random_forest,1,SHAP,unweighted,Stroke,0.010193015897377328,
2017-2020,diag,random_forest,1,SHAP,unweighted,HeartDiseaseorAttack,0.01361177997964566,
2017-2020,diag,random_forest,1,SHAP,unweighted,PhysActivity_LTPA,0.011002959760727762,
2017-2020,diag,random_forest,1,SHAP,unweighted,AnyHealthcare,0.011739994603484122,
2017-2020,diag,random_forest,1,SHAP,unweighted,GenHlth,0.04864796159222079,
2017-2020,diag,random_forest,1,SHAP,unweighted,MentHlth,0.010741421322636929,
2017-2020,diag,random_forest,1,SHAP,unweighted,Sex,0.01182826196584387,
2017-2020,diag,random_forest,1,SHAP,unweighted,Age,0.12837041989289347,
2017-2020,diag,random_forest,1,SHAP,unweighted,Education,0.014599814681234053,
2017-2020,diag,random_forest,1,SHAP,unweighted,Income,0.01253674900486821,
2017-2020,diag,random_forest,1,SHAP,weighted,Diabetes_self,0.03256564306198023,
2017-2020,diag,random_forest,1,SHAP,weighted,HighChol,0.0754147283255144,
2017-2020,diag,random_forest,1,SHAP,weighted,BMI,0.06375467740330501,
2017-2020,diag,random_forest,1,SHAP,weighted,Smoker,0.01199140037192322,
2017-2020,diag,random_forest,1,SHAP,weighted,Stroke,0.00865723618363411,
2017-2020,diag,random_forest,1,SHAP,weighted,HeartDiseaseorAttack,0.012544655953341992,
2017-2020,diag,random_forest,1,SHAP,weighted,PhysActivity_LTPA,0.01111710484886839,
2017-2020,diag,random_forest,1,SHAP,weighted,AnyHealthcare,0.00971121742355963,
2017-2020,diag,random_forest,1,SHAP,weighted,GenHlth,0.048251783424582396,
2017-2020,diag,random_forest,1,SHAP,weighted,MentHlth,0.010437119174385178,
2017-2020,diag,random_forest,1,SHAP,weighted,Sex,0.01159802853906246,
2017-2020,diag,random_forest,1,SHAP,weighted,Age,0.13146208292350345,
2017-2020,diag,random_forest,1,SHAP,weighted,Education,0.013090544567867185,
2017-2020,diag,random_forest,1,SHAP,weighted,Income,0.012047469853647665,
2017-2020,diag,random_forest,1,PI,unweighted,Diabetes_self,0.010635625938268745,0.002203895522192675
2017-2020,diag,random_forest,1,PI,unweighted,HighChol,0.02866373309681063,0.004904116909526843
2017-2020,diag,random_forest,1,PI,unweighted,BMI,0.03146368487374455,0.006882447920470498
2017-2020,diag,random_forest,1,PI,unweighted,Smoker,0.0004981614956039327,0.0027103878295564486
2017-2020,diag,random_forest,1,PI,unweighted,Stroke,0.004502111194353264,0.0010107953842628554
2017-2020,diag,random_forest,1,PI,unweighted,HeartDiseaseorAttack,0.0064893033776238455,0.0015767962976011277
2017-2020,diag,random_forest,1,PI,unweighted,PhysActivity_LTPA,-0.001463914507392783,0.0023723260476418173
2017-2020,diag,random_forest,1,PI,unweighted,AnyHealthcare,0.0012697305536180537,0.0006945285165899285
2017-2020,diag,random_forest,1,PI,unweighted,GenHlth,0.014238290836756295,0.005482883783338188
2017-2020,diag,random_forest,1,PI,unweighted,MentHlth,3.1000542509462824e-05,0.0010848973298529336
2017-2020,diag,random_forest,1,PI,unweighted,Sex,0.011634101744928627,0.00419522452952532
2017-2020,diag,random_forest,1,PI,unweighted,Age,0.1290789394369957,0.0051828212202894505
2017-2020,diag,random_forest,1,PI,unweighted,Education,0.0024349777972966003,0.0017791324684409825
2017-2020,diag,random_forest,1,PI,unweighted,Income,0.0012980041965548472,0.004493413300639472
2017-2020,diag,random_forest,1,PI,weighted,Diabetes_self,0.009910824266212126,
2017-2020,diag,random_forest,1,PI,weighted,HighChol,0.02701745602124315,
2017-2020,diag,random_forest,1,PI,weighted,BMI,0.03430415010847093,
2017-2020,diag,random_forest,1,PI,weighted,Smoker,0.0002897449291560328,
2017-2020,diag,random_forest,1,PI,weighted,Stroke,0.005327640562816471,
2017-2020,diag,random_forest,1,PI,weighted,HeartDiseaseorAttack,0.006417749937416261,
2017-2020,diag,random_forest,1,PI,weighted,PhysActivity_LTPA,0.002077976223389322,
2017-2020,diag,random_forest,1,PI,weighted,AnyHealthcare,0.002608321942342384,
2017-2020,diag,random_forest,1,PI,weighted,GenHlth,0.01255120585635493,
2017-2020,diag,random_forest,1,PI,weighted,MentHlth,-0.0008440879369312815,
2017-2020,diag,random_forest,1,PI,weighted,Sex,0.008178185677124838,
2017-2020,diag,random_forest,1,PI,weighted,Age,0.1357204530988679,
2017-2020,diag,random_forest,1,PI,weighted,Education,0.0021503127401625854,
2017-2020,diag,random_forest,1,PI,weighted,Income,0.004010474890452731,
2017-2020,diag,logistic_regression,1,SHAP,unweighted,Diabetes_self,0.11678049531773771,
2017-2020,diag,logistic_regression,1,SHAP,unweighted,HighChol,0.339737667136588,
2017-2020,diag,logistic_regression,1,SHAP,unweighted,BMI,0.3507950694863645,
2017-2020,diag,logistic_regression,1,SHAP,unweighted,Smoker,0.03408769967928588,
2017-2020,diag,logistic_regression,1,SHAP,unweighted,Stroke,0.05875443042919033,
2017-2020,diag,logistic_regression,1,SHAP,unweighted,HeartDiseaseorAttack,0.03527164135980316,
2017-2020,diag,logistic_regression,1,SHAP,unweighted,PhysActivity_LTPA,0.009214184125810897,
2017-2020,diag,logistic_regression,1,SHAP,unweighted,AnyHealthcare,0.051973413541117265,
2017-2020,diag,logistic_regression,1,SHAP,unweighted,GenHlth,0.27648596306520307,
2017-2020,diag,logistic_regression,1,SHAP,unweighted,MentHlth,0.05774003868047359,
2017-2020,diag,logistic_regression,1,SHAP,unweighted,Sex,0.04477787484667508,
2017-2020,diag,logistic_regression,1,SHAP,unweighted,Age,0.7081360864524471,
2017-2020,diag,logistic_regression,1,SHAP,unweighted,Education,0.0888028729374433,
2017-2020,diag,logistic_regression,1,SHAP,unweighted,Income,0.030612831803072393,
2017-2020,diag,logistic_regression,1,SHAP,weighted,Diabetes_self,0.10161120213687848,
2017-2020,diag,logistic_regression,1,SHAP,weighted,HighChol,0.33954792523201305,
2017-2020,diag,logistic_regression,1,SHAP,weighted,BMI,0.3433251262870618,
2017-2020,diag,logistic_regression,1,SHAP,weighted,Smoker,0.03406378019825269,
2017-2020,diag,logistic_regression,1,SHAP,weighted,Stroke,0.048372002385147383,
2017-2020,diag,logistic_regression,1,SHAP,weighted,HeartDiseaseorAttack,0.031923038120224165,
2017-2020,diag,logistic_regression,1,SHAP,weighted,PhysActivity_LTPA,0.00903564926912309,
2017-2020,diag,logistic_regression,1,SHAP,weighted,AnyHealthcare,0.04492559959430274,
2017-2020,diag,logistic_regression,1,SHAP,weighted,GenHlth,0.28562385496554965,
2017-2020,diag,logistic_regression,1,SHAP,weighted,MentHlth,0.05429340336626875,
2017-2020,diag,logistic_regression,1,SHAP,weighted,Sex,0.04473895929368981,
2017-2020,diag,logistic_regression,1,SHAP,weighted,Age,0.7162810229414188,
2017-2020,diag,logistic_regression,1,SHAP,weighted,Education,0.08438094177548434,
2017-2020,diag,logistic_regression,1,SHAP,weighted,Income,0.03025177373429007,
2017-2020,diag,logistic_regression,1,PI,unweighted,Diabetes_self,0.00560593143713346,0.0017142766094667807
2017-2020,diag,logistic_regression,1,PI,unweighted,HighChol,0.023908594326326593,0.004953290818709459
2017-2020,diag,logistic_regression,1,PI,unweighted,BMI,0.023011587887973216,0.005619491817102767
2017-2020,diag,logistic_regression,1,PI,unweighted,Smoker,0.0001808364979720145,0.0003009318076165835
2017-2020,diag,logistic_regression,1,PI,unweighted,Stroke,0.004251954038825301,0.0010108772507459814
2017-2020,diag,logistic_regression,1,PI,unweighted,HeartDiseaseorAttack,0.0019234688458899419,0.0005948373799331668
2017-2020,diag,logistic_regression,1,PI,unweighted,PhysActivity_LTPA,-2.124111246019078e-05,9.764662942770754e-05
2017-2020,diag,logistic_regression,1,PI,unweighted,AnyHealthcare,0.0002207353443500426,0.0007296476490203956
2017-2020,diag,logistic_regression,1,PI,unweighted,GenHlth,0.016185153610558545,0.003782472545823894
2017-2020,diag,logistic_regression,1,PI,unweighted,MentHlth,0.00071645698244156,0.0008921913700991573
2017-2020,diag,logistic_regression,1,PI,unweighted,Sex,0.0004787861565355267,0.0004792412839166198
2017-2020,diag,logistic_regression,1,PI,unweighted,Age,0.12466868170192977,0.0066208990956476135
2017-2020,diag,logistic_regression,1,PI,unweighted,Education,0.0014340621331243586,0.0009406103342777101
2017-2020,diag,logistic_regression,1,PI,unweighted,Income,-0.0005011754372368337,0.000321479931374284
2017-2020,diag,logistic_regression,1,PI,weighted,Diabetes_self,0.005161126327013909,
2017-2020,diag,logistic_regression,1,PI,weighted,HighChol,0.025444069741442265,
2017-2020,diag,logistic_regression,1,PI,weighted,BMI,0.02244744039141313,
2017-2020,diag,logistic_regression,1,PI,weighted,Smoker,0.0003808725011506531,
2017-2020,diag,logistic_regression,1,PI,weighted,Stroke,0.005074617640941581,
2017-2020,diag,logistic_regression,1,PI,weighted,HeartDiseaseorAttack,0.0015620103787607476,
2017-2020,diag,logistic_regression,1,PI,weighted,PhysActivity_LTPA,0.00013418555054881543,
2017-2020,diag,logistic_regression,1,PI,weighted,AnyHealthcare,0.0003925506288361191,
2017-2020,diag,logistic_regression,1,PI,weighted,GenHlth,0.01475770200132106,
2017-2020,diag,logistic_regression,1,PI,weighted,MentHlth,0.00020903999827012187,
2017-2020,diag,logistic_regression,1,PI,weighted,Sex,0.0013796690005511204,
2017-2020,diag,logistic_regression,1,PI,weighted,Age,0.13272662795457632,
2017-2020,diag,logistic_regression,1,PI,weighted,Education,0.0012353624841729195,
2017-2020,diag,logistic_regression,1,PI,weighted,Income,-0.0002189905986673346,
2017-2020,lab,xgboost,1,SHAP,unweighted,Diabetes_self,0.03422419726848602,
2017-2020,lab,xgboost,1,SHAP,unweighted,HighChol,0.08361704647541046,
2017-2020,lab,xgboost,1,SHAP,unweighted,BMI,0.35428640246391296,
2017-2020,lab,xgboost,1,SHAP,unweighted,Smoker,0.06283199787139893,
2017-2020,lab,xgboost,1,SHAP,unweighted,Stroke,0.04267154633998871,
2017-2020,lab,xgboost,1,SHAP,unweighted,HeartDiseaseorAttack,0.016258519142866135,
2017-2020,lab,xgboost,1,SHAP,unweighted,PhysActivity_LTPA,0.0693347379565239,
2017-2020,lab,xgboost,1,SHAP,unweighted,AnyHealthcare,0.0446021668612957,
2017-2020,lab,xgboost,1,SHAP,unweighted,GenHlth,0.16230009496212006,
2017-2020,lab,xgboost,1,SHAP,unweighted,MentHlth,0.05152512341737747,
2017-2020,lab,xgboost,1,SHAP,unweighted,Sex,0.16896575689315796,
2017-2020,lab,xgboost,1,SHAP,unweighted,Age,0.8503691554069519,
2017-2020,lab,xgboost,1,SHAP,unweighted,Education,0.12462575733661652,
2017-2020,lab,xgboost,1,SHAP,unweighted,Income,0.13356517255306244,
2017-2020,lab,xgboost,1,SHAP,weighted,Diabetes_self,0.030360150294245842,
2017-2020,lab,xgboost,1,SHAP,weighted,HighChol,0.09118581259339249,
2017-2020,lab,xgboost,1,SHAP,weighted,BMI,0.369392642045319,
2017-2020,lab,xgboost,1,SHAP,weighted,Smoker,0.05565478973654685,
2017-2020,lab,xgboost,1,SHAP,weighted,Stroke,0.03665392295811843,
2017-2020,lab,xgboost,1,SHAP,weighted,HeartDiseaseorAttack,0.015354561823891128,
2017-2020,lab,xgboost,1,SHAP,weighted,PhysActivity_LTPA,0.0680048142640765,
2017-2020,lab,xgboost,1,SHAP,weighted,AnyHealthcare,0.04030088582271023,
2017-2020,lab,xgboost,1,SHAP,weighted,GenHlth,0.16422585040554352,
2017-2020,lab,xgboost,1,SHAP,weighted,MentHlth,0.051680275658497324,
2017-2020,lab,xgboost,1,SHAP,weighted,Sex,0.18274364238870522,
2017-2020,lab,xgboost,1,SHAP,weighted,Age,0.9309147621730707,
2017-2020,lab,xgboost,1,SHAP,weighted,Education,0.1234864929379517,
2017-2020,lab,xgboost,1,SHAP,weighted,Income,0.14660990028442178,
2017-2020,lab,xgboost,1,PI,unweighted,Diabetes_self,-0.0008924176010271067,0.0015528534078103002
2017-2020,lab,xgboost,1,PI,unweighted,HighChol,0.003879220375161985,0.002218061475261684
2017-2020,lab,xgboost,1,PI,unweighted,BMI,0.010614885966674125,0.006645716756889158
2017-2020,lab,xgboost,1,PI,unweighted,Smoker,-0.0014977335113442348,0.0028942072949408757
2017-2020,lab,xgboost,1,PI,unweighted,Stroke,0.0023531311412784417,0.0013182717537809918
2017-2020,lab,xgboost,1,PI,unweighted,HeartDiseaseorAttack,-0.00015556264448618462,0.0008175016870087543
2017-2020,lab,xgboost,1,PI,unweighted,PhysActivity_LTPA,-0.004163565259513946,0.0032317740691114893
2017-2020,lab,xgboost,1,PI,unweighted,AnyHealthcare,0.004438064406873133,0.0030194310348411004
2017-2020,lab,xgboost,1,PI,unweighted,GenHlth,0.005085520071519478,0.0063756429264103165
2017-2020,lab,xgboost,1,PI,unweighted,MentHlth,0.002273971415856335,0.0030513155797400942
2017-2020,lab,xgboost,1,PI,unweighted,Sex,0.0032069534532937817,0.002851518016841282
2017-2020,lab,xgboost,1,PI,unweighted,Age,0.16942032238881208,0.02223075492877301
2017-2020,lab,xgboost,1,PI,unweighted,Education,0.005393494724654113,0.0043733469261062925
2017-2020,lab,xgboost,1,PI,unweighted,Income,-0.004501470953106723,0.0035141614342849765
2017-2020,lab,xgboost,1,PI,weighted,Diabetes_self,-0.0026742441544814533,
2017-2020,lab,xgboost,1,PI,weighted,HighChol,0.000920139542495102,
2017-2020,lab,xgboost,1,PI,weighted,BMI,-0.0030607199028774403,
2017-2020,lab,xgboost,1,PI,weighted,Smoker,-0.0009612702590875877,
2017-2020,lab,xgboost,1,PI,weighted,Stroke,0.004049731764704268,
2017-2020,lab,xgboost,1,PI,weighted,HeartDiseaseorAttack,0.0006429166295287448,
2017-2020,lab,xgboost,1,PI,weighted,PhysActivity_LTPA,-0.00260304063742115,
2017-2020,lab,xgboost,1,PI,weighted,AnyHealthcare,0.005265852085399936,
2017-2020,lab,xgboost,1,PI,weighted,GenHlth,-0.0030390477948254225,
2017-2020,lab,xgboost,1,PI,weighted,MentHlth,-0.006289558286559383,
2017-2020,lab,xgboost,1,PI,weighted,Sex,0.0020694749129834267,
2017-2020,lab,xgboost,1,PI,weighted,Age,0.15122691882403091,
2017-2020,lab,xgboost,1,PI,weighted,Education,0.0016241322502501987,
2017-2020,lab,xgboost,1,PI,weighted,Income,-0.005804683247937303,
2017-2020,lab,random_forest,1,SHAP,unweighted,Diabetes_self,0.010083052585947584,
2017-2020,lab,random_forest,1,SHAP,unweighted,HighChol,0.017363400930627174,
2017-2020,lab,random_forest,1,SHAP,unweighted,BMI,0.027292958850801245,
2017-2020,lab,random_forest,1,SHAP,unweighted,Smoker,0.010575710099511222,
2017-2020,lab,random_forest,1,SHAP,unweighted,Stroke,0.008775229993922955,
2017-2020,lab,random_forest,1,SHAP,unweighted,HeartDiseaseorAttack,0.002879841904378347,
2017-2020,lab,random_forest,1,SHAP,unweighted,PhysActivity_LTPA,0.012799263598351122,
2017-2020,lab,random_forest,1,SHAP,unweighted,AnyHealthcare,0.005328127061313833,
2017-2020,lab,random_forest,1,SHAP,unweighted,GenHlth,0.017667287411756577,
2017-2020,lab,random_forest,1,SHAP,unweighted,MentHlth,0.005779713687384235,
2017-2020,lab,random_forest,1,SHAP,unweighted,Sex,0.014580216215801712,
2017-2020,lab,random_forest,1,SHAP,unweighted,Age,0.09023889933075913,
2017-2020,lab,random_forest,1,SHAP,unweighted,Education,0.012685783099055293,
2017-2020,lab,random_forest,1,SHAP,unweighted,Income,0.014024221992464232,
2017-2020,lab,random_forest,1,SHAP,weighted,Diabetes_self,0.009286183436809075,
2017-2020,lab,random_forest,1,SHAP,weighted,HighChol,0.018450969966435322,
2017-2020,lab,random_forest,1,SHAP,weighted,BMI,0.02644266854823874,
2017-2020,lab,random_forest,1,SHAP,weighted,Smoker,0.009661788910148883,
2017-2020,lab,random_forest,1,SHAP,weighted,Stroke,0.007190587849699777,
2017-2020,lab,random_forest,1,SHAP,weighted,HeartDiseaseorAttack,0.002791661912932179,
2017-2020,lab,random_forest,1,SHAP,weighted,PhysActivity_LTPA,0.012214527833741152,
2017-2020,lab,random_forest,1,SHAP,weighted,AnyHealthcare,0.0045451272775012845,
2017-2020,lab,random_forest,1,SHAP,weighted,GenHlth,0.017216454039582694,
2017-2020,lab,random_forest,1,SHAP,weighted,MentHlth,0.005548055139135364,
2017-2020,lab,random_forest,1,SHAP,weighted,Sex,0.014291843392392123,
2017-2020,lab,random_forest,1,SHAP,weighted,Age,0.08785717718680362,
2017-2020,lab,random_forest,1,SHAP,weighted,Education,0.011455088574762731,
2017-2020,lab,random_forest,1,SHAP,weighted,Income,0.013856863231583118,
2017-2020,lab,random_forest,1,PI,unweighted,Diabetes_self,0.003659463525482731,0.003523563346968782
2017-2020,lab,random_forest,1,PI,unweighted,HighChol,0.012999129636849804,0.0072908546112411205
2017-2020,lab,random_forest,1,PI,unweighted,BMI,0.01362197095901414,0.0046660508939201486
2017-2020,lab,random_forest,1,PI,unweighted,Smoker,0.0063910647967642675,0.0039015908786752644
2017-2020,lab,random_forest,1,PI,unweighted,Stroke,0.0017980284896245702,0.002510624237188046
2017-2020,lab,random_forest,1,PI,unweighted,HeartDiseaseorAttack,0.0017100076009089582,0.0017778605603062576
2017-2020,lab,random_forest,1,PI,unweighted,PhysActivity_LTPA,0.002914928894087432,0.0041473152998643525
2017-2020,lab,random_forest,1,PI,unweighted,AnyHealthcare,0.0005159166184225183,0.003155458526915248
2017-2020,lab,random_forest,1,PI,unweighted,GenHlth,0.006226247159504849,0.005928147559745046
2017-2020,lab,random_forest,1,PI,unweighted,MentHlth,-0.003655919060165369,0.003023767271082236
2017-2020,lab,random_forest,1,PI,unweighted,Sex,0.0022655040820425353,0.004206162752548643
2017-2020,lab,random_forest,1,PI,unweighted,Age,0.14864246978343315,0.01815217772028342
2017-2020,lab,random_forest,1,PI,unweighted,Education,0.0004525100721889053,0.004172752765860729
2017-2020,lab,random_forest,1,PI,unweighted,Income,-0.002306265433192767,0.0062809712670691305
2017-2020,lab,random_forest,1,PI,weighted,Diabetes_self,0.010064667642475489,
2017-2020,lab,random_forest,1,PI,weighted,HighChol,0.023856706920201066,
2017-2020,lab,random_forest,1,PI,weighted,BMI,0.01165548885928902,
2017-2020,lab,random_forest,1,PI,weighted,Smoker,0.010337893904138407,
2017-2020,lab,random_forest,1,PI,weighted,Stroke,0.005177760807002796,
2017-2020,lab,random_forest,1,PI,weighted,HeartDiseaseorAttack,-0.0016981369578277007,
2017-2020,lab,random_forest,1,PI,weighted,PhysActivity_LTPA,0.01686452497652735,
2017-2020,lab,random_forest,1,PI,weighted,AnyHealthcare,1.219231855961178e-05,
2017-2020,lab,random_forest,1,PI,weighted,GenHlth,0.011219093958034321,
2017-2020,lab,random_forest,1,PI,weighted,MentHlth,0.001784285953284348,
2017-2020,lab,random_forest,1,PI,weighted,Sex,4.21526657008231e-05,
2017-2020,lab,random_forest,1,PI,weighted,Age,0.14053619424138147,
2017-2020,lab,random_forest,1,PI,weighted,Education,-0.00335338621971325,
2017-2020,lab,random_forest,1,PI,weighted,Income,0.015727838880046398,
2017-2020,lab,logistic_regression,1,SHAP,unweighted,Diabetes_self,0.01845774473658387,
2017-2020,lab,logistic_regression,1,SHAP,unweighted,HighChol,0.0007715833352216873,
2017-2020,lab,logistic_regression,1,SHAP,unweighted,BMI,0.15862047532756354,
2017-2020,lab,logistic_regression,1,SHAP,unweighted,Smoker,0.010943386510501493,
2017-2020,lab,logistic_regression,1,SHAP,unweighted,Stroke,0.032755503757255736,
2017-2020,lab,logistic_regression,1,SHAP,unweighted,HeartDiseaseorAttack,0.022122372597339294,
2017-2020,lab,logistic_regression,1,SHAP,unweighted,PhysActivity_LTPA,0.01739863629051468,
2017-2020,lab,logistic_regression,1,SHAP,unweighted,AnyHealthcare,0.05310321528846795,
2017-2020,lab,logistic_regression,1,SHAP,unweighted,GenHlth,0.09088066160085899,
2017-2020,lab,logistic_regression,1,SHAP,unweighted,MentHlth,0.013910252387008193,
2017-2020,lab,logistic_regression,1,SHAP,unweighted,Sex,0.11629638581465548,
2017-2020,lab,logistic_regression,1,SHAP,unweighted,Age,0.7316644589791051,
2017-2020,lab,logistic_regression,1,SHAP,unweighted,Education,0.03146192550064612,
2017-2020,lab,logistic_regression,1,SHAP,unweighted,Income,0.08535142562497,
2017-2020,lab,logistic_regression,1,SHAP,weighted,Diabetes_self,0.016060161641864926,
2017-2020,lab,logistic_regression,1,SHAP,weighted,HighChol,0.0007711524095230481,
2017-2020,lab,logistic_regression,1,SHAP,weighted,BMI,0.15524275983493038,
2017-2020,lab,logistic_regression,1,SHAP,weighted,Smoker,0.010935707490545737,
2017-2020,lab,logistic_regression,1,SHAP,weighted,Stroke,0.026967316239790057,
2017-2020,lab,logistic_regression,1,SHAP,weighted,HeartDiseaseorAttack,0.020022128727456786,
2017-2020,lab,logistic_regression,1,SHAP,weighted,PhysActivity_LTPA,0.0170615187558229,
2017-2020,lab,logistic_regression,1,SHAP,weighted,AnyHealthcare,0.04590219546254152,
2017-2020,lab,logistic_regression,1,SHAP,weighted,GenHlth,0.09388427759761277,
2017-2020,lab,logistic_regression,1,SHAP,weighted,MentHlth,0.0130799175240222,
2017-2020,lab,logistic_regression,1,SHAP,weighted,Sex,0.11619531495812532,
2017-2020,lab,logistic_regression,1,SHAP,weighted,Age,0.7400800173211162,
2017-2020,lab,logistic_regression,1,SHAP,weighted,Education,0.0298952817177976,
2017-2020,lab,logistic_regression,1,SHAP,weighted,Income,0.0843447621087633,
2017-2020,lab,logistic_regression,1,PI,unweighted,Diabetes_self,7.876589594231209e-05,0.00041431535112927323
2017-2020,lab,logistic_regression,1,PI,unweighted,HighChol,-7.876589594302263e-06,1.1277560039901033e-05
2017-2020,lab,logistic_regression,1,PI,unweighted,BMI,0.007495756487356042,0.004773054411163213
2017-2020,lab,logistic_regression,1,PI,unweighted,Smoker,-0.000285132543311406,0.00023775169619889735
2017-2020,lab,logistic_regression,1,PI,unweighted,Stroke,0.00224443420487791,0.0018832367745281794
2017-2020,lab,logistic_regression,1,PI,unweighted,HeartDiseaseorAttack,0.00025953362713004857,0.000797849247092655
2017-2020,lab,logistic_regression,1,PI,unweighted,PhysActivity_LTPA,0.00022448280343568828,0.0004765808625563705
2017-2020,lab,logistic_regression,1,PI,unweighted,AnyHealthcare,-0.0001614700866819585,0.0018765617241592513
2017-2020,lab,logistic_regression,1,PI,unweighted,GenHlth,0.006686043077068382,0.001931367273734649
2017-2020,lab,logistic_regression,1,PI,unweighted,MentHlth,0.0008345246675093843,0.0004835143500057499
2017-2020,lab,logistic_regression,1,PI,unweighted,Sex,-0.0012366245662953634,0.002195082718553892
2017-2020,lab,logistic_regression,1,PI,unweighted,Age,0.21217248155893453,0.022986872452092376
2017-2020,lab,logistic_regression,1,PI,unweighted,Education,0.0003839837427190296,0.0008116198788617678
2017-2020,lab,logistic_regression,1,PI,unweighted,Income,-0.00030364252885788366,0.002314606213789281
2017-2020,lab,logistic_regression,1,PI,weighted,Diabetes_self,-0.0006883475075985413,
2017-2020,lab,logistic_regression,1,PI,weighted,HighChol,-8.143145911554406e-06,
2017-2020,lab,logistic_regression,1,PI,weighted,BMI,0.011588897981089908,
2017-2020,lab,logistic_regression,1,PI,weighted,Smoker,0.0005237197027762819,
2017-2020,lab,logistic_regression,1,PI,weighted,Stroke,0.003753071587865775,
2017-2020,lab,logistic_regression,1,PI,weighted,HeartDiseaseorAttack,0.002103519141570853,
2017-2020,lab,logistic_regression,1,PI,weighted,PhysActivity_LTPA,-6.229580626387898e-05,
2017-2020,lab,logistic_regression,1,PI,weighted,AnyHealthcare,0.0009413099620929511,
2017-2020,lab,logistic_regression,1,PI,weighted,GenHlth,0.011101600590938376,
2017-2020,lab,logistic_regression,1,PI,weighted,MentHlth,0.00045288158344177767,
2017-2020,lab,logistic_regression,1,PI,weighted,Sex,-0.000803206914207677,
2017-2020,lab,logistic_regression,1,PI,weighted,Age,0.2138349738767892,
2017-2020,lab,logistic_regression,1,PI,weighted,Education,0.001493850904267502,
2017-2020,lab,logistic_regression,1,PI,weighted,Income,0.002170940097139018,
2017-2020,total,xgboost,1,SHAP,unweighted,Diabetes_self,0.13622187077999115,
2017-2020,total,xgboost,1,SHAP,unweighted,HighChol,0.29611289501190186,
2017-2020,total,xgboost,1,SHAP,unweighted,BMI,0.5017985105514526,
2017-2020,total,xgboost,1,SHAP,unweighted,Smoker,0.0779501348733902,
2017-2020,total,xgboost,1,SHAP,unweighted,Stroke,0.06835946440696716,
2017-2020,total,xgboost,1,SHAP,unweighted,HeartDiseaseorAttack,0.032936856150627136,
2017-2020,total,xgboost,1,SHAP,unweighted,PhysActivity_LTPA,0.041944075375795364,
2017-2020,total,xgboost,1,SHAP,unweighted,AnyHealthcare,0.06054975092411041,
2017-2020,total,xgboost,1,SHAP,unweighted,GenHlth,0.30808839201927185,
2017-2020,total,xgboost,1,SHAP,unweighted,MentHlth,0.05884169414639473,
2017-2020,total,xgboost,1,SHAP,unweighted,Sex,0.12957356870174408,
2017-2020,total,xgboost,1,SHAP,unweighted,Age,0.9877038598060608,
2017-2020,total,xgboost,1,SHAP,unweighted,Education,0.13127227127552032,
2017-2020,total,xgboost,1,SHAP,unweighted,Income,0.10433197021484375,
2017-2020,total,xgboost,1,SHAP,weighted,Diabetes_self,0.12385229923680338,
2017-2020,total,xgboost,1,SHAP,weighted,HighChol,0.29352699729465065,
2017-2020,total,xgboost,1,SHAP,weighted,BMI,0.5022498643518565,
2017-2020,total,xgboost,1,SHAP,weighted,Smoker,0.07605397746217173,
2017-2020,total,xgboost,1,SHAP,weighted,Stroke,0.05456318272702148,
2017-2020,total,xgboost,1,SHAP,weighted,HeartDiseaseorAttack,0.031706578419589744,
2017-2020,total,xgboost,1,SHAP,weighted,PhysActivity_LTPA,0.03998219686651434,
2017-2020,total,xgboost,1,SHAP,weighted,AnyHealthcare,0.054980051478775396,
2017-2020,total,xgboost,1,SHAP,weighted,GenHlth,0.30790069472724585,
2017-2020,total,xgboost,1,SHAP,weighted,MentHlth,0.05635765599764599,
2017-2020,total,xgboost,1,SHAP,weighted,Sex,0.14563356369072156,
2017-2020,total,xgboost,1,SHAP,weighted,Age,1.0387622530845404,
2017-2020,total,xgboost,1,SHAP,weighted,Education,0.12232088438742425,
2017-2020,total,xgboost,1,SHAP,weighted,Income,0.11021471908388218,
2017-2020,total,xgboost,1,PI,unweighted,Diabetes_self,0.004191763314253227,0.0013203175110941857
2017-2020,total,xgboost,1,PI,unweighted,HighChol,0.01116317013147713,0.0030886800010071257
2017-2020,total,xgboost,1,PI,unweighted,BMI,0.03062475356565021,0.006830516043749446
2017-2020,total,xgboost,1,PI,unweighted,Smoker,0.002137622537356143,0.000839209550872557
2017-2020,total,xgboost,1,PI,unweighted,Stroke,0.004734258793457557,0.0015532582119916953
2017-2020,total,xgboost,1,PI,unweighted,HeartDiseaseorAttack,0.0009411412799631092,0.000851764148162418
2017-2020,total,xgboost,1,PI,unweighted,PhysActivity_LTPA,-0.00025289262940344506,0.0009915759280572827
2017-2020,total,xgboost,1,PI,unweighted,AnyHealthcare,0.0021816748018329115,0.0014609020775723984
2017-2020,total,xgboost,1,PI,unweighted,GenHlth,0.01026091449237937,0.004328699695487244
2017-2020,total,xgboost,1,PI,unweighted,MentHlth,0.0006333192837429502,0.0013665318697585074
2017-2020,total,xgboost,1,PI,unweighted,Sex,0.006807978354566468,0.0028775818798081965
2017-2020,total,xgboost,1,PI,unweighted,Age,0.16226651620008442,0.01459655256634379
2017-2020,total,xgboost,1,PI,unweighted,Education,-0.0015013120504696275,0.002137549339472128
2017-2020,total,xgboost,1,PI,unweighted,Income,0.0006322315735089679,0.0028219077830805316
2017-2020,total,xgboost,1,PI,weighted,Diabetes_self,0.006686530071367924,
2017-2020,total,xgboost,1,PI,weighted,HighChol,0.007658153709818749,
2017-2020,total,xgboost,1,PI,weighted,BMI,0.03787816023362124,
2017-2020,total,xgboost,1,PI,weighted,Smoker,0.0024776695975647577,
2017-2020,total,xgboost,1,PI,weighted,Stroke,0.005032358689191096,
2017-2020,total,xgboost,1,PI,weighted,HeartDiseaseorAttack,-0.000731688130041841,
2017-2020,total,xgboost,1,PI,weighted,PhysActivity_LTPA,0.001571757740604185,
2017-2020,total,xgboost,1,PI,weighted,AnyHealthcare,0.0033869084512753835,
2017-2020,total,xgboost,1,PI,weighted,GenHlth,0.011480601506471844,
2017-2020,total,xgboost,1,PI,weighted,MentHlth,0.0021270046846105562,
2017-2020,total,xgboost,1,PI,weighted,Sex,0.010200543866296662,
2017-2020,total,xgboost,1,PI,weighted,Age,0.16269972059472457,
2017-2020,total,xgboost,1,PI,weighted,Education,0.0036982463349782835,
2017-2020,total,xgboost,1,PI,weighted,Income,-0.00036504475624110633,
2017-2020,total,random_forest,1,SHAP,unweighted,Diabetes_self,0.033843208551656914,
2017-2020,total,random_forest,1,SHAP,unweighted,HighChol,0.06664100987209028,
2017-2020,total,random_forest,1,SHAP,unweighted,BMI,0.060047621261834376,
2017-2020,total,random_forest,1,SHAP,unweighted,Smoker,0.0161346785454076,
2017-2020,total,random_forest,1,SHAP,unweighted,Stroke,0.010065843366092248,
2017-2020,total,random_forest,1,SHAP,unweighted,HeartDiseaseorAttack,0.008923633641374393,
2017-2020,total,random_forest,1,SHAP,unweighted,PhysActivity_LTPA,0.012106755377831721,
2017-2020,total,random_forest,1,SHAP,unweighted,AnyHealthcare,0.01255986784992532,
2017-2020,total,random_forest,1,SHAP,unweighted,GenHlth,0.048981308437590645,
2017-2020,total,random_forest,1,SHAP,unweighted,MentHlth,0.008197699074360219,
2017-2020,total,random_forest,1,SHAP,unweighted,Sex,0.015088689289523565,
2017-2020,total,random_forest,1,SHAP,unweighted,Age,0.15426344385930577,
2017-2020,total,random_forest,1,SHAP,unweighted,Education,0.01646505813713834,
2017-2020,total,random_forest,1,SHAP,unweighted,Income,0.012995324794886166,
2017-2020,total,random_forest,1,SHAP,weighted,Diabetes_self,0.031206326873276645,
2017-2020,total,random_forest,1,SHAP,weighted,HighChol,0.06704205845297524,
2017-2020,total,random_forest,1,SHAP,weighted,BMI,0.059660966572830446,
2017-2020,total,random_forest,1,SHAP,weighted,Smoker,0.015958488471534405,
2017-2020,total,random_forest,1,SHAP,weighted,Stroke,0.008554965813058157,
2017-2020,total,random_forest,1,SHAP,weighted,HeartDiseaseorAttack,0.00835033550756073,
2017-2020,total,random_forest,1,SHAP,weighted,PhysActivity_LTPA,0.012436922496359032,
2017-2020,total,random_forest,1,SHAP,weighted,AnyHealthcare,0.010388602291935512,
2017-2020,total,random_forest,1,SHAP,weighted,GenHlth,0.049035579230570135,
2017-2020,total,random_forest,1,SHAP,weighted,MentHlth,0.008030491418019352,
2017-2020,total,random_forest,1,SHAP,weighted,Sex,0.01615775273844044,
2017-2020,total,random_forest,1,SHAP,weighted,Age,0.1564094262021645,
2017-2020,total,random_forest,1,SHAP,weighted,Education,0.01533860562266046,
2017-2020,total,random_forest,1,SHAP,weighted,Income,0.01282296304783309,
2017-2020,total,random_forest,1,PI,unweighted,Diabetes_self,0.009096928578226682,0.0018048347522319074
2017-2020,total,random_forest,1,PI,unweighted,HighChol,0.010396742307849172,0.004570375350410419
2017-2020,total,random_forest,1,PI,unweighted,BMI,0.026723816775210983,0.005725894066036801
2017-2020,total,random_forest,1,PI,unweighted,Smoker,0.0028406912398535877,0.002779127588802151
2017-2020,total,random_forest,1,PI,unweighted,Stroke,0.003754231872629121,0.0012499643238802003
2017-2020,total,random_forest,1,PI,unweighted,HeartDiseaseorAttack,0.00328529279799854,0.0011591640700673509
2017-2020,total,random_forest,1,PI,unweighted,PhysActivity_LTPA,-3.099974166890229e-05,0.002657150597936834
2017-2020,total,random_forest,1,PI,unweighted,AnyHealthcare,0.0018221865694977967,0.0011822859871336987
2017-2020,total,random_forest,1,PI,unweighted,GenHlth,0.008541652503772923,0.003774830651471384
2017-2020,total,random_forest,1,PI,unweighted,MentHlth,-0.00020122639328890024,0.0017620927821850815
2017-2020,total,random_forest,1,PI,unweighted,Sex,0.007689975390555881,0.003820997683974838
2017-2020,total,random_forest,1,PI,unweighted,Age,0.15190213327169633,0.01044113087236435
2017-2020,total,random_forest,1,PI,unweighted,Education,-0.0008936899210051253,0.0020942728302546947
2017-2020,total,random_forest,1,PI,unweighted,Income,-0.002955580633319366,0.0035977988489143027
2017-2020,total,random_forest,1,PI,weighted,Diabetes_self,0.012082543184398975,
2017-2020,total,random_forest,1,PI,weighted,HighChol,0.00946107722378604,
2017-2020,total,random_forest,1,PI,weighted,BMI,0.03129678080934791,
2017-2020,total,random_forest,1,PI,weighted,Smoker,0.0024870512457893512,
2017-2020,total,random_forest,1,PI,weighted,Stroke,0.0039953467726078105,
2017-2020,total,random_forest,1,PI,weighted,HeartDiseaseorAttack,0.0020722367705940047,
2017-2020,total,random_forest,1,PI,weighted,PhysActivity_LTPA,0.002209810356098818,
2017-2020,total,random_forest,1,PI,weighted,AnyHealthcare,0.0018081127669991037,
2017-2020,total,random_forest,1,PI,weighted,GenHlth,0.0128398514864139,
2017-2020,total,random_forest,1,PI,weighted,MentHlth,0.0001735321614107943,
2017-2020,total,random_forest,1,PI,weighted,Sex,0.012187550944534054,
2017-2020,total,random_forest,1,PI,weighted,Age,0.1523481344602785,
2017-2020,total,random_forest,1,PI,weighted,Education,-0.0005435115808752778,
2017-2020,total,random_forest,1,PI,weighted,Income,-0.0008698125334026363,
2017-2020,total,logistic_regression,1,SHAP,unweighted,Diabetes_self,0.10959265525029066,
2017-2020,total,logistic_regression,1,SHAP,unweighted,HighChol,0.25697142550954327,
2017-2020,total,logistic_regression,1,SHAP,unweighted,BMI,0.3396873790359575,
2017-2020,total,logistic_regression,1,SHAP,unweighted,Smoker,0.06192654187785693,
2017-2020,total,logistic_regression,1,SHAP,unweighted,Stroke,0.062461123271273095,
2017-2020,total,logistic_regression,1,SHAP,unweighted,HeartDiseaseorAttack,0.001584472292005808,
2017-2020,total,logistic_regression,1,SHAP,unweighted,PhysActivity_LTPA,0.009251672290377353,
2017-2020,total,logistic_regression,1,SHAP,unweighted,AnyHealthcare,0.039853276723320626,
2017-2020,total,logistic_regression,1,SHAP,unweighted,GenHlth,0.2540035029952588,
2017-2020,total,logistic_regression,1,SHAP,unweighted,MentHlth,0.031228160780226413,
2017-2020,total,logistic_regression,1,SHAP,unweighted,Sex,0.13015749074743094,
2017-2020,total,logistic_regression,1,SHAP,unweighted,Age,0.8490424798803113,
2017-2020,total,logistic_regression,1,SHAP,unweighted,Education,0.054859880108134286,
2017-2020,total,logistic_regression,1,SHAP,unweighted,Income,0.060351955730337664,
2017-2020,total,logistic_regression,1,SHAP,weighted,Diabetes_self,0.09535703214013694,
2017-2020,total,logistic_regression,1,SHAP,weighted,HighChol,0.256827908165392,
2017-2020,total,logistic_regression,1,SHAP,weighted,BMI,0.33245396657484727,
2017-2020,total,logistic_regression,1,SHAP,weighted,Smoker,0.06188308776514631,
2017-2020,total,logistic_regression,1,SHAP,weighted,Stroke,0.05142368978452385,
2017-2020,total,logistic_regression,1,SHAP,weighted,HeartDiseaseorAttack,0.0014340463734638007,
2017-2020,total,logistic_regression,1,SHAP,weighted,PhysActivity_LTPA,0.009072411059655982,
2017-2020,total,logistic_regression,1,SHAP,weighted,AnyHealthcare,0.034449004416007206,
2017-2020,total,logistic_regression,1,SHAP,weighted,GenHlth,0.26239834708408377,
2017-2020,total,logistic_regression,1,SHAP,weighted,MentHlth,0.029364080253048354,
2017-2020,total,logistic_regression,1,SHAP,weighted,Sex,0.1300443734825986,
2017-2020,total,logistic_regression,1,SHAP,weighted,Age,0.858808112796595,
2017-2020,total,logistic_regression,1,SHAP,weighted,Education,0.05212813725604909,
2017-2020,total,logistic_regression,1,SHAP,weighted,Income,0.059640144398298726,
2017-2020,total,logistic_regression,1,PI,unweighted,Diabetes_self,0.003985642224911301,0.0013976198534139826
2017-2020,total,logistic_regression,1,PI,unweighted,HighChol,0.011223809977022136,0.0033881179143606392
2017-2020,total,logistic_regression,1,PI,unweighted,BMI,0.021594855130593192,0.00466819207882555
2017-2020,total,logistic_regression,1,PI,unweighted,Smoker,0.0005694163074956516,0.00037420077694696633
2017-2020,total,logistic_regression,1,PI,unweighted,Stroke,0.004333709499789196,0.0015042274786875572
2017-2020,total,logistic_regression,1,PI,unweighted,HeartDiseaseorAttack,3.399094481226772e-05,4.1208466020135326e-05
2017-2020,total,logistic_regression,1,PI,unweighted,PhysActivity_LTPA,-4.894696053003856e-06,7.063629118206088e-05
2017-2020,total,logistic_regression,1,PI,unweighted,AnyHealthcare,0.0006586085466831149,0.0005303128429233592
2017-2020,total,logistic_regression,1,PI,unweighted,GenHlth,0.01417966253789985,0.0030314381894705326
2017-2020,total,logistic_regression,1,PI,unweighted,MentHlth,-6.471875892263279e-05,0.00027500683484921965
2017-2020,total,logistic_regression,1,PI,unweighted,Sex,0.0016625650926592739,0.001298843530504442
2017-2020,total,logistic_regression,1,PI,unweighted,Age,0.17067043739547785,0.012276356747719621
2017-2020,total,logistic_regression,1,PI,unweighted,Education,0.00036764605908982115,0.000634830362690407
2017-2020,total,logistic_regression,1,PI,unweighted,Income,-0.000533793797332438,0.0005030542975507209
2017-2020,total,logistic_regression,1,PI,weighted,Diabetes_self,0.005653389992189406,
2017-2020,total,logistic_regression,1,PI,weighted,HighChol,0.007141895885305283,
2017-2020,total,logistic_regression,1,PI,weighted,BMI,0.026060958510785416,
2017-2020,total,logistic_regression,1,PI,weighted,Smoker,0.0010810117151182964,
2017-2020,total,logistic_regression,1,PI,weighted,Stroke,0.005176390374712947,
2017-2020,total,logistic_regression,1,PI,weighted,HeartDiseaseorAttack,4.311756748037743e-05,
2017-2020,total,logistic_regression,1,PI,weighted,PhysActivity_LTPA,-7.405307993303411e-05,
2017-2020,total,logistic_regression,1,PI,weighted,AnyHealthcare,0.0005668499666153237,
2017-2020,total,logistic_regression,1,PI,weighted,GenHlth,0.02224157778664677,
2017-2020,total,logistic_regression,1,PI,weighted,MentHlth,-0.00041493302968725887,
2017-2020,total,logistic_regression,1,PI,weighted,Sex,0.0033718062937262427,
2017-2020,total,logistic_regression,1,PI,weighted,Age,0.1705339357688457,
2017-2020,total,logistic_regression,1,PI,weighted,Education,-0.0002996111863663109,
2017-2020,total,logistic_regression,1,PI,weighted,Income,-0.0005079860773324785,
2017-2020,diag,xgboost,2,SHAP,unweighted,Diabetes_self,0.1310236155986786,
2017-2020,diag,xgboost,2,SHAP,unweighted,HighChol,0.3461683690547943,
2017-2020,diag,xgboost,2,SHAP,unweighted,BMI,0.4721575379371643,
2017-2020,diag,xgboost,2,SHAP,unweighted,Smoker,0.05963965505361557,
2017-2020,diag,xgboost,2,SHAP,unweighted,Stroke,0.07319677621126175,
2017-2020,diag,xgboost,2,SHAP,unweighted,HeartDiseaseorAttack,0.06570252031087875,
2017-2020,diag,xgboost,2,SHAP,unweighted,PhysActivity_LTPA,0.05140354856848717,
2017-2020,diag,xgboost,2,SHAP,unweighted,AnyHealthcare,0.06926228851079941,
2017-2020,diag,xgboost,2,SHAP,unweighted,GenHlth,0.33534327149391174,
2017-2020,diag,xgboost,2,SHAP,unweighted,MentHlth,0.07566576451063156,
2017-2020,diag,xgboost,2,SHAP,unweighted,Sex,0.10263889282941818,
2017-2020,diag,xgboost,2,SHAP,unweighted,Age,0.9429783225059509,
2017-2020,diag,xgboost,2,SHAP,unweighted,Education,0.12794794142246246,
2017-2020,diag,xgboost,2,SHAP,unweighted,Income,0.11041734367609024,
2017-2020,diag,xgboost,2,SHAP,weighted,Diabetes_self,0.11745051886062989,
2017-2020,diag,xgboost,2,SHAP,weighted,HighChol,0.33527742094685503,
2017-2020,diag,xgboost,2,SHAP,weighted,BMI,0.490759136922217,
2017-2020,diag,xgboost,2,SHAP,weighted,Smoker,0.06099957927619883,
2017-2020,diag,xgboost,2,SHAP,weighted,Stroke,0.05573053797258563,
2017-2020,diag,xgboost,2,SHAP,weighted,HeartDiseaseorAttack,0.05723895537672295,
2017-2020,diag,xgboost,2,SHAP,weighted,PhysActivity_LTPA,0.05157315122571519,
2017-2020,diag,xgboost,2,SHAP,weighted,AnyHealthcare,0.06273300356029551,
2017-2020,diag,xgboost,2,SHAP,weighted,GenHlth,0.3467142411383566,
2017-2020,diag,xgboost,2,SHAP,weighted,MentHlth,0.07690135191182094,
2017-2020,diag,xgboost,2,SHAP,weighted,Sex,0.10925494777763807,
2017-2020,diag,xgboost,2,SHAP,weighted,Age,0.9738125024870479,
2017-2020,diag,xgboost,2,SHAP,weighted,Education,0.10925426426639646,
2017-2020,diag,xgboost,2,SHAP,weighted,Income,0.11106178338592931,
2017-2020,diag,xgboost,2,PI,unweighted,Diabetes_self,0.009427609427609496,0.0015268366999768616
2017-2020,diag,xgboost,2,PI,unweighted,HighChol,0.025097235497917602,0.002263278209800231
2017-2020,diag,xgboost,2,PI,unweighted,BMI,0.035432184878050256,0.0061711457456639805
2017-2020,diag,xgboost,2,PI,unweighted,Smoker,0.002843725691125609,0.0009543326621951748
2017-2020,diag,xgboost,2,PI,unweighted,Stroke,0.00045008195050827426,0.0013355014288701816
2017-2020,diag,xgboost,2,PI,unweighted,HeartDiseaseorAttack,0.0038644472574567157,0.001571584010152491
2017-2020,diag,xgboost,2,PI,unweighted,PhysActivity_LTPA,-0.00039554395905624375,0.0007738323882142491
2017-2020,diag,xgboost,2,PI,unweighted,AnyHealthcare,0.001578444289441794,0.0016713823258141514
2017-2020,diag,xgboost,2,PI,unweighted,GenHlth,0.024475215353305758,0.0037677764616833127
2017-2020,diag,xgboost,2,PI,unweighted,MentHlth,-8.898303868456469e-05,0.0013519589623884997
2017-2020,diag,xgboost,2,PI,unweighted,Sex,0.007766209982748828,0.0019426281386496773
2017-2020,diag,xgboost,2,PI,unweighted,Age,0.14253934629041196,0.006417659910647723
2017-2020,diag,xgboost,2,PI,unweighted,Education,0.005003143110560049,0.001328663716621926
2017-2020,diag,xgboost,2,PI,unweighted,Income,-0.00042324351787261796,0.001156560541380193
2017-2020,diag,xgboost,2,PI,weighted,Diabetes_self,0.008016847242652303,
2017-2020,diag,xgboost,2,PI,weighted,HighChol,0.021932579416439012,
2017-2020,diag,xgboost,2,PI,weighted,BMI,0.041896568642166676,
2017-2020,diag,xgboost,2,PI,weighted,Smoker,0.002927289212286621,
2017-2020,diag,xgboost,2,PI,weighted,Stroke,6.845221875440011e-07,
2017-2020,diag,xgboost,2,PI,weighted,HeartDiseaseorAttack,0.0013122303827139525,
2017-2020,diag,xgboost,2,PI,weighted,PhysActivity_LTPA,0.0007280796465483297,
2017-2020,diag,xgboost,2,PI,weighted,AnyHealthcare,0.0038255056991374882,
2017-2020,diag,xgboost,2,PI,weighted,GenHlth,0.0336773392686463,
2017-2020,diag,xgboost,2,PI,weighted,MentHlth,-0.0014288897020885538,
2017-2020,diag,xgboost,2,PI,weighted,Sex,0.007263047683243462,
2017-2020,diag,xgboost,2,PI,weighted,Age,0.14358010448143174,
2017-2020,diag,xgboost,2,PI,weighted,Education,0.004126667226096592,
2017-2020,diag,xgboost,2,PI,weighted,Income,-0.00437096628445095,
2017-2020,diag,random_forest,2,SHAP,unweighted,Diabetes_self,0.03741957369113062,
2017-2020,diag,random_forest,2,SHAP,unweighted,HighChol,0.07135687082261305,
2017-2020,diag,random_forest,2,SHAP,unweighted,BMI,0.061210471031363754,
2017-2020,diag,random_forest,2,SHAP,unweighted,Smoker,0.013028703525702245,
2017-2020,diag,random_forest,2,SHAP,unweighted,Stroke,0.01242014272699459,
2017-2020,diag,random_forest,2,SHAP,unweighted,HeartDiseaseorAttack,0.013576896792333593,
2017-2020,diag,random_forest,2,SHAP,unweighted,PhysActivity_LTPA,0.011300320138241065,
2017-2020,diag,random_forest,2,SHAP,unweighted,AnyHealthcare,0.01128169043851714,
2017-2020,diag,random_forest,2,SHAP,unweighted,GenHlth,0.04951402844080053,
2017-2020,diag,random_forest,2,SHAP,unweighted,MentHlth,0.009952904195611548,
2017-2020,diag,random_forest,2,SHAP,unweighted,Sex,0.013070250528367702,
2017-2020,diag,random_forest,2,SHAP,unweighted,Age,0.13275411191038658,
2017-2020,diag,random_forest,2,SHAP,unweighted,Education,0.013609825023440658,
2017-2020,diag,random_forest,2,SHAP,unweighted,Income,0.011932922416212077,
2017-2020,diag,random_forest,2,SHAP,weighted,Diabetes_self,0.03379142252591857,
2017-2020,diag,random_forest,2,SHAP,weighted,HighChol,0.06932891615753994,
2017-2020,diag,random_forest,2,SHAP,weighted,BMI,0.06129592533728023,
2017-2020,diag,random_forest,2,SHAP,weighted,Smoker,0.013463569530022609,
2017-2020,diag,random_forest,2,SHAP,weighted,Stroke,0.00978111432142139,
2017-2020,diag,random_forest,2,SHAP,weighted,HeartDiseaseorAttack,0.012089948450684422,
2017-2020,diag,random_forest,2,SHAP,weighted,PhysActivity_LTPA,0.01189046315853704,
2017-2020,diag,random_forest,2,SHAP,weighted,AnyHealthcare,0.009795508082096806,
2017-2020,diag,random_forest,2,SHAP,weighted,GenHlth,0.04932310379579358,
2017-2020,diag,random_forest,2,SHAP,weighted,MentHlth,0.009985192786685367,
2017-2020,diag,random_forest,2,SHAP,weighted,Sex,0.013712541534627302,
2017-2020,diag,random_forest,2,SHAP,weighted,Age,0.1326718035043069,
2017-2020,diag,random_forest,2,SHAP,weighted,Education,0.012484978587580147,
2017-2020,diag,random_forest,2,SHAP,weighted,Income,0.01168707820402676,
2017-2020,diag,random_forest,2,PI,unweighted,Diabetes_self,0.009664706169394988,0.0025464416701611987
2017-2020,diag,random_forest,2,PI,unweighted,HighChol,0.02900057695454118,0.004221474905147494
2017-2020,diag,random_forest,2,PI,unweighted,BMI,0.02267775797187561,0.005247242154248753
2017-2020,diag,random_forest,2,PI,unweighted,Smoker,0.005086241787009038,0.002392437151629983
2017-2020,diag,random_forest,2,PI,unweighted,Stroke,-0.00023838843105683516,0.001647539218121027
2017-2020,diag,random_forest,2,PI,unweighted,HeartDiseaseorAttack,0.003629933894213544,0.0019203349600048483
2017-2020,diag,random_forest,2,PI,unweighted,PhysActivity_LTPA,-0.0019276309557639038,0.002995229257993935
2017-2020,diag,random_forest,2,PI,unweighted,AnyHealthcare,0.0036513185277038617,0.0014761530342127672
2017-2020,diag,random_forest,2,PI,unweighted,GenHlth,0.020994686851464363,0.0032021454983339496
2017-2020,diag,random_forest,2,PI,unweighted,MentHlth,-0.0010815744831089492,0.0030943609523841255
2017-2020,diag,random_forest,2,PI,unweighted,Sex,0.008382632807185219,0.003324144799396343
2017-2020,diag,random_forest,2,PI,unweighted,Age,0.12296092496433504,0.008917015200270167
2017-2020,diag,random_forest,2,PI,unweighted,Education,0.00021700379756649512,0.0019286081118479177
2017-2020,diag,random_forest,2,PI,unweighted,Income,0.0029497877323964804,0.0022287684833893367
2017-2020,diag,random_forest,2,PI,weighted,Diabetes_self,0.008467260787351383,
2017-2020,diag,random_forest,2,PI,weighted,HighChol,0.027355940567686376,
2017-2020,diag,random_forest,2,PI,weighted,BMI,0.035917783366936275,
2017-2020,diag,random_forest,2,PI,weighted,Smoker,0.005506118304871155,
2017-2020,diag,random_forest,2,PI,weighted,Stroke,0.00037763108794269806,
2017-2020,diag,random_forest,2,PI,weighted,HeartDiseaseorAttack,0.0015534624021068533,
2017-2020,diag,random_forest,2,PI,weighted,PhysActivity_LTPA,-0.0017595925135218127,
2017-2020,diag,random_forest,2,PI,weighted,AnyHealthcare,0.004738702189713451,
2017-2020,diag,random_forest,2,PI,weighted,GenHlth,0.03389316918323236,
2017-2020,diag,random_forest,2,PI,weighted,MentHlth,-0.00011508498124186417,
2017-2020,diag,random_forest,2,PI,weighted,Sex,0.003450879862109657,
2017-2020,diag,random_forest,2,PI,weighted,Age,0.13159723102068724,
2017-2020,diag,random_forest,2,PI,weighted,Education,-0.00037412312154994076,
2017-2020,diag,random_forest,2,PI,weighted,Income,0.005728941875365967,
2017-2020,diag,logistic_regression,2,SHAP,unweighted,Diabetes_self,0.12279051485978869,
2017-2020,diag,logistic_regression,2,SHAP,unweighted,HighChol,0.3238054580193253,
2017-2020,diag,logistic_regression,2,SHAP,unweighted,BMI,0.3101259736928916,
2017-2020,diag,logistic_regression,2,SHAP,unweighted,Smoker,0.019234360110569327,
2017-2020,diag,logistic_regression,2,SHAP,unweighted,Stroke,0.06152508532424109,
2017-2020,diag,logistic_regression,2,SHAP,unweighted,HeartDiseaseorAttack,0.03482437345939314,
2017-2020,diag,logistic_regression,2,SHAP,unweighted,PhysActivity_LTPA,0.0002101660256832154,
2017-2020,diag,logistic_regression,2,SHAP,unweighted,AnyHealthcare,0.055789354094695646,
2017-2020,diag,logistic_regression,2,SHAP,unweighted,GenHlth,0.2766290763747394,
2017-2020,diag,logistic_regression,2,SHAP,unweighted,MentHlth,0.056360118875661336,
2017-2020,diag,logistic_regression,2,SHAP,unweighted,Sex,0.043073365942834264,
2017-2020,diag,logistic_regression,2,SHAP,unweighted,Age,0.7124483214576492,
2017-2020,diag,logistic_regression,2,SHAP,unweighted,Education,0.081063835995417,
2017-2020,diag,logistic_regression,2,SHAP,unweighted,Income,0.011079810524283798,
2017-2020,diag,logistic_regression,2,SHAP,weighted,Diabetes_self,0.11055597107107894,
2017-2020,diag,logistic_regression,2,SHAP,weighted,HighChol,0.3169437878111151,
2017-2020,diag,logistic_regression,2,SHAP,weighted,BMI,0.3058435531607637,
2017-2020,diag,logistic_regression,2,SHAP,weighted,Smoker,0.019497029754777843,
2017-2020,diag,logistic_regression,2,SHAP,weighted,Stroke,0.04631529400626616,
2017-2020,diag,logistic_regression,2,SHAP,weighted,HeartDiseaseorAttack,0.030149874647517616,
2017-2020,diag,logistic_regression,2,SHAP,weighted,PhysActivity_LTPA,0.00021165615023855945,
2017-2020,diag,logistic_regression,2,SHAP,weighted,AnyHealthcare,0.05308304521930442,
2017-2020,diag,logistic_regression,2,SHAP,weighted,GenHlth,0.27107048632381275,
2017-2020,diag,logistic_regression,2,SHAP,weighted,MentHlth,0.05447904516481083,
2017-2020,diag,logistic_regression,2,SHAP,weighted,Sex,0.04315371623698059,
2017-2020,diag,logistic_regression,2,SHAP,weighted,Age,0.7132043191527592,
2017-2020,diag,logistic_regression,2,SHAP,weighted,Education,0.07656365707965666,
2017-2020,diag,logistic_regression,2,SHAP,weighted,Income,0.011757169648189647,
2017-2020,diag,logistic_regression,2,PI,unweighted,Diabetes_self,0.0065752724746756756,0.0019152955625006726
2017-2020,diag,logistic_regression,2,PI,unweighted,HighChol,0.02451310490526174,0.0036204442103799726
2017-2020,diag,logistic_regression,2,PI,unweighted,BMI,0.026955258754065226,0.0031990458498175325
2017-2020,diag,logistic_regression,2,PI,unweighted,Smoker,1.5500271254753618e-05,0.00039983877164591846
2017-2020,diag,logistic_regression,2,PI,unweighted,Stroke,0.003626776431550527,0.002099022714830015
2017-2020,diag,logistic_regression,2,PI,unweighted,HeartDiseaseorAttack,0.001530508265376118,0.0006818536571208858
2017-2020,diag,logistic_regression,2,PI,unweighted,PhysActivity_LTPA,-2.0092944219674e-06,6.918845053685221e-06
2017-2020,diag,logistic_regression,2,PI,unweighted,AnyHealthcare,0.0003048386680099435,0.0006173257107878512
2017-2020,diag,logistic_regression,2,PI,unweighted,GenHlth,0.02130024312462504,0.003599926346359437
2017-2020,diag,logistic_regression,2,PI,unweighted,MentHlth,0.0009412109156354709,0.0006875270950957696
2017-2020,diag,logistic_regression,2,PI,unweighted,Sex,0.00028905135469499134,0.0004900709201411584
2017-2020,diag,logistic_regression,2,PI,unweighted,Age,0.1226332664525333,0.009605094343220181
2017-2020,diag,logistic_regression,2,PI,unweighted,Education,0.0006111125463214018,0.0010561006095556864
2017-2020,diag,logistic_regression,2,PI,unweighted,Income,-0.00015816017521051994,0.00018553422700800989
2017-2020,diag,logistic_regression,2,PI,weighted,Diabetes_self,0.004731655527006074,
2017-2020,diag,logistic_regression,2,PI,weighted,HighChol,0.02705308515303766,
2017-2020,diag,logistic_regression,2,PI,weighted,BMI,0.032752801348770635,
2017-2020,diag,logistic_regression,2,PI,weighted,Smoker,0.00016644287418221548,
2017-2020,diag,logistic_regression,2,PI,weighted,Stroke,0.003164798712969108,
2017-2020,diag,logistic_regression,2,PI,weighted,HeartDiseaseorAttack,0.0020273142344416463,
2017-2020,diag,logistic_regression,2,PI,weighted,PhysActivity_LTPA,2.2421998424182466e-05,
2017-2020,diag,logistic_regression,2,PI,weighted,AnyHealthcare,0.0011039948924464692,
2017-2020,diag,logistic_regression,2,PI,weighted,GenHlth,0.02931465697293175,
2017-2020,diag,logistic_regression,2,PI,weighted,MentHlth,0.0017108766058272717,
2017-2020,diag,logistic_regression,2,PI,weighted,Sex,0.00135170446775974,
2017-2020,diag,logistic_regression,2,PI,weighted,Age,0.13050188879487967,
2017-2020,diag,logistic_regression,2,PI,weighted,Education,-0.001525218781350246,
2017-2020,diag,logistic_regression,2,PI,weighted,Income,-0.0005977785534601709,
2017-2020,lab,xgboost,2,SHAP,unweighted,Diabetes_self,0.0374813936650753,
2017-2020,lab,xgboost,2,SHAP,unweighted,HighChol,0.06743288040161133,
2017-2020,lab,xgboost,2,SHAP,unweighted,BMI,0.36032912135124207,
2017-2020,lab,xgboost,2,SHAP,unweighted,Smoker,0.07131995260715485,
2017-2020,lab,xgboost,2,SHAP,unweighted,Stroke,0.053114909678697586,
2017-2020,lab,xgboost,2,SHAP,unweighted,HeartDiseaseorAttack,0.026407238095998764,
2017-2020,lab,xgboost,2,SHAP,unweighted,PhysActivity_LTPA,0.08135621249675751,
2017-2020,lab,xgboost,2,SHAP,unweighted,AnyHealthcare,0.05771492421627045,
2017-2020,lab,xgboost,2,SHAP,unweighted,GenHlth,0.1533648669719696,
2017-2020,lab,xgboost,2,SHAP,unweighted,MentHlth,0.052406445145606995,
2017-2020,lab,xgboost,2,SHAP,unweighted,Sex,0.12007137387990952,
2017-2020,lab,xgboost,2,SHAP,unweighted,Age,0.8924354910850525,
2017-2020,lab,xgboost,2,SHAP,unweighted,Education,0.1092807948589325,
2017-2020,lab,xgboost,2,SHAP,unweighted,Income,0.09867304563522339,
2017-2020,lab,xgboost,2,SHAP,weighted,Diabetes_self,0.03516857360783667,
2017-2020,lab,xgboost,2,SHAP,weighted,HighChol,0.0689323310738544,
2017-2020,lab,xgboost,2,SHAP,weighted,BMI,0.3721745975270734,
2017-2020,lab,xgboost,2,SHAP,weighted,Smoker,0.07108399977388431,
2017-2020,lab,xgboost,2,SHAP,weighted,Stroke,0.04318902266664527,
2017-2020,lab,xgboost,2,SHAP,weighted,HeartDiseaseorAttack,0.022628769144275446,
2017-2020,lab,xgboost,2,SHAP,weighted,PhysActivity_LTPA,0.08746347678898224,
2017-2020,lab,xgboost,2,SHAP,weighted,AnyHealthcare,0.052491149574018625,
2017-2020,lab,xgboost,2,SHAP,weighted,GenHlth,0.1614836156486427,
2017-2020,lab,xgboost,2,SHAP,weighted,MentHlth,0.05179409940599596,
2017-2020,lab,xgboost,2,SHAP,weighted,Sex,0.1258244002068427,
2017-2020,lab,xgboost,2,SHAP,weighted,Age,0.9633699337730625,
2017-2020,lab,xgboost,2,SHAP,weighted,Education,0.10706289674115978,
2017-2020,lab,xgboost,2,SHAP,weighted,Income,0.0975305674975881,
2017-2020,lab,xgboost,2,PI,unweighted,Diabetes_self,-0.004610167889507177,0.0022594640810211005
2017-2020,lab,xgboost,2,PI,unweighted,HighChol,0.0017419077887656064,0.004642881459273417
2017-2020,lab,xgboost,2,PI,unweighted,BMI,0.011661684723748322,0.007605336199965609
2017-2020,lab,xgboost,2,PI,unweighted,Smoker,-0.0016631418928232723,0.003730709078322869
2017-2020,lab,xgboost,2,PI,unweighted,Stroke,0.0023562817771161093,0.0017368300224293164
2017-2020,lab,xgboost,2,PI,unweighted,HeartDiseaseorAttack,-0.0020380675575089715,0.0019913019010960363
2017-2020,lab,xgboost,2,PI,unweighted,PhysActivity_LTPA,-0.006288669132039215,0.0036139248000668597
2017-2020,lab,xgboost,2,PI,unweighted,AnyHealthcare,0.0015528696385039397,0.002433446860299546
2017-2020,lab,xgboost,2,PI,unweighted,GenHlth,0.007810820071125613,0.0042116154942771055
2017-2020,lab,xgboost,2,PI,unweighted,MentHlth,0.0011369857079281843,0.0023485786166729133
2017-2020,lab,xgboost,2,PI,unweighted,Sex,0.007917941689607211,0.004935411974401588
2017-2020,lab,xgboost,2,PI,unweighted,Age,0.15216153309939862,0.018267715290329712
2017-2020,lab,xgboost,2,PI,unweighted,Education,0.002809185678784776,0.003413074987879779
2017-2020,lab,xgboost,2,PI,unweighted,Income,0.003684668612184272,0.003972167021861486
2017-2020,lab,xgboost,2,PI,weighted,Diabetes_self,-0.00720019831260652,
2017-2020,lab,xgboost,2,PI,weighted,HighChol,0.005961306953346323,
2017-2020,lab,xgboost,2,PI,weighted,BMI,0.0036806440352487035,
2017-2020,lab,xgboost,2,PI,weighted,Smoker,0.0005043210026534406,
2017-2020,lab,xgboost,2,PI,weighted,Stroke,0.0021597503939053907,
2017-2020,lab,xgboost,2,PI,weighted,HeartDiseaseorAttack,-0.0005972382127007014,
2017-2020,lab,xgboost,2,PI,weighted,PhysActivity_LTPA,-0.010853636063937477,
2017-2020,lab,xgboost,2,PI,weighted,AnyHealthcare,-0.0008543474869905476,
2017-2020,lab,xgboost,2,PI,weighted,GenHlth,0.018968058963429058,
2017-2020,lab,xgboost,2,PI,weighted,MentHlth,-0.0011118491730275459,
2017-2020,lab,xgboost,2,PI,weighted,Sex,0.010446171187834474,
2017-2020,lab,xgboost,2,PI,weighted,Age,0.1616707039559418,
2017-2020,lab,xgboost,2,PI,weighted,Education,0.005263223307285581,
2017-2020,lab,xgboost,2,PI,weighted,Income,0.004618378849037564,
2017-2020,lab,random_forest,2,SHAP,unweighted,Diabetes_self,0.010196930176069019,
2017-2020,lab,random_forest,2,SHAP,unweighted,HighChol,0.01558564580848748,
2017-2020,lab,random_forest,2,SHAP,unweighted,BMI,0.02764535952864385,
2017-2020,lab,random_forest,2,SHAP,unweighted,Smoker,0.011035584283169085,
2017-2020,lab,random_forest,2,SHAP,unweighted,Stroke,0.009851001829023265,
2017-2020,lab,random_forest,2,SHAP,unweighted,HeartDiseaseorAttack,0.003069584738706434,
2017-2020,lab,random_forest,2,SHAP,unweighted,PhysActivity_LTPA,0.012921963182669078,
2017-2020,lab,random_forest,2,SHAP,unweighted,AnyHealthcare,0.00629104298224484,
2017-2020,lab,random_forest,2,SHAP,unweighted,GenHlth,0.020019356755592552,
2017-2020,lab,random_forest,2,SHAP,unweighted,MentHlth,0.005895387014540012,
2017-2020,lab,random_forest,2,SHAP,unweighted,Sex,0.01324268104568815,
2017-2020,lab,random_forest,2,SHAP,unweighted,Age,0.08763318208720712,
2017-2020,lab,random_forest,2,SHAP,unweighted,Education,0.011510501147131875,
2017-2020,lab,random_forest,2,SHAP,unweighted,Income,0.012251870560289365,
2017-2020,lab,random_forest,2,SHAP,weighted,Diabetes_self,0.009797154515233789,
2017-2020,lab,random_forest,2,SHAP,weighted,HighChol,0.01624659167561432,
2017-2020,lab,random_forest,2,SHAP,weighted,BMI,0.028511984212353715,
2017-2020,lab,random_forest,2,SHAP,weighted,Smoker,0.011009872257641592,
2017-2020,lab,random_forest,2,SHAP,weighted,Stroke,0.007899155635726018,
2017-2020,lab,random_forest,2,SHAP,weighted,HeartDiseaseorAttack,0.0027122283143929146,
2017-2020,lab,random_forest,2,SHAP,weighted,PhysActivity_LTPA,0.013192483615529025,
2017-2020,lab,random_forest,2,SHAP,weighted,AnyHealthcare,0.005625414237380681,
2017-2020,lab,random_forest,2,SHAP,weighted,GenHlth,0.019300665704383536,
2017-2020,lab,random_forest,2,SHAP,weighted,MentHlth,0.0058261328718414475,
2017-2020,lab,random_forest,2,SHAP,weighted,Sex,0.012737004519411354,
2017-2020,lab,random_forest,2,SHAP,weighted,Age,0.0852160431065285,
2017-2020,lab,random_forest,2,SHAP,weighted,Education,0.0100078777826835,
2017-2020,lab,random_forest,2,SHAP,weighted,Income,0.011129901338490778,
2017-2020,lab,random_forest,2,PI,unweighted,Diabetes_self,0.00121338862699224,0.004022694083833123
2017-2020,lab,random_forest,2,PI,unweighted,HighChol,0.01064521083661193,0.005123954311981859
2017-2020,lab,random_forest,2,PI,unweighted,BMI,0.003667340115076967,0.006877513518118225
2017-2020,lab,random_forest,2,PI,unweighted,Smoker,-0.007384893488817245,0.003982458345622333
2017-2020,lab,random_forest,2,PI,unweighted,Stroke,0.005162119905323326,0.003645470112876729
2017-2020,lab,random_forest,2,PI,unweighted,HeartDiseaseorAttack,0.0026231012496209074,0.0023177041300587666
2017-2020,lab,random_forest,2,PI,unweighted,PhysActivity_LTPA,-0.009479869406144537,0.00576197474401414
2017-2020,lab,random_forest,2,PI,unweighted,AnyHealthcare,-0.004330745873651709,0.004076504009053258
2017-2020,lab,random_forest,2,PI,unweighted,GenHlth,0.0057073768199844555,0.0034237444353615114
2017-2020,lab,random_forest,2,PI,unweighted,MentHlth,-0.0029714434244261234,0.0029375027829411076
2017-2020,lab,random_forest,2,PI,unweighted,Sex,-0.0020217236341009805,0.006242925736450269
2017-2020,lab,random_forest,2,PI,unweighted,Age,0.12063961845800004,0.015555219256121406
2017-2020,lab,random_forest,2,PI,unweighted,Education,-0.012371168531449284,0.004974404428297737
2017-2020,lab,random_forest,2,PI,unweighted,Income,0.004478825758023275,0.005184100068527887
2017-2020,lab,random_forest,2,PI,weighted,Diabetes_self,0.005292517940567798,
2017-2020,lab,random_forest,2,PI,weighted,HighChol,0.018865688442652396,
2017-2020,lab,random_forest,2,PI,weighted,BMI,0.010668923968080602,
2017-2020,lab,random_forest,2,PI,weighted,Smoker,-0.007164865658315045,
2017-2020,lab,random_forest,2,PI,weighted,Stroke,0.005407504348937298,
2017-2020,lab,random_forest,2,PI,weighted,HeartDiseaseorAttack,0.004411104511811881,
2017-2020,lab,random_forest,2,PI,weighted,PhysActivity_LTPA,-0.00782059418884663,
2017-2020,lab,random_forest,2,PI,weighted,AnyHealthcare,-0.007789412968293297,
2017-2020,lab,random_forest,2,PI,weighted,GenHlth,0.012197919472301876,
2017-2020,lab,random_forest,2,PI,weighted,MentHlth,-0.004369271996923385,
2017-2020,lab,random_forest,2,PI,weighted,Sex,-0.004829704080247776,
2017-2020,lab,random_forest,2,PI,weighted,Age,0.12995008030097982,
2017-2020,lab,random_forest,2,PI,weighted,Education,-0.008863057811585019,
2017-2020,lab,random_forest,2,PI,weighted,Income,-0.00032270392618272137,
2017-2020,lab,logistic_regression,2,SHAP,unweighted,Diabetes_self,0.020871548366525532,
2017-2020,lab,logistic_regression,2,SHAP,unweighted,HighChol,0.0060435655324039125,
2017-2020,lab,logistic_regression,2,SHAP,unweighted,BMI,0.14181155606524715,
2017-2020,lab,logistic_regression,2,SHAP,unweighted,Smoker,0.007102235071803289,
2017-2020,lab,logistic_regression,2,SHAP,unweighted,Stroke,0.03396989278536684,
2017-2020,lab,logistic_regression,2,SHAP,unweighted,HeartDiseaseorAttack,0.030842990091108743,
2017-2020,lab,logistic_regression,2,SHAP,unweighted,PhysActivity_LTPA,0.023192891829519603,
2017-2020,lab,logistic_regression,2,SHAP,unweighted,AnyHealthcare,0.09957141971875567,
2017-2020,lab,logistic_regression,2,SHAP,unweighted,GenHlth,0.14274292785481393,
2017-2020,lab,logistic_regression,2,SHAP,unweighted,MentHlth,0.03687017589041272,
2017-2020,lab,logistic_regression,2,SHAP,unweighted,Sex,0.059215950205475855,
2017-2020,lab,logistic_regression,2,SHAP,unweighted,Age,0.7613250276728307,
2017-2020,lab,logistic_regression,2,SHAP,unweighted,Education,0.009385323373988225,
2017-2020,lab,logistic_regression,2,SHAP,unweighted,Income,0.06926805962599686,
2017-2020,lab,logistic_regression,2,SHAP,weighted,Diabetes_self,0.018791958809302414,
2017-2020,lab,logistic_regression,2,SHAP,weighted,HighChol,0.005915498038363848,
2017-2020,lab,logistic_regression,2,SHAP,weighted,BMI,0.13985333014771,
2017-2020,lab,logistic_regression,2,SHAP,weighted,Smoker,0.00719922512235168,
2017-2020,lab,logistic_regression,2,SHAP,weighted,Stroke,0.025572098980831858,
2017-2020,lab,logistic_regression,2,SHAP,weighted,HeartDiseaseorAttack,0.026702915016859556,
2017-2020,lab,logistic_regression,2,SHAP,weighted,PhysActivity_LTPA,0.02335733466709214,
2017-2020,lab,logistic_regression,2,SHAP,weighted,AnyHealthcare,0.09474126849558782,
2017-2020,lab,logistic_regression,2,SHAP,weighted,GenHlth,0.1398746486810837,
2017-2020,lab,logistic_regression,2,SHAP,weighted,MentHlth,0.0356395979575502,
2017-2020,lab,logistic_regression,2,SHAP,weighted,Sex,0.059326413340013116,
2017-2020,lab,logistic_regression,2,SHAP,weighted,Age,0.7621328897293724,
2017-2020,lab,logistic_regression,2,SHAP,weighted,Education,0.008864306402035425,
2017-2020,lab,logistic_regression,2,SHAP,weighted,Income,0.0735027306142855,
2017-2020,lab,logistic_regression,2,PI,unweighted,Diabetes_self,0.0004028875577452684,0.00039352236988967655
2017-2020,lab,logistic_regression,2,PI,unweighted,HighChol,0.00018667517338343264,0.00020217074370456483
2017-2020,lab,logistic_regression,2,PI,unweighted,BMI,0.0033424307943146657,0.00299100256463083
2017-2020,lab,logistic_regression,2,PI,unweighted,Smoker,0.00031427592481004797,0.00012876236620257216
2017-2020,lab,logistic_regression,2,PI,unweighted,Stroke,0.003906000779782326,0.00129243147025176
2017-2020,lab,logistic_regression,2,PI,unweighted,HeartDiseaseorAttack,-0.0004308494508047933,0.0018266320743794268
2017-2020,lab,logistic_regression,2,PI,unweighted,PhysActivity_LTPA,0.0004028875577452462,0.0005837292933574569
2017-2020,lab,logistic_regression,2,PI,unweighted,AnyHealthcare,-0.0020609096673322113,0.0022149720961321777
2017-2020,lab,logistic_regression,2,PI,unweighted,GenHlth,0.002884800938889487,0.0026102566623698547
2017-2020,lab,logistic_regression,2,PI,unweighted,MentHlth,0.0023279260545768787,0.0010851706005927434
2017-2020,lab,logistic_regression,2,PI,unweighted,Sex,0.0031912002741053213,0.0012108896272204682
2017-2020,lab,logistic_regression,2,PI,unweighted,Age,0.19570804633009997,0.022673471317564888
2017-2020,lab,logistic_regression,2,PI,unweighted,Education,0.0005383648987661305,0.00019503149996067849
2017-2020,lab,logistic_regression,2,PI,unweighted,Income,0.0013508351154117304,0.002048010234848533
2017-2020,lab,logistic_regression,2,PI,weighted,Diabetes_self,-0.0006663795692493535,
2017-2020,lab,logistic_regression,2,PI,weighted,HighChol,0.00029860496934390745,
2017-2020,lab,logistic_regression,2,PI,weighted,BMI,0.006603148897259869,
2017-2020,lab,logistic_regression,2,PI,weighted,Smoker,0.00015264570051592985,
2017-2020,lab,logistic_regression,2,PI,weighted,Stroke,0.0031026417449282915,
2017-2020,lab,logistic_regression,2,PI,weighted,HeartDiseaseorAttack,-0.000350867094674967,
2017-2020,lab,logistic_regression,2,PI,weighted,PhysActivity_LTPA,0.00010347427719130664,
2017-2020,lab,logistic_regression,2,PI,weighted,AnyHealthcare,-0.0014220400192331284,
2017-2020,lab,logistic_regression,2,PI,weighted,GenHlth,0.009838153022864126,
2017-2020,lab,logistic_regression,2,PI,weighted,MentHlth,0.001011153810556098,
2017-2020,lab,logistic_regression,2,PI,weighted,Sex,0.002947458767558997,
2017-2020,lab,logistic_regression,2,PI,weighted,Age,0.21140817029092157,
2017-2020,lab,logistic_regression,2,PI,weighted,Education,0.0007725757088792862,
2017-2020,lab,logistic_regression,2,PI,weighted,Income,0.0015540401574140716,
2017-2020,total,xgboost,2,SHAP,unweighted,Diabetes_self,0.1257549375295639,
2017-2020,total,xgboost,2,SHAP,unweighted,HighChol,0.2569734752178192,
2017-2020,total,xgboost,2,SHAP,unweighted,BMI,0.45643582940101624,
2017-2020,total,xgboost,2,SHAP,unweighted,Smoker,0.08661991357803345,
2017-2020,total,xgboost,2,SHAP,unweighted,Stroke,0.06437493860721588,
2017-2020,total,xgboost,2,SHAP,unweighted,HeartDiseaseorAttack,0.0269863810390234,
2017-2020,total,xgboost,2,SHAP,unweighted,PhysActivity_LTPA,0.05217089131474495,
2017-2020,total,xgboost,2,SHAP,unweighted,AnyHealthcare,0.06080049276351929,
2017-2020,total,xgboost,2,SHAP,unweighted,GenHlth,0.3136221766471863,
2017-2020,total,xgboost,2,SHAP,unweighted,MentHlth,0.0630178302526474,
2017-2020,total,xgboost,2,SHAP,unweighted,Sex,0.12377680093050003,
2017-2020,total,xgboost,2,SHAP,unweighted,Age,1.0364357233047485,
2017-2020,total,xgboost,2,SHAP,unweighted,Education,0.10562080889940262,
2017-2020,total,xgboost,2,SHAP,unweighted,Income,0.10507765412330627,
2017-2020,total,xgboost,2,SHAP,weighted,Diabetes_self,0.11225337904524459,
2017-2020,total,xgboost,2,SHAP,weighted,HighChol,0.2524889058248122,
2017-2020,total,xgboost,2,SHAP,weighted,BMI,0.47164422260059985,
2017-2020,total,xgboost,2,SHAP,weighted,Smoker,0.0922361933345231,
2017-2020,total,xgboost,2,SHAP,weighted,Stroke,0.04867067986808821,
2017-2020,total,xgboost,2,SHAP,weighted,HeartDiseaseorAttack,0.021929063503636523,
2017-2020,total,xgboost,2,SHAP,weighted,PhysActivity_LTPA,0.05037585250068144,
2017-2020,total,xgboost,2,SHAP,weighted,AnyHealthcare,0.05689849614335674,
2017-2020,total,xgboost,2,SHAP,weighted,GenHlth,0.319928374918942,
2017-2020,total,xgboost,2,SHAP,weighted,MentHlth,0.06264989937939501,
2017-2020,total,xgboost,2,SHAP,weighted,Sex,0.13847158260527695,
2017-2020,total,xgboost,2,SHAP,weighted,Age,1.0584808969788726,
2017-2020,total,xgboost,2,SHAP,weighted,Education,0.08975657146299545,
2017-2020,total,xgboost,2,SHAP,weighted,Income,0.10223204340146931,
2017-2020,total,xgboost,2,PI,unweighted,Diabetes_self,0.005793688561367261,0.002144137056009571
2017-2020,total,xgboost,2,PI,unweighted,HighChol,0.012776788263606564,0.003499976468049823
2017-2020,total,xgboost,2,PI,unweighted,BMI,0.026590028416429858,0.004693911483751869
2017-2020,total,xgboost,2,PI,unweighted,Smoker,0.002641232375695135,0.0015219715487286992
2017-2020,total,xgboost,2,PI,unweighted,Stroke,0.002969177011244195,0.0009611540650505582
2017-2020,total,xgboost,2,PI,unweighted,HeartDiseaseorAttack,0.0008734313178969,0.0007739822655359424
2017-2020,total,xgboost,2,PI,unweighted,PhysActivity_LTPA,-0.0014648737576309578,0.0010054644568370029
2017-2020,total,xgboost,2,PI,unweighted,AnyHealthcare,0.0035513739139893087,0.00125740432155567
2017-2020,total,xgboost,2,PI,unweighted,GenHlth,0.01517437354688711,0.0041391585403764385
2017-2020,total,xgboost,2,PI,unweighted,MentHlth,-0.0010651402466383074,0.0014631224199902373
2017-2020,total,xgboost,2,PI,unweighted,Sex,0.0068490394158995825,0.002001862296304487
2017-2020,total,xgboost,2,PI,unweighted,Age,0.16845517954017047,0.008223069955688483
2017-2020,total,xgboost,2,PI,unweighted,Education,0.0032360739099104195,0.0016699122566827258
2017-2020,total,xgboost,2,PI,unweighted,Income,0.0043124991502263895,0.002190943964025234
2017-2020,total,xgboost,2,PI,weighted,Diabetes_self,0.006028037793631114,
2017-2020,total,xgboost,2,PI,weighted,HighChol,0.015502308746190985,
2017-2020,total,xgboost,2,PI,weighted,BMI,0.03999546439023675,
2017-2020,total,xgboost,2,PI,weighted,Smoker,0.005263812991131456,
2017-2020,total,xgboost,2,PI,weighted,Stroke,0.0017282981425665422,
2017-2020,total,xgboost,2,PI,weighted,HeartDiseaseorAttack,-0.0001790401461908342,
2017-2020,total,xgboost,2,PI,weighted,PhysActivity_LTPA,-0.002136091192525802,
2017-2020,total,xgboost,2,PI,weighted,AnyHealthcare,0.004592997721026515,
2017-2020,total,xgboost,2,PI,weighted,GenHlth,0.027012612905453627,
2017-2020,total,xgboost,2,PI,weighted,MentHlth,-0.002350607362563395,
2017-2020,total,xgboost,2,PI,weighted,Sex,0.009522999561878197,
2017-2020,total,xgboost,2,PI,weighted,Age,0.1714725791649787,
2017-2020,total,xgboost,2,PI,weighted,Education,0.0033247809366257707,
2017-2020,total,xgboost,2,PI,weighted,Income,0.0024075927251273055,
2017-2020,total,random_forest,2,SHAP,unweighted,Diabetes_self,0.03597659340606694,
2017-2020,total,random_forest,2,SHAP,unweighted,HighChol,0.06131539648412653,
2017-2020,total,random_forest,2,SHAP,unweighted,BMI,0.05698451122079646,
2017-2020,total,random_forest,2,SHAP,unweighted,Smoker,0.017432419737617257,
2017-2020,total,random_forest,2,SHAP,unweighted,Stroke,0.010935134308555274,
2017-2020,total,random_forest,2,SHAP,unweighted,HeartDiseaseorAttack,0.007791671698201185,
2017-2020,total,random_forest,2,SHAP,unweighted,PhysActivity_LTPA,0.01166238490269389,
2017-2020,total,random_forest,2,SHAP,unweighted,AnyHealthcare,0.010826463457380024,
2017-2020,total,random_forest,2,SHAP,unweighted,GenHlth,0.049881043927518895,
2017-2020,total,random_forest,2,SHAP,unweighted,MentHlth,0.008129589027909992,
2017-2020,total,random_forest,2,SHAP,unweighted,Sex,0.014927367555591063,
2017-2020,total,random_forest,2,SHAP,unweighted,Age,0.1581561830753791,
2017-2020,total,random_forest,2,SHAP,unweighted,Education,0.012686813696657643,
2017-2020,total,random_forest,2,SHAP,unweighted,Income,0.012006228484686554,
2017-2020,total,random_forest,2,SHAP,weighted,Diabetes_self,0.03252581666877845,
2017-2020,total,random_forest,2,SHAP,weighted,HighChol,0.06139152090190662,
2017-2020,total,random_forest,2,SHAP,weighted,BMI,0.05881106136044469,
2017-2020,total,random_forest,2,SHAP,weighted,Smoker,0.018812998789594172,
2017-2020,total,random_forest,2,SHAP,weighted,Stroke,0.00873430193776144,
2017-2020,total,random_forest,2,SHAP,weighted,HeartDiseaseorAttack,0.006992043656115059,
2017-2020,total,random_forest,2,SHAP,weighted,PhysActivity_LTPA,0.012352348247157146,
2017-2020,total,random_forest,2,SHAP,weighted,AnyHealthcare,0.009475891810299782,
2017-2020,total,random_forest,2,SHAP,weighted,GenHlth,0.05022783065604075,
2017-2020,total,random_forest,2,SHAP,weighted,MentHlth,0.008148477831231581,
2017-2020,total,random_forest,2,SHAP,weighted,Sex,0.016499411127379533,
2017-2020,total,random_forest,2,SHAP,weighted,Age,0.15849721635073485,
2017-2020,total,random_forest,2,SHAP,weighted,Education,0.011898514217376196,
2017-2020,total,random_forest,2,SHAP,weighted,Income,0.0119880012681836,
2017-2020,total,random_forest,2,PI,unweighted,Diabetes_self,0.007315259214945169,0.0023814161352800575
2017-2020,total,random_forest,2,PI,unweighted,HighChol,0.01368788154835554,0.005417237944013604
2017-2020,total,random_forest,2,PI,unweighted,BMI,0.016676501380032405,0.004732538636766022
2017-2020,total,random_forest,2,PI,unweighted,Smoker,0.004693741587241218,0.002202867746754757
2017-2020,total,random_forest,2,PI,unweighted,Stroke,0.002738854369196064,0.0010001895574023216
2017-2020,total,random_forest,2,PI,unweighted,HeartDiseaseorAttack,0.0009378781492611176,0.0011568718150934644
2017-2020,total,random_forest,2,PI,unweighted,PhysActivity_LTPA,-0.0015611361133394009,0.002902724078674142
2017-2020,total,random_forest,2,PI,unweighted,AnyHealthcare,0.00448734857034091,0.0008367059411789614
2017-2020,total,random_forest,2,PI,unweighted,GenHlth,0.015087356728167666,0.0035519598945198067
2017-2020,total,random_forest,2,PI,unweighted,MentHlth,0.0006845776285198335,0.0024365638094605425
2017-2020,total,random_forest,2,PI,unweighted,Sex,0.005949639016166119,0.0026598308486036892
2017-2020,total,random_forest,2,PI,unweighted,Age,0.15263280262138174,0.005199559386307465
2017-2020,total,random_forest,2,PI,unweighted,Education,0.00012739806115654728,0.003940207523542785
2017-2020,total,random_forest,2,PI,unweighted,Income,0.0031093556676501264,0.001778811006194413
2017-2020,total,random_forest,2,PI,weighted,Diabetes_self,0.009357878441506252,
2017-2020,total,random_forest,2,PI,weighted,HighChol,0.019371585513003754,
2017-2020,total,random_forest,2,PI,weighted,BMI,0.03310158385224125,
2017-2020,total,random_forest,2,PI,weighted,Smoker,0.00647507833093316,
2017-2020,total,random_forest,2,PI,weighted,Stroke,0.0015158141342283883,
2017-2020,total,random_forest,2,PI,weighted,HeartDiseaseorAttack,0.0004391655394315297,
2017-2020,total,random_forest,2,PI,weighted,PhysActivity_LTPA,-0.001818921015089303,
2017-2020,total,random_forest,2,PI,weighted,AnyHealthcare,0.003157163446308997,
2017-2020,total,random_forest,2,PI,weighted,GenHlth,0.03016686632700124,
2017-2020,total,random_forest,2,PI,weighted,MentHlth,0.0014259345094553733,
2017-2020,total,random_forest,2,PI,weighted,Sex,0.0025361060489768163,
2017-2020,total,random_forest,2,PI,weighted,Age,0.1610453511989001,
2017-2020,total,random_forest,2,PI,weighted,Education,0.0001408951842984285,
2017-2020,total,random_forest,2,PI,weighted,Income,0.008649448459706287,
2017-2020,total,logistic_regression,2,SHAP,unweighted,Diabetes_self,0.12116018940025783,
2017-2020,total,logistic_regression,2,SHAP,unweighted,HighChol,0.24626989114522385,
2017-2020,total,logistic_regression,2,SHAP,unweighted,BMI,0.30789343064684793,
2017-2020,total,logistic_regression,2,SHAP,unweighted,Smoker,0.05253241279621674,
2017-2020,total,logistic_regression,2,SHAP,unweighted,Stroke,0.05807272778215997,
2017-2020,total,logistic_regression,2,SHAP,unweighted,HeartDiseaseorAttack,0.0010501234646789778,
2017-2020,total,logistic_regression,2,SHAP,unweighted,PhysActivity_LTPA,0.0024044145462230747,
2017-2020,total,logistic_regression,2,SHAP,unweighted,AnyHealthcare,0.039859913818299134,
2017-2020,total,logistic_regression,2,SHAP,unweighted,GenHlth,0.27521384205751603,
2017-2020,total,logistic_regression,2,SHAP,unweighted,MentHlth,0.025032445726985403,
2017-2020,total,logistic_regression,2,SHAP,unweighted,Sex,0.11442884304836148,
2017-2020,total,logistic_regression,2,SHAP,unweighted,Age,0.8605592634396831,
2017-2020,total,logistic_regression,2,SHAP,unweighted,Education,0.06081920403712098,
2017-2020,total,logistic_regression,2,SHAP,unweighted,Income,0.03747951804374372,
2017-2020,total,logistic_regression,2,SHAP,weighted,Diabetes_self,0.1090880872158288,
2017-2020,total,logistic_regression,2,SHAP,weighted,HighChol,0.24105125528408658,
2017-2020,total,logistic_regression,2,SHAP,weighted,BMI,0.303641838516693,
2017-2020,total,logistic_regression,2,SHAP,weighted,Smoker,0.05324980968903114,
2017-2020,total,logistic_regression,2,SHAP,weighted,Stroke,0.043716403590534955,
2017-2020,total,logistic_regression,2,SHAP,weighted,HeartDiseaseorAttack,0.0009091646935559555,
2017-2020,total,logistic_regression,2,SHAP,weighted,PhysActivity_LTPA,0.0024214623880182053,
2017-2020,total,logistic_regression,2,SHAP,weighted,AnyHealthcare,0.03792633275629802,
2017-2020,total,logistic_regression,2,SHAP,weighted,GenHlth,0.26968368975253826,
2017-2020,total,logistic_regression,2,SHAP,weighted,MentHlth,0.02419696353648074,
2017-2020,total,logistic_regression,2,SHAP,weighted,Sex,0.11464230189924278,
2017-2020,total,logistic_regression,2,SHAP,weighted,Age,0.8614724255597612,
2017-2020,total,logistic_regression,2,SHAP,weighted,Education,0.05744288590067664,
2017-2020,total,logistic_regression,2,SHAP,weighted,Income,0.039770811153032895,
2017-2020,total,logistic_regression,2,PI,unweighted,Diabetes_self,0.004140912860813894,0.0017538449744319699
2017-2020,total,logistic_regression,2,PI,unweighted,HighChol,0.011045697426205647,0.0034477763665374515
2017-2020,total,logistic_regression,2,PI,unweighted,BMI,0.020360575942568883,0.0038565468209007755
2017-2020,total,logistic_regression,2,PI,unweighted,Smoker,0.000608573875919427,0.0008181330944483615
2017-2020,total,logistic_regression,2,PI,unweighted,Stroke,0.004940651810357699,0.0011466824027743776
2017-2020,total,logistic_regression,2,PI,unweighted,HeartDiseaseorAttack,4.32364818012787e-05,1.8219146419396755e-05
2017-2020,total,logistic_regression,2,PI,unweighted,PhysActivity_LTPA,1.9034929095052e-06,4.134819257086697e-05
2017-2020,total,logistic_regression,2,PI,unweighted,AnyHealthcare,0.0009376062217026027,0.00037610206145990516
2017-2020,total,logistic_regression,2,PI,unweighted,GenHlth,0.017119199445267776,0.0038950046245019502
2017-2020,total,logistic_regression,2,PI,unweighted,MentHlth,2.7464683408318092e-05,0.0003296777093770155
2017-2020,total,logistic_regression,2,PI,unweighted,Sex,0.002230893689921032,0.0011843100465549698
2017-2020,total,logistic_regression,2,PI,unweighted,Age,0.16534092917646742,0.008431509471365598
2017-2020,total,logistic_regression,2,PI,unweighted,Education,8.157826754952024e-05,0.0006289420489383407
2017-2020,total,logistic_regression,2,PI,unweighted,Income,0.0002202613223837302,0.00041485309676879097
2017-2020,total,logistic_regression,2,PI,weighted,Diabetes_self,0.003895602351859773,
2017-2020,total,logistic_regression,2,PI,weighted,HighChol,0.01135354297144442,
2017-2020,total,logistic_regression,2,PI,weighted,BMI,0.026956027604604194,
2017-2020,total,logistic_regression,2,PI,weighted,Smoker,0.0009546864589778603,
2017-2020,total,logistic_regression,2,PI,weighted,Stroke,0.0036933238340912224,
2017-2020,total,logistic_regression,2,PI,weighted,HeartDiseaseorAttack,1.8436941045330003e-05,
2017-2020,total,logistic_regression,2,PI,weighted,PhysActivity_LTPA,1.4650362279133855e-05,
2017-2020,total,logistic_regression,2,PI,weighted,AnyHealthcare,0.0016998786965280565,
2017-2020,total,logistic_regression,2,PI,weighted,GenHlth,0.02687139233036353,
2017-2020,total,logistic_regression,2,PI,weighted,MentHlth,0.0005071017257702759,
2017-2020,total,logistic_regression,2,PI,weighted,Sex,0.00390848750011259,
2017-2020,total,logistic_regression,2,PI,weighted,Age,0.17324817276341392,
2017-2020,total,logistic_regression,2,PI,weighted,Education,-0.0013527769089077047,
2017-2020,total,logistic_regression,2,PI,weighted,Income,-0.00027974503378094264,
2017-2020,diag,xgboost,3,SHAP,unweighted,Diabetes_self,0.14414164423942566,
2017-2020,diag,xgboost,3,SHAP,unweighted,HighChol,0.3701501488685608,
2017-2020,diag,xgboost,3,SHAP,unweighted,BMI,0.4757544696331024,
2017-2020,diag,xgboost,3,SHAP,unweighted,Smoker,0.08831553161144257,
2017-2020,diag,xgboost,3,SHAP,unweighted,Stroke,0.08903918415307999,
2017-2020,diag,xgboost,3,SHAP,unweighted,HeartDiseaseorAttack,0.09357608109712601,
2017-2020,diag,xgboost,3,SHAP,unweighted,PhysActivity_LTPA,0.046018246561288834,
2017-2020,diag,xgboost,3,SHAP,unweighted,AnyHealthcare,0.061869580298662186,
2017-2020,diag,xgboost,3,SHAP,unweighted,GenHlth,0.3495388329029083,
2017-2020,diag,xgboost,3,SHAP,unweighted,MentHlth,0.08890017122030258,
2017-2020,diag,xgboost,3,SHAP,unweighted,Sex,0.10104414820671082,
2017-2020,diag,xgboost,3,SHAP,unweighted,Age,0.9189626574516296,
2017-2020,diag,xgboost,3,SHAP,unweighted,Education,0.14911657571792603,
2017-2020,diag,xgboost,3,SHAP,unweighted,Income,0.1025182381272316,
2017-2020,diag,xgboost,3,SHAP,weighted,Diabetes_self,0.1313860523177566,
2017-2020,diag,xgboost,3,SHAP,weighted,HighChol,0.35632392970443566,
2017-2020,diag,xgboost,3,SHAP,weighted,BMI,0.46961923977998266,
2017-2020,diag,xgboost,3,SHAP,weighted,Smoker,0.0883715973981202,
2017-2020,diag,xgboost,3,SHAP,weighted,Stroke,0.06855680677426544,
2017-2020,diag,xgboost,3,SHAP,weighted,HeartDiseaseorAttack,0.07480637410505608,
2017-2020,diag,xgboost,3,SHAP,weighted,PhysActivity_LTPA,0.04900361501165206,
2017-2020,diag,xgboost,3,SHAP,weighted,AnyHealthcare,0.05022666768745541,
2017-2020,diag,xgboost,3,SHAP,weighted,GenHlth,0.3725378009286252,
2017-2020,diag,xgboost,3,SHAP,weighted,MentHlth,0.08694072805019644,
2017-2020,diag,xgboost,3,SHAP,weighted,Sex,0.10377293900076953,
2017-2020,diag,xgboost,3,SHAP,weighted,Age,0.9533308112765301,
2017-2020,diag,xgboost,3,SHAP,weighted,Education,0.13490298183237748,
2017-2020,diag,xgboost,3,SHAP,weighted,Income,0.09810953920074253,
2017-2020,diag,xgboost,3,PI,unweighted,Diabetes_self,0.004929947385190281,0.0013974894088718437
2017-2020,diag,xgboost,3,PI,unweighted,HighChol,0.020771798691662225,0.0038098519133886763
2017-2020,diag,xgboost,3,PI,unweighted,BMI,0.02658152999158956,0.007767810897319607
2017-2020,diag,xgboost,3,PI,unweighted,Smoker,-0.00038664565518794494,0.002240708881101576
2017-2020,diag,xgboost,3,PI,unweighted,Stroke,-0.0014791277365873267,0.0016206406161991295
2017-2020,diag,xgboost,3,PI,unweighted,HeartDiseaseorAttack,-0.00018456804475569522,0.0026339634014791473
2017-2020,diag,xgboost,3,PI,unweighted,PhysActivity_LTPA,-0.0010454071835146795,0.0006960693613934417
2017-2020,diag,xgboost,3,PI,unweighted,AnyHealthcare,0.0016487695942085435,0.0011655266422160029
2017-2020,diag,xgboost,3,PI,unweighted,GenHlth,0.02066760242378305,0.005968698489075863
2017-2020,diag,xgboost,3,PI,unweighted,MentHlth,-0.0006438353411926223,0.002155068146837537
2017-2020,diag,xgboost,3,PI,unweighted,Sex,0.0065215956094046065,0.0018923414093818282
2017-2020,diag,xgboost,3,PI,unweighted,Age,0.12106257229871882,0.008384495087133872
2017-2020,diag,xgboost,3,PI,unweighted,Education,0.00617542288471522,0.002697145076792719
2017-2020,diag,xgboost,3,PI,unweighted,Income,7.951065069555785e-05,0.0019103200327493465
2017-2020,diag,xgboost,3,PI,weighted,Diabetes_self,0.0012563473801475045,
2017-2020,diag,xgboost,3,PI,weighted,HighChol,0.016303643370620548,
2017-2020,diag,xgboost,3,PI,weighted,BMI,0.02446828794688253,
2017-2020,diag,xgboost,3,PI,weighted,Smoker,-0.005357390345034174,
2017-2020,diag,xgboost,3,PI,weighted,Stroke,-0.0006620390626619454,
2017-2020,diag,xgboost,3,PI,weighted,HeartDiseaseorAttack,-0.0004439185786908051,
2017-2020,diag,xgboost,3,PI,weighted,PhysActivity_LTPA,-0.0016628197333108607,
2017-2020,diag,xgboost,3,PI,weighted,AnyHealthcare,0.0014295590317221275,
2017-2020,diag,xgboost,3,PI,weighted,GenHlth,0.021930243121795045,
2017-2020,diag,xgboost,3,PI,weighted,MentHlth,-0.0023839978062013987,
2017-2020,diag,xgboost,3,PI,weighted,Sex,0.007191973009902331,
2017-2020,diag,xgboost,3,PI,weighted,Age,0.12069110564875407,
2017-2020,diag,xgboost,3,PI,weighted,Education,0.0016910991887942538,
2017-2020,diag,xgboost,3,PI,weighted,Income,-0.0028084083517309288,
2017-2020,diag,random_forest,3,SHAP,unweighted,Diabetes_self,0.036837737779170904,
2017-2020,diag,random_forest,3,SHAP,unweighted,HighChol,0.08059958530304503,
2017-2020,diag,random_forest,3,SHAP,unweighted,BMI,0.06025875038133609,
2017-2020,diag,random_forest,3,SHAP,unweighted,Smoker,0.012724940597881339,
2017-2020,diag,random_forest,3,SHAP,unweighted,Stroke,0.01341209585913871,
2017-2020,diag,random_forest,3,SHAP,unweighted,HeartDiseaseorAttack,0.017282304969951135,
2017-2020,diag,random_forest,3,SHAP,unweighted,PhysActivity_LTPA,0.010615176490255762,
2017-2020,diag,random_forest,3,SHAP,unweighted,AnyHealthcare,0.011468587834570967,
2017-2020,diag,random_forest,3,SHAP,unweighted,GenHlth,0.049136703785419844,
2017-2020,diag,random_forest,3,SHAP,unweighted,MentHlth,0.010316984982941549,
2017-2020,diag,random_forest,3,SHAP,unweighted,Sex,0.01259980035764319,
2017-2020,diag,random_forest,3,SHAP,unweighted,Age,0.12595689603083146,
2017-2020,diag,random_forest,3,SHAP,unweighted,Education,0.014225977865766895,
2017-2020,diag,random_forest,3,SHAP,unweighted,Income,0.011318746536282584,
2017-2020,diag,random_forest,3,SHAP,weighted,Diabetes_self,0.0334740585356172,
2017-2020,diag,random_forest,3,SHAP,weighted,HighChol,0.07842945658748612,
2017-2020,diag,random_forest,3,SHAP,weighted,BMI,0.05983841010237306,
2017-2020,diag,random_forest,3,SHAP,weighted,Smoker,0.012956578351227502,
2017-2020,diag,random_forest,3,SHAP,weighted,Stroke,0.010518246122713841,
2017-2020,diag,random_forest,3,SHAP,weighted,HeartDiseaseorAttack,0.014318357760760306,
2017-2020,diag,random_forest,3,SHAP,weighted,PhysActivity_LTPA,0.010444171469577856,
2017-2020,diag,random_forest,3,SHAP,weighted,AnyHealthcare,0.008888461996824701,
2017-2020,diag,random_forest,3,SHAP,weighted,GenHlth,0.04966290624881791,
2017-2020,diag,random_forest,3,SHAP,weighted,MentHlth,0.010342426069148062,
2017-2020,diag,random_forest,3,SHAP,weighted,Sex,0.01216765129863228,
2017-2020,diag,random_forest,3,SHAP,weighted,Age,0.12703943318965857,
2017-2020,diag,random_forest,3,SHAP,weighted,Education,0.013368553290615166,
2017-2020,diag,random_forest,3,SHAP,weighted,Income,0.010850426021155648,
2017-2020,diag,random_forest,3,PI,unweighted,Diabetes_self,0.0052353601373208766,0.0029671130960425528
2017-2020,diag,random_forest,3,PI,unweighted,HighChol,0.02646944006705295,0.0038491987873199305
2017-2020,diag,random_forest,3,PI,unweighted,BMI,0.02155786337372012,0.006640920983676705
2017-2020,diag,random_forest,3,PI,unweighted,Smoker,0.0008512232297398059,0.0030784845085040425
2017-2020,diag,random_forest,3,PI,unweighted,Stroke,-0.0003414365306948941,0.0016952804016825897
2017-2020,diag,random_forest,3,PI,unweighted,HeartDiseaseorAttack,0.0013745009056176816,0.0038211467214619072
2017-2020,diag,random_forest,3,PI,unweighted,PhysActivity_LTPA,-0.00016978537865157682,0.002210116970968921
2017-2020,diag,random_forest,3,PI,unweighted,AnyHealthcare,0.0017493778363343426,0.0014688457805380338
2017-2020,diag,random_forest,3,PI,unweighted,GenHlth,0.021831845020250783,0.006365458384327127
2017-2020,diag,random_forest,3,PI,unweighted,MentHlth,0.00022389280701297088,0.002053189605534821
2017-2020,diag,random_forest,3,PI,unweighted,Sex,0.009677048977986658,0.001782641916985177
2017-2020,diag,random_forest,3,PI,unweighted,Age,0.1148031896113737,0.005324281433130975
2017-2020,diag,random_forest,3,PI,unweighted,Education,0.0012598276025385768,0.002572232879133373
2017-2020,diag,random_forest,3,PI,unweighted,Income,0.004294866826836141,0.003191091991607637
2017-2020,diag,random_forest,3,PI,weighted,Diabetes_self,0.00458565987583387,
2017-2020,diag,random_forest,3,PI,weighted,HighChol,0.03132272710093061,
2017-2020,diag,random_forest,3,PI,weighted,BMI,0.02471321003500331,
2017-2020,diag,random_forest,3,PI,weighted,Smoker,-0.0016087213141191769,
2017-2020,diag,random_forest,3,PI,weighted,Stroke,0.0006089790862637168,
2017-2020,diag,random_forest,3,PI,weighted,HeartDiseaseorAttack,0.002649132159812029,
2017-2020,diag,random_forest,3,PI,weighted,PhysActivity_LTPA,-0.00011671645660334961,
2017-2020,diag,random_forest,3,PI,weighted,AnyHealthcare,0.0014358400153874572,
2017-2020,diag,random_forest,3,PI,weighted,GenHlth,0.022483222160771275,
2017-2020,diag,random_forest,3,PI,weighted,MentHlth,-0.0025333312342189053,
2017-2020,diag,random_forest,3,PI,weighted,Sex,0.012298446253597684,
2017-2020,diag,random_forest,3,PI,weighted,Age,0.11460315859765371,
2017-2020,diag,random_forest,3,PI,weighted,Education,-0.002903711662415087,
2017-2020,diag,random_forest,3,PI,weighted,Income,0.007964288867978685,
2017-2020,diag,logistic_regression,3,SHAP,unweighted,Diabetes_self,0.14214800937211924,
2017-2020,diag,logistic_regression,3,SHAP,unweighted,HighChol,0.3700832081088518,
2017-2020,diag,logistic_regression,3,SHAP,unweighted,BMI,0.32768215112767335,
2017-2020,diag,logistic_regression,3,SHAP,unweighted,Smoker,0.0241924919501156,
2017-2020,diag,logistic_regression,3,SHAP,unweighted,Stroke,0.08528967269831135,
2017-2020,diag,logistic_regression,3,SHAP,unweighted,HeartDiseaseorAttack,0.10122254850002524,
2017-2020,diag,logistic_regression,3,SHAP,unweighted,PhysActivity_LTPA,0.004500466382829685,
2017-2020,diag,logistic_regression,3,SHAP,unweighted,AnyHealthcare,0.050550084538558165,
2017-2020,diag,logistic_regression,3,SHAP,unweighted,GenHlth,0.3030404062163945,
2017-2020,diag,logistic_regression,3,SHAP,unweighted,MentHlth,0.06851331358403177,
2017-2020,diag,logistic_regression,3,SHAP,unweighted,Sex,0.03896345221054242,
2017-2020,diag,logistic_regression,3,SHAP,unweighted,Age,0.7148460221590814,
2017-2020,diag,logistic_regression,3,SHAP,unweighted,Education,0.09313888865744206,
2017-2020,diag,logistic_regression,3,SHAP,unweighted,Income,0.019435647711346288,
2017-2020,diag,logistic_regression,3,SHAP,weighted,Diabetes_self,0.13124653950671844,
2017-2020,diag,logistic_regression,3,SHAP,weighted,HighChol,0.37018262318467365,
2017-2020,diag,logistic_regression,3,SHAP,weighted,BMI,0.3213357908725848,
2017-2020,diag,logistic_regression,3,SHAP,weighted,Smoker,0.024125877451661466,
2017-2020,diag,logistic_regression,3,SHAP,weighted,Stroke,0.06962074361806729,
2017-2020,diag,logistic_regression,3,SHAP,weighted,HeartDiseaseorAttack,0.09262166163712482,
2017-2020,diag,logistic_regression,3,SHAP,weighted,PhysActivity_LTPA,0.0046074309169346515,
2017-2020,diag,logistic_regression,3,SHAP,weighted,AnyHealthcare,0.0449934093439348,
2017-2020,diag,logistic_regression,3,SHAP,weighted,GenHlth,0.29806579500281116,
2017-2020,diag,logistic_regression,3,SHAP,weighted,MentHlth,0.06574408053775964,
2017-2020,diag,logistic_regression,3,SHAP,weighted,Sex,0.03892712454897988,
2017-2020,diag,logistic_regression,3,SHAP,weighted,Age,0.7273161186683225,
2017-2020,diag,logistic_regression,3,SHAP,weighted,Education,0.08979107229008366,
2017-2020,diag,logistic_regression,3,SHAP,weighted,Income,0.020191163740816243,
2017-2020,diag,logistic_regression,3,PI,unweighted,Diabetes_self,0.004611043656226932,0.0020205437662985763
2017-2020,diag,logistic_regression,3,PI,unweighted,HighChol,0.021468449771945043,0.0031555422373071955
2017-2020,diag,logistic_regression,3,PI,unweighted,BMI,0.022906243451852982,0.004411732713572627
2017-2020,diag,logistic_regression,3,PI,unweighted,Smoker,0.00017136410998304098,0.0003747741661234929
2017-2020,diag,logistic_regression,3,PI,unweighted,Stroke,0.000387506781368685,0.0015160223629045722
2017-2020,diag,logistic_regression,3,PI,unweighted,HeartDiseaseorAttack,-0.00047074897884787916,0.0022307925750463644
2017-2020,diag,logistic_regression,3,PI,unweighted,PhysActivity_LTPA,-3.7315467835807857e-06,5.316170844592288e-05
2017-2020,diag,logistic_regression,3,PI,unweighted,AnyHealthcare,0.0006248905652144864,0.0005085929292450687
2017-2020,diag,logistic_regression,3,PI,unweighted,GenHlth,0.016469899334349426,0.0035762265598244
2017-2020,diag,logistic_regression,3,PI,unweighted,MentHlth,-0.0001650491846570845,0.0010127812444348237
2017-2020,diag,logistic_regression,3,PI,unweighted,Sex,0.0004589802543766508,0.0004616586790392283
2017-2020,diag,logistic_regression,3,PI,unweighted,Age,0.11572588631412159,0.006512557508770882
2017-2020,diag,logistic_regression,3,PI,unweighted,Education,0.0004750546097519237,0.0011212858217874956
2017-2020,diag,logistic_regression,3,PI,unweighted,Income,-0.00017509565676659955,0.00023092529289027485
2017-2020,diag,logistic_regression,3,PI,weighted,Diabetes_self,0.004205312290544261,
2017-2020,diag,logistic_regression,3,PI,weighted,HighChol,0.021900257203658256,
2017-2020,diag,logistic_regression,3,PI,weighted,BMI,0.027332294422102887,
2017-2020,diag,logistic_regression,3,PI,weighted,Smoker,0.00016858948088422921,
2017-2020,diag,logistic_regression,3,PI,weighted,Stroke,0.001649339155173657,
2017-2020,diag,logistic_regression,3,PI,weighted,HeartDiseaseorAttack,-0.0001554614923899078,
2017-2020,diag,logistic_regression,3,PI,weighted,PhysActivity_LTPA,-2.9765700478412427e-05,
2017-2020,diag,logistic_regression,3,PI,weighted,AnyHealthcare,0.0006620855377719725,
2017-2020,diag,logistic_regression,3,PI,weighted,GenHlth,0.018729238248413892,
2017-2020,diag,logistic_regression,3,PI,weighted,MentHlth,0.00032954970723743094,
2017-2020,diag,logistic_regression,3,PI,weighted,Sex,0.00031570652836373505,
2017-2020,diag,logistic_regression,3,PI,weighted,Age,0.11575975665466307,
2017-2020,diag,logistic_regression,3,PI,weighted,Education,0.00013262634990169887,
2017-2020,diag,logistic_regression,3,PI,weighted,Income,0.0001133234422341589,
2017-2020,lab,xgboost,3,SHAP,unweighted,Diabetes_self,0.04316428676247597,
2017-2020,lab,xgboost,3,SHAP,unweighted,HighChol,0.07239919900894165,
2017-2020,lab,xgboost,3,SHAP,unweighted,BMI,0.34484538435935974,
2017-2020,lab,xgboost,3,SHAP,unweighted,Smoker,0.06670065969228745,
2017-2020,lab,xgboost,3,SHAP,unweighted,Stroke,0.03598795086145401,
2017-2020,lab,xgboost,3,SHAP,unweighted,HeartDiseaseorAttack,0.01851213350892067,
2017-2020,lab,xgboost,3,SHAP,unweighted,PhysActivity_LTPA,0.07651646435260773,
2017-2020,lab,xgboost,3,SHAP,unweighted,AnyHealthcare,0.036552101373672485,
2017-2020,lab,xgboost,3,SHAP,unweighted,GenHlth,0.15682688355445862,
2017-2020,lab,xgboost,3,SHAP,unweighted,MentHlth,0.06352335959672928,
2017-2020,lab,xgboost,3,SHAP,unweighted,Sex,0.1604958325624466,
2017-2020,lab,xgboost,3,SHAP,unweighted,Age,0.8661248683929443,
2017-2020,lab,xgboost,3,SHAP,unweighted,Education,0.14494799077510834,
2017-2020,lab,xgboost,3,SHAP,unweighted,Income,0.11409450322389603,
2017-2020,lab,xgboost,3,SHAP,weighted,Diabetes_self,0.039495517805482536,
2017-2020,lab,xgboost,3,SHAP,weighted,HighChol,0.0705983189451307,
2017-2020,lab,xgboost,3,SHAP,weighted,BMI,0.35424118963509477,
2017-2020,lab,xgboost,3,SHAP,weighted,Smoker,0.06583280066154011,
2017-2020,lab,xgboost,3,SHAP,weighted,Stroke,0.028630288384066716,
2017-2020,lab,xgboost,3,SHAP,weighted,HeartDiseaseorAttack,0.015799789986565598,
2017-2020,lab,xgboost,3,SHAP,weighted,PhysActivity_LTPA,0.07994690752031355,
2017-2020,lab,xgboost,3,SHAP,weighted,AnyHealthcare,0.030791450554886503,
2017-2020,lab,xgboost,3,SHAP,weighted,GenHlth,0.1780686877764965,
2017-2020,lab,xgboost,3,SHAP,weighted,MentHlth,0.06389007323992153,
2017-2020,lab,xgboost,3,SHAP,weighted,Sex,0.16809307817147723,
2017-2020,lab,xgboost,3,SHAP,weighted,Age,0.8993124441829128,
2017-2020,lab,xgboost,3,SHAP,weighted,Education,0.14466507728180664,
2017-2020,lab,xgboost,3,SHAP,weighted,Income,0.111574683521793,
2017-2020,lab,xgboost,3,PI,unweighted,Diabetes_self,-0.0011385610258470625,0.001481675744972831
2017-2020,lab,xgboost,3,PI,unweighted,HighChol,-0.0034306485977701694,0.0035444410092928553
2017-2020,lab,xgboost,3,PI,unweighted,BMI,0.027955197958387946,0.008040929830359715
2017-2020,lab,xgboost,3,PI,unweighted,Smoker,0.004942953799863703,0.0024483555226368697
2017-2020,lab,xgboost,3,PI,unweighted,Stroke,0.001960089320525904,0.002113724350182212
2017-2020,lab,xgboost,3,PI,unweighted,HeartDiseaseorAttack,-0.0008644557079675819,0.00218307339646898
2017-2020,lab,xgboost,3,PI,unweighted,PhysActivity_LTPA,0.0004749583525325396,0.0022202261878490623
2017-2020,lab,xgboost,3,PI,unweighted,AnyHealthcare,0.0022432527164387593,0.0019120607405666646
2017-2020,lab,xgboost,3,PI,unweighted,GenHlth,0.005449024681293468,0.005200167519444117
2017-2020,lab,xgboost,3,PI,unweighted,MentHlth,0.001075154479613405,0.003197957456152119
2017-2020,lab,xgboost,3,PI,unweighted,Sex,0.0025756447973156347,0.003639292538272167
2017-2020,lab,xgboost,3,PI,unweighted,Age,0.1789372117660495,0.016980781970536683
2017-2020,lab,xgboost,3,PI,unweighted,Education,0.00463734212360728,0.0056538720974236316
2017-2020,lab,xgboost,3,PI,unweighted,Income,0.0029241838868606317,0.005760132589073982
2017-2020,lab,xgboost,3,PI,weighted,Diabetes_self,-0.008641074218005307,
2017-2020,lab,xgboost,3,PI,weighted,HighChol,-0.0005993454504114815,
2017-2020,lab,xgboost,3,PI,weighted,BMI,0.02704030497755715,
2017-2020,lab,xgboost,3,PI,weighted,Smoker,0.005057118172413544,
2017-2020,lab,xgboost,3,PI,weighted,Stroke,0.001643005422412336,
2017-2020,lab,xgboost,3,PI,weighted,HeartDiseaseorAttack,-0.0003432074125016671,
2017-2020,lab,xgboost,3,PI,weighted,PhysActivity_LTPA,-0.004466392244255013,
2017-2020,lab,xgboost,3,PI,weighted,AnyHealthcare,-0.0012372161819906302,
2017-2020,lab,xgboost,3,PI,weighted,GenHlth,0.002889626594430539,
2017-2020,lab,xgboost,3,PI,weighted,MentHlth,-0.002740738778778351,
2017-2020,lab,xgboost,3,PI,weighted,Sex,0.004127335305273938,
2017-2020,lab,xgboost,3,PI,weighted,Age,0.1820607677045115,
2017-2020,lab,xgboost,3,PI,weighted,Education,-0.004037093375666045,
2017-2020,lab,xgboost,3,PI,weighted,Income,0.0031361776015193963,
2017-2020,lab,random_forest,3,SHAP,unweighted,Diabetes_self,0.009810652019974551,
2017-2020,lab,random_forest,3,SHAP,unweighted,HighChol,0.01778058179986464,
2017-2020,lab,random_forest,3,SHAP,unweighted,BMI,0.02664314764040622,
2017-2020,lab,random_forest,3,SHAP,unweighted,Smoker,0.009662267613561922,
2017-2020,lab,random_forest,3,SHAP,unweighted,Stroke,0.007574463809645304,
2017-2020,lab,random_forest,3,SHAP,unweighted,HeartDiseaseorAttack,0.0032429698855275806,
2017-2020,lab,random_forest,3,SHAP,unweighted,PhysActivity_LTPA,0.013047505608196622,
2017-2020,lab,random_forest,3,SHAP,unweighted,AnyHealthcare,0.004457859763248102,
2017-2020,lab,random_forest,3,SHAP,unweighted,GenHlth,0.01996436251272322,
2017-2020,lab,random_forest,3,SHAP,unweighted,MentHlth,0.005808717961754465,
2017-2020,lab,random_forest,3,SHAP,unweighted,Sex,0.0140738521385915,
2017-2020,lab,random_forest,3,SHAP,unweighted,Age,0.08851455532755666,
2017-2020,lab,random_forest,3,SHAP,unweighted,Education,0.013414646709726216,
2017-2020,lab,random_forest,3,SHAP,unweighted,Income,0.0115723705447893,
2017-2020,lab,random_forest,3,SHAP,weighted,Diabetes_self,0.009117024001753102,
2017-2020,lab,random_forest,3,SHAP,weighted,HighChol,0.018026287069127518,
2017-2020,lab,random_forest,3,SHAP,weighted,BMI,0.02647348380047796,
2017-2020,lab,random_forest,3,SHAP,weighted,Smoker,0.00969447642729793,
2017-2020,lab,random_forest,3,SHAP,weighted,Stroke,0.00588158744065757,
2017-2020,lab,random_forest,3,SHAP,weighted,HeartDiseaseorAttack,0.0027353843622549925,
2017-2020,lab,random_forest,3,SHAP,weighted,PhysActivity_LTPA,0.012929878776202082,
2017-2020,lab,random_forest,3,SHAP,weighted,AnyHealthcare,0.0037128507665889995,
2017-2020,lab,random_forest,3,SHAP,weighted,GenHlth,0.021212360486386955,
2017-2020,lab,random_forest,3,SHAP,weighted,MentHlth,0.005630425293638441,
2017-2020,lab,random_forest,3,SHAP,weighted,Sex,0.014056346071378885,
2017-2020,lab,random_forest,3,SHAP,weighted,Age,0.08567804947553478,
2017-2020,lab,random_forest,3,SHAP,weighted,Education,0.01192013967369893,
2017-2020,lab,random_forest,3,SHAP,weighted,Income,0.01034289752094579,
2017-2020,lab,random_forest,3,PI,unweighted,Diabetes_self,0.002507906126805193,0.0038553604164349516
2017-2020,lab,random_forest,3,PI,unweighted,HighChol,0.008150694912116941,0.007531616675493791
2017-2020,lab,random_forest,3,PI,unweighted,BMI,0.018109460965591084,0.007217314424804455
2017-2020,lab,random_forest,3,PI,unweighted,Smoker,0.01143936798245091,0.002474041846065939
2017-2020,lab,random_forest,3,PI,unweighted,Stroke,0.005568748843125892,0.0027373161829589115
2017-2020,lab,random_forest,3,PI,unweighted,HeartDiseaseorAttack,0.00016048551298250002,0.0019204036180210254
2017-2020,lab,random_forest,3,PI,unweighted,PhysActivity_LTPA,0.005276527369179651,0.005780430776426817
2017-2020,lab,random_forest,3,PI,unweighted,AnyHealthcare,0.0050587396668990035,0.00201094457612213
2017-2020,lab,random_forest,3,PI,unweighted,GenHlth,0.004445547166987573,0.0075808414037750104
2017-2020,lab,random_forest,3,PI,unweighted,MentHlth,-0.005451978402391389,0.004490226398625285
2017-2020,lab,random_forest,3,PI,unweighted,Sex,0.0019906111052036103,0.004716241002954954
2017-2020,lab,random_forest,3,PI,unweighted,Age,0.16108649676862904,0.017199558206961736
2017-2020,lab,random_forest,3,PI,unweighted,Education,3.288476155590692e-05,0.007583770350885929
2017-2020,lab,random_forest,3,PI,unweighted,Income,-0.0010469956718140772,0.0070882306257851685
2017-2020,lab,random_forest,3,PI,weighted,Diabetes_self,-0.008104035700678181,
2017-2020,lab,random_forest,3,PI,weighted,HighChol,0.014446717911292418,
2017-2020,lab,random_forest,3,PI,weighted,BMI,0.02069546259299785,
2017-2020,lab,random_forest,3,PI,weighted,Smoker,0.016623034419524473,
2017-2020,lab,random_forest,3,PI,weighted,Stroke,0.007005729946171935,
2017-2020,lab,random_forest,3,PI,weighted,HeartDiseaseorAttack,0.0010589764628552213,
2017-2020,lab,random_forest,3,PI,weighted,PhysActivity_LTPA,0.0002811584217198848,
2017-2020,lab,random_forest,3,PI,weighted,AnyHealthcare,0.0012875712473353397,
2017-2020,lab,random_forest,3,PI,weighted,GenHlth,0.009203182707577705,
2017-2020,lab,random_forest,3,PI,weighted,MentHlth,-0.009626947645158025,
2017-2020,lab,random_forest,3,PI,weighted,Sex,-0.005989345424893577,
2017-2020,lab,random_forest,3,PI,weighted,Age,0.16205923913627246,
2017-2020,lab,random_forest,3,PI,weighted,Education,-0.012484727402369677,
2017-2020,lab,random_forest,3,PI,weighted,Income,-0.004078920850837065,
2017-2020,lab,logistic_regression,3,SHAP,unweighted,Diabetes_self,0.017707683193976382,
2017-2020,lab,logistic_regression,3,SHAP,unweighted,HighChol,0.011962822846591519,
2017-2020,lab,logistic_regression,3,SHAP,unweighted,BMI,0.1310589590853148,
2017-2020,lab,logistic_regression,3,SHAP,unweighted,Smoker,0.004779363730546734,
2017-2020,lab,logistic_regression,3,SHAP,unweighted,Stroke,0.029528310079932587,
2017-2020,lab,logistic_regression,3,SHAP,unweighted,HeartDiseaseorAttack,0.03920982526153243,
2017-2020,lab,logistic_regression,3,SHAP,unweighted,PhysActivity_LTPA,0.035730954104159426,
2017-2020,lab,logistic_regression,3,SHAP,unweighted,AnyHealthcare,0.044770690992960126,
2017-2020,lab,logistic_regression,3,SHAP,unweighted,GenHlth,0.13622546175962738,
2017-2020,lab,logistic_regression,3,SHAP,unweighted,MentHlth,0.038181343458469234,
2017-2020,lab,logistic_regression,3,SHAP,unweighted,Sex,0.07682147154164187,
2017-2020,lab,logistic_regression,3,SHAP,unweighted,Age,0.7104701011303475,
2017-2020,lab,logistic_regression,3,SHAP,unweighted,Education,0.030952184008027125,
2017-2020,lab,logistic_regression,3,SHAP,unweighted,Income,0.05650017698023567,
2017-2020,lab,logistic_regression,3,SHAP,weighted,Diabetes_self,0.016349663650980922,
2017-2020,lab,logistic_regression,3,SHAP,weighted,HighChol,0.011966036407526772,
2017-2020,lab,logistic_regression,3,SHAP,weighted,BMI,0.12852068421697097,
2017-2020,lab,logistic_regression,3,SHAP,weighted,Smoker,0.00476620365929433,
2017-2020,lab,logistic_regression,3,SHAP,weighted,Stroke,0.024103538453261176,
2017-2020,lab,logistic_regression,3,SHAP,weighted,HeartDiseaseorAttack,0.03587816372973101,
2017-2020,lab,logistic_regression,3,SHAP,weighted,PhysActivity_LTPA,0.03658018716886211,
2017-2020,lab,logistic_regression,3,SHAP,weighted,AnyHealthcare,0.039849310734989304,
2017-2020,lab,logistic_regression,3,SHAP,weighted,GenHlth,0.13398922957492918,
2017-2020,lab,logistic_regression,3,SHAP,weighted,MentHlth,0.03663809540162903,
2017-2020,lab,logistic_regression,3,SHAP,weighted,Sex,0.07674984687132677,
2017-2020,lab,logistic_regression,3,SHAP,weighted,Age,0.722863862098995,
2017-2020,lab,logistic_regression,3,SHAP,weighted,Education,0.029839628020714555,
2017-2020,lab,logistic_regression,3,SHAP,weighted,Income,0.05869649119679501,
2017-2020,lab,logistic_regression,3,PI,unweighted,Diabetes_self,0.0003335735693159814,0.0004331768025516845
2017-2020,lab,logistic_regression,3,PI,unweighted,HighChol,8.191653178010183e-05,0.0003332449061904759
2017-2020,lab,logistic_regression,3,PI,unweighted,BMI,0.009913475663307369,0.001978664368392099
2017-2020,lab,logistic_regression,3,PI,unweighted,Smoker,-1.3390202310159526e-05,0.00010712161848162153
2017-2020,lab,logistic_regression,3,PI,unweighted,Stroke,0.0033546395081858194,0.0016136379458228317
2017-2020,lab,logistic_regression,3,PI,unweighted,HeartDiseaseorAttack,0.0006569075721594486,0.0010853783270886844
2017-2020,lab,logistic_regression,3,PI,unweighted,PhysActivity_LTPA,0.00012248096819043042,0.0012003861167116216
2017-2020,lab,logistic_regression,3,PI,unweighted,AnyHealthcare,0.0018892000141779274,0.0009843957510398949
2017-2020,lab,logistic_regression,3,PI,unweighted,GenHlth,0.005644757932710298,0.00296825495730803
2017-2020,lab,logistic_regression,3,PI,unweighted,MentHlth,0.001935278063304169,0.0008074776014991872
2017-2020,lab,logistic_regression,3,PI,unweighted,Sex,0.0015300275286807107,0.0018640213878366413
2017-2020,lab,logistic_regression,3,PI,unweighted,Age,0.20663287609730743,0.018180189947152533
2017-2020,lab,logistic_regression,3,PI,unweighted,Education,0.0007545772831279995,0.0007018350727521801
2017-2020,lab,logistic_regression,3,PI,unweighted,Income,0.0023806992048583052,0.0013787308624305034
2017-2020,lab,logistic_regression,3,PI,weighted,Diabetes_self,-0.0012070736405210946,
2017-2020,lab,logistic_regression,3,PI,weighted,HighChol,0.00013171289293348876,
2017-2020,lab,logistic_regression,3,PI,weighted,BMI,0.01600541349582475,
2017-2020,lab,logistic_regression,3,PI,weighted,Smoker,0.00015288166522064994,
2017-2020,lab,logistic_regression,3,PI,weighted,Stroke,0.0025967607961324135,
2017-2020,lab,logistic_regression,3,PI,weighted,HeartDiseaseorAttack,0.000656580372929283,
2017-2020,lab,logistic_regression,3,PI,weighted,PhysActivity_LTPA,0.0007114754905140575,
2017-2020,lab,logistic_regression,3,PI,weighted,AnyHealthcare,0.0006303580426368805,
2017-2020,lab,logistic_regression,3,PI,weighted,GenHlth,0.0069718416052737655,
2017-2020,lab,logistic_regression,3,PI,weighted,MentHlth,0.0007788629641140799,
2017-2020,lab,logistic_regression,3,PI,weighted,Sex,0.001329984465183598,
2017-2020,lab,logistic_regression,3,PI,weighted,Age,0.21899729696796638,
2017-2020,lab,logistic_regression,3,PI,weighted,Education,0.0007108831266161908,
2017-2020,lab,logistic_regression,3,PI,weighted,Income,0.00346251071848932,
2017-2020,total,xgboost,3,SHAP,unweighted,Diabetes_self,0.1301223486661911,
2017-2020,total,xgboost,3,SHAP,unweighted,HighChol,0.2745152711868286,
2017-2020,total,xgboost,3,SHAP,unweighted,BMI,0.44723179936408997,
2017-2020,total,xgboost,3,SHAP,unweighted,Smoker,0.09633935242891312,
2017-2020,total,xgboost,3,SHAP,unweighted,Stroke,0.08200127631425858,
2017-2020,total,xgboost,3,SHAP,unweighted,HeartDiseaseorAttack,0.04088534414768219,
2017-2020,total,xgboost,3,SHAP,unweighted,PhysActivity_LTPA,0.04198278859257698,
2017-2020,total,xgboost,3,SHAP,unweighted,AnyHealthcare,0.07582591474056244,
2017-2020,total,xgboost,3,SHAP,unweighted,GenHlth,0.3131765127182007,
2017-2020,total,xgboost,3,SHAP,unweighted,MentHlth,0.06086409091949463,
2017-2020,total,xgboost,3,SHAP,unweighted,Sex,0.14729391038417816,
2017-2020,total,xgboost,3,SHAP,unweighted,Age,1.0229417085647583,
2017-2020,total,xgboost,3,SHAP,unweighted,Education,0.1425321251153946,
2017-2020,total,xgboost,3,SHAP,unweighted,Income,0.10415776073932648,
2017-2020,total,xgboost,3,SHAP,weighted,Diabetes_self,0.11736228733613861,
2017-2020,total,xgboost,3,SHAP,weighted,HighChol,0.26901342937065936,
2017-2020,total,xgboost,3,SHAP,weighted,BMI,0.44597870232411435,
2017-2020,total,xgboost,3,SHAP,weighted,Smoker,0.09918301151735345,
2017-2020,total,xgboost,3,SHAP,weighted,Stroke,0.0606824526488707,
2017-2020,total,xgboost,3,SHAP,weighted,HeartDiseaseorAttack,0.03163436422146935,
2017-2020,total,xgboost,3,SHAP,weighted,PhysActivity_LTPA,0.04145725121972845,
2017-2020,total,xgboost,3,SHAP,weighted,AnyHealthcare,0.06219059088772749,
2017-2020,total,xgboost,3,SHAP,weighted,GenHlth,0.3274732394884133,
2017-2020,total,xgboost,3,SHAP,weighted,MentHlth,0.05669863492470559,
2017-2020,total,xgboost,3,SHAP,weighted,Sex,0.16031283772227764,
2017-2020,total,xgboost,3,SHAP,weighted,Age,1.035620302899674,
2017-2020,total,xgboost,3,SHAP,weighted,Education,0.1337223954499909,
2017-2020,total,xgboost,3,SHAP,weighted,Income,0.09520443105307995,
2017-2020,total,xgboost,3,PI,unweighted,Diabetes_self,0.0025814083128255284,0.00180689020312398
2017-2020,total,xgboost,3,PI,unweighted,HighChol,0.010954873621667216,0.00344213438509154
2017-2020,total,xgboost,3,PI,unweighted,BMI,0.031060925369481594,0.005807755846627046
2017-2020,total,xgboost,3,PI,unweighted,Smoker,0.0002303226420482196,0.0019322530361982181
2017-2020,total,xgboost,3,PI,unweighted,Stroke,0.00023304191763315885,0.0026882671100420027
2017-2020,total,xgboost,3,PI,unweighted,HeartDiseaseorAttack,0.00012671824226033744,0.0012699536370359918
2017-2020,total,xgboost,3,PI,unweighted,PhysActivity_LTPA,-0.0004051720621626287,0.0009160778957324844
2017-2020,total,xgboost,3,PI,unweighted,AnyHealthcare,0.0009952548641042115,0.0011686274674858374
2017-2020,total,xgboost,3,PI,unweighted,GenHlth,0.017635861806414778,0.0042406501172495455
2017-2020,total,xgboost,3,PI,unweighted,MentHlth,-0.00023548926565957194,0.0020258764439007584
2017-2020,total,xgboost,3,PI,unweighted,Sex,0.004168377544222257,0.0020489590681976397
2017-2020,total,xgboost,3,PI,unweighted,Age,0.16387387999836847,0.007438218655151422
2017-2020,total,xgboost,3,PI,unweighted,Education,0.006517831649648587,0.0021425159909423596
2017-2020,total,xgboost,3,PI,unweighted,Income,0.0011342098464969586,0.0018989526948957657
2017-2020,total,xgboost,3,PI,weighted,Diabetes_self,0.001236948135669136,
2017-2020,total,xgboost,3,PI,weighted,HighChol,0.011447624280644409,
2017-2020,total,xgboost,3,PI,weighted,BMI,0.03261658107080451,
2017-2020,total,xgboost,3,PI,weighted,Smoker,-0.004861957466537337,
2017-2020,total,xgboost,3,PI,weighted,Stroke,0.000623784985132847,
2017-2020,total,xgboost,3,PI,weighted,HeartDiseaseorAttack,-0.00011568044598392335,
2017-2020,total,xgboost,3,PI,weighted,PhysActivity_LTPA,-0.0007633873124727741,
2017-2020,total,xgboost,3,PI,weighted,AnyHealthcare,0.0009585710749083654,
2017-2020,total,xgboost,3,PI,weighted,GenHlth,0.01937716045402198,
2017-2020,total,xgboost,3,PI,weighted,MentHlth,-0.0011595689467214898,
2017-2020,total,xgboost,3,PI,weighted,Sex,0.004121974904641756,
2017-2020,total,xgboost,3,PI,weighted,Age,0.15549438201702007,
2017-2020,total,xgboost,3,PI,weighted,Education,-0.0032169795327652182,
2017-2020,total,xgboost,3,PI,weighted,Income,-0.0024817659619012166,
2017-2020,total,random_forest,3,SHAP,unweighted,Diabetes_self,0.035015002911470285,
2017-2020,total,random_forest,3,SHAP,unweighted,HighChol,0.06845416544412612,
2017-2020,total,random_forest,3,SHAP,unweighted,BMI,0.05521105449541104,
2017-2020,total,random_forest,3,SHAP,unweighted,Smoker,0.015881952448815292,
2017-2020,total,random_forest,3,SHAP,unweighted,Stroke,0.01200772625475209,
2017-2020,total,random_forest,3,SHAP,unweighted,HeartDiseaseorAttack,0.011394757519700122,
2017-2020,total,random_forest,3,SHAP,unweighted,PhysActivity_LTPA,0.010518769005058149,
2017-2020,total,random_forest,3,SHAP,unweighted,AnyHealthcare,0.014808898042187574,
2017-2020,total,random_forest,3,SHAP,unweighted,GenHlth,0.04985455231433776,
2017-2020,total,random_forest,3,SHAP,unweighted,MentHlth,0.00836312362993021,
2017-2020,total,random_forest,3,SHAP,unweighted,Sex,0.01650095467448695,
2017-2020,total,random_forest,3,SHAP,unweighted,Age,0.15098940088082258,
2017-2020,total,random_forest,3,SHAP,unweighted,Education,0.015207872540812272,
2017-2020,total,random_forest,3,SHAP,unweighted,Income,0.011319271209125514,
2017-2020,total,random_forest,3,SHAP,weighted,Diabetes_self,0.031964910090999006,
2017-2020,total,random_forest,3,SHAP,weighted,HighChol,0.06779129548026863,
2017-2020,total,random_forest,3,SHAP,weighted,BMI,0.05532650425314395,
2017-2020,total,random_forest,3,SHAP,weighted,Smoker,0.016429139110096216,
2017-2020,total,random_forest,3,SHAP,weighted,Stroke,0.009701262381697587,
2017-2020,total,random_forest,3,SHAP,weighted,HeartDiseaseorAttack,0.009728270590102426,
2017-2020,total,random_forest,3,SHAP,weighted,PhysActivity_LTPA,0.010457435988040697,
2017-2020,total,random_forest,3,SHAP,weighted,AnyHealthcare,0.01162400059410624,
2017-2020,total,random_forest,3,SHAP,weighted,GenHlth,0.05161846325679984,
2017-2020,total,random_forest,3,SHAP,weighted,MentHlth,0.008284256310186948,
2017-2020,total,random_forest,3,SHAP,weighted,Sex,0.01734484129052193,
2017-2020,total,random_forest,3,SHAP,weighted,Age,0.15072198322429858,
2017-2020,total,random_forest,3,SHAP,weighted,Education,0.015375223084498176,
2017-2020,total,random_forest,3,SHAP,weighted,Income,0.011681443351648108,
2017-2020,total,random_forest,3,PI,unweighted,Diabetes_self,0.0066918652870875395,0.003263754308248742
2017-2020,total,random_forest,3,PI,unweighted,HighChol,0.015278793729350492,0.005432769268784129
2017-2020,total,random_forest,3,PI,unweighted,BMI,0.01962623557084392,0.0051345694501350545
2017-2020,total,random_forest,3,PI,unweighted,Smoker,0.0007737698677072524,0.002582112573728173
2017-2020,total,random_forest,3,PI,unweighted,Stroke,-0.00021550259010999495,0.0020061222493445974
2017-2020,total,random_forest,3,PI,unweighted,HeartDiseaseorAttack,0.00048103985098367773,0.0022097127549203927
2017-2020,total,random_forest,3,PI,unweighted,PhysActivity_LTPA,0.002491400290962442,0.002398276521750398
2017-2020,total,random_forest,3,PI,unweighted,AnyHealthcare,0.0020850045547865736,0.0013036214315625063
2017-2020,total,random_forest,3,PI,unweighted,GenHlth,0.015672000978939192,0.004207201424458333
2017-2020,total,random_forest,3,PI,unweighted,MentHlth,-1.8355110198642332e-05,0.0022547438251956293
2017-2020,total,random_forest,3,PI,unweighted,Sex,0.004886946117554314,0.003215302720097746
2017-2020,total,random_forest,3,PI,unweighted,Age,0.1581867870399325,0.006692122126572079
2017-2020,total,random_forest,3,PI,unweighted,Education,-0.0026300833457966522,0.003039921109520386
2017-2020,total,random_forest,3,PI,unweighted,Income,0.0021733810112985696,0.0033742476140198757
2017-2020,total,random_forest,3,PI,weighted,Diabetes_self,0.006045476040584386,
2017-2020,total,random_forest,3,PI,weighted,HighChol,0.025279557849925426,
2017-2020,total,random_forest,3,PI,weighted,BMI,0.028099605462354772,
2017-2020,total,random_forest,3,PI,weighted,Smoker,-0.0022254003588844883,
2017-2020,total,random_forest,3,PI,weighted,Stroke,0.0010276719037561667,
2017-2020,total,random_forest,3,PI,weighted,HeartDiseaseorAttack,0.00019656191219965535,
2017-2020,total,random_forest,3,PI,weighted,PhysActivity_LTPA,0.0017426255885478969,
2017-2020,total,random_forest,3,PI,weighted,AnyHealthcare,0.0016300372599259317,
2017-2020,total,random_forest,3,PI,weighted,GenHlth,0.02155982137768625,
2017-2020,total,random_forest,3,PI,weighted,MentHlth,-0.0005475624691083202,
2017-2020,total,random_forest,3,PI,weighted,Sex,0.006023796192712405,
2017-2020,total,random_forest,3,PI,weighted,Age,0.15099959628298046,
2017-2020,total,random_forest,3,PI,weighted,Education,-0.00826892302695852,
2017-2020,total,random_forest,3,PI,weighted,Income,0.002633211908842026,
2017-2020,total,logistic_regression,3,SHAP,unweighted,Diabetes_self,0.13284369435326646,
2017-2020,total,logistic_regression,3,SHAP,unweighted,HighChol,0.2709957418168867,
2017-2020,total,logistic_regression,3,SHAP,unweighted,BMI,0.3065025560439403,
2017-2020,total,logistic_regression,3,SHAP,unweighted,Smoker,0.060158801372095054,
2017-2020,total,logistic_regression,3,SHAP,unweighted,Stroke,0.08184806303989613,
2017-2020,total,logistic_regression,3,SHAP,unweighted,HeartDiseaseorAttack,0.03189707520470784,
2017-2020,total,logistic_regression,3,SHAP,unweighted,PhysActivity_LTPA,0.0006704904863720632,
2017-2020,total,logistic_regression,3,SHAP,unweighted,AnyHealthcare,0.060842233662896546,
2017-2020,total,logistic_regression,3,SHAP,unweighted,GenHlth,0.28387372945898964,
2017-2020,total,logistic_regression,3,SHAP,unweighted,MentHlth,0.04209346210458905,
2017-2020,total,logistic_regression,3,SHAP,unweighted,Sex,0.120628562499493,
2017-2020,total,logistic_regression,3,SHAP,unweighted,Age,0.8368919283382831,
2017-2020,total,logistic_regression,3,SHAP,unweighted,Education,0.050305169077553065,
2017-2020,total,logistic_regression,3,SHAP,unweighted,Income,0.03239324854898282,
2017-2020,total,logistic_regression,3,SHAP,weighted,Diabetes_self,0.12265578150666823,
2017-2020,total,logistic_regression,3,SHAP,weighted,HighChol,0.27106853912741313,
2017-2020,total,logistic_regression,3,SHAP,weighted,BMI,0.3005663900578889,
2017-2020,total,logistic_regression,3,SHAP,weighted,Smoker,0.05999315293913351,
2017-2020,total,logistic_regression,3,SHAP,weighted,Stroke,0.06681140673024138,
2017-2020,total,logistic_regression,3,SHAP,weighted,HeartDiseaseorAttack,0.02918677854493671,
2017-2020,total,logistic_regression,3,SHAP,weighted,PhysActivity_LTPA,0.0006864263242155154,
2017-2020,total,logistic_regression,3,SHAP,weighted,AnyHealthcare,0.054154202699817494,
2017-2020,total,logistic_regression,3,SHAP,weighted,GenHlth,0.27921375208026256,
2017-2020,total,logistic_regression,3,SHAP,weighted,MentHlth,0.04039209049965174,
2017-2020,total,logistic_regression,3,SHAP,weighted,Sex,0.1205160941902301,
2017-2020,total,logistic_regression,3,SHAP,weighted,Age,0.8514910486952305,
2017-2020,total,logistic_regression,3,SHAP,weighted,Education,0.04849698271385415,
2017-2020,total,logistic_regression,3,SHAP,weighted,Income,0.0336524614596529,
2017-2020,total,logistic_regression,3,PI,unweighted,Diabetes_self,0.00320194700131875,0.0018164900331094484
2017-2020,total,logistic_regression,3,PI,unweighted,HighChol,0.009303729486464763,0.002867804345593617
2017-2020,total,logistic_regression,3,PI,unweighted,BMI,0.022077526546927816,0.003963529649884687
2017-2020,total,logistic_regression,3,PI,unweighted,Smoker,0.0005618023358576529,0.0004886413383088109
2017-2020,total,logistic_regression,3,PI,unweighted,Stroke,0.002172429264843756,0.0023903432996423245
2017-2020,total,logistic_regression,3,PI,unweighted,HeartDiseaseorAttack,-0.0003774354511958622,0.0006687447832247826
2017-2020,total,logistic_regression,3,PI,unweighted,PhysActivity_LTPA,3.127166922723967e-05,1.1228336386384537e-05
2017-2020,total,logistic_regression,3,PI,unweighted,AnyHealthcare,5.0850453439121865e-05,0.0007677772887485549
2017-2020,total,logistic_regression,3,PI,unweighted,GenHlth,0.01510013732341695,0.0034359585250320897
2017-2020,total,logistic_regression,3,PI,unweighted,MentHlth,-0.000791853050347524,0.0004698870442984438
2017-2020,total,logistic_regression,3,PI,unweighted,Sex,0.0018866334008618812,0.0014692388667676415
2017-2020,total,logistic_regression,3,PI,unweighted,Age,0.16520442154210113,0.006602838054719533
2017-2020,total,logistic_regression,3,PI,unweighted,Education,6.716610694903479e-05,0.000641894260899235
2017-2020,total,logistic_regression,3,PI,unweighted,Income,1.6587581068316926e-05,0.000434021343414744
2017-2020,total,logistic_regression,3,PI,weighted,Diabetes_self,0.004628110441863653,
2017-2020,total,logistic_regression,3,PI,weighted,HighChol,0.006194826655200903,
2017-2020,total,logistic_regression,3,PI,weighted,BMI,0.025404099433773676,
2017-2020,total,logistic_regression,3,PI,weighted,Smoker,0.00022873353166960042,
2017-2020,total,logistic_regression,3,PI,weighted,Stroke,0.0023370182649025905,
2017-2020,total,logistic_regression,3,PI,weighted,HeartDiseaseorAttack,-0.00038820721059844575,
2017-2020,total,logistic_regression,3,PI,weighted,PhysActivity_LTPA,6.558768722922937e-05,
2017-2020,total,logistic_regression,3,PI,weighted,AnyHealthcare,0.0004990537040962861,
2017-2020,total,logistic_regression,3,PI,weighted,GenHlth,0.018072093228402496,
2017-2020,total,logistic_regression,3,PI,weighted,MentHlth,-0.0002706946648262876,
2017-2020,total,logistic_regression,3,PI,weighted,Sex,0.000827887509796843,
2017-2020,total,logistic_regression,3,PI,weighted,Age,0.16035880983331383,
2017-2020,total,logistic_regression,3,PI,weighted,Education,-6.053715319707109e-05,
2017-2020,total,logistic_regression,3,PI,weighted,Income,0.00038068705060699813,
2017-2020,diag,xgboost,4,SHAP,unweighted,Diabetes_self,0.14912474155426025,
2017-2020,diag,xgboost,4,SHAP,unweighted,HighChol,0.3685893714427948,
2017-2020,diag,xgboost,4,SHAP,unweighted,BMI,0.4383273720741272,
2017-2020,diag,xgboost,4,SHAP,unweighted,Smoker,0.08523303270339966,
2017-2020,diag,xgboost,4,SHAP,unweighted,Stroke,0.062153011560440063,
2017-2020,diag,xgboost,4,SHAP,unweighted,HeartDiseaseorAttack,0.06037081778049469,
2017-2020,diag,xgboost,4,SHAP,unweighted,PhysActivity_LTPA,0.04952535778284073,
2017-2020,diag,xgboost,4,SHAP,unweighted,AnyHealthcare,0.05597760155797005,
2017-2020,diag,xgboost,4,SHAP,unweighted,GenHlth,0.39242270588874817,
2017-2020,diag,xgboost,4,SHAP,unweighted,MentHlth,0.0595240481197834,
2017-2020,diag,xgboost,4,SHAP,unweighted,Sex,0.09555558860301971,
2017-2020,diag,xgboost,4,SHAP,unweighted,Age,0.8962047696113586,
2017-2020,diag,xgboost,4,SHAP,unweighted,Education,0.13677756488323212,
2017-2020,diag,xgboost,4,SHAP,unweighted,Income,0.08504403382539749,
2017-2020,diag,xgboost,4,SHAP,weighted,Diabetes_self,0.13592379971076954,
2017-2020,diag,xgboost,4,SHAP,weighted,HighChol,0.3525446598274483,
2017-2020,diag,xgboost,4,SHAP,weighted,BMI,0.44374794402775775,
2017-2020,diag,xgboost,4,SHAP,weighted,Smoker,0.08490294807586223,
2017-2020,diag,xgboost,4,SHAP,weighted,Stroke,0.052144186693606244,
2017-2020,diag,xgboost,4,SHAP,weighted,HeartDiseaseorAttack,0.05097418246727268,
2017-2020,diag,xgboost,4,SHAP,weighted,PhysActivity_LTPA,0.05126241856625137,
2017-2020,diag,xgboost,4,SHAP,weighted,AnyHealthcare,0.04868338517167613,
2017-2020,diag,xgboost,4,SHAP,weighted,GenHlth,0.41910598129448173,
2017-2020,diag,xgboost,4,SHAP,weighted,MentHlth,0.05834864485453585,
2017-2020,diag,xgboost,4,SHAP,weighted,Sex,0.09672317266013163,
2017-2020,diag,xgboost,4,SHAP,weighted,Age,0.9094318288781319,
2017-2020,diag,xgboost,4,SHAP,weighted,Education,0.12550793636119578,
2017-2020,diag,xgboost,4,SHAP,weighted,Income,0.08709973474509729,
2017-2020,diag,xgboost,4,PI,unweighted,Diabetes_self,0.00738415700052526,0.002033185697828301
2017-2020,diag,xgboost,4,PI,unweighted,HighChol,0.023768230758853058,0.003604390979750994
2017-2020,diag,xgboost,4,PI,unweighted,BMI,0.03256951441094661,0.006804155845583444
2017-2020,diag,xgboost,4,PI,unweighted,Smoker,-0.0012012710222429445,0.001298195914051219
2017-2020,diag,xgboost,4,PI,unweighted,Stroke,0.004293862179625141,0.0013812554908275805
2017-2020,diag,xgboost,4,PI,unweighted,HeartDiseaseorAttack,0.003820529822234775,0.0012220011280823734
2017-2020,diag,xgboost,4,PI,unweighted,PhysActivity_LTPA,-0.001317236014593237,0.0009648571628420109
2017-2020,diag,xgboost,4,PI,unweighted,AnyHealthcare,0.0005491114613024095,0.0014238929931294974
2017-2020,diag,xgboost,4,PI,unweighted,GenHlth,0.02016183431358195,0.00500369443808178
2017-2020,diag,xgboost,4,PI,unweighted,MentHlth,0.0005597320175325215,0.0013988540618629047
2017-2020,diag,xgboost,4,PI,unweighted,Sex,0.005746869088727546,0.002421850410399963
2017-2020,diag,xgboost,4,PI,unweighted,Age,0.13833805517522482,0.008395445024112424
2017-2020,diag,xgboost,4,PI,unweighted,Education,0.0069300564611732285,0.002784153821039516
2017-2020,diag,xgboost,4,PI,unweighted,Income,0.0026169624635097644,0.001452862218410148
2017-2020,diag,xgboost,4,PI,weighted,Diabetes_self,0.007374859629146968,
2017-2020,diag,xgboost,4,PI,weighted,HighChol,0.011793662935560978,
2017-2020,diag,xgboost,4,PI,weighted,BMI,0.03200005691791809,
2017-2020,diag,xgboost,4,PI,weighted,Smoker,-0.00035920430515663516,
2017-2020,diag,xgboost,4,PI,weighted,Stroke,0.0036684120212133963,
2017-2020,diag,xgboost,4,PI,weighted,HeartDiseaseorAttack,0.0024851145709587686,
2017-2020,diag,xgboost,4,PI,weighted,PhysActivity_LTPA,-0.0019466506996503208,
2017-2020,diag,xgboost,4,PI,weighted,AnyHealthcare,0.0008289908652272859,
2017-2020,diag,xgboost,4,PI,weighted,GenHlth,0.02461736010824993,
2017-2020,diag,xgboost,4,PI,weighted,MentHlth,-0.001093567564265252,
2017-2020,diag,xgboost,4,PI,weighted,Sex,0.007100961501753822,
2017-2020,diag,xgboost,4,PI,weighted,Age,0.14618501549089244,
2017-2020,diag,xgboost,4,PI,weighted,Education,0.010619578245784234,
2017-2020,diag,xgboost,4,PI,weighted,Income,-0.0015319595778843342,
2017-2020,diag,random_forest,4,SHAP,unweighted,Diabetes_self,0.03668100506757975,
2017-2020,diag,random_forest,4,SHAP,unweighted,HighChol,0.07760604761507767,
2017-2020,diag,random_forest,4,SHAP,unweighted,BMI,0.06013224595049001,
2017-2020,diag,random_forest,4,SHAP,unweighted,Smoker,0.014364777578982158,
2017-2020,diag,random_forest,4,SHAP,unweighted,Stroke,0.011317633541016989,
2017-2020,diag,random_forest,4,SHAP,unweighted,HeartDiseaseorAttack,0.01406534683251379,
2017-2020,diag,random_forest,4,SHAP,unweighted,PhysActivity_LTPA,0.011346108205970833,
2017-2020,diag,random_forest,4,SHAP,unweighted,AnyHealthcare,0.008902687728213529,
2017-2020,diag,random_forest,4,SHAP,unweighted,GenHlth,0.05442546464893623,
2017-2020,diag,random_forest,4,SHAP,unweighted,MentHlth,0.00854827315457537,
2017-2020,diag,random_forest,4,SHAP,unweighted,Sex,0.013083179326076062,
2017-2020,diag,random_forest,4,SHAP,unweighted,Age,0.1304594586909245,
2017-2020,diag,random_forest,4,SHAP,unweighted,Education,0.013485293333524146,
2017-2020,diag,random_forest,4,SHAP,unweighted,Income,0.011040451091370848,
2017-2020,diag,random_forest,4,SHAP,weighted,Diabetes_self,0.03390292445112333,
2017-2020,diag,random_forest,4,SHAP,weighted,HighChol,0.07435304281138823,
2017-2020,diag,random_forest,4,SHAP,weighted,BMI,0.05954430038430832,
2017-2020,diag,random_forest,4,SHAP,weighted,Smoker,0.014423617801089007,
2017-2020,diag,random_forest,4,SHAP,weighted,Stroke,0.009571198228287683,
2017-2020,diag,random_forest,4,SHAP,weighted,HeartDiseaseorAttack,0.01276924833804309,
2017-2020,diag,random_forest,4,SHAP,weighted,PhysActivity_LTPA,0.011765405681346678,
2017-2020,diag,random_forest,4,SHAP,weighted,AnyHealthcare,0.0077043429835586255,
2017-2020,diag,random_forest,4,SHAP,weighted,GenHlth,0.056104930480881984,
2017-2020,diag,random_forest,4,SHAP,weighted,MentHlth,0.00828244944318525,
2017-2020,diag,random_forest,4,SHAP,weighted,Sex,0.012934177569644427,
2017-2020,diag,random_forest,4,SHAP,weighted,Age,0.12808952902936746,
2017-2020,diag,random_forest,4,SHAP,weighted,Education,0.013129315915365758,
2017-2020,diag,random_forest,4,SHAP,weighted,Income,0.011369608679318069,
2017-2020,diag,random_forest,4,PI,unweighted,Diabetes_self,0.009981026519815972,0.0032034319728424265
2017-2020,diag,random_forest,4,PI,unweighted,HighChol,0.02920782132205828,0.005370539743951886
2017-2020,diag,random_forest,4,PI,unweighted,BMI,0.02954667447421071,0.005305123635128059
2017-2020,diag,random_forest,4,PI,unweighted,Smoker,0.0017513871307562657,0.0027959289150927204
2017-2020,diag,random_forest,4,PI,unweighted,Stroke,0.003592761947408152,0.0016109098676003611
2017-2020,diag,random_forest,4,PI,unweighted,HeartDiseaseorAttack,0.005200915090088165,0.001541221389756918
2017-2020,diag,random_forest,4,PI,unweighted,PhysActivity_LTPA,-0.0014011958172231442,0.0019257560745732246
2017-2020,diag,random_forest,4,PI,unweighted,AnyHealthcare,0.0017818135891452202,0.0018749181385222156
2017-2020,diag,random_forest,4,PI,unweighted,GenHlth,0.015478169016105959,0.004986180157428283
2017-2020,diag,random_forest,4,PI,unweighted,MentHlth,0.00083873690011802,0.002320217294254096
2017-2020,diag,random_forest,4,PI,unweighted,Sex,0.006205418780013816,0.003357781352343093
2017-2020,diag,random_forest,4,PI,unweighted,Age,0.12359901946432209,0.01077494430510406
2017-2020,diag,random_forest,4,PI,unweighted,Education,0.005855370987510833,0.0027335676254694077
2017-2020,diag,random_forest,4,PI,unweighted,Income,0.006738599406971091,0.002681296575501762
2017-2020,diag,random_forest,4,PI,weighted,Diabetes_self,0.010331841994788638,
2017-2020,diag,random_forest,4,PI,weighted,HighChol,0.01910768459870048,
2017-2020,diag,random_forest,4,PI,weighted,BMI,0.031403476349984236,
2017-2020,diag,random_forest,4,PI,weighted,Smoker,0.0038897719195513545,
2017-2020,diag,random_forest,4,PI,weighted,Stroke,0.0028938085850432893,
2017-2020,diag,random_forest,4,PI,weighted,HeartDiseaseorAttack,0.003006053918651541,
2017-2020,diag,random_forest,4,PI,weighted,PhysActivity_LTPA,-0.0022087071324752737,
2017-2020,diag,random_forest,4,PI,weighted,AnyHealthcare,0.0019741858223734977,
2017-2020,diag,random_forest,4,PI,weighted,GenHlth,0.014703071412781533,
2017-2020,diag,random_forest,4,PI,weighted,MentHlth,0.00012888139169043856,
2017-2020,diag,random_forest,4,PI,weighted,Sex,0.0034885955487017673,
2017-2020,diag,random_forest,4,PI,weighted,Age,0.12262385643828408,
2017-2020,diag,random_forest,4,PI,weighted,Education,0.0067438163132055974,
2017-2020,diag,random_forest,4,PI,weighted,Income,0.004908220430667465,
2017-2020,diag,logistic_regression,4,SHAP,unweighted,Diabetes_self,0.13894790929283463,
2017-2020,diag,logistic_regression,4,SHAP,unweighted,HighChol,0.37269901029676855,
2017-2020,diag,logistic_regression,4,SHAP,unweighted,BMI,0.3256730055599265,
2017-2020,diag,logistic_regression,4,SHAP,unweighted,Smoker,0.050438192303328744,
2017-2020,diag,logistic_regression,4,SHAP,unweighted,Stroke,0.04025864878448519,
2017-2020,diag,logistic_regression,4,SHAP,unweighted,HeartDiseaseorAttack,0.03381297876848278,
2017-2020,diag,logistic_regression,4,SHAP,unweighted,PhysActivity_LTPA,0.010702035254211277,
2017-2020,diag,logistic_regression,4,SHAP,unweighted,AnyHealthcare,0.03998780856890154,
2017-2020,diag,logistic_regression,4,SHAP,unweighted,GenHlth,0.31914329948323295,
2017-2020,diag,logistic_regression,4,SHAP,unweighted,MentHlth,0.034517649921996185,
2017-2020,diag,logistic_regression,4,SHAP,unweighted,Sex,0.03910222282827523,
2017-2020,diag,logistic_regression,4,SHAP,unweighted,Age,0.7139841195894933,
2017-2020,diag,logistic_regression,4,SHAP,unweighted,Education,0.07250478682742598,
2017-2020,diag,logistic_regression,4,SHAP,unweighted,Income,0.0001496878496795352,
2017-2020,diag,logistic_regression,4,SHAP,weighted,Diabetes_self,0.13014912438396298,
2017-2020,diag,logistic_regression,4,SHAP,weighted,HighChol,0.37030129921352994,
2017-2020,diag,logistic_regression,4,SHAP,weighted,BMI,0.3247653583837975,
2017-2020,diag,logistic_regression,4,SHAP,weighted,Smoker,0.05055553928722473,
2017-2020,diag,logistic_regression,4,SHAP,weighted,Stroke,0.030555121366387203,
2017-2020,diag,logistic_regression,4,SHAP,weighted,HeartDiseaseorAttack,0.030574922855261685,
2017-2020,diag,logistic_regression,4,SHAP,weighted,PhysActivity_LTPA,0.010675470132646653,
2017-2020,diag,logistic_regression,4,SHAP,weighted,AnyHealthcare,0.03797729911156192,
2017-2020,diag,logistic_regression,4,SHAP,weighted,GenHlth,0.33391762345618076,
2017-2020,diag,logistic_regression,4,SHAP,weighted,MentHlth,0.033887889774108435,
2017-2020,diag,logistic_regression,4,SHAP,weighted,Sex,0.039087375160232675,
2017-2020,diag,logistic_regression,4,SHAP,weighted,Age,0.686065192348228,
2017-2020,diag,logistic_regression,4,SHAP,weighted,Education,0.06839148968453039,
2017-2020,diag,logistic_regression,4,SHAP,weighted,Income,0.00015768899371039656,
2017-2020,diag,logistic_regression,4,PI,unweighted,Diabetes_self,0.00604166128462813,0.0020177492131904246
2017-2020,diag,logistic_regression,4,PI,unweighted,HighChol,0.023658867733889154,0.0038870069663072353
2017-2020,diag,logistic_regression,4,PI,unweighted,BMI,0.025844980064929034,0.0049898555673170775
2017-2020,diag,logistic_regression,4,PI,unweighted,Smoker,-0.00048280474537926166,0.0009208788877531262
2017-2020,diag,logistic_regression,4,PI,unweighted,Stroke,0.0046698872785830405,0.0017727883332259006
2017-2020,diag,logistic_regression,4,PI,unweighted,HeartDiseaseorAttack,0.0019470062948324872,0.0008979564348916022
2017-2020,diag,logistic_regression,4,PI,unweighted,PhysActivity_LTPA,-0.00012802075888168618,4.560627737902207e-05
2017-2020,diag,logistic_regression,4,PI,unweighted,AnyHealthcare,0.000711577267417074,0.0003593244974745383
2017-2020,diag,logistic_regression,4,PI,unweighted,GenHlth,0.016763543362008936,0.0037952771222149683
2017-2020,diag,logistic_regression,4,PI,unweighted,MentHlth,0.001018712271909339,0.00041593662332870977
2017-2020,diag,logistic_regression,4,PI,unweighted,Sex,0.0003860715710673812,0.0002897539960235642
2017-2020,diag,logistic_regression,4,PI,unweighted,Age,0.12187719766577407,0.010496220829934965
2017-2020,diag,logistic_regression,4,PI,unweighted,Education,0.0012314104385716008,0.0011947433993336626
2017-2020,diag,logistic_regression,4,PI,unweighted,Income,-4.30563090401126e-06,5.483930861491891e-06
2017-2020,diag,logistic_regression,4,PI,weighted,Diabetes_self,0.009322614737074875,
2017-2020,diag,logistic_regression,4,PI,weighted,HighChol,0.016349262768504215,
2017-2020,diag,logistic_regression,4,PI,weighted,BMI,0.025872944539243613,
2017-2020,diag,logistic_regression,4,PI,weighted,Smoker,-0.000785599289249661,
2017-2020,diag,logistic_regression,4,PI,weighted,Stroke,0.003718887655422709,
2017-2020,diag,logistic_regression,4,PI,weighted,HeartDiseaseorAttack,0.002012046638023968,
2017-2020,diag,logistic_regression,4,PI,weighted,PhysActivity_LTPA,0.0001095612241922228,
2017-2020,diag,logistic_regression,4,PI,weighted,AnyHealthcare,0.0010168764780091211,
2017-2020,diag,logistic_regression,4,PI,weighted,GenHlth,0.022223073031399965,
2017-2020,diag,logistic_regression,4,PI,weighted,MentHlth,0.0008818866625901256,
2017-2020,diag,logistic_regression,4,PI,weighted,Sex,0.0012110735408509044,
2017-2020,diag,logistic_regression,4,PI,weighted,Age,0.12422798382840117,
2017-2020,diag,logistic_regression,4,PI,weighted,Education,-0.0007363278168973642,
2017-2020,diag,logistic_regression,4,PI,weighted,Income,5.95270246862567e-06,
2017-2020,lab,xgboost,4,SHAP,unweighted,Diabetes_self,0.031099244952201843,
2017-2020,lab,xgboost,4,SHAP,unweighted,HighChol,0.07843228429555893,
2017-2020,lab,xgboost,4,SHAP,unweighted,BMI,0.3270016610622406,
2017-2020,lab,xgboost,4,SHAP,unweighted,Smoker,0.05984004586935043,
2017-2020,lab,xgboost,4,SHAP,unweighted,Stroke,0.046627093106508255,
2017-2020,lab,xgboost,4,SHAP,unweighted,HeartDiseaseorAttack,0.023963557556271553,
2017-2020,lab,xgboost,4,SHAP,unweighted,PhysActivity_LTPA,0.06415314972400665,
2017-2020,lab,xgboost,4,SHAP,unweighted,AnyHealthcare,0.04523554816842079,
2017-2020,lab,xgboost,4,SHAP,unweighted,GenHlth,0.16289635002613068,
2017-2020,lab,xgboost,4,SHAP,unweighted,MentHlth,0.07011988759040833,
2017-2020,lab,xgboost,4,SHAP,unweighted,Sex,0.1389053910970688,
2017-2020,lab,xgboost,4,SHAP,unweighted,Age,0.8313143849372864,
2017-2020,lab,xgboost,4,SHAP,unweighted,Education,0.1313549429178238,
2017-2020,lab,xgboost,4,SHAP,unweighted,Income,0.11510634422302246,
2017-2020,lab,xgboost,4,SHAP,weighted,Diabetes_self,0.029250450972325034,
2017-2020,lab,xgboost,4,SHAP,weighted,HighChol,0.07896347435794773,
2017-2020,lab,xgboost,4,SHAP,weighted,BMI,0.3411211628079845,
2017-2020,lab,xgboost,4,SHAP,weighted,Smoker,0.06217545190525444,
2017-2020,lab,xgboost,4,SHAP,weighted,Stroke,0.04005179683796335,
2017-2020,lab,xgboost,4,SHAP,weighted,HeartDiseaseorAttack,0.022909034683200404,
2017-2020,lab,xgboost,4,SHAP,weighted,PhysActivity_LTPA,0.07060572505022665,
2017-2020,lab,xgboost,4,SHAP,weighted,AnyHealthcare,0.0402080870422244,
2017-2020,lab,xgboost,4,SHAP,weighted,GenHlth,0.17443768055274633,
2017-2020,lab,xgboost,4,SHAP,weighted,MentHlth,0.07101004805312318,
2017-2020,lab,xgboost,4,SHAP,weighted,Sex,0.1460601937350442,
2017-2020,lab,xgboost,4,SHAP,weighted,Age,0.8619677638183937,
2017-2020,lab,xgboost,4,SHAP,weighted,Education,0.12916722735484426,
2017-2020,lab,xgboost,4,SHAP,weighted,Income,0.11935249546398702,
2017-2020,lab,xgboost,4,PI,unweighted,Diabetes_self,0.00147055927724421,0.0014452256268638088
2017-2020,lab,xgboost,4,PI,unweighted,HighChol,0.00021503089592274095,0.0021068892199798805
2017-2020,lab,xgboost,4,PI,unweighted,BMI,0.03225680045054101,0.011084276954478429
2017-2020,lab,xgboost,4,PI,unweighted,Smoker,0.0006458803467275787,0.0032362715538641305
2017-2020,lab,xgboost,4,PI,unweighted,Stroke,0.005170193409657553,0.0026348297717756286
2017-2020,lab,xgboost,4,PI,unweighted,HeartDiseaseorAttack,-0.001722610144259651,0.0012037109259266376
2017-2020,lab,xgboost,4,PI,unweighted,PhysActivity_LTPA,0.0007289783669467753,0.0027588537641768424
2017-2020,lab,xgboost,4,PI,unweighted,AnyHealthcare,0.001208268843756144,0.0019252500638092373
2017-2020,lab,xgboost,4,PI,unweighted,GenHlth,0.008121945360098115,0.0059105702245897855
2017-2020,lab,xgboost,4,PI,unweighted,MentHlth,0.004045416415600478,0.002850300857213945
2017-2020,lab,xgboost,4,PI,unweighted,Sex,0.006695101155101957,0.0045317381703132605
2017-2020,lab,xgboost,4,PI,unweighted,Age,0.17100784902153074,0.02235866179900083
2017-2020,lab,xgboost,4,PI,unweighted,Education,0.0070227672822222535,0.004238582269304435
2017-2020,lab,xgboost,4,PI,unweighted,Income,-0.006374523958616296,0.004283185277602922
2017-2020,lab,xgboost,4,PI,weighted,Diabetes_self,0.0003559497830771585,
2017-2020,lab,xgboost,4,PI,weighted,HighChol,0.0016693355298800338,
2017-2020,lab,xgboost,4,PI,weighted,BMI,0.04367078291753127,
2017-2020,lab,xgboost,4,PI,weighted,Smoker,0.005010017788902654,
2017-2020,lab,xgboost,4,PI,weighted,Stroke,0.005488703926195437,
2017-2020,lab,xgboost,4,PI,weighted,HeartDiseaseorAttack,-0.0018509014283061066,
2017-2020,lab,xgboost,4,PI,weighted,PhysActivity_LTPA,-0.0030416811580996628,
2017-2020,lab,xgboost,4,PI,weighted,AnyHealthcare,-6.653915978760416e-07,
2017-2020,lab,xgboost,4,PI,weighted,GenHlth,0.006959267101145794,
2017-2020,lab,xgboost,4,PI,weighted,MentHlth,0.0032472254238387734,
2017-2020,lab,xgboost,4,PI,weighted,Sex,0.012300570774560949,
2017-2020,lab,xgboost,4,PI,weighted,Age,0.19011167431686204,
2017-2020,lab,xgboost,4,PI,weighted,Education,0.010472283910677971,
2017-2020,lab,xgboost,4,PI,weighted,Income,-0.008094319802473448,
2017-2020,lab,random_forest,4,SHAP,unweighted,Diabetes_self,0.009658762345942382,
2017-2020,lab,random_forest,4,SHAP,unweighted,HighChol,0.01689382403542494,
2017-2020,lab,random_forest,4,SHAP,unweighted,BMI,0.024491656840692724,
2017-2020,lab,random_forest,4,SHAP,unweighted,Smoker,0.01033840463787016,
2017-2020,lab,random_forest,4,SHAP,unweighted,Stroke,0.009195659297639738,
2017-2020,lab,random_forest,4,SHAP,unweighted,HeartDiseaseorAttack,0.003318012048172704,
2017-2020,lab,random_forest,4,SHAP,unweighted,PhysActivity_LTPA,0.01342188319996457,
2017-2020,lab,random_forest,4,SHAP,unweighted,AnyHealthcare,0.005193000964888026,
2017-2020,lab,random_forest,4,SHAP,unweighted,GenHlth,0.01811543404133788,
2017-2020,lab,random_forest,4,SHAP,unweighted,MentHlth,0.00644605019258455,
2017-2020,lab,random_forest,4,SHAP,unweighted,Sex,0.013623085928082816,
2017-2020,lab,random_forest,4,SHAP,unweighted,Age,0.08751645979155427,
2017-2020,lab,random_forest,4,SHAP,unweighted,Education,0.01400956019453301,
2017-2020,lab,random_forest,4,SHAP,unweighted,Income,0.01247561007930374,
2017-2020,lab,random_forest,4,SHAP,weighted,Diabetes_self,0.009489759759720816,
2017-2020,lab,random_forest,4,SHAP,weighted,HighChol,0.016926174438852384,
2017-2020,lab,random_forest,4,SHAP,weighted,BMI,0.024305798765975266,
2017-2020,lab,random_forest,4,SHAP,weighted,Smoker,0.010239552871146968,
2017-2020,lab,random_forest,4,SHAP,weighted,Stroke,0.0076234965139817265,
2017-2020,lab,random_forest,4,SHAP,weighted,HeartDiseaseorAttack,0.0027254010246627308,
2017-2020,lab,random_forest,4,SHAP,weighted,PhysActivity_LTPA,0.013907199510295854,
2017-2020,lab,random_forest,4,SHAP,weighted,AnyHealthcare,0.004475052670598952,
2017-2020,lab,random_forest,4,SHAP,weighted,GenHlth,0.018458265282953648,
2017-2020,lab,random_forest,4,SHAP,weighted,MentHlth,0.0062528402909852055,
2017-2020,lab,random_forest,4,SHAP,weighted,Sex,0.013731938015710538,
2017-2020,lab,random_forest,4,SHAP,weighted,Age,0.08275768676358179,
2017-2020,lab,random_forest,4,SHAP,weighted,Education,0.012314900446555938,
2017-2020,lab,random_forest,4,SHAP,weighted,Income,0.011817737065955573,
2017-2020,lab,random_forest,4,PI,unweighted,Diabetes_self,0.005848958517940828,0.002958665695682535
2017-2020,lab,random_forest,4,PI,unweighted,HighChol,0.0027205740458495775,0.005480715555693961
2017-2020,lab,random_forest,4,PI,unweighted,BMI,0.005809378655229791,0.00777137934478403
2017-2020,lab,random_forest,4,PI,unweighted,Smoker,-0.0006504093857442106,0.0032458662670239702
2017-2020,lab,random_forest,4,PI,unweighted,Stroke,0.0024218543854881204,0.004618915051216242
2017-2020,lab,random_forest,4,PI,unweighted,HeartDiseaseorAttack,8.2310361259752e-05,0.0027100669345217444
2017-2020,lab,random_forest,4,PI,unweighted,PhysActivity_LTPA,-0.0062894567909986595,0.004324232084674214
2017-2020,lab,random_forest,4,PI,unweighted,AnyHealthcare,0.00047633675571148173,0.002783662492118331
2017-2020,lab,random_forest,4,PI,unweighted,GenHlth,0.0012618296529968043,0.005817905609682697
2017-2020,lab,random_forest,4,PI,unweighted,MentHlth,0.0010572352382864914,0.003739830374876064
2017-2020,lab,random_forest,4,PI,unweighted,Sex,0.007336452462812615,0.0062704323456735985
2017-2020,lab,random_forest,4,PI,unweighted,Age,0.14895989634408088,0.021898888333586115
2017-2020,lab,random_forest,4,PI,unweighted,Education,0.0029094152813714303,0.004588576735351857
2017-2020,lab,random_forest,4,PI,unweighted,Income,-0.0032674062784295967,0.005808549130542542
2017-2020,lab,random_forest,4,PI,weighted,Diabetes_self,-0.003303398549196812,
2017-2020,lab,random_forest,4,PI,weighted,HighChol,0.005306362124255992,
2017-2020,lab,random_forest,4,PI,weighted,BMI,-0.0031885840075314585,
2017-2020,lab,random_forest,4,PI,weighted,Smoker,-0.00010405727793670883,
2017-2020,lab,random_forest,4,PI,weighted,Stroke,0.003102092918597377,
2017-2020,lab,random_forest,4,PI,weighted,HeartDiseaseorAttack,-0.00026114906785510426,
2017-2020,lab,random_forest,4,PI,weighted,PhysActivity_LTPA,-0.012110174317431544,
2017-2020,lab,random_forest,4,PI,weighted,AnyHealthcare,-0.004483546442311981,
2017-2020,lab,random_forest,4,PI,weighted,GenHlth,-0.0024731201840906603,
2017-2020,lab,random_forest,4,PI,weighted,MentHlth,0.0012982736799828753,
2017-2020,lab,random_forest,4,PI,weighted,Sex,0.011800031248443288,
2017-2020,lab,random_forest,4,PI,weighted,Age,0.15081042183005006,
2017-2020,lab,random_forest,4,PI,weighted,Education,-0.007862217336560484,
2017-2020,lab,random_forest,4,PI,weighted,Income,-0.0020112123196411092,
2017-2020,lab,logistic_regression,4,SHAP,unweighted,Diabetes_self,0.01719279227203912,
2017-2020,lab,logistic_regression,4,SHAP,unweighted,HighChol,0.020745804246220925,
2017-2020,lab,logistic_regression,4,SHAP,unweighted,BMI,0.12527911598964414,
2017-2020,lab,logistic_regression,4,SHAP,unweighted,Smoker,0.0034868480432572665,
2017-2020,lab,logistic_regression,4,SHAP,unweighted,Stroke,0.02148049400514086,
2017-2020,lab,logistic_regression,4,SHAP,unweighted,HeartDiseaseorAttack,0.022367958622360018,
2017-2020,lab,logistic_regression,4,SHAP,unweighted,PhysActivity_LTPA,0.022269287967206185,
2017-2020,lab,logistic_regression,4,SHAP,unweighted,AnyHealthcare,0.06304565380630306,
2017-2020,lab,logistic_regression,4,SHAP,unweighted,GenHlth,0.14238795649211114,
2017-2020,lab,logistic_regression,4,SHAP,unweighted,MentHlth,0.05375262087800918,
2017-2020,lab,logistic_regression,4,SHAP,unweighted,Sex,0.06553018422569906,
2017-2020,lab,logistic_regression,4,SHAP,unweighted,Age,0.7173078139913126,
2017-2020,lab,logistic_regression,4,SHAP,unweighted,Education,0.04558766635224019,
2017-2020,lab,logistic_regression,4,SHAP,unweighted,Income,0.0511179854212089,
2017-2020,lab,logistic_regression,4,SHAP,weighted,Diabetes_self,0.016104070016666267,
2017-2020,lab,logistic_regression,4,SHAP,weighted,HighChol,0.020612338786433485,
2017-2020,lab,logistic_regression,4,SHAP,weighted,BMI,0.12492996443604709,
2017-2020,lab,logistic_regression,4,SHAP,weighted,Smoker,0.003494960370097148,
2017-2020,lab,logistic_regression,4,SHAP,weighted,Stroke,0.016303058377607083,
2017-2020,lab,logistic_regression,4,SHAP,weighted,HeartDiseaseorAttack,0.020225920170800653,
2017-2020,lab,logistic_regression,4,SHAP,weighted,PhysActivity_LTPA,0.02221401003847977,
2017-2020,lab,logistic_regression,4,SHAP,weighted,AnyHealthcare,0.05987584061178152,
2017-2020,lab,logistic_regression,4,SHAP,weighted,GenHlth,0.14897962174864798,
2017-2020,lab,logistic_regression,4,SHAP,weighted,MentHlth,0.05277192669546811,
2017-2020,lab,logistic_regression,4,SHAP,weighted,Sex,0.06550530148625999,
2017-2020,lab,logistic_regression,4,SHAP,weighted,Age,0.6892589202989298,
2017-2020,lab,logistic_regression,4,SHAP,weighted,Education,0.04300141479612902,
2017-2020,lab,logistic_regression,4,SHAP,weighted,Income,0.05385035391202503,
2017-2020,lab,logistic_regression,4,PI,unweighted,Diabetes_self,0.00019021963870072823,0.0005407152545960896
2017-2020,lab,logistic_regression,4,PI,unweighted,HighChol,-0.00021857536124024745,0.0004205953182893376
2017-2020,lab,logistic_regression,4,PI,unweighted,BMI,0.008360999854282968,0.0024268308121576272
2017-2020,lab,logistic_regression,4,PI,unweighted,Smoker,6.104356935520139e-05,9.972910251852806e-05
2017-2020,lab,logistic_regression,4,PI,unweighted,Stroke,0.00305729825100316,0.0017664374345874349
2017-2020,lab,logistic_regression,4,PI,unweighted,HeartDiseaseorAttack,0.0005604193496298703,0.0012557221309701795
2017-2020,lab,logistic_regression,4,PI,unweighted,PhysActivity_LTPA,0.00031466975428964263,0.0005319656708454807
2017-2020,lab,logistic_regression,4,PI,unweighted,AnyHealthcare,9.136843929303806e-05,0.0021489083166386304
2017-2020,lab,logistic_regression,4,PI,unweighted,GenHlth,0.0042265779762677095,0.0034331278420573585
2017-2020,lab,logistic_regression,4,PI,unweighted,MentHlth,0.0021420385401527686,0.0012341040601387613
2017-2020,lab,logistic_regression,4,PI,unweighted,Sex,0.0032234942914415865,0.0008401320702899748
2017-2020,lab,logistic_regression,4,PI,unweighted,Age,0.21208032546068187,0.016220812203870512
2017-2020,lab,logistic_regression,4,PI,unweighted,Education,-0.0004714138872151996,0.0011870951482353734
2017-2020,lab,logistic_regression,4,PI,unweighted,Income,0.0003705935404087479,0.001391717209876872
2017-2020,lab,logistic_regression,4,PI,weighted,Diabetes_self,0.0002918813916193419,
2017-2020,lab,logistic_regression,4,PI,weighted,HighChol,-0.00044007058711188486,
2017-2020,lab,logistic_regression,4,PI,weighted,BMI,0.004397169417323476,
2017-2020,lab,logistic_regression,4,PI,weighted,Smoker,3.871057267347266e-05,
2017-2020,lab,logistic_regression,4,PI,weighted,Stroke,0.0021155735049668057,
2017-2020,lab,logistic_regression,4,PI,weighted,HeartDiseaseorAttack,0.00024817139505480814,
2017-2020,lab,logistic_regression,4,PI,weighted,PhysActivity_LTPA,0.0013922163220168814,
2017-2020,lab,logistic_regression,4,PI,weighted,AnyHealthcare,-0.002020242791954607,
2017-2020,lab,logistic_regression,4,PI,weighted,GenHlth,0.001201390305791028,
2017-2020,lab,logistic_regression,4,PI,weighted,MentHlth,-0.0018299876846425201,
2017-2020,lab,logistic_regression,4,PI,weighted,Sex,0.0033871258815248106,
2017-2020,lab,logistic_regression,4,PI,weighted,Age,0.22251368731774818,
2017-2020,lab,logistic_regression,4,PI,weighted,Education,-0.000264619761952134,
2017-2020,lab,logistic_regression,4,PI,weighted,Income,0.0001994385547160804,
2017-2020,total,xgboost,4,SHAP,unweighted,Diabetes_self,0.1402963399887085,
2017-2020,total,xgboost,4,SHAP,unweighted,HighChol,0.27247846126556396,
2017-2020,total,xgboost,4,SHAP,unweighted,BMI,0.4063540995121002,
2017-2020,total,xgboost,4,SHAP,unweighted,Smoker,0.09337075799703598,
2017-2020,total,xgboost,4,SHAP,unweighted,Stroke,0.06644654273986816,
2017-2020,total,xgboost,4,SHAP,unweighted,HeartDiseaseorAttack,0.021877745166420937,
2017-2020,total,xgboost,4,SHAP,unweighted,PhysActivity_LTPA,0.05260038375854492,
2017-2020,total,xgboost,4,SHAP,unweighted,AnyHealthcare,0.07025165110826492,
2017-2020,total,xgboost,4,SHAP,unweighted,GenHlth,0.33312711119651794,
2017-2020,total,xgboost,4,SHAP,unweighted,MentHlth,0.05804829299449921,
2017-2020,total,xgboost,4,SHAP,unweighted,Sex,0.12871448695659637,
2017-2020,total,xgboost,4,SHAP,unweighted,Age,0.987882137298584,
2017-2020,total,xgboost,4,SHAP,unweighted,Education,0.11881230026483536,
2017-2020,total,xgboost,4,SHAP,unweighted,Income,0.09969042986631393,
2017-2020,total,xgboost,4,SHAP,weighted,Diabetes_self,0.12952730503246743,
2017-2020,total,xgboost,4,SHAP,weighted,HighChol,0.2659777961913836,
2017-2020,total,xgboost,4,SHAP,weighted,BMI,0.4190610120289671,
2017-2020,total,xgboost,4,SHAP,weighted,Smoker,0.09321050306493243,
2017-2020,total,xgboost,4,SHAP,weighted,Stroke,0.05403872102920874,
2017-2020,total,xgboost,4,SHAP,weighted,HeartDiseaseorAttack,0.0167141496068425,
2017-2020,total,xgboost,4,SHAP,weighted,PhysActivity_LTPA,0.052392499899840544,
2017-2020,total,xgboost,4,SHAP,weighted,AnyHealthcare,0.06421867543766399,
2017-2020,total,xgboost,4,SHAP,weighted,GenHlth,0.34804044905545317,
2017-2020,total,xgboost,4,SHAP,weighted,MentHlth,0.05472011029649272,
2017-2020,total,xgboost,4,SHAP,weighted,Sex,0.1425059376316941,
2017-2020,total,xgboost,4,SHAP,weighted,Age,0.9816996574549863,
2017-2020,total,xgboost,4,SHAP,weighted,Education,0.11414854682810761,
2017-2020,total,xgboost,4,SHAP,weighted,Income,0.10367560708764494,
2017-2020,total,xgboost,4,PI,unweighted,Diabetes_self,0.005836653115609913,0.0014336840975940133
2017-2020,total,xgboost,4,PI,unweighted,HighChol,0.011520211015785287,0.0038654865901634303
2017-2020,total,xgboost,4,PI,unweighted,BMI,0.032287046730750876,0.004985097190541994
2017-2020,total,xgboost,4,PI,unweighted,Smoker,-0.0018898965315640836,0.0012633509712606178
2017-2020,total,xgboost,4,PI,unweighted,Stroke,0.003182640144665361,0.001811880971909492
2017-2020,total,xgboost,4,PI,unweighted,HeartDiseaseorAttack,0.0007042923765108511,0.0008367578161936525
2017-2020,total,xgboost,4,PI,unweighted,PhysActivity_LTPA,-0.001717766387034614,0.0012642239743440576
2017-2020,total,xgboost,4,PI,unweighted,AnyHealthcare,0.002462575969761527,0.001287455779325969
2017-2020,total,xgboost,4,PI,unweighted,GenHlth,0.017929815497151457,0.004369649822612996
2017-2020,total,xgboost,4,PI,unweighted,MentHlth,0.0002841642986307513,0.001677440528782621
2017-2020,total,xgboost,4,PI,unweighted,Sex,0.005449428272308143,0.00160711993745359
2017-2020,total,xgboost,4,PI,unweighted,Age,0.16639763966879215,0.014127322954268716
2017-2020,total,xgboost,4,PI,unweighted,Education,0.0021183156807025984,0.0028500187619325706
2017-2020,total,xgboost,4,PI,unweighted,Income,-0.002228990197011582,0.0018737367859097632
2017-2020,total,xgboost,4,PI,weighted,Diabetes_self,0.005373110997101282,
2017-2020,total,xgboost,4,PI,weighted,HighChol,0.006061647630810796,
2017-2020,total,xgboost,4,PI,weighted,BMI,0.03438337355776859,
2017-2020,total,xgboost,4,PI,weighted,Smoker,-0.0015263063663472076,
2017-2020,total,xgboost,4,PI,weighted,Stroke,0.0023793382128594496,
2017-2020,total,xgboost,4,PI,weighted,HeartDiseaseorAttack,-2.097217394864126e-05,
2017-2020,total,xgboost,4,PI,weighted,PhysActivity_LTPA,-0.002817128144570369,
2017-2020,total,xgboost,4,PI,weighted,AnyHealthcare,0.002439992248480871,
2017-2020,total,xgboost,4,PI,weighted,GenHlth,0.022278821363300793,
2017-2020,total,xgboost,4,PI,weighted,MentHlth,0.00106657827322294,
2017-2020,total,xgboost,4,PI,weighted,Sex,0.006604163309967948,
2017-2020,total,xgboost,4,PI,weighted,Age,0.16760663639831122,
2017-2020,total,xgboost,4,PI,weighted,Education,0.0006529430579715445,
2017-2020,total,xgboost,4,PI,weighted,Income,-0.008641831988054894,
2017-2020,total,random_forest,4,SHAP,unweighted,Diabetes_self,0.03368047731744235,
2017-2020,total,random_forest,4,SHAP,unweighted,HighChol,0.06694033054983307,
2017-2020,total,random_forest,4,SHAP,unweighted,BMI,0.055795838622987044,
2017-2020,total,random_forest,4,SHAP,unweighted,Smoker,0.01791151035520246,
2017-2020,total,random_forest,4,SHAP,unweighted,Stroke,0.011220256978991993,
2017-2020,total,random_forest,4,SHAP,unweighted,HeartDiseaseorAttack,0.008483815461706033,
2017-2020,total,random_forest,4,SHAP,unweighted,PhysActivity_LTPA,0.010728916782555827,
2017-2020,total,random_forest,4,SHAP,unweighted,AnyHealthcare,0.010493678457864515,
2017-2020,total,random_forest,4,SHAP,unweighted,GenHlth,0.051070143168181835,
2017-2020,total,random_forest,4,SHAP,unweighted,MentHlth,0.0076759834585073084,
2017-2020,total,random_forest,4,SHAP,unweighted,Sex,0.015356286876309584,
2017-2020,total,random_forest,4,SHAP,unweighted,Age,0.1538205719136924,
2017-2020,total,random_forest,4,SHAP,unweighted,Education,0.014417894056485418,
2017-2020,total,random_forest,4,SHAP,unweighted,Income,0.01117149217805656,
2017-2020,total,random_forest,4,SHAP,weighted,Diabetes_self,0.03129362453804468,
2017-2020,total,random_forest,4,SHAP,weighted,HighChol,0.06521263733987274,
2017-2020,total,random_forest,4,SHAP,weighted,BMI,0.0567823124696515,
2017-2020,total,random_forest,4,SHAP,weighted,Smoker,0.018410093925432355,
2017-2020,total,random_forest,4,SHAP,weighted,Stroke,0.009579449777824227,
2017-2020,total,random_forest,4,SHAP,weighted,HeartDiseaseorAttack,0.007528577429843314,
2017-2020,total,random_forest,4,SHAP,weighted,PhysActivity_LTPA,0.011397231688427123,
2017-2020,total,random_forest,4,SHAP,weighted,AnyHealthcare,0.009262019800797246,
2017-2020,total,random_forest,4,SHAP,weighted,GenHlth,0.05315281348065925,
2017-2020,total,random_forest,4,SHAP,weighted,MentHlth,0.007358837814600965,
2017-2020,total,random_forest,4,SHAP,weighted,Sex,0.01659447113235146,
2017-2020,total,random_forest,4,SHAP,weighted,Age,0.14956571294440202,
2017-2020,total,random_forest,4,SHAP,weighted,Education,0.014899275960763642,
2017-2020,total,random_forest,4,SHAP,weighted,Income,0.011704466602571234,
2017-2020,total,random_forest,4,PI,unweighted,Diabetes_self,0.009123985370297317,0.0026865678454166043
2017-2020,total,random_forest,4,PI,unweighted,HighChol,0.0132117363934248,0.004852476630392068
2017-2020,total,random_forest,4,PI,unweighted,BMI,0.02644590681042568,0.005418171310008801
2017-2020,total,random_forest,4,PI,unweighted,Smoker,0.0006987178615616818,0.003055769858862854
2017-2020,total,random_forest,4,PI,unweighted,Stroke,0.0023528531999075673,0.0016476320833607135
2017-2020,total,random_forest,4,PI,unweighted,HeartDiseaseorAttack,0.00033012005601710246,0.0015079103746327407
2017-2020,total,random_forest,4,PI,unweighted,PhysActivity_LTPA,-0.003132469510122493,0.002341878391049936
2017-2020,total,random_forest,4,PI,unweighted,AnyHealthcare,0.003429686331561288,0.0013588873712601349
2017-2020,total,random_forest,4,PI,unweighted,GenHlth,0.009689322764415541,0.00423857617447155
2017-2020,total,random_forest,4,PI,unweighted,MentHlth,0.0005603067342859647,0.002231385290493815
2017-2020,total,random_forest,4,PI,unweighted,Sex,0.0014858121796353374,0.0024716789425975718
2017-2020,total,random_forest,4,PI,unweighted,Age,0.15924499313382912,0.013831621103867637
2017-2020,total,random_forest,4,PI,unweighted,Education,0.0020111762226543315,0.002959576698074516
2017-2020,total,random_forest,4,PI,unweighted,Income,-0.0004028606779153621,0.00293804847866479
2017-2020,total,random_forest,4,PI,weighted,Diabetes_self,0.00973044269400306,
2017-2020,total,random_forest,4,PI,weighted,HighChol,0.010218962505215668,
2017-2020,total,random_forest,4,PI,weighted,BMI,0.03264998314881586,
2017-2020,total,random_forest,4,PI,weighted,Smoker,0.004222402011657933,
2017-2020,total,random_forest,4,PI,weighted,Stroke,0.0022653430551740406,
2017-2020,total,random_forest,4,PI,weighted,HeartDiseaseorAttack,-0.0007489324586858803,
2017-2020,total,random_forest,4,PI,weighted,PhysActivity_LTPA,-0.004668452731570361,
2017-2020,total,random_forest,4,PI,weighted,AnyHealthcare,0.002908187050433775,
2017-2020,total,random_forest,4,PI,weighted,GenHlth,0.014562837361849334,
2017-2020,total,random_forest,4,PI,weighted,MentHlth,0.00043726642266872506,
2017-2020,total,random_forest,4,PI,weighted,Sex,0.001674781930766711,
2017-2020,total,random_forest,4,PI,weighted,Age,0.1568097679532747,
2017-2020,total,random_forest,4,PI,weighted,Education,0.0037496608909792896,
2017-2020,total,random_forest,4,PI,weighted,Income,-1.212250881733601e-05,
2017-2020,total,logistic_regression,4,SHAP,unweighted,Diabetes_self,0.12819142185074872,
2017-2020,total,logistic_regression,4,SHAP,unweighted,HighChol,0.2717401769410522,
2017-2020,total,logistic_regression,4,SHAP,unweighted,BMI,0.30498665623423293,
2017-2020,total,logistic_regression,4,SHAP,unweighted,Smoker,0.06562124110149416,
2017-2020,total,logistic_regression,4,SHAP,unweighted,Stroke,0.04594050835544044,
2017-2020,total,logistic_regression,4,SHAP,unweighted,HeartDiseaseorAttack,0.0005539617962291336,
2017-2020,total,logistic_regression,4,SHAP,unweighted,PhysActivity_LTPA,0.00831445006698734,
2017-2020,total,logistic_regression,4,SHAP,unweighted,AnyHealthcare,0.04349063234930767,
2017-2020,total,logistic_regression,4,SHAP,unweighted,GenHlth,0.28651984631247396,
2017-2020,total,logistic_regression,4,SHAP,unweighted,MentHlth,0.013316838249625483,
2017-2020,total,logistic_regression,4,SHAP,unweighted,Sex,0.10810865005035508,
2017-2020,total,logistic_regression,4,SHAP,unweighted,Age,0.8383473163096976,
2017-2020,total,logistic_regression,4,SHAP,unweighted,Education,0.03407443924367782,
2017-2020,total,logistic_regression,4,SHAP,unweighted,Income,0.02573797229467793,
2017-2020,total,logistic_regression,4,SHAP,weighted,Diabetes_self,0.12007378442987475,
2017-2020,total,logistic_regression,4,SHAP,weighted,HighChol,0.2699919715098331,
2017-2020,total,logistic_regression,4,SHAP,weighted,BMI,0.30413666169197107,
2017-2020,total,logistic_regression,4,SHAP,weighted,Smoker,0.06577391220985532,
2017-2020,total,logistic_regression,4,SHAP,weighted,Stroke,0.03486748439940202,
2017-2020,total,logistic_regression,4,SHAP,weighted,HeartDiseaseorAttack,0.0005009123656462627,
2017-2020,total,logistic_regression,4,SHAP,weighted,PhysActivity_LTPA,0.008293811527538898,
2017-2020,total,logistic_regression,4,SHAP,weighted,AnyHealthcare,0.041304007706116794,
2017-2020,total,logistic_regression,4,SHAP,weighted,GenHlth,0.2997839099508246,
2017-2020,total,logistic_regression,4,SHAP,weighted,MentHlth,0.013073878081582913,
2017-2020,total,logistic_regression,4,SHAP,weighted,Sex,0.10806759966415422,
2017-2020,total,logistic_regression,4,SHAP,weighted,Age,0.8055654139048959,
2017-2020,total,logistic_regression,4,SHAP,weighted,Education,0.0321413490337806,
2017-2020,total,logistic_regression,4,SHAP,weighted,Income,0.027113723391596293,
2017-2020,total,logistic_regression,4,PI,unweighted,Diabetes_self,0.004859073542808045,0.0014138415455429152
2017-2020,total,logistic_regression,4,PI,unweighted,HighChol,0.011287712953269125,0.0019163196357846503
2017-2020,total,logistic_regression,4,PI,unweighted,BMI,0.024234455940937205,0.003825658827650241
2017-2020,total,logistic_regression,4,PI,unweighted,Smoker,0.00034806727487783905,0.0009627610473587722
2017-2020,total,logistic_regression,4,PI,unweighted,Stroke,0.0036840745625364435,0.0016481954412222533
2017-2020,total,logistic_regression,4,PI,unweighted,HeartDiseaseorAttack,8.157826754795484e-06,2.300963526499392e-05
2017-2020,total,logistic_regression,4,PI,unweighted,PhysActivity_LTPA,-4.378033691839756e-05,7.699392445237405e-05
2017-2020,total,logistic_regression,4,PI,unweighted,AnyHealthcare,0.0004565663707187362,0.0004087776743785013
2017-2020,total,logistic_regression,4,PI,unweighted,GenHlth,0.016550326992888977,0.003353229798822878
2017-2020,total,logistic_regression,4,PI,unweighted,MentHlth,0.0002365769758934655,0.0001932025688270717
2017-2020,total,logistic_regression,4,PI,unweighted,Sex,0.002696705597628679,0.0007802236662206893
2017-2020,total,logistic_regression,4,PI,unweighted,Age,0.17057199961930128,0.014417959904984165
2017-2020,total,logistic_regression,4,PI,unweighted,Education,9.843777617632999e-05,0.00037071775442468213
2017-2020,total,logistic_regression,4,PI,unweighted,Income,7.287658567742828e-05,0.00021101228114456242
2017-2020,total,logistic_regression,4,PI,weighted,Diabetes_self,0.007221020610878637,
2017-2020,total,logistic_regression,4,PI,weighted,HighChol,0.005889518859543375,
2017-2020,total,logistic_regression,4,PI,weighted,BMI,0.026693918409268692,
2017-2020,total,logistic_regression,4,PI,weighted,Smoker,0.0005130871444173235,
2017-2020,total,logistic_regression,4,PI,weighted,Stroke,0.0037804364037438256,
2017-2020,total,logistic_regression,4,PI,weighted,HeartDiseaseorAttack,-7.4211129209467154e-06,
2017-2020,total,logistic_regression,4,PI,weighted,PhysActivity_LTPA,-0.00020439343874533166,
2017-2020,total,logistic_regression,4,PI,weighted,AnyHealthcare,0.0011968187830150967,
2017-2020,total,logistic_regression,4,PI,weighted,GenHlth,0.022718886561019513,
2017-2020,total,logistic_regression,4,PI,weighted,MentHlth,0.00036544799895057436,
2017-2020,total,logistic_regression,4,PI,weighted,Sex,0.0031639511107013907,
2017-2020,total,logistic_regression,4,PI,weighted,Age,0.17821913958380026,
2017-2020,total,logistic_regression,4,PI,weighted,Education,-0.00024776777894742753,
2017-2020,total,logistic_regression,4,PI,weighted,Income,-5.678757603245765e-05,
2021-2023,diag,xgboost,0,SHAP,unweighted,Diabetes_self,0.17503131926059723,
2021-2023,diag,xgboost,0,SHAP,unweighted,HighChol,0.3767137825489044,
2021-2023,diag,xgboost,0,SHAP,unweighted,BMI,0.47238582372665405,
2021-2023,diag,xgboost,0,SHAP,unweighted,Smoker,0.06535756587982178,
2021-2023,diag,xgboost,0,SHAP,unweighted,Stroke,0.042498115450143814,
2021-2023,diag,xgboost,0,SHAP,unweighted,HeartDiseaseorAttack,0.10514882951974869,
2021-2023,diag,xgboost,0,SHAP,unweighted,PhysActivity_LTPA,0.04149710014462471,
2021-2023,diag,xgboost,0,SHAP,unweighted,AnyHealthcare,0.04107724502682686,
2021-2023,diag,xgboost,0,SHAP,unweighted,GenHlth,0.364417165517807,
2021-2023,diag,xgboost,0,SHAP,unweighted,MentHlth,0.07609201967716217,
2021-2023,diag,xgboost,0,SHAP,unweighted,Sex,0.09824984520673752,
2021-2023,diag,xgboost,0,SHAP,unweighted,Age,0.7749561071395874,
2021-2023,diag,xgboost,0,SHAP,unweighted,Education,0.1333194226026535,
2021-2023,diag,xgboost,0,SHAP,unweighted,Income,0.12840229272842407,
2021-2023,diag,xgboost,0,SHAP,weighted,Diabetes_self,0.1623177472127003,
2021-2023,diag,xgboost,0,SHAP,weighted,HighChol,0.3897077475432751,
2021-2023,diag,xgboost,0,SHAP,weighted,BMI,0.45475280296683895,
2021-2023,diag,xgboost,0,SHAP,weighted,Smoker,0.06067636767795211,
2021-2023,diag,xgboost,0,SHAP,weighted,Stroke,0.03696181790654998,
2021-2023,diag,xgboost,0,SHAP,weighted,HeartDiseaseorAttack,0.09305068999535916,
2021-2023,diag,xgboost,0,SHAP,weighted,PhysActivity_LTPA,0.03956682441145,
2021-2023,diag,xgboost,0,SHAP,weighted,AnyHealthcare,0.04535374160767345,
2021-2023,diag,xgboost,0,SHAP,weighted,GenHlth,0.36746063163158604,
2021-2023,diag,xgboost,0,SHAP,weighted,MentHlth,0.07709133926652177,
2021-2023,diag,xgboost,0,SHAP,weighted,Sex,0.09473939134933537,
2021-2023,diag,xgboost,0,SHAP,weighted,Age,0.8645439631175746,
2021-2023,diag,xgboost,0,SHAP,weighted,Education,0.13406907749597638,
2021-2023,diag,xgboost,0,SHAP,weighted,Income,0.13471816221700103,
2021-2023,diag,xgboost,0,PI,unweighted,Diabetes_self,0.015567848666759542,0.003274252527550069
2021-2023,diag,xgboost,0,PI,unweighted,HighChol,0.021976941691097616,0.0025686239193918902
2021-2023,diag,xgboost,0,PI,unweighted,BMI,0.0295229536041694,0.009216236669282375
2021-2023,diag,xgboost,0,PI,unweighted,Smoker,0.0011878170226626295,0.0012481287565790145
2021-2023,diag,xgboost,0,PI,unweighted,Stroke,-1.7450788777573224e-06,0.0015346953184565758
2021-2023,diag,xgboost,0,PI,unweighted,HeartDiseaseorAttack,0.006988459211689524,0.0019318060833142833
2021-2023,diag,xgboost,0,PI,unweighted,PhysActivity_LTPA,-0.0006212480804134168,0.0021589709518108316
2021-2023,diag,xgboost,0,PI,unweighted,AnyHealthcare,0.001795686165014443,0.0013747979292807364
2021-2023,diag,xgboost,0,PI,unweighted,GenHlth,0.031545209176787915,0.003759257974758161
2021-2023,diag,xgboost,0,PI,unweighted,MentHlth,0.0027973614407369564,0.0018850970855057109
2021-2023,diag,xgboost,0,PI,unweighted,Sex,-0.001064498115315038,0.002956702453873851
2021-2023,diag,xgboost,0,PI,unweighted,Age,0.10672553399413638,0.013331710564594512
2021-2023,diag,xgboost,0,PI,unweighted,Education,-0.0006736004467403633,0.0032360231273465398
2021-2023,diag,xgboost,0,PI,unweighted,Income,0.001993461771138516,0.003932514632511795
2021-2023,diag,xgboost,0,PI,weighted,Diabetes_self,0.014343468885510746,
2021-2023,diag,xgboost,0,PI,weighted,HighChol,0.023146579858551695,
2021-2023,diag,xgboost,0,PI,weighted,BMI,0.025767435330641963,
2021-2023,diag,xgboost,0,PI,weighted,Smoker,0.001190493288831529,
2021-2023,diag,xgboost,0,PI,weighted,Stroke,-0.00040508217738846055,
2021-2023,diag,xgboost,0,PI,weighted,HeartDiseaseorAttack,0.005511988464475093,
2021-2023,diag,xgboost,0,PI,weighted,PhysActivity_LTPA,0.00021742579519044015,
2021-2023,diag,xgboost,0,PI,weighted,AnyHealthcare,0.0015412403955417098,
2021-2023,diag,xgboost,0,PI,weighted,GenHlth,0.03067154939228598,
2021-2023,diag,xgboost,0,PI,weighted,MentHlth,0.00413811895566697,
2021-2023,diag,xgboost,0,PI,weighted,Sex,-0.0014357951077966558,
2021-2023,diag,xgboost,0,PI,weighted,Age,0.12577553641956563,
2021-2023,diag,xgboost,0,PI,weighted,Education,-0.002341602341542193,
2021-2023,diag,xgboost,0,PI,weighted,Income,0.004154107923684869,
2021-2023,diag,random_forest,0,SHAP,unweighted,Diabetes_self,0.03924265699312669,
2021-2023,diag,random_forest,0,SHAP,unweighted,HighChol,0.07328605543855993,
2021-2023,diag,random_forest,0,SHAP,unweighted,BMI,0.06106998247932673,
2021-2023,diag,random_forest,0,SHAP,unweighted,Smoker,0.012076607554200957,
2021-2023,diag,random_forest,0,SHAP,unweighted,Stroke,0.007300415923531982,
2021-2023,diag,random_forest,0,SHAP,unweighted,HeartDiseaseorAttack,0.021341560169346237,
2021-2023,diag,random_forest,0,SHAP,unweighted,PhysActivity_LTPA,0.008158172207644875,
2021-2023,diag,random_forest,0,SHAP,unweighted,AnyHealthcare,0.004968563627214941,
2021-2023,diag,random_forest,0,SHAP,unweighted,GenHlth,0.049582683245017765,
2021-2023,diag,random_forest,0,SHAP,unweighted,MentHlth,0.008466399131007513,
2021-2023,diag,random_forest,0,SHAP,unweighted,Sex,0.011551021462293263,
2021-2023,diag,random_forest,0,SHAP,unweighted,Age,0.10737862532652387,
2021-2023,diag,random_forest,0,SHAP,unweighted,Education,0.018483820215475812,
2021-2023,diag,random_forest,0,SHAP,unweighted,Income,0.015585869126042505,
2021-2023,diag,random_forest,0,SHAP,weighted,Diabetes_self,0.0358599905656426,
2021-2023,diag,random_forest,0,SHAP,weighted,HighChol,0.07295559006358138,
2021-2023,diag,random_forest,0,SHAP,weighted,BMI,0.057258517603885076,
2021-2023,diag,random_forest,0,SHAP,weighted,Smoker,0.011337201596325787,
2021-2023,diag,random_forest,0,SHAP,weighted,Stroke,0.00658918305247289,
2021-2023,diag,random_forest,0,SHAP,weighted,HeartDiseaseorAttack,0.018944927823092997,
2021-2023,diag,random_forest,0,SHAP,weighted,PhysActivity_LTPA,0.007296454182167982,
2021-2023,diag,random_forest,0,SHAP,weighted,AnyHealthcare,0.005095018098379741,
2021-2023,diag,random_forest,0,SHAP,weighted,GenHlth,0.04858636605695305,
2021-2023,diag,random_forest,0,SHAP,weighted,MentHlth,0.00815013662682732,
2021-2023,diag,random_forest,0,SHAP,weighted,Sex,0.01108457271449444,
2021-2023,diag,random_forest,0,SHAP,weighted,Age,0.10926127846802929,
2021-2023,diag,random_forest,0,SHAP,weighted,Education,0.017800342266950143,
2021-2023,diag,random_forest,0,SHAP,weighted,Income,0.015164269267496328,
2021-2023,diag,random_forest,0,PI,unweighted,Diabetes_self,0.015705709898087394,0.002292162932467321
2021-2023,diag,random_forest,0,PI,unweighted,HighChol,0.02883277490809256,0.0038266613292347487
2021-2023,diag,random_forest,0,PI,unweighted,BMI,0.027542289078132998,0.0072868822397411
2021-2023,diag,random_forest,0,PI,unweighted,Smoker,-0.002296232956396249,0.0021775232291499033
2021-2023,diag,random_forest,0,PI,unweighted,Stroke,4.5953743775939417e-05,0.00138023420894507
2021-2023,diag,random_forest,0,PI,unweighted,HeartDiseaseorAttack,0.009277711852575764,0.002609492525321448
2021-2023,diag,random_forest,0,PI,unweighted,PhysActivity_LTPA,0.0004665177532691689,0.0031010861823871807
2021-2023,diag,random_forest,0,PI,unweighted,AnyHealthcare,0.0003146958909209685,0.0013607120054584996
2021-2023,diag,random_forest,0,PI,unweighted,GenHlth,0.02034383870817631,0.004955835922872213
2021-2023,diag,random_forest,0,PI,unweighted,MentHlth,0.0009426334403648817,0.0022731372459066173
2021-2023,diag,random_forest,0,PI,unweighted,Sex,0.0010185443715389542,0.003748236609624912
2021-2023,diag,random_forest,0,PI,unweighted,Age,0.08753577411699012,0.015529110903956086
2021-2023,diag,random_forest,0,PI,unweighted,Education,-0.002306121736702471,0.004637299257137329
2021-2023,diag,random_forest,0,PI,unweighted,Income,0.004648308436874704,0.005566160443811024
2021-2023,diag,random_forest,0,PI,weighted,Diabetes_self,0.014168725685257321,
2021-2023,diag,random_forest,0,PI,weighted,HighChol,0.031478605620862944,
2021-2023,diag,random_forest,0,PI,weighted,BMI,0.02964062368512447,
2021-2023,diag,random_forest,0,PI,weighted,Smoker,0.0006272710601671006,
2021-2023,diag,random_forest,0,PI,weighted,Stroke,-0.0011866863726141652,
2021-2023,diag,random_forest,0,PI,weighted,HeartDiseaseorAttack,0.007733731233914254,
2021-2023,diag,random_forest,0,PI,weighted,PhysActivity_LTPA,0.0016502774468953874,
2021-2023,diag,random_forest,0,PI,weighted,AnyHealthcare,-0.0005996571463977918,
2021-2023,diag,random_forest,0,PI,weighted,GenHlth,0.025984926505548223,
2021-2023,diag,random_forest,0,PI,weighted,MentHlth,0.0028964702533817777,
2021-2023,diag,random_forest,0,PI,weighted,Sex,0.002378209062352865,
2021-2023,diag,random_forest,0,PI,weighted,Age,0.10840029780460828,
2021-2023,diag,random_forest,0,PI,weighted,Education,-0.0039579637166045735,
2021-2023,diag,random_forest,0,PI,weighted,Income,0.006835499005749912,
2021-2023,diag,logistic_regression,0,SHAP,unweighted,Diabetes_self,0.1623632017808584,
2021-2023,diag,logistic_regression,0,SHAP,unweighted,HighChol,0.3344537509186167,
2021-2023,diag,logistic_regression,0,SHAP,unweighted,BMI,0.3635872837313024,
2021-2023,diag,logistic_regression,0,SHAP,unweighted,Smoker,0.053648775689886075,
2021-2023,diag,logistic_regression,0,SHAP,unweighted,Stroke,0.04437403317394809,
2021-2023,diag,logistic_regression,0,SHAP,unweighted,HeartDiseaseorAttack,0.07144354381220464,
2021-2023,diag,logistic_regression,0,SHAP,unweighted,PhysActivity_LTPA,0.005358959956355263,
2021-2023,diag,logistic_regression,0,SHAP,unweighted,AnyHealthcare,0.048647609317146574,
2021-2023,diag,logistic_regression,0,SHAP,unweighted,GenHlth,0.28592945283905147,
2021-2023,diag,logistic_regression,0,SHAP,unweighted,MentHlth,0.0019193826451073712,
2021-2023,diag,logistic_regression,0,SHAP,unweighted,Sex,0.07347607578380307,
2021-2023,diag,logistic_regression,0,SHAP,unweighted,Age,0.6404192649778403,
2021-2023,diag,logistic_regression,0,SHAP,unweighted,Education,0.022558005375416922,
2021-2023,diag,logistic_regression,0,SHAP,unweighted,Income,0.05111623390604812,
2021-2023,diag,logistic_regression,0,SHAP,weighted,Diabetes_self,0.14964296032879246,
2021-2023,diag,logistic_regression,0,SHAP,weighted,HighChol,0.32296060446720515,
2021-2023,diag,logistic_regression,0,SHAP,weighted,BMI,0.3508563820389655,
2021-2023,diag,logistic_regression,0,SHAP,weighted,Smoker,0.0533630313277215,
2021-2023,diag,logistic_regression,0,SHAP,weighted,Stroke,0.03840521656881123,
2021-2023,diag,logistic_regression,0,SHAP,weighted,HeartDiseaseorAttack,0.06375865787900212,
2021-2023,diag,logistic_regression,0,SHAP,weighted,PhysActivity_LTPA,0.005235083190313028,
2021-2023,diag,logistic_regression,0,SHAP,weighted,AnyHealthcare,0.05142733413633836,
2021-2023,diag,logistic_regression,0,SHAP,weighted,GenHlth,0.2855638254973754,
2021-2023,diag,logistic_regression,0,SHAP,weighted,MentHlth,0.0018620210646532014,
2021-2023,diag,logistic_regression,0,SHAP,weighted,Sex,0.0762089894047775,
2021-2023,diag,logistic_regression,0,SHAP,weighted,Age,0.661921223996357,
2021-2023,diag,logistic_regression,0,SHAP,weighted,Education,0.021922259808722484,
2021-2023,diag,logistic_regression,0,SHAP,weighted,Income,0.05091260761777525,
2021-2023,diag,logistic_regression,0,PI,unweighted,Diabetes_self,0.010490832518963333,0.002138824578558993
2021-2023,diag,logistic_regression,0,PI,unweighted,HighChol,0.02276397226487985,0.0035429190977267666
2021-2023,diag,logistic_regression,0,PI,unweighted,BMI,0.026539159570012717,0.006969526074369125
2021-2023,diag,logistic_regression,0,PI,unweighted,Smoker,0.00012622737214403878,0.0006040933892946079
2021-2023,diag,logistic_regression,0,PI,unweighted,Stroke,-0.0009609567685791131,0.0013677302402212213
2021-2023,diag,logistic_regression,0,PI,unweighted,HeartDiseaseorAttack,0.004803620456978142,0.0018397023627858633
2021-2023,diag,logistic_regression,0,PI,unweighted,PhysActivity_LTPA,2.2686025408513722e-05,5.725761909452682e-05
2021-2023,diag,logistic_regression,0,PI,unweighted,AnyHealthcare,0.001217483363581484,0.0009214613203627171
2021-2023,diag,logistic_regression,0,PI,unweighted,GenHlth,0.021693657219973184,0.004144367166531922
2021-2023,diag,logistic_regression,0,PI,unweighted,MentHlth,-1.7450788774131532e-06,5.222618077918824e-05
2021-2023,diag,logistic_regression,0,PI,unweighted,Sex,-8.318209316380277e-05,0.0009332757322126103
2021-2023,diag,logistic_regression,0,PI,unweighted,Age,0.10814137465680129,0.01343288395518365
2021-2023,diag,logistic_regression,0,PI,unweighted,Education,0.0004496486574527836,0.0003755687425967797
2021-2023,diag,logistic_regression,0,PI,unweighted,Income,0.00134603750756217,0.0004953770463821648
2021-2023,diag,logistic_regression,0,PI,weighted,Diabetes_self,0.011148112380443742,
2021-2023,diag,logistic_regression,0,PI,weighted,HighChol,0.019087634087558137,
2021-2023,diag,logistic_regression,0,PI,weighted,BMI,0.024468660705697597,
2021-2023,diag,logistic_regression,0,PI,weighted,Smoker,0.00012589986556107435,
2021-2023,diag,logistic_regression,0,PI,weighted,Stroke,-0.001031765576479593,
2021-2023,diag,logistic_regression,0,PI,weighted,HeartDiseaseorAttack,0.003777087068794116,
2021-2023,diag,logistic_regression,0,PI,weighted,PhysActivity_LTPA,0.00014482153581363288,
2021-2023,diag,logistic_regression,0,PI,weighted,AnyHealthcare,0.001543844500703917,
2021-2023,diag,logistic_regression,0,PI,weighted,GenHlth,0.021219194348429993,
2021-2023,diag,logistic_regression,0,PI,weighted,MentHlth,-3.0018526266051283e-06,
2021-2023,diag,logistic_regression,0,PI,weighted,Sex,-0.0018049610645557656,
2021-2023,diag,logistic_regression,0,PI,weighted,Age,0.11807338122419346,
2021-2023,diag,logistic_regression,0,PI,weighted,Education,8.976168196189738e-05,
2021-2023,diag,logistic_regression,0,PI,weighted,Income,0.001301245854771782,
2021-2023,lab,xgboost,0,SHAP,unweighted,Diabetes_self,0.044177502393722534,
2021-2023,lab,xgboost,0,SHAP,unweighted,HighChol,0.08293257653713226,
2021-2023,lab,xgboost,0,SHAP,unweighted,BMI,0.3803161084651947,
2021-2023,lab,xgboost,0,SHAP,unweighted,Smoker,0.07329891622066498,
2021-2023,lab,xgboost,0,SHAP,unweighted,Stroke,0.051374368369579315,
2021-2023,lab,xgboost,0,SHAP,unweighted,HeartDiseaseorAttack,0.01510530710220337,
2021-2023,lab,xgboost,0,SHAP,unweighted,PhysActivity_LTPA,0.11730402708053589,
2021-2023,lab,xgboost,0,SHAP,unweighted,AnyHealthcare,0.03833843395113945,
2021-2023,lab,xgboost,0,SHAP,unweighted,GenHlth,0.1173076257109642,
2021-2023,lab,xgboost,0,SHAP,unweighted,MentHlth,0.09701627492904663,
2021-2023,lab,xgboost,0,SHAP,unweighted,Sex,0.10578696429729462,
2021-2023,lab,xgboost,0,SHAP,unweighted,Age,0.720868706703186,
2021-2023,lab,xgboost,0,SHAP,unweighted,Education,0.12624460458755493,
2021-2023,lab,xgboost,0,SHAP,unweighted,Income,0.21001079678535461,
2021-2023,lab,xgboost,0,SHAP,weighted,Diabetes_self,0.042662948757514474,
2021-2023,lab,xgboost,0,SHAP,weighted,HighChol,0.08223222930619681,
2021-2023,lab,xgboost,0,SHAP,weighted,BMI,0.39594861457203967,
2021-2023,lab,xgboost,0,SHAP,weighted,Smoker,0.07299613387449147,
2021-2023,lab,xgboost,0,SHAP,weighted,Stroke,0.0455717025650369,
2021-2023,lab,xgboost,0,SHAP,weighted,HeartDiseaseorAttack,0.013296782122307286,
2021-2023,lab,xgboost,0,SHAP,weighted,PhysActivity_LTPA,0.11441078921656347,
2021-2023,lab,xgboost,0,SHAP,weighted,AnyHealthcare,0.039434028605977514,
2021-2023,lab,xgboost,0,SHAP,weighted,GenHlth,0.11779458171123178,
2021-2023,lab,xgboost,0,SHAP,weighted,MentHlth,0.09056606735838604,
2021-2023,lab,xgboost,0,SHAP,weighted,Sex,0.11337067616423399,
2021-2023,lab,xgboost,0,SHAP,weighted,Age,0.8450895865879798,
2021-2023,lab,xgboost,0,SHAP,weighted,Education,0.12363612618831088,
2021-2023,lab,xgboost,0,SHAP,weighted,Income,0.21367978160593418,
2021-2023,lab,xgboost,0,PI,unweighted,Diabetes_self,8.602150537628805e-05,0.0029660623192719277
2021-2023,lab,xgboost,0,PI,unweighted,HighChol,0.0002935951379148483,0.003755559770473935
2021-2023,lab,xgboost,0,PI,unweighted,BMI,0.023203833567087318,0.01550328551853978
2021-2023,lab,xgboost,0,PI,unweighted,Smoker,0.004110331930808742,0.003527655032006342
2021-2023,lab,xgboost,0,PI,unweighted,Stroke,0.007061243571762433,0.002082648150693702
2021-2023,lab,xgboost,0,PI,unweighted,HeartDiseaseorAttack,-5.1425899953316814e-05,0.0011411356625735595
2021-2023,lab,xgboost,0,PI,unweighted,PhysActivity_LTPA,-0.002108461898083258,0.005383444302376411
2021-2023,lab,xgboost,0,PI,unweighted,AnyHealthcare,-0.0002730247779336614,0.002603371013886912
2021-2023,lab,xgboost,0,PI,unweighted,GenHlth,-0.00699485741000474,0.005992727614490393
2021-2023,lab,xgboost,0,PI,unweighted,MentHlth,-0.004321645628798543,0.004611211769879743
2021-2023,lab,xgboost,0,PI,unweighted,Sex,0.009092099111734375,0.007059183065584389
2021-2023,lab,xgboost,0,PI,unweighted,Age,0.12302290790088818,0.018230471336842163
2021-2023,lab,xgboost,0,PI,unweighted,Education,-0.003579242636746194,0.006659699317750212
2021-2023,lab,xgboost,0,PI,unweighted,Income,0.006184198223468851,0.007900467994941394
2021-2023,lab,xgboost,0,PI,weighted,Diabetes_self,0.002905356720879504,
2021-2023,lab,xgboost,0,PI,weighted,HighChol,0.0021766992734512103,
2021-2023,lab,xgboost,0,PI,weighted,BMI,0.0376340328469361,
2021-2023,lab,xgboost,0,PI,weighted,Smoker,0.004085751995139586,
2021-2023,lab,xgboost,0,PI,weighted,Stroke,0.002460184823947442,
2021-2023,lab,xgboost,0,PI,weighted,HeartDiseaseorAttack,-0.0001790159624557752,
2021-2023,lab,xgboost,0,PI,weighted,PhysActivity_LTPA,-0.0011214058800703363,
2021-2023,lab,xgboost,0,PI,weighted,AnyHealthcare,-0.002860116407945057,
2021-2023,lab,xgboost,0,PI,weighted,GenHlth,-0.0033223687575982042,
2021-2023,lab,xgboost,0,PI,weighted,MentHlth,-0.0051662661022479515,
2021-2023,lab,xgboost,0,PI,weighted,Sex,0.008017624098198294,
2021-2023,lab,xgboost,0,PI,weighted,Age,0.14421083282303204,
2021-2023,lab,xgboost,0,PI,weighted,Education,0.001090297879013169,
2021-2023,lab,xgboost,0,PI,weighted,Income,0.002827531460507138,
2021-2023,lab,random_forest,0,SHAP,unweighted,Diabetes_self,0.00834252221982973,
2021-2023,lab,random_forest,0,SHAP,unweighted,HighChol,0.014665585302884308,
2021-2023,lab,random_forest,0,SHAP,unweighted,BMI,0.022621570673082934,
2021-2023,lab,random_forest,0,SHAP,unweighted,Smoker,0.009022165275416442,
2021-2023,lab,random_forest,0,SHAP,unweighted,Stroke,0.007586179833073454,
2021-2023,lab,random_forest,0,SHAP,unweighted,HeartDiseaseorAttack,0.0032014599800059347,
2021-2023,lab,random_forest,0,SHAP,unweighted,PhysActivity_LTPA,0.012958791224824117,
2021-2023,lab,random_forest,0,SHAP,unweighted,AnyHealthcare,0.0046726392651523715,
2021-2023,lab,random_forest,0,SHAP,unweighted,GenHlth,0.010846201896268436,
2021-2023,lab,random_forest,0,SHAP,unweighted,MentHlth,0.008281240465200321,
2021-2023,lab,random_forest,0,SHAP,unweighted,Sex,0.010104224877987426,
2021-2023,lab,random_forest,0,SHAP,unweighted,Age,0.05632804989824161,
2021-2023,lab,random_forest,0,SHAP,unweighted,Education,0.016494106628444596,
2021-2023,lab,random_forest,0,SHAP,unweighted,Income,0.02145545752694416,
2021-2023,lab,random_forest,0,SHAP,weighted,Diabetes_self,0.008084046964236072,
2021-2023,lab,random_forest,0,SHAP,weighted,HighChol,0.014599369680177431,
2021-2023,lab,random_forest,0,SHAP,weighted,BMI,0.022668528514928704,
2021-2023,lab,random_forest,0,SHAP,weighted,Smoker,0.008482093178597765,
2021-2023,lab,random_forest,0,SHAP,weighted,Stroke,0.006692371818886312,
2021-2023,lab,random_forest,0,SHAP,weighted,HeartDiseaseorAttack,0.0028836388534585313,
2021-2023,lab,random_forest,0,SHAP,weighted,PhysActivity_LTPA,0.012483305627762335,
2021-2023,lab,random_forest,0,SHAP,weighted,AnyHealthcare,0.004939465706190832,
2021-2023,lab,random_forest,0,SHAP,weighted,GenHlth,0.01017955326266842,
2021-2023,lab,random_forest,0,SHAP,weighted,MentHlth,0.007399349736906145,
2021-2023,lab,random_forest,0,SHAP,weighted,Sex,0.009720860314394614,
2021-2023,lab,random_forest,0,SHAP,weighted,Age,0.057732478312059625,
2021-2023,lab,random_forest,0,SHAP,weighted,Education,0.015560485651089508,
2021-2023,lab,random_forest,0,SHAP,weighted,Income,0.020446643173157884,
2021-2023,lab,random_forest,0,PI,unweighted,Diabetes_self,0.000755493221131387,0.005711272975285441
2021-2023,lab,random_forest,0,PI,unweighted,HighChol,-0.008094436652641368,0.010883818029298992
2021-2023,lab,random_forest,0,PI,unweighted,BMI,0.01888359046283313,0.013991963909132255
2021-2023,lab,random_forest,0,PI,unweighted,Smoker,-0.0040949041608227986,0.006895366096002163
2021-2023,lab,random_forest,0,PI,unweighted,Stroke,0.007856474988312313,0.0055425512249293865
2021-2023,lab,random_forest,0,PI,unweighted,HeartDiseaseorAttack,0.0014805984104722225,0.0028778780289716844
2021-2023,lab,random_forest,0,PI,unweighted,PhysActivity_LTPA,-0.011135577372604021,0.00559630431765552
2021-2023,lab,random_forest,0,PI,unweighted,AnyHealthcare,-0.0045998129967273925,0.004319068432065824
2021-2023,lab,random_forest,0,PI,unweighted,GenHlth,-0.004956521739130382,0.0066624882076649836
2021-2023,lab,random_forest,0,PI,unweighted,MentHlth,5.6568489948616296e-05,0.006110276648699886
2021-2023,lab,random_forest,0,PI,unweighted,Sex,0.008604020570360037,0.009166545872557729
2021-2023,lab,random_forest,0,PI,unweighted,Age,0.09884946236559145,0.013955573316610563
2021-2023,lab,random_forest,0,PI,unweighted,Education,-0.0076442262739597425,0.008130439728930294
2021-2023,lab,random_forest,0,PI,unweighted,Income,0.0019167835437120862,0.008137038654427973
2021-2023,lab,random_forest,0,PI,weighted,Diabetes_self,0.008959401460353456,
2021-2023,lab,random_forest,0,PI,weighted,HighChol,0.005174054164770636,
2021-2023,lab,random_forest,0,PI,weighted,BMI,0.027569277567942686,
2021-2023,lab,random_forest,0,PI,weighted,Smoker,-0.0029971170720901386,
2021-2023,lab,random_forest,0,PI,weighted,Stroke,0.007901374407442496,
2021-2023,lab,random_forest,0,PI,weighted,HeartDiseaseorAttack,0.00017549092544185684,
2021-2023,lab,random_forest,0,PI,weighted,PhysActivity_LTPA,-0.007376338326639953,
2021-2023,lab,random_forest,0,PI,weighted,AnyHealthcare,-0.005812396085344363,
2021-2023,lab,random_forest,0,PI,weighted,GenHlth,-0.00414145354400437,
2021-2023,lab,random_forest,0,PI,weighted,MentHlth,0.006267123060747693,
2021-2023,lab,random_forest,0,PI,weighted,Sex,0.0012977409407599837,
2021-2023,lab,random_forest,0,PI,weighted,Age,0.11492390740851029,
2021-2023,lab,random_forest,0,PI,weighted,Education,0.004048812546663371,
2021-2023,lab,random_forest,0,PI,weighted,Income,-0.002631152271437398,
2021-2023,lab,logistic_regression,0,SHAP,unweighted,Diabetes_self,0.004742743209873311,
2021-2023,lab,logistic_regression,0,SHAP,unweighted,HighChol,0.004269265871102201,
2021-2023,lab,logistic_regression,0,SHAP,unweighted,BMI,0.12234175637867427,
2021-2023,lab,logistic_regression,0,SHAP,unweighted,Smoker,0.010918926597697172,
2021-2023,lab,logistic_regression,0,SHAP,unweighted,Stroke,0.04249704067205105,
2021-2023,lab,logistic_regression,0,SHAP,unweighted,HeartDiseaseorAttack,0.008908993767882139,
2021-2023,lab,logistic_regression,0,SHAP,unweighted,PhysActivity_LTPA,0.07159141503268378,
2021-2023,lab,logistic_regression,0,SHAP,unweighted,AnyHealthcare,0.05074880536171635,
2021-2023,lab,logistic_regression,0,SHAP,unweighted,GenHlth,0.0007892530161246827,
2021-2023,lab,logistic_regression,0,SHAP,unweighted,MentHlth,0.05952779169157576,
2021-2023,lab,logistic_regression,0,SHAP,unweighted,Sex,0.012703451735681746,
2021-2023,lab,logistic_regression,0,SHAP,unweighted,Age,0.5749005508491416,
2021-2023,lab,logistic_regression,0,SHAP,unweighted,Education,0.06962304990260913,
2021-2023,lab,logistic_regression,0,SHAP,unweighted,Income,0.1551242354804129,
2021-2023,lab,logistic_regression,0,SHAP,weighted,Diabetes_self,0.004371176019075002,
2021-2023,lab,logistic_regression,0,SHAP,weighted,HighChol,0.004122557102664607,
2021-2023,lab,logistic_regression,0,SHAP,weighted,BMI,0.11805799579898416,
2021-2023,lab,logistic_regression,0,SHAP,weighted,Smoker,0.010860770159343074,
2021-2023,lab,logistic_regression,0,SHAP,weighted,Stroke,0.03678070109484519,
2021-2023,lab,logistic_regression,0,SHAP,weighted,HeartDiseaseorAttack,0.007950690228716093,
2021-2023,lab,logistic_regression,0,SHAP,weighted,PhysActivity_LTPA,0.06993652060487283,
2021-2023,lab,logistic_regression,0,SHAP,weighted,AnyHealthcare,0.05364859254115638,
2021-2023,lab,logistic_regression,0,SHAP,weighted,GenHlth,0.0007882437724831741,
2021-2023,lab,logistic_regression,0,SHAP,weighted,MentHlth,0.05774877789196629,
2021-2023,lab,logistic_regression,0,SHAP,weighted,Sex,0.01317595160603396,
2021-2023,lab,logistic_regression,0,SHAP,weighted,Age,0.5942027310927487,
2021-2023,lab,logistic_regression,0,SHAP,weighted,Education,0.06766088416238919,
2021-2023,lab,logistic_regression,0,SHAP,weighted,Income,0.1545062836111478,
2021-2023,lab,logistic_regression,0,PI,unweighted,Diabetes_self,5.610098176717093e-05,0.00020058225906389635
2021-2023,lab,logistic_regression,0,PI,unweighted,HighChol,0.00010752688172043224,0.00017702455178483036
2021-2023,lab,logistic_regression,0,PI,unweighted,BMI,0.004923796166432892,0.007962245138128573
2021-2023,lab,logistic_regression,0,PI,unweighted,Smoker,-1.3090229079049109e-05,0.000441624768299424
2021-2023,lab,logistic_regression,0,PI,unweighted,Stroke,0.0049022907900888365,0.0022120955734473238
2021-2023,lab,logistic_regression,0,PI,unweighted,HeartDiseaseorAttack,0.0008256194483403423,0.0009588185916020101
2021-2023,lab,logistic_regression,0,PI,unweighted,PhysActivity_LTPA,0.0036633941093969224,0.0020494688474341463
2021-2023,lab,logistic_regression,0,PI,unweighted,AnyHealthcare,0.002964936886395475,0.002576673197275633
2021-2023,lab,logistic_regression,0,PI,unweighted,GenHlth,-6.825619448336262e-05,6.492138508399247e-05
2021-2023,lab,logistic_regression,0,PI,unweighted,MentHlth,-0.0019008882655446647,0.004131873277302154
2021-2023,lab,logistic_regression,0,PI,unweighted,Sex,-0.0001280972417017412,0.0005355456712158128
2021-2023,lab,logistic_regression,0,PI,unweighted,Age,0.13707807386629262,0.03000093252481185
2021-2023,lab,logistic_regression,0,PI,unweighted,Education,0.0015923328658251634,0.0036605002147637356
2021-2023,lab,logistic_regression,0,PI,unweighted,Income,0.007749415614773247,0.007031149968526183
2021-2023,lab,logistic_regression,0,PI,weighted,Diabetes_self,-0.00018100443008253197,
2021-2023,lab,logistic_regression,0,PI,weighted,HighChol,-6.245890306821878e-06,
2021-2023,lab,logistic_regression,0,PI,weighted,BMI,0.0058788749153580785,
2021-2023,lab,logistic_regression,0,PI,weighted,Smoker,-0.00042555605518707074,
2021-2023,lab,logistic_regression,0,PI,weighted,Stroke,0.004218411415721946,
2021-2023,lab,logistic_regression,0,PI,weighted,HeartDiseaseorAttack,0.0008307591233284506,
2021-2023,lab,logistic_regression,0,PI,weighted,PhysActivity_LTPA,0.0002593478692053286,
2021-2023,lab,logistic_regression,0,PI,weighted,AnyHealthcare,-0.0012093083294761442,
2021-2023,lab,logistic_regression,0,PI,weighted,GenHlth,-9.811960836410005e-05,
2021-2023,lab,logistic_regression,0,PI,weighted,MentHlth,-0.0011186152094173618,
2021-2023,lab,logistic_regression,0,PI,weighted,Sex,-0.0002447242656546611,
2021-2023,lab,logistic_regression,0,PI,weighted,Age,0.1632531501066268,
2021-2023,lab,logistic_regression,0,PI,weighted,Education,0.0021789673200540037,
2021-2023,lab,logistic_regression,0,PI,weighted,Income,0.007624832336464771,
2021-2023,total,xgboost,0,SHAP,unweighted,Diabetes_self,0.12631504237651825,
2021-2023,total,xgboost,0,SHAP,unweighted,HighChol,0.3416518568992615,
2021-2023,total,xgboost,0,SHAP,unweighted,BMI,0.45330810546875,
2021-2023,total,xgboost,0,SHAP,unweighted,Smoker,0.06207405403256416,
2021-2023,total,xgboost,0,SHAP,unweighted,Stroke,0.036664899438619614,
2021-2023,total,xgboost,0,SHAP,unweighted,HeartDiseaseorAttack,0.06967858970165253,
2021-2023,total,xgboost,0,SHAP,unweighted,PhysActivity_LTPA,0.057960089296102524,
2021-2023,total,xgboost,0,SHAP,unweighted,AnyHealthcare,0.017621641978621483,
2021-2023,total,xgboost,0,SHAP,unweighted,GenHlth,0.25606203079223633,
2021-2023,total,xgboost,0,SHAP,unweighted,MentHlth,0.0775146633386612,
2021-2023,total,xgboost,0,SHAP,unweighted,Sex,0.12182518094778061,
2021-2023,total,xgboost,0,SHAP,unweighted,Age,0.8126745223999023,
2021-2023,total,xgboost,0,SHAP,unweighted,Education,0.11903641372919083,
2021-2023,total,xgboost,0,SHAP,unweighted,Income,0.13152934610843658,
2021-2023,total,xgboost,0,SHAP,weighted,Diabetes_self,0.11837640587470488,
2021-2023,total,xgboost,0,SHAP,weighted,HighChol,0.3477161394646497,
2021-2023,total,xgboost,0,SHAP,weighted,BMI,0.44640526611287423,
2021-2023,total,xgboost,0,SHAP,weighted,Smoker,0.05742786944173628,
2021-2023,total,xgboost,0,SHAP,weighted,Stroke,0.03294069256692371,
2021-2023,total,xgboost,0,SHAP,weighted,HeartDiseaseorAttack,0.05988906827226589,
2021-2023,total,xgboost,0,SHAP,weighted,PhysActivity_LTPA,0.05246682069187133,
2021-2023,total,xgboost,0,SHAP,weighted,AnyHealthcare,0.019579893199635025,
2021-2023,total,xgboost,0,SHAP,weighted,GenHlth,0.2619026058506532,
2021-2023,total,xgboost,0,SHAP,weighted,MentHlth,0.07801403802366226,
2021-2023,total,xgboost,0,SHAP,weighted,Sex,0.12358940144698242,
2021-2023,total,xgboost,0,SHAP,weighted,Age,0.8977888755638301,
2021-2023,total,xgboost,0,SHAP,weighted,Education,0.11606173632553456,
2021-2023,total,xgboost,0,SHAP,weighted,Income,0.13810579877803422,
2021-2023,total,xgboost,0,PI,unweighted,Diabetes_self,0.008155864959459403,0.0033587166164301715
2021-2023,total,xgboost,0,PI,unweighted,HighChol,0.022018147306979284,0.004069194178727211
2021-2023,total,xgboost,0,PI,unweighted,BMI,0.02877291728382886,0.008193504403573974
2021-2023,total,xgboost,0,PI,unweighted,Smoker,0.0011591674621200699,0.0024514270960786216
2021-2023,total,xgboost,0,PI,unweighted,Stroke,0.0018525833031610927,0.0014388275333672533
2021-2023,total,xgboost,0,PI,unweighted,HeartDiseaseorAttack,0.004504460024357448,0.0016638037497752468
2021-2023,total,xgboost,0,PI,unweighted,PhysActivity_LTPA,-0.0014586967732023947,0.0022764352467759346
2021-2023,total,xgboost,0,PI,unweighted,AnyHealthcare,-0.00015415336339587028,0.0005215022456456122
2021-2023,total,xgboost,0,PI,unweighted,GenHlth,0.018487431837881242,0.0029258050078813493
2021-2023,total,xgboost,0,PI,unweighted,MentHlth,0.002326563751467592,0.0019954877937535193
2021-2023,total,xgboost,0,PI,unweighted,Sex,0.0012343240841316216,0.00416436765008213
2021-2023,total,xgboost,0,PI,unweighted,Age,0.12278781694699552,0.011855906950331164
2021-2023,total,xgboost,0,PI,unweighted,Education,-0.0010905939018902799,0.0031896076026739673
2021-2023,total,xgboost,0,PI,unweighted,Income,-0.00020517209220664024,0.0026471246877921868
2021-2023,total,xgboost,0,PI,weighted,Diabetes_self,0.010304778014673999,
2021-2023,total,xgboost,0,PI,weighted,HighChol,0.0212988306483483,
2021-2023,total,xgboost,0,PI,weighted,BMI,0.024356789960491742,
2021-2023,total,xgboost,0,PI,weighted,Smoker,0.003925884648285349,
2021-2023,total,xgboost,0,PI,weighted,Stroke,0.0015927275856534528,
2021-2023,total,xgboost,0,PI,weighted,HeartDiseaseorAttack,0.002329139479288822,
2021-2023,total,xgboost,0,PI,weighted,PhysActivity_LTPA,-0.00034202081930654325,
2021-2023,total,xgboost,0,PI,weighted,AnyHealthcare,-5.3145377965446715e-05,
2021-2023,total,xgboost,0,PI,weighted,GenHlth,0.021175122606483965,
2021-2023,total,xgboost,0,PI,weighted,MentHlth,0.001545045931288991,
2021-2023,total,xgboost,0,PI,weighted,Sex,-0.000840250542242682,
2021-2023,total,xgboost,0,PI,weighted,Age,0.1418426890959674,
2021-2023,total,xgboost,0,PI,weighted,Education,-0.002711918535795188,
2021-2023,total,xgboost,0,PI,weighted,Income,-0.00018535271674088304,
2021-2023,total,random_forest,0,SHAP,unweighted,Diabetes_self,0.031976462954238755,
2021-2023,total,random_forest,0,SHAP,unweighted,HighChol,0.07159541856209325,
2021-2023,total,random_forest,0,SHAP,unweighted,BMI,0.06138282164918225,
2021-2023,total,random_forest,0,SHAP,unweighted,Smoker,0.010906730285141391,
2021-2023,total,random_forest,0,SHAP,unweighted,Stroke,0.005892408129826672,
2021-2023,total,random_forest,0,SHAP,unweighted,HeartDiseaseorAttack,0.015747067831318864,
2021-2023,total,random_forest,0,SHAP,unweighted,PhysActivity_LTPA,0.011995479864964508,
2021-2023,total,random_forest,0,SHAP,unweighted,AnyHealthcare,0.0031772459793344837,
2021-2023,total,random_forest,0,SHAP,unweighted,GenHlth,0.04316935410476282,
2021-2023,total,random_forest,0,SHAP,unweighted,MentHlth,0.00866111815127874,
2021-2023,total,random_forest,0,SHAP,unweighted,Sex,0.014772625400378287,
2021-2023,total,random_forest,0,SHAP,unweighted,Age,0.12288637502309459,
2021-2023,total,random_forest,0,SHAP,unweighted,Education,0.021170511800679057,
2021-2023,total,random_forest,0,SHAP,unweighted,Income,0.017698073626935002,
2021-2023,total,random_forest,0,SHAP,weighted,Diabetes_self,0.02981265478459726,
2021-2023,total,random_forest,0,SHAP,weighted,HighChol,0.07128532613637872,
2021-2023,total,random_forest,0,SHAP,weighted,BMI,0.05832654273236437,
2021-2023,total,random_forest,0,SHAP,weighted,Smoker,0.010173445511414081,
2021-2023,total,random_forest,0,SHAP,weighted,Stroke,0.005271903176937114,
2021-2023,total,random_forest,0,SHAP,weighted,HeartDiseaseorAttack,0.014112951581791681,
2021-2023,total,random_forest,0,SHAP,weighted,PhysActivity_LTPA,0.011426317122483745,
2021-2023,total,random_forest,0,SHAP,weighted,AnyHealthcare,0.0033769613162886636,
2021-2023,total,random_forest,0,SHAP,weighted,GenHlth,0.042705385589037824,
2021-2023,total,random_forest,0,SHAP,weighted,MentHlth,0.008488839469348239,
2021-2023,total,random_forest,0,SHAP,weighted,Sex,0.014623799549785576,
2021-2023,total,random_forest,0,SHAP,weighted,Age,0.12679073824101736,
2021-2023,total,random_forest,0,SHAP,weighted,Education,0.020542226326106316,
2021-2023,total,random_forest,0,SHAP,weighted,Income,0.017282134779863245,
2021-2023,total,random_forest,0,PI,unweighted,Diabetes_self,0.0069251067004598935,0.0027189184846198406
2021-2023,total,random_forest,0,PI,unweighted,HighChol,0.02565967764940823,0.006734465455147504
2021-2023,total,random_forest,0,PI,unweighted,BMI,0.027858968873089696,0.007584865094234792
2021-2023,total,random_forest,0,PI,unweighted,Smoker,-0.0012598334485367513,0.0035272339000755057
2021-2023,total,random_forest,0,PI,unweighted,Stroke,0.0008648497416150036,0.001573104159527308
2021-2023,total,random_forest,0,PI,unweighted,HeartDiseaseorAttack,0.0036741713570983326,0.0018518738563832334
2021-2023,total,random_forest,0,PI,unweighted,PhysActivity_LTPA,-0.002066532811076982,0.003031558025398632
2021-2023,total,random_forest,0,PI,unweighted,AnyHealthcare,-0.0011865968862116328,0.0009431759736556821
2021-2023,total,random_forest,0,PI,unweighted,GenHlth,0.016512513303270814,0.005353594017942611
2021-2023,total,random_forest,0,PI,unweighted,MentHlth,0.0040620234137565435,0.0027617372413989245
2021-2023,total,random_forest,0,PI,unweighted,Sex,0.004039256991760376,0.003060591610557556
2021-2023,total,random_forest,0,PI,unweighted,Age,0.11711870357569987,0.01286255993739414
2021-2023,total,random_forest,0,PI,unweighted,Education,-0.0016885553470917913,0.004132098889489855
2021-2023,total,random_forest,0,PI,unweighted,Income,-0.0015160242695543059,0.00516292502467341
2021-2023,total,random_forest,0,PI,weighted,Diabetes_self,0.00798853938180688,
2021-2023,total,random_forest,0,PI,weighted,HighChol,0.023481637993586213,
2021-2023,total,random_forest,0,PI,weighted,BMI,0.026900144496309886,
2021-2023,total,random_forest,0,PI,weighted,Smoker,0.003658889364274054,
2021-2023,total,random_forest,0,PI,weighted,Stroke,0.00043347348627690294,
2021-2023,total,random_forest,0,PI,weighted,HeartDiseaseorAttack,0.0029332425324693602,
2021-2023,total,random_forest,0,PI,weighted,PhysActivity_LTPA,-0.002118303853313985,
2021-2023,total,random_forest,0,PI,weighted,AnyHealthcare,-0.0017098046940083433,
2021-2023,total,random_forest,0,PI,weighted,GenHlth,0.021267390749887493,
2021-2023,total,random_forest,0,PI,weighted,MentHlth,0.005176503946005617,
2021-2023,total,random_forest,0,PI,weighted,Sex,0.0032797314012911194,
2021-2023,total,random_forest,0,PI,weighted,Age,0.13479952354287192,
2021-2023,total,random_forest,0,PI,weighted,Education,-0.005211795464282842,
2021-2023,total,random_forest,0,PI,weighted,Income,-0.0013197475728055964,
2021-2023,total,logistic_regression,0,SHAP,unweighted,Diabetes_self,0.12446947759138285,
2021-2023,total,logistic_regression,0,SHAP,unweighted,HighChol,0.2918334844089709,
2021-2023,total,logistic_regression,0,SHAP,unweighted,BMI,0.3518785177814344,
2021-2023,total,logistic_regression,0,SHAP,unweighted,Smoker,0.020795654418946187,
2021-2023,total,logistic_regression,0,SHAP,unweighted,Stroke,0.040119511406910016,
2021-2023,total,logistic_regression,0,SHAP,unweighted,HeartDiseaseorAttack,0.047030861121771295,
2021-2023,total,logistic_regression,0,SHAP,unweighted,PhysActivity_LTPA,0.03592712797808339,
2021-2023,total,logistic_regression,0,SHAP,unweighted,AnyHealthcare,0.011944640774275003,
2021-2023,total,logistic_regression,0,SHAP,unweighted,GenHlth,0.2187034244660859,
2021-2023,total,logistic_regression,0,SHAP,unweighted,MentHlth,0.004821164048620392,
2021-2023,total,logistic_regression,0,SHAP,unweighted,Sex,0.10511029092608372,
2021-2023,total,logistic_regression,0,SHAP,unweighted,Age,0.7032320970308773,
2021-2023,total,logistic_regression,0,SHAP,unweighted,Education,0.05067965278243409,
2021-2023,total,logistic_regression,0,SHAP,unweighted,Income,0.06379098024234636,
2021-2023,total,logistic_regression,0,SHAP,weighted,Diabetes_self,0.11471799578387272,
2021-2023,total,logistic_regression,0,SHAP,weighted,HighChol,0.2818049379611421,
2021-2023,total,logistic_regression,0,SHAP,weighted,BMI,0.3395575950815327,
2021-2023,total,logistic_regression,0,SHAP,weighted,Smoker,0.020684892506277766,
2021-2023,total,logistic_regression,0,SHAP,weighted,Stroke,0.034722976795399665,
2021-2023,total,logistic_regression,0,SHAP,weighted,HeartDiseaseorAttack,0.04197194629510562,
2021-2023,total,logistic_regression,0,SHAP,weighted,PhysActivity_LTPA,0.03509664287213785,
2021-2023,total,logistic_regression,0,SHAP,weighted,AnyHealthcare,0.012627157651931398,
2021-2023,total,logistic_regression,0,SHAP,weighted,GenHlth,0.21842376124528323,
2021-2023,total,logistic_regression,0,SHAP,weighted,MentHlth,0.004677081475943847,
2021-2023,total,logistic_regression,0,SHAP,weighted,Sex,0.10901982668601848,
2021-2023,total,logistic_regression,0,SHAP,weighted,Age,0.726842985331351,
2021-2023,total,logistic_regression,0,SHAP,weighted,Education,0.04925136317784065,
2021-2023,total,logistic_regression,0,SHAP,weighted,Income,0.06353686291915048,
2021-2023,total,logistic_regression,0,PI,unweighted,Diabetes_self,0.005727812338852034,0.002109909314016195
2021-2023,total,logistic_regression,0,PI,unweighted,HighChol,0.020687820238526188,0.0026859694884780955
2021-2023,total,logistic_regression,0,PI,unweighted,BMI,0.026715710476942756,0.0050284102936018335
2021-2023,total,logistic_regression,0,PI,unweighted,Smoker,0.00037633169853960033,0.00032750502637644103
2021-2023,total,logistic_regression,0,PI,unweighted,Stroke,1.865200838238046e-05,0.0013525375314367642
2021-2023,total,logistic_regression,0,PI,unweighted,HeartDiseaseorAttack,0.0019107336822355215,0.001357798162464711
2021-2023,total,logistic_regression,0,PI,unweighted,PhysActivity_LTPA,-0.00015799348276892555,0.00038537159706229443
2021-2023,total,logistic_regression,0,PI,unweighted,AnyHealthcare,-1.1520358118644048e-05,0.00024245438786651724
2021-2023,total,logistic_regression,0,PI,unweighted,GenHlth,0.01516079128402612,0.0021591723446977257
2021-2023,total,logistic_regression,0,PI,unweighted,MentHlth,-4.388707854696694e-05,6.655805004491e-05
2021-2023,total,logistic_regression,0,PI,unweighted,Sex,0.00033079885454715405,0.0011224046603116032
2021-2023,total,logistic_regression,0,PI,unweighted,Age,0.13403552659008364,0.012132745336278644
2021-2023,total,logistic_regression,0,PI,unweighted,Education,0.002045137860285373,0.001151904665620935
2021-2023,total,logistic_regression,0,PI,unweighted,Income,0.0010900453134085498,0.0005815765000514312
2021-2023,total,logistic_regression,0,PI,weighted,Diabetes_self,0.006944982453696236,
2021-2023,total,logistic_regression,0,PI,weighted,HighChol,0.018705852010331057,
2021-2023,total,logistic_regression,0,PI,weighted,BMI,0.023810721699064917,
2021-2023,total,logistic_regression,0,PI,weighted,Smoker,0.000366764847181944,
2021-2023,total,logistic_regression,0,PI,weighted,Stroke,0.00033552641645218095,
2021-2023,total,logistic_regression,0,PI,weighted,HeartDiseaseorAttack,0.0012076554194664578,
2021-2023,total,logistic_regression,0,PI,weighted,PhysActivity_LTPA,-0.0007475070039255627,
2021-2023,total,logistic_regression,0,PI,weighted,AnyHealthcare,0.0002106920489743813,
2021-2023,total,logistic_regression,0,PI,weighted,GenHlth,0.016177851081016593,
2021-2023,total,logistic_regression,0,PI,weighted,MentHlth,-0.00011804346229171703,
2021-2023,total,logistic_regression,0,PI,weighted,Sex,-0.0022008872659582735,
2021-2023,total,logistic_regression,0,PI,weighted,Age,0.14521140374897712,
2021-2023,total,logistic_regression,0,PI,weighted,Education,0.0008086893895501435,
2021-2023,total,logistic_regression,0,PI,weighted,Income,0.0008253036844399931,
2021-2023,diag,xgboost,1,SHAP,unweighted,Diabetes_self,0.20415353775024414,
2021-2023,diag,xgboost,1,SHAP,unweighted,HighChol,0.39559122920036316,
2021-2023,diag,xgboost,1,SHAP,unweighted,BMI,0.4608297646045685,
2021-2023,diag,xgboost,1,SHAP,unweighted,Smoker,0.08288271725177765,
2021-2023,diag,xgboost,1,SHAP,unweighted,Stroke,0.013113313354551792,
2021-2023,diag,xgboost,1,SHAP,unweighted,HeartDiseaseorAttack,0.10376010835170746,
2021-2023,diag,xgboost,1,SHAP,unweighted,PhysActivity_LTPA,0.04679742082953453,
2021-2023,diag,xgboost,1,SHAP,unweighted,AnyHealthcare,0.04216936603188515,
2021-2023,diag,xgboost,1,SHAP,unweighted,GenHlth,0.3819705545902252,
2021-2023,diag,xgboost,1,SHAP,unweighted,MentHlth,0.08581718802452087,
2021-2023,diag,xgboost,1,SHAP,unweighted,Sex,0.06728647649288177,
2021-2023,diag,xgboost,1,SHAP,unweighted,Age,0.8209174275398254,
2021-2023,diag,xgboost,1,SHAP,unweighted,Education,0.08981622010469437,
2021-2023,diag,xgboost,1,SHAP,unweighted,Income,0.13141439855098724,
2021-2023,diag,xgboost,1,SHAP,weighted,Diabetes_self,0.18483802605114663,
2021-2023,diag,xgboost,1,SHAP,weighted,HighChol,0.4107214750686688,
2021-2023,diag,xgboost,1,SHAP,weighted,BMI,0.4483977503799888,
2021-2023,diag,xgboost,1,SHAP,weighted,Smoker,0.07762455927438269,
2021-2023,diag,xgboost,1,SHAP,weighted,Stroke,0.01101537959490224,
2021-2023,diag,xgboost,1,SHAP,weighted,HeartDiseaseorAttack,0.09327451244894303,
2021-2023,diag,xgboost,1,SHAP,weighted,PhysActivity_LTPA,0.048859647238022816,
2021-2023,diag,xgboost,1,SHAP,weighted,AnyHealthcare,0.044041861081536356,
2021-2023,diag,xgboost,1,SHAP,weighted,GenHlth,0.3740873864579167,
2021-2023,diag,xgboost,1,SHAP,weighted,MentHlth,0.08518871769930186,
2021-2023,diag,xgboost,1,SHAP,weighted,Sex,0.07001342978135293,
2021-2023,diag,xgboost,1,SHAP,weighted,Age,0.9242061343090794,
2021-2023,diag,xgboost,1,SHAP,weighted,Education,0.08660516206837805,
2021-2023,diag,xgboost,1,SHAP,weighted,Income,0.13616424001650235,
2021-2023,diag,xgboost,1,PI,unweighted,Diabetes_self,0.010109823630694802,0.003774123257580187
2021-2023,diag,xgboost,1,PI,unweighted,HighChol,0.023569035320396493,0.004905732876118313
2021-2023,diag,xgboost,1,PI,unweighted,BMI,0.025950195448834323,0.008201142137235011
2021-2023,diag,xgboost,1,PI,unweighted,Smoker,-0.0009661920052119299,0.0019323231610904484
2021-2023,diag,xgboost,1,PI,unweighted,Stroke,0.000908022709293177,0.0003958799887621314
2021-2023,diag,xgboost,1,PI,unweighted,HeartDiseaseorAttack,0.008074479966494519,0.002069130915664197
2021-2023,diag,xgboost,1,PI,unweighted,PhysActivity_LTPA,0.001966413048536464,0.0016000947292483842
2021-2023,diag,xgboost,1,PI,unweighted,AnyHealthcare,0.0028747266043091858,0.0014009982843510534
2021-2023,diag,xgboost,1,PI,unweighted,GenHlth,0.0182645772255573,0.004675423841097872
2021-2023,diag,xgboost,1,PI,unweighted,MentHlth,-0.000541556145004407,0.0025877511403977487
2021-2023,diag,xgboost,1,PI,unweighted,Sex,0.0023448043184885583,0.0020418722934745642
2021-2023,diag,xgboost,1,PI,unweighted,Age,0.11168068546698313,0.011233348279592369
2021-2023,diag,xgboost,1,PI,unweighted,Education,-0.0031620829261482354,0.0015288196843376261
2021-2023,diag,xgboost,1,PI,unweighted,Income,-0.002801433291451383,0.0030000553692742125
2021-2023,diag,xgboost,1,PI,weighted,Diabetes_self,0.009233791968088568,
2021-2023,diag,xgboost,1,PI,weighted,HighChol,0.02449686515923505,
2021-2023,diag,xgboost,1,PI,weighted,BMI,0.01585138776928896,
2021-2023,diag,xgboost,1,PI,weighted,Smoker,-0.0017868151478116268,
2021-2023,diag,xgboost,1,PI,weighted,Stroke,0.0013287000119335923,
2021-2023,diag,xgboost,1,PI,weighted,HeartDiseaseorAttack,0.005150579549781353,
2021-2023,diag,xgboost,1,PI,weighted,PhysActivity_LTPA,0.003685574995714014,
2021-2023,diag,xgboost,1,PI,weighted,AnyHealthcare,0.003755786889774337,
2021-2023,diag,xgboost,1,PI,weighted,GenHlth,0.016640667074281225,
2021-2023,diag,xgboost,1,PI,weighted,MentHlth,0.002406219041160973,
2021-2023,diag,xgboost,1,PI,weighted,Sex,0.0016354143031501512,
2021-2023,diag,xgboost,1,PI,weighted,Age,0.11819774449190326,
2021-2023,diag,xgboost,1,PI,weighted,Education,-0.005387654050503033,
2021-2023,diag,xgboost,1,PI,weighted,Income,-0.0046055341988858415,
2021-2023,diag,random_forest,1,SHAP,unweighted,Diabetes_self,0.045321028689372274,
2021-2023,diag,random_forest,1,SHAP,unweighted,HighChol,0.07475125006784492,
2021-2023,diag,random_forest,1,SHAP,unweighted,BMI,0.05683624696139934,
2021-2023,diag,random_forest,1,SHAP,unweighted,Smoker,0.015131369368925777,
2021-2023,diag,random_forest,1,SHAP,unweighted,Stroke,0.0032295551774793054,
2021-2023,diag,random_forest,1,SHAP,unweighted,HeartDiseaseorAttack,0.02271731594691908,
2021-2023,diag,random_forest,1,SHAP,unweighted,PhysActivity_LTPA,0.007610315065103435,
2021-2023,diag,random_forest,1,SHAP,unweighted,AnyHealthcare,0.005367063304098596,
2021-2023,diag,random_forest,1,SHAP,unweighted,GenHlth,0.04965933347998923,
2021-2023,diag,random_forest,1,SHAP,unweighted,MentHlth,0.008965247903977007,
2021-2023,diag,random_forest,1,SHAP,unweighted,Sex,0.009630687083870316,
2021-2023,diag,random_forest,1,SHAP,unweighted,Age,0.11359162010434182,
2021-2023,diag,random_forest,1,SHAP,unweighted,Education,0.016502921124068128,
2021-2023,diag,random_forest,1,SHAP,unweighted,Income,0.015495285425362243,
2021-2023,diag,random_forest,1,SHAP,weighted,Diabetes_self,0.0409439797532136,
2021-2023,diag,random_forest,1,SHAP,weighted,HighChol,0.07535093720869193,
2021-2023,diag,random_forest,1,SHAP,weighted,BMI,0.05326611388507508,
2021-2023,diag,random_forest,1,SHAP,weighted,Smoker,0.014452397099148457,
2021-2023,diag,random_forest,1,SHAP,weighted,Stroke,0.0028100745339494347,
2021-2023,diag,random_forest,1,SHAP,weighted,HeartDiseaseorAttack,0.021230096141141748,
2021-2023,diag,random_forest,1,SHAP,weighted,PhysActivity_LTPA,0.007115549998125472,
2021-2023,diag,random_forest,1,SHAP,weighted,AnyHealthcare,0.005343003345368546,
2021-2023,diag,random_forest,1,SHAP,weighted,GenHlth,0.04727095232470646,
2021-2023,diag,random_forest,1,SHAP,weighted,MentHlth,0.008726154925741877,
2021-2023,diag,random_forest,1,SHAP,weighted,Sex,0.009377309952294315,
2021-2023,diag,random_forest,1,SHAP,weighted,Age,0.118106681841255,
2021-2023,diag,random_forest,1,SHAP,weighted,Education,0.015848031090299662,
2021-2023,diag,random_forest,1,SHAP,weighted,Income,0.015256096369953662,
2021-2023,diag,random_forest,1,PI,unweighted,Diabetes_self,0.017650600307133956,0.002894157492682423
2021-2023,diag,random_forest,1,PI,unweighted,HighChol,0.0400524687049188,0.007117955127239482
2021-2023,diag,random_forest,1,PI,unweighted,BMI,0.021693366373493506,0.00509810922726665
2021-2023,diag,random_forest,1,PI,unweighted,Smoker,-0.0030413816371166248,0.002924021592932394
2021-2023,diag,random_forest,1,PI,unweighted,Stroke,0.0014731374191446545,0.0008100095343313154
2021-2023,diag,random_forest,1,PI,unweighted,HeartDiseaseorAttack,0.008365326446088662,0.003190612075783178
2021-2023,diag,random_forest,1,PI,unweighted,PhysActivity_LTPA,0.0011092884731723207,0.002696202148065225
2021-2023,diag,random_forest,1,PI,unweighted,AnyHealthcare,3.8682581786064765e-05,0.0016801378459059657
2021-2023,diag,random_forest,1,PI,unweighted,GenHlth,0.013046209688677968,0.005113564542100083
2021-2023,diag,random_forest,1,PI,unweighted,MentHlth,0.004100353669319235,0.0026327457391315872
2021-2023,diag,random_forest,1,PI,unweighted,Sex,0.003432860998650533,0.00415105140716337
2021-2023,diag,random_forest,1,PI,unweighted,Age,0.09215645213830337,0.011260560100128372
2021-2023,diag,random_forest,1,PI,unweighted,Education,-0.0013105542370514644,0.003948694280035296
2021-2023,diag,random_forest,1,PI,unweighted,Income,0.0024122807017544433,0.002747898145267846
2021-2023,diag,random_forest,1,PI,weighted,Diabetes_self,0.012911382843667251,
2021-2023,diag,random_forest,1,PI,weighted,HighChol,0.04519135202363454,
2021-2023,diag,random_forest,1,PI,weighted,BMI,0.01580192051382181,
2021-2023,diag,random_forest,1,PI,weighted,Smoker,-0.002232853053097117,
2021-2023,diag,random_forest,1,PI,weighted,Stroke,0.002098835983507019,
2021-2023,diag,random_forest,1,PI,weighted,HeartDiseaseorAttack,0.006093687153976712,
2021-2023,diag,random_forest,1,PI,weighted,PhysActivity_LTPA,0.004984302638832571,
2021-2023,diag,random_forest,1,PI,weighted,AnyHealthcare,-0.00027602249805164236,
2021-2023,diag,random_forest,1,PI,weighted,GenHlth,0.011817040187254702,
2021-2023,diag,random_forest,1,PI,weighted,MentHlth,0.00445767935018575,
2021-2023,diag,random_forest,1,PI,weighted,Sex,0.004875061908853173,
2021-2023,diag,random_forest,1,PI,weighted,Age,0.097703691663504,
2021-2023,diag,random_forest,1,PI,weighted,Education,-0.00465921089921566,
2021-2023,diag,random_forest,1,PI,weighted,Income,-0.002783210225024291,
2021-2023,diag,logistic_regression,1,SHAP,unweighted,Diabetes_self,0.18888238957644346,
2021-2023,diag,logistic_regression,1,SHAP,unweighted,HighChol,0.3348767345842262,
2021-2023,diag,logistic_regression,1,SHAP,unweighted,BMI,0.3207296882713497,
2021-2023,diag,logistic_regression,1,SHAP,unweighted,Smoker,0.08302107540188793,
2021-2023,diag,logistic_regression,1,SHAP,unweighted,Stroke,0.005179754287076902,
2021-2023,diag,logistic_regression,1,SHAP,unweighted,HeartDiseaseorAttack,0.1096090627704738,
2021-2023,diag,logistic_regression,1,SHAP,unweighted,PhysActivity_LTPA,0.019254233463145705,
2021-2023,diag,logistic_regression,1,SHAP,unweighted,AnyHealthcare,0.0733032465875389,
2021-2023,diag,logistic_regression,1,SHAP,unweighted,GenHlth,0.3158443371817312,
2021-2023,diag,logistic_regression,1,SHAP,unweighted,MentHlth,0.011671086309770488,
2021-2023,diag,logistic_regression,1,SHAP,unweighted,Sex,0.04881579695112019,
2021-2023,diag,logistic_regression,1,SHAP,unweighted,Age,0.6364714975281005,
2021-2023,diag,logistic_regression,1,SHAP,unweighted,Education,0.041230889013102824,
2021-2023,diag,logistic_regression,1,SHAP,unweighted,Income,0.06066412949387921,
2021-2023,diag,logistic_regression,1,SHAP,weighted,Diabetes_self,0.17488636262042193,
2021-2023,diag,logistic_regression,1,SHAP,weighted,HighChol,0.3309524953881665,
2021-2023,diag,logistic_regression,1,SHAP,weighted,BMI,0.3152836540759654,
2021-2023,diag,logistic_regression,1,SHAP,weighted,Smoker,0.08302107540188833,
2021-2023,diag,logistic_regression,1,SHAP,weighted,Stroke,0.004300914423125164,
2021-2023,diag,logistic_regression,1,SHAP,weighted,HeartDiseaseorAttack,0.10394414855762248,
2021-2023,diag,logistic_regression,1,SHAP,weighted,PhysActivity_LTPA,0.019174467987728955,
2021-2023,diag,logistic_regression,1,SHAP,weighted,AnyHealthcare,0.07521642615438347,
2021-2023,diag,logistic_regression,1,SHAP,weighted,GenHlth,0.3093779445563889,
2021-2023,diag,logistic_regression,1,SHAP,weighted,MentHlth,0.011278543462084218,
2021-2023,diag,logistic_regression,1,SHAP,weighted,Sex,0.04855406079980452,
2021-2023,diag,logistic_regression,1,SHAP,weighted,Age,0.6851410311793303,
2021-2023,diag,logistic_regression,1,SHAP,weighted,Education,0.04027329735068121,
2021-2023,diag,logistic_regression,1,SHAP,weighted,Income,0.06108290583392755,
2021-2023,diag,logistic_regression,1,PI,unweighted,Diabetes_self,0.007411931685978923,0.002978958404175881
2021-2023,diag,logistic_regression,1,PI,unweighted,HighChol,0.026098236306947787,0.004634880586120225
2021-2023,diag,logistic_regression,1,PI,unweighted,BMI,0.027491390944204018,0.005380313015095046
2021-2023,diag,logistic_regression,1,PI,unweighted,Smoker,-0.0008376378612312885,0.0014298505166521758
2021-2023,diag,logistic_regression,1,PI,unweighted,Stroke,0.0004415049560240636,0.00019974103004939214
2021-2023,diag,logistic_regression,1,PI,unweighted,HeartDiseaseorAttack,0.007068151147098545,0.00234662099036278
2021-2023,diag,logistic_regression,1,PI,unweighted,PhysActivity_LTPA,5.40974452045484e-05,0.00025597200221200427
2021-2023,diag,logistic_regression,1,PI,unweighted,AnyHealthcare,0.003295290613802404,0.0014814390418507503
2021-2023,diag,logistic_regression,1,PI,unweighted,GenHlth,0.014809321047978108,0.00304958096918856
2021-2023,diag,logistic_regression,1,PI,unweighted,MentHlth,-2.7921262040986328e-05,0.00022622995687815366
2021-2023,diag,logistic_regression,1,PI,unweighted,Sex,0.0006584764298013468,0.0009336735549648969
2021-2023,diag,logistic_regression,1,PI,unweighted,Age,0.11139158406626652,0.009730234130562534
2021-2023,diag,logistic_regression,1,PI,unweighted,Education,-0.0008737028247009615,0.0007873673505324273
2021-2023,diag,logistic_regression,1,PI,unweighted,Income,-0.0008475266415374771,0.001421148757865719
2021-2023,diag,logistic_regression,1,PI,weighted,Diabetes_self,0.0075875904714359675,
2021-2023,diag,logistic_regression,1,PI,weighted,HighChol,0.02452338831759503,
2021-2023,diag,logistic_regression,1,PI,weighted,BMI,0.02656539246570022,
2021-2023,diag,logistic_regression,1,PI,weighted,Smoker,-0.0016597930447296628,
2021-2023,diag,logistic_regression,1,PI,weighted,Stroke,0.0004361033544849291,
2021-2023,diag,logistic_regression,1,PI,weighted,HeartDiseaseorAttack,0.005680860247749142,
2021-2023,diag,logistic_regression,1,PI,weighted,PhysActivity_LTPA,0.00031580794450334346,
2021-2023,diag,logistic_regression,1,PI,weighted,AnyHealthcare,0.0019725861137223854,
2021-2023,diag,logistic_regression,1,PI,weighted,GenHlth,0.014186721072757157,
2021-2023,diag,logistic_regression,1,PI,weighted,MentHlth,-9.792176724323642e-05,
2021-2023,diag,logistic_regression,1,PI,weighted,Sex,0.0006916237221979871,
2021-2023,diag,logistic_regression,1,PI,weighted,Age,0.11780581574994908,
2021-2023,diag,logistic_regression,1,PI,weighted,Education,-0.001634634600461793,
2021-2023,diag,logistic_regression,1,PI,weighted,Income,-0.0013945184532608511,
2021-2023,lab,xgboost,1,SHAP,unweighted,Diabetes_self,0.034867484122514725,
2021-2023,lab,xgboost,1,SHAP,unweighted,HighChol,0.12002280354499817,
2021-2023,lab,xgboost,1,SHAP,unweighted,BMI,0.434113472700119,
2021-2023,lab,xgboost,1,SHAP,unweighted,Smoker,0.08071845769882202,
2021-2023,lab,xgboost,1,SHAP,unweighted,Stroke,0.033324237912893295,
2021-2023,lab,xgboost,1,SHAP,unweighted,HeartDiseaseorAttack,0.01436525397002697,
2021-2023,lab,xgboost,1,SHAP,unweighted,PhysActivity_LTPA,0.1013314425945282,
2021-2023,lab,xgboost,1,SHAP,unweighted,AnyHealthcare,0.04152842238545418,
2021-2023,lab,xgboost,1,SHAP,unweighted,GenHlth,0.0830383375287056,
2021-2023,lab,xgboost,1,SHAP,unweighted,MentHlth,0.08652236312627792,
2021-2023,lab,xgboost,1,SHAP,unweighted,Sex,0.11620344966650009,
2021-2023,lab,xgboost,1,SHAP,unweighted,Age,0.6662487387657166,
2021-2023,lab,xgboost,1,SHAP,unweighted,Education,0.09725330024957657,
2021-2023,lab,xgboost,1,SHAP,unweighted,Income,0.1939144879579544,
2021-2023,lab,xgboost,1,SHAP,weighted,Diabetes_self,0.034925072522980265,
2021-2023,lab,xgboost,1,SHAP,weighted,HighChol,0.12472541706251561,
2021-2023,lab,xgboost,1,SHAP,weighted,BMI,0.44866038477021297,
2021-2023,lab,xgboost,1,SHAP,weighted,Smoker,0.08244052711712682,
2021-2023,lab,xgboost,1,SHAP,weighted,Stroke,0.028367999104115464,
2021-2023,lab,xgboost,1,SHAP,weighted,HeartDiseaseorAttack,0.011747158431595267,
2021-2023,lab,xgboost,1,SHAP,weighted,PhysActivity_LTPA,0.09689007574752684,
2021-2023,lab,xgboost,1,SHAP,weighted,AnyHealthcare,0.04268490277450306,
2021-2023,lab,xgboost,1,SHAP,weighted,GenHlth,0.08295372520726381,
2021-2023,lab,xgboost,1,SHAP,weighted,MentHlth,0.08456278811174324,
2021-2023,lab,xgboost,1,SHAP,weighted,Sex,0.1229153873705802,
2021-2023,lab,xgboost,1,SHAP,weighted,Age,0.7805998215157772,
2021-2023,lab,xgboost,1,SHAP,weighted,Education,0.09802831052455727,
2021-2023,lab,xgboost,1,SHAP,weighted,Income,0.20037562983556392,
2021-2023,lab,xgboost,1,PI,unweighted,Diabetes_self,-0.002980832164562919,0.0037164655137545844
2021-2023,lab,xgboost,1,PI,unweighted,HighChol,0.013903693314632991,0.007702185583003579
2021-2023,lab,xgboost,1,PI,unweighted,BMI,0.006703132304815296,0.014740991534275338
2021-2023,lab,xgboost,1,PI,unweighted,Smoker,-0.005460495558672285,0.004196523852373817
2021-2023,lab,xgboost,1,PI,unweighted,Stroke,0.0054165497896213385,0.0021596977506354188
2021-2023,lab,xgboost,1,PI,unweighted,HeartDiseaseorAttack,4.581580177651645e-05,0.0013821834909056713
2021-2023,lab,xgboost,1,PI,unweighted,PhysActivity_LTPA,0.010453482935951363,0.005969427418799614
2021-2023,lab,xgboost,1,PI,unweighted,AnyHealthcare,-0.0010070126227209263,0.001932034561956923
2021-2023,lab,xgboost,1,PI,unweighted,GenHlth,-0.0025628798503974036,0.005178988785871268
2021-2023,lab,xgboost,1,PI,unweighted,MentHlth,0.0043496961196821,0.00559141317245197
2021-2023,lab,xgboost,1,PI,unweighted,Sex,0.007968209443665265,0.006072579357324868
2021-2023,lab,xgboost,1,PI,unweighted,Age,0.13240579710144923,0.01778505831429375
2021-2023,lab,xgboost,1,PI,unweighted,Education,-0.014671341748480582,0.0028653589786243753
2021-2023,lab,xgboost,1,PI,unweighted,Income,-0.012878447872837762,0.008234146374655062
2021-2023,lab,xgboost,1,PI,weighted,Diabetes_self,-0.0033682833985094196,
2021-2023,lab,xgboost,1,PI,weighted,HighChol,0.021037585714130703,
2021-2023,lab,xgboost,1,PI,weighted,BMI,0.020455621814820312,
2021-2023,lab,xgboost,1,PI,weighted,Smoker,0.0005207194592623865,
2021-2023,lab,xgboost,1,PI,weighted,Stroke,0.005413796022568307,
2021-2023,lab,xgboost,1,PI,weighted,HeartDiseaseorAttack,0.0005612941246218361,
2021-2023,lab,xgboost,1,PI,weighted,PhysActivity_LTPA,0.004434182667350883,
2021-2023,lab,xgboost,1,PI,weighted,AnyHealthcare,-0.0028622951610381532,
2021-2023,lab,xgboost,1,PI,weighted,GenHlth,0.0009430010862863991,
2021-2023,lab,xgboost,1,PI,weighted,MentHlth,6.836954351039371e-05,
2021-2023,lab,xgboost,1,PI,weighted,Sex,0.005989778791876099,
2021-2023,lab,xgboost,1,PI,weighted,Age,0.17111416711921965,
2021-2023,lab,xgboost,1,PI,weighted,Education,-0.011631908406043789,
2021-2023,lab,xgboost,1,PI,weighted,Income,-0.015619838571818178,
2021-2023,lab,random_forest,1,SHAP,unweighted,Diabetes_self,0.006989808304102025,
2021-2023,lab,random_forest,1,SHAP,unweighted,HighChol,0.016938914902335143,
2021-2023,lab,random_forest,1,SHAP,unweighted,BMI,0.025794741061240647,
2021-2023,lab,random_forest,1,SHAP,unweighted,Smoker,0.008402643298725353,
2021-2023,lab,random_forest,1,SHAP,unweighted,Stroke,0.006509090594757222,
2021-2023,lab,random_forest,1,SHAP,unweighted,HeartDiseaseorAttack,0.004096955723293239,
2021-2023,lab,random_forest,1,SHAP,unweighted,PhysActivity_LTPA,0.012660195632916297,
2021-2023,lab,random_forest,1,SHAP,unweighted,AnyHealthcare,0.005591888820581607,
2021-2023,lab,random_forest,1,SHAP,unweighted,GenHlth,0.011244407075908033,
2021-2023,lab,random_forest,1,SHAP,unweighted,MentHlth,0.007670802759357428,
2021-2023,lab,random_forest,1,SHAP,unweighted,Sex,0.011421352418691676,
2021-2023,lab,random_forest,1,SHAP,unweighted,Age,0.05364311425479238,
2021-2023,lab,random_forest,1,SHAP,unweighted,Education,0.011322703511217674,
2021-2023,lab,random_forest,1,SHAP,unweighted,Income,0.020666884070565023,
2021-2023,lab,random_forest,1,SHAP,weighted,Diabetes_self,0.006970637901416848,
2021-2023,lab,random_forest,1,SHAP,weighted,HighChol,0.01733338376935011,
2021-2023,lab,random_forest,1,SHAP,weighted,BMI,0.02502235051267323,
2021-2023,lab,random_forest,1,SHAP,weighted,Smoker,0.007820384333121665,
2021-2023,lab,random_forest,1,SHAP,weighted,Stroke,0.0055600168703514065,
2021-2023,lab,random_forest,1,SHAP,weighted,HeartDiseaseorAttack,0.0035516861783410673,
2021-2023,lab,random_forest,1,SHAP,weighted,PhysActivity_LTPA,0.012183160468835682,
2021-2023,lab,random_forest,1,SHAP,weighted,AnyHealthcare,0.0056671090981591735,
2021-2023,lab,random_forest,1,SHAP,weighted,GenHlth,0.01082107231353358,
2021-2023,lab,random_forest,1,SHAP,weighted,MentHlth,0.0072579940038602015,
2021-2023,lab,random_forest,1,SHAP,weighted,Sex,0.010848366856906873,
2021-2023,lab,random_forest,1,SHAP,weighted,Age,0.05568571217059569,
2021-2023,lab,random_forest,1,SHAP,weighted,Education,0.010837300575681668,
2021-2023,lab,random_forest,1,SHAP,weighted,Income,0.02001868650424944,
2021-2023,lab,random_forest,1,PI,unweighted,Diabetes_self,-0.0023010752688171097,0.008944462461354413
2021-2023,lab,random_forest,1,PI,unweighted,HighChol,0.02348854604955595,0.011508889394835827
2021-2023,lab,random_forest,1,PI,unweighted,BMI,0.008281907433380175,0.01089865742355252
2021-2023,lab,random_forest,1,PI,unweighted,Smoker,-0.016345021037868057,0.005837163745993084
2021-2023,lab,random_forest,1,PI,unweighted,Stroke,0.018921926133707447,0.004181731560505656
2021-2023,lab,random_forest,1,PI,unweighted,HeartDiseaseorAttack,-0.0034114071996259156,0.003424929359877821
2021-2023,lab,random_forest,1,PI,unweighted,PhysActivity_LTPA,0.011297802711547556,0.008772868991354354
2021-2023,lab,random_forest,1,PI,unweighted,AnyHealthcare,-0.0025993454885459453,0.002208303980882819
2021-2023,lab,random_forest,1,PI,unweighted,GenHlth,-0.00016736792893869978,0.008464819582508885
2021-2023,lab,random_forest,1,PI,unweighted,MentHlth,0.002375409069658807,0.005199312931775315
2021-2023,lab,random_forest,1,PI,unweighted,Sex,0.0030088826554465877,0.009453652669421662
2021-2023,lab,random_forest,1,PI,unweighted,Age,0.10474427302477798,0.015755956928432794
2021-2023,lab,random_forest,1,PI,unweighted,Education,0.0025147265077139604,0.007158176968534132
2021-2023,lab,random_forest,1,PI,unweighted,Income,-0.0031248246844318927,0.010996225578477528
2021-2023,lab,random_forest,1,PI,weighted,Diabetes_self,0.0007995354843045143,
2021-2023,lab,random_forest,1,PI,weighted,HighChol,0.028955038809202204,
2021-2023,lab,random_forest,1,PI,weighted,BMI,0.012001119885335277,
2021-2023,lab,random_forest,1,PI,weighted,Smoker,-0.007029933527359644,
2021-2023,lab,random_forest,1,PI,weighted,Stroke,0.02103556580531448,
2021-2023,lab,random_forest,1,PI,weighted,HeartDiseaseorAttack,-0.00011719447635049063,
2021-2023,lab,random_forest,1,PI,weighted,PhysActivity_LTPA,0.006141891553115175,
2021-2023,lab,random_forest,1,PI,weighted,AnyHealthcare,-0.007025796066445022,
2021-2023,lab,random_forest,1,PI,weighted,GenHlth,0.00234231695521826,
2021-2023,lab,random_forest,1,PI,weighted,MentHlth,-0.0020331520004212124,
2021-2023,lab,random_forest,1,PI,weighted,Sex,0.0018513319135543549,
2021-2023,lab,random_forest,1,PI,weighted,Age,0.12498239341119399,
2021-2023,lab,random_forest,1,PI,weighted,Education,-0.0003142505349777003,
2021-2023,lab,random_forest,1,PI,weighted,Income,-0.009097011079029072,
2021-2023,lab,logistic_regression,1,SHAP,unweighted,Diabetes_self,0.011052927300173371,
2021-2023,lab,logistic_regression,1,SHAP,unweighted,HighChol,0.03196987714097457,
2021-2023,lab,logistic_regression,1,SHAP,unweighted,BMI,0.10929832724730114,
2021-2023,lab,logistic_regression,1,SHAP,unweighted,Smoker,0.0007723471637537315,
2021-2023,lab,logistic_regression,1,SHAP,unweighted,Stroke,0.02250127994511316,
2021-2023,lab,logistic_regression,1,SHAP,unweighted,HeartDiseaseorAttack,3.3269164503517466e-05,
2021-2023,lab,logistic_regression,1,SHAP,unweighted,PhysActivity_LTPA,0.05205161428433685,
2021-2023,lab,logistic_regression,1,SHAP,unweighted,AnyHealthcare,0.0784706670237421,
2021-2023,lab,logistic_regression,1,SHAP,unweighted,GenHlth,0.0410645241579185,
2021-2023,lab,logistic_regression,1,SHAP,unweighted,MentHlth,0.02645994171027992,
2021-2023,lab,logistic_regression,1,SHAP,unweighted,Sex,0.01874784402732249,
2021-2023,lab,logistic_regression,1,SHAP,unweighted,Age,0.527837727593407,
2021-2023,lab,logistic_regression,1,SHAP,unweighted,Education,0.0194267173178454,
2021-2023,lab,logistic_regression,1,SHAP,unweighted,Income,0.15073289434444442,
2021-2023,lab,logistic_regression,1,SHAP,weighted,Diabetes_self,0.010233914639527355,
2021-2023,lab,logistic_regression,1,SHAP,weighted,HighChol,0.03159523945488529,
2021-2023,lab,logistic_regression,1,SHAP,weighted,BMI,0.10744242662614137,
2021-2023,lab,logistic_regression,1,SHAP,weighted,Smoker,0.000772347163753726,
2021-2023,lab,logistic_regression,1,SHAP,weighted,Stroke,0.018683527073120897,
2021-2023,lab,logistic_regression,1,SHAP,weighted,HeartDiseaseorAttack,3.154971760668265e-05,
2021-2023,lab,logistic_regression,1,SHAP,weighted,PhysActivity_LTPA,0.05183597745997196,
2021-2023,lab,logistic_regression,1,SHAP,weighted,AnyHealthcare,0.0805187137847703,
2021-2023,lab,logistic_regression,1,SHAP,weighted,GenHlth,0.04022379565682358,
2021-2023,lab,logistic_regression,1,SHAP,weighted,MentHlth,0.025569993628937,
2021-2023,lab,logistic_regression,1,SHAP,weighted,Sex,0.018647323522738696,
2021-2023,lab,logistic_regression,1,SHAP,weighted,Age,0.5682002829399916,
2021-2023,lab,logistic_regression,1,SHAP,weighted,Education,0.018975529798558925,
2021-2023,lab,logistic_regression,1,SHAP,weighted,Income,0.15177343296825943,
2021-2023,lab,logistic_regression,1,PI,unweighted,Diabetes_self,0.0012379616643291014,0.0006933031264718531
2021-2023,lab,logistic_regression,1,PI,unweighted,HighChol,-0.0001047218326320598,0.0006204846360092591
2021-2023,lab,logistic_regression,1,PI,unweighted,BMI,0.0015913978494623727,0.002777542553720754
2021-2023,lab,logistic_regression,1,PI,unweighted,Smoker,3.366058906028036e-05,3.768011534289293e-05
2021-2023,lab,logistic_regression,1,PI,unweighted,Stroke,0.006741467975689563,0.0015698532119641038
2021-2023,lab,logistic_regression,1,PI,unweighted,HeartDiseaseorAttack,-1.0285179990665583e-05,1.4149365077514656e-05
2021-2023,lab,logistic_regression,1,PI,unweighted,PhysActivity_LTPA,0.0018148667601682988,0.001548181842561351
2021-2023,lab,logistic_regression,1,PI,unweighted,AnyHealthcare,0.001959794296400208,0.0036252772937550785
2021-2023,lab,logistic_regression,1,PI,unweighted,GenHlth,-0.002918186068256201,0.0015643159077451754
2021-2023,lab,logistic_regression,1,PI,unweighted,MentHlth,0.0026732117812061527,0.0010505561080074704
2021-2023,lab,logistic_regression,1,PI,unweighted,Sex,-0.0002786348761103175,0.0008628615508434476
2021-2023,lab,logistic_regression,1,PI,unweighted,Age,0.16463861617578307,0.02701921111271103
2021-2023,lab,logistic_regression,1,PI,unweighted,Education,0.0007657784011220303,0.0006171455074037132
2021-2023,lab,logistic_regression,1,PI,unweighted,Income,0.002235156615240752,0.00613183540019254
2021-2023,lab,logistic_regression,1,PI,weighted,Diabetes_self,0.0008040854492979866,
2021-2023,lab,logistic_regression,1,PI,weighted,HighChol,-0.0009947985738796628,
2021-2023,lab,logistic_regression,1,PI,weighted,BMI,0.004322046074375685,
2021-2023,lab,logistic_regression,1,PI,weighted,Smoker,5.100684158204638e-05,
2021-2023,lab,logistic_regression,1,PI,weighted,Stroke,0.004735265784518772,
2021-2023,lab,logistic_regression,1,PI,weighted,HeartDiseaseorAttack,-3.7769772811091505e-05,
2021-2023,lab,logistic_regression,1,PI,weighted,PhysActivity_LTPA,-0.0007890476126786727,
2021-2023,lab,logistic_regression,1,PI,weighted,AnyHealthcare,-0.005809009378718655,
2021-2023,lab,logistic_regression,1,PI,weighted,GenHlth,-0.0029165954692711217,
2021-2023,lab,logistic_regression,1,PI,weighted,MentHlth,0.002947546700174386,
2021-2023,lab,logistic_regression,1,PI,weighted,Sex,-0.0006132078669861763,
2021-2023,lab,logistic_regression,1,PI,weighted,Age,0.19378231807971125,
2021-2023,lab,logistic_regression,1,PI,weighted,Education,-0.0007369461244703723,
2021-2023,lab,logistic_regression,1,PI,weighted,Income,-0.01029218149815806,
2021-2023,total,xgboost,1,SHAP,unweighted,Diabetes_self,0.1563088595867157,
2021-2023,total,xgboost,1,SHAP,unweighted,HighChol,0.3807361125946045,
2021-2023,total,xgboost,1,SHAP,unweighted,BMI,0.4796903431415558,
2021-2023,total,xgboost,1,SHAP,unweighted,Smoker,0.06720145046710968,
2021-2023,total,xgboost,1,SHAP,unweighted,Stroke,0.01481281965970993,
2021-2023,total,xgboost,1,SHAP,unweighted,HeartDiseaseorAttack,0.07408493757247925,
2021-2023,total,xgboost,1,SHAP,unweighted,PhysActivity_LTPA,0.04728648066520691,
2021-2023,total,xgboost,1,SHAP,unweighted,AnyHealthcare,0.018866445869207382,
2021-2023,total,xgboost,1,SHAP,unweighted,GenHlth,0.29392340779304504,
2021-2023,total,xgboost,1,SHAP,unweighted,MentHlth,0.08048935979604721,
2021-2023,total,xgboost,1,SHAP,unweighted,Sex,0.0896771028637886,
2021-2023,total,xgboost,1,SHAP,unweighted,Age,0.8231261968612671,
2021-2023,total,xgboost,1,SHAP,unweighted,Education,0.0921388790011406,
2021-2023,total,xgboost,1,SHAP,unweighted,Income,0.1138770654797554,
2021-2023,total,xgboost,1,SHAP,weighted,Diabetes_self,0.14286087688833216,
2021-2023,total,xgboost,1,SHAP,weighted,HighChol,0.3928378319337461,
2021-2023,total,xgboost,1,SHAP,weighted,BMI,0.4757564007980518,
2021-2023,total,xgboost,1,SHAP,weighted,Smoker,0.06322766407224262,
2021-2023,total,xgboost,1,SHAP,weighted,Stroke,0.01213587368393299,
2021-2023,total,xgboost,1,SHAP,weighted,HeartDiseaseorAttack,0.06618401658395699,
2021-2023,total,xgboost,1,SHAP,weighted,PhysActivity_LTPA,0.04596310380105025,
2021-2023,total,xgboost,1,SHAP,weighted,AnyHealthcare,0.01939933277681681,
2021-2023,total,xgboost,1,SHAP,weighted,GenHlth,0.28976226791399273,
2021-2023,total,xgboost,1,SHAP,weighted,MentHlth,0.08347716723722953,
2021-2023,total,xgboost,1,SHAP,weighted,Sex,0.09625683676065544,
2021-2023,total,xgboost,1,SHAP,weighted,Age,0.8966699873840285,
2021-2023,total,xgboost,1,SHAP,weighted,Education,0.09316240840280482,
2021-2023,total,xgboost,1,SHAP,weighted,Income,0.11553320591870683,
2021-2023,total,xgboost,1,PI,unweighted,Diabetes_self,0.006528751522333032,0.0028180573821584816
2021-2023,total,xgboost,1,PI,unweighted,HighChol,0.027090944998518784,0.005176983927665971
2021-2023,total,xgboost,1,PI,unweighted,BMI,0.03044282062253819,0.0048036307380123775
2021-2023,total,xgboost,1,PI,unweighted,Smoker,0.002192708161899426,0.0016730294754885961
2021-2023,total,xgboost,1,PI,unweighted,Stroke,0.0017637119691034653,0.0008404019238134637
2021-2023,total,xgboost,1,PI,unweighted,HeartDiseaseorAttack,0.0045302436830035875,0.0017477805186483708
2021-2023,total,xgboost,1,PI,unweighted,PhysActivity_LTPA,0.0018048561052411926,0.002152163724799072
2021-2023,total,xgboost,1,PI,unweighted,AnyHealthcare,0.0003313474430290286,0.000887260086066378
2021-2023,total,xgboost,1,PI,unweighted,GenHlth,0.0082480278244078,0.004561207088648081
2021-2023,total,xgboost,1,PI,unweighted,MentHlth,-0.00030556378438278964,0.002235317392195891
2021-2023,total,xgboost,1,PI,unweighted,Sex,0.005745915758752718,0.0011371465144566083
2021-2023,total,xgboost,1,PI,unweighted,Age,0.11986164598488085,0.010564420864332747
2021-2023,total,xgboost,1,PI,unweighted,Education,-0.00033354179695644915,0.0019540438340040563
2021-2023,total,xgboost,1,PI,unweighted,Income,0.0002564651152584307,0.0026165025983200235
2021-2023,total,xgboost,1,PI,weighted,Diabetes_self,0.007871168213120927,
2021-2023,total,xgboost,1,PI,weighted,HighChol,0.024965004850221306,
2021-2023,total,xgboost,1,PI,weighted,BMI,0.026564743516869993,
2021-2023,total,xgboost,1,PI,weighted,Smoker,0.002644169102140814,
2021-2023,total,xgboost,1,PI,weighted,Stroke,0.0020201661872020216,
2021-2023,total,xgboost,1,PI,weighted,HeartDiseaseorAttack,0.0018383109334073832,
2021-2023,total,xgboost,1,PI,weighted,PhysActivity_LTPA,0.0026698831511147493,
2021-2023,total,xgboost,1,PI,weighted,AnyHealthcare,0.00118944316633679,
2021-2023,total,xgboost,1,PI,weighted,GenHlth,0.007980497902872485,
2021-2023,total,xgboost,1,PI,weighted,MentHlth,0.0018187192480027758,
2021-2023,total,xgboost,1,PI,weighted,Sex,0.0040966177429067495,
2021-2023,total,xgboost,1,PI,weighted,Age,0.13051734199257967,
2021-2023,total,xgboost,1,PI,weighted,Education,0.0011143462795713322,
2021-2023,total,xgboost,1,PI,weighted,Income,-0.002057061079026512,
2021-2023,total,random_forest,1,SHAP,unweighted,Diabetes_self,0.03746277008975005,
2021-2023,total,random_forest,1,SHAP,unweighted,HighChol,0.07410527942180938,
2021-2023,total,random_forest,1,SHAP,unweighted,BMI,0.05866339149894233,
2021-2023,total,random_forest,1,SHAP,unweighted,Smoker,0.0120351924483154,
2021-2023,total,random_forest,1,SHAP,unweighted,Stroke,0.0036877948558200297,
2021-2023,total,random_forest,1,SHAP,unweighted,HeartDiseaseorAttack,0.017263753142268516,
2021-2023,total,random_forest,1,SHAP,unweighted,PhysActivity_LTPA,0.011114535895262175,
2021-2023,total,random_forest,1,SHAP,unweighted,AnyHealthcare,0.0030689474928475326,
2021-2023,total,random_forest,1,SHAP,unweighted,GenHlth,0.045855918050661,
2021-2023,total,random_forest,1,SHAP,unweighted,MentHlth,0.009919565764642979,
2021-2023,total,random_forest,1,SHAP,unweighted,Sex,0.011668698366113051,
2021-2023,total,random_forest,1,SHAP,unweighted,Age,0.12782767793007926,
2021-2023,total,random_forest,1,SHAP,unweighted,Education,0.017001577412967324,
2021-2023,total,random_forest,1,SHAP,unweighted,Income,0.01597324187098294,
2021-2023,total,random_forest,1,SHAP,weighted,Diabetes_self,0.03447384223176175,
2021-2023,total,random_forest,1,SHAP,weighted,HighChol,0.07483394154094893,
2021-2023,total,random_forest,1,SHAP,weighted,BMI,0.05679042828109549,
2021-2023,total,random_forest,1,SHAP,weighted,Smoker,0.011282564890925781,
2021-2023,total,random_forest,1,SHAP,weighted,Stroke,0.003257997206456556,
2021-2023,total,random_forest,1,SHAP,weighted,HeartDiseaseorAttack,0.01617374073790622,
2021-2023,total,random_forest,1,SHAP,weighted,PhysActivity_LTPA,0.010787390346000984,
2021-2023,total,random_forest,1,SHAP,weighted,AnyHealthcare,0.0030027015967970306,
2021-2023,total,random_forest,1,SHAP,weighted,GenHlth,0.044593861716734275,
2021-2023,total,random_forest,1,SHAP,weighted,MentHlth,0.009932761223039668,
2021-2023,total,random_forest,1,SHAP,weighted,Sex,0.01184709807013454,
2021-2023,total,random_forest,1,SHAP,weighted,Age,0.1338446146663714,
2021-2023,total,random_forest,1,SHAP,weighted,Education,0.01685737612231834,
2021-2023,total,random_forest,1,SHAP,weighted,Income,0.016026154065578634,
2021-2023,total,random_forest,1,PI,unweighted,Diabetes_self,0.010871377944548854,0.0024524341756240985
2021-2023,total,random_forest,1,PI,unweighted,HighChol,0.03488227291179804,0.006348361038244672
2021-2023,total,random_forest,1,PI,unweighted,BMI,0.024839263574822124,0.0059824459388676055
2021-2023,total,random_forest,1,PI,unweighted,Smoker,-0.0006127733342109143,0.0020904939997855626
2021-2023,total,random_forest,1,PI,unweighted,Stroke,0.002683694853142993,0.0012419588890337622
2021-2023,total,random_forest,1,PI,unweighted,HeartDiseaseorAttack,0.00438102761594431,0.0024668886446334143
2021-2023,total,random_forest,1,PI,unweighted,PhysActivity_LTPA,0.001673469163841601,0.003391466870570268
2021-2023,total,random_forest,1,PI,unweighted,AnyHealthcare,-0.0018405143565604076,0.0016806816409933902
2021-2023,total,random_forest,1,PI,unweighted,GenHlth,0.004561238932227518,0.005821058583315935
2021-2023,total,random_forest,1,PI,unweighted,MentHlth,0.0016891039355739102,0.002148639356608875
2021-2023,total,random_forest,1,PI,unweighted,Sex,0.005906926478171837,0.002936535842994641
2021-2023,total,random_forest,1,PI,unweighted,Age,0.11637564047705269,0.010557407460639602
2021-2023,total,random_forest,1,PI,unweighted,Education,-0.0018619093073520498,0.00475855746126756
2021-2023,total,random_forest,1,PI,unweighted,Income,0.0005702577268689058,0.0061750032421673704
2021-2023,total,random_forest,1,PI,weighted,Diabetes_self,0.011087443555228348,
2021-2023,total,random_forest,1,PI,weighted,HighChol,0.0349121629781642,
2021-2023,total,random_forest,1,PI,weighted,BMI,0.02346348815283066,
2021-2023,total,random_forest,1,PI,weighted,Smoker,0.0002857878858132046,
2021-2023,total,random_forest,1,PI,weighted,Stroke,0.004157280589163115,
2021-2023,total,random_forest,1,PI,weighted,HeartDiseaseorAttack,0.002045388455098107,
2021-2023,total,random_forest,1,PI,weighted,PhysActivity_LTPA,0.005164513823073957,
2021-2023,total,random_forest,1,PI,weighted,AnyHealthcare,-0.0022627316351197966,
2021-2023,total,random_forest,1,PI,weighted,GenHlth,0.0063707946237767325,
2021-2023,total,random_forest,1,PI,weighted,MentHlth,0.0011320440337432847,
2021-2023,total,random_forest,1,PI,weighted,Sex,0.009503115653551752,
2021-2023,total,random_forest,1,PI,weighted,Age,0.11852803042313284,
2021-2023,total,random_forest,1,PI,weighted,Education,-0.0018146047792389707,
2021-2023,total,random_forest,1,PI,weighted,Income,-0.0033866671835412034,
2021-2023,total,logistic_regression,1,SHAP,unweighted,Diabetes_self,0.15108346967256286,
2021-2023,total,logistic_regression,1,SHAP,unweighted,HighChol,0.30672801964078245,
2021-2023,total,logistic_regression,1,SHAP,unweighted,BMI,0.2966974363147055,
2021-2023,total,logistic_regression,1,SHAP,unweighted,Smoker,0.05083796830246257,
2021-2023,total,logistic_regression,1,SHAP,unweighted,Stroke,0.0072165756002296605,
2021-2023,total,logistic_regression,1,SHAP,unweighted,HeartDiseaseorAttack,0.0805339876670913,
2021-2023,total,logistic_regression,1,SHAP,unweighted,PhysActivity_LTPA,0.011055927154216097,
2021-2023,total,logistic_regression,1,SHAP,unweighted,AnyHealthcare,0.021164528263257425,
2021-2023,total,logistic_regression,1,SHAP,unweighted,GenHlth,0.24900860193795205,
2021-2023,total,logistic_regression,1,SHAP,unweighted,MentHlth,0.013515295547817803,
2021-2023,total,logistic_regression,1,SHAP,unweighted,Sex,0.06052967095528806,
2021-2023,total,logistic_regression,1,SHAP,unweighted,Age,0.6683922322967633,
2021-2023,total,logistic_regression,1,SHAP,unweighted,Education,0.054181840734535684,
2021-2023,total,logistic_regression,1,SHAP,unweighted,Income,0.0671808899554112,
2021-2023,total,logistic_regression,1,SHAP,weighted,Diabetes_self,0.139888311040313,
2021-2023,total,logistic_regression,1,SHAP,weighted,HighChol,0.30313363999927756,
2021-2023,total,logistic_regression,1,SHAP,weighted,BMI,0.2916594730610958,
2021-2023,total,logistic_regression,1,SHAP,weighted,Smoker,0.05083796830246324,
2021-2023,total,logistic_regression,1,SHAP,weighted,Stroke,0.005992151821185356,
2021-2023,total,logistic_regression,1,SHAP,weighted,HeartDiseaseorAttack,0.07637175764868247,
2021-2023,total,logistic_regression,1,SHAP,weighted,PhysActivity_LTPA,0.011010125212148895,
2021-2023,total,logistic_regression,1,SHAP,weighted,AnyHealthcare,0.021716912296709457,
2021-2023,total,logistic_regression,1,SHAP,weighted,GenHlth,0.24391056091689892,
2021-2023,total,logistic_regression,1,SHAP,weighted,MentHlth,0.013060724956799271,
2021-2023,total,logistic_regression,1,SHAP,weighted,Sex,0.06020512840747025,
2021-2023,total,logistic_regression,1,SHAP,weighted,Age,0.7195026722274294,
2021-2023,total,logistic_regression,1,SHAP,weighted,Education,0.052923461878683555,
2021-2023,total,logistic_regression,1,SHAP,weighted,Income,0.06764465276634149,
2021-2023,total,logistic_regression,1,PI,unweighted,Diabetes_self,0.0028718607024127984,0.0021046291636951883
2021-2023,total,logistic_regression,1,PI,unweighted,HighChol,0.021790483087017153,0.003661657330721354
2021-2023,total,logistic_regression,1,PI,unweighted,BMI,0.028737259032509434,0.003971423100628502
2021-2023,total,logistic_regression,1,PI,unweighted,Smoker,-0.00043228772368683057,0.000967685202343026
2021-2023,total,logistic_regression,1,PI,unweighted,Stroke,0.0003291530891018191,0.00021387916449555974
2021-2023,total,logistic_regression,1,PI,unweighted,HeartDiseaseorAttack,0.002979384044852695,0.0017513406112658473
2021-2023,total,logistic_regression,1,PI,unweighted,PhysActivity_LTPA,6.363626389312981e-05,0.0001158080550030177
2021-2023,total,logistic_regression,1,PI,unweighted,AnyHealthcare,0.0006204535729568472,0.00039964548532843067
2021-2023,total,logistic_regression,1,PI,unweighted,GenHlth,0.0068551616690257,0.0023670155683916047
2021-2023,total,logistic_regression,1,PI,unweighted,MentHlth,-0.00033902768177470623,0.0002672453730104323
2021-2023,total,logistic_regression,1,PI,unweighted,Sex,0.0019639467649737894,0.0010397481305219152
2021-2023,total,logistic_regression,1,PI,unweighted,Age,0.13790581832943846,0.009684146030968052
2021-2023,total,logistic_regression,1,PI,unweighted,Education,0.0007230396190602062,0.0009759165521768722
2021-2023,total,logistic_regression,1,PI,unweighted,Income,-0.0011210405626322696,0.0012710767008066903
2021-2023,total,logistic_regression,1,PI,weighted,Diabetes_self,0.004093810439237788,
2021-2023,total,logistic_regression,1,PI,weighted,HighChol,0.01663848601027096,
2021-2023,total,logistic_regression,1,PI,weighted,BMI,0.03017957740547491,
2021-2023,total,logistic_regression,1,PI,weighted,Smoker,-0.000996606141040257,
2021-2023,total,logistic_regression,1,PI,weighted,Stroke,0.000432440990752625,
2021-2023,total,logistic_regression,1,PI,weighted,HeartDiseaseorAttack,0.0020079740596644522,
2021-2023,total,logistic_regression,1,PI,weighted,PhysActivity_LTPA,-0.00013167955738594417,
2021-2023,total,logistic_regression,1,PI,weighted,AnyHealthcare,0.0007444926797126605,
2021-2023,total,logistic_regression,1,PI,weighted,GenHlth,0.0074319393019160905,
2021-2023,total,logistic_regression,1,PI,weighted,MentHlth,-6.741033860923063e-05,
2021-2023,total,logistic_regression,1,PI,weighted,Sex,0.0015701406754935142,
2021-2023,total,logistic_regression,1,PI,weighted,Age,0.14558170668644704,
2021-2023,total,logistic_regression,1,PI,weighted,Education,-0.0007778321520701348,
2021-2023,total,logistic_regression,1,PI,weighted,Income,-0.002496014572119065,
2021-2023,diag,xgboost,2,SHAP,unweighted,Diabetes_self,0.18854010105133057,
2021-2023,diag,xgboost,2,SHAP,unweighted,HighChol,0.40418681502342224,
2021-2023,diag,xgboost,2,SHAP,unweighted,BMI,0.5027911067008972,
2021-2023,diag,xgboost,2,SHAP,unweighted,Smoker,0.044346004724502563,
2021-2023,diag,xgboost,2,SHAP,unweighted,Stroke,0.028182512149214745,
2021-2023,diag,xgboost,2,SHAP,unweighted,HeartDiseaseorAttack,0.1222337931394577,
2021-2023,diag,xgboost,2,SHAP,unweighted,PhysActivity_LTPA,0.060616910457611084,
2021-2023,diag,xgboost,2,SHAP,unweighted,AnyHealthcare,0.062443673610687256,
2021-2023,diag,xgboost,2,SHAP,unweighted,GenHlth,0.33608436584472656,
2021-2023,diag,xgboost,2,SHAP,unweighted,MentHlth,0.07702137529850006,
2021-2023,diag,xgboost,2,SHAP,unweighted,Sex,0.09790801256895065,
2021-2023,diag,xgboost,2,SHAP,unweighted,Age,0.7981021404266357,
2021-2023,diag,xgboost,2,SHAP,unweighted,Education,0.09588406980037689,
2021-2023,diag,xgboost,2,SHAP,unweighted,Income,0.11028359830379486,
2021-2023,diag,xgboost,2,SHAP,weighted,Diabetes_self,0.17510667408361627,
2021-2023,diag,xgboost,2,SHAP,weighted,HighChol,0.4111518656025546,
2021-2023,diag,xgboost,2,SHAP,weighted,BMI,0.5118206234113215,
2021-2023,diag,xgboost,2,SHAP,weighted,Smoker,0.04304137818952432,
2021-2023,diag,xgboost,2,SHAP,weighted,Stroke,0.024878235952524613,
2021-2023,diag,xgboost,2,SHAP,weighted,HeartDiseaseorAttack,0.10742488397170127,
2021-2023,diag,xgboost,2,SHAP,weighted,PhysActivity_LTPA,0.06366774695090023,
2021-2023,diag,xgboost,2,SHAP,weighted,AnyHealthcare,0.06985416605637762,
2021-2023,diag,xgboost,2,SHAP,weighted,GenHlth,0.3497115294574805,
2021-2023,diag,xgboost,2,SHAP,weighted,MentHlth,0.07982854897098594,
2021-2023,diag,xgboost,2,SHAP,weighted,Sex,0.0986732068139481,
2021-2023,diag,xgboost,2,SHAP,weighted,Age,0.8745406603083805,
2021-2023,diag,xgboost,2,SHAP,weighted,Education,0.0924566243346313,
2021-2023,diag,xgboost,2,SHAP,weighted,Income,0.11236055705934632,
2021-2023,diag,xgboost,2,PI,unweighted,Diabetes_self,0.011328470380194555,0.003366786637721172
2021-2023,diag,xgboost,2,PI,unweighted,HighChol,0.025903950858578818,0.003757506713597976
2021-2023,diag,xgboost,2,PI,unweighted,BMI,0.03650297826795099,0.005980078645127415
2021-2023,diag,xgboost,2,PI,unweighted,Smoker,0.0019928800781795265,0.0014335190113029393
2021-2023,diag,xgboost,2,PI,unweighted,Stroke,0.0016915631253199281,0.001345439090511905
2021-2023,diag,xgboost,2,PI,unweighted,HeartDiseaseorAttack,0.006834892270463966,0.0027839669454449763
2021-2023,diag,xgboost,2,PI,unweighted,PhysActivity_LTPA,0.002012657638791937,0.0018466896355958482
2021-2023,diag,xgboost,2,PI,unweighted,AnyHealthcare,-0.0013786123132765392,0.0019186911017511957
2021-2023,diag,xgboost,2,PI,unweighted,GenHlth,0.03381264833170461,0.004383508461751496
2021-2023,diag,xgboost,2,PI,unweighted,MentHlth,0.006588836148727228,0.001757105720767561
2021-2023,diag,xgboost,2,PI,unweighted,Sex,0.0027240681278793756,0.0024807824428845324
2021-2023,diag,xgboost,2,PI,unweighted,Age,0.10155312020103302,0.013868917152763194
2021-2023,diag,xgboost,2,PI,unweighted,Education,0.002689748243287249,0.002985309472903009
2021-2023,diag,xgboost,2,PI,unweighted,Income,0.004620968867792818,0.0018500016407683175
2021-2023,diag,xgboost,2,PI,weighted,Diabetes_self,0.00851107489787264,
2021-2023,diag,xgboost,2,PI,weighted,HighChol,0.02583570997596104,
2021-2023,diag,xgboost,2,PI,weighted,BMI,0.04027224509348708,
2021-2023,diag,xgboost,2,PI,weighted,Smoker,0.0015742029284820046,
2021-2023,diag,xgboost,2,PI,weighted,Stroke,0.00038955257333757044,
2021-2023,diag,xgboost,2,PI,weighted,HeartDiseaseorAttack,0.005848930176613587,
2021-2023,diag,xgboost,2,PI,weighted,PhysActivity_LTPA,0.002696565448917931,
2021-2023,diag,xgboost,2,PI,weighted,AnyHealthcare,0.0002609205483204757,
2021-2023,diag,xgboost,2,PI,weighted,GenHlth,0.03229653442576522,
2021-2023,diag,xgboost,2,PI,weighted,MentHlth,0.00846200559566591,
2021-2023,diag,xgboost,2,PI,weighted,Sex,0.0031879134224350623,
2021-2023,diag,xgboost,2,PI,weighted,Age,0.11623760986854674,
2021-2023,diag,xgboost,2,PI,weighted,Education,0.004453448575941122,
2021-2023,diag,xgboost,2,PI,weighted,Income,0.006895890647358216,
2021-2023,diag,random_forest,2,SHAP,unweighted,Diabetes_self,0.04468699286836381,
2021-2023,diag,random_forest,2,SHAP,unweighted,HighChol,0.07464427852606324,
2021-2023,diag,random_forest,2,SHAP,unweighted,BMI,0.06284365643172081,
2021-2023,diag,random_forest,2,SHAP,unweighted,Smoker,0.009759866758598017,
2021-2023,diag,random_forest,2,SHAP,unweighted,Stroke,0.005782718441695877,
2021-2023,diag,random_forest,2,SHAP,unweighted,HeartDiseaseorAttack,0.023896682539081792,
2021-2023,diag,random_forest,2,SHAP,unweighted,PhysActivity_LTPA,0.008735360827657409,
2021-2023,diag,random_forest,2,SHAP,unweighted,AnyHealthcare,0.007783921681871215,
2021-2023,diag,random_forest,2,SHAP,unweighted,GenHlth,0.04287295599733587,
2021-2023,diag,random_forest,2,SHAP,unweighted,MentHlth,0.008609647463358492,
2021-2023,diag,random_forest,2,SHAP,unweighted,Sex,0.010794790437895758,
2021-2023,diag,random_forest,2,SHAP,unweighted,Age,0.10488645103394886,
2021-2023,diag,random_forest,2,SHAP,unweighted,Education,0.014818767405674173,
2021-2023,diag,random_forest,2,SHAP,unweighted,Income,0.014188113644031542,
2021-2023,diag,random_forest,2,SHAP,weighted,Diabetes_self,0.04187607982043072,
2021-2023,diag,random_forest,2,SHAP,weighted,HighChol,0.07376278743243221,
2021-2023,diag,random_forest,2,SHAP,weighted,BMI,0.06100421788606916,
2021-2023,diag,random_forest,2,SHAP,weighted,Smoker,0.009187682850456421,
2021-2023,diag,random_forest,2,SHAP,weighted,Stroke,0.005361887308647851,
2021-2023,diag,random_forest,2,SHAP,weighted,HeartDiseaseorAttack,0.021503819653975492,
2021-2023,diag,random_forest,2,SHAP,weighted,PhysActivity_LTPA,0.0078336686851822,
2021-2023,diag,random_forest,2,SHAP,weighted,AnyHealthcare,0.008282859735509261,
2021-2023,diag,random_forest,2,SHAP,weighted,GenHlth,0.04154831292108165,
2021-2023,diag,random_forest,2,SHAP,weighted,MentHlth,0.008605833769536119,
2021-2023,diag,random_forest,2,SHAP,weighted,Sex,0.010473201318287847,
2021-2023,diag,random_forest,2,SHAP,weighted,Age,0.10548449099762093,
2021-2023,diag,random_forest,2,SHAP,weighted,Education,0.014181270860506093,
2021-2023,diag,random_forest,2,SHAP,weighted,Income,0.01368342176904881,
2021-2023,diag,random_forest,2,PI,unweighted,Diabetes_self,0.021644795011401253,0.005581352430849319
2021-2023,diag,random_forest,2,PI,unweighted,HighChol,0.03738976918423389,0.005952375436759509
2021-2023,diag,random_forest,2,PI,unweighted,BMI,0.03183547396342321,0.004287500492909326
2021-2023,diag,random_forest,2,PI,unweighted,Smoker,0.0025225115175206425,0.0045134521651936646
2021-2023,diag,random_forest,2,PI,unweighted,Stroke,0.0023994834566523513,0.0016143169161952947
2021-2023,diag,random_forest,2,PI,unweighted,HeartDiseaseorAttack,0.010633638140444001,0.0037171501053324743
2021-2023,diag,random_forest,2,PI,unweighted,PhysActivity_LTPA,0.004492414723812299,0.0031678416431849474
2021-2023,diag,random_forest,2,PI,unweighted,AnyHealthcare,-0.0006991949369443585,0.0016392119975154804
2021-2023,diag,random_forest,2,PI,unweighted,GenHlth,0.024468332635301904,0.003435033306380877
2021-2023,diag,random_forest,2,PI,unweighted,MentHlth,0.004497359113965371,0.002171964726806976
2021-2023,diag,random_forest,2,PI,unweighted,Sex,0.004915596351621821,0.0029621163867144177
2021-2023,diag,random_forest,2,PI,unweighted,Age,0.09370317371678544,0.010640017264822492
2021-2023,diag,random_forest,2,PI,unweighted,Education,0.005875098887803143,0.004694444181425006
2021-2023,diag,random_forest,2,PI,unweighted,Income,0.008754769882265433,0.0025980195980220924
2021-2023,diag,random_forest,2,PI,weighted,Diabetes_self,0.018328545306728027,
2021-2023,diag,random_forest,2,PI,weighted,HighChol,0.04264166412250836,
2021-2023,diag,random_forest,2,PI,weighted,BMI,0.03479685841627701,
2021-2023,diag,random_forest,2,PI,weighted,Smoker,-2.797957045683752e-05,
2021-2023,diag,random_forest,2,PI,weighted,Stroke,-0.0006845100229926904,
2021-2023,diag,random_forest,2,PI,weighted,HeartDiseaseorAttack,0.010425300942881832,
2021-2023,diag,random_forest,2,PI,weighted,PhysActivity_LTPA,0.009260212650863487,
2021-2023,diag,random_forest,2,PI,weighted,AnyHealthcare,4.8669185511762694e-05,
2021-2023,diag,random_forest,2,PI,weighted,GenHlth,0.02665768475137914,
2021-2023,diag,random_forest,2,PI,weighted,MentHlth,0.004660883001047378,
2021-2023,diag,random_forest,2,PI,weighted,Sex,0.005671918732246517,
2021-2023,diag,random_forest,2,PI,weighted,Age,0.10485756072016916,
2021-2023,diag,random_forest,2,PI,weighted,Education,0.007858459592583356,
2021-2023,diag,random_forest,2,PI,weighted,Income,0.007559580427975865,
2021-2023,diag,logistic_regression,2,SHAP,unweighted,Diabetes_self,0.17951928802842781,
2021-2023,diag,logistic_regression,2,SHAP,unweighted,HighChol,0.3380166113589781,
2021-2023,diag,logistic_regression,2,SHAP,unweighted,BMI,0.32889160120456096,
2021-2023,diag,logistic_regression,2,SHAP,unweighted,Smoker,0.02815888374810949,
2021-2023,diag,logistic_regression,2,SHAP,unweighted,Stroke,0.028270016408054776,
2021-2023,diag,logistic_regression,2,SHAP,unweighted,HeartDiseaseorAttack,0.10411857346206024,
2021-2023,diag,logistic_regression,2,SHAP,unweighted,PhysActivity_LTPA,0.008480377360229103,
2021-2023,diag,logistic_regression,2,SHAP,unweighted,AnyHealthcare,0.06455012218732524,
2021-2023,diag,logistic_regression,2,SHAP,unweighted,GenHlth,0.2753875101007074,
2021-2023,diag,logistic_regression,2,SHAP,unweighted,MentHlth,0.0017162859415708256,
2021-2023,diag,logistic_regression,2,SHAP,unweighted,Sex,0.07923573320027863,
2021-2023,diag,logistic_regression,2,SHAP,unweighted,Age,0.6195495520646414,
2021-2023,diag,logistic_regression,2,SHAP,unweighted,Education,0.04519906684471023,
2021-2023,diag,logistic_regression,2,SHAP,unweighted,Income,0.04968068045255939,
2021-2023,diag,logistic_regression,2,SHAP,weighted,Diabetes_self,0.16779537490990837,
2021-2023,diag,logistic_regression,2,SHAP,weighted,HighChol,0.3280719171549495,
2021-2023,diag,logistic_regression,2,SHAP,weighted,BMI,0.33346837126351514,
2021-2023,diag,logistic_regression,2,SHAP,weighted,Smoker,0.028045279554767242,
2021-2023,diag,logistic_regression,2,SHAP,weighted,Stroke,0.025801204951903394,
2021-2023,diag,logistic_regression,2,SHAP,weighted,HeartDiseaseorAttack,0.09421001700836075,
2021-2023,diag,logistic_regression,2,SHAP,weighted,PhysActivity_LTPA,0.00820775198327125,
2021-2023,diag,logistic_regression,2,SHAP,weighted,AnyHealthcare,0.0697079661334988,
2021-2023,diag,logistic_regression,2,SHAP,weighted,GenHlth,0.2720517694499396,
2021-2023,diag,logistic_regression,2,SHAP,weighted,MentHlth,0.001704797777100513,
2021-2023,diag,logistic_regression,2,SHAP,weighted,Sex,0.07974795897291563,
2021-2023,diag,logistic_regression,2,SHAP,weighted,Age,0.6281469871243365,
2021-2023,diag,logistic_regression,2,SHAP,weighted,Education,0.04422579362499499,
2021-2023,diag,logistic_regression,2,SHAP,weighted,Income,0.04884767849869322,
2021-2023,diag,logistic_regression,2,PI,unweighted,Diabetes_self,0.009835264553957746,0.00273051507983952
2021-2023,diag,logistic_regression,2,PI,unweighted,HighChol,0.02234631672018237,0.004440744935004189
2021-2023,diag,logistic_regression,2,PI,unweighted,BMI,0.03401682256037965,0.004870966002722571
2021-2023,diag,logistic_regression,2,PI,unweighted,Smoker,0.00038100888826831937,0.0003357053835219648
2021-2023,diag,logistic_regression,2,PI,unweighted,Stroke,0.0006509144213317053,0.0009383608958391274
2021-2023,diag,logistic_regression,2,PI,unweighted,HeartDiseaseorAttack,0.005230001396063044,0.003332425956001424
2021-2023,diag,logistic_regression,2,PI,unweighted,PhysActivity_LTPA,-5.816929592672437e-07,0.0001971321307827697
2021-2023,diag,logistic_regression,2,PI,unweighted,AnyHealthcare,-0.001635720601237922,0.002208176961617306
2021-2023,diag,logistic_regression,2,PI,unweighted,GenHlth,0.02613022941970298,0.004453399241135244
2021-2023,diag,logistic_regression,2,PI,unweighted,MentHlth,6.340453255142542e-05,3.19083906926855e-05
2021-2023,diag,logistic_regression,2,PI,unweighted,Sex,-4.828051561276414e-05,0.0005888103474462756
2021-2023,diag,logistic_regression,2,PI,unweighted,Age,0.09499104192842842,0.014300555416622897
2021-2023,diag,logistic_regression,2,PI,unweighted,Education,0.0015368327981757246,0.0004990762875866589
2021-2023,diag,logistic_regression,2,PI,unweighted,Income,0.0018492019172599017,0.0006455819665298411
2021-2023,diag,logistic_regression,2,PI,weighted,Diabetes_self,0.01096212965446891,
2021-2023,diag,logistic_regression,2,PI,weighted,HighChol,0.02090951611897406,
2021-2023,diag,logistic_regression,2,PI,weighted,BMI,0.034944703638090546,
2021-2023,diag,logistic_regression,2,PI,weighted,Smoker,-0.0005465526306618785,
2021-2023,diag,logistic_regression,2,PI,weighted,Stroke,-0.00022883183624302638,
2021-2023,diag,logistic_regression,2,PI,weighted,HeartDiseaseorAttack,0.004885119152982409,
2021-2023,diag,logistic_regression,2,PI,weighted,PhysActivity_LTPA,-0.00018773967959542225,
2021-2023,diag,logistic_regression,2,PI,weighted,AnyHealthcare,0.00022182895501169365,
2021-2023,diag,logistic_regression,2,PI,weighted,GenHlth,0.022446506877404626,
2021-2023,diag,logistic_regression,2,PI,weighted,MentHlth,6.34576500404882e-05,
2021-2023,diag,logistic_regression,2,PI,weighted,Sex,-0.0017642483195217328,
2021-2023,diag,logistic_regression,2,PI,weighted,Age,0.10312635808101203,
2021-2023,diag,logistic_regression,2,PI,weighted,Education,0.00033950181811697177,
2021-2023,diag,logistic_regression,2,PI,weighted,Income,0.0009770407152895565,
2021-2023,lab,xgboost,2,SHAP,unweighted,Diabetes_self,0.028025096282362938,
2021-2023,lab,xgboost,2,SHAP,unweighted,HighChol,0.09019161015748978,
2021-2023,lab,xgboost,2,SHAP,unweighted,BMI,0.42477867007255554,
2021-2023,lab,xgboost,2,SHAP,unweighted,Smoker,0.09271357208490372,
2021-2023,lab,xgboost,2,SHAP,unweighted,Stroke,0.019809294492006302,
2021-2023,lab,xgboost,2,SHAP,unweighted,HeartDiseaseorAttack,0.018055278807878494,
2021-2023,lab,xgboost,2,SHAP,unweighted,PhysActivity_LTPA,0.11305467039346695,
2021-2023,lab,xgboost,2,SHAP,unweighted,AnyHealthcare,0.01966951973736286,
2021-2023,lab,xgboost,2,SHAP,unweighted,GenHlth,0.08945465832948685,
2021-2023,lab,xgboost,2,SHAP,unweighted,MentHlth,0.0834534764289856,
2021-2023,lab,xgboost,2,SHAP,unweighted,Sex,0.08929558098316193,
2021-2023,lab,xgboost,2,SHAP,unweighted,Age,0.7202649116516113,
2021-2023,lab,xgboost,2,SHAP,unweighted,Education,0.09277964383363724,
2021-2023,lab,xgboost,2,SHAP,unweighted,Income,0.2410639524459839,
2021-2023,lab,xgboost,2,SHAP,weighted,Diabetes_self,0.024585413534228714,
2021-2023,lab,xgboost,2,SHAP,weighted,HighChol,0.09676029644821751,
2021-2023,lab,xgboost,2,SHAP,weighted,BMI,0.4379608861617001,
2021-2023,lab,xgboost,2,SHAP,weighted,Smoker,0.09541672246560672,
2021-2023,lab,xgboost,2,SHAP,weighted,Stroke,0.018996958153043284,
2021-2023,lab,xgboost,2,SHAP,weighted,HeartDiseaseorAttack,0.016255568600825086,
2021-2023,lab,xgboost,2,SHAP,weighted,PhysActivity_LTPA,0.10191230852177914,
2021-2023,lab,xgboost,2,SHAP,weighted,AnyHealthcare,0.020318209369522368,
2021-2023,lab,xgboost,2,SHAP,weighted,GenHlth,0.08829116147709401,
2021-2023,lab,xgboost,2,SHAP,weighted,MentHlth,0.07985555245971615,
2021-2023,lab,xgboost,2,SHAP,weighted,Sex,0.09666507115288926,
2021-2023,lab,xgboost,2,SHAP,weighted,Age,0.8449428642555048,
2021-2023,lab,xgboost,2,SHAP,weighted,Education,0.09197220681513313,
2021-2023,lab,xgboost,2,SHAP,weighted,Income,0.2413534043541714,
2021-2023,lab,xgboost,2,PI,unweighted,Diabetes_self,-0.0005133239831697667,0.0021434460385673804
2021-2023,lab,xgboost,2,PI,unweighted,HighChol,0.003064983637213592,0.006964616483098077
2021-2023,lab,xgboost,2,PI,unweighted,BMI,-0.005811594202898595,0.021769203733352692
2021-2023,lab,xgboost,2,PI,unweighted,Smoker,0.00039644693782138197,0.002895452052844793
2021-2023,lab,xgboost,2,PI,unweighted,Stroke,0.0012510518934081062,0.0012197846618383539
2021-2023,lab,xgboost,2,PI,unweighted,HeartDiseaseorAttack,0.0005563347358577886,0.0018391334527445582
2021-2023,lab,xgboost,2,PI,unweighted,PhysActivity_LTPA,-0.00013090229079018023,0.007338398948032018
2021-2023,lab,xgboost,2,PI,unweighted,AnyHealthcare,-0.0005161290322580947,0.0013620515293059593
2021-2023,lab,xgboost,2,PI,unweighted,GenHlth,-0.0031556802244039894,0.003609638509780575
2021-2023,lab,xgboost,2,PI,unweighted,MentHlth,0.009949509116409471,0.004150624837091166
2021-2023,lab,xgboost,2,PI,unweighted,Sex,0.007202431042543178,0.0023960113112053458
2021-2023,lab,xgboost,2,PI,unweighted,Age,0.09458859280037393,0.02237497880287844
2021-2023,lab,xgboost,2,PI,unweighted,Education,-0.004474988312295547,0.005441530464328483
2021-2023,lab,xgboost,2,PI,unweighted,Income,0.01848761103319304,0.010218340822715557
2021-2023,lab,xgboost,2,PI,weighted,Diabetes_self,-0.001957880643566612,
2021-2023,lab,xgboost,2,PI,weighted,HighChol,0.0006839281077729908,
2021-2023,lab,xgboost,2,PI,weighted,BMI,-0.009417918364924038,
2021-2023,lab,xgboost,2,PI,weighted,Smoker,-0.0019550334385655898,
2021-2023,lab,xgboost,2,PI,weighted,Stroke,-0.00013732141540315768,
2021-2023,lab,xgboost,2,PI,weighted,HeartDiseaseorAttack,0.0015994370757262733,
2021-2023,lab,xgboost,2,PI,weighted,PhysActivity_LTPA,-0.0025493868471507253,
2021-2023,lab,xgboost,2,PI,weighted,AnyHealthcare,-0.003069065962091466,
2021-2023,lab,xgboost,2,PI,weighted,GenHlth,0.0010150450916809773,
2021-2023,lab,xgboost,2,PI,weighted,MentHlth,0.0028121177903319807,
2021-2023,lab,xgboost,2,PI,weighted,Sex,0.008601605247850386,
2021-2023,lab,xgboost,2,PI,weighted,Age,0.09259543919576797,
2021-2023,lab,xgboost,2,PI,weighted,Education,-0.008376839598507446,
2021-2023,lab,xgboost,2,PI,weighted,Income,0.013151788312817391,
2021-2023,lab,random_forest,2,SHAP,unweighted,Diabetes_self,0.005815163935849796,
2021-2023,lab,random_forest,2,SHAP,unweighted,HighChol,0.016027843219135262,
2021-2023,lab,random_forest,2,SHAP,unweighted,BMI,0.02390487998676277,
2021-2023,lab,random_forest,2,SHAP,unweighted,Smoker,0.007634903546412932,
2021-2023,lab,random_forest,2,SHAP,unweighted,Stroke,0.006662030318955942,
2021-2023,lab,random_forest,2,SHAP,unweighted,HeartDiseaseorAttack,0.003481190172282125,
2021-2023,lab,random_forest,2,SHAP,unweighted,PhysActivity_LTPA,0.014241140404931985,
2021-2023,lab,random_forest,2,SHAP,unweighted,AnyHealthcare,0.0032646812987748666,
2021-2023,lab,random_forest,2,SHAP,unweighted,GenHlth,0.010231417415413125,
2021-2023,lab,random_forest,2,SHAP,unweighted,MentHlth,0.008059978233250345,
2021-2023,lab,random_forest,2,SHAP,unweighted,Sex,0.010618450049809757,
2021-2023,lab,random_forest,2,SHAP,unweighted,Age,0.05651477547267683,
2021-2023,lab,random_forest,2,SHAP,unweighted,Education,0.01377169005713008,
2021-2023,lab,random_forest,2,SHAP,unweighted,Income,0.020452984513291566,
2021-2023,lab,random_forest,2,SHAP,weighted,Diabetes_self,0.0053911933499729454,
2021-2023,lab,random_forest,2,SHAP,weighted,HighChol,0.0169234917324404,
2021-2023,lab,random_forest,2,SHAP,weighted,BMI,0.024745470339913714,
2021-2023,lab,random_forest,2,SHAP,weighted,Smoker,0.00733538746854889,
2021-2023,lab,random_forest,2,SHAP,weighted,Stroke,0.005900151534663209,
2021-2023,lab,random_forest,2,SHAP,weighted,HeartDiseaseorAttack,0.0030729907427782285,
2021-2023,lab,random_forest,2,SHAP,weighted,PhysActivity_LTPA,0.012880762559406091,
2021-2023,lab,random_forest,2,SHAP,weighted,AnyHealthcare,0.003223595693821056,
2021-2023,lab,random_forest,2,SHAP,weighted,GenHlth,0.00958280015580561,
2021-2023,lab,random_forest,2,SHAP,weighted,MentHlth,0.007622880757314811,
2021-2023,lab,random_forest,2,SHAP,weighted,Sex,0.010391079560944741,
2021-2023,lab,random_forest,2,SHAP,weighted,Age,0.057704791928495,
2021-2023,lab,random_forest,2,SHAP,weighted,Education,0.013327011873659636,
2021-2023,lab,random_forest,2,SHAP,weighted,Income,0.019140637357359276,
2021-2023,lab,random_forest,2,PI,unweighted,Diabetes_self,5.656848994847197e-05,0.0056841399072100835
2021-2023,lab,random_forest,2,PI,unweighted,HighChol,0.011178588125292089,0.007524805944695404
2021-2023,lab,random_forest,2,PI,unweighted,BMI,-0.0009027582982703341,0.012523811824606894
2021-2023,lab,random_forest,2,PI,unweighted,Smoker,-0.004500701262272233,0.007224465825576582
2021-2023,lab,random_forest,2,PI,unweighted,Stroke,0.017828892005610008,0.0073151389826683535
2021-2023,lab,random_forest,2,PI,unweighted,HeartDiseaseorAttack,-0.0020144927536233093,0.003755926774588252
2021-2023,lab,random_forest,2,PI,unweighted,PhysActivity_LTPA,0.0018410472183262084,0.01075144082852016
2021-2023,lab,random_forest,2,PI,unweighted,AnyHealthcare,-0.004913510986442349,0.001388412720449359
2021-2023,lab,random_forest,2,PI,unweighted,GenHlth,-0.0007685834502105027,0.007834595839202312
2021-2023,lab,random_forest,2,PI,unweighted,MentHlth,-0.00799438990182343,0.004359367771075049
2021-2023,lab,random_forest,2,PI,unweighted,Sex,0.018972417017297672,0.00785850237132973
2021-2023,lab,random_forest,2,PI,unweighted,Age,0.07938335670874228,0.01910886622953346
2021-2023,lab,random_forest,2,PI,unweighted,Education,-0.015794296400187112,0.008265424384436457
2021-2023,lab,random_forest,2,PI,unweighted,Income,0.007879850397381882,0.013769271607088178
2021-2023,lab,random_forest,2,PI,weighted,Diabetes_self,0.00671742454836034,
2021-2023,lab,random_forest,2,PI,weighted,HighChol,0.006803711666885592,
2021-2023,lab,random_forest,2,PI,weighted,BMI,-0.010490535423595182,
2021-2023,lab,random_forest,2,PI,weighted,Smoker,-0.0074558419944600555,
2021-2023,lab,random_forest,2,PI,weighted,Stroke,0.012738312260102002,
2021-2023,lab,random_forest,2,PI,weighted,HeartDiseaseorAttack,0.00010079989076113848,
2021-2023,lab,random_forest,2,PI,weighted,PhysActivity_LTPA,0.001550138867980344,
2021-2023,lab,random_forest,2,PI,weighted,AnyHealthcare,-0.010171327892963277,
2021-2023,lab,random_forest,2,PI,weighted,GenHlth,0.0025826938174553617,
2021-2023,lab,random_forest,2,PI,weighted,MentHlth,-0.013966545075795788,
2021-2023,lab,random_forest,2,PI,weighted,Sex,0.014760574942546501,
2021-2023,lab,random_forest,2,PI,weighted,Age,0.07928143266543988,
2021-2023,lab,random_forest,2,PI,weighted,Education,-0.029002882261973395,
2021-2023,lab,random_forest,2,PI,weighted,Income,-0.0024545901509059886,
2021-2023,lab,logistic_regression,2,SHAP,unweighted,Diabetes_self,0.021312672101583205,
2021-2023,lab,logistic_regression,2,SHAP,unweighted,HighChol,0.02399228019691249,
2021-2023,lab,logistic_regression,2,SHAP,unweighted,BMI,0.12021885645902,
2021-2023,lab,logistic_regression,2,SHAP,unweighted,Smoker,0.01956920532634055,
2021-2023,lab,logistic_regression,2,SHAP,unweighted,Stroke,0.02723368361202938,
2021-2023,lab,logistic_regression,2,SHAP,unweighted,HeartDiseaseorAttack,0.007831369376002147,
2021-2023,lab,logistic_regression,2,SHAP,unweighted,PhysActivity_LTPA,0.07148414670036135,
2021-2023,lab,logistic_regression,2,SHAP,unweighted,AnyHealthcare,0.018094487749413496,
2021-2023,lab,logistic_regression,2,SHAP,unweighted,GenHlth,0.009502952077855698,
2021-2023,lab,logistic_regression,2,SHAP,unweighted,MentHlth,0.04949070636767116,
2021-2023,lab,logistic_regression,2,SHAP,unweighted,Sex,0.019667989426228428,
2021-2023,lab,logistic_regression,2,SHAP,unweighted,Age,0.5561089743752629,
2021-2023,lab,logistic_regression,2,SHAP,unweighted,Education,0.049044643356297705,
2021-2023,lab,logistic_regression,2,SHAP,unweighted,Income,0.177127416898435,
2021-2023,lab,logistic_regression,2,SHAP,weighted,Diabetes_self,0.019920799847706457,
2021-2023,lab,logistic_regression,2,SHAP,weighted,HighChol,0.023286409888182744,
2021-2023,lab,logistic_regression,2,SHAP,weighted,BMI,0.12189179082629537,
2021-2023,lab,logistic_regression,2,SHAP,weighted,Smoker,0.019490255329411375,
2021-2023,lab,logistic_regression,2,SHAP,weighted,Stroke,0.024855374766215375,
2021-2023,lab,logistic_regression,2,SHAP,weighted,HeartDiseaseorAttack,0.007086088654305129,
2021-2023,lab,logistic_regression,2,SHAP,weighted,PhysActivity_LTPA,0.06918608947803748,
2021-2023,lab,logistic_regression,2,SHAP,weighted,AnyHealthcare,0.019540318383576335,
2021-2023,lab,logistic_regression,2,SHAP,weighted,GenHlth,0.009387843794488636,
2021-2023,lab,logistic_regression,2,SHAP,weighted,MentHlth,0.049159434427061624,
2021-2023,lab,logistic_regression,2,SHAP,weighted,Sex,0.019795134726374394,
2021-2023,lab,logistic_regression,2,SHAP,weighted,Age,0.5638260500754559,
2021-2023,lab,logistic_regression,2,SHAP,weighted,Education,0.04798856319178442,
2021-2023,lab,logistic_regression,2,SHAP,weighted,Income,0.1741575001618764,
2021-2023,lab,logistic_regression,2,PI,unweighted,Diabetes_self,0.0018962131837307772,0.0011688736747313016
2021-2023,lab,logistic_regression,2,PI,unweighted,HighChol,0.00036746143057512224,0.0005568656346972455
2021-2023,lab,logistic_regression,2,PI,unweighted,BMI,0.006114071996259985,0.005356555977907398
2021-2023,lab,logistic_regression,2,PI,unweighted,Smoker,8.415147265139478e-06,0.0006244824422246015
2021-2023,lab,logistic_regression,2,PI,unweighted,Stroke,0.005539036933146368,0.0021671581653330517
2021-2023,lab,logistic_regression,2,PI,unweighted,HeartDiseaseorAttack,0.0011528751753156264,0.000491698604344263
2021-2023,lab,logistic_regression,2,PI,unweighted,PhysActivity_LTPA,0.0015755025712950066,0.004665645924068254
2021-2023,lab,logistic_regression,2,PI,unweighted,AnyHealthcare,0.004927536231884133,0.0006577094116902989
2021-2023,lab,logistic_regression,2,PI,unweighted,GenHlth,0.00023562412342222893,0.0004174992026843603
2021-2023,lab,logistic_regression,2,PI,unweighted,MentHlth,0.0003094904160823253,0.0017388712751853755
2021-2023,lab,logistic_regression,2,PI,unweighted,Sex,0.0004721832632071599,0.0004958981609909268
2021-2023,lab,logistic_regression,2,PI,unweighted,Age,0.13624824684431985,0.024600751673479745
2021-2023,lab,logistic_regression,2,PI,unweighted,Education,0.0015418419822346818,0.0015217600281224569
2021-2023,lab,logistic_regression,2,PI,unweighted,Income,0.012559607293127661,0.0065344407221658175
2021-2023,lab,logistic_regression,2,PI,weighted,Diabetes_self,0.0007228614825018798,
2021-2023,lab,logistic_regression,2,PI,weighted,HighChol,-0.00043167668005041906,
2021-2023,lab,logistic_regression,2,PI,weighted,BMI,0.012421013677894343,
2021-2023,lab,logistic_regression,2,PI,weighted,Smoker,0.00027712491560053507,
2021-2023,lab,logistic_regression,2,PI,weighted,Stroke,0.0020795598344730327,
2021-2023,lab,logistic_regression,2,PI,weighted,HeartDiseaseorAttack,0.0007836580067074772,
2021-2023,lab,logistic_regression,2,PI,weighted,PhysActivity_LTPA,0.0027841281153865526,
2021-2023,lab,logistic_regression,2,PI,weighted,AnyHealthcare,0.004794882439784642,
2021-2023,lab,logistic_regression,2,PI,weighted,GenHlth,0.0007479688547221142,
2021-2023,lab,logistic_regression,2,PI,weighted,MentHlth,0.0018067129562109208,
2021-2023,lab,logistic_regression,2,PI,weighted,Sex,0.0006595241198359858,
2021-2023,lab,logistic_regression,2,PI,weighted,Age,0.14910294833184418,
2021-2023,lab,logistic_regression,2,PI,weighted,Education,0.0033588392295728076,
2021-2023,lab,logistic_regression,2,PI,weighted,Income,0.008854920068318306,
2021-2023,total,xgboost,2,SHAP,unweighted,Diabetes_self,0.14359626173973083,
2021-2023,total,xgboost,2,SHAP,unweighted,HighChol,0.3656795620918274,
2021-2023,total,xgboost,2,SHAP,unweighted,BMI,0.5031216144561768,
2021-2023,total,xgboost,2,SHAP,unweighted,Smoker,0.05781318619847298,
2021-2023,total,xgboost,2,SHAP,unweighted,Stroke,0.02089160867035389,
2021-2023,total,xgboost,2,SHAP,unweighted,HeartDiseaseorAttack,0.08628794550895691,
2021-2023,total,xgboost,2,SHAP,unweighted,PhysActivity_LTPA,0.061737217009067535,
2021-2023,total,xgboost,2,SHAP,unweighted,AnyHealthcare,0.03289908170700073,
2021-2023,total,xgboost,2,SHAP,unweighted,GenHlth,0.2338569015264511,
2021-2023,total,xgboost,2,SHAP,unweighted,MentHlth,0.06822022050619125,
2021-2023,total,xgboost,2,SHAP,unweighted,Sex,0.12798398733139038,
2021-2023,total,xgboost,2,SHAP,unweighted,Age,0.8415774703025818,
2021-2023,total,xgboost,2,SHAP,unweighted,Education,0.1075759008526802,
2021-2023,total,xgboost,2,SHAP,unweighted,Income,0.12727613747119904,
2021-2023,total,xgboost,2,SHAP,weighted,Diabetes_self,0.13181696791892977,
2021-2023,total,xgboost,2,SHAP,weighted,HighChol,0.37610710905358946,
2021-2023,total,xgboost,2,SHAP,weighted,BMI,0.5086701128224093,
2021-2023,total,xgboost,2,SHAP,weighted,Smoker,0.05867557932155865,
2021-2023,total,xgboost,2,SHAP,weighted,Stroke,0.01898095951248483,
2021-2023,total,xgboost,2,SHAP,weighted,HeartDiseaseorAttack,0.07512015914730913,
2021-2023,total,xgboost,2,SHAP,weighted,PhysActivity_LTPA,0.05909994237103743,
2021-2023,total,xgboost,2,SHAP,weighted,AnyHealthcare,0.03607836354430558,
2021-2023,total,xgboost,2,SHAP,weighted,GenHlth,0.24907492997716763,
2021-2023,total,xgboost,2,SHAP,weighted,MentHlth,0.07013928469251078,
2021-2023,total,xgboost,2,SHAP,weighted,Sex,0.13174424936468287,
2021-2023,total,xgboost,2,SHAP,weighted,Age,0.923543698947845,
2021-2023,total,xgboost,2,SHAP,weighted,Education,0.10557234800031905,
2021-2023,total,xgboost,2,SHAP,weighted,Income,0.1283614123157509,
2021-2023,total,xgboost,2,PI,unweighted,Diabetes_self,0.00813282424322218,0.0026991682237687883
2021-2023,total,xgboost,2,PI,unweighted,HighChol,0.021461878586397164,0.004097958015604973
2021-2023,total,xgboost,2,PI,unweighted,BMI,0.026358030786785558,0.006344443722929197
2021-2023,total,xgboost,2,PI,unweighted,Smoker,0.004186827293374162,0.002079812889163426
2021-2023,total,xgboost,2,PI,unweighted,Stroke,0.0014460792381202792,0.0015034711654643138
2021-2023,total,xgboost,2,PI,unweighted,HeartDiseaseorAttack,0.003660182350811325,0.0016992430594443319
2021-2023,total,xgboost,2,PI,unweighted,PhysActivity_LTPA,0.003130794465839315,0.0017341957881444481
2021-2023,total,xgboost,2,PI,unweighted,AnyHealthcare,-0.001772489384812892,0.0009738966028436561
2021-2023,total,xgboost,2,PI,unweighted,GenHlth,0.022459212446375477,0.002522112500840894
2021-2023,total,xgboost,2,PI,unweighted,MentHlth,0.006434942891939033,0.0008058389478730086
2021-2023,total,xgboost,2,PI,unweighted,Sex,0.00155634552296936,0.0017244358645280334
2021-2023,total,xgboost,2,PI,unweighted,Age,0.11139116553108845,0.015333300595045818
2021-2023,total,xgboost,2,PI,unweighted,Education,-0.0009205314725212576,0.0028266638914815553
2021-2023,total,xgboost,2,PI,unweighted,Income,0.002994470228103019,0.002311594938564844
2021-2023,total,xgboost,2,PI,weighted,Diabetes_self,0.006305651603031548,
2021-2023,total,xgboost,2,PI,weighted,HighChol,0.02154407550703994,
2021-2023,total,xgboost,2,PI,weighted,BMI,0.02538682511904754,
2021-2023,total,xgboost,2,PI,weighted,Smoker,0.0022221875991068505,
2021-2023,total,xgboost,2,PI,weighted,Stroke,0.001024218396127341,
2021-2023,total,xgboost,2,PI,weighted,HeartDiseaseorAttack,0.0036774947824179003,
2021-2023,total,xgboost,2,PI,weighted,PhysActivity_LTPA,0.0041290921010929795,
2021-2023,total,xgboost,2,PI,weighted,AnyHealthcare,-0.001704609428821191,
2021-2023,total,xgboost,2,PI,weighted,GenHlth,0.02703788742778568,
2021-2023,total,xgboost,2,PI,weighted,MentHlth,0.006178436086385542,
2021-2023,total,xgboost,2,PI,weighted,Sex,0.00263090460323534,
2021-2023,total,xgboost,2,PI,weighted,Age,0.12242939256361315,
2021-2023,total,xgboost,2,PI,weighted,Education,-0.0016360353015532404,
2021-2023,total,xgboost,2,PI,weighted,Income,0.0016119502832431464,
2021-2023,total,random_forest,2,SHAP,unweighted,Diabetes_self,0.03610873881071851,
2021-2023,total,random_forest,2,SHAP,unweighted,HighChol,0.072814902408921,
2021-2023,total,random_forest,2,SHAP,unweighted,BMI,0.06646730340797231,
2021-2023,total,random_forest,2,SHAP,unweighted,Smoker,0.010272373644693196,
2021-2023,total,random_forest,2,SHAP,unweighted,Stroke,0.005115299745241942,
2021-2023,total,random_forest,2,SHAP,unweighted,HeartDiseaseorAttack,0.018172647134727955,
2021-2023,total,random_forest,2,SHAP,unweighted,PhysActivity_LTPA,0.01026892016453995,
2021-2023,total,random_forest,2,SHAP,unweighted,AnyHealthcare,0.004847925386036261,
2021-2023,total,random_forest,2,SHAP,unweighted,GenHlth,0.03643373874317416,
2021-2023,total,random_forest,2,SHAP,unweighted,MentHlth,0.009469529665079104,
2021-2023,total,random_forest,2,SHAP,unweighted,Sex,0.014576681505465313,
2021-2023,total,random_forest,2,SHAP,unweighted,Age,0.12146101225409715,
2021-2023,total,random_forest,2,SHAP,unweighted,Education,0.018560848562353835,
2021-2023,total,random_forest,2,SHAP,unweighted,Income,0.01771158539126539,
2021-2023,total,random_forest,2,SHAP,weighted,Diabetes_self,0.03411035874522923,
2021-2023,total,random_forest,2,SHAP,weighted,HighChol,0.07310908063487263,
2021-2023,total,random_forest,2,SHAP,weighted,BMI,0.06520724221095843,
2021-2023,total,random_forest,2,SHAP,weighted,Smoker,0.009836439350914465,
2021-2023,total,random_forest,2,SHAP,weighted,Stroke,0.004712227780364037,
2021-2023,total,random_forest,2,SHAP,weighted,HeartDiseaseorAttack,0.016498996406447478,
2021-2023,total,random_forest,2,SHAP,weighted,PhysActivity_LTPA,0.009373675125007915,
2021-2023,total,random_forest,2,SHAP,weighted,AnyHealthcare,0.0050896166259803526,
2021-2023,total,random_forest,2,SHAP,weighted,GenHlth,0.036483756035673186,
2021-2023,total,random_forest,2,SHAP,weighted,MentHlth,0.009444203189897448,
2021-2023,total,random_forest,2,SHAP,weighted,Sex,0.01470294977322513,
2021-2023,total,random_forest,2,SHAP,weighted,Age,0.12379572334202849,
2021-2023,total,random_forest,2,SHAP,weighted,Education,0.018386898843076642,
2021-2023,total,random_forest,2,SHAP,weighted,Income,0.017372596621191,
2021-2023,total,random_forest,2,PI,unweighted,Diabetes_self,0.013437400568337799,0.004665760591006832
2021-2023,total,random_forest,2,PI,unweighted,HighChol,0.030706143093819784,0.0034938118869141583
2021-2023,total,random_forest,2,PI,unweighted,BMI,0.024804976794707344,0.0066702785075335525
2021-2023,total,random_forest,2,PI,unweighted,Smoker,0.002360850531582359,0.004246371645608188
2021-2023,total,random_forest,2,PI,unweighted,Stroke,0.003091296095147289,0.0020429084458911603
2021-2023,total,random_forest,2,PI,unweighted,HeartDiseaseorAttack,0.005615351700075777,0.002650992692714973
2021-2023,total,random_forest,2,PI,unweighted,PhysActivity_LTPA,0.0010283291092020974,0.002206723830311857
2021-2023,total,random_forest,2,PI,unweighted,AnyHealthcare,-0.0004630086786697074,0.0010565519353831587
2021-2023,total,random_forest,2,PI,unweighted,GenHlth,0.017691155656495972,0.0027809694798971952
2021-2023,total,random_forest,2,PI,unweighted,MentHlth,0.004087258483920941,0.002257526739016845
2021-2023,total,random_forest,2,PI,unweighted,Sex,0.001655914332422792,0.002190715157344219
2021-2023,total,random_forest,2,PI,unweighted,Age,0.10351700075705224,0.014119319015224584
2021-2023,total,random_forest,2,PI,unweighted,Education,-0.003397134173770755,0.005543840187521283
2021-2023,total,random_forest,2,PI,unweighted,Income,0.0006574832954808763,0.004223545464290341
2021-2023,total,random_forest,2,PI,weighted,Diabetes_self,0.010360815126509793,
2021-2023,total,random_forest,2,PI,weighted,HighChol,0.033374999194814334,
2021-2023,total,random_forest,2,PI,weighted,BMI,0.022784364924920607,
2021-2023,total,random_forest,2,PI,weighted,Smoker,0.0008971846856891341,
2021-2023,total,random_forest,2,PI,weighted,Stroke,0.0007301576329727943,
2021-2023,total,random_forest,2,PI,weighted,HeartDiseaseorAttack,0.006327517150973694,
2021-2023,total,random_forest,2,PI,weighted,PhysActivity_LTPA,0.003438484562416555,
2021-2023,total,random_forest,2,PI,weighted,AnyHealthcare,0.0009572846777516686,
2021-2023,total,random_forest,2,PI,weighted,GenHlth,0.023846541350623928,
2021-2023,total,random_forest,2,PI,weighted,MentHlth,0.0028045048461156517,
2021-2023,total,random_forest,2,PI,weighted,Sex,0.004250391093937556,
2021-2023,total,random_forest,2,PI,weighted,Age,0.11314998109810503,
2021-2023,total,random_forest,2,PI,weighted,Education,-0.004314533290087563,
2021-2023,total,random_forest,2,PI,weighted,Income,-0.004498420989209539,
2021-2023,total,logistic_regression,2,SHAP,unweighted,Diabetes_self,0.13839475766246634,
2021-2023,total,logistic_regression,2,SHAP,unweighted,HighChol,0.3021303778682114,
2021-2023,total,logistic_regression,2,SHAP,unweighted,BMI,0.3198579467576237,
2021-2023,total,logistic_regression,2,SHAP,unweighted,Smoker,0.0012015322505452184,
2021-2023,total,logistic_regression,2,SHAP,unweighted,Stroke,0.025736348095752707,
2021-2023,total,logistic_regression,2,SHAP,unweighted,HeartDiseaseorAttack,0.07514886588479378,
2021-2023,total,logistic_regression,2,SHAP,unweighted,PhysActivity_LTPA,0.02097644937275404,
2021-2023,total,logistic_regression,2,SHAP,unweighted,AnyHealthcare,0.0323329365926165,
2021-2023,total,logistic_regression,2,SHAP,unweighted,GenHlth,0.20260849281233898,
2021-2023,total,logistic_regression,2,SHAP,unweighted,MentHlth,0.005590866892395832,
2021-2023,total,logistic_regression,2,SHAP,unweighted,Sex,0.11606330735128656,
2021-2023,total,logistic_regression,2,SHAP,unweighted,Age,0.6794062628106281,
2021-2023,total,logistic_regression,2,SHAP,unweighted,Education,0.07533934270205987,
2021-2023,total,logistic_regression,2,SHAP,unweighted,Income,0.0766285254039552,
2021-2023,total,logistic_regression,2,SHAP,weighted,Diabetes_self,0.1293565750097083,
2021-2023,total,logistic_regression,2,SHAP,weighted,HighChol,0.2932414827172627,
2021-2023,total,logistic_regression,2,SHAP,weighted,BMI,0.32430900682871466,
2021-2023,total,logistic_regression,2,SHAP,weighted,Smoker,0.0011966847891430263,
2021-2023,total,logistic_regression,2,SHAP,weighted,Stroke,0.023488801079820123,
2021-2023,total,logistic_regression,2,SHAP,weighted,HeartDiseaseorAttack,0.0679972429294309,
2021-2023,total,logistic_regression,2,SHAP,weighted,PhysActivity_LTPA,0.020302102916863518,
2021-2023,total,logistic_regression,2,SHAP,weighted,AnyHealthcare,0.03491648307734979,
2021-2023,total,logistic_regression,2,SHAP,weighted,GenHlth,0.20015431692971522,
2021-2023,total,logistic_regression,2,SHAP,weighted,MentHlth,0.005553443758618524,
2021-2023,total,logistic_regression,2,SHAP,weighted,Sex,0.11681360794019512,
2021-2023,total,logistic_regression,2,SHAP,weighted,Age,0.6888343242210496,
2021-2023,total,logistic_regression,2,SHAP,weighted,Education,0.073717057779788,
2021-2023,total,logistic_regression,2,SHAP,weighted,Income,0.07534368568755319,
2021-2023,total,logistic_regression,2,PI,unweighted,Diabetes_self,0.005381653006813492,0.0028271091057011275
2021-2023,total,logistic_regression,2,PI,unweighted,HighChol,0.01734636779566171,0.003719251085361514
2021-2023,total,logistic_regression,2,PI,unweighted,BMI,0.03165739552132363,0.0052273845013199914
2021-2023,total,logistic_regression,2,PI,unweighted,Smoker,1.3714712045886923e-05,3.436896987739113e-05
2021-2023,total,logistic_regression,2,PI,unweighted,Stroke,0.0006802497174769439,0.000831371319442131
2021-2023,total,logistic_regression,2,PI,unweighted,HeartDiseaseorAttack,0.0022201375859911667,0.001922982300777354
2021-2023,total,logistic_regression,2,PI,unweighted,PhysActivity_LTPA,-9.326004191279046e-06,0.0005452155396355241
2021-2023,total,logistic_regression,2,PI,unweighted,AnyHealthcare,-0.0018086962246141147,0.0010170127679425816
2021-2023,total,logistic_regression,2,PI,unweighted,GenHlth,0.01645381433571417,0.0033601087503866154
2021-2023,total,logistic_regression,2,PI,unweighted,MentHlth,4.553284399237967e-05,0.00011689054789172139
2021-2023,total,logistic_regression,2,PI,unweighted,Sex,-0.0006484315855305068,0.0003587600903224879
2021-2023,total,logistic_regression,2,PI,unweighted,Age,0.1145312860011191,0.01501575797475111
2021-2023,total,logistic_regression,2,PI,unweighted,Education,0.0024686481682630102,0.0011049912089553164
2021-2023,total,logistic_regression,2,PI,unweighted,Income,0.0015769175910382515,0.0008806386942272814
2021-2023,total,logistic_regression,2,PI,weighted,Diabetes_self,0.006443399194891297,
2021-2023,total,logistic_regression,2,PI,weighted,HighChol,0.014677922753462158,
2021-2023,total,logistic_regression,2,PI,weighted,BMI,0.029593599184342102,
2021-2023,total,logistic_regression,2,PI,weighted,Smoker,3.4475241849474256e-05,
2021-2023,total,logistic_regression,2,PI,weighted,Stroke,-0.00021991467953823561,
2021-2023,total,logistic_regression,2,PI,weighted,HeartDiseaseorAttack,0.002708878073863763,
2021-2023,total,logistic_regression,2,PI,weighted,PhysActivity_LTPA,2.9266092574176116e-05,
2021-2023,total,logistic_regression,2,PI,weighted,AnyHealthcare,-0.0017733808226749414,
2021-2023,total,logistic_regression,2,PI,weighted,GenHlth,0.016687489159770762,
2021-2023,total,logistic_regression,2,PI,weighted,MentHlth,-5.911208232919352e-05,
2021-2023,total,logistic_regression,2,PI,weighted,Sex,-0.0009812843061232646,
2021-2023,total,logistic_regression,2,PI,weighted,Age,0.12628311262001593,
2021-2023,total,logistic_regression,2,PI,weighted,Education,0.0022932839229344083,
2021-2023,total,logistic_regression,2,PI,weighted,Income,0.0007937713111327516,
2021-2023,diag,xgboost,3,SHAP,unweighted,Diabetes_self,0.16566124558448792,
2021-2023,diag,xgboost,3,SHAP,unweighted,HighChol,0.39959216117858887,
2021-2023,diag,xgboost,3,SHAP,unweighted,BMI,0.46618369221687317,
2021-2023,diag,xgboost,3,SHAP,unweighted,Smoker,0.04826539009809494,
2021-2023,diag,xgboost,3,SHAP,unweighted,Stroke,0.016217747703194618,
2021-2023,diag,xgboost,3,SHAP,unweighted,HeartDiseaseorAttack,0.10779446363449097,
2021-2023,diag,xgboost,3,SHAP,unweighted,PhysActivity_LTPA,0.051137350499629974,
2021-2023,diag,xgboost,3,SHAP,unweighted,AnyHealthcare,0.034383926540613174,
2021-2023,diag,xgboost,3,SHAP,unweighted,GenHlth,0.28104573488235474,
2021-2023,diag,xgboost,3,SHAP,unweighted,MentHlth,0.07742199301719666,
2021-2023,diag,xgboost,3,SHAP,unweighted,Sex,0.08232975006103516,
2021-2023,diag,xgboost,3,SHAP,unweighted,Age,0.8482720255851746,
2021-2023,diag,xgboost,3,SHAP,unweighted,Education,0.13500891625881195,
2021-2023,diag,xgboost,3,SHAP,unweighted,Income,0.1299484521150589,
2021-2023,diag,xgboost,3,SHAP,weighted,Diabetes_self,0.15691187466787093,
2021-2023,diag,xgboost,3,SHAP,weighted,HighChol,0.4021260334079383,
2021-2023,diag,xgboost,3,SHAP,weighted,BMI,0.4579363512014329,
2021-2023,diag,xgboost,3,SHAP,weighted,Smoker,0.04498404680345362,
2021-2023,diag,xgboost,3,SHAP,weighted,Stroke,0.014553717130589616,
2021-2023,diag,xgboost,3,SHAP,weighted,HeartDiseaseorAttack,0.09461641145878813,
2021-2023,diag,xgboost,3,SHAP,weighted,PhysActivity_LTPA,0.04787926574504369,
2021-2023,diag,xgboost,3,SHAP,weighted,AnyHealthcare,0.03952419340776372,
2021-2023,diag,xgboost,3,SHAP,weighted,GenHlth,0.28602488674025206,
2021-2023,diag,xgboost,3,SHAP,weighted,MentHlth,0.08395513443224568,
2021-2023,diag,xgboost,3,SHAP,weighted,Sex,0.08282059086520958,
2021-2023,diag,xgboost,3,SHAP,weighted,Age,0.9314256700572289,
2021-2023,diag,xgboost,3,SHAP,weighted,Education,0.13240276243678653,
2021-2023,diag,xgboost,3,SHAP,weighted,Income,0.13557163398678923,
2021-2023,diag,xgboost,3,PI,unweighted,Diabetes_self,0.015456163618595642,0.004176996513838856
2021-2023,diag,xgboost,3,PI,unweighted,HighChol,0.01925752710689197,0.004405820348711337
2021-2023,diag,xgboost,3,PI,unweighted,BMI,0.0301596165480014,0.0057152414024442336
2021-2023,diag,xgboost,3,PI,unweighted,Smoker,0.0009010423937829803,0.001786805967699543
2021-2023,diag,xgboost,3,PI,unweighted,Stroke,0.00010703150449078435,0.0005392905509955129
2021-2023,diag,xgboost,3,PI,unweighted,HeartDiseaseorAttack,0.008552631578947445,0.0035649436818538578
2021-2023,diag,xgboost,3,PI,unweighted,PhysActivity_LTPA,-0.00027455907673683554,0.0019455517363942433
2021-2023,diag,xgboost,3,PI,unweighted,AnyHealthcare,0.0020900228023640667,0.0016030154580761547
2021-2023,diag,xgboost,3,PI,unweighted,GenHlth,0.021137558750988994,0.0070425284778570215
2021-2023,diag,xgboost,3,PI,unweighted,MentHlth,0.002228465726650897,0.0023376639197633946
2021-2023,diag,xgboost,3,PI,unweighted,Sex,0.0009359439713342299,0.0029244181227547398
2021-2023,diag,xgboost,3,PI,unweighted,Age,0.11251454232397981,0.014002414804507294
2021-2023,diag,xgboost,3,PI,unweighted,Education,0.0013280050258272723,0.002821728990964035
2021-2023,diag,xgboost,3,PI,unweighted,Income,-0.0023989017636929953,0.0031882136327179345
2021-2023,diag,xgboost,3,PI,weighted,Diabetes_self,0.012519846228523635,
2021-2023,diag,xgboost,3,PI,weighted,HighChol,0.009653320961409795,
2021-2023,diag,xgboost,3,PI,weighted,BMI,0.015363856649528584,
2021-2023,diag,xgboost,3,PI,weighted,Smoker,0.0019178535059329205,
2021-2023,diag,xgboost,3,PI,weighted,Stroke,0.00026078700331784167,
2021-2023,diag,xgboost,3,PI,weighted,HeartDiseaseorAttack,0.004773502910332028,
2021-2023,diag,xgboost,3,PI,weighted,PhysActivity_LTPA,-0.0005004436368962417,
2021-2023,diag,xgboost,3,PI,weighted,AnyHealthcare,0.0032605931584390067,
2021-2023,diag,xgboost,3,PI,weighted,GenHlth,0.019698724213213347,
2021-2023,diag,xgboost,3,PI,weighted,MentHlth,0.004964524477675025,
2021-2023,diag,xgboost,3,PI,weighted,Sex,0.0002072628054716974,
2021-2023,diag,xgboost,3,PI,weighted,Age,0.11471605818357615,
2021-2023,diag,xgboost,3,PI,weighted,Education,-0.0025224569109576047,
2021-2023,diag,xgboost,3,PI,weighted,Income,-0.0030127557120815606,
2021-2023,diag,random_forest,3,SHAP,unweighted,Diabetes_self,0.035097392601137624,
2021-2023,diag,random_forest,3,SHAP,unweighted,HighChol,0.07994465274414322,
2021-2023,diag,random_forest,3,SHAP,unweighted,BMI,0.05804841824053883,
2021-2023,diag,random_forest,3,SHAP,unweighted,Smoker,0.010970299338567042,
2021-2023,diag,random_forest,3,SHAP,unweighted,Stroke,0.004744994389542386,
2021-2023,diag,random_forest,3,SHAP,unweighted,HeartDiseaseorAttack,0.022657749004636022,
2021-2023,diag,random_forest,3,SHAP,unweighted,PhysActivity_LTPA,0.008664373430534654,
2021-2023,diag,random_forest,3,SHAP,unweighted,AnyHealthcare,0.005064512428490627,
2021-2023,diag,random_forest,3,SHAP,unweighted,GenHlth,0.04679797886606502,
2021-2023,diag,random_forest,3,SHAP,unweighted,MentHlth,0.009154591432773087,
2021-2023,diag,random_forest,3,SHAP,unweighted,Sex,0.009247187756248084,
2021-2023,diag,random_forest,3,SHAP,unweighted,Age,0.10863635443502669,
2021-2023,diag,random_forest,3,SHAP,unweighted,Education,0.021261939052877262,
2021-2023,diag,random_forest,3,SHAP,unweighted,Income,0.01589815964649261,
2021-2023,diag,random_forest,3,SHAP,weighted,Diabetes_self,0.03339380247947534,
2021-2023,diag,random_forest,3,SHAP,weighted,HighChol,0.07901095280543677,
2021-2023,diag,random_forest,3,SHAP,weighted,BMI,0.05464617090282356,
2021-2023,diag,random_forest,3,SHAP,weighted,Smoker,0.010473623353629075,
2021-2023,diag,random_forest,3,SHAP,weighted,Stroke,0.004313917570073282,
2021-2023,diag,random_forest,3,SHAP,weighted,HeartDiseaseorAttack,0.02049907977195267,
2021-2023,diag,random_forest,3,SHAP,weighted,PhysActivity_LTPA,0.007965843250284552,
2021-2023,diag,random_forest,3,SHAP,weighted,AnyHealthcare,0.00545916552474076,
2021-2023,diag,random_forest,3,SHAP,weighted,GenHlth,0.044699374241844204,
2021-2023,diag,random_forest,3,SHAP,weighted,MentHlth,0.008933794689941045,
2021-2023,diag,random_forest,3,SHAP,weighted,Sex,0.008846365575344567,
2021-2023,diag,random_forest,3,SHAP,weighted,Age,0.108584417325426,
2021-2023,diag,random_forest,3,SHAP,weighted,Education,0.020524395221145013,
2021-2023,diag,random_forest,3,SHAP,weighted,Income,0.015355306984175835,
2021-2023,diag,random_forest,3,PI,unweighted,Diabetes_self,0.014985574014612013,0.006065164284994945
2021-2023,diag,random_forest,3,PI,unweighted,HighChol,0.03977383777746739,0.0048540062150795584
2021-2023,diag,random_forest,3,PI,unweighted,BMI,0.02587544790357842,0.004090805353828577
2021-2023,diag,random_forest,3,PI,unweighted,Smoker,-0.0019809553725162908,0.004035608558236771
2021-2023,diag,random_forest,3,PI,unweighted,Stroke,0.001168912001488953,0.0013785677958656232
2021-2023,diag,random_forest,3,PI,unweighted,HeartDiseaseorAttack,0.01024506724370593,0.004026987140036504
2021-2023,diag,random_forest,3,PI,unweighted,PhysActivity_LTPA,0.00396132905207307,0.0017397088603122981
2021-2023,diag,random_forest,3,PI,unweighted,AnyHealthcare,0.0022636581506816243,0.001468633640234075
2021-2023,diag,random_forest,3,PI,unweighted,GenHlth,0.01599626553120185,0.0056221571591823965
2021-2023,diag,random_forest,3,PI,unweighted,MentHlth,0.0024178067848665717,0.0037188600470277025
2021-2023,diag,random_forest,3,PI,unweighted,Sex,0.002115035599608939,0.0028397580037855933
2021-2023,diag,random_forest,3,PI,unweighted,Age,0.09173617897528956,0.010580017248956474
2021-2023,diag,random_forest,3,PI,unweighted,Education,0.0013809390851131532,0.0050424066497647925
2021-2023,diag,random_forest,3,PI,unweighted,Income,-0.004428137651821984,0.003529300512196557
2021-2023,diag,random_forest,3,PI,weighted,Diabetes_self,0.01665889091730175,
2021-2023,diag,random_forest,3,PI,weighted,HighChol,0.038449891629932495,
2021-2023,diag,random_forest,3,PI,weighted,BMI,0.0204721949948116,
2021-2023,diag,random_forest,3,PI,weighted,Smoker,0.004570904567792866,
2021-2023,diag,random_forest,3,PI,weighted,Stroke,0.0015798309796062559,
2021-2023,diag,random_forest,3,PI,weighted,HeartDiseaseorAttack,0.007211180006174855,
2021-2023,diag,random_forest,3,PI,weighted,PhysActivity_LTPA,0.00537428321271699,
2021-2023,diag,random_forest,3,PI,weighted,AnyHealthcare,0.0029603864170985815,
2021-2023,diag,random_forest,3,PI,weighted,GenHlth,0.018059810173792056,
2021-2023,diag,random_forest,3,PI,weighted,MentHlth,0.004539886277076521,
2021-2023,diag,random_forest,3,PI,weighted,Sex,0.006268757279003112,
2021-2023,diag,random_forest,3,PI,weighted,Age,0.10447518602321501,
2021-2023,diag,random_forest,3,PI,weighted,Education,0.0027056953487526792,
2021-2023,diag,random_forest,3,PI,weighted,Income,-0.004261794639026151,
2021-2023,diag,logistic_regression,3,SHAP,unweighted,Diabetes_self,0.13903606339834232,
2021-2023,diag,logistic_regression,3,SHAP,unweighted,HighChol,0.3494621599981383,
2021-2023,diag,logistic_regression,3,SHAP,unweighted,BMI,0.3304506326659016,
2021-2023,diag,logistic_regression,3,SHAP,unweighted,Smoker,0.04021022846799811,
2021-2023,diag,logistic_regression,3,SHAP,unweighted,Stroke,0.012587711641235838,
2021-2023,diag,logistic_regression,3,SHAP,unweighted,HeartDiseaseorAttack,0.06688715477479543,
2021-2023,diag,logistic_regression,3,SHAP,unweighted,PhysActivity_LTPA,0.010362691391773569,
2021-2023,diag,logistic_regression,3,SHAP,unweighted,AnyHealthcare,0.03261033101726707,
2021-2023,diag,logistic_regression,3,SHAP,unweighted,GenHlth,0.2673198482668757,
2021-2023,diag,logistic_regression,3,SHAP,unweighted,MentHlth,0.006121924946515274,
2021-2023,diag,logistic_regression,3,SHAP,unweighted,Sex,0.03397862923325609,
2021-2023,diag,logistic_regression,3,SHAP,unweighted,Age,0.6720044667926888,
2021-2023,diag,logistic_regression,3,SHAP,unweighted,Education,0.05007358707956515,
2021-2023,diag,logistic_regression,3,SHAP,unweighted,Income,0.04848335191952356,
2021-2023,diag,logistic_regression,3,SHAP,weighted,Diabetes_self,0.13073014309283834,
2021-2023,diag,logistic_regression,3,SHAP,weighted,HighChol,0.3471716512509901,
2021-2023,diag,logistic_regression,3,SHAP,weighted,BMI,0.32700918031432064,
2021-2023,diag,logistic_regression,3,SHAP,weighted,Smoker,0.0400252056513809,
2021-2023,diag,logistic_regression,3,SHAP,weighted,Stroke,0.010357138833444766,
2021-2023,diag,logistic_regression,3,SHAP,weighted,HeartDiseaseorAttack,0.05819241057150536,
2021-2023,diag,logistic_regression,3,SHAP,weighted,PhysActivity_LTPA,0.010028605737059266,
2021-2023,diag,logistic_regression,3,SHAP,weighted,AnyHealthcare,0.03849489975438978,
2021-2023,diag,logistic_regression,3,SHAP,weighted,GenHlth,0.2647539046210014,
2021-2023,diag,logistic_regression,3,SHAP,weighted,MentHlth,0.00615279329223012,
2021-2023,diag,logistic_regression,3,SHAP,weighted,Sex,0.03408077323072514,
2021-2023,diag,logistic_regression,3,SHAP,weighted,Age,0.6672448555770114,
2021-2023,diag,logistic_regression,3,SHAP,weighted,Education,0.04904454412591663,
2021-2023,diag,logistic_regression,3,SHAP,weighted,Income,0.04917002314584441,
2021-2023,diag,logistic_regression,3,PI,unweighted,Diabetes_self,0.011946228302852557,0.0030498368210203825
2021-2023,diag,logistic_regression,3,PI,unweighted,HighChol,0.021360347154357983,0.006045071478071442
2021-2023,diag,logistic_regression,3,PI,unweighted,BMI,0.03343803806598723,0.0059235769061041915
2021-2023,diag,logistic_regression,3,PI,unweighted,Smoker,0.00020359253571586856,0.00035450833453800403
2021-2023,diag,logistic_regression,3,PI,unweighted,Stroke,0.0006613848945971834,0.0005644822925458427
2021-2023,diag,logistic_regression,3,PI,unweighted,HeartDiseaseorAttack,0.0065620782726045655,0.003259957485955866
2021-2023,diag,logistic_regression,3,PI,unweighted,PhysActivity_LTPA,-5.3515752245392176e-05,0.00019651926503711103
2021-2023,diag,logistic_regression,3,PI,unweighted,AnyHealthcare,0.0018608357764437256,0.0011422010434872824
2021-2023,diag,logistic_regression,3,PI,unweighted,GenHlth,0.021257969193540838,0.006277807772274256
2021-2023,diag,logistic_regression,3,PI,unweighted,MentHlth,-0.00012041044255207689,8.818165968283481e-05
2021-2023,diag,logistic_regression,3,PI,unweighted,Sex,0.0004042766066359338,0.00032269282562953573
2021-2023,diag,logistic_regression,3,PI,unweighted,Age,0.10047175298990177,0.010790961941433523
2021-2023,diag,logistic_regression,3,PI,unweighted,Education,0.0004194006235747616,0.000996725241756771
2021-2023,diag,logistic_regression,3,PI,unweighted,Income,0.0011063800083763286,0.0005388612184497196
2021-2023,diag,logistic_regression,3,PI,weighted,Diabetes_self,0.010388958250894809,
2021-2023,diag,logistic_regression,3,PI,weighted,HighChol,0.016015474783469673,
2021-2023,diag,logistic_regression,3,PI,weighted,BMI,0.02787540605327362,
2021-2023,diag,logistic_regression,3,PI,weighted,Smoker,-0.00022939290493873,
2021-2023,diag,logistic_regression,3,PI,weighted,Stroke,0.00017155293455662913,
2021-2023,diag,logistic_regression,3,PI,weighted,HeartDiseaseorAttack,0.002991415466768799,
2021-2023,diag,logistic_regression,3,PI,weighted,PhysActivity_LTPA,-0.000205559047305226,
2021-2023,diag,logistic_regression,3,PI,weighted,AnyHealthcare,0.002136531921069218,
2021-2023,diag,logistic_regression,3,PI,weighted,GenHlth,0.023135344683607405,
2021-2023,diag,logistic_regression,3,PI,weighted,MentHlth,-0.0002038558630676701,
2021-2023,diag,logistic_regression,3,PI,weighted,Sex,-0.00010361831811177558,
2021-2023,diag,logistic_regression,3,PI,weighted,Age,0.10194495351824746,
2021-2023,diag,logistic_regression,3,PI,weighted,Education,-0.00041826450157839146,
2021-2023,diag,logistic_regression,3,PI,weighted,Income,0.0008927117463864764,
2021-2023,lab,xgboost,3,SHAP,unweighted,Diabetes_self,0.030807508155703545,
2021-2023,lab,xgboost,3,SHAP,unweighted,HighChol,0.10240685939788818,
2021-2023,lab,xgboost,3,SHAP,unweighted,BMI,0.38673603534698486,
2021-2023,lab,xgboost,3,SHAP,unweighted,Smoker,0.05602773278951645,
2021-2023,lab,xgboost,3,SHAP,unweighted,Stroke,0.02885332517325878,
2021-2023,lab,xgboost,3,SHAP,unweighted,HeartDiseaseorAttack,0.013805690221488476,
2021-2023,lab,xgboost,3,SHAP,unweighted,PhysActivity_LTPA,0.10638189315795898,
2021-2023,lab,xgboost,3,SHAP,unweighted,AnyHealthcare,0.04714425653219223,
2021-2023,lab,xgboost,3,SHAP,unweighted,GenHlth,0.0844736322760582,
2021-2023,lab,xgboost,3,SHAP,unweighted,MentHlth,0.07330701500177383,
2021-2023,lab,xgboost,3,SHAP,unweighted,Sex,0.10814570635557175,
2021-2023,lab,xgboost,3,SHAP,unweighted,Age,0.7229276299476624,
2021-2023,lab,xgboost,3,SHAP,unweighted,Education,0.09957375377416611,
2021-2023,lab,xgboost,3,SHAP,unweighted,Income,0.20454303920269012,
2021-2023,lab,xgboost,3,SHAP,weighted,Diabetes_self,0.02873748687663669,
2021-2023,lab,xgboost,3,SHAP,weighted,HighChol,0.10153631769658271,
2021-2023,lab,xgboost,3,SHAP,weighted,BMI,0.40593555308442647,
2021-2023,lab,xgboost,3,SHAP,weighted,Smoker,0.055636252156696785,
2021-2023,lab,xgboost,3,SHAP,weighted,Stroke,0.02633303280808136,
2021-2023,lab,xgboost,3,SHAP,weighted,HeartDiseaseorAttack,0.011905137434004141,
2021-2023,lab,xgboost,3,SHAP,weighted,PhysActivity_LTPA,0.10229428807343365,
2021-2023,lab,xgboost,3,SHAP,weighted,AnyHealthcare,0.052110893521058854,
2021-2023,lab,xgboost,3,SHAP,weighted,GenHlth,0.08573434611213374,
2021-2023,lab,xgboost,3,SHAP,weighted,MentHlth,0.07660070195320494,
2021-2023,lab,xgboost,3,SHAP,weighted,Sex,0.11815782001151041,
2021-2023,lab,xgboost,3,SHAP,weighted,Age,0.8258335832442016,
2021-2023,lab,xgboost,3,SHAP,weighted,Education,0.10054877181626612,
2021-2023,lab,xgboost,3,SHAP,weighted,Income,0.2114203380977357,
2021-2023,lab,xgboost,3,PI,unweighted,Diabetes_self,0.002490883590462778,0.002462614422414836
2021-2023,lab,xgboost,3,PI,unweighted,HighChol,0.007715755025712911,0.002680412566714884
2021-2023,lab,xgboost,3,PI,unweighted,BMI,0.039021972884525434,0.010270020874204953
2021-2023,lab,xgboost,3,PI,unweighted,Smoker,0.001772791023842879,0.004284275583617766
2021-2023,lab,xgboost,3,PI,unweighted,Stroke,0.0038083216456287873,0.0016634466671029892
2021-2023,lab,xgboost,3,PI,unweighted,HeartDiseaseorAttack,0.0008087891538101855,0.0016915490046344895
2021-2023,lab,xgboost,3,PI,unweighted,PhysActivity_LTPA,0.0019728845254791683,0.007328710501545816
2021-2023,lab,xgboost,3,PI,unweighted,AnyHealthcare,0.0005114539504441184,0.0020740848591337246
2021-2023,lab,xgboost,3,PI,unweighted,GenHlth,-0.0026273959794296696,0.00496570632234965
2021-2023,lab,xgboost,3,PI,unweighted,MentHlth,0.004336605890603062,0.00537767701020563
2021-2023,lab,xgboost,3,PI,unweighted,Sex,0.006217858812529176,0.006234799602914934
2021-2023,lab,xgboost,3,PI,unweighted,Age,0.126398316970547,0.019599699632021864
2021-2023,lab,xgboost,3,PI,unweighted,Education,-0.007666199158485354,0.005093356833269614
2021-2023,lab,xgboost,3,PI,unweighted,Income,0.011968209443665234,0.007159373337397125
2021-2023,lab,xgboost,3,PI,weighted,Diabetes_self,0.0017432614861178307,
2021-2023,lab,xgboost,3,PI,weighted,HighChol,0.007359362356452459,
2021-2023,lab,xgboost,3,PI,weighted,BMI,0.056417481633744215,
2021-2023,lab,xgboost,3,PI,weighted,Smoker,-0.0008201293194956772,
2021-2023,lab,xgboost,3,PI,weighted,Stroke,0.0040919805114636885,
2021-2023,lab,xgboost,3,PI,weighted,HeartDiseaseorAttack,0.0007873975452517112,
2021-2023,lab,xgboost,3,PI,weighted,PhysActivity_LTPA,0.003816856862879037,
2021-2023,lab,xgboost,3,PI,weighted,AnyHealthcare,-0.0013093835060160376,
2021-2023,lab,xgboost,3,PI,weighted,GenHlth,-0.007870702411142006,
2021-2023,lab,xgboost,3,PI,weighted,MentHlth,0.0028094311437105502,
2021-2023,lab,xgboost,3,PI,weighted,Sex,0.006942715649348496,
2021-2023,lab,xgboost,3,PI,weighted,Age,0.15514942499511877,
2021-2023,lab,xgboost,3,PI,weighted,Education,-0.004694172973844057,
2021-2023,lab,xgboost,3,PI,weighted,Income,0.004573323934242313,
2021-2023,lab,random_forest,3,SHAP,unweighted,Diabetes_self,0.00574746346758276,
2021-2023,lab,random_forest,3,SHAP,unweighted,HighChol,0.019235926750059824,
2021-2023,lab,random_forest,3,SHAP,unweighted,BMI,0.0221233953251625,
2021-2023,lab,random_forest,3,SHAP,unweighted,Smoker,0.008313310605105442,
2021-2023,lab,random_forest,3,SHAP,unweighted,Stroke,0.005760791406848383,
2021-2023,lab,random_forest,3,SHAP,unweighted,HeartDiseaseorAttack,0.0036617348240692797,
2021-2023,lab,random_forest,3,SHAP,unweighted,PhysActivity_LTPA,0.013415584602247182,
2021-2023,lab,random_forest,3,SHAP,unweighted,AnyHealthcare,0.005376642361560919,
2021-2023,lab,random_forest,3,SHAP,unweighted,GenHlth,0.009514381788550168,
2021-2023,lab,random_forest,3,SHAP,unweighted,MentHlth,0.007309572083859659,
2021-2023,lab,random_forest,3,SHAP,unweighted,Sex,0.010174698207273162,
2021-2023,lab,random_forest,3,SHAP,unweighted,Age,0.056440900834587034,
2021-2023,lab,random_forest,3,SHAP,unweighted,Education,0.015656269212020155,
2021-2023,lab,random_forest,3,SHAP,unweighted,Income,0.018053709406084906,
2021-2023,lab,random_forest,3,SHAP,weighted,Diabetes_self,0.0057549577539533735,
2021-2023,lab,random_forest,3,SHAP,weighted,HighChol,0.019133338061481826,
2021-2023,lab,random_forest,3,SHAP,weighted,BMI,0.022277306282299125,
2021-2023,lab,random_forest,3,SHAP,weighted,Smoker,0.007826741471521638,
2021-2023,lab,random_forest,3,SHAP,weighted,Stroke,0.005135945212840874,
2021-2023,lab,random_forest,3,SHAP,weighted,HeartDiseaseorAttack,0.0033656607082257774,
2021-2023,lab,random_forest,3,SHAP,weighted,PhysActivity_LTPA,0.012027665548036344,
2021-2023,lab,random_forest,3,SHAP,weighted,AnyHealthcare,0.005924756716937675,
2021-2023,lab,random_forest,3,SHAP,weighted,GenHlth,0.009008626778830084,
2021-2023,lab,random_forest,3,SHAP,weighted,MentHlth,0.0071030841946892725,
2021-2023,lab,random_forest,3,SHAP,weighted,Sex,0.009902768693004889,
2021-2023,lab,random_forest,3,SHAP,weighted,Age,0.05533505030623443,
2021-2023,lab,random_forest,3,SHAP,weighted,Education,0.015006144123204118,
2021-2023,lab,random_forest,3,SHAP,weighted,Income,0.016939645331933303,
2021-2023,lab,random_forest,3,PI,unweighted,Diabetes_self,0.004518934081346326,0.006471831508111118
2021-2023,lab,random_forest,3,PI,unweighted,HighChol,0.02035109864422622,0.0056324451485019545
2021-2023,lab,random_forest,3,PI,unweighted,BMI,0.01928705002337535,0.008338380368785009
2021-2023,lab,random_forest,3,PI,unweighted,Smoker,0.0070532959326787496,0.0033748858667337765
2021-2023,lab,random_forest,3,PI,unweighted,Stroke,0.010022440392706833,0.003555296780141665
2021-2023,lab,random_forest,3,PI,unweighted,HeartDiseaseorAttack,-0.0004684431977560521,0.002476949762449892
2021-2023,lab,random_forest,3,PI,unweighted,PhysActivity_LTPA,0.007246844319775525,0.008101143172988474
2021-2023,lab,random_forest,3,PI,unweighted,AnyHealthcare,-0.0006470313230482084,0.0045046509130486625
2021-2023,lab,random_forest,3,PI,unweighted,GenHlth,0.00613464235624116,0.010718605822276605
2021-2023,lab,random_forest,3,PI,unweighted,MentHlth,0.001273024777933529,0.004534734435080799
2021-2023,lab,random_forest,3,PI,unweighted,Sex,0.01122487143525005,0.00707826747502499
2021-2023,lab,random_forest,3,PI,unweighted,Age,0.10433847592332861,0.01871486706842561
2021-2023,lab,random_forest,3,PI,unweighted,Education,-0.006561944834034716,0.010312871727401779
2021-2023,lab,random_forest,3,PI,unweighted,Income,0.010564282374941525,0.0097285493901781
2021-2023,lab,random_forest,3,PI,weighted,Diabetes_self,0.0044422474826332995,
2021-2023,lab,random_forest,3,PI,weighted,HighChol,0.025710443296936347,
2021-2023,lab,random_forest,3,PI,weighted,BMI,0.03198739018574588,
2021-2023,lab,random_forest,3,PI,weighted,Smoker,0.002104878917474484,
2021-2023,lab,random_forest,3,PI,weighted,Stroke,0.008409763227166045,
2021-2023,lab,random_forest,3,PI,weighted,HeartDiseaseorAttack,0.0019848799547455996,
2021-2023,lab,random_forest,3,PI,weighted,PhysActivity_LTPA,0.006203015562768044,
2021-2023,lab,random_forest,3,PI,weighted,AnyHealthcare,-0.005243433164335365,
2021-2023,lab,random_forest,3,PI,weighted,GenHlth,-0.0026443603017601404,
2021-2023,lab,random_forest,3,PI,weighted,MentHlth,0.000899105234769404,
2021-2023,lab,random_forest,3,PI,weighted,Sex,-0.0013526164552407848,
2021-2023,lab,random_forest,3,PI,weighted,Age,0.1121386118268612,
2021-2023,lab,random_forest,3,PI,weighted,Education,-0.009269444688644712,
2021-2023,lab,random_forest,3,PI,weighted,Income,-0.005557075733670269,
2021-2023,lab,logistic_regression,3,SHAP,unweighted,Diabetes_self,0.02545682882114865,
2021-2023,lab,logistic_regression,3,SHAP,unweighted,HighChol,0.05474233342867561,
2021-2023,lab,logistic_regression,3,SHAP,unweighted,BMI,0.08699359479137321,
2021-2023,lab,logistic_regression,3,SHAP,unweighted,Smoker,0.014320654915030068,
2021-2023,lab,logistic_regression,3,SHAP,unweighted,Stroke,0.018362809423710272,
2021-2023,lab,logistic_regression,3,SHAP,unweighted,HeartDiseaseorAttack,0.010332184043809544,
2021-2023,lab,logistic_regression,3,SHAP,unweighted,PhysActivity_LTPA,0.07842959458110432,
2021-2023,lab,logistic_regression,3,SHAP,unweighted,AnyHealthcare,0.03872940482118968,
2021-2023,lab,logistic_regression,3,SHAP,unweighted,GenHlth,0.0018785934703940586,
2021-2023,lab,logistic_regression,3,SHAP,unweighted,MentHlth,0.025426359373854745,
2021-2023,lab,logistic_regression,3,SHAP,unweighted,Sex,0.02215419346792998,
2021-2023,lab,logistic_regression,3,SHAP,unweighted,Age,0.5725310282606617,
2021-2023,lab,logistic_regression,3,SHAP,unweighted,Education,0.048724727227738136,
2021-2023,lab,logistic_regression,3,SHAP,unweighted,Income,0.15142342323358055,
2021-2023,lab,logistic_regression,3,SHAP,weighted,Diabetes_self,0.02393605510063927,
2021-2023,lab,logistic_regression,3,SHAP,weighted,HighChol,0.054383531223715045,
2021-2023,lab,logistic_regression,3,SHAP,weighted,BMI,0.08608760678054073,
2021-2023,lab,logistic_regression,3,SHAP,weighted,Smoker,0.014254760041781884,
2021-2023,lab,logistic_regression,3,SHAP,weighted,Stroke,0.015108875385294575,
2021-2023,lab,logistic_regression,3,SHAP,weighted,HeartDiseaseorAttack,0.008989090625877343,
2021-2023,lab,logistic_regression,3,SHAP,weighted,PhysActivity_LTPA,0.07590108133449613,
2021-2023,lab,logistic_regression,3,SHAP,weighted,AnyHealthcare,0.04571816690083284,
2021-2023,lab,logistic_regression,3,SHAP,weighted,GenHlth,0.0018605612703543222,
2021-2023,lab,logistic_regression,3,SHAP,weighted,MentHlth,0.025554565723699973,
2021-2023,lab,logistic_regression,3,SHAP,weighted,Sex,0.022220791736682628,
2021-2023,lab,logistic_regression,3,SHAP,weighted,Age,0.5684759583346556,
2021-2023,lab,logistic_regression,3,SHAP,weighted,Education,0.04772340417208226,
2021-2023,lab,logistic_regression,3,SHAP,weighted,Income,0.15356803790251156,
2021-2023,lab,logistic_regression,3,PI,unweighted,Diabetes_self,0.001125759700794815,0.0015825836268948562
2021-2023,lab,logistic_regression,3,PI,unweighted,HighChol,-0.0021654978962131533,0.0019916427965679987
2021-2023,lab,logistic_regression,3,PI,unweighted,BMI,0.008758298270219744,0.006215963252454306
2021-2023,lab,logistic_regression,3,PI,unweighted,Smoker,-0.00019167835437111647,0.0006361582255273876
2021-2023,lab,logistic_regression,3,PI,unweighted,Stroke,0.006166432912576014,0.002134252423308752
2021-2023,lab,logistic_regression,3,PI,unweighted,HeartDiseaseorAttack,0.0015184665731650781,0.0011424139966934982
2021-2023,lab,logistic_regression,3,PI,unweighted,PhysActivity_LTPA,0.001232351566152412,0.00355605002199614
2021-2023,lab,logistic_regression,3,PI,unweighted,AnyHealthcare,0.0033174380551659888,0.003158799697921298
2021-2023,lab,logistic_regression,3,PI,unweighted,GenHlth,7.386629266020739e-05,0.00012449770081801928
2021-2023,lab,logistic_regression,3,PI,unweighted,MentHlth,0.001458625525946744,0.0006624378123269624
2021-2023,lab,logistic_regression,3,PI,unweighted,Sex,-0.0004170172978026687,0.0005098574866895317
2021-2023,lab,logistic_regression,3,PI,unweighted,Age,0.13171482000935023,0.020413735163384985
2021-2023,lab,logistic_regression,3,PI,unweighted,Education,0.0012473118279569984,0.002887917881672717
2021-2023,lab,logistic_regression,3,PI,unweighted,Income,0.010219728845254827,0.007073871838736743
2021-2023,lab,logistic_regression,3,PI,weighted,Diabetes_self,0.0009663060333817031,
2021-2023,lab,logistic_regression,3,PI,weighted,HighChol,-0.0010984565090426223,
2021-2023,lab,logistic_regression,3,PI,weighted,BMI,0.013105712701406813,
2021-2023,lab,logistic_regression,3,PI,weighted,Smoker,-0.00039719382876347576,
2021-2023,lab,logistic_regression,3,PI,weighted,Stroke,0.002829849603334622,
2021-2023,lab,logistic_regression,3,PI,weighted,HeartDiseaseorAttack,0.0017710917127210513,
2021-2023,lab,logistic_regression,3,PI,weighted,PhysActivity_LTPA,0.004391797980038281,
2021-2023,lab,logistic_regression,3,PI,weighted,AnyHealthcare,-0.0015436871295772315,
2021-2023,lab,logistic_regression,3,PI,weighted,GenHlth,0.00018373869316121728,
2021-2023,lab,logistic_regression,3,PI,weighted,MentHlth,0.0010220638176914542,
2021-2023,lab,logistic_regression,3,PI,weighted,Sex,-0.0012690222176791831,
2021-2023,lab,logistic_regression,3,PI,weighted,Age,0.14827970034530447,
2021-2023,lab,logistic_regression,3,PI,weighted,Education,7.118123996407988e-06,
2021-2023,lab,logistic_regression,3,PI,weighted,Income,0.010087835460479621,
2021-2023,total,xgboost,3,SHAP,unweighted,Diabetes_self,0.11893714964389801,
2021-2023,total,xgboost,3,SHAP,unweighted,HighChol,0.3566902279853821,
2021-2023,total,xgboost,3,SHAP,unweighted,BMI,0.4649731516838074,
2021-2023,total,xgboost,3,SHAP,unweighted,Smoker,0.05219579115509987,
2021-2023,total,xgboost,3,SHAP,unweighted,Stroke,0.019861139357089996,
2021-2023,total,xgboost,3,SHAP,unweighted,HeartDiseaseorAttack,0.07265803962945938,
2021-2023,total,xgboost,3,SHAP,unweighted,PhysActivity_LTPA,0.06190827861428261,
2021-2023,total,xgboost,3,SHAP,unweighted,AnyHealthcare,0.013252463191747665,
2021-2023,total,xgboost,3,SHAP,unweighted,GenHlth,0.21493671834468842,
2021-2023,total,xgboost,3,SHAP,unweighted,MentHlth,0.08134628087282181,
2021-2023,total,xgboost,3,SHAP,unweighted,Sex,0.09727681428194046,
2021-2023,total,xgboost,3,SHAP,unweighted,Age,0.8535224795341492,
2021-2023,total,xgboost,3,SHAP,unweighted,Education,0.12144733965396881,
2021-2023,total,xgboost,3,SHAP,unweighted,Income,0.11463896930217743,
2021-2023,total,xgboost,3,SHAP,weighted,Diabetes_self,0.11238436685447008,
2021-2023,total,xgboost,3,SHAP,weighted,HighChol,0.35820527035465344,
2021-2023,total,xgboost,3,SHAP,weighted,BMI,0.46629267999117496,
2021-2023,total,xgboost,3,SHAP,weighted,Smoker,0.05011998749250214,
2021-2023,total,xgboost,3,SHAP,weighted,Stroke,0.01704545704806472,
2021-2023,total,xgboost,3,SHAP,weighted,HeartDiseaseorAttack,0.0626730922339312,
2021-2023,total,xgboost,3,SHAP,weighted,PhysActivity_LTPA,0.054822784523346636,
2021-2023,total,xgboost,3,SHAP,weighted,AnyHealthcare,0.015662158796173793,
2021-2023,total,xgboost,3,SHAP,weighted,GenHlth,0.22206739588384747,
2021-2023,total,xgboost,3,SHAP,weighted,MentHlth,0.08585753121763662,
2021-2023,total,xgboost,3,SHAP,weighted,Sex,0.10289307802301732,
2021-2023,total,xgboost,3,SHAP,weighted,Age,0.9223819805487395,
2021-2023,total,xgboost,3,SHAP,weighted,Education,0.11680303320767457,
2021-2023,total,xgboost,3,SHAP,weighted,Income,0.11683974581486051,
2021-2023,total,xgboost,3,PI,unweighted,Diabetes_self,0.008379689060048457,0.002924760017276475
2021-2023,total,xgboost,3,PI,unweighted,HighChol,0.018660237209659536,0.003751557740231425
2021-2023,total,xgboost,3,PI,unweighted,BMI,0.036769691583555496,0.007654531263144567
2021-2023,total,xgboost,3,PI,unweighted,Smoker,0.0015667687041242772,0.0009987510960643676
2021-2023,total,xgboost,3,PI,unweighted,Stroke,-2.7429424091818254e-05,0.000915242242777318
2021-2023,total,xgboost,3,PI,unweighted,HeartDiseaseorAttack,0.004504460024357315,0.002673879519525019
2021-2023,total,xgboost,3,PI,unweighted,PhysActivity_LTPA,-0.0007191994996873063,0.0020187034210588195
2021-2023,total,xgboost,3,PI,unweighted,AnyHealthcare,-2.194353927353898e-06,0.0008361438719936932
2021-2023,total,xgboost,3,PI,unweighted,GenHlth,0.006778359281568514,0.006674876585387609
2021-2023,total,xgboost,3,PI,unweighted,MentHlth,0.0024505447483624265,0.002796003299409121
2021-2023,total,xgboost,3,PI,unweighted,Sex,-0.002025937263421207,0.003055248833390698
2021-2023,total,xgboost,3,PI,unweighted,Age,0.1228031774244868,0.01754262417509621
2021-2023,total,xgboost,3,PI,unweighted,Education,-0.0043130026441964954,0.002390534093353047
2021-2023,total,xgboost,3,PI,unweighted,Income,-0.004254852265121833,0.0015021654922872116
2021-2023,total,xgboost,3,PI,weighted,Diabetes_self,0.007138511013445437,
2021-2023,total,xgboost,3,PI,weighted,HighChol,0.011451070634615933,
2021-2023,total,xgboost,3,PI,weighted,BMI,0.031609155222768325,
2021-2023,total,xgboost,3,PI,weighted,Smoker,0.0034119090723205513,
2021-2023,total,xgboost,3,PI,weighted,Stroke,-2.5644197877072726e-05,
2021-2023,total,xgboost,3,PI,weighted,HeartDiseaseorAttack,0.002598743645131618,
2021-2023,total,xgboost,3,PI,weighted,PhysActivity_LTPA,0.0009770116083159587,
2021-2023,total,xgboost,3,PI,weighted,AnyHealthcare,0.00011527904910650922,
2021-2023,total,xgboost,3,PI,weighted,GenHlth,0.009023938943328546,
2021-2023,total,xgboost,3,PI,weighted,MentHlth,0.006941019082575284,
2021-2023,total,xgboost,3,PI,weighted,Sex,-0.0007422972573359998,
2021-2023,total,xgboost,3,PI,weighted,Age,0.13007052312475526,
2021-2023,total,xgboost,3,PI,weighted,Education,-0.005816224015975003,
2021-2023,total,xgboost,3,PI,weighted,Income,-0.0037558244435140996,
2021-2023,total,random_forest,3,SHAP,unweighted,Diabetes_self,0.02938890328172491,
2021-2023,total,random_forest,3,SHAP,unweighted,HighChol,0.07951697744580406,
2021-2023,total,random_forest,3,SHAP,unweighted,BMI,0.05826486790606769,
2021-2023,total,random_forest,3,SHAP,unweighted,Smoker,0.012249669299508263,
2021-2023,total,random_forest,3,SHAP,unweighted,Stroke,0.004959712407213483,
2021-2023,total,random_forest,3,SHAP,unweighted,HeartDiseaseorAttack,0.015214155114242792,
2021-2023,total,random_forest,3,SHAP,unweighted,PhysActivity_LTPA,0.01266380364092324,
2021-2023,total,random_forest,3,SHAP,unweighted,AnyHealthcare,0.002825579199140138,
2021-2023,total,random_forest,3,SHAP,unweighted,GenHlth,0.039623107303970465,
2021-2023,total,random_forest,3,SHAP,unweighted,MentHlth,0.009320329959616598,
2021-2023,total,random_forest,3,SHAP,unweighted,Sex,0.011847313989048352,
2021-2023,total,random_forest,3,SHAP,unweighted,Age,0.12475304872897894,
2021-2023,total,random_forest,3,SHAP,unweighted,Education,0.021022043991404577,
2021-2023,total,random_forest,3,SHAP,unweighted,Income,0.015682404001044075,
2021-2023,total,random_forest,3,SHAP,weighted,Diabetes_self,0.028417456484126656,
2021-2023,total,random_forest,3,SHAP,weighted,HighChol,0.07926975020218113,
2021-2023,total,random_forest,3,SHAP,weighted,BMI,0.056442331102156636,
2021-2023,total,random_forest,3,SHAP,weighted,Smoker,0.011307945930626149,
2021-2023,total,random_forest,3,SHAP,weighted,Stroke,0.0045354961259636405,
2021-2023,total,random_forest,3,SHAP,weighted,HeartDiseaseorAttack,0.013777701451149527,
2021-2023,total,random_forest,3,SHAP,weighted,PhysActivity_LTPA,0.011466494047824,
2021-2023,total,random_forest,3,SHAP,weighted,AnyHealthcare,0.003059280972568706,
2021-2023,total,random_forest,3,SHAP,weighted,GenHlth,0.03883129739725121,
2021-2023,total,random_forest,3,SHAP,weighted,MentHlth,0.009181534126886246,
2021-2023,total,random_forest,3,SHAP,weighted,Sex,0.011978093811969926,
2021-2023,total,random_forest,3,SHAP,weighted,Age,0.12577926562118882,
2021-2023,total,random_forest,3,SHAP,weighted,Education,0.020720503597334825,
2021-2023,total,random_forest,3,SHAP,weighted,Income,0.015647243534750492,
2021-2023,total,random_forest,3,PI,unweighted,Diabetes_self,0.007187057700536403,0.004029829908910914
2021-2023,total,random_forest,3,PI,unweighted,HighChol,0.033457314330228236,0.006469997318927576
2021-2023,total,random_forest,3,PI,unweighted,BMI,0.02579435612169877,0.007956769347893796
2021-2023,total,random_forest,3,PI,unweighted,Smoker,-0.00021833821577088575,0.0035509857837330984
2021-2023,total,random_forest,3,PI,unweighted,Stroke,0.00018075990476497107,0.001542199922477852
2021-2023,total,random_forest,3,PI,unweighted,HeartDiseaseorAttack,0.004465510242146864,0.0026926581431709223
2021-2023,total,random_forest,3,PI,unweighted,PhysActivity_LTPA,0.0009364405384943653,0.0038139219425919195
2021-2023,total,random_forest,3,PI,unweighted,AnyHealthcare,0.0010626158893167425,0.0005780040293883732
2021-2023,total,random_forest,3,PI,unweighted,GenHlth,0.011761737050568776,0.007248099897572931
2021-2023,total,random_forest,3,PI,unweighted,MentHlth,-0.000458071382333336,0.0036642729363316143
2021-2023,total,random_forest,3,PI,unweighted,Sex,0.0009139484107390961,0.004067046427296158
2021-2023,total,random_forest,3,PI,unweighted,Age,0.1126839142885355,0.015405352173399858
2021-2023,total,random_forest,3,PI,unweighted,Education,-0.007364800368651547,0.005347849192093064
2021-2023,total,random_forest,3,PI,unweighted,Income,-0.0009646928453091342,0.003187076012847801
2021-2023,total,random_forest,3,PI,weighted,Diabetes_self,0.009111313367856044,
2021-2023,total,random_forest,3,PI,weighted,HighChol,0.027125629244056093,
2021-2023,total,random_forest,3,PI,weighted,BMI,0.02408367024426459,
2021-2023,total,random_forest,3,PI,weighted,Smoker,0.0031431208022724587,
2021-2023,total,random_forest,3,PI,weighted,Stroke,0.0008058155530599076,
2021-2023,total,random_forest,3,PI,weighted,HeartDiseaseorAttack,0.0032464292975349918,
2021-2023,total,random_forest,3,PI,weighted,PhysActivity_LTPA,-0.0007754987523041268,
2021-2023,total,random_forest,3,PI,weighted,AnyHealthcare,0.0010304465921765927,
2021-2023,total,random_forest,3,PI,weighted,GenHlth,0.014760910585113984,
2021-2023,total,random_forest,3,PI,weighted,MentHlth,0.0024523751552189333,
2021-2023,total,random_forest,3,PI,weighted,Sex,0.0022491007339383697,
2021-2023,total,random_forest,3,PI,weighted,Age,0.1199031460967522,
2021-2023,total,random_forest,3,PI,weighted,Education,-0.008619225951520038,
2021-2023,total,random_forest,3,PI,weighted,Income,-0.0013747234375272588,
2021-2023,total,logistic_regression,3,SHAP,unweighted,Diabetes_self,0.10935319534803077,
2021-2023,total,logistic_regression,3,SHAP,unweighted,HighChol,0.3208434210360931,
2021-2023,total,logistic_regression,3,SHAP,unweighted,BMI,0.3074356104788439,
2021-2023,total,logistic_regression,3,SHAP,unweighted,Smoker,0.027981298454449997,
2021-2023,total,logistic_regression,3,SHAP,unweighted,Stroke,0.014684381085132455,
2021-2023,total,logistic_regression,3,SHAP,unweighted,HeartDiseaseorAttack,0.04054184378556969,
2021-2023,total,logistic_regression,3,SHAP,unweighted,PhysActivity_LTPA,0.024543567529139082,
2021-2023,total,logistic_regression,3,SHAP,unweighted,AnyHealthcare,0.005890223618010532,
2021-2023,total,logistic_regression,3,SHAP,unweighted,GenHlth,0.19523865481937203,
2021-2023,total,logistic_regression,3,SHAP,unweighted,MentHlth,0.01080127242454967,
2021-2023,total,logistic_regression,3,SHAP,unweighted,Sex,0.06750781716061854,
2021-2023,total,logistic_regression,3,SHAP,unweighted,Age,0.7151785721862232,
2021-2023,total,logistic_regression,3,SHAP,unweighted,Education,0.0788757405370765,
2021-2023,total,logistic_regression,3,SHAP,unweighted,Income,0.04295251988625707,
2021-2023,total,logistic_regression,3,SHAP,weighted,Diabetes_self,0.10282050948572918,
2021-2023,total,logistic_regression,3,SHAP,weighted,HighChol,0.31874049045741926,
2021-2023,total,logistic_regression,3,SHAP,weighted,BMI,0.30423384628155187,
2021-2023,total,logistic_regression,3,SHAP,weighted,Smoker,0.02785254567561986,
2021-2023,total,logistic_regression,3,SHAP,weighted,Stroke,0.012082273404143393,
2021-2023,total,logistic_regression,3,SHAP,weighted,HeartDiseaseorAttack,0.0352717592314852,
2021-2023,total,logistic_regression,3,SHAP,weighted,PhysActivity_LTPA,0.023752300712729945,
2021-2023,total,logistic_regression,3,SHAP,weighted,AnyHealthcare,0.00695312070233792,
2021-2023,total,logistic_regression,3,SHAP,weighted,GenHlth,0.1933646024846468,
2021-2023,total,logistic_regression,3,SHAP,weighted,MentHlth,0.010855735263325722,
2021-2023,total,logistic_regression,3,SHAP,weighted,Sex,0.06771075407893566,
2021-2023,total,logistic_regression,3,SHAP,weighted,Age,0.7101131714015579,
2021-2023,total,logistic_regression,3,SHAP,weighted,Education,0.0772547956488162,
2021-2023,total,logistic_regression,3,SHAP,weighted,Income,0.04356085776588265,
2021-2023,total,logistic_regression,3,PI,unweighted,Diabetes_self,0.005998266460397428,0.0023623753885482516
2021-2023,total,logistic_regression,3,PI,unweighted,HighChol,0.015001700624293735,0.003942798350445163
2021-2023,total,logistic_regression,3,PI,unweighted,BMI,0.03160089090769451,0.008540985754417307
2021-2023,total,logistic_regression,3,PI,unweighted,Smoker,0.00013989006286825313,0.000386498008293407
2021-2023,total,logistic_regression,3,PI,unweighted,Stroke,0.0003642627519392372,0.0007205755128644512
2021-2023,total,logistic_regression,3,PI,unweighted,HeartDiseaseorAttack,0.0027714690102366934,0.0020705415411355187
2021-2023,total,logistic_regression,3,PI,unweighted,PhysActivity_LTPA,0.00026222529431774166,0.0005171696984505877
2021-2023,total,logistic_regression,3,PI,unweighted,AnyHealthcare,0.0001810341990059694,0.0002419144585066072
2021-2023,total,logistic_regression,3,PI,unweighted,GenHlth,0.01321385076198942,0.005345245312519427
2021-2023,total,logistic_regression,3,PI,unweighted,MentHlth,0.0001409872398319578,0.00017025786232425556
2021-2023,total,logistic_regression,3,PI,unweighted,Sex,0.001131189449546366,0.0009086943875989271
2021-2023,total,logistic_regression,3,PI,unweighted,Age,0.12430411551079076,0.015533971649535915
2021-2023,total,logistic_regression,3,PI,unweighted,Education,0.00140658086742812,0.0018153110342884107
2021-2023,total,logistic_regression,3,PI,unweighted,Income,0.0010735876589535343,0.0006822334673643447
2021-2023,total,logistic_regression,3,PI,weighted,Diabetes_self,0.005255190533404186,
2021-2023,total,logistic_regression,3,PI,weighted,HighChol,0.008246908549806475,
2021-2023,total,logistic_regression,3,PI,weighted,BMI,0.02813190874740341,
2021-2023,total,logistic_regression,3,PI,weighted,Smoker,-3.3909957857181094e-05,
2021-2023,total,logistic_regression,3,PI,weighted,Stroke,-0.00013204570087451683,
2021-2023,total,logistic_regression,3,PI,weighted,HeartDiseaseorAttack,0.0010483694021868107,
2021-2023,total,logistic_regression,3,PI,weighted,PhysActivity_LTPA,0.0005326123616653855,
2021-2023,total,logistic_regression,3,PI,weighted,AnyHealthcare,0.00036279622556535386,
2021-2023,total,logistic_regression,3,PI,weighted,GenHlth,0.015334075952319082,
2021-2023,total,logistic_regression,3,PI,weighted,MentHlth,0.0002976007510188228,
2021-2023,total,logistic_regression,3,PI,weighted,Sex,-0.0009333545803031585,
2021-2023,total,logistic_regression,3,PI,weighted,Age,0.12632271346968243,
2021-2023,total,logistic_regression,3,PI,weighted,Education,0.00014305895541031344,
2021-2023,total,logistic_regression,3,PI,weighted,Income,0.0009236353820608944,
2021-2023,diag,xgboost,4,SHAP,unweighted,Diabetes_self,0.17566223442554474,
2021-2023,diag,xgboost,4,SHAP,unweighted,HighChol,0.41368192434310913,
2021-2023,diag,xgboost,4,SHAP,unweighted,BMI,0.4841475486755371,
2021-2023,diag,xgboost,4,SHAP,unweighted,Smoker,0.05265568196773529,
2021-2023,diag,xgboost,4,SHAP,unweighted,Stroke,0.033950820565223694,
2021-2023,diag,xgboost,4,SHAP,unweighted,HeartDiseaseorAttack,0.09950598329305649,
2021-2023,diag,xgboost,4,SHAP,unweighted,PhysActivity_LTPA,0.05808672681450844,
2021-2023,diag,xgboost,4,SHAP,unweighted,AnyHealthcare,0.05047779530286789,
2021-2023,diag,xgboost,4,SHAP,unweighted,GenHlth,0.3895127475261688,
2021-2023,diag,xgboost,4,SHAP,unweighted,MentHlth,0.09396949410438538,
2021-2023,diag,xgboost,4,SHAP,unweighted,Sex,0.07263598591089249,
2021-2023,diag,xgboost,4,SHAP,unweighted,Age,0.8242132067680359,
2021-2023,diag,xgboost,4,SHAP,unweighted,Education,0.12817811965942383,
2021-2023,diag,xgboost,4,SHAP,unweighted,Income,0.09817269444465637,
2021-2023,diag,xgboost,4,SHAP,weighted,Diabetes_self,0.15457413462357147,
2021-2023,diag,xgboost,4,SHAP,weighted,HighChol,0.4232633812304333,
2021-2023,diag,xgboost,4,SHAP,weighted,BMI,0.47149186857634845,
2021-2023,diag,xgboost,4,SHAP,weighted,Smoker,0.0532710038810602,
2021-2023,diag,xgboost,4,SHAP,weighted,Stroke,0.02920205934095935,
2021-2023,diag,xgboost,4,SHAP,weighted,HeartDiseaseorAttack,0.08867976630246921,
2021-2023,diag,xgboost,4,SHAP,weighted,PhysActivity_LTPA,0.054824722153866905,
2021-2023,diag,xgboost,4,SHAP,weighted,AnyHealthcare,0.05295720009743728,
2021-2023,diag,xgboost,4,SHAP,weighted,GenHlth,0.4134960139171573,
2021-2023,diag,xgboost,4,SHAP,weighted,MentHlth,0.09568773726451978,
2021-2023,diag,xgboost,4,SHAP,weighted,Sex,0.07320544732132689,
2021-2023,diag,xgboost,4,SHAP,weighted,Age,0.9518256629544052,
2021-2023,diag,xgboost,4,SHAP,weighted,Education,0.12401586503466508,
2021-2023,diag,xgboost,4,SHAP,weighted,Income,0.09850574799006519,
2021-2023,diag,xgboost,4,PI,unweighted,Diabetes_self,0.012577365163572097,0.0033012321309625406
2021-2023,diag,xgboost,4,PI,unweighted,HighChol,0.020271999627716576,0.0033294552140534345
2021-2023,diag,xgboost,4,PI,unweighted,BMI,0.013535413467355484,0.009796928511397568
2021-2023,diag,xgboost,4,PI,unweighted,Smoker,-0.00029724510214523825,0.0016023111358961302
2021-2023,diag,xgboost,4,PI,unweighted,Stroke,0.0010458839406208287,0.001150016836982479
2021-2023,diag,xgboost,4,PI,unweighted,HeartDiseaseorAttack,0.009167481036809599,0.003108221230210191
2021-2023,diag,xgboost,4,PI,unweighted,PhysActivity_LTPA,0.0003751919586765351,0.002317322314938793
2021-2023,diag,xgboost,4,PI,unweighted,AnyHealthcare,0.0007794685653125022,0.0014711726798749662
2021-2023,diag,xgboost,4,PI,unweighted,GenHlth,0.023363116012843844,0.005919390667444344
2021-2023,diag,xgboost,4,PI,unweighted,MentHlth,-0.0007486388384754239,0.002052458167670634
2021-2023,diag,xgboost,4,PI,unweighted,Sex,-0.001251221555214277,0.0012184251584792282
2021-2023,diag,xgboost,4,PI,unweighted,Age,0.09310781097305602,0.012679676893864256
2021-2023,diag,xgboost,4,PI,unweighted,Education,-0.0013221880962352329,0.0022366877926242104
2021-2023,diag,xgboost,4,PI,unweighted,Income,-0.0007364232863324438,0.0025240906251404465
2021-2023,diag,xgboost,4,PI,weighted,Diabetes_self,0.007833038133304871,
2021-2023,diag,xgboost,4,PI,weighted,HighChol,0.021593928202795577,
2021-2023,diag,xgboost,4,PI,weighted,BMI,0.017219369484289072,
2021-2023,diag,xgboost,4,PI,weighted,Smoker,-0.001175064690973282,
2021-2023,diag,xgboost,4,PI,weighted,Stroke,0.0012213952557118435,
2021-2023,diag,xgboost,4,PI,weighted,HeartDiseaseorAttack,0.006734634886908941,
2021-2023,diag,xgboost,4,PI,weighted,PhysActivity_LTPA,0.0017452049213305897,
2021-2023,diag,xgboost,4,PI,weighted,AnyHealthcare,-0.0016475199630946236,
2021-2023,diag,xgboost,4,PI,weighted,GenHlth,0.02269157757432645,
2021-2023,diag,xgboost,4,PI,weighted,MentHlth,0.0023478712438549155,
2021-2023,diag,xgboost,4,PI,weighted,Sex,0.0006145949041355015,
2021-2023,diag,xgboost,4,PI,weighted,Age,0.09191627766389206,
2021-2023,diag,xgboost,4,PI,weighted,Education,-0.0010541943853282442,
2021-2023,diag,xgboost,4,PI,weighted,Income,0.0001866216476614113,
2021-2023,diag,random_forest,4,SHAP,unweighted,Diabetes_self,0.037553040450705795,
2021-2023,diag,random_forest,4,SHAP,unweighted,HighChol,0.07704066610380594,
2021-2023,diag,random_forest,4,SHAP,unweighted,BMI,0.05982224139683668,
2021-2023,diag,random_forest,4,SHAP,unweighted,Smoker,0.00919954676438429,
2021-2023,diag,random_forest,4,SHAP,unweighted,Stroke,0.006418653518823924,
2021-2023,diag,random_forest,4,SHAP,unweighted,HeartDiseaseorAttack,0.023009477458662293,
2021-2023,diag,random_forest,4,SHAP,unweighted,PhysActivity_LTPA,0.010845700330186836,
2021-2023,diag,random_forest,4,SHAP,unweighted,AnyHealthcare,0.006646216224126758,
2021-2023,diag,random_forest,4,SHAP,unweighted,GenHlth,0.04976570709698702,
2021-2023,diag,random_forest,4,SHAP,unweighted,MentHlth,0.009568078225211982,
2021-2023,diag,random_forest,4,SHAP,unweighted,Sex,0.00962570011740708,
2021-2023,diag,random_forest,4,SHAP,unweighted,Age,0.10786175293065862,
2021-2023,diag,random_forest,4,SHAP,unweighted,Education,0.019468182742369767,
2021-2023,diag,random_forest,4,SHAP,unweighted,Income,0.012811922628301898,
2021-2023,diag,random_forest,4,SHAP,weighted,Diabetes_self,0.03289455690761442,
2021-2023,diag,random_forest,4,SHAP,weighted,HighChol,0.07578973088971745,
2021-2023,diag,random_forest,4,SHAP,weighted,BMI,0.05712250862348044,
2021-2023,diag,random_forest,4,SHAP,weighted,Smoker,0.008771114564280967,
2021-2023,diag,random_forest,4,SHAP,weighted,Stroke,0.005760674484636869,
2021-2023,diag,random_forest,4,SHAP,weighted,HeartDiseaseorAttack,0.020625708969341693,
2021-2023,diag,random_forest,4,SHAP,weighted,PhysActivity_LTPA,0.008990570395185554,
2021-2023,diag,random_forest,4,SHAP,weighted,AnyHealthcare,0.006839585011340558,
2021-2023,diag,random_forest,4,SHAP,weighted,GenHlth,0.049916301518766915,
2021-2023,diag,random_forest,4,SHAP,weighted,MentHlth,0.009077148666028684,
2021-2023,diag,random_forest,4,SHAP,weighted,Sex,0.009290671348821403,
2021-2023,diag,random_forest,4,SHAP,weighted,Age,0.11041882826651382,
2021-2023,diag,random_forest,4,SHAP,weighted,Education,0.018168792919295417,
2021-2023,diag,random_forest,4,SHAP,weighted,Income,0.01197608677079184,
2021-2023,diag,random_forest,4,PI,unweighted,Diabetes_self,0.015110638000837739,0.002817650443560714
2021-2023,diag,random_forest,4,PI,unweighted,HighChol,0.029191388617432267,0.006309848657494357
2021-2023,diag,random_forest,4,PI,unweighted,BMI,0.0243319256363722,0.006289527038505462
2021-2023,diag,random_forest,4,PI,unweighted,Smoker,0.0011113243985295673,0.0016124290914108035
2021-2023,diag,random_forest,4,PI,unweighted,Stroke,0.00034319884592129977,0.0013779071063149395
2021-2023,diag,random_forest,4,PI,unweighted,HeartDiseaseorAttack,0.01275012797245111,0.0038998820875469336
2021-2023,diag,random_forest,4,PI,unweighted,PhysActivity_LTPA,0.0024777211596631486,0.0029053861416677143
2021-2023,diag,random_forest,4,PI,unweighted,AnyHealthcare,0.0006354995579134437,0.0019836477267347937
2021-2023,diag,random_forest,4,PI,unweighted,GenHlth,0.02080104937409847,0.0048131391978008765
2021-2023,diag,random_forest,4,PI,unweighted,MentHlth,0.006729896691330528,0.002328118230008211
2021-2023,diag,random_forest,4,PI,unweighted,Sex,0.0026245986318582104,0.002235981202225936
2021-2023,diag,random_forest,4,PI,unweighted,Age,0.08545651263437115,0.013004316203903705
2021-2023,diag,random_forest,4,PI,unweighted,Education,0.005272174135604335,0.002448599546733649
2021-2023,diag,random_forest,4,PI,unweighted,Income,0.003516624784773714,0.0034543148255827233
2021-2023,diag,random_forest,4,PI,weighted,Diabetes_self,0.011294352956456699,
2021-2023,diag,random_forest,4,PI,weighted,HighChol,0.0383558298686432,
2021-2023,diag,random_forest,4,PI,weighted,BMI,0.03415635187355558,
2021-2023,diag,random_forest,4,PI,weighted,Smoker,0.0029561342474783035,
2021-2023,diag,random_forest,4,PI,weighted,Stroke,0.0009567941598343066,
2021-2023,diag,random_forest,4,PI,weighted,HeartDiseaseorAttack,0.01268622380230634,
2021-2023,diag,random_forest,4,PI,weighted,PhysActivity_LTPA,0.002682833332658985,
2021-2023,diag,random_forest,4,PI,weighted,AnyHealthcare,-0.0005383091953588215,
2021-2023,diag,random_forest,4,PI,weighted,GenHlth,0.026528569093748157,
2021-2023,diag,random_forest,4,PI,weighted,MentHlth,0.00949208065183269,
2021-2023,diag,random_forest,4,PI,weighted,Sex,0.00845807497000165,
2021-2023,diag,random_forest,4,PI,weighted,Age,0.08592038168755846,
2021-2023,diag,random_forest,4,PI,weighted,Education,0.00989078017453201,
2021-2023,diag,random_forest,4,PI,weighted,Income,0.008852836928622088,
2021-2023,diag,logistic_regression,4,SHAP,unweighted,Diabetes_self,0.1493983095886413,
2021-2023,diag,logistic_regression,4,SHAP,unweighted,HighChol,0.3516125180289401,
2021-2023,diag,logistic_regression,4,SHAP,unweighted,BMI,0.33074032538531606,
2021-2023,diag,logistic_regression,4,SHAP,unweighted,Smoker,0.015196838372432126,
2021-2023,diag,logistic_regression,4,SHAP,unweighted,Stroke,0.025347705259273032,
2021-2023,diag,logistic_regression,4,SHAP,unweighted,HeartDiseaseorAttack,0.08743302813662787,
2021-2023,diag,logistic_regression,4,SHAP,unweighted,PhysActivity_LTPA,0.01813819396960235,
2021-2023,diag,logistic_regression,4,SHAP,unweighted,AnyHealthcare,0.07173988652162946,
2021-2023,diag,logistic_regression,4,SHAP,unweighted,GenHlth,0.3046482376255916,
2021-2023,diag,logistic_regression,4,SHAP,unweighted,MentHlth,0.007619481102971977,
2021-2023,diag,logistic_regression,4,SHAP,unweighted,Sex,0.03733627452046762,
2021-2023,diag,logistic_regression,4,SHAP,unweighted,Age,0.6634476862336223,
2021-2023,diag,logistic_regression,4,SHAP,unweighted,Education,0.046982259768892524,
2021-2023,diag,logistic_regression,4,SHAP,unweighted,Income,0.036452671602667304,
2021-2023,diag,logistic_regression,4,SHAP,weighted,Diabetes_self,0.13301801032422908,
2021-2023,diag,logistic_regression,4,SHAP,weighted,HighChol,0.3447667445907515,
2021-2023,diag,logistic_regression,4,SHAP,weighted,BMI,0.3352020824728461,
2021-2023,diag,logistic_regression,4,SHAP,weighted,Smoker,0.01507547132964894,
2021-2023,diag,logistic_regression,4,SHAP,weighted,Stroke,0.022543467923079142,
2021-2023,diag,logistic_regression,4,SHAP,weighted,HeartDiseaseorAttack,0.079626689729817,
2021-2023,diag,logistic_regression,4,SHAP,weighted,PhysActivity_LTPA,0.01683612660357255,
2021-2023,diag,logistic_regression,4,SHAP,weighted,AnyHealthcare,0.07710258962150335,
2021-2023,diag,logistic_regression,4,SHAP,weighted,GenHlth,0.3049702858436618,
2021-2023,diag,logistic_regression,4,SHAP,weighted,MentHlth,0.007336788029731912,
2021-2023,diag,logistic_regression,4,SHAP,weighted,Sex,0.03740288655628719,
2021-2023,diag,logistic_regression,4,SHAP,weighted,Age,0.6911291332265526,
2021-2023,diag,logistic_regression,4,SHAP,weighted,Education,0.04426211652582449,
2021-2023,diag,logistic_regression,4,SHAP,weighted,Income,0.036805412639749936,
2021-2023,diag,logistic_regression,4,PI,unweighted,Diabetes_self,0.009022057797012295,0.0027067867910970256
2021-2023,diag,logistic_regression,4,PI,unweighted,HighChol,0.017415305505142042,0.004201955592157437
2021-2023,diag,logistic_regression,4,PI,unweighted,BMI,0.02877867746288789,0.005809275992407575
2021-2023,diag,logistic_regression,4,PI,unweighted,Smoker,0.0001774163525523398,0.00010795851489860627
2021-2023,diag,logistic_regression,4,PI,unweighted,Stroke,0.00019370375540962438,0.0007149053798859625
2021-2023,diag,logistic_regression,4,PI,unweighted,HeartDiseaseorAttack,0.006538810554236907,0.002269922823390871
2021-2023,diag,logistic_regression,4,PI,unweighted,PhysActivity_LTPA,-0.0005456279957188781,0.00033680775816867644
2021-2023,diag,logistic_regression,4,PI,unweighted,AnyHealthcare,0.00037053841500290786,0.0011150495685523368
2021-2023,diag,logistic_regression,4,PI,unweighted,GenHlth,0.01889047884964392,0.004712031992079178
2021-2023,diag,logistic_regression,4,PI,unweighted,MentHlth,-4.886220857193146e-05,0.00017410411351418084
2021-2023,diag,logistic_regression,4,PI,unweighted,Sex,0.0006561496579644444,0.0006044391663868454
2021-2023,diag,logistic_regression,4,PI,unweighted,Age,0.1003423263064823,0.01070715298512251
2021-2023,diag,logistic_regression,4,PI,unweighted,Education,0.00010703150449056231,0.0005423936725708285
2021-2023,diag,logistic_regression,4,PI,unweighted,Income,0.00037868211643153903,0.00028685721031036483
2021-2023,diag,logistic_regression,4,PI,weighted,Diabetes_self,0.006646239379614749,
2021-2023,diag,logistic_regression,4,PI,weighted,HighChol,0.016738056713541404,
2021-2023,diag,logistic_regression,4,PI,weighted,BMI,0.03880498455251987,
2021-2023,diag,logistic_regression,4,PI,weighted,Smoker,5.8721762091518136e-05,
2021-2023,diag,logistic_regression,4,PI,weighted,Stroke,4.340012448188491e-05,
2021-2023,diag,logistic_regression,4,PI,weighted,HeartDiseaseorAttack,0.005548818680023371,
2021-2023,diag,logistic_regression,4,PI,weighted,PhysActivity_LTPA,-0.0004990220267987566,
2021-2023,diag,logistic_regression,4,PI,weighted,AnyHealthcare,-0.0007511480885264543,
2021-2023,diag,logistic_regression,4,PI,weighted,GenHlth,0.015721555468907224,
2021-2023,diag,logistic_regression,4,PI,weighted,MentHlth,0.00012478930853880853,
2021-2023,diag,logistic_regression,4,PI,weighted,Sex,0.0007000412424457703,
2021-2023,diag,logistic_regression,4,PI,weighted,Age,0.0998723913826858,
2021-2023,diag,logistic_regression,4,PI,weighted,Education,0.0007449152170041162,
2021-2023,diag,logistic_regression,4,PI,weighted,Income,0.0011930195516131504,
2021-2023,lab,xgboost,4,SHAP,unweighted,Diabetes_self,0.038806136697530746,
2021-2023,lab,xgboost,4,SHAP,unweighted,HighChol,0.09412180632352829,
2021-2023,lab,xgboost,4,SHAP,unweighted,BMI,0.43231409788131714,
2021-2023,lab,xgboost,4,SHAP,unweighted,Smoker,0.0904662236571312,
2021-2023,lab,xgboost,4,SHAP,unweighted,Stroke,0.04426494613289833,
2021-2023,lab,xgboost,4,SHAP,unweighted,HeartDiseaseorAttack,0.02709961123764515,
2021-2023,lab,xgboost,4,SHAP,unweighted,PhysActivity_LTPA,0.0903785228729248,
2021-2023,lab,xgboost,4,SHAP,unweighted,AnyHealthcare,0.03236757591366768,
2021-2023,lab,xgboost,4,SHAP,unweighted,GenHlth,0.09554639458656311,
2021-2023,lab,xgboost,4,SHAP,unweighted,MentHlth,0.0885758176445961,
2021-2023,lab,xgboost,4,SHAP,unweighted,Sex,0.10605763643980026,
2021-2023,lab,xgboost,4,SHAP,unweighted,Age,0.6719789505004883,
2021-2023,lab,xgboost,4,SHAP,unweighted,Education,0.1006895899772644,
2021-2023,lab,xgboost,4,SHAP,unweighted,Income,0.17628784477710724,
2021-2023,lab,xgboost,4,SHAP,weighted,Diabetes_self,0.0335620899992017,
2021-2023,lab,xgboost,4,SHAP,weighted,HighChol,0.09729050599876554,
2021-2023,lab,xgboost,4,SHAP,weighted,BMI,0.4643096453881037,
2021-2023,lab,xgboost,4,SHAP,weighted,Smoker,0.09617349990255643,
2021-2023,lab,xgboost,4,SHAP,weighted,Stroke,0.039153319091810364,
2021-2023,lab,xgboost,4,SHAP,weighted,HeartDiseaseorAttack,0.021712632158921878,
2021-2023,lab,xgboost,4,SHAP,weighted,PhysActivity_LTPA,0.08211900248302777,
2021-2023,lab,xgboost,4,SHAP,weighted,AnyHealthcare,0.036478233833678424,
2021-2023,lab,xgboost,4,SHAP,weighted,GenHlth,0.10006068525520784,
2021-2023,lab,xgboost,4,SHAP,weighted,MentHlth,0.08744661535802506,
2021-2023,lab,xgboost,4,SHAP,weighted,Sex,0.12023830785577666,
2021-2023,lab,xgboost,4,SHAP,weighted,Age,0.7766591993309144,
2021-2023,lab,xgboost,4,SHAP,weighted,Education,0.09478162201046687,
2021-2023,lab,xgboost,4,SHAP,weighted,Income,0.1759698912819417,
2021-2023,lab,xgboost,4,PI,unweighted,Diabetes_self,0.00502945301542781,0.0035284089714994766
2021-2023,lab,xgboost,4,PI,unweighted,HighChol,0.020124357176250586,0.005022900677655398
2021-2023,lab,xgboost,4,PI,unweighted,BMI,0.060444132772323536,0.014132583030149358
2021-2023,lab,xgboost,4,PI,unweighted,Smoker,0.005425899953249191,0.00510990856410583
2021-2023,lab,xgboost,4,PI,unweighted,Stroke,0.0062000935016362614,0.0034571753019629033
2021-2023,lab,xgboost,4,PI,unweighted,HeartDiseaseorAttack,0.0001299672744273228,0.002287694619820521
2021-2023,lab,xgboost,4,PI,unweighted,PhysActivity_LTPA,0.010228143992519867,0.004660130275686575
2021-2023,lab,xgboost,4,PI,unweighted,AnyHealthcare,0.006374941561477365,0.002809312017091233
2021-2023,lab,xgboost,4,PI,unweighted,GenHlth,0.008855539971949555,0.007836670452484868
2021-2023,lab,xgboost,4,PI,unweighted,MentHlth,0.005741935483870997,0.0057882730737626766
2021-2023,lab,xgboost,4,PI,unweighted,Sex,0.01463394109396916,0.008493682103491983
2021-2023,lab,xgboost,4,PI,unweighted,Age,0.13550677886863022,0.020681018861935054
2021-2023,lab,xgboost,4,PI,unweighted,Education,0.0015857877512856279,0.004264882582750684
2021-2023,lab,xgboost,4,PI,unweighted,Income,0.0180626460963067,0.007940927011977416
2021-2023,lab,xgboost,4,PI,weighted,Diabetes_self,-0.0005604410936797643,
2021-2023,lab,xgboost,4,PI,weighted,HighChol,0.02096179220170915,
2021-2023,lab,xgboost,4,PI,weighted,BMI,0.07472620417949832,
2021-2023,lab,xgboost,4,PI,weighted,Smoker,0.007221565864679103,
2021-2023,lab,xgboost,4,PI,weighted,Stroke,0.004081679327893073,
2021-2023,lab,xgboost,4,PI,weighted,HeartDiseaseorAttack,0.0006492029628841544,
2021-2023,lab,xgboost,4,PI,weighted,PhysActivity_LTPA,0.0076169425659982195,
2021-2023,lab,xgboost,4,PI,weighted,AnyHealthcare,0.005082158173622009,
2021-2023,lab,xgboost,4,PI,weighted,GenHlth,0.011530489334635064,
2021-2023,lab,xgboost,4,PI,weighted,MentHlth,-0.004688239997954124,
2021-2023,lab,xgboost,4,PI,weighted,Sex,0.029554979404857174,
2021-2023,lab,xgboost,4,PI,weighted,Age,0.14933911631512192,
2021-2023,lab,xgboost,4,PI,weighted,Education,0.0022325011937251336,
2021-2023,lab,xgboost,4,PI,weighted,Income,0.02776993457782213,
2021-2023,lab,random_forest,4,SHAP,unweighted,Diabetes_self,0.006386252679312861,
2021-2023,lab,random_forest,4,SHAP,unweighted,HighChol,0.01558082890222509,
2021-2023,lab,random_forest,4,SHAP,unweighted,BMI,0.02683782385540861,
2021-2023,lab,random_forest,4,SHAP,unweighted,Smoker,0.008951306225906428,
2021-2023,lab,random_forest,4,SHAP,unweighted,Stroke,0.007379979597114222,
2021-2023,lab,random_forest,4,SHAP,unweighted,HeartDiseaseorAttack,0.002691169507676829,
2021-2023,lab,random_forest,4,SHAP,unweighted,PhysActivity_LTPA,0.012675515974157087,
2021-2023,lab,random_forest,4,SHAP,unweighted,AnyHealthcare,0.005331162090541495,
2021-2023,lab,random_forest,4,SHAP,unweighted,GenHlth,0.010754248558292632,
2021-2023,lab,random_forest,4,SHAP,unweighted,MentHlth,0.008487013851784544,
2021-2023,lab,random_forest,4,SHAP,unweighted,Sex,0.0104446793478614,
2021-2023,lab,random_forest,4,SHAP,unweighted,Age,0.05823044562299616,
2021-2023,lab,random_forest,4,SHAP,unweighted,Education,0.014604670843754624,
2021-2023,lab,random_forest,4,SHAP,unweighted,Income,0.015557340801727007,
2021-2023,lab,random_forest,4,SHAP,weighted,Diabetes_self,0.005793848294292203,
2021-2023,lab,random_forest,4,SHAP,weighted,HighChol,0.015382944525309743,
2021-2023,lab,random_forest,4,SHAP,weighted,BMI,0.02837646488830484,
2021-2023,lab,random_forest,4,SHAP,weighted,Smoker,0.008184682783252422,
2021-2023,lab,random_forest,4,SHAP,weighted,Stroke,0.006479614805376953,
2021-2023,lab,random_forest,4,SHAP,weighted,HeartDiseaseorAttack,0.00230512967221938,
2021-2023,lab,random_forest,4,SHAP,weighted,PhysActivity_LTPA,0.01098050157340968,
2021-2023,lab,random_forest,4,SHAP,weighted,AnyHealthcare,0.005770069896537519,
2021-2023,lab,random_forest,4,SHAP,weighted,GenHlth,0.010967967643740905,
2021-2023,lab,random_forest,4,SHAP,weighted,MentHlth,0.00797698130018576,
2021-2023,lab,random_forest,4,SHAP,weighted,Sex,0.010449516645424034,
2021-2023,lab,random_forest,4,SHAP,weighted,Age,0.057025872550214136,
2021-2023,lab,random_forest,4,SHAP,weighted,Education,0.01349116324985803,
2021-2023,lab,random_forest,4,SHAP,weighted,Income,0.01448488223215811,
2021-2023,lab,random_forest,4,PI,unweighted,Diabetes_self,0.004478260869565198,0.004969496497184944
2021-2023,lab,random_forest,4,PI,unweighted,HighChol,0.02210238429172513,0.008821794911411987
2021-2023,lab,random_forest,4,PI,unweighted,BMI,0.03480878915381023,0.014537317541165351
2021-2023,lab,random_forest,4,PI,unweighted,Smoker,0.005487143525011728,0.005387430101312308
2021-2023,lab,random_forest,4,PI,unweighted,Stroke,0.01376764843384759,0.004050432417665917
2021-2023,lab,random_forest,4,PI,unweighted,HeartDiseaseorAttack,-0.0006432912575970118,0.0029894545173750064
2021-2023,lab,random_forest,4,PI,unweighted,PhysActivity_LTPA,0.006785881252921932,0.004717212339673771
2021-2023,lab,random_forest,4,PI,unweighted,AnyHealthcare,0.0016535764375876893,0.003335333936821176
2021-2023,lab,random_forest,4,PI,unweighted,GenHlth,0.005573165030388039,0.006049070799010268
2021-2023,lab,random_forest,4,PI,unweighted,MentHlth,-0.005846189808321622,0.006891364365935536
2021-2023,lab,random_forest,4,PI,unweighted,Sex,0.01347779336138386,0.009036902781223625
2021-2023,lab,random_forest,4,PI,unweighted,Age,0.10915801776531091,0.018531925294900164
2021-2023,lab,random_forest,4,PI,unweighted,Education,0.006793361383824237,0.004848747507180591
2021-2023,lab,random_forest,4,PI,unweighted,Income,0.0081103319308088,0.01357936029391066
2021-2023,lab,random_forest,4,PI,weighted,Diabetes_self,0.00030973362962510853,
2021-2023,lab,random_forest,4,PI,weighted,HighChol,0.03226130089468575,
2021-2023,lab,random_forest,4,PI,weighted,BMI,0.06607426469622328,
2021-2023,lab,random_forest,4,PI,weighted,Smoker,0.008580512033767784,
2021-2023,lab,random_forest,4,PI,weighted,Stroke,0.010493394677302804,
2021-2023,lab,random_forest,4,PI,weighted,HeartDiseaseorAttack,-0.0008649184259289288,
2021-2023,lab,random_forest,4,PI,weighted,PhysActivity_LTPA,0.004416058211106411,
2021-2023,lab,random_forest,4,PI,weighted,AnyHealthcare,0.005324718134448281,
2021-2023,lab,random_forest,4,PI,weighted,GenHlth,0.017679345063748363,
2021-2023,lab,random_forest,4,PI,weighted,MentHlth,-0.00457682987385456,
2021-2023,lab,random_forest,4,PI,weighted,Sex,0.038748589090450966,
2021-2023,lab,random_forest,4,PI,weighted,Age,0.1321605277416949,
2021-2023,lab,random_forest,4,PI,weighted,Education,0.013226827241966232,
2021-2023,lab,random_forest,4,PI,weighted,Income,0.014795241297830474,
2021-2023,lab,logistic_regression,4,SHAP,unweighted,Diabetes_self,0.015945647555008095,
2021-2023,lab,logistic_regression,4,SHAP,unweighted,HighChol,0.01924192667404147,
2021-2023,lab,logistic_regression,4,SHAP,unweighted,BMI,0.14668749594517086,
2021-2023,lab,logistic_regression,4,SHAP,unweighted,Smoker,0.007450283969351716,
2021-2023,lab,logistic_regression,4,SHAP,unweighted,Stroke,0.0338970365074815,
2021-2023,lab,logistic_regression,4,SHAP,unweighted,HeartDiseaseorAttack,0.0328860284665497,
2021-2023,lab,logistic_regression,4,SHAP,unweighted,PhysActivity_LTPA,0.06640465720273037,
2021-2023,lab,logistic_regression,4,SHAP,unweighted,AnyHealthcare,0.05730943477303318,
2021-2023,lab,logistic_regression,4,SHAP,unweighted,GenHlth,0.022408464463234922,
2021-2023,lab,logistic_regression,4,SHAP,unweighted,MentHlth,0.041588646424889526,
2021-2023,lab,logistic_regression,4,SHAP,unweighted,Sex,0.004401085159740868,
2021-2023,lab,logistic_regression,4,SHAP,unweighted,Age,0.5639994390973828,
2021-2023,lab,logistic_regression,4,SHAP,unweighted,Education,0.0444294625000698,
2021-2023,lab,logistic_regression,4,SHAP,unweighted,Income,0.11240495689180748,
2021-2023,lab,logistic_regression,4,SHAP,weighted,Diabetes_self,0.014197338088622299,
2021-2023,lab,logistic_regression,4,SHAP,weighted,HighChol,0.018867293053875838,
2021-2023,lab,logistic_regression,4,SHAP,weighted,BMI,0.14866634135485296,
2021-2023,lab,logistic_regression,4,SHAP,weighted,Smoker,0.007390783505433161,
2021-2023,lab,logistic_regression,4,SHAP,weighted,Stroke,0.030146979672421786,
2021-2023,lab,logistic_regression,4,SHAP,weighted,HeartDiseaseorAttack,0.029949844366134324,
2021-2023,lab,logistic_regression,4,SHAP,weighted,PhysActivity_LTPA,0.061637736237998224,
2021-2023,lab,logistic_regression,4,SHAP,weighted,AnyHealthcare,0.06159343211970751,
2021-2023,lab,logistic_regression,4,SHAP,weighted,GenHlth,0.022432152786877817,
2021-2023,lab,logistic_regression,4,SHAP,weighted,MentHlth,0.04004565129033031,
2021-2023,lab,logistic_regression,4,SHAP,weighted,Sex,0.004408937181563422,
2021-2023,lab,logistic_regression,4,SHAP,weighted,Age,0.5875315440415521,
2021-2023,lab,logistic_regression,4,SHAP,weighted,Education,0.04185711917713933,
2021-2023,lab,logistic_regression,4,SHAP,weighted,Income,0.11349266430320143,
2021-2023,lab,logistic_regression,4,PI,unweighted,Diabetes_self,0.0006451612903225823,0.0011310297419156877
2021-2023,lab,logistic_regression,4,PI,unweighted,HighChol,0.0006965871902758214,0.0008313263029840509
2021-2023,lab,logistic_regression,4,PI,unweighted,BMI,-0.004970546984572233,0.004031131307227527
2021-2023,lab,logistic_regression,4,PI,unweighted,Smoker,-0.00026741467975688327,0.00022835082861148175
2021-2023,lab,logistic_regression,4,PI,unweighted,Stroke,0.010048620850864887,0.003337877588865546
2021-2023,lab,logistic_regression,4,PI,unweighted,HeartDiseaseorAttack,0.0016035530621785865,0.0018826142909049203
2021-2023,lab,logistic_regression,4,PI,unweighted,PhysActivity_LTPA,0.0021299672744273246,0.0018756241792626718
2021-2023,lab,logistic_regression,4,PI,unweighted,AnyHealthcare,0.007446470313230491,0.0035111083284319307
2021-2023,lab,logistic_regression,4,PI,unweighted,GenHlth,-0.0003216456287984948,0.0007117704203916084
2021-2023,lab,logistic_regression,4,PI,unweighted,MentHlth,0.0002767648433847247,0.0015143235890507126
2021-2023,lab,logistic_regression,4,PI,unweighted,Sex,-0.0002842449742870734,0.00019461821486475213
2021-2023,lab,logistic_regression,4,PI,unweighted,Age,0.15327302477793361,0.02486805933511888
2021-2023,lab,logistic_regression,4,PI,unweighted,Education,0.00460776063581112,0.0019875544976027636
2021-2023,lab,logistic_regression,4,PI,unweighted,Income,0.013261337073398771,0.0019904609795807406
2021-2023,lab,logistic_regression,4,PI,weighted,Diabetes_self,0.0009296597795098949,
2021-2023,lab,logistic_regression,4,PI,weighted,HighChol,1.3077653633952746e-05,
2021-2023,lab,logistic_regression,4,PI,weighted,BMI,0.018292483287114737,
2021-2023,lab,logistic_regression,4,PI,weighted,Smoker,6.319124202953663e-05,
2021-2023,lab,logistic_regression,4,PI,weighted,Stroke,0.00853081582142442,
2021-2023,lab,logistic_regression,4,PI,weighted,HeartDiseaseorAttack,0.002705499214553131,
2021-2023,lab,logistic_regression,4,PI,weighted,PhysActivity_LTPA,-0.0012815321482645304,
2021-2023,lab,logistic_regression,4,PI,weighted,AnyHealthcare,0.010569638194104003,
2021-2023,lab,logistic_regression,4,PI,weighted,GenHlth,-0.0009783501421311124,
2021-2023,lab,logistic_regression,4,PI,weighted,MentHlth,-0.0005688379481359141,
2021-2023,lab,logistic_regression,4,PI,weighted,Sex,-0.0003290811786015979,
2021-2023,lab,logistic_regression,4,PI,weighted,Age,0.15262912195079315,
2021-2023,lab,logistic_regression,4,PI,weighted,Education,0.0018568139864810207,
2021-2023,lab,logistic_regression,4,PI,weighted,Income,0.011771764385964245,
2021-2023,total,xgboost,4,SHAP,unweighted,Diabetes_self,0.12138878554105759,
2021-2023,total,xgboost,4,SHAP,unweighted,HighChol,0.35742488503456116,
2021-2023,total,xgboost,4,SHAP,unweighted,BMI,0.5068689584732056,
2021-2023,total,xgboost,4,SHAP,unweighted,Smoker,0.06704653799533844,
2021-2023,total,xgboost,4,SHAP,unweighted,Stroke,0.02482692338526249,
2021-2023,total,xgboost,4,SHAP,unweighted,HeartDiseaseorAttack,0.06115454062819481,
2021-2023,total,xgboost,4,SHAP,unweighted,PhysActivity_LTPA,0.06472829729318619,
2021-2023,total,xgboost,4,SHAP,unweighted,AnyHealthcare,0.024636752903461456,
2021-2023,total,xgboost,4,SHAP,unweighted,GenHlth,0.29200243949890137,
2021-2023,total,xgboost,4,SHAP,unweighted,MentHlth,0.08278956264257431,
2021-2023,total,xgboost,4,SHAP,unweighted,Sex,0.09038349241018295,
2021-2023,total,xgboost,4,SHAP,unweighted,Age,0.828544020652771,
2021-2023,total,xgboost,4,SHAP,unweighted,Education,0.11782265454530716,
2021-2023,total,xgboost,4,SHAP,unweighted,Income,0.10339223593473434,
2021-2023,total,xgboost,4,SHAP,weighted,Diabetes_self,0.10687570184297884,
2021-2023,total,xgboost,4,SHAP,weighted,HighChol,0.36510393333712315,
2021-2023,total,xgboost,4,SHAP,weighted,BMI,0.5118972196245359,
2021-2023,total,xgboost,4,SHAP,weighted,Smoker,0.06775037767088789,
2021-2023,total,xgboost,4,SHAP,weighted,Stroke,0.020552965494733802,
2021-2023,total,xgboost,4,SHAP,weighted,HeartDiseaseorAttack,0.05343597102318791,
2021-2023,total,xgboost,4,SHAP,weighted,PhysActivity_LTPA,0.06106837853123139,
2021-2023,total,xgboost,4,SHAP,weighted,AnyHealthcare,0.027357127560285056,
2021-2023,total,xgboost,4,SHAP,weighted,GenHlth,0.3178060055984389,
2021-2023,total,xgboost,4,SHAP,weighted,MentHlth,0.08227085083229957,
2021-2023,total,xgboost,4,SHAP,weighted,Sex,0.10492718553872576,
2021-2023,total,xgboost,4,SHAP,weighted,Age,0.9185925880128153,
2021-2023,total,xgboost,4,SHAP,weighted,Education,0.1116327790003208,
2021-2023,total,xgboost,4,SHAP,weighted,Income,0.10265729865034902,
2021-2023,total,xgboost,4,PI,unweighted,Diabetes_self,0.009864718080379309,0.0024190448116442683
2021-2023,total,xgboost,4,PI,unweighted,HighChol,0.027130443369211076,0.0033851672330412804
2021-2023,total,xgboost,4,PI,unweighted,BMI,0.019738213576467857,0.012756911282737704
2021-2023,total,xgboost,4,PI,unweighted,Smoker,0.0017324424256389358,0.0018591546290945523
2021-2023,total,xgboost,4,PI,unweighted,Stroke,0.00032970167758369364,0.0011902586377638188
2021-2023,total,xgboost,4,PI,unweighted,HeartDiseaseorAttack,0.00596973985934196,0.002182429225236304
2021-2023,total,xgboost,4,PI,unweighted,PhysActivity_LTPA,0.00047562621375207836,0.0019934682649987434
2021-2023,total,xgboost,4,PI,unweighted,AnyHealthcare,0.0008985879332478631,0.0012079833664885276
2021-2023,total,xgboost,4,PI,unweighted,GenHlth,0.016536651196471585,0.006899467679173961
2021-2023,total,xgboost,4,PI,unweighted,MentHlth,-0.0009123026452935723,0.0024905458504339596
2021-2023,total,xgboost,4,PI,unweighted,Sex,0.003393019760157234,0.002367379232839888
2021-2023,total,xgboost,4,PI,unweighted,Age,0.11100770218228509,0.01646560085460702
2021-2023,total,xgboost,4,PI,unweighted,Education,0.00241433790856137,0.0032424377328335112
2021-2023,total,xgboost,4,PI,unweighted,Income,-0.003703520840876351,0.0027746089647449346
2021-2023,total,xgboost,4,PI,weighted,Diabetes_self,0.005475303284100852,
2021-2023,total,xgboost,4,PI,weighted,HighChol,0.02978564048021313,
2021-2023,total,xgboost,4,PI,weighted,BMI,0.025935571839594773,
2021-2023,total,xgboost,4,PI,weighted,Smoker,0.0009670373442400182,
2021-2023,total,xgboost,4,PI,weighted,Stroke,0.0002505004482123652,
2021-2023,total,xgboost,4,PI,weighted,HeartDiseaseorAttack,0.004348469354768824,
2021-2023,total,xgboost,4,PI,weighted,PhysActivity_LTPA,0.0025896442639140927,
2021-2023,total,xgboost,4,PI,weighted,AnyHealthcare,-0.0016089910050920754,
2021-2023,total,xgboost,4,PI,weighted,GenHlth,0.02023667679362834,
2021-2023,total,xgboost,4,PI,weighted,MentHlth,0.00010879477650743707,
2021-2023,total,xgboost,4,PI,weighted,Sex,0.007179732866526045,
2021-2023,total,xgboost,4,PI,weighted,Age,0.11332123331421395,
2021-2023,total,xgboost,4,PI,weighted,Education,0.00012784725253610628,
2021-2023,total,xgboost,4,PI,weighted,Income,-0.004630717076124513,
2021-2023,total,random_forest,4,SHAP,unweighted,Diabetes_self,0.02944111537234423,
2021-2023,total,random_forest,4,SHAP,unweighted,HighChol,0.07432468981640916,
2021-2023,total,random_forest,4,SHAP,unweighted,BMI,0.06323295892085086,
2021-2023,total,random_forest,4,SHAP,unweighted,Smoker,0.01101501150009084,
2021-2023,total,random_forest,4,SHAP,unweighted,Stroke,0.005313289388326134,
2021-2023,total,random_forest,4,SHAP,unweighted,HeartDiseaseorAttack,0.017715150529052995,
2021-2023,total,random_forest,4,SHAP,unweighted,PhysActivity_LTPA,0.011532697635925569,
2021-2023,total,random_forest,4,SHAP,unweighted,AnyHealthcare,0.0038407937804742485,
2021-2023,total,random_forest,4,SHAP,unweighted,GenHlth,0.04403954005782946,
2021-2023,total,random_forest,4,SHAP,unweighted,MentHlth,0.010213881687824231,
2021-2023,total,random_forest,4,SHAP,unweighted,Sex,0.012323144790459761,
2021-2023,total,random_forest,4,SHAP,unweighted,Age,0.12318887066705417,
2021-2023,total,random_forest,4,SHAP,unweighted,Education,0.02097911210042299,
2021-2023,total,random_forest,4,SHAP,unweighted,Income,0.013360727893049647,
2021-2023,total,random_forest,4,SHAP,weighted,Diabetes_self,0.026240710554021926,
2021-2023,total,random_forest,4,SHAP,weighted,HighChol,0.07422265653542362,
2021-2023,total,random_forest,4,SHAP,weighted,BMI,0.06251984307869911,
2021-2023,total,random_forest,4,SHAP,weighted,Smoker,0.010792155021755326,
2021-2023,total,random_forest,4,SHAP,weighted,Stroke,0.004844290221765062,
2021-2023,total,random_forest,4,SHAP,weighted,HeartDiseaseorAttack,0.016047906672876935,
2021-2023,total,random_forest,4,SHAP,weighted,PhysActivity_LTPA,0.010016869682752403,
2021-2023,total,random_forest,4,SHAP,weighted,AnyHealthcare,0.004081709509812299,
2021-2023,total,random_forest,4,SHAP,weighted,GenHlth,0.04602098197149376,
2021-2023,total,random_forest,4,SHAP,weighted,MentHlth,0.009706240903348862,
2021-2023,total,random_forest,4,SHAP,weighted,Sex,0.01278815623391533,
2021-2023,total,random_forest,4,SHAP,weighted,Age,0.1262841588103609,
2021-2023,total,random_forest,4,SHAP,weighted,Education,0.02036325370485981,
2021-2023,total,random_forest,4,SHAP,weighted,Income,0.013143724974717157,
2021-2023,total,random_forest,4,PI,unweighted,Diabetes_self,0.010591323524571383,0.0032890185512905465
2021-2023,total,random_forest,4,PI,unweighted,HighChol,0.030905555006967143,0.00598558882337684
2021-2023,total,random_forest,4,PI,unweighted,BMI,0.022457292386689122,0.00853219491643403
2021-2023,total,random_forest,4,PI,unweighted,Smoker,0.0009405549521082967,0.00204233142694526
2021-2023,total,random_forest,4,PI,unweighted,Stroke,0.0014027407480553312,0.00185081843457613
2021-2023,total,random_forest,4,PI,unweighted,HeartDiseaseorAttack,0.00501409872398324,0.0038182956383805214
2021-2023,total,random_forest,4,PI,unweighted,PhysActivity_LTPA,0.003409203120371418,0.0025625041434844654
2021-2023,total,random_forest,4,PI,unweighted,AnyHealthcare,0.00026003094039043215,0.0012410744759458819
2021-2023,total,random_forest,4,PI,unweighted,GenHlth,0.016157302261281804,0.005791968022384872
2021-2023,total,random_forest,4,PI,unweighted,MentHlth,0.0021743304477579773,0.0019968553107108625
2021-2023,total,random_forest,4,PI,unweighted,Sex,0.008728042746014542,0.004108244500045337
2021-2023,total,random_forest,4,PI,unweighted,Age,0.10680030282084205,0.014673530904420855
2021-2023,total,random_forest,4,PI,unweighted,Education,0.002895998595613558,0.003396805613843773
2021-2023,total,random_forest,4,PI,unweighted,Income,-0.0007115192609415177,0.004516422423729551
2021-2023,total,random_forest,4,PI,weighted,Diabetes_self,0.007786507431425371,
2021-2023,total,random_forest,4,PI,weighted,HighChol,0.040827398304191485,
2021-2023,total,random_forest,4,PI,weighted,BMI,0.036698154668302826,
2021-2023,total,random_forest,4,PI,weighted,Smoker,0.006128933246433132,
2021-2023,total,random_forest,4,PI,weighted,Stroke,0.000876416685036785,
2021-2023,total,random_forest,4,PI,weighted,HeartDiseaseorAttack,0.0059050154151419456,
2021-2023,total,random_forest,4,PI,weighted,PhysActivity_LTPA,0.004498156230645489,
2021-2023,total,random_forest,4,PI,weighted,AnyHealthcare,0.0007683926983953704,
2021-2023,total,random_forest,4,PI,weighted,GenHlth,0.03206193899144779,
2021-2023,total,random_forest,4,PI,weighted,MentHlth,0.0035778978426841634,
2021-2023,total,random_forest,4,PI,weighted,Sex,0.01728966686156471,
2021-2023,total,random_forest,4,PI,weighted,Age,0.11530828192843927,
2021-2023,total,random_forest,4,PI,weighted,Education,0.010610980124413938,
2021-2023,total,random_forest,4,PI,weighted,Income,0.004751363014001064,
2021-2023,total,logistic_regression,4,SHAP,unweighted,Diabetes_self,0.10790881921267148,
2021-2023,total,logistic_regression,4,SHAP,unweighted,HighChol,0.29168791722300147,
2021-2023,total,logistic_regression,4,SHAP,unweighted,BMI,0.33623172933660095,
2021-2023,total,logistic_regression,4,SHAP,unweighted,Smoker,0.0036735614321198456,
2021-2023,total,logistic_regression,4,SHAP,unweighted,Stroke,0.01898569596835375,
2021-2023,total,logistic_regression,4,SHAP,unweighted,HeartDiseaseorAttack,0.059492451704958885,
2021-2023,total,logistic_regression,4,SHAP,unweighted,PhysActivity_LTPA,0.024766878840663618,
2021-2023,total,logistic_regression,4,SHAP,unweighted,AnyHealthcare,0.02572126086495888,
2021-2023,total,logistic_regression,4,SHAP,unweighted,GenHlth,0.24033196426972384,
2021-2023,total,logistic_regression,4,SHAP,unweighted,MentHlth,0.01188915928575107,
2021-2023,total,logistic_regression,4,SHAP,unweighted,Sex,0.07603843297546885,
2021-2023,total,logistic_regression,4,SHAP,unweighted,Age,0.7118910724449575,
2021-2023,total,logistic_regression,4,SHAP,unweighted,Education,0.07016786547957013,
2021-2023,total,logistic_regression,4,SHAP,unweighted,Income,0.02920193907930719,
2021-2023,total,logistic_regression,4,SHAP,weighted,Diabetes_self,0.09607750226645023,
2021-2023,total,logistic_regression,4,SHAP,weighted,HighChol,0.2860088549212392,
2021-2023,total,logistic_regression,4,SHAP,weighted,BMI,0.340767566627299,
2021-2023,total,logistic_regression,4,SHAP,weighted,Smoker,0.0036442231397347848,
2021-2023,total,logistic_regression,4,SHAP,weighted,Stroke,0.016885292916341246,
2021-2023,total,logistic_regression,4,SHAP,weighted,HeartDiseaseorAttack,0.05418074947346199,
2021-2023,total,logistic_regression,4,SHAP,weighted,PhysActivity_LTPA,0.022988965077534975,
2021-2023,total,logistic_regression,4,SHAP,weighted,AnyHealthcare,0.02764397766952997,
2021-2023,total,logistic_regression,4,SHAP,weighted,GenHlth,0.24058602279125624,
2021-2023,total,logistic_regression,4,SHAP,weighted,MentHlth,0.01144805536655917,
2021-2023,total,logistic_regression,4,SHAP,weighted,Sex,0.07617409393484699,
2021-2023,total,logistic_regression,4,SHAP,weighted,Age,0.7415937534483317,
2021-2023,total,logistic_regression,4,SHAP,weighted,Education,0.06610533962186128,
2021-2023,total,logistic_regression,4,SHAP,weighted,Income,0.029484517058445535,
2021-2023,total,logistic_regression,4,PI,unweighted,Diabetes_self,0.005371778414140438,0.0018891157148336999
2021-2023,total,logistic_regression,4,PI,unweighted,HighChol,0.01798657055396462,0.0037298313025474644
2021-2023,total,logistic_regression,4,PI,unweighted,BMI,0.025586166792842015,0.004556911569908801
2021-2023,total,logistic_regression,4,PI,unweighted,Smoker,9.874592673051464e-05,3.1893709563550834e-05
2021-2023,total,logistic_regression,4,PI,unweighted,Stroke,0.0006659864169491825,0.0007180568500460779
2021-2023,total,logistic_regression,4,PI,unweighted,HeartDiseaseorAttack,0.0028872211799040983,0.0016834661050883566
2021-2023,total,logistic_regression,4,PI,unweighted,PhysActivity_LTPA,-0.0002057206806885481,0.00035734339540890813
2021-2023,total,logistic_regression,4,PI,unweighted,AnyHealthcare,-0.0005513314242453826,0.0005103597988677328
2021-2023,total,logistic_regression,4,PI,unweighted,GenHlth,0.01279856928123938,0.003519196607518272
2021-2023,total,logistic_regression,4,PI,unweighted,MentHlth,-0.00010094028065787963,0.00022309684609240327
2021-2023,total,logistic_regression,4,PI,unweighted,Sex,0.0011964714788848308,0.0010353754159260903
2021-2023,total,logistic_regression,4,PI,unweighted,Age,0.12889305816135083,0.014679941627724808
2021-2023,total,logistic_regression,4,PI,unweighted,Education,0.0024905917075364937,0.00120944539461488
2021-2023,total,logistic_regression,4,PI,unweighted,Income,0.0010214717531790596,0.000367061041030918
2021-2023,total,logistic_regression,4,PI,weighted,Diabetes_self,0.003342944783542323,
2021-2023,total,logistic_regression,4,PI,weighted,HighChol,0.015639754847765718,
2021-2023,total,logistic_regression,4,PI,weighted,BMI,0.03698255582811246,
2021-2023,total,logistic_regression,4,PI,weighted,Smoker,9.28153416826838e-05,
2021-2023,total,logistic_regression,4,PI,weighted,Stroke,0.0006615624171183332,
2021-2023,total,logistic_regression,4,PI,weighted,HeartDiseaseorAttack,0.0023479473484891654,
2021-2023,total,logistic_regression,4,PI,weighted,PhysActivity_LTPA,-0.0005356226314182977,
2021-2023,total,logistic_regression,4,PI,weighted,AnyHealthcare,-0.0014093748151945862,
2021-2023,total,logistic_regression,4,PI,weighted,GenHlth,0.010023051267691808,
2021-2023,total,logistic_regression,4,PI,weighted,MentHlth,8.699549749010548e-05,
2021-2023,total,logistic_regression,4,PI,weighted,Sex,0.0001227896188147004,
2021-2023,total,logistic_regression,4,PI,weighted,Age,0.13020681279260513,
2021-2023,total,logistic_regression,4,PI,weighted,Education,0.002321671731163999,
2021-2023,total,logistic_regression,4,PI,weighted,Income,0.0013652978921169455,
