axis,level_1,level_2,cycle,seed,weighting,method,model,label,n_features,size_A1,size_A2,J_A,J_B,J_C,OC_A,size_ratio_A,contradiction_A,A_only_1,A_only_2,spearman,kendall_tau_b,weighted_tau,top5_order_identical,top5,top6,top7,top10,rbo_ext_p90,rbo_ext_p80,rbo_ext_p50
label,diag,lab,2017-2020,0,unweighted,SHAP,xgboost,,14,4,3,0.75,0.5,0.7142857142857143,1.0,0.75,0,HighChol,,0.6483516483516484,0.4725274725274726,0.7039451557912675,0,0.6,0.6666666666666666,0.7142857142857143,0.8,0.8862436811999954,0.8803454857513799,0.9631983887965332
label,diag,total,2017-2020,0,unweighted,SHAP,xgboost,,14,4,4,1.0,0.8,0.8333333333333334,1.0,1.0,0,,,0.9472527472527472,0.8681318681318682,0.9296143142087567,0,0.8,0.8333333333333334,0.8571428571428571,0.9,0.9597853885226264,0.9591352365747534,0.9898673713981332
label,lab,total,2017-2020,0,unweighted,SHAP,xgboost,,14,3,4,0.75,0.42857142857142855,0.5714285714285714,1.0,0.75,0,,HighChol,0.7362637362637363,0.6043956043956044,0.7829133297563392,0,0.8,0.6666666666666666,0.7142857142857143,0.8,0.9025354852009044,0.8986817436131982,0.9694927780010787
label,diag,lab,2017-2020,0,unweighted,SHAP,random_forest,,14,5,3,0.6,0.42857142857142855,0.42857142857142855,1.0,0.6,0,"Diabetes_self,HighChol",,0.5252747252747253,0.42857142857142855,0.6092034356212288,0,0.6,0.5,0.5714285714285714,0.8,0.7908314556642813,0.7340234438466181,0.7923232027846285
label,diag,total,2017-2020,0,unweighted,SHAP,random_forest,,14,5,5,1.0,0.8,0.8,1.0,1.0,0,,,0.8945054945054945,0.7802197802197802,0.8852788003883005,1,1.0,0.8333333333333334,0.7142857142857143,0.9,0.9521873401425636,0.9561420686892386,0.9938630678132632
label,lab,total,2017-2020,0,unweighted,SHAP,random_forest,,14,3,5,0.6,0.5,0.5714285714285714,1.0,0.6,0,,"Diabetes_self,HighChol",0.621978021978022,0.42857142857142855,0.6036569502017688,0,0.6,0.5,0.5714285714285714,0.9,0.7994886295542811,0.7404360686288404,0.7926378729235175
label,diag,lab,2017-2020,0,unweighted,SHAP,logistic_regression,,14,4,4,0.6,0.125,0.1,0.75,1.0,1,HighChol,Sex,0.15604395604395604,0.07692307692307693,0.3801926784449253,0,0.6,0.5,0.42857142857142855,0.6,0.7422040675469079,0.6945958120835937,0.7890482130716507
label,diag,total,2017-2020,0,unweighted,SHAP,logistic_regression,,14,4,4,1.0,0.6,0.7142857142857143,1.0,1.0,0,,,0.8593406593406594,0.6703296703296704,0.7921763352625162,0,0.8,0.8333333333333334,0.8571428571428571,0.9,0.8738492500749597,0.8267845535619196,0.8226382992007993
label,lab,total,2017-2020,0,unweighted,SHAP,logistic_regression,,14,4,4,0.6,0.125,0.2222222222222222,0.75,1.0,1,Sex,HighChol,0.3934065934065934,0.23076923076923078,0.5607861307862929,0,0.8,0.6666666666666666,0.5714285714285714,0.7,0.8127823019735312,0.7819384664101737,0.8413154445381008
model,xgboost,random_forest,2017-2020,0,unweighted,SHAP,,diag,14,4,5,0.8,0.5,0.6666666666666666,1.0,0.8,0,,Diabetes_self,0.9120879120879121,0.7802197802197802,0.8480015367113367,0,1.0,0.8333333333333334,0.8571428571428571,1.0,0.891847378266619,0.845508551526849,0.8288336758185393
model,xgboost,logistic_regression,2017-2020,0,unweighted,SHAP,,diag,14,4,4,1.0,0.3333333333333333,0.5,1.0,1.0,0,,,0.8857142857142857,0.7362637362637363,0.8015093882309365,0,1.0,1.0,0.8571428571428571,0.9,0.8966235853233766,0.8509928621178644,0.8308816400613277
model,random_forest,logistic_regression,2017-2020,0,unweighted,SHAP,,diag,14,5,4,0.8,0.2857142857142857,0.42857142857142855,1.0,0.8,0,Diabetes_self,,0.832967032967033,0.6923076923076924,0.8386612623550561,0,1.0,0.8333333333333334,0.8571428571428571,0.9,0.9190416891257098,0.9119007888828086,0.9529863352251048
model,xgboost,random_forest,2017-2020,0,unweighted,SHAP,,lab,14,3,3,1.0,1.0,1.0,1.0,1.0,0,,,0.9692307692307693,0.9120879120879122,0.9354870094125538,0,0.8,0.8333333333333334,1.0,1.0,0.9540285309999998,0.9433650631111112,0.9753038194444446
model,xgboost,logistic_regression,2017-2020,0,unweighted,SHAP,,lab,14,3,4,0.75,0.25,0.375,1.0,0.75,0,,Sex,0.8153846153846154,0.6923076923076924,0.8606125745764213,1,1.0,0.8333333333333334,0.8571428571428571,0.8,0.9421674842357095,0.9518831009894753,0.9945553456417714
model,random_forest,logistic_regression,2017-2020,0,unweighted,SHAP,,lab,14,3,4,0.75,0.25,0.375,1.0,0.75,0,,Sex,0.745054945054945,0.6043956043956044,0.7927950769041701,0,0.8,0.8333333333333334,0.8571428571428571,0.8,0.9060375152357099,0.9061708307672531,0.9724633317528826
model,xgboost,random_forest,2017-2020,0,unweighted,SHAP,,total,14,4,5,0.8,0.8,1.0,1.0,0.8,0,,Diabetes_self,0.8769230769230769,0.6923076923076924,0.8107929418680246,0,0.8,0.8333333333333334,0.8571428571428571,0.9,0.8738492500749597,0.8267845535619196,0.8226382992007993
model,xgboost,logistic_regression,2017-2020,0,unweighted,SHAP,,total,14,4,4,1.0,0.5,0.5714285714285714,1.0,1.0,0,,,0.8593406593406594,0.7142857142857144,0.8475860443134557,0,1.0,1.0,0.8571428571428571,0.9,0.9130510698249599,0.8877867366730308,0.8724538373952437
model,random_forest,logistic_regression,2017-2020,0,unweighted,SHAP,,total,14,5,4,0.8,0.3333333333333333,0.5714285714285714,1.0,0.8,0,Diabetes_self,,0.8461538461538461,0.6703296703296704,0.7701821542568539,0,0.8,0.8333333333333334,0.8571428571428571,0.8,0.8699796993817175,0.8228608072640462,0.8223533641380322
label,diag,lab,2017-2020,0,unweighted,PI,xgboost,,14,4,2,0.5,0.3333333333333333,0.5555555555555556,1.0,0.5,0,"GenHlth,HighChol",,0.5193398700110928,0.3708099243547831,0.6599371863834125,0,0.6,0.8333333333333334,0.7142857142857143,0.7,0.8776431197060033,0.8754269903548397,0.9645207128483496
label,diag,total,2017-2020,0,unweighted,PI,xgboost,,14,4,3,0.75,0.6,0.8571428571428571,1.0,0.75,0,HighChol,,0.9130918616621572,0.8397918225669414,0.9341046917648224,1,1.0,1.0,1.0,0.8,0.9703626787714239,0.9792667464497928,0.9989808788758984
label,lab,total,2017-2020,0,unweighted,PI,xgboost,,14,2,3,0.6666666666666666,0.25,0.4444444444444444,1.0,0.6666666666666666,0,,GenHlth,0.5408441232768435,0.40229114064090676,0.6799681874195651,0,0.6,0.8333333333333334,0.7142857142857143,0.7,0.8804473727583364,0.8799570042308951,0.9651518837065713
label,diag,lab,2017-2020,0,unweighted,PI,random_forest,,14,4,1,0.25,0.125,0.4,1.0,0.25,0,"BMI,GenHlth,HighChol",,0.5039184673234819,0.4115966043420212,0.5914040038178606,0,0.8,0.6666666666666666,0.5714285714285714,0.8,0.7867949556642813,0.7186634438466183,0.7595107027846284
label,diag,total,2017-2020,0,unweighted,PI,random_forest,,14,4,2,0.5,0.4,0.875,1.0,0.5,0,"GenHlth,HighChol",,0.96653952824377,0.8671824188679005,0.9158712076208295,0,0.8,1.0,1.0,1.0,0.9411588925523331,0.9275370467649442,0.9513039139137773
label,lab,total,2017-2020,0,unweighted,PI,random_forest,,14,1,2,0.5,0.25,0.5,1.0,0.5,0,,BMI,0.4309415942645239,0.32586326685723366,0.5641187095223987,0,0.6,0.6666666666666666,0.5714285714285714,0.8,0.792083810310289,0.737032183010078,0.7942314643364448
label,diag,lab,2017-2020,0,unweighted,PI,logistic_regression,,14,4,1,0.25,0.16666666666666666,0.6,1.0,0.25,0,"BMI,GenHlth,HighChol",,0.5054867366041315,0.44020438924006655,0.6624752496904914,0,0.6,0.6666666666666666,0.5714285714285714,0.8,0.8428687026119481,0.8204160966372294,0.9192961985930737
label,diag,total,2017-2020,0,unweighted,PI,logistic_regression,,14,4,2,0.5,0.5,1.0,1.0,0.5,0,"GenHlth,HighChol",,0.9040381268792769,0.7978078253584685,0.8885340550304424,0,1.0,1.0,0.8571428571428571,0.9,0.9368406163233765,0.9272645918956421,0.9556646261724387
label,lab,total,2017-2020,0,unweighted,PI,logistic_regression,,14,1,2,0.5,0.2857142857142857,0.6,1.0,0.5,0,,BMI,0.5528320974607738,0.4852307867486035,0.7250567449530572,0,0.6,0.6666666666666666,0.7142857142857143,0.8,0.8774607168976623,0.8705725918753247,0.9620789366883117
model,xgboost,random_forest,2017-2020,0,unweighted,PI,,diag,14,4,4,1.0,0.5,0.75,1.0,1.0,0,,,0.8854726269083699,0.834626447693543,0.9007402863602566,0,1.0,0.8333333333333334,0.8571428571428571,0.9,0.9361429773775278,0.924776454828667,0.9537804087730847
model,xgboost,logistic_regression,2017-2020,0,unweighted,PI,,diag,14,4,4,1.0,0.25,0.6666666666666666,1.0,1.0,0,,,0.8596732316353835,0.7191465199607915,0.8266850690540299,0,0.8,0.6666666666666666,0.8571428571428571,0.9,0.9072007661275279,0.8922269081620005,0.944437960856418
model,random_forest,logistic_regression,2017-2020,0,unweighted,PI,,diag,14,4,4,1.0,0.25,0.6666666666666666,1.0,1.0,0,,,0.819214796456036,0.7053083673458924,0.8441631144119477,0,0.8,0.8333333333333334,0.7142857142857143,0.9,0.9364549060385712,0.9370870211860318,0.9874054439484127
model,xgboost,random_forest,2017-2020,0,unweighted,PI,,lab,14,2,1,0.5,0.5714285714285714,0.75,1.0,0.5,0,BMI,,0.8685130592100404,0.7191465199607915,0.8120891281828475,0,0.8,0.8333333333333334,0.8571428571428571,0.8,0.8709816226833766,0.8225164506689755,0.8222010845057721
model,xgboost,logistic_regression,2017-2020,0,unweighted,PI,,lab,14,2,1,0.5,0.25,0.5,1.0,0.5,0,BMI,,0.6456444226625497,0.5380275868489703,0.7335977789579096,0,0.6,0.6666666666666666,0.5714285714285714,0.8,0.8726729556642809,0.8676127771799513,0.9615940361179618
model,random_forest,logistic_regression,2017-2020,0,unweighted,PI,,lab,14,1,1,1.0,0.5714285714285714,0.6666666666666666,1.0,1.0,0,,,0.5759508423217514,0.47155956257150755,0.6641622488910017,0,0.8,0.8333333333333334,0.7142857142857143,0.8,0.8312284699499957,0.7797426057513802,0.8048976075465333
model,xgboost,random_forest,2017-2020,0,unweighted,PI,,total,14,3,2,0.6666666666666666,0.5,0.75,1.0,0.6666666666666666,0,GenHlth,,0.7306914481821843,0.6034367109613602,0.8096387159641223,0,0.8,0.8333333333333334,0.8571428571428571,0.7,0.9203883103457098,0.929086476207253,0.9879906755028827
model,xgboost,logistic_regression,2017-2020,0,unweighted,PI,,total,14,3,2,0.6666666666666666,0.5,0.75,1.0,0.6666666666666666,0,GenHlth,,0.8467189348808515,0.7163254650964891,0.8616046764151755,0,0.8,0.6666666666666666,0.8571428571428571,0.8,0.9241807721840507,0.9301636709178793,0.986341739857365
model,random_forest,logistic_regression,2017-2020,0,unweighted,PI,,total,14,2,2,1.0,0.6,0.7777777777777778,1.0,1.0,0,,,0.8415367255147835,0.7284332318490364,0.8722285655417055,1,1.0,0.8333333333333334,0.8571428571428571,0.9,0.9460416891257095,0.9545674555494752,0.9946530018917714
method,SHAP,PI,2017-2020,0,unweighted,,xgboost,diag,14,4,4,1.0,0.75,0.8571428571428571,1.0,1.0,0,,,0.8184823434658374,0.6850933289361891,0.8431353098149102,0,0.8,0.8333333333333334,0.8571428571428571,0.8,0.9371967303817175,0.9417992037084908,0.9888030169158099
method,SHAP,PI,2017-2020,0,unweighted,,xgboost,lab,14,3,2,0.6666666666666666,0.42857142857142855,0.625,1.0,0.6666666666666666,0,GenHlth,,0.8189925295335059,0.6481357265881276,0.8119893599235444,0,0.8,1.0,0.8571428571428571,0.8,0.9238317882366187,0.9227740255179602,0.9753289015129836
method,SHAP,PI,2017-2020,0,unweighted,,xgboost,total,14,4,3,0.75,0.42857142857142855,0.5714285714285714,1.0,0.75,0,HighChol,,0.8549450549450549,0.6923076923076924,0.8725558966603641,1,1.0,0.8333333333333334,1.0,0.9,0.961780295360674,0.9695967785777928,0.9964540234071485
method,SHAP,PI,2017-2020,0,unweighted,,random_forest,diag,14,5,4,0.8,0.3333333333333333,0.5714285714285714,1.0,0.8,0,Diabetes_self,,0.6800419791956445,0.5344015374529363,0.7583380706557408,0,0.8,0.8333333333333334,0.8571428571428571,0.7,0.8696034180440506,0.8457025625801016,0.862925941246254
method,SHAP,PI,2017-2020,0,unweighted,,random_forest,lab,14,3,1,0.3333333333333333,0.375,0.625,1.0,0.3333333333333333,0,"BMI,GenHlth",,0.7106714971491007,0.55249462010983,0.7182848610987391,0,0.8,0.6666666666666666,0.8571428571428571,0.7,0.8310834905957099,0.7788682930961418,0.8038001373084381
method,SHAP,PI,2017-2020,0,unweighted,,random_forest,total,14,5,2,0.4,0.14285714285714285,0.625,1.0,0.4,0,"Diabetes_self,GenHlth,HighChol",,0.6600505831011273,0.4916891718944416,0.7282313906958998,0,1.0,0.8333333333333334,0.8571428571428571,0.6,0.8518512131540508,0.816735541353435,0.8274116183295873
method,SHAP,PI,2017-2020,0,unweighted,,logistic_regression,diag,14,4,4,1.0,0.5,0.75,1.0,1.0,0,,,0.8719731783442987,0.7151842500282787,0.8237709238167418,0,1.0,0.8333333333333334,1.0,0.8,0.8869080137723331,0.8439014007560555,0.8295374208582217
method,SHAP,PI,2017-2020,0,unweighted,,logistic_regression,lab,14,4,1,0.25,0.25,0.625,1.0,0.25,0,"BMI,GenHlth,Sex",,0.7182891470685338,0.6012325878048522,0.7861147577651062,0,0.8,0.6666666666666666,0.7142857142857143,0.8,0.9035122778469122,0.8982243565544359,0.9692309006640061
method,SHAP,PI,2017-2020,0,unweighted,,logistic_regression,total,14,4,2,0.5,0.3333333333333333,0.75,1.0,0.5,0,"GenHlth,HighChol",,0.8867214042453011,0.7390659560519333,0.8500314467621994,0,0.8,0.8333333333333334,1.0,0.9,0.903658295360674,0.8732127785777928,0.8652040234071485
label,diag,lab,2017-2020,0,weighted,SHAP,xgboost,,14,4,3,0.75,0.42857142857142855,0.5714285714285714,1.0,0.75,0,HighChol,,0.6571428571428571,0.4945054945054945,0.712667279346719,0,0.6,0.6666666666666666,0.7142857142857143,0.8,0.8862436811999954,0.8803454857513799,0.9631983887965332
label,diag,total,2017-2020,0,weighted,SHAP,xgboost,,14,4,4,1.0,1.0,1.0,1.0,1.0,0,,,0.9428571428571428,0.8461538461538461,0.915955059071281,0,0.8,0.8333333333333334,0.8571428571428571,0.9,0.9597853885226264,0.9591352365747534,0.9898673713981332
label,lab,total,2017-2020,0,weighted,SHAP,xgboost,,14,3,4,0.75,0.42857142857142855,0.5714285714285714,1.0,0.75,0,,HighChol,0.7494505494505495,0.6483516483516484,0.8070049956904728,0,0.8,0.6666666666666666,0.7142857142857143,0.9,0.9064096900909044,0.9013660981731981,0.9695904342510787
label,diag,lab,2017-2020,0,weighted,SHAP,random_forest,,14,4,4,0.6,0.125,0.375,0.75,1.0,1,HighChol,Income,0.5164835164835165,0.45054945054945056,0.6212192341796954,0,0.6,0.5,0.5714285714285714,0.8,0.7848527444142812,0.7287805638466182,0.7918349215346285
label,diag,total,2017-2020,0,weighted,SHAP,random_forest,,14,4,4,1.0,0.4,0.625,1.0,1.0,0,,,0.8857142857142857,0.7362637362637363,0.8509663759707925,0,1.0,0.8333333333333334,0.7142857142857143,0.9,0.9225722518418134,0.9120437462572386,0.9521760560945132
label,lab,total,2017-2020,0,weighted,SHAP,random_forest,,14,4,4,0.6,0.3333333333333333,0.5,0.75,1.0,1,Income,HighChol,0.6175824175824175,0.4065934065934066,0.5701424891428075,0,0.6,0.5,0.5714285714285714,0.9,0.7994886295542811,0.7404360686288404,0.7926378729235175
label,diag,lab,2017-2020,0,weighted,SHAP,logistic_regression,,14,4,4,0.6,0.0,0.1,0.75,1.0,1,HighChol,Sex,0.16043956043956045,0.09890109890109891,0.3925094775791991,0,0.6,0.5,0.42857142857142855,0.6,0.7422040675469079,0.6945958120835937,0.7890482130716507
label,diag,total,2017-2020,0,weighted,SHAP,logistic_regression,,14,4,4,1.0,0.8,0.8333333333333334,1.0,1.0,0,,,0.8549450549450549,0.6483516483516484,0.7795027995679509,0,0.8,0.8333333333333334,0.7142857142857143,0.9,0.8662572357892455,0.8192947249904912,0.8215222277722278
label,lab,total,2017-2020,0,weighted,SHAP,logistic_regression,,14,4,4,0.6,0.0,0.2,0.75,1.0,1,Sex,HighChol,0.367032967032967,0.18681318681318684,0.5395509176447325,0,0.8,0.6666666666666666,0.5714285714285714,0.7,0.8127823019735312,0.7819384664101737,0.8413154445381008
model,xgboost,random_forest,2017-2020,0,weighted,SHAP,,diag,14,4,4,1.0,0.5,0.5714285714285714,1.0,1.0,0,,,0.8945054945054945,0.7362637362637363,0.8221850751112963,0,1.0,0.8333333333333334,0.8571428571428571,1.0,0.8858686670166189,0.8402656715268491,0.8283453945685393
model,xgboost,logistic_regression,2017-2020,0,weighted,SHAP,,diag,14,4,4,1.0,0.6666666666666666,0.6666666666666666,1.0,1.0,0,,,0.8681318681318682,0.7142857142857144,0.7923946837718149,0,1.0,1.0,0.8571428571428571,0.9,0.8966235853233766,0.8509928621178644,0.8308816400613277
model,random_forest,logistic_regression,2017-2020,0,weighted,SHAP,,diag,14,4,4,1.0,0.2857142857142857,0.375,1.0,1.0,0,,,0.7802197802197802,0.6263736263736264,0.8034619202103603,0,1.0,0.8333333333333334,0.7142857142857143,0.9,0.9114496748399954,0.9044109603113799,0.9518702637965333
model,xgboost,random_forest,2017-2020,0,weighted,SHAP,,lab,14,3,4,0.75,0.6666666666666666,0.8333333333333334,1.0,0.75,0,,Income,0.9692307692307693,0.9120879120879122,0.9354870094125538,0,0.8,0.8333333333333334,1.0,1.0,0.9540285309999998,0.9433650631111112,0.9753038194444446
model,xgboost,logistic_regression,2017-2020,0,weighted,SHAP,,lab,14,3,4,0.75,0.2857142857142857,0.5,1.0,0.75,0,,Sex,0.8373626373626375,0.7142857142857144,0.8717004247948583,1,1.0,0.8333333333333334,0.8571428571428571,0.8,0.9469504532357096,0.9556113712116976,0.9947723595306603
model,random_forest,logistic_regression,2017-2020,0,weighted,SHAP,,lab,14,4,4,0.6,0.125,0.375,0.75,1.0,1,Income,Sex,0.7714285714285714,0.6263736263736264,0.8044086441588262,0,0.8,0.8333333333333334,0.8571428571428571,0.8,0.9108204842357097,0.9098991009894752,0.9726803456417714
model,xgboost,random_forest,2017-2020,0,weighted,SHAP,,total,14,4,4,1.0,0.6,0.7142857142857143,1.0,1.0,0,,,0.8593406593406594,0.6263736263736264,0.7569632724808861,0,0.8,0.8333333333333334,0.8571428571428571,0.9,0.8738492500749597,0.8267845535619196,0.8226382992007993
model,xgboost,logistic_regression,2017-2020,0,weighted,SHAP,,total,14,4,4,1.0,0.5,0.5714285714285714,1.0,1.0,0,,,0.8197802197802198,0.6923076923076924,0.8374862112522483,0,1.0,1.0,0.8571428571428571,0.8,0.9091768649349599,0.8851023821130308,0.8723561811452437
model,random_forest,logistic_regression,2017-2020,0,weighted,SHAP,,total,14,4,4,1.0,0.75,0.8571428571428571,1.0,1.0,0,,,0.8769230769230769,0.7142857142857144,0.8172150533900182,0,0.8,0.8333333333333334,1.0,0.8,0.8775717136674317,0.8303506358354749,0.8234694355666036
label,diag,lab,2017-2020,0,weighted,PI,xgboost,,14,3,1,0.3333333333333333,0.0,0.4166666666666667,1.0,0.3333333333333333,0,"BMI,GenHlth",,0.24160164558626146,0.15718652085716917,0.4175959502145278,0,0.4,0.5,0.5714285714285714,0.8,0.7508953103102889,0.6841255163434113,0.769752297669778
label,diag,total,2017-2020,0,weighted,PI,xgboost,,14,3,3,1.0,0.6,0.75,1.0,1.0,0,,,0.895490090834935,0.7513926833493687,0.8544005547319059,0,0.8,0.8333333333333334,0.8571428571428571,0.9,0.9046600806257097,0.8723974857716974,0.8645965782806604
label,lab,total,2017-2020,0,weighted,PI,xgboost,,14,1,3,0.3333333333333333,0.0,0.4166666666666667,1.0,0.3333333333333333,0,,"BMI,GenHlth",0.08692671206561874,0.04809860702438818,0.41081921251878917,0,0.4,0.3333333333333333,0.42857142857142855,0.7,0.766630163936908,0.7385875301991492,0.890860279043873
label,diag,lab,2017-2020,0,weighted,PI,random_forest,,14,4,1,0.25,0.4,0.6,1.0,0.25,0,"BMI,GenHlth,HighChol",,0.39885800421925455,0.3510107635810227,0.5556144901380368,0,0.4,0.5,0.42857142857142855,0.8,0.7411307611285669,0.6755784650529674,0.7686268362171682
label,diag,total,2017-2020,0,weighted,PI,random_forest,,14,4,3,0.75,0.2,0.6666666666666666,1.0,0.75,0,HighChol,,0.8973415481616526,0.7978078253584684,0.882934727844044,0,1.0,1.0,0.8571428571428571,0.9,0.9216448693757098,0.894461272438364,0.872962463697327
label,lab,total,2017-2020,0,weighted,PI,random_forest,,14,1,3,0.3333333333333333,0.0,0.5833333333333334,1.0,0.3333333333333333,0,,"BMI,GenHlth",0.5068221089274098,0.44559367029645347,0.6534953344507479,0,0.4,0.5,0.5714285714285714,0.8,0.799065114311198,0.7660777742052295,0.8947966868743236
label,diag,lab,2017-2020,0,weighted,PI,logistic_regression,,14,4,1,0.25,0.14285714285714285,0.5,1.0,0.25,0,"BMI,GenHlth,HighChol",,0.3125851861322261,0.25153125820901295,0.4632975655556423,0,0.4,0.6666666666666666,0.5714285714285714,0.7,0.7489051782226221,0.6879226921039111,0.7721846838057776
label,diag,total,2017-2020,0,weighted,PI,logistic_regression,,14,4,2,0.5,0.4,0.875,1.0,0.5,0,"GenHlth,HighChol",,0.8751429298910332,0.7528565130839536,0.8424685078796972,0,1.0,1.0,0.8571428571428571,0.9,0.8892208738258689,0.8470723278681822,0.8308315599331226
label,lab,total,2017-2020,0,weighted,PI,logistic_regression,,14,1,2,0.5,0.2857142857142857,0.6,1.0,0.5,0,,BMI,0.44643858117495155,0.3468729675471602,0.597966119750949,0,0.4,0.6666666666666666,0.7142857142857143,0.7,0.7967142235083364,0.7716842504531173,0.8980837413454601
model,xgboost,random_forest,2017-2020,0,weighted,PI,,diag,14,3,4,0.75,0.3333333333333333,0.625,1.0,0.75,0,,HighChol,0.7864687779198712,0.6859943405700353,0.8357852740123226,0,0.8,0.6666666666666666,0.7142857142857143,0.9,0.9294176590909042,0.9306943683954203,0.9854324481399677
model,xgboost,logistic_regression,2017-2020,0,weighted,PI,,diag,14,3,4,0.75,0.16666666666666666,0.5555555555555556,1.0,0.75,0,,HighChol,0.7279735682819383,0.611111111111111,0.744967237678014,0,0.8,0.6666666666666666,0.7142857142857143,0.9,0.8514389478409046,0.8027848217287537,0.818277500223301
model,random_forest,logistic_regression,2017-2020,0,weighted,PI,,diag,14,4,4,1.0,0.4,0.625,1.0,1.0,0,,,0.8621121681582748,0.7545937746270389,0.8449940814930763,0,1.0,1.0,0.8571428571428571,0.9,0.8920297810749598,0.8503629500063641,0.8312754519785771
model,xgboost,random_forest,2017-2020,0,weighted,PI,,lab,14,1,1,1.0,0.2,0.6666666666666666,1.0,1.0,0,,,0.7011463858867671,0.6032210192675023,0.7288856655249244,0,0.8,0.8333333333333334,0.7142857142857143,0.9,0.8720029827369122,0.8435647111144358,0.9146410569140062
model,xgboost,logistic_regression,2017-2020,0,weighted,PI,,lab,14,1,1,1.0,0.3333333333333333,0.6363636363636364,1.0,1.0,0,,,0.6650176904601358,0.5101144168382755,0.6055566353079231,0,0.6,0.6666666666666666,0.7142857142857143,0.7,0.7593595840083365,0.6833438842308951,0.7390776649565712
model,random_forest,logistic_regression,2017-2020,0,weighted,PI,,lab,14,1,1,1.0,0.6,0.8,1.0,1.0,0,,,0.5827470840865733,0.48263979992390627,0.5723480472821181,0,0.6,0.6666666666666666,0.5714285714285714,0.7,0.7350271782226221,0.6616400254372444,0.736768017139111
model,xgboost,random_forest,2017-2020,0,weighted,PI,,total,14,3,3,1.0,0.5,0.7777777777777778,1.0,1.0,0,,,0.8013323132632415,0.7151842500282787,0.8712269072625719,1,1.0,0.8333333333333334,0.8571428571428571,0.8,0.9481461954857096,0.9571259809894752,0.9950436268917714
model,xgboost,logistic_regression,2017-2020,0,weighted,PI,,total,14,3,2,0.6666666666666666,0.6,0.875,1.0,0.6666666666666666,0,GenHlth,,0.7439366103848826,0.6257862187747439,0.8058975670607011,0,1.0,0.8333333333333334,0.8571428571428571,0.7,0.8934870982940506,0.8710577128023236,0.8698812363851428
model,random_forest,logistic_regression,2017-2020,0,weighted,PI,,total,14,3,2,0.6666666666666666,0.5,0.8888888888888888,1.0,0.6666666666666666,0,GenHlth,,0.9290465631929049,0.8409090909090908,0.904183829773558,0,1.0,1.0,1.0,0.9,0.9345792225583407,0.9049605815906263,0.8741323143544824
method,SHAP,PI,2017-2020,0,weighted,,xgboost,diag,14,4,3,0.75,0.5,0.7142857142857143,1.0,0.75,0,HighChol,,0.8184823434658374,0.6850933289361891,0.8489008358452219,0,0.8,0.8333333333333334,0.8571428571428571,0.8,0.9371967303817175,0.9417992037084908,0.9888030169158099
method,SHAP,PI,2017-2020,0,weighted,,xgboost,lab,14,3,1,0.3333333333333333,0.14285714285714285,0.45454545454545453,1.0,0.3333333333333333,0,"BMI,GenHlth",,0.542148177882938,0.40883815970729953,0.6113294606841189,0,0.8,0.6666666666666666,0.7142857142857143,0.7,0.7885260848099955,0.7315644343024911,0.7858654894909778
method,SHAP,PI,2017-2020,0,weighted,,xgboost,total,14,4,3,0.75,0.2857142857142857,0.5,1.0,0.75,0,HighChol,,0.7186813186813187,0.5384615384615384,0.7592485791427017,0,0.8,0.8333333333333334,0.7142857142857143,0.7,0.8759428880092455,0.8491361420927133,0.8625595541611167
method,SHAP,PI,2017-2020,0,weighted,,random_forest,diag,14,4,4,1.0,0.3333333333333333,0.5,1.0,1.0,0,,,0.7444904020605912,0.6026230103192687,0.7735462547541629,0,1.0,0.8333333333333334,0.8571428571428571,0.8,0.8675523959349598,0.8277847785574752,0.8278683339230215
method,SHAP,PI,2017-2020,0,weighted,,random_forest,lab,14,4,1,0.25,0.14285714285714285,0.36363636363636365,1.0,0.25,0,"BMI,GenHlth,Income",,0.33553914519717704,0.26856632724128343,0.4815170309699419,0,0.4,0.3333333333333333,0.5714285714285714,0.6,0.7193692620826221,0.6581501242105777,0.7663904129724444
method,SHAP,PI,2017-2020,0,weighted,,random_forest,total,14,4,3,0.75,0.25,0.7777777777777778,1.0,0.75,0,HighChol,,0.6335602586957308,0.4693396640810579,0.7116751158520267,0,1.0,0.8333333333333334,0.8571428571428571,0.6,0.8518512131540508,0.816735541353435,0.8274116183295873
method,SHAP,PI,2017-2020,0,weighted,,logistic_regression,diag,14,4,4,1.0,0.3333333333333333,0.5,1.0,1.0,0,,,0.7722776950443788,0.6187939745230095,0.8047370293492762,0,1.0,0.8333333333333334,0.8571428571428571,0.8,0.9157221999358689,0.9097370364192934,0.952912723127567
method,SHAP,PI,2017-2020,0,weighted,,logistic_regression,lab,14,4,1,0.25,0.125,0.5555555555555556,1.0,0.25,0,"BMI,GenHlth,Sex",,0.5867028840119287,0.4434395736311599,0.7105643710145629,0,0.8,0.8333333333333334,0.7142857142857143,0.7,0.8558076925083364,0.8447031873420061,0.9290299219010159
method,SHAP,PI,2017-2020,0,weighted,,logistic_regression,total,14,4,2,0.5,0.3333333333333333,0.75,1.0,0.5,0,"GenHlth,HighChol",,0.8101624213983737,0.6481357265881276,0.8102638761195378,0,0.8,0.8333333333333334,0.8571428571428571,0.8,0.8874091071849599,0.8593103252241419,0.8637732818396882
label,diag,lab,2017-2020,1,unweighted,SHAP,xgboost,,14,4,4,0.6,0.3333333333333333,0.7142857142857143,0.75,1.0,1,HighChol,Sex,0.6571428571428571,0.4725274725274726,0.6654632333212692,0,0.6,0.6666666666666666,0.8571428571428571,0.8,0.8668356954857097,0.8451686476561417,0.9226477935584381
label,diag,total,2017-2020,1,unweighted,SHAP,xgboost,,14,4,4,1.0,1.0,1.0,1.0,1.0,0,,,0.9736263736263736,0.8901098901098902,0.9336379402264721,0,1.0,1.0,0.8571428571428571,0.9,0.954578276928278,0.9423736572606671,0.9568932017418347
label,lab,total,2017-2020,1,unweighted,SHAP,xgboost,,14,4,4,0.6,0.3333333333333333,0.7142857142857143,0.75,1.0,1,Sex,HighChol,0.7098901098901099,0.5384615384615384,0.7199361970687861,0,0.6,0.6666666666666666,0.8571428571428571,0.8,0.8737911993817173,0.8499541405973794,0.9228741974713655
label,diag,lab,2017-2020,1,unweighted,SHAP,random_forest,,14,5,2,0.4,0.25,0.375,1.0,0.4,0,"Diabetes_self,GenHlth,HighChol",,0.6571428571428571,0.4945054945054945,0.6583151097234083,0,0.6,0.8333333333333334,0.8571428571428571,0.7,0.8192091910449597,0.7667324239974752,0.7996456776730216
label,diag,total,2017-2020,1,unweighted,SHAP,random_forest,,14,5,5,1.0,0.42857142857142855,0.3333333333333333,1.0,1.0,0,,,0.8901098901098902,0.7802197802197802,0.8982368587645557,1,1.0,0.8333333333333334,0.8571428571428571,0.8,0.9501202572366185,0.9575636290735157,0.9948167487352059
label,lab,total,2017-2020,1,unweighted,SHAP,random_forest,,14,2,5,0.4,0.42857142857142855,0.5714285714285714,1.0,0.4,0,,"Diabetes_self,GenHlth,HighChol",0.7186813186813187,0.5384615384615384,0.6586475561608975,0,0.6,0.6666666666666666,0.7142857142857143,0.9,0.8200919478409046,0.7608008217287537,0.7964025002233011
label,diag,lab,2017-2020,1,unweighted,SHAP,logistic_regression,,14,4,4,0.6,0.14285714285714285,0.3333333333333333,0.75,1.0,1,HighChol,Sex,0.4153846153846154,0.27472527472527475,0.5313080972962533,0,0.6,0.5,0.42857142857142855,0.8,0.811499049878567,0.7923195850529673,0.9150135549671683
label,diag,total,2017-2020,1,unweighted,SHAP,logistic_regression,,14,4,4,1.0,0.42857142857142855,0.42857142857142855,1.0,1.0,0,,,0.7846153846153847,0.6263736263736264,0.7943426203226003,0,0.8,0.8333333333333334,0.7142857142857143,0.8,0.8976232739509045,0.8872948636131983,0.9455669967510788
label,lab,total,2017-2020,1,unweighted,SHAP,logistic_regression,,14,4,4,0.6,0.3333333333333333,0.5,0.75,1.0,1,Sex,HighChol,0.5648351648351648,0.42857142857142855,0.6715632052957194,0,0.8,0.6666666666666666,0.5714285714285714,0.8,0.8512030794151901,0.8343112181528807,0.9255164635169518
model,xgboost,random_forest,2017-2020,1,unweighted,SHAP,,diag,14,4,5,0.8,0.2857142857142857,0.42857142857142855,1.0,0.8,0,,Diabetes_self,0.9208791208791209,0.8021978021978022,0.8918935916681989,0,1.0,1.0,1.0,0.9,0.9297915993615831,0.9024717031062774,0.8741025792783607
model,xgboost,logistic_regression,2017-2020,1,unweighted,SHAP,,diag,14,4,4,1.0,0.5,0.5714285714285714,1.0,1.0,0,,,0.8373626373626375,0.7142857142857144,0.8674287112796568,1,1.0,1.0,0.8571428571428571,0.8,0.9573513231326265,0.9658152482369755,0.997213291537022
model,random_forest,logistic_regression,2017-2020,1,unweighted,SHAP,,diag,14,5,4,0.8,0.1111111111111111,0.125,1.0,0.8,0,Diabetes_self,,0.7142857142857143,0.5604395604395604,0.7765415053534446,0,1.0,1.0,0.8571428571428571,0.7,0.8957367220449599,0.8749614871085862,0.871824497117466
model,xgboost,random_forest,2017-2020,1,unweighted,SHAP,,lab,14,4,2,0.5,0.5,0.8571428571428571,1.0,0.5,0,"GenHlth,Sex",,0.9340659340659341,0.8241758241758242,0.8662824800793092,0,0.8,0.8333333333333334,1.0,1.0,0.926026607698341,0.9010427530395153,0.933789432410038
model,xgboost,logistic_regression,2017-2020,1,unweighted,SHAP,,lab,14,4,4,1.0,0.16666666666666666,0.4444444444444444,1.0,1.0,0,,,0.6175824175824175,0.5164835164835165,0.7806325528741812,1,1.0,0.8333333333333334,0.7142857142857143,0.6,0.9102804876183364,0.926669499448673,0.9924739323176824
model,random_forest,logistic_regression,2017-2020,1,unweighted,SHAP,,lab,14,2,4,0.5,0.14285714285714285,0.5555555555555556,1.0,0.5,0,,"GenHlth,Sex",0.5032967032967033,0.3406593406593407,0.6373468253367514,0,0.8,0.6666666666666666,0.7142857142857143,0.6,0.8420919876183364,0.8310961661153395,0.9263280989843491
model,xgboost,random_forest,2017-2020,1,unweighted,SHAP,,total,14,4,5,0.8,0.5,0.6666666666666666,1.0,0.8,0,,Diabetes_self,0.9208791208791209,0.7802197802197802,0.8513746469808132,0,1.0,0.8333333333333334,0.8571428571428571,0.9,0.8927561423766188,0.8465524671890712,0.8289530334574281
model,xgboost,logistic_regression,2017-2020,1,unweighted,SHAP,,total,14,4,4,1.0,0.5,0.5714285714285714,1.0,1.0,0,,,0.9340659340659341,0.8461538461538461,0.9104497355626239,0,0.8,0.8333333333333334,0.8571428571428571,1.0,0.9527040942142855,0.9509894745396827,0.9888361855158732
model,random_forest,logistic_regression,2017-2020,1,unweighted,SHAP,,total,14,5,4,0.8,0.42857142857142855,0.5,1.0,0.8,0,Diabetes_self,,0.8769230769230769,0.7142857142857144,0.8124809741048253,0,0.8,0.8333333333333334,0.8571428571428571,0.9,0.8748511733766187,0.8264401969668489,0.8224860195685393
label,diag,lab,2017-2020,1,unweighted,PI,xgboost,,14,4,1,0.25,0.1,0.3333333333333333,1.0,0.25,0,"BMI,GenHlth,HighChol",,0.5641874153920399,0.4775519811733184,0.6687161116309084,0,0.6,0.6666666666666666,0.7142857142857143,0.8,0.8564394281476624,0.833148805208658,0.920900551271645
label,diag,total,2017-2020,1,unweighted,PI,xgboost,,14,4,2,0.5,0.42857142857142855,0.7142857142857143,1.0,0.5,0,"GenHlth,HighChol",,0.8514856637668792,0.7292928985449755,0.8822633473970443,1,1.0,0.8333333333333334,1.0,0.8,0.955738209771424,0.9646158095609039,0.9961596983203428
label,lab,total,2017-2020,1,unweighted,PI,xgboost,,14,1,2,0.5,0.375,0.5555555555555556,1.0,0.5,0,,BMI,0.5940614514097349,0.5153341372126248,0.6838122470270822,0,0.6,0.6666666666666666,0.7142857142857143,0.8,0.8592436811999955,0.8376788190847131,0.9215317221298666
label,diag,lab,2017-2020,1,unweighted,PI,random_forest,,14,3,2,0.6666666666666666,0.2857142857142857,0.5555555555555556,1.0,0.6666666666666666,0,HighChol,,0.7403355593775154,0.584306547468143,0.7755287407259028,0,0.8,0.8333333333333334,0.7142857142857143,0.8,0.9234321858976622,0.9272075287642136,0.9867751172438672
label,diag,total,2017-2020,1,unweighted,PI,random_forest,,14,3,2,0.6666666666666666,0.5,0.75,1.0,0.6666666666666666,0,HighChol,,0.8950325419340112,0.7753298418327284,0.8869545776848979,0,0.8,1.0,0.8571428571428571,0.8,0.9395749106317175,0.9360930205973796,0.9764874787213654
label,lab,total,2017-2020,1,unweighted,PI,random_forest,,14,2,2,1.0,0.42857142857142855,0.5555555555555556,1.0,1.0,0,,,0.7694013303769403,0.6136363636363635,0.788825102936251,0,0.8,0.8333333333333334,0.7142857142857143,0.9,0.9064663024869122,0.9028602275588802,0.9712274284417839
label,diag,lab,2017-2020,1,unweighted,PI,logistic_regression,,14,4,1,0.25,0.16666666666666666,0.6,1.0,0.25,0,"BMI,GenHlth,HighChol",,0.5415998974516668,0.4473770209011738,0.6637547542400091,0,0.6,0.6666666666666666,0.5714285714285714,0.8,0.8446710323626221,0.8252904671083554,0.9200796490835554
label,diag,total,2017-2020,1,unweighted,PI,logistic_regression,,14,4,2,0.5,0.3333333333333333,0.75,1.0,0.5,0,"GenHlth,HighChol",,0.8050660792951542,0.6555555555555556,0.8207275204752988,0,0.8,1.0,0.8571428571428571,0.8,0.9071040152357097,0.900026830767253,0.9490258317528826
label,lab,total,2017-2020,1,unweighted,PI,logistic_regression,,14,1,2,0.5,0.4,0.8,1.0,0.5,0,,BMI,0.42251662190204026,0.30228177087917146,0.6376859190470406,0,0.8,0.6666666666666666,0.5714285714285714,0.7,0.854612497972622,0.8599862085483554,0.9662710553335554
model,xgboost,random_forest,2017-2020,1,unweighted,PI,,diag,14,4,3,0.75,0.5,0.7142857142857143,1.0,0.75,0,GenHlth,,0.9328938538427825,0.8397918225669414,0.9318787040010008,1,1.0,1.0,0.8571428571428571,0.9,0.9698146733766186,0.9764135303001822,0.9980068529018725
model,xgboost,logistic_regression,2017-2020,1,unweighted,PI,,diag,14,4,4,1.0,0.5,0.5714285714285714,1.0,1.0,0,,,0.8228827861726429,0.7071931137405822,0.8570237086481446,0,0.8,0.8333333333333334,0.8571428571428571,0.9,0.9360894931266186,0.9401357134112935,0.988447391096317
model,random_forest,logistic_regression,2017-2020,1,unweighted,PI,,diag,14,3,4,0.75,0.3333333333333333,0.625,1.0,0.75,0,,GenHlth,0.8557268722466961,0.7222222222222222,0.8634797419143416,0,0.8,0.8333333333333334,0.8571428571428571,0.9,0.9458539042717173,0.9482118284907128,0.9891176870546988
model,xgboost,random_forest,2017-2020,1,unweighted,PI,,lab,14,1,2,0.5,0.375,0.5555555555555556,1.0,0.5,0,,BMI,0.6434457854262329,0.5330017908890261,0.7098726784276751,0,0.6,0.6666666666666666,0.7142857142857143,0.8,0.8532649699499955,0.8324359390847131,0.9210434408798666
model,xgboost,logistic_regression,2017-2020,1,unweighted,PI,,lab,14,1,1,1.0,0.2857142857142857,0.5454545454545454,1.0,1.0,0,,,0.5451131355935266,0.47157678628948796,0.6912577466329617,0,0.6,0.5,0.5714285714285714,0.8,0.827242310310289,0.8061095163434111,0.9166272976697781
model,random_forest,logistic_regression,2017-2020,1,unweighted,PI,,lab,14,2,1,0.5,0.14285714285714285,0.5454545454545454,1.0,0.5,0,BMI,,0.3055897089470431,0.23233009432114624,0.550640574284914,0,0.6,0.5,0.5714285714285714,0.8,0.813306171862622,0.7964254999972442,0.916064892139111
model,xgboost,random_forest,2017-2020,1,unweighted,PI,,total,14,2,2,1.0,1.0,1.0,1.0,1.0,0,,,0.9569113349566094,0.8764598212022147,0.9199507823009196,0,0.8,0.8333333333333334,1.0,1.0,0.9454347314492499,0.936690527345778,0.9747951931423612
model,xgboost,logistic_regression,2017-2020,1,unweighted,PI,,total,14,2,2,1.0,0.8,0.875,1.0,1.0,0,,,0.9140969162995596,0.7888888888888889,0.8878117771851917,0,0.8,0.8333333333333334,1.0,0.9,0.9324199756106741,0.9195172621333483,0.9492426518793707
model,random_forest,logistic_regression,2017-2020,1,unweighted,PI,,total,14,2,2,1.0,0.8,0.875,1.0,1.0,0,,,0.8861927143593542,0.7528565130839536,0.8540607353216414,0,0.8,0.8333333333333334,1.0,0.9,0.9060483836614239,0.8863777676764593,0.9329327017925652
method,SHAP,PI,2017-2020,1,unweighted,,xgboost,diag,14,4,4,1.0,0.5,0.5714285714285714,1.0,1.0,0,,,0.7846153846153847,0.6483516483516484,0.8279868037671223,0,0.8,0.8333333333333334,0.7142857142857143,0.7,0.9235579763099955,0.9305677978580467,0.9875798992132
method,SHAP,PI,2017-2020,1,unweighted,,xgboost,lab,14,4,1,0.25,0.25,0.625,1.0,0.25,0,"BMI,GenHlth,Sex",,0.6451067259661969,0.5008471997671388,0.6922711849921062,0,0.6,0.6666666666666666,0.8571428571428571,0.7,0.8495847220449599,0.8320814871085862,0.9218244971174661
method,SHAP,PI,2017-2020,1,unweighted,,xgboost,total,14,4,2,0.5,0.2857142857142857,0.625,1.0,0.5,0,"GenHlth,HighChol",,0.7260730466229203,0.5745944049142231,0.7735144590534011,0,0.8,0.6666666666666666,0.8571428571428571,0.8,0.8922039842357097,0.8819097676561418,0.944034512308438
method,SHAP,PI,2017-2020,1,unweighted,,random_forest,diag,14,5,3,0.6,0.125,0.375,1.0,0.6,0,"Diabetes_self,GenHlth",,0.7304734893297258,0.6187939745230095,0.7783937209682551,0,0.8,0.8333333333333334,0.7142857142857143,0.8,0.8688615937009045,0.8409903800576426,0.8615283682788566
method,SHAP,PI,2017-2020,1,unweighted,,random_forest,lab,14,2,2,1.0,0.42857142857142855,0.5555555555555556,1.0,1.0,0,,,0.43929787972282386,0.35759212501413934,0.6102864017417395,0,0.6,0.6666666666666666,0.7142857142857143,0.6,0.8289699876183363,0.8147121661153394,0.9200780989843491
method,SHAP,PI,2017-2020,1,unweighted,,random_forest,total,14,5,2,0.4,0.1111111111111111,0.375,1.0,0.4,0,"Diabetes_self,GenHlth,HighChol",,0.6732957453038255,0.5140386797078254,0.7399238318691383,0,1.0,0.8333333333333334,0.7142857142857143,0.7,0.8569084037583365,0.8289967340086728,0.8524348698176825
method,SHAP,PI,2017-2020,1,unweighted,,logistic_regression,diag,14,4,4,1.0,0.5,0.5714285714285714,1.0,1.0,0,,,0.906491197601949,0.8176920377625482,0.9094446379695706,1,1.0,0.8333333333333334,0.7142857142857143,0.9,0.9571687822876622,0.9604899135464358,0.9943163498827562
method,SHAP,PI,2017-2020,1,unweighted,,logistic_regression,lab,14,4,1,0.25,0.2,0.7,1.0,0.25,0,"BMI,GenHlth,Sex",,0.39345774934964267,0.31264094565852313,0.5919161583571845,0,0.6,0.5,0.5714285714285714,0.8,0.827242310310289,0.8061095163434111,0.9166272976697781
method,SHAP,PI,2017-2020,1,unweighted,,logistic_regression,total,14,4,2,0.5,0.2857142857142857,0.625,1.0,0.5,0,"GenHlth,HighChol",,0.8756880986543099,0.7292928985449755,0.8654602230206401,0,0.8,0.8333333333333334,0.8571428571428571,0.9,0.9442360850758689,0.9476752078681823,0.9891323411831227
label,diag,lab,2017-2020,1,weighted,SHAP,xgboost,,14,4,3,0.4,0.3333333333333333,0.8571428571428571,0.6666666666666666,0.75,1,"GenHlth,HighChol",Sex,0.6571428571428571,0.4945054945054945,0.6775490793419793,0,0.6,0.6666666666666666,0.8571428571428571,0.9,0.8728777810749597,0.8501496166730305,0.9229421186452438
label,diag,total,2017-2020,1,weighted,SHAP,xgboost,,14,4,4,1.0,1.0,1.0,1.0,1.0,0,,,0.9428571428571428,0.8461538461538461,0.9040561156981877,0,0.8,0.8333333333333334,0.8571428571428571,1.0,0.9344870585166187,0.9180957017490712,0.9482889709574281
label,lab,total,2017-2020,1,weighted,SHAP,xgboost,,14,3,4,0.4,0.3333333333333333,0.8571428571428571,0.6666666666666666,0.75,1,Sex,"GenHlth,HighChol",0.7846153846153847,0.6483516483516484,0.7873613764332896,0,0.8,0.6666666666666666,0.8571428571428571,0.9,0.8939572082726264,0.8709747530191976,0.929266242925911
label,diag,lab,2017-2020,1,weighted,SHAP,random_forest,,14,4,3,0.4,0.0,0.5555555555555556,0.6666666666666666,0.75,1,"GenHlth,HighChol",Income,0.7978021978021977,0.6263736263736264,0.7263248276107007,0,0.6,0.8333333333333334,0.8571428571428571,0.9,0.8375254621266186,0.779213316966849,0.8001227383185393
label,diag,total,2017-2020,1,weighted,SHAP,random_forest,,14,4,4,1.0,0.2,0.5555555555555556,1.0,1.0,0,,,0.9252747252747253,0.8021978021978022,0.9049320700456243,1,1.0,0.8333333333333334,0.7142857142857143,1.0,0.9584232446801546,0.962982004078976,0.99458093989344
label,lab,total,2017-2020,1,weighted,SHAP,random_forest,,14,3,4,0.4,0.2857142857142857,0.5,0.6666666666666666,0.75,1,Income,"GenHlth,HighChol",0.7098901098901099,0.5164835164835165,0.644622176658912,0,0.6,0.6666666666666666,0.7142857142857143,0.9,0.8200919478409046,0.7608008217287537,0.7964025002233011
label,diag,lab,2017-2020,1,weighted,SHAP,logistic_regression,,14,4,4,0.6,0.0,0.3,0.75,1.0,1,HighChol,Sex,0.4065934065934066,0.2967032967032967,0.5559024374744338,0,0.6,0.5,0.42857142857142855,0.7,0.807624844988567,0.7896352304929674,0.9149158987171684
label,diag,total,2017-2020,1,weighted,SHAP,logistic_regression,,14,4,4,1.0,0.3333333333333333,0.5,1.0,1.0,0,,,0.8109890109890111,0.6703296703296704,0.8186516500313243,0,0.8,0.8333333333333334,0.7142857142857143,0.9,0.9014974788409045,0.8899792181731982,0.9456646530010788
label,lab,total,2017-2020,1,weighted,SHAP,logistic_regression,,14,4,4,0.6,0.16666666666666666,0.4444444444444444,0.75,1.0,1,Sex,HighChol,0.5736263736263736,0.45054945054945056,0.6884817353704038,0,0.8,0.6666666666666666,0.5714285714285714,0.8,0.8512030794151901,0.8343112181528807,0.9255164635169518
model,xgboost,random_forest,2017-2020,1,weighted,SHAP,,diag,14,4,4,1.0,0.5,0.75,1.0,1.0,0,,,0.9384615384615385,0.8241758241758242,0.8939548383594084,0,1.0,0.8333333333333334,1.0,0.9,0.9273481566623332,0.8967089624271665,0.8717357715526661
model,xgboost,logistic_regression,2017-2020,1,weighted,SHAP,,diag,14,4,4,1.0,0.6,0.7142857142857143,1.0,1.0,0,,,0.8593406593406594,0.7362637362637363,0.8822299304337448,1,1.0,1.0,0.8571428571428571,0.9,0.9640344352717174,0.9717902249351573,0.9977548398324765
model,random_forest,logistic_regression,2017-2020,1,weighted,SHAP,,diag,14,4,4,1.0,0.2,0.5555555555555556,1.0,1.0,0,,,0.7186813186813187,0.5604395604395604,0.7737996756809065,0,1.0,0.8333333333333334,0.8571428571428571,0.8,0.8913825919340506,0.8684991873623238,0.8694906113851427
model,xgboost,random_forest,2017-2020,1,weighted,SHAP,,lab,14,3,3,0.5,0.5,0.8571428571428571,0.6666666666666666,1.0,1,Sex,Income,0.9340659340659341,0.8241758241758242,0.8662824800793092,0,0.8,0.8333333333333334,1.0,1.0,0.926026607698341,0.9010427530395153,0.933789432410038
model,xgboost,logistic_regression,2017-2020,1,weighted,SHAP,,lab,14,3,4,0.75,0.16666666666666666,0.5555555555555556,1.0,0.75,0,,GenHlth,0.6439560439560439,0.5384615384615384,0.7905634054594612,1,1.0,0.8333333333333334,0.7142857142857143,0.7,0.9141546925083364,0.929353854008673,0.9925715885676825
model,random_forest,logistic_regression,2017-2020,1,weighted,SHAP,,lab,14,3,4,0.4,0.0,0.4444444444444444,0.6666666666666666,0.75,1,Income,"GenHlth,Sex",0.5252747252747253,0.3626373626373627,0.6483868830973504,0,0.8,0.6666666666666666,0.7142857142857143,0.7,0.8459661925083364,0.8337805206753395,0.9264257552343491
model,xgboost,random_forest,2017-2020,1,weighted,SHAP,,total,14,4,4,1.0,0.6,0.7142857142857143,1.0,1.0,0,,,0.8945054945054945,0.7362637362637363,0.8256896146398278,0,0.8,0.8333333333333334,0.8571428571428571,0.9,0.879634142376619,0.8301684671890712,0.8227030334574281
model,xgboost,logistic_regression,2017-2020,1,weighted,SHAP,,total,14,4,4,1.0,0.6,0.7142857142857143,1.0,1.0,0,,,0.9648351648351648,0.8681318681318682,0.938187283280406,1,1.0,1.0,0.8571428571428571,0.9,0.9793852655733766,0.9826306790067532,0.9982536018668832
model,random_forest,logistic_regression,2017-2020,1,weighted,SHAP,,total,14,4,4,1.0,0.6,0.7142857142857143,1.0,1.0,0,,,0.9296703296703297,0.7802197802197802,0.8469436033898246,0,0.8,0.8333333333333334,1.0,0.9,0.8872261566623332,0.8376582957604999,0.8238191048859995
label,diag,lab,2017-2020,1,weighted,PI,xgboost,,14,3,1,0.3333333333333333,0.3333333333333333,0.45454545454545453,1.0,0.3333333333333333,0,"BMI,HighChol",,0.1572471042478079,0.10023520220651762,0.26488802554702595,0,0.2,0.5,0.5714285714285714,0.8,0.7033099905602891,0.608445999898967,0.7069159261420002
label,diag,total,2017-2020,1,weighted,PI,xgboost,,14,3,2,0.6666666666666666,0.5,0.75,1.0,0.6666666666666666,0,HighChol,,0.8338838929396569,0.6408937593274027,0.8161619171572513,0,0.8,1.0,0.8571428571428571,0.8,0.9046174834340506,0.8889852175845459,0.9347466877740317
label,lab,total,2017-2020,1,weighted,PI,xgboost,,14,1,2,0.5,0.2857142857142857,0.45454545454545453,1.0,0.5,0,,BMI,0.30779171207729544,0.21417986803856212,0.361761599186063,0,0.4,0.5,0.5714285714285714,0.9,0.7416963452544403,0.6563060040586585,0.7291202504093129
label,diag,lab,2017-2020,1,weighted,PI,random_forest,,14,3,4,0.75,0.2857142857142857,0.3333333333333333,1.0,0.75,0,,Income,0.6552863436123348,0.5222222222222221,0.7174439540967963,0,0.8,0.8333333333333334,0.7142857142857143,0.8,0.8582284699499956,0.8224092724180467,0.8465642742131999
label,diag,total,2017-2020,1,weighted,PI,random_forest,,14,3,2,0.6666666666666666,0.6,0.875,1.0,0.6666666666666666,0,HighChol,,0.7734849127824787,0.6180165405913052,0.7683384749331224,0,0.8,1.0,0.8571428571428571,0.7,0.8919603142417176,0.8765279691484906,0.9335295794158099
label,lab,total,2017-2020,1,weighted,PI,random_forest,,14,4,2,0.5,0.2857142857142857,0.4444444444444444,1.0,0.5,0,"HighChol,Income",,0.49503034418078645,0.3708099243547831,0.5923206138789252,0,0.6,0.8333333333333334,0.8571428571428571,0.7,0.7978143870440506,0.7391801661356571,0.7839762884684762
label,diag,lab,2017-2020,1,weighted,PI,logistic_regression,,14,3,1,0.3333333333333333,0.5,0.8,1.0,0.3333333333333333,0,"BMI,HighChol",,0.357799864870911,0.2615156459876071,0.5007177396079531,0,0.8,0.6666666666666666,0.5714285714285714,0.7,0.7991590705242813,0.7496746057310625,0.8003744180624064
label,diag,total,2017-2020,1,weighted,PI,logistic_regression,,14,3,3,0.5,0.4,0.875,0.6666666666666666,1.0,1,HighChol,GenHlth,0.8587280161416003,0.7151842500282787,0.8226584016856815,0,0.8,1.0,1.0,0.8,0.8826302446674319,0.8375450322799194,0.8258565883443812
label,lab,total,2017-2020,1,weighted,PI,logistic_regression,,14,1,3,0.3333333333333333,0.16666666666666666,0.7,1.0,0.3333333333333333,0,,"BMI,GenHlth",0.3013460422930923,0.1849989160251521,0.5412294691226207,0,0.6,0.6666666666666666,0.5714285714285714,0.6,0.7926162930826222,0.7609178539883555,0.8349233990835554
model,xgboost,random_forest,2017-2020,1,weighted,PI,,diag,14,3,3,1.0,0.6,0.75,1.0,1.0,0,,,0.9130918616621573,0.7734924681537618,0.8873802114478906,0,0.8,1.0,0.8571428571428571,0.9,0.9528864970226265,0.9558438730191978,0.991277961675911
model,xgboost,logistic_regression,2017-2020,1,weighted,PI,,diag,14,3,3,1.0,0.4,0.6666666666666666,1.0,1.0,0,,,0.8461538461538461,0.6703296703296704,0.823131667761801,0,0.8,0.8333333333333334,0.8571428571428571,0.8,0.8981707874349598,0.8682814754463641,0.8644785769785771
model,random_forest,logistic_regression,2017-2020,1,weighted,PI,,diag,14,3,3,1.0,0.4,0.6666666666666666,1.0,1.0,0,,,0.8096814580522262,0.6408937593274027,0.7983660978927432,0,0.8,0.8333333333333334,0.8571428571428571,0.9,0.8900875698249597,0.8604800700063642,0.8635996707285771
model,xgboost,random_forest,2017-2020,1,weighted,PI,,lab,14,1,4,0.25,0.125,0.16666666666666666,1.0,0.25,0,,"BMI,HighChol,Income",-0.04699110108050313,-0.03779644730092272,0.2500692153580342,0,0.2,0.3333333333333333,0.42857142857142855,0.7,0.652521483686908,0.5649657133102602,0.7016133172383173
model,xgboost,logistic_regression,2017-2020,1,weighted,PI,,lab,14,1,1,1.0,0.16666666666666666,0.5833333333333334,1.0,1.0,0,,,0.19697524033307312,0.14260481918147616,0.3442510790519834,0,0.4,0.3333333333333333,0.5714285714285714,0.7,0.7187687507742813,0.6357657559532849,0.7260797132012952
model,random_forest,logistic_regression,2017-2020,1,weighted,PI,,lab,14,4,1,0.25,0.3333333333333333,0.5,1.0,0.25,0,"BMI,HighChol,Income",,0.3682053260134051,0.27439773622801417,0.476762011877312,0,0.6,0.6666666666666666,0.7142857142857143,0.7,0.7706211158099956,0.711452164080269,0.7793984756020889
model,xgboost,random_forest,2017-2020,1,weighted,PI,,total,14,2,2,1.0,0.8,0.875,1.0,1.0,0,,,0.8596732316353835,0.7303831843351789,0.8489538018705626,0,0.8,1.0,1.0,0.8,0.912015678771424,0.894616079783126,0.9354392122092318
model,xgboost,logistic_regression,2017-2020,1,weighted,PI,,total,14,2,3,0.6666666666666666,0.8,1.0,1.0,0.6666666666666666,0,,GenHlth,0.8773528867846974,0.7528565130839536,0.8710433723348514,0,0.8,0.8333333333333334,1.0,0.9,0.9330483836614241,0.9290444343431261,0.9745993684592318
model,random_forest,logistic_regression,2017-2020,1,weighted,PI,,total,14,2,3,0.6666666666666666,0.6,0.875,1.0,0.6666666666666666,0,,GenHlth,0.8891352549889137,0.7727272727272726,0.8603657222478478,0,0.8,0.8333333333333334,1.0,0.9,0.9092181876623331,0.8883300255382776,0.9329770909971107
method,SHAP,PI,2017-2020,1,weighted,,xgboost,diag,14,4,3,0.75,0.6,0.8571428571428571,1.0,0.75,0,GenHlth,,0.8241758241758241,0.6703296703296704,0.8592346024747433,1,1.0,0.8333333333333334,0.8571428571428571,0.8,0.9503140761849598,0.9594225954463642,0.9952402957285771
method,SHAP,PI,2017-2020,1,weighted,,xgboost,lab,14,3,1,0.3333333333333333,0.14285714285714285,0.45454545454545453,1.0,0.3333333333333333,0,"BMI,Sex",,0.06806217945054371,0.07517640165488822,0.2958563482160929,0,0.4,0.5,0.5714285714285714,0.6,0.7081894733326222,0.6316490042105779,0.7278161942224443
method,SHAP,PI,2017-2020,1,weighted,,xgboost,total,14,4,2,0.5,0.2857142857142857,0.625,1.0,0.5,0,"GenHlth,HighChol",,0.8558861064736847,0.7292928985449755,0.8679852624086579,0,1.0,1.0,0.8571428571428571,0.8,0.9451050343826264,0.9454581282369754,0.982076572787022
method,SHAP,PI,2017-2020,1,weighted,,random_forest,diag,14,4,3,0.75,0.2,0.6666666666666666,1.0,0.75,0,GenHlth,,0.750275481510351,0.5966941897186163,0.7807014388744158,0,0.8,0.8333333333333334,0.7142857142857143,0.8,0.8738383816492457,0.8465776166527135,0.8621689291611166
method,SHAP,PI,2017-2020,1,weighted,,random_forest,lab,14,3,4,0.75,0.25,0.375,1.0,0.75,0,,HighChol,0.655665963314031,0.5082950505010435,0.6896567824974377,0,0.8,0.8333333333333334,0.7142857142857143,0.8,0.8286133816492456,0.7783109499860469,0.80487726249445
method,SHAP,PI,2017-2020,1,weighted,,random_forest,total,14,4,2,0.5,0.3333333333333333,0.75,1.0,0.5,0,"GenHlth,HighChol",,0.6247301505605987,0.4246406484542905,0.6515979898717554,0,0.8,0.8333333333333334,0.8571428571428571,0.7,0.8243784180440508,0.777435895913435,0.8056342745795874
method,SHAP,PI,2017-2020,1,weighted,,logistic_regression,diag,14,4,3,0.75,0.16666666666666666,0.5555555555555556,1.0,0.75,0,GenHlth,,0.8857142857142857,0.7362637362637363,0.833121013588748,0,0.8,0.8333333333333334,0.7142857142857143,0.9,0.8968742473916547,0.8630486908274204,0.8630569598587178
method,SHAP,PI,2017-2020,1,weighted,,logistic_regression,lab,14,4,1,0.25,0.2,0.7,1.0,0.25,0,"BMI,GenHlth,Sex",,0.6533736662860113,0.5344015374529363,0.6760046348590629,0,0.6,0.6666666666666666,0.7142857142857143,0.8,0.8190266501999954,0.7614070893069357,0.7967487360187555
method,SHAP,PI,2017-2020,1,weighted,,logistic_regression,total,14,4,3,0.75,0.3333333333333333,0.625,1.0,0.75,0,HighChol,,0.8101624213983737,0.692834742214895,0.8576361424913996,0,0.8,0.8333333333333334,0.8571428571428571,0.8,0.9324091071849598,0.9393103252241419,0.9887732818396882
label,diag,lab,2017-2020,2,unweighted,SHAP,xgboost,,14,4,2,0.5,0.5,0.625,1.0,0.5,0,"GenHlth,HighChol",,0.5428571428571429,0.38461538461538464,0.642816567097952,0,0.6,0.6666666666666666,0.7142857142857143,0.7,0.8467756767592456,0.8283199287593799,0.9209254395777834
label,diag,total,2017-2020,2,unweighted,SHAP,xgboost,,14,4,4,1.0,0.8,0.8333333333333334,1.0,1.0,0,,,0.9252747252747253,0.8021978021978022,0.893171449074543,0,1.0,0.8333333333333334,0.8571428571428571,0.9,0.9389518846266187,0.9280670769668489,0.9542243008185393
label,lab,total,2017-2020,2,unweighted,SHAP,xgboost,,14,2,4,0.5,0.42857142857142855,0.5,1.0,0.5,0,,"GenHlth,HighChol",0.6835164835164835,0.5824175824175825,0.7639212109821029,0,0.6,0.6666666666666666,0.7142857142857143,0.8,0.8872204738460032,0.8798880986926176,0.9629365114594606
label,diag,lab,2017-2020,2,unweighted,SHAP,random_forest,,14,5,2,0.4,0.375,0.42857142857142855,1.0,0.4,0,"Diabetes_self,GenHlth,HighChol",,0.6967032967032967,0.4945054945054945,0.6793936187484035,0,0.6,0.8333333333333334,0.8571428571428571,0.8,0.8278663649349598,0.7731450487796975,0.7999603478119105
label,diag,total,2017-2020,2,unweighted,SHAP,random_forest,,14,5,5,1.0,0.6,0.6666666666666666,1.0,1.0,0,,,0.8989010989010989,0.7802197802197802,0.8963090108018177,1,1.0,0.8333333333333334,0.7142857142857143,0.9,0.9545536939869121,0.9590582577811024,0.9942960048306728
label,lab,total,2017-2020,2,unweighted,SHAP,random_forest,,14,2,5,0.4,0.2857142857142857,0.5,1.0,0.4,0,,"Diabetes_self,GenHlth,HighChol",0.7054945054945055,0.4945054945054945,0.6498511836084473,0,0.6,0.6666666666666666,0.5714285714285714,0.9,0.8124999335551903,0.7533109931573253,0.7952864287947297
label,diag,lab,2017-2020,2,unweighted,SHAP,logistic_regression,,14,4,3,0.75,0.2857142857142857,0.3333333333333333,1.0,0.75,0,HighChol,,0.2351648351648352,0.2087912087912088,0.4605071817030514,0,0.6,0.5,0.5714285714285714,0.7,0.7676017709735312,0.7156934032990626,0.7910116250936565
label,diag,total,2017-2020,2,unweighted,SHAP,logistic_regression,,14,4,4,1.0,0.5714285714285714,0.5,1.0,1.0,0,,,0.8373626373626375,0.6923076923076924,0.8016827015395802,0,0.8,0.8333333333333334,0.8571428571428571,0.9,0.8657026581257097,0.8192450591050309,0.8219533491139938
label,lab,total,2017-2020,2,unweighted,SHAP,logistic_regression,,14,3,4,0.75,0.14285714285714285,0.3,1.0,0.75,0,,HighChol,0.38461538461538464,0.2967032967032967,0.6283655852550815,0,0.8,0.6666666666666666,0.5714285714285714,0.6,0.8507382930826219,0.8573018539883555,0.9661733990835554
model,xgboost,random_forest,2017-2020,2,unweighted,SHAP,,diag,14,4,5,0.8,0.5,0.6666666666666666,1.0,0.8,0,,Diabetes_self,0.8637362637362638,0.7142857142857144,0.8540965850122457,0,1.0,1.0,1.0,0.8,0.925362678771424,0.8992667464497928,0.8739808788758984
model,xgboost,logistic_regression,2017-2020,2,unweighted,SHAP,,diag,14,4,4,1.0,0.42857142857142855,0.42857142857142855,1.0,1.0,0,,,0.8857142857142857,0.7802197802197802,0.8661946417433375,0,1.0,1.0,0.8571428571428571,0.9,0.9210084970226264,0.8922278730191977,0.872527961675911
model,random_forest,logistic_regression,2017-2020,2,unweighted,SHAP,,diag,14,5,4,0.8,0.2222222222222222,0.14285714285714285,1.0,0.8,0,Diabetes_self,,0.745054945054945,0.5824175824175825,0.8148928520011351,1,1.0,1.0,0.8571428571428571,0.7,0.9481347793457098,0.960121413096142,0.9970618560584381
model,xgboost,random_forest,2017-2020,2,unweighted,SHAP,,lab,14,2,2,1.0,0.8333333333333334,0.8571428571428571,1.0,1.0,0,,,0.8945054945054945,0.7362637362637363,0.8455172479894836,0,0.8,0.8333333333333334,0.8571428571428571,0.9,0.9324118732717175,0.9263400987129351,0.9737097009435877
model,xgboost,logistic_regression,2017-2020,2,unweighted,SHAP,,lab,14,2,3,0.6666666666666666,0.3333333333333333,0.6666666666666666,1.0,0.6666666666666666,0,,GenHlth,0.5340659340659341,0.42857142857142855,0.7170779717537383,0,0.8,0.8333333333333334,0.7142857142857143,0.7,0.8962497235083362,0.9092415837864507,0.9861045746787935
model,random_forest,logistic_regression,2017-2020,2,unweighted,SHAP,,lab,14,2,3,0.6666666666666666,0.2857142857142857,0.5555555555555556,1.0,0.6666666666666666,0,,GenHlth,0.3538461538461538,0.2087912087912088,0.5842096870454012,0,0.6,0.6666666666666666,0.5714285714285714,0.7,0.8474692092226219,0.8488450885483554,0.9605093365835554
model,xgboost,random_forest,2017-2020,2,unweighted,SHAP,,total,14,4,5,0.8,0.6,0.8333333333333334,1.0,0.8,0,,Diabetes_self,0.8857142857142857,0.7362637362637363,0.8331151051804988,0,1.0,0.8333333333333334,0.8571428571428571,0.9,0.8848033693757096,0.8408719391050308,0.8286916303639937
model,xgboost,logistic_regression,2017-2020,2,unweighted,SHAP,,total,14,4,4,1.0,0.6666666666666666,0.6666666666666666,1.0,1.0,0,,,0.9604395604395607,0.8901098901098902,0.9439513950703788,0,0.8,1.0,1.0,0.9,0.9690723108590908,0.9700082373559598,0.9929026594065657
model,random_forest,logistic_regression,2017-2020,2,unweighted,SHAP,,total,14,5,4,0.8,0.6,0.8333333333333334,1.0,0.8,0,Diabetes_self,,0.8945054945054945,0.7142857142857144,0.8164423648889819,0,0.8,0.8333333333333334,0.8571428571428571,0.8,0.8769556797366187,0.8289987224068491,0.8228766445685393
label,diag,lab,2017-2020,2,unweighted,PI,xgboost,,14,4,1,0.25,0.14285714285714285,0.5,1.0,0.25,0,"BMI,GenHlth,HighChol",,0.5223331399746932,0.3931226965534482,0.6384936207719623,0,0.6,0.6666666666666666,0.7142857142857143,0.7,0.8446077960599956,0.8260233143024909,0.9207287707409778
label,diag,total,2017-2020,2,unweighted,PI,xgboost,,14,4,2,0.5,0.3333333333333333,0.75,1.0,0.5,0,"GenHlth,HighChol",,0.8464134902733982,0.6966731912120168,0.8368880582032956,0,0.8,1.0,0.8571428571428571,0.8,0.9198444114333766,0.9081962373356423,0.9493169699224387
label,lab,total,2017-2020,2,unweighted,PI,xgboost,,14,1,2,0.5,0.3333333333333333,0.7,1.0,0.5,0,,BMI,0.7731199443483884,0.640261384532033,0.7865323979308091,0,0.8,0.6666666666666666,0.7142857142857143,0.9,0.8782139478409043,0.8571848217287537,0.927652500223301
label,diag,lab,2017-2020,2,unweighted,PI,random_forest,,14,4,1,0.25,0.0,0.3,1.0,0.25,0,"BMI,GenHlth,HighChol",,0.6360293321068051,0.5011760110325881,0.7028661078069132,0,0.8,0.6666666666666666,0.7142857142857143,0.8,0.8262352013992456,0.7840171330971578,0.8171928006888944
label,diag,total,2017-2020,2,unweighted,PI,random_forest,,14,4,2,0.5,0.42857142857142855,0.7142857142857143,1.0,0.5,0,"GenHlth,HighChol",,0.9284934111359767,0.8176920377625482,0.87916666850684,0,1.0,1.0,1.0,0.9,0.908770310611583,0.865047916439611,0.832924193861694
label,lab,total,2017-2020,2,unweighted,PI,random_forest,,14,1,2,0.5,0.25,0.5,1.0,0.5,0,,BMI,0.735410731909874,0.6047431568147635,0.7464232316551267,0,0.8,0.6666666666666666,0.7142857142857143,0.9,0.8375074635899955,0.7918614136447134,0.8175278158798666
label,diag,lab,2017-2020,2,unweighted,PI,logistic_regression,,14,4,1,0.25,0.14285714285714285,0.5,1.0,0.25,0,"BMI,GenHlth,HighChol",,0.24027900428669335,0.18293182415200943,0.4149939676037483,0,0.6,0.6666666666666666,0.5714285714285714,0.6,0.7263700043326221,0.6552274006550222,0.736453347000222
label,diag,total,2017-2020,2,unweighted,PI,logistic_regression,,14,4,3,0.75,0.4,0.75,1.0,0.75,0,HighChol,,0.7480752601569483,0.5745944049142231,0.7857064281572439,0,0.8,1.0,0.8571428571428571,0.7,0.9032298103457097,0.897342476207253,0.9489281755028827
label,lab,total,2017-2020,2,unweighted,PI,logistic_regression,,14,1,3,0.3333333333333333,0.2857142857142857,0.6666666666666666,1.0,0.3333333333333333,0,,"BMI,GenHlth",0.5289215393743901,0.3752181007648276,0.5590067705968074,0,0.8,0.6666666666666666,0.7142857142857143,0.8,0.7654002896999956,0.6915821221958246,0.744296479074311
model,xgboost,random_forest,2017-2020,2,unweighted,PI,,diag,14,4,4,1.0,0.5,0.5714285714285714,1.0,1.0,0,,,0.9072936108848272,0.7822327734684299,0.8721499212989272,0,1.0,1.0,0.8571428571428571,0.9,0.9188359621266187,0.8911706503001822,0.8725185716518725
model,xgboost,logistic_regression,2017-2020,2,unweighted,PI,,diag,14,4,4,1.0,0.4,0.625,1.0,1.0,0,,,0.8022143524001136,0.674199862463242,0.8381182491044447,1,1.0,0.8333333333333334,0.7142857142857143,0.8,0.9399178088469122,0.9474027529988804,0.9934930534417838
model,random_forest,logistic_regression,2017-2020,2,unweighted,PI,,diag,14,4,4,1.0,0.3333333333333333,0.5,1.0,1.0,0,,,0.6402644138402115,0.48619526569665034,0.7281109179320997,0,1.0,0.8333333333333334,0.7142857142857143,0.7,0.8723244965092456,0.851306111870491,0.8676159777722279
model,xgboost,random_forest,2017-2020,2,unweighted,PI,,lab,14,1,1,1.0,0.5,0.7,1.0,1.0,0,,,0.790274156998956,0.6482037235521644,0.7222301858180682,0,0.8,0.6666666666666666,0.8571428571428571,0.9,0.8385037808242857,0.7606631502019049,0.7633696056547619
model,xgboost,logistic_regression,2017-2020,2,unweighted,PI,,lab,14,1,1,1.0,0.5,0.7,1.0,1.0,0,,,0.650561797752809,0.5058823529411764,0.7028453505061958,0,0.8,0.6666666666666666,0.8571428571428571,0.7,0.8177067220449599,0.7684654871085864,0.803074497117466
model,random_forest,logistic_regression,2017-2020,2,unweighted,PI,,lab,14,1,1,1.0,0.42857142857142855,0.6,1.0,1.0,0,,,0.5671937643325841,0.42781445754442854,0.542467402158924,0,0.6,0.6666666666666666,0.8571428571428571,0.7,0.7593597220449597,0.6838148204419198,0.7395328304507993
model,xgboost,random_forest,2017-2020,2,unweighted,PI,,total,14,2,2,1.0,0.8,0.875,1.0,1.0,0,,,0.8997797356828194,0.7888888888888889,0.8973810961044482,0,0.8,1.0,0.8571428571428571,0.9,0.9588652082726266,0.9610867530191978,0.991766242925911
model,xgboost,logistic_regression,2017-2020,2,unweighted,PI,,total,14,2,3,0.6666666666666666,0.6,0.875,1.0,0.6666666666666666,0,,GenHlth,0.884488984067921,0.7513926833493687,0.867649790149078,0,0.8,0.8333333333333334,0.8571428571428571,0.9,0.9452380083775278,0.9473308512731116,0.9889800615508624
model,random_forest,logistic_regression,2017-2020,2,unweighted,PI,,total,14,2,3,0.6666666666666666,0.5,0.75,1.0,0.6666666666666666,0,,GenHlth,0.895490090834935,0.7734924681537618,0.8867390952016251,0,0.8,0.8333333333333334,0.8571428571428571,1.0,0.950725378266619,0.9517912181935158,0.9892503424852059
method,SHAP,PI,2017-2020,2,unweighted,,xgboost,diag,14,4,4,1.0,0.6,0.7142857142857143,1.0,1.0,0,,,0.7969172591956755,0.6481357265881276,0.8440554675694674,1,1.0,0.8333333333333334,0.8571428571428571,0.7,0.9464445254917173,0.9554988491484906,0.9949553606658099
method,SHAP,PI,2017-2020,2,unweighted,,xgboost,lab,14,2,1,0.5,0.5,0.7777777777777778,1.0,0.5,0,BMI,,0.8244953407894906,0.6935849741410449,0.8354833473089478,0,0.8,1.0,0.8571428571428571,0.8,0.9092718959349597,0.902323445224142,0.9492225005896882
method,SHAP,PI,2017-2020,2,unweighted,,xgboost,total,14,4,2,0.5,0.2857142857142857,0.625,1.0,0.5,0,"GenHlth,HighChol",,0.9174923043689629,0.795592252958155,0.904743038724279,0,0.8,1.0,0.8571428571428571,0.9,0.9566926733766188,0.9600295303001822,0.9917568529018725
method,SHAP,PI,2017-2020,2,unweighted,,random_forest,diag,14,5,4,0.8,0.42857142857142855,0.5,1.0,0.8,0,Diabetes_self,,0.8769230769230769,0.7362637362637363,0.8641920852407372,1,1.0,0.8333333333333334,0.7142857142857143,0.9,0.9469618177378212,0.9520393654206984,0.9936350988963293
method,SHAP,PI,2017-2020,2,unweighted,,random_forest,lab,14,2,1,0.5,0.375,0.5555555555555556,1.0,0.5,0,BMI,,0.7158263700833047,0.5763524126874764,0.7311275445450551,0,0.8,0.8333333333333334,0.7142857142857143,0.7,0.8307178880092456,0.7808694754260467,0.8052678874944501
method,SHAP,PI,2017-2020,2,unweighted,,random_forest,total,14,5,2,0.4,0.3333333333333333,0.8571428571428571,1.0,0.4,0,"Diabetes_self,GenHlth,HighChol",,0.8228827861726429,0.6850933289361891,0.8139330681358989,0,1.0,0.8333333333333334,1.0,0.8,0.8811231214706741,0.8405174871289038,0.8294726866015929
method,SHAP,PI,2017-2020,2,unweighted,,logistic_regression,diag,14,4,4,1.0,0.2857142857142857,0.375,1.0,1.0,0,,,0.9284934111359767,0.8176920377625482,0.8785967538995783,0,1.0,0.8333333333333334,0.8571428571428571,0.9,0.9229306005742857,0.8899319999796824,0.8704768105158731
method,SHAP,PI,2017-2020,2,unweighted,,logistic_regression,lab,14,3,1,0.3333333333333333,0.14285714285714285,0.6,1.0,0.3333333333333333,0,"BMI,GenHlth",,0.7000432138778694,0.5571420284083803,0.6893498574155531,0,0.8,0.6666666666666666,0.8571428571428571,0.8,0.8019789842357097,0.7336431009894754,0.7617428456417713
method,SHAP,PI,2017-2020,2,unweighted,,logistic_regression,total,14,4,3,0.75,0.5,0.7142857142857143,1.0,0.75,0,HighChol,,0.9076923076923077,0.8021978021978022,0.8845257409324481,0,0.8,0.8333333333333334,0.8571428571428571,0.9,0.9488298893242855,0.9483051199796826,0.9887385292658731
label,diag,lab,2017-2020,2,weighted,SHAP,xgboost,,14,4,3,0.75,0.5,0.5,1.0,0.75,0,HighChol,,0.6175824175824175,0.4725274725274726,0.7046209463970166,0,0.6,0.6666666666666666,0.7142857142857143,0.8,0.8808196856501544,0.8756232078478647,0.9627341516989955
label,diag,total,2017-2020,2,weighted,SHAP,xgboost,,14,4,4,1.0,0.8,0.8333333333333334,1.0,1.0,0,,,0.9428571428571428,0.8241758241758242,0.9154370229657859,0,0.8,0.8333333333333334,1.0,0.9,0.9576129916632421,0.9585489500667626,0.9903131468683227
label,lab,total,2017-2020,2,weighted,SHAP,xgboost,,14,3,4,0.75,0.6666666666666666,0.5714285714285714,1.0,0.75,0,,HighChol,0.7362637362637363,0.6043956043956044,0.7735913714656312,0,0.8,0.6666666666666666,0.7142857142857143,0.8,0.9035122778469122,0.8982243565544359,0.9692309006640061
label,diag,lab,2017-2020,2,weighted,SHAP,random_forest,,14,4,3,0.75,0.14285714285714285,0.4444444444444444,1.0,0.75,0,HighChol,,0.7274725274725276,0.5384615384615384,0.6956662941524681,0,0.6,0.8333333333333334,0.7142857142857143,0.8,0.8234441546501545,0.7676074780700871,0.7988886655878845
label,diag,total,2017-2020,2,weighted,SHAP,random_forest,,14,4,5,0.8,0.3333333333333333,0.5714285714285714,1.0,0.8,0,,Diabetes_self,0.9076923076923077,0.8021978021978022,0.9113627159350888,1,1.0,0.8333333333333334,0.8571428571428571,0.9,0.9599731733766186,0.9654908636335156,0.9954026862352059
label,lab,total,2017-2020,2,weighted,SHAP,random_forest,,14,3,5,0.6,0.6666666666666666,0.6666666666666666,1.0,0.6,0,,"Diabetes_self,HighChol",0.7186813186813187,0.5164835164835165,0.6592982032070971,0,0.6,0.6666666666666666,0.5714285714285714,0.9,0.8146724684511979,0.7543682158763406,0.7952958188187681
label,diag,lab,2017-2020,2,weighted,SHAP,logistic_regression,,14,4,3,0.75,0.3333333333333333,0.4444444444444444,1.0,0.75,0,HighChol,,0.2703296703296703,0.2527472527472528,0.49551430363270593,0,0.6,0.5,0.5714285714285714,0.7,0.7704106782226221,0.7189840254372443,0.7914555171391111
label,diag,total,2017-2020,2,weighted,SHAP,logistic_regression,,14,4,4,1.0,0.5,0.5714285714285714,1.0,1.0,0,,,0.8549450549450549,0.6703296703296704,0.7929790909966428,0,0.8,0.8333333333333334,0.8571428571428571,0.8,0.8661939994866188,0.8200275721846269,0.8221713494296503
label,lab,total,2017-2020,2,weighted,SHAP,logistic_regression,,14,3,4,0.75,0.16666666666666666,0.4,1.0,0.75,0,,HighChol,0.3626373626373627,0.27472527472527475,0.6149871108074043,0,0.8,0.6666666666666666,0.5714285714285714,0.6,0.8507382930826219,0.8573018539883555,0.9661733990835554
model,xgboost,random_forest,2017-2020,2,weighted,SHAP,,diag,14,4,4,1.0,0.4,0.625,1.0,1.0,0,,,0.8725274725274725,0.7362637362637363,0.8381085635878323,0,1.0,1.0,0.8571428571428571,0.8,0.8907706644857099,0.8491102512116975,0.8311981407806603
model,xgboost,logistic_regression,2017-2020,2,weighted,SHAP,,diag,14,4,4,1.0,0.5,0.5714285714285714,1.0,1.0,0,,,0.8461538461538461,0.7362637362637363,0.8237174536152204,0,1.0,0.8333333333333334,0.8571428571428571,0.9,0.8901457082726265,0.8438814196858644,0.8287454095925777
model,random_forest,logistic_regression,2017-2020,2,weighted,SHAP,,diag,14,4,4,1.0,0.14285714285714285,0.3333333333333333,1.0,1.0,0,,,0.6967032967032967,0.5604395604395604,0.7957779696332762,1,1.0,0.8333333333333334,0.7142857142857143,0.7,0.9249163727583363,0.9383250042308953,0.9932768837065713
model,xgboost,random_forest,2017-2020,2,weighted,SHAP,,lab,14,3,3,1.0,0.6666666666666666,0.7142857142857143,1.0,1.0,0,,,0.9032967032967033,0.7582417582417583,0.8541557347437185,0,0.8,0.8333333333333334,0.8571428571428571,0.9,0.9355816772726264,0.9282923565747532,0.9737540901481332
model,xgboost,logistic_regression,2017-2020,2,weighted,SHAP,,lab,14,3,3,1.0,0.3333333333333333,0.5555555555555556,1.0,1.0,0,,,0.5340659340659341,0.42857142857142855,0.7170779717537383,0,0.8,0.8333333333333334,0.7142857142857143,0.7,0.8962497235083362,0.9092415837864507,0.9861045746787935
model,random_forest,logistic_regression,2017-2020,2,weighted,SHAP,,lab,14,3,3,1.0,0.3333333333333333,0.5555555555555556,1.0,1.0,0,,,0.37142857142857144,0.23076923076923078,0.5957003594084738,0,0.6,0.6666666666666666,0.5714285714285714,0.7,0.8474692092226219,0.8488450885483554,0.9605093365835554
model,xgboost,random_forest,2017-2020,2,weighted,SHAP,,total,14,4,5,0.8,0.6666666666666666,0.8,1.0,0.8,0,,Diabetes_self,0.8989010989010989,0.7582417582417583,0.830627599658599,0,0.8,0.8333333333333334,0.8571428571428571,0.9,0.8770237082726264,0.8274974196858644,0.8224954095925777
model,xgboost,logistic_regression,2017-2020,2,weighted,SHAP,,total,14,4,4,1.0,0.8,0.8333333333333334,1.0,1.0,0,,,0.9296703296703297,0.8461538461538461,0.9319797782758201,1,1.0,1.0,0.8571428571428571,0.9,0.9719872082726264,0.9774707530191977,0.998016242925911
model,random_forest,logistic_regression,2017-2020,2,weighted,SHAP,,total,14,5,4,0.8,0.5,0.6666666666666666,1.0,0.8,0,Diabetes_self,,0.8857142857142857,0.7362637362637363,0.823073305818095,0,0.8,0.8333333333333334,1.0,0.9,0.8798327535583408,0.8312589780350708,0.8233944671322602
label,diag,lab,2017-2020,2,weighted,PI,xgboost,,14,4,2,0.5,0.25,0.5,1.0,0.5,0,"BMI,HighChol",,0.5873107530982605,0.4450613003199941,0.6348552290310857,0,0.6,0.6666666666666666,0.8571428571428571,0.8,0.8158569842357097,0.7599257676561421,0.7971595123084381
label,diag,total,2017-2020,2,weighted,PI,xgboost,,14,4,3,0.75,0.6666666666666666,0.8333333333333334,1.0,0.75,0,HighChol,,0.9193420677643176,0.7753298418327284,0.8967254152325626,0,0.8,1.0,0.8571428571428571,0.9,0.9583058383757099,0.9618055426605863,0.9919294775862159
label,lab,total,2017-2020,2,weighted,PI,xgboost,,14,2,3,0.6666666666666666,0.25,0.4444444444444444,1.0,0.6666666666666666,0,,BMI,0.7066615117137224,0.5803797278569395,0.6954110781113669,0,0.8,0.6666666666666666,0.7142857142857143,0.9,0.8304096947885713,0.7726548078526984,0.8020213293650793
label,diag,lab,2017-2020,2,weighted,PI,random_forest,,14,4,3,0.75,0.0,0.3,1.0,0.75,0,BMI,,0.6501111623379522,0.5011760110325881,0.7247828354499282,0,0.8,0.6666666666666666,0.5714285714285714,0.8,0.8662582754142811,0.8579589602910624,0.9410970743124063
label,diag,total,2017-2020,2,weighted,PI,random_forest,,14,4,4,1.0,0.6666666666666666,0.6666666666666666,1.0,1.0,0,,,0.8448849997066709,0.7071931137405822,0.8353187680609742,0,0.8,1.0,0.8571428571428571,0.9,0.909077585075869,0.8785978745348488,0.8667365078497893
label,lab,total,2017-2020,2,weighted,PI,random_forest,,14,3,4,0.75,0.0,0.3,1.0,0.75,0,,BMI,0.6414285297488678,0.4787549991450212,0.68211252522101,0,0.8,0.6666666666666666,0.5714285714285714,0.8,0.8186431871135313,0.7765273045257294,0.816076729260323
label,diag,lab,2017-2020,2,weighted,PI,logistic_regression,,14,4,1,0.25,0.2857142857142857,0.5555555555555556,1.0,0.25,0,"BMI,GenHlth,HighChol",,0.46354795072123245,0.32793990549894303,0.6023729585827358,0,0.6,0.6666666666666666,0.5714285714285714,0.7,0.8072521782226221,0.7725733587705775,0.8357263504724444
label,diag,total,2017-2020,2,weighted,PI,logistic_regression,,14,4,3,0.75,0.5,0.7142857142857143,1.0,0.75,0,HighChol,,0.8508334040607266,0.764093177458341,0.8767895949849336,0,0.8,0.8333333333333334,0.8571428571428571,0.9,0.9360894931266186,0.9401357134112935,0.988447391096317
label,lab,total,2017-2020,2,weighted,PI,logistic_regression,,14,1,3,0.3333333333333333,0.3333333333333333,0.7777777777777778,1.0,0.3333333333333333,0,,"BMI,GenHlth",0.5802300591387433,0.4619348854371559,0.6855932534947825,0,0.8,0.6666666666666666,0.7142857142857143,0.8,0.8376252896999956,0.8025154555291576,0.8432548124076443
model,xgboost,random_forest,2017-2020,2,weighted,PI,,diag,14,4,4,1.0,0.42857142857142855,0.42857142857142855,1.0,1.0,0,,,0.7150719398559062,0.5524946201098299,0.748808919134927,0,0.8,0.8333333333333334,0.7142857142857143,0.8,0.8764534699499955,0.8480092724180468,0.8621892742131999
model,xgboost,logistic_regression,2017-2020,2,weighted,PI,,diag,14,4,4,1.0,0.25,0.25,1.0,1.0,0,,,0.7015418502202643,0.5888888888888889,0.8032104838710966,1,1.0,0.8333333333333334,0.7142857142857143,0.8,0.9259863245960032,0.9364793449148399,0.9927433690983495
model,random_forest,logistic_regression,2017-2020,2,weighted,PI,,diag,14,4,4,1.0,0.1111111111111111,0.1111111111111111,1.0,1.0,0,,,0.6138617575993781,0.4640954808922571,0.7111854274162909,0,0.8,0.8333333333333334,0.7142857142857143,0.7,0.8544195275092454,0.8311938416482689,0.861148963883339
model,xgboost,random_forest,2017-2020,2,weighted,PI,,lab,14,2,3,0.6666666666666666,0.14285714285714285,0.5,1.0,0.6666666666666666,0,,HighChol,0.6072806522262792,0.5312127152597306,0.7053076993090253,0,0.6,0.5,0.7142857142857143,0.8,0.8467870928992456,0.8253244966527131,0.9189072104111167
model,xgboost,logistic_regression,2017-2020,2,weighted,PI,,lab,14,2,1,0.5,0.2857142857142857,0.6,1.0,0.5,0,GenHlth,,0.5586206896551726,0.46913580246913583,0.6755992255026364,0,0.6,0.5,0.7142857142857143,0.8,0.8408083816492455,0.8200816166527132,0.9184189291611167
model,random_forest,logistic_regression,2017-2020,2,weighted,PI,,lab,14,3,1,0.3333333333333333,0.4,0.7,1.0,0.3333333333333333,0,"GenHlth,HighChol",,0.5016666257521436,0.4382504900892777,0.6643447306341185,0,0.8,0.6666666666666666,0.7142857142857143,0.6,0.8373090186183365,0.8273678958931172,0.9261110850954601
model,xgboost,random_forest,2017-2020,2,weighted,PI,,total,14,3,4,0.75,0.6666666666666666,0.8333333333333334,1.0,0.75,0,,HighChol,0.9082922832959965,0.7978031705815031,0.9042453495035343,0,0.8,0.8333333333333334,1.0,0.9,0.9566157225583407,0.9576539149239598,0.9902781476878157
model,xgboost,logistic_regression,2017-2020,2,weighted,PI,,total,14,3,3,1.0,0.5,0.625,1.0,1.0,0,,,0.8713968957871399,0.7613636363636362,0.8979191084521354,1,1.0,1.0,0.8571428571428571,0.8,0.9601555761849598,0.9703452621130308,0.9978444623952437
model,random_forest,logistic_regression,2017-2020,2,weighted,PI,,total,14,4,3,0.75,0.2857142857142857,0.5,1.0,0.75,0,HighChol,,0.8331537489114128,0.7079098555864041,0.8584035892964039,0,0.8,0.8333333333333334,0.8571428571428571,0.8,0.9312133649349597,0.9377957154463643,0.9885020144785771
method,SHAP,PI,2017-2020,2,weighted,,xgboost,diag,14,4,4,1.0,0.5,0.5714285714285714,1.0,1.0,0,,,0.7788783591045872,0.7071931137405822,0.8697797350377363,1,1.0,0.8333333333333334,0.8571428571428571,0.8,0.9455311071849597,0.9556943252241419,0.9950232818396881
method,SHAP,PI,2017-2020,2,weighted,,xgboost,lab,14,3,2,0.6666666666666666,0.42857142857142855,0.625,1.0,0.6666666666666666,0,BMI,,0.7664856918274326,0.6173232927362409,0.7235030268913464,0,0.8,0.8333333333333334,0.8571428571428571,0.9,0.8448625698249599,0.7922134033396976,0.8063080040619105
method,SHAP,PI,2017-2020,2,weighted,,xgboost,total,14,4,3,0.75,0.42857142857142855,0.5714285714285714,1.0,0.75,0,HighChol,,0.9249538271550916,0.8269317890951973,0.9240069066177077,1,1.0,1.0,0.8571428571428571,0.9,0.9671995850758688,0.9749818745348489,0.9979865078497893
method,SHAP,PI,2017-2020,2,weighted,,random_forest,diag,14,4,4,1.0,0.6,0.7142857142857143,1.0,1.0,0,,,0.8021978021978022,0.5824175824175825,0.7320747592208752,0,0.8,0.8333333333333334,0.8571428571428571,0.8,0.8630241954857096,0.8180753143228086,0.8221269602251048
method,SHAP,PI,2017-2020,2,weighted,,random_forest,lab,14,3,3,0.5,0.0,0.4,0.6666666666666666,1.0,1,BMI,HighChol,0.518680746847247,0.40094080882607047,0.6426154408056841,0,0.6,0.6666666666666666,0.7142857142857143,0.6,0.7899486988683364,0.7399550461153398,0.7955663802343491
method,SHAP,PI,2017-2020,2,weighted,,random_forest,total,14,5,4,0.8,0.42857142857142855,0.5,1.0,0.8,0,Diabetes_self,,0.842684778353268,0.7071931137405822,0.8332076463719789,0,1.0,1.0,1.0,0.8,0.895747590470674,0.8551684240177928,0.8322938671571485
method,SHAP,PI,2017-2020,2,weighted,,logistic_regression,diag,14,4,4,1.0,0.42857142857142855,0.42857142857142855,1.0,1.0,0,,,0.7524757028637538,0.5966941897186163,0.7536701769758767,0,1.0,0.8333333333333334,0.7142857142857143,0.9,0.8696194788409044,0.8263632181731981,0.8269146530010788
method,SHAP,PI,2017-2020,2,weighted,,logistic_regression,lab,14,3,1,0.3333333333333333,0.16666666666666666,0.7,1.0,0.3333333333333333,0,"BMI,GenHlth",,0.7664856918274326,0.6406185113300612,0.7795232796478435,0,0.8,0.6666666666666666,0.8571428571428571,0.9,0.8780781891257097,0.8472607888828085,0.8607988352251047
method,SHAP,PI,2017-2020,2,weighted,,logistic_regression,total,14,4,3,0.75,0.3333333333333333,0.625,1.0,0.75,0,HighChol,,0.8675581242767325,0.7822327734684298,0.9049329266495367,1,1.0,1.0,0.8571428571428571,0.8,0.9589644881317174,0.9675912605973795,0.9973859162213654
label,diag,lab,2017-2020,3,unweighted,SHAP,xgboost,,14,4,3,0.4,0.3333333333333333,0.625,0.6666666666666666,0.75,1,"GenHlth,HighChol",Sex,0.6263736263736264,0.42857142857142855,0.6615914533955589,0,0.8,0.6666666666666666,0.7142857142857143,0.7,0.8658763880092455,0.8499468087593798,0.9276637208277834
label,diag,total,2017-2020,3,unweighted,SHAP,xgboost,,14,4,4,1.0,0.8,0.8333333333333334,1.0,1.0,0,,,0.8813186813186813,0.7362637362637363,0.8583287121921777,0,0.8,0.8333333333333334,0.8571428571428571,0.9,0.9226600806257097,0.9097308191050308,0.9479299116139938
label,lab,total,2017-2020,3,unweighted,SHAP,xgboost,,14,3,4,0.4,0.2857142857142857,0.5,0.6666666666666666,0.75,1,Sex,"GenHlth,HighChol",0.7978021978021977,0.6483516483516484,0.796901880180238,0,0.8,0.8333333333333334,0.7142857142857143,0.8,0.8891626850960033,0.8697709786926175,0.9306122927094607
label,diag,lab,2017-2020,3,unweighted,SHAP,random_forest,,14,5,3,0.6,0.2857142857142857,0.375,1.0,0.6,0,"Diabetes_self,HighChol",,0.5164835164835165,0.3626373626373627,0.6032829479595936,0,0.6,0.6666666666666666,0.7142857142857143,0.7,0.7957969655092454,0.74307704875938,0.7954371583277834
label,diag,total,2017-2020,3,unweighted,SHAP,random_forest,,14,5,5,1.0,0.3333333333333333,0.42857142857142855,1.0,1.0,0,,,0.7846153846153847,0.6483516483516484,0.8339728747603238,1,1.0,0.8333333333333334,0.7142857142857143,0.8,0.9405541811999953,0.9496361524180468,0.9939275554631999
label,lab,total,2017-2020,3,unweighted,SHAP,random_forest,,14,3,5,0.6,0.2857142857142857,0.375,1.0,0.6,0,,"Diabetes_self,HighChol",0.5824175824175825,0.4065934065934066,0.6079810516034467,0,0.6,0.6666666666666666,0.5714285714285714,0.7,0.7967987507742811,0.7422617559532848,0.7948297132012953
label,diag,lab,2017-2020,3,unweighted,SHAP,logistic_regression,,14,4,4,0.6,0.375,0.125,0.75,1.0,1,HighChol,Sex,0.18681318681318684,0.1208791208791209,0.4088445195147831,0,0.6,0.6666666666666666,0.5714285714285714,0.7,0.7726603019735312,0.7228877997435071,0.7933987778714342
label,diag,total,2017-2020,3,unweighted,SHAP,logistic_regression,,14,4,4,1.0,0.2857142857142857,0.375,1.0,1.0,0,,,0.767032967032967,0.6043956043956044,0.7559499804661458,0,1.0,0.8333333333333334,0.7142857142857143,0.8,0.8631348398469123,0.8210078161099914,0.8266093728862284
label,lab,total,2017-2020,3,unweighted,SHAP,logistic_regression,,14,4,4,0.6,0.1111111111111111,0.1111111111111111,0.75,1.0,1,Sex,HighChol,0.24395604395604395,0.1208791208791209,0.527875115156518,0,0.6,0.6666666666666666,0.5714285714285714,0.6,0.8376162930826219,0.8409178539883555,0.9599233990835554
model,xgboost,random_forest,2017-2020,3,unweighted,SHAP,,diag,14,4,5,0.8,0.3333333333333333,0.5714285714285714,1.0,0.8,0,,Diabetes_self,0.8901098901098902,0.7582417582417583,0.8477111056213975,0,0.8,0.8333333333333334,0.8571428571428571,0.9,0.8980449970226265,0.8649212063525311,0.8636737950092443
model,xgboost,logistic_regression,2017-2020,3,unweighted,SHAP,,diag,14,4,4,1.0,0.2857142857142857,0.375,1.0,1.0,0,,,0.8505494505494505,0.7142857142857144,0.8274415233347003,0,0.8,0.8333333333333334,0.8571428571428571,0.9,0.8932620280226264,0.8611929361303088,0.8634567811203554
model,random_forest,logistic_regression,2017-2020,3,unweighted,SHAP,,diag,14,5,4,0.8,0.2857142857142857,0.42857142857142855,1.0,0.8,0,Diabetes_self,,0.8813186813186813,0.7802197802197802,0.9081373815208229,1,1.0,1.0,1.0,0.8,0.9677522446674318,0.976595698946586,0.9987732550110479
model,xgboost,random_forest,2017-2020,3,unweighted,SHAP,,lab,14,3,3,0.5,0.5,0.8571428571428571,0.6666666666666666,1.0,1,Sex,GenHlth,0.9208791208791209,0.8241758241758242,0.8584441887489596,0,0.8,0.8333333333333334,0.8571428571428571,1.0,0.9216043974135357,0.8955051823299047,0.932717750186012
model,xgboost,logistic_regression,2017-2020,3,unweighted,SHAP,,lab,14,3,4,0.75,0.25,0.375,1.0,0.75,0,,GenHlth,0.6087912087912088,0.45054945054945056,0.7234511747852244,0,0.8,0.8333333333333334,0.8571428571428571,0.7,0.8876034180440506,0.8830358959134348,0.9462592745795874
model,random_forest,logistic_regression,2017-2020,3,unweighted,SHAP,,lab,14,3,4,0.75,0.2222222222222222,0.25,1.0,0.75,0,,Sex,0.5120879120879122,0.3626373626373627,0.6741103200919558,0,0.8,0.6666666666666666,0.7142857142857143,0.7,0.8789449037583363,0.8816900673420063,0.9685807031510157
model,xgboost,random_forest,2017-2020,3,unweighted,SHAP,,total,14,4,5,0.8,0.5,0.6666666666666666,1.0,0.8,0,,Diabetes_self,0.8769230769230769,0.7142857142857144,0.8075321570042637,0,0.8,0.6666666666666666,0.8571428571428571,0.9,0.8650096733766186,0.8155175303001823,0.8198818529018725
model,xgboost,logistic_regression,2017-2020,3,unweighted,SHAP,,total,14,4,4,1.0,0.5,0.5714285714285714,1.0,1.0,0,,,0.8813186813186813,0.7582417582417583,0.8754617174863084,0,0.8,0.8333333333333334,0.8571428571428571,0.9,0.9387045814273687,0.9415673691766269,0.9884677361484003
model,random_forest,logistic_regression,2017-2020,3,unweighted,SHAP,,total,14,5,4,0.8,0.3333333333333333,0.5714285714285714,1.0,0.8,0,Diabetes_self,,0.9076923076923077,0.7362637362637363,0.8332732535746363,0,1.0,0.8333333333333334,0.8571428571428571,1.0,0.891847378266619,0.845508551526849,0.8288336758185393
label,diag,lab,2017-2020,3,unweighted,PI,xgboost,,14,4,2,0.5,0.2857142857142857,0.4444444444444444,1.0,0.5,0,"GenHlth,HighChol",,0.48089106068697407,0.40271246422726414,0.6290287741674497,0,0.6,0.6666666666666666,0.7142857142857143,0.7,0.8436058727583364,0.8263676708975616,0.920881050373238
label,diag,total,2017-2020,3,unweighted,PI,xgboost,,14,4,3,0.75,0.75,1.0,1.0,0.75,0,HighChol,,0.9653498585408189,0.8784104611578832,0.9241470512111787,0,0.8,1.0,1.0,0.9,0.9362827643606741,0.925197048800015,0.9513585372960374
label,lab,total,2017-2020,3,unweighted,PI,xgboost,,14,2,3,0.6666666666666666,0.25,0.4444444444444444,1.0,0.6666666666666666,0,,GenHlth,0.5745887923526984,0.4831765680986568,0.704165445781807,0,0.8,0.6666666666666666,0.7142857142857143,0.8,0.8907718816492454,0.8900549499860466,0.9689397624944499
label,diag,lab,2017-2020,3,unweighted,PI,random_forest,,14,4,2,0.5,0.0,0.2727272727272727,1.0,0.5,0,"GenHlth,HighChol",,0.24972512898405744,0.2359699518621347,0.4937860642418306,0,0.6,0.5,0.42857142857142855,0.7,0.7250569836869079,0.6598563799769269,0.747967483904984
label,diag,total,2017-2020,3,unweighted,PI,random_forest,,14,4,2,0.5,0.2,0.7777777777777778,1.0,0.5,0,"GenHlth,HighChol",,0.689578713968958,0.5113636363636364,0.7333107550249292,0,0.8,1.0,0.8571428571428571,0.7,0.8524449180440508,0.8139585625801016,0.823863441246254
label,lab,total,2017-2020,3,unweighted,PI,random_forest,,14,2,2,1.0,0.14285714285714285,0.45454545454545453,1.0,1.0,0,,,0.72707581801553,0.584306547468143,0.7202666175365933,0,0.6,0.5,0.5714285714285714,0.9,0.8524460567519478,0.824877204975007,0.9177119972041848
label,diag,lab,2017-2020,3,unweighted,PI,logistic_regression,,14,4,1,0.25,0.0,0.6363636363636364,1.0,0.25,0,"BMI,GenHlth,HighChol",,0.37113402132572754,0.28425613694305124,0.5694444686968896,0,0.6,0.6666666666666666,0.5714285714285714,0.7,0.8284219822235313,0.8118589499657289,0.9191040730103232
label,diag,total,2017-2020,3,unweighted,PI,logistic_regression,,14,4,2,0.5,0.3333333333333333,1.0,1.0,0.5,0,"GenHlth,HighChol",,0.9352888275615235,0.8209326898616125,0.8929616239022116,0,1.0,0.8333333333333334,0.8571428571428571,1.0,0.9330412019126266,0.9213228942458644,0.9533547845925777
label,lab,total,2017-2020,3,unweighted,PI,logistic_regression,,14,1,2,0.5,0.16666666666666666,0.6363636363636364,1.0,0.5,0,,BMI,0.44371293379038995,0.33524261720075565,0.6412122740948809,0,0.6,0.6666666666666666,0.7142857142857143,0.7,0.8582310275092455,0.8582871749816021,0.9616697972166722
model,xgboost,random_forest,2017-2020,3,unweighted,PI,,diag,14,4,4,1.0,0.5,0.75,1.0,1.0,0,,,0.9279165537199359,0.8172694126965067,0.8640432132730764,0,1.0,0.8333333333333334,0.8571428571428571,1.0,0.8998048054642855,0.849949687873016,0.8289078000992065
model,xgboost,logistic_regression,2017-2020,3,unweighted,PI,,diag,14,4,4,1.0,0.3333333333333333,0.7777777777777778,1.0,1.0,0,,,0.9182411073574964,0.8195150628704788,0.9117685424745541,0,0.8,0.8333333333333334,0.8571428571428571,0.8,0.9431707874349597,0.9482814754463642,0.9894785769785771
model,random_forest,logistic_regression,2017-2020,3,unweighted,PI,,diag,14,4,4,1.0,0.3333333333333333,0.7777777777777778,1.0,1.0,0,,,0.8058216390207875,0.6474962060880324,0.7911933447647765,0,0.8,1.0,0.8571428571428571,0.8,0.8702506071849598,0.8275663252241419,0.8247107818396882
model,xgboost,random_forest,2017-2020,3,unweighted,PI,,lab,14,2,2,1.0,0.2222222222222222,0.3,1.0,1.0,0,,,0.4994502579681149,0.37080992435478316,0.6110204284527141,0,0.6,0.5,0.42857142857142855,0.8,0.8222607301285669,0.8012907352751895,0.9157188501060571
model,xgboost,logistic_regression,2017-2020,3,unweighted,PI,,lab,14,2,1,0.5,0.25,0.5,1.0,0.5,0,BMI,,0.6335602586957308,0.49168917189444167,0.6912158076444782,0,0.6,0.6666666666666666,0.7142857142857143,0.9,0.8863117097360032,0.8788441830303952,0.9628171538205716
model,random_forest,logistic_regression,2017-2020,3,unweighted,PI,,lab,14,2,1,0.5,0.125,0.45454545454545453,1.0,0.5,0,BMI,,0.1342135025575701,0.11049892402196598,0.43766767747199675,0,0.4,0.3333333333333333,0.42857142857142855,0.7,0.766630163936908,0.7385875301991492,0.890860279043873
model,xgboost,random_forest,2017-2020,3,unweighted,PI,,total,14,3,2,0.6666666666666666,0.4,0.7777777777777778,1.0,0.6666666666666666,0,GenHlth,,0.7093961628662163,0.550596554344981,0.7561702815716121,0,0.8,0.8333333333333334,0.8571428571428571,0.8,0.9052152882366189,0.8947846921846268,0.9466830681796503
model,xgboost,logistic_regression,2017-2020,3,unweighted,PI,,total,14,3,2,0.6666666666666666,0.4,0.7777777777777778,1.0,0.6666666666666666,0,GenHlth,,0.8729329729973689,0.7416198487095662,0.8567492082330423,0,0.8,0.6666666666666666,0.8571428571428571,0.9,0.9342054203242856,0.9336541830907936,0.9859173487103174
model,random_forest,logistic_regression,2017-2020,3,unweighted,PI,,total,14,2,2,1.0,1.0,1.0,1.0,1.0,0,,,0.8403547671840356,0.7272727272727272,0.8536329773364142,0,1.0,0.8333333333333334,0.8571428571428571,0.9,0.9281902043766188,0.9190959267446266,0.9535190056796503
method,SHAP,PI,2017-2020,3,unweighted,,xgboost,diag,14,4,4,1.0,0.75,0.8571428571428571,1.0,1.0,0,,,0.8698825886721888,0.7570946042991633,0.8846092812263006,0,0.8,0.8333333333333334,0.8571428571428571,0.9,0.9442360850758689,0.9476752078681823,0.9891323411831227
method,SHAP,PI,2017-2020,3,unweighted,,xgboost,lab,14,3,2,0.6666666666666666,0.42857142857142855,0.625,1.0,0.6666666666666666,0,Sex,,0.7351065022497505,0.5810872031479765,0.749854032414729,0,0.8,0.8333333333333334,0.8571428571428571,0.8,0.8838204842357098,0.8672324343228086,0.9310136789751048
method,SHAP,PI,2017-2020,3,unweighted,,xgboost,total,14,4,3,0.75,0.5,0.7142857142857143,1.0,0.75,0,HighChol,,0.9636969527904214,0.8618916073713346,0.9375104569613981,0,0.8,1.0,1.0,0.9,0.9734332029132422,0.9747144967334291,0.9934055947849894
method,SHAP,PI,2017-2020,3,unweighted,,random_forest,diag,14,5,4,0.8,0.16666666666666666,0.5,1.0,0.8,0,Diabetes_self,,0.7880871510605433,0.6481357265881276,0.803335591484855,0,0.8,0.8333333333333334,0.7142857142857143,0.8,0.8966213506492453,0.887639220208269,0.945719276383339
method,SHAP,PI,2017-2020,3,unweighted,,random_forest,lab,14,3,2,0.6666666666666666,0.25,0.3,1.0,0.6666666666666666,0,GenHlth,,0.43344360662034936,0.3093969872615048,0.5435803989219958,0,0.4,0.5,0.5714285714285714,0.8,0.8006782793102889,0.7678537865656335,0.8949693115586669
method,SHAP,PI,2017-2020,3,unweighted,,random_forest,total,14,5,2,0.4,0.0,0.5555555555555556,1.0,0.4,0,"Diabetes_self,GenHlth,HighChol",,0.8896333946145628,0.7822327734684298,0.8667592489072315,0,1.0,0.8333333333333334,0.8571428571428571,0.9,0.9175882616773687,0.8869225193988488,0.8704230312872893
method,SHAP,PI,2017-2020,3,unweighted,,logistic_regression,diag,14,4,4,1.0,0.2,0.5555555555555556,1.0,1.0,0,,,0.784492871425041,0.670844483185601,0.8087482796269883,0,1.0,0.8333333333333334,0.7142857142857143,0.8,0.8949178088469123,0.8674027529988804,0.8684930534417838
method,SHAP,PI,2017-2020,3,unweighted,,logistic_regression,lab,14,4,1,0.25,0.1111111111111111,0.4444444444444444,1.0,0.25,0,"BMI,GenHlth,Sex",,0.832967032967033,0.7362637362637363,0.8401239872906201,0,0.8,0.8333333333333334,0.7142857142857143,0.9,0.9198430710376622,0.9132630335464358,0.9719530686327562
method,SHAP,PI,2017-2020,3,unweighted,,logistic_regression,total,14,4,2,0.5,0.16666666666666666,0.6666666666666666,1.0,0.5,0,"GenHlth,HighChol",,0.9779344759658842,0.9163298203487321,0.9613512556798505,1,1.0,0.8333333333333334,1.0,1.0,0.9795906386983408,0.9819651494839599,0.9971140851878157
label,diag,lab,2017-2020,3,weighted,SHAP,xgboost,,14,4,4,0.6,0.2857142857142857,0.5714285714285714,0.75,1.0,1,HighChol,Sex,0.7494505494505495,0.6043956043956044,0.7837068289842087,0,0.8,0.6666666666666666,0.7142857142857143,0.9,0.9085775707901547,0.9036627126300869,0.9697871030878844
label,diag,total,2017-2020,3,weighted,SHAP,xgboost,,14,4,4,1.0,0.8,0.8333333333333334,1.0,1.0,0,,,0.9296703296703297,0.8021978021978022,0.9079813995430437,0,0.8,0.8333333333333334,1.0,0.9,0.9560563526614241,0.9583727045653483,0.9904413823481206
label,lab,total,2017-2020,3,weighted,SHAP,xgboost,,14,4,4,0.6,0.42857142857142855,0.6666666666666666,0.75,1.0,1,Sex,HighChol,0.7978021978021977,0.6703296703296704,0.8214410095657786,0,0.8,0.8333333333333334,0.7142857142857143,0.8,0.9101839738460029,0.9071947653592844,0.9717906781261273
label,diag,lab,2017-2020,3,weighted,SHAP,random_forest,,14,4,4,0.6,0.0,0.4,0.75,1.0,1,HighChol,Income,0.6043956043956044,0.4725274725274726,0.645061105742848,0,0.6,0.6666666666666666,0.7142857142857143,0.8,0.8054560627009046,0.7491453169465315,0.7955995488344121
label,diag,total,2017-2020,3,weighted,SHAP,random_forest,,14,4,4,1.0,0.2,0.5555555555555556,1.0,1.0,0,,,0.8109890109890111,0.6923076923076924,0.8560097932523221,1,1.0,0.8333333333333334,0.7142857142857143,0.9,0.9465962667892454,0.9546171214349355,0.9942218805500056
label,lab,total,2017-2020,3,weighted,SHAP,random_forest,,14,4,4,0.6,0.3333333333333333,0.5,0.75,1.0,1,Income,HighChol,0.7186813186813187,0.5164835164835165,0.6636137045923234,0,0.6,0.6666666666666666,0.5714285714285714,0.9,0.8124999335551903,0.7533109931573253,0.7952864287947297
label,diag,lab,2017-2020,3,weighted,SHAP,logistic_regression,,14,4,4,0.6,0.25,0.1111111111111111,0.75,1.0,1,HighChol,Sex,0.16483516483516483,0.09890109890109891,0.3931754208378661,0,0.6,0.5,0.5714285714285714,0.7,0.7628188019735311,0.7119651330768403,0.7907946112047676
label,diag,total,2017-2020,3,weighted,SHAP,logistic_regression,,14,4,4,1.0,0.2857142857142857,0.375,1.0,1.0,0,,,0.7582417582417583,0.6043956043956044,0.7496587073623822,0,0.8,0.8333333333333334,0.7142857142857143,0.8,0.8500128398469122,0.8046238161099915,0.8203593728862284
label,lab,total,2017-2020,3,weighted,SHAP,logistic_regression,,14,4,4,0.6,0.0,0.1,0.75,1.0,1,Sex,HighChol,0.27912087912087913,0.14285714285714285,0.549955230677716,0,0.8,0.6666666666666666,0.5714285714285714,0.6,0.8507382930826219,0.8573018539883555,0.9661733990835554
model,xgboost,random_forest,2017-2020,3,weighted,SHAP,,diag,14,4,4,1.0,0.2,0.5555555555555556,1.0,1.0,0,,,0.8813186813186813,0.7142857142857144,0.8057453230517402,0,0.8,0.8333333333333334,0.8571428571428571,0.9,0.8720422661275278,0.8231495748286672,0.8220421275230847
model,xgboost,logistic_regression,2017-2020,3,weighted,SHAP,,diag,14,4,4,1.0,0.2857142857142857,0.375,1.0,1.0,0,,,0.8065934065934066,0.6263736263736264,0.7747821783237702,0,0.8,1.0,0.8571428571428571,0.8,0.8642765501317176,0.8210840534862685,0.824035221776921
model,random_forest,logistic_regression,2017-2020,3,weighted,SHAP,,diag,14,4,4,1.0,0.4,0.625,1.0,1.0,0,,,0.832967032967033,0.6923076923076924,0.8670757167112566,1,1.0,0.8333333333333334,1.0,0.8,0.9531231214706739,0.9631841537955705,0.9961393532682595
model,xgboost,random_forest,2017-2020,3,weighted,SHAP,,lab,14,4,4,0.6,0.5,0.8333333333333334,0.75,1.0,1,Sex,Income,0.9428571428571428,0.8461538461538461,0.8909729303650105,0,0.8,0.8333333333333334,0.8571428571428571,1.0,0.9486043974135356,0.9381718489965716,0.9743844168526786
model,xgboost,logistic_regression,2017-2020,3,weighted,SHAP,,lab,14,4,4,1.0,0.25,0.25,1.0,1.0,0,,,0.6131868131868132,0.4725274725274726,0.7510513191867221,0,0.8,0.8333333333333334,0.8571428571428571,0.7,0.9146034180440505,0.9257025625801016,0.987925941246254
model,random_forest,logistic_regression,2017-2020,3,weighted,SHAP,,lab,14,4,4,0.6,0.125,0.375,0.75,1.0,1,Income,Sex,0.5120879120879122,0.3626373626373627,0.6741103200919558,0,0.8,0.6666666666666666,0.7142857142857143,0.7,0.8789449037583363,0.8816900673420063,0.9685807031510157
model,xgboost,random_forest,2017-2020,3,weighted,SHAP,,total,14,4,4,1.0,0.8,0.8333333333333334,1.0,1.0,0,,,0.9164835164835166,0.7802197802197802,0.8389281254609788,0,0.8,0.6666666666666666,0.8571428571428571,0.9,0.875771353626619,0.8244886805224045,0.8205871480407614
model,xgboost,logistic_regression,2017-2020,3,weighted,SHAP,,total,14,4,4,1.0,0.5,0.5714285714285714,1.0,1.0,0,,,0.8989010989010989,0.7802197802197802,0.8935690849497152,1,1.0,0.8333333333333334,0.8571428571428571,0.9,0.9578052926773688,0.9631942491766268,0.9952060173984003
model,random_forest,logistic_regression,2017-2020,3,weighted,SHAP,,total,14,4,4,1.0,0.6,0.7142857142857143,1.0,1.0,0,,,0.8197802197802198,0.6483516483516484,0.7869623619295258,0,0.8,0.8333333333333334,0.8571428571428571,0.8,0.8630241954857096,0.8180753143228086,0.8221269602251048
label,diag,lab,2017-2020,3,weighted,PI,xgboost,,14,4,2,0.5,0.125,0.3,1.0,0.5,0,"GenHlth,HighChol",,0.4030629240334534,0.329045098264249,0.5970227319690836,0,0.6,0.6666666666666666,0.5714285714285714,0.8,0.8188541561135312,0.7926715747479515,0.9037937431492119
label,diag,total,2017-2020,3,weighted,PI,xgboost,,14,4,3,0.75,0.2,0.6666666666666666,1.0,0.75,0,HighChol,,0.8892857142857142,0.8289473684210524,0.9167604604128752,1,1.0,0.8333333333333334,0.8571428571428571,0.9,0.9599731733766186,0.9654908636335156,0.9954026862352059
label,lab,total,2017-2020,3,weighted,PI,xgboost,,14,2,3,0.6666666666666666,0.16666666666666666,0.6,1.0,0.6666666666666666,0,,GenHlth,0.4714614808391303,0.39759616040263424,0.620832317023499,0,0.6,0.6666666666666666,0.5714285714285714,0.8,0.821469244414281,0.7941032305132847,0.9038140882012952
label,diag,lab,2017-2020,3,weighted,PI,random_forest,,14,4,1,0.25,0.0,0.45454545454545453,1.0,0.25,0,"BMI,GenHlth,HighChol",,0.3868308936661556,0.272245563891909,0.5583494159227625,0,0.6,0.5,0.42857142857142855,0.8,0.8222607301285669,0.8012907352751895,0.9157188501060571
label,diag,total,2017-2020,3,weighted,PI,random_forest,,14,4,4,1.0,1.0,1.0,1.0,1.0,0,,,0.9685393258426964,0.8823529411764706,0.9049502817799162,0,0.8,0.8333333333333334,1.0,1.0,0.9212748197499998,0.8837221831111113,0.8654405381944446
label,lab,total,2017-2020,3,weighted,PI,random_forest,,14,1,4,0.25,0.0,0.45454545454545453,1.0,0.25,0,,"BMI,GenHlth,HighChol",0.39157728499948274,0.29817371283399563,0.5413152803061196,0,0.6,0.5,0.42857142857142855,0.8,0.7772607301285668,0.7212907352751895,0.7907188501060571
label,diag,lab,2017-2020,3,weighted,PI,logistic_regression,,14,4,1,0.25,0.2,0.7,1.0,0.25,0,"BMI,GenHlth,HighChol",,0.25742589834812624,0.19889806323953876,0.5259360442508035,0,0.6,0.6666666666666666,0.5714285714285714,0.6,0.816595004332622,0.8034940673216886,0.9187450136668888
label,diag,total,2017-2020,3,weighted,PI,logistic_regression,,14,4,3,0.75,0.6666666666666666,1.0,1.0,0.75,0,HighChol,,0.933390951837159,0.8300279198737096,0.9098316159801574,0,1.0,1.0,0.8571428571428571,0.9,0.9430084923249598,0.9356058300063641,0.9567637332285771
label,lab,total,2017-2020,3,weighted,PI,logistic_regression,,14,1,3,0.3333333333333333,0.16666666666666666,0.7,1.0,0.3333333333333333,0,,"BMI,GenHlth",0.41603864631121906,0.3201306922660165,0.6287250967783862,0,0.6,0.6666666666666666,0.7142857142857143,0.7,0.8598441925083362,0.8600631873420062,0.9618424219010158
model,xgboost,random_forest,2017-2020,3,weighted,PI,,diag,14,4,4,1.0,0.4,0.625,1.0,1.0,0,,,0.7667943109131653,0.6345325672866353,0.7762386722566825,0,1.0,0.8333333333333334,0.7142857142857143,0.9,0.8744024478409045,0.8300914883954205,0.8271316668899678
model,xgboost,logistic_regression,2017-2020,3,weighted,PI,,diag,14,4,4,1.0,0.2,0.5555555555555556,1.0,1.0,0,,,0.7388770525577592,0.6012325878048522,0.7805211881010871,0,0.8,0.6666666666666666,0.7142857142857143,0.7,0.8809315840083363,0.8735945508975618,0.943244331623238
model,random_forest,logistic_regression,2017-2020,3,weighted,PI,,diag,14,4,4,1.0,0.25,0.6666666666666666,1.0,1.0,0,,,0.715599729741822,0.5798825193638245,0.763645244761859,0,0.8,0.6666666666666666,0.7142857142857143,0.8,0.8608270776483362,0.8337026921242285,0.8595203732899045
model,xgboost,random_forest,2017-2020,3,weighted,PI,,lab,14,2,1,0.5,0.2857142857142857,0.6,1.0,0.5,0,BMI,,0.3984962406015038,0.32857142857142857,0.5308585027257688,0,0.6,0.5,0.5714285714285714,0.8,0.7822423103102889,0.7261095163434114,0.7916272976697781
model,xgboost,logistic_regression,2017-2020,3,weighted,PI,,lab,14,2,1,0.5,0.5,0.7777777777777778,1.0,0.5,0,BMI,,0.6696231903971697,0.5543478937468665,0.7013451831979602,0,0.6,0.8333333333333334,0.8571428571428571,0.8,0.8498583959349597,0.8238167785574753,0.9091183339230215
model,random_forest,logistic_regression,2017-2020,3,weighted,PI,,lab,14,1,1,1.0,0.3333333333333333,0.6363636363636364,1.0,1.0,0,,,0.0657875415127044,0.03779644730092272,0.29177533920457627,0,0.6,0.5,0.42857142857142855,0.7,0.7128106949369079,0.639499259976927,0.732830765154984
model,xgboost,random_forest,2017-2020,3,weighted,PI,,total,14,3,4,0.75,0.25,0.7777777777777778,1.0,0.75,0,,HighChol,0.9252420041184498,0.846043423048847,0.9061395528164613,0,0.8,1.0,0.8571428571428571,0.9,0.9344802965733765,0.9198517421178642,0.9501199213113277
model,xgboost,logistic_regression,2017-2020,3,weighted,PI,,total,14,3,3,1.0,0.25,0.7,1.0,1.0,0,,,0.9483730542214112,0.8709270531385191,0.9321269579398718,0,0.8,0.8333333333333334,0.8571428571428571,0.8,0.9457858757357096,0.9497131312116975,0.9894989220306604
model,random_forest,logistic_regression,2017-2020,3,weighted,PI,,total,14,4,3,0.75,0.2,0.6666666666666666,1.0,0.75,0,HighChol,,0.9359550561797753,0.823529411764706,0.8978581181146312,0,1.0,0.8333333333333334,0.8571428571428571,0.9,0.9377561423766188,0.926552467189071,0.9539530334574281
method,SHAP,PI,2017-2020,3,weighted,,xgboost,diag,14,4,4,1.0,0.6,0.7142857142857143,1.0,1.0,0,,,0.8349539448408115,0.7214791053658227,0.8703341626194454,0,0.8,0.8333333333333334,0.8571428571428571,0.8,0.9403618801858689,0.9449908533081823,0.9890346849331226
method,SHAP,PI,2017-2020,3,weighted,,xgboost,lab,14,4,2,0.5,0.25,0.5,1.0,0.5,0,"GenHlth,Sex",,0.6407232755171874,0.5011760110325881,0.6953461237952967,0,0.6,0.8333333333333334,0.7142857142857143,0.7,0.8592322650599955,0.8406742511913798,0.9235499512965334
method,SHAP,PI,2017-2020,3,weighted,,xgboost,total,14,4,3,0.75,0.16666666666666666,0.5555555555555556,1.0,0.75,0,HighChol,,0.825803764623378,0.7455284088780167,0.882121933102736,1,1.0,0.8333333333333334,0.8571428571428571,0.8,0.9421674842357095,0.9518831009894753,0.9945553456417714
method,SHAP,PI,2017-2020,3,weighted,,random_forest,diag,14,4,4,1.0,0.25,0.6666666666666666,1.0,1.0,0,,,0.7133773703326859,0.5571420284083803,0.7856334753964787,0,0.8,0.6666666666666666,0.7142857142857143,0.8,0.9089968816492453,0.9156549499860467,0.9845647624944499
method,SHAP,PI,2017-2020,3,weighted,,random_forest,lab,14,4,1,0.25,0.14285714285714285,0.36363636363636365,1.0,0.25,0,"BMI,GenHlth,Income",,0.11500161355436699,0.10023520220651762,0.411222756443854,0,0.4,0.5,0.42857142857142855,0.6,0.6898357787969079,0.615188025416927,0.7259948276549839
method,SHAP,PI,2017-2020,3,weighted,,random_forest,total,14,4,4,1.0,0.4,0.625,1.0,1.0,0,,,0.7667139961519521,0.670844483185601,0.8204294067231565,0,1.0,0.8333333333333334,0.8571428571428571,0.7,0.8906781910449597,0.8677670906641419,0.8694373443396882
method,SHAP,PI,2017-2020,3,weighted,,logistic_regression,diag,14,4,4,1.0,0.4,0.625,1.0,1.0,0,,,0.6967032967032967,0.5824175824175825,0.7749358625872302,0,1.0,0.8333333333333334,0.7142857142857143,0.8,0.8869603816492455,0.8629616166527134,0.8684189291611166
method,SHAP,PI,2017-2020,3,weighted,,logistic_regression,lab,14,4,1,0.25,0.125,0.4,1.0,0.25,0,"BMI,GenHlth,Sex",,0.8866892054213238,0.7513926833493687,0.8573411979180071,0,0.8,0.8333333333333334,0.8571428571428571,0.9,0.9291855432735356,0.922788073992127,0.9733644515749008
method,SHAP,PI,2017-2020,3,weighted,,logistic_regression,total,14,4,3,0.75,0.4,0.75,1.0,0.75,0,HighChol,,0.9311685924280231,0.8300279198737096,0.9164502801022336,0,0.8,0.8333333333333334,1.0,0.9,0.9566157225583407,0.9576539149239598,0.9902781476878157
label,diag,lab,2017-2020,4,unweighted,SHAP,xgboost,,14,4,3,0.75,0.5,0.7142857142857143,1.0,0.75,0,HighChol,,0.6747252747252748,0.5384615384615384,0.7470469939692878,0,0.6,0.6666666666666666,0.8571428571428571,0.8,0.8852418959349597,0.8811607785574751,0.9638058339230214
label,diag,total,2017-2020,4,unweighted,SHAP,xgboost,,14,4,4,1.0,1.0,1.0,1.0,1.0,0,,,0.9472527472527472,0.8461538461538461,0.9341938557937425,1,1.0,0.8333333333333334,1.0,0.9,0.9723481566623331,0.9767089624271665,0.9967357715526661
label,lab,total,2017-2020,4,unweighted,SHAP,xgboost,,14,3,4,0.75,0.5,0.7142857142857143,1.0,0.75,0,,HighChol,0.7318681318681319,0.6043956043956044,0.7829269190953124,0,0.6,0.6666666666666666,0.8571428571428571,0.8,0.8960082303817174,0.8888925370418239,0.9643238502491431
label,diag,lab,2017-2020,4,unweighted,SHAP,random_forest,,14,5,3,0.6,0.42857142857142855,0.42857142857142855,1.0,0.6,0,"Diabetes_self,HighChol",,0.6747252747252748,0.5384615384615384,0.6849433866168908,0,0.6,0.8333333333333334,0.7142857142857143,0.8,0.8152975627009047,0.7600679836131982,0.7982037155010788
label,diag,total,2017-2020,4,unweighted,SHAP,random_forest,,14,5,5,1.0,0.6,0.6666666666666666,1.0,1.0,0,,,0.8989010989010989,0.8021978021978022,0.9077717823481577,1,1.0,0.8333333333333334,0.8571428571428571,0.9,0.9599731733766186,0.9654908636335156,0.9954026862352059
label,lab,total,2017-2020,4,unweighted,SHAP,random_forest,,14,3,5,0.6,0.3333333333333333,0.5,1.0,0.6,0,,"Diabetes_self,HighChol",0.7362637362637363,0.5604395604395604,0.6827642343566194,0,0.6,0.6666666666666666,0.7142857142857143,0.9,0.8200919478409046,0.7608008217287537,0.7964025002233011
label,diag,lab,2017-2020,4,unweighted,SHAP,logistic_regression,,14,4,4,0.6,0.16666666666666666,0.3,0.75,1.0,1,HighChol,Sex,0.16043956043956045,0.1208791208791209,0.416723775808994,0,0.6,0.5,0.42857142857142855,0.6,0.7541614900469078,0.7050815720835936,0.7900247755716507
label,diag,total,2017-2020,4,unweighted,SHAP,logistic_regression,,14,4,4,1.0,0.5,0.75,1.0,1.0,0,,,0.9032967032967033,0.7362637362637363,0.8041070527421941,0,1.0,0.8333333333333334,0.8571428571428571,1.0,0.891847378266619,0.845508551526849,0.8288336758185393
label,lab,total,2017-2020,4,unweighted,SHAP,logistic_regression,,14,4,4,0.6,0.0,0.3,0.75,1.0,1,Sex,HighChol,0.3054945054945055,0.16483516483516486,0.5168430009225651,0,0.6,0.6666666666666666,0.5714285714285714,0.6,0.7926162930826222,0.7609178539883555,0.8349233990835554
model,xgboost,random_forest,2017-2020,4,unweighted,SHAP,,diag,14,4,5,0.8,0.6666666666666666,0.8,1.0,0.8,0,,Diabetes_self,0.9120879120879121,0.7802197802197802,0.8540925147754519,0,1.0,1.0,0.8571428571428571,0.9,0.8978146733766188,0.8537468636335155,0.8313401862352059
model,xgboost,logistic_regression,2017-2020,4,unweighted,SHAP,,diag,14,4,4,1.0,0.6,0.7142857142857143,1.0,1.0,0,,,0.8945054945054945,0.7362637362637363,0.8174266400543206,0,1.0,1.0,0.8571428571428571,0.9,0.9006235806257095,0.8570374857716974,0.8317840782806604
model,random_forest,logistic_regression,2017-2020,4,unweighted,SHAP,,diag,14,5,4,0.8,0.3333333333333333,0.5714285714285714,1.0,0.8,0,Diabetes_self,,0.8241758241758241,0.6923076923076924,0.8586619464174333,0,1.0,1.0,1.0,0.8,0.9327948174697649,0.9294878959337523,0.9570324640637141
model,xgboost,random_forest,2017-2020,4,unweighted,SHAP,,lab,14,3,3,1.0,0.8,0.8571428571428571,1.0,1.0,0,,,0.9428571428571428,0.8241758241758242,0.8890754778802654,0,0.8,0.8333333333333334,1.0,1.0,0.942264927448341,0.9347382694839597,0.9747508039378158
model,xgboost,logistic_regression,2017-2020,4,unweighted,SHAP,,lab,14,3,4,0.75,0.3333333333333333,0.625,1.0,0.75,0,,Sex,0.7142857142857143,0.5384615384615384,0.7503454613478825,0,0.8,0.8333333333333334,0.7142857142857143,0.8,0.8798170928992455,0.8518204966527134,0.8626572104111166
model,random_forest,logistic_regression,2017-2020,4,unweighted,SHAP,,lab,14,3,4,0.75,0.2857142857142857,0.5,1.0,0.75,0,,Sex,0.5692307692307692,0.4065934065934066,0.6673707301000379,0,0.6,0.6666666666666666,0.7142857142857143,0.8,0.8246971086483363,0.7879904219020063,0.8374283594010157
model,xgboost,random_forest,2017-2020,4,unweighted,SHAP,,total,14,4,5,0.8,0.6,0.8333333333333334,1.0,0.8,0,,Diabetes_self,0.9208791208791209,0.7802197802197802,0.8513746469808132,0,1.0,0.8333333333333334,0.8571428571428571,0.9,0.8927561423766188,0.8465524671890712,0.8289530334574281
model,xgboost,logistic_regression,2017-2020,4,unweighted,SHAP,,total,14,4,4,1.0,0.6,0.7142857142857143,1.0,1.0,0,,,0.9296703296703297,0.8461538461538461,0.9251177529351824,1,1.0,1.0,0.8571428571428571,0.9,0.9670104203242855,0.9718835164241271,0.9973756820436508
model,random_forest,logistic_regression,2017-2020,4,unweighted,SHAP,,total,14,5,4,0.8,0.5,0.8571428571428571,1.0,0.8,0,Diabetes_self,,0.8945054945054945,0.7582417582417583,0.8436382428682723,0,1.0,0.8333333333333334,1.0,0.8,0.8869080137723331,0.8439014007560555,0.8295374208582217
label,diag,lab,2017-2020,4,unweighted,PI,xgboost,,14,4,2,0.5,0.42857142857142855,0.5,1.0,0.5,0,"GenHlth,HighChol",,0.605726872246696,0.5222222222222221,0.7099541485216687,0,0.6,0.6666666666666666,0.7142857142857143,0.7,0.8495845840083363,0.8316105508975615,0.921369331623238
label,diag,total,2017-2020,4,unweighted,PI,xgboost,,14,4,3,0.75,0.5,0.7142857142857143,1.0,0.75,0,HighChol,,0.9127121970833248,0.8090398349558905,0.8923236823266603,0,1.0,0.8333333333333334,0.8571428571428571,0.9,0.9377607965733767,0.9253130754511976,0.9537657546446611
label,lab,total,2017-2020,4,unweighted,PI,xgboost,,14,2,3,0.6666666666666666,0.2857142857142857,0.5555555555555556,1.0,0.6666666666666666,0,,GenHlth,0.6850866370359097,0.550596554344981,0.7299012541843447,0,0.6,0.6666666666666666,0.7142857142857143,0.8,0.8824328506492456,0.8773992202082688,0.9629067763833389
label,diag,lab,2017-2020,4,unweighted,PI,random_forest,,14,3,1,0.3333333333333333,0.3333333333333333,0.5,1.0,0.3333333333333333,0,"BMI,HighChol",,0.571749501749806,0.4246406484542905,0.6215541050504918,0,0.6,0.5,0.7142857142857143,0.8,0.8005960048460032,0.7425704951370621,0.7934486642372384
label,diag,total,2017-2020,4,unweighted,PI,random_forest,,14,3,2,0.6666666666666666,0.3333333333333333,0.6666666666666666,1.0,0.6666666666666666,0,HighChol,,0.8153846153846154,0.6923076923076924,0.8527438877680784,1,1.0,0.8333333333333334,0.8571428571428571,0.8,0.9475098231326264,0.9548925815703089,0.9946091248703554
label,lab,total,2017-2020,4,unweighted,PI,random_forest,,14,1,2,0.5,0.42857142857142855,0.6666666666666666,1.0,0.5,0,,BMI,0.8234075836010719,0.6481357265881276,0.7251046365380485,0,0.6,0.6666666666666666,0.7142857142857143,1.0,0.8369003678769122,0.7735135492299915,0.7972148416362284
label,diag,lab,2017-2020,4,unweighted,PI,logistic_regression,,14,4,1,0.25,0.14285714285714285,0.5,1.0,0.25,0,"BMI,GenHlth,HighChol",,0.4596710338821588,0.3708099243547831,0.5830395965663184,0,0.6,0.6666666666666666,0.7142857142857143,0.7,0.8455845887060032,0.8255659272437286,0.9204668934039051
label,diag,total,2017-2020,4,unweighted,PI,logistic_regression,,14,4,2,0.5,0.4,0.875,1.0,0.5,0,"GenHlth,HighChol",,0.7742290748898679,0.611111111111111,0.808198499769039,0,1.0,1.0,0.8571428571428571,0.8,0.9202260152357098,0.9164108307672529,0.9552758317528826
label,lab,total,2017-2020,4,unweighted,PI,logistic_regression,,14,1,2,0.5,0.2857142857142857,0.6,1.0,0.5,0,,BMI,0.5127099993301002,0.3932832531035579,0.6450365554220115,0,0.6,0.6666666666666666,0.7142857142857143,0.7,0.8360139965092455,0.8193487785371576,0.9202201444388945
model,xgboost,random_forest,2017-2020,4,unweighted,PI,,diag,14,4,3,0.75,0.42857142857142855,0.5714285714285714,1.0,0.75,0,GenHlth,,0.9284934111359767,0.8176920377625482,0.9039636284697447,1,1.0,0.8333333333333334,0.8571428571428571,1.0,0.9604837553173686,0.9643639939588491,0.9950324062872893
model,xgboost,logistic_regression,2017-2020,4,unweighted,PI,,diag,14,4,4,1.0,0.6,0.7142857142857143,1.0,1.0,0,,,0.9118942731277533,0.8222222222222222,0.9110430290553393,1,1.0,0.8333333333333334,0.7142857142857143,0.8,0.9532945773976622,0.9578055589864358,0.9942186936327562
model,random_forest,logistic_regression,2017-2020,4,unweighted,PI,,diag,14,3,4,0.75,0.3333333333333333,0.625,1.0,0.75,0,,GenHlth,0.8228827861726429,0.6850933289361891,0.840948690518774,1,1.0,0.8333333333333334,0.7142857142857143,0.8,0.9403603622516543,0.9477771860451982,0.9935040084698288
model,xgboost,random_forest,2017-2020,4,unweighted,PI,,lab,14,2,1,0.5,0.3333333333333333,0.4444444444444444,1.0,0.5,0,BMI,,0.5635390078843774,0.44946657497549475,0.5533506821022636,0,0.8,0.6666666666666666,0.5714285714285714,0.8,0.7899647596651902,0.7206157017084364,0.7595550919891739
model,xgboost,logistic_regression,2017-2020,4,unweighted,PI,,lab,14,2,1,0.5,0.6666666666666666,0.875,1.0,0.5,0,BMI,,0.6232078440133114,0.5281232255962063,0.7398517616094311,0,0.8,0.8333333333333334,0.8571428571428571,0.8,0.88120539593496,0.8658007785574753,0.9309933339230215
model,random_forest,logistic_regression,2017-2020,4,unweighted,PI,,lab,14,1,1,1.0,0.3333333333333333,0.4,1.0,1.0,0,,,0.06430155210643017,0.10227272727272727,0.3682189854829059,0,0.6,0.5,0.42857142857142855,0.6,0.7029577787969078,0.6315720254169271,0.732244827654984
model,xgboost,random_forest,2017-2020,4,unweighted,PI,,total,14,3,2,0.6666666666666666,0.4,0.7777777777777778,1.0,0.6666666666666666,0,GenHlth,,0.8896333946145628,0.7822327734684299,0.8872267135885963,0,1.0,1.0,0.8571428571428571,0.9,0.9396448693757096,0.9317946057716973,0.9562957970306604
model,xgboost,logistic_regression,2017-2020,4,unweighted,PI,,total,14,3,2,0.6666666666666666,0.6,0.875,1.0,0.6666666666666666,0,GenHlth,,0.9016624126150038,0.7978031705815031,0.9151826010054351,1,1.0,0.8333333333333334,1.0,0.8,0.9664998900214239,0.9735869597831261,0.9968649934592317
model,random_forest,logistic_regression,2017-2020,4,unweighted,PI,,total,14,2,2,1.0,0.75,0.8888888888888888,1.0,1.0,0,,,0.9086914189553517,0.795592252958155,0.8871765763693366,0,1.0,0.8333333333333334,0.8571428571428571,0.9,0.9351457082726264,0.9238814196858642,0.9537454095925777
method,SHAP,PI,2017-2020,4,unweighted,,xgboost,diag,14,4,4,1.0,0.42857142857142855,0.42857142857142855,1.0,1.0,0,,,0.9042909762485462,0.8176920377625482,0.9031787042766501,0,1.0,1.0,1.0,0.9,0.9456237186623331,0.9375084219827219,0.9572392437748883
method,SHAP,PI,2017-2020,4,unweighted,,xgboost,lab,14,3,2,0.6666666666666666,0.2857142857142857,0.5555555555555556,1.0,0.6666666666666666,0,GenHlth,,0.6798683982014617,0.5082950505010435,0.7541461244796628,0,1.0,0.8333333333333334,0.7142857142857143,0.7,0.909865830956003,0.9134378703548398,0.9775089940983496
method,SHAP,PI,2017-2020,4,unweighted,,xgboost,total,14,4,3,0.75,0.2857142857142857,0.5,1.0,0.75,0,HighChol,,0.8189925295335059,0.692834742214895,0.8676884295380409,1,1.0,1.0,0.8571428571428571,0.8,0.9520089842357098,0.9628057676561419,0.997159512308438
method,SHAP,PI,2017-2020,4,unweighted,,random_forest,diag,14,5,3,0.6,0.42857142857142855,0.6666666666666666,1.0,0.6,0,"Diabetes_self,GenHlth",,0.8065934065934066,0.6483516483516484,0.8059619646875447,0,1.0,0.8333333333333334,0.7142857142857143,0.9,0.8956175555392454,0.8693742414349355,0.8687335993000056
method,SHAP,PI,2017-2020,4,unweighted,,random_forest,lab,14,3,1,0.3333333333333333,0.3333333333333333,0.5,1.0,0.3333333333333333,0,"BMI,GenHlth",,0.5452591773444095,0.4246406484542905,0.5825977572973905,0,0.6,0.6666666666666666,0.7142857142857143,0.7,0.7565506767592456,0.6800532620927134,0.7386337729111166
method,SHAP,PI,2017-2020,4,unweighted,,random_forest,total,14,5,2,0.4,0.0,0.6666666666666666,1.0,0.4,0,"Diabetes_self,GenHlth,HighChol",,0.8769230769230769,0.7582417582417583,0.8604770750805726,0,1.0,0.8333333333333334,0.8571428571428571,0.8,0.9110989684866186,0.8828065090735155,0.8703050299852059
method,SHAP,PI,2017-2020,4,unweighted,,logistic_regression,diag,14,4,4,1.0,0.2,0.5555555555555556,1.0,1.0,0,,,0.7722776950443788,0.5966941897186163,0.762428370938349,0,1.0,0.8333333333333334,0.7142857142857143,0.8,0.8657452739509044,0.8236788636131982,0.8268169967510788
method,SHAP,PI,2017-2020,4,unweighted,,logistic_regression,lab,14,4,1,0.25,0.125,0.5555555555555556,1.0,0.25,0,"BMI,GenHlth,Sex",,0.774841988857845,0.6257862187747439,0.76125319371637,0,0.8,0.8333333333333334,0.7142857142857143,0.8,0.8552383622516546,0.8087265193785316,0.8205873418031622
method,SHAP,PI,2017-2020,4,unweighted,,logistic_regression,total,14,4,2,0.5,0.16666666666666666,0.6666666666666666,1.0,0.5,0,"GenHlth,HighChol",,0.9592965100836159,0.8618916073713346,0.9334538705048403,1,1.0,0.8333333333333334,0.8571428571428571,0.9,0.9673712306773687,0.9706507896210712,0.9956400451761781
label,diag,lab,2017-2020,4,weighted,SHAP,xgboost,,14,4,3,0.75,0.5,0.7142857142857143,1.0,0.75,0,HighChol,,0.7538461538461538,0.6263736263736264,0.7851773661484577,0,0.6,0.6666666666666666,0.8571428571428571,0.9,0.8977099003757096,0.8905196688828083,0.9644121164751047
label,diag,total,2017-2020,4,weighted,SHAP,xgboost,,14,4,4,1.0,1.0,1.0,1.0,1.0,0,,,0.9428571428571428,0.8681318681318682,0.9356196203532583,0,0.8,0.8333333333333334,1.0,0.9,0.9652048679123328,0.9655678424271665,0.9909740528026661
label,lab,total,2017-2020,4,weighted,SHAP,xgboost,,14,3,4,0.75,0.5,0.7142857142857143,1.0,0.75,0,,HighChol,0.7934065934065934,0.6703296703296704,0.8215767716575495,0,0.8,0.6666666666666666,0.8571428571428571,0.8,0.9123000343826264,0.9072287949036422,0.9706182394536886
label,diag,lab,2017-2020,4,weighted,SHAP,random_forest,,14,4,3,0.75,0.14285714285714285,0.4444444444444444,1.0,0.75,0,HighChol,,0.7098901098901099,0.5604395604395604,0.6911927756710654,0,0.6,0.6666666666666666,0.7142857142857143,0.8,0.8114347739509047,0.7543881969465317,0.7960878300844121
label,diag,total,2017-2020,4,weighted,SHAP,random_forest,,14,4,4,1.0,0.75,0.8571428571428571,1.0,1.0,0,,,0.8989010989010989,0.8021978021978022,0.9161141265511459,1,1.0,1.0,0.8571428571428571,0.9,0.9671995850758688,0.9749818745348489,0.9979865078497893
label,lab,total,2017-2020,4,weighted,SHAP,random_forest,,14,3,4,0.75,0.2857142857142857,0.5,1.0,0.75,0,,HighChol,0.7230769230769231,0.5384615384615384,0.6715270327074381,0,0.6,0.6666666666666666,0.5714285714285714,0.9,0.8124999335551903,0.7533109931573253,0.7952864287947297
label,diag,lab,2017-2020,4,weighted,SHAP,logistic_regression,,14,4,4,0.6,0.14285714285714285,0.3333333333333333,0.75,1.0,1,HighChol,Sex,0.21318681318681318,0.16483516483516486,0.43449574263078705,0,0.6,0.5,0.42857142857142855,0.7,0.7628186639369079,0.7114941968658158,0.7903394457105397
label,diag,total,2017-2020,4,weighted,SHAP,logistic_regression,,14,4,4,1.0,0.75,0.8571428571428571,1.0,1.0,0,,,0.8901098901098902,0.7142857142857144,0.7949906414095781,0,1.0,0.8333333333333334,0.8571428571428571,0.9,0.8879731733766187,0.8428241969668488,0.8287360195685393
label,lab,total,2017-2020,4,weighted,SHAP,logistic_regression,,14,4,4,0.6,0.0,0.3,0.75,1.0,1,Sex,HighChol,0.3450549450549451,0.23076923076923078,0.5530440808614248,0,0.6,0.6666666666666666,0.5714285714285714,0.6,0.7985950043326222,0.7661607339883555,0.8354116803335554
model,xgboost,random_forest,2017-2020,4,weighted,SHAP,,diag,14,4,4,1.0,0.6,0.7142857142857143,1.0,1.0,0,,,0.8681318681318682,0.7142857142857144,0.818255655380666,0,1.0,0.8333333333333334,0.8571428571428571,0.8,0.8831016993817173,0.8392448072640462,0.8286033641380322
model,xgboost,logistic_regression,2017-2020,4,weighted,SHAP,,diag,14,4,4,1.0,0.8,0.8333333333333334,1.0,1.0,0,,,0.832967032967033,0.6703296703296704,0.7888453716385506,0,1.0,1.0,0.8571428571428571,0.9,0.8951995850758689,0.8523152078681822,0.8313198411831226
model,random_forest,logistic_regression,2017-2020,4,weighted,SHAP,,diag,14,4,4,1.0,0.75,0.8571428571428571,1.0,1.0,0,,,0.7802197802197802,0.6043956043956044,0.8157995300714673,0,1.0,0.8333333333333334,1.0,0.7,0.9190791125797648,0.9158808747070857,0.9543306411470476
model,xgboost,random_forest,2017-2020,4,weighted,SHAP,,lab,14,3,3,1.0,0.8,0.8571428571428571,1.0,1.0,0,,,0.9164835164835166,0.7802197802197802,0.8671273824589469,0,0.8,0.8333333333333334,0.8571428571428571,1.0,0.9346729131626268,0.927248440912531,0.9736347325092444
model,xgboost,logistic_regression,2017-2020,4,weighted,SHAP,,lab,14,3,4,0.75,0.3333333333333333,0.625,1.0,0.75,0,,Sex,0.7362637362637363,0.5604395604395604,0.7682682238779917,0,0.8,0.8333333333333334,0.7142857142857143,0.8,0.8798170928992455,0.8518204966527134,0.8626572104111166
model,random_forest,logistic_regression,2017-2020,4,weighted,SHAP,,lab,14,3,4,0.75,0.2857142857142857,0.5,1.0,0.75,0,,Sex,0.5736263736263736,0.42857142857142855,0.6798957678006062,0,0.8,0.6666666666666666,0.5714285714285714,0.8,0.8333968983635314,0.7988368511923958,0.8426066771769897
model,xgboost,random_forest,2017-2020,4,weighted,SHAP,,total,14,4,4,1.0,0.8,0.8333333333333334,1.0,1.0,0,,,0.8989010989010989,0.7362637362637363,0.8258381126338246,0,0.8,0.8333333333333334,0.8571428571428571,0.9,0.8764643383757098,0.8282162093272529,0.8226586442528826
model,xgboost,logistic_regression,2017-2020,4,weighted,SHAP,,total,14,4,4,1.0,0.6,0.7142857142857143,1.0,1.0,0,,,0.9164835164835166,0.8241758241758242,0.9095075413938158,0,0.8,1.0,0.8571428571428571,0.9,0.9507186163233765,0.9535472585623088,0.9910812928391054
model,random_forest,logistic_regression,2017-2020,4,weighted,SHAP,,total,14,4,4,1.0,0.75,0.8571428571428571,1.0,1.0,0,,,0.8901098901098902,0.7362637362637363,0.8339303998699099,0,1.0,0.8333333333333334,1.0,0.8,0.8869080137723331,0.8439014007560555,0.8295374208582217
label,diag,lab,2017-2020,4,weighted,PI,xgboost,,14,3,2,0.6666666666666666,0.2857142857142857,0.5555555555555556,1.0,0.6666666666666666,0,GenHlth,,0.696629213483146,0.5647058823529412,0.7273753236977436,0,0.8,0.6666666666666666,0.7142857142857143,0.8,0.8513317739509045,0.8251721969465315,0.9117128300844121
label,diag,total,2017-2020,4,weighted,PI,xgboost,,14,3,3,1.0,0.5,0.625,1.0,1.0,0,,,0.8460674157303371,0.7294117647058824,0.8457413864045055,0,0.8,0.8333333333333334,0.8571428571428571,0.9,0.9286308275733766,0.9222674718956421,0.9733404074224388
label,lab,total,2017-2020,4,weighted,PI,xgboost,,14,2,3,0.6666666666666666,0.25,0.4444444444444444,1.0,0.6666666666666666,0,,GenHlth,0.6887640449438202,0.5647058823529412,0.7365470683429596,0,0.8,0.6666666666666666,0.5714285714285714,0.9,0.8598602533051902,0.8407238429351027,0.9258311336558407
label,diag,lab,2017-2020,4,weighted,PI,random_forest,,14,4,2,0.2,0.16666666666666666,0.5,0.5,0.5,1,"BMI,GenHlth,HighChol",Sex,0.5398606328285794,0.4328874632194936,0.5699108845878709,0,0.6,0.5,0.5714285714285714,0.8,0.773165825561198,0.7077046542052295,0.7765349681243237
label,diag,total,2017-2020,4,weighted,PI,random_forest,,14,4,2,0.5,0.16666666666666666,0.6666666666666666,1.0,0.5,0,"GenHlth,HighChol",,0.7978021978021977,0.6483516483516484,0.8029678459827649,0,1.0,0.8333333333333334,0.7142857142857143,0.8,0.8946928088469122,0.8791360863322135,0.9362013867751172
label,lab,total,2017-2020,4,weighted,PI,random_forest,,14,2,2,0.3333333333333333,0.14285714285714285,0.6,0.5,1.0,1,Sex,BMI,0.5535859031547299,0.43288746321949356,0.5648853213977547,0,0.6,0.6666666666666666,0.5714285714285714,0.9,0.7496093034521072,0.65872553684927,0.7222065274677578
label,diag,lab,2017-2020,4,weighted,PI,logistic_regression,,14,4,1,0.25,0.14285714285714285,0.5,1.0,0.25,0,"BMI,GenHlth,HighChol",,0.6563571974182748,0.5056498968474316,0.669820206311674,0,0.4,0.6666666666666666,0.7142857142857143,0.8,0.8300692160960033,0.7967520418037286,0.8996661121539049
label,diag,total,2017-2020,4,weighted,PI,logistic_regression,,14,4,3,0.75,0.4,0.75,1.0,0.75,0,HighChol,,0.8710113905392634,0.7774602526460401,0.8934174280705494,0,1.0,1.0,0.8571428571428571,0.9,0.9458047810749597,0.9474296166730307,0.9823171186452437
label,lab,total,2017-2020,4,weighted,PI,logistic_regression,,14,1,3,0.3333333333333333,0.2857142857142857,0.6666666666666666,1.0,0.3333333333333333,0,,"BMI,GenHlth",0.5446550690334409,0.3931226965534482,0.6430355711104765,0,0.4,0.6666666666666666,0.8571428571428571,0.7,0.8150679180440505,0.7881452292467682,0.8999051079129206
model,xgboost,random_forest,2017-2020,4,weighted,PI,,diag,14,3,4,0.75,0.4,0.75,1.0,0.75,0,,HighChol,0.8622754507448042,0.7390659560519333,0.8612497801145284,0,0.8,1.0,0.8571428571428571,0.8,0.9226486644857097,0.9127262512116974,0.9499481407806604
model,xgboost,logistic_regression,2017-2020,4,weighted,PI,,diag,14,3,4,0.75,0.16666666666666666,0.5555555555555556,1.0,0.75,0,,HighChol,0.7931431947056128,0.7317272966080377,0.8603554790206932,0,0.8,0.8333333333333334,0.7142857142857143,0.9,0.9414316939869121,0.9426742577811025,0.9880460048306728
model,random_forest,logistic_regression,2017-2020,4,weighted,PI,,diag,14,4,4,1.0,0.2,0.5555555555555556,1.0,1.0,0,,,0.6622666273742395,0.5082950505010435,0.7504887598747414,0,1.0,0.8333333333333334,0.7142857142857143,0.7,0.8979163727583364,0.8956583375642284,0.9516102170399047
model,xgboost,random_forest,2017-2020,4,weighted,PI,,lab,14,2,2,0.3333333333333333,0.125,0.5,0.5,1.0,1,BMI,Sex,0.5817459100894754,0.4354635265692595,0.5995258680996176,0,0.6,0.5,0.7142857142857143,0.8,0.7855408088469122,0.7189227529988805,0.7778680534417839
model,xgboost,logistic_regression,2017-2020,4,weighted,PI,,lab,14,2,1,0.5,0.42857142857142855,0.6666666666666666,1.0,0.5,0,BMI,,0.5223331399746932,0.3931226965534482,0.6762913129229339,0,0.6,0.8333333333333334,0.7142857142857143,0.7,0.8649027235083364,0.8672575837864507,0.9642295746787936
model,random_forest,logistic_regression,2017-2020,4,weighted,PI,,lab,14,2,1,0.5,0.125,0.45454545454545453,1.0,0.5,0,Sex,,0.4457473950054614,0.36683699103338885,0.5688697044400556,0,0.6,0.5,0.5714285714285714,0.8,0.7618447754142812,0.699452293624396,0.7759929076457397
model,xgboost,random_forest,2017-2020,4,weighted,PI,,total,14,3,2,0.6666666666666666,0.5,0.75,1.0,0.6666666666666666,0,GenHlth,,0.8956108418818455,0.7618064470073773,0.8690531943180186,0,0.8,1.0,1.0,0.9,0.941276718662333,0.9381910886493887,0.977030910441555
model,xgboost,logistic_regression,2017-2020,4,weighted,PI,,total,14,3,3,1.0,0.8,0.8571428571428571,1.0,1.0,0,,,0.9157303370786516,0.8,0.8789861365405115,0,0.8,0.8333333333333334,0.8571428571428571,0.9,0.9346048846266186,0.9287497436335157,0.9740159674852059
model,random_forest,logistic_regression,2017-2020,4,weighted,PI,,total,14,2,3,0.6666666666666666,0.6,0.875,1.0,0.6666666666666666,0,,GenHlth,0.9111673577457982,0.8300279198737096,0.9203427210747599,1,1.0,0.8333333333333334,0.8571428571428571,0.9,0.9621457082726264,0.9665480863525311,0.9954120762592443
method,SHAP,PI,2017-2020,4,weighted,,xgboost,diag,14,4,3,0.75,0.5,0.7142857142857143,1.0,0.75,0,HighChol,,0.8178282625620824,0.6935849741410449,0.86950305140551,0,0.8,1.0,1.0,0.7,0.9459684165806741,0.9550384659022373,0.9923958636849263
method,SHAP,PI,2017-2020,4,weighted,,xgboost,lab,14,3,2,0.6666666666666666,0.2857142857142857,0.5555555555555556,1.0,0.6666666666666666,0,GenHlth,,0.7267115267875025,0.5571420284083803,0.7568974913403174,0,1.0,0.8333333333333334,0.7142857142857143,0.8,0.8867353816492454,0.8746949499860466,0.93612726249445
method,SHAP,PI,2017-2020,4,weighted,,xgboost,total,14,4,3,0.75,0.25,0.375,1.0,0.75,0,HighChol,,0.833384778426035,0.7163254650964891,0.8620754646504118,0,1.0,1.0,0.8571428571428571,0.8,0.9321708192366187,0.9354297552957378,0.9813618876240947
method,SHAP,PI,2017-2020,4,weighted,,random_forest,diag,14,4,4,1.0,0.5,0.75,1.0,1.0,0,,,0.8901098901098902,0.7582417582417583,0.8602813754695625,0,1.0,0.8333333333333334,0.8571428571428571,0.9,0.9149731733766187,0.8854908636335155,0.8704026862352059
method,SHAP,PI,2017-2020,4,weighted,,random_forest,lab,14,3,2,0.25,0.2857142857142857,0.5555555555555556,0.5,0.6666666666666666,1,"BMI,GenHlth",Sex,0.5284229075567876,0.40883815970729953,0.5317215458658806,0,0.4,0.6666666666666666,0.5714285714285714,0.7,0.7176116624735313,0.6305794335212848,0.7156427014825452
method,SHAP,PI,2017-2020,4,weighted,,random_forest,total,14,4,2,0.5,0.3333333333333333,0.75,1.0,0.5,0,"GenHlth,HighChol",,0.8505494505494505,0.6923076923076924,0.7987645387052931,0,1.0,0.8333333333333334,0.8571428571428571,0.8,0.8658739684866186,0.8145398424068488,0.8130133633185392
method,SHAP,PI,2017-2020,4,weighted,,logistic_regression,diag,14,4,4,1.0,0.16666666666666666,0.4444444444444444,1.0,1.0,0,,,0.6380641924868088,0.48619526569665034,0.6819858605193996,0,1.0,0.8333333333333334,0.7142857142857143,0.8,0.8599603816492456,0.8202949499860468,0.82675226249445
method,SHAP,PI,2017-2020,4,weighted,,logistic_regression,lab,14,4,1,0.25,0.0,0.4,1.0,0.25,0,"BMI,GenHlth,Sex",,0.44812798785795604,0.29054360157398823,0.5561959275760937,0,0.6,0.6666666666666666,0.5714285714285714,0.7,0.7800583592742811,0.7280477257310626,0.7936361368124064
method,SHAP,PI,2017-2020,4,weighted,,logistic_regression,total,14,4,3,0.75,0.4,0.75,1.0,0.75,0,HighChol,,0.9311685924280231,0.8072874289182654,0.8976316103184339,0,1.0,0.8333333333333334,0.8571428571428571,0.9,0.9465311423766187,0.9436191338557378,0.9799947001240947
label,diag,lab,2021-2023,0,unweighted,SHAP,xgboost,,14,4,3,0.4,0.2222222222222222,0.42857142857142855,0.6666666666666666,0.75,1,"GenHlth,HighChol",Income,0.5560439560439561,0.42857142857142855,0.6305963376140626,0,0.6,0.6666666666666666,0.7142857142857143,0.8,0.8290612586999955,0.8015930590847131,0.9049301596298666
label,diag,total,2021-2023,0,unweighted,SHAP,xgboost,,14,4,4,1.0,0.8,0.8333333333333334,1.0,1.0,0,,,0.956043956043956,0.8681318681318682,0.9260645425326287,0,0.8,0.8333333333333334,0.8571428571428571,1.0,0.9560677171635357,0.9548006987743494,0.9893041217137898
label,lab,total,2021-2023,0,unweighted,SHAP,xgboost,,14,3,4,0.4,0.25,0.5714285714285714,0.6666666666666666,0.75,1,Income,"GenHlth,HighChol",0.665934065934066,0.5164835164835165,0.6882686387795487,0,0.8,0.6666666666666666,0.7142857142857143,0.8,0.8529449389499955,0.8269482093069356,0.9118854547687555
label,diag,lab,2021-2023,0,unweighted,SHAP,random_forest,,14,5,4,0.2857142857142857,0.1111111111111111,0.2857142857142857,0.5,0.8,1,"Diabetes_self,GenHlth,HighChol","Education,Income",0.5868131868131868,0.42857142857142855,0.599144501874902,0,0.6,0.6666666666666666,0.7142857142857143,0.8,0.7884268049509047,0.7250599267243095,0.7802458161955232
label,diag,total,2021-2023,0,unweighted,SHAP,random_forest,,14,5,4,0.8,0.6,0.8333333333333334,1.0,0.8,0,Diabetes_self,,0.9648351648351648,0.8901098901098902,0.9451914386639277,1,1.0,0.8333333333333334,0.8571428571428571,0.9,0.9707395078233765,0.9732226221178644,0.9959207025613277
label,lab,total,2021-2023,0,unweighted,SHAP,random_forest,,14,4,4,0.3333333333333333,0.0,0.25,0.5,1.0,1,"Education,Income","GenHlth,HighChol",0.6879120879120879,0.4945054945054945,0.6416721084200792,0,0.6,0.8333333333333334,0.8571428571428571,0.8,0.8106432882366188,0.7472006921846269,0.7841830681796503
label,diag,lab,2021-2023,0,unweighted,SHAP,logistic_regression,,14,5,3,0.3333333333333333,0.3333333333333333,0.0,0.6666666666666666,0.6,1,"Diabetes_self,GenHlth,HighChol",Income,-0.032967032967032975,-0.01098901098901099,0.3625399958207858,0,0.4,0.3333333333333333,0.2857142857142857,0.6,0.7336405842611935,0.7104710466232761,0.8882359610875238
label,diag,total,2021-2023,0,unweighted,SHAP,logistic_regression,,14,5,4,0.8,0.2857142857142857,0.42857142857142855,1.0,0.8,0,Diabetes_self,,0.9032967032967033,0.8021978021978022,0.9140857699991906,1,1.0,1.0,0.8571428571428571,0.8,0.9649431993817175,0.9728341405973795,0.9978741974713654
label,lab,total,2021-2023,0,unweighted,SHAP,logistic_regression,,14,3,4,0.4,0.125,0.2,0.6666666666666666,0.75,1,Income,"GenHlth,HighChol",0.178021978021978,0.14285714285714285,0.4545040419749078,0,0.4,0.3333333333333333,0.42857142857142855,0.7,0.759038287687817,0.7315686378387453,0.8901993731095295
model,xgboost,random_forest,2021-2023,0,unweighted,SHAP,,diag,14,4,5,0.8,0.5,0.6666666666666666,1.0,0.8,0,,Diabetes_self,0.9648351648351648,0.8681318681318682,0.9064602470147931,0,1.0,0.8333333333333334,0.8571428571428571,0.9,0.9262942235235356,0.8937432242143493,0.8709447467137897
model,xgboost,logistic_regression,2021-2023,0,unweighted,SHAP,,diag,14,4,5,0.8,0.375,0.3333333333333333,1.0,0.8,0,,Diabetes_self,0.7978021978021977,0.6483516483516484,0.8343434632555107,1,1.0,0.8333333333333334,0.7142857142857143,0.8,0.9393584389499954,0.9481215426402689,0.9936562881020888
model,random_forest,logistic_regression,2021-2023,0,unweighted,SHAP,,diag,14,5,5,1.0,0.42857142857142855,0.3333333333333333,1.0,1.0,0,,,0.832967032967033,0.6483516483516484,0.8127456051454096,0,1.0,0.8333333333333334,0.8571428571428571,0.9,0.9032095698249598,0.8768640700063641,0.8698496707285771
model,xgboost,random_forest,2021-2023,0,unweighted,SHAP,,lab,14,3,4,0.75,0.7142857142857143,0.8,1.0,0.75,0,,Education,0.956043956043956,0.8681318681318682,0.9272146470228286,1,1.0,0.8333333333333334,0.7142857142857143,1.0,0.9658259561776621,0.966902538328658,0.994631020021645
model,xgboost,logistic_regression,2021-2023,0,unweighted,SHAP,,lab,14,3,3,1.0,0.5,0.42857142857142855,1.0,1.0,0,,,0.745054945054945,0.6043956043956044,0.8054462262963689,0,0.8,0.8333333333333334,0.7142857142857143,0.8,0.9248170928992454,0.9318204966527135,0.9876572104111166
model,random_forest,logistic_regression,2021-2023,0,unweighted,SHAP,,lab,14,4,3,0.75,0.3333333333333333,0.2857142857142857,1.0,0.75,0,Education,,0.6527472527472528,0.5164835164835165,0.7552041423981533,0,0.8,0.6666666666666666,0.7142857142857143,0.8,0.9058270776483361,0.9137026921242286,0.9845203732899045
model,xgboost,random_forest,2021-2023,0,unweighted,SHAP,,total,14,4,4,1.0,0.6,0.7142857142857143,1.0,1.0,0,,,0.9296703296703297,0.8021978021978022,0.8681354882042239,0,0.8,0.8333333333333334,0.8571428571428571,0.9,0.9066387965733766,0.8715957421178644,0.8641824213113277
model,xgboost,logistic_regression,2021-2023,0,unweighted,SHAP,,total,14,4,4,1.0,0.75,0.8571428571428571,1.0,1.0,0,,,0.8945054945054945,0.7582417582417583,0.8891588520855598,0,0.8,0.8333333333333334,1.0,0.9,0.9512733836614238,0.9546444343431262,0.9902243684592318
model,random_forest,logistic_regression,2021-2023,0,unweighted,SHAP,,total,14,4,4,1.0,0.4,0.625,1.0,1.0,0,,,0.9208791208791209,0.7802197802197802,0.8637682554223268,0,1.0,0.8333333333333334,0.8571428571428571,0.9,0.919756142376619,0.8892191338557378,0.8706197001240947
label,diag,lab,2021-2023,0,unweighted,PI,xgboost,,14,4,2,0.5,0.0,0.3333333333333333,1.0,0.5,0,"GenHlth,HighChol",,0.1781090857928016,0.13685996549319585,0.38213603976368815,0,0.4,0.3333333333333333,0.42857142857142855,0.7,0.724799967937817,0.6605397880609672,0.7659046682484184
label,diag,total,2021-2023,0,unweighted,PI,xgboost,,14,4,4,1.0,0.6666666666666666,0.875,1.0,1.0,0,,,0.8404494382022472,0.7058823529411765,0.8279305439561208,0,1.0,1.0,1.0,0.8,0.8909646214706741,0.8514401537955705,0.8320768532682595
label,lab,total,2021-2023,0,unweighted,PI,xgboost,,14,2,4,0.5,0.0,0.25,1.0,0.5,0,,"GenHlth,HighChol",0.40132371928637767,0.33592900621057165,0.5669011616926035,0,0.4,0.3333333333333333,0.42857142857142855,0.7,0.7745875911345748,0.7430286665453162,0.8909344033245401
label,diag,lab,2021-2023,0,unweighted,PI,random_forest,,14,4,2,0.5,0.2,0.45454545454545453,1.0,0.5,0,"GenHlth,HighChol",,0.3781870559001484,0.3018537766524362,0.554528824212345,0,0.6,0.5,0.5714285714285714,0.8,0.8068447754142813,0.7794522936243958,0.9009929076457397
label,diag,total,2021-2023,0,unweighted,PI,random_forest,,14,4,4,1.0,0.5,0.75,1.0,1.0,0,,,0.8660908474794059,0.7515580963521805,0.8579278269786761,0,1.0,0.8333333333333334,0.8571428571428571,0.8,0.9031461954857096,0.8771259809894751,0.8700436268917714
label,lab,total,2021-2023,0,unweighted,PI,random_forest,,14,2,4,0.5,0.5,0.6,1.0,0.5,0,,"GenHlth,HighChol",0.5464872655211863,0.453388902958821,0.585503628928371,0,0.6,0.6666666666666666,0.7142857142857143,0.8,0.7920186858976623,0.7260341954308803,0.7800042839105339
label,diag,lab,2021-2023,0,unweighted,PI,logistic_regression,,14,4,1,0.25,0.0,0.3333333333333333,1.0,0.25,0,"BMI,GenHlth,HighChol",,0.3712727581355898,0.2809166093596842,0.4647108898020611,0,0.4,0.3333333333333333,0.5714285714285714,0.9,0.7566869645551904,0.6857533896017697,0.7679860815725074
label,diag,total,2021-2023,0,unweighted,PI,logistic_regression,,14,4,4,1.0,0.6666666666666666,0.875,1.0,1.0,0,,,0.8618831885290478,0.7528565130839536,0.8991846580602174,1,1.0,1.0,0.8571428571428571,0.8,0.9601555761849598,0.9703452621130308,0.9978444623952437
label,lab,total,2021-2023,0,unweighted,PI,logistic_regression,,14,1,4,0.25,0.0,0.25,1.0,0.25,0,,"BMI,GenHlth,HighChol",0.20620842572062087,0.17045454545454544,0.4108334763416688,0,0.4,0.3333333333333333,0.42857142857142855,0.7,0.7274150562385668,0.6619714438263006,0.7659250133005017
model,xgboost,random_forest,2021-2023,0,unweighted,PI,,diag,14,4,4,1.0,0.6666666666666666,0.875,1.0,1.0,0,,,0.8526976900441574,0.7284332318490364,0.8320125961191791,0,1.0,1.0,0.8571428571428571,0.8,0.8881602303817175,0.8464392037084907,0.8309905169158098
model,xgboost,logistic_regression,2021-2023,0,unweighted,PI,,diag,14,4,4,1.0,1.0,1.0,1.0,1.0,0,,,0.8787982101226285,0.7660270136365395,0.8481419482940447,0,1.0,1.0,0.8571428571428571,0.8,0.8987280916833766,0.8535513875578644,0.8312722650613277
model,random_forest,logistic_regression,2021-2023,0,unweighted,PI,,diag,14,4,4,1.0,0.6666666666666666,0.875,1.0,1.0,0,,,0.8751429298910332,0.7753298418327284,0.9076328563521383,1,1.0,1.0,1.0,0.9,0.9716264495574316,0.979280053506586,0.9988709112610479
model,xgboost,random_forest,2021-2023,0,unweighted,PI,,lab,14,2,2,1.0,0.4,0.7,1.0,1.0,0,,,0.8077846194817128,0.7269586642454515,0.8458218878989505,0,0.8,0.6666666666666666,0.5714285714285714,0.8,0.8662582754142811,0.8579589602910624,0.9410970743124063
model,xgboost,logistic_regression,2021-2023,0,unweighted,PI,,lab,14,2,1,0.5,0.2857142857142857,0.6,1.0,0.5,0,BMI,,0.33775704673094237,0.20787429491892032,0.5149364537881875,0,0.8,0.6666666666666666,0.5714285714285714,0.7,0.7883973902742814,0.7407034555088404,0.7996691229235174
model,random_forest,logistic_regression,2021-2023,0,unweighted,PI,,lab,14,2,1,0.5,0.14285714285714285,0.5454545454545454,1.0,0.5,0,BMI,,0.3781870559001484,0.3018537766524362,0.5524917854284536,0,0.6,0.6666666666666666,0.5714285714285714,0.8,0.788909352112622,0.7363193168861334,0.7943743539446665
model,xgboost,random_forest,2021-2023,0,unweighted,PI,,total,14,4,4,1.0,0.5,0.75,1.0,1.0,0,,,0.940449438202247,0.8470588235294119,0.8979542276013422,0,1.0,0.8333333333333334,0.8571428571428571,0.9,0.919756142376619,0.8892191338557378,0.8706197001240947
model,xgboost,logistic_regression,2021-2023,0,unweighted,PI,,total,14,4,4,1.0,0.5,0.75,1.0,1.0,0,,,0.781267517056165,0.6359337738364603,0.8370225416890804,1,1.0,1.0,0.8571428571428571,0.8,0.9525683541326264,0.9620869780147534,0.9969962776481331
model,random_forest,logistic_regression,2021-2023,0,unweighted,PI,,total,14,4,4,1.0,0.5,0.75,1.0,1.0,0,,,0.7879640957737895,0.6590586383396044,0.8131466551190192,0,1.0,0.8333333333333334,0.8571428571428571,0.8,0.8955543192366189,0.8701070886290712,0.8693827209574281
method,SHAP,PI,2021-2023,0,unweighted,,xgboost,diag,14,4,4,1.0,0.4,0.625,1.0,1.0,0,,,0.7756034337884965,0.6253635012747126,0.7778255997474952,0,1.0,0.8333333333333334,0.7142857142857143,0.8,0.8691088969001546,0.8274900878478648,0.8272849329489955
method,SHAP,PI,2021-2023,0,unweighted,,xgboost,lab,14,3,2,0.6666666666666666,0.1111111111111111,0.3,1.0,0.6666666666666666,0,Income,,0.41862074494758494,0.33669024917071727,0.5925861322602881,0,0.6,0.5,0.5714285714285714,0.7,0.7895938019735314,0.7663651330768403,0.9001696112047676
method,SHAP,PI,2021-2023,0,unweighted,,xgboost,total,14,4,4,1.0,0.16666666666666666,0.4444444444444444,1.0,1.0,0,,,0.7111550109235498,0.6026230103192687,0.7987504897807016,0,0.8,0.8333333333333334,0.7142857142857143,0.8,0.9160294744001545,0.9232869945145317,0.9867250371156622
method,SHAP,PI,2021-2023,0,unweighted,,random_forest,diag,14,5,4,0.8,0.4,0.7142857142857143,1.0,0.8,0,Diabetes_self,,0.8145774754659397,0.692834742214895,0.8406004414211165,0,1.0,1.0,0.8571428571428571,0.8,0.9129876954857099,0.8880486476561418,0.872647793558438
method,SHAP,PI,2021-2023,0,unweighted,,random_forest,lab,14,4,2,0.5,0.125,0.18181818181818182,1.0,0.5,0,"Education,Income",,0.22796170933243332,0.1554857684028483,0.4784323949189611,0,0.4,0.3333333333333333,0.42857142857142855,0.6,0.7519942787969078,0.726932025416927,0.890057327654984
method,SHAP,PI,2021-2023,0,unweighted,,random_forest,total,14,4,4,1.0,0.4,0.625,1.0,1.0,0,,,0.7689363555610883,0.6481039922301568,0.832454259737012,1,1.0,0.8333333333333334,0.7142857142857143,0.8,0.9319603816492454,0.9429616166527135,0.9934189291611166
method,SHAP,PI,2021-2023,0,unweighted,,logistic_regression,diag,14,5,4,0.8,0.14285714285714285,0.375,1.0,0.8,0,Diabetes_self,,0.7744779163977816,0.6850933289361891,0.8561848587984818,1,1.0,0.8333333333333334,0.8571428571428571,0.8,0.9395523959349596,0.9504514452241419,0.9945350005896881
method,SHAP,PI,2021-2023,0,unweighted,,logistic_regression,lab,14,3,1,0.3333333333333333,0.375,0.625,1.0,0.3333333333333333,0,"BMI,Income",,0.6600505831011273,0.4916891718944416,0.6886119106776196,0,0.6,0.8333333333333334,0.7142857142857143,0.8,0.8365126703992456,0.7993507366527133,0.8398056479111167
method,SHAP,PI,2021-2023,0,unweighted,,logistic_regression,total,14,4,4,1.0,0.2,0.5555555555555556,1.0,1.0,0,,,0.9117086649523932,0.8045822812818135,0.9013941462679814,1,1.0,0.8333333333333334,0.7142857142857143,0.9,0.9523811590909044,0.9580010350620871,0.9942866148066344
label,diag,lab,2021-2023,0,weighted,SHAP,xgboost,,14,4,3,0.4,0.2222222222222222,0.42857142857142855,0.6666666666666666,0.75,1,"GenHlth,HighChol",Income,0.5736263736263736,0.45054945054945056,0.6560120121878645,0,0.6,0.6666666666666666,0.7142857142857143,0.8,0.8324248816492454,0.80540428331938,0.9053980958277833
label,diag,total,2021-2023,0,weighted,SHAP,xgboost,,14,4,4,1.0,0.8,0.8333333333333334,1.0,1.0,0,,,0.9604395604395607,0.8681318681318682,0.9303547690603444,0,0.8,0.8333333333333334,0.8571428571428571,1.0,0.9598738935175279,0.958986356055334,0.9897830129397513
label,lab,total,2021-2023,0,weighted,SHAP,xgboost,,14,3,4,0.4,0.25,0.5714285714285714,0.6666666666666666,0.75,1,Income,"GenHlth,HighChol",0.6879120879120879,0.5384615384615384,0.7020687109802974,0,0.8,0.6666666666666666,0.7142857142857143,0.8,0.8529449389499955,0.8269482093069356,0.9118854547687555
label,diag,lab,2021-2023,0,weighted,SHAP,random_forest,,14,5,3,0.3333333333333333,0.125,0.375,0.6666666666666666,0.6,1,"Diabetes_self,GenHlth,HighChol",Income,0.5824175824175825,0.4065934065934066,0.5886856345390841,0,0.6,0.6666666666666666,0.7142857142857143,0.8,0.7884268049509047,0.7250599267243095,0.7802458161955232
label,diag,total,2021-2023,0,weighted,SHAP,random_forest,,14,5,4,0.8,0.5,0.6666666666666666,1.0,0.8,0,Diabetes_self,,0.9648351648351648,0.8901098901098902,0.9451914386639277,1,1.0,0.8333333333333334,0.8571428571428571,0.9,0.9707395078233765,0.9732226221178644,0.9959207025613277
label,lab,total,2021-2023,0,weighted,SHAP,random_forest,,14,3,4,0.4,0.1111111111111111,0.375,0.6666666666666666,0.75,1,Income,"GenHlth,HighChol",0.6967032967032967,0.5164835164835165,0.6527684930059874,0,0.6,0.8333333333333334,0.8571428571428571,0.8,0.8106432882366188,0.7472006921846269,0.7841830681796503
label,diag,lab,2021-2023,0,weighted,SHAP,logistic_regression,,14,4,3,0.4,0.2222222222222222,0.0,0.6666666666666666,0.75,1,"GenHlth,HighChol",Income,0.006593406593406593,0.01098901098901099,0.37194657564741873,0,0.4,0.3333333333333333,0.42857142857142855,0.6,0.7412325985469079,0.7179608751947048,0.8893520325160952
label,diag,total,2021-2023,0,weighted,SHAP,logistic_regression,,14,4,4,1.0,0.3333333333333333,0.5,1.0,1.0,0,,,0.8549450549450549,0.7582417582417583,0.892035262168219,1,1.0,1.0,0.8571428571428571,0.8,0.9541815191317173,0.9638629903751574,0.9971689023324765
label,lab,total,2021-2023,0,weighted,SHAP,logistic_regression,,14,3,4,0.4,0.125,0.2,0.6666666666666666,0.75,1,Income,"GenHlth,HighChol",0.2703296703296703,0.2087912087912088,0.49445768329080486,0,0.4,0.3333333333333333,0.5714285714285714,0.7,0.7726090132235313,0.7443013464101736,0.8918037257881009
model,xgboost,random_forest,2021-2023,0,weighted,SHAP,,diag,14,4,5,0.8,0.5,0.6666666666666666,1.0,0.8,0,,Diabetes_self,0.9340659340659341,0.8021978021978022,0.8741943639168519,0,1.0,0.8333333333333334,0.8571428571428571,0.9,0.9181429773775278,0.8874431214953338,0.8704470754397513
model,xgboost,logistic_regression,2021-2023,0,weighted,SHAP,,diag,14,4,4,1.0,0.42857142857142855,0.42857142857142855,1.0,1.0,0,,,0.7978021978021977,0.6923076923076924,0.8580476689064567,1,1.0,0.8333333333333334,0.7142857142857143,0.8,0.9345754699499953,0.9443932724180468,0.9934392742131999
model,random_forest,logistic_regression,2021-2023,0,weighted,SHAP,,diag,14,5,4,0.8,0.2857142857142857,0.42857142857142855,1.0,0.8,0,Diabetes_self,,0.8065934065934066,0.6263736263736264,0.8028414716952124,0,1.0,0.8333333333333334,0.8571428571428571,0.9,0.8984266008249597,0.8731357997841418,0.8696326568396882
model,xgboost,random_forest,2021-2023,0,weighted,SHAP,,lab,14,3,3,1.0,0.8333333333333334,0.8333333333333334,1.0,1.0,0,,,0.9648351648351648,0.8901098901098902,0.9408739021603044,1,1.0,0.8333333333333334,0.8571428571428571,1.0,0.9734179704633765,0.9743923669000867,0.9957470914502166
model,xgboost,logistic_regression,2021-2023,0,weighted,SHAP,,lab,14,3,3,1.0,0.5,0.42857142857142855,1.0,1.0,0,,,0.7714285714285714,0.6483516483516484,0.8265602514198398,0,0.8,0.8333333333333334,0.8571428571428571,0.8,0.9355789111858688,0.9412625830859602,0.9888176710442337
model,random_forest,logistic_regression,2021-2023,0,weighted,SHAP,,lab,14,3,3,1.0,0.375,0.375,1.0,1.0,0,,,0.6923076923076923,0.5384615384615384,0.7673690297914417,0,0.8,0.6666666666666666,0.7142857142857143,0.8,0.9089968816492453,0.9156549499860467,0.9845647624944499
model,xgboost,random_forest,2021-2023,0,weighted,SHAP,,total,14,4,4,1.0,0.8,0.8333333333333334,1.0,1.0,0,,,0.9120879120879121,0.7802197802197802,0.8528896941538728,0,0.8,0.6666666666666666,0.8571428571428571,0.9,0.8967972965733766,0.8606730754511975,0.861578254644661
model,xgboost,logistic_regression,2021-2023,0,weighted,SHAP,,total,14,4,4,1.0,0.75,0.8571428571428571,1.0,1.0,0,,,0.8989010989010989,0.7582417582417583,0.8843992353469342,0,0.8,0.8333333333333334,1.0,0.9,0.9572520949114238,0.9598873143431261,0.9907126497092318
model,random_forest,logistic_regression,2021-2023,0,weighted,SHAP,,total,14,4,4,1.0,0.6,0.7142857142857143,1.0,1.0,0,,,0.9296703296703297,0.8021978021978022,0.8759254618848913,0,1.0,0.8333333333333334,0.8571428571428571,0.9,0.919756142376619,0.8892191338557378,0.8706197001240947
label,diag,lab,2021-2023,0,weighted,PI,xgboost,,14,4,2,0.5,0.25,0.3333333333333333,1.0,0.5,0,"GenHlth,HighChol",,0.16932783827006126,0.11844484241978358,0.38184341064896876,0,0.6,0.5,0.5714285714285714,0.7,0.7474027092226221,0.6896557552150221,0.7756135032502222
label,diag,total,2021-2023,0,weighted,PI,xgboost,,14,4,4,1.0,0.4,0.625,1.0,1.0,0,,,0.8060005101654917,0.6751356017927663,0.8015389304200051,0,1.0,0.8333333333333334,0.8571428571428571,0.9,0.8740416891257097,0.8319007888828085,0.8279863352251048
label,lab,total,2021-2023,0,weighted,PI,xgboost,,14,2,4,0.5,0.2857142857142857,0.4444444444444444,1.0,0.5,0,,"GenHlth,HighChol",0.41609195402298854,0.32098765432098764,0.5619451936801396,0,0.6,0.6666666666666666,0.5714285714285714,0.7,0.820963316670289,0.7939907084500779,0.9039970893364448
label,diag,lab,2021-2023,0,weighted,PI,random_forest,,14,4,2,0.5,0.16666666666666666,0.36363636363636365,1.0,0.5,0,"GenHlth,HighChol",,0.2769321806946961,0.1989873352652364,0.5506115953878895,0,0.6,0.5,0.5714285714285714,0.7,0.8003554822235313,0.7753362832990626,0.9008749063436565
label,diag,total,2021-2023,0,weighted,PI,random_forest,,14,4,4,1.0,0.5,0.5714285714285714,1.0,1.0,0,,,0.855253317848055,0.7528565130839536,0.8844974437808306,1,1.0,0.8333333333333334,0.8571428571428571,0.9,0.9568033693757096,0.9635386057716975,0.9953582970306604
label,lab,total,2021-2023,0,weighted,PI,random_forest,,14,2,4,0.5,0.14285714285714285,0.2727272727272727,1.0,0.5,0,,"GenHlth,HighChol",0.36789625165796747,0.3018537766524362,0.5952040308789022,0,0.6,0.5,0.5714285714285714,0.7,0.7955725132235312,0.7716080130768402,0.9006578924547676
label,diag,lab,2021-2023,0,weighted,PI,logistic_regression,,14,4,1,0.25,0.0,0.5,1.0,0.25,0,"BMI,GenHlth,HighChol",,0.40668705626786944,0.317925392228937,0.5173316856905333,0,0.4,0.5,0.5714285714285714,0.8,0.7594844556642812,0.6920394438466183,0.7704482027846284
label,diag,total,2021-2023,0,weighted,PI,logistic_regression,,14,4,4,1.0,1.0,1.0,1.0,1.0,0,,,0.9068736141906876,0.7954545454545454,0.8914927690093468,0,1.0,1.0,0.8571428571428571,0.9,0.9380317043766186,0.9300185934112932,0.9561231723463169
label,lab,total,2021-2023,0,weighted,PI,logistic_regression,,14,1,4,0.25,0.0,0.5,1.0,0.25,0,,"BMI,GenHlth,HighChol",0.5744167461410585,0.44020438924006655,0.5673387419810434,0,0.4,0.5,0.7142857142857143,0.9,0.7800991900909047,0.7094087648398649,0.7721946009177454
model,xgboost,random_forest,2021-2023,0,weighted,PI,,diag,14,4,4,1.0,0.6,0.7142857142857143,1.0,1.0,0,,,0.9082922832959965,0.8090398349558904,0.868692912067659,0,1.0,1.0,1.0,0.8,0.9037050176683408,0.8596095603639597,0.8323679914378157
model,xgboost,logistic_regression,2021-2023,0,weighted,PI,,diag,14,4,4,1.0,0.5,0.75,1.0,1.0,0,,,0.911308203991131,0.8181818181818181,0.8900553130495268,0,1.0,1.0,0.8571428571428571,0.9,0.9296022965733766,0.898902408784531,0.8730365879779943
model,random_forest,logistic_regression,2021-2023,0,weighted,PI,,diag,14,4,4,1.0,0.5,0.75,1.0,1.0,0,,,0.8419935764860698,0.7303831843351789,0.8655236047561443,0,1.0,1.0,0.8571428571428571,0.8,0.9331602303817175,0.9264392037084905,0.9559905169158098
model,xgboost,random_forest,2021-2023,0,weighted,PI,,lab,14,2,2,1.0,0.2857142857142857,0.5,1.0,1.0,0,,,0.6051247941287626,0.5543421091364434,0.713973884252759,0,0.6,0.5,0.5714285714285714,0.8,0.7982509758635312,0.7727777578590626,0.9004842813436564
model,xgboost,logistic_regression,2021-2023,0,weighted,PI,,lab,14,2,1,0.5,0.2857142857142857,0.6,1.0,0.5,0,BMI,,0.39304294755241403,0.31863296370911354,0.529088055204865,0,0.4,0.5,0.5714285714285714,0.8,0.7461076871135313,0.6816366378590627,0.7697225625936563
model,random_forest,logistic_regression,2021-2023,0,weighted,PI,,lab,14,2,1,0.5,0.2,0.7272727272727273,1.0,0.5,0,BMI,,0.6371634457297998,0.572286608023015,0.6656443777749304,0,0.6,0.6666666666666666,0.7142857142857143,1.0,0.8426852601785715,0.7768974628571429,0.7972795758928571
model,xgboost,random_forest,2021-2023,0,weighted,PI,,total,14,4,4,1.0,0.6,0.7142857142857143,1.0,1.0,0,,,0.9279165537199359,0.86464734966442,0.9422766842118351,1,1.0,1.0,1.0,0.8,0.9725352136674317,0.9803239691688082,0.9989902688999368
model,xgboost,logistic_regression,2021-2023,0,weighted,PI,,total,14,4,4,1.0,0.6666666666666666,0.875,1.0,1.0,0,,,0.8150313282065617,0.7225135387606798,0.8747086175593981,1,1.0,0.8333333333333334,0.8571428571428571,0.8,0.9501249114333765,0.9563242373356422,0.9946294699224387
model,random_forest,logistic_regression,2021-2023,0,weighted,PI,,total,14,4,4,1.0,0.4,0.625,1.0,1.0,0,,,0.7915742793791575,0.6704545454545454,0.8542790279059014,1,1.0,0.8333333333333334,0.8571428571428571,0.8,0.9443400191317173,0.9529403237084908,0.9945647356658098
method,SHAP,PI,2021-2023,0,weighted,,xgboost,diag,14,4,4,1.0,0.5,0.5714285714285714,1.0,1.0,0,,,0.7880871510605433,0.6704852344015113,0.7992959343896119,0,1.0,0.8333333333333334,0.8571428571428571,0.8,0.8723400191317174,0.8302736570418241,0.8278980689991432
method,SHAP,PI,2021-2023,0,weighted,,xgboost,lab,14,3,2,0.6666666666666666,0.2,0.2222222222222222,1.0,0.6666666666666666,0,Income,,0.42033086326020497,0.3377806696103959,0.5869074710047095,0,0.4,0.5,0.5714285714285714,0.7,0.7812547709735311,0.7537094032990627,0.8941366250936564
method,SHAP,PI,2021-2023,0,weighted,,xgboost,total,14,4,4,1.0,0.16666666666666666,0.4444444444444444,1.0,1.0,0,,,0.6226291396955977,0.5008471997671388,0.7482462328238477,0,0.8,0.6666666666666666,0.7142857142857143,0.7,0.8943609965092456,0.9039994452038245,0.9837618111055612
method,SHAP,PI,2021-2023,0,weighted,,random_forest,diag,14,5,4,0.8,0.3333333333333333,0.5714285714285714,1.0,0.8,0,Diabetes_self,,0.8338838929396569,0.7292928985449755,0.8536309118740852,0,1.0,1.0,0.8571428571428571,0.8,0.9129876954857099,0.8880486476561418,0.872647793558438
method,SHAP,PI,2021-2023,0,weighted,,random_forest,lab,14,3,2,0.6666666666666666,0.14285714285714285,0.36363636363636365,1.0,0.6666666666666666,0,Income,,0.3509073503207119,0.29683646695089216,0.5671950707110811,0,0.6,0.5,0.5714285714285714,0.6,0.782549793082622,0.7617285206550223,0.9000275657502221
method,SHAP,PI,2021-2023,0,weighted,,random_forest,total,14,4,4,1.0,0.42857142857142855,0.42857142857142855,1.0,1.0,0,,,0.7571817725875808,0.6257862187747439,0.7876658263742078,0,1.0,0.8333333333333334,0.7142857142857143,0.8,0.8869603816492455,0.8629616166527134,0.8684189291611166
method,SHAP,PI,2021-2023,0,weighted,,logistic_regression,diag,14,4,4,1.0,0.4,0.625,1.0,1.0,0,,,0.8101624213983737,0.692834742214895,0.8398512159638996,0,1.0,0.8333333333333334,0.8571428571428571,0.9,0.9164266008249597,0.9104691331174752,0.9529659901730215
method,SHAP,PI,2021-2023,0,weighted,,logistic_regression,lab,14,3,1,0.3333333333333333,0.125,0.5,1.0,0.3333333333333333,0,"BMI,Income",,0.48495955152397824,0.3847888561951054,0.641305365769429,0,0.6,0.6666666666666666,0.5714285714285714,0.7,0.809230894170289,0.7717716151167445,0.8353121935031115
method,SHAP,PI,2021-2023,0,weighted,,logistic_regression,total,14,4,4,1.0,0.25,0.6666666666666666,1.0,1.0,0,,,0.8189925295335059,0.7151842500282787,0.8640840307703122,1,1.0,0.8333333333333334,0.8571428571428571,0.8,0.9503140761849598,0.9594225954463642,0.9952402957285771
label,diag,lab,2021-2023,1,unweighted,SHAP,xgboost,,14,4,3,0.4,0.1,0.25,0.6666666666666666,0.75,1,"GenHlth,HighChol",Income,0.5340659340659341,0.42857142857142855,0.6588259244410433,0,0.6,0.6666666666666666,0.5714285714285714,0.8,0.8396942444142812,0.8197032305132845,0.9194390882012952
label,diag,total,2021-2023,1,unweighted,SHAP,xgboost,,14,4,4,1.0,0.5,0.5714285714285714,1.0,1.0,0,,,0.956043956043956,0.8901098901098902,0.9460730388236911,1,1.0,1.0,0.8571428571428571,0.9,0.9777721005742857,0.9808546666463491,0.9980809771825397
label,lab,total,2021-2023,1,unweighted,SHAP,xgboost,,14,3,4,0.4,0.3333333333333333,0.5,0.6666666666666666,0.75,1,Income,"GenHlth,HighChol",0.665934065934066,0.5384615384615384,0.7175116489192306,0,0.6,0.6666666666666666,0.7142857142857143,0.8,0.8580479389499953,0.8361642093069355,0.9212604547687555
label,diag,lab,2021-2023,1,unweighted,SHAP,random_forest,,14,5,3,0.3333333333333333,0.1111111111111111,0.25,0.6666666666666666,0.6,1,"Diabetes_self,GenHlth,HighChol",Income,0.5956043956043956,0.45054945054945056,0.6227201668219375,0,0.6,0.6666666666666666,0.7142857142857143,0.8,0.7884268049509047,0.7250599267243095,0.7802458161955232
label,diag,total,2021-2023,1,unweighted,SHAP,random_forest,,14,5,5,1.0,1.0,1.0,1.0,1.0,0,,,0.9648351648351648,0.8681318681318682,0.939570179055625,1,1.0,0.8333333333333334,0.8571428571428571,0.9,0.9733499419273688,0.9758936696210712,0.9961283264261781
label,lab,total,2021-2023,1,unweighted,SHAP,random_forest,,14,3,5,0.3333333333333333,0.1111111111111111,0.25,0.6666666666666666,0.6,1,Income,"Diabetes_self,GenHlth,HighChol",0.6307692307692307,0.45054945054945056,0.6154041787808183,0,0.6,0.8333333333333334,0.7142857142857143,0.8,0.7982683049509047,0.7359825933909762,0.78284998286219
label,diag,lab,2021-2023,1,unweighted,SHAP,logistic_regression,,14,5,3,0.3333333333333333,0.125,0.375,0.6666666666666666,0.6,1,"Diabetes_self,GenHlth,HighChol",Income,0.3186813186813187,0.23076923076923078,0.43947948498899947,0,0.6,0.5,0.5714285714285714,0.6,0.7213114733326222,0.6480330042105779,0.7340661942224443
label,diag,total,2021-2023,1,unweighted,SHAP,logistic_regression,,14,5,5,1.0,0.6666666666666666,0.6,1.0,1.0,0,,,0.9164835164835166,0.8021978021978022,0.8929964288924053,0,1.0,1.0,0.8571428571428571,0.9,0.9352227971275278,0.9267279712731116,0.9556792803008624
label,lab,total,2021-2023,1,unweighted,SHAP,logistic_regression,,14,3,5,0.3333333333333333,0.0,0.2222222222222222,0.6666666666666666,0.6,1,Income,"Diabetes_self,GenHlth,HighChol",0.3494505494505495,0.2527472527472528,0.4846750004546191,0,0.6,0.5,0.7142857142857143,0.6,0.7559034876183364,0.6981894994486731,0.7768489323176825
model,xgboost,random_forest,2021-2023,1,unweighted,SHAP,,diag,14,4,5,0.8,0.6,0.8333333333333334,1.0,0.8,0,,Diabetes_self,0.9868131868131869,0.9340659340659341,0.9359376240150273,0,1.0,0.8333333333333334,1.0,1.0,0.9403755309999999,0.9053490631111112,0.8721788194444445
model,xgboost,logistic_regression,2021-2023,1,unweighted,SHAP,,diag,14,4,5,0.8,0.2857142857142857,0.42857142857142855,1.0,0.8,0,,Diabetes_self,0.8109890109890111,0.6703296703296704,0.8009820956191844,0,1.0,0.8333333333333334,0.8571428571428571,0.8,0.8733372882366188,0.8311686921846269,0.8279330681796503
model,random_forest,logistic_regression,2021-2023,1,unweighted,SHAP,,diag,14,5,5,1.0,0.5,0.5,1.0,1.0,0,,,0.8637362637362638,0.7362637362637363,0.8679922421286709,0,1.0,1.0,0.8571428571428571,0.8,0.9329617572366187,0.9258196290735157,0.9557542487352059
model,xgboost,random_forest,2021-2023,1,unweighted,SHAP,,lab,14,3,3,1.0,0.8571428571428571,0.8,1.0,1.0,0,,,0.8769230769230769,0.7362637362637363,0.8310588478118113,0,0.6,0.6666666666666666,0.7142857142857143,1.0,0.9089003678769121,0.8961802158966579,0.963881508302895
model,xgboost,logistic_regression,2021-2023,1,unweighted,SHAP,,lab,14,3,3,1.0,0.375,0.375,1.0,1.0,0,,,0.6395604395604396,0.4725274725274726,0.6634177423853911,0,0.6,0.6666666666666666,0.7142857142857143,0.8,0.8352649699499954,0.7951026057513799,0.8377101075465332
model,random_forest,logistic_regression,2021-2023,1,unweighted,SHAP,,lab,14,3,3,1.0,0.42857142857142855,0.5,1.0,1.0,0,,,0.6747252747252748,0.5164835164835165,0.6960117390881055,0,0.8,0.6666666666666666,0.7142857142857143,0.8,0.8543656811999956,0.8167294857513798,0.8444483887965332
model,xgboost,random_forest,2021-2023,1,unweighted,SHAP,,total,14,4,5,0.8,0.2857142857142857,0.42857142857142855,1.0,0.8,0,,Diabetes_self,0.9032967032967033,0.7802197802197802,0.8678371135876387,0,1.0,0.8333333333333334,0.8571428571428571,0.8,0.9089310877873689,0.8805098946166268,0.8701083611484003
model,xgboost,logistic_regression,2021-2023,1,unweighted,SHAP,,total,14,4,5,0.8,0.42857142857142855,0.5,1.0,0.8,0,,Diabetes_self,0.9164835164835166,0.8021978021978022,0.8741207057606784,0,1.0,0.8333333333333334,0.8571428571428571,0.9,0.9171457082726264,0.886548086352531,0.8704120762592443
model,random_forest,logistic_regression,2021-2023,1,unweighted,SHAP,,total,14,5,5,1.0,0.8,0.8,1.0,1.0,0,,,0.9120879120879121,0.8021978021978022,0.9108352920253755,1,1.0,0.8333333333333334,0.8571428571428571,0.9,0.9599731733766186,0.9654908636335156,0.9954026862352059
label,diag,lab,2021-2023,1,unweighted,PI,xgboost,,14,4,2,0.5,0.0,0.2727272727272727,1.0,0.5,0,"BMI,GenHlth",,0.45915134454378076,0.36081263630024357,0.56076495173925,0,0.6,0.5,0.42857142857142855,0.9,0.7682522739154838,0.7013845704160232,0.7752452855846411
label,diag,total,2021-2023,1,unweighted,PI,xgboost,,14,4,3,0.75,0.4,0.75,1.0,0.75,0,GenHlth,,0.9032710716703473,0.8117599696745418,0.9099642615995143,1,1.0,0.8333333333333334,0.8571428571428571,0.9,0.9599731733766186,0.9654908636335156,0.9954026862352059
label,lab,total,2021-2023,1,unweighted,PI,xgboost,,14,2,3,0.6666666666666666,0.125,0.4,1.0,0.6666666666666666,0,,BMI,0.48663838565953144,0.37482939589017267,0.5789787162815183,0,0.6,0.6666666666666666,0.5714285714285714,0.8,0.7770239601144402,0.7146238326097697,0.7788381323537574
label,diag,lab,2021-2023,1,unweighted,PI,random_forest,,14,5,3,0.3333333333333333,0.16666666666666666,0.3,0.6666666666666666,0.6,1,"BMI,Diabetes_self,GenHlth",Stroke,0.43936679510270427,0.35276684147527876,0.5767603952666023,0,0.4,0.5,0.5714285714285714,0.7,0.792021105420289,0.7614411617834113,0.8946546414197781
label,diag,total,2021-2023,1,unweighted,PI,random_forest,,14,5,3,0.6,0.3333333333333333,0.7142857142857143,1.0,0.6,0,"Diabetes_self,GenHlth",,0.8287400842295674,0.7088608185890366,0.8555033539208167,0,0.8,0.8333333333333334,0.8571428571428571,0.8,0.9324091071849598,0.9393103252241419,0.9887732818396882
label,lab,total,2021-2023,1,unweighted,PI,random_forest,,14,3,3,0.5,0.0,0.36363636363636365,0.6666666666666666,1.0,1,Stroke,BMI,0.48650511166602395,0.42781445754442854,0.6352466471754414,0,0.4,0.5,0.5714285714285714,0.7,0.7946315395242813,0.764112209286618,0.8948622652846285
label,diag,lab,2021-2023,1,unweighted,PI,logistic_regression,,14,4,1,0.25,0.16666666666666666,0.45454545454545453,1.0,0.25,0,"BMI,GenHlth,HighChol",,0.19196858990522916,0.11562432251572007,0.3532213739975265,0,0.4,0.5,0.5714285714285714,0.7,0.720021105420289,0.6387744951167448,0.7279879747531114
label,diag,total,2021-2023,1,unweighted,PI,logistic_regression,,14,4,3,0.75,0.4,0.75,1.0,0.75,0,GenHlth,,0.9330566346556486,0.8671824188679005,0.9317150937265785,0,0.8,1.0,0.8571428571428571,0.9,0.9646501005742856,0.9644706666463492,0.9918309771825398
label,lab,total,2021-2023,1,unweighted,PI,logistic_regression,,14,1,3,0.3333333333333333,0.0,0.3333333333333333,1.0,0.3333333333333333,0,,"BMI,HighChol",0.082039911308204,0.03409090909090909,0.299369272906607,0,0.4,0.5,0.42857142857142855,0.7,0.7016674108845746,0.6223135163230938,0.726166608185651
model,xgboost,random_forest,2021-2023,1,unweighted,PI,,diag,14,4,5,0.8,0.16666666666666666,0.5,1.0,0.8,0,,Diabetes_self,0.8276276814319438,0.6745611015605348,0.8129426591888629,0,1.0,1.0,0.8571428571428571,0.8,0.8969352303817175,0.8635058703751572,0.8570321835824765
model,xgboost,logistic_regression,2021-2023,1,unweighted,PI,,diag,14,4,4,1.0,1.0,1.0,1.0,1.0,0,,,0.9955056179775281,0.9764705882352942,0.9897773273843959,1,1.0,1.0,1.0,1.0,0.9952170309999999,0.9962717297777779,0.9997829861111112
model,random_forest,logistic_regression,2021-2023,1,unweighted,PI,,diag,14,5,4,0.8,0.16666666666666666,0.5,1.0,0.8,0,Diabetes_self,,0.8320772926224381,0.6974275795795359,0.8225943769760395,0,1.0,1.0,0.8571428571428571,0.8,0.8969352303817175,0.8635058703751572,0.8570321835824765
model,xgboost,random_forest,2021-2023,1,unweighted,PI,,lab,14,2,3,0.6666666666666666,0.6,0.875,1.0,0.6666666666666666,0,,Stroke,0.9160521000760303,0.7951923208052685,0.8540819911093799,0,0.6,0.8333333333333334,1.0,0.9,0.9008838108590909,0.8744349040226262,0.9267568260732325
model,xgboost,logistic_regression,2021-2023,1,unweighted,PI,,lab,14,2,1,0.5,0.2857142857142857,0.45454545454545453,1.0,0.5,0,HighChol,,0.17232502384231752,0.12227899701112961,0.29850977659507966,0,0.4,0.5,0.5714285714285714,0.8,0.7104532793102891,0.619587119898967,0.7126776448920001
model,random_forest,logistic_regression,2021-2023,1,unweighted,PI,,lab,14,3,1,0.3333333333333333,0.16666666666666666,0.5454545454545454,1.0,0.3333333333333333,0,"HighChol,Stroke",,0.2616665810974682,0.2038588765750502,0.4197284531669435,0,0.4,0.5,0.5714285714285714,0.8,0.7449165990602888,0.6788826363434114,0.769264016419778
model,xgboost,random_forest,2021-2023,1,unweighted,PI,,total,14,3,3,1.0,1.0,1.0,1.0,1.0,0,,,0.9410927667895489,0.8117599696745419,0.8627776469343618,0,0.8,0.8333333333333334,1.0,1.0,0.8950923925523333,0.8536810467649443,0.8497414139137773
model,xgboost,logistic_regression,2021-2023,1,unweighted,PI,,total,14,3,3,1.0,1.0,1.0,1.0,1.0,0,,,0.844203533379734,0.6854365268376295,0.8539688348017342,0,0.8,0.8333333333333334,1.0,0.8,0.9457860137723331,0.9501840674227222,0.9899540875248883
model,random_forest,logistic_regression,2021-2023,1,unweighted,PI,,total,14,3,3,1.0,1.0,1.0,1.0,1.0,0,,,0.8437689184206585,0.6821835028427484,0.794279342908764,0,0.6,0.8333333333333334,1.0,0.8,0.8694390137723331,0.8282000674227219,0.8430790875248884
method,SHAP,PI,2021-2023,1,unweighted,,xgboost,diag,14,4,4,1.0,0.4,0.625,1.0,1.0,0,,,0.6622631039225557,0.5344015374529363,0.7949566022354948,1,1.0,0.8333333333333334,0.8571428571428571,0.6,0.9238512131540506,0.9394022080201017,0.994078284996254
method,SHAP,PI,2021-2023,1,unweighted,,xgboost,lab,14,3,2,0.25,0.3333333333333333,0.375,0.5,0.6666666666666666,1,"BMI,Income",HighChol,0.519272727339354,0.3847888561951054,0.5884500768971672,0,0.8,0.8333333333333334,0.7142857142857143,0.6,0.7676871988683365,0.6989950461153397,0.7471288802343491
method,SHAP,PI,2021-2023,1,unweighted,,xgboost,total,14,4,3,0.75,0.2857142857142857,0.5,1.0,0.75,0,GenHlth,,0.6710675127878506,0.5966941897186163,0.8166406772237264,1,1.0,0.8333333333333334,0.7142857142857143,0.7,0.9201334037583362,0.9345967340086729,0.9930598698176825
method,SHAP,PI,2021-2023,1,unweighted,,random_forest,diag,14,5,5,1.0,0.3333333333333333,0.42857142857142855,1.0,1.0,0,,,0.7964801299318095,0.6629935441317959,0.8460705347560293,0,1.0,1.0,0.8571428571428571,0.8,0.9311688959349598,0.9357741118908085,0.9815141672563548
method,SHAP,PI,2021-2023,1,unweighted,,random_forest,lab,14,3,3,0.2,0.2857142857142857,0.4444444444444444,0.3333333333333333,1.0,1,"BMI,Income","HighChol,Stroke",0.2980654065592777,0.25058800551629407,0.4192360480348859,0,0.2,0.5,0.5714285714285714,0.7,0.6946481624735312,0.6032727668546182,0.7067885348158786
method,SHAP,PI,2021-2023,1,unweighted,,random_forest,total,14,5,3,0.6,0.14285714285714285,0.5,1.0,0.6,0,"Diabetes_self,GenHlth",,0.6911537762413249,0.5344015374529363,0.7534771911945783,0,0.8,0.6666666666666666,0.8571428571428571,0.8,0.8967507309358689,0.8957687661970712,0.9698832092386781
method,SHAP,PI,2021-2023,1,unweighted,,logistic_regression,diag,14,5,4,0.8,0.3333333333333333,0.5714285714285714,1.0,0.8,0,Diabetes_self,,0.8267177001986267,0.6935849741410449,0.8196151289150531,0,1.0,1.0,0.8571428571428571,0.8,0.8859876954857098,0.8453819809894751,0.8309811268917714
method,SHAP,PI,2021-2023,1,unweighted,,logistic_regression,lab,14,3,1,0.3333333333333333,0.14285714285714285,0.6,1.0,0.3333333333333333,0,"BMI,Income",,0.4657882041282202,0.31289310938737197,0.5050863995131494,0,0.8,0.6666666666666666,0.5714285714285714,0.8,0.7722270990602889,0.7055066363434114,0.758326516419778
method,SHAP,PI,2021-2023,1,unweighted,,logistic_regression,total,14,5,3,0.6,0.2857142857142857,0.5714285714285714,1.0,0.6,0,"Diabetes_self,GenHlth",,0.832237691736204,0.692834742214895,0.8353312130795123,0,0.8,1.0,0.8571428571428571,0.8,0.9020335761849598,0.8739612621130308,0.8665944623952437
label,diag,lab,2021-2023,1,weighted,SHAP,xgboost,,14,4,3,0.4,0.2,0.2857142857142857,0.6666666666666666,0.75,1,"GenHlth,HighChol",Income,0.5516483516483517,0.45054945054945056,0.6716402771988814,0,0.6,0.6666666666666666,0.5714285714285714,0.8,0.8396942444142812,0.8197032305132845,0.9194390882012952
label,diag,total,2021-2023,1,weighted,SHAP,xgboost,,14,4,4,1.0,0.6666666666666666,0.6666666666666666,1.0,1.0,0,,,0.9428571428571428,0.8681318681318682,0.9337835496653248,1,1.0,1.0,0.8571428571428571,0.9,0.9777721005742857,0.9808546666463491,0.9980809771825397
label,lab,total,2021-2023,1,weighted,SHAP,xgboost,,14,3,4,0.4,0.3333333333333333,0.5,0.6666666666666666,0.75,1,Income,"GenHlth,HighChol",0.6923076923076923,0.5824175824175825,0.7463228200648756,0,0.6,0.6666666666666666,0.7142857142857143,0.8,0.8580479389499953,0.8361642093069355,0.9212604547687555
label,diag,lab,2021-2023,1,weighted,SHAP,random_forest,,14,5,3,0.3333333333333333,0.1111111111111111,0.25,0.6666666666666666,0.6,1,"Diabetes_self,GenHlth,HighChol",Income,0.5956043956043956,0.45054945054945056,0.6227201668219375,0,0.6,0.6666666666666666,0.7142857142857143,0.8,0.7884268049509047,0.7250599267243095,0.7802458161955232
label,diag,total,2021-2023,1,weighted,SHAP,random_forest,,14,5,5,1.0,1.0,1.0,1.0,1.0,0,,,0.9692307692307693,0.8901098901098902,0.941568599672451,1,1.0,0.8333333333333334,0.8571428571428571,0.9,0.9755224768233766,0.9769508923400867,0.9961377164502165
label,lab,total,2021-2023,1,weighted,SHAP,random_forest,,14,3,5,0.3333333333333333,0.1111111111111111,0.25,0.6666666666666666,0.6,1,Income,"Diabetes_self,GenHlth,HighChol",0.6703296703296703,0.42857142857142855,0.6147584554081598,0,0.6,0.8333333333333334,0.8571428571428571,0.8,0.8058603192366189,0.7434724219624046,0.7839660542907615
label,diag,lab,2021-2023,1,weighted,SHAP,logistic_regression,,14,5,3,0.3333333333333333,0.125,0.375,0.6666666666666666,0.6,1,"Diabetes_self,GenHlth,HighChol",Income,0.2967032967032967,0.2087912087912088,0.42826020551150756,0,0.6,0.5,0.5714285714285714,0.6,0.7213114733326222,0.6480330042105779,0.7340661942224443
label,diag,total,2021-2023,1,weighted,SHAP,logistic_regression,,14,5,4,0.8,0.5714285714285714,0.6,1.0,0.8,0,Diabetes_self,,0.9164835164835166,0.8021978021978022,0.8929964288924053,0,1.0,1.0,0.8571428571428571,0.9,0.9352227971275278,0.9267279712731116,0.9556792803008624
label,lab,total,2021-2023,1,weighted,SHAP,logistic_regression,,14,3,4,0.4,0.0,0.2222222222222222,0.6666666666666666,0.75,1,Income,"GenHlth,HighChol",0.3362637362637363,0.23076923076923078,0.4728642893113808,0,0.6,0.5,0.7142857142857143,0.6,0.7559034876183364,0.6981894994486731,0.7768489323176825
model,xgboost,random_forest,2021-2023,1,weighted,SHAP,,diag,14,4,5,0.8,0.5,0.6666666666666666,1.0,0.8,0,,Diabetes_self,0.9868131868131869,0.9340659340659341,0.9359376240150273,0,1.0,0.8333333333333334,1.0,1.0,0.9403755309999999,0.9053490631111112,0.8721788194444445
model,xgboost,logistic_regression,2021-2023,1,weighted,SHAP,,diag,14,4,5,0.8,0.25,0.2857142857142857,1.0,0.8,0,,Diabetes_self,0.8109890109890111,0.6703296703296704,0.8009820956191844,0,1.0,0.8333333333333334,0.8571428571428571,0.8,0.8733372882366188,0.8311686921846269,0.8279330681796503
model,random_forest,logistic_regression,2021-2023,1,weighted,SHAP,,diag,14,5,5,1.0,0.5,0.5,1.0,1.0,0,,,0.8637362637362638,0.7362637362637363,0.8679922421286709,0,1.0,1.0,0.8571428571428571,0.8,0.9329617572366187,0.9258196290735157,0.9557542487352059
model,xgboost,random_forest,2021-2023,1,weighted,SHAP,,lab,14,3,3,1.0,0.8571428571428571,0.8,1.0,1.0,0,,,0.8945054945054945,0.7582417582417583,0.8478160783412918,0,0.6,0.8333333333333334,0.7142857142857143,1.0,0.9187418678769121,0.9071028825633247,0.9664856749695617
model,xgboost,logistic_regression,2021-2023,1,weighted,SHAP,,lab,14,3,3,1.0,0.375,0.375,1.0,1.0,0,,,0.6615384615384616,0.4725274725274726,0.6598665920806714,0,0.6,0.5,0.7142857142857143,0.8,0.8285932739509045,0.7861321969465315,0.8351503300844121
model,random_forest,logistic_regression,2021-2023,1,weighted,SHAP,,lab,14,3,3,1.0,0.42857142857142855,0.5,1.0,1.0,0,,,0.6835164835164835,0.5384615384615384,0.7050923060773429,0,0.8,0.6666666666666666,0.7142857142857143,0.8,0.8543656811999956,0.8167294857513798,0.8444483887965332
model,xgboost,random_forest,2021-2023,1,weighted,SHAP,,total,14,4,5,0.8,0.2857142857142857,0.42857142857142855,1.0,0.8,0,,Diabetes_self,0.9252747252747253,0.8241758241758242,0.884086221007687,0,1.0,0.8333333333333334,0.8571428571428571,0.9,0.9149778275733766,0.884251471895642,0.8702154074224387
model,xgboost,logistic_regression,2021-2023,1,weighted,SHAP,,total,14,4,4,1.0,0.5714285714285714,0.5,1.0,1.0,0,,,0.9208791208791209,0.8241758241758242,0.8860432171177878,0,1.0,0.8333333333333334,0.8571428571428571,0.9,0.9171457082726264,0.886548086352531,0.8704120762592443
model,random_forest,logistic_regression,2021-2023,1,weighted,SHAP,,total,14,5,4,0.8,0.6666666666666666,0.8,1.0,0.8,0,Diabetes_self,,0.9428571428571428,0.8241758241758242,0.9135594621221466,1,1.0,0.8333333333333334,0.8571428571428571,1.0,0.9660199131626266,0.969232440912531,0.9955097325092443
label,diag,lab,2021-2023,1,weighted,PI,xgboost,,14,4,3,0.75,0.16666666666666666,0.4,1.0,0.75,0,GenHlth,,0.5513516477510652,0.42780999330816427,0.6505512719719223,0,0.6,0.5,0.5714285714285714,0.8,0.8310484866642811,0.8102951736243957,0.9171061888957397
label,diag,total,2021-2023,1,weighted,PI,xgboost,,14,4,3,0.75,0.16666666666666666,0.5555555555555556,1.0,0.75,0,GenHlth,,0.7836720969929772,0.6257862187747438,0.7694774624360359,0,1.0,0.8333333333333334,0.7142857142857143,0.8,0.8609623049509045,0.8199505933909761,0.8265999828621899
label,lab,total,2021-2023,1,weighted,PI,xgboost,,14,3,3,1.0,0.2,0.6,1.0,1.0,0,,,0.7844928714250409,0.670844483185601,0.7719702033031676,0,0.6,0.6666666666666666,0.8571428571428571,0.9,0.8568564970226265,0.8120145396858642,0.8391946283425776
label,diag,lab,2021-2023,1,weighted,PI,random_forest,,14,4,3,0.4,0.16666666666666666,0.4,0.6666666666666666,0.75,1,"BMI,GenHlth",Stroke,0.5634215322594047,0.4743416490252569,0.682153917427788,0,0.6,0.5,0.5714285714285714,0.8,0.830412114311198,0.8080617742052294,0.9166716868743237
label,diag,total,2021-2023,1,weighted,PI,random_forest,,14,4,3,0.75,0.42857142857142855,0.5714285714285714,1.0,0.75,0,GenHlth,,0.7624351283141576,0.6180165405913052,0.7922380117265622,0,0.8,0.6666666666666666,0.7142857142857143,0.9,0.8972611748399955,0.8941709603113799,0.9690577637965332
label,lab,total,2021-2023,1,weighted,PI,random_forest,,14,3,3,0.5,0.16666666666666666,0.5,0.6666666666666666,1.0,1,Stroke,BMI,0.6487392751459086,0.5543218625245872,0.7276519507944527,0,0.6,0.6666666666666666,0.7142857142857143,0.8,0.8446711703992456,0.8257614033193799,0.9205348145777833
label,diag,lab,2021-2023,1,weighted,PI,logistic_regression,,14,4,1,0.25,0.16666666666666666,0.45454545454545453,1.0,0.25,0,"BMI,GenHlth,HighChol",,0.41293604599945444,0.3241018617760822,0.545700583784214,0,0.4,0.6666666666666666,0.5714285714285714,0.8,0.8212814595602889,0.7877476034545224,0.8982787733642225
label,diag,total,2021-2023,1,weighted,PI,logistic_regression,,14,4,3,0.75,0.4,0.75,1.0,0.75,0,GenHlth,,0.9955056179775281,0.9764705882352942,0.9870295037302018,1,1.0,1.0,0.8571428571428571,1.0,0.9924079857142856,0.9925101714285716,0.9988839285714286
label,lab,total,2021-2023,1,weighted,PI,logistic_regression,,14,1,3,0.3333333333333333,0.14285714285714285,0.45454545454545453,1.0,0.3333333333333333,0,,"BMI,HighChol",0.4319216113327627,0.35003001071816875,0.5588415553122177,0,0.4,0.6666666666666666,0.7142857142857143,0.8,0.8288734738460031,0.795237432025951,0.8993948447927939
model,xgboost,random_forest,2021-2023,1,weighted,PI,,diag,14,4,4,1.0,0.5,0.5714285714285714,1.0,1.0,0,,,0.9467849223946786,0.8636363636363635,0.9160022645042672,0,1.0,1.0,0.8571428571428571,0.9,0.9507721005742855,0.9381879999796825,0.9564143105158731
model,xgboost,logistic_regression,2021-2023,1,weighted,PI,,diag,14,4,4,1.0,0.75,0.8571428571428571,1.0,1.0,0,,,0.930824441749774,0.8440575543647566,0.8822506712663449,0,1.0,1.0,1.0,0.9,0.9027962535583407,0.8585656447017374,0.8322486337989268
model,random_forest,logistic_regression,2021-2023,1,weighted,PI,,diag,14,4,4,1.0,0.3333333333333333,0.5,1.0,1.0,0,,,0.8772518120087798,0.7515580963521805,0.8538192137038709,0,1.0,1.0,0.8571428571428571,0.9,0.9162255280226266,0.8884996027969754,0.872310947787022
model,xgboost,random_forest,2021-2023,1,weighted,PI,,lab,14,3,3,0.5,0.25,0.8888888888888888,0.6666666666666666,1.0,1,BMI,Stroke,0.8003059954788938,0.7166469756445881,0.8340000170823179,0,0.8,0.8333333333333334,0.8571428571428571,0.7,0.8725482220449599,0.859388153775253,0.9306786637841328
model,xgboost,logistic_regression,2021-2023,1,weighted,PI,,lab,14,3,1,0.3333333333333333,0.16666666666666666,0.5454545454545454,1.0,0.3333333333333333,0,"BMI,HighChol",,0.4461607853327439,0.37595815966025536,0.554360937688942,0,0.6,0.5,0.5714285714285714,0.7,0.7581643894726222,0.6986269054372444,0.7763187983891111
model,random_forest,logistic_regression,2021-2023,1,weighted,PI,,lab,14,3,1,0.3333333333333333,0.2,0.6363636363636364,1.0,0.3333333333333333,0,"HighChol,Stroke",,0.4239580117954291,0.35456210417116735,0.5551374666845014,0,0.6,0.5,0.42857142857142855,0.8,0.7686715847745746,0.7133768077719828,0.7900229449912067
model,xgboost,random_forest,2021-2023,1,weighted,PI,,total,14,3,3,1.0,0.6,0.75,1.0,1.0,0,,,0.9526958460234074,0.8618916073713346,0.8882007420123381,0,0.8,0.8333333333333334,1.0,1.0,0.9080266076983408,0.8637094197061819,0.8504560990767046
model,xgboost,logistic_regression,2021-2023,1,weighted,PI,,total,14,3,3,1.0,0.75,0.875,1.0,1.0,0,,,0.8511636536991236,0.7390659560519333,0.8763938403325893,1,1.0,0.8333333333333334,0.8571428571428571,0.9,0.9434266008249597,0.9531357997841419,0.9946326568396882
model,random_forest,logistic_regression,2021-2023,1,weighted,PI,,total,14,3,3,1.0,0.5,0.625,1.0,1.0,0,,,0.7731199443483884,0.6173949065130319,0.7696041218704219,0,0.8,0.6666666666666666,0.8571428571428571,0.9,0.8604079048258688,0.8221813909792932,0.845197879377567
method,SHAP,PI,2021-2023,1,weighted,,xgboost,diag,14,4,4,1.0,0.2857142857142857,0.375,1.0,1.0,0,,,0.6644656371686934,0.4916891718944416,0.722768292905793,0,1.0,0.8333333333333334,0.8571428571428571,0.7,0.8605083870440506,0.823148166135657,0.8277262884684762
method,SHAP,PI,2021-2023,1,weighted,,xgboost,lab,14,3,3,0.5,0.25,0.3333333333333333,0.6666666666666666,1.0,1,Income,HighChol,0.4422495224180825,0.35247760980938353,0.5950065490977785,0,0.8,0.6666666666666666,0.7142857142857143,0.8,0.8080102013992456,0.7584171330971577,0.8015678006888944
method,SHAP,PI,2021-2023,1,weighted,,xgboost,total,14,4,3,0.75,0.3333333333333333,0.625,1.0,0.75,0,GenHlth,,0.6615384615384616,0.4945054945054945,0.7718532490566734,1,1.0,0.8333333333333334,0.8571428571428571,0.7,0.9308952220449598,0.9440388204419197,0.9942203304507994
method,SHAP,PI,2021-2023,1,weighted,,random_forest,diag,14,5,4,0.8,0.125,0.25,1.0,0.8,0,Diabetes_self,,0.7218613400470524,0.6034367109613602,0.8311656416445514,1,1.0,1.0,0.8571428571428571,0.7,0.9375669180440507,0.9530092292467682,0.9967801079129206
method,SHAP,PI,2021-2023,1,weighted,,random_forest,lab,14,3,3,0.2,0.14285714285714285,0.4,0.3333333333333333,1.0,1,"BMI,Income","HighChol,Stroke",0.3560300853618902,0.29683646695089216,0.5000684240936858,0,0.4,0.5,0.5714285714285714,0.6,0.7141681845826222,0.6368918842105779,0.7283044754724443
method,SHAP,PI,2021-2023,1,weighted,,random_forest,total,14,5,3,0.6,0.125,0.375,1.0,0.6,0,"Diabetes_self,GenHlth",,0.6534657419606282,0.5082950505010435,0.7382553587538809,0,0.8,0.6666666666666666,0.7142857142857143,0.8,0.8857950937009045,0.884467713390976,0.9682992016121899
method,SHAP,PI,2021-2023,1,weighted,,logistic_regression,diag,14,5,4,0.8,0.3333333333333333,0.5714285714285714,1.0,0.8,0,Diabetes_self,,0.8267177001986267,0.6935849741410449,0.8196151289150531,0,1.0,1.0,0.8571428571428571,0.8,0.8859876954857098,0.8453819809894751,0.8309811268917714
method,SHAP,PI,2021-2023,1,weighted,,logistic_regression,lab,14,3,1,0.3333333333333333,0.0,0.3333333333333333,1.0,0.3333333333333333,0,"BMI,Income",,0.03051063216748512,0.025058800551629404,0.351646047951246,0,0.4,0.3333333333333333,0.2857142857142857,0.7,0.7052551853488603,0.6413248077516652,0.7636247555070798
method,SHAP,PI,2021-2023,1,weighted,,logistic_regression,total,14,4,3,0.75,0.42857142857142855,0.5714285714285714,1.0,0.75,0,GenHlth,,0.7889375902433131,0.6481039922301568,0.8248218824207398,0,1.0,1.0,0.8571428571428571,0.7,0.9064984022949598,0.8839326373308085,0.8725297922563549
label,diag,lab,2021-2023,2,unweighted,SHAP,xgboost,,14,4,3,0.4,0.2,0.2857142857142857,0.6666666666666666,0.75,1,"GenHlth,HighChol",Income,0.37142857142857144,0.3186813186813187,0.5703932682484962,0,0.4,0.3333333333333333,0.5714285714285714,0.8,0.7860491561135312,0.7544422414146182,0.8923354098158786
label,diag,total,2021-2023,2,unweighted,SHAP,xgboost,,14,4,4,1.0,1.0,1.0,1.0,1.0,0,,,0.956043956043956,0.8681318681318682,0.9315271285549498,1,1.0,0.8333333333333334,0.8571428571428571,1.0,0.9708028821626264,0.9729607111347534,0.9957267463981332
label,lab,total,2021-2023,2,unweighted,SHAP,xgboost,,14,3,4,0.4,0.2,0.2857142857142857,0.6666666666666666,0.75,1,Income,"GenHlth,HighChol",0.5252747252747253,0.4065934065934066,0.6147379729262291,0,0.4,0.3333333333333333,0.5714285714285714,0.8,0.7978127596651903,0.7630690350417698,0.8928884253225073
label,diag,lab,2021-2023,2,unweighted,SHAP,random_forest,,14,5,3,0.3333333333333333,0.125,0.375,0.6666666666666666,0.6,1,"Diabetes_self,GenHlth,HighChol",Income,0.6043956043956044,0.4725274725274726,0.6191304149166563,0,0.6,0.6666666666666666,0.7142857142857143,0.8,0.7932097739509045,0.7287881969465316,0.7804628300844121
label,diag,total,2021-2023,2,unweighted,SHAP,random_forest,,14,5,5,1.0,0.75,0.8333333333333334,1.0,1.0,0,,,0.9604395604395607,0.8681318681318682,0.9238998986970581,0,1.0,0.8333333333333334,0.8571428571428571,0.9,0.9525145078233765,0.9476226221178643,0.9802957025613277
label,lab,total,2021-2023,2,unweighted,SHAP,random_forest,,14,3,5,0.3333333333333333,0.25,0.42857142857142855,0.6666666666666666,0.6,1,Income,"Diabetes_self,GenHlth,HighChol",0.6791208791208792,0.5164835164835165,0.6460352709651825,0,0.6,0.8333333333333334,0.7142857142857143,0.8,0.8030512739509046,0.7397108636131983,0.7830669967510788
label,diag,lab,2021-2023,2,unweighted,SHAP,logistic_regression,,14,5,3,0.3333333333333333,0.14285714285714285,0.2,0.6666666666666666,0.6,1,"Diabetes_self,GenHlth,HighChol",Income,0.01098901098901099,0.01098901098901099,0.28009623352760404,0,0.4,0.3333333333333333,0.42857142857142855,0.7,0.7048897724369079,0.6443734999769269,0.764666702654984
label,diag,total,2021-2023,2,unweighted,SHAP,logistic_regression,,14,5,4,0.8,0.5,0.6666666666666666,1.0,0.8,0,Diabetes_self,,0.9384615384615385,0.8241758241758242,0.8888478728647096,0,1.0,0.8333333333333334,0.8571428571428571,1.0,0.9188473782666189,0.8881752181935156,0.8705003424852059
label,lab,total,2021-2023,2,unweighted,SHAP,logistic_regression,,14,3,4,0.4,0.2857142857142857,0.3333333333333333,0.6666666666666666,0.75,1,Income,"GenHlth,HighChol",0.2923076923076923,0.18681318681318684,0.43347549182410877,0,0.4,0.5,0.5714285714285714,0.7,0.7388698592742811,0.6751410590643959,0.7691569701457397
model,xgboost,random_forest,2021-2023,2,unweighted,SHAP,,diag,14,4,5,0.8,0.6,0.8333333333333334,1.0,0.8,0,,Diabetes_self,0.9604395604395607,0.8461538461538461,0.8942863000621893,0,1.0,1.0,1.0,1.0,0.920228427448341,0.8820449361506262,0.8586049706044824
model,xgboost,logistic_regression,2021-2023,2,unweighted,SHAP,,diag,14,4,5,0.8,0.5,0.6666666666666666,1.0,0.8,0,,Diabetes_self,0.9076923076923077,0.7802197802197802,0.8790410968526632,0,1.0,1.0,0.8571428571428571,0.9,0.9221995850758689,0.8949818745348488,0.8729865078497893
model,random_forest,logistic_regression,2021-2023,2,unweighted,SHAP,,diag,14,5,5,1.0,0.4,0.5714285714285714,1.0,1.0,0,,,0.8373626373626375,0.7142857142857144,0.8660347864757061,0,1.0,1.0,0.8571428571428571,0.9,0.9382129048258687,0.9404107243126267,0.9816562127109003
model,xgboost,random_forest,2021-2023,2,unweighted,SHAP,,lab,14,3,3,1.0,0.8571428571428571,0.8,1.0,1.0,0,,,0.9076923076923077,0.7802197802197802,0.8630254372074395,0,0.8,0.6666666666666666,0.8571428571428571,1.0,0.928443770568278,0.9186524651540005,0.971085910075168
model,xgboost,logistic_regression,2021-2023,2,unweighted,SHAP,,lab,14,3,3,1.0,0.5714285714285714,0.5714285714285714,1.0,1.0,0,,,0.7054945054945055,0.5604395604395604,0.7427453445189567,0,0.8,0.6666666666666666,0.7142857142857143,0.8,0.8628057935960032,0.8329009484703953,0.8591062163205716
model,random_forest,logistic_regression,2021-2023,2,unweighted,SHAP,,lab,14,3,3,1.0,0.6666666666666666,0.7142857142857143,1.0,1.0,0,,,0.7186813186813187,0.5604395604395604,0.7219902223721353,0,0.6,0.5,0.7142857142857143,0.8,0.8302064389499955,0.7879082093069355,0.8353229547687555
model,xgboost,random_forest,2021-2023,2,unweighted,SHAP,,total,14,4,5,0.8,0.8,1.0,1.0,0.8,0,,Diabetes_self,0.9516483516483516,0.8461538461538461,0.8869972937520749,0,1.0,0.8333333333333334,0.7142857142857143,0.9,0.9201215552885713,0.8861704416304761,0.8695777529761904
model,xgboost,logistic_regression,2021-2023,2,unweighted,SHAP,,total,14,4,4,1.0,1.0,1.0,1.0,1.0,0,,,0.9252747252747253,0.8241758241758242,0.932505232716117,1,1.0,1.0,1.0,0.9,0.9764047643606741,0.9842477154666815,0.999275203962704
model,random_forest,logistic_regression,2021-2023,2,unweighted,SHAP,,total,14,5,4,0.8,0.8,1.0,1.0,0.8,0,Diabetes_self,,0.8857142857142857,0.7142857142857144,0.8351061731115037,0,1.0,0.8333333333333334,0.7142857142857143,0.9,0.9063792357892455,0.8783453916571577,0.8694388944388944
label,diag,lab,2021-2023,2,unweighted,PI,xgboost,,14,4,3,0.16666666666666666,0.0,0.4,0.3333333333333333,0.75,1,"BMI,GenHlth,HighChol","Income,MentHlth",0.183003604348671,0.12024651756097045,0.30321318185435975,0,0.4,0.3333333333333333,0.5714285714285714,0.8,0.6926543521126222,0.6042233168861334,0.7099993539446664
label,diag,total,2021-2023,2,unweighted,PI,xgboost,,14,4,4,1.0,0.6,0.7142857142857143,1.0,1.0,0,,,0.8778883200077127,0.7734924681537618,0.8943642348120333,1,1.0,0.8333333333333334,0.8571428571428571,0.8,0.9534885343826265,0.9601354615703088,0.9950974061203554
label,lab,total,2021-2023,2,unweighted,PI,xgboost,,14,3,4,0.16666666666666666,0.0,0.2727272727272727,0.3333333333333333,0.75,1,"Income,MentHlth","BMI,GenHlth,HighChol",0.1305335905063214,0.09673016668133488,0.2722073975492486,0,0.4,0.5,0.42857142857142855,0.8,0.6932906728278171,0.6058801426209673,0.7113148244984182
label,diag,lab,2021-2023,2,unweighted,PI,random_forest,,14,5,3,0.14285714285714285,0.25,0.36363636363636365,0.3333333333333333,0.6,1,"BMI,Diabetes_self,GenHlth,HighChol","Sex,Stroke",0.26382085462068117,0.21202604782206586,0.4104163694771398,0,0.4,0.5,0.5714285714285714,0.8,0.6975190641642813,0.6095587469577294,0.7119629597290729
label,diag,total,2021-2023,2,unweighted,PI,random_forest,,14,5,5,1.0,0.5,0.5,1.0,1.0,0,,,0.894048448682129,0.7822327734684298,0.8954201909559465,1,1.0,0.8333333333333334,0.8571428571428571,0.9,0.9539944621266185,0.9602479836335156,0.9949144049852059
label,lab,total,2021-2023,2,unweighted,PI,random_forest,,14,3,5,0.14285714285714285,0.14285714285714285,0.3333333333333333,0.3333333333333333,0.6,1,"Sex,Stroke","BMI,Diabetes_self,GenHlth,HighChol",0.36789625165796747,0.33060175538123965,0.49843212893300837,0,0.4,0.3333333333333333,0.5714285714285714,0.8,0.695828810310289,0.604936183010078,0.7098564643364447
label,diag,lab,2021-2023,2,unweighted,PI,logistic_regression,,14,4,1,0.25,0.16666666666666666,0.45454545454545453,1.0,0.25,0,"BMI,GenHlth,HighChol",,0.25828066295261504,0.17879606250706967,0.43420952166183086,0,0.4,0.5,0.7142857142857143,0.7,0.7574173727583364,0.6934610042308952,0.7714018837065713
label,diag,total,2021-2023,2,unweighted,PI,logistic_regression,,14,4,4,1.0,0.75,0.8571428571428571,1.0,1.0,0,,,0.977827050997783,0.9090909090909091,0.9351973831156102,0,1.0,0.8333333333333334,0.8571428571428571,0.9,0.9516922808242856,0.9362364835352381,0.9545154389880953
label,lab,total,2021-2023,2,unweighted,PI,logistic_regression,,14,1,4,0.25,0.14285714285714285,0.36363636363636365,1.0,0.25,0,,"BMI,GenHlth,HighChol",0.2450355007499168,0.17879606250706967,0.42745930917696023,0,0.4,0.5,0.5714285714285714,0.7,0.749825358472622,0.6859711756594667,0.7702858122779999
model,xgboost,random_forest,2021-2023,2,unweighted,PI,,diag,14,4,5,0.8,0.75,1.0,1.0,0.8,0,,Diabetes_self,0.9692307692307693,0.8901098901098902,0.8959578544048725,0,1.0,0.8333333333333334,0.8571428571428571,1.0,0.9079513974135356,0.8574891823299049,0.829592750186012
model,xgboost,logistic_regression,2021-2023,2,unweighted,PI,,diag,14,4,4,1.0,0.75,0.8571428571428571,1.0,1.0,0,,,0.8631430702091665,0.7598832656550462,0.8974408005559242,1,1.0,1.0,0.8571428571428571,0.8,0.9553726071849598,0.9666169918908085,0.9976274485063548
model,random_forest,logistic_regression,2021-2023,2,unweighted,PI,,diag,14,5,4,0.8,0.5,0.8571428571428571,1.0,0.8,0,Diabetes_self,,0.8675581242767325,0.7375337578416624,0.8353406861577942,0,1.0,0.8333333333333334,1.0,0.8,0.8811231214706741,0.8405174871289038,0.8294726866015929
model,xgboost,random_forest,2021-2023,2,unweighted,PI,,lab,14,3,3,0.2,0.25,0.8888888888888888,0.3333333333333333,1.0,1,"Income,MentHlth","Sex,Stroke",0.7597974143639871,0.6650898417564768,0.7388625168555686,0,0.8,0.8333333333333334,0.7142857142857143,0.7,0.7895925848099956,0.7254204343024911,0.7624279894909778
model,xgboost,logistic_regression,2021-2023,2,unweighted,PI,,lab,14,3,1,0.3333333333333333,0.16666666666666666,0.5454545454545454,1.0,0.3333333333333333,0,"Income,MentHlth",,0.20587905489225486,0.1683451245853586,0.4669882969658743,0,0.4,0.5,0.5714285714285714,0.6,0.764644824082622,0.7416162504328,0.8935605518613332
model,random_forest,logistic_regression,2021-2023,2,unweighted,PI,,lab,14,3,1,0.3333333333333333,0.2,0.6363636363636364,1.0,0.3333333333333333,0,"Sex,Stroke",,0.37652102552660327,0.2968364669508922,0.5032301779861912,0,0.6,0.6666666666666666,0.5714285714285714,0.8,0.7629112754142813,0.693308293624396,0.7525554076457396
model,xgboost,random_forest,2021-2023,2,unweighted,PI,,total,14,4,5,0.8,0.25,0.2857142857142857,1.0,0.8,0,,Diabetes_self,0.7977944386127852,0.6517265337144673,0.784722157095187,0,1.0,0.8333333333333334,0.7142857142857143,0.8,0.8657452739509044,0.8236788636131982,0.8268169967510788
model,xgboost,logistic_regression,2021-2023,2,unweighted,PI,,total,14,4,4,1.0,0.3333333333333333,0.5,1.0,1.0,0,,,0.7248658611218659,0.5955432118425305,0.7896702571388909,0,1.0,0.8333333333333334,0.7142857142857143,0.8,0.9001774126492454,0.8965666797638245,0.9515352486055612
model,random_forest,logistic_regression,2021-2023,2,unweighted,PI,,total,14,5,4,0.8,0.25,0.2857142857142857,1.0,0.8,0,Diabetes_self,,0.7738359201773837,0.6477272727272727,0.8066007181482557,0,1.0,0.8333333333333334,0.8571428571428571,0.9,0.8984266008249597,0.8731357997841418,0.8696326568396882
method,SHAP,PI,2021-2023,2,unweighted,,xgboost,diag,14,4,4,1.0,0.5,0.5714285714285714,1.0,1.0,0,,,0.9428571428571428,0.8461538461538461,0.9153027051515872,0,1.0,1.0,0.8571428571428571,1.0,0.946688878266619,0.9364312181935155,0.9564378424852059
method,SHAP,PI,2021-2023,2,unweighted,,xgboost,lab,14,3,3,0.5,0.25,0.3333333333333333,0.6666666666666666,1.0,1,BMI,MentHlth,0.1509779735876536,0.09619721404877635,0.3640490362734492,0,0.4,0.3333333333333333,0.42857142857142855,0.8,0.7195256575769078,0.6560290047591492,0.7654696540438729
method,SHAP,PI,2021-2023,2,unweighted,,xgboost,total,14,4,4,1.0,0.2857142857142857,0.375,1.0,1.0,0,,,0.7436748174501425,0.5745944049142231,0.776920354342452,0,1.0,0.8333333333333334,0.7142857142857143,0.8,0.8999835937009046,0.894707713390976,0.9511117016121899
method,SHAP,PI,2021-2023,2,unweighted,,random_forest,diag,14,5,5,1.0,0.5,0.7142857142857143,1.0,1.0,0,,,0.956043956043956,0.8461538461538461,0.9199425781496953,0,1.0,0.8333333333333334,1.0,1.0,0.9532143925523333,0.9500650467649443,0.9809914139137773
method,SHAP,PI,2021-2023,2,unweighted,,random_forest,lab,14,3,3,0.2,0.14285714285714285,0.4,0.3333333333333333,1.0,1,"BMI,Income","Sex,Stroke",0.2535753845383246,0.21202604782206586,0.39220823724145604,0,0.4,0.5,0.5714285714285714,0.7,0.7152334822235312,0.6362856166323959,0.7279582396769897
method,SHAP,PI,2021-2023,2,unweighted,,random_forest,total,14,5,5,1.0,0.42857142857142855,0.3333333333333333,1.0,1.0,0,,,0.7792570429254112,0.6704852344015113,0.8484395999027725,1,1.0,0.8333333333333334,0.8571428571428571,0.8,0.9427221999358688,0.9524037030859602,0.9945793897942337
method,SHAP,PI,2021-2023,2,unweighted,,logistic_regression,diag,14,5,4,0.8,0.4,0.7142857142857143,1.0,0.8,0,Diabetes_self,,0.7925022051281094,0.6704852344015113,0.8071847930784608,0,1.0,1.0,0.8571428571428571,0.8,0.8800089842357097,0.8401391009894752,0.8304928456417714
method,SHAP,PI,2021-2023,2,unweighted,,logistic_regression,lab,14,3,1,0.3333333333333333,0.0,0.45454545454545453,1.0,0.3333333333333333,0,"BMI,Income",,0.5208791208791209,0.4065934065934066,0.6601015497820486,0,0.6,0.5,0.42857142857142855,0.8,0.8476475651294759,0.8421813895814521,0.9572128920883805
method,SHAP,PI,2021-2023,2,unweighted,,logistic_regression,total,14,4,4,1.0,0.8,0.8333333333333334,1.0,1.0,0,,,0.7969172591956755,0.6704852344015113,0.8453289132383299,1,1.0,0.8333333333333334,0.7142857142857143,0.8,0.9427220618992453,0.9519327668749356,0.9941242243000056
label,diag,lab,2021-2023,2,weighted,SHAP,xgboost,,14,4,3,0.4,0.2,0.2857142857142857,0.6666666666666666,0.75,1,"GenHlth,HighChol",Income,0.4945054945054946,0.4065934065934066,0.6351735814847292,0,0.6,0.6666666666666666,0.5714285714285714,0.8,0.821469244414281,0.7941032305132847,0.9038140882012952
label,diag,total,2021-2023,2,weighted,SHAP,xgboost,,14,4,4,1.0,0.8,0.8333333333333334,1.0,1.0,0,,,0.9648351648351648,0.8901098901098902,0.9454210787978805,1,1.0,0.8333333333333334,0.8571428571428571,1.0,0.9708028821626264,0.9729607111347534,0.9957267463981332
label,lab,total,2021-2023,2,weighted,SHAP,xgboost,,14,3,4,0.4,0.2222222222222222,0.42857142857142855,0.6666666666666666,0.75,1,Income,"GenHlth,HighChol",0.6,0.4725274725274726,0.6594679714707912,0,0.6,0.6666666666666666,0.7142857142857143,0.8,0.8382097739509045,0.8087881969465314,0.9054628300844121
label,diag,lab,2021-2023,2,weighted,SHAP,random_forest,,14,5,3,0.3333333333333333,0.125,0.375,0.6666666666666666,0.6,1,"Diabetes_self,GenHlth,HighChol",Income,0.6087912087912088,0.4945054945054945,0.6559314608887337,0,0.6,0.6666666666666666,0.7142857142857143,0.8,0.8088196856501546,0.7529565411811984,0.7960674850323288
label,diag,total,2021-2023,2,weighted,SHAP,random_forest,,14,5,5,1.0,0.75,0.8333333333333334,1.0,1.0,0,,,0.9736263736263736,0.8901098901098902,0.9413103365829798,1,1.0,0.8333333333333334,0.8571428571428571,1.0,0.9751684284135356,0.9764275787743493,0.9960424029637898
label,lab,total,2021-2023,2,weighted,SHAP,random_forest,,14,3,5,0.3333333333333333,0.25,0.42857142857142855,0.6666666666666666,0.6,1,Income,"Diabetes_self,GenHlth,HighChol",0.7010989010989012,0.5164835164835165,0.6671534976234085,0,0.6,0.8333333333333334,0.8571428571428571,0.8,0.8288682882366187,0.7728006921846268,0.7998080681796503
label,diag,lab,2021-2023,2,weighted,SHAP,logistic_regression,,14,5,3,0.3333333333333333,0.14285714285714285,0.2,0.6666666666666666,0.6,1,"Diabetes_self,GenHlth,HighChol",Income,-0.002197802197802198,-0.01098901098901099,0.2678912346072015,0,0.4,0.3333333333333333,0.42857142857142855,0.7,0.7048897724369079,0.6443734999769269,0.764666702654984
label,diag,total,2021-2023,2,weighted,SHAP,logistic_regression,,14,5,4,0.8,0.5,0.6666666666666666,1.0,0.8,0,Diabetes_self,,0.9208791208791209,0.8021978021978022,0.8772820980678914,0,1.0,0.8333333333333334,0.8571428571428571,1.0,0.9128686670166188,0.8829323381935157,0.8700120612352059
label,lab,total,2021-2023,2,weighted,SHAP,logistic_regression,,14,3,4,0.4,0.2857142857142857,0.3333333333333333,0.6666666666666666,0.75,1,Income,"GenHlth,HighChol",0.3010989010989011,0.18681318681318684,0.4329472144776483,0,0.4,0.5,0.5714285714285714,0.7,0.7448485705242811,0.6803839390643959,0.7696452513957397
model,xgboost,random_forest,2021-2023,2,weighted,SHAP,,diag,14,4,5,0.8,0.6,0.8333333333333334,1.0,0.8,0,,Diabetes_self,0.9648351648351648,0.8681318681318682,0.908846193563787,0,1.0,0.8333333333333334,1.0,1.0,0.9286119274483409,0.8967222694839596,0.8716258039378157
model,xgboost,logistic_regression,2021-2023,2,weighted,SHAP,,diag,14,4,5,0.8,0.5,0.6666666666666666,1.0,0.8,0,,Diabetes_self,0.8945054945054945,0.7582417582417583,0.8640206101035488,0,1.0,0.8333333333333334,0.8571428571428571,0.9,0.9123580850758688,0.8840592078681822,0.8703823411831226
model,random_forest,logistic_regression,2021-2023,2,weighted,SHAP,,diag,14,5,5,1.0,0.4,0.5714285714285714,1.0,1.0,0,,,0.8637362637362638,0.7582417582417583,0.8955912048485186,1,1.0,1.0,0.8571428571428571,0.9,0.9590529931266187,0.9674423800779601,0.9973015577629836
model,xgboost,random_forest,2021-2023,2,weighted,SHAP,,lab,14,3,3,1.0,0.8571428571428571,0.8,1.0,1.0,0,,,0.8241758241758241,0.6923076923076924,0.7955646760954795,0,0.6,0.6666666666666666,0.5714285714285714,1.0,0.8937164773421069,0.8816714949648254,0.9621045309399802
model,xgboost,logistic_regression,2021-2023,2,weighted,SHAP,,lab,14,3,3,1.0,0.5714285714285714,0.5714285714285714,1.0,1.0,0,,,0.7054945054945055,0.5604395604395604,0.7500681600540529,0,0.8,0.8333333333333334,0.7142857142857143,0.8,0.8786260048460033,0.8490664951370621,0.8621986642372383
model,random_forest,logistic_regression,2021-2023,2,weighted,SHAP,,lab,14,3,3,1.0,0.6666666666666666,0.7142857142857143,1.0,1.0,0,,,0.7054945054945055,0.5164835164835165,0.6863552992415114,0,0.6,0.5,0.7142857142857143,0.8,0.8323789738460032,0.788965432025951,0.835332344792794
model,xgboost,random_forest,2021-2023,2,weighted,SHAP,,total,14,4,5,0.8,0.6,0.8333333333333334,1.0,0.8,0,,Diabetes_self,0.9604395604395607,0.8681318681318682,0.899708380663513,0,1.0,0.8333333333333334,0.8571428571428571,1.0,0.9284179704633766,0.8943923669000866,0.8707470914502166
model,xgboost,logistic_regression,2021-2023,2,weighted,SHAP,,total,14,4,4,1.0,0.8,0.8333333333333334,1.0,1.0,0,,,0.9296703296703297,0.8461538461538461,0.9436767197357707,1,1.0,1.0,1.0,0.9,0.982383475610674,0.9894905954666817,0.999763485212704
model,random_forest,logistic_regression,2021-2023,2,weighted,SHAP,,total,14,5,4,0.8,0.8,1.0,1.0,0.8,0,Diabetes_self,,0.8857142857142857,0.7142857142857144,0.8440251779596152,0,1.0,0.8333333333333334,0.8571428571428571,0.9,0.9139712500749597,0.8858352202285862,0.870554965867466
label,diag,lab,2021-2023,2,weighted,PI,xgboost,,14,4,2,0.2,0.3333333333333333,0.4,0.5,0.5,1,"BMI,GenHlth,HighChol",Income,0.4388837088707474,0.32576440717118227,0.42639536230546315,0,0.2,0.5,0.7142857142857143,0.9,0.7265351590909046,0.6284863683954204,0.7088699481399676
label,diag,total,2021-2023,2,weighted,PI,xgboost,,14,4,4,1.0,0.5,0.5714285714285714,1.0,1.0,0,,,0.8668872132406987,0.7513926833493687,0.8570229407358534,0,1.0,1.0,0.8571428571428571,0.8,0.9183300343826266,0.8910581282369754,0.872701572787022
label,lab,total,2021-2023,2,weighted,PI,xgboost,,14,2,4,0.2,0.4,0.36363636363636365,0.5,0.5,1,Income,"BMI,GenHlth,HighChol",0.33128726261754704,0.2267786838055363,0.36767832837042524,0,0.2,0.5,0.5714285714285714,0.8,0.7033053363635313,0.6096853916368404,0.7071032049547674
label,diag,lab,2021-2023,2,weighted,PI,random_forest,,14,4,2,0.2,0.2222222222222222,0.2222222222222222,0.5,0.5,1,"BMI,GenHlth,HighChol",Sex,0.34969878407348326,0.27564680606792347,0.4689237978558969,0,0.6,0.5,0.5714285714285714,0.7,0.7417975132235313,0.6745413464101736,0.7496162257881008
label,diag,total,2021-2023,2,weighted,PI,random_forest,,14,4,4,1.0,0.42857142857142855,0.42857142857142855,1.0,1.0,0,,,0.8057473673308077,0.6481357265881276,0.8296490713526475,0,1.0,0.8333333333333334,0.8571428571428571,0.8,0.9185311071849598,0.9130276585574753,0.9533566151730215
label,lab,total,2021-2023,2,weighted,PI,random_forest,,14,2,4,0.2,0.125,0.4444444444444444,0.5,0.5,1,Sex,"BMI,GenHlth,HighChol",0.49740223974383596,0.3822353935782191,0.5803474908476518,0,0.6,0.5,0.7142857142857143,0.7,0.7859601197060031,0.7309149903548399,0.7926457128483496
label,diag,lab,2021-2023,2,weighted,PI,logistic_regression,,14,4,2,0.5,0.0,0.4166666666666667,1.0,0.5,0,"GenHlth,HighChol",,0.2600160508689229,0.17055368216583075,0.4624074628683503,0,0.4,0.3333333333333333,0.42857142857142855,0.8,0.7734803538794759,0.7413651762481189,0.8905787775050471
label,diag,total,2021-2023,2,weighted,PI,logistic_regression,,14,4,4,1.0,0.6666666666666666,0.875,1.0,1.0,0,,,0.9364240995823973,0.8677218312746248,0.945209080952378,1,1.0,1.0,0.8571428571428571,0.9,0.9837508118242857,0.9860975466463493,0.9985692584325397
label,lab,total,2021-2023,2,weighted,PI,logistic_regression,,14,2,4,0.5,0.2,0.45454545454545453,1.0,0.5,0,,"GenHlth,HighChol",0.21803258682481222,0.12812370226601225,0.43331967308172387,0,0.4,0.3333333333333333,0.42857142857142855,0.8,0.7734803538794759,0.7413651762481189,0.8905787775050471
model,xgboost,random_forest,2021-2023,2,weighted,PI,,diag,14,4,4,1.0,0.8333333333333334,0.8,1.0,1.0,0,,,0.9032967032967033,0.7802197802197802,0.8332862520727845,0,1.0,0.8333333333333334,0.7142857142857143,0.9,0.8883385862885713,0.8397755047415874,0.827694072420635
model,xgboost,logistic_regression,2021-2023,2,weighted,PI,,diag,14,4,4,1.0,0.4,0.625,1.0,1.0,0,,,0.9133897171549342,0.7845469379628214,0.9021611061039064,1,1.0,0.8333333333333334,0.8571428571428571,0.9,0.9647561423766189,0.9692191338557379,0.9956197001240947
model,random_forest,logistic_regression,2021-2023,2,weighted,PI,,diag,14,4,4,1.0,0.3333333333333333,0.5,1.0,1.0,0,,,0.8378294972443071,0.7163254650964891,0.822651885514988,0,1.0,0.8333333333333334,0.8571428571428571,0.9,0.8879731733766187,0.8428241969668488,0.8287360195685393
model,xgboost,random_forest,2021-2023,2,weighted,PI,,lab,14,2,2,0.3333333333333333,0.0,0.45454545454545453,0.5,1.0,1,Income,Sex,0.5689223057644112,0.5,0.6524210770804475,0,0.4,0.6666666666666666,0.7142857142857143,0.8,0.7753048049509046,0.7086759267243093,0.7739958161955232
model,xgboost,logistic_regression,2021-2023,2,weighted,PI,,lab,14,2,2,0.3333333333333333,0.0,0.5,0.5,1.0,1,Income,BMI,0.0633682360401614,0.050117601103258816,0.3536233734698009,0,0.4,0.3333333333333333,0.2857142857142857,0.7,0.7030826504528527,0.6402675850326499,0.7636153654830413
model,random_forest,logistic_regression,2021-2023,2,weighted,PI,,lab,14,2,2,0.3333333333333333,0.14285714285714285,0.3333333333333333,0.5,1.0,1,Sex,BMI,-0.12908344378551395,-0.12529400275814703,0.1505504076270665,0,0.2,0.5,0.42857142857142855,0.7,0.6681478759885671,0.5792722936040785,0.7042822181616126
model,xgboost,random_forest,2021-2023,2,weighted,PI,,total,14,4,4,1.0,0.6,0.7142857142857143,1.0,1.0,0,,,0.855253317848055,0.6854365268376295,0.8048474111600379,0,1.0,0.8333333333333334,0.7142857142857143,0.9,0.8745962667892455,0.8319504547682688,0.827555213883339
model,xgboost,logistic_regression,2021-2023,2,weighted,PI,,total,14,4,4,1.0,0.4,0.625,1.0,1.0,0,,,0.7470772798031513,0.6090312530694656,0.7889590122777006,0,1.0,0.8333333333333334,0.7142857142857143,0.7,0.8830861767592455,0.8602772620927133,0.8683212729111167
model,random_forest,logistic_regression,2021-2023,2,weighted,PI,,total,14,4,4,1.0,0.4,0.625,1.0,1.0,0,,,0.751815601919072,0.5922242120989178,0.7505907486464063,0,1.0,1.0,0.8571428571428571,0.8,0.8800089842357097,0.8401391009894752,0.8304928456417714
method,SHAP,PI,2021-2023,2,weighted,,xgboost,diag,14,4,4,1.0,0.6666666666666666,0.6666666666666666,1.0,1.0,0,,,0.9208791208791209,0.8021978021978022,0.8894017533135832,0,1.0,0.8333333333333334,0.8571428571428571,1.0,0.9368473782666189,0.9255085515268489,0.9538336758185393
method,SHAP,PI,2021-2023,2,weighted,,xgboost,lab,14,3,2,0.6666666666666666,0.25,0.3,1.0,0.6666666666666666,0,BMI,,0.2980654065592777,0.22552920496466466,0.46228807568841335,0,0.4,0.5,0.5714285714285714,0.7,0.7388698592742811,0.6751410590643959,0.7691569701457397
method,SHAP,PI,2021-2023,2,weighted,,xgboost,total,14,4,4,1.0,0.14285714285714285,0.3333333333333333,1.0,1.0,0,,,0.7744779163977816,0.6187939745230095,0.7679397231834231,0,1.0,0.8333333333333334,0.7142857142857143,0.8,0.8597665627009046,0.8184359836131982,0.8263287155010788
method,SHAP,PI,2021-2023,2,weighted,,random_forest,diag,14,5,4,0.8,0.5,0.6666666666666666,1.0,0.8,0,Diabetes_self,,0.8637362637362638,0.8021978021978022,0.9053713930234435,1,1.0,0.8333333333333334,0.8571428571428571,0.9,0.9599731733766186,0.9654908636335156,0.9954026862352059
method,SHAP,PI,2021-2023,2,weighted,,random_forest,lab,14,3,2,0.25,0.2222222222222222,0.3333333333333333,0.5,0.6666666666666666,1,"BMI,Income",Sex,0.33561695384233625,0.25058800551629407,0.4146351905522647,0,0.4,0.6666666666666666,0.5714285714285714,0.7,0.7250749822235312,0.6472082832990625,0.7305624063436563
method,SHAP,PI,2021-2023,2,weighted,,random_forest,total,14,5,4,0.8,0.3333333333333333,0.5714285714285714,1.0,0.8,0,Diabetes_self,,0.6909559615740898,0.5810872031479765,0.791385370689119,0,1.0,0.8333333333333334,0.7142857142857143,0.8,0.9017905776483361,0.8983426921242286,0.9517078732899046
method,SHAP,PI,2021-2023,2,weighted,,logistic_regression,diag,14,5,4,0.8,0.2,0.625,1.0,0.8,0,Diabetes_self,,0.8311624190168989,0.6935849741410449,0.8169247846024518,0,1.0,1.0,0.8571428571428571,0.9,0.8812681008249597,0.8413917997841418,0.8305701568396882
method,SHAP,PI,2021-2023,2,weighted,,logistic_regression,lab,14,3,2,0.6666666666666666,0.16666666666666666,0.6,1.0,0.6666666666666666,0,Income,,0.6879120879120879,0.4945054945054945,0.6795846572817947,0,0.6,0.5,0.7142857142857143,0.8,0.8345719852009046,0.7913750769465314,0.8356386113344121
method,SHAP,PI,2021-2023,2,weighted,,logistic_regression,total,14,4,4,1.0,0.6,0.7142857142857143,1.0,1.0,0,,,0.8474050024015897,0.7105041671115224,0.8417526577889909,0,1.0,0.8333333333333334,0.7142857142857143,0.9,0.9222113550899953,0.9133821105336022,0.9525755589354222
label,diag,lab,2021-2023,3,unweighted,SHAP,xgboost,,14,4,3,0.4,0.1111111111111111,0.375,0.6666666666666666,0.75,1,"GenHlth,HighChol",Income,0.5648351648351648,0.4725274725274726,0.6534373248197984,0,0.4,0.5,0.7142857142857143,0.8,0.8120764699499956,0.7795292724180468,0.8965642742131998
label,diag,total,2021-2023,3,unweighted,SHAP,xgboost,,14,4,4,1.0,0.5,0.5714285714285714,1.0,1.0,0,,,0.9780219780219781,0.9120879120879122,0.9544063234673639,0,0.8,1.0,1.0,1.0,0.9739437848539922,0.9735876270587625,0.9930353148370727
label,lab,total,2021-2023,3,unweighted,SHAP,xgboost,,14,3,4,0.4,0.375,0.6666666666666666,0.6666666666666666,0.75,1,Income,"GenHlth,HighChol",0.6439560439560439,0.5164835164835165,0.6850466524632908,0,0.4,0.5,0.7142857142857143,0.8,0.8228381501999955,0.7885004226402689,0.8972695693520888
label,diag,lab,2021-2023,3,unweighted,SHAP,random_forest,,14,5,3,0.3333333333333333,0.1111111111111111,0.25,0.6666666666666666,0.6,1,"Diabetes_self,GenHlth,HighChol",Income,0.5824175824175825,0.4065934065934066,0.5914869421879978,0,0.6,0.6666666666666666,0.7142857142857143,0.8,0.7884268049509047,0.7250599267243095,0.7802458161955232
label,diag,total,2021-2023,3,unweighted,SHAP,random_forest,,14,5,4,0.8,0.6,0.8333333333333334,1.0,0.8,0,Diabetes_self,,0.9516483516483516,0.8461538461538461,0.9294501261084092,1,1.0,0.8333333333333334,0.8571428571428571,0.9,0.9685669729273687,0.972165399398849,0.9959113125372893
label,lab,total,2021-2023,3,unweighted,SHAP,random_forest,,14,3,4,0.4,0.1111111111111111,0.375,0.6666666666666666,0.75,1,Income,"GenHlth,HighChol",0.7010989010989012,0.5164835164835165,0.654523158958043,0,0.6,0.8333333333333334,0.8571428571428571,0.8,0.8106432882366188,0.7472006921846269,0.7841830681796503
label,diag,lab,2021-2023,3,unweighted,SHAP,logistic_regression,,14,4,3,0.4,0.0,0.3,0.6666666666666666,0.75,1,"GenHlth,HighChol",Income,0.2527472527472528,0.16483516483516486,0.40011983564909015,0,0.4,0.3333333333333333,0.5714285714285714,0.8,0.7302874758635312,0.6654710911923959,0.7666301146769897
label,diag,total,2021-2023,3,unweighted,SHAP,logistic_regression,,14,4,4,1.0,0.4,0.625,1.0,1.0,0,,,0.8989010989010989,0.7582417582417583,0.8834339983859542,1,1.0,0.8333333333333334,0.7142857142857143,1.0,0.9502766527309046,0.9554425096220871,0.9938959898066344
label,lab,total,2021-2023,3,unweighted,SHAP,logistic_regression,,14,3,4,0.4,0.2857142857142857,0.5,0.6666666666666666,0.75,1,Income,"GenHlth,HighChol",0.3494505494505495,0.18681318681318684,0.4143468888193155,0,0.4,0.5,0.7142857142857143,0.8,0.7596784126492455,0.6943693464304913,0.7713269152722277
model,xgboost,random_forest,2021-2023,3,unweighted,SHAP,,diag,14,4,5,0.8,0.6,0.8333333333333334,1.0,0.8,0,,Diabetes_self,0.9516483516483516,0.8461538461538461,0.8961683250365058,0,1.0,0.8333333333333334,0.8571428571428571,0.9,0.9257395078233766,0.8932226221178643,0.8709207025613277
model,xgboost,logistic_regression,2021-2023,3,unweighted,SHAP,,diag,14,4,4,1.0,0.75,0.8571428571428571,1.0,1.0,0,,,0.8813186813186813,0.7362637362637363,0.8487907031064901,0,1.0,0.8333333333333334,0.8571428571428571,0.9,0.9118033693757097,0.8835386057716974,0.8703582970306604
model,random_forest,logistic_regression,2021-2023,3,unweighted,SHAP,,diag,14,5,4,0.8,0.4,0.7142857142857143,1.0,0.8,0,Diabetes_self,,0.9384615384615385,0.8461538461538461,0.9359863355585931,1,1.0,1.0,0.8571428571428571,0.9,0.9745976423766189,0.9801418005224045,0.9982238667907614
model,xgboost,random_forest,2021-2023,3,unweighted,SHAP,,lab,14,3,3,1.0,1.0,1.0,1.0,1.0,0,,,0.8813186813186813,0.7362637362637363,0.8209106314519408,0,0.6,0.6666666666666666,0.8571428571428571,1.0,0.9164923821626265,0.9036700444680865,0.9649975797314665
model,xgboost,logistic_regression,2021-2023,3,unweighted,SHAP,,lab,14,3,3,1.0,0.5714285714285714,0.5714285714285714,1.0,1.0,0,,,0.8461538461538461,0.6923076923076924,0.823321590262523,0,1.0,0.8333333333333334,1.0,0.8,0.8925132097714241,0.8590158095609037,0.8555346983203428
model,random_forest,logistic_regression,2021-2023,3,unweighted,SHAP,,lab,14,3,3,1.0,0.5714285714285714,0.5714285714285714,1.0,1.0,0,,,0.6527472527472528,0.5164835164835165,0.7059118023015087,0,0.6,0.6666666666666666,0.8571428571428571,0.8,0.8428569842357099,0.8025924343228084,0.8388261789751047
model,xgboost,random_forest,2021-2023,3,unweighted,SHAP,,total,14,4,4,1.0,0.5,0.5714285714285714,1.0,1.0,0,,,0.9252747252747253,0.8241758241758242,0.8852204384445943,0,0.8,1.0,1.0,0.8,0.9154151369690908,0.8835956125737374,0.8675879892676768
model,xgboost,logistic_regression,2021-2023,3,unweighted,SHAP,,total,14,4,4,1.0,0.8,0.8333333333333334,1.0,1.0,0,,,0.956043956043956,0.8461538461538461,0.8944776668404832,0,0.8,1.0,0.8571428571428571,0.9,0.9224590078233765,0.887761288784531,0.8672748692279943
model,random_forest,logistic_regression,2021-2023,3,unweighted,SHAP,,total,14,4,4,1.0,0.6,0.7142857142857143,1.0,1.0,0,,,0.9516483516483516,0.8901098901098902,0.946935009938271,1,1.0,1.0,0.8571428571428571,0.9,0.9777721005742857,0.9808546666463491,0.9980809771825397
label,diag,lab,2021-2023,3,unweighted,PI,xgboost,,14,5,2,0.4,0.14285714285714285,0.3,1.0,0.4,0,"Diabetes_self,GenHlth,HighChol",,0.20044052863436124,0.14444444444444443,0.46223386072766826,0,0.6,0.5,0.5714285714285714,0.6,0.8067535043326222,0.7925714006550221,0.9161408470002221
label,diag,total,2021-2023,3,unweighted,PI,xgboost,,14,5,3,0.6,0.4,0.8571428571428571,1.0,0.6,0,"Diabetes_self,GenHlth",,0.8999947555962159,0.7980238751210127,0.8855872141494496,0,1.0,1.0,1.0,0.9,0.9295665993615831,0.9142050364396108,0.941810912611694
label,lab,total,2021-2023,3,unweighted,PI,xgboost,,14,2,3,0.6666666666666666,0.125,0.4,1.0,0.6666666666666666,0,,HighChol,0.3950358660059726,0.3022817708791715,0.5838741915876404,0,0.6,0.5,0.5714285714285714,0.6,0.8067535043326222,0.7925714006550221,0.9161408470002221
label,diag,lab,2021-2023,3,unweighted,PI,random_forest,,14,4,3,0.75,0.25,0.2222222222222222,1.0,0.75,0,GenHlth,,0.15469698255649575,0.056183321871936844,0.44519114791268116,0,0.6,0.5,0.42857142857142855,0.6,0.7644210985469078,0.733534208528038,0.8304978658494285
label,diag,total,2021-2023,3,unweighted,PI,random_forest,,14,4,3,0.75,0.4,0.75,1.0,0.75,0,GenHlth,,0.7977944386127852,0.6854365268376295,0.863105652695494,1,1.0,1.0,0.8571428571428571,0.7,0.9455196910449597,0.9586897573308086,0.9970415110063549
label,lab,total,2021-2023,3,unweighted,PI,random_forest,,14,3,3,1.0,0.2222222222222222,0.2222222222222222,1.0,1.0,0,,,0.3777533039647577,0.25555555555555554,0.5383291507090978,0,0.6,0.5,0.5714285714285714,0.8,0.8070697754142813,0.7677189602910625,0.8332845743124063
label,diag,lab,2021-2023,3,unweighted,PI,logistic_regression,,14,4,1,0.25,0.0,0.4166666666666667,1.0,0.25,0,"BMI,GenHlth,HighChol",,0.2600160508689229,0.17055368216583075,0.4607514333063558,0,0.4,0.5,0.5714285714285714,0.7,0.7824505132235313,0.7552240130768403,0.8944078924547675
label,diag,total,2021-2023,3,unweighted,PI,logistic_regression,,14,4,3,0.75,0.6666666666666666,1.0,1.0,0.75,0,GenHlth,,0.8461538461538461,0.7582417582417583,0.8715640718622626,0,1.0,1.0,0.8571428571428571,0.9,0.9428146733766187,0.9337468636335156,0.9563401862352059
label,lab,total,2021-2023,3,unweighted,PI,logistic_regression,,14,1,3,0.3333333333333333,0.0,0.4166666666666667,1.0,0.3333333333333333,0,,"BMI,HighChol",0.1600098774577987,0.07959171834405433,0.4169557706957172,0,0.4,0.5,0.5714285714285714,0.7,0.7792807092226222,0.7532717552150222,0.8943635032502221
model,xgboost,random_forest,2021-2023,3,unweighted,PI,,diag,14,5,4,0.8,0.2,0.625,1.0,0.8,0,Diabetes_self,,0.8198940075494275,0.6854365268376295,0.8118898070281346,0,1.0,1.0,0.8571428571428571,0.8,0.8881555761849598,0.8476785954463641,0.8311777957285771
model,xgboost,logistic_regression,2021-2023,3,unweighted,PI,,diag,14,5,4,0.8,0.25,0.75,1.0,0.8,0,Diabetes_self,,0.8294834502328513,0.7071931137405822,0.8724707409666304,1,1.0,1.0,0.8571428571428571,0.8,0.9601602303817174,0.9691058703751574,0.9976571835824765
model,random_forest,logistic_regression,2021-2023,3,unweighted,PI,,diag,14,4,4,1.0,0.6666666666666666,0.875,1.0,1.0,0,,,0.766011880722713,0.6034367109613602,0.7825143991366277,0,1.0,1.0,0.8571428571428571,0.8,0.8833726071849597,0.8439503252241418,0.8309607818396881
model,xgboost,random_forest,2021-2023,3,unweighted,PI,,lab,14,2,3,0.6666666666666666,0.5,0.5714285714285714,1.0,0.6666666666666666,0,,HighChol,0.9526431718061675,0.8333333333333333,0.9061237455893258,0,1.0,0.8333333333333334,1.0,1.0,0.9444393925523333,0.9329983800982775,0.9549497472471107
model,xgboost,logistic_regression,2021-2023,3,unweighted,PI,,lab,14,2,1,0.5,0.2857142857142857,0.6,1.0,0.5,0,BMI,,0.3882285763706295,0.27439773622801417,0.591763411350873,0,0.6,0.5,0.5714285714285714,0.7,0.8364319669726221,0.8364078121039109,0.9576339025557777
model,random_forest,logistic_regression,2021-2023,3,unweighted,PI,,lab,14,3,1,0.3333333333333333,0.2222222222222222,0.3,1.0,0.3333333333333333,0,"BMI,HighChol",,0.3070231721441082,0.2286647801900118,0.5560947825954323,0,0.6,0.6666666666666666,0.5714285714285714,0.7,0.819273466972622,0.8046638121039109,0.9185714025557777
model,xgboost,random_forest,2021-2023,3,unweighted,PI,,total,14,3,3,1.0,0.6,0.75,1.0,1.0,0,,,0.8999947555962159,0.7980238751210128,0.8701518247802551,0,1.0,1.0,0.8571428571428571,0.8,0.8921476071849599,0.8610169918908084,0.8570024485063548
model,xgboost,logistic_regression,2021-2023,3,unweighted,PI,,total,14,3,3,1.0,0.75,0.875,1.0,1.0,0,,,0.8052158591341525,0.6733804983414344,0.8464446248278128,0,1.0,1.0,0.8571428571428571,0.7,0.9272946910449598,0.9330897573308086,0.9814165110063549
model,random_forest,logistic_regression,2021-2023,3,unweighted,PI,,total,14,3,3,1.0,0.75,0.875,1.0,1.0,0,,,0.7260730466229203,0.5745944049142231,0.7888572765673368,0,1.0,1.0,0.8571428571428571,0.7,0.8973498870440506,0.8767374994689903,0.8719971218018094
method,SHAP,PI,2021-2023,3,unweighted,,xgboost,diag,14,4,5,0.8,0.16666666666666666,0.5,1.0,0.8,0,,Diabetes_self,0.7722776950443788,0.6408937593274027,0.8177032139114491,0,1.0,0.8333333333333334,0.7142857142857143,0.9,0.9088345865392453,0.9029793045460466,0.95184991874445
method,SHAP,PI,2021-2023,3,unweighted,,xgboost,lab,14,3,2,0.6666666666666666,0.375,0.5,1.0,0.6666666666666666,0,Income,,0.6380641924868088,0.48619526569665034,0.7464955822509122,0,0.8,0.8333333333333334,0.7142857142857143,0.8,0.8914648663983362,0.8937824787908952,0.9710112587065712
method,SHAP,PI,2021-2023,3,unweighted,,xgboost,total,14,4,3,0.75,0.2857142857142857,0.5,1.0,0.75,0,GenHlth,,0.7160016020141753,0.6012325878048522,0.7907056228506932,0,0.8,0.8333333333333334,0.7142857142857143,0.8,0.8972497586999955,0.8971663924180466,0.9710759929631999
method,SHAP,PI,2021-2023,3,unweighted,,random_forest,diag,14,5,4,0.8,0.16666666666666666,0.5,1.0,0.8,0,Diabetes_self,,0.7439366103848826,0.6257862187747439,0.8418790604167193,1,1.0,1.0,0.8571428571428571,0.7,0.9423498870440505,0.9567374994689903,0.9969971218018094
method,SHAP,PI,2021-2023,3,unweighted,,random_forest,lab,14,3,3,0.5,0.3,0.2857142857142857,0.6666666666666666,1.0,1,Income,HighChol,0.5258529034632665,0.4198959112834707,0.6415361691714796,0,0.6,0.6666666666666666,0.5714285714285714,0.8,0.8418667793102887,0.8207604532323001,0.9194484782253336
method,SHAP,PI,2021-2023,3,unweighted,,random_forest,total,14,4,3,0.75,0.3333333333333333,0.625,1.0,0.75,0,GenHlth,,0.6820686195548645,0.5745944049142231,0.8024360678397068,1,1.0,0.8333333333333334,0.7142857142857143,0.8,0.9319603816492454,0.9429616166527135,0.9934189291611166
method,SHAP,PI,2021-2023,3,unweighted,,logistic_regression,diag,14,4,4,1.0,0.6666666666666666,0.875,1.0,1.0,0,,,0.8725274725274725,0.7142857142857144,0.8253388521367659,0,1.0,1.0,0.8571428571428571,0.8,0.8891574994866189,0.8473342388512934,0.8310255160963169
method,SHAP,PI,2021-2023,3,unweighted,,logistic_regression,lab,14,3,1,0.3333333333333333,0.125,0.5,1.0,0.3333333333333333,0,"BMI,Income",,0.47558491355512394,0.3297371188539394,0.5949679846824332,0,0.6,0.5,0.5714285714285714,0.7,0.8033893894726221,0.7668935721039111,0.8336104650557777
method,SHAP,PI,2021-2023,3,unweighted,,logistic_regression,total,14,4,3,0.75,0.16666666666666666,0.5555555555555556,1.0,0.75,0,GenHlth,,0.9340659340659341,0.8021978021978022,0.8767897307137902,0,1.0,0.8333333333333334,0.8571428571428571,0.9,0.9219286772726265,0.8902763565747531,0.8706290901481332
label,diag,lab,2021-2023,3,weighted,SHAP,xgboost,,14,4,3,0.4,0.2222222222222222,0.42857142857142855,0.6666666666666666,0.75,1,"GenHlth,HighChol",Income,0.5604395604395604,0.4725274725274726,0.659576948778499,0,0.4,0.6666666666666666,0.7142857142857143,0.8,0.8219179699499954,0.7904519390847135,0.8991684408798665
label,diag,total,2021-2023,3,weighted,SHAP,xgboost,,14,4,4,1.0,0.6666666666666666,0.6666666666666666,1.0,1.0,0,,,0.9648351648351648,0.8681318681318682,0.9289559862318333,0,0.8,0.8333333333333334,1.0,1.0,0.9641022848539922,0.9626649603920958,0.9904311481704061
label,lab,total,2021-2023,3,weighted,SHAP,xgboost,,14,3,4,0.4,0.375,0.6666666666666666,0.6666666666666666,0.75,1,Income,"GenHlth,HighChol",0.7010989010989012,0.5604395604395604,0.7240811424025517,0,0.6,0.6666666666666666,0.7142857142857143,0.8,0.8458016501999954,0.8158070893069354,0.9061237360187555
label,diag,lab,2021-2023,3,weighted,SHAP,random_forest,,14,5,3,0.3333333333333333,0.1111111111111111,0.25,0.6666666666666666,0.6,1,"Diabetes_self,GenHlth,HighChol",Income,0.6615384615384616,0.4945054945054945,0.6645428346140028,0,0.8,0.8333333333333334,0.7142857142857143,0.8,0.8296153049509047,0.7779665933909762,0.80472498286219
label,diag,total,2021-2023,3,weighted,SHAP,random_forest,,14,5,4,0.8,0.6,0.8333333333333334,1.0,0.8,0,Diabetes_self,,0.9692307692307693,0.8901098901098902,0.9529580413075202,1,1.0,1.0,0.8571428571428571,0.9,0.9784084729273688,0.9830880660655157,0.9985154792039559
label,lab,total,2021-2023,3,weighted,SHAP,random_forest,,14,3,4,0.4,0.1111111111111111,0.375,0.6666666666666666,0.75,1,Income,"GenHlth,HighChol",0.7054945054945055,0.5164835164835165,0.6773909965968226,0,0.8,0.8333333333333334,0.8571428571428571,0.8,0.8419902882366188,0.789184692184627,0.8060580681796503
label,diag,lab,2021-2023,3,weighted,SHAP,logistic_regression,,14,4,3,0.4,0.0,0.2,0.6666666666666666,0.75,1,"GenHlth,HighChol",Income,0.2,0.09890109890109891,0.3550745906999422,0,0.4,0.3333333333333333,0.42857142857142855,0.8,0.7226954615778169,0.6579812626209675,0.7655140432484183
label,diag,total,2021-2023,3,weighted,SHAP,logistic_regression,,14,4,4,1.0,0.3333333333333333,0.5,1.0,1.0,0,,,0.8681318681318682,0.7362637362637363,0.8738481968424284,1,1.0,0.8333333333333334,0.7142857142857143,0.9,0.9464024478409043,0.9527581550620872,0.9937983335566344
label,lab,total,2021-2023,3,weighted,SHAP,logistic_regression,,14,3,4,0.4,0.2857142857142857,0.5,0.6666666666666666,0.75,1,Income,"GenHlth,HighChol",0.26153846153846155,0.14285714285714285,0.38055079363380817,0,0.4,0.3333333333333333,0.5714285714285714,0.8,0.7422448983635312,0.675956851192396,0.7676066771769897
model,xgboost,random_forest,2021-2023,3,weighted,SHAP,,diag,14,4,5,0.8,0.5,0.6666666666666666,1.0,0.8,0,,Diabetes_self,0.956043956043956,0.8681318681318682,0.9056790241462858,0,1.0,0.8333333333333334,0.8571428571428571,0.9,0.9257395078233766,0.8932226221178643,0.8709207025613277
model,xgboost,logistic_regression,2021-2023,3,weighted,SHAP,,diag,14,4,4,1.0,0.5,0.5714285714285714,1.0,1.0,0,,,0.8593406593406594,0.7142857142857144,0.8441443308593077,0,1.0,0.8333333333333334,0.8571428571428571,0.8,0.9079291644857097,0.8808542512116975,0.8702606407806603
model,random_forest,logistic_regression,2021-2023,3,weighted,SHAP,,diag,14,5,4,0.8,0.6,0.8333333333333334,1.0,0.8,0,Diabetes_self,,0.9164835164835166,0.8021978021978022,0.9122639451400355,1,1.0,0.8333333333333334,0.8571428571428571,0.9,0.9647561423766189,0.9692191338557379,0.9956197001240947
model,xgboost,random_forest,2021-2023,3,weighted,SHAP,,lab,14,3,3,1.0,1.0,1.0,1.0,1.0,0,,,0.8637362637362638,0.7142857142857144,0.8074954592241381,0,0.6,0.6666666666666666,0.7142857142857143,1.0,0.9089003678769121,0.8961802158966579,0.963881508302895
model,xgboost,logistic_regression,2021-2023,3,weighted,SHAP,,lab,14,3,3,1.0,0.5714285714285714,0.5714285714285714,1.0,1.0,0,,,0.8065934065934066,0.6483516483516484,0.7955038194905126,0,1.0,0.8333333333333334,0.8571428571428571,0.8,0.8849211954857097,0.8515259809894751,0.8544186268917714
model,random_forest,logistic_regression,2021-2023,3,weighted,SHAP,,lab,14,3,3,1.0,0.5714285714285714,0.5714285714285714,1.0,1.0,0,,,0.5120879120879122,0.4065934065934066,0.622344457706268,0,0.6,0.5,0.5714285714285714,0.8,0.8178314556642812,0.7766901105132847,0.8339898694512952
model,xgboost,random_forest,2021-2023,3,weighted,SHAP,,total,14,4,4,1.0,0.5,0.5714285714285714,1.0,1.0,0,,,0.9384615384615385,0.8021978021978022,0.8650469006164374,0,0.8,0.8333333333333334,1.0,0.9,0.9142308108590909,0.879085570689293,0.8652984927398991
model,xgboost,logistic_regression,2021-2023,3,weighted,SHAP,,total,14,4,4,1.0,0.8,0.8333333333333334,1.0,1.0,0,,,0.9340659340659341,0.8021978021978022,0.8631036251432705,0,0.8,0.8333333333333334,0.8571428571428571,0.9,0.9126175078233767,0.8768386221178643,0.8646707025613277
model,random_forest,logistic_regression,2021-2023,3,weighted,SHAP,,total,14,4,4,1.0,0.6,0.7142857142857143,1.0,1.0,0,,,0.9868131868131869,0.9560439560439562,0.9760610992435992,1,1.0,1.0,0.8571428571428571,1.0,0.9864292744642857,0.9872672914285714,0.9983956473214286
label,diag,lab,2021-2023,3,weighted,PI,xgboost,,14,3,2,0.6666666666666666,0.25,0.3,1.0,0.6666666666666666,0,GenHlth,,0.21652271186985148,0.1849989160251521,0.43301942565683027,0,0.6,0.5,0.42857142857142855,0.7,0.7370017876878168,0.6788753045054118,0.7740535397761962
label,diag,total,2021-2023,3,weighted,PI,xgboost,,14,3,2,0.6666666666666666,0.6,0.875,1.0,0.6666666666666666,0,GenHlth,,0.9018059339734021,0.7746829608553244,0.8406571115571206,0,1.0,1.0,0.8571428571428571,0.9,0.8738047810749598,0.824762950006364,0.8156504519785771
label,lab,total,2021-2023,3,weighted,PI,xgboost,,14,2,2,1.0,0.25,0.4,1.0,1.0,0,,,0.3089887640449438,0.2,0.5460077877062861,0,0.6,0.5,0.42857142857142855,0.7,0.8288399526869077,0.8289179835324825,0.9565178311272063
label,diag,lab,2021-2023,3,weighted,PI,random_forest,,14,4,3,0.75,0.4,0.5555555555555556,1.0,0.75,0,GenHlth,,0.49336378882821263,0.37521810076482764,0.6278686305411781,0,0.6,0.6666666666666666,0.7142857142857143,0.7,0.8148441925083363,0.7800631873420062,0.8368424219010158
label,diag,total,2021-2023,3,weighted,PI,random_forest,,14,4,3,0.75,0.2857142857142857,0.5,1.0,0.75,0,GenHlth,,0.774841988857845,0.6481357265881276,0.8292115169287197,1,1.0,0.8333333333333334,0.7142857142857143,0.9,0.9406222097360031,0.9481348496970621,0.9935463204872383
label,lab,total,2021-2023,3,weighted,PI,random_forest,,14,3,3,1.0,0.25,0.3333333333333333,1.0,1.0,0,,,0.6116208562096835,0.49718458681759625,0.6776404220359432,0,0.6,0.5,0.7142857142857143,0.8,0.8211952166501546,0.780972270958976,0.83491297114344
label,diag,lab,2021-2023,3,weighted,PI,logistic_regression,,14,4,2,0.5,0.16666666666666666,0.36363636363636365,1.0,0.5,0,"GenHlth,HighChol",,0.38840156562220784,0.2774983740377282,0.5237272890881266,0,0.4,0.5,0.5714285714285714,0.8,0.806656990560289,0.7730966665656337,0.8954575928086669
label,diag,total,2021-2023,3,weighted,PI,logistic_regression,,14,4,3,0.75,0.25,0.7777777777777778,1.0,0.75,0,HighChol,,0.8707230161037046,0.7528565130839536,0.89773175715708,1,1.0,1.0,0.8571428571428571,0.9,0.9640297810749598,0.9730296166730308,0.9979421186452437
label,lab,total,2021-2023,3,weighted,PI,logistic_regression,,14,2,3,0.6666666666666666,0.0,0.4166666666666667,1.0,0.6666666666666666,0,,GenHlth,0.5239417176807064,0.4115966043420212,0.5998584480177003,0,0.4,0.5,0.7142857142857143,0.8,0.8260079542009047,0.7904526805020872,0.8973139585566343
model,xgboost,random_forest,2021-2023,3,weighted,PI,,diag,14,3,4,0.75,0.4,0.75,1.0,0.75,0,,HighChol,0.7836720969929772,0.6034367109613602,0.7270229547227921,0,1.0,0.8333333333333334,0.8571428571428571,0.8,0.8627041644857096,0.8125875845450308,0.8129689741139937
model,xgboost,logistic_regression,2021-2023,3,weighted,PI,,diag,14,3,4,0.75,0.4,0.75,1.0,0.75,0,,HighChol,0.8758314855875833,0.75,0.8442168849751164,0,1.0,0.8333333333333334,0.8571428571428571,0.9,0.8967481733766187,0.8598908636335154,0.8547776862352059
model,random_forest,logistic_regression,2021-2023,3,weighted,PI,,diag,14,4,4,1.0,0.5,0.75,1.0,1.0,0,,,0.774841988857845,0.6481357265881276,0.7930323570670659,0,1.0,0.8333333333333334,0.8571428571428571,0.8,0.8809291644857096,0.8381875845450308,0.8285939741139937
model,xgboost,random_forest,2021-2023,3,weighted,PI,,lab,14,2,3,0.6666666666666666,0.42857142857142855,0.625,1.0,0.6666666666666666,0,,HighChol,0.7022471910112359,0.5882352941176471,0.7408871045291564,0,0.6,0.6666666666666666,0.7142857142857143,0.9,0.8920919478409044,0.8834674883954203,0.9630691668899677
model,xgboost,logistic_regression,2021-2023,3,weighted,PI,,lab,14,2,2,1.0,0.42857142857142855,0.5555555555555556,1.0,1.0,0,,,0.496629213483146,0.44705882352941184,0.6371219443692653,0,0.6,0.6666666666666666,0.7142857142857143,0.8,0.8312337935960032,0.8026502818037287,0.904939549653905
model,random_forest,logistic_regression,2021-2023,3,weighted,PI,,lab,14,3,2,0.6666666666666666,0.3333333333333333,0.5,1.0,0.6666666666666666,0,HighChol,,0.5146067415730337,0.42352941176470593,0.6060733373797599,0,0.6,0.6666666666666666,0.7142857142857143,0.8,0.8290612586999955,0.8015930590847131,0.9049301596298666
model,xgboost,random_forest,2021-2023,3,weighted,PI,,total,14,2,3,0.6666666666666666,0.42857142857142855,0.625,1.0,0.6666666666666666,0,,HighChol,0.9352888275615235,0.8440575543647565,0.9027731468119867,0,1.0,0.8333333333333334,1.0,0.9,0.9227590066106741,0.8948396585777927,0.8719423046571485
model,xgboost,logistic_regression,2021-2023,3,weighted,PI,,total,14,2,3,0.6666666666666666,0.5,0.8888888888888888,1.0,0.6666666666666666,0,,GenHlth,0.832077292622438,0.7202940575985372,0.8467853412439393,0,1.0,0.8333333333333334,0.7142857142857143,0.9,0.924190071037662,0.9125803668797692,0.9521614019660896
model,random_forest,logistic_regression,2021-2023,3,weighted,PI,,total,14,3,3,0.5,0.14285714285714285,0.5555555555555556,0.6666666666666666,1.0,1,HighChol,GenHlth,0.7138160766535446,0.550596554344981,0.7452667013802436,0,1.0,0.8333333333333334,0.7142857142857143,0.8,0.8567905776483364,0.8183426921242285,0.8267078732899046
method,SHAP,PI,2021-2023,3,weighted,,xgboost,diag,14,4,3,0.75,0.5,0.7142857142857143,1.0,0.75,0,HighChol,,0.6468054208984291,0.4693396640810579,0.6965639912146803,0,1.0,0.8333333333333334,0.7142857142857143,0.7,0.8346913727583365,0.7900583375642286,0.8109852170399047
method,SHAP,PI,2021-2023,3,weighted,,xgboost,lab,14,3,2,0.6666666666666666,0.5,0.5714285714285714,1.0,0.6666666666666666,0,Income,,0.6644854633316918,0.48892055554204816,0.7195129469908903,0,0.8,0.8333333333333334,0.8571428571428571,0.7,0.8741613870440508,0.861164166135657,0.9308512884684762
method,SHAP,PI,2021-2023,3,weighted,,xgboost,total,14,4,2,0.5,0.2857142857142857,0.625,1.0,0.5,0,"GenHlth,HighChol",,0.597814681057609,0.5116610464974922,0.7568713679839411,0,0.8,0.6666666666666666,0.7142857142857143,0.7,0.8969760848099955,0.9054311009691578,0.9837821561576444
method,SHAP,PI,2021-2023,3,weighted,,random_forest,diag,14,5,4,0.8,0.16666666666666666,0.5,1.0,0.8,0,Diabetes_self,,0.6835164835164835,0.5384615384615384,0.7871952188635254,1,1.0,0.8333333333333334,0.8571428571428571,0.7,0.9308952220449598,0.9440388204419197,0.9942203304507994
method,SHAP,PI,2021-2023,3,weighted,,random_forest,lab,14,3,3,0.5,0.25,0.3333333333333333,0.6666666666666666,1.0,1,Income,HighChol,0.42891536596326596,0.35247760980938353,0.6076619411943133,0,0.6,0.5,0.5714285714285714,0.7,0.8029705705242813,0.7767679390643959,0.9008952513957398
method,SHAP,PI,2021-2023,3,weighted,,random_forest,total,14,4,3,0.75,0.25,0.375,1.0,0.75,0,GenHlth,,0.7086161778443542,0.6034367109613602,0.8065103759353133,1,1.0,0.8333333333333334,0.7142857142857143,0.8,0.9319603816492454,0.9429616166527135,0.9934189291611166
method,SHAP,PI,2021-2023,3,weighted,,logistic_regression,diag,14,4,4,1.0,0.4,0.625,1.0,1.0,0,,,0.7969172591956755,0.6257862187747439,0.7950286639849091,0,1.0,1.0,0.8571428571428571,0.8,0.8833726071849597,0.8439503252241418,0.8309607818396881
method,SHAP,PI,2021-2023,3,weighted,,logistic_regression,lab,14,3,2,0.6666666666666666,0.125,0.4,1.0,0.6666666666666666,0,Income,,0.3755787401439997,0.238775155032163,0.5931473335714353,0,0.8,0.6666666666666666,0.5714285714285714,0.6,0.8191803240826221,0.7991735837661333,0.8565813851946665
method,SHAP,PI,2021-2023,3,weighted,,logistic_regression,total,14,4,3,0.75,0.2,0.6666666666666666,1.0,0.75,0,HighChol,,0.7326737106831286,0.5966941897186163,0.7617067458348545,0,1.0,0.8333333333333334,0.7142857142857143,0.7,0.8587012650599954,0.81904225119138,0.8266749512965333
label,diag,lab,2021-2023,4,unweighted,SHAP,xgboost,,14,4,3,0.4,0.2,0.2857142857142857,0.6666666666666666,0.75,1,"GenHlth,HighChol",Income,0.5384615384615385,0.38461538461538464,0.6032336455752029,0,0.4,0.6666666666666666,0.7142857142857143,0.8,0.8171350009499954,0.7867236688624911,0.8989514269909776
label,diag,total,2021-2023,4,unweighted,SHAP,xgboost,,14,4,4,1.0,0.6666666666666666,0.6666666666666666,1.0,1.0,0,,,0.9208791208791209,0.8241758241758242,0.9214517169145058,1,1.0,1.0,0.8571428571428571,0.9,0.9724297616773689,0.9778451860655155,0.9980271979539559
label,lab,total,2021-2023,4,unweighted,SHAP,xgboost,,14,3,4,0.4,0.3333333333333333,0.5,0.6666666666666666,0.75,1,Income,"GenHlth,HighChol",0.7362637362637363,0.5604395604395604,0.6907103213130269,0,0.4,0.6666666666666666,0.8571428571428571,0.9,0.8425327043766186,0.80782126007796,0.9009148390129835
label,diag,lab,2021-2023,4,unweighted,SHAP,random_forest,,14,5,3,0.3333333333333333,0.125,0.375,0.6666666666666666,0.6,1,"Diabetes_self,GenHlth,HighChol",Income,0.6307692307692307,0.5164835164835165,0.6559162959742272,0,0.6,0.6666666666666666,0.7142857142857143,0.8,0.8114347739509047,0.7543881969465317,0.7960878300844121
label,diag,total,2021-2023,4,unweighted,SHAP,random_forest,,14,5,4,0.8,0.75,1.0,1.0,0.8,0,Diabetes_self,,0.9516483516483516,0.8461538461538461,0.9326701429552506,1,1.0,0.8333333333333334,1.0,0.9,0.9761589872130831,0.9796552279702777,0.9970273839658607
label,lab,total,2021-2023,4,unweighted,SHAP,random_forest,,14,3,4,0.4,0.1111111111111111,0.375,0.6666666666666666,0.75,1,Income,"GenHlth,HighChol",0.6483516483516484,0.4945054945054945,0.6466007056346323,0,0.6,0.8333333333333334,0.7142857142857143,0.8,0.8212762739509045,0.7653108636131983,0.7986919967510788
label,diag,lab,2021-2023,4,unweighted,SHAP,logistic_regression,,14,4,3,0.4,0.2857142857142857,0.3333333333333333,0.6666666666666666,0.75,1,"GenHlth,HighChol",Income,0.2,0.14285714285714285,0.36375890044259884,0,0.4,0.3333333333333333,0.5714285714285714,0.7,0.735007070524281,0.6694612723977292,0.7670410847290731
label,diag,total,2021-2023,4,unweighted,SHAP,logistic_regression,,14,4,4,1.0,0.4,0.625,1.0,1.0,0,,,0.9164835164835166,0.7802197802197802,0.8678667212778652,0,1.0,0.8333333333333334,0.7142857142857143,1.0,0.9112553639809047,0.880685389622087,0.8693842710566344
label,lab,total,2021-2023,4,unweighted,SHAP,logistic_regression,,14,3,4,0.4,0.25,0.2222222222222222,0.6666666666666666,0.75,1,Income,"GenHlth,HighChol",0.3098901098901099,0.18681318681318684,0.45020042305516045,0,0.4,0.3333333333333333,0.5714285714285714,0.7,0.782179605420289,0.7505184951167446,0.8920504747531115
model,xgboost,random_forest,2021-2023,4,unweighted,SHAP,,diag,14,4,5,0.8,0.6,0.8333333333333334,1.0,0.8,0,,Diabetes_self,0.9780219780219781,0.9120879120879122,0.9286134298513398,0,1.0,0.8333333333333334,1.0,0.9,0.9381144911090908,0.9044407209115153,0.8722537878787879
model,xgboost,logistic_regression,2021-2023,4,unweighted,SHAP,,diag,14,4,4,1.0,0.3333333333333333,0.5,1.0,1.0,0,,,0.8153846153846154,0.6703296703296704,0.8221840903765881,0,1.0,0.8333333333333334,0.8571428571428571,0.9,0.8984266008249597,0.8731357997841418,0.8696326568396882
model,random_forest,logistic_regression,2021-2023,4,unweighted,SHAP,,diag,14,5,4,0.8,0.2,0.625,1.0,0.8,0,Diabetes_self,,0.7846153846153847,0.6703296703296704,0.8591444664244525,1,1.0,1.0,0.8571428571428571,0.8,0.9462240919340505,0.9594218540289905,0.9970947780518093
model,xgboost,random_forest,2021-2023,4,unweighted,SHAP,,lab,14,3,3,1.0,0.8571428571428571,0.8,1.0,1.0,0,,,0.8989010989010989,0.7802197802197802,0.8584395933203213,0,0.8,0.8333333333333334,0.8571428571428571,1.0,0.9313092902133766,0.9234372166778644,0.9731667963113277
model,xgboost,logistic_regression,2021-2023,4,unweighted,SHAP,,lab,14,3,3,1.0,0.3,0.125,1.0,1.0,0,,,0.4461538461538462,0.3406593406593407,0.6406345919315171,0,0.6,0.6666666666666666,0.7142857142857143,0.7,0.8630139965092454,0.8620154452038242,0.9618868111055612
model,random_forest,logistic_regression,2021-2023,4,unweighted,SHAP,,lab,14,3,3,1.0,0.3333333333333333,0.25,1.0,1.0,0,,,0.5296703296703297,0.38461538461538464,0.6731024769426008,0,0.6,0.6666666666666666,0.7142857142857143,0.7,0.8658229037583363,0.8653060673420061,0.9623307031510158
model,xgboost,random_forest,2021-2023,4,unweighted,SHAP,,total,14,4,4,1.0,0.5,0.5714285714285714,1.0,1.0,0,,,0.9120879120879121,0.8021978021978022,0.8809950731096589,0,1.0,1.0,0.8571428571428571,0.8,0.9257280916833766,0.896218054224531,0.8729389317279943
model,xgboost,logistic_regression,2021-2023,4,unweighted,SHAP,,total,14,4,4,1.0,0.5,0.5714285714285714,1.0,1.0,0,,,0.8549450549450549,0.7142857142857144,0.8764178948879731,1,1.0,0.8333333333333334,0.8571428571428571,0.8,0.9529291644857096,0.9608542512116975,0.9952606407806603
model,random_forest,logistic_regression,2021-2023,4,unweighted,SHAP,,total,14,4,4,1.0,0.6,0.7142857142857143,1.0,1.0,0,,,0.9120879120879121,0.7802197802197802,0.8741870112310306,0,1.0,0.8333333333333334,0.8571428571428571,0.9,0.919756142376619,0.8892191338557378,0.8706197001240947
label,diag,lab,2021-2023,4,unweighted,PI,xgboost,,14,5,2,0.4,0.0,0.5,1.0,0.4,0,"Diabetes_self,GenHlth,HighChol",,0.3843667252272463,0.2445997952351143,0.4960436194920703,0,0.6,0.5,0.5714285714285714,0.7,0.7751936472226222,0.7227122956594666,0.791672531028
label,diag,total,2021-2023,4,unweighted,PI,xgboost,,14,5,4,0.8,0.3333333333333333,0.875,1.0,0.8,0,Diabetes_self,,0.7898317024424882,0.6441676715157809,0.7919119389960518,0,1.0,1.0,0.8571428571428571,0.8,0.8726109269349598,0.8349791750019198,0.8302554867007993
label,lab,total,2021-2023,4,unweighted,PI,xgboost,,14,2,4,0.5,0.14285714285714285,0.5555555555555556,1.0,0.5,0,,"GenHlth,HighChol",0.3454347524842379,0.22099784804393197,0.5488841532417137,0,0.6,0.5,0.7142857142857143,0.6,0.7963455186183364,0.7627278958931173,0.8339235850954602
label,diag,lab,2021-2023,4,unweighted,PI,random_forest,,14,4,4,0.6,0.0,0.2,0.75,1.0,1,GenHlth,Income,0.3465817443039364,0.2458445859472208,0.5473003229296012,0,0.6,0.5,0.42857142857142855,0.7,0.789624844988567,0.7523018971596339,0.831582565383835
label,diag,total,2021-2023,4,unweighted,PI,random_forest,,14,4,4,1.0,0.6,0.7142857142857143,1.0,1.0,0,,,0.9161237190199593,0.7822327734684298,0.88992871912566,1,1.0,0.8333333333333334,0.7142857142857143,1.0,0.9584278988769124,0.9617426123411026,0.9943936610806728
label,lab,total,2021-2023,4,unweighted,PI,random_forest,,14,4,4,0.6,0.25,0.25,0.75,1.0,1,Income,GenHlth,0.4323725055432373,0.30681818181818177,0.5849832124065601,0,0.6,0.5,0.7142857142857143,0.7,0.8050026925083364,0.7691405206753396,0.8342382552343491
label,diag,lab,2021-2023,4,unweighted,PI,logistic_regression,,14,4,1,0.25,0.0,0.3076923076923077,1.0,0.25,0,"BMI,GenHlth,HighChol",,-0.012236430773859384,-0.09146591207600471,0.13019651390344886,0,0.2,0.16666666666666666,0.42857142857142855,0.8,0.657122049878567,0.5638395850529675,0.6993885549671681
label,diag,total,2021-2023,4,unweighted,PI,logistic_regression,,14,4,3,0.75,0.5,0.875,1.0,0.75,0,GenHlth,,0.9259719384453103,0.8315131637046651,0.9074169608237497,0,1.0,1.0,0.8571428571428571,0.9,0.9476022965733766,0.9362357421178642,0.9563699213113277
label,lab,total,2021-2023,4,unweighted,PI,logistic_regression,,14,1,3,0.3333333333333333,0.14285714285714285,0.3333333333333333,1.0,0.3333333333333333,0,,"BMI,HighChol",-0.033482893588121364,-0.09249945801257604,0.13515334746467755,0,0.2,0.16666666666666666,0.42857142857142855,0.8,0.657122049878567,0.5638395850529675,0.6993885549671681
model,xgboost,random_forest,2021-2023,4,unweighted,PI,,diag,14,5,4,0.8,0.3333333333333333,0.875,1.0,0.8,0,Diabetes_self,,0.7529991400650731,0.5940280741424204,0.7730504326750809,0,1.0,1.0,0.8571428571428571,0.8,0.8831787882366189,0.8420913588512935,0.8305372348463169
model,xgboost,logistic_regression,2021-2023,4,unweighted,PI,,diag,14,5,4,0.8,0.5,1.0,1.0,0.8,0,Diabetes_self,,0.7740800730490484,0.6324555320336759,0.7910675619302557,0,1.0,1.0,0.8571428571428571,0.8,0.8742240919340505,0.8367551873623238,0.8304281113851427
model,random_forest,logistic_regression,2021-2023,4,unweighted,PI,,diag,14,4,4,1.0,0.6666666666666666,0.875,1.0,1.0,0,,,0.7590763669239621,0.6187939745230095,0.7826866861647319,0,1.0,1.0,0.8571428571428571,0.8,0.8726109269349598,0.8349791750019198,0.8302554867007993
model,xgboost,random_forest,2021-2023,4,unweighted,PI,,lab,14,2,4,0.5,0.42857142857142855,0.7142857142857143,1.0,0.5,0,,"HighChol,Income",0.770426934790279,0.6704852344015113,0.8262298059858764,0,0.8,0.6666666666666666,0.7142857142857143,0.9,0.9176540555392454,0.922067574768269,0.9848794326333389
model,xgboost,logistic_regression,2021-2023,4,unweighted,PI,,lab,14,2,1,0.5,0.125,0.3333333333333333,1.0,0.5,0,BMI,,0.15334279923039043,0.10233220929949845,0.3397756220047216,0,0.4,0.5,0.42857142857142855,0.7,0.704471663936908,0.6268435301991492,0.7267977790438729
model,random_forest,logistic_regression,2021-2023,4,unweighted,PI,,lab,14,4,1,0.25,0.2857142857142857,0.4,1.0,0.25,0,"BMI,HighChol,Income",,0.4151878804927049,0.35843539979873223,0.482481937325641,0,0.6,0.6666666666666666,0.7142857142857143,0.8,0.7662144281476624,0.6848821385419915,0.7386088846049783
model,xgboost,random_forest,2021-2023,4,unweighted,PI,,total,14,4,4,1.0,0.6,0.7142857142857143,1.0,1.0,0,,,0.8751429298910332,0.7753298418327284,0.8985913450961134,1,1.0,0.8333333333333334,0.8571428571428571,0.8,0.9560989684866186,0.9628065090735156,0.9953050299852059
model,xgboost,logistic_regression,2021-2023,4,unweighted,PI,,total,14,4,3,0.75,0.4,0.75,1.0,0.75,0,GenHlth,,0.8994524557213397,0.7753298418327284,0.8778354233696714,0,1.0,1.0,0.8571428571428571,0.8,0.9237493757357096,0.8970197978783641,0.873353088697327
model,random_forest,logistic_regression,2021-2023,4,unweighted,PI,,total,14,4,3,0.75,0.5,0.7142857142857143,1.0,0.75,0,GenHlth,,0.835920177383592,0.6704545454545454,0.8231969181827339,0,1.0,0.8333333333333334,0.8571428571428571,0.8,0.9053140761849598,0.8794225954463641,0.8702402957285771
method,SHAP,PI,2021-2023,4,unweighted,,xgboost,diag,14,4,5,0.8,0.2,0.625,1.0,0.8,0,,Diabetes_self,0.6585932777285565,0.45425676257949793,0.6872262855600658,0,1.0,0.8333333333333334,0.8571428571428571,0.7,0.8588952220449597,0.821372153775253,0.8275536637841328
method,SHAP,PI,2021-2023,4,unweighted,,xgboost,lab,14,3,2,0.6666666666666666,0.5,0.5714285714285714,1.0,0.6666666666666666,0,Income,,0.7142857142857143,0.5604395604395604,0.7410485153187629,0,0.8,0.6666666666666666,0.8571428571428571,0.8,0.8793213231326265,0.8593192482369754,0.928463291537022
method,SHAP,PI,2021-2023,4,unweighted,,xgboost,total,14,4,4,1.0,0.3333333333333333,0.5,1.0,1.0,0,,,0.7282732679763231,0.5745944049142231,0.776794534061058,0,1.0,0.8333333333333334,0.7142857142857143,0.8,0.8929390928992456,0.8682044966527134,0.8689072104111166
method,SHAP,PI,2021-2023,4,unweighted,,random_forest,diag,14,5,4,0.8,0.2,0.625,1.0,0.8,0,Diabetes_self,,0.9252747252747253,0.8461538461538461,0.9323820095796306,1,1.0,1.0,0.8571428571428571,0.9,0.9688174042717175,0.9755184951573794,0.9979718537213654
method,SHAP,PI,2021-2023,4,unweighted,,random_forest,lab,14,3,4,0.75,0.5714285714285714,0.6666666666666666,1.0,0.75,0,,HighChol,0.7130312319119202,0.536388187521209,0.7286291419241975,0,0.8,0.8333333333333334,0.7142857142857143,0.8,0.8783963506492456,0.862039220208269,0.930094276383339
method,SHAP,PI,2021-2023,4,unweighted,,random_forest,total,14,4,4,1.0,0.5,0.5714285714285714,1.0,1.0,0,,,0.8763882324118647,0.7822327734684298,0.8968793604636454,1,1.0,0.8333333333333334,0.8571428571428571,0.9,0.9539944621266185,0.9602479836335156,0.9949144049852059
method,SHAP,PI,2021-2023,4,unweighted,,logistic_regression,diag,14,4,4,1.0,0.6666666666666666,0.875,1.0,1.0,0,,,0.9482954033166019,0.8397918225669414,0.8791439976193394,0,1.0,1.0,0.8571428571428571,1.0,0.9038614131626266,0.857488440912531,0.8314472325092443
method,SHAP,PI,2021-2023,4,unweighted,,logistic_regression,lab,14,3,1,0.3333333333333333,0.42857142857142855,0.5555555555555556,1.0,0.3333333333333333,0,"BMI,Income",,0.4489166006454908,0.37521810076482764,0.5220552709905945,0,0.6,0.6666666666666666,0.5714285714285714,0.7,0.7807462856702889,0.7177189786723003,0.7792141032253337
method,SHAP,PI,2021-2023,4,unweighted,,logistic_regression,total,14,4,3,0.75,0.6,0.8571428571428571,1.0,0.75,0,GenHlth,,0.9117086649523932,0.7822327734684298,0.9043254066323763,1,1.0,0.8333333333333334,0.8571428571428571,0.9,0.9649499613249597,0.9710781002285864,0.996043247117466
label,diag,lab,2021-2023,4,weighted,SHAP,xgboost,,14,4,3,0.4,0.2,0.2857142857142857,0.6666666666666666,0.75,1,"GenHlth,HighChol",Income,0.5780219780219781,0.45054945054945056,0.6562763149835461,0,0.6,0.6666666666666666,0.7142857142857143,0.8,0.8324248816492454,0.80540428331938,0.9053980958277833
label,diag,total,2021-2023,4,weighted,SHAP,xgboost,,14,4,4,1.0,0.6666666666666666,0.6666666666666666,1.0,1.0,0,,,0.9428571428571428,0.8461538461538461,0.922415772193836,0,0.8,1.0,0.8571428571428571,0.9,0.9614802965733766,0.9625184087845311,0.9917865879779943
label,lab,total,2021-2023,4,weighted,SHAP,xgboost,,14,3,4,0.4,0.3333333333333333,0.5,0.6666666666666666,0.75,1,Income,"GenHlth,HighChol",0.7230769230769231,0.5604395604395604,0.706003776523255,0,0.6,0.6666666666666666,0.7142857142857143,0.9,0.8502305707901545,0.8190120459634203,0.9062454364212178
label,diag,lab,2021-2023,4,weighted,SHAP,random_forest,,14,5,2,0.4,0.42857142857142855,0.5714285714285714,1.0,0.4,0,"Diabetes_self,GenHlth,HighChol",,0.6175824175824175,0.4725274725274726,0.6361541146581766,0,0.6,0.6666666666666666,0.7142857142857143,0.8,0.8114347739509047,0.7543881969465317,0.7960878300844121
label,diag,total,2021-2023,4,weighted,SHAP,random_forest,,14,5,4,0.8,0.6,0.8333333333333334,1.0,0.8,0,Diabetes_self,,0.9736263736263736,0.8901098901098902,0.9497559466323683,1,1.0,0.8333333333333334,1.0,0.9,0.9793287912139921,0.9816074858320958,0.9970717731704061
label,lab,total,2021-2023,4,weighted,SHAP,random_forest,,14,2,4,0.5,0.25,0.5,1.0,0.5,0,,"GenHlth,HighChol",0.6439560439560439,0.4945054945054945,0.6474353667733047,0,0.6,0.8333333333333334,0.7142857142857143,0.8,0.8212762739509045,0.7653108636131983,0.7986919967510788
label,diag,lab,2021-2023,4,weighted,SHAP,logistic_regression,,14,4,3,0.4,0.16666666666666666,0.4,0.6666666666666666,0.75,1,"GenHlth,HighChol",Income,0.26593406593406593,0.18681318681318684,0.40807787071995727,0,0.4,0.5,0.5714285714285714,0.7,0.7448485705242811,0.6803839390643959,0.7696452513957397
label,diag,total,2021-2023,4,weighted,SHAP,logistic_regression,,14,4,4,1.0,0.4,0.625,1.0,1.0,0,,,0.9120879120879121,0.7802197802197802,0.8650404013673634,0,1.0,0.8333333333333334,0.7142857142857143,1.0,0.9112553639809047,0.880685389622087,0.8693842710566344
label,lab,total,2021-2023,4,weighted,SHAP,logistic_regression,,14,3,4,0.4,0.14285714285714285,0.3,0.6666666666666666,0.75,1,Income,"GenHlth,HighChol",0.3274725274725274,0.23076923076923078,0.4831055302766861,0,0.4,0.5,0.5714285714285714,0.7,0.792021105420289,0.7614411617834113,0.8946546414197781
model,xgboost,random_forest,2021-2023,4,weighted,SHAP,,diag,14,4,5,0.8,0.8,1.0,1.0,0.8,0,,Diabetes_self,0.956043956043956,0.8681318681318682,0.9042990169262111,0,1.0,0.8333333333333334,0.8571428571428571,0.9,0.9245437655733766,0.8917080123400865,0.8706494352002165
model,xgboost,logistic_regression,2021-2023,4,weighted,SHAP,,diag,14,4,4,1.0,0.3333333333333333,0.5,1.0,1.0,0,,,0.7934065934065934,0.6263736263736264,0.793560675315307,0,1.0,0.8333333333333334,0.7142857142857143,0.9,0.8880256792901546,0.8623553490745315,0.8680726933656622
model,random_forest,logistic_regression,2021-2023,4,weighted,SHAP,,diag,14,5,4,0.8,0.16666666666666666,0.5,1.0,0.8,0,Diabetes_self,,0.832967032967033,0.7142857142857144,0.8725112553535923,1,1.0,1.0,0.8571428571428571,0.8,0.9525636999358689,0.9633263697526269,0.9971835564609003
model,xgboost,random_forest,2021-2023,4,weighted,SHAP,,lab,14,3,2,0.6666666666666666,0.625,0.6666666666666666,1.0,0.6666666666666666,0,Income,,0.8725274725274725,0.7582417582417583,0.8520499780436985,0,0.8,0.8333333333333334,0.7142857142857143,1.0,0.9211021876269123,0.9145157323411026,0.9720303798306729
model,xgboost,logistic_regression,2021-2023,4,weighted,SHAP,,lab,14,3,3,1.0,0.375,0.375,1.0,1.0,0,,,0.38461538461538464,0.27472527472527475,0.5943563278297385,0,0.6,0.6666666666666666,0.5714285714285714,0.7,0.8506390132235311,0.8507973464101735,0.9605537257881008
model,random_forest,logistic_regression,2021-2023,4,weighted,SHAP,,lab,14,2,3,0.6666666666666666,0.42857142857142855,0.625,1.0,0.6666666666666666,0,,Income,0.5120879120879122,0.38461538461538464,0.6709165628373331,0,0.6,0.6666666666666666,0.7142857142857143,0.7,0.8658229037583363,0.8653060673420061,0.9623307031510158
model,xgboost,random_forest,2021-2023,4,weighted,SHAP,,total,14,4,4,1.0,0.5,0.5714285714285714,1.0,1.0,0,,,0.9120879120879121,0.7802197802197802,0.8624596086441062,0,0.8,1.0,0.8571428571428571,0.9,0.9143077616773689,0.8814611860655155,0.8667771979539559
model,xgboost,logistic_regression,2021-2023,4,weighted,SHAP,,total,14,4,4,1.0,0.5,0.5714285714285714,1.0,1.0,0,,,0.8725274725274725,0.7362637362637363,0.879187297132341,0,0.8,0.8333333333333334,1.0,0.8,0.947399178771424,0.9519600797831262,0.9901267122092318
model,random_forest,logistic_regression,2021-2023,4,weighted,SHAP,,total,14,4,4,1.0,0.6,0.7142857142857143,1.0,1.0,0,,,0.8945054945054945,0.7362637362637363,0.857155827505728,0,1.0,0.8333333333333334,0.8571428571428571,0.9,0.9165863383757098,0.8872668759939195,0.8705753109195492
label,diag,lab,2021-2023,4,weighted,PI,xgboost,,14,4,4,0.3333333333333333,0.0,0.3,0.5,1.0,1,"GenHlth,HighChol","Income,Sex",0.2939242668573419,0.19102329436458523,0.4571863993707308,0,0.6,0.6666666666666666,0.5714285714285714,0.7,0.730244209222622,0.6579117552150221,0.736551003250222
label,diag,total,2021-2023,4,weighted,PI,xgboost,,14,4,4,1.0,0.4,0.625,1.0,1.0,0,,,0.8110541799747706,0.6629631980888546,0.7867972741416318,0,0.8,0.8333333333333334,0.8571428571428571,0.9,0.8642833120749598,0.8193280131174752,0.8222042714230215
label,lab,total,2021-2023,4,weighted,PI,xgboost,,14,4,4,0.3333333333333333,0.14285714285714285,0.5,0.5,1.0,1,"Income,Sex","GenHlth,HighChol",0.5286343612334802,0.4111111111111111,0.6300835843670323,0,0.8,0.8333333333333334,0.7142857142857143,0.8,0.8103883816492454,0.7527109499860468,0.78925226249445
label,diag,lab,2021-2023,4,weighted,PI,random_forest,,14,4,4,0.6,0.25,0.42857142857142855,0.75,1.0,1,GenHlth,Sex,0.46137315006065416,0.33524261720075565,0.5794063676229524,0,0.6,0.5,0.7142857142857143,0.7,0.7839814037583364,0.7317167340086729,0.7930598698176825
label,diag,total,2021-2023,4,weighted,PI,random_forest,,14,4,4,1.0,0.6666666666666666,0.6666666666666666,1.0,1.0,0,,,0.8888894267747266,0.7513926833493687,0.8534812311922959,0,0.8,0.6666666666666666,0.8571428571428571,1.0,0.9396927902133765,0.9381145500111978,0.986187629644661
label,lab,total,2021-2023,4,weighted,PI,random_forest,,14,4,4,0.6,0.14285714285714285,0.5,0.75,1.0,1,Sex,GenHlth,0.62762775780064,0.4382299106011073,0.6762816196276333,0,0.8,0.8333333333333334,0.8571428571428571,0.7,0.8243784180440508,0.777435895913435,0.8056342745795874
label,diag,lab,2021-2023,4,weighted,PI,logistic_regression,,14,4,2,0.5,0.0,0.4166666666666667,1.0,0.5,0,"GenHlth,HighChol",,0.25251543506055274,0.16006534613300824,0.4451278921119687,0,0.4,0.5,0.5714285714285714,0.7,0.7968040744202889,0.7651694320056336,0.894871655308667
label,diag,total,2021-2023,4,weighted,PI,logistic_regression,,14,4,3,0.75,0.5,0.875,1.0,0.75,0,GenHlth,,0.9480715073819524,0.8764598212022147,0.9465474445244618,1,1.0,1.0,0.8571428571428571,0.8,0.9740917146326264,0.9800292784591977,0.9984068679259109
label,lab,total,2021-2023,4,weighted,PI,logistic_regression,,14,2,3,0.6666666666666666,0.0,0.3333333333333333,1.0,0.6666666666666666,0,,HighChol,0.2901850777637185,0.1965613482767241,0.45549824716969295,0,0.4,0.5,0.42857142857142855,0.8,0.7988711573262337,0.7637478716213565,0.8939179743867244
model,xgboost,random_forest,2021-2023,4,weighted,PI,,diag,14,4,4,1.0,0.5,0.5714285714285714,1.0,1.0,0,,,0.7969172591956755,0.6257862187747438,0.7784888027353241,0,0.8,1.0,0.8571428571428571,0.8,0.8674416999358687,0.8242757030859602,0.8242668897942337
model,xgboost,logistic_regression,2021-2023,4,weighted,PI,,diag,14,4,4,1.0,0.6666666666666666,0.875,1.0,1.0,0,,,0.7911645679317926,0.6180165405913052,0.7565978892521049,0,1.0,1.0,0.8571428571428571,0.8,0.875780730935869,0.8369314328637378,0.8302998759053448
model,random_forest,logistic_regression,2021-2023,4,weighted,PI,,diag,14,4,4,1.0,0.3333333333333333,0.5,1.0,1.0,0,,,0.9482954033166019,0.8176920377625482,0.8876242130452014,0,0.8,1.0,0.8571428571428571,1.0,0.9215455895166189,0.8879567648601823,0.8673427904018726
model,xgboost,random_forest,2021-2023,4,weighted,PI,,lab,14,4,4,0.6,0.3333333333333333,0.7142857142857143,0.75,1.0,1,Income,HighChol,0.9127121970833248,0.8090398349558905,0.8947996179419936,0,1.0,0.8333333333333334,0.8571428571428571,0.9,0.9449179773775278,0.9418431214953338,0.9798220754397513
model,xgboost,logistic_regression,2021-2023,4,weighted,PI,,lab,14,4,2,0.5,0.0,0.36363636363636365,1.0,0.5,0,"Income,Sex",,0.408251826727854,0.3201306922660165,0.6085262963456652,0,0.6,0.5,0.5714285714285714,0.7,0.8104338902742811,0.7933967888421737,0.9158149562568508
model,random_forest,logistic_regression,2021-2023,4,weighted,PI,,lab,14,4,2,0.5,0.16666666666666666,0.36363636363636365,1.0,0.5,0,"HighChol,Sex",,0.41295568758683016,0.3468729675471602,0.6088677624590711,0,0.6,0.5,0.5714285714285714,0.7,0.8029705705242813,0.7767679390643959,0.9008952513957398
model,xgboost,random_forest,2021-2023,4,weighted,PI,,total,14,4,4,1.0,0.3333333333333333,0.5,1.0,1.0,0,,,0.8006607929515419,0.7,0.8622309212340812,1,1.0,0.8333333333333334,0.8571428571428571,0.7,0.9382932793457097,0.9491987464294753,0.9944576893917715
model,xgboost,logistic_regression,2021-2023,4,weighted,PI,,total,14,4,3,0.75,0.3333333333333333,0.625,1.0,0.75,0,GenHlth,,0.746965430058508,0.5955432118425305,0.7739137741832705,0,0.8,0.8333333333333334,0.8571428571428571,0.8,0.8798172309358689,0.8522914328637379,0.8631123759053448
model,random_forest,logistic_regression,2021-2023,4,weighted,PI,,total,14,4,3,0.75,0.3333333333333333,0.625,1.0,0.75,0,GenHlth,,0.7712749558888146,0.64048986934008,0.7861648292290586,0,0.8,0.6666666666666666,0.8571428571428571,0.8,0.8747586999358687,0.8450970364192933,0.8607252231275669
method,SHAP,PI,2021-2023,4,weighted,,xgboost,diag,14,4,4,1.0,0.6,0.7142857142857143,1.0,1.0,0,,,0.7395215563173165,0.5587376953345927,0.7184896908546118,0,1.0,0.8333333333333334,0.7142857142857143,0.8,0.8631301856501545,0.8222472078478649,0.8267966516989955
method,SHAP,PI,2021-2023,4,weighted,,xgboost,lab,14,3,4,0.75,0.5714285714285714,0.6666666666666666,1.0,0.75,0,,Sex,0.8734878773009072,0.7292928985449755,0.8579096300123629,0,0.8,1.0,0.8571428571428571,0.8,0.9210354994866188,0.9109502388512933,0.9497755160963169
method,SHAP,PI,2021-2023,4,weighted,,xgboost,total,14,4,4,1.0,0.2857142857142857,0.375,1.0,1.0,0,,,0.7084712757956979,0.5303948353054367,0.7407931499162782,0,0.8,0.8333333333333334,0.8571428571428571,0.7,0.8753883103457099,0.849086476207253,0.8629906755028827
method,SHAP,PI,2021-2023,4,weighted,,random_forest,diag,14,5,4,0.8,0.6666666666666666,0.8,1.0,0.8,0,Diabetes_self,,0.9824175824175824,0.9340659340659341,0.9653385199529244,0,0.8,1.0,1.0,0.9,0.9798339911090908,0.978979387578182,0.9936079545454546
method,SHAP,PI,2021-2023,4,weighted,,random_forest,lab,14,2,4,0.5,0.6666666666666666,0.7142857142857143,1.0,0.5,0,,"HighChol,Sex",0.7439366103848826,0.5587376953345927,0.7150005099160074,0,0.6,0.8333333333333334,0.8571428571428571,0.8,0.8654076993817175,0.8352768072640462,0.9098533641380322
method,SHAP,PI,2021-2023,4,weighted,,random_forest,total,14,4,4,1.0,0.3333333333333333,0.5,1.0,1.0,0,,,0.9152920830155601,0.8176920377625482,0.8941249984082882,0,0.8,0.8333333333333334,0.8571428571428571,0.9,0.9466573544282777,0.9472478972606673,0.9887291392418347
method,SHAP,PI,2021-2023,4,weighted,,logistic_regression,diag,14,4,4,1.0,0.6666666666666666,0.875,1.0,1.0,0,,,0.8756880986543099,0.795592252958155,0.8751122424719809,0,1.0,1.0,0.8571428571428571,0.9,0.9210084970226264,0.8922278730191977,0.872527961675911
method,SHAP,PI,2021-2023,4,weighted,,logistic_regression,lab,14,3,2,0.6666666666666666,0.16666666666666666,0.6,1.0,0.6666666666666666,0,Income,,0.6289277127855143,0.5116610464974922,0.7470705409209022,0,0.8,0.6666666666666666,0.5714285714285714,0.7,0.8975306624735311,0.9054807668546181,0.9833510348158786
method,SHAP,PI,2021-2023,4,weighted,,logistic_regression,total,14,4,3,0.75,0.6,0.8571428571428571,1.0,0.75,0,GenHlth,,0.832237691736204,0.7151842500282787,0.8719380406465984,1,1.0,0.8333333333333334,0.8571428571428571,0.8,0.9503140761849598,0.9594225954463642,0.9952402957285771
seed,0,1,2017-2020,-1,unweighted,PI,logistic_regression,diag,14,4,4,1.0,0.5,0.75,1.0,1.0,0,,,0.9657511625312664,0.8989331499509895,0.9546068739915357,1,1.0,1.0,0.8571428571428571,0.9,0.9745976423766189,0.9801418005224045,0.9982238667907614
seed,0,2,2017-2020,-1,unweighted,PI,logistic_regression,diag,14,4,4,1.0,0.6666666666666666,0.875,1.0,1.0,0,,,0.9790109038932517,0.9214064786997641,0.9601305775968095,1,1.0,1.0,0.8571428571428571,1.0,0.9816416512675279,0.9847784129442227,0.9983659122453068
seed,0,3,2017-2020,-1,unweighted,PI,logistic_regression,diag,14,4,4,1.0,0.5,0.8888888888888888,1.0,1.0,0,,,0.8080538319266622,0.6821835028427484,0.8468023755308605,1,1.0,0.8333333333333334,0.7142857142857143,0.8,0.9377452739509045,0.9463455302798649,0.9934836634177454
seed,0,4,2017-2020,-1,unweighted,PI,logistic_regression,diag,14,4,4,1.0,0.6666666666666666,0.875,1.0,1.0,0,,,0.9834308176805802,0.9438798074485388,0.9721400716014649,1,1.0,1.0,0.8571428571428571,1.0,0.9864292744642857,0.9872672914285714,0.9983956473214286
seed,1,2,2017-2020,-1,unweighted,PI,logistic_regression,diag,14,4,4,1.0,0.75,0.8571428571428571,1.0,1.0,0,,,0.9823788546255506,0.9333333333333333,0.9714153746847056,1,1.0,1.0,1.0,0.9,0.9869772798590908,0.9901205075781818,0.9993696732954546
seed,1,3,2017-2020,-1,unweighted,PI,logistic_regression,diag,14,4,4,1.0,0.25,0.6666666666666666,1.0,1.0,0,,,0.7875811807174949,0.6745611015605348,0.8418045358108968,1,1.0,0.8333333333333334,0.7142857142857143,0.8,0.9399178088469122,0.9474027529988804,0.9934930534417838
seed,1,4,2017-2020,-1,unweighted,PI,logistic_regression,diag,14,4,4,1.0,0.75,0.8571428571428571,1.0,1.0,0,,,0.9702643171806168,0.9222222222222222,0.9713429049842568,1,1.0,1.0,1.0,0.9,0.988168367912333,0.9928745090938331,0.9998282194693328
seed,2,3,2017-2020,-1,unweighted,PI,logistic_regression,diag,14,4,4,1.0,0.3333333333333333,0.7777777777777778,1.0,1.0,0,,,0.776457152741259,0.6516946235415336,0.8288129320914106,1,1.0,0.8333333333333334,0.7142857142857143,0.8,0.9339390975969122,0.9421598729988803,0.9930047721917838
seed,2,4,2017-2020,-1,unweighted,PI,logistic_regression,diag,14,4,4,1.0,1.0,1.0,1.0,1.0,0,,,0.98568281938326,0.9444444444444444,0.9775802552946995,1,1.0,1.0,1.0,1.0,0.9892336655532421,0.9922682415156514,0.9994819836738782
seed,3,4,2017-2020,-1,unweighted,PI,logistic_regression,diag,14,4,4,1.0,0.3333333333333333,0.7777777777777778,1.0,1.0,0,,,0.7797943611341298,0.640261384532033,0.8277949227035895,1,1.0,0.8333333333333334,0.7142857142857143,0.8,0.9377452739509045,0.9463455302798649,0.9934836634177454
seed,0,1,2017-2020,-1,unweighted,PI,logistic_regression,lab,14,1,1,1.0,0.6,0.8,1.0,1.0,0,,,0.7452380952380951,0.6710526315789472,0.8375034632655136,0,0.8,0.8333333333333334,0.7142857142857143,0.8,0.9220128398469123,0.9272904827766582,0.987026039552895
seed,0,2,2017-2020,-1,unweighted,PI,logistic_regression,lab,14,1,1,1.0,1.0,1.0,1.0,1.0,0,,,0.8315612512014569,0.6842998274659792,0.7600435770694409,0,1.0,1.0,0.8571428571428571,0.8,0.8381476071849598,0.7756836585574752,0.7736691151730214
seed,0,3,2017-2020,-1,unweighted,PI,logistic_regression,lab,14,1,1,1.0,0.8,0.8888888888888888,1.0,1.0,0,,,0.9264557470151471,0.8417256229267932,0.9274701165704593,1,1.0,0.8333333333333334,0.8571428571428571,0.9,0.9679259463775278,0.971171391717556,0.9956640893286401
seed,0,4,2017-2020,-1,unweighted,PI,logistic_regression,lab,14,1,1,1.0,1.0,1.0,1.0,1.0,0,,,0.9512341316095928,0.8804087784801331,0.9216592002602986,0,1.0,1.0,1.0,0.9,0.9403329338083406,0.9219367949239596,0.9423289289378157
seed,1,2,2017-2020,-1,unweighted,PI,logistic_regression,lab,14,1,1,1.0,0.6,0.8,1.0,1.0,0,,,0.5458927824298854,0.4603471566589315,0.6061355231873424,0,0.8,0.8333333333333334,0.7142857142857143,0.7,0.7869774965092458,0.7239887785371578,0.7624076444388945
seed,1,3,2017-2020,-1,unweighted,PI,logistic_regression,lab,14,1,1,1.0,0.75,0.9,1.0,1.0,0,,,0.6725382459813659,0.553133980780464,0.7721551283956727,0,0.8,0.6666666666666666,0.7142857142857143,0.8,0.9040200937009046,0.910067713390976,0.9839242016121899
seed,1,4,2017-2020,-1,unweighted,PI,logistic_regression,lab,14,1,1,1.0,0.6,0.8,1.0,1.0,0,,,0.6525374236162425,0.5869391856534221,0.7551183407379926,0,0.8,0.8333333333333334,0.7142857142857143,0.8,0.8815708088469123,0.8627520863322136,0.9299513867751172
seed,2,3,2017-2020,-1,unweighted,PI,logistic_regression,lab,14,1,1,1.0,0.8,0.8888888888888888,1.0,1.0,0,,,0.786715230834177,0.5571420284083805,0.7057183773273357,0,1.0,0.8333333333333334,1.0,0.7,0.8368115397774318,0.772055344386586,0.772113098761048
seed,2,4,2017-2020,-1,unweighted,PI,logistic_regression,lab,14,1,1,1.0,1.0,1.0,1.0,1.0,0,,,0.8415367255147835,0.7053083673458924,0.8081627836661909,0,1.0,1.0,0.8571428571428571,0.9,0.8716369003757096,0.822466335549475,0.8154537831417714
seed,3,4,2017-2020,-1,unweighted,PI,logistic_regression,lab,14,1,1,1.0,0.8,0.8888888888888888,1.0,1.0,0,,,0.9072936108848272,0.7822327734684298,0.8685399603563038,0,1.0,0.8333333333333334,0.8571428571428571,0.8,0.9134890567873688,0.8959714981721822,0.9380337083706226
seed,0,1,2017-2020,-1,unweighted,PI,logistic_regression,total,14,2,2,1.0,1.0,1.0,1.0,1.0,0,,,0.9310811416109367,0.8460596867030435,0.9327952154471568,0,0.8,1.0,1.0,0.9,0.964478506610674,0.9693783252444594,0.9932964713238152
seed,0,2,2017-2020,-1,unweighted,PI,logistic_regression,total,14,2,3,0.6666666666666666,0.6,0.875,1.0,0.6666666666666666,0,,GenHlth,0.9311685924280231,0.8527684108291537,0.9333462981928359,0,0.8,1.0,1.0,0.8,0.966389194022333,0.9700778843116111,0.9932635493304439
seed,0,3,2017-2020,-1,unweighted,PI,logistic_regression,total,14,2,2,1.0,0.75,0.8888888888888888,1.0,1.0,0,,,0.9196634772204001,0.8440575543647565,0.9352273459101128,1,1.0,1.0,1.0,0.9,0.9774066876623331,0.9839033588716108,0.9991229243304439
seed,0,4,2017-2020,-1,unweighted,PI,logistic_regression,total,14,2,2,1.0,1.0,1.0,1.0,1.0,0,,,0.9433175723847962,0.8803594037315454,0.9522674886390999,1,1.0,1.0,1.0,0.9,0.9833853989123331,0.989146238871611,0.9996112055804439
seed,1,2,2017-2020,-1,unweighted,PI,logistic_regression,total,14,2,3,0.6666666666666666,0.6,0.875,1.0,0.6666666666666666,0,,GenHlth,0.9482954033166019,0.8839913921757279,0.9582993598981622,1,1.0,1.0,1.0,0.9,0.9855532796115831,0.9914428533284998,0.9998078744172495
seed,1,3,2017-2020,-1,unweighted,PI,logistic_regression,total,14,2,2,1.0,0.75,0.8888888888888888,1.0,1.0,0,,,0.9569113349566094,0.8652231568278272,0.9376273568183147,0,0.8,1.0,1.0,1.0,0.9681588925523332,0.970203713431611,0.992970580580444
seed,1,4,2017-2020,-1,unweighted,PI,logistic_regression,total,14,2,2,1.0,1.0,1.0,1.0,1.0,0,,,0.9273127753303966,0.8333333333333333,0.9304489736174417,0,0.8,1.0,1.0,0.9,0.9692614756106741,0.9731065954666818,0.993513485212704
seed,2,3,2017-2020,-1,unweighted,PI,logistic_regression,total,14,3,2,0.6666666666666666,0.4,0.7777777777777778,1.0,0.6666666666666666,0,GenHlth,,0.9691043678307522,0.8939803125353485,0.9465854421183137,0,0.8,1.0,1.0,0.9,0.9674544916632422,0.9694716167334292,0.9929173135349894
seed,2,4,2017-2020,-1,unweighted,PI,logistic_regression,total,14,3,2,0.6666666666666666,0.6,0.875,1.0,0.6666666666666666,0,GenHlth,,0.9812987236176437,0.9281909617845142,0.9635211958985979,0,0.8,1.0,1.0,0.9,0.9776614562130832,0.9779221648591665,0.9935985645214161
seed,3,4,2017-2020,-1,unweighted,PI,logistic_regression,total,14,2,2,1.0,0.75,0.8888888888888888,1.0,1.0,0,,,0.9480715073819524,0.8764598212022146,0.9483918557398299,1,1.0,1.0,1.0,0.9,0.9795792225583406,0.9849605815906264,0.9991323143544824
seed,0,1,2017-2020,-1,unweighted,PI,random_forest,diag,14,4,3,0.75,0.75,1.0,1.0,0.75,0,GenHlth,,0.919957113634701,0.8460596867030435,0.9409727971576044,1,1.0,1.0,1.0,0.8,0.9795111940223331,0.9864618843116111,0.9995135493304439
seed,0,2,2017-2020,-1,unweighted,PI,random_forest,diag,14,4,4,1.0,0.6,0.7142857142857143,1.0,1.0,0,,,0.8022717466981296,0.6481039922301568,0.812773837454173,0,0.8,1.0,0.8571428571428571,0.8,0.8960548649349598,0.8687183821130309,0.8661061811452437
seed,0,3,2017-2020,-1,unweighted,PI,random_forest,diag,14,4,4,1.0,0.5,0.75,1.0,1.0,0,,,0.8035894461149127,0.6821835028427484,0.8097235405959711,0,1.0,1.0,0.8571428571428571,0.8,0.8831787882366189,0.8420913588512935,0.8305372348463169
seed,0,4,2017-2020,-1,unweighted,PI,random_forest,diag,14,4,3,0.75,0.6,0.8571428571428571,1.0,0.75,0,GenHlth,,0.8333847784260349,0.7618064470073773,0.8808183653854454,0,0.8,0.8333333333333334,0.8571428571428571,0.8,0.9408090877873689,0.9441258946166269,0.9888583611484003
seed,1,2,2017-2020,-1,unweighted,PI,random_forest,diag,14,3,4,0.75,0.5,0.7142857142857143,1.0,0.75,0,,GenHlth,0.8382843356464625,0.6629935441317959,0.8110628733558638,0,0.8,1.0,0.8571428571428571,0.8,0.8970567882366189,0.8683740255179602,0.8659539015129836
seed,1,3,2017-2020,-1,unweighted,PI,random_forest,diag,14,3,4,0.75,0.4,0.75,1.0,0.75,0,,GenHlth,0.8817728005720258,0.7528565130839536,0.8398811373673412,0,1.0,1.0,0.8571428571428571,0.9,0.8892208738258689,0.8470723278681822,0.8308315599331226
seed,1,4,2017-2020,-1,unweighted,PI,random_forest,diag,14,3,3,1.0,0.8,0.8571428571428571,1.0,1.0,0,,,0.9350940751961851,0.8397918225669414,0.9128421939925226,0,0.8,0.8333333333333334,0.8571428571428571,1.0,0.9560677171635357,0.9548006987743494,0.9893041217137898
seed,2,3,2017-2020,-1,unweighted,PI,random_forest,diag,14,4,4,1.0,0.3333333333333333,0.5,1.0,1.0,0,,,0.8410677998713362,0.6704852344015113,0.8271885950146202,0,0.8,1.0,0.8571428571428571,0.9,0.9189309931266187,0.9083917134112933,0.949384891096317
seed,2,4,2017-2020,-1,unweighted,PI,random_forest,diag,14,4,3,0.75,0.42857142857142855,0.5714285714285714,1.0,0.75,0,GenHlth,,0.8109890109890111,0.6703296703296704,0.8177615811530705,0,1.0,0.8333333333333334,0.8571428571428571,0.8,0.8977221999358689,0.8724037030859602,0.8695793897942337
seed,3,4,2017-2020,-1,unweighted,PI,random_forest,diag,14,4,3,0.75,0.6,0.8571428571428571,1.0,0.75,0,GenHlth,,0.9426140434253557,0.8269317890951973,0.8638581652564327,0,0.8,0.8333333333333334,1.0,0.9,0.8872261566623332,0.8376582957604999,0.8238191048859995
seed,0,1,2017-2020,-1,unweighted,PI,random_forest,lab,14,1,2,0.5,0.2222222222222222,0.4,1.0,0.5,0,,BMI,0.5657489647780416,0.41575658185233255,0.59397291141114,0,0.6,0.5,0.5714285714285714,0.8,0.7631950833111978,0.6891233777607851,0.7502220340965458
seed,0,2,2017-2020,-1,unweighted,PI,random_forest,lab,14,1,1,1.0,0.5714285714285714,0.6666666666666666,1.0,1.0,0,,,0.7307116218018237,0.579545525280815,0.7034894521854693,0,0.6,0.6666666666666666,0.8571428571428571,1.0,0.8932985585166189,0.8651890350824043,0.9238098042907614
seed,0,3,2017-2020,-1,unweighted,PI,random_forest,lab,14,1,2,0.5,0.1,0.2727272727272727,1.0,0.5,0,,BMI,0.3689427312775331,0.2777777777777778,0.440151468220606,0,0.4,0.3333333333333333,0.42857142857142855,0.8,0.7122420341294762,0.6276696598036745,0.7246174059772692
seed,0,4,2017-2020,-1,unweighted,PI,random_forest,lab,14,1,1,1.0,0.4444444444444444,0.4444444444444444,1.0,1.0,0,,,0.647517369843618,0.5168865612218189,0.6045454342775003,0,0.8,0.6666666666666666,0.5714285714285714,0.9,0.8230114994511979,0.7670239456541185,0.8013288049298791
seed,1,2,2017-2020,-1,unweighted,PI,random_forest,lab,14,2,1,0.5,0.25,0.5,1.0,0.5,0,BMI,,0.5492640846460369,0.3822353935782191,0.6199109732087628,0,0.8,0.6666666666666666,0.5714285714285714,0.8,0.8260412444142813,0.7816872305132848,0.8163140882012951
seed,1,3,2017-2020,-1,unweighted,PI,random_forest,lab,14,2,2,1.0,0.25,0.4,1.0,1.0,0,,,0.7027662921852236,0.550596554344981,0.7375974126560623,0,0.8,0.6666666666666666,0.5714285714285714,0.8,0.8619647596651903,0.843282368375103,0.9262217586558407
seed,1,4,2017-2020,-1,unweighted,PI,random_forest,lab,14,2,1,0.5,0.7142857142857143,0.8571428571428571,1.0,0.5,0,BMI,,0.8004434589800444,0.6590909090909091,0.7409403326692381,0,0.6,0.6666666666666666,0.8571428571428571,0.9,0.8358352082726266,0.7745907530191977,0.798016242925911
seed,2,3,2017-2020,-1,unweighted,PI,random_forest,lab,14,1,2,0.5,0.25,0.5,1.0,0.5,0,,BMI,0.4534641254268552,0.35276684147527876,0.5224063388699239,0,0.6,0.5,0.5714285714285714,0.8,0.7552376561135312,0.6846822414146182,0.7501479098158785
seed,2,4,2017-2020,-1,unweighted,PI,random_forest,lab,14,1,1,1.0,0.3333333333333333,0.4,1.0,1.0,0,,,0.4408256816687077,0.3567530340063379,0.5559618482406155,0,0.6,0.5,0.5714285714285714,0.9,0.7978754645551902,0.7386600562684363,0.7924652482391741
seed,3,4,2017-2020,-1,unweighted,PI,random_forest,lab,14,2,1,0.5,0.2,0.3,1.0,0.5,0,BMI,,0.6033182319703334,0.43822991060110733,0.6029475989237393,0,0.6,0.6666666666666666,0.5714285714285714,0.9,0.7721231650044402,0.7002415205031031,0.7528941219370907
seed,0,1,2017-2020,-1,unweighted,PI,random_forest,total,14,2,2,1.0,0.8,0.875,1.0,1.0,0,,,0.9423503325942352,0.8409090909090908,0.8952444414737226,0,1.0,1.0,0.8571428571428571,0.9,0.9325471005742858,0.9125879999796824,0.9407893105158731
seed,0,2,2017-2020,-1,unweighted,PI,random_forest,total,14,2,2,1.0,0.8,0.875,1.0,1.0,0,,,0.855253317848055,0.7416198487095663,0.8816175895896727,1,1.0,1.0,0.8571428571428571,0.8,0.9573513231326265,0.9658152482369755,0.997213291537022
seed,0,3,2017-2020,-1,unweighted,PI,random_forest,total,14,2,2,1.0,0.75,0.8888888888888888,1.0,1.0,0,,,0.7516629711751663,0.6022727272727273,0.8059238784210474,0,1.0,1.0,0.8571428571428571,0.8,0.9223938959349598,0.9187074452241419,0.9554725005896881
seed,0,4,2017-2020,-1,unweighted,PI,random_forest,total,14,2,2,1.0,0.75,0.8888888888888888,1.0,1.0,0,,,0.8101624213983737,0.692834742214895,0.8468814253370842,0,1.0,1.0,0.8571428571428571,0.8,0.9271815191317174,0.9211963237084906,0.9555022356658098
seed,1,2,2017-2020,-1,unweighted,PI,random_forest,total,14,2,2,1.0,0.6666666666666666,0.75,1.0,1.0,0,,,0.8861927143593542,0.7640931774583409,0.8607425403231617,0,1.0,1.0,0.8571428571428571,0.9,0.9160005280226267,0.9002329361303087,0.9400192811203554
seed,1,3,2017-2020,-1,unweighted,PI,random_forest,total,14,2,2,1.0,0.6,0.7777777777777778,1.0,1.0,0,,,0.8137472283813748,0.6704545454545454,0.8423422315476241,0,1.0,1.0,0.8571428571428571,0.9,0.9350431008249598,0.9384584664508084,0.9816118235063548
seed,1,4,2017-2020,-1,unweighted,PI,random_forest,total,14,2,2,1.0,0.6,0.7777777777777778,1.0,1.0,0,,,0.8675581242767326,0.759883265655046,0.882755297315771,0,1.0,1.0,0.8571428571428571,0.9,0.9398307240217174,0.9409473449351573,0.9816415585824765
seed,2,3,2017-2020,-1,unweighted,PI,random_forest,total,14,2,2,1.0,0.6,0.7777777777777778,1.0,1.0,0,,,0.8773528867846974,0.7978031705815032,0.8937309987919172,0,1.0,1.0,0.8571428571428571,0.9,0.9401995850758689,0.9323152078681822,0.9563198411831226
seed,2,4,2017-2020,-1,unweighted,PI,random_forest,total,14,2,2,1.0,0.6,0.7777777777777778,1.0,1.0,0,,,0.9328938538427826,0.8397918225669414,0.9128719186573956,0,1.0,1.0,0.8571428571428571,0.9,0.9509659195226265,0.940046966352531,0.9568378575092443
seed,3,4,2017-2020,-1,unweighted,PI,random_forest,total,14,2,2,1.0,1.0,1.0,1.0,1.0,0,,,0.8454828539389022,0.759883265655046,0.8949467272382756,1,1.0,1.0,0.8571428571428571,0.9,0.9698146733766186,0.9764135303001822,0.9980068529018725
seed,0,1,2017-2020,-1,unweighted,PI,xgboost,diag,14,4,4,1.0,0.3333333333333333,0.5,1.0,1.0,0,,,0.8404845569998652,0.7071931137405822,0.8465087565093576,0,1.0,0.8333333333333334,0.8571428571428571,0.8,0.9231202572366188,0.914896962406849,0.9531500820685392
seed,0,2,2017-2020,-1,unweighted,PI,xgboost,diag,14,4,4,1.0,0.75,0.8571428571428571,1.0,1.0,0,,,0.943651593594624,0.8315131637046651,0.8986861097381313,0,0.8,0.8333333333333334,1.0,0.9,0.9355944338083406,0.9202301282572931,0.9490997622711491
seed,0,3,2017-2020,-1,unweighted,PI,xgboost,diag,14,4,4,1.0,1.0,1.0,1.0,1.0,0,,,0.8775907804916535,0.7730012058189372,0.8900987262065413,0,1.0,1.0,1.0,0.9,0.943008630361583,0.9360767662173886,0.9572188987228051
seed,0,4,2017-2020,-1,unweighted,PI,xgboost,diag,14,4,4,1.0,0.6,0.7142857142857143,1.0,1.0,0,,,0.932819383259912,0.7888888888888889,0.8752442021427065,0,0.8,0.8333333333333334,1.0,0.9,0.9322261566623331,0.9176582957604997,0.9488191048859995
seed,1,2,2017-2020,-1,unweighted,PI,xgboost,diag,14,4,4,1.0,0.5,0.5714285714285714,1.0,1.0,0,,,0.7836720969929772,0.6481357265881276,0.8396243001269902,0,0.8,1.0,0.8571428571428571,0.7,0.9350127793457097,0.943737413096142,0.9908118560584381
seed,1,3,2017-2020,-1,unweighted,PI,xgboost,diag,14,4,4,1.0,0.3333333333333333,0.5,1.0,1.0,0,,,0.8069453471145112,0.7105041671115224,0.8656715512072692,1,1.0,0.8333333333333334,0.8571428571428571,0.8,0.9453372882366187,0.9538353588512936,0.9945997348463169
seed,1,4,2017-2020,-1,unweighted,PI,xgboost,diag,14,4,4,1.0,0.6666666666666666,0.6666666666666666,1.0,1.0,0,,,0.9196925257223656,0.8397918225669414,0.9107125114820089,0,0.8,0.8333333333333334,0.8571428571428571,0.9,0.9548086005742855,0.9535479999796825,0.9892268105158731
seed,2,3,2017-2020,-1,unweighted,PI,xgboost,diag,14,4,4,1.0,0.75,0.8571428571428571,1.0,1.0,0,,,0.8782470544940512,0.7698914757285933,0.8926708175587242,0,0.8,0.8333333333333334,1.0,0.9,0.9438753263606741,0.9494845083555705,0.9899870095182596
seed,2,4,2017-2020,-1,unweighted,PI,xgboost,diag,14,4,4,1.0,0.8,0.8333333333333334,1.0,1.0,0,,,0.8906126281466826,0.7753298418327284,0.904147321514292,1,1.0,0.8333333333333334,1.0,0.8,0.9605211787714238,0.9683440797831262,0.9963767122092317
seed,3,4,2017-2020,-1,unweighted,PI,xgboost,diag,14,4,4,1.0,0.6,0.7142857142857143,1.0,1.0,0,,,0.8753405477211621,0.7378647873726218,0.8704641071256134,0,0.8,0.8333333333333334,1.0,0.9,0.9496602186623331,0.9528684219827221,0.9900517437748884
seed,0,1,2017-2020,-1,unweighted,PI,xgboost,lab,14,2,1,0.5,0.375,0.5555555555555556,1.0,0.5,0,BMI,,0.7066615117137224,0.5803797278569395,0.7571427186237898,0,0.8,0.6666666666666666,0.7142857142857143,0.8,0.8877817739509046,0.8763721969465315,0.9429628300844121
seed,0,2,2017-2020,-1,unweighted,PI,xgboost,lab,14,2,1,0.5,0.5,0.7777777777777778,1.0,0.5,0,BMI,,0.8727874261970303,0.7284332318490364,0.8283982780003016,0,0.8,1.0,0.8571428571428571,0.9,0.9066847043766189,0.8880345934112932,0.934248172346317
seed,0,3,2017-2020,-1,unweighted,PI,xgboost,lab,14,2,2,1.0,0.8333333333333334,0.8571428571428571,1.0,1.0,0,,,0.9423503325942352,0.8409090909090908,0.9073415955187941,0,0.8,0.8333333333333334,1.0,1.0,0.9400923925523332,0.9336810467649443,0.9747414139137773
seed,0,4,2017-2020,-1,unweighted,PI,xgboost,lab,14,2,2,1.0,0.42857142857142855,0.5555555555555556,1.0,1.0,0,,,0.7049762490788878,0.6180165405913052,0.8099161469196701,0,0.8,0.8333333333333334,0.7142857142857143,0.8,0.9214534699499954,0.9280092724180469,0.9871892742131999
seed,1,2,2017-2020,-1,unweighted,PI,xgboost,lab,14,1,1,1.0,0.42857142857142855,0.6,1.0,1.0,0,,,0.7795957916426268,0.6628430655570049,0.7602721548243409,0,0.6,0.6666666666666666,0.7142857142857143,0.9,0.8790280862885713,0.8504848380749204,0.9219649057539683
seed,1,3,2017-2020,-1,unweighted,PI,xgboost,lab,14,1,2,0.5,0.5,0.625,1.0,0.5,0,,BMI,0.620868740323558,0.5330017908890261,0.7220964037145464,0,0.8,0.6666666666666666,0.7142857142857143,0.8,0.8637718816492455,0.84738828331938,0.9272730958277833
seed,1,4,2017-2020,-1,unweighted,PI,xgboost,lab,14,1,2,0.5,0.375,0.5555555555555556,1.0,0.5,0,,BMI,0.7943321679834711,0.6910162294442014,0.823070401170501,0,0.8,0.6666666666666666,0.7142857142857143,0.9,0.8906540555392455,0.8794009081016021,0.9432127659666723
seed,2,3,2017-2020,-1,unweighted,PI,xgboost,lab,14,1,2,0.5,0.42857142857142855,0.6666666666666666,1.0,0.5,0,,BMI,0.7232305015034214,0.6128089093333163,0.7485807151446223,0,0.6,0.8333333333333334,0.8571428571428571,0.9,0.8767405698249597,0.8558294033396974,0.9250580040619105
seed,2,4,2017-2020,-1,unweighted,PI,xgboost,lab,14,1,2,0.5,0.2857142857142857,0.6,1.0,0.5,0,,BMI,0.6952517485147377,0.5716619504750294,0.7631438384602522,0,0.8,0.8333333333333334,0.8571428571428571,0.8,0.88120539593496,0.8658007785574753,0.9309933339230215
seed,3,4,2017-2020,-1,unweighted,PI,xgboost,lab,14,2,2,1.0,0.375,0.4444444444444444,1.0,1.0,0,,,0.6541472405246106,0.5730698830937557,0.7641102800599706,0,0.8,0.6666666666666666,0.7142857142857143,0.8,0.8905780627009046,0.8881959836131981,0.9685162155010787
seed,0,1,2017-2020,-1,unweighted,PI,xgboost,total,14,3,2,0.6666666666666666,0.6666666666666666,0.8571428571428571,1.0,0.6666666666666666,0,GenHlth,,0.7810785804579901,0.6629935441317959,0.8265943308727205,0,1.0,0.8333333333333334,0.8571428571428571,0.8,0.9233140761849599,0.9167559287796974,0.9535736290619105
seed,0,2,2017-2020,-1,unweighted,PI,xgboost,total,14,3,2,0.6666666666666666,0.5,0.75,1.0,0.6666666666666666,0,GenHlth,,0.7876792445181983,0.6850933289361891,0.8570734515070031,1,1.0,0.8333333333333334,0.8571428571428571,0.8,0.9421674842357095,0.9518831009894753,0.9945553456417714
seed,0,3,2017-2020,-1,unweighted,PI,xgboost,total,14,3,3,1.0,0.8,0.8571428571428571,1.0,1.0,0,,,0.8492854424134765,0.7292928985449755,0.8809827020531038,0,0.8,1.0,1.0,0.8,0.952457709771424,0.9591544762275706,0.9925138649870094
seed,0,4,2017-2020,-1,unweighted,PI,xgboost,total,14,3,3,1.0,0.8,0.8571428571428571,1.0,1.0,0,,,0.8631430702091665,0.7375337578416624,0.8746624153250723,0,0.8,0.8333333333333334,0.8571428571428571,0.8,0.9371920761849597,0.9430385954463643,0.9889902957285771
seed,1,2,2017-2020,-1,unweighted,PI,xgboost,total,14,2,2,1.0,0.8,0.875,1.0,1.0,0,,,0.8270925110132159,0.7222222222222222,0.8529390863987492,0,1.0,0.8333333333333334,0.8571428571428571,0.8,0.9233187303817176,0.9155165370418239,0.9533863502491432
seed,1,3,2017-2020,-1,unweighted,PI,xgboost,total,14,2,3,0.6666666666666666,0.5,0.75,1.0,0.6666666666666666,0,,GenHlth,0.7301762114537446,0.6333333333333333,0.7948414122191456,0,0.8,0.8333333333333334,0.8571428571428571,0.8,0.9042180191317175,0.893889657041824,0.9466480689991432
seed,1,4,2017-2020,-1,unweighted,PI,xgboost,total,14,2,3,0.6666666666666666,0.8,1.0,1.0,0.6666666666666666,0,,GenHlth,0.8994524557213397,0.7753298418327284,0.8779383279574793,0,0.8,0.8333333333333334,1.0,0.9,0.9334218989123328,0.9191729055382776,0.9490903722471107
seed,2,3,2017-2020,-1,unweighted,PI,xgboost,total,14,2,3,0.6666666666666666,0.6,0.875,1.0,0.6666666666666666,0,,GenHlth,0.9559471365638768,0.911111111111111,0.942438498698438,0,0.8,0.8333333333333334,0.8571428571428571,1.0,0.9634657744642856,0.9599606247619048,0.989541480654762
seed,2,4,2017-2020,-1,unweighted,PI,xgboost,total,14,2,3,0.6666666666666666,0.6,0.875,1.0,0.6666666666666666,0,,GenHlth,0.864093145422712,0.7528565130839536,0.8826179894501193,0,0.8,1.0,0.8571428571428571,0.9,0.9535228693757096,0.9580772724383642,0.991712463697327
seed,3,4,2017-2020,-1,unweighted,PI,xgboost,total,14,3,3,1.0,0.6,0.75,1.0,1.0,0,,,0.8464134902733982,0.7079098555864041,0.8511431685558268,0,0.8,0.8333333333333334,0.8571428571428571,0.9,0.9377026581257095,0.9419117257716976,0.9886200157806604
seed,0,1,2017-2020,-1,unweighted,SHAP,logistic_regression,diag,14,4,4,1.0,0.5,0.5714285714285714,1.0,1.0,0,,,0.8989010989010989,0.7802197802197802,0.8516818842097724,0,1.0,1.0,0.8571428571428571,0.8,0.8961130033826266,0.8521197317925311,0.8312519200092443
seed,0,2,2017-2020,-1,unweighted,SHAP,logistic_regression,diag,14,4,4,1.0,0.42857142857142855,0.42857142857142855,1.0,1.0,0,,,0.9164835164835166,0.8021978021978022,0.8969507295866628,0,1.0,1.0,1.0,0.8,0.9487050176683407,0.9396095603639596,0.9573679914378157
seed,0,3,2017-2020,-1,unweighted,SHAP,logistic_regression,diag,14,4,4,1.0,0.5,0.5714285714285714,1.0,1.0,0,,,0.8989010989010989,0.7802197802197802,0.8775182374509183,0,1.0,0.8333333333333334,0.8571428571428571,0.9,0.9303627392726266,0.9201531494636421,0.9535283957036887
seed,0,4,2017-2020,-1,unweighted,SHAP,logistic_regression,diag,14,4,4,1.0,0.75,0.8571428571428571,1.0,1.0,0,,,0.9472527472527472,0.8461538461538461,0.9353954947336716,1,1.0,1.0,0.8571428571428571,0.9,0.9745976423766189,0.9801418005224045,0.9982238667907614
seed,1,2,2017-2020,-1,unweighted,SHAP,logistic_regression,diag,14,4,4,1.0,0.8333333333333334,0.8,1.0,1.0,0,,,0.9868131868131869,0.9340659340659341,0.9396534876119389,0,1.0,1.0,0.8571428571428571,1.0,0.9442381817133767,0.9105579135667532,0.8738395393668832
seed,1,3,2017-2020,-1,unweighted,SHAP,logistic_regression,diag,14,4,4,1.0,0.6666666666666666,0.6666666666666666,1.0,1.0,0,,,0.8989010989010989,0.8241758241758242,0.8802850137360645,0,1.0,0.8333333333333334,0.8571428571428571,0.9,0.9197607965733765,0.8879797421178643,0.8704324213113277
seed,1,4,2017-2020,-1,unweighted,SHAP,logistic_regression,diag,14,4,4,1.0,0.3333333333333333,0.5,1.0,1.0,0,,,0.9076923076923077,0.7582417582417583,0.836760921315167,0,1.0,1.0,0.8571428571428571,0.9,0.897620854428278,0.8518878972606672,0.8309166392418347
seed,2,3,2017-2020,-1,unweighted,SHAP,logistic_regression,diag,14,4,4,1.0,0.5714285714285714,0.5,1.0,1.0,0,,,0.9340659340659341,0.8901098901098902,0.9407766103711341,1,1.0,0.8333333333333334,0.8571428571428571,0.9,0.9679306005742856,0.9699319999796825,0.9954768105158731
seed,2,4,2017-2020,-1,unweighted,SHAP,logistic_regression,diag,14,4,4,1.0,0.2857142857142857,0.375,1.0,1.0,0,,,0.9032967032967033,0.7802197802197802,0.8809433417129879,0,1.0,1.0,0.8571428571428571,0.9,0.9394510504273688,0.9299356393988489,0.9558722500372893
seed,3,4,2017-2020,-1,unweighted,SHAP,logistic_regression,diag,14,4,4,1.0,0.3333333333333333,0.5,1.0,1.0,0,,,0.832967032967033,0.6703296703296704,0.8251021219129142,0,1.0,0.8333333333333334,0.8571428571428571,0.8,0.9209523765373688,0.91260034794996,0.9529534132317337
seed,0,1,2017-2020,-1,unweighted,SHAP,logistic_regression,lab,14,4,4,1.0,0.6,0.7142857142857143,1.0,1.0,0,,,0.7538461538461538,0.6263736263736264,0.8040042464386576,0,1.0,0.8333333333333334,0.7142857142857143,0.8,0.9097480048460029,0.9027838284703955,0.9517819975705717
seed,0,2,2017-2020,-1,unweighted,SHAP,logistic_regression,lab,14,4,3,0.75,0.3333333333333333,0.625,1.0,0.75,0,Sex,,0.8241758241758241,0.6703296703296704,0.8395705663846103,0,0.8,0.8333333333333334,0.7142857142857143,0.9,0.9306653595401544,0.9349424992967539,0.9875279885045511
seed,0,3,2017-2020,-1,unweighted,SHAP,logistic_regression,lab,14,4,4,1.0,0.8333333333333334,0.8,1.0,1.0,0,,,0.8681318681318682,0.8241758241758242,0.915951448377351,1,1.0,0.8333333333333334,0.8571428571428571,0.9,0.9599731733766186,0.9654908636335156,0.9954026862352059
seed,0,4,2017-2020,-1,unweighted,SHAP,logistic_regression,lab,14,4,4,1.0,0.5,0.5714285714285714,1.0,1.0,0,,,0.8813186813186813,0.7582417582417583,0.8511516373938955,0,0.8,0.8333333333333334,0.8571428571428571,0.9,0.8970682043766187,0.8653785934112934,0.863935672346317
seed,1,2,2017-2020,-1,unweighted,SHAP,logistic_regression,lab,14,4,3,0.75,0.5,0.875,1.0,0.75,0,Sex,,0.8769230769230769,0.7362637362637363,0.8703491718282631,0,0.8,1.0,1.0,0.8,0.9336043017206741,0.9240273040177929,0.9515321484071485
seed,1,3,2017-2020,-1,unweighted,SHAP,logistic_regression,lab,14,4,4,1.0,0.5,0.5714285714285714,1.0,1.0,0,,,0.7934065934065934,0.6703296703296704,0.8276175939005268,0,1.0,0.8333333333333334,0.7142857142857143,0.8,0.9075754699499954,0.90172660575138,0.9517726075465333
seed,1,4,2017-2020,-1,unweighted,SHAP,logistic_regression,lab,14,4,4,1.0,0.4,0.625,1.0,1.0,0,,,0.7846153846153847,0.6483516483516484,0.7761851626870364,0,0.8,0.8333333333333334,0.8571428571428571,0.8,0.8618284532357097,0.8165607045450309,0.8218556928639937
seed,2,3,2017-2020,-1,unweighted,SHAP,logistic_regression,lab,14,3,4,0.75,0.2857142857142857,0.5,1.0,0.75,0,,Sex,0.8857142857142857,0.7582417582417583,0.8739118763535589,0,0.8,0.8333333333333334,0.7142857142857143,1.0,0.9371546527309045,0.9390585096220871,0.9876459898066344
seed,2,4,2017-2020,-1,unweighted,SHAP,logistic_regression,lab,14,3,4,0.75,0.4,0.75,1.0,0.75,0,,Sex,0.8285714285714285,0.6923076923076924,0.8114915126700235,0,0.8,0.8333333333333334,0.8571428571428571,0.9,0.8958724621266188,0.8638639836335156,0.8636644049852059
seed,3,4,2017-2020,-1,unweighted,SHAP,logistic_regression,lab,14,4,4,1.0,0.42857142857142855,0.42857142857142855,1.0,1.0,0,,,0.9032967032967033,0.8021978021978022,0.8600244253597022,0,0.8,0.8333333333333334,0.7142857142857143,0.9,0.8962378750385713,0.8608152914082541,0.8626224578373016
seed,0,1,2017-2020,-1,unweighted,SHAP,logistic_regression,total,14,4,4,1.0,0.8,0.8333333333333334,1.0,1.0,0,,,0.9252747252747253,0.8241758241758242,0.8980076125244862,0,1.0,1.0,0.8571428571428571,0.9,0.9281782963258687,0.900224754534849,0.8734747890997893
seed,0,2,2017-2020,-1,unweighted,SHAP,logistic_regression,total,14,4,4,1.0,0.8,0.8333333333333334,1.0,1.0,0,,,0.9428571428571428,0.8241758241758242,0.8941830342157892,0,1.0,1.0,0.8571428571428571,1.0,0.930856758965869,0.901394499317071,0.8733011779886781
seed,0,3,2017-2020,-1,unweighted,SHAP,logistic_regression,total,14,4,4,1.0,1.0,1.0,1.0,1.0,0,,,0.9428571428571428,0.8021978021978022,0.8874437724687738,0,0.8,1.0,1.0,1.0,0.926522515501583,0.8940149376662776,0.8684385167783607
seed,0,4,2017-2020,-1,unweighted,SHAP,logistic_regression,total,14,4,4,1.0,0.75,0.8571428571428571,1.0,1.0,0,,,0.9472527472527472,0.8241758241758242,0.8900336247513462,0,0.8,1.0,0.8571428571428571,1.0,0.9189305012158688,0.8865251090948489,0.8673224453497893
seed,1,2,2017-2020,-1,unweighted,SHAP,logistic_regression,total,14,4,4,1.0,0.6666666666666666,0.6666666666666666,1.0,1.0,0,,,0.9648351648351648,0.9120879120879122,0.956766601264964,1,1.0,1.0,0.8571428571428571,0.9,0.9777721005742857,0.9808546666463491,0.9980809771825397
seed,1,3,2017-2020,-1,unweighted,SHAP,logistic_regression,total,14,4,4,1.0,0.8,0.8333333333333334,1.0,1.0,0,,,0.956043956043956,0.8461538461538461,0.9260150432012964,0,0.8,1.0,0.8571428571428571,0.9,0.9652864729273689,0.9667040660655157,0.9922654792039559
seed,1,4,2017-2020,-1,unweighted,SHAP,logistic_regression,total,14,4,4,1.0,0.6,0.7142857142857143,1.0,1.0,0,,,0.9780219780219781,0.9120879120879122,0.9540714480175945,0,0.8,1.0,1.0,0.9,0.9782208261099998,0.977203375217778,0.9934353298611112
seed,2,3,2017-2020,-1,unweighted,SHAP,logistic_regression,total,14,4,4,1.0,0.8,0.8333333333333334,1.0,1.0,0,,,0.956043956043956,0.8461538461538461,0.9213126067247271,0,0.8,1.0,0.8571428571428571,1.0,0.9631819665673689,0.9641455406255157,0.9918748542039559
seed,2,4,2017-2020,-1,unweighted,SHAP,logistic_regression,total,14,4,4,1.0,0.6,0.7142857142857143,1.0,1.0,0,,,0.9692307692307693,0.9120879120879122,0.9484985060589741,0,0.8,1.0,0.8571428571428571,1.0,0.9685243054642856,0.9671550212063493,0.9919286334325398
seed,3,4,2017-2020,-1,unweighted,SHAP,logistic_regression,total,14,4,4,1.0,0.75,0.8571428571428571,1.0,1.0,0,,,0.9868131868131869,0.9340659340659341,0.9720630763282972,1,1.0,1.0,0.8571428571428571,1.0,0.9870656468173689,0.989500690847738,0.9988301493428448
seed,0,1,2017-2020,-1,unweighted,SHAP,random_forest,diag,14,5,5,1.0,0.6666666666666666,0.6,1.0,1.0,0,,,0.8681318681318682,0.7802197802197802,0.899470074864128,1,1.0,0.8333333333333334,0.8571428571428571,0.9,0.9599731733766186,0.9654908636335156,0.9954026862352059
seed,0,2,2017-2020,-1,unweighted,SHAP,random_forest,diag,14,5,5,1.0,1.0,1.0,1.0,1.0,0,,,0.9252747252747253,0.8241758241758242,0.9196686249538735,1,1.0,0.8333333333333334,0.8571428571428571,1.0,0.9638473782666188,0.9681752181935157,0.9955003424852059
seed,0,3,2017-2020,-1,unweighted,SHAP,random_forest,diag,14,5,5,1.0,0.8,0.8,1.0,1.0,0,,,0.956043956043956,0.8681318681318682,0.9495147522778391,1,1.0,1.0,1.0,0.9,0.9821896566623332,0.9876316290938332,0.9993399382193328
seed,0,4,2017-2020,-1,unweighted,SHAP,random_forest,diag,14,5,5,1.0,1.0,1.0,1.0,1.0,0,,,0.9780219780219781,0.9340659340659341,0.9612753075999396,1,1.0,0.8333333333333334,0.8571428571428571,1.0,0.9765877744642857,0.9763446247619048,0.995791480654762
seed,1,2,2017-2020,-1,unweighted,SHAP,random_forest,diag,14,5,5,1.0,0.6666666666666666,0.6,1.0,1.0,0,,,0.956043956043956,0.8681318681318682,0.9454460910594689,1,1.0,1.0,1.0,0.9,0.980576491663242,0.9858556167334291,0.9991673135349893
seed,1,3,2017-2020,-1,unweighted,SHAP,random_forest,diag,14,5,5,1.0,0.8,0.8,1.0,1.0,0,,,0.8725274725274725,0.7362637362637363,0.8795286718311844,1,1.0,0.8333333333333334,0.8571428571428571,0.9,0.9539944621266185,0.9602479836335156,0.9949144049852059
seed,1,4,2017-2020,-1,unweighted,SHAP,random_forest,diag,14,5,5,1.0,0.6666666666666666,0.6,1.0,1.0,0,,,0.8813186813186813,0.8021978021978022,0.9141995396824782,1,1.0,1.0,0.8571428571428571,0.9,0.9638359621266186,0.9711706503001822,0.9975185716518725
seed,2,3,2017-2020,-1,unweighted,SHAP,random_forest,diag,14,5,5,1.0,0.8,0.8,1.0,1.0,0,,,0.9296703296703297,0.8241758241758242,0.9142239611032417,1,1.0,0.8333333333333334,0.8571428571428571,0.9,0.9625882616773687,0.9669225193988489,0.9954230312872893
seed,2,4,2017-2020,-1,unweighted,SHAP,random_forest,diag,14,5,5,1.0,1.0,1.0,1.0,1.0,0,,,0.9472527472527472,0.8461538461538461,0.9351491141096794,1,1.0,1.0,0.8571428571428571,1.0,0.9736888782666189,0.9790978848601823,0.9981045091518725
seed,3,4,2017-2020,-1,unweighted,SHAP,random_forest,diag,14,5,5,1.0,0.8,0.8,1.0,1.0,0,,,0.9472527472527472,0.8461538461538461,0.9332269119592682,1,1.0,0.8333333333333334,0.8571428571428571,0.9,0.9707348536266187,0.9744620138557378,0.9961079813740947
seed,0,1,2017-2020,-1,unweighted,SHAP,random_forest,lab,14,3,2,0.6666666666666666,0.6666666666666666,0.8571428571428571,1.0,0.6666666666666666,0,GenHlth,,0.9736263736263736,0.8901098901098902,0.9230370741457311,0,1.0,0.8333333333333334,0.8571428571428571,1.0,0.9523966817133767,0.93696858023342,0.9545687060335499
seed,0,2,2017-2020,-1,unweighted,SHAP,random_forest,lab,14,3,2,0.6666666666666666,0.8333333333333334,1.0,1.0,0.6666666666666666,0,GenHlth,,0.9824175824175824,0.9340659340659341,0.9642964736847046,1,1.0,0.8333333333333334,0.8571428571428571,1.0,0.9793966817133763,0.9796352469000866,0.9962353727002166
seed,0,3,2017-2020,-1,unweighted,SHAP,random_forest,lab,14,3,3,1.0,1.0,1.0,1.0,1.0,0,,,0.9824175824175824,0.9340659340659341,0.9642964736847046,1,1.0,0.8333333333333334,0.8571428571428571,1.0,0.9793966817133763,0.9796352469000866,0.9962353727002166
seed,0,4,2017-2020,-1,unweighted,SHAP,random_forest,lab,14,3,3,1.0,1.0,1.0,1.0,1.0,0,,,0.9780219780219781,0.9120879120879122,0.9506372185472288,1,1.0,0.8333333333333334,0.8571428571428571,1.0,0.9793966817133763,0.9796352469000866,0.9962353727002166
seed,1,2,2017-2020,-1,unweighted,SHAP,random_forest,lab,14,2,2,1.0,0.8333333333333334,0.8571428571428571,1.0,1.0,0,,,0.9912087912087912,0.9560439560439562,0.9597263199039373,0,1.0,1.0,0.8571428571428571,1.0,0.9654079857142857,0.9498435047619047,0.957217261904762
seed,1,3,2017-2020,-1,unweighted,SHAP,random_forest,lab,14,2,3,0.6666666666666666,0.6666666666666666,0.8571428571428571,1.0,0.6666666666666666,0,,GenHlth,0.9912087912087912,0.9560439560439562,0.9597263199039373,0,1.0,1.0,0.8571428571428571,1.0,0.9654079857142857,0.9498435047619047,0.957217261904762
seed,1,4,2017-2020,-1,unweighted,SHAP,random_forest,lab,14,2,3,0.6666666666666666,0.6666666666666666,0.8571428571428571,1.0,0.6666666666666666,0,,GenHlth,0.9956043956043955,0.9780219780219781,0.9723998555985025,0,1.0,1.0,1.0,1.0,0.9729999999999999,0.9573333333333334,0.9583333333333334
seed,2,3,2017-2020,-1,unweighted,SHAP,random_forest,lab,14,2,3,0.6666666666666666,0.8333333333333334,1.0,1.0,0.6666666666666666,0,,GenHlth,1.0,1.0,1.0,1,1.0,1.0,1.0,1.0,0.9999999999999998,1.0000000000000002,1.0
seed,2,4,2017-2020,-1,unweighted,SHAP,random_forest,lab,14,2,3,0.6666666666666666,0.8333333333333334,1.0,1.0,0.6666666666666666,0,,GenHlth,0.9956043956043955,0.9780219780219781,0.9873264643054348,1,1.0,1.0,0.8571428571428571,1.0,0.9924079857142856,0.9925101714285716,0.9988839285714286
seed,3,4,2017-2020,-1,unweighted,SHAP,random_forest,lab,14,3,3,1.0,1.0,1.0,1.0,1.0,0,,,0.9956043956043955,0.9780219780219781,0.9873264643054348,1,1.0,1.0,0.8571428571428571,1.0,0.9924079857142856,0.9925101714285716,0.9988839285714286
seed,0,1,2017-2020,-1,unweighted,SHAP,random_forest,total,14,5,5,1.0,0.8,0.8,1.0,1.0,0,,,0.9780219780219781,0.9120879120879122,0.9635589073882609,1,1.0,1.0,0.8571428571428571,1.0,0.9866230934126266,0.9891262578014199,0.9988191943147998
seed,0,2,2017-2020,-1,unweighted,SHAP,random_forest,total,14,5,5,1.0,0.75,0.8333333333333334,1.0,1.0,0,,,0.9780219780219781,0.9120879120879122,0.9662438193946653,1,1.0,1.0,1.0,1.0,0.9894321386983409,0.9928878161506265,0.9997182518544824
seed,0,3,2017-2020,-1,unweighted,SHAP,random_forest,total,14,5,5,1.0,0.6,0.6666666666666666,1.0,1.0,0,,,0.9252747252747253,0.8241758241758242,0.9295677034325686,1,1.0,1.0,1.0,0.8,0.9785139249174317,0.9855668491688083,0.9994785501499368
seed,0,4,2017-2020,-1,unweighted,SHAP,random_forest,total,14,5,5,1.0,0.75,0.8333333333333334,1.0,1.0,0,,,0.9868131868131869,0.9560439560439562,0.9841457711979409,1,1.0,1.0,1.0,1.0,0.994215107698341,0.9966160863728486,0.9999352657433712
seed,1,2,2017-2020,-1,unweighted,SHAP,random_forest,total,14,5,5,1.0,0.6,0.6666666666666666,1.0,1.0,0,,,0.9912087912087912,0.9560439560439562,0.9773378406172737,1,1.0,1.0,0.8571428571428571,1.0,0.9876250167142857,0.9887819012063492,0.9986669146825398
seed,1,3,2017-2020,-1,unweighted,SHAP,random_forest,total,14,5,5,1.0,0.5,0.5,1.0,1.0,0,,,0.956043956043956,0.8681318681318682,0.9417444076423553,1,1.0,1.0,0.8571428571428571,0.8,0.9767068029333765,0.9814609342245311,0.9984272129779943
seed,1,4,2017-2020,-1,unweighted,SHAP,random_forest,total,14,5,5,1.0,0.6,0.6666666666666666,1.0,1.0,0,,,0.9912087912087912,0.9560439560439562,0.9790822653283641,1,1.0,1.0,0.8571428571428571,1.0,0.9892381817133766,0.9905579135667533,0.9988395393668832
seed,2,3,2017-2020,-1,unweighted,SHAP,random_forest,total,14,5,5,1.0,0.75,0.8333333333333334,1.0,1.0,0,,,0.9648351648351648,0.9120879120879122,0.9635343546695364,1,1.0,1.0,1.0,0.8,0.984298817219091,0.9889507627959597,0.9995432844065657
seed,2,4,2017-2020,-1,unweighted,SHAP,random_forest,total,14,5,5,1.0,1.0,1.0,1.0,1.0,0,,,0.9912087912087912,0.9560439560439562,0.9817671773347683,1,1.0,1.0,1.0,1.0,0.9920472269990908,0.9943194719159598,0.9997385969065657
seed,3,4,2017-2020,-1,unweighted,SHAP,random_forest,total,14,5,5,1.0,0.75,0.8333333333333334,1.0,1.0,0,,,0.956043956043956,0.8681318681318682,0.9453015320043047,1,1.0,1.0,1.0,0.8,0.984298817219091,0.9889507627959597,0.9995432844065657
seed,0,1,2017-2020,-1,unweighted,SHAP,xgboost,diag,14,4,4,1.0,1.0,1.0,1.0,1.0,0,,,0.9384615384615385,0.8461538461538461,0.9205670969016373,0,1.0,1.0,1.0,0.9,0.9585579338083408,0.9475367949239597,0.9579539289378157
seed,0,2,2017-2020,-1,unweighted,SHAP,xgboost,diag,14,4,4,1.0,1.0,1.0,1.0,1.0,0,,,0.9208791208791209,0.8021978021978022,0.901967559031071,0,1.0,1.0,1.0,0.8,0.9515139249174316,0.9429001825021415,0.9578118834832702
seed,0,3,2017-2020,-1,unweighted,SHAP,xgboost,diag,14,4,4,1.0,1.0,1.0,1.0,1.0,0,,,0.9648351648351648,0.8901098901098902,0.927618322604211,0,0.8,1.0,1.0,0.9,0.9480510221090908,0.9325844506892931,0.9517242739898991
seed,0,4,2017-2020,-1,unweighted,SHAP,xgboost,diag,14,4,4,1.0,0.8,0.8333333333333334,1.0,1.0,0,,,0.9824175824175824,0.9340659340659341,0.9670283247121999,1,1.0,1.0,0.8571428571428571,0.9,0.9825550695742855,0.9845829368685715,0.9982979910714286
seed,1,2,2017-2020,-1,unweighted,SHAP,xgboost,diag,14,4,4,1.0,1.0,1.0,1.0,1.0,0,,,0.9472527472527472,0.8681318681318682,0.946744496596724,1,1.0,1.0,1.0,0.8,0.9816837289183407,0.9875191070306264,0.9995229393544823
seed,1,3,2017-2020,-1,unweighted,SHAP,xgboost,diag,14,4,4,1.0,1.0,1.0,1.0,1.0,0,,,0.9120879120879121,0.7802197802197802,0.9038002159720162,0,0.8,1.0,1.0,0.8,0.9653919249174316,0.9691828491688084,0.9932285501499368
seed,1,4,2017-2020,-1,unweighted,SHAP,xgboost,diag,14,4,4,1.0,0.8,0.8333333333333334,1.0,1.0,0,,,0.9296703296703297,0.8241758241758242,0.9052643851851521,0,1.0,1.0,0.8571428571428571,0.9,0.9449872082726265,0.9348040863525309,0.9563495762592443
seed,2,3,2017-2020,-1,unweighted,SHAP,xgboost,diag,14,4,4,1.0,1.0,1.0,1.0,1.0,0,,,0.956043956043956,0.8681318681318682,0.9380977380709402,0,0.8,1.0,1.0,0.9,0.9724359338083408,0.9738194615906264,0.9933705956044824
seed,2,4,2017-2020,-1,unweighted,SHAP,xgboost,diag,14,4,4,1.0,0.8,0.8333333333333334,1.0,1.0,0,,,0.8989010989010989,0.7802197802197802,0.8865917799992372,0,1.0,1.0,0.8571428571428571,0.9,0.9418174042717173,0.9328518284907128,0.9563051870546988
seed,3,4,2017-2020,-1,unweighted,SHAP,xgboost,diag,14,4,4,1.0,0.8,0.8333333333333334,1.0,1.0,0,,,0.9340659340659341,0.8241758241758242,0.8938401495903929,0,0.8,1.0,0.8571428571428571,0.9,0.9344802965733765,0.9198517421178642,0.9501199213113277
seed,0,1,2017-2020,-1,unweighted,SHAP,xgboost,lab,14,3,4,0.75,0.8,1.0,1.0,0.75,0,,Sex,0.9736263736263736,0.8901098901098902,0.9338834674137171,0,1.0,1.0,0.8571428571428571,1.0,0.9548401244126266,0.942731320912531,0.9569355137592443
seed,0,2,2017-2020,-1,unweighted,SHAP,xgboost,lab,14,3,2,0.6666666666666666,0.6666666666666666,0.8571428571428571,1.0,0.6666666666666666,0,GenHlth,,0.9428571428571428,0.8461538461538461,0.9276693318620959,0,0.8,1.0,1.0,0.9,0.9664572225583408,0.9685765815906264,0.9928823143544824
seed,0,3,2017-2020,-1,unweighted,SHAP,xgboost,lab,14,3,3,0.5,0.5,0.8571428571428571,0.6666666666666666,1.0,1,GenHlth,Sex,0.9736263736263736,0.8901098901098902,0.9292083409130552,0,0.8,1.0,1.0,1.0,0.9493101386983409,0.9338371494839597,0.9518015851878158
seed,0,4,2017-2020,-1,unweighted,SHAP,xgboost,lab,14,3,3,1.0,0.8,0.8571428571428571,1.0,1.0,0,,,0.9780219780219781,0.9120879120879122,0.9511299797952133,0,0.8,1.0,0.8571428571428571,1.0,0.9706921861635356,0.9694516356632381,0.9921253022693453
seed,1,2,2017-2020,-1,unweighted,SHAP,xgboost,lab,14,4,2,0.5,0.5,0.8571428571428571,1.0,0.5,0,"GenHlth,Sex",,0.9648351648351648,0.8681318681318682,0.9137994747950259,0,0.8,1.0,0.8571428571428571,0.9,0.9392632655733766,0.9235800123400866,0.9503369352002166
seed,1,3,2017-2020,-1,unweighted,SHAP,xgboost,lab,14,4,3,0.75,0.6,0.8571428571428571,1.0,0.75,0,GenHlth,,0.9780219780219781,0.9120879120879122,0.9541235733081486,0,0.8,1.0,0.8571428571428571,1.0,0.9735010934126267,0.97274225780142,0.9925691943147998
seed,1,4,2017-2020,-1,unweighted,SHAP,xgboost,lab,14,4,3,0.75,0.6,0.8571428571428571,1.0,0.75,0,Sex,,0.9736263736263736,0.8901098901098902,0.9255811690888625,0,0.8,1.0,1.0,1.0,0.9459465157490907,0.9300259252492931,0.9513336489898991
seed,2,3,2017-2020,-1,unweighted,SHAP,xgboost,lab,14,2,3,0.6666666666666666,0.8,1.0,1.0,0.6666666666666666,0,,Sex,0.956043956043956,0.8681318681318682,0.9279979050097328,0,1.0,1.0,1.0,0.9,0.9541923875574319,0.9440699272843636,0.957638272372159
seed,2,4,2017-2020,-1,unweighted,SHAP,xgboost,lab,14,2,3,0.6666666666666666,0.5,0.75,1.0,0.6666666666666666,0,,GenHlth,0.9296703296703297,0.8461538461538461,0.9283300888512998,1,1.0,1.0,0.8571428571428571,0.9,0.9686235853233764,0.9736595287845311,0.9975483067279943
seed,3,4,2017-2020,-1,unweighted,SHAP,xgboost,lab,14,3,3,0.5,0.3333333333333333,0.75,0.6666666666666666,1.0,1,Sex,GenHlth,0.956043956043956,0.8461538461538461,0.9146390596072391,0,1.0,1.0,0.8571428571428571,1.0,0.9488614131626265,0.937488440912531,0.9564472325092443
seed,0,1,2017-2020,-1,unweighted,SHAP,xgboost,total,14,4,4,1.0,0.8,0.8333333333333334,1.0,1.0,0,,,0.9780219780219781,0.9120879120879122,0.9525176679460122,0,0.8,0.8333333333333334,1.0,1.0,0.9716941611030829,0.9696838527525,0.9910920541047495
seed,0,2,2017-2020,-1,unweighted,SHAP,xgboost,total,14,4,4,1.0,1.0,1.0,1.0,1.0,0,,,0.9912087912087912,0.9560439560439562,0.975632148804706,0,0.8,1.0,1.0,1.0,0.9847054651039922,0.9825587772809847,0.9937406099759616
seed,0,3,2017-2020,-1,unweighted,SHAP,xgboost,total,14,4,4,1.0,1.0,1.0,1.0,1.0,0,,,0.9868131868131869,0.9340659340659341,0.9700916374424758,1,1.0,0.8333333333333334,1.0,1.0,0.984816161103083,0.9860678527525,0.9973420541047495
seed,0,4,2017-2020,-1,unweighted,SHAP,xgboost,total,14,4,4,1.0,1.0,1.0,1.0,1.0,0,,,0.9780219780219781,0.9120879120879122,0.9583193309528577,0,0.8,1.0,1.0,0.9,0.9776614562130832,0.9779221648591665,0.9935985645214161
seed,1,2,2017-2020,-1,unweighted,SHAP,xgboost,total,14,4,4,1.0,0.8,0.8333333333333334,1.0,1.0,0,,,0.9912087912087912,0.9560439560439562,0.9771108264425429,1,1.0,0.8333333333333334,1.0,1.0,0.9869886959990908,0.9871250754715153,0.997351444128788
seed,1,3,2017-2020,-1,unweighted,SHAP,xgboost,total,14,4,4,1.0,0.8,0.8333333333333334,1.0,1.0,0,,,0.9824175824175824,0.9340659340659341,0.951784237535343,0,0.8,0.8333333333333334,1.0,1.0,0.9770364999999999,0.9726933333333336,0.9911458333333334
seed,1,4,2017-2020,-1,unweighted,SHAP,xgboost,total,14,4,4,1.0,0.8,0.8333333333333334,1.0,1.0,0,,,0.9912087912087912,0.9560439560439562,0.9763222508882142,1,1.0,0.8333333333333334,1.0,0.9,0.9862842951099997,0.9863929787733334,0.9972981770833333
seed,2,3,2017-2020,-1,unweighted,SHAP,xgboost,total,14,4,4,1.0,1.0,1.0,1.0,1.0,0,,,0.9824175824175824,0.9340659340659341,0.9595368569460789,0,0.8,0.8333333333333334,1.0,1.0,0.9738666959990907,0.9707410754715153,0.991101444128788
seed,2,4,2017-2020,-1,unweighted,SHAP,xgboost,total,14,4,4,1.0,1.0,1.0,1.0,1.0,0,,,0.9868131868131869,0.9560439560439562,0.9826871821481514,1,1.0,1.0,1.0,0.9,0.9929559911090908,0.995363387578182,0.9998579545454546
seed,3,4,2017-2020,-1,unweighted,SHAP,xgboost,total,14,4,4,1.0,1.0,1.0,1.0,1.0,0,,,0.9824175824175824,0.9340659340659341,0.9587482813917505,0,0.8,0.8333333333333334,1.0,0.9,0.9731622951099999,0.9700089787733335,0.9910481770833334
seed,0,1,2017-2020,-1,weighted,PI,logistic_regression,diag,14,4,3,0.75,0.5,0.875,1.0,0.75,0,GenHlth,,0.8690874345941015,0.7513926833493687,0.8795739647056074,0,0.8,1.0,0.8571428571428571,0.8,0.9490122921326265,0.9531595184591979,0.991180305425911
seed,0,2,2017-2020,-1,weighted,PI,logistic_regression,diag,14,4,4,1.0,0.6,0.7142857142857143,1.0,1.0,0,,,0.9823788546255506,0.9333333333333333,0.9180384515018676,0,1.0,1.0,0.8571428571428571,1.0,0.9204079857142857,0.8698435047619049,0.832217261904762
seed,0,3,2017-2020,-1,weighted,PI,logistic_regression,diag,14,4,4,1.0,0.6666666666666666,0.875,1.0,1.0,0,,,0.8756880986543099,0.7734924681537618,0.868677366061575,0,1.0,1.0,0.8571428571428571,0.9,0.9188359621266187,0.8911706503001822,0.8725185716518725
seed,0,4,2017-2020,-1,weighted,PI,logistic_regression,diag,14,4,4,1.0,0.5,0.75,1.0,1.0,0,,,0.9394273127753303,0.8333333333333333,0.8769151613048263,0,1.0,1.0,0.8571428571428571,1.0,0.901688878266619,0.8564312181935156,0.8314378424852059
seed,1,2,2017-2020,-1,weighted,PI,logistic_regression,diag,14,3,4,0.75,0.3333333333333333,0.625,1.0,0.75,0,,GenHlth,0.8646869918872959,0.7292928985449755,0.8219922705644063,0,0.8,1.0,0.8571428571428571,0.8,0.8770122921326264,0.8304928517925312,0.8245136387592443
seed,1,3,2017-2020,-1,weighted,PI,logistic_regression,diag,14,3,4,0.75,0.6666666666666666,1.0,1.0,0.75,0,,GenHlth,0.7978021978021977,0.6483516483516484,0.8113476757536453,0,0.8,1.0,0.8571428571428571,0.8,0.8972506071849597,0.8702329918908085,0.8663774485063548
seed,1,4,2017-2020,-1,weighted,PI,logistic_regression,diag,14,3,4,0.75,0.5,0.875,1.0,0.75,0,,GenHlth,0.8382843356464625,0.6850933289361891,0.8099480990685739,0,0.8,1.0,0.8571428571428571,0.8,0.8750335761849599,0.8312945954463642,0.8249277957285771
seed,2,3,2017-2020,-1,weighted,PI,logistic_regression,diag,14,4,4,1.0,0.4,0.625,1.0,1.0,0,,,0.853685885120282,0.7513926833493687,0.8681603543544631,0,1.0,1.0,0.8571428571428571,0.9,0.9368359621266187,0.9285039836335156,0.9558519049852059
seed,2,4,2017-2020,-1,weighted,PI,logistic_regression,diag,14,4,4,1.0,0.6,0.7142857142857143,1.0,1.0,0,,,0.9658590308370045,0.8999999999999999,0.9591413597152474,1,1.0,1.0,1.0,1.0,0.9812808925523331,0.986587713431611,0.9992205805804439
seed,3,4,2017-2020,-1,weighted,PI,logistic_regression,diag,14,4,4,1.0,0.6666666666666666,0.875,1.0,1.0,0,,,0.8492854424134765,0.7513926833493687,0.8733556729547849,0,1.0,1.0,0.8571428571428571,0.9,0.9428146733766187,0.9337468636335156,0.9563401862352059
seed,0,1,2017-2020,-1,weighted,PI,logistic_regression,lab,14,1,1,1.0,0.6,0.8,1.0,1.0,0,,,0.547191011235955,0.411764705882353,0.5994796118702561,0,0.6,0.8333333333333334,0.8571428571428571,0.7,0.7930314180440508,0.735451895913435,0.7837592745795874
seed,0,2,2017-2020,-1,weighted,PI,logistic_regression,lab,14,1,1,1.0,0.8,0.8888888888888888,1.0,1.0,0,,,0.7705042955301763,0.6266879892538957,0.7389516706839687,0,0.8,0.8333333333333334,0.8571428571428571,0.8,0.8409883649349599,0.7895290487796977,0.8062103478119105
seed,0,3,2017-2020,-1,weighted,PI,logistic_regression,lab,14,1,1,1.0,0.8,0.8888888888888888,1.0,1.0,0,,,0.837639306610556,0.6631278625510342,0.7924964197314553,0,0.8,1.0,0.8571428571428571,0.8,0.9018085761849599,0.885694595446364,0.9343027957285771
seed,0,4,2017-2020,-1,weighted,PI,logistic_regression,lab,14,1,1,1.0,0.6666666666666666,0.7777777777777778,1.0,1.0,0,,,0.774570938338541,0.6590586383396044,0.8085133307078559,0,0.8,0.8333333333333334,0.7142857142857143,0.9,0.9150554478409043,0.9107741550620871,0.9719233335566344
seed,1,2,2017-2020,-1,weighted,PI,logistic_regression,lab,14,1,1,1.0,0.75,0.9,1.0,1.0,0,,,0.5568541368875906,0.4579642998393853,0.7085277746089694,0,0.8,0.6666666666666666,0.7142857142857143,0.8,0.8800102013992455,0.8810837997638243,0.9682344673555611
seed,1,3,2017-2020,-1,weighted,PI,logistic_regression,lab,14,1,1,1.0,0.75,0.9,1.0,1.0,0,,,0.7631083191697761,0.6745611015605348,0.793748218620315,0,0.8,0.8333333333333334,0.7142857142857143,0.8,0.8556133816492455,0.8209776166527134,0.8465439291611166
seed,1,4,2017-2020,-1,weighted,PI,logistic_regression,lab,14,1,1,1.0,0.6,0.8,1.0,1.0,0,,,0.3660796365634603,0.3237481030440162,0.562420048849817,0,0.6,0.6666666666666666,0.5714285714285714,0.6,0.7763779733326219,0.7272223375439112,0.7939620275557777
seed,2,3,2017-2020,-1,weighted,PI,logistic_regression,lab,14,1,1,1.0,0.6,0.8,1.0,1.0,0,,,0.8123340301474025,0.6675919504799912,0.790152449598492,0,0.8,0.8333333333333334,0.8571428571428571,0.8,0.8771415343826265,0.8381514615703087,0.8482224061203554
seed,2,4,2017-2020,-1,weighted,PI,logistic_regression,lab,14,1,1,1.0,0.8,0.8888888888888888,1.0,1.0,0,,,0.6750536485699776,0.5211573066470477,0.7052515873628957,0,0.8,0.8333333333333334,0.7142857142857143,0.7,0.8215693727583364,0.7736743375642287,0.8047352170399047
seed,3,4,2017-2020,-1,weighted,PI,logistic_regression,lab,14,1,1,1.0,0.5,0.7,1.0,1.0,0,,,0.7337056886965228,0.5730698830937557,0.7349185014767885,0,0.6,0.8333333333333334,0.8571428571428571,0.8,0.8606200761849598,0.8327879287796973,0.9098236290619105
seed,0,1,2017-2020,-1,weighted,PI,logistic_regression,total,14,2,3,0.6666666666666666,0.6,0.875,1.0,0.6666666666666666,0,,GenHlth,0.8935698447893571,0.8068181818181818,0.9232781418364632,1,1.0,1.0,1.0,0.8,0.967747590470674,0.9778350906844595,0.9989605338238151
seed,0,2,2017-2020,-1,weighted,PI,logistic_regression,total,14,2,3,0.6666666666666666,0.6,0.875,1.0,0.6666666666666666,0,,GenHlth,0.9467849223946786,0.8636363636363635,0.9319270422297747,0,0.8,0.8333333333333334,1.0,0.9,0.960421898912333,0.9618395722049444,0.9907570389137773
seed,0,3,2017-2020,-1,weighted,PI,logistic_regression,total,14,2,3,0.6666666666666666,0.75,1.0,1.0,0.6666666666666666,0,,GenHlth,0.9665395282437701,0.9365570123773325,0.9741790754135514,1,1.0,1.0,1.0,0.9,0.9855579338083407,0.9902034615906263,0.9996205956044824
seed,0,4,2017-2020,-1,weighted,PI,logistic_regression,total,14,2,3,0.6666666666666666,0.6,0.875,1.0,0.6666666666666666,0,,GenHlth,0.9687717211496448,0.9134321478741886,0.9527217452994614,0,1.0,1.0,1.0,0.9,0.9673329338083407,0.9646034615906263,0.9839955956044824
seed,1,2,2017-2020,-1,weighted,PI,logistic_regression,total,14,3,3,1.0,1.0,1.0,1.0,1.0,0,,,0.951219512195122,0.8636363636363635,0.9307787077575822,0,0.8,0.8333333333333334,1.0,0.9,0.959226156662333,0.9603249624271666,0.9904857715526661
seed,1,3,2017-2020,-1,weighted,PI,logistic_regression,total,14,3,3,1.0,0.75,0.875,1.0,1.0,0,,,0.9330566346556487,0.8671824188679005,0.9463622859735279,1,1.0,1.0,1.0,0.9,0.9742368836614239,0.9819511010097928,0.9990785351258984
seed,1,4,2017-2020,-1,weighted,PI,logistic_regression,total,14,3,3,1.0,1.0,1.0,1.0,1.0,0,,,0.9509141779026469,0.8671824188679005,0.9352010774375948,0,1.0,1.0,1.0,0.9,0.9607948526614241,0.9600793712320148,0.9836705490147872
seed,2,3,2017-2020,-1,weighted,PI,logistic_regression,total,14,3,3,1.0,0.75,0.875,1.0,1.0,0,,,0.9285922488438991,0.8440575543647566,0.9250053029112137,0,0.8,0.8333333333333334,1.0,0.9,0.954637006610674,0.9584556585777928,0.9906923046571485
seed,2,4,2017-2020,-1,weighted,PI,logistic_regression,total,14,3,3,1.0,1.0,1.0,1.0,1.0,0,,,0.9710039140555196,0.9134321478741886,0.9391150287009113,0,0.8,0.8333333333333334,1.0,1.0,0.9508540728023331,0.9426521969871666,0.9754467090526662
seed,3,4,2017-2020,-1,weighted,PI,logistic_regression,total,14,3,3,1.0,0.75,0.875,1.0,1.0,0,,,0.9516853932584269,0.8941176470588237,0.9459202545966494,0,1.0,1.0,1.0,0.9,0.9673329338083407,0.9646034615906263,0.9839955956044824
seed,0,1,2017-2020,-1,weighted,PI,random_forest,diag,14,4,3,0.75,0.6,0.8571428571428571,1.0,0.75,0,GenHlth,,0.9299687388133131,0.8117599696745418,0.8814127488390892,0,0.8,0.8333333333333334,0.8571428571428571,0.9,0.9299764812735356,0.9131779477699047,0.947756812686012
seed,0,2,2017-2020,-1,weighted,PI,random_forest,diag,14,4,4,1.0,0.125,0.2222222222222222,1.0,1.0,0,,,0.6822643386047806,0.5344015374529363,0.7356476254034552,0,0.8,0.8333333333333334,0.7142857142857143,0.8,0.8630767013992455,0.8376064664304912,0.8614636340222278
seed,0,3,2017-2020,-1,weighted,PI,random_forest,diag,14,4,4,1.0,0.4,0.625,1.0,1.0,0,,,0.896629213483146,0.7647058823529412,0.8186052077231192,0,0.8,0.6666666666666666,0.7142857142857143,1.0,0.8692492911785714,0.8151531926349207,0.8189375620039683
seed,0,4,2017-2020,-1,weighted,PI,random_forest,diag,14,4,4,1.0,0.16666666666666666,0.4444444444444444,1.0,1.0,0,,,0.788937590243313,0.6253635012747127,0.798933395700193,0,1.0,0.8333333333333334,0.7142857142857143,0.8,0.9155282429509044,0.9074071338354204,0.9520340106399677
seed,1,2,2017-2020,-1,weighted,PI,random_forest,diag,14,3,4,0.75,0.125,0.3333333333333333,1.0,0.75,0,,GenHlth,0.5940597654187529,0.44199569608786393,0.662050807752664,0,0.8,0.8333333333333334,0.7142857142857143,0.7,0.8407962960599955,0.7989299809691579,0.8202079374076445
seed,1,3,2017-2020,-1,weighted,PI,random_forest,diag,14,3,4,0.75,0.4,0.75,1.0,0.75,0,,GenHlth,0.9522167947657848,0.8574929257125442,0.902936193721032,0,1.0,0.8333333333333334,0.8571428571428571,0.9,0.9262942235235356,0.8937432242143493,0.8709447467137897
seed,1,4,2017-2020,-1,weighted,PI,random_forest,diag,14,3,4,0.75,0.16666666666666666,0.5555555555555556,1.0,0.75,0,,GenHlth,0.8734878773009072,0.7292928985449755,0.8650727454635065,0,0.8,0.8333333333333334,0.7142857142857143,0.9,0.9366440707901544,0.9401853792967538,0.9880162697545511
seed,2,3,2017-2020,-1,weighted,PI,random_forest,diag,14,4,4,1.0,0.3333333333333333,0.5,1.0,1.0,0,,,0.6511513068768753,0.48892055554204816,0.6590704795300144,0,0.8,0.6666666666666666,0.7142857142857143,0.8,0.8369968816492455,0.7929882833193801,0.8178980958277833
seed,2,4,2017-2020,-1,weighted,PI,random_forest,diag,14,4,4,1.0,0.3333333333333333,0.5,1.0,1.0,0,,,0.6483516483516484,0.4945054945054945,0.706170787529766,0,0.8,0.8333333333333334,0.7142857142857143,0.8,0.8420554126492457,0.8001826797638245,0.8202852486055612
seed,3,4,2017-2020,-1,weighted,PI,random_forest,diag,14,4,4,1.0,0.5,0.75,1.0,1.0,0,,,0.811161184334674,0.670844483185601,0.8037279926681853,0,0.8,0.6666666666666666,0.8571428571428571,0.8,0.8881354684866187,0.855499842406849,0.8614508633185392
seed,0,1,2017-2020,-1,weighted,PI,random_forest,lab,14,1,4,0.25,0.3333333333333333,0.36363636363636365,1.0,0.25,0,,"BMI,HighChol,Income",0.1974423880878852,0.17056057308448835,0.399517716953736,0,0.4,0.3333333333333333,0.42857142857142855,0.7,0.6704264526869079,0.5850779835324825,0.7080803311272063
seed,0,2,2017-2020,-1,weighted,PI,random_forest,lab,14,1,3,0.3333333333333333,0.2,0.6363636363636364,1.0,0.3333333333333333,0,,"GenHlth,HighChol",0.4458397156300319,0.3867950227321825,0.6412419078655407,0,0.6,0.5,0.42857142857142855,0.8,0.790658961577817,0.7652879292876341,0.899368209915085
seed,0,3,2017-2020,-1,weighted,PI,random_forest,lab,14,1,1,1.0,0.16666666666666666,0.5833333333333334,1.0,1.0,0,,,0.27078608495320955,0.2256304299271065,0.40324326408660216,0,0.6,0.6666666666666666,0.5714285714285714,0.9,0.740460788201198,0.6515303989874518,0.7216738570132124
seed,0,4,2017-2020,-1,weighted,PI,random_forest,lab,14,1,2,0.5,0.0,0.5,1.0,0.5,0,,Sex,0.5785124172525796,0.47948337428955307,0.5840185568467307,0,0.6,0.5,0.5714285714285714,0.8,0.7418002793102889,0.661571119898967,0.7345526448920002
seed,1,2,2017-2020,-1,weighted,PI,random_forest,lab,14,4,3,0.4,0.14285714285714285,0.4444444444444444,0.6666666666666666,0.75,1,"BMI,Income",GenHlth,0.7401098420179244,0.6047431568147635,0.7440303389913887,0,0.8,0.6666666666666666,0.8571428571428571,0.8,0.8241960152357097,0.7725814974339197,0.8031924984195492
seed,1,3,2017-2020,-1,weighted,PI,random_forest,lab,14,4,1,0.25,0.2857142857142857,0.5555555555555556,1.0,0.25,0,"BMI,HighChol,Income",,0.4769596759671068,0.4031621045431757,0.642207014688583,0,0.6,0.5,0.5714285714285714,0.8,0.8298527444142811,0.8087805638466179,0.9168349215346285
seed,1,4,2017-2020,-1,weighted,PI,random_forest,lab,14,4,2,0.2,0.125,0.4444444444444444,0.5,0.5,1,"BMI,HighChol,Income",Sex,0.4866383856595315,0.4473770209011738,0.5775667332837107,0,0.6,0.6666666666666666,0.7142857142857143,0.8,0.7932097739509045,0.7287881969465316,0.7804628300844121
seed,2,3,2017-2020,-1,weighted,PI,random_forest,lab,14,3,1,0.3333333333333333,0.4,0.7,1.0,0.3333333333333333,0,"GenHlth,HighChol",,0.5288220551378446,0.5,0.6191175236518907,0,0.8,0.6666666666666666,0.7142857142857143,0.9,0.8284309788409046,0.7734565515065316,0.8024354863344121
seed,2,4,2017-2020,-1,weighted,PI,random_forest,lab,14,3,2,0.25,0.16666666666666666,0.45454545454545453,0.5,0.6666666666666666,1,"GenHlth,HighChol",Sex,0.503217953641766,0.4250165852579883,0.5223249958149823,0,0.6,0.5,0.7142857142857143,0.8,0.7775833816492455,0.7144816166527136,0.7777939291611167
seed,3,4,2017-2020,-1,weighted,PI,random_forest,lab,14,1,2,0.5,0.6,0.7,1.0,0.5,0,,Sex,0.5765021216478484,0.5346982846794047,0.6772035902386382,0,0.8,0.6666666666666666,0.7142857142857143,0.8,0.8235595048460032,0.7698771618037289,0.802302830903905
seed,0,1,2017-2020,-1,weighted,PI,random_forest,total,14,3,2,0.6666666666666666,0.5,0.8888888888888888,1.0,0.6666666666666666,0,GenHlth,,0.8891352549889137,0.75,0.8175881825252883,0,0.8,0.8333333333333334,1.0,0.9,0.8594352186623331,0.8046017553160554,0.8077600771082217
seed,0,2,2017-2020,-1,weighted,PI,random_forest,total,14,3,4,0.75,0.16666666666666666,0.5555555555555556,1.0,0.75,0,,HighChol,0.7889546110381284,0.6292532049656925,0.7909173690834992,0,1.0,0.8333333333333334,0.8571428571428571,0.8,0.8977268541326264,0.8711643113480867,0.8693921109814665
seed,0,3,2017-2020,-1,weighted,PI,random_forest,total,14,3,4,0.75,0.25,0.7777777777777778,1.0,0.75,0,,HighChol,0.8214469893619109,0.6821835028427484,0.8030216963139046,0,1.0,0.8333333333333334,0.8571428571428571,0.9,0.8740416891257097,0.8319007888828085,0.8279863352251048
seed,0,4,2017-2020,-1,weighted,PI,random_forest,total,14,3,2,0.6666666666666666,0.5,0.8888888888888888,1.0,0.6666666666666666,0,GenHlth,,0.7969172591956755,0.6704852344015113,0.8078077801618588,0,1.0,0.8333333333333334,0.8571428571428571,0.8,0.8763320501317176,0.8436120534862683,0.853722721776921
seed,1,2,2017-2020,-1,weighted,PI,random_forest,total,14,2,4,0.5,0.2857142857142857,0.625,1.0,0.5,0,,"GenHlth,HighChol",0.7138160766535446,0.550596554344981,0.7578885306560131,0,0.8,0.8333333333333334,0.8571428571428571,0.7,0.8773311910449599,0.8631164239974751,0.9308956776730216
seed,1,3,2017-2020,-1,weighted,PI,random_forest,total,14,2,4,0.5,0.4,0.875,1.0,0.5,0,,"GenHlth,HighChol",0.8348401467971593,0.6821835028427484,0.8062604706996579,0,0.8,1.0,0.8571428571428571,0.8,0.9065961993817175,0.8881834739307128,0.9343325308046988
seed,1,4,2017-2020,-1,weighted,PI,random_forest,total,14,2,2,1.0,1.0,1.0,1.0,1.0,0,,,0.7969172591956755,0.6257862187747438,0.8198463454249874,0,0.8,1.0,0.8571428571428571,0.8,0.9120808031840506,0.9056140673623236,0.9496663926351427
seed,2,3,2017-2020,-1,weighted,PI,random_forest,total,14,4,4,1.0,0.6,0.7142857142857143,1.0,1.0,0,,,0.8810230157178757,0.8117599696745419,0.8910892338264109,0,1.0,0.8333333333333334,0.8571428571428571,0.9,0.9329731733766189,0.9228241969668489,0.9537360195685393
seed,2,4,2017-2020,-1,weighted,PI,random_forest,total,14,4,2,0.5,0.2857142857142857,0.625,1.0,0.5,0,"GenHlth,HighChol",,0.8888894267747267,0.7513926833493687,0.8762636104532452,0,1.0,0.8333333333333334,0.8571428571428571,0.8,0.9400465033826266,0.9382637317925311,0.9796894200092443
seed,3,4,2017-2020,-1,weighted,PI,random_forest,total,14,4,2,0.5,0.4,0.875,1.0,0.5,0,"GenHlth,HighChol",,0.8489412942899875,0.7163254650964891,0.8468848835476571,0,1.0,1.0,0.8571428571428571,0.8,0.9159324994866189,0.9017342388512932,0.9404005160963169
seed,0,1,2017-2020,-1,weighted,PI,xgboost,diag,14,3,3,0.5,0.6,1.0,0.6666666666666666,1.0,1,GenHlth,HighChol,0.8580863278270876,0.6850933289361891,0.8382918199248455,0,0.8,0.8333333333333334,1.0,0.8,0.923762801720674,0.9131046373511262,0.9489279817404819
seed,0,2,2017-2020,-1,weighted,PI,xgboost,diag,14,3,4,0.75,0.5,0.7142857142857143,1.0,0.75,0,,HighChol,0.9085903083700442,0.7666666666666666,0.8810887218757489,0,0.8,0.8333333333333334,1.0,0.9,0.9496602186623331,0.9528684219827221,0.9900517437748884
seed,0,3,2017-2020,-1,weighted,PI,xgboost,diag,14,3,4,0.75,0.6,0.8571428571428571,1.0,0.75,0,,HighChol,0.9114450705529107,0.8222064167913465,0.9155151707071897,0,0.8,1.0,0.8571428571428571,0.9,0.9461248120749599,0.9529173464508085,0.9914751047563548
seed,0,4,2017-2020,-1,weighted,PI,xgboost,diag,14,3,3,1.0,1.0,1.0,1.0,1.0,0,,,0.9855888786944923,0.9489588377885488,0.9753837216757386,1,1.0,0.8333333333333334,1.0,1.0,0.9822010728023332,0.9846361969871666,0.9973217090526661
seed,1,2,2017-2020,-1,weighted,PI,xgboost,diag,14,3,4,0.75,0.5,0.7142857142857143,1.0,0.75,0,,GenHlth,0.7964801299318095,0.6408937593274027,0.8345685013243773,0,1.0,1.0,1.0,0.7,0.932090416580674,0.9287557992355704,0.9569791970182596
seed,1,3,2017-2020,-1,weighted,PI,xgboost,diag,14,3,4,0.75,0.6,0.8571428571428571,1.0,0.75,0,,GenHlth,0.825803764623378,0.6974298018536286,0.8413908023602074,0,0.8,0.8333333333333334,0.8571428571428571,0.8,0.9128071644857099,0.9018035845450307,0.9473439741139937
seed,1,4,2017-2020,-1,weighted,PI,xgboost,diag,14,3,3,0.5,0.6,1.0,0.6666666666666666,1.0,1,HighChol,GenHlth,0.906722638927526,0.7845469379628214,0.8824584306293982,0,0.8,0.8333333333333334,1.0,0.8,0.9285504249174317,0.9155935158354749,0.9489577168166036
seed,2,3,2017-2020,-1,weighted,PI,xgboost,diag,14,4,4,1.0,0.8,0.8333333333333334,1.0,1.0,0,,,0.9343457004663004,0.8463889584616802,0.9226368160561031,0,0.8,0.8333333333333334,0.8571428571428571,0.9,0.9470449923249598,0.9509658300063641,0.9895762332285771
seed,2,4,2017-2020,-1,weighted,PI,xgboost,diag,14,4,3,0.75,0.5,0.7142857142857143,1.0,0.75,0,HighChol,,0.9032710716703473,0.7888934916555407,0.8972130096025881,0,0.8,0.8333333333333334,1.0,0.9,0.9438753263606741,0.9494845083555705,0.9899870095182596
seed,3,4,2017-2020,-1,weighted,PI,xgboost,diag,14,4,3,0.75,0.6,0.8571428571428571,1.0,0.75,0,HighChol,,0.906737164036081,0.8211597929591752,0.9088509903379284,0,0.8,0.8333333333333334,0.8571428571428571,0.9,0.9420682043766186,0.9453785934112935,0.988935672346317
seed,0,1,2017-2020,-1,weighted,PI,xgboost,lab,14,1,1,1.0,0.0,0.46153846153846156,1.0,1.0,0,,,0.15633955841297587,0.13710212427677043,0.35301907359617496,0,0.4,0.5,0.42857142857142855,0.8,0.7006887301285671,0.611040068608523,0.7115521834393903
seed,0,2,2017-2020,-1,weighted,PI,xgboost,lab,14,1,2,0.5,0.14285714285714285,0.5454545454545454,1.0,0.5,0,,GenHlth,0.5942435040375784,0.5098127419345817,0.6863386344049411,0,0.6,0.6666666666666666,0.7142857142857143,0.9,0.8490394827369121,0.816258044447769,0.9057868902473395
seed,0,3,2017-2020,-1,weighted,PI,xgboost,lab,14,1,2,0.5,0.6,0.7,1.0,0.5,0,,BMI,0.8183398760679205,0.658090196528498,0.674394648396119,0,0.8,0.8333333333333334,0.8571428571428571,1.0,0.8280157744642855,0.7434272914285714,0.7499581473214286
seed,0,4,2017-2020,-1,weighted,PI,xgboost,lab,14,1,2,0.5,0.3333333333333333,0.5454545454545454,1.0,0.5,0,,BMI,0.3932278517503412,0.31104537612089966,0.48300100829563536,0,0.6,0.5,0.7142857142857143,0.8,0.7403158088469122,0.6506560863322138,0.7205763867751172
seed,1,2,2017-2020,-1,weighted,PI,xgboost,lab,14,1,2,0.5,0.2857142857142857,0.45454545454545453,1.0,0.5,0,,GenHlth,0.31924239820590966,0.252326039748372,0.39363270927999594,0,0.6,0.6666666666666666,0.5714285714285714,0.8,0.7554479556642812,0.6766794438466183,0.7376357027846284
seed,1,3,2017-2020,-1,weighted,PI,xgboost,lab,14,1,2,0.5,0.2857142857142857,0.45454545454545453,1.0,0.5,0,,BMI,0.047619047619047616,0.02857142857142857,0.2677264818805608,0,0.4,0.3333333333333333,0.42857142857142855,0.8,0.709072230128567,0.6257174019418562,0.7245730167727237
seed,1,4,2017-2020,-1,weighted,PI,xgboost,lab,14,1,2,0.5,0.5,0.6,1.0,0.5,0,,BMI,0.2705443059996426,0.22038926600773592,0.38811303171273714,0,0.6,0.6666666666666666,0.5714285714285714,0.8,0.7526390484151901,0.6733888217084364,0.737191810739174
seed,2,3,2017-2020,-1,weighted,PI,xgboost,lab,14,2,2,0.3333333333333333,0.25,0.5555555555555556,0.5,1.0,1,GenHlth,BMI,0.5928787395252607,0.47809144373375745,0.5626943191273714,0,0.4,0.6666666666666666,0.7142857142857143,0.9,0.7698961939869124,0.6824502577811026,0.7333585048306727
seed,2,4,2017-2020,-1,weighted,PI,xgboost,lab,14,2,2,0.3333333333333333,0.25,0.5555555555555556,0.5,1.0,1,GenHlth,BMI,0.702318074686798,0.5784812208497497,0.6627008181663878,0,0.8,0.6666666666666666,0.7142857142857143,0.8,0.8132872778469125,0.7499576898877692,0.7869392339973394
seed,3,4,2017-2020,-1,weighted,PI,xgboost,lab,14,2,2,1.0,0.6666666666666666,0.75,1.0,1.0,0,,,0.6573751996657983,0.5574552022548613,0.7293142411432798,0,0.6,0.6666666666666666,0.8571428571428571,0.8,0.8721780343826264,0.8481781282369754,0.922701572787022
seed,0,1,2017-2020,-1,weighted,PI,xgboost,total,14,3,2,0.6666666666666666,0.5,0.75,1.0,0.6666666666666666,0,GenHlth,,0.8448849997066709,0.6629935441317959,0.7990455980218153,0,0.8,0.8333333333333334,0.8571428571428571,0.8,0.8825608757357097,0.8441131312116974,0.8488739220306604
seed,0,2,2017-2020,-1,weighted,PI,xgboost,total,14,3,3,1.0,0.2857142857142857,0.4444444444444444,1.0,1.0,0,,,0.6909559615740898,0.536388187521209,0.7552986452219872,0,0.8,0.8333333333333334,0.7142857142857143,0.7,0.8667943727583365,0.8419410042308952,0.8620268837065713
seed,0,3,2017-2020,-1,weighted,PI,xgboost,total,14,3,3,1.0,0.2,0.6,1.0,1.0,0,,,0.8052158591341524,0.6733804983414345,0.8097092923031494,0,0.8,0.8333333333333334,0.7142857142857143,0.9,0.8964316939869121,0.8626742577811024,0.8630460048306728
seed,0,4,2017-2020,-1,weighted,PI,xgboost,total,14,3,3,1.0,0.5,0.625,1.0,1.0,0,,,0.8067164655164019,0.6481039922301568,0.7827486686411189,0,0.8,0.8333333333333334,0.7142857142857143,0.8,0.8663797160960032,0.828709375137062,0.8470619454872383
seed,1,2,2017-2020,-1,weighted,PI,xgboost,total,14,2,3,0.6666666666666666,0.42857142857142855,0.625,1.0,0.6666666666666666,0,,GenHlth,0.8972424988276754,0.7528565130839536,0.8769076952181076,0,1.0,1.0,0.8571428571428571,0.9,0.9429958738258688,0.9441389945348488,0.9818732265997893
seed,1,3,2017-2020,-1,weighted,PI,xgboost,total,14,2,3,0.6666666666666666,0.4,0.7777777777777778,1.0,0.6666666666666666,0,,GenHlth,0.9320556374749615,0.8463889584616802,0.9223662346542677,0,1.0,1.0,0.8571428571428571,0.9,0.9537575540758689,0.9531101447570711,0.9825785217386781
seed,1,4,2017-2020,-1,weighted,PI,xgboost,total,14,2,3,0.6666666666666666,0.6666666666666666,0.8571428571428571,1.0,0.6666666666666666,0,,GenHlth,0.9522167947657848,0.8803594037315453,0.946402556425469,1,1.0,1.0,0.8571428571428571,0.9,0.9671995850758688,0.9749818745348489,0.9979865078497893
seed,2,3,2017-2020,-1,weighted,PI,xgboost,total,14,3,3,1.0,0.4,0.6666666666666666,1.0,1.0,0,,,0.8960901239800512,0.8314971796756813,0.9267334639085822,1,1.0,1.0,0.8571428571428571,0.8,0.9627706644857097,0.9717769178783642,0.997864807447327
seed,2,4,2017-2020,-1,weighted,PI,xgboost,total,14,3,3,1.0,0.6666666666666666,0.7142857142857143,1.0,1.0,0,,,0.8526976900441574,0.7515580963521805,0.8803133889236113,0,1.0,1.0,0.8571428571428571,0.8,0.9429324994866188,0.9444009055179601,0.9820671827629835
seed,3,4,2017-2020,-1,weighted,PI,xgboost,total,14,3,3,1.0,0.4,0.6666666666666666,1.0,1.0,0,,,0.9668778943037801,0.920694313317863,0.9569412902615507,0,1.0,1.0,1.0,0.9,0.9699480221090908,0.9660351173559596,0.9840159406565657
seed,0,1,2017-2020,-1,weighted,SHAP,logistic_regression,diag,14,4,4,1.0,0.5,0.5714285714285714,1.0,1.0,0,,,0.9120879120879121,0.7802197802197802,0.8490527081878524,0,1.0,1.0,0.8571428571428571,0.9,0.8940084970226265,0.8495612063525311,0.8308612950092443
seed,0,2,2017-2020,-1,weighted,SHAP,logistic_regression,diag,14,4,4,1.0,0.42857142857142855,0.42857142857142855,1.0,1.0,0,,,0.8813186813186813,0.7802197802197802,0.8822414846543211,0,1.0,1.0,0.8571428571428571,0.8,0.9303513231326264,0.9231485815703089,0.9555466248703554
seed,0,3,2017-2020,-1,weighted,SHAP,logistic_regression,diag,14,4,4,1.0,0.42857142857142855,0.42857142857142855,1.0,1.0,0,,,0.9164835164835166,0.8021978021978022,0.892839133935015,0,1.0,1.0,0.8571428571428571,0.9,0.9402042392726264,0.9310758161303088,0.9561325623703554
seed,0,4,2017-2020,-1,weighted,SHAP,logistic_regression,diag,14,4,4,1.0,0.8,0.8333333333333334,1.0,1.0,0,,,0.9032967032967033,0.8021978021978022,0.9151073337854798,1,1.0,1.0,0.8571428571428571,0.8,0.9659404684866189,0.9737291757401823,0.9979091966518725
seed,1,2,2017-2020,-1,weighted,SHAP,logistic_regression,diag,14,4,4,1.0,0.8,0.8333333333333334,1.0,1.0,0,,,0.9780219780219781,0.9120879120879122,0.9288284959116112,0,1.0,1.0,0.8571428571428571,0.9,0.9387508118242855,0.9060975466463492,0.8735692584325397
seed,1,3,2017-2020,-1,weighted,SHAP,logistic_regression,diag,14,4,4,1.0,0.5,0.5714285714285714,1.0,1.0,0,,,0.9120879120879121,0.8021978021978022,0.877119616841038,0,1.0,1.0,0.8571428571428571,0.9,0.9236235853233765,0.893659528784531,0.8725483067279943
seed,1,4,2017-2020,-1,weighted,SHAP,logistic_regression,diag,14,4,4,1.0,0.6,0.7142857142857143,1.0,1.0,0,,,0.9252747252747253,0.8021978021978022,0.8585628164568077,0,1.0,1.0,0.8571428571428571,0.9,0.8988165966782777,0.8534025070384448,0.8311879066029457
seed,2,3,2017-2020,-1,weighted,SHAP,logistic_regression,diag,14,4,4,1.0,0.42857142857142855,0.42857142857142855,1.0,1.0,0,,,0.9032967032967033,0.8021978021978022,0.9042793878810274,1,1.0,1.0,0.8571428571428571,0.9,0.9638406163233766,0.9699312585623088,0.9973312928391054
seed,2,4,2017-2020,-1,weighted,SHAP,logistic_regression,diag,14,4,4,1.0,0.5,0.5714285714285714,1.0,1.0,0,,,0.9428571428571428,0.8461538461538461,0.9112463202925791,0,1.0,1.0,0.8571428571428571,0.9,0.948599565678278,0.937130777260667,0.9564049204918347
seed,3,4,2017-2020,-1,weighted,SHAP,logistic_regression,diag,14,4,4,1.0,0.2857142857142857,0.375,1.0,1.0,0,,,0.8417582417582418,0.6483516483516484,0.8209510055749771,0,1.0,1.0,0.8571428571428571,0.8,0.9260109075373688,0.9197947443944046,0.9553405660095114
seed,0,1,2017-2020,-1,weighted,SHAP,logistic_regression,lab,14,4,4,1.0,0.4,0.625,1.0,1.0,0,,,0.7406593406593407,0.5824175824175825,0.7841003946225871,0,1.0,0.8333333333333334,0.7142857142857143,0.8,0.9097480048460029,0.9027838284703955,0.9517819975705717
seed,0,2,2017-2020,-1,weighted,SHAP,logistic_regression,lab,14,4,3,0.75,0.4,0.75,1.0,0.75,0,Sex,,0.8197802197802198,0.6703296703296704,0.8417485369632317,0,0.8,0.8333333333333334,0.8571428571428571,0.9,0.9394531160758688,0.9439469376459602,0.9889153272942337
seed,0,3,2017-2020,-1,weighted,SHAP,logistic_regression,lab,14,4,4,1.0,0.8,0.8333333333333334,1.0,1.0,0,,,0.8637362637362638,0.8021978021978022,0.9064407492675708,1,1.0,0.8333333333333334,0.8571428571428571,0.9,0.9599731733766186,0.9654908636335156,0.9954026862352059
seed,0,4,2017-2020,-1,weighted,SHAP,logistic_regression,lab,14,4,4,1.0,0.6,0.7142857142857143,1.0,1.0,0,,,0.8989010989010989,0.7802197802197802,0.8701892509116509,0,1.0,0.8333333333333334,0.8571428571428571,0.9,0.9149731733766187,0.8854908636335155,0.8704026862352059
seed,1,2,2017-2020,-1,weighted,SHAP,logistic_regression,lab,14,4,3,0.75,0.5,0.875,1.0,0.75,0,Sex,,0.8241758241758241,0.6483516483516484,0.8248470756234898,0,0.8,1.0,0.8571428571428571,0.8,0.9200335761849598,0.911294595446364,0.9499277957285771
seed,1,3,2017-2020,-1,weighted,SHAP,logistic_regression,lab,14,4,4,1.0,0.3333333333333333,0.5,1.0,1.0,0,,,0.7846153846153847,0.6483516483516484,0.8192248969294593,0,1.0,0.8333333333333334,0.7142857142857143,0.8,0.9075754699499954,0.90172660575138,0.9517726075465333
seed,1,4,2017-2020,-1,weighted,SHAP,logistic_regression,lab,14,4,4,1.0,0.4,0.625,1.0,1.0,0,,,0.7890109890109891,0.6263736263736264,0.7784279944584384,0,1.0,0.8333333333333334,0.8571428571428571,0.8,0.8749504532357095,0.8329447045450309,0.8281056928639937
seed,2,3,2017-2020,-1,weighted,SHAP,logistic_regression,lab,14,3,4,0.75,0.3333333333333333,0.625,1.0,0.75,0,,Sex,0.9032967032967033,0.7802197802197802,0.8839005000417199,0,0.8,0.8333333333333334,0.7142857142857143,1.0,0.9431333639809045,0.9443013896220871,0.9881342710566344
seed,2,4,2017-2020,-1,weighted,SHAP,logistic_regression,lab,14,3,4,0.75,0.4,0.75,1.0,0.75,0,,Sex,0.8769230769230769,0.7582417582417583,0.8557183117786942,0,0.8,0.8333333333333334,1.0,0.9,0.909443187662333,0.8765966922049442,0.8652687576637773
seed,3,4,2017-2020,-1,weighted,SHAP,logistic_regression,lab,14,4,4,1.0,0.5,0.5714285714285714,1.0,1.0,0,,,0.9076923076923077,0.8021978021978022,0.8696844759002265,0,1.0,0.8333333333333334,0.7142857142857143,0.9,0.9061900710376622,0.8752470335464357,0.8688280686327562
seed,0,1,2017-2020,-1,weighted,SHAP,logistic_regression,total,14,4,4,1.0,0.6,0.7142857142857143,1.0,1.0,0,,,0.9032967032967033,0.8021978021978022,0.8884241086952798,0,1.0,1.0,1.0,0.9,0.9297915993615831,0.9024717031062774,0.8741025792783607
seed,0,2,2017-2020,-1,weighted,SHAP,logistic_regression,total,14,4,4,1.0,0.6,0.7142857142857143,1.0,1.0,0,,,0.9428571428571428,0.8461538461538461,0.9097409235196598,0,1.0,1.0,1.0,0.9,0.9345745683615831,0.9061999733284998,0.8743195931672495
seed,0,3,2017-2020,-1,weighted,SHAP,logistic_regression,total,14,4,4,1.0,1.0,1.0,1.0,1.0,0,,,0.9428571428571428,0.8021978021978022,0.8921188989694356,0,1.0,1.0,0.8571428571428571,1.0,0.9320525012158689,0.9029091090948489,0.8735724453497893
seed,0,4,2017-2020,-1,weighted,SHAP,logistic_regression,total,14,4,4,1.0,0.75,0.8571428571428571,1.0,1.0,0,,,0.9428571428571428,0.8241758241758242,0.8914699587967303,0,0.8,1.0,1.0,1.0,0.9205438042515832,0.8887720576662776,0.8679502355283607
seed,1,2,2017-2020,-1,weighted,SHAP,logistic_regression,total,14,4,4,1.0,0.6,0.7142857142857143,1.0,1.0,0,,,0.9868131868131869,0.9560439560439562,0.9787741746626577,1,1.0,1.0,1.0,1.0,0.9892383197499999,0.9910288497777779,0.9992947048611112
seed,1,3,2017-2020,-1,weighted,SHAP,logistic_regression,total,14,4,4,1.0,0.6,0.7142857142857143,1.0,1.0,0,,,0.9252747252747253,0.8241758241758242,0.9210301191614341,1,1.0,1.0,0.8571428571428571,0.9,0.9676467926773689,0.9741169158432934,0.9978101840650669
seed,1,4,2017-2020,-1,weighted,SHAP,logistic_regression,total,14,4,4,1.0,0.75,0.8571428571428571,1.0,1.0,0,,,0.9516483516483516,0.8461538461538461,0.9220385531516139,0,0.8,1.0,1.0,0.9,0.9674591458599999,0.9682322249955557,0.9927300347222222
seed,2,3,2017-2020,-1,weighted,SHAP,logistic_regression,total,14,4,4,1.0,0.6,0.7142857142857143,1.0,1.0,0,,,0.956043956043956,0.8681318681318682,0.9416269616161572,1,1.0,1.0,0.8571428571428571,0.9,0.9724297616773689,0.9778451860655155,0.9980271979539559
seed,2,4,2017-2020,-1,weighted,SHAP,logistic_regression,total,14,4,4,1.0,0.75,0.8571428571428571,1.0,1.0,0,,,0.9648351648351648,0.8901098901098902,0.9416513830369204,0,0.8,1.0,1.0,0.9,0.97224211486,0.9719604952177778,0.9929470486111112
seed,3,4,2017-2020,-1,weighted,SHAP,logistic_regression,total,14,4,4,1.0,0.75,0.8571428571428571,1.0,1.0,0,,,0.9736263736263736,0.8901098901098902,0.9434490490712342,0,0.8,1.0,0.8571428571428571,1.0,0.967964935567369,0.9678738108477378,0.9920918680928448
seed,0,1,2017-2020,-1,weighted,SHAP,random_forest,diag,14,4,4,1.0,0.5,0.75,1.0,1.0,0,,,0.9252747252747253,0.8461538461538461,0.9218349100139576,1,1.0,0.8333333333333334,0.8571428571428571,0.9,0.9657580656782778,0.9688747772606672,0.9954674204918347
seed,0,2,2017-2020,-1,weighted,SHAP,random_forest,diag,14,4,4,1.0,0.75,0.8571428571428571,1.0,1.0,0,,,0.9384615384615385,0.8461538461538461,0.9253229059993912,1,1.0,0.8333333333333334,0.8571428571428571,1.0,0.967017182267528,0.9701274760553338,0.9955447316897513
seed,0,3,2017-2020,-1,weighted,SHAP,random_forest,diag,14,4,4,1.0,0.5,0.75,1.0,1.0,0,,,0.9780219780219781,0.9120879120879122,0.9558943889094188,1,1.0,1.0,0.8571428571428571,1.0,0.9832594704633766,0.9853150335667533,0.9983512581168832
seed,0,4,2017-2020,-1,weighted,SHAP,random_forest,diag,14,4,4,1.0,0.4,0.625,1.0,1.0,0,,,0.956043956043956,0.8681318681318682,0.9264260714685002,1,1.0,0.8333333333333334,0.7142857142857143,0.9,0.9651215552885712,0.9661704416304762,0.9945777529761904
seed,1,2,2017-2020,-1,weighted,SHAP,random_forest,diag,14,4,4,1.0,0.6666666666666666,0.875,1.0,1.0,0,,,0.9780219780219781,0.9120879120879122,0.9594458674590411,1,1.0,1.0,0.8571428571428571,0.9,0.9799399812735357,0.9831512811032381,0.9982776460193452
seed,1,3,2017-2020,-1,weighted,SHAP,random_forest,diag,14,4,4,1.0,0.3333333333333333,0.7777777777777778,1.0,1.0,0,,,0.9076923076923077,0.8021978021978022,0.8996609164505776,1,1.0,0.8333333333333334,0.8571428571428571,0.9,0.9625882616773687,0.9669225193988489,0.9954230312872893
seed,1,4,2017-2020,-1,weighted,SHAP,random_forest,diag,14,4,4,1.0,0.25,0.6666666666666666,1.0,1.0,0,,,0.9604395604395607,0.8461538461538461,0.9232823387370542,1,1.0,0.8333333333333334,0.8571428571428571,0.9,0.9717367769282779,0.9741176572606671,0.9959557017418347
seed,2,3,2017-2020,-1,weighted,SHAP,random_forest,diag,14,4,4,1.0,0.25,0.6666666666666666,1.0,1.0,0,,,0.9032967032967033,0.7582417582417583,0.8784672591137033,1,1.0,0.8333333333333334,0.7142857142857143,1.0,0.9502766527309046,0.9554425096220871,0.9938959898066344
seed,2,4,2017-2020,-1,weighted,SHAP,random_forest,diag,14,4,4,1.0,0.5,0.75,1.0,1.0,0,,,0.9428571428571428,0.8461538461538461,0.9274035847888424,1,1.0,0.8333333333333334,0.8571428571428571,0.9,0.9631429773775277,0.9674431214953338,0.9954470754397513
seed,3,4,2017-2020,-1,weighted,SHAP,random_forest,diag,14,4,4,1.0,0.25,0.6666666666666666,1.0,1.0,0,,,0.956043956043956,0.8681318681318682,0.9300685395051603,1,1.0,0.8333333333333334,0.8571428571428571,0.9,0.9695437655733765,0.9717080123400865,0.9956494352002165
seed,0,1,2017-2020,-1,weighted,SHAP,random_forest,lab,14,4,3,0.75,0.6666666666666666,0.8333333333333334,1.0,0.75,0,GenHlth,,0.9736263736263736,0.8901098901098902,0.9230370741457311,0,1.0,0.8333333333333334,0.8571428571428571,1.0,0.9523966817133767,0.93696858023342,0.9545687060335499
seed,0,2,2017-2020,-1,weighted,SHAP,random_forest,lab,14,4,3,0.75,0.6666666666666666,0.8333333333333334,1.0,0.75,0,Income,,0.9824175824175824,0.9340659340659341,0.9642964736847046,1,1.0,0.8333333333333334,0.8571428571428571,1.0,0.9793966817133763,0.9796352469000866,0.9962353727002166
seed,0,3,2017-2020,-1,weighted,SHAP,random_forest,lab,14,4,4,1.0,0.8,0.8333333333333334,1.0,1.0,0,,,0.9824175824175824,0.9340659340659341,0.9642964736847046,1,1.0,0.8333333333333334,0.8571428571428571,1.0,0.9793966817133763,0.9796352469000866,0.9962353727002166
seed,0,4,2017-2020,-1,weighted,SHAP,random_forest,lab,14,4,3,0.75,0.6666666666666666,0.8333333333333334,1.0,0.75,0,Income,,0.9824175824175824,0.9340659340659341,0.9642964736847046,1,1.0,0.8333333333333334,0.8571428571428571,1.0,0.9793966817133763,0.9796352469000866,0.9962353727002166
seed,1,2,2017-2020,-1,weighted,SHAP,random_forest,lab,14,3,3,0.5,0.6666666666666666,1.0,0.6666666666666666,1.0,1,Income,GenHlth,0.9912087912087912,0.9560439560439562,0.9597263199039373,0,1.0,1.0,0.8571428571428571,1.0,0.9654079857142857,0.9498435047619047,0.957217261904762
seed,1,3,2017-2020,-1,weighted,SHAP,random_forest,lab,14,3,4,0.75,0.8,1.0,1.0,0.75,0,,GenHlth,0.9912087912087912,0.9560439560439562,0.9597263199039373,0,1.0,1.0,0.8571428571428571,1.0,0.9654079857142857,0.9498435047619047,0.957217261904762
seed,1,4,2017-2020,-1,weighted,SHAP,random_forest,lab,14,3,3,0.5,0.6666666666666666,1.0,0.6666666666666666,1.0,1,Income,GenHlth,0.9912087912087912,0.9560439560439562,0.9597263199039373,0,1.0,1.0,0.8571428571428571,1.0,0.9654079857142857,0.9498435047619047,0.957217261904762
seed,2,3,2017-2020,-1,weighted,SHAP,random_forest,lab,14,3,4,0.75,0.8,1.0,1.0,0.75,0,,Income,1.0,1.0,1.0,1,1.0,1.0,1.0,1.0,0.9999999999999998,1.0000000000000002,1.0
seed,2,4,2017-2020,-1,weighted,SHAP,random_forest,lab,14,3,3,1.0,1.0,1.0,1.0,1.0,0,,,1.0,1.0,1.0,1,1.0,1.0,1.0,1.0,0.9999999999999998,1.0000000000000002,1.0
seed,3,4,2017-2020,-1,weighted,SHAP,random_forest,lab,14,4,3,0.75,0.8,1.0,1.0,0.75,0,Income,,1.0,1.0,1.0,1,1.0,1.0,1.0,1.0,0.9999999999999998,1.0000000000000002,1.0
seed,0,1,2017-2020,-1,weighted,SHAP,random_forest,total,14,4,4,1.0,0.75,0.8571428571428571,1.0,1.0,0,,,0.9780219780219781,0.9120879120879122,0.9486322986813286,0,1.0,1.0,1.0,1.0,0.9672151076983408,0.953949419706182,0.9582685990767046
seed,0,2,2017-2020,-1,weighted,SHAP,random_forest,total,14,4,5,0.8,0.3333333333333333,0.5714285714285714,1.0,0.8,0,,Diabetes_self,0.9472527472527472,0.8241758241758242,0.9097363280910216,0,1.0,1.0,1.0,1.0,0.9542808925523332,0.9439210467649441,0.9575539139137773
seed,0,3,2017-2020,-1,weighted,SHAP,random_forest,total,14,4,4,1.0,0.75,0.8571428571428571,1.0,1.0,0,,,0.9780219780219781,0.9120879120879122,0.9486322986813286,0,1.0,1.0,1.0,1.0,0.9672151076983408,0.953949419706182,0.9582685990767046
seed,0,4,2017-2020,-1,weighted,SHAP,random_forest,total,14,4,4,1.0,0.75,0.8571428571428571,1.0,1.0,0,,,0.9824175824175824,0.9340659340659341,0.9565456267964434,0,1.0,1.0,1.0,1.0,0.9672151076983408,0.953949419706182,0.9582685990767046
seed,1,2,2017-2020,-1,weighted,SHAP,random_forest,total,14,4,5,0.8,0.5,0.6666666666666666,1.0,0.8,0,,Diabetes_self,0.9780219780219781,0.9120879120879122,0.9611749303086835,1,1.0,1.0,1.0,1.0,0.9870657848539921,0.9899716270587624,0.9992853148370727
seed,1,3,2017-2020,-1,weighted,SHAP,random_forest,total,14,4,4,1.0,1.0,1.0,1.0,1.0,0,,,1.0,1.0,1.0,1,1.0,1.0,1.0,1.0,0.9999999999999998,1.0000000000000002,1.0
seed,1,4,2017-2020,-1,weighted,SHAP,random_forest,total,14,4,4,1.0,1.0,1.0,1.0,1.0,0,,,0.9956043956043955,0.9780219780219781,0.9917558010229293,1,1.0,1.0,1.0,1.0,0.9968301959990908,0.9980477421381819,0.9999556107954546
seed,2,3,2017-2020,-1,weighted,SHAP,random_forest,total,14,5,4,0.8,0.5,0.6666666666666666,1.0,0.8,0,Diabetes_self,,0.9780219780219781,0.9120879120879122,0.9611749303086835,1,1.0,1.0,1.0,1.0,0.9870657848539921,0.9899716270587624,0.9992853148370727
seed,2,4,2017-2020,-1,weighted,SHAP,random_forest,total,14,5,4,0.8,0.5,0.6666666666666666,1.0,0.8,0,Diabetes_self,,0.9736263736263736,0.8901098901098902,0.9529307313316128,1,1.0,1.0,1.0,1.0,0.9838959808530832,0.9880193691969443,0.9992409256325273
seed,3,4,2017-2020,-1,weighted,SHAP,random_forest,total,14,4,4,1.0,1.0,1.0,1.0,1.0,0,,,0.9956043956043955,0.9780219780219781,0.9917558010229293,1,1.0,1.0,1.0,1.0,0.9968301959990908,0.9980477421381819,0.9999556107954546
seed,0,1,2017-2020,-1,weighted,SHAP,xgboost,diag,14,4,4,1.0,0.8,0.8333333333333334,1.0,1.0,0,,,0.9868131868131869,0.9340659340659341,0.9557846238139444,0,1.0,1.0,1.0,0.9,0.9665107068092498,0.9532173230080001,0.95821533203125
seed,0,2,2017-2020,-1,weighted,SHAP,xgboost,diag,14,4,4,1.0,0.8,0.8333333333333334,1.0,1.0,0,,,0.9384615384615385,0.8461538461538461,0.9284015805911152,1,1.0,0.8333333333333334,0.8571428571428571,0.8,0.9642502146326264,0.9691066117925311,0.9958027012592443
seed,0,3,2017-2020,-1,weighted,SHAP,xgboost,diag,14,4,4,1.0,0.8,0.8333333333333334,1.0,1.0,0,,,0.9868131868131869,0.9340659340659341,0.9609450275788085,0,0.8,1.0,0.8571428571428571,0.9,0.9754117808242857,0.9734418168685715,0.9925362723214286
seed,0,4,2017-2020,-1,weighted,SHAP,xgboost,diag,14,4,4,1.0,1.0,1.0,1.0,1.0,0,,,0.9604395604395607,0.8901098901098902,0.9552993465497424,1,1.0,1.0,0.8571428571428571,0.9,0.9805763536266188,0.9853846805224045,0.9987121480407614
seed,1,2,2017-2020,-1,weighted,SHAP,xgboost,diag,14,4,4,1.0,1.0,1.0,1.0,1.0,0,,,0.9604395604395607,0.8681318681318682,0.91759129426243,0,1.0,0.8333333333333334,0.8571428571428571,0.9,0.9437395078233766,0.9305559554511977,0.9542540358946611
seed,1,3,2017-2020,-1,weighted,SHAP,xgboost,diag,14,4,4,1.0,1.0,1.0,1.0,1.0,0,,,0.9824175824175824,0.9120879120879122,0.9347952004555513,0,0.8,1.0,0.8571428571428571,1.0,0.9496708974135357,0.9320278489965714,0.9509469168526786
seed,1,4,2017-2020,-1,weighted,SHAP,xgboost,diag,14,4,4,1.0,0.8,0.8333333333333334,1.0,1.0,0,,,0.956043956043956,0.8681318681318682,0.929199543949662,0,1.0,1.0,0.8571428571428571,1.0,0.9548354702158688,0.9439707126504044,0.9571227925720115
seed,2,3,2017-2020,-1,weighted,SHAP,xgboost,diag,14,4,4,1.0,1.0,1.0,1.0,1.0,0,,,0.9340659340659341,0.8241758241758242,0.9059186429252817,0,0.8,0.8333333333333334,0.8571428571428571,0.9,0.9550024195226265,0.9554069663525311,0.9896503575092443
seed,2,4,2017-2020,-1,weighted,SHAP,xgboost,diag,14,4,4,1.0,0.8,0.8333333333333334,1.0,1.0,0,,,0.9164835164835166,0.7802197802197802,0.9014694145666817,1,1.0,0.8333333333333334,0.8571428571428571,0.9,0.9633367963258688,0.9693020878681824,0.9958706224331226
seed,3,4,2017-2020,-1,weighted,SHAP,xgboost,diag,14,4,4,1.0,0.8,0.8333333333333334,1.0,1.0,0,,,0.9736263736263736,0.9120879120879122,0.9597562558390664,0,0.8,1.0,1.0,1.0,0.9789205728023331,0.9791748636538333,0.9936758757193328
seed,0,1,2017-2020,-1,weighted,SHAP,xgboost,lab,14,3,3,0.5,0.5,0.8571428571428571,0.6666666666666666,1.0,1,GenHlth,Sex,0.9736263736263736,0.8901098901098902,0.9338834674137171,0,1.0,1.0,0.8571428571428571,1.0,0.9548401244126266,0.942731320912531,0.9569355137592443
seed,0,2,2017-2020,-1,weighted,SHAP,xgboost,lab,14,3,3,1.0,0.6666666666666666,0.7142857142857143,1.0,1.0,0,,,0.9516483516483516,0.8681318681318682,0.9363914554175475,0,0.8,1.0,1.0,0.9,0.9664572225583408,0.9685765815906264,0.9928823143544824
seed,0,3,2017-2020,-1,weighted,SHAP,xgboost,lab,14,3,4,0.75,0.6666666666666666,0.8333333333333334,1.0,0.75,0,,Sex,0.9780219780219781,0.9120879120879122,0.9568084853145529,0,0.8,1.0,1.0,1.0,0.976310138698341,0.9765038161506265,0.9934682518544824
seed,0,4,2017-2020,-1,weighted,SHAP,xgboost,lab,14,3,3,1.0,0.8,0.8571428571428571,1.0,1.0,0,,,0.9692307692307693,0.8901098901098902,0.9428582082463128,0,0.8,1.0,0.8571428571428571,1.0,0.9675223821626266,0.96749937780142,0.9920809130647998
seed,1,2,2017-2020,-1,weighted,SHAP,xgboost,lab,14,3,3,0.5,0.2857142857142857,0.625,0.6666666666666666,1.0,1,Sex,GenHlth,0.9736263736263736,0.8901098901098902,0.9220795181154752,0,0.8,1.0,0.8571428571428571,0.9,0.9424330695742855,0.9255322702019046,0.950381324404762
seed,1,3,2017-2020,-1,weighted,SHAP,xgboost,lab,14,3,4,0.75,0.5,0.7142857142857143,1.0,0.75,0,,GenHlth,0.9736263736263736,0.8901098901098902,0.9265234289066511,0,0.8,1.0,0.8571428571428571,1.0,0.9465010934126266,0.9300755911347534,0.9509025276481332
seed,1,4,2017-2020,-1,weighted,SHAP,xgboost,lab,14,3,3,0.5,0.6,1.0,0.6666666666666666,1.0,1,Sex,GenHlth,0.9780219780219781,0.9120879120879122,0.9338253680659331,0,0.8,1.0,1.0,1.0,0.9491163197499999,0.9319781831111111,0.9513780381944446
seed,2,3,2017-2020,-1,weighted,SHAP,xgboost,lab,14,3,4,0.75,0.6666666666666666,0.8333333333333334,1.0,0.75,0,,Sex,0.9736263736263736,0.9120879120879122,0.9639056653035094,1,1.0,1.0,1.0,0.9,0.9843621915583409,0.9886888518128485,0.9993493282433712
seed,2,4,2017-2020,-1,weighted,SHAP,xgboost,lab,14,3,3,1.0,0.5,0.625,1.0,1.0,0,,,0.9516483516483516,0.8901098901098902,0.9454816071579447,1,1.0,1.0,0.8571428571428571,0.9,0.9717933893242856,0.9756117866463492,0.9975926959325397
seed,3,4,2017-2020,-1,weighted,SHAP,xgboost,lab,14,4,3,0.75,0.5,0.7142857142857143,1.0,0.75,0,Sex,,0.9648351648351648,0.8901098901098902,0.9501525321238515,1,1.0,1.0,0.8571428571428571,1.0,0.9758614131626266,0.9801551075791977,0.998113899175911
seed,0,1,2017-2020,-1,weighted,SHAP,xgboost,total,14,4,4,1.0,0.8,0.8333333333333334,1.0,1.0,0,,,0.9868131868131869,0.9340659340659341,0.9720630763282972,1,1.0,1.0,0.8571428571428571,1.0,0.9870656468173689,0.989500690847738,0.9988301493428448
seed,0,2,2017-2020,-1,weighted,SHAP,xgboost,total,14,4,4,1.0,1.0,1.0,1.0,1.0,0,,,0.9736263736263736,0.9120879120879122,0.9659334310146399,1,1.0,1.0,1.0,1.0,0.9860638615523332,0.9903159836538331,0.9994375944693328
seed,0,3,2017-2020,-1,weighted,SHAP,xgboost,total,14,4,4,1.0,1.0,1.0,1.0,1.0,0,,,0.956043956043956,0.8461538461538461,0.9283048139937892,1,1.0,0.8333333333333334,0.8571428571428571,0.9,0.9673712306773687,0.9706507896210712,0.9956400451761781
seed,0,4,2017-2020,-1,weighted,SHAP,xgboost,total,14,4,4,1.0,1.0,1.0,1.0,1.0,0,,,0.9780219780219781,0.9120879120879122,0.9629944574535194,1,1.0,1.0,0.8571428571428571,0.9,0.9831914419273688,0.9868163362877378,0.9987324930928447
seed,1,2,2017-2020,-1,weighted,SHAP,xgboost,total,14,4,4,1.0,0.8,0.8333333333333334,1.0,1.0,0,,,0.9824175824175824,0.9340659340659341,0.9684786419904403,1,1.0,1.0,0.8571428571428571,1.0,0.9838141861635357,0.9858356356632381,0.9983753022693452
seed,1,3,2017-2020,-1,weighted,SHAP,xgboost,total,14,4,4,1.0,0.8,0.8333333333333334,1.0,1.0,0,,,0.9780219780219781,0.9120879120879122,0.9568707205481113,1,1.0,0.8333333333333334,1.0,0.9,0.9771357798590907,0.9791978409115152,0.9967655066287879
seed,1,4,2017-2020,-1,weighted,SHAP,xgboost,total,14,4,4,1.0,0.8,0.8333333333333334,1.0,1.0,0,,,0.9956043956043955,0.9780219780219781,0.9909672254686008,1,1.0,1.0,1.0,0.9,0.9961257951099998,0.9973156454400001,0.99990234375
seed,2,3,2017-2020,-1,weighted,SHAP,xgboost,total,14,4,4,1.0,1.0,1.0,1.0,1.0,0,,,0.9472527472527472,0.8461538461538461,0.9241952534605384,1,1.0,0.8333333333333334,0.8571428571428571,0.9,0.9669286772726264,0.9702763565747532,0.9956290901481332
seed,2,4,2017-2020,-1,weighted,SHAP,xgboost,total,14,4,4,1.0,1.0,1.0,1.0,1.0,0,,,0.9780219780219781,0.9120879120879122,0.9594458674590411,1,1.0,1.0,0.8571428571428571,0.9,0.9799399812735357,0.9831512811032381,0.9982776460193452
seed,3,4,2017-2020,-1,weighted,SHAP,xgboost,total,14,4,4,1.0,1.0,1.0,1.0,1.0,0,,,0.9868131868131869,0.9340659340659341,0.9659393394228889,1,1.0,0.8333333333333334,1.0,1.0,0.981009984749091,0.9818821954715153,0.996863162878788
seed,0,1,2021-2023,-1,unweighted,PI,logistic_regression,diag,14,4,4,1.0,0.6666666666666666,0.875,1.0,1.0,0,,,0.7853563751222478,0.6631278625510342,0.8603606560721553,1,1.0,1.0,0.8571428571428571,0.8,0.9553726071849598,0.9666169918908085,0.9976274485063548
seed,0,2,2021-2023,-1,unweighted,PI,logistic_regression,diag,14,4,4,1.0,0.6666666666666666,0.875,1.0,1.0,0,,,0.8685130592100404,0.7528565130839536,0.881667334161571,0,1.0,1.0,1.0,0.8,0.943362678771424,0.936600079783126,0.9573142122092317
seed,0,3,2021-2023,-1,unweighted,PI,logistic_regression,diag,14,4,4,1.0,1.0,1.0,1.0,1.0,0,,,0.8712876559475042,0.7292928985449755,0.873797216439488,0,1.0,1.0,0.8571428571428571,0.8,0.9391342874349597,0.9329214754463642,0.9566660769785771
seed,0,4,2021-2023,-1,unweighted,PI,logistic_regression,diag,14,4,4,1.0,1.0,1.0,1.0,1.0,0,,,0.8590308370044053,0.7666666666666666,0.8838187940875395,0,1.0,1.0,0.8571428571428571,0.9,0.9401995850758689,0.9323152078681822,0.9563198411831226
seed,1,2,2021-2023,-1,unweighted,PI,logistic_regression,diag,14,4,4,1.0,0.5,0.75,1.0,1.0,0,,,0.7076051511622982,0.5549967480754563,0.7933369268597992,0,1.0,1.0,0.8571428571428571,0.7,0.9153498870440506,0.9140708328023237,0.9553304551351428
seed,1,3,2021-2023,-1,unweighted,PI,logistic_regression,diag,14,4,4,1.0,0.6666666666666666,0.875,1.0,1.0,0,,,0.90450027951839,0.8072874289182654,0.9053500467282815,0,1.0,1.0,1.0,0.9,0.9504066876623329,0.9412366922049442,0.9574562576637773
seed,1,4,2021-2023,-1,unweighted,PI,logistic_regression,diag,14,4,4,1.0,0.6666666666666666,0.875,1.0,1.0,0,,,0.8710113905392634,0.7545937746270389,0.8795706710013826,0,1.0,1.0,0.8571428571428571,0.8,0.9357706644857096,0.9291102512116973,0.9561981407806603
seed,2,3,2021-2023,-1,unweighted,PI,logistic_regression,diag,14,4,4,1.0,0.6666666666666666,0.875,1.0,1.0,0,,,0.8410677998713362,0.759883265655046,0.8949238642480266,1,1.0,1.0,0.8571428571428571,0.8,0.9601602303817174,0.9691058703751574,0.9976571835824765
seed,2,4,2021-2023,-1,unweighted,PI,logistic_regression,diag,14,4,4,1.0,0.6666666666666666,0.875,1.0,1.0,0,,,0.8375736626987412,0.7528565130839536,0.8938611576377342,1,1.0,1.0,0.8571428571428571,0.8,0.9601602303817174,0.9691058703751574,0.9976571835824765
seed,3,4,2021-2023,-1,unweighted,PI,logistic_regression,diag,14,4,4,1.0,1.0,1.0,1.0,1.0,0,,,0.968097395497227,0.8839913921757279,0.9449758740969716,1,1.0,1.0,0.8571428571428571,0.9,0.9793852655733766,0.9826306790067532,0.9982536018668832
seed,0,1,2021-2023,-1,unweighted,PI,logistic_regression,lab,14,1,1,1.0,0.8,0.8888888888888888,1.0,1.0,0,,,0.7738359201773837,0.5795454545454545,0.7063817391844952,0,1.0,0.8333333333333334,0.8571428571428571,0.9,0.8262016008249597,0.7622024664508086,0.7706743235063548
seed,0,2,2021-2023,-1,unweighted,PI,logistic_regression,lab,14,1,1,1.0,0.8,0.8888888888888888,1.0,1.0,0,,,0.8234075836010719,0.6704852344015113,0.8502103378207315,1,1.0,0.8333333333333334,0.8571428571428571,0.9,0.9482095698249597,0.9568640700063642,0.9948496707285771
seed,0,3,2021-2023,-1,unweighted,PI,logistic_regression,lab,14,1,1,1.0,0.8,0.8888888888888888,1.0,1.0,0,,,0.8884127765381535,0.7746829608553244,0.867877212051542,0,1.0,0.8333333333333334,0.8571428571428571,0.9,0.9149731733766187,0.8854908636335155,0.8704026862352059
seed,0,4,2021-2023,-1,unweighted,PI,logistic_regression,lab,14,1,1,1.0,0.5,0.7,1.0,1.0,0,,,0.5669769980921885,0.48562215456602426,0.6896518240236582,0,0.8,0.6666666666666666,0.7142857142857143,0.8,0.8663869699499953,0.8488199390847133,0.9272934408798665
seed,1,2,2021-2023,-1,unweighted,PI,logistic_regression,lab,14,1,1,1.0,1.0,1.0,1.0,1.0,0,,,0.8984635027496951,0.7375337578416624,0.772563113899729,0,1.0,0.8333333333333334,0.8571428571428571,0.9,0.8459179773775278,0.7765097881620006,0.7714887421064179
seed,1,3,2021-2023,-1,unweighted,PI,logistic_regression,lab,14,1,1,1.0,1.0,1.0,1.0,1.0,0,,,0.9174312843145254,0.7746829608553244,0.8127828557064981,0,1.0,1.0,0.8571428571428571,1.0,0.8526577019126265,0.7839788942458644,0.7736672845925776
seed,1,4,2021-2023,-1,unweighted,PI,logistic_regression,lab,14,1,1,1.0,0.6,0.8,1.0,1.0,0,,,0.6071564703979341,0.4740597223144523,0.6564567169462114,0,0.8,0.6666666666666666,0.7142857142857143,0.8,0.8175807935960031,0.7646342818037287,0.801814549653905
seed,2,3,2021-2023,-1,unweighted,PI,logistic_regression,lab,14,1,1,1.0,1.0,1.0,1.0,1.0,0,,,0.9245015142006147,0.8300279198737096,0.8891815138372277,0,1.0,0.8333333333333334,0.8571428571428571,0.9,0.9149731733766187,0.8854908636335155,0.8704026862352059
seed,2,4,2021-2023,-1,unweighted,PI,logistic_regression,lab,14,1,1,1.0,0.6,0.8,1.0,1.0,0,,,0.6978208544687333,0.6026230103192687,0.7373715062013566,0,0.8,0.6666666666666666,0.7142857142857143,0.9,0.8750441438399954,0.8552325638669354,0.9276081110187555
seed,3,4,2021-2023,-1,unweighted,PI,logistic_regression,lab,14,1,1,1.0,0.6,0.8,1.0,1.0,0,,,0.5955056179775281,0.5647058823529412,0.6722681599656744,0,0.8,0.6666666666666666,0.8571428571428571,0.8,0.8371302303817174,0.7826098703751573,0.8039071835824765
seed,0,1,2021-2023,-1,unweighted,PI,logistic_regression,total,14,4,3,0.75,0.4,0.75,1.0,0.75,0,GenHlth,,0.835920177383592,0.7159090909090908,0.8723505265418906,0,0.8,1.0,0.8571428571428571,0.8,0.9448656954857098,0.9516646476561419,0.991397793558438
seed,0,2,2021-2023,-1,unweighted,PI,logistic_regression,total,14,4,4,1.0,0.75,0.8571428571428571,1.0,1.0,0,,,0.9379157427937918,0.8636363636363635,0.9403654630307186,1,1.0,0.8333333333333334,1.0,0.8,0.9718422289183406,0.9765964403639598,0.9969187726878157
seed,0,3,2021-2023,-1,unweighted,PI,logistic_regression,total,14,4,3,0.75,0.5,0.875,1.0,0.75,0,GenHlth,,0.9823495300334504,0.9386793281621157,0.9753292860712373,1,1.0,1.0,1.0,0.9,0.9865552029132421,0.9910984967334291,0.9996555947849893
seed,0,4,2021-2023,-1,unweighted,PI,logistic_regression,total,14,4,3,0.75,0.75,1.0,1.0,0.75,0,GenHlth,,0.977827050997783,0.9318181818181818,0.9693577047872599,1,1.0,1.0,1.0,0.9,0.9853641148599999,0.9883444952177778,0.9991970486111111
seed,1,2,2021-2023,-1,unweighted,PI,logistic_regression,total,14,3,4,0.75,0.3333333333333333,0.625,1.0,0.75,0,,GenHlth,0.7694013303769403,0.6249999999999999,0.8309133106050792,0,0.8,0.8333333333333334,0.8571428571428571,0.8,0.9292393031840507,0.9373580673623239,0.9887288926351427
seed,1,3,2021-2023,-1,unweighted,PI,logistic_regression,total,14,3,3,1.0,0.75,0.875,1.0,1.0,0,,,0.8543129620740343,0.7151842500282787,0.8753392057869492,0,0.8,1.0,0.8571428571428571,0.9,0.9509077810749598,0.9566456166730308,0.9916921186452438
seed,1,4,2021-2023,-1,unweighted,PI,logistic_regression,total,14,3,3,1.0,0.6,0.75,1.0,1.0,0,,,0.9024390243902441,0.7840909090909091,0.9039353314391466,0,0.8,1.0,0.8571428571428571,0.9,0.9595015806257097,0.9633201524383641,0.992200744947327
seed,2,3,2021-2023,-1,unweighted,PI,logistic_regression,total,14,4,3,0.75,0.4,0.75,1.0,0.75,0,GenHlth,,0.9470290974929217,0.8716308047219646,0.9431594811009256,1,1.0,0.8333333333333334,1.0,0.9,0.9735438989123331,0.9782235722049444,0.9970070389137773
seed,2,4,2021-2023,-1,unweighted,PI,logistic_regression,total,14,4,3,0.75,0.6,0.8571428571428571,1.0,0.75,0,GenHlth,,0.9157427937915744,0.8409090909090908,0.9288110357165743,1,1.0,0.8333333333333334,1.0,0.9,0.9697377225583406,0.9740379149239597,0.9965281476878157
seed,3,4,2021-2023,-1,unweighted,PI,logistic_regression,total,14,3,3,1.0,0.75,0.875,1.0,1.0,0,,,0.9911796381685825,0.9610288359754996,0.9832706364799656,1,1.0,1.0,1.0,1.0,0.9892336655532421,0.9922682415156514,0.9994819836738782
seed,0,1,2021-2023,-1,unweighted,PI,random_forest,diag,14,4,5,0.8,0.4,0.7142857142857143,1.0,0.8,0,,Diabetes_self,0.9082922832959965,0.7865665062071158,0.8614594389808254,0,1.0,1.0,0.8571428571428571,0.8,0.9027154684866188,0.8681291757401821,0.8572841966518725
seed,0,2,2021-2023,-1,unweighted,PI,random_forest,diag,14,4,5,0.8,0.5,0.8571428571428571,1.0,0.8,0,,Diabetes_self,0.9028785568172611,0.7822327734684299,0.8767400553521523,0,1.0,0.8333333333333334,1.0,0.8,0.9186909827723331,0.8902963376449442,0.8714211014137773
seed,0,3,2021-2023,-1,unweighted,PI,random_forest,diag,14,4,4,1.0,0.5,0.75,1.0,1.0,0,,,0.787139689578714,0.6704545454545454,0.828668263963281,0,1.0,1.0,0.8571428571428571,0.8,0.9070089842357099,0.8828057676561418,0.872159512308438
seed,0,4,2021-2023,-1,unweighted,PI,random_forest,diag,14,4,4,1.0,0.5,0.75,1.0,1.0,0,,,0.83665274580377,0.692834742214895,0.8291317810005678,0,1.0,1.0,0.8571428571428571,0.8,0.9149664114333764,0.8872469040023088,0.8722336365891054
seed,1,2,2021-2023,-1,unweighted,PI,random_forest,diag,14,5,5,1.0,0.75,0.8333333333333334,1.0,1.0,0,,,0.9240929684291711,0.795592252958155,0.8969625970829114,0,1.0,0.8333333333333334,0.8571428571428571,0.9,0.9465311423766187,0.9436191338557378,0.9799947001240947
seed,1,3,2021-2023,-1,unweighted,PI,random_forest,diag,14,5,4,0.8,0.16666666666666666,0.5,1.0,0.8,0,Diabetes_self,,0.7535953007395008,0.6180165405913052,0.8212445593866164,0,1.0,1.0,0.8571428571428571,0.7,0.9272993452417173,0.9318503655929351,0.9812292321935877
seed,1,4,2021-2023,-1,unweighted,PI,random_forest,diag,14,5,4,0.8,0.4,0.7142857142857143,1.0,0.8,0,Diabetes_self,,0.853685885120282,0.7292928985449755,0.8768371420255952,0,1.0,1.0,1.0,0.8,0.9473547097714239,0.9499384762275704,0.9831388649870094
seed,2,3,2021-2023,-1,unweighted,PI,random_forest,diag,14,5,4,0.8,0.2,0.625,1.0,0.8,0,Diabetes_self,,0.7086161778443542,0.5810872031479765,0.8097839846363283,1,1.0,0.8333333333333334,0.8571428571428571,0.7,0.9335103103457096,0.945470476207253,0.9942406755028826
seed,2,4,2021-2023,-1,unweighted,PI,random_forest,diag,14,5,4,0.8,0.5,0.8571428571428571,1.0,0.8,0,Diabetes_self,,0.8681318681318682,0.7582417582417583,0.8895446054952529,1,1.0,0.8333333333333334,0.8571428571428571,0.9,0.9551902043766187,0.9617625934112934,0.9951856723463169
seed,3,4,2021-2023,-1,unweighted,PI,random_forest,diag,14,4,4,1.0,0.5,0.75,1.0,1.0,0,,,0.8763882324118647,0.759883265655046,0.895170617823361,1,1.0,1.0,0.8571428571428571,0.8,0.9599617572366188,0.9684862957401823,0.9974209154018725
seed,0,1,2021-2023,-1,unweighted,PI,random_forest,lab,14,2,3,0.25,0.0,0.5454545454545454,0.5,0.6666666666666666,1,BMI,"HighChol,Stroke",0.4786622713819361,0.43514440057370535,0.5674826618066459,0,0.4,0.5,0.5714285714285714,0.8,0.7540651143111978,0.6860777742052296,0.7697966868743236
seed,0,2,2021-2023,-1,unweighted,PI,random_forest,lab,14,2,3,0.25,0.0,0.6363636363636364,0.5,0.6666666666666666,1,BMI,"Sex,Stroke",0.5402985074626865,0.4727272727272727,0.624416002120693,0,0.6,0.6666666666666666,0.7142857142857143,0.9,0.8200966020376621,0.7595614299908803,0.7962152214105339
seed,0,3,2021-2023,-1,unweighted,PI,random_forest,lab,14,2,3,0.6666666666666666,0.42857142857142855,0.4444444444444444,1.0,0.6666666666666666,0,,HighChol,0.5923271642636555,0.497468338163091,0.6815510589945822,0,0.6,0.6666666666666666,0.5714285714285714,0.6,0.7876083240826219,0.7689229170994666,0.9024147185279999
seed,0,4,2021-2023,-1,unweighted,PI,random_forest,lab,14,2,4,0.5,0.3333333333333333,0.4,1.0,0.5,0,,"HighChol,Income",0.5068221089274098,0.44559367029645347,0.6534953344507479,0,0.4,0.5,0.5714285714285714,0.8,0.795895310310289,0.7641255163434114,0.894752297669778
seed,1,2,2021-2023,-1,unweighted,PI,random_forest,lab,14,3,3,0.5,0.0,0.5454545454545454,0.6666666666666666,1.0,1,HighChol,Sex,0.5497778088443952,0.4673773191347205,0.6114173381159309,0,0.6,0.5,0.5714285714285714,0.8,0.7671871143111979,0.7024617742052296,0.7760466868743237
seed,1,3,2021-2023,-1,unweighted,PI,random_forest,lab,14,3,3,0.5,0.25,0.5,0.6666666666666666,1.0,1,Stroke,BMI,0.6931187409374212,0.5543478937468665,0.6660610202612613,0,0.4,0.6666666666666666,0.8571428571428571,0.8,0.7818948959349596,0.7165101118908087,0.7752641672563547
seed,1,4,2021-2023,-1,unweighted,PI,random_forest,lab,14,3,4,0.4,0.14285714285714285,0.4444444444444444,0.6666666666666666,0.75,1,Stroke,"BMI,Income",0.5209758056084728,0.4332001127219817,0.6115551802538037,0,0.4,0.6666666666666666,0.7142857142857143,0.8,0.7882390200969123,0.7187042996655469,0.7747105013584504
seed,2,3,2021-2023,-1,unweighted,PI,random_forest,lab,14,3,3,0.2,0.125,0.4444444444444444,0.3333333333333333,1.0,1,"Sex,Stroke","BMI,HighChol",0.6795095174453192,0.525895100343839,0.6089393412945937,0,0.8,0.8333333333333334,0.7142857142857143,0.7,0.7639695275092455,0.6946605083149356,0.7465656305500056
seed,2,4,2021-2023,-1,unweighted,PI,random_forest,lab,14,3,4,0.16666666666666666,0.0,0.5555555555555556,0.3333333333333333,0.75,1,"Sex,Stroke","BMI,HighChol,Income",0.5994393471070378,0.44559367029645347,0.5322226388614457,0,0.6,0.6666666666666666,0.7142857142857143,0.9,0.7722565137369124,0.6898631075588803,0.7389032096917838
seed,3,4,2021-2023,-1,unweighted,PI,random_forest,lab,14,3,4,0.75,0.3333333333333333,0.2857142857142857,1.0,0.75,0,,Income,0.6696169387802602,0.5281232255962063,0.7686771193955884,0,0.8,0.8333333333333334,0.8571428571428571,0.7,0.9225561910449598,0.931383090664142,0.9881873443396882
seed,0,1,2021-2023,-1,unweighted,PI,random_forest,total,14,4,3,0.75,0.75,1.0,1.0,0.75,0,GenHlth,,0.8696629213483145,0.7529411764705882,0.8736287574257715,0,0.8,0.8333333333333334,1.0,0.8,0.9265590904706742,0.9249284240177928,0.9744813671571485
seed,0,2,2021-2023,-1,unweighted,PI,random_forest,total,14,4,5,0.8,0.2857142857142857,0.42857142857142855,1.0,0.8,0,,Diabetes_self,0.9843970714907683,0.9365570123773327,0.9676875482866159,1,1.0,0.8333333333333334,1.0,1.0,0.9783948964483407,0.980450539706182,0.9968428178267046
seed,0,3,2021-2023,-1,unweighted,PI,random_forest,total,14,4,3,0.75,0.75,1.0,1.0,0.75,0,GenHlth,,0.8999338632774765,0.8003267306650412,0.9174597955386417,1,1.0,0.8333333333333334,1.0,0.8,0.9607149977197649,0.9702030461559747,0.9968002592026031
seed,0,4,2021-2023,-1,unweighted,PI,random_forest,total,14,4,4,1.0,0.6,0.7142857142857143,1.0,1.0,0,,,0.848233304232408,0.7399956641006084,0.8899979239192929,1,1.0,1.0,0.8571428571428571,0.8,0.9601555761849598,0.9703452621130308,0.9978444623952437
seed,1,2,2021-2023,-1,unweighted,PI,random_forest,total,14,3,5,0.6,0.25,0.42857142857142855,1.0,0.6,0,,"Diabetes_self,GenHlth",0.8973415481616526,0.7746829608553245,0.8765649737981968,0,0.8,0.8333333333333334,1.0,0.8,0.932537801720674,0.9301713040177928,0.9749696484071485
seed,1,3,2021-2023,-1,unweighted,PI,random_forest,total,14,3,3,1.0,1.0,1.0,1.0,1.0,0,,,0.8787982101226285,0.7431605356175384,0.857974681440949,0,0.8,0.8333333333333334,1.0,0.9,0.9352209185574318,0.9301016570621414,0.9746087584832702
seed,1,4,2021-2023,-1,unweighted,PI,random_forest,total,14,3,4,0.75,0.5,0.7142857142857143,1.0,0.75,0,,GenHlth,0.781267517056165,0.6590586383396044,0.8240875601748225,0,0.8,0.8333333333333334,0.8571428571428571,0.8,0.9139902882366189,0.9118513588512935,0.9727247348463169
seed,2,3,2021-2023,-1,unweighted,PI,random_forest,total,14,5,3,0.6,0.25,0.42857142857142855,1.0,0.6,0,"Diabetes_self,GenHlth",,0.8972424988276754,0.8202764993302779,0.9276833571751077,1,1.0,1.0,1.0,0.8,0.9703626787714239,0.9792667464497928,0.9989808788758984
seed,2,4,2021-2023,-1,unweighted,PI,random_forest,total,14,5,4,0.8,0.375,0.3333333333333333,1.0,0.8,0,Diabetes_self,,0.8093126385809314,0.6931818181818181,0.8613466810644659,1,1.0,0.8333333333333334,0.8571428571428571,0.8,0.9443353649349597,0.9541797154463643,0.9947520144785771
seed,3,4,2021-2023,-1,unweighted,PI,random_forest,total,14,3,4,0.75,0.5,0.7142857142857143,1.0,0.75,0,,GenHlth,0.8685130592100404,0.7978031705815032,0.9039792383364611,1,1.0,0.8333333333333334,0.8571428571428571,0.9,0.9599731733766186,0.9654908636335156,0.9954026862352059
seed,0,1,2021-2023,-1,unweighted,PI,xgboost,diag,14,4,4,1.0,0.6666666666666666,0.875,1.0,1.0,0,,,0.7629213483146067,0.6235294117647059,0.7909028379669345,0,1.0,1.0,0.8571428571428571,0.7,0.8703498870440507,0.8340708328023236,0.8303304551351428
seed,0,2,2021-2023,-1,unweighted,PI,xgboost,diag,14,4,4,1.0,0.5,0.75,1.0,1.0,0,,,0.884499044836165,0.7618064470073773,0.8780540756356106,0,1.0,1.0,1.0,0.8,0.9313413900214238,0.9045096264497927,0.8744691601258984
seed,0,3,2021-2023,-1,unweighted,PI,xgboost,diag,14,4,5,0.8,0.25,0.75,1.0,0.8,0,,Diabetes_self,0.879910612920252,0.77746025264604,0.87960526959812,0,1.0,1.0,1.0,0.8,0.9259173944715833,0.8997873485462775,0.8740049230283606
seed,0,4,2021-2023,-1,unweighted,PI,xgboost,diag,14,4,5,0.8,0.5,1.0,1.0,0.8,0,,Diabetes_self,0.7932330358113024,0.6748947576580414,0.8414080638436099,0,1.0,1.0,0.8571428571428571,0.7,0.9211347793457096,0.9174547464294751,0.9553951893917715
seed,1,2,2021-2023,-1,unweighted,PI,xgboost,diag,14,4,4,1.0,0.4,0.625,1.0,1.0,0,,,0.7289338861966386,0.5798825193638245,0.802038044749654,0,1.0,1.0,0.8571428571428571,0.7,0.9185196910449598,0.9160230906641418,0.9553748443396882
seed,1,3,2021-2023,-1,unweighted,PI,xgboost,diag,14,4,5,0.8,0.5,0.8571428571428571,1.0,0.8,0,,Diabetes_self,0.8287400842295675,0.7088608185890366,0.8592771606108374,0,1.0,1.0,0.8571428571428571,0.8,0.9283726071849598,0.9239503252241419,0.9559607818396881
seed,1,4,2021-2023,-1,unweighted,PI,xgboost,diag,14,4,5,0.8,0.3333333333333333,0.875,1.0,0.8,0,,Diabetes_self,0.920513981385609,0.8074633707694425,0.8384761254302928,0,1.0,1.0,0.8571428571428571,0.9,0.8999872082726266,0.854804086352531,0.8313495762592443
seed,2,3,2021-2023,-1,unweighted,PI,xgboost,diag,14,4,5,0.8,0.4,0.7142857142857143,1.0,0.8,0,,Diabetes_self,0.8316836715862541,0.7071931137405822,0.8805971928426879,1,1.0,1.0,1.0,0.9,0.966838826360674,0.9767911750222371,0.9988411761849262
seed,2,4,2021-2023,-1,unweighted,PI,xgboost,diag,14,4,5,0.8,0.25,0.75,1.0,0.8,0,,Diabetes_self,0.6945574157615151,0.5241424183609591,0.748050084138832,0,1.0,1.0,0.8571428571428571,0.7,0.8687367220449598,0.8322948204419196,0.8301578304507994
seed,3,4,2021-2023,-1,unweighted,PI,xgboost,diag,14,5,5,1.0,0.3333333333333333,0.75,1.0,1.0,0,,,0.7920819352129796,0.6558798109978861,0.8024326289514743,0,1.0,1.0,0.8571428571428571,0.8,0.8833726071849597,0.8439503252241418,0.8309607818396881
seed,0,1,2021-2023,-1,unweighted,PI,xgboost,lab,14,2,2,0.3333333333333333,0.2857142857142857,0.5,0.5,1.0,1,BMI,HighChol,0.45595238095238094,0.36842105263157887,0.5455788721891188,0,0.6,0.6666666666666666,0.7142857142857143,0.7,0.7426191925083363,0.6691298540086729,0.7378840885676824
seed,0,2,2021-2023,-1,unweighted,PI,xgboost,lab,14,2,3,0.25,0.4,0.6,0.5,0.6666666666666666,1,BMI,"Income,MentHlth",0.48333333333333334,0.40789473684210514,0.5167324282844912,0,0.6,0.6666666666666666,0.7142857142857143,0.7,0.7565553309560031,0.67881387035484,0.7384464940983495
seed,0,3,2021-2023,-1,unweighted,PI,xgboost,lab,14,2,2,1.0,0.5,0.6666666666666666,1.0,1.0,0,,,0.80152204696864,0.6771111667693441,0.7933374911339459,0,0.8,0.6666666666666666,0.8571428571428571,0.8,0.8559478031840506,0.8325687340289902,0.9132080593018094
seed,0,4,2021-2023,-1,unweighted,PI,xgboost,lab,14,2,2,1.0,0.2857142857142857,0.5,1.0,1.0,0,,,0.6336499800572734,0.5050353737560759,0.6975318325864495,0,0.8,0.6666666666666666,0.7142857142857143,0.7,0.8356939655092455,0.8138610487593798,0.9110621583277834
seed,1,2,2021-2023,-1,unweighted,PI,xgboost,lab,14,2,3,0.25,0.3333333333333333,0.6666666666666666,0.5,0.6666666666666666,1,HighChol,"Income,MentHlth",0.42142857142857143,0.3552631578947368,0.46722910289771385,0,0.6,0.6666666666666666,0.7142857142857143,0.7,0.7517677077592455,0.6763249918704911,0.7384167590222278
seed,1,3,2021-2023,-1,unweighted,PI,xgboost,lab,14,2,2,0.3333333333333333,0.42857142857142855,0.75,0.5,1.0,1,HighChol,BMI,0.6435077005662511,0.5320159167473418,0.63014295647176,0,0.8,0.6666666666666666,0.8571428571428571,0.8,0.7859218649349597,0.7103397154463643,0.746314514478577
seed,1,4,2021-2023,-1,unweighted,PI,xgboost,lab,14,2,2,0.3333333333333333,0.25,0.5555555555555556,0.5,1.0,1,HighChol,BMI,0.6222122547854814,0.4809860702438818,0.6604336688903268,0,0.8,0.8333333333333334,0.7142857142857143,0.8,0.7996267013992455,0.7437397997638245,0.7885469673555612
seed,2,3,2021-2023,-1,unweighted,PI,xgboost,lab,14,3,2,0.25,0.6,0.875,0.5,0.6666666666666666,1,"Income,MentHlth",BMI,0.6572480785142848,0.5561984584176756,0.6498124206175432,0,0.8,0.8333333333333334,0.8571428571428571,0.8,0.8131974269349598,0.7564725083352531,0.7901513200341327
seed,2,4,2021-2023,-1,unweighted,PI,xgboost,lab,14,3,2,0.25,0.3333333333333333,0.5,0.5,0.6666666666666666,1,"Income,MentHlth",BMI,0.3591445735342669,0.26454233863413495,0.4669576236209715,0,0.8,0.6666666666666666,0.5714285714285714,0.8,0.7523842798644402,0.679370015720881,0.7427161705482018
seed,3,4,2021-2023,-1,unweighted,PI,xgboost,lab,14,2,2,1.0,0.42857142857142855,0.5555555555555556,1.0,1.0,0,,,0.7458750388035453,0.5966941897186163,0.7917250470325483,0,1.0,0.8333333333333334,0.7142857142857143,0.8,0.9015967586999956,0.89648372575138,0.9512843262965333
seed,0,1,2021-2023,-1,unweighted,PI,xgboost,total,14,4,3,0.75,0.4,0.75,1.0,0.75,0,GenHlth,,0.8309648898248145,0.7317272966080377,0.8764498269947647,1,1.0,0.8333333333333334,0.8571428571428571,0.9,0.9434266008249597,0.9531357997841419,0.9946326568396882
seed,0,2,2021-2023,-1,unweighted,PI,xgboost,total,14,4,4,1.0,0.75,0.8571428571428571,1.0,1.0,0,,,0.8743485989321341,0.7431605356175384,0.8648051652229363,0,1.0,0.8333333333333334,0.8571428571428571,0.8,0.9185311071849598,0.9130276585574753,0.9533566151730215
seed,0,3,2021-2023,-1,unweighted,PI,xgboost,total,14,4,3,0.75,0.75,1.0,1.0,0.75,0,GenHlth,,0.9344944241596344,0.870927053138519,0.9339485914012142,0,1.0,1.0,1.0,0.8,0.944739621470674,0.9485068204622371,0.9831185199349262
seed,0,4,2021-2023,-1,unweighted,PI,xgboost,total,14,4,4,1.0,0.5,0.75,1.0,1.0,0,,,0.7886935835151184,0.6631278625510342,0.8235766659023771,0,1.0,1.0,0.8571428571428571,0.8,0.9070089842357099,0.8828057676561418,0.872159512308438
seed,1,2,2021-2023,-1,unweighted,PI,xgboost,total,14,3,4,0.75,0.3333333333333333,0.625,1.0,0.75,0,,GenHlth,0.7808370044052864,0.6555555555555556,0.814202791086214,0,1.0,0.8333333333333334,0.7142857142857143,0.8,0.9183371501999953,0.9106977559736023,0.9524779026854222
seed,1,3,2021-2023,-1,unweighted,PI,xgboost,total,14,3,3,1.0,0.6,0.75,1.0,1.0,0,,,0.7980869524816316,0.689202437604511,0.8498640006625741,0,1.0,0.8333333333333334,0.8571428571428571,0.7,0.9202620982940506,0.9254577128023236,0.9792562363851428
seed,1,4,2021-2023,-1,unweighted,PI,xgboost,total,14,3,4,0.75,0.75,1.0,1.0,0.75,0,,GenHlth,0.8975770925110133,0.7888888888888889,0.876576750104522,0,1.0,0.8333333333333334,1.0,0.8,0.9186909827723331,0.8902963376449442,0.8714211014137773
seed,2,3,2021-2023,-1,unweighted,PI,xgboost,total,14,4,3,0.75,0.6,0.8571428571428571,1.0,0.75,0,GenHlth,,0.9343457004663004,0.8222064167913465,0.8897869975531973,0,1.0,0.8333333333333334,0.8571428571428571,0.8,0.9110677874349598,0.8963988087796975,0.9384369103119105
seed,2,4,2021-2023,-1,unweighted,PI,xgboost,total,14,4,4,1.0,0.4,0.625,1.0,1.0,0,,,0.6806167400881058,0.5222222222222221,0.733584788844321,0,1.0,0.8333333333333334,0.7142857142857143,0.7,0.8560861767592456,0.8176105954260466,0.8266546062444501
seed,3,4,2021-2023,-1,unweighted,PI,xgboost,total,14,3,4,0.75,0.4,0.75,1.0,0.75,0,,GenHlth,0.8026670784643095,0.6650198959341772,0.8138911855493878,0,1.0,1.0,0.8571428571428571,0.9,0.8948260698249597,0.8621867366730307,0.8568288373952437
seed,0,1,2021-2023,-1,unweighted,SHAP,logistic_regression,diag,14,5,5,1.0,0.8333333333333334,0.75,1.0,1.0,0,,,0.9252747252747253,0.8021978021978022,0.8550916266103941,0,1.0,0.8333333333333334,0.8571428571428571,1.0,0.8940199131626265,0.8465657742458643,0.8288430658425777
seed,0,2,2021-2023,-1,unweighted,SHAP,logistic_regression,diag,14,5,5,1.0,0.6666666666666666,0.6,1.0,1.0,0,,,0.9516483516483516,0.8461538461538461,0.8966462496148867,0,1.0,0.8333333333333334,1.0,0.9,0.9273528108590907,0.895469570689293,0.8715484927398991
seed,0,3,2021-2023,-1,unweighted,SHAP,logistic_regression,diag,14,5,4,0.8,0.2857142857142857,0.42857142857142855,1.0,0.8,0,Diabetes_self,,0.9164835164835166,0.8021978021978022,0.8741207057606784,0,1.0,0.8333333333333334,0.8571428571428571,0.9,0.9171457082726264,0.886548086352531,0.8704120762592443
seed,0,4,2021-2023,-1,unweighted,SHAP,logistic_regression,diag,14,5,4,0.8,0.2857142857142857,0.42857142857142855,1.0,0.8,0,Diabetes_self,,0.8769230769230769,0.7362637362637363,0.8501101819665007,0,1.0,0.8333333333333334,0.8571428571428571,0.9,0.9101902043766188,0.8817625934112934,0.8701856723463169
seed,1,2,2021-2023,-1,unweighted,SHAP,logistic_regression,diag,14,5,5,1.0,0.8,0.8,1.0,1.0,0,,,0.9340659340659341,0.8241758241758242,0.8986009480106685,0,1.0,1.0,0.8571428571428571,0.9,0.9481570122735354,0.9367563442143492,0.9563939654637897
seed,1,3,2021-2023,-1,unweighted,SHAP,logistic_regression,diag,14,5,4,0.8,0.3333333333333333,0.5714285714285714,1.0,0.8,0,Diabetes_self,,0.956043956043956,0.8681318681318682,0.9197018433380302,0,1.0,1.0,0.8571428571428571,0.9,0.9507721005742855,0.9381879999796825,0.9564143105158731
seed,1,4,2021-2023,-1,unweighted,SHAP,logistic_regression,diag,14,5,4,0.8,0.3333333333333333,0.5714285714285714,1.0,0.8,0,Diabetes_self,,0.8681318681318682,0.7582417582417583,0.8770936198447415,0,1.0,1.0,0.8571428571428571,0.9,0.9354166160758688,0.9285869376459599,0.9561028272942337
seed,2,3,2021-2023,-1,unweighted,SHAP,logistic_regression,diag,14,5,4,0.8,0.4,0.7142857142857143,1.0,0.8,0,Diabetes_self,,0.9252747252747253,0.8241758241758242,0.9175352956820236,1,1.0,1.0,0.8571428571428571,0.9,0.9643953320235354,0.9704518606587937,0.9973553369915674
seed,2,4,2021-2023,-1,unweighted,SHAP,logistic_regression,diag,14,5,4,0.8,0.4,0.7142857142857143,1.0,0.8,0,Diabetes_self,,0.9692307692307693,0.8901098901098902,0.9544427586515674,1,1.0,1.0,0.8571428571428571,1.0,0.9796675895166189,0.9843407648601823,0.9985927904018725
seed,3,4,2021-2023,-1,unweighted,SHAP,logistic_regression,diag,14,4,4,1.0,0.5,0.75,1.0,1.0,0,,,0.8549450549450549,0.7142857142857144,0.8718520739399216,1,1.0,1.0,0.8571428571428571,0.9,0.9564379048258689,0.9660107243126268,0.9972812127109003
seed,0,1,2021-2023,-1,unweighted,SHAP,logistic_regression,lab,14,3,3,1.0,0.25,0.3333333333333333,1.0,1.0,0,,,0.767032967032967,0.6043956043956044,0.7432459179956263,0,0.6,0.8333333333333334,0.7142857142857143,0.9,0.8511532097360031,0.809766849697062,0.8404213204872384
seed,0,2,2021-2023,-1,unweighted,SHAP,logistic_regression,lab,14,3,3,1.0,0.6666666666666666,0.7142857142857143,1.0,1.0,0,,,0.8505494505494505,0.6923076923076924,0.8004893343712001,0,0.8,0.6666666666666666,0.8571428571428571,0.9,0.8737846733766188,0.8325841969668488,0.8459235195685392
seed,0,3,2021-2023,-1,unweighted,SHAP,logistic_regression,lab,14,3,3,1.0,0.5714285714285714,0.5714285714285714,1.0,1.0,0,,,0.7186813186813187,0.5384615384615384,0.7460942303146115,0,0.8,0.8333333333333334,0.7142857142857143,0.7,0.8545480840083364,0.8215838842308951,0.8468901649565713
seed,0,4,2021-2023,-1,unweighted,SHAP,logistic_regression,lab,14,3,3,1.0,0.5,0.42857142857142855,1.0,1.0,0,,,0.9032967032967033,0.7582417582417583,0.8672354406809271,0,0.8,1.0,0.8571428571428571,0.9,0.9330483320235354,0.9284678606587937,0.9754803369915674
seed,1,2,2021-2023,-1,unweighted,SHAP,logistic_regression,lab,14,3,3,1.0,0.14285714285714285,0.4,1.0,1.0,0,,,0.6395604395604396,0.4725274725274726,0.6879625175832589,0,0.6,0.6666666666666666,0.5714285714285714,0.8,0.8724791367159401,0.8657538108071028,0.9611704891245907
seed,1,3,2021-2023,-1,unweighted,SHAP,logistic_regression,lab,14,3,3,1.0,0.5,0.625,1.0,1.0,0,,,0.5868131868131868,0.45054945054945056,0.6975324320734921,0,0.6,0.6666666666666666,0.7142857142857143,0.7,0.8823694763099954,0.8776611311913798,0.9631007325465333
seed,1,4,2021-2023,-1,unweighted,SHAP,logistic_regression,lab,14,3,3,1.0,0.42857142857142855,0.5,1.0,1.0,0,,,0.8285714285714285,0.6703296703296704,0.8003978853412983,0,0.8,0.8333333333333334,0.8571428571428571,0.9,0.8826289042717175,0.8426118284907127,0.8484926870546988
seed,2,3,2021-2023,-1,unweighted,SHAP,logistic_regression,lab,14,3,3,1.0,0.5,0.625,1.0,1.0,0,,,0.7318681318681319,0.5824175824175825,0.8080744175835805,1,1.0,0.8333333333333334,0.8571428571428571,0.7,0.9335103103457096,0.945470476207253,0.9942406755028826
seed,2,4,2021-2023,-1,unweighted,SHAP,logistic_regression,lab,14,3,3,1.0,0.25,0.3333333333333333,1.0,1.0,0,,,0.6967032967032967,0.5384615384615384,0.7223483375610182,0,0.8,0.6666666666666666,0.7142857142857143,0.8,0.8638030627009046,0.8337959836131981,0.8591412155010787
seed,3,4,2021-2023,-1,unweighted,SHAP,logistic_regression,lab,14,3,3,1.0,0.375,0.375,1.0,1.0,0,,,0.5736263736263736,0.38461538461538464,0.6780068496833322,0,0.8,0.8333333333333334,0.7142857142857143,0.6,0.8581371988683364,0.835528379448673,0.8617122135676825
seed,0,1,2021-2023,-1,unweighted,SHAP,logistic_regression,total,14,4,5,0.8,0.3333333333333333,0.5714285714285714,1.0,0.8,0,,Diabetes_self,0.9076923076923077,0.7582417582417583,0.8634109936701909,0,1.0,0.8333333333333334,0.8571428571428571,0.9,0.9199499613249598,0.8910781002285864,0.871043247117466
seed,0,2,2021-2023,-1,unweighted,SHAP,logistic_regression,total,14,4,4,1.0,0.6,0.7142857142857143,1.0,1.0,0,,,0.9648351648351648,0.9120879120879122,0.9679728822443074,1,1.0,1.0,1.0,0.9,0.988168367912333,0.9928745090938331,0.9998282194693328
seed,0,3,2021-2023,-1,unweighted,SHAP,logistic_regression,total,14,4,4,1.0,0.75,0.8571428571428571,1.0,1.0,0,,,0.9296703296703297,0.8021978021978022,0.880946230268132,0,1.0,0.8333333333333334,0.8571428571428571,0.9,0.919756142376619,0.8892191338557378,0.8706197001240947
seed,0,4,2021-2023,-1,unweighted,SHAP,logistic_regression,total,14,4,4,1.0,0.4,0.625,1.0,1.0,0,,,0.9252747252747253,0.8021978021978022,0.9157778724727851,1,1.0,1.0,0.8571428571428571,0.9,0.9719825540758689,0.9787101447570712,0.9982035217386781
seed,1,2,2021-2023,-1,unweighted,SHAP,logistic_regression,total,14,5,4,0.8,0.6666666666666666,0.8,1.0,0.8,0,Diabetes_self,,0.9164835164835166,0.7582417582417583,0.8644453590076867,0,1.0,0.8333333333333334,0.8571428571428571,0.9,0.9231197653258689,0.8930303580904044,0.8710876363220115
seed,1,3,2021-2023,-1,unweighted,SHAP,logistic_regression,total,14,5,4,0.8,0.5,0.6666666666666666,1.0,0.8,0,Diabetes_self,,0.9252747252747253,0.7802197802197802,0.8916929683836479,1,1.0,0.8333333333333334,0.7142857142857143,1.0,0.9610383329809045,0.9644136598443094,0.9946012849455232
seed,1,4,2021-2023,-1,unweighted,SHAP,logistic_regression,total,14,5,4,0.8,0.5,0.6666666666666666,1.0,0.8,0,Diabetes_self,,0.9120879120879121,0.7802197802197802,0.8688635353984884,0,1.0,0.8333333333333334,0.7142857142857143,0.9,0.9121641280909045,0.8817293052843092,0.8695036286955232
seed,2,3,2021-2023,-1,unweighted,SHAP,logistic_regression,total,14,4,4,1.0,0.8,0.8333333333333334,1.0,1.0,0,,,0.8857142857142857,0.7142857142857144,0.8495457976807397,0,1.0,0.8333333333333334,0.8571428571428571,0.9,0.9139712500749597,0.8858352202285862,0.870554965867466
seed,2,4,2021-2023,-1,unweighted,SHAP,logistic_regression,total,14,4,4,1.0,0.8,0.8333333333333334,1.0,1.0,0,,,0.9692307692307693,0.8901098901098902,0.9482843590844305,1,1.0,1.0,0.8571428571428571,1.0,0.9806443821626265,0.98388337780142,0.9983309130647998
seed,3,4,2021-2023,-1,unweighted,SHAP,logistic_regression,total,14,4,4,1.0,0.6,0.7142857142857143,1.0,1.0,0,,,0.9164835164835166,0.7802197802197802,0.878542952388274,0,1.0,0.8333333333333334,1.0,0.9,0.9273481566623332,0.8967089624271665,0.8717357715526661
seed,0,1,2021-2023,-1,unweighted,SHAP,random_forest,diag,14,5,5,1.0,1.0,1.0,1.0,1.0,0,,,0.9868131868131869,0.9340659340659341,0.9712745007739686,1,1.0,1.0,0.8571428571428571,0.9,0.9863612459282778,0.9887685941495561,0.9987768822973901
seed,0,2,2021-2023,-1,unweighted,SHAP,random_forest,diag,14,5,5,1.0,0.75,0.8333333333333334,1.0,1.0,0,,,0.9692307692307693,0.8681318681318682,0.9304358455513199,0,1.0,1.0,0.8571428571428571,0.9,0.963353276928278,0.9594403239273337,0.9829348684085013
seed,0,3,2021-2023,-1,unweighted,SHAP,random_forest,diag,14,5,5,1.0,1.0,1.0,1.0,1.0,0,,,0.9912087912087912,0.9560439560439562,0.9839480364685338,1,1.0,1.0,1.0,0.9,0.9939532602139922,0.9962584227209847,0.9998929537259615
seed,0,4,2021-2023,-1,unweighted,SHAP,random_forest,diag,14,5,5,1.0,0.75,0.8333333333333334,1.0,1.0,0,,,0.9604395604395607,0.8901098901098902,0.9565151656694697,1,1.0,1.0,1.0,0.8,0.9821262823230832,0.9878935400769444,0.9995338943825273
seed,1,2,2021-2023,-1,unweighted,SHAP,random_forest,diag,14,5,5,1.0,0.75,0.8333333333333334,1.0,1.0,0,,,0.9824175824175824,0.9340659340659341,0.9596392693557321,0,1.0,1.0,1.0,0.9,0.97311782611,0.9679873752177779,0.9840603298611111
seed,1,3,2021-2023,-1,unweighted,SHAP,random_forest,diag,14,5,5,1.0,1.0,1.0,1.0,1.0,0,,,0.9956043956043955,0.9780219780219781,0.9873264643054348,1,1.0,1.0,0.8571428571428571,1.0,0.9924079857142856,0.9925101714285716,0.9988839285714286
seed,1,4,2021-2023,-1,unweighted,SHAP,random_forest,diag,14,5,5,1.0,0.75,0.8333333333333334,1.0,1.0,0,,,0.9736263736263736,0.9120879120879122,0.9599772303075872,1,1.0,1.0,0.8571428571428571,0.9,0.9805810078233765,0.984145288784531,0.9985248692279943
seed,2,3,2021-2023,-1,unweighted,SHAP,random_forest,diag,14,5,5,1.0,0.75,0.8333333333333334,1.0,1.0,0,,,0.9780219780219781,0.9120879120879122,0.9469657336611669,0,1.0,1.0,0.8571428571428571,0.9,0.9655258118242855,0.9604975466463492,0.9829442584325397
seed,2,4,2021-2023,-1,unweighted,SHAP,random_forest,diag,14,5,5,1.0,1.0,1.0,1.0,1.0,0,,,0.9736263736263736,0.8901098901098902,0.9400836197324818,0,1.0,1.0,0.8571428571428571,0.9,0.9671389768233765,0.9622735590067533,0.9831168831168832
seed,3,4,2021-2023,-1,unweighted,SHAP,random_forest,diag,14,5,5,1.0,0.75,0.8333333333333334,1.0,1.0,0,,,0.9780219780219781,0.9340659340659341,0.9726507660021524,1,1.0,1.0,1.0,0.9,0.9881730221090907,0.9916351173559597,0.9996409406565657
seed,0,1,2021-2023,-1,unweighted,SHAP,random_forest,lab,14,4,3,0.75,0.7142857142857143,0.8,1.0,0.75,0,Education,,1.0,1.0,1.0,1,1.0,1.0,1.0,1.0,0.9999999999999998,1.0000000000000002,1.0
seed,0,2,2021-2023,-1,unweighted,SHAP,random_forest,lab,14,4,3,0.75,0.7142857142857143,0.8,1.0,0.75,0,Education,,0.9912087912087912,0.9560439560439562,0.9803072753053679,1,1.0,1.0,0.8571428571428571,1.0,0.9902354508182778,0.991452948709556,0.9988745385473902
seed,0,3,2021-2023,-1,unweighted,SHAP,random_forest,lab,14,4,3,0.75,0.7142857142857143,0.8,1.0,0.75,0,Education,,0.9956043956043955,0.9780219780219781,0.9873264643054348,1,1.0,1.0,0.8571428571428571,1.0,0.9924079857142856,0.9925101714285716,0.9988839285714286
seed,0,4,2021-2023,-1,unweighted,SHAP,random_forest,lab,14,4,3,0.75,0.7142857142857143,0.8,1.0,0.75,0,Education,,0.9956043956043955,0.9780219780219781,0.9787084600331305,0,1.0,1.0,1.0,1.0,0.9817749999999998,0.9744000000000002,0.984375
seed,1,2,2021-2023,-1,unweighted,SHAP,random_forest,lab,14,3,3,1.0,1.0,1.0,1.0,1.0,0,,,0.9912087912087912,0.9560439560439562,0.9803072753053679,1,1.0,1.0,0.8571428571428571,1.0,0.9902354508182778,0.991452948709556,0.9988745385473902
seed,1,3,2021-2023,-1,unweighted,SHAP,random_forest,lab,14,3,3,1.0,1.0,1.0,1.0,1.0,0,,,0.9956043956043955,0.9780219780219781,0.9873264643054348,1,1.0,1.0,0.8571428571428571,1.0,0.9924079857142856,0.9925101714285716,0.9988839285714286
seed,1,4,2021-2023,-1,unweighted,SHAP,random_forest,lab,14,3,3,1.0,1.0,1.0,1.0,1.0,0,,,0.9956043956043955,0.9780219780219781,0.9787084600331305,0,1.0,1.0,1.0,1.0,0.9817749999999998,0.9744000000000002,0.984375
seed,2,3,2021-2023,-1,unweighted,SHAP,random_forest,lab,14,3,3,1.0,1.0,1.0,1.0,1.0,0,,,0.9956043956043955,0.9780219780219781,0.9929808109999331,1,1.0,1.0,1.0,1.0,0.9978274651039922,0.9989427772809847,0.9999906099759616
seed,2,4,2021-2023,-1,unweighted,SHAP,random_forest,lab,14,3,3,1.0,1.0,1.0,1.0,1.0,0,,,0.9868131868131869,0.9340659340659341,0.9590157353384984,0,1.0,1.0,0.8571428571428571,1.0,0.9720104508182779,0.965852948709556,0.9832495385473902
seed,3,4,2021-2023,-1,unweighted,SHAP,random_forest,lab,14,3,3,1.0,1.0,1.0,1.0,1.0,0,,,0.9912087912087912,0.9560439560439562,0.9660349243385653,0,1.0,1.0,0.8571428571428571,1.0,0.9741829857142856,0.9669101714285715,0.9832589285714286
seed,0,1,2021-2023,-1,unweighted,SHAP,random_forest,total,14,4,5,0.8,0.6,0.8333333333333334,1.0,0.8,0,,Diabetes_self,0.9780219780219781,0.9120879120879122,0.9587465745182563,1,1.0,1.0,0.8571428571428571,0.9,0.9837508118242857,0.9860975466463493,0.9985692584325397
seed,0,2,2021-2023,-1,unweighted,SHAP,random_forest,total,14,4,5,0.8,0.6,0.8333333333333334,1.0,0.8,0,,Diabetes_self,0.9868131868131869,0.9340659340659341,0.9720630763282972,1,1.0,1.0,0.8571428571428571,1.0,0.9870656468173689,0.989500690847738,0.9988301493428448
seed,0,3,2021-2023,-1,unweighted,SHAP,random_forest,total,14,4,4,1.0,1.0,1.0,1.0,1.0,0,,,0.9868131868131869,0.9560439560439562,0.9809308093226017,1,1.0,1.0,1.0,0.9,0.9913428261099999,0.993587375217778,0.9996853298611111
seed,0,4,2021-2023,-1,unweighted,SHAP,random_forest,total,14,4,4,1.0,1.0,1.0,1.0,1.0,0,,,0.9956043956043955,0.9780219780219781,0.9873264643054348,1,1.0,1.0,0.8571428571428571,1.0,0.9924079857142856,0.9925101714285716,0.9988839285714286
seed,1,2,2021-2023,-1,unweighted,SHAP,random_forest,total,14,5,5,1.0,0.6,0.6666666666666666,1.0,1.0,0,,,0.9648351648351648,0.8901098901098902,0.9560372410910888,1,1.0,1.0,1.0,0.9,0.9860004872130832,0.9905778946369443,0.9996315506325273
seed,1,3,2021-2023,-1,unweighted,SHAP,random_forest,total,14,5,4,0.8,0.6,0.8333333333333334,1.0,0.8,0,Diabetes_self,,0.9912087912087912,0.9560439560439562,0.9773378406172737,1,1.0,1.0,0.8571428571428571,1.0,0.9876250167142857,0.9887819012063492,0.9986669146825398
seed,1,4,2021-2023,-1,unweighted,SHAP,random_forest,total,14,5,4,0.8,0.6,0.8333333333333334,1.0,0.8,0,Diabetes_self,,0.9824175824175824,0.9340659340659341,0.9714201102128216,1,1.0,1.0,1.0,0.9,0.9913428261099999,0.993587375217778,0.9996853298611111
seed,2,3,2021-2023,-1,unweighted,SHAP,random_forest,total,14,5,4,0.8,0.6,0.8333333333333334,1.0,0.8,0,Diabetes_self,,0.9692307692307693,0.8901098901098902,0.9529580413075202,1,1.0,1.0,0.8571428571428571,0.9,0.9784084729273688,0.9830880660655157,0.9985154792039559
seed,2,4,2021-2023,-1,unweighted,SHAP,random_forest,total,14,5,4,0.8,0.6,0.8333333333333334,1.0,0.8,0,Diabetes_self,,0.9912087912087912,0.9560439560439562,0.9847366120228624,1,1.0,1.0,1.0,1.0,0.9946576611030831,0.9969905194191666,0.9999462207714161
seed,3,4,2021-2023,-1,unweighted,SHAP,random_forest,total,14,4,4,1.0,1.0,1.0,1.0,1.0,0,,,0.9824175824175824,0.9340659340659341,0.9682572736280365,1,1.0,1.0,0.8571428571428571,0.9,0.9837508118242857,0.9860975466463493,0.9985692584325397
seed,0,1,2021-2023,-1,unweighted,SHAP,xgboost,diag,14,4,4,1.0,0.8,0.8333333333333334,1.0,1.0,0,,,0.9604395604395607,0.8681318681318682,0.9388481715675709,1,1.0,0.8333333333333334,0.8571428571428571,0.9,0.9691216886275278,0.9726860014953338,0.9959353566897513
seed,0,2,2021-2023,-1,unweighted,SHAP,xgboost,diag,14,4,4,1.0,1.0,1.0,1.0,1.0,0,,,0.9296703296703297,0.8021978021978022,0.9092228874141648,1,1.0,0.8333333333333334,0.8571428571428571,1.0,0.9660152589658688,0.9704718326504045,0.9956970113220115
seed,0,3,2021-2023,-1,unweighted,SHAP,xgboost,diag,14,4,4,1.0,0.8,0.8333333333333334,1.0,1.0,0,,,0.9780219780219781,0.9340659340659341,0.9771049180342936,1,1.0,1.0,1.0,1.0,0.9920425728023332,0.9955588636538333,0.9999258757193328
seed,0,4,2021-2023,-1,unweighted,SHAP,xgboost,diag,14,4,4,1.0,0.6666666666666666,0.6666666666666666,1.0,1.0,0,,,0.9692307692307693,0.8901098901098902,0.9544427586515674,1,1.0,1.0,0.8571428571428571,1.0,0.9796675895166189,0.9843407648601823,0.9985927904018725
seed,1,2,2021-2023,-1,unweighted,SHAP,xgboost,diag,14,4,4,1.0,0.8,0.8333333333333334,1.0,1.0,0,,,0.9428571428571428,0.8461538461538461,0.931068307829908,1,1.0,0.8333333333333334,1.0,0.9,0.9697377225583406,0.9740379149239597,0.9965281476878157
seed,1,3,2021-2023,-1,unweighted,SHAP,xgboost,diag,14,4,4,1.0,1.0,1.0,1.0,1.0,0,,,0.9648351648351648,0.8901098901098902,0.9451914386639277,1,1.0,0.8333333333333334,0.8571428571428571,0.9,0.9707395078233765,0.9732226221178644,0.9959207025613277
seed,1,4,2021-2023,-1,unweighted,SHAP,xgboost,diag,14,4,4,1.0,0.8,0.8333333333333334,1.0,1.0,0,,,0.9692307692307693,0.8901098901098902,0.941568599672451,1,1.0,0.8333333333333334,0.8571428571428571,0.9,0.9755224768233766,0.9769508923400867,0.9961377164502165
seed,2,3,2021-2023,-1,unweighted,SHAP,xgboost,diag,14,4,4,1.0,0.8,0.8333333333333334,1.0,1.0,0,,,0.956043956043956,0.8681318681318682,0.9315271285549498,1,1.0,0.8333333333333334,0.8571428571428571,1.0,0.9708028821626264,0.9729607111347534,0.9957267463981332
seed,2,4,2021-2023,-1,unweighted,SHAP,xgboost,diag,14,4,4,1.0,0.6666666666666666,0.6666666666666666,1.0,1.0,0,,,0.9516483516483516,0.8681318681318682,0.9351320453747373,1,1.0,0.8333333333333334,0.8571428571428571,1.0,0.9660199131626266,0.969232440912531,0.9955097325092443
seed,3,4,2021-2023,-1,unweighted,SHAP,xgboost,diag,14,4,4,1.0,0.8,0.8333333333333334,1.0,1.0,0,,,0.9912087912087912,0.9560439560439562,0.9773378406172737,1,1.0,1.0,0.8571428571428571,1.0,0.9876250167142857,0.9887819012063492,0.9986669146825398
seed,0,1,2021-2023,-1,unweighted,SHAP,xgboost,lab,14,3,3,1.0,0.8571428571428571,0.8,1.0,1.0,0,,,0.8637362637362638,0.6923076923076924,0.8003800944675701,0,0.6,0.6666666666666666,0.8571428571428571,1.0,0.9164923821626265,0.9036700444680865,0.9649975797314665
seed,0,2,2021-2023,-1,unweighted,SHAP,xgboost,lab,14,3,3,1.0,0.8571428571428571,0.8,1.0,1.0,0,,,0.9032967032967033,0.7802197802197802,0.8664004512973519,0,0.8,0.8333333333333334,0.7142857142857143,1.0,0.9237172759276622,0.915947388106436,0.9720507248827562
seed,0,3,2021-2023,-1,unweighted,SHAP,xgboost,lab,14,3,3,1.0,1.0,1.0,1.0,1.0,0,,,0.8989010989010989,0.7582417582417583,0.8460799254017504,0,0.6,0.6666666666666666,0.8571428571428571,1.0,0.9164923821626265,0.9036700444680865,0.9649975797314665
seed,0,4,2021-2023,-1,unweighted,SHAP,xgboost,lab,14,3,3,1.0,0.8571428571428571,0.8,1.0,1.0,0,,,0.9296703296703297,0.8461538461538461,0.8997758021665345,0,0.8,0.8333333333333334,0.8571428571428571,1.0,0.9344790942142855,0.9253894745396827,0.9732111855158732
seed,1,2,2021-2023,-1,unweighted,SHAP,xgboost,lab,14,3,3,1.0,1.0,1.0,1.0,1.0,0,,,0.8681318681318682,0.7362637362637363,0.8382499058429496,0,0.6,0.6666666666666666,0.8571428571428571,1.0,0.9057307019126266,0.8946988942458642,0.9642922845925777
seed,1,3,2021-2023,-1,unweighted,SHAP,xgboost,lab,14,3,3,1.0,0.8571428571428571,0.8,1.0,1.0,0,,,0.9824175824175824,0.9340659340659341,0.9497940230410853,0,0.8,1.0,1.0,1.0,0.9626742887499999,0.95277312,0.97763671875
seed,1,4,2021-2023,-1,unweighted,SHAP,xgboost,lab,14,3,3,1.0,1.0,1.0,1.0,1.0,0,,,0.8945054945054945,0.7582417582417583,0.8607624511990097,0,0.8,0.6666666666666666,0.8571428571428571,1.0,0.9188527019126267,0.9110828942458644,0.9705422845925776
seed,2,3,2021-2023,-1,unweighted,SHAP,xgboost,lab,14,3,3,1.0,0.8571428571428571,0.8,1.0,1.0,0,,,0.8813186813186813,0.7582417582417583,0.8505385415645689,0,0.8,0.6666666666666666,0.8571428571428571,1.0,0.9248314131626267,0.9163257742458644,0.9710305658425776
seed,2,4,2021-2023,-1,unweighted,SHAP,xgboost,lab,14,3,3,1.0,1.0,1.0,1.0,1.0,0,,,0.8681318681318682,0.7142857142857144,0.8051638043820563,0,0.8,0.6666666666666666,0.7142857142857143,1.0,0.9246374561776622,0.9139958716619914,0.9701518533549783
seed,3,4,2021-2023,-1,unweighted,SHAP,xgboost,lab,14,3,3,1.0,0.8571428571428571,0.8,1.0,1.0,0,,,0.9164835164835166,0.7802197802197802,0.8791625474666749,0,0.8,0.6666666666666666,0.8571428571428571,1.0,0.9430564131626267,0.9419257742458644,0.9866555658425776
seed,0,1,2021-2023,-1,unweighted,SHAP,xgboost,total,14,4,4,1.0,0.8,0.8333333333333334,1.0,1.0,0,,,0.9868131868131869,0.9340659340659341,0.9629586131101407,0,0.8,1.0,0.8571428571428571,1.0,0.9771134508182779,0.9750689487095561,0.9926245385473902
seed,0,2,2021-2023,-1,unweighted,SHAP,xgboost,total,14,4,4,1.0,0.8,0.8333333333333334,1.0,1.0,0,,,0.9736263736263736,0.8901098901098902,0.9425290442578511,0,0.8,0.8333333333333334,1.0,1.0,0.9669111921030831,0.9659555825302777,0.9908750402158607
seed,0,3,2021-2023,-1,unweighted,SHAP,xgboost,total,14,4,4,1.0,0.8,0.8333333333333334,1.0,1.0,0,,,0.9648351648351648,0.8901098901098902,0.9303595614359244,0,0.8,0.8333333333333334,0.8571428571428571,1.0,0.9662746817133765,0.9632512469000867,0.9899853727002166
seed,0,4,2021-2023,-1,unweighted,SHAP,xgboost,total,14,4,4,1.0,0.8,0.8333333333333334,1.0,1.0,0,,,0.9648351648351648,0.8901098901098902,0.937653885313463,0,0.8,0.8333333333333334,0.8571428571428571,0.9,0.9624004768233765,0.9605668923400867,0.9898877164502166
seed,1,2,2021-2023,-1,unweighted,SHAP,xgboost,total,14,4,4,1.0,0.6666666666666666,0.6666666666666666,1.0,1.0,0,,,0.9780219780219781,0.9120879120879122,0.9543078499965436,1,1.0,0.8333333333333334,0.8571428571428571,1.0,0.9746137127133765,0.9759069766778645,0.9960183588113277
seed,1,3,2021-2023,-1,unweighted,SHAP,xgboost,total,14,4,4,1.0,1.0,1.0,1.0,1.0,0,,,0.9780219780219781,0.9120879120879122,0.9525176679460122,0,0.8,0.8333333333333334,1.0,1.0,0.9716941611030829,0.9696838527525,0.9910920541047495
seed,1,4,2021-2023,-1,unweighted,SHAP,xgboost,total,14,4,4,1.0,1.0,1.0,1.0,1.0,0,,,0.9780219780219781,0.9120879120879122,0.9610230185676982,1,1.0,0.8333333333333334,1.0,0.9,0.980941956213083,0.9833834981924998,0.9972443978547495
seed,2,3,2021-2023,-1,unweighted,SHAP,xgboost,total,14,4,4,1.0,0.6666666666666666,0.6666666666666666,1.0,1.0,0,,,0.9604395604395607,0.8681318681318682,0.9239335109750981,0,0.8,0.8333333333333334,0.8571428571428571,1.0,0.9624889818182778,0.9604180118206673,0.9898033579918347
seed,2,4,2021-2023,-1,unweighted,SHAP,xgboost,total,14,4,4,1.0,0.6666666666666666,0.6666666666666666,1.0,1.0,0,,,0.9472527472527472,0.8241758241758242,0.9157908709709333,1,1.0,0.8333333333333334,0.8571428571428571,0.9,0.9685669729273687,0.972165399398849,0.9959113125372893
seed,3,4,2021-2023,-1,unweighted,SHAP,xgboost,total,14,4,4,1.0,1.0,1.0,1.0,1.0,0,,,0.9780219780219781,0.9120879120879122,0.9567000331986896,0,0.8,1.0,1.0,0.9,0.9798339911090908,0.978979387578182,0.9936079545454546
seed,0,1,2021-2023,-1,weighted,PI,logistic_regression,diag,14,4,4,1.0,0.6666666666666666,0.875,1.0,1.0,0,,,0.8370723397030341,0.7168707995974645,0.8664818506819172,0,1.0,1.0,1.0,0.8,0.935964621470674,0.9314401537955705,0.9570768532682595
seed,0,2,2021-2023,-1,weighted,PI,logistic_regression,diag,14,4,4,1.0,1.0,1.0,1.0,1.0,0,,,0.8794840049146545,0.7978078253584685,0.9131319880523132,1,1.0,1.0,0.8571428571428571,0.8,0.9633300343826265,0.9710581282369755,0.997701572787022
seed,0,3,2021-2023,-1,weighted,PI,logistic_regression,diag,14,4,4,1.0,0.6666666666666666,0.875,1.0,1.0,0,,,0.8713968957871399,0.7613636363636362,0.9104890702008086,1,1.0,1.0,1.0,0.8,0.9705564977197649,0.9811257128226414,0.9994044258692697
seed,0,4,2021-2023,-1,weighted,PI,logistic_regression,diag,14,4,4,1.0,1.0,1.0,1.0,1.0,0,,,0.7624351283141576,0.6180165405913052,0.8238356308995101,0,1.0,1.0,0.8571428571428571,0.7,0.9213285982940507,0.9193137128023237,0.9558187363851428
seed,1,2,2021-2023,-1,weighted,PI,logistic_regression,diag,14,4,4,1.0,0.6666666666666666,0.875,1.0,1.0,0,,,0.747191011235955,0.6235294117647059,0.8224529736848192,0,1.0,1.0,0.8571428571428571,0.7,0.9163518103457098,0.913726476207253,0.9551781755028826
seed,1,3,2021-2023,-1,weighted,PI,logistic_regression,diag,14,4,4,1.0,1.0,1.0,1.0,1.0,0,,,0.8794840049146545,0.7746829608553245,0.8875533758947751,0,1.0,1.0,1.0,0.8,0.9407522446674317,0.9339290322799192,0.9571065883443812
seed,1,4,2021-2023,-1,weighted,PI,logistic_regression,diag,14,4,4,1.0,0.6666666666666666,0.875,1.0,1.0,0,,,0.7408602632173045,0.6173949065130319,0.8363872722759498,1,1.0,1.0,0.8571428571428571,0.7,0.9455196910449597,0.9586897573308086,0.9970415110063549
seed,2,3,2021-2023,-1,weighted,PI,logistic_regression,diag,14,4,4,1.0,0.6666666666666666,0.875,1.0,1.0,0,,,0.9018059339734021,0.8209326898616125,0.921985952942296,1,1.0,1.0,0.8571428571428571,0.9,0.9666448693757097,0.9744612724383641,0.997962463697327
seed,2,4,2021-2023,-1,weighted,PI,logistic_regression,diag,14,4,4,1.0,1.0,1.0,1.0,1.0,0,,,0.9310811416109367,0.8460596867030435,0.9223981925132749,0,1.0,1.0,1.0,0.9,0.950600506610674,0.9430956585777928,0.9578798046571485
seed,3,4,2021-2023,-1,weighted,PI,logistic_regression,diag,14,4,4,1.0,0.6666666666666666,0.875,1.0,1.0,0,,,0.8287338351240844,0.7079098555864042,0.8543315788240471,0,1.0,1.0,0.8571428571428571,0.8,0.9341574994866189,0.9273342388512933,0.9560255160963169
seed,0,1,2021-2023,-1,weighted,PI,logistic_regression,lab,14,1,1,1.0,0.4,0.7272727272727273,1.0,1.0,0,,,0.49833234244136054,0.4524370101133424,0.6181772275725324,0,0.8,0.6666666666666666,0.5714285714285714,0.8,0.8191372945611981,0.7643395910941185,0.8012311486798791
seed,0,2,2021-2023,-1,weighted,PI,logistic_regression,lab,14,1,2,0.5,0.2,0.7272727272727273,1.0,0.5,0,,BMI,0.6794008811444411,0.553133980780464,0.7185462552781393,0,0.6,0.8333333333333334,0.7142857142857143,0.8,0.8422975627009046,0.8027346502798647,0.8398703821677455
seed,0,3,2021-2023,-1,weighted,PI,logistic_regression,lab,14,1,2,0.5,0.4,0.8,1.0,0.5,0,,BMI,0.7957081235418669,0.6967416425108152,0.7962624540986178,0,0.8,0.8333333333333334,0.7142857142857143,0.8,0.8721646083976624,0.8320932887642136,0.8471266797438672
seed,0,4,2021-2023,-1,weighted,PI,logistic_regression,lab,14,1,2,0.5,0.5,0.9,1.0,0.5,0,,BMI,0.7205322107072429,0.6345325672866353,0.7745004046422062,0,0.8,0.8333333333333334,0.7142857142857143,0.8,0.8603963506492456,0.8247058868749355,0.8467609430500056
seed,1,2,2021-2023,-1,weighted,PI,logistic_regression,lab,14,1,2,0.5,0.0,0.5,1.0,0.5,0,,BMI,0.39194427476692417,0.3758820082744411,0.5989454734493815,0,0.4,0.5,0.42857142857142855,0.8,0.783321853879476,0.7522878429147856,0.8931829441717137
seed,1,3,2021-2023,-1,weighted,PI,logistic_regression,lab,14,1,2,0.5,0.3333333333333333,0.7,1.0,0.5,0,,BMI,0.5482081989992758,0.4796707554286016,0.6642840190603261,0,0.6,0.6666666666666666,0.7142857142857143,0.8,0.8403823088469122,0.8098454196655469,0.9054722201084505
seed,1,4,2021-2023,-1,weighted,PI,logistic_regression,lab,14,1,2,0.5,0.16666666666666666,0.6363636363636364,1.0,0.5,0,,BMI,0.48887830733268745,0.42781445754442854,0.629740636348773,0,0.6,0.6666666666666666,0.7142857142857143,0.8,0.8322310627009046,0.8035453169465314,0.9049745488344121
seed,2,3,2021-2023,-1,weighted,PI,logistic_regression,lab,14,2,2,1.0,0.16666666666666666,0.5454545454545454,1.0,1.0,0,,,0.693376135650461,0.5798825193638245,0.7417990046696192,0,0.6,0.6666666666666666,0.7142857142857143,0.9,0.8845000715918134,0.8764485960350161,0.9624082609556242
seed,2,4,2021-2023,-1,weighted,PI,logistic_regression,lab,14,2,2,1.0,0.5,0.8,1.0,1.0,0,,,0.7578245585154079,0.6481039922301568,0.8289032745958502,0,0.8,0.8333333333333334,0.7142857142857143,0.8,0.9188383816492454,0.9265776166527135,0.9871689291611166
seed,3,4,2021-2023,-1,weighted,PI,logistic_regression,lab,14,2,2,1.0,0.4,0.7,1.0,1.0,0,,,0.5022471910112359,0.411764705882353,0.6781864515350262,0,0.8,0.8333333333333334,0.7142857142857143,0.7,0.8859774965092455,0.889322111870491,0.9707409777722279
seed,0,1,2021-2023,-1,weighted,PI,logistic_regression,total,14,4,3,0.75,0.5,0.875,1.0,0.75,0,GenHlth,,0.7410880447504196,0.6243713415848884,0.8372198860208425,1,1.0,1.0,0.8571428571428571,0.7,0.9407367220449598,0.9549614871085863,0.996824497117466
seed,0,2,2021-2023,-1,weighted,PI,logistic_regression,total,14,4,4,1.0,0.6666666666666666,0.875,1.0,1.0,0,,,0.9188857356788659,0.8172694126965067,0.9069835081591489,0,1.0,1.0,0.8571428571428571,0.9,0.9430084923249598,0.9356058300063641,0.9567637332285771
seed,0,3,2021-2023,-1,weighted,PI,logistic_regression,total,14,4,3,0.75,0.3333333333333333,0.8888888888888888,1.0,0.75,0,HighChol,,0.8508334040607267,0.7303831843351789,0.8696217069686224,0,1.0,1.0,1.0,0.8,0.9385797097714239,0.9328718095609039,0.9570971983203428
seed,0,4,2021-2023,-1,weighted,PI,logistic_regression,total,14,4,3,0.75,0.5,0.875,1.0,0.75,0,GenHlth,,0.9556541019955656,0.8863636363636362,0.9516946672018327,1,1.0,1.0,0.8571428571428571,0.9,0.9779659195226265,0.9827136330191977,0.998504524175911
seed,1,2,2021-2023,-1,weighted,PI,logistic_regression,total,14,3,4,0.75,0.4,0.75,1.0,0.75,0,,GenHlth,0.7636856734458385,0.6266879892538957,0.8208332999168637,0,1.0,1.0,0.8571428571428571,0.8,0.9202260152357098,0.9164108307672529,0.9552758317528826
seed,1,3,2021-2023,-1,weighted,PI,logistic_regression,total,14,3,3,0.5,0.2,0.7777777777777778,0.6666666666666666,1.0,1,HighChol,GenHlth,0.7386354576220573,0.5945284284940306,0.8071728703127936,0,1.0,1.0,0.8571428571428571,0.8,0.9176109269349597,0.9149791750019196,0.9552554867007993
seed,1,4,2021-2023,-1,weighted,PI,logistic_regression,total,14,3,3,1.0,0.6,0.75,1.0,1.0,0,,,0.7611777809032924,0.6474962060880324,0.8474312713454357,1,1.0,1.0,0.8571428571428571,0.7,0.9481347793457098,0.960121413096142,0.9970618560584381
seed,2,3,2021-2023,-1,weighted,PI,logistic_regression,total,14,4,3,0.75,0.25,0.7777777777777778,1.0,0.75,0,HighChol,,0.9203452031309906,0.8549861821936728,0.9364854685468826,1,1.0,1.0,0.8571428571428571,0.9,0.9751570122735356,0.9794230108810158,0.9980606321304564
seed,2,4,2021-2023,-1,weighted,PI,logistic_regression,total,14,4,3,0.75,0.75,1.0,1.0,0.75,0,GenHlth,,0.9234011446994009,0.8409583811804634,0.9200030427822627,0,1.0,1.0,1.0,0.8,0.9435564977197648,0.9384590461559745,0.9577377592026031
seed,3,4,2021-2023,-1,weighted,PI,logistic_regression,total,14,3,3,0.5,0.2,0.7777777777777778,0.6666666666666666,1.0,1,GenHlth,HighChol,0.7801147834634714,0.64048986934008,0.8333048226854728,0,1.0,1.0,0.8571428571428571,0.7,0.9213285982940507,0.9193137128023237,0.9558187363851428
seed,0,1,2021-2023,-1,weighted,PI,random_forest,diag,14,4,4,1.0,0.5,0.5714285714285714,1.0,1.0,0,,,0.8663031023163763,0.7528565130839536,0.8601595873806087,0,1.0,1.0,0.8571428571428571,0.9,0.9162208738258688,0.8897389945348488,0.8724982265997893
seed,0,2,2021-2023,-1,weighted,PI,random_forest,diag,14,4,4,1.0,0.42857142857142855,0.42857142857142855,1.0,1.0,0,,,0.8888894267747267,0.7513926833493687,0.8581708439061324,0,1.0,0.8333333333333334,0.8571428571428571,0.9,0.9149731733766187,0.8854908636335155,0.8704026862352059
seed,0,3,2021-2023,-1,weighted,PI,random_forest,diag,14,4,4,1.0,0.4,0.625,1.0,1.0,0,,,0.8008805726386151,0.6408937593274027,0.8059718104305076,0,1.0,0.8333333333333334,0.8571428571428571,0.9,0.9015964048258689,0.8750880576459601,0.8696770460442337
seed,0,4,2021-2023,-1,weighted,PI,random_forest,diag,14,4,4,1.0,0.6666666666666666,0.6666666666666666,1.0,1.0,0,,,0.8756880986543099,0.7734924681537618,0.8617441512089137,0,0.8,1.0,0.8571428571428571,0.9,0.9138652082726266,0.8810867530191977,0.866766242925911
seed,1,2,2021-2023,-1,weighted,PI,random_forest,diag,14,4,4,1.0,0.5714285714285714,0.5,1.0,1.0,0,,,0.8543129620740343,0.7375337578416624,0.8865344763221468,1,1.0,0.8333333333333334,0.8571428571428571,0.8,0.9503140761849598,0.9594225954463642,0.9952402957285771
seed,1,3,2021-2023,-1,weighted,PI,random_forest,diag,14,4,4,1.0,0.6,0.7142857142857143,1.0,1.0,0,,,0.9381989893577897,0.8492812969085809,0.9277882816174376,1,1.0,0.8333333333333334,0.8571428571428571,0.9,0.9625882616773687,0.9669225193988489,0.9954230312872893
seed,1,4,2021-2023,-1,weighted,PI,random_forest,diag,14,4,4,1.0,0.5714285714285714,0.5,1.0,1.0,0,,,0.7836720969929772,0.6481357265881276,0.8422923622024767,0,0.8,1.0,0.8571428571428571,0.8,0.9362718959349599,0.9449901118908086,0.9908891672563548
seed,2,3,2021-2023,-1,weighted,PI,random_forest,diag,14,4,4,1.0,0.5,0.5714285714285714,1.0,1.0,0,,,0.832967032967033,0.7142857142857144,0.8838764068658593,1,1.0,1.0,1.0,0.8,0.9709173944715832,0.9797873485462776,0.9990049230283606
seed,2,4,2021-2023,-1,weighted,PI,random_forest,diag,14,4,4,1.0,0.7142857142857143,0.6,1.0,1.0,0,,,0.9076923076923077,0.8021978021978022,0.8935212924918772,0,0.8,0.8333333333333334,0.8571428571428571,0.9,0.9526360656782777,0.9524907772606672,0.9892174204918347
seed,3,4,2021-2023,-1,weighted,PI,random_forest,diag,14,4,4,1.0,0.2857142857142857,0.375,1.0,1.0,0,,,0.7538461538461538,0.6043956043956044,0.8120975840584319,0,0.8,0.8333333333333334,0.8571428571428571,0.8,0.9296001999358687,0.9360197030859603,0.9883293897942337
seed,0,1,2021-2023,-1,weighted,PI,random_forest,lab,14,2,3,0.25,0.0,0.6363636363636364,0.5,0.6666666666666666,1,BMI,"HighChol,Stroke",0.49850746268656715,0.43636363636363634,0.585329402956877,0,0.6,0.6666666666666666,0.7142857142857143,0.9,0.7930966020376622,0.7168947633242136,0.7545485547438672
seed,0,2,2021-2023,-1,weighted,PI,random_forest,lab,14,2,2,0.3333333333333333,0.3333333333333333,0.45454545454545453,0.5,1.0,1,BMI,Sex,0.172318417697497,0.12893167424406085,0.32357208601655657,0,0.4,0.3333333333333333,0.5714285714285714,0.9,0.707655788201198,0.6133010656541186,0.7102155236798791
seed,0,3,2021-2023,-1,weighted,PI,random_forest,lab,14,2,3,0.6666666666666666,0.4,0.6,1.0,0.6666666666666666,0,,HighChol,0.46619766726925854,0.38026166054610794,0.616666334906344,0,0.4,0.5,0.5714285714285714,0.7,0.7790868902742811,0.7514127888421737,0.8939399562568507
seed,0,4,2021-2023,-1,weighted,PI,random_forest,lab,14,2,4,0.5,0.16666666666666666,0.36363636363636365,1.0,0.5,0,,"HighChol,Sex",0.29071521984161064,0.21560984046602585,0.506384702642775,0,0.4,0.5,0.5714285714285714,0.8,0.781959171862622,0.7544414999972445,0.8941898921391109
seed,1,2,2021-2023,-1,weighted,PI,random_forest,lab,14,3,2,0.25,0.0,0.45454545454545453,0.5,0.6666666666666666,1,"HighChol,Stroke",Sex,0.3583129002916207,0.3223291856101521,0.5237499779706581,0,0.6,0.5,0.5714285714285714,0.8,0.7418002793102889,0.661571119898967,0.7345526448920002
seed,1,3,2021-2023,-1,weighted,PI,random_forest,lab,14,3,3,0.5,0.2,0.7777777777777778,0.6666666666666666,1.0,1,Stroke,BMI,0.7795860991558157,0.6581451817144176,0.7643599479407899,0,0.8,0.8333333333333334,0.7142857142857143,0.7,0.8165925848099955,0.7680871009691578,0.8040946561576445
seed,1,4,2021-2023,-1,weighted,PI,random_forest,lab,14,3,4,0.4,0.2,0.5,0.6666666666666666,0.75,1,Stroke,"BMI,Sex",0.5119675110485001,0.41684569156764995,0.59389034080581,0,0.6,0.5,0.5714285714285714,0.8,0.7580465633626221,0.6879728635528001,0.7505918018613331
seed,2,3,2021-2023,-1,weighted,PI,random_forest,lab,14,2,3,0.25,0.2857142857142857,0.4,0.5,0.6666666666666666,1,Sex,"BMI,HighChol",0.07119586999990594,0.06482037235521644,0.26579986461772753,0,0.4,0.5,0.5714285714285714,0.6,0.6974277930826223,0.6226778539883556,0.7271108990835553
seed,2,4,2021-2023,-1,weighted,PI,random_forest,lab,14,2,4,0.5,0.2857142857142857,0.4444444444444444,1.0,0.5,0,,"BMI,HighChol",0.5162610924355454,0.4332001127219817,0.5960172116706199,0,0.6,0.6666666666666666,0.7142857142857143,0.9,0.8095240865392455,0.75368863787938,0.7961207520777833
seed,3,4,2021-2023,-1,weighted,PI,random_forest,lab,14,3,4,0.75,0.14285714285714285,0.3,1.0,0.75,0,,Sex,0.21429051896397672,0.1618740515220081,0.5096349051944893,0,0.6,0.5,0.42857142857142855,0.6,0.7931827787969079,0.7798386920835937,0.9145364943216507
seed,0,1,2021-2023,-1,weighted,PI,random_forest,total,14,4,3,0.75,0.42857142857142855,0.5714285714285714,1.0,0.75,0,GenHlth,,0.7513853438458366,0.6180165405913052,0.7685483692554964,0,0.8,0.6666666666666666,0.7142857142857143,0.8,0.8517505928992455,0.8152978299860465,0.8444280437444499
seed,0,2,2021-2023,-1,weighted,PI,random_forest,total,14,4,4,1.0,0.5,0.5714285714285714,1.0,1.0,0,,,0.7605321507760533,0.6249999999999999,0.7836429694541902,0,1.0,0.8333333333333334,0.8571428571428571,0.8,0.8735311071849599,0.8330276585574752,0.8283566151730215
seed,0,3,2021-2023,-1,weighted,PI,random_forest,total,14,4,3,0.75,0.8333333333333334,1.0,1.0,0.75,0,GenHlth,,0.9423503325942352,0.8409090909090908,0.9017182048578922,0,1.0,1.0,0.8571428571428571,0.9,0.9295976423766188,0.9001418005224044,0.8732238667907614
seed,0,4,2021-2023,-1,weighted,PI,random_forest,total,14,4,4,1.0,0.5,0.5714285714285714,1.0,1.0,0,,,0.775694869676143,0.64048986934008,0.7831524786154824,0,0.8,0.6666666666666666,0.7142857142857143,0.9,0.8758238595401544,0.844019832630087,0.8599238218378844
seed,1,2,2021-2023,-1,weighted,PI,random_forest,total,14,3,4,0.75,0.5,0.7142857142857143,1.0,0.75,0,,GenHlth,0.7801147834634714,0.6180165405913052,0.7834861620889871,0,0.8,0.6666666666666666,0.8571428571428571,0.8,0.8799576954857098,0.8615526476561417,0.928897793558438
seed,1,3,2021-2023,-1,weighted,PI,random_forest,total,14,3,3,1.0,0.5714285714285714,0.5714285714285714,1.0,1.0,0,,,0.815474093762099,0.6966731912120168,0.8261875640296854,0,0.8,0.6666666666666666,0.7142857142857143,0.9,0.9026035137369122,0.8971804408922135,0.9691115430251172
seed,1,4,2021-2023,-1,weighted,PI,random_forest,total,14,3,4,0.75,0.2857142857142857,0.5,1.0,0.75,0,,GenHlth,0.697136563876652,0.5444444444444444,0.7539867672049381,0,0.8,0.6666666666666666,0.8571428571428571,0.7,0.8923218103457098,0.8925638095405863,0.9697615088362159
seed,2,3,2021-2023,-1,weighted,PI,random_forest,total,14,4,3,0.75,0.42857142857142855,0.5714285714285714,1.0,0.75,0,GenHlth,,0.8048780487804879,0.7045454545454545,0.8385673251920864,0,1.0,0.8333333333333334,0.7142857142857143,0.9,0.9146194788409043,0.9063632181731982,0.9519146530010788
seed,2,4,2021-2023,-1,weighted,PI,random_forest,total,14,4,4,1.0,0.3333333333333333,0.5,1.0,1.0,0,,,0.718235990440873,0.5730698830937557,0.779322153771796,0,0.8,0.6666666666666666,0.8571428571428571,0.8,0.8864190919340507,0.8785258540289904,0.9439697780518094
seed,3,4,2021-2023,-1,weighted,PI,random_forest,total,14,3,4,0.75,0.42857142857142855,0.5714285714285714,1.0,0.75,0,,GenHlth,0.7447554731648438,0.64048986934008,0.8132671025603851,0,0.8,0.6666666666666666,0.7142857142857143,0.8,0.9137798506492454,0.919383220208269,0.9847817763833389
seed,0,1,2021-2023,-1,weighted,PI,xgboost,diag,14,4,4,1.0,0.3333333333333333,0.5,1.0,1.0,0,,,0.8270509977827052,0.6931818181818181,0.81641691118436,0,1.0,1.0,0.8571428571428571,0.8,0.8821768649349597,0.8424357154463642,0.8306895144785771
seed,0,2,2021-2023,-1,weighted,PI,xgboost,diag,14,4,4,1.0,0.8,0.8333333333333334,1.0,1.0,0,,,0.8587280161416003,0.6704852344015113,0.8262418492441153,0,1.0,0.8333333333333334,0.8571428571428571,0.8,0.9139078757357098,0.8860971312116974,0.8707489220306603
seed,0,3,2021-2023,-1,weighted,PI,xgboost,diag,14,4,3,0.75,0.6,0.8571428571428571,1.0,0.75,0,HighChol,,0.8625277161862528,0.7613636363636362,0.8820604459446902,0,1.0,0.8333333333333334,0.8571428571428571,0.9,0.9359632810749599,0.9365069500063641,0.9797129519785771
seed,0,4,2021-2023,-1,weighted,PI,xgboost,diag,14,4,4,1.0,0.75,0.8571428571428571,1.0,1.0,0,,,0.8270509977827052,0.7159090909090908,0.8620627620317489,0,1.0,1.0,0.8571428571428571,0.7,0.9244984022949598,0.9212659706641417,0.9558631255896882
seed,1,2,2021-2023,-1,weighted,PI,xgboost,diag,14,4,4,1.0,0.2857142857142857,0.375,1.0,1.0,0,,,0.699786069709222,0.5140386797078254,0.7075887197322612,0,1.0,0.8333333333333334,0.7142857142857143,0.8,0.8599603816492456,0.8202949499860468,0.82675226249445
seed,1,3,2021-2023,-1,weighted,PI,xgboost,diag,14,4,3,0.75,0.3333333333333333,0.625,1.0,0.75,0,HighChol,,0.853658536585366,0.7045454545454545,0.8015588987708456,0,1.0,0.8333333333333334,0.8571428571428571,0.8,0.8658739684866186,0.8145398424068488,0.8130133633185392
seed,1,4,2021-2023,-1,weighted,PI,xgboost,diag,14,4,4,1.0,0.4,0.625,1.0,1.0,0,,,0.8891352549889137,0.7954545454545454,0.877134187966567,0,1.0,1.0,0.8571428571428571,0.9,0.9269872082726265,0.8974707530191977,0.873016242925911
seed,2,3,2021-2023,-1,weighted,PI,xgboost,diag,14,4,3,0.75,0.5,0.7142857142857143,1.0,0.75,0,HighChol,,0.7439366103848826,0.5587376953345927,0.7741394514900664,0,1.0,1.0,0.8571428571428571,0.7,0.8851035982940507,0.8563803794689901,0.8568604030518094
seed,2,4,2021-2023,-1,weighted,PI,xgboost,diag,14,4,4,1.0,0.6,0.7142857142857143,1.0,1.0,0,,,0.8454828539389022,0.692834742214895,0.8111365471015184,0,1.0,0.8333333333333334,0.8571428571428571,0.8,0.8767009111858688,0.8349799164192935,0.828401004377567
seed,3,4,2021-2023,-1,weighted,PI,xgboost,diag,14,3,4,0.75,0.75,1.0,1.0,0.75,0,,HighChol,0.8226164079822618,0.6704545454545454,0.8273015553784497,0,1.0,0.8333333333333334,1.0,0.8,0.9078981214706741,0.8949174871289038,0.9388476866015929
seed,0,1,2021-2023,-1,weighted,PI,xgboost,lab,14,2,3,0.6666666666666666,0.2857142857142857,0.5555555555555556,1.0,0.6666666666666666,0,,HighChol,0.4113901990883832,0.32539568672798425,0.5715965274489914,0,0.6,0.5,0.5714285714285714,0.6,0.7665364733326221,0.7162996708772443,0.7913578608891111
seed,0,2,2021-2023,-1,weighted,PI,xgboost,lab,14,2,2,0.3333333333333333,0.125,0.36363636363636365,0.5,1.0,1,BMI,Income,0.15122008336069404,0.09296222517045284,0.373439041411341,0,0.4,0.5,0.42857142857142855,0.7,0.7346414679378168,0.6714624547276341,0.768508834915085
seed,0,3,2021-2023,-1,weighted,PI,xgboost,lab,14,2,2,1.0,0.5,0.5,1.0,1.0,0,,,0.6045844914779556,0.48206768404145817,0.6831897027223524,0,0.6,0.6666666666666666,0.7142857142857143,0.7,0.8436058727583364,0.8263676708975616,0.920881050373238
seed,0,4,2021-2023,-1,weighted,PI,xgboost,lab,14,2,4,0.5,0.25,0.5,1.0,0.5,0,,"Income,Sex",0.5805600547867863,0.4919098582484146,0.7234466920747606,0,0.6,0.6666666666666666,0.5714285714285714,0.8,0.87105979066519,0.8658367648195473,0.9614214114336185
seed,1,2,2021-2023,-1,weighted,PI,xgboost,lab,14,3,2,0.25,0.2,0.4166666666666667,0.5,0.6666666666666666,1,"BMI,HighChol",Income,0.24681234933300727,0.16853296812356275,0.34806980426452977,0,0.4,0.3333333333333333,0.5714285714285714,0.7,0.7022221782226221,0.6234106921039112,0.7253096838057776
seed,1,3,2021-2023,-1,weighted,PI,xgboost,lab,14,3,2,0.6666666666666666,0.5,0.75,1.0,0.6666666666666666,0,HighChol,,0.7235955056179775,0.611764705882353,0.7819130917212571,0,0.8,0.8333333333333334,0.8571428571428571,0.8,0.8792625152357099,0.8517708307672531,0.8630883317528826
seed,1,4,2021-2023,-1,weighted,PI,xgboost,lab,14,3,4,0.4,0.16666666666666666,0.5555555555555556,0.6666666666666666,0.75,1,HighChol,"Income,Sex",0.6552052478002888,0.5259289944370271,0.6880443912366383,0,0.8,0.6666666666666666,0.8571428571428571,0.8,0.8263638959349597,0.7748781118908087,0.8033891672563548
seed,2,3,2021-2023,-1,weighted,PI,xgboost,lab,14,2,2,0.3333333333333333,0.2857142857142857,0.5,0.5,1.0,1,Income,BMI,0.42717521999943564,0.35003001071816875,0.4998792222609071,0,0.6,0.5,0.5714285714285714,0.8,0.7396277444142811,0.6605138971799515,0.7345432548679618
seed,2,4,2021-2023,-1,weighted,PI,xgboost,lab,14,2,4,0.5,0.0,0.36363636363636365,1.0,0.5,0,,"BMI,Sex",0.38062791875207536,0.2897727626404075,0.5025402712307833,0,0.6,0.6666666666666666,0.7142857142857143,0.7,0.7878441925083364,0.7373965206753396,0.7951757552343491
seed,3,4,2021-2023,-1,weighted,PI,xgboost,lab,14,2,4,0.5,0.25,0.5,1.0,0.5,0,,"Income,Sex",0.6585424561931595,0.48019603839902475,0.7395130925345378,0,1.0,0.8333333333333334,0.8571428571428571,0.7,0.8825004180440508,0.8738198959134347,0.9368842745795873
seed,0,1,2021-2023,-1,weighted,PI,xgboost,total,14,4,3,0.75,0.2,0.6666666666666666,1.0,0.75,0,GenHlth,,0.8114408643686309,0.7337993857053429,0.8697349413267321,1,1.0,0.8333333333333334,0.7142857142857143,0.8,0.9319603816492454,0.9429616166527135,0.9934189291611166
seed,0,2,2021-2023,-1,weighted,PI,xgboost,total,14,4,4,1.0,0.4,0.625,1.0,1.0,0,,,0.8033330990654368,0.6675919504799912,0.7917757543537509,0,1.0,0.8333333333333334,0.7142857142857143,0.8,0.8567905776483364,0.8183426921242285,0.8267078732899046
seed,0,3,2021-2023,-1,weighted,PI,xgboost,total,14,4,2,0.5,0.16666666666666666,0.6666666666666666,1.0,0.5,0,"GenHlth,HighChol",,0.8977852411044828,0.8195150628704788,0.9175827344648992,1,1.0,0.8333333333333334,0.8571428571428571,0.9,0.9599731733766186,0.9654908636335156,0.9954026862352059
seed,0,4,2021-2023,-1,weighted,PI,xgboost,total,14,4,4,1.0,0.4,0.625,1.0,1.0,0,,,0.7853312369015054,0.6910162294442014,0.8131681756662692,0,0.8,0.8333333333333334,0.8571428571428571,0.8,0.8814303959349599,0.8540674452241419,0.8632850005896882
seed,1,2,2021-2023,-1,weighted,PI,xgboost,total,14,3,4,0.75,0.16666666666666666,0.5555555555555556,1.0,0.75,0,,GenHlth,0.8492854424134765,0.6850933289361891,0.8005524067274763,0,1.0,0.8333333333333334,0.8571428571428571,0.9,0.8772114931266186,0.8338530467446268,0.8280307244296503
seed,1,3,2021-2023,-1,weighted,PI,xgboost,total,14,3,2,0.6666666666666666,0.4,0.7777777777777778,1.0,0.6666666666666666,0,HighChol,,0.7889375902433131,0.670844483185601,0.8368752615052144,1,1.0,0.8333333333333334,0.7142857142857143,0.8,0.9319603816492454,0.9429616166527135,0.9934189291611166
seed,1,4,2021-2023,-1,weighted,PI,xgboost,total,14,3,4,0.75,0.4,0.75,1.0,0.75,0,,GenHlth,0.9482954033166019,0.8397918225669414,0.8912293192503554,0,0.8,1.0,0.8571428571428571,1.0,0.9177394131626266,0.8837711075791976,0.866863899175911
seed,2,3,2021-2023,-1,weighted,PI,xgboost,total,14,4,2,0.5,0.3333333333333333,0.75,1.0,0.5,0,"GenHlth,HighChol",,0.8954842520869821,0.7545937746270389,0.8438088920003263,0,1.0,1.0,0.8571428571428571,0.9,0.8920297810749598,0.8503629500063641,0.8312754519785771
seed,2,4,2021-2023,-1,weighted,PI,xgboost,total,14,4,4,1.0,0.6,0.7142857142857143,1.0,1.0,0,,,0.8226872246696036,0.6555555555555556,0.7517263086143178,0,0.8,0.8333333333333334,0.7142857142857143,0.9,0.8640893550899955,0.8169981105336022,0.8213255589354223
seed,3,4,2021-2023,-1,weighted,PI,xgboost,total,14,2,4,0.5,0.14285714285714285,0.5555555555555556,1.0,0.5,0,,"GenHlth,HighChol",0.726399026848198,0.5945284284940306,0.766684861709224,0,0.8,0.8333333333333334,0.7142857142857143,0.8,0.8786213506492455,0.8503058868749356,0.8623859430500056
seed,0,1,2021-2023,-1,weighted,SHAP,logistic_regression,diag,14,4,5,0.8,0.6666666666666666,0.8,1.0,0.8,0,,Diabetes_self,0.9296703296703297,0.8241758241758242,0.8656716819643016,0,1.0,0.8333333333333334,0.8571428571428571,1.0,0.8940199131626265,0.8465657742458643,0.8288430658425777
seed,0,2,2021-2023,-1,weighted,SHAP,logistic_regression,diag,14,4,5,0.8,0.5,0.6666666666666666,1.0,0.8,0,,Diabetes_self,0.956043956043956,0.8681318681318682,0.9072263049687941,0,1.0,0.8333333333333334,1.0,0.9,0.9273528108590907,0.895469570689293,0.8715484927398991
seed,0,3,2021-2023,-1,weighted,SHAP,logistic_regression,diag,14,4,4,1.0,0.5,0.5714285714285714,1.0,1.0,0,,,0.8857142857142857,0.7582417582417583,0.8532012642155482,0,1.0,0.8333333333333334,0.8571428571428571,0.9,0.9123627392726266,0.8828198161303087,0.8701950623703554
seed,0,4,2021-2023,-1,weighted,SHAP,logistic_regression,diag,14,4,4,1.0,0.6,0.7142857142857143,1.0,1.0,0,,,0.8857142857142857,0.7582417582417583,0.8624816010525895,0,1.0,0.8333333333333334,0.8571428571428571,0.9,0.9118033693757097,0.8835386057716974,0.8703582970306604
seed,1,2,2021-2023,-1,weighted,SHAP,logistic_regression,diag,14,5,5,1.0,0.8,0.8,1.0,1.0,0,,,0.9340659340659341,0.8241758241758242,0.8986009480106685,0,1.0,1.0,0.8571428571428571,0.9,0.9481570122735354,0.9367563442143492,0.9563939654637897
seed,1,3,2021-2023,-1,weighted,SHAP,logistic_regression,diag,14,5,4,0.8,0.5,0.6666666666666666,1.0,0.8,0,Diabetes_self,,0.9648351648351648,0.8901098901098902,0.9293260495351756,0,1.0,1.0,0.8571428571428571,0.9,0.9507721005742855,0.9381879999796825,0.9564143105158731
seed,1,4,2021-2023,-1,weighted,SHAP,logistic_regression,diag,14,5,4,0.8,0.3333333333333333,0.5714285714285714,1.0,0.8,0,Diabetes_self,,0.8725274725274725,0.7582417582417583,0.8789726249659529,0,1.0,1.0,0.8571428571428571,0.9,0.9401995850758689,0.9323152078681822,0.9563198411831226
seed,2,3,2021-2023,-1,weighted,SHAP,logistic_regression,diag,14,5,4,0.8,0.3333333333333333,0.5714285714285714,1.0,0.8,0,Diabetes_self,,0.9208791208791209,0.8021978021978022,0.9066821405690415,1,1.0,1.0,0.8571428571428571,0.9,0.9643953320235354,0.9704518606587937,0.9973553369915674
seed,2,4,2021-2023,-1,weighted,SHAP,logistic_regression,diag,14,5,4,0.8,0.4,0.7142857142857143,1.0,0.8,0,Diabetes_self,,0.9648351648351648,0.8901098901098902,0.9564688174892036,1,1.0,1.0,0.8571428571428571,1.0,0.984450558516619,0.9880690350824046,0.9988098042907614
seed,3,4,2021-2023,-1,weighted,SHAP,logistic_regression,diag,14,4,4,1.0,0.4,0.625,1.0,1.0,0,,,0.8637362637362638,0.7362637362637363,0.8863389001261708,1,1.0,1.0,0.8571428571428571,0.9,0.9564379048258689,0.9660107243126268,0.9972812127109003
seed,0,1,2021-2023,-1,weighted,SHAP,logistic_regression,lab,14,3,3,1.0,0.25,0.3333333333333333,1.0,1.0,0,,,0.8109890109890111,0.6263736263736264,0.7497172006040493,0,0.6,0.8333333333333334,0.7142857142857143,0.9,0.8574928177378212,0.8136713654206984,0.8405100988963293
seed,0,2,2021-2023,-1,weighted,SHAP,logistic_regression,lab,14,3,3,1.0,0.6666666666666666,0.7142857142857143,1.0,1.0,0,,,0.8945054945054945,0.7582417582417583,0.8333119208241783,0,0.8,0.6666666666666666,0.8571428571428571,1.0,0.877658878266619,0.8352685515268488,0.8460211758185392
seed,0,3,2021-2023,-1,weighted,SHAP,logistic_regression,lab,14,3,3,1.0,0.5714285714285714,0.5714285714285714,1.0,1.0,0,,,0.7890109890109891,0.5824175824175825,0.7657798649193446,0,0.8,0.8333333333333334,1.0,0.7,0.8729019165806742,0.8385157992355705,0.8491666970182596
seed,0,4,2021-2023,-1,weighted,SHAP,logistic_regression,lab,14,3,3,1.0,0.42857142857142855,0.5,1.0,1.0,0,,,0.8461538461538461,0.6703296703296704,0.8123557814989224,0,0.8,0.8333333333333334,0.8571428571428571,0.9,0.9200370280226264,0.9155929361303088,0.9728317811203554
seed,1,2,2021-2023,-1,weighted,SHAP,logistic_regression,lab,14,3,3,1.0,0.14285714285714285,0.4,1.0,1.0,0,,,0.6967032967032967,0.5164835164835165,0.7097917227008069,0,0.6,0.6666666666666666,0.5714285714285714,0.9,0.8763533416059401,0.8684381653671027,0.9612681453745907
seed,1,3,2021-2023,-1,weighted,SHAP,logistic_regression,lab,14,3,3,1.0,0.5,0.625,1.0,1.0,0,,,0.6395604395604396,0.5164835164835165,0.7407811926699762,0,0.6,0.8333333333333334,0.7142857142857143,0.7,0.8922109763099955,0.8885837978580466,0.9657048992132
seed,1,4,2021-2023,-1,weighted,SHAP,logistic_regression,lab,14,3,3,1.0,0.6,0.75,1.0,1.0,0,,,0.8549450549450549,0.7362637362637363,0.8453390110072989,0,0.8,1.0,0.8571428571428571,0.9,0.9138652082726266,0.8810867530191977,0.866766242925911
seed,2,3,2021-2023,-1,weighted,SHAP,logistic_regression,lab,14,3,3,1.0,0.5,0.625,1.0,1.0,0,,,0.7362637362637363,0.6043956043956044,0.815030780509264,1,1.0,0.8333333333333334,0.8571428571428571,0.7,0.9335103103457096,0.945470476207253,0.9942406755028826
seed,2,4,2021-2023,-1,weighted,SHAP,logistic_regression,lab,14,3,3,1.0,0.3333333333333333,0.5555555555555556,1.0,1.0,0,,,0.6923076923076923,0.5164835164835165,0.693973272593146,0,0.8,0.6666666666666666,0.7142857142857143,0.9,0.8494522675909044,0.8108803381731979,0.8436138717510787
seed,3,4,2021-2023,-1,weighted,SHAP,logistic_regression,lab,14,3,3,1.0,0.5,0.625,1.0,1.0,0,,,0.5736263736263736,0.38461538461538464,0.6707016937240033,0,0.8,0.8333333333333334,0.8571428571428571,0.6,0.8475042131540507,0.8174182080201016,0.847203284996254
seed,0,1,2021-2023,-1,weighted,SHAP,logistic_regression,total,14,4,4,1.0,0.5,0.5714285714285714,1.0,1.0,0,,,0.8945054945054945,0.7362637362637363,0.8519109335029003,0,1.0,0.8333333333333334,0.8571428571428571,0.9,0.9139712500749597,0.8858352202285862,0.870554965867466
seed,0,2,2021-2023,-1,weighted,SHAP,logistic_regression,total,14,4,4,1.0,0.6,0.7142857142857143,1.0,1.0,0,,,0.9648351648351648,0.9120879120879122,0.9679728822443074,1,1.0,1.0,1.0,0.9,0.988168367912333,0.9928745090938331,0.9998282194693328
seed,0,3,2021-2023,-1,weighted,SHAP,logistic_regression,total,14,4,4,1.0,0.75,0.8571428571428571,1.0,1.0,0,,,0.9428571428571428,0.8241758241758242,0.8924462904354227,0,1.0,0.8333333333333334,0.8571428571428571,0.9,0.9257348536266188,0.8944620138557378,0.8711079813740947
seed,0,4,2021-2023,-1,weighted,SHAP,logistic_regression,total,14,4,4,1.0,0.4,0.625,1.0,1.0,0,,,0.9296703296703297,0.8241758241758242,0.9277003838298945,1,1.0,1.0,0.8571428571428571,0.9,0.9719825540758689,0.9787101447570712,0.9982035217386781
seed,1,2,2021-2023,-1,weighted,SHAP,logistic_regression,total,14,4,4,1.0,0.8333333333333334,0.8,1.0,1.0,0,,,0.9032967032967033,0.7362637362637363,0.8529452988403963,0,1.0,0.8333333333333334,0.8571428571428571,0.9,0.9171410540758689,0.8877874780904045,0.8705993550720115
seed,1,3,2021-2023,-1,weighted,SHAP,logistic_regression,total,14,4,4,1.0,0.6666666666666666,0.6666666666666666,1.0,1.0,0,,,0.9252747252747253,0.7802197802197802,0.8916929683836479,1,1.0,0.8333333333333334,0.7142857142857143,1.0,0.9610383329809045,0.9644136598443094,0.9946012849455232
seed,1,4,2021-2023,-1,weighted,SHAP,logistic_regression,total,14,4,4,1.0,0.6666666666666666,0.6666666666666666,1.0,1.0,0,,,0.9120879120879121,0.7802197802197802,0.8688635353984884,0,1.0,0.8333333333333334,0.7142857142857143,0.9,0.9121641280909045,0.8817293052843092,0.8695036286955232
seed,2,3,2021-2023,-1,weighted,SHAP,logistic_regression,total,14,4,4,1.0,0.8,0.8333333333333334,1.0,1.0,0,,,0.8989010989010989,0.7362637362637363,0.8610458578480303,0,1.0,0.8333333333333334,0.8571428571428571,0.9,0.9199499613249598,0.8910781002285864,0.871043247117466
seed,2,4,2021-2023,-1,weighted,SHAP,logistic_regression,total,14,4,4,1.0,0.8,0.8333333333333334,1.0,1.0,0,,,0.9736263736263736,0.9120879120879122,0.9602068704415401,1,1.0,1.0,0.8571428571428571,1.0,0.9806443821626265,0.98388337780142,0.9983309130647998
seed,3,4,2021-2023,-1,weighted,SHAP,logistic_regression,total,14,4,4,1.0,0.6,0.7142857142857143,1.0,1.0,0,,,0.9164835164835166,0.7802197802197802,0.878542952388274,0,1.0,0.8333333333333334,1.0,0.9,0.9273481566623332,0.8967089624271665,0.8717357715526661
seed,0,1,2021-2023,-1,weighted,SHAP,random_forest,diag,14,5,5,1.0,1.0,1.0,1.0,1.0,0,,,0.9868131868131869,0.9340659340659341,0.9712745007739686,1,1.0,1.0,0.8571428571428571,0.9,0.9863612459282778,0.9887685941495561,0.9987768822973901
seed,0,2,2021-2023,-1,weighted,SHAP,random_forest,diag,14,5,5,1.0,0.75,0.8333333333333334,1.0,1.0,0,,,0.9648351648351648,0.8681318681318682,0.9441232641014503,1,1.0,1.0,0.8571428571428571,0.9,0.9789631886275278,0.9836086681620004,0.9985395233564179
seed,0,3,2021-2023,-1,weighted,SHAP,random_forest,diag,14,5,5,1.0,1.0,1.0,1.0,1.0,0,,,0.9868131868131869,0.9340659340659341,0.9693030618881475,1,1.0,0.8333333333333334,1.0,0.9,0.9841117602139922,0.9853357560543181,0.9972887870592949
seed,0,4,2021-2023,-1,weighted,SHAP,random_forest,diag,14,5,5,1.0,0.6,0.6666666666666666,1.0,1.0,0,,,0.9824175824175824,0.9340659340659341,0.9739116203225348,1,1.0,1.0,1.0,0.9,0.9891702912139921,0.9925301524987624,0.9996759398370727
seed,1,2,2021-2023,-1,weighted,SHAP,random_forest,diag,14,5,5,1.0,0.75,0.8333333333333334,1.0,1.0,0,,,0.9824175824175824,0.9340659340659341,0.9733483520694428,1,1.0,1.0,1.0,0.9,0.9887277378092498,0.9921557194524446,0.9996649848090278
seed,1,3,2021-2023,-1,weighted,SHAP,random_forest,diag,14,5,5,1.0,1.0,1.0,1.0,1.0,0,,,0.9868131868131869,0.9560439560439562,0.9725406726617754,1,1.0,0.8333333333333334,0.8571428571428571,1.0,0.9825664857142855,0.9815875047619049,0.996279761904762
seed,1,4,2021-2023,-1,weighted,SHAP,random_forest,diag,14,5,5,1.0,0.6,0.6666666666666666,1.0,1.0,0,,,0.9912087912087912,0.9560439560439562,0.9773378406172737,1,1.0,1.0,0.8571428571428571,1.0,0.9876250167142857,0.9887819012063492,0.9986669146825398
seed,2,3,2021-2023,-1,weighted,SHAP,random_forest,diag,14,5,5,1.0,0.75,0.8333333333333334,1.0,1.0,0,,,0.9692307692307693,0.8901098901098902,0.9458890247312184,1,1.0,0.8333333333333334,0.8571428571428571,0.9,0.9712942235235356,0.9737432242143493,0.9959447467137897
seed,2,4,2021-2023,-1,weighted,SHAP,random_forest,diag,14,5,5,1.0,0.75,0.8333333333333334,1.0,1.0,0,,,0.9868131868131869,0.9340659340659341,0.970711232520877,1,1.0,1.0,0.8571428571428571,0.9,0.9859186925235355,0.9883941611032381,0.9987659272693452
seed,3,4,2021-2023,-1,weighted,SHAP,random_forest,diag,14,5,5,1.0,0.6,0.6666666666666666,1.0,1.0,0,,,0.9912087912087912,0.9560439560439562,0.9753664017314525,1,1.0,0.8333333333333334,1.0,1.0,0.9853755309999999,0.9853490631111113,0.9971788194444445
seed,0,1,2021-2023,-1,weighted,SHAP,random_forest,lab,14,3,3,1.0,0.8333333333333334,0.8333333333333334,1.0,1.0,0,,,0.9956043956043955,0.9780219780219781,0.9873264643054348,1,1.0,1.0,0.8571428571428571,1.0,0.9924079857142856,0.9925101714285716,0.9988839285714286
seed,0,2,2021-2023,-1,weighted,SHAP,random_forest,lab,14,3,3,1.0,0.8333333333333334,0.8333333333333334,1.0,1.0,0,,,0.9912087912087912,0.9560439560439562,0.9660349243385653,0,1.0,1.0,0.8571428571428571,1.0,0.9741829857142856,0.9669101714285715,0.9832589285714286
seed,0,3,2021-2023,-1,weighted,SHAP,random_forest,lab,14,3,3,1.0,0.8333333333333334,0.8333333333333334,1.0,1.0,0,,,0.9824175824175824,0.9340659340659341,0.948291974366174,0,0.8,1.0,0.8571428571428571,1.0,0.9610609857142856,0.9505261714285715,0.9770089285714286
seed,0,4,2021-2023,-1,weighted,SHAP,random_forest,lab,14,3,2,0.6666666666666666,0.8333333333333334,1.0,1.0,0.6666666666666666,0,Income,,0.9912087912087912,0.9560439560439562,0.9660349243385653,0,1.0,1.0,0.8571428571428571,1.0,0.9741829857142856,0.9669101714285715,0.9832589285714286
seed,1,2,2021-2023,-1,weighted,SHAP,random_forest,lab,14,3,3,1.0,1.0,1.0,1.0,1.0,0,,,0.9956043956043955,0.9780219780219781,0.9787084600331305,0,1.0,1.0,1.0,1.0,0.9817749999999998,0.9744000000000002,0.984375
seed,1,3,2021-2023,-1,weighted,SHAP,random_forest,lab,14,3,3,1.0,1.0,1.0,1.0,1.0,0,,,0.9868131868131869,0.9560439560439562,0.960965510060739,0,0.8,1.0,1.0,1.0,0.9686529999999998,0.9580160000000002,0.978125
seed,1,4,2021-2023,-1,weighted,SHAP,random_forest,lab,14,3,2,0.6666666666666666,0.7142857142857143,0.8333333333333334,1.0,0.6666666666666666,0,Income,,0.9956043956043955,0.9780219780219781,0.9787084600331305,0,1.0,1.0,1.0,1.0,0.9817749999999998,0.9744000000000002,0.984375
seed,2,3,2021-2023,-1,weighted,SHAP,random_forest,lab,14,3,3,1.0,1.0,1.0,1.0,1.0,0,,,0.9956043956043955,0.9780219780219781,0.982651337804773,0,0.8,1.0,1.0,1.0,0.9868779999999999,0.9836160000000003,0.99375
seed,2,4,2021-2023,-1,weighted,SHAP,random_forest,lab,14,3,2,0.6666666666666666,0.7142857142857143,0.8333333333333334,1.0,0.6666666666666666,0,Income,,1.0,1.0,1.0,1,1.0,1.0,1.0,1.0,0.9999999999999998,1.0000000000000002,1.0
seed,3,4,2021-2023,-1,weighted,SHAP,random_forest,lab,14,3,2,0.6666666666666666,0.7142857142857143,0.8333333333333334,1.0,0.6666666666666666,0,Income,,0.9956043956043955,0.9780219780219781,0.982651337804773,0,0.8,1.0,1.0,1.0,0.9868779999999999,0.9836160000000003,0.99375
seed,0,1,2021-2023,-1,weighted,SHAP,random_forest,total,14,4,5,0.8,0.5,0.6666666666666666,1.0,0.8,0,,Diabetes_self,0.9824175824175824,0.9340659340659341,0.9739116203225348,1,1.0,1.0,1.0,0.9,0.9891702912139921,0.9925301524987624,0.9996759398370727
seed,0,2,2021-2023,-1,weighted,SHAP,random_forest,total,14,4,5,0.8,0.8,1.0,1.0,0.8,0,,Diabetes_self,0.9780219780219781,0.9120879120879122,0.9670295063938498,1,1.0,1.0,1.0,0.9,0.9907834562130831,0.9943061648591665,0.9998485645214161
seed,0,3,2021-2023,-1,weighted,SHAP,random_forest,total,14,4,4,1.0,0.8,0.8333333333333334,1.0,1.0,0,,,0.9956043956043955,0.9780219780219781,0.9909672254686008,1,1.0,1.0,1.0,0.9,0.9961257951099998,0.9973156454400001,0.99990234375
seed,0,4,2021-2023,-1,weighted,SHAP,random_forest,total,14,4,4,1.0,0.8,0.8333333333333334,1.0,1.0,0,,,0.9824175824175824,0.9340659340659341,0.9700136464535862,1,1.0,1.0,0.8571428571428571,0.9,0.9853639768233766,0.9878735590067533,0.9987418831168832
seed,1,2,2021-2023,-1,weighted,SHAP,random_forest,total,14,5,5,1.0,0.6,0.6666666666666666,1.0,1.0,0,,,0.9780219780219781,0.9340659340659341,0.9726507660021524,1,1.0,1.0,1.0,0.9,0.9881730221090907,0.9916351173559597,0.9996409406565657
seed,1,3,2021-2023,-1,weighted,SHAP,random_forest,total,14,5,4,0.8,0.6,0.8333333333333334,1.0,0.8,0,Diabetes_self,,0.9912087912087912,0.9560439560439562,0.9829921873117722,1,1.0,1.0,1.0,1.0,0.9930444961039921,0.9952145070587626,0.9997735960870727
seed,1,4,2021-2023,-1,weighted,SHAP,random_forest,total,14,5,4,0.8,0.6,0.8333333333333334,1.0,0.8,0,Diabetes_self,,0.9824175824175824,0.9120879120879122,0.9620744526401361,1,1.0,1.0,0.8571428571428571,1.0,0.9822826778173688,0.9857724206255156,0.9986131354539559
seed,2,3,2021-2023,-1,weighted,SHAP,random_forest,total,14,5,4,0.8,0.6,0.8333333333333334,1.0,0.8,0,Diabetes_self,,0.9824175824175824,0.9340659340659341,0.9756679931480847,1,1.0,1.0,1.0,0.9,0.9907834562130831,0.9943061648591665,0.9998485645214161
seed,2,4,2021-2023,-1,weighted,SHAP,random_forest,total,14,5,4,0.8,0.6,0.8333333333333334,1.0,0.8,0,Diabetes_self,,0.9868131868131869,0.9340659340659341,0.9712745007739686,1,1.0,1.0,0.8571428571428571,0.9,0.9863612459282778,0.9887685941495561,0.9987768822973901
seed,3,4,2021-2023,-1,weighted,SHAP,random_forest,total,14,4,4,1.0,1.0,1.0,1.0,1.0,0,,,0.9912087912087912,0.9560439560439562,0.9790822653283641,1,1.0,1.0,0.8571428571428571,1.0,0.9892381817133766,0.9905579135667533,0.9988395393668832
seed,0,1,2021-2023,-1,weighted,SHAP,xgboost,diag,14,4,4,1.0,0.6666666666666666,0.6666666666666666,1.0,1.0,0,,,0.9604395604395607,0.8901098901098902,0.9492302295961492,1,1.0,1.0,0.8571428571428571,0.9,0.9751570122735356,0.9794230108810158,0.9980606321304564
seed,0,2,2021-2023,-1,weighted,SHAP,xgboost,diag,14,4,4,1.0,1.0,1.0,1.0,1.0,0,,,0.9692307692307693,0.8901098901098902,0.9482843590844305,1,1.0,1.0,0.8571428571428571,1.0,0.9806443821626265,0.98388337780142,0.9983309130647998
seed,0,3,2021-2023,-1,weighted,SHAP,xgboost,diag,14,4,4,1.0,0.6666666666666666,0.6666666666666666,1.0,1.0,0,,,0.9736263736263736,0.9120879120879122,0.9629199458605988,1,1.0,1.0,1.0,1.0,0.9834534274483409,0.9876449361506263,0.9992299706044824
seed,0,4,2021-2023,-1,weighted,SHAP,xgboost,diag,14,4,4,1.0,0.6666666666666666,0.6666666666666666,1.0,1.0,0,,,0.9648351648351648,0.8681318681318682,0.9376949159263048,1,1.0,0.8333333333333334,1.0,1.0,0.9736119274483408,0.9767222694839597,0.9966258039378157
seed,1,2,2021-2023,-1,weighted,SHAP,xgboost,diag,14,4,4,1.0,0.6666666666666666,0.6666666666666666,1.0,1.0,0,,,0.9472527472527472,0.8681318681318682,0.9457132824102945,1,1.0,1.0,1.0,0.9,0.9795792225583406,0.9849605815906264,0.9991323143544824
seed,1,3,2021-2023,-1,weighted,SHAP,xgboost,diag,14,4,4,1.0,1.0,1.0,1.0,1.0,0,,,0.9824175824175824,0.9340659340659341,0.9700136464535862,1,1.0,1.0,0.8571428571428571,0.9,0.9853639768233766,0.9878735590067533,0.9987418831168832
seed,1,4,2021-2023,-1,weighted,SHAP,xgboost,diag,14,4,4,1.0,1.0,1.0,1.0,1.0,0,,,0.9648351648351648,0.8901098901098902,0.9439624897480912,1,1.0,0.8333333333333334,0.8571428571428571,0.9,0.9695437655733765,0.9717080123400865,0.9956494352002165
seed,2,3,2021-2023,-1,weighted,SHAP,xgboost,diag,14,4,4,1.0,0.6666666666666666,0.6666666666666666,1.0,1.0,0,,,0.9648351648351648,0.8901098901098902,0.9501525321238515,1,1.0,1.0,0.8571428571428571,1.0,0.9758614131626266,0.9801551075791977,0.998113899175911
seed,2,4,2021-2023,-1,weighted,SHAP,xgboost,diag,14,4,4,1.0,0.6666666666666666,0.6666666666666666,1.0,1.0,0,,,0.9384615384615385,0.8461538461538461,0.9238009656833741,1,1.0,0.8333333333333334,0.8571428571428571,1.0,0.9600412019126265,0.9639895609125311,0.9950214512592443
seed,3,4,2021-2023,-1,weighted,SHAP,xgboost,diag,14,4,4,1.0,1.0,1.0,1.0,1.0,0,,,0.9912087912087912,0.9560439560439562,0.9741835383999597,1,1.0,0.8333333333333334,1.0,1.0,0.9841797887499999,0.9838344533333334,0.9969075520833334
seed,0,1,2021-2023,-1,weighted,SHAP,xgboost,lab,14,3,3,1.0,0.8571428571428571,0.8,1.0,1.0,0,,,0.8725274725274725,0.7142857142857144,0.8181230444399613,0,0.6,0.6666666666666666,0.8571428571428571,1.0,0.9164923821626265,0.9036700444680865,0.9649975797314665
seed,0,2,2021-2023,-1,weighted,SHAP,xgboost,lab,14,3,3,1.0,0.8571428571428571,0.8,1.0,1.0,0,,,0.8417582417582418,0.7142857142857144,0.8202159339397942,0,0.6,0.6666666666666666,0.7142857142857143,1.0,0.8981386876269124,0.8872090656744358,0.9631762131640061
seed,0,3,2021-2023,-1,weighted,SHAP,xgboost,lab,14,3,3,1.0,1.0,1.0,1.0,1.0,0,,,0.8989010989010989,0.7582417582417583,0.8460799254017504,0,0.6,0.6666666666666666,0.8571428571428571,1.0,0.9164923821626265,0.9036700444680865,0.9649975797314665
seed,0,4,2021-2023,-1,weighted,SHAP,xgboost,lab,14,3,3,1.0,0.8571428571428571,0.8,1.0,1.0,0,,,0.8637362637362638,0.7362637362637363,0.8311820052993171,0,0.8,0.6666666666666666,0.7142857142857143,1.0,0.9144304916278214,0.905545323536254,0.9694706023685515
seed,1,2,2021-2023,-1,weighted,SHAP,xgboost,lab,14,3,3,1.0,1.0,1.0,1.0,1.0,0,,,0.9340659340659341,0.8241758241758242,0.8923577299606651,0,0.8,0.8333333333333334,0.8571428571428571,1.0,0.9372880014633767,0.9286800966778643,0.9736550775613277
seed,1,3,2021-2023,-1,weighted,SHAP,xgboost,lab,14,3,3,1.0,0.8571428571428571,0.8,1.0,1.0,0,,,0.9736263736263736,0.9120879120879122,0.9349237411594622,0,0.8,0.8333333333333334,1.0,1.0,0.9528327887499999,0.9418504533333334,0.9750325520833334
seed,1,4,2021-2023,-1,weighted,SHAP,xgboost,lab,14,3,3,1.0,1.0,1.0,1.0,1.0,0,,,0.8901098901098902,0.7582417582417583,0.8593161385085826,0,0.8,0.8333333333333334,0.7142857142857143,1.0,0.9211021876269123,0.9145157323411026,0.9720303798306729
seed,2,3,2021-2023,-1,weighted,SHAP,xgboost,lab,14,3,3,1.0,0.8571428571428571,0.8,1.0,1.0,0,,,0.956043956043956,0.8681318681318682,0.9185684793378697,0,0.8,1.0,0.8571428571428571,1.0,0.9471295014633765,0.939602763344531,0.9762592442279944
seed,2,4,2021-2023,-1,weighted,SHAP,xgboost,lab,14,3,3,1.0,1.0,1.0,1.0,1.0,0,,,0.8549450549450549,0.7142857142857144,0.8210332637476023,0,0.6,0.8333333333333334,0.8571428571428571,1.0,0.9215509131626265,0.910864440912531,0.9673847325092444
seed,3,4,2021-2023,-1,weighted,SHAP,xgboost,lab,14,3,3,1.0,0.8571428571428571,0.8,1.0,1.0,0,,,0.8901098901098902,0.7582417582417583,0.863061872391643,0,0.8,0.8333333333333334,0.7142857142857143,1.0,0.9453058988769123,0.9453586123411026,0.9881436610806729
seed,0,1,2021-2023,-1,weighted,SHAP,xgboost,total,14,4,4,1.0,0.8,0.8333333333333334,1.0,1.0,0,,,0.9824175824175824,0.9340659340659341,0.9607618669230829,0,0.8,0.8333333333333334,1.0,1.0,0.9748639651039921,0.9716361106143181,0.991136443309295
seed,0,2,2021-2023,-1,weighted,SHAP,xgboost,total,14,4,4,1.0,1.0,1.0,1.0,1.0,0,,,0.9692307692307693,0.8681318681318682,0.9265322258700444,0,0.8,0.8333333333333334,1.0,1.0,0.9669111921030831,0.9659555825302777,0.9908750402158607
seed,0,3,2021-2023,-1,weighted,SHAP,xgboost,total,14,4,4,1.0,0.8,0.8333333333333334,1.0,1.0,0,,,0.9780219780219781,0.9120879120879122,0.9506372185472288,1,1.0,0.8333333333333334,0.8571428571428571,1.0,0.9793966817133763,0.9796352469000866,0.9962353727002166
seed,0,4,2021-2023,-1,weighted,SHAP,xgboost,total,14,4,4,1.0,0.8,0.8333333333333334,1.0,1.0,0,,,0.9384615384615385,0.8021978021978022,0.8856013994787078,0,0.8,0.6666666666666666,0.8571428571428571,0.9,0.9503864419273687,0.9485870029544046,0.9872741597595114
seed,1,2,2021-2023,-1,weighted,SHAP,xgboost,total,14,4,4,1.0,0.8,0.8333333333333334,1.0,1.0,0,,,0.9868131868131869,0.9340659340659341,0.9671222027543818,1,1.0,0.8333333333333334,1.0,1.0,0.9822057269990907,0.9833968052492932,0.9971344302398991
seed,1,3,2021-2023,-1,weighted,SHAP,xgboost,total,14,4,4,1.0,1.0,1.0,1.0,1.0,0,,,0.9692307692307693,0.8901098901098902,0.939703315188174,0,0.8,0.8333333333333334,0.8571428571428571,1.0,0.9641021468173687,0.9621940241810714,0.9899759826761781
seed,1,4,2021-2023,-1,weighted,SHAP,xgboost,total,14,4,4,1.0,1.0,1.0,1.0,1.0,0,,,0.956043956043956,0.8681318681318682,0.9236285058114775,0,0.8,0.8333333333333334,0.8571428571428571,0.9,0.9624004768233765,0.9605668923400867,0.9898877164502166
seed,2,3,2021-2023,-1,weighted,SHAP,xgboost,total,14,4,4,1.0,0.8,0.8333333333333334,1.0,1.0,0,,,0.956043956043956,0.8681318681318682,0.9229477915321875,0,0.8,0.6666666666666666,0.8571428571428571,1.0,0.9526474818182777,0.9494953451540005,0.987199191325168
seed,2,4,2021-2023,-1,weighted,SHAP,xgboost,total,14,4,4,1.0,0.8,0.8333333333333334,1.0,1.0,0,,,0.9428571428571428,0.8461538461538461,0.9185292212475027,0,0.8,0.8333333333333334,0.8571428571428571,0.9,0.9576175078233766,0.9568386221178644,0.9896707025613277
seed,3,4,2021-2023,-1,weighted,SHAP,xgboost,total,14,4,4,1.0,1.0,1.0,1.0,1.0,0,,,0.9516483516483516,0.8461538461538461,0.9216300851946516,0,0.8,0.8333333333333334,0.8571428571428571,0.9,0.9602279419273687,0.9595096696210712,0.9898783264261781
