cycle,label,model,seed,method,weighting,feature,importance,pi_std
2017-2020,diag,xgboost,0,SHAP,unweighted,Diabetes_self,0.152363121509552,
2017-2020,diag,xgboost,0,SHAP,unweighted,HighChol,0.33458220958709717,
2017-2020,diag,xgboost,0,SHAP,unweighted,BMI,0.4318294823169708,
2017-2020,diag,xgboost,0,SHAP,unweighted,Smoker,0.08256331086158752,
2017-2020,diag,xgboost,0,SHAP,unweighted,Stroke,0.07317384332418442,
2017-2020,diag,xgboost,0,SHAP,unweighted,HeartDiseaseorAttack,0.07662279903888702,
2017-2020,diag,xgboost,0,SHAP,unweighted,PhysActivity_LTPA,0.044086940586566925,
2017-2020,diag,xgboost,0,SHAP,unweighted,AnyHealthcare,0.05341764912009239,
2017-2020,diag,xgboost,0,SHAP,unweighted,GenHlth,0.35856854915618896,
2017-2020,diag,xgboost,0,SHAP,unweighted,MentHlth,0.07232379168272018,
2017-2020,diag,xgboost,0,SHAP,unweighted,Sex,0.09723063558340073,
2017-2020,diag,xgboost,0,SHAP,unweighted,Age,0.8762146830558777,
2017-2020,diag,xgboost,0,SHAP,unweighted,Education,0.12838485836982727,
2017-2020,diag,xgboost,0,SHAP,unweighted,Income,0.10344507545232773,
2017-2020,diag,xgboost,0,SHAP,weighted,Diabetes_self,0.1353476185118455,
2017-2020,diag,xgboost,0,SHAP,weighted,HighChol,0.3163116521774774,
2017-2020,diag,xgboost,0,SHAP,weighted,BMI,0.4353921687321238,
2017-2020,diag,xgboost,0,SHAP,weighted,Smoker,0.08612798553729624,
2017-2020,diag,xgboost,0,SHAP,weighted,Stroke,0.06419044393451309,
2017-2020,diag,xgboost,0,SHAP,weighted,HeartDiseaseorAttack,0.07214177433470674,
2017-2020,diag,xgboost,0,SHAP,weighted,PhysActivity_LTPA,0.04478476339106922,
2017-2020,diag,xgboost,0,SHAP,weighted,AnyHealthcare,0.047415817250373464,
2017-2020,diag,xgboost,0,SHAP,weighted,GenHlth,0.37323992587088733,
2017-2020,diag,xgboost,0,SHAP,weighted,MentHlth,0.06941812785945295,
2017-2020,diag,xgboost,0,SHAP,weighted,Sex,0.09985342482094538,
2017-2020,diag,xgboost,0,SHAP,weighted,Age,0.9175759485863958,
2017-2020,diag,xgboost,0,SHAP,weighted,Education,0.11325630904800099,
2017-2020,diag,xgboost,0,SHAP,weighted,Income,0.10058682017232277,
2017-2020,diag,xgboost,0,PI,unweighted,Diabetes_self,0.004637738567832295,0.001681854876584311
2017-2020,diag,xgboost,0,PI,unweighted,HighChol,0.022269010078046703,0.004886365217150181
2017-2020,diag,xgboost,0,PI,unweighted,BMI,0.03663948378355871,0.009167094188331188
2017-2020,diag,xgboost,0,PI,unweighted,Smoker,0.0005778156673296841,0.0007796191820788679
2017-2020,diag,xgboost,0,PI,unweighted,Stroke,0.00251563661623333,0.0013331879775263465
2017-2020,diag,xgboost,0,PI,unweighted,HeartDiseaseorAttack,0.002807271349470819,0.0014227243409340971
2017-2020,diag,xgboost,0,PI,unweighted,PhysActivity_LTPA,-0.0007827636983647301,0.0012132002038886124
2017-2020,diag,xgboost,0,PI,unweighted,AnyHealthcare,0.002447320605888359,0.0008725759481017067
2017-2020,diag,xgboost,0,PI,unweighted,GenHlth,0.024205252295618818,0.006628858662983371
2017-2020,diag,xgboost,0,PI,unweighted,MentHlth,0.0008233801498932936,0.0018292929546897447
2017-2020,diag,xgboost,0,PI,unweighted,Sex,0.009111002035128147,0.002474054282355207
2017-2020,diag,xgboost,0,PI,unweighted,Age,0.1492564175428625,0.010779511923756908
2017-2020,diag,xgboost,0,PI,unweighted,Education,0.006510113926993677,0.0022250396306149616
2017-2020,diag,xgboost,0,PI,unweighted,Income,-0.0018264486295177297,0.002687491605785972
2017-2020,diag,xgboost,0,PI,weighted,Diabetes_self,0.005851336162293652,
2017-2020,diag,xgboost,0,PI,weighted,HighChol,0.01671364627801104,
2017-2020,diag,xgboost,0,PI,weighted,BMI,0.031350987533630026,
2017-2020,diag,xgboost,0,PI,weighted,Smoker,0.000834245980904802,
2017-2020,diag,xgboost,0,PI,weighted,Stroke,0.002744133489008671,
2017-2020,diag,xgboost,0,PI,weighted,HeartDiseaseorAttack,0.0026138374753341465,
2017-2020,diag,xgboost,0,PI,weighted,PhysActivity_LTPA,-0.001780926232850044,
2017-2020,diag,xgboost,0,PI,weighted,AnyHealthcare,0.0018876422610701992,
2017-2020,diag,xgboost,0,PI,weighted,GenHlth,0.02780961476673487,
2017-2020,diag,xgboost,0,PI,weighted,MentHlth,0.0001875027995652867,
2017-2020,diag,xgboost,0,PI,weighted,Sex,0.006563383921264365,
2017-2020,diag,xgboost,0,PI,weighted,Age,0.14283800235478922,
2017-2020,diag,xgboost,0,PI,weighted,Education,0.006943084043047676,
2017-2020,diag,xgboost,0,PI,weighted,Income,-0.00406401910340406,
2017-2020,diag,random_forest,0,SHAP,unweighted,Diabetes_self,0.03622518518061837,
2017-2020,diag,random_forest,0,SHAP,unweighted,HighChol,0.07396661080183917,
2017-2020,diag,random_forest,0,SHAP,unweighted,BMI,0.06116111684036141,
2017-2020,diag,random_forest,0,SHAP,unweighted,Smoker,0.014396806842281005,
2017-2020,diag,random_forest,0,SHAP,unweighted,Stroke,0.01112445249301234,
2017-2020,diag,random_forest,0,SHAP,unweighted,HeartDiseaseorAttack,0.01665999704305058,
2017-2020,diag,random_forest,0,SHAP,unweighted,PhysActivity_LTPA,0.011885060409868874,
2017-2020,diag,random_forest,0,SHAP,unweighted,AnyHealthcare,0.00880685205371919,
2017-2020,diag,random_forest,0,SHAP,unweighted,GenHlth,0.05298911743424324,
2017-2020,diag,random_forest,0,SHAP,unweighted,MentHlth,0.010813894055799028,
2017-2020,diag,random_forest,0,SHAP,unweighted,Sex,0.013846420276705835,
2017-2020,diag,random_forest,0,SHAP,unweighted,Age,0.13372647191016998,
2017-2020,diag,random_forest,0,SHAP,unweighted,Education,0.01602953877041621,
2017-2020,diag,random_forest,0,SHAP,unweighted,Income,0.015501004729049498,
2017-2020,diag,random_forest,0,SHAP,weighted,Diabetes_self,0.032715122990097066,
2017-2020,diag,random_forest,0,SHAP,weighted,HighChol,0.07163117241560363,
2017-2020,diag,random_forest,0,SHAP,weighted,BMI,0.0610708066264996,
2017-2020,diag,random_forest,0,SHAP,weighted,Smoker,0.014900066216146176,
2017-2020,diag,random_forest,0,SHAP,weighted,Stroke,0.009906753551564205,
2017-2020,diag,random_forest,0,SHAP,weighted,HeartDiseaseorAttack,0.016131308164523284,
2017-2020,diag,random_forest,0,SHAP,weighted,PhysActivity_LTPA,0.012189888903204646,
2017-2020,diag,random_forest,0,SHAP,weighted,AnyHealthcare,0.007446631404102371,
2017-2020,diag,random_forest,0,SHAP,weighted,GenHlth,0.05517356679028717,
2017-2020,diag,random_forest,0,SHAP,weighted,MentHlth,0.010326457412792377,
2017-2020,diag,random_forest,0,SHAP,weighted,Sex,0.013675425879578101,
2017-2020,diag,random_forest,0,SHAP,weighted,Age,0.1384538361529304,
2017-2020,diag,random_forest,0,SHAP,weighted,Education,0.01450932891716683,
2017-2020,diag,random_forest,0,SHAP,weighted,Income,0.015285765782943798,
2017-2020,diag,random_forest,0,PI,unweighted,Diabetes_self,0.006886282546981526,0.003095753107985238
2017-2020,diag,random_forest,0,PI,unweighted,HighChol,0.025029206529632753,0.005029212741708778
2017-2020,diag,random_forest,0,PI,unweighted,BMI,0.030388999400082006,0.008260541510720145
2017-2020,diag,random_forest,0,PI,unweighted,Smoker,-0.003115411001174073,0.0030858535455576116
2017-2020,diag,random_forest,0,PI,unweighted,Stroke,0.0013061848952726884,0.0017311279687602348
2017-2020,diag,random_forest,0,PI,unweighted,HeartDiseaseorAttack,0.004112882160622955,0.001611725966379057
2017-2020,diag,random_forest,0,PI,unweighted,PhysActivity_LTPA,-0.0015408417795460538,0.0027573572570143874
2017-2020,diag,random_forest,0,PI,unweighted,AnyHealthcare,0.0009379099319422601,0.001772113998230034
2017-2020,diag,random_forest,0,PI,unweighted,GenHlth,0.02082102640499909,0.0071533108221874244
2017-2020,diag,random_forest,0,PI,unweighted,MentHlth,0.000360381306672819,0.0019342682786051065
2017-2020,diag,random_forest,0,PI,unweighted,Sex,0.00809257680527924,0.003241765534866717
2017-2020,diag,random_forest,0,PI,unweighted,Age,0.13431917928934128,0.01191206771116901
2017-2020,diag,random_forest,0,PI,unweighted,Education,-0.0020869392992155953,0.0034545224224903034
2017-2020,diag,random_forest,0,PI,unweighted,Income,-0.0013014487012782405,0.0028814538756918528
2017-2020,diag,random_forest,0,PI,weighted,Diabetes_self,0.00921756206398322,
2017-2020,diag,random_forest,0,PI,weighted,HighChol,0.01917224672424961,
2017-2020,diag,random_forest,0,PI,weighted,BMI,0.027745526890597914,
2017-2020,diag,random_forest,0,PI,weighted,Smoker,-0.002107685415687355,
2017-2020,diag,random_forest,0,PI,weighted,Stroke,0.002178947409779819,
2017-2020,diag,random_forest,0,PI,weighted,HeartDiseaseorAttack,0.0021081769631144274,
2017-2020,diag,random_forest,0,PI,weighted,PhysActivity_LTPA,-0.005714439351757417,
2017-2020,diag,random_forest,0,PI,weighted,AnyHealthcare,0.0001620845691590711,
2017-2020,diag,random_forest,0,PI,weighted,GenHlth,0.02525827193945108,
2017-2020,diag,random_forest,0,PI,weighted,MentHlth,-0.0011332278549562535,
2017-2020,diag,random_forest,0,PI,weighted,Sex,0.001688796610368881,
2017-2020,diag,random_forest,0,PI,weighted,Age,0.12570267176224448,
2017-2020,diag,random_forest,0,PI,weighted,Education,-0.0028636803298296987,
2017-2020,diag,random_forest,0,PI,weighted,Income,0.00026429991192405966,
2017-2020,diag,logistic_regression,0,SHAP,unweighted,Diabetes_self,0.12236589761292277,
2017-2020,diag,logistic_regression,0,SHAP,unweighted,HighChol,0.32001568679390824,
2017-2020,diag,logistic_regression,0,SHAP,unweighted,BMI,0.29043858091954394,
2017-2020,diag,logistic_regression,0,SHAP,unweighted,Smoker,0.05349039101976796,
2017-2020,diag,logistic_regression,0,SHAP,unweighted,Stroke,0.07719146056333788,
2017-2020,diag,logistic_regression,0,SHAP,unweighted,HeartDiseaseorAttack,0.04878217149515645,
2017-2020,diag,logistic_regression,0,SHAP,unweighted,PhysActivity_LTPA,0.015661231309189113,
2017-2020,diag,logistic_regression,0,SHAP,unweighted,AnyHealthcare,0.020710491884144724,
2017-2020,diag,logistic_regression,0,SHAP,unweighted,GenHlth,0.31067971281107354,
2017-2020,diag,logistic_regression,0,SHAP,unweighted,MentHlth,0.03642009922290261,
2017-2020,diag,logistic_regression,0,SHAP,unweighted,Sex,0.052587551508285174,
2017-2020,diag,logistic_regression,0,SHAP,unweighted,Age,0.7058676418439033,
2017-2020,diag,logistic_regression,0,SHAP,unweighted,Education,0.07950206243291882,
2017-2020,diag,logistic_regression,0,SHAP,unweighted,Income,0.0253139242426731,
2017-2020,diag,logistic_regression,0,SHAP,weighted,Diabetes_self,0.10922508193118866,
2017-2020,diag,logistic_regression,0,SHAP,weighted,HighChol,0.3163147741988368,
2017-2020,diag,logistic_regression,0,SHAP,weighted,BMI,0.27826967338967923,
2017-2020,diag,logistic_regression,0,SHAP,weighted,Smoker,0.05345527769153418,
2017-2020,diag,logistic_regression,0,SHAP,weighted,Stroke,0.0703790101871723,
2017-2020,diag,logistic_regression,0,SHAP,weighted,HeartDiseaseorAttack,0.04901102582823563,
2017-2020,diag,logistic_regression,0,SHAP,weighted,PhysActivity_LTPA,0.01574992991742824,
2017-2020,diag,logistic_regression,0,SHAP,weighted,AnyHealthcare,0.019265323808311946,
2017-2020,diag,logistic_regression,0,SHAP,weighted,GenHlth,0.30339319051405167,
2017-2020,diag,logistic_regression,0,SHAP,weighted,MentHlth,0.03561063421816609,
2017-2020,diag,logistic_regression,0,SHAP,weighted,Sex,0.05257841755072422,
2017-2020,diag,logistic_regression,0,SHAP,weighted,Age,0.7181158154305041,
2017-2020,diag,logistic_regression,0,SHAP,weighted,Education,0.07761332524038347,
2017-2020,diag,logistic_regression,0,SHAP,weighted,Income,0.02551162579550269,
2017-2020,diag,logistic_regression,0,PI,unweighted,Diabetes_self,0.004990226217847749,0.0020174488349853194
2017-2020,diag,logistic_regression,0,PI,unweighted,HighChol,0.025222385836196525,0.004688155255954426
2017-2020,diag,logistic_regression,0,PI,unweighted,BMI,0.02672447693760569,0.00326903859997554
2017-2020,diag,logistic_regression,0,PI,unweighted,Smoker,-0.00021671675550618552,0.0006592091368579543
2017-2020,diag,logistic_regression,0,PI,unweighted,Stroke,0.003627063473610792,0.0019767777063273784
2017-2020,diag,logistic_regression,0,PI,unweighted,HeartDiseaseorAttack,0.00046414701146157977,0.000958747810076865
2017-2020,diag,logistic_regression,0,PI,unweighted,PhysActivity_LTPA,-0.00010477035199968343,0.00020329894501079475
2017-2020,diag,logistic_regression,0,PI,unweighted,AnyHealthcare,0.0002879031864539194,0.00030716464619050005
2017-2020,diag,logistic_regression,0,PI,unweighted,GenHlth,0.01719324532623765,0.00528799114137159
2017-2020,diag,logistic_regression,0,PI,unweighted,MentHlth,0.0006934936176198226,0.0006695211599583019
2017-2020,diag,logistic_regression,0,PI,unweighted,Sex,0.00017997537179126333,0.0006487379810740566
2017-2020,diag,logistic_regression,0,PI,unweighted,Age,0.13377078543318952,0.011784851122700422
2017-2020,diag,logistic_regression,0,PI,unweighted,Education,0.0008987286907150116,0.0004961735192224705
2017-2020,diag,logistic_regression,0,PI,unweighted,Income,-0.00039554395905632144,0.0003189315018507907
2017-2020,diag,logistic_regression,0,PI,weighted,Diabetes_self,0.008021181149579592,
2017-2020,diag,logistic_regression,0,PI,weighted,HighChol,0.026098165248367076,
2017-2020,diag,logistic_regression,0,PI,weighted,BMI,0.024396831506228556,
2017-2020,diag,logistic_regression,0,PI,weighted,Smoker,0.0003244447078717405,
2017-2020,diag,logistic_regression,0,PI,weighted,Stroke,0.004690106644317504,
2017-2020,diag,logistic_regression,0,PI,weighted,HeartDiseaseorAttack,0.0011469918566745397,
2017-2020,diag,logistic_regression,0,PI,weighted,PhysActivity_LTPA,0.00012844142323795716,
2017-2020,diag,logistic_regression,0,PI,weighted,AnyHealthcare,0.0006690357833234684,
2017-2020,diag,logistic_regression,0,PI,weighted,GenHlth,0.022329850989243193,
2017-2020,diag,logistic_regression,0,PI,weighted,MentHlth,0.00197116017786253,
2017-2020,diag,logistic_regression,0,PI,weighted,Sex,0.0009212470474716739,
2017-2020,diag,logistic_regression,0,PI,weighted,Age,0.13304840810824425,
2017-2020,diag,logistic_regression,0,PI,weighted,Education,-0.0011299700128027835,
2017-2020,diag,logistic_regression,0,PI,weighted,Income,-0.0005886538793695495,
2017-2020,measured,xgboost,0,SHAP,unweighted,Diabetes_self,0.03821482136845589,
2017-2020,measured,xgboost,0,SHAP,unweighted,HighChol,0.07502186298370361,
2017-2020,measured,xgboost,0,SHAP,unweighted,BMI,0.35377809405326843,
2017-2020,measured,xgboost,0,SHAP,unweighted,Smoker,0.05880489945411682,
2017-2020,measured,xgboost,0,SHAP,unweighted,Stroke,0.045162688940763474,
2017-2020,measured,xgboost,0,SHAP,unweighted,HeartDiseaseorAttack,0.019204746931791306,
2017-2020,measured,xgboost,0,SHAP,unweighted,PhysActivity_LTPA,0.07595100998878479,
2017-2020,measured,xgboost,0,SHAP,unweighted,AnyHealthcare,0.03594595193862915,
2017-2020,measured,xgboost,0,SHAP,unweighted,GenHlth,0.16121813654899597,
2017-2020,measured,xgboost,0,SHAP,unweighted,MentHlth,0.06775694340467453,
2017-2020,measured,xgboost,0,SHAP,unweighted,Sex,0.132351353764534,
2017-2020,measured,xgboost,0,SHAP,unweighted,Age,0.86423659324646,
2017-2020,measured,xgboost,0,SHAP,unweighted,Education,0.10597330331802368,
2017-2020,measured,xgboost,0,SHAP,unweighted,Income,0.12009076774120331,
2017-2020,measured,xgboost,0,SHAP,weighted,Diabetes_self,0.033217027362016975,
2017-2020,measured,xgboost,0,SHAP,weighted,HighChol,0.07435356873831363,
2017-2020,measured,xgboost,0,SHAP,weighted,BMI,0.36733266889147065,
2017-2020,measured,xgboost,0,SHAP,weighted,Smoker,0.061863908647008456,
2017-2020,measured,xgboost,0,SHAP,weighted,Stroke,0.040445346420549394,
2017-2020,measured,xgboost,0,SHAP,weighted,HeartDiseaseorAttack,0.019386397996127052,
2017-2020,measured,xgboost,0,SHAP,weighted,PhysActivity_LTPA,0.08090905367636649,
2017-2020,measured,xgboost,0,SHAP,weighted,AnyHealthcare,0.03190358830934391,
2017-2020,measured,xgboost,0,SHAP,weighted,GenHlth,0.17238463653391445,
2017-2020,measured,xgboost,0,SHAP,weighted,MentHlth,0.0666592851404231,
2017-2020,measured,xgboost,0,SHAP,weighted,Sex,0.13713770278853277,
2017-2020,measured,xgboost,0,SHAP,weighted,Age,0.9366022704567882,
2017-2020,measured,xgboost,0,SHAP,weighted,Education,0.10939246563972067,
2017-2020,measured,xgboost,0,SHAP,weighted,Income,0.12852614593037887,
2017-2020,measured,xgboost,0,PI,unweighted,Diabetes_self,-0.0031967138868212674,0.0016037170181384182
2017-2020,measured,xgboost,0,PI,unweighted,HighChol,0.0028202129042167235,0.0030168857127528727
2017-2020,measured,xgboost,0,PI,unweighted,BMI,0.018450911124501302,0.007585699473465221
2017-2020,measured,xgboost,0,PI,unweighted,Smoker,0.005415943004997714,0.0021746540672057143
2017-2020,measured,xgboost,0,PI,unweighted,Stroke,0.003985554334684183,0.001914408301095723
2017-2020,measured,xgboost,0,PI,unweighted,HeartDiseaseorAttack,-0.0018458787714095704,0.0021355205532287307
2017-2020,measured,xgboost,0,PI,unweighted,PhysActivity_LTPA,-0.0010531000287495652,0.00415992264326065
2017-2020,measured,xgboost,0,PI,unweighted,AnyHealthcare,0.0028893299779061297,0.002090578246511964
2017-2020,measured,xgboost,0,PI,unweighted,GenHlth,0.01419479593725509,0.002928119427233745
2017-2020,measured,xgboost,0,PI,unweighted,MentHlth,0.003374724811651064,0.0021870939601944138
2017-2020,measured,xgboost,0,PI,unweighted,Sex,0.006986534970088642,0.003518534374307002
2017-2020,measured,xgboost,0,PI,unweighted,Age,0.17950629536423318,0.010362852700961116
2017-2020,measured,xgboost,0,PI,unweighted,Education,0.009151809449544534,0.0032393037554364185
2017-2020,measured,xgboost,0,PI,unweighted,Income,0.008931658770385587,0.005249383390929624
2017-2020,measured,xgboost,0,PI,weighted,Diabetes_self,-0.007313329589398521,
2017-2020,measured,xgboost,0,PI,weighted,HighChol,-0.00533328270771718,
2017-2020,measured,xgboost,0,PI,weighted,BMI,0.0012685301209650278,
2017-2020,measured,xgboost,0,PI,weighted,Smoker,0.004523614003988208,
2017-2020,measured,xgboost,0,PI,weighted,Stroke,0.0004887177095638129,
2017-2020,measured,xgboost,0,PI,weighted,HeartDiseaseorAttack,-0.006847445318663737,
2017-2020,measured,xgboost,0,PI,weighted,PhysActivity_LTPA,-0.005079601964737612,
2017-2020,measured,xgboost,0,PI,weighted,AnyHealthcare,0.0017173126352896472,
2017-2020,measured,xgboost,0,PI,weighted,GenHlth,0.008033696331819096,
2017-2020,measured,xgboost,0,PI,weighted,MentHlth,-0.00324435486932515,
2017-2020,measured,xgboost,0,PI,weighted,Sex,0.0018658468481257185,
2017-2020,measured,xgboost,0,PI,weighted,Age,0.19428382988006482,
2017-2020,measured,xgboost,0,PI,weighted,Education,-0.001776648436714079,
2017-2020,measured,xgboost,0,PI,weighted,Income,0.0069734109120222374,
2017-2020,measured,random_forest,0,SHAP,unweighted,Diabetes_self,0.009469669626332989,
2017-2020,measured,random_forest,0,SHAP,unweighted,HighChol,0.01683480140622172,
2017-2020,measured,random_forest,0,SHAP,unweighted,BMI,0.07115263467364327,
2017-2020,measured,random_forest,0,SHAP,unweighted,Smoker,0.013289928626263534,
2017-2020,measured,random_forest,0,SHAP,unweighted,Stroke,0.009938923989573953,
2017-2020,measured,random_forest,0,SHAP,unweighted,HeartDiseaseorAttack,0.005048674196008203,
2017-2020,measured,random_forest,0,SHAP,unweighted,PhysActivity_LTPA,0.018575696851311448,
2017-2020,measured,random_forest,0,SHAP,unweighted,AnyHealthcare,0.00671093192096055,
2017-2020,measured,random_forest,0,SHAP,unweighted,GenHlth,0.029221660615431695,
2017-2020,measured,random_forest,0,SHAP,unweighted,MentHlth,0.012403041996074012,
2017-2020,measured,random_forest,0,SHAP,unweighted,Sex,0.018432135378505358,
2017-2020,measured,random_forest,0,SHAP,unweighted,Age,0.12145272669503053,
2017-2020,measured,random_forest,0,SHAP,unweighted,Education,0.023906880866449817,
2017-2020,measured,random_forest,0,SHAP,unweighted,Income,0.026652153774954994,
2017-2020,measured,random_forest,0,SHAP,weighted,Diabetes_self,0.009009279330889556,
2017-2020,measured,random_forest,0,SHAP,weighted,HighChol,0.017560236177923357,
2017-2020,measured,random_forest,0,SHAP,weighted,BMI,0.07188378731776406,
2017-2020,measured,random_forest,0,SHAP,weighted,Smoker,0.01351079801365926,
2017-2020,measured,random_forest,0,SHAP,weighted,Stroke,0.009399578040162358,
2017-2020,measured,random_forest,0,SHAP,weighted,HeartDiseaseorAttack,0.004807221638324885,
2017-2020,measured,random_forest,0,SHAP,weighted,PhysActivity_LTPA,0.019412192811730764,
2017-2020,measured,random_forest,0,SHAP,weighted,AnyHealthcare,0.005911913438337083,
2017-2020,measured,random_forest,0,SHAP,weighted,GenHlth,0.031186000039495013,
2017-2020,measured,random_forest,0,SHAP,weighted,MentHlth,0.01185311584311778,
2017-2020,measured,random_forest,0,SHAP,weighted,Sex,0.017775522674398015,
2017-2020,measured,random_forest,0,SHAP,weighted,Age,0.1305913243679447,
2017-2020,measured,random_forest,0,SHAP,weighted,Education,0.025037934399549915,
2017-2020,measured,random_forest,0,SHAP,weighted,Income,0.029407594442562322,
2017-2020,measured,random_forest,0,PI,unweighted,Diabetes_self,0.0031585124272892283,0.003389346359948883
2017-2020,measured,random_forest,0,PI,unweighted,HighChol,0.004814959218957404,0.007940783018139027
2017-2020,measured,random_forest,0,PI,unweighted,BMI,0.008896017202471684,0.003983493790737888
2017-2020,measured,random_forest,0,PI,unweighted,Smoker,0.0024277618276838052,0.0049451504423832435
2017-2020,measured,random_forest,0,PI,unweighted,Stroke,0.006408787123351367,0.0031663401796920023
2017-2020,measured,random_forest,0,PI,unweighted,HeartDiseaseorAttack,-0.002450013193287548,0.002140439998124944
2017-2020,measured,random_forest,0,PI,unweighted,PhysActivity_LTPA,-0.0021485367265681177,0.006342335480662013
2017-2020,measured,random_forest,0,PI,unweighted,AnyHealthcare,0.003702390938771316,0.002324976060963455
2017-2020,measured,random_forest,0,PI,unweighted,GenHlth,0.011207402418900647,0.007480715354905823
2017-2020,measured,random_forest,0,PI,unweighted,MentHlth,0.0018490294072472935,0.0026069650913949464
2017-2020,measured,random_forest,0,PI,unweighted,Sex,0.006677378828514813,0.004396960987820641
2017-2020,measured,random_forest,0,PI,unweighted,Age,0.15900057892933522,0.014420853269434257
2017-2020,measured,random_forest,0,PI,unweighted,Education,0.009574979225494907,0.004506585612564524
2017-2020,measured,random_forest,0,PI,unweighted,Income,0.0049362586987086845,0.009040517740730203
2017-2020,measured,random_forest,0,PI,weighted,Diabetes_self,-0.001567968070261805,
2017-2020,measured,random_forest,0,PI,weighted,HighChol,-0.002007785005071261,
2017-2020,measured,random_forest,0,PI,weighted,BMI,-0.004095156755449391,
2017-2020,measured,random_forest,0,PI,weighted,Smoker,0.0008537406090146193,
2017-2020,measured,random_forest,0,PI,weighted,Stroke,0.008106100821053619,
2017-2020,measured,random_forest,0,PI,weighted,HeartDiseaseorAttack,-0.011357031133163387,
2017-2020,measured,random_forest,0,PI,weighted,PhysActivity_LTPA,-0.008700075738960112,
2017-2020,measured,random_forest,0,PI,weighted,AnyHealthcare,-0.0011066976932469941,
2017-2020,measured,random_forest,0,PI,weighted,GenHlth,0.011647403884015894,
2017-2020,measured,random_forest,0,PI,weighted,MentHlth,-0.004116430509464741,
2017-2020,measured,random_forest,0,PI,weighted,Sex,0.005098800081447641,
2017-2020,measured,random_forest,0,PI,weighted,Age,0.1586855320475359,
2017-2020,measured,random_forest,0,PI,weighted,Education,-0.0065766856995921556,
2017-2020,measured,random_forest,0,PI,weighted,Income,-0.0005597693652731439,
2017-2020,measured,logistic_regression,0,SHAP,unweighted,Diabetes_self,0.0319953437445499,
2017-2020,measured,logistic_regression,0,SHAP,unweighted,HighChol,0.02680575027552166,
2017-2020,measured,logistic_regression,0,SHAP,unweighted,BMI,0.16306086635755282,
2017-2020,measured,logistic_regression,0,SHAP,unweighted,Smoker,0.019162068472722418,
2017-2020,measured,logistic_regression,0,SHAP,unweighted,Stroke,0.0423344719323054,
2017-2020,measured,logistic_regression,0,SHAP,unweighted,HeartDiseaseorAttack,0.025272704959865052,
2017-2020,measured,logistic_regression,0,SHAP,unweighted,PhysActivity_LTPA,0.06124989454088832,
2017-2020,measured,logistic_regression,0,SHAP,unweighted,AnyHealthcare,0.05220689952411351,
2017-2020,measured,logistic_regression,0,SHAP,unweighted,GenHlth,0.1458484781520553,
2017-2020,measured,logistic_regression,0,SHAP,unweighted,MentHlth,0.052913494876090206,
2017-2020,measured,logistic_regression,0,SHAP,unweighted,Sex,0.11835567486836673,
2017-2020,measured,logistic_regression,0,SHAP,unweighted,Age,0.7472895078074521,
2017-2020,measured,logistic_regression,0,SHAP,unweighted,Education,0.04071206000306849,
2017-2020,measured,logistic_regression,0,SHAP,unweighted,Income,0.06394510183245293,
2017-2020,measured,logistic_regression,0,SHAP,weighted,Diabetes_self,0.028559378961691737,
2017-2020,measured,logistic_regression,0,SHAP,weighted,HighChol,0.026495747538440317,
2017-2020,measured,logistic_regression,0,SHAP,weighted,BMI,0.15622887937372212,
2017-2020,measured,logistic_regression,0,SHAP,weighted,Smoker,0.01914948969012136,
2017-2020,measured,logistic_regression,0,SHAP,weighted,Stroke,0.03859828807031741,
2017-2020,measured,logistic_regression,0,SHAP,weighted,HeartDiseaseorAttack,0.025391268112373966,
2017-2020,measured,logistic_regression,0,SHAP,weighted,PhysActivity_LTPA,0.06159678810840776,
2017-2020,measured,logistic_regression,0,SHAP,weighted,AnyHealthcare,0.04856392740386982,
2017-2020,measured,logistic_regression,0,SHAP,weighted,GenHlth,0.1424278229105998,
2017-2020,measured,logistic_regression,0,SHAP,weighted,MentHlth,0.05173745133709901,
2017-2020,measured,logistic_regression,0,SHAP,weighted,Sex,0.11833511761326855,
2017-2020,measured,logistic_regression,0,SHAP,weighted,Age,0.760256431163175,
2017-2020,measured,logistic_regression,0,SHAP,weighted,Education,0.03974486016498389,
2017-2020,measured,logistic_regression,0,SHAP,weighted,Income,0.06444451258390077,
2017-2020,measured,logistic_regression,0,PI,unweighted,Diabetes_self,-0.001180700780176136,0.0008089756016250314
2017-2020,measured,logistic_regression,0,PI,unweighted,HighChol,-0.0009928441183535864,0.0004238800064146886
2017-2020,measured,logistic_regression,0,PI,unweighted,BMI,0.007559163033589722,0.0030188365219504655
2017-2020,measured,logistic_regression,0,PI,unweighted,Smoker,-6.064973987560673e-05,0.0003874777753702578
2017-2020,measured,logistic_regression,0,PI,unweighted,Stroke,0.0031978953752604734,0.0018392393283965657
2017-2020,measured,logistic_regression,0,PI,unweighted,HeartDiseaseorAttack,0.0005092215172674997,0.001315879769210663
2017-2020,measured,logistic_regression,0,PI,unweighted,PhysActivity_LTPA,-0.0015067915893775875,0.001414281307248607
2017-2020,measured,logistic_regression,0,PI,unweighted,AnyHealthcare,-0.00012681309246718176,0.0013625245604783217
2017-2020,measured,logistic_regression,0,PI,unweighted,GenHlth,0.00453061433460542,0.002260664369042714
2017-2020,measured,logistic_regression,0,PI,unweighted,MentHlth,0.002393695577688826,0.0021417675344401876
2017-2020,measured,logistic_regression,0,PI,unweighted,Sex,0.002942693872407165,0.0022852196421117533
2017-2020,measured,logistic_regression,0,PI,unweighted,Age,0.2104502652441546,0.01770910924371963
2017-2020,measured,logistic_regression,0,PI,unweighted,Education,-0.0003902850143943981,0.0007963977048765306
2017-2020,measured,logistic_regression,0,PI,unweighted,Income,0.00035444653174070416,0.0013000716163233414
2017-2020,measured,logistic_regression,0,PI,weighted,Diabetes_self,-0.0008462985396827327,
2017-2020,measured,logistic_regression,0,PI,weighted,HighChol,0.00014458423454336567,
2017-2020,measured,logistic_regression,0,PI,weighted,BMI,0.010201803650210206,
2017-2020,measured,logistic_regression,0,PI,weighted,Smoker,0.00045346434255029157,
2017-2020,measured,logistic_regression,0,PI,weighted,Stroke,0.004385274076885959,
2017-2020,measured,logistic_regression,0,PI,weighted,HeartDiseaseorAttack,0.0006354828374171229,
2017-2020,measured,logistic_regression,0,PI,weighted,PhysActivity_LTPA,0.00041855083996423793,
2017-2020,measured,logistic_regression,0,PI,weighted,AnyHealthcare,-0.0004570122818496336,
2017-2020,measured,logistic_regression,0,PI,weighted,GenHlth,0.004107453426948427,
2017-2020,measured,logistic_regression,0,PI,weighted,MentHlth,-0.002008206930592804,
2017-2020,measured,logistic_regression,0,PI,weighted,Sex,0.004852093187540163,
2017-2020,measured,logistic_regression,0,PI,weighted,Age,0.23823901008293383,
2017-2020,measured,logistic_regression,0,PI,weighted,Education,-0.00011435634590497567,
2017-2020,measured,logistic_regression,0,PI,weighted,Income,0.004707116482687424,
2017-2020,total,xgboost,0,SHAP,unweighted,Diabetes_self,0.12810556590557098,
2017-2020,total,xgboost,0,SHAP,unweighted,HighChol,0.2516748011112213,
2017-2020,total,xgboost,0,SHAP,unweighted,BMI,0.434769868850708,
2017-2020,total,xgboost,0,SHAP,unweighted,Smoker,0.0964474007487297,
2017-2020,total,xgboost,0,SHAP,unweighted,Stroke,0.07655970752239227,
2017-2020,total,xgboost,0,SHAP,unweighted,HeartDiseaseorAttack,0.04364980384707451,
2017-2020,total,xgboost,0,SHAP,unweighted,PhysActivity_LTPA,0.041983816772699356,
2017-2020,total,xgboost,0,SHAP,unweighted,AnyHealthcare,0.05056392773985863,
2017-2020,total,xgboost,0,SHAP,unweighted,GenHlth,0.33214008808135986,
2017-2020,total,xgboost,0,SHAP,unweighted,MentHlth,0.07133781909942627,
2017-2020,total,xgboost,0,SHAP,unweighted,Sex,0.1296752691268921,
2017-2020,total,xgboost,0,SHAP,unweighted,Age,0.9750331044197083,
2017-2020,total,xgboost,0,SHAP,unweighted,Education,0.11077062785625458,
2017-2020,total,xgboost,0,SHAP,unweighted,Income,0.10906260460615158,
2017-2020,total,xgboost,0,SHAP,weighted,Diabetes_self,0.11634304482189595,
2017-2020,total,xgboost,0,SHAP,weighted,HighChol,0.24640318771982583,
2017-2020,total,xgboost,0,SHAP,weighted,BMI,0.44272102083018733,
2017-2020,total,xgboost,0,SHAP,weighted,Smoker,0.09947672557128683,
2017-2020,total,xgboost,0,SHAP,weighted,Stroke,0.0671920817679948,
2017-2020,total,xgboost,0,SHAP,weighted,HeartDiseaseorAttack,0.04100354020480815,
2017-2020,total,xgboost,0,SHAP,weighted,PhysActivity_LTPA,0.04058871821434635,
2017-2020,total,xgboost,0,SHAP,weighted,AnyHealthcare,0.04567041430213186,
2017-2020,total,xgboost,0,SHAP,weighted,GenHlth,0.34599454262570595,
2017-2020,total,xgboost,0,SHAP,weighted,MentHlth,0.07004175441411814,
2017-2020,total,xgboost,0,SHAP,weighted,Sex,0.14298182388726866,
2017-2020,total,xgboost,0,SHAP,weighted,Age,1.0071244877757397,
2017-2020,total,xgboost,0,SHAP,weighted,Education,0.10281935529199672,
2017-2020,total,xgboost,0,SHAP,weighted,Income,0.11292042465534836,
2017-2020,total,xgboost,0,PI,unweighted,Diabetes_self,0.003871704577900581,0.0022013165870128576
2017-2020,total,xgboost,0,PI,unweighted,HighChol,0.01047247413289113,0.0030802224464834883
2017-2020,total,xgboost,0,PI,unweighted,BMI,0.029602034018137713,0.008147929204584894
2017-2020,total,xgboost,0,PI,unweighted,Smoker,0.0021177718255857457,0.0012595464946189806
2017-2020,total,xgboost,0,PI,unweighted,Stroke,0.0034852955172743226,0.0019822138999417574
2017-2020,total,xgboost,0,PI,unweighted,HeartDiseaseorAttack,0.0006925994914955824,0.000933372321306067
2017-2020,total,xgboost,0,PI,unweighted,PhysActivity_LTPA,0.0012486913486248973,0.0012698002599163332
2017-2020,total,xgboost,0,PI,unweighted,AnyHealthcare,0.0006460998789923345,0.0010858664981256586
2017-2020,total,xgboost,0,PI,unweighted,GenHlth,0.01992576377653007,0.005080365920503031
2017-2020,total,xgboost,0,PI,unweighted,MentHlth,0.0004426980652355916,0.0015253336647392203
2017-2020,total,xgboost,0,PI,unweighted,Sex,0.006243456743123765,0.003339818657260414
2017-2020,total,xgboost,0,PI,unweighted,Age,0.16761682687732002,0.01108387044509859
2017-2020,total,xgboost,0,PI,unweighted,Education,0.0040402996641696,0.0019942729619086843
2017-2020,total,xgboost,0,PI,unweighted,Income,-0.0001403146201850447,0.001773737503021671
2017-2020,total,xgboost,0,PI,weighted,Diabetes_self,0.006416531715311524,
2017-2020,total,xgboost,0,PI,weighted,HighChol,0.009808185039495954,
2017-2020,total,xgboost,0,PI,weighted,BMI,0.01993218050786292,
2017-2020,total,xgboost,0,PI,weighted,Smoker,-0.0009056274680218079,
2017-2020,total,xgboost,0,PI,weighted,Stroke,0.0038471478960576677,
2017-2020,total,xgboost,0,PI,weighted,HeartDiseaseorAttack,0.0009053006199688296,
2017-2020,total,xgboost,0,PI,weighted,PhysActivity_LTPA,0.0009708099133274751,
2017-2020,total,xgboost,0,PI,weighted,AnyHealthcare,0.0004414556192864127,
2017-2020,total,xgboost,0,PI,weighted,GenHlth,0.021829085288778603,
2017-2020,total,xgboost,0,PI,weighted,MentHlth,0.0007246445232918619,
2017-2020,total,xgboost,0,PI,weighted,Sex,0.001083383737847865,
2017-2020,total,xgboost,0,PI,weighted,Age,0.15777844633933572,
2017-2020,total,xgboost,0,PI,weighted,Education,0.004782548816476518,
2017-2020,total,xgboost,0,PI,weighted,Income,0.00013379832105133715,
2017-2020,total,random_forest,0,SHAP,unweighted,Diabetes_self,0.03339362089875893,
2017-2020,total,random_forest,0,SHAP,unweighted,HighChol,0.05823865834551774,
2017-2020,total,random_forest,0,SHAP,unweighted,BMI,0.05213325799782812,
2017-2020,total,random_forest,0,SHAP,unweighted,Smoker,0.018248882661051506,
2017-2020,total,random_forest,0,SHAP,unweighted,Stroke,0.010754393042661492,
2017-2020,total,random_forest,0,SHAP,unweighted,HeartDiseaseorAttack,0.01096950504052397,
2017-2020,total,random_forest,0,SHAP,unweighted,PhysActivity_LTPA,0.012197533392587879,
2017-2020,total,random_forest,0,SHAP,unweighted,AnyHealthcare,0.00995995482110661,
2017-2020,total,random_forest,0,SHAP,unweighted,GenHlth,0.05203703627125887,
2017-2020,total,random_forest,0,SHAP,unweighted,MentHlth,0.007915170767083441,
2017-2020,total,random_forest,0,SHAP,unweighted,Sex,0.01677791461080273,
2017-2020,total,random_forest,0,SHAP,unweighted,Age,0.1563186170793795,
2017-2020,total,random_forest,0,SHAP,unweighted,Education,0.013861086956266169,
2017-2020,total,random_forest,0,SHAP,unweighted,Income,0.013237095969632856,
2017-2020,total,random_forest,0,SHAP,weighted,Diabetes_self,0.03061458741874253,
2017-2020,total,random_forest,0,SHAP,weighted,HighChol,0.05850547887154846,
2017-2020,total,random_forest,0,SHAP,weighted,BMI,0.05265921276739093,
2017-2020,total,random_forest,0,SHAP,weighted,Smoker,0.01882594260064165,
2017-2020,total,random_forest,0,SHAP,weighted,Stroke,0.009704708315505786,
2017-2020,total,random_forest,0,SHAP,weighted,HeartDiseaseorAttack,0.010731264295988023,
2017-2020,total,random_forest,0,SHAP,weighted,PhysActivity_LTPA,0.012873872415988835,
2017-2020,total,random_forest,0,SHAP,weighted,AnyHealthcare,0.008813991140299262,
2017-2020,total,random_forest,0,SHAP,weighted,GenHlth,0.053089345815426306,
2017-2020,total,random_forest,0,SHAP,weighted,MentHlth,0.007815540386843648,
2017-2020,total,random_forest,0,SHAP,weighted,Sex,0.017674384128350294,
2017-2020,total,random_forest,0,SHAP,weighted,Age,0.15880918159873914,
2017-2020,total,random_forest,0,SHAP,weighted,Education,0.013799248991658826,
2017-2020,total,random_forest,0,SHAP,weighted,Income,0.013333363916292904,
2017-2020,total,random_forest,0,PI,unweighted,Diabetes_self,0.009662537899903534,0.003433097975072541
2017-2020,total,random_forest,0,PI,unweighted,HighChol,0.01456199268514875,0.003976045721681702
2017-2020,total,random_forest,0,PI,unweighted,BMI,0.02577682905274038,0.006488161264413925
2017-2020,total,random_forest,0,PI,unweighted,Smoker,0.0009745883696583912,0.002789620173660354
2017-2020,total,random_forest,0,PI,unweighted,Stroke,0.0013096031217283755,0.001708090701975018
2017-2020,total,random_forest,0,PI,unweighted,HeartDiseaseorAttack,0.002950685937266373,0.0015842108184835487
2017-2020,total,random_forest,0,PI,unweighted,PhysActivity_LTPA,-0.0022313015812586824,0.00334717615866629
2017-2020,total,random_forest,0,PI,unweighted,AnyHealthcare,0.001810765612041021,0.0016861333951475532
2017-2020,total,random_forest,0,PI,unweighted,GenHlth,0.01734666684795181,0.006066254147209598
2017-2020,total,random_forest,0,PI,unweighted,MentHlth,0.002228582305673854,0.0009646252996155243
2017-2020,total,random_forest,0,PI,unweighted,Sex,0.008419964921345013,0.003778668494945358
2017-2020,total,random_forest,0,PI,unweighted,Age,0.1616541353383459,0.011779595299634484
2017-2020,total,random_forest,0,PI,unweighted,Education,-0.002103767556322911,0.0014839196806410641
2017-2020,total,random_forest,0,PI,unweighted,Income,-0.0009059266611374129,0.003589841807249381
2017-2020,total,random_forest,0,PI,weighted,Diabetes_self,0.01208243600921588,
2017-2020,total,random_forest,0,PI,weighted,HighChol,0.014607946855381304,
2017-2020,total,random_forest,0,PI,weighted,BMI,0.018741062764301097,
2017-2020,total,random_forest,0,PI,weighted,Smoker,0.0002805457644599718,
2017-2020,total,random_forest,0,PI,weighted,Stroke,0.0023775399962768784,
2017-2020,total,random_forest,0,PI,weighted,HeartDiseaseorAttack,0.0011418647513880109,
2017-2020,total,random_forest,0,PI,weighted,PhysActivity_LTPA,-0.01204285484903953,
2017-2020,total,random_forest,0,PI,weighted,AnyHealthcare,0.0010568399300734388,
2017-2020,total,random_forest,0,PI,weighted,GenHlth,0.021014948101672128,
2017-2020,total,random_forest,0,PI,weighted,MentHlth,0.0011912408232485406,
2017-2020,total,random_forest,0,PI,weighted,Sex,0.0020377534396849085,
2017-2020,total,random_forest,0,PI,weighted,Age,0.1549050786352613,
2017-2020,total,random_forest,0,PI,weighted,Education,-0.0020307530632431626,
2017-2020,total,random_forest,0,PI,weighted,Income,-0.0008019269436712606,
2017-2020,total,logistic_regression,0,SHAP,unweighted,Diabetes_self,0.1054185213532604,
2017-2020,total,logistic_regression,0,SHAP,unweighted,HighChol,0.2243915343854562,
2017-2020,total,logistic_regression,0,SHAP,unweighted,BMI,0.2821936444188938,
2017-2020,total,logistic_regression,0,SHAP,unweighted,Smoker,0.08237583155463686,
2017-2020,total,logistic_regression,0,SHAP,unweighted,Stroke,0.0885465485908273,
2017-2020,total,logistic_regression,0,SHAP,unweighted,HeartDiseaseorAttack,0.016255975172190542,
2017-2020,total,logistic_regression,0,SHAP,unweighted,PhysActivity_LTPA,0.019337618686640547,
2017-2020,total,logistic_regression,0,SHAP,unweighted,AnyHealthcare,0.028631957700073308,
2017-2020,total,logistic_regression,0,SHAP,unweighted,GenHlth,0.28469651697904924,
2017-2020,total,logistic_regression,0,SHAP,unweighted,MentHlth,0.010560529371135228,
2017-2020,total,logistic_regression,0,SHAP,unweighted,Sex,0.13336594844274144,
2017-2020,total,logistic_regression,0,SHAP,unweighted,Age,0.8395284645832788,
2017-2020,total,logistic_regression,0,SHAP,unweighted,Education,0.02959392511152098,
2017-2020,total,logistic_regression,0,SHAP,unweighted,Income,0.015952503623407117,
2017-2020,total,logistic_regression,0,SHAP,weighted,Diabetes_self,0.09409767636648307,
2017-2020,total,logistic_regression,0,SHAP,weighted,HighChol,0.22179649454802144,
2017-2020,total,logistic_regression,0,SHAP,weighted,BMI,0.2703701864141866,
2017-2020,total,logistic_regression,0,SHAP,weighted,Smoker,0.08232175661600435,
2017-2020,total,logistic_regression,0,SHAP,weighted,Stroke,0.08073196697967948,
2017-2020,total,logistic_regression,0,SHAP,weighted,HeartDiseaseorAttack,0.016332237672250727,
2017-2020,total,logistic_regression,0,SHAP,weighted,PhysActivity_LTPA,0.019447138802288034,
2017-2020,total,logistic_regression,0,SHAP,weighted,AnyHealthcare,0.02663403358275993,
2017-2020,total,logistic_regression,0,SHAP,weighted,GenHlth,0.2780193912018869,
2017-2020,total,logistic_regression,0,SHAP,weighted,MentHlth,0.010325813400014074,
2017-2020,total,logistic_regression,0,SHAP,weighted,Sex,0.13334278404588054,
2017-2020,total,logistic_regression,0,SHAP,weighted,Age,0.8540959128633135,
2017-2020,total,logistic_regression,0,SHAP,weighted,Education,0.02889085974037567,
2017-2020,total,logistic_regression,0,SHAP,weighted,Income,0.016077092553501007,
2017-2020,total,logistic_regression,0,PI,unweighted,Diabetes_self,0.004407945723259321,0.0019917166909231517
2017-2020,total,logistic_regression,0,PI,unweighted,HighChol,0.013302968089301037,0.002530089306389669
2017-2020,total,logistic_regression,0,PI,unweighted,BMI,0.024006036791798736,0.0035111602779365307
2017-2020,total,logistic_regression,0,PI,unweighted,Smoker,-9.571850059140186e-05,0.0009787577576677033
2017-2020,total,logistic_regression,0,PI,unweighted,Stroke,0.0032435519177691384,0.00223456123323766
2017-2020,total,logistic_regression,0,PI,unweighted,HeartDiseaseorAttack,-0.00011964812573923566,0.0002592205701198975
2017-2020,total,logistic_regression,0,PI,unweighted,PhysActivity_LTPA,-0.0002463663679995731,0.00023791159503540836
2017-2020,total,logistic_regression,0,PI,unweighted,AnyHealthcare,0.0005104080273015454,0.0003826631425055091
2017-2020,total,logistic_regression,0,PI,unweighted,GenHlth,0.014878788290799328,0.0035106336889204086
2017-2020,total,logistic_regression,0,PI,unweighted,MentHlth,3.698214795581078e-05,0.0002210127093890392
2017-2020,total,logistic_regression,0,PI,unweighted,Sex,0.0009947110089872258,0.0010378023979978842
2017-2020,total,logistic_regression,0,PI,unweighted,Age,0.1770645420060096,0.015087423419696083
2017-2020,total,logistic_regression,0,PI,unweighted,Education,0.00047859250295725355,0.00025322574057142275
2017-2020,total,logistic_regression,0,PI,unweighted,Income,-9.599042814993908e-05,0.00012059029150206425
2017-2020,total,logistic_regression,0,PI,weighted,Diabetes_self,0.0064046373040439145,
2017-2020,total,logistic_regression,0,PI,weighted,HighChol,0.010324519005158517,
2017-2020,total,logistic_regression,0,PI,weighted,BMI,0.023249603664770847,
2017-2020,total,logistic_regression,0,PI,weighted,Smoker,9.73076282948182e-05,
2017-2020,total,logistic_regression,0,PI,weighted,Stroke,0.0048752554244522964,
2017-2020,total,logistic_regression,0,PI,weighted,HeartDiseaseorAttack,-8.508699626776916e-05,
2017-2020,total,logistic_regression,0,PI,weighted,PhysActivity_LTPA,-8.409841878967984e-05,
2017-2020,total,logistic_regression,0,PI,weighted,AnyHealthcare,0.000725630344173922,
2017-2020,total,logistic_regression,0,PI,weighted,GenHlth,0.01677395940533033,
2017-2020,total,logistic_regression,0,PI,weighted,MentHlth,0.0003823831107826692,
2017-2020,total,logistic_regression,0,PI,weighted,Sex,0.0016558307653449567,
2017-2020,total,logistic_regression,0,PI,weighted,Age,0.18601574491259454,
2017-2020,total,logistic_regression,0,PI,weighted,Education,-0.0003438779176389795,
2017-2020,total,logistic_regression,0,PI,weighted,Income,0.00035771172140814934,
2017-2020,diag,xgboost,1,SHAP,unweighted,Diabetes_self,0.1431322544813156,
2017-2020,diag,xgboost,1,SHAP,unweighted,HighChol,0.36807796359062195,
2017-2020,diag,xgboost,1,SHAP,unweighted,BMI,0.5097001791000366,
2017-2020,diag,xgboost,1,SHAP,unweighted,Smoker,0.06890452653169632,
2017-2020,diag,xgboost,1,SHAP,unweighted,Stroke,0.06853844970464706,
2017-2020,diag,xgboost,1,SHAP,unweighted,HeartDiseaseorAttack,0.06565983593463898,
2017-2020,diag,xgboost,1,SHAP,unweighted,PhysActivity_LTPA,0.0414869487285614,
2017-2020,diag,xgboost,1,SHAP,unweighted,AnyHealthcare,0.07004088908433914,
2017-2020,diag,xgboost,1,SHAP,unweighted,GenHlth,0.34192782640457153,
2017-2020,diag,xgboost,1,SHAP,unweighted,MentHlth,0.0658227875828743,
2017-2020,diag,xgboost,1,SHAP,unweighted,Sex,0.09102662652730942,
2017-2020,diag,xgboost,1,SHAP,unweighted,Age,0.8803738951683044,
2017-2020,diag,xgboost,1,SHAP,unweighted,Education,0.13191458582878113,
2017-2020,diag,xgboost,1,SHAP,unweighted,Income,0.09966552257537842,
2017-2020,diag,xgboost,1,SHAP,weighted,Diabetes_self,0.1304777125075682,
2017-2020,diag,xgboost,1,SHAP,weighted,HighChol,0.35511337557124156,
2017-2020,diag,xgboost,1,SHAP,weighted,BMI,0.5144581873947083,
2017-2020,diag,xgboost,1,SHAP,weighted,Smoker,0.06652649171587052,
2017-2020,diag,xgboost,1,SHAP,weighted,Stroke,0.05616271539046072,
2017-2020,diag,xgboost,1,SHAP,weighted,HeartDiseaseorAttack,0.05986968329729689,
2017-2020,diag,xgboost,1,SHAP,weighted,PhysActivity_LTPA,0.04133579305481754,
2017-2020,diag,xgboost,1,SHAP,weighted,AnyHealthcare,0.0591042282997757,
2017-2020,diag,xgboost,1,SHAP,weighted,GenHlth,0.3438384526788815,
2017-2020,diag,xgboost,1,SHAP,weighted,MentHlth,0.06197569394794271,
2017-2020,diag,xgboost,1,SHAP,weighted,Sex,0.09287771346695321,
2017-2020,diag,xgboost,1,SHAP,weighted,Age,0.9537856208963532,
2017-2020,diag,xgboost,1,SHAP,weighted,Education,0.11587466163385002,
2017-2020,diag,xgboost,1,SHAP,weighted,Income,0.1034351502003095,
2017-2020,diag,xgboost,1,PI,unweighted,Diabetes_self,0.00698918712558938,0.0015877684017647396
2017-2020,diag,xgboost,1,PI,unweighted,HighChol,0.0235055872737031,0.004547564964797789
2017-2020,diag,xgboost,1,PI,unweighted,BMI,0.032023560412307105,0.007057329387366269
2017-2020,diag,xgboost,1,PI,unweighted,Smoker,0.00029881078474414124,0.0011393902730173868
2017-2020,diag,xgboost,1,PI,unweighted,Stroke,0.004667303900040387,0.0014013721460358478
2017-2020,diag,xgboost,1,PI,unweighted,HeartDiseaseorAttack,0.003596349973161417,0.001331634771179222
2017-2020,diag,xgboost,1,PI,unweighted,PhysActivity_LTPA,0.0007376980949016732,0.0009471152757789244
2017-2020,diag,xgboost,1,PI,unweighted,AnyHealthcare,0.0011102786891361905,0.0015372504240366938
2017-2020,diag,xgboost,1,PI,unweighted,GenHlth,0.01779287619014802,0.006553457780993741
2017-2020,diag,xgboost,1,PI,unweighted,MentHlth,0.0013112081313273682,0.0015930248872033806
2017-2020,diag,xgboost,1,PI,unweighted,Sex,0.007621253742310719,0.0027987544272297517
2017-2020,diag,xgboost,1,PI,unweighted,Age,0.13683266309012246,0.0068102409532813015
2017-2020,diag,xgboost,1,PI,unweighted,Education,0.0011912245501332186,0.0017227102524564016
2017-2020,diag,xgboost,1,PI,unweighted,Income,0.0043311776474605716,0.0018233459579864027
2017-2020,diag,xgboost,1,PI,weighted,Diabetes_self,0.0070632894683334444,
2017-2020,diag,xgboost,1,PI,weighted,HighChol,0.019299965429259623,
2017-2020,diag,xgboost,1,PI,weighted,BMI,0.03398160798278214,
2017-2020,diag,xgboost,1,PI,weighted,Smoker,0.001250270106240503,
2017-2020,diag,xgboost,1,PI,weighted,Stroke,0.005331548389225704,
2017-2020,diag,xgboost,1,PI,weighted,HeartDiseaseorAttack,0.0036128739836864487,
2017-2020,diag,xgboost,1,PI,weighted,PhysActivity_LTPA,0.00415317646883433,
2017-2020,diag,xgboost,1,PI,weighted,AnyHealthcare,0.002536335452262062,
2017-2020,diag,xgboost,1,PI,weighted,GenHlth,0.01477461954101894,
2017-2020,diag,xgboost,1,PI,weighted,MentHlth,0.0032719996562072472,
2017-2020,diag,xgboost,1,PI,weighted,Sex,0.007004866306270885,
2017-2020,diag,xgboost,1,PI,weighted,Age,0.14788076922680554,
2017-2020,diag,xgboost,1,PI,weighted,Education,0.006950801254315198,
2017-2020,diag,xgboost,1,PI,weighted,Income,0.0049678636330954705,
2017-2020,diag,random_forest,1,SHAP,unweighted,Diabetes_self,0.03463536274437131,
2017-2020,diag,random_forest,1,SHAP,unweighted,HighChol,0.07750124511987405,
2017-2020,diag,random_forest,1,SHAP,unweighted,BMI,0.0687996131321727,
2017-2020,diag,random_forest,1,SHAP,unweighted,Smoker,0.013451272726031402,
2017-2020,diag,random_forest,1,SHAP,unweighted,Stroke,0.010048309300180502,
2017-2020,diag,random_forest,1,SHAP,unweighted,HeartDiseaseorAttack,0.013053400051678562,
2017-2020,diag,random_forest,1,SHAP,unweighted,PhysActivity_LTPA,0.011583853911756255,
2017-2020,diag,random_forest,1,SHAP,unweighted,AnyHealthcare,0.013594348678810153,
2017-2020,diag,random_forest,1,SHAP,unweighted,GenHlth,0.0505215327112065,
2017-2020,diag,random_forest,1,SHAP,unweighted,MentHlth,0.011431825236431907,
2017-2020,diag,random_forest,1,SHAP,unweighted,Sex,0.012875091142743966,
2017-2020,diag,random_forest,1,SHAP,unweighted,Age,0.13528555013427745,
2017-2020,diag,random_forest,1,SHAP,unweighted,Education,0.01592122935938843,
2017-2020,diag,random_forest,1,SHAP,unweighted,Income,0.014742857607405966,
2017-2020,diag,random_forest,1,SHAP,weighted,Diabetes_self,0.03185162842402981,
2017-2020,diag,random_forest,1,SHAP,weighted,HighChol,0.07566549487315369,
2017-2020,diag,random_forest,1,SHAP,weighted,BMI,0.06887951385348297,
2017-2020,diag,random_forest,1,SHAP,weighted,Smoker,0.013151413791167799,
2017-2020,diag,random_forest,1,SHAP,weighted,Stroke,0.008672080954899896,
2017-2020,diag,random_forest,1,SHAP,weighted,HeartDiseaseorAttack,0.012124179511414887,
2017-2020,diag,random_forest,1,SHAP,weighted,PhysActivity_LTPA,0.012183784030347119,
2017-2020,diag,random_forest,1,SHAP,weighted,AnyHealthcare,0.010793207869516196,
2017-2020,diag,random_forest,1,SHAP,weighted,GenHlth,0.05182710584224888,
2017-2020,diag,random_forest,1,SHAP,weighted,MentHlth,0.011299494113957856,
2017-2020,diag,random_forest,1,SHAP,weighted,Sex,0.012315717188249014,
2017-2020,diag,random_forest,1,SHAP,weighted,Age,0.14350829833823606,
2017-2020,diag,random_forest,1,SHAP,weighted,Education,0.014050283642181586,
2017-2020,diag,random_forest,1,SHAP,weighted,Income,0.014194110117246613,
2017-2020,diag,random_forest,1,PI,unweighted,Diabetes_self,0.010500572648910234,0.002019863724351124
2017-2020,diag,random_forest,1,PI,unweighted,HighChol,0.025958505199766935,0.004537559647241904
2017-2020,diag,random_forest,1,PI,unweighted,BMI,0.034150829120991065,0.006995036856764658
2017-2020,diag,random_forest,1,PI,unweighted,Smoker,0.0003189037289634822,0.0030246138110072555
2017-2020,diag,random_forest,1,PI,unweighted,Stroke,0.004385572117882408,0.0010066168593167058
2017-2020,diag,random_forest,1,PI,unweighted,HeartDiseaseorAttack,0.006848823558115935,0.001624247351443953
2017-2020,diag,random_forest,1,PI,unweighted,PhysActivity_LTPA,-0.0007900832709016537,0.002301113566732546
2017-2020,diag,random_forest,1,PI,unweighted,AnyHealthcare,0.001456738455885953,0.0011082518865716316
2017-2020,diag,random_forest,1,PI,unweighted,GenHlth,0.01386197869573832,0.006124746945799387
2017-2020,diag,random_forest,1,PI,unweighted,MentHlth,-1.0189993139686494e-05,0.0011959302586531044
2017-2020,diag,random_forest,1,PI,unweighted,Sex,0.012514890306876691,0.003839206358702859
2017-2020,diag,random_forest,1,PI,unweighted,Age,0.13182435322247774,0.00537357440635589
2017-2020,diag,random_forest,1,PI,unweighted,Education,0.0024730108702828656,0.002214624409392366
2017-2020,diag,random_forest,1,PI,unweighted,Income,0.0019541823463392503,0.0037905545847572515
2017-2020,diag,random_forest,1,PI,weighted,Diabetes_self,0.011636296089869446,
2017-2020,diag,random_forest,1,PI,weighted,HighChol,0.02326625263909442,
2017-2020,diag,random_forest,1,PI,weighted,BMI,0.03913826035920241,
2017-2020,diag,random_forest,1,PI,weighted,Smoker,-0.0007178976267484983,
2017-2020,diag,random_forest,1,PI,weighted,Stroke,0.003781372467784383,
2017-2020,diag,random_forest,1,PI,weighted,HeartDiseaseorAttack,0.006377279143089809,
2017-2020,diag,random_forest,1,PI,weighted,PhysActivity_LTPA,0.001561447959685347,
2017-2020,diag,random_forest,1,PI,weighted,AnyHealthcare,0.002356477729720874,
2017-2020,diag,random_forest,1,PI,weighted,GenHlth,0.013698924582460826,
2017-2020,diag,random_forest,1,PI,weighted,MentHlth,-0.0006302644989856887,
2017-2020,diag,random_forest,1,PI,weighted,Sex,0.011802075346114816,
2017-2020,diag,random_forest,1,PI,weighted,Age,0.13572981383619515,
2017-2020,diag,random_forest,1,PI,weighted,Education,0.002745283005487165,
2017-2020,diag,random_forest,1,PI,weighted,Income,0.0038607312050490394,
2017-2020,diag,logistic_regression,1,SHAP,unweighted,Diabetes_self,0.11241840193932724,
2017-2020,diag,logistic_regression,1,SHAP,unweighted,HighChol,0.3329085976008473,
2017-2020,diag,logistic_regression,1,SHAP,unweighted,BMI,0.35597214367967156,
2017-2020,diag,logistic_regression,1,SHAP,unweighted,Smoker,0.0431066783405819,
2017-2020,diag,logistic_regression,1,SHAP,unweighted,Stroke,0.05778424225252474,
2017-2020,diag,logistic_regression,1,SHAP,unweighted,HeartDiseaseorAttack,0.0334607682207449,
2017-2020,diag,logistic_regression,1,SHAP,unweighted,PhysActivity_LTPA,0.011202544232904788,
2017-2020,diag,logistic_regression,1,SHAP,unweighted,AnyHealthcare,0.04807705206181322,
2017-2020,diag,logistic_regression,1,SHAP,unweighted,GenHlth,0.2834490610071632,
2017-2020,diag,logistic_regression,1,SHAP,unweighted,MentHlth,0.06004759381779665,
2017-2020,diag,logistic_regression,1,SHAP,unweighted,Sex,0.055434491824367514,
2017-2020,diag,logistic_regression,1,SHAP,unweighted,Age,0.7232173555698436,
2017-2020,diag,logistic_regression,1,SHAP,unweighted,Education,0.08965671719487867,
2017-2020,diag,logistic_regression,1,SHAP,unweighted,Income,0.028240525273914078,
2017-2020,diag,logistic_regression,1,SHAP,weighted,Diabetes_self,0.0978157262673179,
2017-2020,diag,logistic_regression,1,SHAP,weighted,HighChol,0.3327226696998047,
2017-2020,diag,logistic_regression,1,SHAP,weighted,BMI,0.3483919581949827,
2017-2020,diag,logistic_regression,1,SHAP,weighted,Smoker,0.04307643020460657,
2017-2020,diag,logistic_regression,1,SHAP,weighted,Stroke,0.04757325504894139,
2017-2020,diag,logistic_regression,1,SHAP,weighted,HeartDiseaseorAttack,0.030284084841601094,
2017-2020,diag,logistic_regression,1,SHAP,weighted,PhysActivity_LTPA,0.010985482732738167,
2017-2020,diag,logistic_regression,1,SHAP,weighted,AnyHealthcare,0.04155760115495888,
2017-2020,diag,logistic_regression,1,SHAP,weighted,GenHlth,0.2928170840707009,
2017-2020,diag,logistic_regression,1,SHAP,weighted,MentHlth,0.05646321524592318,
2017-2020,diag,logistic_regression,1,SHAP,weighted,Sex,0.055386314819289545,
2017-2020,diag,logistic_regression,1,SHAP,weighted,Age,0.7315357558625768,
2017-2020,diag,logistic_regression,1,SHAP,weighted,Education,0.08519226893403936,
2017-2020,diag,logistic_regression,1,SHAP,weighted,Income,0.027907446988886673,
2017-2020,diag,logistic_regression,1,PI,unweighted,Diabetes_self,0.005322907965704249,0.0016415594877869572
2017-2020,diag,logistic_regression,1,PI,unweighted,HighChol,0.02311894161851543,0.004835249159243526
2017-2020,diag,logistic_regression,1,PI,unweighted,BMI,0.023283416719051885,0.005641856820916355
2017-2020,diag,logistic_regression,1,PI,unweighted,Smoker,0.0001682066473200683,0.00037258943980159233
2017-2020,diag,logistic_regression,1,PI,unweighted,Stroke,0.004163832126321465,0.0009882489217159104
2017-2020,diag,logistic_regression,1,PI,unweighted,HeartDiseaseorAttack,0.0017859756990192045,0.0005611900585921807
2017-2020,diag,logistic_regression,1,PI,unweighted,PhysActivity_LTPA,-4.4204477282028257e-05,0.00011556571439158866
2017-2020,diag,logistic_regression,1,PI,unweighted,AnyHealthcare,6.429742150119156e-05,0.0007114697487845781
2017-2020,diag,logistic_regression,1,PI,unweighted,GenHlth,0.016399574029582607,0.0038451764948388653
2017-2020,diag,logistic_regression,1,PI,unweighted,MentHlth,0.0007023919214882768,0.0008918069761663185
2017-2020,diag,logistic_regression,1,PI,unweighted,Sex,0.0005671951110996609,0.0005589147494217054
2017-2020,diag,logistic_regression,1,PI,unweighted,Age,0.12706835332581287,0.006739946936910955
2017-2020,diag,logistic_regression,1,PI,unweighted,Education,0.0014254508713161806,0.000936598669417718
2017-2020,diag,logistic_regression,1,PI,unweighted,Income,-0.0005307407694449373,0.0002584795822529731
2017-2020,diag,logistic_regression,1,PI,weighted,Diabetes_self,0.004941698457084342,
2017-2020,diag,logistic_regression,1,PI,weighted,HighChol,0.02482547720266105,
2017-2020,diag,logistic_regression,1,PI,weighted,BMI,0.02322027878582721,
2017-2020,diag,logistic_regression,1,PI,weighted,Smoker,0.0009578320133758367,
2017-2020,diag,logistic_regression,1,PI,weighted,Stroke,0.004966924062796818,
2017-2020,diag,logistic_regression,1,PI,weighted,HeartDiseaseorAttack,0.0015824857797286374,
2017-2020,diag,logistic_regression,1,PI,weighted,PhysActivity_LTPA,0.0002503269476647474,
2017-2020,diag,logistic_regression,1,PI,weighted,AnyHealthcare,0.0004724068934123804,
2017-2020,diag,logistic_regression,1,PI,weighted,GenHlth,0.015468602860538371,
2017-2020,diag,logistic_regression,1,PI,weighted,MentHlth,0.0006831043510867385,
2017-2020,diag,logistic_regression,1,PI,weighted,Sex,0.0021983782242838814,
2017-2020,diag,logistic_regression,1,PI,weighted,Age,0.13583830262320779,
2017-2020,diag,logistic_regression,1,PI,weighted,Education,0.001793451671315438,
2017-2020,diag,logistic_regression,1,PI,weighted,Income,0.00016285498134513965,
2017-2020,measured,xgboost,1,SHAP,unweighted,Diabetes_self,0.03422419726848602,
2017-2020,measured,xgboost,1,SHAP,unweighted,HighChol,0.08361704647541046,
2017-2020,measured,xgboost,1,SHAP,unweighted,BMI,0.35428640246391296,
2017-2020,measured,xgboost,1,SHAP,unweighted,Smoker,0.06283199787139893,
2017-2020,measured,xgboost,1,SHAP,unweighted,Stroke,0.04267154633998871,
2017-2020,measured,xgboost,1,SHAP,unweighted,HeartDiseaseorAttack,0.016258519142866135,
2017-2020,measured,xgboost,1,SHAP,unweighted,PhysActivity_LTPA,0.0693347379565239,
2017-2020,measured,xgboost,1,SHAP,unweighted,AnyHealthcare,0.0446021668612957,
2017-2020,measured,xgboost,1,SHAP,unweighted,GenHlth,0.16230009496212006,
2017-2020,measured,xgboost,1,SHAP,unweighted,MentHlth,0.05152512341737747,
2017-2020,measured,xgboost,1,SHAP,unweighted,Sex,0.16896575689315796,
2017-2020,measured,xgboost,1,SHAP,unweighted,Age,0.8503691554069519,
2017-2020,measured,xgboost,1,SHAP,unweighted,Education,0.12462575733661652,
2017-2020,measured,xgboost,1,SHAP,unweighted,Income,0.13356517255306244,
2017-2020,measured,xgboost,1,SHAP,weighted,Diabetes_self,0.030360150294245842,
2017-2020,measured,xgboost,1,SHAP,weighted,HighChol,0.09118581259339249,
2017-2020,measured,xgboost,1,SHAP,weighted,BMI,0.369392642045319,
2017-2020,measured,xgboost,1,SHAP,weighted,Smoker,0.05565478973654685,
2017-2020,measured,xgboost,1,SHAP,weighted,Stroke,0.03665392295811843,
2017-2020,measured,xgboost,1,SHAP,weighted,HeartDiseaseorAttack,0.015354561823891128,
2017-2020,measured,xgboost,1,SHAP,weighted,PhysActivity_LTPA,0.0680048142640765,
2017-2020,measured,xgboost,1,SHAP,weighted,AnyHealthcare,0.04030088582271023,
2017-2020,measured,xgboost,1,SHAP,weighted,GenHlth,0.16422585040554352,
2017-2020,measured,xgboost,1,SHAP,weighted,MentHlth,0.051680275658497324,
2017-2020,measured,xgboost,1,SHAP,weighted,Sex,0.18274364238870522,
2017-2020,measured,xgboost,1,SHAP,weighted,Age,0.9309147621730707,
2017-2020,measured,xgboost,1,SHAP,weighted,Education,0.1234864929379517,
2017-2020,measured,xgboost,1,SHAP,weighted,Income,0.14660990028442178,
2017-2020,measured,xgboost,1,PI,unweighted,Diabetes_self,-0.0008924176010271067,0.0015528534078103002
2017-2020,measured,xgboost,1,PI,unweighted,HighChol,0.003879220375161985,0.002218061475261684
2017-2020,measured,xgboost,1,PI,unweighted,BMI,0.010614885966674125,0.006645716756889158
2017-2020,measured,xgboost,1,PI,unweighted,Smoker,-0.0014977335113442348,0.0028942072949408757
2017-2020,measured,xgboost,1,PI,unweighted,Stroke,0.0023531311412784417,0.0013182717537809918
2017-2020,measured,xgboost,1,PI,unweighted,HeartDiseaseorAttack,-0.00015556264448618462,0.0008175016870087543
2017-2020,measured,xgboost,1,PI,unweighted,PhysActivity_LTPA,-0.004163565259513946,0.0032317740691114893
2017-2020,measured,xgboost,1,PI,unweighted,AnyHealthcare,0.004438064406873133,0.0030194310348411004
2017-2020,measured,xgboost,1,PI,unweighted,GenHlth,0.005085520071519478,0.0063756429264103165
2017-2020,measured,xgboost,1,PI,unweighted,MentHlth,0.002273971415856335,0.0030513155797400942
2017-2020,measured,xgboost,1,PI,unweighted,Sex,0.0032069534532937817,0.002851518016841282
2017-2020,measured,xgboost,1,PI,unweighted,Age,0.16942032238881208,0.02223075492877301
2017-2020,measured,xgboost,1,PI,unweighted,Education,0.005393494724654113,0.0043733469261062925
2017-2020,measured,xgboost,1,PI,unweighted,Income,-0.004501470953106723,0.0035141614342849765
2017-2020,measured,xgboost,1,PI,weighted,Diabetes_self,-0.0026742441544814533,
2017-2020,measured,xgboost,1,PI,weighted,HighChol,0.000920139542495102,
2017-2020,measured,xgboost,1,PI,weighted,BMI,-0.0030607199028774403,
2017-2020,measured,xgboost,1,PI,weighted,Smoker,-0.0009612702590875877,
2017-2020,measured,xgboost,1,PI,weighted,Stroke,0.004049731764704268,
2017-2020,measured,xgboost,1,PI,weighted,HeartDiseaseorAttack,0.0006429166295287448,
2017-2020,measured,xgboost,1,PI,weighted,PhysActivity_LTPA,-0.00260304063742115,
2017-2020,measured,xgboost,1,PI,weighted,AnyHealthcare,0.005265852085399936,
2017-2020,measured,xgboost,1,PI,weighted,GenHlth,-0.0030390477948254225,
2017-2020,measured,xgboost,1,PI,weighted,MentHlth,-0.006289558286559383,
2017-2020,measured,xgboost,1,PI,weighted,Sex,0.0020694749129834267,
2017-2020,measured,xgboost,1,PI,weighted,Age,0.15122691882403091,
2017-2020,measured,xgboost,1,PI,weighted,Education,0.0016241322502501987,
2017-2020,measured,xgboost,1,PI,weighted,Income,-0.005804683247937303,
2017-2020,measured,random_forest,1,SHAP,unweighted,Diabetes_self,0.011438715708673691,
2017-2020,measured,random_forest,1,SHAP,unweighted,HighChol,0.021106130012725863,
2017-2020,measured,random_forest,1,SHAP,unweighted,BMI,0.06970056582361797,
2017-2020,measured,random_forest,1,SHAP,unweighted,Smoker,0.014016692454745579,
2017-2020,measured,random_forest,1,SHAP,unweighted,Stroke,0.00999897381109451,
2017-2020,measured,random_forest,1,SHAP,unweighted,HeartDiseaseorAttack,0.0038151368295363023,
2017-2020,measured,random_forest,1,SHAP,unweighted,PhysActivity_LTPA,0.015938462462976897,
2017-2020,measured,random_forest,1,SHAP,unweighted,AnyHealthcare,0.006982802525434191,
2017-2020,measured,random_forest,1,SHAP,unweighted,GenHlth,0.026468299276583503,
2017-2020,measured,random_forest,1,SHAP,unweighted,MentHlth,0.012847892676270858,
2017-2020,measured,random_forest,1,SHAP,unweighted,Sex,0.018802108188663163,
2017-2020,measured,random_forest,1,SHAP,unweighted,Age,0.12528518899862423,
2017-2020,measured,random_forest,1,SHAP,unweighted,Education,0.023749897213532156,
2017-2020,measured,random_forest,1,SHAP,unweighted,Income,0.02682038379984148,
2017-2020,measured,random_forest,1,SHAP,weighted,Diabetes_self,0.01116382471173072,
2017-2020,measured,random_forest,1,SHAP,weighted,HighChol,0.022528316746596805,
2017-2020,measured,random_forest,1,SHAP,weighted,BMI,0.07085596537543215,
2017-2020,measured,random_forest,1,SHAP,weighted,Smoker,0.013053622507260942,
2017-2020,measured,random_forest,1,SHAP,weighted,Stroke,0.008555126750602219,
2017-2020,measured,random_forest,1,SHAP,weighted,HeartDiseaseorAttack,0.0034925649808866897,
2017-2020,measured,random_forest,1,SHAP,weighted,PhysActivity_LTPA,0.016102673974713173,
2017-2020,measured,random_forest,1,SHAP,weighted,AnyHealthcare,0.006111738428084796,
2017-2020,measured,random_forest,1,SHAP,weighted,GenHlth,0.028141497130987927,
2017-2020,measured,random_forest,1,SHAP,weighted,MentHlth,0.011950946453842148,
2017-2020,measured,random_forest,1,SHAP,weighted,Sex,0.01875471974468388,
2017-2020,measured,random_forest,1,SHAP,weighted,Age,0.1340061490175894,
2017-2020,measured,random_forest,1,SHAP,weighted,Education,0.02435181857441882,
2017-2020,measured,random_forest,1,SHAP,weighted,Income,0.030714137098627074,
2017-2020,measured,random_forest,1,PI,unweighted,Diabetes_self,0.0047541125643416945,0.0033399483395274245
2017-2020,measured,random_forest,1,PI,unweighted,HighChol,0.010929358806223876,0.006477089395123829
2017-2020,measured,random_forest,1,PI,unweighted,BMI,0.019181267894626784,0.004971469701219696
2017-2020,measured,random_forest,1,PI,unweighted,Smoker,0.005211151675547332,0.0029008650743004107
2017-2020,measured,random_forest,1,PI,unweighted,Stroke,0.0022871647034265587,0.0018642334003935008
2017-2020,measured,random_forest,1,PI,unweighted,HeartDiseaseorAttack,0.0006238258958634168,0.0017366573492477485
2017-2020,measured,random_forest,1,PI,unweighted,PhysActivity_LTPA,-0.0009885119940770016,0.004669911667305282
2017-2020,measured,random_forest,1,PI,unweighted,AnyHealthcare,0.0023769578248008403,0.002857456441468815
2017-2020,measured,random_forest,1,PI,unweighted,GenHlth,0.007232087650688779,0.005809452933301602
2017-2020,measured,random_forest,1,PI,unweighted,MentHlth,-0.0032282202451984765,0.0029665950532059867
2017-2020,measured,random_forest,1,PI,unweighted,Sex,0.0004887423843222049,0.00425162105574067
2017-2020,measured,random_forest,1,PI,unweighted,Age,0.15277945155306635,0.01674145271992917
2017-2020,measured,random_forest,1,PI,unweighted,Education,0.003965469031218671,0.0054059186689659235
2017-2020,measured,random_forest,1,PI,unweighted,Income,-0.004787784984857424,0.005537634493666834
2017-2020,measured,random_forest,1,PI,weighted,Diabetes_self,0.010052380546603956,
2017-2020,measured,random_forest,1,PI,weighted,HighChol,0.02180649240009789,
2017-2020,measured,random_forest,1,PI,weighted,BMI,0.017776600314775792,
2017-2020,measured,random_forest,1,PI,weighted,Smoker,0.004418385913450562,
2017-2020,measured,random_forest,1,PI,weighted,Stroke,0.005743913222849106,
2017-2020,measured,random_forest,1,PI,weighted,HeartDiseaseorAttack,0.00025029063106110085,
2017-2020,measured,random_forest,1,PI,weighted,PhysActivity_LTPA,0.005148145710290142,
2017-2020,measured,random_forest,1,PI,weighted,AnyHealthcare,0.000976941694198108,
2017-2020,measured,random_forest,1,PI,weighted,GenHlth,0.01040420439983426,
2017-2020,measured,random_forest,1,PI,weighted,MentHlth,-0.0008299949578628007,
2017-2020,measured,random_forest,1,PI,weighted,Sex,-0.003780867497618767,
2017-2020,measured,random_forest,1,PI,weighted,Age,0.13808626116677564,
2017-2020,measured,random_forest,1,PI,weighted,Education,0.0034935331328786014,
2017-2020,measured,random_forest,1,PI,weighted,Income,0.017064560740368294,
2017-2020,measured,logistic_regression,1,SHAP,unweighted,Diabetes_self,0.023162313215617673,
2017-2020,measured,logistic_regression,1,SHAP,unweighted,HighChol,0.02153623770060007,
2017-2020,measured,logistic_regression,1,SHAP,unweighted,BMI,0.18774481502878707,
2017-2020,measured,logistic_regression,1,SHAP,unweighted,Smoker,0.014665774243411641,
2017-2020,measured,logistic_regression,1,SHAP,unweighted,Stroke,0.0363621830282907,
2017-2020,measured,logistic_regression,1,SHAP,unweighted,HeartDiseaseorAttack,0.02869499067386765,
2017-2020,measured,logistic_regression,1,SHAP,unweighted,PhysActivity_LTPA,0.017371704837198614,
2017-2020,measured,logistic_regression,1,SHAP,unweighted,AnyHealthcare,0.04386677296793888,
2017-2020,measured,logistic_regression,1,SHAP,unweighted,GenHlth,0.10936158167524711,
2017-2020,measured,logistic_regression,1,SHAP,unweighted,MentHlth,0.01900034308485703,
2017-2020,measured,logistic_regression,1,SHAP,unweighted,Sex,0.15555051598106914,
2017-2020,measured,logistic_regression,1,SHAP,unweighted,Age,0.7465909104132011,
2017-2020,measured,logistic_regression,1,SHAP,unweighted,Education,0.023375388281427854,
2017-2020,measured,logistic_regression,1,SHAP,unweighted,Income,0.08449600946055062,
2017-2020,measured,logistic_regression,1,SHAP,weighted,Diabetes_self,0.020153626542739736,
2017-2020,measured,logistic_regression,1,SHAP,weighted,HighChol,0.021524209812162094,
2017-2020,measured,logistic_regression,1,SHAP,weighted,BMI,0.1837469164657249,
2017-2020,measured,logistic_regression,1,SHAP,weighted,Smoker,0.014655483208458882,
2017-2020,measured,logistic_regression,1,SHAP,weighted,Stroke,0.0299366633516009,
2017-2020,measured,logistic_regression,1,SHAP,weighted,HeartDiseaseorAttack,0.025970758542167304,
2017-2020,measured,logistic_regression,1,SHAP,weighted,PhysActivity_LTPA,0.017035109128758,
2017-2020,measured,logistic_regression,1,SHAP,weighted,AnyHealthcare,0.0379182536527597,
2017-2020,measured,logistic_regression,1,SHAP,weighted,GenHlth,0.11297599414060275,
2017-2020,measured,logistic_regression,1,SHAP,weighted,MentHlth,0.017866169035881143,
2017-2020,measured,logistic_regression,1,SHAP,weighted,Sex,0.1554153301472738,
2017-2020,measured,logistic_regression,1,SHAP,weighted,Age,0.7551781518557737,
2017-2020,measured,logistic_regression,1,SHAP,weighted,Education,0.022211412900390318,
2017-2020,measured,logistic_regression,1,SHAP,weighted,Income,0.08349943501125137,
2017-2020,measured,logistic_regression,1,PI,unweighted,Diabetes_self,-3.70199710929886e-05,0.0005512830627673785
2017-2020,measured,logistic_regression,1,PI,unweighted,HighChol,-0.0004241543496497746,0.000405610141554342
2017-2020,measured,logistic_regression,1,PI,unweighted,BMI,0.008642981761756752,0.005511185967274014
2017-2020,measured,logistic_regression,1,PI,unweighted,Smoker,-0.00024141747106345423,0.00027455903454929107
2017-2020,measured,logistic_regression,1,PI,unweighted,Stroke,0.002599274566098253,0.001995597356932799
2017-2020,measured,logistic_regression,1,PI,unweighted,HeartDiseaseorAttack,0.00045054092479028806,0.0009721690079776798
2017-2020,measured,logistic_regression,1,PI,unweighted,PhysActivity_LTPA,0.0005411217051240147,0.0004371407879299623
2017-2020,measured,logistic_regression,1,PI,unweighted,AnyHealthcare,-0.00017170965315445043,0.0015331364340094246
2017-2020,measured,logistic_regression,1,PI,unweighted,GenHlth,0.008310983510359549,0.0023807726925004634
2017-2020,measured,logistic_regression,1,PI,unweighted,MentHlth,0.001069247037417642,0.0006910136360567117
2017-2020,measured,logistic_regression,1,PI,unweighted,Sex,-0.0010913014882817152,0.00279756207487396
2017-2020,measured,logistic_regression,1,PI,unweighted,Age,0.2074756711838907,0.0225912117981187
2017-2020,measured,logistic_regression,1,PI,unweighted,Education,0.0005352142629283186,0.000654912374186981
2017-2020,measured,logistic_regression,1,PI,unweighted,Income,-0.00011342289015711104,0.0022985656416712546
2017-2020,measured,logistic_regression,1,PI,weighted,Diabetes_self,-0.0012357584745187444,
2017-2020,measured,logistic_regression,1,PI,weighted,HighChol,-0.0017808085356465718,
2017-2020,measured,logistic_regression,1,PI,weighted,BMI,0.012810281854592575,
2017-2020,measured,logistic_regression,1,PI,weighted,Smoker,0.00017173157820913332,
2017-2020,measured,logistic_regression,1,PI,weighted,Stroke,0.004276764140097977,
2017-2020,measured,logistic_regression,1,PI,weighted,HeartDiseaseorAttack,0.00254138153116229,
2017-2020,measured,logistic_regression,1,PI,weighted,PhysActivity_LTPA,-0.00026580109176459475,
2017-2020,measured,logistic_regression,1,PI,weighted,AnyHealthcare,0.0006271651680482493,
2017-2020,measured,logistic_regression,1,PI,weighted,GenHlth,0.013985997235121405,
2017-2020,measured,logistic_regression,1,PI,weighted,MentHlth,0.00040795319878516033,
2017-2020,measured,logistic_regression,1,PI,weighted,Sex,-0.0011426011432982496,
2017-2020,measured,logistic_regression,1,PI,weighted,Age,0.21051492600760024,
2017-2020,measured,logistic_regression,1,PI,weighted,Education,0.0008934847340418383,
2017-2020,measured,logistic_regression,1,PI,weighted,Income,0.0023531993877947133,
2017-2020,total,xgboost,1,SHAP,unweighted,Diabetes_self,0.13622187077999115,
2017-2020,total,xgboost,1,SHAP,unweighted,HighChol,0.29611289501190186,
2017-2020,total,xgboost,1,SHAP,unweighted,BMI,0.5017985105514526,
2017-2020,total,xgboost,1,SHAP,unweighted,Smoker,0.0779501348733902,
2017-2020,total,xgboost,1,SHAP,unweighted,Stroke,0.06835946440696716,
2017-2020,total,xgboost,1,SHAP,unweighted,HeartDiseaseorAttack,0.032936856150627136,
2017-2020,total,xgboost,1,SHAP,unweighted,PhysActivity_LTPA,0.041944075375795364,
2017-2020,total,xgboost,1,SHAP,unweighted,AnyHealthcare,0.06054975092411041,
2017-2020,total,xgboost,1,SHAP,unweighted,GenHlth,0.30808839201927185,
2017-2020,total,xgboost,1,SHAP,unweighted,MentHlth,0.05884169414639473,
2017-2020,total,xgboost,1,SHAP,unweighted,Sex,0.12957356870174408,
2017-2020,total,xgboost,1,SHAP,unweighted,Age,0.9877038598060608,
2017-2020,total,xgboost,1,SHAP,unweighted,Education,0.13127227127552032,
2017-2020,total,xgboost,1,SHAP,unweighted,Income,0.10433197021484375,
2017-2020,total,xgboost,1,SHAP,weighted,Diabetes_self,0.12385229923680338,
2017-2020,total,xgboost,1,SHAP,weighted,HighChol,0.29352699729465065,
2017-2020,total,xgboost,1,SHAP,weighted,BMI,0.5022498643518565,
2017-2020,total,xgboost,1,SHAP,weighted,Smoker,0.07605397746217173,
2017-2020,total,xgboost,1,SHAP,weighted,Stroke,0.05456318272702148,
2017-2020,total,xgboost,1,SHAP,weighted,HeartDiseaseorAttack,0.031706578419589744,
2017-2020,total,xgboost,1,SHAP,weighted,PhysActivity_LTPA,0.03998219686651434,
2017-2020,total,xgboost,1,SHAP,weighted,AnyHealthcare,0.054980051478775396,
2017-2020,total,xgboost,1,SHAP,weighted,GenHlth,0.30790069472724585,
2017-2020,total,xgboost,1,SHAP,weighted,MentHlth,0.05635765599764599,
2017-2020,total,xgboost,1,SHAP,weighted,Sex,0.14563356369072156,
2017-2020,total,xgboost,1,SHAP,weighted,Age,1.0387622530845404,
2017-2020,total,xgboost,1,SHAP,weighted,Education,0.12232088438742425,
2017-2020,total,xgboost,1,SHAP,weighted,Income,0.11021471908388218,
2017-2020,total,xgboost,1,PI,unweighted,Diabetes_self,0.004191763314253227,0.0013203175110941857
2017-2020,total,xgboost,1,PI,unweighted,HighChol,0.01116317013147713,0.0030886800010071257
2017-2020,total,xgboost,1,PI,unweighted,BMI,0.03062475356565021,0.006830516043749446
2017-2020,total,xgboost,1,PI,unweighted,Smoker,0.002137622537356143,0.000839209550872557
2017-2020,total,xgboost,1,PI,unweighted,Stroke,0.004734258793457557,0.0015532582119916953
2017-2020,total,xgboost,1,PI,unweighted,HeartDiseaseorAttack,0.0009411412799631092,0.000851764148162418
2017-2020,total,xgboost,1,PI,unweighted,PhysActivity_LTPA,-0.00025289262940344506,0.0009915759280572827
2017-2020,total,xgboost,1,PI,unweighted,AnyHealthcare,0.0021816748018329115,0.0014609020775723984
2017-2020,total,xgboost,1,PI,unweighted,GenHlth,0.01026091449237937,0.004328699695487244
2017-2020,total,xgboost,1,PI,unweighted,MentHlth,0.0006333192837429502,0.0013665318697585074
2017-2020,total,xgboost,1,PI,unweighted,Sex,0.006807978354566468,0.0028775818798081965
2017-2020,total,xgboost,1,PI,unweighted,Age,0.16226651620008442,0.01459655256634379
2017-2020,total,xgboost,1,PI,unweighted,Education,-0.0015013120504696275,0.002137549339472128
2017-2020,total,xgboost,1,PI,unweighted,Income,0.0006322315735089679,0.0028219077830805316
2017-2020,total,xgboost,1,PI,weighted,Diabetes_self,0.006686530071367924,
2017-2020,total,xgboost,1,PI,weighted,HighChol,0.007658153709818749,
2017-2020,total,xgboost,1,PI,weighted,BMI,0.03787816023362124,
2017-2020,total,xgboost,1,PI,weighted,Smoker,0.0024776695975647577,
2017-2020,total,xgboost,1,PI,weighted,Stroke,0.005032358689191096,
2017-2020,total,xgboost,1,PI,weighted,HeartDiseaseorAttack,-0.000731688130041841,
2017-2020,total,xgboost,1,PI,weighted,PhysActivity_LTPA,0.001571757740604185,
2017-2020,total,xgboost,1,PI,weighted,AnyHealthcare,0.0033869084512753835,
2017-2020,total,xgboost,1,PI,weighted,GenHlth,0.011480601506471844,
2017-2020,total,xgboost,1,PI,weighted,MentHlth,0.0021270046846105562,
2017-2020,total,xgboost,1,PI,weighted,Sex,0.010200543866296662,
2017-2020,total,xgboost,1,PI,weighted,Age,0.16269972059472457,
2017-2020,total,xgboost,1,PI,weighted,Education,0.0036982463349782835,
2017-2020,total,xgboost,1,PI,weighted,Income,-0.00036504475624110633,
2017-2020,total,random_forest,1,SHAP,unweighted,Diabetes_self,0.035318614683578116,
2017-2020,total,random_forest,1,SHAP,unweighted,HighChol,0.0653175969787343,
2017-2020,total,random_forest,1,SHAP,unweighted,BMI,0.05895445162577151,
2017-2020,total,random_forest,1,SHAP,unweighted,Smoker,0.01619366643997092,
2017-2020,total,random_forest,1,SHAP,unweighted,Stroke,0.00940660470361207,
2017-2020,total,random_forest,1,SHAP,unweighted,HeartDiseaseorAttack,0.008442476351537236,
2017-2020,total,random_forest,1,SHAP,unweighted,PhysActivity_LTPA,0.012715537252149637,
2017-2020,total,random_forest,1,SHAP,unweighted,AnyHealthcare,0.012259476341950425,
2017-2020,total,random_forest,1,SHAP,unweighted,GenHlth,0.049108300919038304,
2017-2020,total,random_forest,1,SHAP,unweighted,MentHlth,0.007889562718913976,
2017-2020,total,random_forest,1,SHAP,unweighted,Sex,0.015013230400427402,
2017-2020,total,random_forest,1,SHAP,unweighted,Age,0.15504770316512909,
2017-2020,total,random_forest,1,SHAP,unweighted,Education,0.01587191251208521,
2017-2020,total,random_forest,1,SHAP,unweighted,Income,0.013335400950492217,
2017-2020,total,random_forest,1,SHAP,weighted,Diabetes_self,0.032796384394988075,
2017-2020,total,random_forest,1,SHAP,weighted,HighChol,0.06598672960013838,
2017-2020,total,random_forest,1,SHAP,weighted,BMI,0.05908459018156341,
2017-2020,total,random_forest,1,SHAP,weighted,Smoker,0.015901592338751144,
2017-2020,total,random_forest,1,SHAP,weighted,Stroke,0.008033265372029509,
2017-2020,total,random_forest,1,SHAP,weighted,HeartDiseaseorAttack,0.008016738731257016,
2017-2020,total,random_forest,1,SHAP,weighted,PhysActivity_LTPA,0.013408052073388804,
2017-2020,total,random_forest,1,SHAP,weighted,AnyHealthcare,0.010038843333583675,
2017-2020,total,random_forest,1,SHAP,weighted,GenHlth,0.0493284795866084,
2017-2020,total,random_forest,1,SHAP,weighted,MentHlth,0.007712972340051552,
2017-2020,total,random_forest,1,SHAP,weighted,Sex,0.015892883973236127,
2017-2020,total,random_forest,1,SHAP,weighted,Age,0.15926679976784844,
2017-2020,total,random_forest,1,SHAP,weighted,Education,0.014692284779912766,
2017-2020,total,random_forest,1,SHAP,weighted,Income,0.01355729281747397,
2017-2020,total,random_forest,1,PI,unweighted,Diabetes_self,0.007733211872357204,0.0014749478426447442
2017-2020,total,random_forest,1,PI,unweighted,HighChol,0.009525214482861755,0.004664037363461677
2017-2020,total,random_forest,1,PI,unweighted,BMI,0.025963915212987243,0.005279256512959862
2017-2020,total,random_forest,1,PI,unweighted,Smoker,0.001269901698187559,0.0033563850669482836
2017-2020,total,random_forest,1,PI,unweighted,Stroke,0.0036965832302274125,0.0012248190177080354
2017-2020,total,random_forest,1,PI,unweighted,HeartDiseaseorAttack,0.0029262124570014203,0.0009214974202018148
2017-2020,total,random_forest,1,PI,unweighted,PhysActivity_LTPA,-0.0025538076656379085,0.002827587762040586
2017-2020,total,random_forest,1,PI,unweighted,AnyHealthcare,0.001734625895661379,0.001310448049251758
2017-2020,total,random_forest,1,PI,unweighted,GenHlth,0.0062812546737548765,0.004889971630024877
2017-2020,total,random_forest,1,PI,unweighted,MentHlth,0.00012209547376572648,0.001799972789248644
2017-2020,total,random_forest,1,PI,unweighted,Sex,0.005080150647867388,0.003516578457220469
2017-2020,total,random_forest,1,PI,unweighted,Age,0.15463024650233176,0.011321356137658278
2017-2020,total,random_forest,1,PI,unweighted,Education,-0.001764265999537762,0.0019737283719177185
2017-2020,total,random_forest,1,PI,unweighted,Income,-0.0028065643312621623,0.0035096534891039216
2017-2020,total,random_forest,1,PI,weighted,Diabetes_self,0.011632590277596421,
2017-2020,total,random_forest,1,PI,weighted,HighChol,0.007013978154725398,
2017-2020,total,random_forest,1,PI,weighted,BMI,0.032076805024604485,
2017-2020,total,random_forest,1,PI,weighted,Smoker,-0.000277176106324184,
2017-2020,total,random_forest,1,PI,weighted,Stroke,0.004143988478387451,
2017-2020,total,random_forest,1,PI,weighted,HeartDiseaseorAttack,0.0007156310912420528,
2017-2020,total,random_forest,1,PI,weighted,PhysActivity_LTPA,0.0017987857292987909,
2017-2020,total,random_forest,1,PI,weighted,AnyHealthcare,0.002112561694693893,
2017-2020,total,random_forest,1,PI,weighted,GenHlth,0.01145053775494186,
2017-2020,total,random_forest,1,PI,weighted,MentHlth,0.0012151422316090898,
2017-2020,total,random_forest,1,PI,weighted,Sex,0.010454307299702814,
2017-2020,total,random_forest,1,PI,weighted,Age,0.15780400398027497,
2017-2020,total,random_forest,1,PI,weighted,Education,-0.0019494306043180477,
2017-2020,total,random_forest,1,PI,weighted,Income,-0.0014501164452920157,
2017-2020,total,logistic_regression,1,SHAP,unweighted,Diabetes_self,0.10802858270156215,
2017-2020,total,logistic_regression,1,SHAP,unweighted,HighChol,0.25563909257461137,
2017-2020,total,logistic_regression,1,SHAP,unweighted,BMI,0.34235100790429196,
2017-2020,total,logistic_regression,1,SHAP,unweighted,Smoker,0.06555105036944542,
2017-2020,total,logistic_regression,1,SHAP,unweighted,Stroke,0.0620614096487792,
2017-2020,total,logistic_regression,1,SHAP,unweighted,HeartDiseaseorAttack,0.0005474279791223861,
2017-2020,total,logistic_regression,1,SHAP,unweighted,PhysActivity_LTPA,0.009305810080948329,
2017-2020,total,logistic_regression,1,SHAP,unweighted,AnyHealthcare,0.03971994209611662,
2017-2020,total,logistic_regression,1,SHAP,unweighted,GenHlth,0.2564110280834197,
2017-2020,total,logistic_regression,1,SHAP,unweighted,MentHlth,0.031957737046249955,
2017-2020,total,logistic_regression,1,SHAP,unweighted,Sex,0.13631209013482803,
2017-2020,total,logistic_regression,1,SHAP,unweighted,Age,0.8536600206491495,
2017-2020,total,logistic_regression,1,SHAP,unweighted,Education,0.05477773446348642,
2017-2020,total,logistic_regression,1,SHAP,unweighted,Income,0.05931169640263351,
2017-2020,total,logistic_regression,1,SHAP,weighted,Diabetes_self,0.09399612601045157,
2017-2020,total,logistic_regression,1,SHAP,weighted,HighChol,0.25549631933219474,
2017-2020,total,logistic_regression,1,SHAP,weighted,BMI,0.33506087527211537,
2017-2020,total,logistic_regression,1,SHAP,weighted,Smoker,0.06550505292400964,
2017-2020,total,logistic_regression,1,SHAP,weighted,Stroke,0.05109460909802305,
2017-2020,total,logistic_regression,1,SHAP,weighted,HeartDiseaseorAttack,0.0004954565076043392,
2017-2020,total,logistic_regression,1,SHAP,weighted,PhysActivity_LTPA,0.009125499871549347,
2017-2020,total,logistic_regression,1,SHAP,weighted,AnyHealthcare,0.03433375052626425,
2017-2020,total,logistic_regression,1,SHAP,weighted,GenHlth,0.2648854411447825,
2017-2020,total,logistic_regression,1,SHAP,weighted,MentHlth,0.03005010643874065,
2017-2020,total,logistic_regression,1,SHAP,weighted,Sex,0.1361936240310969,
2017-2020,total,logistic_regression,1,SHAP,weighted,Age,0.8634787642273707,
2017-2020,total,logistic_regression,1,SHAP,weighted,Education,0.05205008204647284,
2017-2020,total,logistic_regression,1,SHAP,weighted,Income,0.05861215424014786,
2017-2020,total,logistic_regression,1,PI,unweighted,Diabetes_self,0.0039059674502713417,0.0013723309662007457
2017-2020,total,logistic_regression,1,PI,unweighted,HighChol,0.01116344205903549,0.0033423403824430773
2017-2020,total,logistic_regression,1,PI,unweighted,BMI,0.021714503256332573,0.004689127239599487
2017-2020,total,logistic_regression,1,PI,unweighted,Smoker,0.0005729513657562135,0.00038525149110866207
2017-2020,total,logistic_regression,1,PI,unweighted,Stroke,0.0042747012195951785,0.001483720587838923
2017-2020,total,logistic_regression,1,PI,unweighted,HeartDiseaseorAttack,1.4140233041959326e-05,1.692953804002576e-05
2017-2020,total,logistic_regression,1,PI,unweighted,PhysActivity_LTPA,2.3113842472399782e-05,7.934275815494845e-05
2017-2020,total,logistic_regression,1,PI,unweighted,AnyHealthcare,0.000692327563937023,0.0005241211644313295
2017-2020,total,logistic_regression,1,PI,unweighted,GenHlth,0.014209030714217818,0.003043834958043943
2017-2020,total,logistic_regression,1,PI,unweighted,MentHlth,-8.456947069298559e-05,0.0002763684473811484
2017-2020,total,logistic_regression,1,PI,unweighted,Sex,0.001763450216862339,0.0013668709963030815
2017-2020,total,logistic_regression,1,PI,unweighted,Age,0.1710639165726251,0.012288963596794355
2017-2020,total,logistic_regression,1,PI,unweighted,Education,0.00034154101347403374,0.0006042524053830988
2017-2020,total,logistic_regression,1,PI,unweighted,Income,-0.000549565595725221,0.0004766734976698845
2017-2020,total,logistic_regression,1,PI,weighted,Diabetes_self,0.005587432566477013,
2017-2020,total,logistic_regression,1,PI,weighted,HighChol,0.007165017556898801,
2017-2020,total,logistic_regression,1,PI,weighted,BMI,0.02629115626560663,
2017-2020,total,logistic_regression,1,PI,weighted,Smoker,0.001251968654754032,
2017-2020,total,logistic_regression,1,PI,weighted,Stroke,0.0051426624809061796,
2017-2020,total,logistic_regression,1,PI,weighted,HeartDiseaseorAttack,4.0566762912030985e-05,
2017-2020,total,logistic_regression,1,PI,weighted,PhysActivity_LTPA,0.00010937423398253987,
2017-2020,total,logistic_regression,1,PI,weighted,AnyHealthcare,0.0006065283353912321,
2017-2020,total,logistic_regression,1,PI,weighted,GenHlth,0.02249684744417906,
2017-2020,total,logistic_regression,1,PI,weighted,MentHlth,-0.0002922924675931915,
2017-2020,total,logistic_regression,1,PI,weighted,Sex,0.0035398935267476174,
2017-2020,total,logistic_regression,1,PI,weighted,Age,0.17111740394886504,
2017-2020,total,logistic_regression,1,PI,weighted,Education,-0.00015426319854279226,
2017-2020,total,logistic_regression,1,PI,weighted,Income,-0.0005296892649103047,
2017-2020,diag,xgboost,2,SHAP,unweighted,Diabetes_self,0.1310236155986786,
2017-2020,diag,xgboost,2,SHAP,unweighted,HighChol,0.3461683690547943,
2017-2020,diag,xgboost,2,SHAP,unweighted,BMI,0.4721575379371643,
2017-2020,diag,xgboost,2,SHAP,unweighted,Smoker,0.05963965505361557,
2017-2020,diag,xgboost,2,SHAP,unweighted,Stroke,0.07319677621126175,
2017-2020,diag,xgboost,2,SHAP,unweighted,HeartDiseaseorAttack,0.06570252031087875,
2017-2020,diag,xgboost,2,SHAP,unweighted,PhysActivity_LTPA,0.05140354856848717,
2017-2020,diag,xgboost,2,SHAP,unweighted,AnyHealthcare,0.06926228851079941,
2017-2020,diag,xgboost,2,SHAP,unweighted,GenHlth,0.33534327149391174,
2017-2020,diag,xgboost,2,SHAP,unweighted,MentHlth,0.07566576451063156,
2017-2020,diag,xgboost,2,SHAP,unweighted,Sex,0.10263889282941818,
2017-2020,diag,xgboost,2,SHAP,unweighted,Age,0.9429783225059509,
2017-2020,diag,xgboost,2,SHAP,unweighted,Education,0.12794794142246246,
2017-2020,diag,xgboost,2,SHAP,unweighted,Income,0.11041734367609024,
2017-2020,diag,xgboost,2,SHAP,weighted,Diabetes_self,0.11745051886062989,
2017-2020,diag,xgboost,2,SHAP,weighted,HighChol,0.33527742094685503,
2017-2020,diag,xgboost,2,SHAP,weighted,BMI,0.490759136922217,
2017-2020,diag,xgboost,2,SHAP,weighted,Smoker,0.06099957927619883,
2017-2020,diag,xgboost,2,SHAP,weighted,Stroke,0.05573053797258563,
2017-2020,diag,xgboost,2,SHAP,weighted,HeartDiseaseorAttack,0.05723895537672295,
2017-2020,diag,xgboost,2,SHAP,weighted,PhysActivity_LTPA,0.05157315122571519,
2017-2020,diag,xgboost,2,SHAP,weighted,AnyHealthcare,0.06273300356029551,
2017-2020,diag,xgboost,2,SHAP,weighted,GenHlth,0.3467142411383566,
2017-2020,diag,xgboost,2,SHAP,weighted,MentHlth,0.07690135191182094,
2017-2020,diag,xgboost,2,SHAP,weighted,Sex,0.10925494777763807,
2017-2020,diag,xgboost,2,SHAP,weighted,Age,0.9738125024870479,
2017-2020,diag,xgboost,2,SHAP,weighted,Education,0.10925426426639646,
2017-2020,diag,xgboost,2,SHAP,weighted,Income,0.11106178338592931,
2017-2020,diag,xgboost,2,PI,unweighted,Diabetes_self,0.009427609427609496,0.0015268366999768616
2017-2020,diag,xgboost,2,PI,unweighted,HighChol,0.025097235497917602,0.002263278209800231
2017-2020,diag,xgboost,2,PI,unweighted,BMI,0.035432184878050256,0.0061711457456639805
2017-2020,diag,xgboost,2,PI,unweighted,Smoker,0.002843725691125609,0.0009543326621951748
2017-2020,diag,xgboost,2,PI,unweighted,Stroke,0.00045008195050827426,0.0013355014288701816
2017-2020,diag,xgboost,2,PI,unweighted,HeartDiseaseorAttack,0.0038644472574567157,0.001571584010152491
2017-2020,diag,xgboost,2,PI,unweighted,PhysActivity_LTPA,-0.00039554395905624375,0.0007738323882142491
2017-2020,diag,xgboost,2,PI,unweighted,AnyHealthcare,0.001578444289441794,0.0016713823258141514
2017-2020,diag,xgboost,2,PI,unweighted,GenHlth,0.024475215353305758,0.0037677764616833127
2017-2020,diag,xgboost,2,PI,unweighted,MentHlth,-8.898303868456469e-05,0.0013519589623884997
2017-2020,diag,xgboost,2,PI,unweighted,Sex,0.007766209982748828,0.0019426281386496773
2017-2020,diag,xgboost,2,PI,unweighted,Age,0.14253934629041196,0.006417659910647723
2017-2020,diag,xgboost,2,PI,unweighted,Education,0.005003143110560049,0.001328663716621926
2017-2020,diag,xgboost,2,PI,unweighted,Income,-0.00042324351787261796,0.001156560541380193
2017-2020,diag,xgboost,2,PI,weighted,Diabetes_self,0.008016847242652303,
2017-2020,diag,xgboost,2,PI,weighted,HighChol,0.021932579416439012,
2017-2020,diag,xgboost,2,PI,weighted,BMI,0.041896568642166676,
2017-2020,diag,xgboost,2,PI,weighted,Smoker,0.002927289212286621,
2017-2020,diag,xgboost,2,PI,weighted,Stroke,6.845221875440011e-07,
2017-2020,diag,xgboost,2,PI,weighted,HeartDiseaseorAttack,0.0013122303827139525,
2017-2020,diag,xgboost,2,PI,weighted,PhysActivity_LTPA,0.0007280796465483297,
2017-2020,diag,xgboost,2,PI,weighted,AnyHealthcare,0.0038255056991374882,
2017-2020,diag,xgboost,2,PI,weighted,GenHlth,0.0336773392686463,
2017-2020,diag,xgboost,2,PI,weighted,MentHlth,-0.0014288897020885538,
2017-2020,diag,xgboost,2,PI,weighted,Sex,0.007263047683243462,
2017-2020,diag,xgboost,2,PI,weighted,Age,0.14358010448143174,
2017-2020,diag,xgboost,2,PI,weighted,Education,0.004126667226096592,
2017-2020,diag,xgboost,2,PI,weighted,Income,-0.00437096628445095,
2017-2020,diag,random_forest,2,SHAP,unweighted,Diabetes_self,0.03524431079474113,
2017-2020,diag,random_forest,2,SHAP,unweighted,HighChol,0.07346181054304454,
2017-2020,diag,random_forest,2,SHAP,unweighted,BMI,0.0647368652795799,
2017-2020,diag,random_forest,2,SHAP,unweighted,Smoker,0.014227424690448812,
2017-2020,diag,random_forest,2,SHAP,unweighted,Stroke,0.012349853121968114,
2017-2020,diag,random_forest,2,SHAP,unweighted,HeartDiseaseorAttack,0.013351236052181909,
2017-2020,diag,random_forest,2,SHAP,unweighted,PhysActivity_LTPA,0.01103134335567492,
2017-2020,diag,random_forest,2,SHAP,unweighted,AnyHealthcare,0.012732752623430025,
2017-2020,diag,random_forest,2,SHAP,unweighted,GenHlth,0.051837508827506935,
2017-2020,diag,random_forest,2,SHAP,unweighted,MentHlth,0.010586535663423277,
2017-2020,diag,random_forest,2,SHAP,unweighted,Sex,0.014102036885170692,
2017-2020,diag,random_forest,2,SHAP,unweighted,Age,0.139331341047567,
2017-2020,diag,random_forest,2,SHAP,unweighted,Education,0.01555419785930719,
2017-2020,diag,random_forest,2,SHAP,unweighted,Income,0.014302462164186033,
2017-2020,diag,random_forest,2,SHAP,weighted,Diabetes_self,0.03222826216718691,
2017-2020,diag,random_forest,2,SHAP,weighted,HighChol,0.07174713007879949,
2017-2020,diag,random_forest,2,SHAP,weighted,BMI,0.06388434938388357,
2017-2020,diag,random_forest,2,SHAP,weighted,Smoker,0.014744142189004536,
2017-2020,diag,random_forest,2,SHAP,weighted,Stroke,0.010043044674392331,
2017-2020,diag,random_forest,2,SHAP,weighted,HeartDiseaseorAttack,0.012157544368923912,
2017-2020,diag,random_forest,2,SHAP,weighted,PhysActivity_LTPA,0.011873529635956514,
2017-2020,diag,random_forest,2,SHAP,weighted,AnyHealthcare,0.010941718932683616,
2017-2020,diag,random_forest,2,SHAP,weighted,GenHlth,0.05355179722273515,
2017-2020,diag,random_forest,2,SHAP,weighted,MentHlth,0.01091833239160597,
2017-2020,diag,random_forest,2,SHAP,weighted,Sex,0.014525916779420077,
2017-2020,diag,random_forest,2,SHAP,weighted,Age,0.145027513543306,
2017-2020,diag,random_forest,2,SHAP,weighted,Education,0.013484789482621953,
2017-2020,diag,random_forest,2,SHAP,weighted,Income,0.01479502966792026,
2017-2020,diag,random_forest,2,PI,unweighted,Diabetes_self,0.007115916195200167,0.0023162307159490924
2017-2020,diag,random_forest,2,PI,unweighted,HighChol,0.027450406308036447,0.004214032763723978
2017-2020,diag,random_forest,2,PI,unweighted,BMI,0.024739868132877606,0.005551531132143378
2017-2020,diag,random_forest,2,PI,unweighted,Smoker,0.005795809760004223,0.0025663936884540526
2017-2020,diag,random_forest,2,PI,unweighted,Stroke,0.0002137028138733954,0.0015078429600605375
2017-2020,diag,random_forest,2,PI,unweighted,HeartDiseaseorAttack,0.0038602851475827648,0.001697575098698007
2017-2020,diag,random_forest,2,PI,unweighted,PhysActivity_LTPA,0.00040372465777419595,0.0031892889937559336
2017-2020,diag,random_forest,2,PI,unweighted,AnyHealthcare,0.004722128933552727,0.0016570048101306528
2017-2020,diag,random_forest,2,PI,unweighted,GenHlth,0.022041242203220103,0.003245811866299199
2017-2020,diag,random_forest,2,PI,unweighted,MentHlth,-0.00023752730487592856,0.002543920785373496
2017-2020,diag,random_forest,2,PI,unweighted,Sex,0.0067074553434315455,0.003580355095428536
2017-2020,diag,random_forest,2,PI,unweighted,Age,0.12597156561350945,0.007894674907466894
2017-2020,diag,random_forest,2,PI,unweighted,Education,0.0016219311615731757,0.0021720475213952367
2017-2020,diag,random_forest,2,PI,unweighted,Income,0.0019946552768377868,0.002496699677963151
2017-2020,diag,random_forest,2,PI,weighted,Diabetes_self,0.006834636540248529,
2017-2020,diag,random_forest,2,PI,weighted,HighChol,0.02544799284346344,
2017-2020,diag,random_forest,2,PI,weighted,BMI,0.03487403754549423,
2017-2020,diag,random_forest,2,PI,weighted,Smoker,0.008158199285884427,
2017-2020,diag,random_forest,2,PI,weighted,Stroke,0.0007384267504539132,
2017-2020,diag,random_forest,2,PI,weighted,HeartDiseaseorAttack,0.001890521040506732,
2017-2020,diag,random_forest,2,PI,weighted,PhysActivity_LTPA,0.0033623755005377843,
2017-2020,diag,random_forest,2,PI,weighted,AnyHealthcare,0.006540904487428345,
2017-2020,diag,random_forest,2,PI,weighted,GenHlth,0.03594443466568664,
2017-2020,diag,random_forest,2,PI,weighted,MentHlth,-0.0007244103576439787,
2017-2020,diag,random_forest,2,PI,weighted,Sex,3.563944579167977e-05,
2017-2020,diag,random_forest,2,PI,weighted,Age,0.13413058961777763,
2017-2020,diag,random_forest,2,PI,weighted,Education,0.0005841939751865755,
2017-2020,diag,random_forest,2,PI,weighted,Income,0.004697341490430917,
2017-2020,diag,logistic_regression,2,SHAP,unweighted,Diabetes_self,0.11766512335520295,
2017-2020,diag,logistic_regression,2,SHAP,unweighted,HighChol,0.3184963400669265,
2017-2020,diag,logistic_regression,2,SHAP,unweighted,BMI,0.31309457663022466,
2017-2020,diag,logistic_regression,2,SHAP,unweighted,Smoker,0.03091288749456685,
2017-2020,diag,logistic_regression,2,SHAP,unweighted,Stroke,0.06033826984796869,
2017-2020,diag,logistic_regression,2,SHAP,unweighted,HeartDiseaseorAttack,0.032941554670210725,
2017-2020,diag,logistic_regression,2,SHAP,unweighted,PhysActivity_LTPA,0.0020274442903959345,
2017-2020,diag,logistic_regression,2,SHAP,unweighted,AnyHealthcare,0.053462520220085845,
2017-2020,diag,logistic_regression,2,SHAP,unweighted,GenHlth,0.283032688885606,
2017-2020,diag,logistic_regression,2,SHAP,unweighted,MentHlth,0.057176203756744114,
2017-2020,diag,logistic_regression,2,SHAP,unweighted,Sex,0.055204225619252464,
2017-2020,diag,logistic_regression,2,SHAP,unweighted,Age,0.7241897893220373,
2017-2020,diag,logistic_regression,2,SHAP,unweighted,Education,0.0847370412677811,
2017-2020,diag,logistic_regression,2,SHAP,unweighted,Income,0.012727796560440626,
2017-2020,diag,logistic_regression,2,SHAP,weighted,Diabetes_self,0.10594126092383149,
2017-2020,diag,logistic_regression,2,SHAP,weighted,HighChol,0.31174717388106804,
2017-2020,diag,logistic_regression,2,SHAP,weighted,BMI,0.30877116370387947,
2017-2020,diag,logistic_regression,2,SHAP,weighted,Smoker,0.0313350422796996,
2017-2020,diag,logistic_regression,2,SHAP,weighted,Stroke,0.04542187455913938,
2017-2020,diag,logistic_regression,2,SHAP,weighted,HeartDiseaseorAttack,0.028519787876708256,
2017-2020,diag,logistic_regression,2,SHAP,weighted,PhysActivity_LTPA,0.002041819327997227,
2017-2020,diag,logistic_regression,2,SHAP,weighted,AnyHealthcare,0.05086908469245967,
2017-2020,diag,logistic_regression,2,SHAP,weighted,GenHlth,0.2773454245201068,
2017-2020,diag,logistic_regression,2,SHAP,weighted,MentHlth,0.05526789242031371,
2017-2020,diag,logistic_regression,2,SHAP,weighted,Sex,0.05530720516750686,
2017-2020,diag,logistic_regression,2,SHAP,weighted,Age,0.7249582461982222,
2017-2020,diag,logistic_regression,2,SHAP,weighted,Education,0.08003294798358654,
2017-2020,diag,logistic_regression,2,SHAP,weighted,Income,0.013505904553220576,
2017-2020,diag,logistic_regression,2,PI,unweighted,Diabetes_self,0.00632468475605723,0.0017950428094668453
2017-2020,diag,logistic_regression,2,PI,unweighted,HighChol,0.023970308369285275,0.003498549316098934
2017-2020,diag,logistic_regression,2,PI,unweighted,BMI,0.027133224831434443,0.0032300808861729343
2017-2020,diag,logistic_regression,2,PI,unweighted,Smoker,7.864952451472896e-05,0.0005684189490283708
2017-2020,diag,logistic_regression,2,PI,unweighted,Stroke,0.0034935889155837006,0.002039456946914216
2017-2020,diag,logistic_regression,2,PI,unweighted,HeartDiseaseorAttack,0.0013978948335298669,0.0006222182078641541
2017-2020,diag,logistic_regression,2,PI,unweighted,PhysActivity_LTPA,-4.965827642730014e-05,4.585581138048128e-05
2017-2020,diag,logistic_regression,2,PI,unweighted,AnyHealthcare,0.00035736736503988453,0.0006035863902915672
2017-2020,diag,logistic_regression,2,PI,unweighted,GenHlth,0.021716454112020965,0.0036951543740512765
2017-2020,diag,logistic_regression,2,PI,unweighted,MentHlth,0.0008990157327752102,0.0007258541726390649
2017-2020,diag,logistic_regression,2,PI,unweighted,Sex,0.00014811370310082727,0.0006265217543276821
2017-2020,diag,logistic_regression,2,PI,unweighted,Age,0.12494108461712886,0.009696962726368158
2017-2020,diag,logistic_regression,2,PI,unweighted,Education,0.0006263257755157569,0.001047726168550135
2017-2020,diag,logistic_regression,2,PI,unweighted,Income,-0.00025776377012528553,0.00016182554629187316
2017-2020,diag,logistic_regression,2,PI,weighted,Diabetes_self,0.004647018688013926,
2017-2020,diag,logistic_regression,2,PI,weighted,HighChol,0.026566711143395993,
2017-2020,diag,logistic_regression,2,PI,weighted,BMI,0.03332725705892705,
2017-2020,diag,logistic_regression,2,PI,weighted,Smoker,0.0005933308679177296,
2017-2020,diag,logistic_regression,2,PI,weighted,Stroke,0.003035372311011564,
2017-2020,diag,logistic_regression,2,PI,weighted,HeartDiseaseorAttack,0.001994484334486013,
2017-2020,diag,logistic_regression,2,PI,weighted,PhysActivity_LTPA,1.2770302885611873e-05,
2017-2020,diag,logistic_regression,2,PI,weighted,AnyHealthcare,0.001419830876759709,
2017-2020,diag,logistic_regression,2,PI,weighted,GenHlth,0.030308695692151465,
2017-2020,diag,logistic_regression,2,PI,weighted,MentHlth,0.0019329451343655269,
2017-2020,diag,logistic_regression,2,PI,weighted,Sex,0.0016896356319522354,
2017-2020,diag,logistic_regression,2,PI,weighted,Age,0.1338140252896413,
2017-2020,diag,logistic_regression,2,PI,weighted,Education,-0.001164126816541078,
2017-2020,diag,logistic_regression,2,PI,weighted,Income,-0.00046727273358662116,
2017-2020,measured,xgboost,2,SHAP,unweighted,Diabetes_self,0.0374813936650753,
2017-2020,measured,xgboost,2,SHAP,unweighted,HighChol,0.06743288040161133,
2017-2020,measured,xgboost,2,SHAP,unweighted,BMI,0.36032912135124207,
2017-2020,measured,xgboost,2,SHAP,unweighted,Smoker,0.07131995260715485,
2017-2020,measured,xgboost,2,SHAP,unweighted,Stroke,0.053114909678697586,
2017-2020,measured,xgboost,2,SHAP,unweighted,HeartDiseaseorAttack,0.026407238095998764,
2017-2020,measured,xgboost,2,SHAP,unweighted,PhysActivity_LTPA,0.08135621249675751,
2017-2020,measured,xgboost,2,SHAP,unweighted,AnyHealthcare,0.05771492421627045,
2017-2020,measured,xgboost,2,SHAP,unweighted,GenHlth,0.1533648669719696,
2017-2020,measured,xgboost,2,SHAP,unweighted,MentHlth,0.052406445145606995,
2017-2020,measured,xgboost,2,SHAP,unweighted,Sex,0.12007137387990952,
2017-2020,measured,xgboost,2,SHAP,unweighted,Age,0.8924354910850525,
2017-2020,measured,xgboost,2,SHAP,unweighted,Education,0.1092807948589325,
2017-2020,measured,xgboost,2,SHAP,unweighted,Income,0.09867304563522339,
2017-2020,measured,xgboost,2,SHAP,weighted,Diabetes_self,0.03516857360783667,
2017-2020,measured,xgboost,2,SHAP,weighted,HighChol,0.0689323310738544,
2017-2020,measured,xgboost,2,SHAP,weighted,BMI,0.3721745975270734,
2017-2020,measured,xgboost,2,SHAP,weighted,Smoker,0.07108399977388431,
2017-2020,measured,xgboost,2,SHAP,weighted,Stroke,0.04318902266664527,
2017-2020,measured,xgboost,2,SHAP,weighted,HeartDiseaseorAttack,0.022628769144275446,
2017-2020,measured,xgboost,2,SHAP,weighted,PhysActivity_LTPA,0.08746347678898224,
2017-2020,measured,xgboost,2,SHAP,weighted,AnyHealthcare,0.052491149574018625,
2017-2020,measured,xgboost,2,SHAP,weighted,GenHlth,0.1614836156486427,
2017-2020,measured,xgboost,2,SHAP,weighted,MentHlth,0.05179409940599596,
2017-2020,measured,xgboost,2,SHAP,weighted,Sex,0.1258244002068427,
2017-2020,measured,xgboost,2,SHAP,weighted,Age,0.9633699337730625,
2017-2020,measured,xgboost,2,SHAP,weighted,Education,0.10706289674115978,
2017-2020,measured,xgboost,2,SHAP,weighted,Income,0.0975305674975881,
2017-2020,measured,xgboost,2,PI,unweighted,Diabetes_self,-0.004610167889507177,0.0022594640810211005
2017-2020,measured,xgboost,2,PI,unweighted,HighChol,0.0017419077887656064,0.004642881459273417
2017-2020,measured,xgboost,2,PI,unweighted,BMI,0.011661684723748322,0.007605336199965609
2017-2020,measured,xgboost,2,PI,unweighted,Smoker,-0.0016631418928232723,0.003730709078322869
2017-2020,measured,xgboost,2,PI,unweighted,Stroke,0.0023562817771161093,0.0017368300224293164
2017-2020,measured,xgboost,2,PI,unweighted,HeartDiseaseorAttack,-0.0020380675575089715,0.0019913019010960363
2017-2020,measured,xgboost,2,PI,unweighted,PhysActivity_LTPA,-0.006288669132039215,0.0036139248000668597
2017-2020,measured,xgboost,2,PI,unweighted,AnyHealthcare,0.0015528696385039397,0.002433446860299546
2017-2020,measured,xgboost,2,PI,unweighted,GenHlth,0.007810820071125613,0.0042116154942771055
2017-2020,measured,xgboost,2,PI,unweighted,MentHlth,0.0011369857079281843,0.0023485786166729133
2017-2020,measured,xgboost,2,PI,unweighted,Sex,0.007917941689607211,0.004935411974401588
2017-2020,measured,xgboost,2,PI,unweighted,Age,0.15216153309939862,0.018267715290329712
2017-2020,measured,xgboost,2,PI,unweighted,Education,0.002809185678784776,0.003413074987879779
2017-2020,measured,xgboost,2,PI,unweighted,Income,0.003684668612184272,0.003972167021861486
2017-2020,measured,xgboost,2,PI,weighted,Diabetes_self,-0.00720019831260652,
2017-2020,measured,xgboost,2,PI,weighted,HighChol,0.005961306953346323,
2017-2020,measured,xgboost,2,PI,weighted,BMI,0.0036806440352487035,
2017-2020,measured,xgboost,2,PI,weighted,Smoker,0.0005043210026534406,
2017-2020,measured,xgboost,2,PI,weighted,Stroke,0.0021597503939053907,
2017-2020,measured,xgboost,2,PI,weighted,HeartDiseaseorAttack,-0.0005972382127007014,
2017-2020,measured,xgboost,2,PI,weighted,PhysActivity_LTPA,-0.010853636063937477,
2017-2020,measured,xgboost,2,PI,weighted,AnyHealthcare,-0.0008543474869905476,
2017-2020,measured,xgboost,2,PI,weighted,GenHlth,0.018968058963429058,
2017-2020,measured,xgboost,2,PI,weighted,MentHlth,-0.0011118491730275459,
2017-2020,measured,xgboost,2,PI,weighted,Sex,0.010446171187834474,
2017-2020,measured,xgboost,2,PI,weighted,Age,0.1616707039559418,
2017-2020,measured,xgboost,2,PI,weighted,Education,0.005263223307285581,
2017-2020,measured,xgboost,2,PI,weighted,Income,0.004618378849037564,
2017-2020,measured,random_forest,2,SHAP,unweighted,Diabetes_self,0.012079714435810952,
2017-2020,measured,random_forest,2,SHAP,unweighted,HighChol,0.01893462614534834,
2017-2020,measured,random_forest,2,SHAP,unweighted,BMI,0.06762052028941046,
2017-2020,measured,random_forest,2,SHAP,unweighted,Smoker,0.014794342153743555,
2017-2020,measured,random_forest,2,SHAP,unweighted,Stroke,0.010894550171063864,
2017-2020,measured,random_forest,2,SHAP,unweighted,HeartDiseaseorAttack,0.003991762474061797,
2017-2020,measured,random_forest,2,SHAP,unweighted,PhysActivity_LTPA,0.016419144070928666,
2017-2020,measured,random_forest,2,SHAP,unweighted,AnyHealthcare,0.007927010340213975,
2017-2020,measured,random_forest,2,SHAP,unweighted,GenHlth,0.027356843025266742,
2017-2020,measured,random_forest,2,SHAP,unweighted,MentHlth,0.01310847177751603,
2017-2020,measured,random_forest,2,SHAP,unweighted,Sex,0.01639038998058053,
2017-2020,measured,random_forest,2,SHAP,unweighted,Age,0.125277818799118,
2017-2020,measured,random_forest,2,SHAP,unweighted,Education,0.02323760838785821,
2017-2020,measured,random_forest,2,SHAP,unweighted,Income,0.02573124765034326,
2017-2020,measured,random_forest,2,SHAP,weighted,Diabetes_self,0.01201196534966359,
2017-2020,measured,random_forest,2,SHAP,weighted,HighChol,0.01984026055876964,
2017-2020,measured,random_forest,2,SHAP,weighted,BMI,0.0669710329691504,
2017-2020,measured,random_forest,2,SHAP,weighted,Smoker,0.014431149475056077,
2017-2020,measured,random_forest,2,SHAP,weighted,Stroke,0.009424130260661521,
2017-2020,measured,random_forest,2,SHAP,weighted,HeartDiseaseorAttack,0.003333036704427443,
2017-2020,measured,random_forest,2,SHAP,weighted,PhysActivity_LTPA,0.017393716950993555,
2017-2020,measured,random_forest,2,SHAP,weighted,AnyHealthcare,0.0074190609896372444,
2017-2020,measured,random_forest,2,SHAP,weighted,GenHlth,0.029546030631510387,
2017-2020,measured,random_forest,2,SHAP,weighted,MentHlth,0.012444050312307763,
2017-2020,measured,random_forest,2,SHAP,weighted,Sex,0.015559894777036436,
2017-2020,measured,random_forest,2,SHAP,weighted,Age,0.13534726070614825,
2017-2020,measured,random_forest,2,SHAP,weighted,Education,0.023248124535132114,
2017-2020,measured,random_forest,2,SHAP,weighted,Income,0.027900349492381557,
2017-2020,measured,random_forest,2,PI,unweighted,Diabetes_self,-0.0020555929693560015,0.0029346432266366203
2017-2020,measured,random_forest,2,PI,unweighted,HighChol,0.008945836631655324,0.006135924845257174
2017-2020,measured,random_forest,2,PI,unweighted,BMI,0.007897265641922469,0.006572949670733993
2017-2020,measured,random_forest,2,PI,unweighted,Smoker,-0.005453553720310067,0.0033476732705602606
2017-2020,measured,random_forest,2,PI,unweighted,Stroke,0.005348401249227208,0.003311390825408924
2017-2020,measured,random_forest,2,PI,unweighted,HeartDiseaseorAttack,-0.00011677044073447052,0.0020318796164761157
2017-2020,measured,random_forest,2,PI,unweighted,PhysActivity_LTPA,-0.0056705537636313145,0.006885317541549382
2017-2020,measured,random_forest,2,PI,unweighted,AnyHealthcare,-0.0031908064446255157,0.003835911586118818
2017-2020,measured,random_forest,2,PI,unweighted,GenHlth,0.010893126494090688,0.004601159166305164
2017-2020,measured,random_forest,2,PI,unweighted,MentHlth,-0.00022448280343566606,0.002685271370861096
2017-2020,measured,random_forest,2,PI,unweighted,Sex,0.0011999984246822027,0.004561990309899007
2017-2020,measured,random_forest,2,PI,unweighted,Age,0.13459535990107016,0.01575454309506801
2017-2020,measured,random_forest,2,PI,unweighted,Education,-0.007909080526313594,0.005353183991777884
2017-2020,measured,random_forest,2,PI,unweighted,Income,0.0075339579468882475,0.006627333066671641
2017-2020,measured,random_forest,2,PI,weighted,Diabetes_self,-0.0020959794024359548,
2017-2020,measured,random_forest,2,PI,weighted,HighChol,0.01974491148538581,
2017-2020,measured,random_forest,2,PI,weighted,BMI,0.0055576520707930396,
2017-2020,measured,random_forest,2,PI,weighted,Smoker,-0.006117731687966421,
2017-2020,measured,random_forest,2,PI,weighted,Stroke,0.0043747996140370725,
2017-2020,measured,random_forest,2,PI,weighted,HeartDiseaseorAttack,0.0026144082485429544,
2017-2020,measured,random_forest,2,PI,weighted,PhysActivity_LTPA,-0.00591203132056769,
2017-2020,measured,random_forest,2,PI,weighted,AnyHealthcare,-0.006406312927583602,
2017-2020,measured,random_forest,2,PI,weighted,GenHlth,0.01977824678805069,
2017-2020,measured,random_forest,2,PI,weighted,MentHlth,-0.003214182378681307,
2017-2020,measured,random_forest,2,PI,weighted,Sex,-0.0022054979622025185,
2017-2020,measured,random_forest,2,PI,weighted,Age,0.13888750732973507,
2017-2020,measured,random_forest,2,PI,weighted,Education,-0.00882564980269942,
2017-2020,measured,random_forest,2,PI,weighted,Income,0.0007227432429559144,
2017-2020,measured,logistic_regression,2,SHAP,unweighted,Diabetes_self,0.025430702892533293,
2017-2020,measured,logistic_regression,2,SHAP,unweighted,HighChol,0.016105745046837212,
2017-2020,measured,logistic_regression,2,SHAP,unweighted,BMI,0.1679064898961187,
2017-2020,measured,logistic_regression,2,SHAP,unweighted,Smoker,0.02164253117788111,
2017-2020,measured,logistic_regression,2,SHAP,unweighted,Stroke,0.037080996560999696,
2017-2020,measured,logistic_regression,2,SHAP,unweighted,HeartDiseaseorAttack,0.03654695823940533,
2017-2020,measured,logistic_regression,2,SHAP,unweighted,PhysActivity_LTPA,0.025895194411748458,
2017-2020,measured,logistic_regression,2,SHAP,unweighted,AnyHealthcare,0.08663824981296003,
2017-2020,measured,logistic_regression,2,SHAP,unweighted,GenHlth,0.15483124710162938,
2017-2020,measured,logistic_regression,2,SHAP,unweighted,MentHlth,0.036366337198743895,
2017-2020,measured,logistic_regression,2,SHAP,unweighted,Sex,0.09951207106163595,
2017-2020,measured,logistic_regression,2,SHAP,unweighted,Age,0.773729878257325,
2017-2020,measured,logistic_regression,2,SHAP,unweighted,Education,0.000800836409046114,
2017-2020,measured,logistic_regression,2,SHAP,unweighted,Income,0.06079794434602149,
2017-2020,measured,logistic_regression,2,SHAP,weighted,Diabetes_self,0.02289685043274349,
2017-2020,measured,logistic_regression,2,SHAP,weighted,HighChol,0.015764452742362513,
2017-2020,measured,logistic_regression,2,SHAP,weighted,BMI,0.16558792821214735,
2017-2020,measured,logistic_regression,2,SHAP,weighted,Smoker,0.021938087460053757,
2017-2020,measured,logistic_regression,2,SHAP,weighted,Stroke,0.027914097944231622,
2017-2020,measured,logistic_regression,2,SHAP,weighted,HeartDiseaseorAttack,0.03164123572678126,
2017-2020,measured,logistic_regression,2,SHAP,weighted,PhysActivity_LTPA,0.02607879718452214,
2017-2020,measured,logistic_regression,2,SHAP,weighted,AnyHealthcare,0.082435479083277,
2017-2020,measured,logistic_regression,2,SHAP,weighted,GenHlth,0.15172006500540552,
2017-2020,measured,logistic_regression,2,SHAP,weighted,MentHlth,0.03515257537160148,
2017-2020,measured,logistic_regression,2,SHAP,weighted,Sex,0.09969770373755668,
2017-2020,measured,logistic_regression,2,SHAP,weighted,Age,0.774550903427833,
2017-2020,measured,logistic_regression,2,SHAP,weighted,Education,0.0007563787655271786,
2017-2020,measured,logistic_regression,2,SHAP,weighted,Income,0.06451479872969659,
2017-2020,measured,logistic_regression,2,PI,unweighted,Diabetes_self,0.00036232312133495094,0.00044450073282475754
2017-2020,measured,logistic_regression,2,PI,unweighted,HighChol,-0.00010436481212363624,0.00048452631377490026
2017-2020,measured,logistic_regression,2,PI,unweighted,BMI,0.0038386559387516674,0.0033981117657756006
2017-2020,measured,logistic_regression,2,PI,unweighted,Smoker,0.000560025520150309,0.0003908439632784834
2017-2020,measured,logistic_regression,2,PI,unweighted,Stroke,0.004330942788391512,0.0013929566089385455
2017-2020,measured,logistic_regression,2,PI,unweighted,HeartDiseaseorAttack,-0.00044384582363522497,0.002163491448451235
2017-2020,measured,logistic_regression,2,PI,unweighted,PhysActivity_LTPA,0.00047062622825571053,0.0006668644933204266
2017-2020,measured,logistic_regression,2,PI,unweighted,AnyHealthcare,-0.0015709857945706118,0.001889168816254591
2017-2020,measured,logistic_regression,2,PI,unweighted,GenHlth,0.0031309443637094424,0.0027483671778807213
2017-2020,measured,logistic_regression,2,PI,unweighted,MentHlth,0.002122740895647024,0.0011285987554837547
2017-2020,measured,logistic_regression,2,PI,unweighted,Sex,0.005039048192913453,0.0018964590649735752
2017-2020,measured,logistic_regression,2,PI,unweighted,Age,0.19162285313704874,0.02258379829067168
2017-2020,measured,logistic_regression,2,PI,unweighted,Education,-5.0016343923409144e-05,3.785887520320547e-05
2017-2020,measured,logistic_regression,2,PI,unweighted,Income,0.0011578586703529404,0.0016726953843000452
2017-2020,measured,logistic_regression,2,PI,weighted,Diabetes_self,-0.0009420764302230488,
2017-2020,measured,logistic_regression,2,PI,weighted,HighChol,-0.0011054560070619778,
2017-2020,measured,logistic_regression,2,PI,weighted,BMI,0.007258790304532836,
2017-2020,measured,logistic_regression,2,PI,weighted,Smoker,0.00010559282410990133,
2017-2020,measured,logistic_regression,2,PI,weighted,Stroke,0.0033516851024544825,
2017-2020,measured,logistic_regression,2,PI,weighted,HeartDiseaseorAttack,-0.0005043355248052994,
2017-2020,measured,logistic_regression,2,PI,weighted,PhysActivity_LTPA,0.0003916023467911645,
2017-2020,measured,logistic_regression,2,PI,weighted,AnyHealthcare,-0.001180450157542734,
2017-2020,measured,logistic_regression,2,PI,weighted,GenHlth,0.010570936653966845,
2017-2020,measured,logistic_regression,2,PI,weighted,MentHlth,0.001179780389532903,
2017-2020,measured,logistic_regression,2,PI,weighted,Sex,0.004675248244935859,
2017-2020,measured,logistic_regression,2,PI,weighted,Age,0.2081675637488886,
2017-2020,measured,logistic_regression,2,PI,weighted,Education,-0.00011594961397914938,
2017-2020,measured,logistic_regression,2,PI,weighted,Income,0.0009552485275676536,
2017-2020,total,xgboost,2,SHAP,unweighted,Diabetes_self,0.1257549375295639,
2017-2020,total,xgboost,2,SHAP,unweighted,HighChol,0.2569734752178192,
2017-2020,total,xgboost,2,SHAP,unweighted,BMI,0.45643582940101624,
2017-2020,total,xgboost,2,SHAP,unweighted,Smoker,0.08661991357803345,
2017-2020,total,xgboost,2,SHAP,unweighted,Stroke,0.06437493860721588,
2017-2020,total,xgboost,2,SHAP,unweighted,HeartDiseaseorAttack,0.0269863810390234,
2017-2020,total,xgboost,2,SHAP,unweighted,PhysActivity_LTPA,0.05217089131474495,
2017-2020,total,xgboost,2,SHAP,unweighted,AnyHealthcare,0.06080049276351929,
2017-2020,total,xgboost,2,SHAP,unweighted,GenHlth,0.3136221766471863,
2017-2020,total,xgboost,2,SHAP,unweighted,MentHlth,0.0630178302526474,
2017-2020,total,xgboost,2,SHAP,unweighted,Sex,0.12377680093050003,
2017-2020,total,xgboost,2,SHAP,unweighted,Age,1.0364357233047485,
2017-2020,total,xgboost,2,SHAP,unweighted,Education,0.10562080889940262,
2017-2020,total,xgboost,2,SHAP,unweighted,Income,0.10507765412330627,
2017-2020,total,xgboost,2,SHAP,weighted,Diabetes_self,0.11225337904524459,
2017-2020,total,xgboost,2,SHAP,weighted,HighChol,0.2524889058248122,
2017-2020,total,xgboost,2,SHAP,weighted,BMI,0.47164422260059985,
2017-2020,total,xgboost,2,SHAP,weighted,Smoker,0.0922361933345231,
2017-2020,total,xgboost,2,SHAP,weighted,Stroke,0.04867067986808821,
2017-2020,total,xgboost,2,SHAP,weighted,HeartDiseaseorAttack,0.021929063503636523,
2017-2020,total,xgboost,2,SHAP,weighted,PhysActivity_LTPA,0.05037585250068144,
2017-2020,total,xgboost,2,SHAP,weighted,AnyHealthcare,0.05689849614335674,
2017-2020,total,xgboost,2,SHAP,weighted,GenHlth,0.319928374918942,
2017-2020,total,xgboost,2,SHAP,weighted,MentHlth,0.06264989937939501,
2017-2020,total,xgboost,2,SHAP,weighted,Sex,0.13847158260527695,
2017-2020,total,xgboost,2,SHAP,weighted,Age,1.0584808969788726,
2017-2020,total,xgboost,2,SHAP,weighted,Education,0.08975657146299545,
2017-2020,total,xgboost,2,SHAP,weighted,Income,0.10223204340146931,
2017-2020,total,xgboost,2,PI,unweighted,Diabetes_self,0.005793688561367261,0.002144137056009571
2017-2020,total,xgboost,2,PI,unweighted,HighChol,0.012776788263606564,0.003499976468049823
2017-2020,total,xgboost,2,PI,unweighted,BMI,0.026590028416429858,0.004693911483751869
2017-2020,total,xgboost,2,PI,unweighted,Smoker,0.002641232375695135,0.0015219715487286992
2017-2020,total,xgboost,2,PI,unweighted,Stroke,0.002969177011244195,0.0009611540650505582
2017-2020,total,xgboost,2,PI,unweighted,HeartDiseaseorAttack,0.0008734313178969,0.0007739822655359424
2017-2020,total,xgboost,2,PI,unweighted,PhysActivity_LTPA,-0.0014648737576309578,0.0010054644568370029
2017-2020,total,xgboost,2,PI,unweighted,AnyHealthcare,0.0035513739139893087,0.00125740432155567
2017-2020,total,xgboost,2,PI,unweighted,GenHlth,0.01517437354688711,0.0041391585403764385
2017-2020,total,xgboost,2,PI,unweighted,MentHlth,-0.0010651402466383074,0.0014631224199902373
2017-2020,total,xgboost,2,PI,unweighted,Sex,0.0068490394158995825,0.002001862296304487
2017-2020,total,xgboost,2,PI,unweighted,Age,0.16845517954017047,0.008223069955688483
2017-2020,total,xgboost,2,PI,unweighted,Education,0.0032360739099104195,0.0016699122566827258
2017-2020,total,xgboost,2,PI,unweighted,Income,0.0043124991502263895,0.002190943964025234
2017-2020,total,xgboost,2,PI,weighted,Diabetes_self,0.006028037793631114,
2017-2020,total,xgboost,2,PI,weighted,HighChol,0.015502308746190985,
2017-2020,total,xgboost,2,PI,weighted,BMI,0.03999546439023675,
2017-2020,total,xgboost,2,PI,weighted,Smoker,0.005263812991131456,
2017-2020,total,xgboost,2,PI,weighted,Stroke,0.0017282981425665422,
2017-2020,total,xgboost,2,PI,weighted,HeartDiseaseorAttack,-0.0001790401461908342,
2017-2020,total,xgboost,2,PI,weighted,PhysActivity_LTPA,-0.002136091192525802,
2017-2020,total,xgboost,2,PI,weighted,AnyHealthcare,0.004592997721026515,
2017-2020,total,xgboost,2,PI,weighted,GenHlth,0.027012612905453627,
2017-2020,total,xgboost,2,PI,weighted,MentHlth,-0.002350607362563395,
2017-2020,total,xgboost,2,PI,weighted,Sex,0.009522999561878197,
2017-2020,total,xgboost,2,PI,weighted,Age,0.1714725791649787,
2017-2020,total,xgboost,2,PI,weighted,Education,0.0033247809366257707,
2017-2020,total,xgboost,2,PI,weighted,Income,0.0024075927251273055,
2017-2020,total,random_forest,2,SHAP,unweighted,Diabetes_self,0.037422447646794914,
2017-2020,total,random_forest,2,SHAP,unweighted,HighChol,0.06252083640313946,
2017-2020,total,random_forest,2,SHAP,unweighted,BMI,0.05624401116604658,
2017-2020,total,random_forest,2,SHAP,unweighted,Smoker,0.017546648253983225,
2017-2020,total,random_forest,2,SHAP,unweighted,Stroke,0.010612872700357474,
2017-2020,total,random_forest,2,SHAP,unweighted,HeartDiseaseorAttack,0.008268152231294281,
2017-2020,total,random_forest,2,SHAP,unweighted,PhysActivity_LTPA,0.011980970397490995,
2017-2020,total,random_forest,2,SHAP,unweighted,AnyHealthcare,0.011536701105609282,
2017-2020,total,random_forest,2,SHAP,unweighted,GenHlth,0.04906777506489419,
2017-2020,total,random_forest,2,SHAP,unweighted,MentHlth,0.008076542108865192,
2017-2020,total,random_forest,2,SHAP,unweighted,Sex,0.015165336238770307,
2017-2020,total,random_forest,2,SHAP,unweighted,Age,0.15613105282633488,
2017-2020,total,random_forest,2,SHAP,unweighted,Education,0.013109897702113973,
2017-2020,total,random_forest,2,SHAP,unweighted,Income,0.011690077173257957,
2017-2020,total,random_forest,2,SHAP,weighted,Diabetes_self,0.034176966192909934,
2017-2020,total,random_forest,2,SHAP,weighted,HighChol,0.06262704753043578,
2017-2020,total,random_forest,2,SHAP,weighted,BMI,0.05722768633524779,
2017-2020,total,random_forest,2,SHAP,weighted,Smoker,0.018880890382478102,
2017-2020,total,random_forest,2,SHAP,weighted,Stroke,0.00851394431659633,
2017-2020,total,random_forest,2,SHAP,weighted,HeartDiseaseorAttack,0.007592990599542363,
2017-2020,total,random_forest,2,SHAP,weighted,PhysActivity_LTPA,0.0129093100764027,
2017-2020,total,random_forest,2,SHAP,weighted,AnyHealthcare,0.010090149490715681,
2017-2020,total,random_forest,2,SHAP,weighted,GenHlth,0.05021162999979493,
2017-2020,total,random_forest,2,SHAP,weighted,MentHlth,0.008053459717911845,
2017-2020,total,random_forest,2,SHAP,weighted,Sex,0.01645551106232542,
2017-2020,total,random_forest,2,SHAP,weighted,Age,0.15917696319502045,
2017-2020,total,random_forest,2,SHAP,weighted,Education,0.012111704021211846,
2017-2020,total,random_forest,2,SHAP,weighted,Income,0.012247661379030416,
2017-2020,total,random_forest,2,PI,unweighted,Diabetes_self,0.007701124420454486,0.002862206869921008
2017-2020,total,random_forest,2,PI,unweighted,HighChol,0.014338468232063062,0.005879645652341808
2017-2020,total,random_forest,2,PI,unweighted,BMI,0.017416688194265128,0.003878118058846108
2017-2020,total,random_forest,2,PI,unweighted,Smoker,0.005273491141959896,0.00241326617189741
2017-2020,total,random_forest,2,PI,unweighted,Stroke,0.0023811336659914197,0.0009133858164258501
2017-2020,total,random_forest,2,PI,unweighted,HeartDiseaseorAttack,0.002210363159254414,0.0010700116281907727
2017-2020,total,random_forest,2,PI,unweighted,PhysActivity_LTPA,-0.0012210907014370443,0.0022887188433677306
2017-2020,total,random_forest,2,PI,unweighted,AnyHealthcare,0.004704618689581242,0.001072944929728351
2017-2020,total,random_forest,2,PI,unweighted,GenHlth,0.015181715590966705,0.0035419784754841276
2017-2020,total,random_forest,2,PI,unweighted,MentHlth,4.242069912582247e-05,0.0017632669445176079
2017-2020,total,random_forest,2,PI,unweighted,Sex,0.007620633863138937,0.002606620930129071
2017-2020,total,random_forest,2,PI,unweighted,Age,0.1525328692436336,0.006804244463421424
2017-2020,total,random_forest,2,PI,unweighted,Education,-0.00017416960121814374,0.00411575082108274
2017-2020,total,random_forest,2,PI,unweighted,Income,0.002626684251315514,0.002546543036033456
2017-2020,total,random_forest,2,PI,weighted,Diabetes_self,0.009089335690356515,
2017-2020,total,random_forest,2,PI,weighted,HighChol,0.019729037572620935,
2017-2020,total,random_forest,2,PI,weighted,BMI,0.03163020544554925,
2017-2020,total,random_forest,2,PI,weighted,Smoker,0.005521932718720457,
2017-2020,total,random_forest,2,PI,weighted,Stroke,0.0012271929883801325,
2017-2020,total,random_forest,2,PI,weighted,HeartDiseaseorAttack,0.001463353100210607,
2017-2020,total,random_forest,2,PI,weighted,PhysActivity_LTPA,-0.0008879760242695989,
2017-2020,total,random_forest,2,PI,weighted,AnyHealthcare,0.0038775853766537137,
2017-2020,total,random_forest,2,PI,weighted,GenHlth,0.029137451949994432,
2017-2020,total,random_forest,2,PI,weighted,MentHlth,0.0008531196344304659,
2017-2020,total,random_forest,2,PI,weighted,Sex,0.005371826157473248,
2017-2020,total,random_forest,2,PI,weighted,Age,0.1624264999702892,
2017-2020,total,random_forest,2,PI,weighted,Education,-0.0005247429940630988,
2017-2020,total,random_forest,2,PI,weighted,Income,0.00429587659263655,
2017-2020,total,logistic_regression,2,SHAP,unweighted,Diabetes_self,0.11985228938551183,
2017-2020,total,logistic_regression,2,SHAP,unweighted,HighChol,0.2457623711568321,
2017-2020,total,logistic_regression,2,SHAP,unweighted,BMI,0.31042713482493356,
2017-2020,total,logistic_regression,2,SHAP,unweighted,Smoker,0.05799260637911809,
2017-2020,total,logistic_regression,2,SHAP,unweighted,Stroke,0.057526259440050825,
2017-2020,total,logistic_regression,2,SHAP,unweighted,HeartDiseaseorAttack,5.017561184882654e-06,
2017-2020,total,logistic_regression,2,SHAP,unweighted,PhysActivity_LTPA,0.0022857714228475897,
2017-2020,total,logistic_regression,2,SHAP,unweighted,AnyHealthcare,0.04044921696703607,
2017-2020,total,logistic_regression,2,SHAP,unweighted,GenHlth,0.277119034115105,
2017-2020,total,logistic_regression,2,SHAP,unweighted,MentHlth,0.025443096031611354,
2017-2020,total,logistic_regression,2,SHAP,unweighted,Sex,0.1210741242233157,
2017-2020,total,logistic_regression,2,SHAP,unweighted,Age,0.8643294413900127,
2017-2020,total,logistic_regression,2,SHAP,unweighted,Education,0.06187617264933985,
2017-2020,total,logistic_regression,2,SHAP,unweighted,Income,0.03754234568819108,
2017-2020,total,logistic_regression,2,SHAP,weighted,Diabetes_self,0.10791050312996507,
2017-2020,total,logistic_regression,2,SHAP,weighted,HighChol,0.24055449000874343,
2017-2020,total,logistic_regression,2,SHAP,weighted,BMI,0.30614055566462123,
2017-2020,total,logistic_regression,2,SHAP,weighted,Smoker,0.05878456915805771,
2017-2020,total,logistic_regression,2,SHAP,weighted,Stroke,0.0433050292414121,
2017-2020,total,logistic_regression,2,SHAP,weighted,HeartDiseaseorAttack,4.344050609750496e-06,
2017-2020,total,logistic_regression,2,SHAP,weighted,PhysActivity_LTPA,0.0023019780581208594,
2017-2020,total,logistic_regression,2,SHAP,weighted,AnyHealthcare,0.03848704915461207,
2017-2020,total,logistic_regression,2,SHAP,weighted,GenHlth,0.27155059884379695,
2017-2020,total,logistic_regression,2,SHAP,weighted,MentHlth,0.02459390798832032,
2017-2020,total,logistic_regression,2,SHAP,weighted,Sex,0.12129997937259036,
2017-2020,total,logistic_regression,2,SHAP,weighted,Age,0.8652466041453004,
2017-2020,total,logistic_regression,2,SHAP,weighted,Education,0.05844117794269611,
2017-2020,total,logistic_regression,2,SHAP,weighted,Income,0.03983747973664623,
2017-2020,total,logistic_regression,2,PI,unweighted,Diabetes_self,0.004026431358686089,0.0017252105509488807
2017-2020,total,logistic_regression,2,PI,unweighted,HighChol,0.011042706223062193,0.0034128255093921834
2017-2020,total,logistic_regression,2,PI,unweighted,BMI,0.02043834722429948,0.0038797397132244752
2017-2020,total,logistic_regression,2,PI,unweighted,Smoker,0.0005775741342506802,0.0009038768966666675
2017-2020,total,logistic_regression,2,PI,unweighted,Stroke,0.004914818692300371,0.001127181682795589
2017-2020,total,logistic_regression,2,PI,unweighted,HeartDiseaseorAttack,1.1102230246251566e-17,1.2160970115157841e-06
2017-2020,total,logistic_regression,2,PI,unweighted,PhysActivity_LTPA,4.350840935973821e-06,3.3727787969841954e-05
2017-2020,total,logistic_regression,2,PI,unweighted,AnyHealthcare,0.0009936232987532213,0.00039482383242082073
2017-2020,total,logistic_regression,2,PI,unweighted,GenHlth,0.017170321826265468,0.0038912814713507357
2017-2020,total,logistic_regression,2,PI,unweighted,MentHlth,5.193816367318194e-05,0.00034288857496875144
2017-2020,total,logistic_regression,2,PI,unweighted,Sex,0.0023788222817441086,0.0012570601339247133
2017-2020,total,logistic_regression,2,PI,unweighted,Age,0.16560524276332783,0.008512735042606712
2017-2020,total,logistic_regression,2,PI,unweighted,Education,9.843777617645211e-05,0.0006400134987544266
2017-2020,total,logistic_regression,2,PI,unweighted,Income,0.00023657697589363202,0.00037866730247555563
2017-2020,total,logistic_regression,2,PI,weighted,Diabetes_self,0.00385343408281581,
2017-2020,total,logistic_regression,2,PI,weighted,HighChol,0.011528666775761198,
2017-2020,total,logistic_regression,2,PI,weighted,BMI,0.0271074235188291,
2017-2020,total,logistic_regression,2,PI,weighted,Smoker,0.00092492065835591,
2017-2020,total,logistic_regression,2,PI,weighted,Stroke,0.0036451758769006416,
2017-2020,total,logistic_regression,2,PI,weighted,HeartDiseaseorAttack,-1.8819244387291434e-07,
2017-2020,total,logistic_regression,2,PI,weighted,PhysActivity_LTPA,1.2923197464231872e-05,
2017-2020,total,logistic_regression,2,PI,weighted,AnyHealthcare,0.0018120147882583093,
2017-2020,total,logistic_regression,2,PI,weighted,GenHlth,0.027088866517854783,
2017-2020,total,logistic_regression,2,PI,weighted,MentHlth,0.0005053927141230429,
2017-2020,total,logistic_regression,2,PI,weighted,Sex,0.004208582300921027,
2017-2020,total,logistic_regression,2,PI,weighted,Age,0.17372636957666235,
2017-2020,total,logistic_regression,2,PI,weighted,Education,-0.0013541960833295176,
2017-2020,total,logistic_regression,2,PI,weighted,Income,-0.00021666311675150318,
2017-2020,diag,xgboost,3,SHAP,unweighted,Diabetes_self,0.14414164423942566,
2017-2020,diag,xgboost,3,SHAP,unweighted,HighChol,0.3701501488685608,
2017-2020,diag,xgboost,3,SHAP,unweighted,BMI,0.4757544696331024,
2017-2020,diag,xgboost,3,SHAP,unweighted,Smoker,0.08831553161144257,
2017-2020,diag,xgboost,3,SHAP,unweighted,Stroke,0.08903918415307999,
2017-2020,diag,xgboost,3,SHAP,unweighted,HeartDiseaseorAttack,0.09357608109712601,
2017-2020,diag,xgboost,3,SHAP,unweighted,PhysActivity_LTPA,0.046018246561288834,
2017-2020,diag,xgboost,3,SHAP,unweighted,AnyHealthcare,0.061869580298662186,
2017-2020,diag,xgboost,3,SHAP,unweighted,GenHlth,0.3495388329029083,
2017-2020,diag,xgboost,3,SHAP,unweighted,MentHlth,0.08890017122030258,
2017-2020,diag,xgboost,3,SHAP,unweighted,Sex,0.10104414820671082,
2017-2020,diag,xgboost,3,SHAP,unweighted,Age,0.9189626574516296,
2017-2020,diag,xgboost,3,SHAP,unweighted,Education,0.14911657571792603,
2017-2020,diag,xgboost,3,SHAP,unweighted,Income,0.1025182381272316,
2017-2020,diag,xgboost,3,SHAP,weighted,Diabetes_self,0.1313860523177566,
2017-2020,diag,xgboost,3,SHAP,weighted,HighChol,0.35632392970443566,
2017-2020,diag,xgboost,3,SHAP,weighted,BMI,0.46961923977998266,
2017-2020,diag,xgboost,3,SHAP,weighted,Smoker,0.0883715973981202,
2017-2020,diag,xgboost,3,SHAP,weighted,Stroke,0.06855680677426544,
2017-2020,diag,xgboost,3,SHAP,weighted,HeartDiseaseorAttack,0.07480637410505608,
2017-2020,diag,xgboost,3,SHAP,weighted,PhysActivity_LTPA,0.04900361501165206,
2017-2020,diag,xgboost,3,SHAP,weighted,AnyHealthcare,0.05022666768745541,
2017-2020,diag,xgboost,3,SHAP,weighted,GenHlth,0.3725378009286252,
2017-2020,diag,xgboost,3,SHAP,weighted,MentHlth,0.08694072805019644,
2017-2020,diag,xgboost,3,SHAP,weighted,Sex,0.10377293900076953,
2017-2020,diag,xgboost,3,SHAP,weighted,Age,0.9533308112765301,
2017-2020,diag,xgboost,3,SHAP,weighted,Education,0.13490298183237748,
2017-2020,diag,xgboost,3,SHAP,weighted,Income,0.09810953920074253,
2017-2020,diag,xgboost,3,PI,unweighted,Diabetes_self,0.004929947385190281,0.0013974894088718437
2017-2020,diag,xgboost,3,PI,unweighted,HighChol,0.020771798691662225,0.0038098519133886763
2017-2020,diag,xgboost,3,PI,unweighted,BMI,0.02658152999158956,0.007767810897319607
2017-2020,diag,xgboost,3,PI,unweighted,Smoker,-0.00038664565518794494,0.002240708881101576
2017-2020,diag,xgboost,3,PI,unweighted,Stroke,-0.0014791277365873267,0.0016206406161991295
2017-2020,diag,xgboost,3,PI,unweighted,HeartDiseaseorAttack,-0.00018456804475569522,0.0026339634014791473
2017-2020,diag,xgboost,3,PI,unweighted,PhysActivity_LTPA,-0.0010454071835146795,0.0006960693613934417
2017-2020,diag,xgboost,3,PI,unweighted,AnyHealthcare,0.0016487695942085435,0.0011655266422160029
2017-2020,diag,xgboost,3,PI,unweighted,GenHlth,0.02066760242378305,0.005968698489075863
2017-2020,diag,xgboost,3,PI,unweighted,MentHlth,-0.0006438353411926223,0.002155068146837537
2017-2020,diag,xgboost,3,PI,unweighted,Sex,0.0065215956094046065,0.0018923414093818282
2017-2020,diag,xgboost,3,PI,unweighted,Age,0.12106257229871882,0.008384495087133872
2017-2020,diag,xgboost,3,PI,unweighted,Education,0.00617542288471522,0.002697145076792719
2017-2020,diag,xgboost,3,PI,unweighted,Income,7.951065069555785e-05,0.0019103200327493465
2017-2020,diag,xgboost,3,PI,weighted,Diabetes_self,0.0012563473801475045,
2017-2020,diag,xgboost,3,PI,weighted,HighChol,0.016303643370620548,
2017-2020,diag,xgboost,3,PI,weighted,BMI,0.02446828794688253,
2017-2020,diag,xgboost,3,PI,weighted,Smoker,-0.005357390345034174,
2017-2020,diag,xgboost,3,PI,weighted,Stroke,-0.0006620390626619454,
2017-2020,diag,xgboost,3,PI,weighted,HeartDiseaseorAttack,-0.0004439185786908051,
2017-2020,diag,xgboost,3,PI,weighted,PhysActivity_LTPA,-0.0016628197333108607,
2017-2020,diag,xgboost,3,PI,weighted,AnyHealthcare,0.0014295590317221275,
2017-2020,diag,xgboost,3,PI,weighted,GenHlth,0.021930243121795045,
2017-2020,diag,xgboost,3,PI,weighted,MentHlth,-0.0023839978062013987,
2017-2020,diag,xgboost,3,PI,weighted,Sex,0.007191973009902331,
2017-2020,diag,xgboost,3,PI,weighted,Age,0.12069110564875407,
2017-2020,diag,xgboost,3,PI,weighted,Education,0.0016910991887942538,
2017-2020,diag,xgboost,3,PI,weighted,Income,-0.0028084083517309288,
2017-2020,diag,random_forest,3,SHAP,unweighted,Diabetes_self,0.03658865165914646,
2017-2020,diag,random_forest,3,SHAP,unweighted,HighChol,0.08208748461912609,
2017-2020,diag,random_forest,3,SHAP,unweighted,BMI,0.06525896782384967,
2017-2020,diag,random_forest,3,SHAP,unweighted,Smoker,0.014132704004626061,
2017-2020,diag,random_forest,3,SHAP,unweighted,Stroke,0.013790468168261238,
2017-2020,diag,random_forest,3,SHAP,unweighted,HeartDiseaseorAttack,0.017448890599496104,
2017-2020,diag,random_forest,3,SHAP,unweighted,PhysActivity_LTPA,0.011303539524189693,
2017-2020,diag,random_forest,3,SHAP,unweighted,AnyHealthcare,0.012465932302756843,
2017-2020,diag,random_forest,3,SHAP,unweighted,GenHlth,0.05025275703773188,
2017-2020,diag,random_forest,3,SHAP,unweighted,MentHlth,0.011801028115237642,
2017-2020,diag,random_forest,3,SHAP,unweighted,Sex,0.013465412145628576,
2017-2020,diag,random_forest,3,SHAP,unweighted,Age,0.13113463485931687,
2017-2020,diag,random_forest,3,SHAP,unweighted,Education,0.016058785245395665,
2017-2020,diag,random_forest,3,SHAP,unweighted,Income,0.013888605643406675,
2017-2020,diag,random_forest,3,SHAP,weighted,Diabetes_self,0.033917050959068426,
2017-2020,diag,random_forest,3,SHAP,weighted,HighChol,0.07989559671744247,
2017-2020,diag,random_forest,3,SHAP,weighted,BMI,0.06638739216877455,
2017-2020,diag,random_forest,3,SHAP,weighted,Smoker,0.014244178245700713,
2017-2020,diag,random_forest,3,SHAP,weighted,Stroke,0.011274478654884405,
2017-2020,diag,random_forest,3,SHAP,weighted,HeartDiseaseorAttack,0.014829623551501107,
2017-2020,diag,random_forest,3,SHAP,weighted,PhysActivity_LTPA,0.011321757171389892,
2017-2020,diag,random_forest,3,SHAP,weighted,AnyHealthcare,0.009326744814227832,
2017-2020,diag,random_forest,3,SHAP,weighted,GenHlth,0.052319241776377326,
2017-2020,diag,random_forest,3,SHAP,weighted,MentHlth,0.011662285262772779,
2017-2020,diag,random_forest,3,SHAP,weighted,Sex,0.012763664503734846,
2017-2020,diag,random_forest,3,SHAP,weighted,Age,0.13661503689824225,
2017-2020,diag,random_forest,3,SHAP,weighted,Education,0.014517456801632174,
2017-2020,diag,random_forest,3,SHAP,weighted,Income,0.013914933871743296,
2017-2020,diag,random_forest,3,PI,unweighted,Diabetes_self,0.005232202674657849,0.002131731267660704
2017-2020,diag,random_forest,3,PI,unweighted,HighChol,0.02703749630433343,0.003878036076472505
2017-2020,diag,random_forest,3,PI,unweighted,BMI,0.02123321880355129,0.0059292489109992585
2017-2020,diag,random_forest,3,PI,unweighted,Smoker,-0.0002683843263553198,0.002616807886936792
2017-2020,diag,random_forest,3,PI,unweighted,Stroke,-0.0001574425700597848,0.0016749109658588954
2017-2020,diag,random_forest,3,PI,unweighted,HeartDiseaseorAttack,0.001676038589934581,0.003549320562968908
2017-2020,diag,random_forest,3,PI,unweighted,PhysActivity_LTPA,-0.0005196896501244219,0.0012654571522727985
2017-2020,diag,random_forest,3,PI,unweighted,AnyHealthcare,0.0013536903562478386,0.0019839580998281922
2017-2020,diag,random_forest,3,PI,unweighted,GenHlth,0.021779172802190695,0.006982799682740492
2017-2020,diag,random_forest,3,PI,unweighted,MentHlth,0.00038650213415770686,0.0018675278346160463
2017-2020,diag,random_forest,3,PI,unweighted,Sex,0.009226249422327826,0.0022151396078762733
2017-2020,diag,random_forest,3,PI,unweighted,Age,0.11564278763767252,0.00575733810978489
2017-2020,diag,random_forest,3,PI,unweighted,Education,0.001958344456213168,0.0034497610126536004
2017-2020,diag,random_forest,3,PI,unweighted,Income,0.003916258349335922,0.00337024950386243
2017-2020,diag,random_forest,3,PI,weighted,Diabetes_self,0.005325182276331187,
2017-2020,diag,random_forest,3,PI,weighted,HighChol,0.028358858570148138,
2017-2020,diag,random_forest,3,PI,weighted,BMI,0.02669448977071155,
2017-2020,diag,random_forest,3,PI,weighted,Smoker,-0.0026972326598371566,
2017-2020,diag,random_forest,3,PI,weighted,Stroke,0.0006333613828262474,
2017-2020,diag,random_forest,3,PI,weighted,HeartDiseaseorAttack,0.002525363659997626,
2017-2020,diag,random_forest,3,PI,weighted,PhysActivity_LTPA,-0.00023774644601002315,
2017-2020,diag,random_forest,3,PI,weighted,AnyHealthcare,0.0009448893762808331,
2017-2020,diag,random_forest,3,PI,weighted,GenHlth,0.021687837344067838,
2017-2020,diag,random_forest,3,PI,weighted,MentHlth,-0.0006442824834341776,
2017-2020,diag,random_forest,3,PI,weighted,Sex,0.011627646023844761,
2017-2020,diag,random_forest,3,PI,weighted,Age,0.11828534927774792,
2017-2020,diag,random_forest,3,PI,weighted,Education,-0.001181726985674425,
2017-2020,diag,random_forest,3,PI,weighted,Income,0.010260188010542414,
2017-2020,diag,logistic_regression,3,SHAP,unweighted,Diabetes_self,0.13872996661436196,
2017-2020,diag,logistic_regression,3,SHAP,unweighted,HighChol,0.3628354750368726,
2017-2020,diag,logistic_regression,3,SHAP,unweighted,BMI,0.3267882857145568,
2017-2020,diag,logistic_regression,3,SHAP,unweighted,Smoker,0.03890953853806372,
2017-2020,diag,logistic_regression,3,SHAP,unweighted,Stroke,0.08373385801595482,
2017-2020,diag,logistic_regression,3,SHAP,unweighted,HeartDiseaseorAttack,0.09824029169434326,
2017-2020,diag,logistic_regression,3,SHAP,unweighted,PhysActivity_LTPA,0.006520478975524418,
2017-2020,diag,logistic_regression,3,SHAP,unweighted,AnyHealthcare,0.04650993256758044,
2017-2020,diag,logistic_regression,3,SHAP,unweighted,GenHlth,0.3128276194717796,
2017-2020,diag,logistic_regression,3,SHAP,unweighted,MentHlth,0.06952872796292467,
2017-2020,diag,logistic_regression,3,SHAP,unweighted,Sex,0.04718128856073319,
2017-2020,diag,logistic_regression,3,SHAP,unweighted,Age,0.7270260955853848,
2017-2020,diag,logistic_regression,3,SHAP,unweighted,Education,0.09821605811643147,
2017-2020,diag,logistic_regression,3,SHAP,unweighted,Income,0.016779836225421632,
2017-2020,diag,logistic_regression,3,SHAP,weighted,Diabetes_self,0.1280906297910379,
2017-2020,diag,logistic_regression,3,SHAP,weighted,HighChol,0.36293294316153235,
2017-2020,diag,logistic_regression,3,SHAP,weighted,BMI,0.32045923733291554,
2017-2020,diag,logistic_regression,3,SHAP,weighted,Smoker,0.038802400364777445,
2017-2020,diag,logistic_regression,3,SHAP,weighted,Stroke,0.06835075427831942,
2017-2020,diag,logistic_regression,3,SHAP,weighted,HeartDiseaseorAttack,0.08989280739600894,
2017-2020,diag,logistic_regression,3,SHAP,weighted,PhysActivity_LTPA,0.006675454023981487,
2017-2020,diag,logistic_regression,3,SHAP,weighted,AnyHealthcare,0.041397367653770493,
2017-2020,diag,logistic_regression,3,SHAP,weighted,GenHlth,0.30769234459813144,
2017-2020,diag,logistic_regression,3,SHAP,weighted,MentHlth,0.06671845298032475,
2017-2020,diag,logistic_regression,3,SHAP,weighted,Sex,0.04713729898112386,
2017-2020,diag,logistic_regression,3,SHAP,weighted,Age,0.7397086667904479,
2017-2020,diag,logistic_regression,3,SHAP,weighted,Education,0.09468574621729586,
2017-2020,diag,logistic_regression,3,SHAP,weighted,Income,0.017432113701761676,
2017-2020,diag,logistic_regression,3,PI,unweighted,Diabetes_self,0.004449726018353528,0.0019643430572794936
2017-2020,diag,logistic_regression,3,PI,unweighted,HighChol,0.020641194554238084,0.003051449626133271
2017-2020,diag,logistic_regression,3,PI,unweighted,BMI,0.022630683073990875,0.004426762327812762
2017-2020,diag,logistic_regression,3,PI,unweighted,Smoker,0.00014036356747358923,0.0006080123402967642
2017-2020,diag,logistic_regression,3,PI,unweighted,Stroke,0.00033957075730309814,0.0014823386990560994
2017-2020,diag,logistic_regression,3,PI,unweighted,HeartDiseaseorAttack,-0.0004764898200532608,0.0021658262163223325
2017-2020,diag,logistic_regression,3,PI,unweighted,PhysActivity_LTPA,-1.5213229194466216e-05,9.041642647836716e-05
2017-2020,diag,logistic_regression,3,PI,unweighted,AnyHealthcare,0.0004965827642725018,0.00045966001734853046
2017-2020,diag,logistic_regression,3,PI,unweighted,GenHlth,0.01711287354936123,0.003692894622110643
2017-2020,diag,logistic_regression,3,PI,unweighted,MentHlth,-0.00022130942847048418,0.0010375658891706547
2017-2020,diag,logistic_regression,3,PI,unweighted,Sex,0.0005011754372368892,0.0005665576240709715
2017-2020,diag,logistic_regression,3,PI,unweighted,Age,0.11756094620544748,0.0066508427076434505
2017-2020,diag,logistic_regression,3,PI,unweighted,Education,0.00047046193678763616,0.0011872716474099472
2017-2020,diag,logistic_regression,3,PI,unweighted,Income,-0.00024054124650881858,0.00021194436235879422
2017-2020,diag,logistic_regression,3,PI,weighted,Diabetes_self,0.0038955707751082034,
2017-2020,diag,logistic_regression,3,PI,weighted,HighChol,0.020990647082536375,
2017-2020,diag,logistic_regression,3,PI,weighted,BMI,0.026948030963012237,
2017-2020,diag,logistic_regression,3,PI,weighted,Smoker,0.00021876783265941668,
2017-2020,diag,logistic_regression,3,PI,weighted,Stroke,0.001547347413311917,
2017-2020,diag,logistic_regression,3,PI,weighted,HeartDiseaseorAttack,-0.00019630596113417997,
2017-2020,diag,logistic_regression,3,PI,weighted,PhysActivity_LTPA,0.00016546845705422975,
2017-2020,diag,logistic_regression,3,PI,weighted,AnyHealthcare,0.0005465991802019787,
2017-2020,diag,logistic_regression,3,PI,weighted,GenHlth,0.019515589628969543,
2017-2020,diag,logistic_regression,3,PI,weighted,MentHlth,0.00022965890741164508,
2017-2020,diag,logistic_regression,3,PI,weighted,Sex,0.00029116104681893297,
2017-2020,diag,logistic_regression,3,PI,weighted,Age,0.11757154210897477,
2017-2020,diag,logistic_regression,3,PI,weighted,Education,0.00010134074496315204,
2017-2020,diag,logistic_regression,3,PI,weighted,Income,0.0001224110366559783,
2017-2020,measured,xgboost,3,SHAP,unweighted,Diabetes_self,0.04316428676247597,
2017-2020,measured,xgboost,3,SHAP,unweighted,HighChol,0.07239919900894165,
2017-2020,measured,xgboost,3,SHAP,unweighted,BMI,0.34484538435935974,
2017-2020,measured,xgboost,3,SHAP,unweighted,Smoker,0.06670065969228745,
2017-2020,measured,xgboost,3,SHAP,unweighted,Stroke,0.03598795086145401,
2017-2020,measured,xgboost,3,SHAP,unweighted,HeartDiseaseorAttack,0.01851213350892067,
2017-2020,measured,xgboost,3,SHAP,unweighted,PhysActivity_LTPA,0.07651646435260773,
2017-2020,measured,xgboost,3,SHAP,unweighted,AnyHealthcare,0.036552101373672485,
2017-2020,measured,xgboost,3,SHAP,unweighted,GenHlth,0.15682688355445862,
2017-2020,measured,xgboost,3,SHAP,unweighted,MentHlth,0.06352335959672928,
2017-2020,measured,xgboost,3,SHAP,unweighted,Sex,0.1604958325624466,
2017-2020,measured,xgboost,3,SHAP,unweighted,Age,0.8661248683929443,
2017-2020,measured,xgboost,3,SHAP,unweighted,Education,0.14494799077510834,
2017-2020,measured,xgboost,3,SHAP,unweighted,Income,0.11409450322389603,
2017-2020,measured,xgboost,3,SHAP,weighted,Diabetes_self,0.039495517805482536,
2017-2020,measured,xgboost,3,SHAP,weighted,HighChol,0.0705983189451307,
2017-2020,measured,xgboost,3,SHAP,weighted,BMI,0.35424118963509477,
2017-2020,measured,xgboost,3,SHAP,weighted,Smoker,0.06583280066154011,
2017-2020,measured,xgboost,3,SHAP,weighted,Stroke,0.028630288384066716,
2017-2020,measured,xgboost,3,SHAP,weighted,HeartDiseaseorAttack,0.015799789986565598,
2017-2020,measured,xgboost,3,SHAP,weighted,PhysActivity_LTPA,0.07994690752031355,
2017-2020,measured,xgboost,3,SHAP,weighted,AnyHealthcare,0.030791450554886503,
2017-2020,measured,xgboost,3,SHAP,weighted,GenHlth,0.1780686877764965,
2017-2020,measured,xgboost,3,SHAP,weighted,MentHlth,0.06389007323992153,
2017-2020,measured,xgboost,3,SHAP,weighted,Sex,0.16809307817147723,
2017-2020,measured,xgboost,3,SHAP,weighted,Age,0.8993124441829128,
2017-2020,measured,xgboost,3,SHAP,weighted,Education,0.14466507728180664,
2017-2020,measured,xgboost,3,SHAP,weighted,Income,0.111574683521793,
2017-2020,measured,xgboost,3,PI,unweighted,Diabetes_self,-0.0011385610258470625,0.001481675744972831
2017-2020,measured,xgboost,3,PI,unweighted,HighChol,-0.0034306485977701694,0.0035444410092928553
2017-2020,measured,xgboost,3,PI,unweighted,BMI,0.027955197958387946,0.008040929830359715
2017-2020,measured,xgboost,3,PI,unweighted,Smoker,0.004942953799863703,0.0024483555226368697
2017-2020,measured,xgboost,3,PI,unweighted,Stroke,0.001960089320525904,0.002113724350182212
2017-2020,measured,xgboost,3,PI,unweighted,HeartDiseaseorAttack,-0.0008644557079675819,0.00218307339646898
2017-2020,measured,xgboost,3,PI,unweighted,PhysActivity_LTPA,0.0004749583525325396,0.0022202261878490623
2017-2020,measured,xgboost,3,PI,unweighted,AnyHealthcare,0.0022432527164387593,0.0019120607405666646
2017-2020,measured,xgboost,3,PI,unweighted,GenHlth,0.005449024681293468,0.005200167519444117
2017-2020,measured,xgboost,3,PI,unweighted,MentHlth,0.001075154479613405,0.003197957456152119
2017-2020,measured,xgboost,3,PI,unweighted,Sex,0.0025756447973156347,0.003639292538272167
2017-2020,measured,xgboost,3,PI,unweighted,Age,0.1789372117660495,0.016980781970536683
2017-2020,measured,xgboost,3,PI,unweighted,Education,0.00463734212360728,0.0056538720974236316
2017-2020,measured,xgboost,3,PI,unweighted,Income,0.0029241838868606317,0.005760132589073982
2017-2020,measured,xgboost,3,PI,weighted,Diabetes_self,-0.008641074218005307,
2017-2020,measured,xgboost,3,PI,weighted,HighChol,-0.0005993454504114815,
2017-2020,measured,xgboost,3,PI,weighted,BMI,0.02704030497755715,
2017-2020,measured,xgboost,3,PI,weighted,Smoker,0.005057118172413544,
2017-2020,measured,xgboost,3,PI,weighted,Stroke,0.001643005422412336,
2017-2020,measured,xgboost,3,PI,weighted,HeartDiseaseorAttack,-0.0003432074125016671,
2017-2020,measured,xgboost,3,PI,weighted,PhysActivity_LTPA,-0.004466392244255013,
2017-2020,measured,xgboost,3,PI,weighted,AnyHealthcare,-0.0012372161819906302,
2017-2020,measured,xgboost,3,PI,weighted,GenHlth,0.002889626594430539,
2017-2020,measured,xgboost,3,PI,weighted,MentHlth,-0.002740738778778351,
2017-2020,measured,xgboost,3,PI,weighted,Sex,0.004127335305273938,
2017-2020,measured,xgboost,3,PI,weighted,Age,0.1820607677045115,
2017-2020,measured,xgboost,3,PI,weighted,Education,-0.004037093375666045,
2017-2020,measured,xgboost,3,PI,weighted,Income,0.0031361776015193963,
2017-2020,measured,random_forest,3,SHAP,unweighted,Diabetes_self,0.011646266433554216,
2017-2020,measured,random_forest,3,SHAP,unweighted,HighChol,0.021264666918828296,
2017-2020,measured,random_forest,3,SHAP,unweighted,BMI,0.0690485144912569,
2017-2020,measured,random_forest,3,SHAP,unweighted,Smoker,0.013036029463645248,
2017-2020,measured,random_forest,3,SHAP,unweighted,Stroke,0.008791919543971983,
2017-2020,measured,random_forest,3,SHAP,unweighted,HeartDiseaseorAttack,0.0039489887035142135,
2017-2020,measured,random_forest,3,SHAP,unweighted,PhysActivity_LTPA,0.017900853712657174,
2017-2020,measured,random_forest,3,SHAP,unweighted,AnyHealthcare,0.006733193945369469,
2017-2020,measured,random_forest,3,SHAP,unweighted,GenHlth,0.028338404781068728,
2017-2020,measured,random_forest,3,SHAP,unweighted,MentHlth,0.012816432731667115,
2017-2020,measured,random_forest,3,SHAP,unweighted,Sex,0.017788326877730253,
2017-2020,measured,random_forest,3,SHAP,unweighted,Age,0.1213889909322766,
2017-2020,measured,random_forest,3,SHAP,unweighted,Education,0.02401706923941855,
2017-2020,measured,random_forest,3,SHAP,unweighted,Income,0.02577085969767514,
2017-2020,measured,random_forest,3,SHAP,weighted,Diabetes_self,0.011406492202006548,
2017-2020,measured,random_forest,3,SHAP,weighted,HighChol,0.02141354482601703,
2017-2020,measured,random_forest,3,SHAP,weighted,BMI,0.06931780171839898,
2017-2020,measured,random_forest,3,SHAP,weighted,Smoker,0.012779365986152993,
2017-2020,measured,random_forest,3,SHAP,weighted,Stroke,0.007354159840489824,
2017-2020,measured,random_forest,3,SHAP,weighted,HeartDiseaseorAttack,0.0035057393491099522,
2017-2020,measured,random_forest,3,SHAP,weighted,PhysActivity_LTPA,0.017988542779271772,
2017-2020,measured,random_forest,3,SHAP,weighted,AnyHealthcare,0.00547000747207773,
2017-2020,measured,random_forest,3,SHAP,weighted,GenHlth,0.03247544799425201,
2017-2020,measured,random_forest,3,SHAP,weighted,MentHlth,0.012308676896295362,
2017-2020,measured,random_forest,3,SHAP,weighted,Sex,0.01785129977313064,
2017-2020,measured,random_forest,3,SHAP,weighted,Age,0.12797419383422332,
2017-2020,measured,random_forest,3,SHAP,weighted,Education,0.024453042054571515,
2017-2020,measured,random_forest,3,SHAP,weighted,Income,0.028270670759860804,
2017-2020,measured,random_forest,3,PI,unweighted,Diabetes_self,0.00037374417624661536,0.004319729541037111
2017-2020,measured,random_forest,3,PI,unweighted,HighChol,0.008664445468401116,0.007920212492206822
2017-2020,measured,random_forest,3,PI,unweighted,BMI,0.01912120889897099,0.0074863172696400665
2017-2020,measured,random_forest,3,PI,unweighted,Smoker,0.01107546954319728,0.0018675494523608688
2017-2020,measured,random_forest,3,PI,unweighted,Stroke,0.005634124536758068,0.0020834102094578685
2017-2020,measured,random_forest,3,PI,unweighted,HeartDiseaseorAttack,-0.001413650917425746,0.002294085698565395
2017-2020,measured,random_forest,3,PI,unweighted,PhysActivity_LTPA,0.006673243618977897,0.005746195570489036
2017-2020,measured,random_forest,3,PI,unweighted,AnyHealthcare,0.008223159536383973,0.002983002893617077
2017-2020,measured,random_forest,3,PI,unweighted,GenHlth,0.0025784016036736633,0.006828433146428473
2017-2020,measured,random_forest,3,PI,unweighted,MentHlth,-0.001320116415994177,0.005332405940341505
2017-2020,measured,random_forest,3,PI,unweighted,Sex,0.001926810729490447,0.004432704601058347
2017-2020,measured,random_forest,3,PI,unweighted,Age,0.16173887530177186,0.018667310955806787
2017-2020,measured,random_forest,3,PI,unweighted,Education,0.0006565137426797318,0.007124648895166296
2017-2020,measured,random_forest,3,PI,unweighted,Income,0.0002819819074737384,0.0072211893387969074
2017-2020,measured,random_forest,3,PI,weighted,Diabetes_self,-0.00877154496462883,
2017-2020,measured,random_forest,3,PI,weighted,HighChol,0.010298643672409468,
2017-2020,measured,random_forest,3,PI,weighted,BMI,0.007910213557793944,
2017-2020,measured,random_forest,3,PI,weighted,Smoker,0.007917766219993771,
2017-2020,measured,random_forest,3,PI,weighted,Stroke,0.006211456073030697,
2017-2020,measured,random_forest,3,PI,weighted,HeartDiseaseorAttack,0.00011323546378585458,
2017-2020,measured,random_forest,3,PI,weighted,PhysActivity_LTPA,-0.0034197398533994173,
2017-2020,measured,random_forest,3,PI,weighted,AnyHealthcare,0.001919033501125178,
2017-2020,measured,random_forest,3,PI,weighted,GenHlth,-0.0021606895005334527,
2017-2020,measured,random_forest,3,PI,weighted,MentHlth,-0.008978103789878067,
2017-2020,measured,random_forest,3,PI,weighted,Sex,-0.0078050129632755375,
2017-2020,measured,random_forest,3,PI,weighted,Age,0.15232786461140463,
2017-2020,measured,random_forest,3,PI,weighted,Education,-0.024163601290791047,
2017-2020,measured,random_forest,3,PI,weighted,Income,-0.013648734239965165,
2017-2020,measured,logistic_regression,3,SHAP,unweighted,Diabetes_self,0.022065028214623986,
2017-2020,measured,logistic_regression,3,SHAP,unweighted,HighChol,0.005450334478300296,
2017-2020,measured,logistic_regression,3,SHAP,unweighted,BMI,0.15182801256445372,
2017-2020,measured,logistic_regression,3,SHAP,unweighted,Smoker,0.01603601580107022,
2017-2020,measured,logistic_regression,3,SHAP,unweighted,Stroke,0.03203084834373893,
2017-2020,measured,logistic_regression,3,SHAP,unweighted,HeartDiseaseorAttack,0.051436285900113114,
2017-2020,measured,logistic_regression,3,SHAP,unweighted,PhysActivity_LTPA,0.03809011781524747,
2017-2020,measured,logistic_regression,3,SHAP,unweighted,AnyHealthcare,0.033891879413582855,
2017-2020,measured,logistic_regression,3,SHAP,unweighted,GenHlth,0.14848776762334864,
2017-2020,measured,logistic_regression,3,SHAP,unweighted,MentHlth,0.034100887938678985,
2017-2020,measured,logistic_regression,3,SHAP,unweighted,Sex,0.12139079950621448,
2017-2020,measured,logistic_regression,3,SHAP,unweighted,Age,0.7267639922122227,
2017-2020,measured,logistic_regression,3,SHAP,unweighted,Education,0.02231965901796013,
2017-2020,measured,logistic_regression,3,SHAP,unweighted,Income,0.052388246499129175,
2017-2020,measured,logistic_regression,3,SHAP,weighted,Diabetes_self,0.020372839620330513,
2017-2020,measured,logistic_regression,3,SHAP,weighted,HighChol,0.005451798596108227,
2017-2020,measured,logistic_regression,3,SHAP,weighted,BMI,0.14888749456177294,
2017-2020,measured,logistic_regression,3,SHAP,weighted,Smoker,0.01599186031878292,
2017-2020,measured,logistic_regression,3,SHAP,weighted,Stroke,0.02614632475254898,
2017-2020,measured,logistic_regression,3,SHAP,weighted,HeartDiseaseorAttack,0.0470657411723778,
2017-2020,measured,logistic_regression,3,SHAP,weighted,PhysActivity_LTPA,0.038995422145851104,
2017-2020,measured,logistic_regression,3,SHAP,weighted,AnyHealthcare,0.030166343297159615,
2017-2020,measured,logistic_regression,3,SHAP,weighted,GenHlth,0.14605024147585613,
2017-2020,measured,logistic_regression,3,SHAP,weighted,MentHlth,0.03272256742187633,
2017-2020,measured,logistic_regression,3,SHAP,weighted,Sex,0.12127762052357473,
2017-2020,measured,logistic_regression,3,SHAP,weighted,Age,0.7394419911678006,
2017-2020,measured,logistic_regression,3,SHAP,weighted,Education,0.021517393489014578,
2017-2020,measured,logistic_regression,3,SHAP,weighted,Income,0.054424718891186365,
2017-2020,measured,logistic_regression,3,PI,unweighted,Diabetes_self,0.0005210364016587921,0.0005209756715784668
2017-2020,measured,logistic_regression,3,PI,unweighted,HighChol,1.890381502616112e-05,0.00015301479029692738
2017-2020,measured,logistic_regression,3,PI,unweighted,BMI,0.011181212758499759,0.0022591402234635434
2017-2020,measured,logistic_regression,3,PI,unweighted,Smoker,0.0002154247254023911,0.00033059656712691493
2017-2020,measured,logistic_regression,3,PI,unweighted,Stroke,0.003583060606418631,0.0016265327248859663
2017-2020,measured,logistic_regression,3,PI,unweighted,HeartDiseaseorAttack,0.0009065954622966999,0.001397751590957242
2017-2020,measured,logistic_regression,3,PI,unweighted,PhysActivity_LTPA,0.00050646471090946,0.0011724459051590385
2017-2020,measured,logistic_regression,3,PI,unweighted,AnyHealthcare,0.001435508453549783,0.0007431996379350554
2017-2020,measured,logistic_regression,3,PI,unweighted,GenHlth,0.006265433192736203,0.003151250373279441
2017-2020,measured,logistic_regression,3,PI,unweighted,MentHlth,0.001832488569099322,0.0007422950229204645
2017-2020,measured,logistic_regression,3,PI,unweighted,Sex,0.00251263208056175,0.0029536381299300686
2017-2020,measured,logistic_regression,3,PI,unweighted,Age,0.20318214219607186,0.017932575257873232
2017-2020,measured,logistic_regression,3,PI,unweighted,Education,0.0008101072397673437,0.000449880328585695
2017-2020,measured,logistic_regression,3,PI,unweighted,Income,0.0024149623695931877,0.0011351062003412827
2017-2020,measured,logistic_regression,3,PI,weighted,Diabetes_self,-0.0015623290609775187,
2017-2020,measured,logistic_regression,3,PI,weighted,HighChol,-0.00011041149039150432,
2017-2020,measured,logistic_regression,3,PI,weighted,BMI,0.018004399305703557,
2017-2020,measured,logistic_regression,3,PI,weighted,Smoker,0.0004265361982499716,
2017-2020,measured,logistic_regression,3,PI,weighted,Stroke,0.0030918263966373317,
2017-2020,measured,logistic_regression,3,PI,weighted,HeartDiseaseorAttack,0.0011060028593297799,
2017-2020,measured,logistic_regression,3,PI,weighted,PhysActivity_LTPA,0.001173945768209872,
2017-2020,measured,logistic_regression,3,PI,weighted,AnyHealthcare,0.0006029876849291127,
2017-2020,measured,logistic_regression,3,PI,weighted,GenHlth,0.008047230790205607,
2017-2020,measured,logistic_regression,3,PI,weighted,MentHlth,0.00047942589253407997,
2017-2020,measured,logistic_regression,3,PI,weighted,Sex,0.0020007789587253577,
2017-2020,measured,logistic_regression,3,PI,weighted,Age,0.21612354712355358,
2017-2020,measured,logistic_regression,3,PI,weighted,Education,0.0009323253715753266,
2017-2020,measured,logistic_regression,3,PI,weighted,Income,0.0033281701757638337,
2017-2020,total,xgboost,3,SHAP,unweighted,Diabetes_self,0.1301223486661911,
2017-2020,total,xgboost,3,SHAP,unweighted,HighChol,0.2745152711868286,
2017-2020,total,xgboost,3,SHAP,unweighted,BMI,0.44723179936408997,
2017-2020,total,xgboost,3,SHAP,unweighted,Smoker,0.09633935242891312,
2017-2020,total,xgboost,3,SHAP,unweighted,Stroke,0.08200127631425858,
2017-2020,total,xgboost,3,SHAP,unweighted,HeartDiseaseorAttack,0.04088534414768219,
2017-2020,total,xgboost,3,SHAP,unweighted,PhysActivity_LTPA,0.04198278859257698,
2017-2020,total,xgboost,3,SHAP,unweighted,AnyHealthcare,0.07582591474056244,
2017-2020,total,xgboost,3,SHAP,unweighted,GenHlth,0.3131765127182007,
2017-2020,total,xgboost,3,SHAP,unweighted,MentHlth,0.06086409091949463,
2017-2020,total,xgboost,3,SHAP,unweighted,Sex,0.14729391038417816,
2017-2020,total,xgboost,3,SHAP,unweighted,Age,1.0229417085647583,
2017-2020,total,xgboost,3,SHAP,unweighted,Education,0.1425321251153946,
2017-2020,total,xgboost,3,SHAP,unweighted,Income,0.10415776073932648,
2017-2020,total,xgboost,3,SHAP,weighted,Diabetes_self,0.11736228733613861,
2017-2020,total,xgboost,3,SHAP,weighted,HighChol,0.26901342937065936,
2017-2020,total,xgboost,3,SHAP,weighted,BMI,0.44597870232411435,
2017-2020,total,xgboost,3,SHAP,weighted,Smoker,0.09918301151735345,
2017-2020,total,xgboost,3,SHAP,weighted,Stroke,0.0606824526488707,
2017-2020,total,xgboost,3,SHAP,weighted,HeartDiseaseorAttack,0.03163436422146935,
2017-2020,total,xgboost,3,SHAP,weighted,PhysActivity_LTPA,0.04145725121972845,
2017-2020,total,xgboost,3,SHAP,weighted,AnyHealthcare,0.06219059088772749,
2017-2020,total,xgboost,3,SHAP,weighted,GenHlth,0.3274732394884133,
2017-2020,total,xgboost,3,SHAP,weighted,MentHlth,0.05669863492470559,
2017-2020,total,xgboost,3,SHAP,weighted,Sex,0.16031283772227764,
2017-2020,total,xgboost,3,SHAP,weighted,Age,1.035620302899674,
2017-2020,total,xgboost,3,SHAP,weighted,Education,0.1337223954499909,
2017-2020,total,xgboost,3,SHAP,weighted,Income,0.09520443105307995,
2017-2020,total,xgboost,3,PI,unweighted,Diabetes_self,0.0025814083128255284,0.00180689020312398
2017-2020,total,xgboost,3,PI,unweighted,HighChol,0.010954873621667216,0.00344213438509154
2017-2020,total,xgboost,3,PI,unweighted,BMI,0.031060925369481594,0.005807755846627046
2017-2020,total,xgboost,3,PI,unweighted,Smoker,0.0002303226420482196,0.0019322530361982181
2017-2020,total,xgboost,3,PI,unweighted,Stroke,0.00023304191763315885,0.0026882671100420027
2017-2020,total,xgboost,3,PI,unweighted,HeartDiseaseorAttack,0.00012671824226033744,0.0012699536370359918
2017-2020,total,xgboost,3,PI,unweighted,PhysActivity_LTPA,-0.0004051720621626287,0.0009160778957324844
2017-2020,total,xgboost,3,PI,unweighted,AnyHealthcare,0.0009952548641042115,0.0011686274674858374
2017-2020,total,xgboost,3,PI,unweighted,GenHlth,0.017635861806414778,0.0042406501172495455
2017-2020,total,xgboost,3,PI,unweighted,MentHlth,-0.00023548926565957194,0.0020258764439007584
2017-2020,total,xgboost,3,PI,unweighted,Sex,0.004168377544222257,0.0020489590681976397
2017-2020,total,xgboost,3,PI,unweighted,Age,0.16387387999836847,0.007438218655151422
2017-2020,total,xgboost,3,PI,unweighted,Education,0.006517831649648587,0.0021425159909423596
2017-2020,total,xgboost,3,PI,unweighted,Income,0.0011342098464969586,0.0018989526948957657
2017-2020,total,xgboost,3,PI,weighted,Diabetes_self,0.001236948135669136,
2017-2020,total,xgboost,3,PI,weighted,HighChol,0.011447624280644409,
2017-2020,total,xgboost,3,PI,weighted,BMI,0.03261658107080451,
2017-2020,total,xgboost,3,PI,weighted,Smoker,-0.004861957466537337,
2017-2020,total,xgboost,3,PI,weighted,Stroke,0.000623784985132847,
2017-2020,total,xgboost,3,PI,weighted,HeartDiseaseorAttack,-0.00011568044598392335,
2017-2020,total,xgboost,3,PI,weighted,PhysActivity_LTPA,-0.0007633873124727741,
2017-2020,total,xgboost,3,PI,weighted,AnyHealthcare,0.0009585710749083654,
2017-2020,total,xgboost,3,PI,weighted,GenHlth,0.01937716045402198,
2017-2020,total,xgboost,3,PI,weighted,MentHlth,-0.0011595689467214898,
2017-2020,total,xgboost,3,PI,weighted,Sex,0.004121974904641756,
2017-2020,total,xgboost,3,PI,weighted,Age,0.15549438201702007,
2017-2020,total,xgboost,3,PI,weighted,Education,-0.0032169795327652182,
2017-2020,total,xgboost,3,PI,weighted,Income,-0.0024817659619012166,
2017-2020,total,random_forest,3,SHAP,unweighted,Diabetes_self,0.03533436241185056,
2017-2020,total,random_forest,3,SHAP,unweighted,HighChol,0.06976274644383071,
2017-2020,total,random_forest,3,SHAP,unweighted,BMI,0.05580713475493313,
2017-2020,total,random_forest,3,SHAP,unweighted,Smoker,0.01703334524000734,
2017-2020,total,random_forest,3,SHAP,unweighted,Stroke,0.011423993177758348,
2017-2020,total,random_forest,3,SHAP,unweighted,HeartDiseaseorAttack,0.010483593679308123,
2017-2020,total,random_forest,3,SHAP,unweighted,PhysActivity_LTPA,0.011300825202919376,
2017-2020,total,random_forest,3,SHAP,unweighted,AnyHealthcare,0.013992191651538527,
2017-2020,total,random_forest,3,SHAP,unweighted,GenHlth,0.04982107947966246,
2017-2020,total,random_forest,3,SHAP,unweighted,MentHlth,0.00828132229845344,
2017-2020,total,random_forest,3,SHAP,unweighted,Sex,0.016398728716645918,
2017-2020,total,random_forest,3,SHAP,unweighted,Age,0.15154989885878664,
2017-2020,total,random_forest,3,SHAP,unweighted,Education,0.015281228429106605,
2017-2020,total,random_forest,3,SHAP,unweighted,Income,0.011084019897548227,
2017-2020,total,random_forest,3,SHAP,weighted,Diabetes_self,0.03260921162384663,
2017-2020,total,random_forest,3,SHAP,weighted,HighChol,0.06942570386476205,
2017-2020,total,random_forest,3,SHAP,weighted,BMI,0.05696845093185149,
2017-2020,total,random_forest,3,SHAP,weighted,Smoker,0.017600655586442346,
2017-2020,total,random_forest,3,SHAP,weighted,Stroke,0.009272116787121882,
2017-2020,total,random_forest,3,SHAP,weighted,HeartDiseaseorAttack,0.009036462827617865,
2017-2020,total,random_forest,3,SHAP,weighted,PhysActivity_LTPA,0.011261179855661746,
2017-2020,total,random_forest,3,SHAP,weighted,AnyHealthcare,0.010884903373042105,
2017-2020,total,random_forest,3,SHAP,weighted,GenHlth,0.0523184816496903,
2017-2020,total,random_forest,3,SHAP,weighted,MentHlth,0.008215928029351878,
2017-2020,total,random_forest,3,SHAP,weighted,Sex,0.017067855509811186,
2017-2020,total,random_forest,3,SHAP,weighted,Age,0.15302651967722405,
2017-2020,total,random_forest,3,SHAP,weighted,Education,0.014994703985721947,
2017-2020,total,random_forest,3,SHAP,weighted,Income,0.011445502698695152,
2017-2020,total,random_forest,3,PI,unweighted,Diabetes_self,0.004959278848114934,0.0032794017808270935
2017-2020,total,random_forest,3,PI,unweighted,HighChol,0.015242627364070283,0.005404537574740116
2017-2020,total,random_forest,3,PI,unweighted,BMI,0.01976967735795191,0.005569052371974404
2017-2020,total,random_forest,3,PI,unweighted,Smoker,0.0014040979483066706,0.0032789459260694734
2017-2020,total,random_forest,3,PI,unweighted,Stroke,0.0003786591252090465,0.002244805085873701
2017-2020,total,random_forest,3,PI,unweighted,HeartDiseaseorAttack,-3.0727814110276255e-05,0.001985091869500279
2017-2020,total,random_forest,3,PI,unweighted,PhysActivity_LTPA,0.0026019388434921466,0.0026707465246124185
2017-2020,total,random_forest,3,PI,unweighted,AnyHealthcare,0.0010677235584441226,0.0016061248853902212
2017-2020,total,random_forest,3,PI,unweighted,GenHlth,0.014261376769228762,0.0047133401643271
2017-2020,total,random_forest,3,PI,unweighted,MentHlth,-0.0002625460577302174,0.0019890881436843404
2017-2020,total,random_forest,3,PI,unweighted,Sex,0.0032929067696366387,0.0029773494445388205
2017-2020,total,random_forest,3,PI,unweighted,Age,0.15449115555615994,0.007782110649057662
2017-2020,total,random_forest,3,PI,unweighted,Education,-0.001634964445471654,0.0025917984820410813
2017-2020,total,random_forest,3,PI,unweighted,Income,0.00026295394906803435,0.0021046824306237186
2017-2020,total,random_forest,3,PI,weighted,Diabetes_self,0.00553736507638416,
2017-2020,total,random_forest,3,PI,weighted,HighChol,0.025715865198219424,
2017-2020,total,random_forest,3,PI,weighted,BMI,0.027245888714822773,
2017-2020,total,random_forest,3,PI,weighted,Smoker,-0.002307982506274431,
2017-2020,total,random_forest,3,PI,weighted,Stroke,0.000463926305676543,
2017-2020,total,random_forest,3,PI,weighted,HeartDiseaseorAttack,0.0002972056548641411,
2017-2020,total,random_forest,3,PI,weighted,PhysActivity_LTPA,-0.0007705251698120197,
2017-2020,total,random_forest,3,PI,weighted,AnyHealthcare,0.0014496315230574264,
2017-2020,total,random_forest,3,PI,weighted,GenHlth,0.019194208919215038,
2017-2020,total,random_forest,3,PI,weighted,MentHlth,-0.0020614692687354495,
2017-2020,total,random_forest,3,PI,weighted,Sex,0.004123634620170092,
2017-2020,total,random_forest,3,PI,weighted,Age,0.14826879688747382,
2017-2020,total,random_forest,3,PI,weighted,Education,-0.007787702956982956,
2017-2020,total,random_forest,3,PI,weighted,Income,0.0035661468229694847,
2017-2020,total,logistic_regression,3,SHAP,unweighted,Diabetes_self,0.13128583926602017,
2017-2020,total,logistic_regression,3,SHAP,unweighted,HighChol,0.2692266243534366,
2017-2020,total,logistic_regression,3,SHAP,unweighted,BMI,0.30716471406116846,
2017-2020,total,logistic_regression,3,SHAP,unweighted,Smoker,0.0661096795094728,
2017-2020,total,logistic_regression,3,SHAP,unweighted,Stroke,0.08118230971240488,
2017-2020,total,logistic_regression,3,SHAP,unweighted,HeartDiseaseorAttack,0.030215685403993695,
2017-2020,total,logistic_regression,3,SHAP,unweighted,PhysActivity_LTPA,8.636435644256071e-07,
2017-2020,total,logistic_regression,3,SHAP,unweighted,AnyHealthcare,0.06083254648398673,
2017-2020,total,logistic_regression,3,SHAP,unweighted,GenHlth,0.28598804457157156,
2017-2020,total,logistic_regression,3,SHAP,unweighted,MentHlth,0.0426313103759382,
2017-2020,total,logistic_regression,3,SHAP,unweighted,Sex,0.12599661224788697,
2017-2020,total,logistic_regression,3,SHAP,unweighted,Age,0.8411642730926135,
2017-2020,total,logistic_regression,3,SHAP,unweighted,Education,0.05086760952994267,
2017-2020,total,logistic_regression,3,SHAP,unweighted,Income,0.03164054520685041,
2017-2020,total,logistic_regression,3,SHAP,weighted,Diabetes_self,0.1212173998497046,
2017-2020,total,logistic_regression,3,SHAP,weighted,HighChol,0.26929894642773156,
2017-2020,total,logistic_regression,3,SHAP,weighted,BMI,0.30121572377782574,
2017-2020,total,logistic_regression,3,SHAP,weighted,Smoker,0.0659276452174871,
2017-2020,total,logistic_regression,3,SHAP,weighted,Stroke,0.06626796178245647,
2017-2020,total,logistic_regression,3,SHAP,weighted,HeartDiseaseorAttack,0.027648256550484203,
2017-2020,total,logistic_regression,3,SHAP,weighted,PhysActivity_LTPA,8.841701551482935e-07,
2017-2020,total,logistic_regression,3,SHAP,weighted,AnyHealthcare,0.05414558037583749,
2017-2020,total,logistic_regression,3,SHAP,weighted,GenHlth,0.28129335929432236,
2017-2020,total,logistic_regression,3,SHAP,weighted,MentHlth,0.04090819953334144,
2017-2020,total,logistic_regression,3,SHAP,weighted,Sex,0.12587913902546902,
2017-2020,total,logistic_regression,3,SHAP,weighted,Age,0.8558379221589001,
2017-2020,total,logistic_regression,3,SHAP,weighted,Education,0.04903920661245612,
2017-2020,total,logistic_regression,3,SHAP,weighted,Income,0.0328704985091523,
2017-2020,total,logistic_regression,3,PI,unweighted,Diabetes_self,0.003216631089477828,0.0018108417289226964
2017-2020,total,logistic_regression,3,PI,unweighted,HighChol,0.00916531835918919,0.0028590428455624044
2017-2020,total,logistic_regression,3,PI,unweighted,BMI,0.02208595630124146,0.003977444901816234
2017-2020,total,logistic_regression,3,PI,unweighted,Smoker,0.0006493630096942815,0.0005265149557614062
2017-2020,total,logistic_regression,3,PI,unweighted,Stroke,0.0021729731199609413,0.002386305692977538
2017-2020,total,logistic_regression,3,PI,unweighted,HeartDiseaseorAttack,-0.00032821656310748625,0.0006242689827144731
2017-2020,total,logistic_regression,3,PI,unweighted,PhysActivity_LTPA,0.0,0.0
2017-2020,total,logistic_regression,3,PI,unweighted,AnyHealthcare,5.0578525880828896e-05,0.0007550495541139342
2017-2020,total,logistic_regression,3,PI,unweighted,GenHlth,0.015197487389359565,0.0034649328764387436
2017-2020,total,logistic_regression,3,PI,unweighted,MentHlth,-0.0007665637874069486,0.00047818822622429813
2017-2020,total,logistic_regression,3,PI,unweighted,Sex,0.0020081850195109107,0.0015297568728255063
2017-2020,total,logistic_regression,3,PI,unweighted,Age,0.16569144379937198,0.006633628709179304
2017-2020,total,logistic_regression,3,PI,unweighted,Education,6.363104868869484e-05,0.000625605030042897
2017-2020,total,logistic_regression,3,PI,unweighted,Income,7.613971638065209e-06,0.0004276285440308205
2017-2020,total,logistic_regression,3,PI,weighted,Diabetes_self,0.0046747985955565285,
2017-2020,total,logistic_regression,3,PI,weighted,HighChol,0.0059309437905330055,
2017-2020,total,logistic_regression,3,PI,weighted,BMI,0.025393663870693195,
2017-2020,total,logistic_regression,3,PI,weighted,Smoker,0.0001895458705070574,
2017-2020,total,logistic_regression,3,PI,weighted,Stroke,0.0023565583263307046,
2017-2020,total,logistic_regression,3,PI,weighted,HeartDiseaseorAttack,-0.0003297368347826679,
2017-2020,total,logistic_regression,3,PI,weighted,PhysActivity_LTPA,0.0,
2017-2020,total,logistic_regression,3,PI,weighted,AnyHealthcare,0.000434224086421775,
2017-2020,total,logistic_regression,3,PI,weighted,GenHlth,0.01820508052685076,
2017-2020,total,logistic_regression,3,PI,weighted,MentHlth,-0.0003246309915867718,
2017-2020,total,logistic_regression,3,PI,weighted,Sex,0.0007612307887028047,
2017-2020,total,logistic_regression,3,PI,weighted,Age,0.1608467476962097,
2017-2020,total,logistic_regression,3,PI,weighted,Education,-0.00011790474962003472,
2017-2020,total,logistic_regression,3,PI,weighted,Income,0.00024132019105457258,
2017-2020,diag,xgboost,4,SHAP,unweighted,Diabetes_self,0.14912474155426025,
2017-2020,diag,xgboost,4,SHAP,unweighted,HighChol,0.3685893714427948,
2017-2020,diag,xgboost,4,SHAP,unweighted,BMI,0.4383273720741272,
2017-2020,diag,xgboost,4,SHAP,unweighted,Smoker,0.08523303270339966,
2017-2020,diag,xgboost,4,SHAP,unweighted,Stroke,0.062153011560440063,
2017-2020,diag,xgboost,4,SHAP,unweighted,HeartDiseaseorAttack,0.06037081778049469,
2017-2020,diag,xgboost,4,SHAP,unweighted,PhysActivity_LTPA,0.04952535778284073,
2017-2020,diag,xgboost,4,SHAP,unweighted,AnyHealthcare,0.05597760155797005,
2017-2020,diag,xgboost,4,SHAP,unweighted,GenHlth,0.39242270588874817,
2017-2020,diag,xgboost,4,SHAP,unweighted,MentHlth,0.0595240481197834,
2017-2020,diag,xgboost,4,SHAP,unweighted,Sex,0.09555558860301971,
2017-2020,diag,xgboost,4,SHAP,unweighted,Age,0.8962047696113586,
2017-2020,diag,xgboost,4,SHAP,unweighted,Education,0.13677756488323212,
2017-2020,diag,xgboost,4,SHAP,unweighted,Income,0.08504403382539749,
2017-2020,diag,xgboost,4,SHAP,weighted,Diabetes_self,0.13592379971076954,
2017-2020,diag,xgboost,4,SHAP,weighted,HighChol,0.3525446598274483,
2017-2020,diag,xgboost,4,SHAP,weighted,BMI,0.44374794402775775,
2017-2020,diag,xgboost,4,SHAP,weighted,Smoker,0.08490294807586223,
2017-2020,diag,xgboost,4,SHAP,weighted,Stroke,0.052144186693606244,
2017-2020,diag,xgboost,4,SHAP,weighted,HeartDiseaseorAttack,0.05097418246727268,
2017-2020,diag,xgboost,4,SHAP,weighted,PhysActivity_LTPA,0.05126241856625137,
2017-2020,diag,xgboost,4,SHAP,weighted,AnyHealthcare,0.04868338517167613,
2017-2020,diag,xgboost,4,SHAP,weighted,GenHlth,0.41910598129448173,
2017-2020,diag,xgboost,4,SHAP,weighted,MentHlth,0.05834864485453585,
2017-2020,diag,xgboost,4,SHAP,weighted,Sex,0.09672317266013163,
2017-2020,diag,xgboost,4,SHAP,weighted,Age,0.9094318288781319,
2017-2020,diag,xgboost,4,SHAP,weighted,Education,0.12550793636119578,
2017-2020,diag,xgboost,4,SHAP,weighted,Income,0.08709973474509729,
2017-2020,diag,xgboost,4,PI,unweighted,Diabetes_self,0.00738415700052526,0.002033185697828301
2017-2020,diag,xgboost,4,PI,unweighted,HighChol,0.023768230758853058,0.003604390979750994
2017-2020,diag,xgboost,4,PI,unweighted,BMI,0.03256951441094661,0.006804155845583444
2017-2020,diag,xgboost,4,PI,unweighted,Smoker,-0.0012012710222429445,0.001298195914051219
2017-2020,diag,xgboost,4,PI,unweighted,Stroke,0.004293862179625141,0.0013812554908275805
2017-2020,diag,xgboost,4,PI,unweighted,HeartDiseaseorAttack,0.003820529822234775,0.0012220011280823734
2017-2020,diag,xgboost,4,PI,unweighted,PhysActivity_LTPA,-0.001317236014593237,0.0009648571628420109
2017-2020,diag,xgboost,4,PI,unweighted,AnyHealthcare,0.0005491114613024095,0.0014238929931294974
2017-2020,diag,xgboost,4,PI,unweighted,GenHlth,0.02016183431358195,0.00500369443808178
2017-2020,diag,xgboost,4,PI,unweighted,MentHlth,0.0005597320175325215,0.0013988540618629047
2017-2020,diag,xgboost,4,PI,unweighted,Sex,0.005746869088727546,0.002421850410399963
2017-2020,diag,xgboost,4,PI,unweighted,Age,0.13833805517522482,0.008395445024112424
2017-2020,diag,xgboost,4,PI,unweighted,Education,0.0069300564611732285,0.002784153821039516
2017-2020,diag,xgboost,4,PI,unweighted,Income,0.0026169624635097644,0.001452862218410148
2017-2020,diag,xgboost,4,PI,weighted,Diabetes_self,0.007374859629146968,
2017-2020,diag,xgboost,4,PI,weighted,HighChol,0.011793662935560978,
2017-2020,diag,xgboost,4,PI,weighted,BMI,0.03200005691791809,
2017-2020,diag,xgboost,4,PI,weighted,Smoker,-0.00035920430515663516,
2017-2020,diag,xgboost,4,PI,weighted,Stroke,0.0036684120212133963,
2017-2020,diag,xgboost,4,PI,weighted,HeartDiseaseorAttack,0.0024851145709587686,
2017-2020,diag,xgboost,4,PI,weighted,PhysActivity_LTPA,-0.0019466506996503208,
2017-2020,diag,xgboost,4,PI,weighted,AnyHealthcare,0.0008289908652272859,
2017-2020,diag,xgboost,4,PI,weighted,GenHlth,0.02461736010824993,
2017-2020,diag,xgboost,4,PI,weighted,MentHlth,-0.001093567564265252,
2017-2020,diag,xgboost,4,PI,weighted,Sex,0.007100961501753822,
2017-2020,diag,xgboost,4,PI,weighted,Age,0.14618501549089244,
2017-2020,diag,xgboost,4,PI,weighted,Education,0.010619578245784234,
2017-2020,diag,xgboost,4,PI,weighted,Income,-0.0015319595778843342,
2017-2020,diag,random_forest,4,SHAP,unweighted,Diabetes_self,0.036488144359705536,
2017-2020,diag,random_forest,4,SHAP,unweighted,HighChol,0.08059789342589148,
2017-2020,diag,random_forest,4,SHAP,unweighted,BMI,0.06507614157781445,
2017-2020,diag,random_forest,4,SHAP,unweighted,Smoker,0.015679890985035246,
2017-2020,diag,random_forest,4,SHAP,unweighted,Stroke,0.010143178723566933,
2017-2020,diag,random_forest,4,SHAP,unweighted,HeartDiseaseorAttack,0.014180823933537083,
2017-2020,diag,random_forest,4,SHAP,unweighted,PhysActivity_LTPA,0.012087572217012557,
2017-2020,diag,random_forest,4,SHAP,unweighted,AnyHealthcare,0.009915566760097654,
2017-2020,diag,random_forest,4,SHAP,unweighted,GenHlth,0.05718077630067791,
2017-2020,diag,random_forest,4,SHAP,unweighted,MentHlth,0.009940143241819976,
2017-2020,diag,random_forest,4,SHAP,unweighted,Sex,0.013244839197222058,
2017-2020,diag,random_forest,4,SHAP,unweighted,Age,0.13593842680163448,
2017-2020,diag,random_forest,4,SHAP,unweighted,Education,0.015721695974542087,
2017-2020,diag,random_forest,4,SHAP,unweighted,Income,0.014073570547281884,
2017-2020,diag,random_forest,4,SHAP,weighted,Diabetes_self,0.03381984607149349,
2017-2020,diag,random_forest,4,SHAP,weighted,HighChol,0.07804419055386748,
2017-2020,diag,random_forest,4,SHAP,weighted,BMI,0.06546485849975363,
2017-2020,diag,random_forest,4,SHAP,weighted,Smoker,0.015693409497573575,
2017-2020,diag,random_forest,4,SHAP,weighted,Stroke,0.008741647690252496,
2017-2020,diag,random_forest,4,SHAP,weighted,HeartDiseaseorAttack,0.012811477724365566,
2017-2020,diag,random_forest,4,SHAP,weighted,PhysActivity_LTPA,0.012802757849431566,
2017-2020,diag,random_forest,4,SHAP,weighted,AnyHealthcare,0.008424002013745546,
2017-2020,diag,random_forest,4,SHAP,weighted,GenHlth,0.06088198857508269,
2017-2020,diag,random_forest,4,SHAP,weighted,MentHlth,0.009394836258201663,
2017-2020,diag,random_forest,4,SHAP,weighted,Sex,0.012763379887378254,
2017-2020,diag,random_forest,4,SHAP,weighted,Age,0.13844966068878442,
2017-2020,diag,random_forest,4,SHAP,weighted,Education,0.014606732610502141,
2017-2020,diag,random_forest,4,SHAP,weighted,Income,0.013850872462937277,
2017-2020,diag,random_forest,4,PI,unweighted,Diabetes_self,0.011837327523602082,0.0026806740136677666
2017-2020,diag,random_forest,4,PI,unweighted,HighChol,0.027685924318490374,0.004801211028984606
2017-2020,diag,random_forest,4,PI,unweighted,BMI,0.030507404249944848,0.005608889673703647
2017-2020,diag,random_forest,4,PI,unweighted,Smoker,0.001174432589607388,0.0028151525527338093
2017-2020,diag,random_forest,4,PI,unweighted,Stroke,0.0032718489240228465,0.001188354138197313
2017-2020,diag,random_forest,4,PI,unweighted,HeartDiseaseorAttack,0.00539581664901363,0.0015502713843379816
2017-2020,diag,random_forest,4,PI,unweighted,PhysActivity_LTPA,-0.0009904386289722345,0.0027902878290738914
2017-2020,diag,random_forest,4,PI,unweighted,AnyHealthcare,0.0014247332661655788,0.0013829134248471132
2017-2020,diag,random_forest,4,PI,unweighted,GenHlth,0.016856114426446977,0.003712433718303922
2017-2020,diag,random_forest,4,PI,unweighted,MentHlth,0.0013423521948671801,0.0025166043332111626
2017-2020,diag,random_forest,4,PI,unweighted,Sex,0.005689747718733274,0.003588358201608052
2017-2020,diag,random_forest,4,PI,unweighted,Age,0.13063513796676623,0.010550969887309506
2017-2020,diag,random_forest,4,PI,unweighted,Education,0.004932530763732868,0.0023908709860709465
2017-2020,diag,random_forest,4,PI,unweighted,Income,0.0064320384865995004,0.0029467071043170236
2017-2020,diag,random_forest,4,PI,weighted,Diabetes_self,0.01119787140641756,
2017-2020,diag,random_forest,4,PI,weighted,HighChol,0.020707603773269724,
2017-2020,diag,random_forest,4,PI,weighted,BMI,0.03243423849867111,
2017-2020,diag,random_forest,4,PI,weighted,Smoker,0.0035328107352077254,
2017-2020,diag,random_forest,4,PI,weighted,Stroke,0.0024605759892213585,
2017-2020,diag,random_forest,4,PI,weighted,HeartDiseaseorAttack,0.0037832548010948153,
2017-2020,diag,random_forest,4,PI,weighted,PhysActivity_LTPA,-0.0006101023198935906,
2017-2020,diag,random_forest,4,PI,weighted,AnyHealthcare,0.0013299701925576612,
2017-2020,diag,random_forest,4,PI,weighted,GenHlth,0.019664434872103675,
2017-2020,diag,random_forest,4,PI,weighted,MentHlth,0.0017239976937993284,
2017-2020,diag,random_forest,4,PI,weighted,Sex,0.004050071027635738,
2017-2020,diag,random_forest,4,PI,weighted,Age,0.12978109613841235,
2017-2020,diag,random_forest,4,PI,weighted,Education,0.008361667981029063,
2017-2020,diag,random_forest,4,PI,weighted,Income,0.006250593055853126,
2017-2020,diag,logistic_regression,4,SHAP,unweighted,Diabetes_self,0.1340157911205111,
2017-2020,diag,logistic_regression,4,SHAP,unweighted,HighChol,0.36638155634232283,
2017-2020,diag,logistic_regression,4,SHAP,unweighted,BMI,0.3268646101511947,
2017-2020,diag,logistic_regression,4,SHAP,unweighted,Smoker,0.060277711316686064,
2017-2020,diag,logistic_regression,4,SHAP,unweighted,Stroke,0.0397846455585735,
2017-2020,diag,logistic_regression,4,SHAP,unweighted,HeartDiseaseorAttack,0.03255309491092771,
2017-2020,diag,logistic_regression,4,SHAP,unweighted,PhysActivity_LTPA,0.01138558762711115,
2017-2020,diag,logistic_regression,4,SHAP,unweighted,AnyHealthcare,0.03631185884701547,
2017-2020,diag,logistic_regression,4,SHAP,unweighted,GenHlth,0.3276554435413821,
2017-2020,diag,logistic_regression,4,SHAP,unweighted,MentHlth,0.0340763090379295,
2017-2020,diag,logistic_regression,4,SHAP,unweighted,Sex,0.04670048372317394,
2017-2020,diag,logistic_regression,4,SHAP,unweighted,Age,0.7256488189678482,
2017-2020,diag,logistic_regression,4,SHAP,unweighted,Education,0.07642752656416643,
2017-2020,diag,logistic_regression,4,SHAP,unweighted,Income,0.0007916681998446372,
2017-2020,diag,logistic_regression,4,SHAP,weighted,Diabetes_self,0.12552932934887817,
2017-2020,diag,logistic_regression,4,SHAP,weighted,HighChol,0.3640244877854797,
2017-2020,diag,logistic_regression,4,SHAP,weighted,BMI,0.3259536419858409,
2017-2020,diag,logistic_regression,4,SHAP,weighted,Smoker,0.0604179504350226,
2017-2020,diag,logistic_regression,4,SHAP,weighted,Stroke,0.030195366964957965,
2017-2020,diag,logistic_regression,4,SHAP,weighted,HeartDiseaseorAttack,0.029435690135922645,
2017-2020,diag,logistic_regression,4,SHAP,weighted,PhysActivity_LTPA,0.011357325758016684,
2017-2020,diag,logistic_regression,4,SHAP,weighted,AnyHealthcare,0.03448616901208243,
2017-2020,diag,logistic_regression,4,SHAP,weighted,GenHlth,0.3428238261526263,
2017-2020,diag,logistic_regression,4,SHAP,weighted,MentHlth,0.03345460097067453,
2017-2020,diag,logistic_regression,4,SHAP,weighted,Sex,0.046682750887812006,
2017-2020,diag,logistic_regression,4,SHAP,weighted,Age,0.6972737668852874,
2017-2020,diag,logistic_regression,4,SHAP,weighted,Education,0.07209168695397392,
2017-2020,diag,logistic_regression,4,SHAP,weighted,Income,0.0008339846023126365,
2017-2020,diag,logistic_regression,4,PI,unweighted,Diabetes_self,0.005826092697362973,0.0019423146159210053
2017-2020,diag,logistic_regression,4,PI,unweighted,HighChol,0.023056079407315522,0.0037720734480444955
2017-2020,diag,logistic_regression,4,PI,unweighted,BMI,0.025816849943022156,0.005012198799316985
2017-2020,diag,logistic_regression,4,PI,unweighted,Smoker,-0.0005551393445681896,0.0010801413705086636
2017-2020,diag,logistic_regression,4,PI,unweighted,Stroke,0.0047183973867690795,0.001730857815952575
2017-2020,diag,logistic_regression,4,PI,unweighted,HeartDiseaseorAttack,0.0018941905557421479,0.000896785227947132
2017-2020,diag,logistic_regression,4,PI,unweighted,PhysActivity_LTPA,-0.0001251503382790564,0.00011002513505018371
2017-2020,diag,logistic_regression,4,PI,unweighted,AnyHealthcare,0.0006495761823979929,0.0003143472290812845
2017-2020,diag,logistic_regression,4,PI,unweighted,GenHlth,0.01741369362852744,0.003921088723935397
2017-2020,diag,logistic_regression,4,PI,unweighted,MentHlth,0.001047416477936569,0.00042708627294184867
2017-2020,diag,logistic_regression,4,PI,unweighted,Sex,0.0003504783555934421,0.00033341254333601333
2017-2020,diag,logistic_regression,4,PI,unweighted,Age,0.12409775504404659,0.010622532451073995
2017-2020,diag,logistic_regression,4,PI,unweighted,Education,0.0013623016180560944,0.0012793379292739594
2017-2020,diag,logistic_regression,4,PI,unweighted,Income,2.8704206033181024e-07,1.8219823782101818e-05
2017-2020,diag,logistic_regression,4,PI,weighted,Diabetes_self,0.009006327290365468,
2017-2020,diag,logistic_regression,4,PI,weighted,HighChol,0.015748485664757682,
2017-2020,diag,logistic_regression,4,PI,weighted,BMI,0.025887904095553593,
2017-2020,diag,logistic_regression,4,PI,weighted,Smoker,-0.0010767626428920152,
2017-2020,diag,logistic_regression,4,PI,weighted,Stroke,0.003701433978377344,
2017-2020,diag,logistic_regression,4,PI,weighted,HeartDiseaseorAttack,0.0018788103163396518,
2017-2020,diag,logistic_regression,4,PI,weighted,PhysActivity_LTPA,8.349473876015923e-05,
2017-2020,diag,logistic_regression,4,PI,weighted,AnyHealthcare,0.0009767799227276997,
2017-2020,diag,logistic_regression,4,PI,weighted,GenHlth,0.022983998010949358,
2017-2020,diag,logistic_regression,4,PI,weighted,MentHlth,0.0008134244968989957,
2017-2020,diag,logistic_regression,4,PI,weighted,Sex,0.001335100988968485,
2017-2020,diag,logistic_regression,4,PI,weighted,Age,0.12659425998539794,
2017-2020,diag,logistic_regression,4,PI,weighted,Education,-0.0006355412180599762,
2017-2020,diag,logistic_regression,4,PI,weighted,Income,2.326426070889953e-05,
2017-2020,measured,xgboost,4,SHAP,unweighted,Diabetes_self,0.031099244952201843,
2017-2020,measured,xgboost,4,SHAP,unweighted,HighChol,0.07843228429555893,
2017-2020,measured,xgboost,4,SHAP,unweighted,BMI,0.3270016610622406,
2017-2020,measured,xgboost,4,SHAP,unweighted,Smoker,0.05984004586935043,
2017-2020,measured,xgboost,4,SHAP,unweighted,Stroke,0.046627093106508255,
2017-2020,measured,xgboost,4,SHAP,unweighted,HeartDiseaseorAttack,0.023963557556271553,
2017-2020,measured,xgboost,4,SHAP,unweighted,PhysActivity_LTPA,0.06415314972400665,
2017-2020,measured,xgboost,4,SHAP,unweighted,AnyHealthcare,0.04523554816842079,
2017-2020,measured,xgboost,4,SHAP,unweighted,GenHlth,0.16289635002613068,
2017-2020,measured,xgboost,4,SHAP,unweighted,MentHlth,0.07011988759040833,
2017-2020,measured,xgboost,4,SHAP,unweighted,Sex,0.1389053910970688,
2017-2020,measured,xgboost,4,SHAP,unweighted,Age,0.8313143849372864,
2017-2020,measured,xgboost,4,SHAP,unweighted,Education,0.1313549429178238,
2017-2020,measured,xgboost,4,SHAP,unweighted,Income,0.11510634422302246,
2017-2020,measured,xgboost,4,SHAP,weighted,Diabetes_self,0.029250450972325034,
2017-2020,measured,xgboost,4,SHAP,weighted,HighChol,0.07896347435794773,
2017-2020,measured,xgboost,4,SHAP,weighted,BMI,0.3411211628079845,
2017-2020,measured,xgboost,4,SHAP,weighted,Smoker,0.06217545190525444,
2017-2020,measured,xgboost,4,SHAP,weighted,Stroke,0.04005179683796335,
2017-2020,measured,xgboost,4,SHAP,weighted,HeartDiseaseorAttack,0.022909034683200404,
2017-2020,measured,xgboost,4,SHAP,weighted,PhysActivity_LTPA,0.07060572505022665,
2017-2020,measured,xgboost,4,SHAP,weighted,AnyHealthcare,0.0402080870422244,
2017-2020,measured,xgboost,4,SHAP,weighted,GenHlth,0.17443768055274633,
2017-2020,measured,xgboost,4,SHAP,weighted,MentHlth,0.07101004805312318,
2017-2020,measured,xgboost,4,SHAP,weighted,Sex,0.1460601937350442,
2017-2020,measured,xgboost,4,SHAP,weighted,Age,0.8619677638183937,
2017-2020,measured,xgboost,4,SHAP,weighted,Education,0.12916722735484426,
2017-2020,measured,xgboost,4,SHAP,weighted,Income,0.11935249546398702,
2017-2020,measured,xgboost,4,PI,unweighted,Diabetes_self,0.00147055927724421,0.0014452256268638088
2017-2020,measured,xgboost,4,PI,unweighted,HighChol,0.00021503089592274095,0.0021068892199798805
2017-2020,measured,xgboost,4,PI,unweighted,BMI,0.03225680045054101,0.011084276954478429
2017-2020,measured,xgboost,4,PI,unweighted,Smoker,0.0006458803467275787,0.0032362715538641305
2017-2020,measured,xgboost,4,PI,unweighted,Stroke,0.005170193409657553,0.0026348297717756286
2017-2020,measured,xgboost,4,PI,unweighted,HeartDiseaseorAttack,-0.001722610144259651,0.0012037109259266376
2017-2020,measured,xgboost,4,PI,unweighted,PhysActivity_LTPA,0.0007289783669467753,0.0027588537641768424
2017-2020,measured,xgboost,4,PI,unweighted,AnyHealthcare,0.001208268843756144,0.0019252500638092373
2017-2020,measured,xgboost,4,PI,unweighted,GenHlth,0.008121945360098115,0.0059105702245897855
2017-2020,measured,xgboost,4,PI,unweighted,MentHlth,0.004045416415600478,0.002850300857213945
2017-2020,measured,xgboost,4,PI,unweighted,Sex,0.006695101155101957,0.0045317381703132605
2017-2020,measured,xgboost,4,PI,unweighted,Age,0.17100784902153074,0.02235866179900083
2017-2020,measured,xgboost,4,PI,unweighted,Education,0.0070227672822222535,0.004238582269304435
2017-2020,measured,xgboost,4,PI,unweighted,Income,-0.006374523958616296,0.004283185277602922
2017-2020,measured,xgboost,4,PI,weighted,Diabetes_self,0.0003559497830771585,
2017-2020,measured,xgboost,4,PI,weighted,HighChol,0.0016693355298800338,
2017-2020,measured,xgboost,4,PI,weighted,BMI,0.04367078291753127,
2017-2020,measured,xgboost,4,PI,weighted,Smoker,0.005010017788902654,
2017-2020,measured,xgboost,4,PI,weighted,Stroke,0.005488703926195437,
2017-2020,measured,xgboost,4,PI,weighted,HeartDiseaseorAttack,-0.0018509014283061066,
2017-2020,measured,xgboost,4,PI,weighted,PhysActivity_LTPA,-0.0030416811580996628,
2017-2020,measured,xgboost,4,PI,weighted,AnyHealthcare,-6.653915978760416e-07,
2017-2020,measured,xgboost,4,PI,weighted,GenHlth,0.006959267101145794,
2017-2020,measured,xgboost,4,PI,weighted,MentHlth,0.0032472254238387734,
2017-2020,measured,xgboost,4,PI,weighted,Sex,0.012300570774560949,
2017-2020,measured,xgboost,4,PI,weighted,Age,0.19011167431686204,
2017-2020,measured,xgboost,4,PI,weighted,Education,0.010472283910677971,
2017-2020,measured,xgboost,4,PI,weighted,Income,-0.008094319802473448,
2017-2020,measured,random_forest,4,SHAP,unweighted,Diabetes_self,0.011593047614172822,
2017-2020,measured,random_forest,4,SHAP,unweighted,HighChol,0.01987078745204933,
2017-2020,measured,random_forest,4,SHAP,unweighted,BMI,0.06888221184075762,
2017-2020,measured,random_forest,4,SHAP,unweighted,Smoker,0.01385778551392204,
2017-2020,measured,random_forest,4,SHAP,unweighted,Stroke,0.009916780276447169,
2017-2020,measured,random_forest,4,SHAP,unweighted,HeartDiseaseorAttack,0.004431924644955144,
2017-2020,measured,random_forest,4,SHAP,unweighted,PhysActivity_LTPA,0.016217728226829806,
2017-2020,measured,random_forest,4,SHAP,unweighted,AnyHealthcare,0.007221711073969321,
2017-2020,measured,random_forest,4,SHAP,unweighted,GenHlth,0.027812963532091093,
2017-2020,measured,random_forest,4,SHAP,unweighted,MentHlth,0.013299445193975547,
2017-2020,measured,random_forest,4,SHAP,unweighted,Sex,0.01714767215315423,
2017-2020,measured,random_forest,4,SHAP,unweighted,Age,0.11966825912169411,
2017-2020,measured,random_forest,4,SHAP,unweighted,Education,0.023606370383814735,
2017-2020,measured,random_forest,4,SHAP,unweighted,Income,0.024685451820781436,
2017-2020,measured,random_forest,4,SHAP,weighted,Diabetes_self,0.011750283991601329,
2017-2020,measured,random_forest,4,SHAP,weighted,HighChol,0.02061490025211806,
2017-2020,measured,random_forest,4,SHAP,weighted,BMI,0.07049067776951704,
2017-2020,measured,random_forest,4,SHAP,weighted,Smoker,0.013454951393901462,
2017-2020,measured,random_forest,4,SHAP,weighted,Stroke,0.00881336205626123,
2017-2020,measured,random_forest,4,SHAP,weighted,HeartDiseaseorAttack,0.004100151947622763,
2017-2020,measured,random_forest,4,SHAP,weighted,PhysActivity_LTPA,0.017265430768446145,
2017-2020,measured,random_forest,4,SHAP,weighted,AnyHealthcare,0.006210176330205601,
2017-2020,measured,random_forest,4,SHAP,weighted,GenHlth,0.03095954015345251,
2017-2020,measured,random_forest,4,SHAP,weighted,MentHlth,0.012305691402782313,
2017-2020,measured,random_forest,4,SHAP,weighted,Sex,0.016975283934959538,
2017-2020,measured,random_forest,4,SHAP,weighted,Age,0.1244338954039147,
2017-2020,measured,random_forest,4,SHAP,weighted,Education,0.024637891740273136,
2017-2020,measured,random_forest,4,SHAP,weighted,Income,0.027375593257187376,
2017-2020,measured,random_forest,4,PI,unweighted,Diabetes_self,0.003967241263877708,0.002787020240312061
2017-2020,measured,random_forest,4,PI,unweighted,HighChol,0.009234907469763853,0.006551005059137848
2017-2020,measured,random_forest,4,PI,unweighted,BMI,0.007333104912235211,0.005511122799805022
2017-2020,measured,random_forest,4,PI,unweighted,Smoker,0.0050957596379920585,0.00263062922500404
2017-2020,measured,random_forest,4,PI,unweighted,Stroke,0.0010623550215228983,0.003619502495977164
2017-2020,measured,random_forest,4,PI,unweighted,HeartDiseaseorAttack,-0.0019813561124303546,0.0030863250443113202
2017-2020,measured,random_forest,4,PI,unweighted,PhysActivity_LTPA,-0.004774985526766496,0.003065185169558963
2017-2020,measured,random_forest,4,PI,unweighted,AnyHealthcare,0.003443841885340626,0.0031120210677189654
2017-2020,measured,random_forest,4,PI,unweighted,GenHlth,0.0038827648404795244,0.008123459150877407
2017-2020,measured,random_forest,4,PI,unweighted,MentHlth,0.0008508685909176083,0.0037690772809127592
2017-2020,measured,random_forest,4,PI,unweighted,Sex,0.0060084594572243355,0.006840679645550375
2017-2020,measured,random_forest,4,PI,unweighted,Age,0.15697649231835614,0.024019140974319706
2017-2020,measured,random_forest,4,PI,unweighted,Education,0.00873868232532693,0.007183893607259467
2017-2020,measured,random_forest,4,PI,unweighted,Income,-0.004364221379427014,0.007434445269042734
2017-2020,measured,random_forest,4,PI,weighted,Diabetes_self,-0.005004462722975634,
2017-2020,measured,random_forest,4,PI,weighted,HighChol,0.009080631828832286,
2017-2020,measured,random_forest,4,PI,weighted,BMI,0.0042635225288852,
2017-2020,measured,random_forest,4,PI,weighted,Smoker,0.008562836004819052,
2017-2020,measured,random_forest,4,PI,weighted,Stroke,0.0007198969664657606,
2017-2020,measured,random_forest,4,PI,weighted,HeartDiseaseorAttack,-0.0014712693920369336,
2017-2020,measured,random_forest,4,PI,weighted,PhysActivity_LTPA,-0.012045840316881985,
2017-2020,measured,random_forest,4,PI,weighted,AnyHealthcare,-0.0007150958935186579,
2017-2020,measured,random_forest,4,PI,weighted,GenHlth,7.2267245110002595e-06,
2017-2020,measured,random_forest,4,PI,weighted,MentHlth,-0.0016079993347964839,
2017-2020,measured,random_forest,4,PI,weighted,Sex,0.014965759510085507,
2017-2020,measured,random_forest,4,PI,weighted,Age,0.15932962585024835,
2017-2020,measured,random_forest,4,PI,weighted,Education,-0.002056997889062673,
2017-2020,measured,random_forest,4,PI,weighted,Income,0.002553181545999539,
2017-2020,measured,logistic_regression,4,SHAP,unweighted,Diabetes_self,0.019406866858578488,
2017-2020,measured,logistic_regression,4,SHAP,unweighted,HighChol,0.00043501050753951714,
2017-2020,measured,logistic_regression,4,SHAP,unweighted,BMI,0.15345648767599163,
2017-2020,measured,logistic_regression,4,SHAP,unweighted,Smoker,0.01632007234953095,
2017-2020,measured,logistic_regression,4,SHAP,unweighted,Stroke,0.023348522468479745,
2017-2020,measured,logistic_regression,4,SHAP,unweighted,HeartDiseaseorAttack,0.029880104385908154,
2017-2020,measured,logistic_regression,4,SHAP,unweighted,PhysActivity_LTPA,0.024549671036254866,
2017-2020,measured,logistic_regression,4,SHAP,unweighted,AnyHealthcare,0.05048990818184322,
2017-2020,measured,logistic_regression,4,SHAP,unweighted,GenHlth,0.15433908743656496,
2017-2020,measured,logistic_regression,4,SHAP,unweighted,MentHlth,0.053772822020970994,
2017-2020,measured,logistic_regression,4,SHAP,unweighted,Sex,0.10922591052428204,
2017-2020,measured,logistic_regression,4,SHAP,unweighted,Age,0.7317119557153225,
2017-2020,measured,logistic_regression,4,SHAP,unweighted,Education,0.03420268688707753,
2017-2020,measured,logistic_regression,4,SHAP,unweighted,Income,0.052013685131550066,
2017-2020,measured,logistic_regression,4,SHAP,weighted,Diabetes_self,0.01817793978718315,
2017-2020,measured,logistic_regression,4,SHAP,weighted,HighChol,0.00043221192346381464,
2017-2020,measured,logistic_regression,4,SHAP,weighted,BMI,0.15302880608949254,
2017-2020,measured,logistic_regression,4,SHAP,weighted,Smoker,0.01635804181631178,
2017-2020,measured,logistic_regression,4,SHAP,weighted,Stroke,0.017720836622444013,
2017-2020,measured,logistic_regression,4,SHAP,weighted,HeartDiseaseorAttack,0.027018675070350877,
2017-2020,measured,logistic_regression,4,SHAP,weighted,PhysActivity_LTPA,0.024488732627815344,
2017-2020,measured,logistic_regression,4,SHAP,weighted,AnyHealthcare,0.04795137352508937,
2017-2020,measured,logistic_regression,4,SHAP,weighted,GenHlth,0.16148401475657365,
2017-2020,measured,logistic_regression,4,SHAP,weighted,MentHlth,0.05279175927699006,
2017-2020,measured,logistic_regression,4,SHAP,weighted,Sex,0.10918443589845062,
2017-2020,measured,logistic_regression,4,SHAP,weighted,Age,0.7030998167437643,
2017-2020,measured,logistic_regression,4,SHAP,weighted,Education,0.032262321010451366,
2017-2020,measured,logistic_regression,4,SHAP,weighted,Income,0.054793930737351476,
2017-2020,measured,logistic_regression,4,PI,unweighted,Diabetes_self,0.00032727229764062393,0.0005218632934764872
2017-2020,measured,logistic_regression,4,PI,unweighted,HighChol,-2.2448280343523307e-05,2.5586795481641945e-05
2017-2020,measured,logistic_regression,4,PI,unweighted,BMI,0.009918201617063905,0.0030680753231009847
2017-2020,measured,logistic_regression,4,PI,unweighted,Smoker,-0.0002622904334880327,0.00033963174803303977
2017-2020,measured,logistic_regression,4,PI,unweighted,Stroke,0.00354328382896778,0.0017373666420057302
2017-2020,measured,logistic_regression,4,PI,unweighted,HeartDiseaseorAttack,0.0010672778900192247,0.0015296937255854545
2017-2020,measured,logistic_regression,4,PI,unweighted,PhysActivity_LTPA,0.00012366245662960297,0.0006122198017848561
2017-2020,measured,logistic_regression,4,PI,unweighted,AnyHealthcare,0.00010318332368457473,0.0016920188662490113
2017-2020,measured,logistic_regression,4,PI,unweighted,GenHlth,0.0042344545658621335,0.0037100374982317386
2017-2020,measured,logistic_regression,4,PI,unweighted,MentHlth,0.002134555780038394,0.00133090009736804
2017-2020,measured,logistic_regression,4,PI,unweighted,Sex,0.005155621718908154,0.0015306834664279257
2017-2020,measured,logistic_regression,4,PI,unweighted,Age,0.20796717037457127,0.016426741772110478
2017-2020,measured,logistic_regression,4,PI,unweighted,Education,-0.0003213648554447945,0.0008070068641550517
2017-2020,measured,logistic_regression,4,PI,unweighted,Income,0.00041273329473809903,0.0013792826009906463
2017-2020,measured,logistic_regression,4,PI,weighted,Diabetes_self,0.0005886008009631683,
2017-2020,measured,logistic_regression,4,PI,weighted,HighChol,0.00015045545312100116,
2017-2020,measured,logistic_regression,4,PI,weighted,BMI,0.005399711334823342,
2017-2020,measured,logistic_regression,4,PI,weighted,Smoker,-0.0002817074498499439,
2017-2020,measured,logistic_regression,4,PI,weighted,Stroke,0.002685971011664845,
2017-2020,measured,logistic_regression,4,PI,weighted,HeartDiseaseorAttack,0.0005190691134035474,
2017-2020,measured,logistic_regression,4,PI,weighted,PhysActivity_LTPA,0.001584504555278876,
2017-2020,measured,logistic_regression,4,PI,weighted,AnyHealthcare,-0.0012093718031350286,
2017-2020,measured,logistic_regression,4,PI,weighted,GenHlth,0.0013872239594264646,
2017-2020,measured,logistic_regression,4,PI,weighted,MentHlth,-0.0017904888513854632,
2017-2020,measured,logistic_regression,4,PI,weighted,Sex,0.005143718219850657,
2017-2020,measured,logistic_regression,4,PI,weighted,Age,0.218944380186794,
2017-2020,measured,logistic_regression,4,PI,weighted,Education,0.0001323321580988246,
2017-2020,measured,logistic_regression,4,PI,weighted,Income,0.0003558361309287328,
2017-2020,total,xgboost,4,SHAP,unweighted,Diabetes_self,0.1402963399887085,
2017-2020,total,xgboost,4,SHAP,unweighted,HighChol,0.27247846126556396,
2017-2020,total,xgboost,4,SHAP,unweighted,BMI,0.4063540995121002,
2017-2020,total,xgboost,4,SHAP,unweighted,Smoker,0.09337075799703598,
2017-2020,total,xgboost,4,SHAP,unweighted,Stroke,0.06644654273986816,
2017-2020,total,xgboost,4,SHAP,unweighted,HeartDiseaseorAttack,0.021877745166420937,
2017-2020,total,xgboost,4,SHAP,unweighted,PhysActivity_LTPA,0.05260038375854492,
2017-2020,total,xgboost,4,SHAP,unweighted,AnyHealthcare,0.07025165110826492,
2017-2020,total,xgboost,4,SHAP,unweighted,GenHlth,0.33312711119651794,
2017-2020,total,xgboost,4,SHAP,unweighted,MentHlth,0.05804829299449921,
2017-2020,total,xgboost,4,SHAP,unweighted,Sex,0.12871448695659637,
2017-2020,total,xgboost,4,SHAP,unweighted,Age,0.987882137298584,
2017-2020,total,xgboost,4,SHAP,unweighted,Education,0.11881230026483536,
2017-2020,total,xgboost,4,SHAP,unweighted,Income,0.09969042986631393,
2017-2020,total,xgboost,4,SHAP,weighted,Diabetes_self,0.12952730503246743,
2017-2020,total,xgboost,4,SHAP,weighted,HighChol,0.2659777961913836,
2017-2020,total,xgboost,4,SHAP,weighted,BMI,0.4190610120289671,
2017-2020,total,xgboost,4,SHAP,weighted,Smoker,0.09321050306493243,
2017-2020,total,xgboost,4,SHAP,weighted,Stroke,0.05403872102920874,
2017-2020,total,xgboost,4,SHAP,weighted,HeartDiseaseorAttack,0.0167141496068425,
2017-2020,total,xgboost,4,SHAP,weighted,PhysActivity_LTPA,0.052392499899840544,
2017-2020,total,xgboost,4,SHAP,weighted,AnyHealthcare,0.06421867543766399,
2017-2020,total,xgboost,4,SHAP,weighted,GenHlth,0.34804044905545317,
2017-2020,total,xgboost,4,SHAP,weighted,MentHlth,0.05472011029649272,
2017-2020,total,xgboost,4,SHAP,weighted,Sex,0.1425059376316941,
2017-2020,total,xgboost,4,SHAP,weighted,Age,0.9816996574549863,
2017-2020,total,xgboost,4,SHAP,weighted,Education,0.11414854682810761,
2017-2020,total,xgboost,4,SHAP,weighted,Income,0.10367560708764494,
2017-2020,total,xgboost,4,PI,unweighted,Diabetes_self,0.005836653115609913,0.0014336840975940133
2017-2020,total,xgboost,4,PI,unweighted,HighChol,0.011520211015785287,0.0038654865901634303
2017-2020,total,xgboost,4,PI,unweighted,BMI,0.032287046730750876,0.004985097190541994
2017-2020,total,xgboost,4,PI,unweighted,Smoker,-0.0018898965315640836,0.0012633509712606178
2017-2020,total,xgboost,4,PI,unweighted,Stroke,0.003182640144665361,0.001811880971909492
2017-2020,total,xgboost,4,PI,unweighted,HeartDiseaseorAttack,0.0007042923765108511,0.0008367578161936525
2017-2020,total,xgboost,4,PI,unweighted,PhysActivity_LTPA,-0.001717766387034614,0.0012642239743440576
2017-2020,total,xgboost,4,PI,unweighted,AnyHealthcare,0.002462575969761527,0.001287455779325969
2017-2020,total,xgboost,4,PI,unweighted,GenHlth,0.017929815497151457,0.004369649822612996
2017-2020,total,xgboost,4,PI,unweighted,MentHlth,0.0002841642986307513,0.001677440528782621
2017-2020,total,xgboost,4,PI,unweighted,Sex,0.005449428272308143,0.00160711993745359
2017-2020,total,xgboost,4,PI,unweighted,Age,0.16639763966879215,0.014127322954268716
2017-2020,total,xgboost,4,PI,unweighted,Education,0.0021183156807025984,0.0028500187619325706
2017-2020,total,xgboost,4,PI,unweighted,Income,-0.002228990197011582,0.0018737367859097632
2017-2020,total,xgboost,4,PI,weighted,Diabetes_self,0.005373110997101282,
2017-2020,total,xgboost,4,PI,weighted,HighChol,0.006061647630810796,
2017-2020,total,xgboost,4,PI,weighted,BMI,0.03438337355776859,
2017-2020,total,xgboost,4,PI,weighted,Smoker,-0.0015263063663472076,
2017-2020,total,xgboost,4,PI,weighted,Stroke,0.0023793382128594496,
2017-2020,total,xgboost,4,PI,weighted,HeartDiseaseorAttack,-2.097217394864126e-05,
2017-2020,total,xgboost,4,PI,weighted,PhysActivity_LTPA,-0.002817128144570369,
2017-2020,total,xgboost,4,PI,weighted,AnyHealthcare,0.002439992248480871,
2017-2020,total,xgboost,4,PI,weighted,GenHlth,0.022278821363300793,
2017-2020,total,xgboost,4,PI,weighted,MentHlth,0.00106657827322294,
2017-2020,total,xgboost,4,PI,weighted,Sex,0.006604163309967948,
2017-2020,total,xgboost,4,PI,weighted,Age,0.16760663639831122,
2017-2020,total,xgboost,4,PI,weighted,Education,0.0006529430579715445,
2017-2020,total,xgboost,4,PI,weighted,Income,-0.008641831988054894,
2017-2020,total,random_forest,4,SHAP,unweighted,Diabetes_self,0.03509376958858053,
2017-2020,total,random_forest,4,SHAP,unweighted,HighChol,0.06697146825432268,
2017-2020,total,random_forest,4,SHAP,unweighted,BMI,0.05513054380718333,
2017-2020,total,random_forest,4,SHAP,unweighted,Smoker,0.018081092721660842,
2017-2020,total,random_forest,4,SHAP,unweighted,Stroke,0.010825017858882477,
2017-2020,total,random_forest,4,SHAP,unweighted,HeartDiseaseorAttack,0.008726786450899294,
2017-2020,total,random_forest,4,SHAP,unweighted,PhysActivity_LTPA,0.010870517552230372,
2017-2020,total,random_forest,4,SHAP,unweighted,AnyHealthcare,0.010426675057568762,
2017-2020,total,random_forest,4,SHAP,unweighted,GenHlth,0.04902860108719922,
2017-2020,total,random_forest,4,SHAP,unweighted,MentHlth,0.00775676027471628,
2017-2020,total,random_forest,4,SHAP,unweighted,Sex,0.01553912863285803,
2017-2020,total,random_forest,4,SHAP,unweighted,Age,0.15324194593010843,
2017-2020,total,random_forest,4,SHAP,unweighted,Education,0.014163695500675887,
2017-2020,total,random_forest,4,SHAP,unweighted,Income,0.0119786621996456,
2017-2020,total,random_forest,4,SHAP,weighted,Diabetes_self,0.03301132741861619,
2017-2020,total,random_forest,4,SHAP,weighted,HighChol,0.06529899989637834,
2017-2020,total,random_forest,4,SHAP,weighted,BMI,0.05637154930811698,
2017-2020,total,random_forest,4,SHAP,weighted,Smoker,0.01851028592007314,
2017-2020,total,random_forest,4,SHAP,weighted,Stroke,0.009329874907465304,
2017-2020,total,random_forest,4,SHAP,weighted,HeartDiseaseorAttack,0.007923802810127806,
2017-2020,total,random_forest,4,SHAP,weighted,PhysActivity_LTPA,0.01137350726436924,
2017-2020,total,random_forest,4,SHAP,weighted,AnyHealthcare,0.009167094495290552,
2017-2020,total,random_forest,4,SHAP,weighted,GenHlth,0.0512973648620245,
2017-2020,total,random_forest,4,SHAP,weighted,MentHlth,0.007640379439943374,
2017-2020,total,random_forest,4,SHAP,weighted,Sex,0.016611398978324792,
2017-2020,total,random_forest,4,SHAP,weighted,Age,0.1512600894757147,
2017-2020,total,random_forest,4,SHAP,weighted,Education,0.014519332925271768,
2017-2020,total,random_forest,4,SHAP,weighted,Income,0.012755719588474278,
2017-2020,total,random_forest,4,PI,unweighted,Diabetes_self,0.009971311642578518,0.0031449919175842657
2017-2020,total,random_forest,4,PI,unweighted,HighChol,0.012736271057390402,0.004810445478214531
2017-2020,total,random_forest,4,PI,unweighted,BMI,0.027224299446627485,0.005558974175368939
2017-2020,total,random_forest,4,PI,unweighted,Smoker,0.0031305660172130877,0.0029291545886994505
2017-2020,total,random_forest,4,PI,unweighted,Stroke,0.0011430474921481416,0.0016852216595338717
2017-2020,total,random_forest,4,PI,unweighted,HeartDiseaseorAttack,0.0006010958680608081,0.0015771255055877877
2017-2020,total,random_forest,4,PI,unweighted,PhysActivity_LTPA,-0.001622999632897737,0.0021709270724206914
2017-2020,total,random_forest,4,PI,unweighted,AnyHealthcare,0.0038234374362670076,0.001063969775268218
2017-2020,total,random_forest,4,PI,unweighted,GenHlth,0.010665542699424902,0.00360847153934663
2017-2020,total,random_forest,4,PI,unweighted,MentHlth,0.0005308025941889837,0.0013711126004716187
2017-2020,total,random_forest,4,PI,unweighted,Sex,0.004078233558580091,0.002305288330530843
2017-2020,total,random_forest,4,PI,unweighted,Age,0.1618946552638377,0.013302574127993329
2017-2020,total,random_forest,4,PI,unweighted,Education,0.0025863030088785098,0.003033659405532515
2017-2020,total,random_forest,4,PI,unweighted,Income,0.0010974996260996405,0.002885323607044157
2017-2020,total,random_forest,4,PI,weighted,Diabetes_self,0.011505581485270023,
2017-2020,total,random_forest,4,PI,weighted,HighChol,0.01072263795753895,
2017-2020,total,random_forest,4,PI,weighted,BMI,0.031353311195607726,
2017-2020,total,random_forest,4,PI,weighted,Smoker,0.004195622946931221,
2017-2020,total,random_forest,4,PI,weighted,Stroke,0.001645315836693595,
2017-2020,total,random_forest,4,PI,weighted,HeartDiseaseorAttack,0.00031379706419720765,
2017-2020,total,random_forest,4,PI,weighted,PhysActivity_LTPA,-0.005083443810314003,
2017-2020,total,random_forest,4,PI,weighted,AnyHealthcare,0.004262661324705342,
2017-2020,total,random_forest,4,PI,weighted,GenHlth,0.015684419835280683,
2017-2020,total,random_forest,4,PI,weighted,MentHlth,0.00037957934173969975,
2017-2020,total,random_forest,4,PI,weighted,Sex,0.005254369080699583,
2017-2020,total,random_forest,4,PI,weighted,Age,0.15890628247872113,
2017-2020,total,random_forest,4,PI,weighted,Education,0.0032531693000935834,
2017-2020,total,random_forest,4,PI,weighted,Income,0.0012356288942429571,
2017-2020,total,logistic_regression,4,SHAP,unweighted,Diabetes_self,0.1266109762558349,
2017-2020,total,logistic_regression,4,SHAP,unweighted,HighChol,0.2708485676967479,
2017-2020,total,logistic_regression,4,SHAP,unweighted,BMI,0.30669860943849,
2017-2020,total,logistic_regression,4,SHAP,unweighted,Smoker,0.07032571228958204,
2017-2020,total,logistic_regression,4,SHAP,unweighted,Stroke,0.045766315703722776,
2017-2020,total,logistic_regression,4,SHAP,unweighted,HeartDiseaseorAttack,0.0003504263297361275,
2017-2020,total,logistic_regression,4,SHAP,unweighted,PhysActivity_LTPA,0.008497496450495762,
2017-2020,total,logistic_regression,4,SHAP,unweighted,AnyHealthcare,0.04390038159022503,
2017-2020,total,logistic_regression,4,SHAP,unweighted,GenHlth,0.2889371240586509,
2017-2020,total,logistic_regression,4,SHAP,unweighted,MentHlth,0.012987796164834644,
2017-2020,total,logistic_regression,4,SHAP,unweighted,Sex,0.11391490867144129,
2017-2020,total,logistic_regression,4,SHAP,unweighted,Age,0.8419140712848601,
2017-2020,total,logistic_regression,4,SHAP,unweighted,Education,0.03487100516261591,
2017-2020,total,logistic_regression,4,SHAP,unweighted,Income,0.025103152678594302,
2017-2020,total,logistic_regression,4,SHAP,weighted,Diabetes_self,0.1185934195121052,
2017-2020,total,logistic_regression,4,SHAP,weighted,HighChol,0.2691060983187689,
2017-2020,total,logistic_regression,4,SHAP,weighted,BMI,0.3058438437009961,
2017-2020,total,logistic_regression,4,SHAP,weighted,Smoker,0.07048932858609533,
2017-2020,total,logistic_regression,4,SHAP,weighted,Stroke,0.034735277338929636,
2017-2020,total,logistic_regression,4,SHAP,weighted,HeartDiseaseorAttack,0.00031686820825502053,
2017-2020,total,logistic_regression,4,SHAP,weighted,PhysActivity_LTPA,0.008476403544255103,
2017-2020,total,logistic_regression,4,SHAP,weighted,AnyHealthcare,0.04169315554992283,
2017-2020,total,logistic_regression,4,SHAP,weighted,GenHlth,0.302313092426357,
2017-2020,total,logistic_regression,4,SHAP,weighted,MentHlth,0.012750839232598834,
2017-2020,total,logistic_regression,4,SHAP,weighted,Sex,0.11387165356657512,
2017-2020,total,logistic_regression,4,SHAP,weighted,Age,0.8089926980292275,
2017-2020,total,logistic_regression,4,SHAP,weighted,Education,0.03289272466305815,
2017-2020,total,logistic_regression,4,SHAP,weighted,Income,0.02644497127402508,
2017-2020,total,logistic_regression,4,PI,unweighted,Diabetes_self,0.0048261703082299046,0.0014169402745423062
2017-2020,total,logistic_regression,4,PI,unweighted,HighChol,0.011194441800704303,0.0019302758346702073
2017-2020,total,logistic_regression,4,PI,unweighted,BMI,0.024226026186623874,0.003845846185859449
2017-2020,total,logistic_regression,4,PI,unweighted,Smoker,0.0003418129410324933,0.0010339206800503333
2017-2020,total,logistic_regression,4,PI,unweighted,Stroke,0.003652530965750722,0.0016369898088442855
2017-2020,total,logistic_regression,4,PI,unweighted,HeartDiseaseorAttack,-1.0605174781419536e-05,1.5876937091732643e-05
2017-2020,total,logistic_regression,4,PI,unweighted,PhysActivity_LTPA,-0.00012073583597334014,8.493721603997878e-05
2017-2020,total,logistic_regression,4,PI,unweighted,AnyHealthcare,0.00044324192035245514,0.00041675415700870744
2017-2020,total,logistic_regression,4,PI,unweighted,GenHlth,0.01666127343675646,0.00336037476115244
2017-2020,total,logistic_regression,4,PI,unweighted,MentHlth,0.0002085684373682728,0.00019070266300189246
2017-2020,total,logistic_regression,4,PI,unweighted,Sex,0.0028111870997566623,0.0008188504139542629
2017-2020,total,logistic_regression,4,PI,unweighted,Age,0.17082081333532745,0.014450450764815282
2017-2020,total,logistic_regression,4,PI,unweighted,Education,5.2753946348649273e-05,0.00033998383936255144
2017-2020,total,logistic_regression,4,PI,unweighted,Income,5.438551169969497e-05,0.00019257386718605476
2017-2020,total,logistic_regression,4,PI,weighted,Diabetes_self,0.007058016732514405,
2017-2020,total,logistic_regression,4,PI,weighted,HighChol,0.005573162266507703,
2017-2020,total,logistic_regression,4,PI,weighted,BMI,0.02661143627152991,
2017-2020,total,logistic_regression,4,PI,weighted,Smoker,0.0005020307327638918,
2017-2020,total,logistic_regression,4,PI,weighted,Stroke,0.003790957569952247,
2017-2020,total,logistic_regression,4,PI,weighted,HeartDiseaseorAttack,-2.663530607052156e-05,
2017-2020,total,logistic_regression,4,PI,weighted,PhysActivity_LTPA,-0.00033679051251210844,
2017-2020,total,logistic_regression,4,PI,weighted,AnyHealthcare,0.0011865455899582101,
2017-2020,total,logistic_regression,4,PI,weighted,GenHlth,0.02273442895503299,
2017-2020,total,logistic_regression,4,PI,weighted,MentHlth,0.0002856796902484859,
2017-2020,total,logistic_regression,4,PI,weighted,Sex,0.0032662786540302857,
2017-2020,total,logistic_regression,4,PI,weighted,Age,0.1784675690431806,
2017-2020,total,logistic_regression,4,PI,weighted,Education,-0.0003509150485832335,
2017-2020,total,logistic_regression,4,PI,weighted,Income,-0.0002625986485881637,
2021-2023,diag,xgboost,0,SHAP,unweighted,Diabetes_self,0.17503131926059723,
2021-2023,diag,xgboost,0,SHAP,unweighted,HighChol,0.3767137825489044,
2021-2023,diag,xgboost,0,SHAP,unweighted,BMI,0.47238582372665405,
2021-2023,diag,xgboost,0,SHAP,unweighted,Smoker,0.06535756587982178,
2021-2023,diag,xgboost,0,SHAP,unweighted,Stroke,0.042498115450143814,
2021-2023,diag,xgboost,0,SHAP,unweighted,HeartDiseaseorAttack,0.10514882951974869,
2021-2023,diag,xgboost,0,SHAP,unweighted,PhysActivity_LTPA,0.04149710014462471,
2021-2023,diag,xgboost,0,SHAP,unweighted,AnyHealthcare,0.04107724502682686,
2021-2023,diag,xgboost,0,SHAP,unweighted,GenHlth,0.364417165517807,
2021-2023,diag,xgboost,0,SHAP,unweighted,MentHlth,0.07609201967716217,
2021-2023,diag,xgboost,0,SHAP,unweighted,Sex,0.09824984520673752,
2021-2023,diag,xgboost,0,SHAP,unweighted,Age,0.7749561071395874,
2021-2023,diag,xgboost,0,SHAP,unweighted,Education,0.1333194226026535,
2021-2023,diag,xgboost,0,SHAP,unweighted,Income,0.12840229272842407,
2021-2023,diag,xgboost,0,SHAP,weighted,Diabetes_self,0.1623177472127003,
2021-2023,diag,xgboost,0,SHAP,weighted,HighChol,0.3897077475432751,
2021-2023,diag,xgboost,0,SHAP,weighted,BMI,0.45475280296683895,
2021-2023,diag,xgboost,0,SHAP,weighted,Smoker,0.06067636767795211,
2021-2023,diag,xgboost,0,SHAP,weighted,Stroke,0.03696181790654998,
2021-2023,diag,xgboost,0,SHAP,weighted,HeartDiseaseorAttack,0.09305068999535916,
2021-2023,diag,xgboost,0,SHAP,weighted,PhysActivity_LTPA,0.03956682441145,
2021-2023,diag,xgboost,0,SHAP,weighted,AnyHealthcare,0.04535374160767345,
2021-2023,diag,xgboost,0,SHAP,weighted,GenHlth,0.36746063163158604,
2021-2023,diag,xgboost,0,SHAP,weighted,MentHlth,0.07709133926652177,
2021-2023,diag,xgboost,0,SHAP,weighted,Sex,0.09473939134933537,
2021-2023,diag,xgboost,0,SHAP,weighted,Age,0.8645439631175746,
2021-2023,diag,xgboost,0,SHAP,weighted,Education,0.13406907749597638,
2021-2023,diag,xgboost,0,SHAP,weighted,Income,0.13471816221700103,
2021-2023,diag,xgboost,0,PI,unweighted,Diabetes_self,0.015567848666759542,0.003274252527550069
2021-2023,diag,xgboost,0,PI,unweighted,HighChol,0.021976941691097616,0.0025686239193918902
2021-2023,diag,xgboost,0,PI,unweighted,BMI,0.0295229536041694,0.009216236669282375
2021-2023,diag,xgboost,0,PI,unweighted,Smoker,0.0011878170226626295,0.0012481287565790145
2021-2023,diag,xgboost,0,PI,unweighted,Stroke,-1.7450788777573224e-06,0.0015346953184565758
2021-2023,diag,xgboost,0,PI,unweighted,HeartDiseaseorAttack,0.006988459211689524,0.0019318060833142833
2021-2023,diag,xgboost,0,PI,unweighted,PhysActivity_LTPA,-0.0006212480804134168,0.0021589709518108316
2021-2023,diag,xgboost,0,PI,unweighted,AnyHealthcare,0.001795686165014443,0.0013747979292807364
2021-2023,diag,xgboost,0,PI,unweighted,GenHlth,0.031545209176787915,0.003759257974758161
2021-2023,diag,xgboost,0,PI,unweighted,MentHlth,0.0027973614407369564,0.0018850970855057109
2021-2023,diag,xgboost,0,PI,unweighted,Sex,-0.001064498115315038,0.002956702453873851
2021-2023,diag,xgboost,0,PI,unweighted,Age,0.10672553399413638,0.013331710564594512
2021-2023,diag,xgboost,0,PI,unweighted,Education,-0.0006736004467403633,0.0032360231273465398
2021-2023,diag,xgboost,0,PI,unweighted,Income,0.001993461771138516,0.003932514632511795
2021-2023,diag,xgboost,0,PI,weighted,Diabetes_self,0.014343468885510746,
2021-2023,diag,xgboost,0,PI,weighted,HighChol,0.023146579858551695,
2021-2023,diag,xgboost,0,PI,weighted,BMI,0.025767435330641963,
2021-2023,diag,xgboost,0,PI,weighted,Smoker,0.001190493288831529,
2021-2023,diag,xgboost,0,PI,weighted,Stroke,-0.00040508217738846055,
2021-2023,diag,xgboost,0,PI,weighted,HeartDiseaseorAttack,0.005511988464475093,
2021-2023,diag,xgboost,0,PI,weighted,PhysActivity_LTPA,0.00021742579519044015,
2021-2023,diag,xgboost,0,PI,weighted,AnyHealthcare,0.0015412403955417098,
2021-2023,diag,xgboost,0,PI,weighted,GenHlth,0.03067154939228598,
2021-2023,diag,xgboost,0,PI,weighted,MentHlth,0.00413811895566697,
2021-2023,diag,xgboost,0,PI,weighted,Sex,-0.0014357951077966558,
2021-2023,diag,xgboost,0,PI,weighted,Age,0.12577553641956563,
2021-2023,diag,xgboost,0,PI,weighted,Education,-0.002341602341542193,
2021-2023,diag,xgboost,0,PI,weighted,Income,0.004154107923684869,
2021-2023,diag,random_forest,0,SHAP,unweighted,Diabetes_self,0.038656838297416306,
2021-2023,diag,random_forest,0,SHAP,unweighted,HighChol,0.07709962734404127,
2021-2023,diag,random_forest,0,SHAP,unweighted,BMI,0.0708309543960304,
2021-2023,diag,random_forest,0,SHAP,unweighted,Smoker,0.01291957335198273,
2021-2023,diag,random_forest,0,SHAP,unweighted,Stroke,0.006612494347462485,
2021-2023,diag,random_forest,0,SHAP,unweighted,HeartDiseaseorAttack,0.021464952923116523,
2021-2023,diag,random_forest,0,SHAP,unweighted,PhysActivity_LTPA,0.008475238108524174,
2021-2023,diag,random_forest,0,SHAP,unweighted,AnyHealthcare,0.005679253302380021,
2021-2023,diag,random_forest,0,SHAP,unweighted,GenHlth,0.053249297645933474,
2021-2023,diag,random_forest,0,SHAP,unweighted,MentHlth,0.010584923000138503,
2021-2023,diag,random_forest,0,SHAP,unweighted,Sex,0.012401034921873095,
2021-2023,diag,random_forest,0,SHAP,unweighted,Age,0.10999464493968393,
2021-2023,diag,random_forest,0,SHAP,unweighted,Education,0.01994283166580724,
2021-2023,diag,random_forest,0,SHAP,unweighted,Income,0.017533330103499313,
2021-2023,diag,random_forest,0,SHAP,weighted,Diabetes_self,0.03592171469124729,
2021-2023,diag,random_forest,0,SHAP,weighted,HighChol,0.07793322037702222,
2021-2023,diag,random_forest,0,SHAP,weighted,BMI,0.06721052078369094,
2021-2023,diag,random_forest,0,SHAP,weighted,Smoker,0.012332904614034601,
2021-2023,diag,random_forest,0,SHAP,weighted,Stroke,0.006078257085255811,
2021-2023,diag,random_forest,0,SHAP,weighted,HeartDiseaseorAttack,0.019594505090904962,
2021-2023,diag,random_forest,0,SHAP,weighted,PhysActivity_LTPA,0.007745455432064412,
2021-2023,diag,random_forest,0,SHAP,weighted,AnyHealthcare,0.005933558372230811,
2021-2023,diag,random_forest,0,SHAP,weighted,GenHlth,0.052808120182541454,
2021-2023,diag,random_forest,0,SHAP,weighted,MentHlth,0.010466531456881043,
2021-2023,diag,random_forest,0,SHAP,weighted,Sex,0.011543445093090384,
2021-2023,diag,random_forest,0,SHAP,weighted,Age,0.12139956048756936,
2021-2023,diag,random_forest,0,SHAP,weighted,Education,0.018745112975214345,
2021-2023,diag,random_forest,0,SHAP,weighted,Income,0.017569439567422768,
2021-2023,diag,random_forest,0,PI,unweighted,Diabetes_self,0.013758783563683753,0.002891521685741136
2021-2023,diag,random_forest,0,PI,unweighted,HighChol,0.0294816534040672,0.003460779131994509
2021-2023,diag,random_forest,0,PI,unweighted,BMI,0.03125843454790824,0.0078079509862404904
2021-2023,diag,random_forest,0,PI,unweighted,Smoker,-0.0026749150728279437,0.0019344374275967469
2021-2023,diag,random_forest,0,PI,unweighted,Stroke,-0.00030509795709429135,0.0009497136984719516
2021-2023,diag,random_forest,0,PI,unweighted,HeartDiseaseorAttack,0.00892375168690961,0.0025880871641931432
2021-2023,diag,random_forest,0,PI,unweighted,PhysActivity_LTPA,0.0023357880776211483,0.0033607530204174565
2021-2023,diag,random_forest,0,PI,unweighted,AnyHealthcare,0.001420494206338152,0.0012749146535139852
2021-2023,diag,random_forest,0,PI,unweighted,GenHlth,0.023336358136721115,0.0064594625230624736
2021-2023,diag,random_forest,0,PI,unweighted,MentHlth,0.00010557727209272726,0.0017758077388747907
2021-2023,diag,random_forest,0,PI,unweighted,Sex,0.002736574526501967,0.003005290777981264
2021-2023,diag,random_forest,0,PI,unweighted,Age,0.0900370538415003,0.015428471685813416
2021-2023,diag,random_forest,0,PI,unweighted,Education,-0.005120933966215269,0.004933325272400979
2021-2023,diag,random_forest,0,PI,unweighted,Income,0.004870805993764282,0.004787445972256096
2021-2023,diag,random_forest,0,PI,weighted,Diabetes_self,0.012262358661828166,
2021-2023,diag,random_forest,0,PI,weighted,HighChol,0.031720245876373454,
2021-2023,diag,random_forest,0,PI,weighted,BMI,0.033265742686023655,
2021-2023,diag,random_forest,0,PI,weighted,Smoker,0.0008733234277087498,
2021-2023,diag,random_forest,0,PI,weighted,Stroke,-0.0010602598305417877,
2021-2023,diag,random_forest,0,PI,weighted,HeartDiseaseorAttack,0.008113571626339633,
2021-2023,diag,random_forest,0,PI,weighted,PhysActivity_LTPA,0.001984701887533391,
2021-2023,diag,random_forest,0,PI,weighted,AnyHealthcare,0.0013200340073929006,
2021-2023,diag,random_forest,0,PI,weighted,GenHlth,0.028737980965323484,
2021-2023,diag,random_forest,0,PI,weighted,MentHlth,0.0034999769451732553,
2021-2023,diag,random_forest,0,PI,weighted,Sex,0.003985421146161572,
2021-2023,diag,random_forest,0,PI,weighted,Age,0.11244289638216362,
2021-2023,diag,random_forest,0,PI,weighted,Education,-0.006403878462645752,
2021-2023,diag,random_forest,0,PI,weighted,Income,0.006537841557708357,
2021-2023,diag,logistic_regression,0,SHAP,unweighted,Diabetes_self,0.16409385516260272,
2021-2023,diag,logistic_regression,0,SHAP,unweighted,HighChol,0.3405007208968188,
2021-2023,diag,logistic_regression,0,SHAP,unweighted,BMI,0.3659463384538374,
2021-2023,diag,logistic_regression,0,SHAP,unweighted,Smoker,0.05168555320697342,
2021-2023,diag,logistic_regression,0,SHAP,unweighted,Stroke,0.043569075454809925,
2021-2023,diag,logistic_regression,0,SHAP,unweighted,HeartDiseaseorAttack,0.07119413149484488,
2021-2023,diag,logistic_regression,0,SHAP,unweighted,PhysActivity_LTPA,0.008097146575543822,
2021-2023,diag,logistic_regression,0,SHAP,unweighted,AnyHealthcare,0.04830192963188772,
2021-2023,diag,logistic_regression,0,SHAP,unweighted,GenHlth,0.294369341287468,
2021-2023,diag,logistic_regression,0,SHAP,unweighted,MentHlth,0.007670704699237012,
2021-2023,diag,logistic_regression,0,SHAP,unweighted,Sex,0.07359023212628515,
2021-2023,diag,logistic_regression,0,SHAP,unweighted,Age,0.652676857830136,
2021-2023,diag,logistic_regression,0,SHAP,unweighted,Education,0.012623792212899916,
2021-2023,diag,logistic_regression,0,SHAP,unweighted,Income,0.05067121173948106,
2021-2023,diag,logistic_regression,0,SHAP,weighted,Diabetes_self,0.15123802677554218,
2021-2023,diag,logistic_regression,0,SHAP,weighted,HighChol,0.328799776771271,
2021-2023,diag,logistic_regression,0,SHAP,weighted,BMI,0.353132835154945,
2021-2023,diag,logistic_regression,0,SHAP,weighted,Smoker,0.05141026536965917,
2021-2023,diag,logistic_regression,0,SHAP,weighted,Stroke,0.03770853489890275,
2021-2023,diag,logistic_regression,0,SHAP,weighted,HeartDiseaseorAttack,0.0635360738110103,
2021-2023,diag,logistic_regression,0,SHAP,weighted,PhysActivity_LTPA,0.007909974374199413,
2021-2023,diag,logistic_regression,0,SHAP,weighted,AnyHealthcare,0.05106190231085887,
2021-2023,diag,logistic_regression,0,SHAP,weighted,GenHlth,0.2939929215844374,
2021-2023,diag,logistic_regression,0,SHAP,weighted,MentHlth,0.007441462371831866,
2021-2023,diag,logistic_regression,0,SHAP,weighted,Sex,0.0763273917473341,
2021-2023,diag,logistic_regression,0,SHAP,weighted,Age,0.6745903632739206,
2021-2023,diag,logistic_regression,0,SHAP,weighted,Education,0.012268019625711323,
2021-2023,diag,logistic_regression,0,SHAP,weighted,Income,0.05046935823854107,
2021-2023,diag,logistic_regression,0,PI,unweighted,Diabetes_self,0.010550165200800488,0.0021453953793459583
2021-2023,diag,logistic_regression,0,PI,unweighted,HighChol,0.022802945693145373,0.003594702895178475
2021-2023,diag,logistic_regression,0,PI,unweighted,BMI,0.02645655916980786,0.006969666186690438
2021-2023,diag,logistic_regression,0,PI,unweighted,Smoker,0.00014251477500120123,0.0005678244022203194
2021-2023,diag,logistic_regression,0,PI,unweighted,Stroke,-0.0009411792079668246,0.0013184524858549317
2021-2023,diag,logistic_regression,0,PI,unweighted,HeartDiseaseorAttack,0.004723928521569265,0.001817932331941668
2021-2023,diag,logistic_regression,0,PI,unweighted,PhysActivity_LTPA,0.00018905021173626357,9.376811114406727e-05
2021-2023,diag,logistic_regression,0,PI,unweighted,AnyHealthcare,0.0012523849411327226,0.0008634880781498643
2021-2023,diag,logistic_regression,0,PI,unweighted,GenHlth,0.022249173995998028,0.004152752805484829
2021-2023,diag,logistic_regression,0,PI,unweighted,MentHlth,5.9914374796465886e-05,0.0001421772307761894
2021-2023,diag,logistic_regression,0,PI,unweighted,Sex,-8.143701428553474e-06,0.000951512425929383
2021-2023,diag,logistic_regression,0,PI,unweighted,Age,0.10899704499976734,0.013466067235891431
2021-2023,diag,logistic_regression,0,PI,unweighted,Education,0.0003222578993904102,0.00022220671040996154
2021-2023,diag,logistic_regression,0,PI,unweighted,Income,0.0014856438177673127,0.00046103855185844445
2021-2023,diag,logistic_regression,0,PI,weighted,Diabetes_self,0.011119910156593926,
2021-2023,diag,logistic_regression,0,PI,weighted,HighChol,0.01920048331371188,
2021-2023,diag,logistic_regression,0,PI,weighted,BMI,0.0242747632041992,
2021-2023,diag,logistic_regression,0,PI,weighted,Smoker,0.00013995120519700867,
2021-2023,diag,logistic_regression,0,PI,weighted,Stroke,-0.0010268258689041464,
2021-2023,diag,logistic_regression,0,PI,weighted,HeartDiseaseorAttack,0.0037255951138070566,
2021-2023,diag,logistic_regression,0,PI,weighted,PhysActivity_LTPA,0.00026073278612778197,
2021-2023,diag,logistic_regression,0,PI,weighted,AnyHealthcare,0.0015609406472120503,
2021-2023,diag,logistic_regression,0,PI,weighted,GenHlth,0.021889688674066998,
2021-2023,diag,logistic_regression,0,PI,weighted,MentHlth,-6.419454822768068e-05,
2021-2023,diag,logistic_regression,0,PI,weighted,Sex,-0.001748862294532172,
2021-2023,diag,logistic_regression,0,PI,weighted,Age,0.11882904255677924,
2021-2023,diag,logistic_regression,0,PI,weighted,Education,0.00011331276100254862,
2021-2023,diag,logistic_regression,0,PI,weighted,Income,0.001467421473652919,
2021-2023,measured,xgboost,0,SHAP,unweighted,Diabetes_self,0.044177502393722534,
2021-2023,measured,xgboost,0,SHAP,unweighted,HighChol,0.08293257653713226,
2021-2023,measured,xgboost,0,SHAP,unweighted,BMI,0.3803161084651947,
2021-2023,measured,xgboost,0,SHAP,unweighted,Smoker,0.07329891622066498,
2021-2023,measured,xgboost,0,SHAP,unweighted,Stroke,0.051374368369579315,
2021-2023,measured,xgboost,0,SHAP,unweighted,HeartDiseaseorAttack,0.01510530710220337,
2021-2023,measured,xgboost,0,SHAP,unweighted,PhysActivity_LTPA,0.11730402708053589,
2021-2023,measured,xgboost,0,SHAP,unweighted,AnyHealthcare,0.03833843395113945,
2021-2023,measured,xgboost,0,SHAP,unweighted,GenHlth,0.1173076257109642,
2021-2023,measured,xgboost,0,SHAP,unweighted,MentHlth,0.09701627492904663,
2021-2023,measured,xgboost,0,SHAP,unweighted,Sex,0.10578696429729462,
2021-2023,measured,xgboost,0,SHAP,unweighted,Age,0.720868706703186,
2021-2023,measured,xgboost,0,SHAP,unweighted,Education,0.12624460458755493,
2021-2023,measured,xgboost,0,SHAP,unweighted,Income,0.21001079678535461,
2021-2023,measured,xgboost,0,SHAP,weighted,Diabetes_self,0.042662948757514474,
2021-2023,measured,xgboost,0,SHAP,weighted,HighChol,0.08223222930619681,
2021-2023,measured,xgboost,0,SHAP,weighted,BMI,0.39594861457203967,
2021-2023,measured,xgboost,0,SHAP,weighted,Smoker,0.07299613387449147,
2021-2023,measured,xgboost,0,SHAP,weighted,Stroke,0.0455717025650369,
2021-2023,measured,xgboost,0,SHAP,weighted,HeartDiseaseorAttack,0.013296782122307286,
2021-2023,measured,xgboost,0,SHAP,weighted,PhysActivity_LTPA,0.11441078921656347,
2021-2023,measured,xgboost,0,SHAP,weighted,AnyHealthcare,0.039434028605977514,
2021-2023,measured,xgboost,0,SHAP,weighted,GenHlth,0.11779458171123178,
2021-2023,measured,xgboost,0,SHAP,weighted,MentHlth,0.09056606735838604,
2021-2023,measured,xgboost,0,SHAP,weighted,Sex,0.11337067616423399,
2021-2023,measured,xgboost,0,SHAP,weighted,Age,0.8450895865879798,
2021-2023,measured,xgboost,0,SHAP,weighted,Education,0.12363612618831088,
2021-2023,measured,xgboost,0,SHAP,weighted,Income,0.21367978160593418,
2021-2023,measured,xgboost,0,PI,unweighted,Diabetes_self,8.602150537628805e-05,0.0029660623192719277
2021-2023,measured,xgboost,0,PI,unweighted,HighChol,0.0002935951379148483,0.003755559770473935
2021-2023,measured,xgboost,0,PI,unweighted,BMI,0.023203833567087318,0.01550328551853978
2021-2023,measured,xgboost,0,PI,unweighted,Smoker,0.004110331930808742,0.003527655032006342
2021-2023,measured,xgboost,0,PI,unweighted,Stroke,0.007061243571762433,0.002082648150693702
2021-2023,measured,xgboost,0,PI,unweighted,HeartDiseaseorAttack,-5.1425899953316814e-05,0.0011411356625735595
2021-2023,measured,xgboost,0,PI,unweighted,PhysActivity_LTPA,-0.002108461898083258,0.005383444302376411
2021-2023,measured,xgboost,0,PI,unweighted,AnyHealthcare,-0.0002730247779336614,0.002603371013886912
2021-2023,measured,xgboost,0,PI,unweighted,GenHlth,-0.00699485741000474,0.005992727614490393
2021-2023,measured,xgboost,0,PI,unweighted,MentHlth,-0.004321645628798543,0.004611211769879743
2021-2023,measured,xgboost,0,PI,unweighted,Sex,0.009092099111734375,0.007059183065584389
2021-2023,measured,xgboost,0,PI,unweighted,Age,0.12302290790088818,0.018230471336842163
2021-2023,measured,xgboost,0,PI,unweighted,Education,-0.003579242636746194,0.006659699317750212
2021-2023,measured,xgboost,0,PI,unweighted,Income,0.006184198223468851,0.007900467994941394
2021-2023,measured,xgboost,0,PI,weighted,Diabetes_self,0.002905356720879504,
2021-2023,measured,xgboost,0,PI,weighted,HighChol,0.0021766992734512103,
2021-2023,measured,xgboost,0,PI,weighted,BMI,0.0376340328469361,
2021-2023,measured,xgboost,0,PI,weighted,Smoker,0.004085751995139586,
2021-2023,measured,xgboost,0,PI,weighted,Stroke,0.002460184823947442,
2021-2023,measured,xgboost,0,PI,weighted,HeartDiseaseorAttack,-0.0001790159624557752,
2021-2023,measured,xgboost,0,PI,weighted,PhysActivity_LTPA,-0.0011214058800703363,
2021-2023,measured,xgboost,0,PI,weighted,AnyHealthcare,-0.002860116407945057,
2021-2023,measured,xgboost,0,PI,weighted,GenHlth,-0.0033223687575982042,
2021-2023,measured,xgboost,0,PI,weighted,MentHlth,-0.0051662661022479515,
2021-2023,measured,xgboost,0,PI,weighted,Sex,0.008017624098198294,
2021-2023,measured,xgboost,0,PI,weighted,Age,0.14421083282303204,
2021-2023,measured,xgboost,0,PI,weighted,Education,0.001090297879013169,
2021-2023,measured,xgboost,0,PI,weighted,Income,0.002827531460507138,
2021-2023,measured,random_forest,0,SHAP,unweighted,Diabetes_self,0.010183934290797869,
2021-2023,measured,random_forest,0,SHAP,unweighted,HighChol,0.01934841001397505,
2021-2023,measured,random_forest,0,SHAP,unweighted,BMI,0.08410352523585103,
2021-2023,measured,random_forest,0,SHAP,unweighted,Smoker,0.014029981006353137,
2021-2023,measured,random_forest,0,SHAP,unweighted,Stroke,0.009090042468296648,
2021-2023,measured,random_forest,0,SHAP,unweighted,HeartDiseaseorAttack,0.005414876692346224,
2021-2023,measured,random_forest,0,SHAP,unweighted,PhysActivity_LTPA,0.017245413249477207,
2021-2023,measured,random_forest,0,SHAP,unweighted,AnyHealthcare,0.006204524362267756,
2021-2023,measured,random_forest,0,SHAP,unweighted,GenHlth,0.025307593401732012,
2021-2023,measured,random_forest,0,SHAP,unweighted,MentHlth,0.01732551659755204,
2021-2023,measured,random_forest,0,SHAP,unweighted,Sex,0.015330979191139136,
2021-2023,measured,random_forest,0,SHAP,unweighted,Age,0.10710241396448703,
2021-2023,measured,random_forest,0,SHAP,unweighted,Education,0.02889987854927939,
2021-2023,measured,random_forest,0,SHAP,unweighted,Income,0.0348309884308367,
2021-2023,measured,random_forest,0,SHAP,weighted,Diabetes_self,0.010134960136914431,
2021-2023,measured,random_forest,0,SHAP,weighted,HighChol,0.01983897916688128,
2021-2023,measured,random_forest,0,SHAP,weighted,BMI,0.0833041910331616,
2021-2023,measured,random_forest,0,SHAP,weighted,Smoker,0.01342385860272138,
2021-2023,measured,random_forest,0,SHAP,weighted,Stroke,0.00848850725790562,
2021-2023,measured,random_forest,0,SHAP,weighted,HeartDiseaseorAttack,0.004876401224064068,
2021-2023,measured,random_forest,0,SHAP,weighted,PhysActivity_LTPA,0.01701410828365796,
2021-2023,measured,random_forest,0,SHAP,weighted,AnyHealthcare,0.006207865341482727,
2021-2023,measured,random_forest,0,SHAP,weighted,GenHlth,0.024880149579318476,
2021-2023,measured,random_forest,0,SHAP,weighted,MentHlth,0.016362753900929384,
2021-2023,measured,random_forest,0,SHAP,weighted,Sex,0.014521922295183936,
2021-2023,measured,random_forest,0,SHAP,weighted,Age,0.12259232683633003,
2021-2023,measured,random_forest,0,SHAP,weighted,Education,0.026902445761943762,
2021-2023,measured,random_forest,0,SHAP,weighted,Income,0.03451767125548546,
2021-2023,measured,random_forest,0,PI,unweighted,Diabetes_self,0.001919588592800492,0.00566343092641484
2021-2023,measured,random_forest,0,PI,unweighted,HighChol,-0.018270219728845138,0.009520830456566279
2021-2023,measured,random_forest,0,PI,unweighted,BMI,0.009487611033193177,0.013986696626319649
2021-2023,measured,random_forest,0,PI,unweighted,Smoker,-0.01129312762973339,0.00669376744787047
2021-2023,measured,random_forest,0,PI,unweighted,Stroke,0.006347358578775231,0.0035741494573459276
2021-2023,measured,random_forest,0,PI,unweighted,HeartDiseaseorAttack,-0.0016021505376343282,0.002243133339419812
2021-2023,measured,random_forest,0,PI,unweighted,PhysActivity_LTPA,-0.01994483403459548,0.005423440204383176
2021-2023,measured,random_forest,0,PI,unweighted,AnyHealthcare,-0.007008882655446369,0.0038438980968172466
2021-2023,measured,random_forest,0,PI,unweighted,GenHlth,-0.015400187003272425,0.00599236567840772
2021-2023,measured,random_forest,0,PI,unweighted,MentHlth,-0.004269284712482368,0.006488148475208867
2021-2023,measured,random_forest,0,PI,unweighted,Sex,0.006203833567087547,0.008114702876125875
2021-2023,measured,random_forest,0,PI,unweighted,Age,0.09690790088826565,0.015457978867705202
2021-2023,measured,random_forest,0,PI,unweighted,Education,-0.011440392706872294,0.008052492191565013
2021-2023,measured,random_forest,0,PI,unweighted,Income,-0.0016311360448806988,0.008519098343901237
2021-2023,measured,random_forest,0,PI,weighted,Diabetes_self,0.007512829289116585,
2021-2023,measured,random_forest,0,PI,weighted,HighChol,-0.012181974179603604,
2021-2023,measured,random_forest,0,PI,weighted,BMI,0.01567096633240026,
2021-2023,measured,random_forest,0,PI,weighted,Smoker,-0.008157285998644926,
2021-2023,measured,random_forest,0,PI,weighted,Stroke,0.0061219488728938565,
2021-2023,measured,random_forest,0,PI,weighted,HeartDiseaseorAttack,-0.002541285339390087,
2021-2023,measured,random_forest,0,PI,weighted,PhysActivity_LTPA,-0.01382893915641622,
2021-2023,measured,random_forest,0,PI,weighted,AnyHealthcare,-0.007298061911336829,
2021-2023,measured,random_forest,0,PI,weighted,GenHlth,-0.0181974730213459,
2021-2023,measured,random_forest,0,PI,weighted,MentHlth,-0.0009876251554140959,
2021-2023,measured,random_forest,0,PI,weighted,Sex,-0.0013322242283210328,
2021-2023,measured,random_forest,0,PI,weighted,Age,0.11587956064645988,
2021-2023,measured,random_forest,0,PI,weighted,Education,0.0028175553049758274,
2021-2023,measured,random_forest,0,PI,weighted,Income,-0.0032104765686333248,
2021-2023,measured,logistic_regression,0,SHAP,unweighted,Diabetes_self,0.006134285437961539,
2021-2023,measured,logistic_regression,0,SHAP,unweighted,HighChol,0.012253508495877766,
2021-2023,measured,logistic_regression,0,SHAP,unweighted,BMI,0.15718542381228912,
2021-2023,measured,logistic_regression,0,SHAP,unweighted,Smoker,0.004346770337127148,
2021-2023,measured,logistic_regression,0,SHAP,unweighted,Stroke,0.042132411743392134,
2021-2023,measured,logistic_regression,0,SHAP,unweighted,HeartDiseaseorAttack,0.012858017515667125,
2021-2023,measured,logistic_regression,0,SHAP,unweighted,PhysActivity_LTPA,0.05644006001117625,
2021-2023,measured,logistic_regression,0,SHAP,unweighted,AnyHealthcare,0.04906394799748457,
2021-2023,measured,logistic_regression,0,SHAP,unweighted,GenHlth,0.022657133305362055,
2021-2023,measured,logistic_regression,0,SHAP,unweighted,MentHlth,0.04662461008255508,
2021-2023,measured,logistic_regression,0,SHAP,unweighted,Sex,0.04524849346508361,
2021-2023,measured,logistic_regression,0,SHAP,unweighted,Age,0.6014665587230792,
2021-2023,measured,logistic_regression,0,SHAP,unweighted,Education,0.06009556794618288,
2021-2023,measured,logistic_regression,0,SHAP,unweighted,Income,0.1521937871162178,
2021-2023,measured,logistic_regression,0,SHAP,weighted,Diabetes_self,0.005653698759139604,
2021-2023,measured,logistic_regression,0,SHAP,weighted,HighChol,0.011832429744929616,
2021-2023,measured,logistic_regression,0,SHAP,weighted,BMI,0.151681622476098,
2021-2023,measured,logistic_regression,0,SHAP,weighted,Smoker,0.0043236185484518425,
2021-2023,measured,logistic_regression,0,SHAP,weighted,Stroke,0.03646511894080656,
2021-2023,measured,logistic_regression,0,SHAP,weighted,HeartDiseaseorAttack,0.011474933857404366,
2021-2023,measured,logistic_regression,0,SHAP,weighted,PhysActivity_LTPA,0.0551354016135853,
2021-2023,measured,logistic_regression,0,SHAP,weighted,AnyHealthcare,0.0518674624124895,
2021-2023,measured,logistic_regression,0,SHAP,weighted,GenHlth,0.02262816088808134,
2021-2023,measured,logistic_regression,0,SHAP,weighted,MentHlth,0.04523121344576949,
2021-2023,measured,logistic_regression,0,SHAP,weighted,Sex,0.046931493309592814,
2021-2023,measured,logistic_regression,0,SHAP,weighted,Age,0.6216606877943202,
2021-2023,measured,logistic_regression,0,SHAP,weighted,Education,0.05840191240067031,
2021-2023,measured,logistic_regression,0,SHAP,weighted,Income,0.15158750896149925,
2021-2023,measured,logistic_regression,0,PI,unweighted,Diabetes_self,0.00017297802711553346,0.0003053726795786016
2021-2023,measured,logistic_regression,0,PI,unweighted,HighChol,-0.0002879850397381256,0.00046442743704861155
2021-2023,measured,logistic_regression,0,PI,unweighted,BMI,0.0055446470313230915,0.009760458417053074
2021-2023,measured,logistic_regression,0,PI,unweighted,Smoker,7.854137447411702e-05,0.00017448517693021795
2021-2023,measured,logistic_regression,0,PI,unweighted,Stroke,0.005280972417017337,0.0022363816672634307
2021-2023,measured,logistic_regression,0,PI,unweighted,HeartDiseaseorAttack,0.001435250116877096,0.0012642946067136925
2021-2023,measured,logistic_regression,0,PI,unweighted,PhysActivity_LTPA,0.002460028050490981,0.0015550109238679027
2021-2023,measured,logistic_regression,0,PI,unweighted,AnyHealthcare,0.0028302945301543316,0.0025139286447893715
2021-2023,measured,logistic_regression,0,PI,unweighted,GenHlth,0.001194950911641035,0.0007319547929753429
2021-2023,measured,logistic_regression,0,PI,unweighted,MentHlth,-0.0015605423094903648,0.0030118746439480766
2021-2023,measured,logistic_regression,0,PI,unweighted,Sex,-0.0006021505376343717,0.0019283301972868928
2021-2023,measured,logistic_regression,0,PI,unweighted,Age,0.1372510518934082,0.030208765872810326
2021-2023,measured,logistic_regression,0,PI,unweighted,Education,0.0011874707807387308,0.0030994854575254116
2021-2023,measured,logistic_regression,0,PI,unweighted,Income,0.007165030388031868,0.006587211245645348
2021-2023,measured,logistic_regression,0,PI,weighted,Diabetes_self,9.283652107573425e-05,
2021-2023,measured,logistic_regression,0,PI,weighted,HighChol,-0.0002699817743153088,
2021-2023,measured,logistic_regression,0,PI,weighted,BMI,0.006465782715946622,
2021-2023,measured,logistic_regression,0,PI,weighted,Smoker,-5.3754848300058274e-06,
2021-2023,measured,logistic_regression,0,PI,weighted,Stroke,0.0042998226261402595,
2021-2023,measured,logistic_regression,0,PI,weighted,HeartDiseaseorAttack,0.0015504842610009283,
2021-2023,measured,logistic_regression,0,PI,weighted,PhysActivity_LTPA,-0.00034733273061670066,
2021-2023,measured,logistic_regression,0,PI,weighted,AnyHealthcare,-0.0011604630112177273,
2021-2023,measured,logistic_regression,0,PI,weighted,GenHlth,0.0012293252505787167,
2021-2023,measured,logistic_regression,0,PI,weighted,MentHlth,-0.0007681400585185738,
2021-2023,measured,logistic_regression,0,PI,weighted,Sex,-0.000403026708236609,
2021-2023,measured,logistic_regression,0,PI,weighted,Age,0.1647142258904542,
2021-2023,measured,logistic_regression,0,PI,weighted,Education,0.001247374043225158,
2021-2023,measured,logistic_regression,0,PI,weighted,Income,0.007155010849627397,
2021-2023,total,xgboost,0,SHAP,unweighted,Diabetes_self,0.12631504237651825,
2021-2023,total,xgboost,0,SHAP,unweighted,HighChol,0.3416518568992615,
2021-2023,total,xgboost,0,SHAP,unweighted,BMI,0.45330810546875,
2021-2023,total,xgboost,0,SHAP,unweighted,Smoker,0.06207405403256416,
2021-2023,total,xgboost,0,SHAP,unweighted,Stroke,0.036664899438619614,
2021-2023,total,xgboost,0,SHAP,unweighted,HeartDiseaseorAttack,0.06967858970165253,
2021-2023,total,xgboost,0,SHAP,unweighted,PhysActivity_LTPA,0.057960089296102524,
2021-2023,total,xgboost,0,SHAP,unweighted,AnyHealthcare,0.017621641978621483,
2021-2023,total,xgboost,0,SHAP,unweighted,GenHlth,0.25606203079223633,
2021-2023,total,xgboost,0,SHAP,unweighted,MentHlth,0.0775146633386612,
2021-2023,total,xgboost,0,SHAP,unweighted,Sex,0.12182518094778061,
2021-2023,total,xgboost,0,SHAP,unweighted,Age,0.8126745223999023,
2021-2023,total,xgboost,0,SHAP,unweighted,Education,0.11903641372919083,
2021-2023,total,xgboost,0,SHAP,unweighted,Income,0.13152934610843658,
2021-2023,total,xgboost,0,SHAP,weighted,Diabetes_self,0.11837640587470488,
2021-2023,total,xgboost,0,SHAP,weighted,HighChol,0.3477161394646497,
2021-2023,total,xgboost,0,SHAP,weighted,BMI,0.44640526611287423,
2021-2023,total,xgboost,0,SHAP,weighted,Smoker,0.05742786944173628,
2021-2023,total,xgboost,0,SHAP,weighted,Stroke,0.03294069256692371,
2021-2023,total,xgboost,0,SHAP,weighted,HeartDiseaseorAttack,0.05988906827226589,
2021-2023,total,xgboost,0,SHAP,weighted,PhysActivity_LTPA,0.05246682069187133,
2021-2023,total,xgboost,0,SHAP,weighted,AnyHealthcare,0.019579893199635025,
2021-2023,total,xgboost,0,SHAP,weighted,GenHlth,0.2619026058506532,
2021-2023,total,xgboost,0,SHAP,weighted,MentHlth,0.07801403802366226,
2021-2023,total,xgboost,0,SHAP,weighted,Sex,0.12358940144698242,
2021-2023,total,xgboost,0,SHAP,weighted,Age,0.8977888755638301,
2021-2023,total,xgboost,0,SHAP,weighted,Education,0.11606173632553456,
2021-2023,total,xgboost,0,SHAP,weighted,Income,0.13810579877803422,
2021-2023,total,xgboost,0,PI,unweighted,Diabetes_self,0.008155864959459403,0.0033587166164301715
2021-2023,total,xgboost,0,PI,unweighted,HighChol,0.022018147306979284,0.004069194178727211
2021-2023,total,xgboost,0,PI,unweighted,BMI,0.02877291728382886,0.008193504403573974
2021-2023,total,xgboost,0,PI,unweighted,Smoker,0.0011591674621200699,0.0024514270960786216
2021-2023,total,xgboost,0,PI,unweighted,Stroke,0.0018525833031610927,0.0014388275333672533
2021-2023,total,xgboost,0,PI,unweighted,HeartDiseaseorAttack,0.004504460024357448,0.0016638037497752468
2021-2023,total,xgboost,0,PI,unweighted,PhysActivity_LTPA,-0.0014586967732023947,0.0022764352467759346
2021-2023,total,xgboost,0,PI,unweighted,AnyHealthcare,-0.00015415336339587028,0.0005215022456456122
2021-2023,total,xgboost,0,PI,unweighted,GenHlth,0.018487431837881242,0.0029258050078813493
2021-2023,total,xgboost,0,PI,unweighted,MentHlth,0.002326563751467592,0.0019954877937535193
2021-2023,total,xgboost,0,PI,unweighted,Sex,0.0012343240841316216,0.00416436765008213
2021-2023,total,xgboost,0,PI,unweighted,Age,0.12278781694699552,0.011855906950331164
2021-2023,total,xgboost,0,PI,unweighted,Education,-0.0010905939018902799,0.0031896076026739673
2021-2023,total,xgboost,0,PI,unweighted,Income,-0.00020517209220664024,0.0026471246877921868
2021-2023,total,xgboost,0,PI,weighted,Diabetes_self,0.010304778014673999,
2021-2023,total,xgboost,0,PI,weighted,HighChol,0.0212988306483483,
2021-2023,total,xgboost,0,PI,weighted,BMI,0.024356789960491742,
2021-2023,total,xgboost,0,PI,weighted,Smoker,0.003925884648285349,
2021-2023,total,xgboost,0,PI,weighted,Stroke,0.0015927275856534528,
2021-2023,total,xgboost,0,PI,weighted,HeartDiseaseorAttack,0.002329139479288822,
2021-2023,total,xgboost,0,PI,weighted,PhysActivity_LTPA,-0.00034202081930654325,
2021-2023,total,xgboost,0,PI,weighted,AnyHealthcare,-5.3145377965446715e-05,
2021-2023,total,xgboost,0,PI,weighted,GenHlth,0.021175122606483965,
2021-2023,total,xgboost,0,PI,weighted,MentHlth,0.001545045931288991,
2021-2023,total,xgboost,0,PI,weighted,Sex,-0.000840250542242682,
2021-2023,total,xgboost,0,PI,weighted,Age,0.1418426890959674,
2021-2023,total,xgboost,0,PI,weighted,Education,-0.002711918535795188,
2021-2023,total,xgboost,0,PI,weighted,Income,-0.00018535271674088304,
2021-2023,total,random_forest,0,SHAP,unweighted,Diabetes_self,0.031631393027316504,
2021-2023,total,random_forest,0,SHAP,unweighted,HighChol,0.07161738751911972,
2021-2023,total,random_forest,0,SHAP,unweighted,BMI,0.06257936162434183,
2021-2023,total,random_forest,0,SHAP,unweighted,Smoker,0.01157626602350361,
2021-2023,total,random_forest,0,SHAP,unweighted,Stroke,0.0055315641177877,
2021-2023,total,random_forest,0,SHAP,unweighted,HeartDiseaseorAttack,0.015347303468975044,
2021-2023,total,random_forest,0,SHAP,unweighted,PhysActivity_LTPA,0.011706309796215328,
2021-2023,total,random_forest,0,SHAP,unweighted,AnyHealthcare,0.0033623442715500643,
2021-2023,total,random_forest,0,SHAP,unweighted,GenHlth,0.04469269581665401,
2021-2023,total,random_forest,0,SHAP,unweighted,MentHlth,0.00955196825717484,
2021-2023,total,random_forest,0,SHAP,unweighted,Sex,0.01405460548332623,
2021-2023,total,random_forest,0,SHAP,unweighted,Age,0.12288227950993051,
2021-2023,total,random_forest,0,SHAP,unweighted,Education,0.02132929472754911,
2021-2023,total,random_forest,0,SHAP,unweighted,Income,0.01817126155129394,
2021-2023,total,random_forest,0,SHAP,weighted,Diabetes_self,0.029905946699756294,
2021-2023,total,random_forest,0,SHAP,weighted,HighChol,0.07189811304766516,
2021-2023,total,random_forest,0,SHAP,weighted,BMI,0.05994706915710444,
2021-2023,total,random_forest,0,SHAP,weighted,Smoker,0.010806681354437898,
2021-2023,total,random_forest,0,SHAP,weighted,Stroke,0.005045268417977986,
2021-2023,total,random_forest,0,SHAP,weighted,HeartDiseaseorAttack,0.013815242393112777,
2021-2023,total,random_forest,0,SHAP,weighted,PhysActivity_LTPA,0.011105330609143767,
2021-2023,total,random_forest,0,SHAP,weighted,AnyHealthcare,0.0035661675647950994,
2021-2023,total,random_forest,0,SHAP,weighted,GenHlth,0.044900762484011446,
2021-2023,total,random_forest,0,SHAP,weighted,MentHlth,0.009472688678627963,
2021-2023,total,random_forest,0,SHAP,weighted,Sex,0.013798845321523746,
2021-2023,total,random_forest,0,SHAP,weighted,Age,0.13191897564579688,
2021-2023,total,random_forest,0,SHAP,weighted,Education,0.020422747275194678,
2021-2023,total,random_forest,0,SHAP,weighted,Income,0.018251734826773277,
2021-2023,total,random_forest,0,PI,unweighted,Diabetes_self,0.007920794794992591,0.0031860102142748327
2021-2023,total,random_forest,0,PI,unweighted,HighChol,0.026243101499840993,0.006038107259271715
2021-2023,total,random_forest,0,PI,unweighted,BMI,0.026047255411825464,0.0073533524769380165
2021-2023,total,random_forest,0,PI,unweighted,Smoker,-0.0002655168252086337,0.003862147030709029
2021-2023,total,random_forest,0,PI,unweighted,Stroke,0.0014861261972944572,0.001424574438653861
2021-2023,total,random_forest,0,PI,unweighted,HeartDiseaseorAttack,0.004287767574032086,0.0016878574368110332
2021-2023,total,random_forest,0,PI,unweighted,PhysActivity_LTPA,-0.003498897337151452,0.0033523263610575954
2021-2023,total,random_forest,0,PI,unweighted,AnyHealthcare,-0.0011298179783416295,0.001194509345310946
2021-2023,total,random_forest,0,PI,unweighted,GenHlth,0.018738959656803156,0.005608713485402648
2021-2023,total,random_forest,0,PI,unweighted,MentHlth,0.001585695006747745,0.0027092872515881512
2021-2023,total,random_forest,0,PI,unweighted,Sex,0.004770799732288933,0.003321255217150126
2021-2023,total,random_forest,0,PI,unweighted,Age,0.11913120042131604,0.011159211578804505
2021-2023,total,random_forest,0,PI,unweighted,Education,-0.002197919752476818,0.004400272985019918
2021-2023,total,random_forest,0,PI,unweighted,Income,0.0005439254797407478,0.005585521059367027
2021-2023,total,random_forest,0,PI,weighted,Diabetes_self,0.010098750180894256,
2021-2023,total,random_forest,0,PI,weighted,HighChol,0.02380029789069037,
2021-2023,total,random_forest,0,PI,weighted,BMI,0.026062036508737618,
2021-2023,total,random_forest,0,PI,weighted,Smoker,0.004607450358331466,
2021-2023,total,random_forest,0,PI,weighted,Stroke,0.00038267872396328115,
2021-2023,total,random_forest,0,PI,weighted,HeartDiseaseorAttack,0.0033686932642317258,
2021-2023,total,random_forest,0,PI,weighted,PhysActivity_LTPA,-0.00359988604661281,
2021-2023,total,random_forest,0,PI,weighted,AnyHealthcare,-0.0017872208848747073,
2021-2023,total,random_forest,0,PI,weighted,GenHlth,0.023089464908949375,
2021-2023,total,random_forest,0,PI,weighted,MentHlth,0.0025501763027768855,
2021-2023,total,random_forest,0,PI,weighted,Sex,0.0027967881397011228,
2021-2023,total,random_forest,0,PI,weighted,Age,0.13509841663094022,
2021-2023,total,random_forest,0,PI,weighted,Education,-0.005486958812889464,
2021-2023,total,random_forest,0,PI,weighted,Income,0.0007544034428373147,
2021-2023,total,logistic_regression,0,SHAP,unweighted,Diabetes_self,0.12470098679018232,
2021-2023,total,logistic_regression,0,SHAP,unweighted,HighChol,0.2923399907893133,
2021-2023,total,logistic_regression,0,SHAP,unweighted,BMI,0.35493821905373074,
2021-2023,total,logistic_regression,0,SHAP,unweighted,Smoker,0.020243626884416055,
2021-2023,total,logistic_regression,0,SHAP,unweighted,Stroke,0.03975046607478135,
2021-2023,total,logistic_regression,0,SHAP,unweighted,HeartDiseaseorAttack,0.04668237438844149,
2021-2023,total,logistic_regression,0,SHAP,unweighted,PhysActivity_LTPA,0.03403118351317671,
2021-2023,total,logistic_regression,0,SHAP,unweighted,AnyHealthcare,0.011124883862907572,
2021-2023,total,logistic_regression,0,SHAP,unweighted,GenHlth,0.22304355359492437,
2021-2023,total,logistic_regression,0,SHAP,unweighted,MentHlth,0.009149088815860736,
2021-2023,total,logistic_regression,0,SHAP,unweighted,Sex,0.10680920705861198,
2021-2023,total,logistic_regression,0,SHAP,unweighted,Age,0.7102310920952334,
2021-2023,total,logistic_regression,0,SHAP,unweighted,Education,0.04658560689816662,
2021-2023,total,logistic_regression,0,SHAP,unweighted,Income,0.06445776471239169,
2021-2023,total,logistic_regression,0,SHAP,weighted,Diabetes_self,0.11493136754220208,
2021-2023,total,logistic_regression,0,SHAP,weighted,HighChol,0.2822940387899166,
2021-2023,total,logistic_regression,0,SHAP,weighted,BMI,0.3425101618146181,
2021-2023,total,logistic_regression,0,SHAP,weighted,Smoker,0.020135805183406203,
2021-2023,total,logistic_regression,0,SHAP,weighted,Stroke,0.034403572294832034,
2021-2023,total,logistic_regression,0,SHAP,weighted,HeartDiseaseorAttack,0.04166094483548944,
2021-2023,total,logistic_regression,0,SHAP,weighted,PhysActivity_LTPA,0.03324452472256521,
2021-2023,total,logistic_regression,0,SHAP,weighted,AnyHealthcare,0.011760559823523418,
2021-2023,total,logistic_regression,0,SHAP,weighted,GenHlth,0.2227583405090737,
2021-2023,total,logistic_regression,0,SHAP,weighted,MentHlth,0.008875664339750667,
2021-2023,total,logistic_regression,0,SHAP,weighted,Sex,0.11078193333314774,
2021-2023,total,logistic_regression,0,SHAP,weighted,Age,0.73407697036755,
2021-2023,total,logistic_regression,0,SHAP,weighted,Education,0.04527269857296671,
2021-2023,total,logistic_regression,0,SHAP,weighted,Income,0.06420099119103048,
2021-2023,total,logistic_regression,0,PI,unweighted,Diabetes_self,0.005688862556641794,0.002097344956329638
2021-2023,total,logistic_regression,0,PI,unweighted,HighChol,0.020519952163084453,0.0026492805496889558
2021-2023,total,logistic_regression,0,PI,unweighted,BMI,0.026773312267535675,0.005105442884062347
2021-2023,total,logistic_regression,0,PI,unweighted,Smoker,0.00034122203570220445,0.0002841751878269206
2021-2023,total,logistic_regression,0,PI,unweighted,Stroke,1.1520358118566331e-05,0.0013228252056382579
2021-2023,total,logistic_regression,0,PI,unweighted,HeartDiseaseorAttack,0.0018547776570883245,0.0013469080658716924
2021-2023,total,logistic_regression,0,PI,unweighted,PhysActivity_LTPA,-0.00015031324402308143,0.0003962935757746693
2021-2023,total,logistic_regression,0,PI,unweighted,AnyHealthcare,-2.6332247128124654e-05,0.00021032913872315345
2021-2023,total,logistic_regression,0,PI,unweighted,GenHlth,0.015369254907124008,0.002179543073928777
2021-2023,total,logistic_regression,0,PI,unweighted,MentHlth,-5.4310259701750854e-05,0.00014085910647425114
2021-2023,total,logistic_regression,0,PI,unweighted,Sex,0.000311049669201191,0.0011143074491660662
2021-2023,total,logistic_regression,0,PI,unweighted,Age,0.1346493971012585,0.01207396664958563
2021-2023,total,logistic_regression,0,PI,unweighted,Education,0.001786752685340609,0.001087794522288462
2021-2023,total,logistic_regression,0,PI,unweighted,Income,0.0011037600254545587,0.0005788469001331728
2021-2023,total,logistic_regression,0,PI,weighted,Diabetes_self,0.006857108095961351,
2021-2023,total,logistic_regression,0,PI,weighted,HighChol,0.01859534690582727,
2021-2023,total,logistic_regression,0,PI,weighted,BMI,0.023761018232657406,
2021-2023,total,logistic_regression,0,PI,weighted,Smoker,0.00031679520252998473,
2021-2023,total,logistic_regression,0,PI,weighted,Stroke,0.00023035640800679326,
2021-2023,total,logistic_regression,0,PI,weighted,HeartDiseaseorAttack,0.0012070187127721232,
2021-2023,total,logistic_regression,0,PI,weighted,PhysActivity_LTPA,-0.0007978906206956293,
2021-2023,total,logistic_regression,0,PI,weighted,AnyHealthcare,0.00023344053679854592,
2021-2023,total,logistic_regression,0,PI,weighted,GenHlth,0.016265838321672655,
2021-2023,total,logistic_regression,0,PI,weighted,MentHlth,-0.00024526320186600835,
2021-2023,total,logistic_regression,0,PI,weighted,Sex,-0.0023283730351577937,
2021-2023,total,logistic_regression,0,PI,weighted,Age,0.14584113354798864,
2021-2023,total,logistic_regression,0,PI,weighted,Education,0.0006076405035954746,
2021-2023,total,logistic_regression,0,PI,weighted,Income,0.0008804828029212563,
2021-2023,diag,xgboost,1,SHAP,unweighted,Diabetes_self,0.20415353775024414,
2021-2023,diag,xgboost,1,SHAP,unweighted,HighChol,0.39559122920036316,
2021-2023,diag,xgboost,1,SHAP,unweighted,BMI,0.4608297646045685,
2021-2023,diag,xgboost,1,SHAP,unweighted,Smoker,0.08288271725177765,
2021-2023,diag,xgboost,1,SHAP,unweighted,Stroke,0.013113313354551792,
2021-2023,diag,xgboost,1,SHAP,unweighted,HeartDiseaseorAttack,0.10376010835170746,
2021-2023,diag,xgboost,1,SHAP,unweighted,PhysActivity_LTPA,0.04679742082953453,
2021-2023,diag,xgboost,1,SHAP,unweighted,AnyHealthcare,0.04216936603188515,
2021-2023,diag,xgboost,1,SHAP,unweighted,GenHlth,0.3819705545902252,
2021-2023,diag,xgboost,1,SHAP,unweighted,MentHlth,0.08581718802452087,
2021-2023,diag,xgboost,1,SHAP,unweighted,Sex,0.06728647649288177,
2021-2023,diag,xgboost,1,SHAP,unweighted,Age,0.8209174275398254,
2021-2023,diag,xgboost,1,SHAP,unweighted,Education,0.08981622010469437,
2021-2023,diag,xgboost,1,SHAP,unweighted,Income,0.13141439855098724,
2021-2023,diag,xgboost,1,SHAP,weighted,Diabetes_self,0.18483802605114663,
2021-2023,diag,xgboost,1,SHAP,weighted,HighChol,0.4107214750686688,
2021-2023,diag,xgboost,1,SHAP,weighted,BMI,0.4483977503799888,
2021-2023,diag,xgboost,1,SHAP,weighted,Smoker,0.07762455927438269,
2021-2023,diag,xgboost,1,SHAP,weighted,Stroke,0.01101537959490224,
2021-2023,diag,xgboost,1,SHAP,weighted,HeartDiseaseorAttack,0.09327451244894303,
2021-2023,diag,xgboost,1,SHAP,weighted,PhysActivity_LTPA,0.048859647238022816,
2021-2023,diag,xgboost,1,SHAP,weighted,AnyHealthcare,0.044041861081536356,
2021-2023,diag,xgboost,1,SHAP,weighted,GenHlth,0.3740873864579167,
2021-2023,diag,xgboost,1,SHAP,weighted,MentHlth,0.08518871769930186,
2021-2023,diag,xgboost,1,SHAP,weighted,Sex,0.07001342978135293,
2021-2023,diag,xgboost,1,SHAP,weighted,Age,0.9242061343090794,
2021-2023,diag,xgboost,1,SHAP,weighted,Education,0.08660516206837805,
2021-2023,diag,xgboost,1,SHAP,weighted,Income,0.13616424001650235,
2021-2023,diag,xgboost,1,PI,unweighted,Diabetes_self,0.010109823630694802,0.003774123257580187
2021-2023,diag,xgboost,1,PI,unweighted,HighChol,0.023569035320396493,0.004905732876118313
2021-2023,diag,xgboost,1,PI,unweighted,BMI,0.025950195448834323,0.008201142137235011
2021-2023,diag,xgboost,1,PI,unweighted,Smoker,-0.0009661920052119299,0.0019323231610904484
2021-2023,diag,xgboost,1,PI,unweighted,Stroke,0.000908022709293177,0.0003958799887621314
2021-2023,diag,xgboost,1,PI,unweighted,HeartDiseaseorAttack,0.008074479966494519,0.002069130915664197
2021-2023,diag,xgboost,1,PI,unweighted,PhysActivity_LTPA,0.001966413048536464,0.0016000947292483842
2021-2023,diag,xgboost,1,PI,unweighted,AnyHealthcare,0.0028747266043091858,0.0014009982843510534
2021-2023,diag,xgboost,1,PI,unweighted,GenHlth,0.0182645772255573,0.004675423841097872
2021-2023,diag,xgboost,1,PI,unweighted,MentHlth,-0.000541556145004407,0.0025877511403977487
2021-2023,diag,xgboost,1,PI,unweighted,Sex,0.0023448043184885583,0.0020418722934745642
2021-2023,diag,xgboost,1,PI,unweighted,Age,0.11168068546698313,0.011233348279592369
2021-2023,diag,xgboost,1,PI,unweighted,Education,-0.0031620829261482354,0.0015288196843376261
2021-2023,diag,xgboost,1,PI,unweighted,Income,-0.002801433291451383,0.0030000553692742125
2021-2023,diag,xgboost,1,PI,weighted,Diabetes_self,0.009233791968088568,
2021-2023,diag,xgboost,1,PI,weighted,HighChol,0.02449686515923505,
2021-2023,diag,xgboost,1,PI,weighted,BMI,0.01585138776928896,
2021-2023,diag,xgboost,1,PI,weighted,Smoker,-0.0017868151478116268,
2021-2023,diag,xgboost,1,PI,weighted,Stroke,0.0013287000119335923,
2021-2023,diag,xgboost,1,PI,weighted,HeartDiseaseorAttack,0.005150579549781353,
2021-2023,diag,xgboost,1,PI,weighted,PhysActivity_LTPA,0.003685574995714014,
2021-2023,diag,xgboost,1,PI,weighted,AnyHealthcare,0.003755786889774337,
2021-2023,diag,xgboost,1,PI,weighted,GenHlth,0.016640667074281225,
2021-2023,diag,xgboost,1,PI,weighted,MentHlth,0.002406219041160973,
2021-2023,diag,xgboost,1,PI,weighted,Sex,0.0016354143031501512,
2021-2023,diag,xgboost,1,PI,weighted,Age,0.11819774449190326,
2021-2023,diag,xgboost,1,PI,weighted,Education,-0.005387654050503033,
2021-2023,diag,xgboost,1,PI,weighted,Income,-0.0046055341988858415,
2021-2023,diag,random_forest,1,SHAP,unweighted,Diabetes_self,0.046863086043102735,
2021-2023,diag,random_forest,1,SHAP,unweighted,HighChol,0.07841970002761552,
2021-2023,diag,random_forest,1,SHAP,unweighted,BMI,0.06482946729651017,
2021-2023,diag,random_forest,1,SHAP,unweighted,Smoker,0.01642342688035974,
2021-2023,diag,random_forest,1,SHAP,unweighted,Stroke,0.0038857017491967225,
2021-2023,diag,random_forest,1,SHAP,unweighted,HeartDiseaseorAttack,0.023021301702725216,
2021-2023,diag,random_forest,1,SHAP,unweighted,PhysActivity_LTPA,0.008168642074974726,
2021-2023,diag,random_forest,1,SHAP,unweighted,AnyHealthcare,0.006848320911979966,
2021-2023,diag,random_forest,1,SHAP,unweighted,GenHlth,0.05310250589047994,
2021-2023,diag,random_forest,1,SHAP,unweighted,MentHlth,0.011943262193149175,
2021-2023,diag,random_forest,1,SHAP,unweighted,Sex,0.010258972202927435,
2021-2023,diag,random_forest,1,SHAP,unweighted,Age,0.11489210300253334,
2021-2023,diag,random_forest,1,SHAP,unweighted,Education,0.017194766788961317,
2021-2023,diag,random_forest,1,SHAP,unweighted,Income,0.01805731589526082,
2021-2023,diag,random_forest,1,SHAP,weighted,Diabetes_self,0.043264657164302174,
2021-2023,diag,random_forest,1,SHAP,weighted,HighChol,0.07940574910352546,
2021-2023,diag,random_forest,1,SHAP,weighted,BMI,0.06186535436587868,
2021-2023,diag,random_forest,1,SHAP,weighted,Smoker,0.01596645709735045,
2021-2023,diag,random_forest,1,SHAP,weighted,Stroke,0.003572795471989444,
2021-2023,diag,random_forest,1,SHAP,weighted,HeartDiseaseorAttack,0.021697417447551135,
2021-2023,diag,random_forest,1,SHAP,weighted,PhysActivity_LTPA,0.007640128417892143,
2021-2023,diag,random_forest,1,SHAP,weighted,AnyHealthcare,0.007041994017976075,
2021-2023,diag,random_forest,1,SHAP,weighted,GenHlth,0.05156970245535944,
2021-2023,diag,random_forest,1,SHAP,weighted,MentHlth,0.01186446246704809,
2021-2023,diag,random_forest,1,SHAP,weighted,Sex,0.00993368333507559,
2021-2023,diag,random_forest,1,SHAP,weighted,Age,0.12963882182356032,
2021-2023,diag,random_forest,1,SHAP,weighted,Education,0.01636607501683217,
2021-2023,diag,random_forest,1,SHAP,weighted,Income,0.018073310326999693,
2021-2023,diag,random_forest,1,PI,unweighted,Diabetes_self,0.01805749453208615,0.002369399085211865
2021-2023,diag,random_forest,1,PI,unweighted,HighChol,0.03816487505235233,0.007035452138380492
2021-2023,diag,random_forest,1,PI,unweighted,BMI,0.023203441295546523,0.006875989759564363
2021-2023,diag,random_forest,1,PI,unweighted,Smoker,-0.002418679324305506,0.0027824245248911157
2021-2023,diag,random_forest,1,PI,unweighted,Stroke,0.0025987132951742153,0.0008392674905053346
2021-2023,diag,random_forest,1,PI,unweighted,HeartDiseaseorAttack,0.00882951742752105,0.0026598999978478016
2021-2023,diag,random_forest,1,PI,unweighted,PhysActivity_LTPA,0.0009850970263855618,0.0030074589361102333
2021-2023,diag,random_forest,1,PI,unweighted,AnyHealthcare,0.0008434547908231837,0.0015408611695278155
2021-2023,diag,random_forest,1,PI,unweighted,GenHlth,0.017079377821210873,0.005334082894028233
2021-2023,diag,random_forest,1,PI,unweighted,MentHlth,0.004053236539624872,0.0023552011631292166
2021-2023,diag,random_forest,1,PI,unweighted,Sex,0.004017462422634843,0.003485565430899771
2021-2023,diag,random_forest,1,PI,unweighted,Age,0.09848178137651815,0.009389753368529
2021-2023,diag,random_forest,1,PI,unweighted,Education,-0.0008949346177114514,0.004289701432242184
2021-2023,diag,random_forest,1,PI,unweighted,Income,0.0033566592209967605,0.004004273828475332
2021-2023,diag,random_forest,1,PI,weighted,Diabetes_self,0.013990140222081348,
2021-2023,diag,random_forest,1,PI,weighted,HighChol,0.04393432035062121,
2021-2023,diag,random_forest,1,PI,weighted,BMI,0.019951126067474456,
2021-2023,diag,random_forest,1,PI,weighted,Smoker,-0.0004795235350846916,
2021-2023,diag,random_forest,1,PI,weighted,Stroke,0.0031797856741532793,
2021-2023,diag,random_forest,1,PI,weighted,HeartDiseaseorAttack,0.007079816213946999,
2021-2023,diag,random_forest,1,PI,weighted,PhysActivity_LTPA,0.0053409977055785315,
2021-2023,diag,random_forest,1,PI,weighted,AnyHealthcare,0.0009718516461063364,
2021-2023,diag,random_forest,1,PI,weighted,GenHlth,0.01779708417218172,
2021-2023,diag,random_forest,1,PI,weighted,MentHlth,0.005942192521480261,
2021-2023,diag,random_forest,1,PI,weighted,Sex,0.005008083512971939,
2021-2023,diag,random_forest,1,PI,weighted,Age,0.10516395103227931,
2021-2023,diag,random_forest,1,PI,weighted,Education,-0.0023231162412523875,
2021-2023,diag,random_forest,1,PI,weighted,Income,-0.0004905766878050888,
2021-2023,diag,logistic_regression,1,SHAP,unweighted,Diabetes_self,0.1909102369480979,
2021-2023,diag,logistic_regression,1,SHAP,unweighted,HighChol,0.33916782851680827,
2021-2023,diag,logistic_regression,1,SHAP,unweighted,BMI,0.32023339138034523,
2021-2023,diag,logistic_regression,1,SHAP,unweighted,Smoker,0.0829471675680415,
2021-2023,diag,logistic_regression,1,SHAP,unweighted,Stroke,0.00410548388732754,
2021-2023,diag,logistic_regression,1,SHAP,unweighted,HeartDiseaseorAttack,0.10755926566912707,
2021-2023,diag,logistic_regression,1,SHAP,unweighted,PhysActivity_LTPA,0.026456628504035504,
2021-2023,diag,logistic_regression,1,SHAP,unweighted,AnyHealthcare,0.07226811338092687,
2021-2023,diag,logistic_regression,1,SHAP,unweighted,GenHlth,0.3236836211837659,
2021-2023,diag,logistic_regression,1,SHAP,unweighted,MentHlth,0.0009910055659649976,
2021-2023,diag,logistic_regression,1,SHAP,unweighted,Sex,0.04884708003706718,
2021-2023,diag,logistic_regression,1,SHAP,unweighted,Age,0.6516829192744727,
2021-2023,diag,logistic_regression,1,SHAP,unweighted,Education,0.03500771726335873,
2021-2023,diag,logistic_regression,1,SHAP,unweighted,Income,0.06056053139020938,
2021-2023,diag,logistic_regression,1,SHAP,weighted,Diabetes_self,0.17676394819932628,
2021-2023,diag,logistic_regression,1,SHAP,weighted,HighChol,0.3351933043135699,
2021-2023,diag,logistic_regression,1,SHAP,weighted,BMI,0.3147957843743928,
2021-2023,diag,logistic_regression,1,SHAP,weighted,Smoker,0.08294716756804056,
2021-2023,diag,logistic_regression,1,SHAP,weighted,Stroke,0.0034089136059926497,
2021-2023,diag,logistic_regression,1,SHAP,weighted,HeartDiseaseorAttack,0.1020002909145592,
2021-2023,diag,logistic_regression,1,SHAP,weighted,PhysActivity_LTPA,0.026347025306661158,
2021-2023,diag,logistic_regression,1,SHAP,weighted,AnyHealthcare,0.07415427646771056,
2021-2023,diag,logistic_regression,1,SHAP,weighted,GenHlth,0.317056732129352,
2021-2023,diag,logistic_regression,1,SHAP,weighted,MentHlth,0.0009576742944267971,
2021-2023,diag,logistic_regression,1,SHAP,weighted,Sex,0.04858517615491427,
2021-2023,diag,logistic_regression,1,SHAP,weighted,Age,0.7015156358890319,
2021-2023,diag,logistic_regression,1,SHAP,weighted,Education,0.034194659408574836,
2021-2023,diag,logistic_regression,1,SHAP,weighted,Income,0.060978592572304674,
2021-2023,diag,logistic_regression,1,PI,unweighted,Diabetes_self,0.007613197449858056,0.0029639991071819796
2021-2023,diag,logistic_regression,1,PI,unweighted,HighChol,0.026305900693377994,0.00470132731662215
2021-2023,diag,logistic_regression,1,PI,unweighted,BMI,0.027333752152263958,0.005261080799866474
2021-2023,diag,logistic_regression,1,PI,unweighted,Smoker,-0.0008038996695983736,0.0014224380461603787
2021-2023,diag,logistic_regression,1,PI,unweighted,Stroke,0.0002908464795942312,0.0001343949938811335
2021-2023,diag,logistic_regression,1,PI,unweighted,HeartDiseaseorAttack,0.006886081250872511,0.0023056122313918595
2021-2023,diag,logistic_regression,1,PI,unweighted,PhysActivity_LTPA,3.3738191632914914e-05,0.00032956692315547805
2021-2023,diag,logistic_regression,1,PI,unweighted,AnyHealthcare,0.0031969845036995625,0.0014667505330643127
2021-2023,diag,logistic_regression,1,PI,unweighted,GenHlth,0.015374726604309153,0.003058006359572525
2021-2023,diag,logistic_regression,1,PI,unweighted,MentHlth,-1.9777560612388445e-05,3.443307875413818e-05
2021-2023,diag,logistic_regression,1,PI,unweighted,Sex,0.0007172274186792893,0.0009006029187820806
2021-2023,diag,logistic_regression,1,PI,unweighted,Age,0.1133792289078133,0.009720651117184162
2021-2023,diag,logistic_regression,1,PI,unweighted,Education,-0.000584019731025165,0.0006655553817375335
2021-2023,diag,logistic_regression,1,PI,unweighted,Income,-0.0006799990692912706,0.0013853197043919218
2021-2023,diag,logistic_regression,1,PI,weighted,Diabetes_self,0.007752206399157535,
2021-2023,diag,logistic_regression,1,PI,weighted,HighChol,0.024635987614642398,
2021-2023,diag,logistic_regression,1,PI,weighted,BMI,0.026231994180609775,
2021-2023,diag,logistic_regression,1,PI,weighted,Smoker,-0.0017414393447431453,
2021-2023,diag,logistic_regression,1,PI,weighted,Stroke,0.0002172082797643915,
2021-2023,diag,logistic_regression,1,PI,weighted,HeartDiseaseorAttack,0.00553746809531096,
2021-2023,diag,logistic_regression,1,PI,weighted,PhysActivity_LTPA,0.00016232945283906064,
2021-2023,diag,logistic_regression,1,PI,weighted,AnyHealthcare,0.0018041314195943348,
2021-2023,diag,logistic_regression,1,PI,weighted,GenHlth,0.014463850104707587,
2021-2023,diag,logistic_regression,1,PI,weighted,MentHlth,-1.7325162843595533e-05,
2021-2023,diag,logistic_regression,1,PI,weighted,Sex,0.0005147553577620756,
2021-2023,diag,logistic_regression,1,PI,weighted,Age,0.11967601176850214,
2021-2023,diag,logistic_regression,1,PI,weighted,Education,-0.001412116465924118,
2021-2023,diag,logistic_regression,1,PI,weighted,Income,-0.0013822152857634884,
2021-2023,measured,xgboost,1,SHAP,unweighted,Diabetes_self,0.034867484122514725,
2021-2023,measured,xgboost,1,SHAP,unweighted,HighChol,0.12002280354499817,
2021-2023,measured,xgboost,1,SHAP,unweighted,BMI,0.434113472700119,
2021-2023,measured,xgboost,1,SHAP,unweighted,Smoker,0.08071845769882202,
2021-2023,measured,xgboost,1,SHAP,unweighted,Stroke,0.033324237912893295,
2021-2023,measured,xgboost,1,SHAP,unweighted,HeartDiseaseorAttack,0.01436525397002697,
2021-2023,measured,xgboost,1,SHAP,unweighted,PhysActivity_LTPA,0.1013314425945282,
2021-2023,measured,xgboost,1,SHAP,unweighted,AnyHealthcare,0.04152842238545418,
2021-2023,measured,xgboost,1,SHAP,unweighted,GenHlth,0.0830383375287056,
2021-2023,measured,xgboost,1,SHAP,unweighted,MentHlth,0.08652236312627792,
2021-2023,measured,xgboost,1,SHAP,unweighted,Sex,0.11620344966650009,
2021-2023,measured,xgboost,1,SHAP,unweighted,Age,0.6662487387657166,
2021-2023,measured,xgboost,1,SHAP,unweighted,Education,0.09725330024957657,
2021-2023,measured,xgboost,1,SHAP,unweighted,Income,0.1939144879579544,
2021-2023,measured,xgboost,1,SHAP,weighted,Diabetes_self,0.034925072522980265,
2021-2023,measured,xgboost,1,SHAP,weighted,HighChol,0.12472541706251561,
2021-2023,measured,xgboost,1,SHAP,weighted,BMI,0.44866038477021297,
2021-2023,measured,xgboost,1,SHAP,weighted,Smoker,0.08244052711712682,
2021-2023,measured,xgboost,1,SHAP,weighted,Stroke,0.028367999104115464,
2021-2023,measured,xgboost,1,SHAP,weighted,HeartDiseaseorAttack,0.011747158431595267,
2021-2023,measured,xgboost,1,SHAP,weighted,PhysActivity_LTPA,0.09689007574752684,
2021-2023,measured,xgboost,1,SHAP,weighted,AnyHealthcare,0.04268490277450306,
2021-2023,measured,xgboost,1,SHAP,weighted,GenHlth,0.08295372520726381,
2021-2023,measured,xgboost,1,SHAP,weighted,MentHlth,0.08456278811174324,
2021-2023,measured,xgboost,1,SHAP,weighted,Sex,0.1229153873705802,
2021-2023,measured,xgboost,1,SHAP,weighted,Age,0.7805998215157772,
2021-2023,measured,xgboost,1,SHAP,weighted,Education,0.09802831052455727,
2021-2023,measured,xgboost,1,SHAP,weighted,Income,0.20037562983556392,
2021-2023,measured,xgboost,1,PI,unweighted,Diabetes_self,-0.002980832164562919,0.0037164655137545844
2021-2023,measured,xgboost,1,PI,unweighted,HighChol,0.013903693314632991,0.007702185583003579
2021-2023,measured,xgboost,1,PI,unweighted,BMI,0.006703132304815296,0.014740991534275338
2021-2023,measured,xgboost,1,PI,unweighted,Smoker,-0.005460495558672285,0.004196523852373817
2021-2023,measured,xgboost,1,PI,unweighted,Stroke,0.0054165497896213385,0.0021596977506354188
2021-2023,measured,xgboost,1,PI,unweighted,HeartDiseaseorAttack,4.581580177651645e-05,0.0013821834909056713
2021-2023,measured,xgboost,1,PI,unweighted,PhysActivity_LTPA,0.010453482935951363,0.005969427418799614
2021-2023,measured,xgboost,1,PI,unweighted,AnyHealthcare,-0.0010070126227209263,0.001932034561956923
2021-2023,measured,xgboost,1,PI,unweighted,GenHlth,-0.0025628798503974036,0.005178988785871268
2021-2023,measured,xgboost,1,PI,unweighted,MentHlth,0.0043496961196821,0.00559141317245197
2021-2023,measured,xgboost,1,PI,unweighted,Sex,0.007968209443665265,0.006072579357324868
2021-2023,measured,xgboost,1,PI,unweighted,Age,0.13240579710144923,0.01778505831429375
2021-2023,measured,xgboost,1,PI,unweighted,Education,-0.014671341748480582,0.0028653589786243753
2021-2023,measured,xgboost,1,PI,unweighted,Income,-0.012878447872837762,0.008234146374655062
2021-2023,measured,xgboost,1,PI,weighted,Diabetes_self,-0.0033682833985094196,
2021-2023,measured,xgboost,1,PI,weighted,HighChol,0.021037585714130703,
2021-2023,measured,xgboost,1,PI,weighted,BMI,0.020455621814820312,
2021-2023,measured,xgboost,1,PI,weighted,Smoker,0.0005207194592623865,
2021-2023,measured,xgboost,1,PI,weighted,Stroke,0.005413796022568307,
2021-2023,measured,xgboost,1,PI,weighted,HeartDiseaseorAttack,0.0005612941246218361,
2021-2023,measured,xgboost,1,PI,weighted,PhysActivity_LTPA,0.004434182667350883,
2021-2023,measured,xgboost,1,PI,weighted,AnyHealthcare,-0.0028622951610381532,
2021-2023,measured,xgboost,1,PI,weighted,GenHlth,0.0009430010862863991,
2021-2023,measured,xgboost,1,PI,weighted,MentHlth,6.836954351039371e-05,
2021-2023,measured,xgboost,1,PI,weighted,Sex,0.005989778791876099,
2021-2023,measured,xgboost,1,PI,weighted,Age,0.17111416711921965,
2021-2023,measured,xgboost,1,PI,weighted,Education,-0.011631908406043789,
2021-2023,measured,xgboost,1,PI,weighted,Income,-0.015619838571818178,
2021-2023,measured,random_forest,1,SHAP,unweighted,Diabetes_self,0.010022521661642308,
2021-2023,measured,random_forest,1,SHAP,unweighted,HighChol,0.02289950282960013,
2021-2023,measured,random_forest,1,SHAP,unweighted,BMI,0.08611674769162893,
2021-2023,measured,random_forest,1,SHAP,unweighted,Smoker,0.014731994500603541,
2021-2023,measured,random_forest,1,SHAP,unweighted,Stroke,0.007319167562571595,
2021-2023,measured,random_forest,1,SHAP,unweighted,HeartDiseaseorAttack,0.0058191704206307674,
2021-2023,measured,random_forest,1,SHAP,unweighted,PhysActivity_LTPA,0.01766236061749304,
2021-2023,measured,random_forest,1,SHAP,unweighted,AnyHealthcare,0.006730731203738371,
2021-2023,measured,random_forest,1,SHAP,unweighted,GenHlth,0.025195764854978698,
2021-2023,measured,random_forest,1,SHAP,unweighted,MentHlth,0.018400605311671554,
2021-2023,measured,random_forest,1,SHAP,unweighted,Sex,0.017502116339397834,
2021-2023,measured,random_forest,1,SHAP,unweighted,Age,0.0974274008120538,
2021-2023,measured,random_forest,1,SHAP,unweighted,Education,0.025801594945870684,
2021-2023,measured,random_forest,1,SHAP,unweighted,Income,0.031389586040506075,
2021-2023,measured,random_forest,1,SHAP,weighted,Diabetes_self,0.010083107754420175,
2021-2023,measured,random_forest,1,SHAP,weighted,HighChol,0.023466080364851198,
2021-2023,measured,random_forest,1,SHAP,weighted,BMI,0.08579788449618028,
2021-2023,measured,random_forest,1,SHAP,weighted,Smoker,0.014195674120085898,
2021-2023,measured,random_forest,1,SHAP,weighted,Stroke,0.006762321363458648,
2021-2023,measured,random_forest,1,SHAP,weighted,HeartDiseaseorAttack,0.0053065554328659845,
2021-2023,measured,random_forest,1,SHAP,weighted,PhysActivity_LTPA,0.016932020690183347,
2021-2023,measured,random_forest,1,SHAP,weighted,AnyHealthcare,0.006635199456408099,
2021-2023,measured,random_forest,1,SHAP,weighted,GenHlth,0.02440437239430711,
2021-2023,measured,random_forest,1,SHAP,weighted,MentHlth,0.017694098009000535,
2021-2023,measured,random_forest,1,SHAP,weighted,Sex,0.01636404884396773,
2021-2023,measured,random_forest,1,SHAP,weighted,Age,0.11467586481290407,
2021-2023,measured,random_forest,1,SHAP,weighted,Education,0.02483045069300066,
2021-2023,measured,random_forest,1,SHAP,weighted,Income,0.03189505862676754,
2021-2023,measured,random_forest,1,PI,unweighted,Diabetes_self,-0.004951846657316494,0.008724264808987742
2021-2023,measured,random_forest,1,PI,unweighted,HighChol,0.019881252921926183,0.011394812594070056
2021-2023,measured,random_forest,1,PI,unweighted,BMI,0.004238429172510549,0.010466117507956467
2021-2023,measured,random_forest,1,PI,unweighted,Smoker,-0.01878821879382885,0.005724229737578535
2021-2023,measured,random_forest,1,PI,unweighted,Stroke,0.013763440860215071,0.0034849785827972507
2021-2023,measured,random_forest,1,PI,unweighted,HeartDiseaseorAttack,-0.006538569424964924,0.002760254138139913
2021-2023,measured,random_forest,1,PI,unweighted,PhysActivity_LTPA,0.008603553062178637,0.01037297604817331
2021-2023,measured,random_forest,1,PI,unweighted,AnyHealthcare,-0.004967741935483871,0.001746766227960788
2021-2023,measured,random_forest,1,PI,unweighted,GenHlth,-0.006503973819541775,0.008681304374562127
2021-2023,measured,random_forest,1,PI,unweighted,MentHlth,0.006227676484338496,0.0054238100034727215
2021-2023,measured,random_forest,1,PI,unweighted,Sex,0.00023936418887335887,0.011417852075974549
2021-2023,measured,random_forest,1,PI,unweighted,Age,0.10325385694249656,0.019848468679375748
2021-2023,measured,random_forest,1,PI,unweighted,Education,-0.0105951379149135,0.010099193940852888
2021-2023,measured,random_forest,1,PI,unweighted,Income,-0.005730247779336106,0.013918633610124307
2021-2023,measured,random_forest,1,PI,weighted,Diabetes_self,-0.004517567494570607,
2021-2023,measured,random_forest,1,PI,weighted,HighChol,0.021506364858552528,
2021-2023,measured,random_forest,1,PI,weighted,BMI,0.004890869466448189,
2021-2023,measured,random_forest,1,PI,weighted,Smoker,-0.0077331542335736915,
2021-2023,measured,random_forest,1,PI,weighted,Stroke,0.015753528786683714,
2021-2023,measured,random_forest,1,PI,weighted,HeartDiseaseorAttack,-0.0034183672733625104,
2021-2023,measured,random_forest,1,PI,weighted,PhysActivity_LTPA,0.003353702075873266,
2021-2023,measured,random_forest,1,PI,weighted,AnyHealthcare,-0.007575189485827793,
2021-2023,measured,random_forest,1,PI,weighted,GenHlth,-0.0065590665204813495,
2021-2023,measured,random_forest,1,PI,weighted,MentHlth,-0.00019536797013729456,
2021-2023,measured,random_forest,1,PI,weighted,Sex,-0.0018027995113617857,
2021-2023,measured,random_forest,1,PI,weighted,Age,0.1253552796116599,
2021-2023,measured,random_forest,1,PI,weighted,Education,-0.013027131445889406,
2021-2023,measured,random_forest,1,PI,weighted,Income,-0.01074730129037883,
2021-2023,measured,logistic_regression,1,SHAP,unweighted,Diabetes_self,0.011062390611483636,
2021-2023,measured,logistic_regression,1,SHAP,unweighted,HighChol,0.03522645341536622,
2021-2023,measured,logistic_regression,1,SHAP,unweighted,BMI,0.13964248028778173,
2021-2023,measured,logistic_regression,1,SHAP,unweighted,Smoker,0.0006362630488883081,
2021-2023,measured,logistic_regression,1,SHAP,unweighted,Stroke,0.023821399854005568,
2021-2023,measured,logistic_regression,1,SHAP,unweighted,HeartDiseaseorAttack,0.009321047491237666,
2021-2023,measured,logistic_regression,1,SHAP,unweighted,PhysActivity_LTPA,0.04111122633786222,
2021-2023,measured,logistic_regression,1,SHAP,unweighted,AnyHealthcare,0.07834033420938596,
2021-2023,measured,logistic_regression,1,SHAP,unweighted,GenHlth,0.04818248274931621,
2021-2023,measured,logistic_regression,1,SHAP,unweighted,MentHlth,0.015522024559162182,
2021-2023,measured,logistic_regression,1,SHAP,unweighted,Sex,0.010712672207482883,
2021-2023,measured,logistic_regression,1,SHAP,unweighted,Age,0.5542901917121063,
2021-2023,measured,logistic_regression,1,SHAP,unweighted,Education,0.02432495205405719,
2021-2023,measured,logistic_regression,1,SHAP,unweighted,Income,0.14959823772696515,
2021-2023,measured,logistic_regression,1,SHAP,weighted,Diabetes_self,0.01024267672739121,
2021-2023,measured,logistic_regression,1,SHAP,weighted,HighChol,0.034813653674582765,
2021-2023,measured,logistic_regression,1,SHAP,weighted,BMI,0.13727133177679002,
2021-2023,measured,logistic_regression,1,SHAP,weighted,Smoker,0.000636263048888308,
2021-2023,measured,logistic_regression,1,SHAP,weighted,Stroke,0.019779664542532046,
2021-2023,measured,logistic_regression,1,SHAP,weighted,HeartDiseaseorAttack,0.008839308727332976,
2021-2023,measured,logistic_regression,1,SHAP,weighted,PhysActivity_LTPA,0.040940912805512326,
2021-2023,measured,logistic_regression,1,SHAP,weighted,AnyHealthcare,0.08038497934648815,
2021-2023,measured,logistic_regression,1,SHAP,weighted,GenHlth,0.04719602576895357,
2021-2023,measured,logistic_regression,1,SHAP,weighted,MentHlth,0.0149999600691407,
2021-2023,measured,logistic_regression,1,SHAP,weighted,Sex,0.010655233964761993,
2021-2023,measured,logistic_regression,1,SHAP,weighted,Age,0.5966755070684918,
2021-2023,measured,logistic_regression,1,SHAP,weighted,Education,0.023760002526328698,
2021-2023,measured,logistic_regression,1,SHAP,weighted,Income,0.15063094359442886,
2021-2023,measured,logistic_regression,1,PI,unweighted,Diabetes_self,0.0009144460028050805,0.0005770619208665044
2021-2023,measured,logistic_regression,1,PI,unweighted,HighChol,-0.0005516596540439012,0.0006162601983462711
2021-2023,measured,logistic_regression,1,PI,unweighted,BMI,0.0017054698457223405,0.0033098739302026337
2021-2023,measured,logistic_regression,1,PI,unweighted,Smoker,-5.7971014492730344e-05,5.591366577926521e-05
2021-2023,measured,logistic_regression,1,PI,unweighted,Stroke,0.007030388031790546,0.0016308918209050976
2021-2023,measured,logistic_regression,1,PI,unweighted,HeartDiseaseorAttack,0.001123889668069189,0.0004058186450332222
2021-2023,measured,logistic_regression,1,PI,unweighted,PhysActivity_LTPA,0.0008714352501168921,0.0011949845659030684
2021-2023,measured,logistic_regression,1,PI,unweighted,AnyHealthcare,0.0017194950911641137,0.0036479575620136395
2021-2023,measured,logistic_regression,1,PI,unweighted,GenHlth,-0.003907433380084158,0.0016347843306992649
2021-2023,measured,logistic_regression,1,PI,unweighted,MentHlth,0.0010172978027115586,0.0005563119492781947
2021-2023,measured,logistic_regression,1,PI,unweighted,Sex,0.00026554464703132385,0.0004407727035113029
2021-2023,measured,logistic_regression,1,PI,unweighted,Age,0.1639270687237027,0.0271803233024921
2021-2023,measured,logistic_regression,1,PI,unweighted,Education,0.0007723235156615105,0.0010292844269202991
2021-2023,measured,logistic_regression,1,PI,unweighted,Income,0.0013188405797101455,0.006097482315650094
2021-2023,measured,logistic_regression,1,PI,weighted,Diabetes_self,0.0005936439350230583,
2021-2023,measured,logistic_regression,1,PI,weighted,HighChol,-0.001486297600097064,
2021-2023,measured,logistic_regression,1,PI,weighted,BMI,0.00510681957806518,
2021-2023,measured,logistic_regression,1,PI,weighted,Smoker,-1.9031622844067898e-05,
2021-2023,measured,logistic_regression,1,PI,weighted,Stroke,0.00493997633008203,
2021-2023,measured,logistic_regression,1,PI,weighted,HeartDiseaseorAttack,0.0013073901801334054,
2021-2023,measured,logistic_regression,1,PI,weighted,PhysActivity_LTPA,-0.0011077201741667598,
2021-2023,measured,logistic_regression,1,PI,weighted,AnyHealthcare,-0.006084498000418071,
2021-2023,measured,logistic_regression,1,PI,weighted,GenHlth,-0.0038893743846209806,
2021-2023,measured,logistic_regression,1,PI,weighted,MentHlth,0.001308334006851919,
2021-2023,measured,logistic_regression,1,PI,weighted,Sex,0.0005417042034377873,
2021-2023,measured,logistic_regression,1,PI,weighted,Age,0.19409838163068036,
2021-2023,measured,logistic_regression,1,PI,weighted,Education,-0.0008903695271382129,
2021-2023,measured,logistic_regression,1,PI,weighted,Income,-0.010190611707716313,
2021-2023,total,xgboost,1,SHAP,unweighted,Diabetes_self,0.1563088595867157,
2021-2023,total,xgboost,1,SHAP,unweighted,HighChol,0.3807361125946045,
2021-2023,total,xgboost,1,SHAP,unweighted,BMI,0.4796903431415558,
2021-2023,total,xgboost,1,SHAP,unweighted,Smoker,0.06720145046710968,
2021-2023,total,xgboost,1,SHAP,unweighted,Stroke,0.01481281965970993,
2021-2023,total,xgboost,1,SHAP,unweighted,HeartDiseaseorAttack,0.07408493757247925,
2021-2023,total,xgboost,1,SHAP,unweighted,PhysActivity_LTPA,0.04728648066520691,
2021-2023,total,xgboost,1,SHAP,unweighted,AnyHealthcare,0.018866445869207382,
2021-2023,total,xgboost,1,SHAP,unweighted,GenHlth,0.29392340779304504,
2021-2023,total,xgboost,1,SHAP,unweighted,MentHlth,0.08048935979604721,
2021-2023,total,xgboost,1,SHAP,unweighted,Sex,0.0896771028637886,
2021-2023,total,xgboost,1,SHAP,unweighted,Age,0.8231261968612671,
2021-2023,total,xgboost,1,SHAP,unweighted,Education,0.0921388790011406,
2021-2023,total,xgboost,1,SHAP,unweighted,Income,0.1138770654797554,
2021-2023,total,xgboost,1,SHAP,weighted,Diabetes_self,0.14286087688833216,
2021-2023,total,xgboost,1,SHAP,weighted,HighChol,0.3928378319337461,
2021-2023,total,xgboost,1,SHAP,weighted,BMI,0.4757564007980518,
2021-2023,total,xgboost,1,SHAP,weighted,Smoker,0.06322766407224262,
2021-2023,total,xgboost,1,SHAP,weighted,Stroke,0.01213587368393299,
2021-2023,total,xgboost,1,SHAP,weighted,HeartDiseaseorAttack,0.06618401658395699,
2021-2023,total,xgboost,1,SHAP,weighted,PhysActivity_LTPA,0.04596310380105025,
2021-2023,total,xgboost,1,SHAP,weighted,AnyHealthcare,0.01939933277681681,
2021-2023,total,xgboost,1,SHAP,weighted,GenHlth,0.28976226791399273,
2021-2023,total,xgboost,1,SHAP,weighted,MentHlth,0.08347716723722953,
2021-2023,total,xgboost,1,SHAP,weighted,Sex,0.09625683676065544,
2021-2023,total,xgboost,1,SHAP,weighted,Age,0.8966699873840285,
2021-2023,total,xgboost,1,SHAP,weighted,Education,0.09316240840280482,
2021-2023,total,xgboost,1,SHAP,weighted,Income,0.11553320591870683,
2021-2023,total,xgboost,1,PI,unweighted,Diabetes_self,0.006528751522333032,0.0028180573821584816
2021-2023,total,xgboost,1,PI,unweighted,HighChol,0.027090944998518784,0.005176983927665971
2021-2023,total,xgboost,1,PI,unweighted,BMI,0.03044282062253819,0.0048036307380123775
2021-2023,total,xgboost,1,PI,unweighted,Smoker,0.002192708161899426,0.0016730294754885961
2021-2023,total,xgboost,1,PI,unweighted,Stroke,0.0017637119691034653,0.0008404019238134637
2021-2023,total,xgboost,1,PI,unweighted,HeartDiseaseorAttack,0.0045302436830035875,0.0017477805186483708
2021-2023,total,xgboost,1,PI,unweighted,PhysActivity_LTPA,0.0018048561052411926,0.002152163724799072
2021-2023,total,xgboost,1,PI,unweighted,AnyHealthcare,0.0003313474430290286,0.000887260086066378
2021-2023,total,xgboost,1,PI,unweighted,GenHlth,0.0082480278244078,0.004561207088648081
2021-2023,total,xgboost,1,PI,unweighted,MentHlth,-0.00030556378438278964,0.002235317392195891
2021-2023,total,xgboost,1,PI,unweighted,Sex,0.005745915758752718,0.0011371465144566083
2021-2023,total,xgboost,1,PI,unweighted,Age,0.11986164598488085,0.010564420864332747
2021-2023,total,xgboost,1,PI,unweighted,Education,-0.00033354179695644915,0.0019540438340040563
2021-2023,total,xgboost,1,PI,unweighted,Income,0.0002564651152584307,0.0026165025983200235
2021-2023,total,xgboost,1,PI,weighted,Diabetes_self,0.007871168213120927,
2021-2023,total,xgboost,1,PI,weighted,HighChol,0.024965004850221306,
2021-2023,total,xgboost,1,PI,weighted,BMI,0.026564743516869993,
2021-2023,total,xgboost,1,PI,weighted,Smoker,0.002644169102140814,
2021-2023,total,xgboost,1,PI,weighted,Stroke,0.0020201661872020216,
2021-2023,total,xgboost,1,PI,weighted,HeartDiseaseorAttack,0.0018383109334073832,
2021-2023,total,xgboost,1,PI,weighted,PhysActivity_LTPA,0.0026698831511147493,
2021-2023,total,xgboost,1,PI,weighted,AnyHealthcare,0.00118944316633679,
2021-2023,total,xgboost,1,PI,weighted,GenHlth,0.007980497902872485,
2021-2023,total,xgboost,1,PI,weighted,MentHlth,0.0018187192480027758,
2021-2023,total,xgboost,1,PI,weighted,Sex,0.0040966177429067495,
2021-2023,total,xgboost,1,PI,weighted,Age,0.13051734199257967,
2021-2023,total,xgboost,1,PI,weighted,Education,0.0011143462795713322,
2021-2023,total,xgboost,1,PI,weighted,Income,-0.002057061079026512,
2021-2023,total,random_forest,1,SHAP,unweighted,Diabetes_self,0.03708790630781232,
2021-2023,total,random_forest,1,SHAP,unweighted,HighChol,0.07407292491773765,
2021-2023,total,random_forest,1,SHAP,unweighted,BMI,0.06133434283636527,
2021-2023,total,random_forest,1,SHAP,unweighted,Smoker,0.01251504773891464,
2021-2023,total,random_forest,1,SHAP,unweighted,Stroke,0.0036325167304750525,
2021-2023,total,random_forest,1,SHAP,unweighted,HeartDiseaseorAttack,0.01754929607024681,
2021-2023,total,random_forest,1,SHAP,unweighted,PhysActivity_LTPA,0.011542222517440913,
2021-2023,total,random_forest,1,SHAP,unweighted,AnyHealthcare,0.0034471116335419282,
2021-2023,total,random_forest,1,SHAP,unweighted,GenHlth,0.04670482425910014,
2021-2023,total,random_forest,1,SHAP,unweighted,MentHlth,0.010632553702220347,
2021-2023,total,random_forest,1,SHAP,unweighted,Sex,0.0114111895637775,
2021-2023,total,random_forest,1,SHAP,unweighted,Age,0.1263708663961422,
2021-2023,total,random_forest,1,SHAP,unweighted,Education,0.017680533072064117,
2021-2023,total,random_forest,1,SHAP,unweighted,Income,0.01697444205646048,
2021-2023,total,random_forest,1,SHAP,weighted,Diabetes_self,0.034431786934426216,
2021-2023,total,random_forest,1,SHAP,weighted,HighChol,0.07558230378949787,
2021-2023,total,random_forest,1,SHAP,weighted,BMI,0.05961326284137386,
2021-2023,total,random_forest,1,SHAP,weighted,Smoker,0.01196424280360425,
2021-2023,total,random_forest,1,SHAP,weighted,Stroke,0.0033194408344765476,
2021-2023,total,random_forest,1,SHAP,weighted,HeartDiseaseorAttack,0.016607353768967305,
2021-2023,total,random_forest,1,SHAP,weighted,PhysActivity_LTPA,0.011115889570230762,
2021-2023,total,random_forest,1,SHAP,weighted,AnyHealthcare,0.0033411716084469343,
2021-2023,total,random_forest,1,SHAP,weighted,GenHlth,0.045790721822366445,
2021-2023,total,random_forest,1,SHAP,weighted,MentHlth,0.010742315208893157,
2021-2023,total,random_forest,1,SHAP,weighted,Sex,0.011424319353138979,
2021-2023,total,random_forest,1,SHAP,weighted,Age,0.1369398434279048,
2021-2023,total,random_forest,1,SHAP,weighted,Education,0.017593056506930167,
2021-2023,total,random_forest,1,SHAP,weighted,Income,0.017213293443963593,
2021-2023,total,random_forest,1,PI,unweighted,Diabetes_self,0.01167999736677533,0.002942569707149623
2021-2023,total,random_forest,1,PI,unweighted,HighChol,0.03561463853504935,0.006759707345532804
2021-2023,total,random_forest,1,PI,unweighted,BMI,0.02231465938141166,0.004994157138792235
2021-2023,total,random_forest,1,PI,unweighted,Smoker,0.0005491370703180731,0.0023134688509459152
2021-2023,total,random_forest,1,PI,unweighted,Stroke,0.0017061101785107113,0.001392426826394936
2021-2023,total,random_forest,1,PI,unweighted,HeartDiseaseorAttack,0.004584553942705438,0.002816667499887243
2021-2023,total,random_forest,1,PI,unweighted,PhysActivity_LTPA,0.00120634607155794,0.0031553905798186745
2021-2023,total,random_forest,1,PI,unweighted,AnyHealthcare,-1.3989006286752038e-05,0.0013571265502101426
2021-2023,total,random_forest,1,PI,unweighted,GenHlth,0.0030405516605773843,0.005932261844286613
2021-2023,total,random_forest,1,PI,unweighted,MentHlth,-0.00015497624611869875,0.0021128176039612793
2021-2023,total,random_forest,1,PI,unweighted,Sex,0.00582628397134175,0.0029929298947704752
2021-2023,total,random_forest,1,PI,unweighted,Age,0.11152886124002945,0.010069321189473499
2021-2023,total,random_forest,1,PI,unweighted,Education,-0.0012746453375464095,0.004659032828784569
2021-2023,total,random_forest,1,PI,unweighted,Income,-0.00023040716237117121,0.004524485457843481
2021-2023,total,random_forest,1,PI,weighted,Diabetes_self,0.011720258848082653,
2021-2023,total,random_forest,1,PI,weighted,HighChol,0.03539770378005276,
2021-2023,total,random_forest,1,PI,weighted,BMI,0.019914769605338677,
2021-2023,total,random_forest,1,PI,weighted,Smoker,0.004177710737190821,
2021-2023,total,random_forest,1,PI,weighted,Stroke,0.0031054968681700325,
2021-2023,total,random_forest,1,PI,weighted,HeartDiseaseorAttack,0.0021689790194634575,
2021-2023,total,random_forest,1,PI,weighted,PhysActivity_LTPA,0.005442899339052942,
2021-2023,total,random_forest,1,PI,weighted,AnyHealthcare,-0.00010877123971601011,
2021-2023,total,random_forest,1,PI,weighted,GenHlth,0.005103366460220216,
2021-2023,total,random_forest,1,PI,weighted,MentHlth,0.000222206957522042,
2021-2023,total,random_forest,1,PI,weighted,Sex,0.008506110372213549,
2021-2023,total,random_forest,1,PI,weighted,Age,0.11511343173372679,
2021-2023,total,random_forest,1,PI,weighted,Education,0.0007702537306578438,
2021-2023,total,random_forest,1,PI,weighted,Income,-0.003442195945451565,
2021-2023,total,logistic_regression,1,SHAP,unweighted,Diabetes_self,0.15202506661694773,
2021-2023,total,logistic_regression,1,SHAP,unweighted,HighChol,0.3083607272400823,
2021-2023,total,logistic_regression,1,SHAP,unweighted,BMI,0.2990681777518411,
2021-2023,total,logistic_regression,1,SHAP,unweighted,Smoker,0.05045745916583338,
2021-2023,total,logistic_regression,1,SHAP,unweighted,Stroke,0.007461334359379573,
2021-2023,total,logistic_regression,1,SHAP,unweighted,HeartDiseaseorAttack,0.07904063380465619,
2021-2023,total,logistic_regression,1,SHAP,unweighted,PhysActivity_LTPA,0.007860861508488953,
2021-2023,total,logistic_regression,1,SHAP,unweighted,AnyHealthcare,0.019893129054706412,
2021-2023,total,logistic_regression,1,SHAP,unweighted,GenHlth,0.25084134207480113,
2021-2023,total,logistic_regression,1,SHAP,unweighted,MentHlth,0.019505717495318823,
2021-2023,total,logistic_regression,1,SHAP,unweighted,Sex,0.062140961584627376,
2021-2023,total,logistic_regression,1,SHAP,unweighted,Age,0.6757093331241534,
2021-2023,total,logistic_regression,1,SHAP,unweighted,Education,0.05220824611890236,
2021-2023,total,logistic_regression,1,SHAP,unweighted,Income,0.06830733133966899,
2021-2023,total,logistic_regression,1,SHAP,weighted,Diabetes_self,0.14076013643932114,
2021-2023,total,logistic_regression,1,SHAP,weighted,HighChol,0.3047472147819487,
2021-2023,total,logistic_regression,1,SHAP,weighted,BMI,0.2939899589827387,
2021-2023,total,logistic_regression,1,SHAP,weighted,Smoker,0.050457459165832524,
2021-2023,total,logistic_regression,1,SHAP,weighted,Stroke,0.006195382789117644,
2021-2023,total,logistic_regression,1,SHAP,weighted,HeartDiseaseorAttack,0.07495558464434603,
2021-2023,total,logistic_regression,1,SHAP,weighted,PhysActivity_LTPA,0.007828295924582005,
2021-2023,total,logistic_regression,1,SHAP,weighted,AnyHealthcare,0.02041233017880119,
2021-2023,total,logistic_regression,1,SHAP,weighted,GenHlth,0.24570577871787164,
2021-2023,total,logistic_regression,1,SHAP,weighted,MentHlth,0.018849666319914044,
2021-2023,total,logistic_regression,1,SHAP,weighted,Sex,0.061807779763576653,
2021-2023,total,logistic_regression,1,SHAP,weighted,Age,0.72737929518005,
2021-2023,total,logistic_regression,1,SHAP,weighted,Education,0.05099570420215566,
2021-2023,total,logistic_regression,1,SHAP,weighted,Income,0.06877887019558836,
2021-2023,total,logistic_regression,1,PI,unweighted,Diabetes_self,0.0027967040804011134,0.002119476125584183
2021-2023,total,logistic_regression,1,PI,unweighted,HighChol,0.021812426626290526,0.0036954090021999878
2021-2023,total,logistic_regression,1,PI,unweighted,BMI,0.02891555028910612,0.00397702847445683
2021-2023,total,logistic_regression,1,PI,unweighted,Smoker,-0.0004251560734231163,0.0009521835282086924
2021-2023,total,logistic_regression,1,PI,unweighted,Stroke,0.0003489022744478154,0.00023452654851791187
2021-2023,total,logistic_regression,1,PI,unweighted,HeartDiseaseorAttack,0.00290751895373198,0.0017125804262616408
2021-2023,total,logistic_regression,1,PI,unweighted,PhysActivity_LTPA,9.106568798479264e-05,8.417571411437664e-05
2021-2023,total,logistic_regression,1,PI,unweighted,AnyHealthcare,0.0005793094368190088,0.00036085448121759813
2021-2023,total,logistic_regression,1,PI,unweighted,GenHlth,0.006865584850180462,0.0023702644473360688
2021-2023,total,logistic_regression,1,PI,unweighted,MentHlth,-0.0004059554765588502,0.0003126954346466501
2021-2023,total,logistic_regression,1,PI,unweighted,Sex,0.0019683354728283866,0.0010619709534462432
2021-2023,total,logistic_regression,1,PI,unweighted,Age,0.13878301131189447,0.009723379489971254
2021-2023,total,logistic_regression,1,PI,unweighted,Education,0.0007120678494233923,0.0009741047026720329
2021-2023,total,logistic_regression,1,PI,unweighted,Income,-0.0010228432243836628,0.0012809520199797452
2021-2023,total,logistic_regression,1,PI,weighted,Diabetes_self,0.00402060181235161,
2021-2023,total,logistic_regression,1,PI,weighted,HighChol,0.01670976556173832,
2021-2023,total,logistic_regression,1,PI,weighted,BMI,0.030414130572024422,
2021-2023,total,logistic_regression,1,PI,weighted,Smoker,-0.0008938513418915827,
2021-2023,total,logistic_regression,1,PI,weighted,Stroke,0.00042444817580392644,
2021-2023,total,logistic_regression,1,PI,weighted,HeartDiseaseorAttack,0.0020110757888184504,
2021-2023,total,logistic_regression,1,PI,weighted,PhysActivity_LTPA,8.466360787362515e-06,
2021-2023,total,logistic_regression,1,PI,weighted,AnyHealthcare,0.0007686855170258133,
2021-2023,total,logistic_regression,1,PI,weighted,GenHlth,0.007561320056599907,
2021-2023,total,logistic_regression,1,PI,weighted,MentHlth,-3.9167777223581e-05,
2021-2023,total,logistic_regression,1,PI,weighted,Sex,0.0016249124361994772,
2021-2023,total,logistic_regression,1,PI,weighted,Age,0.1465871060464972,
2021-2023,total,logistic_regression,1,PI,weighted,Education,-0.0007233682552746701,
2021-2023,total,logistic_regression,1,PI,weighted,Income,-0.002352397951928098,
2021-2023,diag,xgboost,2,SHAP,unweighted,Diabetes_self,0.18854010105133057,
2021-2023,diag,xgboost,2,SHAP,unweighted,HighChol,0.40418681502342224,
2021-2023,diag,xgboost,2,SHAP,unweighted,BMI,0.5027911067008972,
2021-2023,diag,xgboost,2,SHAP,unweighted,Smoker,0.044346004724502563,
2021-2023,diag,xgboost,2,SHAP,unweighted,Stroke,0.028182512149214745,
2021-2023,diag,xgboost,2,SHAP,unweighted,HeartDiseaseorAttack,0.1222337931394577,
2021-2023,diag,xgboost,2,SHAP,unweighted,PhysActivity_LTPA,0.060616910457611084,
2021-2023,diag,xgboost,2,SHAP,unweighted,AnyHealthcare,0.062443673610687256,
2021-2023,diag,xgboost,2,SHAP,unweighted,GenHlth,0.33608436584472656,
2021-2023,diag,xgboost,2,SHAP,unweighted,MentHlth,0.07702137529850006,
2021-2023,diag,xgboost,2,SHAP,unweighted,Sex,0.09790801256895065,
2021-2023,diag,xgboost,2,SHAP,unweighted,Age,0.7981021404266357,
2021-2023,diag,xgboost,2,SHAP,unweighted,Education,0.09588406980037689,
2021-2023,diag,xgboost,2,SHAP,unweighted,Income,0.11028359830379486,
2021-2023,diag,xgboost,2,SHAP,weighted,Diabetes_self,0.17510667408361627,
2021-2023,diag,xgboost,2,SHAP,weighted,HighChol,0.4111518656025546,
2021-2023,diag,xgboost,2,SHAP,weighted,BMI,0.5118206234113215,
2021-2023,diag,xgboost,2,SHAP,weighted,Smoker,0.04304137818952432,
2021-2023,diag,xgboost,2,SHAP,weighted,Stroke,0.024878235952524613,
2021-2023,diag,xgboost,2,SHAP,weighted,HeartDiseaseorAttack,0.10742488397170127,
2021-2023,diag,xgboost,2,SHAP,weighted,PhysActivity_LTPA,0.06366774695090023,
2021-2023,diag,xgboost,2,SHAP,weighted,AnyHealthcare,0.06985416605637762,
2021-2023,diag,xgboost,2,SHAP,weighted,GenHlth,0.3497115294574805,
2021-2023,diag,xgboost,2,SHAP,weighted,MentHlth,0.07982854897098594,
2021-2023,diag,xgboost,2,SHAP,weighted,Sex,0.0986732068139481,
2021-2023,diag,xgboost,2,SHAP,weighted,Age,0.8745406603083805,
2021-2023,diag,xgboost,2,SHAP,weighted,Education,0.0924566243346313,
2021-2023,diag,xgboost,2,SHAP,weighted,Income,0.11236055705934632,
2021-2023,diag,xgboost,2,PI,unweighted,Diabetes_self,0.011328470380194555,0.003366786637721172
2021-2023,diag,xgboost,2,PI,unweighted,HighChol,0.025903950858578818,0.003757506713597976
2021-2023,diag,xgboost,2,PI,unweighted,BMI,0.03650297826795099,0.005980078645127415
2021-2023,diag,xgboost,2,PI,unweighted,Smoker,0.0019928800781795265,0.0014335190113029393
2021-2023,diag,xgboost,2,PI,unweighted,Stroke,0.0016915631253199281,0.001345439090511905
2021-2023,diag,xgboost,2,PI,unweighted,HeartDiseaseorAttack,0.006834892270463966,0.0027839669454449763
2021-2023,diag,xgboost,2,PI,unweighted,PhysActivity_LTPA,0.002012657638791937,0.0018466896355958482
2021-2023,diag,xgboost,2,PI,unweighted,AnyHealthcare,-0.0013786123132765392,0.0019186911017511957
2021-2023,diag,xgboost,2,PI,unweighted,GenHlth,0.03381264833170461,0.004383508461751496
2021-2023,diag,xgboost,2,PI,unweighted,MentHlth,0.006588836148727228,0.001757105720767561
2021-2023,diag,xgboost,2,PI,unweighted,Sex,0.0027240681278793756,0.0024807824428845324
2021-2023,diag,xgboost,2,PI,unweighted,Age,0.10155312020103302,0.013868917152763194
2021-2023,diag,xgboost,2,PI,unweighted,Education,0.002689748243287249,0.002985309472903009
2021-2023,diag,xgboost,2,PI,unweighted,Income,0.004620968867792818,0.0018500016407683175
2021-2023,diag,xgboost,2,PI,weighted,Diabetes_self,0.00851107489787264,
2021-2023,diag,xgboost,2,PI,weighted,HighChol,0.02583570997596104,
2021-2023,diag,xgboost,2,PI,weighted,BMI,0.04027224509348708,
2021-2023,diag,xgboost,2,PI,weighted,Smoker,0.0015742029284820046,
2021-2023,diag,xgboost,2,PI,weighted,Stroke,0.00038955257333757044,
2021-2023,diag,xgboost,2,PI,weighted,HeartDiseaseorAttack,0.005848930176613587,
2021-2023,diag,xgboost,2,PI,weighted,PhysActivity_LTPA,0.002696565448917931,
2021-2023,diag,xgboost,2,PI,weighted,AnyHealthcare,0.0002609205483204757,
2021-2023,diag,xgboost,2,PI,weighted,GenHlth,0.03229653442576522,
2021-2023,diag,xgboost,2,PI,weighted,MentHlth,0.00846200559566591,
2021-2023,diag,xgboost,2,PI,weighted,Sex,0.0031879134224350623,
2021-2023,diag,xgboost,2,PI,weighted,Age,0.11623760986854674,
2021-2023,diag,xgboost,2,PI,weighted,Education,0.004453448575941122,
2021-2023,diag,xgboost,2,PI,weighted,Income,0.006895890647358216,
2021-2023,diag,random_forest,2,SHAP,unweighted,Diabetes_self,0.04698009471208908,
2021-2023,diag,random_forest,2,SHAP,unweighted,HighChol,0.078147923140841,
2021-2023,diag,random_forest,2,SHAP,unweighted,BMI,0.07104809394751486,
2021-2023,diag,random_forest,2,SHAP,unweighted,Smoker,0.010979319144321344,
2021-2023,diag,random_forest,2,SHAP,unweighted,Stroke,0.005379631110340819,
2021-2023,diag,random_forest,2,SHAP,unweighted,HeartDiseaseorAttack,0.023348274822969903,
2021-2023,diag,random_forest,2,SHAP,unweighted,PhysActivity_LTPA,0.008585456925958633,
2021-2023,diag,random_forest,2,SHAP,unweighted,AnyHealthcare,0.00854573145043196,
2021-2023,diag,random_forest,2,SHAP,unweighted,GenHlth,0.046896505217545924,
2021-2023,diag,random_forest,2,SHAP,unweighted,MentHlth,0.012002032870995294,
2021-2023,diag,random_forest,2,SHAP,unweighted,Sex,0.011541553322296595,
2021-2023,diag,random_forest,2,SHAP,unweighted,Age,0.10830039820124157,
2021-2023,diag,random_forest,2,SHAP,unweighted,Education,0.016305084070819296,
2021-2023,diag,random_forest,2,SHAP,unweighted,Income,0.01760291136322617,
2021-2023,diag,random_forest,2,SHAP,weighted,Diabetes_self,0.04439919158703175,
2021-2023,diag,random_forest,2,SHAP,weighted,HighChol,0.07848604271494306,
2021-2023,diag,random_forest,2,SHAP,weighted,BMI,0.06930792387370266,
2021-2023,diag,random_forest,2,SHAP,weighted,Smoker,0.0105175190001671,
2021-2023,diag,random_forest,2,SHAP,weighted,Stroke,0.00498127903177541,
2021-2023,diag,random_forest,2,SHAP,weighted,HeartDiseaseorAttack,0.02120867116295555,
2021-2023,diag,random_forest,2,SHAP,weighted,PhysActivity_LTPA,0.007967188096200334,
2021-2023,diag,random_forest,2,SHAP,weighted,AnyHealthcare,0.009257349558750736,
2021-2023,diag,random_forest,2,SHAP,weighted,GenHlth,0.0461432906098181,
2021-2023,diag,random_forest,2,SHAP,weighted,MentHlth,0.011966906690883863,
2021-2023,diag,random_forest,2,SHAP,weighted,Sex,0.011111358484323593,
2021-2023,diag,random_forest,2,SHAP,weighted,Age,0.11813359375066912,
2021-2023,diag,random_forest,2,SHAP,weighted,Education,0.015577939118092656,
2021-2023,diag,random_forest,2,SHAP,weighted,Income,0.01764387859315993,
2021-2023,diag,random_forest,2,PI,unweighted,Diabetes_self,0.02062043371027039,0.00576692403449314
2021-2023,diag,random_forest,2,PI,unweighted,HighChol,0.03389873888966448,0.005285182616725682
2021-2023,diag,random_forest,2,PI,unweighted,BMI,0.0264033342640421,0.005202775031173117
2021-2023,diag,random_forest,2,PI,unweighted,Smoker,0.0021604076504257662,0.004432048368863459
2021-2023,diag,random_forest,2,PI,unweighted,Stroke,0.0032595164968123426,0.001681708977621711
2021-2023,diag,random_forest,2,PI,unweighted,HeartDiseaseorAttack,0.006996893759597955,0.002650400859126133
2021-2023,diag,random_forest,2,PI,unweighted,PhysActivity_LTPA,0.0033092512448229527,0.002433230687245727
2021-2023,diag,random_forest,2,PI,unweighted,AnyHealthcare,-0.0007931383498534061,0.001471356120552252
2021-2023,diag,random_forest,2,PI,unweighted,GenHlth,0.025065149611429104,0.004665858361148137
2021-2023,diag,random_forest,2,PI,unweighted,MentHlth,0.005114826190143818,0.00282215375670918
2021-2023,diag,random_forest,2,PI,unweighted,Sex,0.0038595327842151582,0.002596936603772732
2021-2023,diag,random_forest,2,PI,unweighted,Age,0.09130456279957186,0.011207824550735903
2021-2023,diag,random_forest,2,PI,unweighted,Education,0.00366990087951975,0.005686412676265603
2021-2023,diag,random_forest,2,PI,unweighted,Income,0.007098980873935468,0.0026774075793728072
2021-2023,diag,random_forest,2,PI,weighted,Diabetes_self,0.01687970698416117,
2021-2023,diag,random_forest,2,PI,weighted,HighChol,0.041014994225022264,
2021-2023,diag,random_forest,2,PI,weighted,BMI,0.030348849253137043,
2021-2023,diag,random_forest,2,PI,weighted,Smoker,0.0012154228887417905,
2021-2023,diag,random_forest,2,PI,weighted,Stroke,0.0006611944152138949,
2021-2023,diag,random_forest,2,PI,weighted,HeartDiseaseorAttack,0.006681505698916135,
2021-2023,diag,random_forest,2,PI,weighted,PhysActivity_LTPA,0.008421283587389406,
2021-2023,diag,random_forest,2,PI,weighted,AnyHealthcare,-9.361320717004018e-05,
2021-2023,diag,random_forest,2,PI,weighted,GenHlth,0.027953956880066154,
2021-2023,diag,random_forest,2,PI,weighted,MentHlth,0.0061590545017622626,
2021-2023,diag,random_forest,2,PI,weighted,Sex,0.005144131405840968,
2021-2023,diag,random_forest,2,PI,weighted,Age,0.1077453534955823,
2021-2023,diag,random_forest,2,PI,weighted,Education,0.006121111795215062,
2021-2023,diag,random_forest,2,PI,weighted,Income,0.0061792645858248065,
2021-2023,diag,logistic_regression,2,SHAP,unweighted,Diabetes_self,0.1798766984798442,
2021-2023,diag,logistic_regression,2,SHAP,unweighted,HighChol,0.34361369742732445,
2021-2023,diag,logistic_regression,2,SHAP,unweighted,BMI,0.32840026419705537,
2021-2023,diag,logistic_regression,2,SHAP,unweighted,Smoker,0.02748489522529945,
2021-2023,diag,logistic_regression,2,SHAP,unweighted,Stroke,0.025704352747843284,
2021-2023,diag,logistic_regression,2,SHAP,unweighted,HeartDiseaseorAttack,0.10366258041600389,
2021-2023,diag,logistic_regression,2,SHAP,unweighted,PhysActivity_LTPA,0.016394990458451993,
2021-2023,diag,logistic_regression,2,SHAP,unweighted,AnyHealthcare,0.0638900319048843,
2021-2023,diag,logistic_regression,2,SHAP,unweighted,GenHlth,0.2872497100150178,
2021-2023,diag,logistic_regression,2,SHAP,unweighted,MentHlth,0.012114350195152558,
2021-2023,diag,logistic_regression,2,SHAP,unweighted,Sex,0.08268919238171459,
2021-2023,diag,logistic_regression,2,SHAP,unweighted,Age,0.6301784193620706,
2021-2023,diag,logistic_regression,2,SHAP,unweighted,Education,0.03410740706587098,
2021-2023,diag,logistic_regression,2,SHAP,unweighted,Income,0.051239027200959374,
2021-2023,diag,logistic_regression,2,SHAP,weighted,Diabetes_self,0.16812944386344567,
2021-2023,diag,logistic_regression,2,SHAP,weighted,HighChol,0.3335043328860603,
2021-2023,diag,logistic_regression,2,SHAP,weighted,BMI,0.33297019693788826,
2021-2023,diag,logistic_regression,2,SHAP,weighted,Smoker,0.027374010171080022,
2021-2023,diag,logistic_regression,2,SHAP,weighted,Stroke,0.023459599875370954,
2021-2023,diag,logistic_regression,2,SHAP,weighted,HeartDiseaseorAttack,0.09379741903284164,
2021-2023,diag,logistic_regression,2,SHAP,weighted,PhysActivity_LTPA,0.01586792777431728,
2021-2023,diag,logistic_regression,2,SHAP,weighted,AnyHealthcare,0.0689951316802963,
2021-2023,diag,logistic_regression,2,SHAP,weighted,GenHlth,0.2837702837539349,
2021-2023,diag,logistic_regression,2,SHAP,weighted,MentHlth,0.01203326134852042,
2021-2023,diag,logistic_regression,2,SHAP,weighted,Sex,0.08322374331909811,
2021-2023,diag,logistic_regression,2,SHAP,weighted,Age,0.6389233502855628,
2021-2023,diag,logistic_regression,2,SHAP,weighted,Education,0.03337297097662127,
2021-2023,diag,logistic_regression,2,SHAP,weighted,Income,0.05037989625943869,
2021-2023,diag,logistic_regression,2,PI,unweighted,Diabetes_self,0.009596770440690539,0.002706474006063402
2021-2023,diag,logistic_regression,2,PI,unweighted,HighChol,0.022367839359672403,0.004419846151518973
2021-2023,diag,logistic_regression,2,PI,unweighted,BMI,0.03346828609986503,0.004755616691081645
2021-2023,diag,logistic_regression,2,PI,unweighted,Smoker,0.0003536693191865892,0.0003636004442741748
2021-2023,diag,logistic_regression,2,PI,unweighted,Stroke,0.0005933268183721974,0.0008534409109229209
2021-2023,diag,logistic_regression,2,PI,unweighted,HeartDiseaseorAttack,0.005095630322490563,0.0032351344331123916
2021-2023,diag,logistic_regression,2,PI,unweighted,PhysActivity_LTPA,-5.177067336776808e-05,0.0003529534376078729
2021-2023,diag,logistic_regression,2,PI,unweighted,AnyHealthcare,-0.0016746940295034652,0.0021736745120280194
2021-2023,diag,logistic_regression,2,PI,unweighted,GenHlth,0.02725987714644702,0.004600149179254539
2021-2023,diag,logistic_regression,2,PI,unweighted,MentHlth,0.0001960305272464824,0.00019036651965324874
2021-2023,diag,logistic_regression,2,PI,unweighted,Sex,-0.0001064498115314616,0.0005426484512441815
2021-2023,diag,logistic_regression,2,PI,unweighted,Age,0.09609916701568245,0.01432524048702536
2021-2023,diag,logistic_regression,2,PI,unweighted,Education,0.0011337195774582364,0.0005055206334847684
2021-2023,diag,logistic_regression,2,PI,unweighted,Income,0.001917841686444255,0.0005721744961932913
2021-2023,diag,logistic_regression,2,PI,weighted,Diabetes_self,0.010826970324898544,
2021-2023,diag,logistic_regression,2,PI,weighted,HighChol,0.02106346573905893,
2021-2023,diag,logistic_regression,2,PI,weighted,BMI,0.03468379769770543,
2021-2023,diag,logistic_regression,2,PI,weighted,Smoker,-0.00039554573080452515,
2021-2023,diag,logistic_regression,2,PI,weighted,Stroke,-0.00033052526592082244,
2021-2023,diag,logistic_regression,2,PI,weighted,HeartDiseaseorAttack,0.004754425782703198,
2021-2023,diag,logistic_regression,2,PI,weighted,PhysActivity_LTPA,-2.4258843983993028e-05,
2021-2023,diag,logistic_regression,2,PI,weighted,AnyHealthcare,1.3511401963717252e-05,
2021-2023,diag,logistic_regression,2,PI,weighted,GenHlth,0.02362883380597084,
2021-2023,diag,logistic_regression,2,PI,weighted,MentHlth,0.0002729010281921296,
2021-2023,diag,logistic_regression,2,PI,weighted,Sex,-0.0016803382239724551,
2021-2023,diag,logistic_regression,2,PI,weighted,Age,0.10454422664754551,
2021-2023,diag,logistic_regression,2,PI,weighted,Education,0.00033433654789289947,
2021-2023,diag,logistic_regression,2,PI,weighted,Income,0.001245683796773711,
2021-2023,measured,xgboost,2,SHAP,unweighted,Diabetes_self,0.028025096282362938,
2021-2023,measured,xgboost,2,SHAP,unweighted,HighChol,0.09019161015748978,
2021-2023,measured,xgboost,2,SHAP,unweighted,BMI,0.42477867007255554,
2021-2023,measured,xgboost,2,SHAP,unweighted,Smoker,0.09271357208490372,
2021-2023,measured,xgboost,2,SHAP,unweighted,Stroke,0.019809294492006302,
2021-2023,measured,xgboost,2,SHAP,unweighted,HeartDiseaseorAttack,0.018055278807878494,
2021-2023,measured,xgboost,2,SHAP,unweighted,PhysActivity_LTPA,0.11305467039346695,
2021-2023,measured,xgboost,2,SHAP,unweighted,AnyHealthcare,0.01966951973736286,
2021-2023,measured,xgboost,2,SHAP,unweighted,GenHlth,0.08945465832948685,
2021-2023,measured,xgboost,2,SHAP,unweighted,MentHlth,0.0834534764289856,
2021-2023,measured,xgboost,2,SHAP,unweighted,Sex,0.08929558098316193,
2021-2023,measured,xgboost,2,SHAP,unweighted,Age,0.7202649116516113,
2021-2023,measured,xgboost,2,SHAP,unweighted,Education,0.09277964383363724,
2021-2023,measured,xgboost,2,SHAP,unweighted,Income,0.2410639524459839,
2021-2023,measured,xgboost,2,SHAP,weighted,Diabetes_self,0.024585413534228714,
2021-2023,measured,xgboost,2,SHAP,weighted,HighChol,0.09676029644821751,
2021-2023,measured,xgboost,2,SHAP,weighted,BMI,0.4379608861617001,
2021-2023,measured,xgboost,2,SHAP,weighted,Smoker,0.09541672246560672,
2021-2023,measured,xgboost,2,SHAP,weighted,Stroke,0.018996958153043284,
2021-2023,measured,xgboost,2,SHAP,weighted,HeartDiseaseorAttack,0.016255568600825086,
2021-2023,measured,xgboost,2,SHAP,weighted,PhysActivity_LTPA,0.10191230852177914,
2021-2023,measured,xgboost,2,SHAP,weighted,AnyHealthcare,0.020318209369522368,
2021-2023,measured,xgboost,2,SHAP,weighted,GenHlth,0.08829116147709401,
2021-2023,measured,xgboost,2,SHAP,weighted,MentHlth,0.07985555245971615,
2021-2023,measured,xgboost,2,SHAP,weighted,Sex,0.09666507115288926,
2021-2023,measured,xgboost,2,SHAP,weighted,Age,0.8449428642555048,
2021-2023,measured,xgboost,2,SHAP,weighted,Education,0.09197220681513313,
2021-2023,measured,xgboost,2,SHAP,weighted,Income,0.2413534043541714,
2021-2023,measured,xgboost,2,PI,unweighted,Diabetes_self,-0.0005133239831697667,0.0021434460385673804
2021-2023,measured,xgboost,2,PI,unweighted,HighChol,0.003064983637213592,0.006964616483098077
2021-2023,measured,xgboost,2,PI,unweighted,BMI,-0.005811594202898595,0.021769203733352692
2021-2023,measured,xgboost,2,PI,unweighted,Smoker,0.00039644693782138197,0.002895452052844793
2021-2023,measured,xgboost,2,PI,unweighted,Stroke,0.0012510518934081062,0.0012197846618383539
2021-2023,measured,xgboost,2,PI,unweighted,HeartDiseaseorAttack,0.0005563347358577886,0.0018391334527445582
2021-2023,measured,xgboost,2,PI,unweighted,PhysActivity_LTPA,-0.00013090229079018023,0.007338398948032018
2021-2023,measured,xgboost,2,PI,unweighted,AnyHealthcare,-0.0005161290322580947,0.0013620515293059593
2021-2023,measured,xgboost,2,PI,unweighted,GenHlth,-0.0031556802244039894,0.003609638509780575
2021-2023,measured,xgboost,2,PI,unweighted,MentHlth,0.009949509116409471,0.004150624837091166
2021-2023,measured,xgboost,2,PI,unweighted,Sex,0.007202431042543178,0.0023960113112053458
2021-2023,measured,xgboost,2,PI,unweighted,Age,0.09458859280037393,0.02237497880287844
2021-2023,measured,xgboost,2,PI,unweighted,Education,-0.004474988312295547,0.005441530464328483
2021-2023,measured,xgboost,2,PI,unweighted,Income,0.01848761103319304,0.010218340822715557
2021-2023,measured,xgboost,2,PI,weighted,Diabetes_self,-0.001957880643566612,
2021-2023,measured,xgboost,2,PI,weighted,HighChol,0.0006839281077729908,
2021-2023,measured,xgboost,2,PI,weighted,BMI,-0.009417918364924038,
2021-2023,measured,xgboost,2,PI,weighted,Smoker,-0.0019550334385655898,
2021-2023,measured,xgboost,2,PI,weighted,Stroke,-0.00013732141540315768,
2021-2023,measured,xgboost,2,PI,weighted,HeartDiseaseorAttack,0.0015994370757262733,
2021-2023,measured,xgboost,2,PI,weighted,PhysActivity_LTPA,-0.0025493868471507253,
2021-2023,measured,xgboost,2,PI,weighted,AnyHealthcare,-0.003069065962091466,
2021-2023,measured,xgboost,2,PI,weighted,GenHlth,0.0010150450916809773,
2021-2023,measured,xgboost,2,PI,weighted,MentHlth,0.0028121177903319807,
2021-2023,measured,xgboost,2,PI,weighted,Sex,0.008601605247850386,
2021-2023,measured,xgboost,2,PI,weighted,Age,0.09259543919576797,
2021-2023,measured,xgboost,2,PI,weighted,Education,-0.008376839598507446,
2021-2023,measured,xgboost,2,PI,weighted,Income,0.013151788312817391,
2021-2023,measured,random_forest,2,SHAP,unweighted,Diabetes_self,0.008266219635707282,
2021-2023,measured,random_forest,2,SHAP,unweighted,HighChol,0.021668146471579938,
2021-2023,measured,random_forest,2,SHAP,unweighted,BMI,0.08643832128176233,
2021-2023,measured,random_forest,2,SHAP,unweighted,Smoker,0.01282007417615303,
2021-2023,measured,random_forest,2,SHAP,unweighted,Stroke,0.006954041525286723,
2021-2023,measured,random_forest,2,SHAP,unweighted,HeartDiseaseorAttack,0.00529073003104452,
2021-2023,measured,random_forest,2,SHAP,unweighted,PhysActivity_LTPA,0.019070346344235795,
2021-2023,measured,random_forest,2,SHAP,unweighted,AnyHealthcare,0.004710468988014012,
2021-2023,measured,random_forest,2,SHAP,unweighted,GenHlth,0.02617359954799965,
2021-2023,measured,random_forest,2,SHAP,unweighted,MentHlth,0.01803901404847618,
2021-2023,measured,random_forest,2,SHAP,unweighted,Sex,0.016080571451000784,
2021-2023,measured,random_forest,2,SHAP,unweighted,Age,0.10403610711820253,
2021-2023,measured,random_forest,2,SHAP,unweighted,Education,0.026295411543508267,
2021-2023,measured,random_forest,2,SHAP,unweighted,Income,0.032094522889603384,
2021-2023,measured,random_forest,2,SHAP,weighted,Diabetes_self,0.007927606654557502,
2021-2023,measured,random_forest,2,SHAP,weighted,HighChol,0.023017991209371768,
2021-2023,measured,random_forest,2,SHAP,weighted,BMI,0.08497948992181009,
2021-2023,measured,random_forest,2,SHAP,weighted,Smoker,0.012108851440701132,
2021-2023,measured,random_forest,2,SHAP,weighted,Stroke,0.006442678753916936,
2021-2023,measured,random_forest,2,SHAP,weighted,HeartDiseaseorAttack,0.004868645386445776,
2021-2023,measured,random_forest,2,SHAP,weighted,PhysActivity_LTPA,0.017387669717347023,
2021-2023,measured,random_forest,2,SHAP,weighted,AnyHealthcare,0.0048729640560704335,
2021-2023,measured,random_forest,2,SHAP,weighted,GenHlth,0.025403131541644787,
2021-2023,measured,random_forest,2,SHAP,weighted,MentHlth,0.017735100306583044,
2021-2023,measured,random_forest,2,SHAP,weighted,Sex,0.015350762421416335,
2021-2023,measured,random_forest,2,SHAP,weighted,Age,0.11892801819202696,
2021-2023,measured,random_forest,2,SHAP,weighted,Education,0.02471500369605897,
2021-2023,measured,random_forest,2,SHAP,weighted,Income,0.03170310352411488,
2021-2023,measured,random_forest,2,PI,unweighted,Diabetes_self,-0.003204301075268745,0.00432944290644194
2021-2023,measured,random_forest,2,PI,unweighted,HighChol,0.004250116877045384,0.00999970568844995
2021-2023,measured,random_forest,2,PI,unweighted,BMI,-0.0016269284712482125,0.012828454142592517
2021-2023,measured,random_forest,2,PI,unweighted,Smoker,-0.004745675549322093,0.005782543458068471
2021-2023,measured,random_forest,2,PI,unweighted,Stroke,0.008436652641421238,0.005888823762672437
2021-2023,measured,random_forest,2,PI,unweighted,HeartDiseaseorAttack,-0.003718560074801258,0.0026172218699440234
2021-2023,measured,random_forest,2,PI,unweighted,PhysActivity_LTPA,-0.0009453015427769329,0.010202276015798135
2021-2023,measured,random_forest,2,PI,unweighted,AnyHealthcare,-0.0007381954184197514,0.00118665963468389
2021-2023,measured,random_forest,2,PI,unweighted,GenHlth,-0.004398784478728357,0.00820868711111365
2021-2023,measured,random_forest,2,PI,unweighted,MentHlth,-0.00010098176718087437,0.0037277375131959376
2021-2023,measured,random_forest,2,PI,unweighted,Sex,0.011760168302945373,0.00809030904534104
2021-2023,measured,random_forest,2,PI,unweighted,Age,0.08223094904160828,0.02070515525251806
2021-2023,measured,random_forest,2,PI,unweighted,Education,-0.011865825151940113,0.009175201620235225
2021-2023,measured,random_forest,2,PI,unweighted,Income,0.005674146797569035,0.010742022893322864
2021-2023,measured,random_forest,2,PI,weighted,Diabetes_self,0.0029019558741121944,
2021-2023,measured,random_forest,2,PI,weighted,HighChol,0.004304360499107862,
2021-2023,measured,random_forest,2,PI,weighted,BMI,-0.0036901756972562484,
2021-2023,measured,random_forest,2,PI,weighted,Smoker,-0.005906370445456411,
2021-2023,measured,random_forest,2,PI,weighted,Stroke,0.004241759048696292,
2021-2023,measured,random_forest,2,PI,weighted,HeartDiseaseorAttack,-0.0009153069042652229,
2021-2023,measured,random_forest,2,PI,weighted,PhysActivity_LTPA,-0.0014022350680894303,
2021-2023,measured,random_forest,2,PI,weighted,AnyHealthcare,-0.003463024457298192,
2021-2023,measured,random_forest,2,PI,weighted,GenHlth,0.007098414926893104,
2021-2023,measured,random_forest,2,PI,weighted,MentHlth,-0.004604830127007453,
2021-2023,measured,random_forest,2,PI,weighted,Sex,0.011010215296732063,
2021-2023,measured,random_forest,2,PI,weighted,Age,0.08672389609648613,
2021-2023,measured,random_forest,2,PI,weighted,Education,-0.01803912668094143,
2021-2023,measured,random_forest,2,PI,weighted,Income,0.002906811226160544,
2021-2023,measured,logistic_regression,2,SHAP,unweighted,Diabetes_self,0.020988950858129036,
2021-2023,measured,logistic_regression,2,SHAP,unweighted,HighChol,0.020174171607450404,
2021-2023,measured,logistic_regression,2,SHAP,unweighted,BMI,0.15934244816715468,
2021-2023,measured,logistic_regression,2,SHAP,unweighted,Smoker,0.016515090297937393,
2021-2023,measured,logistic_regression,2,SHAP,unweighted,Stroke,0.02855105731318284,
2021-2023,measured,logistic_regression,2,SHAP,unweighted,HeartDiseaseorAttack,0.012770509506196685,
2021-2023,measured,logistic_regression,2,SHAP,unweighted,PhysActivity_LTPA,0.05737816488906671,
2021-2023,measured,logistic_regression,2,SHAP,unweighted,AnyHealthcare,0.02032912130786397,
2021-2023,measured,logistic_regression,2,SHAP,unweighted,GenHlth,0.025656755609617686,
2021-2023,measured,logistic_regression,2,SHAP,unweighted,MentHlth,0.04660062359270701,
2021-2023,measured,logistic_regression,2,SHAP,unweighted,Sex,0.04760473556676575,
2021-2023,measured,logistic_regression,2,SHAP,unweighted,Age,0.5844201316396704,
2021-2023,measured,logistic_regression,2,SHAP,unweighted,Education,0.04647351397998462,
2021-2023,measured,logistic_regression,2,SHAP,unweighted,Income,0.17668913550926818,
2021-2023,measured,logistic_regression,2,SHAP,weighted,Diabetes_self,0.019618219952207208,
2021-2023,measured,logistic_regression,2,SHAP,weighted,HighChol,0.019580632826474115,
2021-2023,measured,logistic_regression,2,SHAP,weighted,BMI,0.16155981627026497,
2021-2023,measured,logistic_regression,2,SHAP,weighted,Smoker,0.01644846182189192,
2021-2023,measured,logistic_regression,2,SHAP,weighted,Stroke,0.026057702645021823,
2021-2023,measured,logistic_regression,2,SHAP,weighted,HeartDiseaseorAttack,0.0115551901815351,
2021-2023,measured,logistic_regression,2,SHAP,weighted,PhysActivity_LTPA,0.05553358378523599,
2021-2023,measured,logistic_regression,2,SHAP,weighted,AnyHealthcare,0.021953509174465854,
2021-2023,measured,logistic_regression,2,SHAP,weighted,GenHlth,0.02534597796170434,
2021-2023,measured,logistic_regression,2,SHAP,weighted,MentHlth,0.04628869676554736,
2021-2023,measured,logistic_regression,2,SHAP,weighted,Sex,0.04791248021014726,
2021-2023,measured,logistic_regression,2,SHAP,weighted,Age,0.5925300787982254,
2021-2023,measured,logistic_regression,2,SHAP,weighted,Education,0.045472798041794715,
2021-2023,measured,logistic_regression,2,SHAP,weighted,Income,0.1737265674895588,
2021-2023,measured,logistic_regression,2,PI,unweighted,Diabetes_self,0.002364656381486585,0.0011633531300848285
2021-2023,measured,logistic_regression,2,PI,unweighted,HighChol,0.00021224871435242542,0.0005457492754125205
2021-2023,measured,logistic_regression,2,PI,unweighted,BMI,0.007730715287517509,0.006554896583765807
2021-2023,measured,logistic_regression,2,PI,unweighted,Smoker,0.00015988779803642882,0.0006225334449509189
2021-2023,measured,logistic_regression,2,PI,unweighted,Stroke,0.005884057971014445,0.002104917051339796
2021-2023,measured,logistic_regression,2,PI,unweighted,HeartDiseaseorAttack,0.00209256661991577,0.0008324775769050723
2021-2023,measured,logistic_regression,2,PI,unweighted,PhysActivity_LTPA,0.0011884057971013663,0.0034129543284317993
2021-2023,measured,logistic_regression,2,PI,unweighted,AnyHealthcare,0.005671809256661942,0.0007199771708816292
2021-2023,measured,logistic_regression,2,PI,unweighted,GenHlth,8.882655446466048e-05,0.0009471420384935507
2021-2023,measured,logistic_regression,2,PI,unweighted,MentHlth,0.0005974754558204399,0.001585184782646236
2021-2023,measured,logistic_regression,2,PI,unweighted,Sex,0.0008882655446469601,0.0011325977904042314
2021-2023,measured,logistic_regression,2,PI,unweighted,Age,0.1351795231416549,0.024704895789078918
2021-2023,measured,logistic_regression,2,PI,unweighted,Education,0.0017026647966338904,0.0014633376494735755
2021-2023,measured,logistic_regression,2,PI,unweighted,Income,0.011906030855539929,0.006323524388844426
2021-2023,measured,logistic_regression,2,PI,weighted,Diabetes_self,0.0013206324880412179,
2021-2023,measured,logistic_regression,2,PI,weighted,HighChol,-0.000666792418985207,
2021-2023,measured,logistic_regression,2,PI,weighted,BMI,0.015058689776356493,
2021-2023,measured,logistic_regression,2,PI,weighted,Smoker,0.0004136132332489773,
2021-2023,measured,logistic_regression,2,PI,weighted,Stroke,0.001965675181726423,
2021-2023,measured,logistic_regression,2,PI,weighted,HeartDiseaseorAttack,0.001541222642497919,
2021-2023,measured,logistic_regression,2,PI,weighted,PhysActivity_LTPA,0.0017493759504251028,
2021-2023,measured,logistic_regression,2,PI,weighted,AnyHealthcare,0.005763250463083558,
2021-2023,measured,logistic_regression,2,PI,weighted,GenHlth,0.0011608903369241918,
2021-2023,measured,logistic_regression,2,PI,weighted,MentHlth,0.0016515392642917238,
2021-2023,measured,logistic_regression,2,PI,weighted,Sex,0.001058915565347207,
2021-2023,measured,logistic_regression,2,PI,weighted,Age,0.1481423013797804,
2021-2023,measured,logistic_regression,2,PI,weighted,Education,0.0031135078165932307,
2021-2023,measured,logistic_regression,2,PI,weighted,Income,0.008098813496500845,
2021-2023,total,xgboost,2,SHAP,unweighted,Diabetes_self,0.14359626173973083,
2021-2023,total,xgboost,2,SHAP,unweighted,HighChol,0.3656795620918274,
2021-2023,total,xgboost,2,SHAP,unweighted,BMI,0.5031216144561768,
2021-2023,total,xgboost,2,SHAP,unweighted,Smoker,0.05781318619847298,
2021-2023,total,xgboost,2,SHAP,unweighted,Stroke,0.02089160867035389,
2021-2023,total,xgboost,2,SHAP,unweighted,HeartDiseaseorAttack,0.08628794550895691,
2021-2023,total,xgboost,2,SHAP,unweighted,PhysActivity_LTPA,0.061737217009067535,
2021-2023,total,xgboost,2,SHAP,unweighted,AnyHealthcare,0.03289908170700073,
2021-2023,total,xgboost,2,SHAP,unweighted,GenHlth,0.2338569015264511,
2021-2023,total,xgboost,2,SHAP,unweighted,MentHlth,0.06822022050619125,
2021-2023,total,xgboost,2,SHAP,unweighted,Sex,0.12798398733139038,
2021-2023,total,xgboost,2,SHAP,unweighted,Age,0.8415774703025818,
2021-2023,total,xgboost,2,SHAP,unweighted,Education,0.1075759008526802,
2021-2023,total,xgboost,2,SHAP,unweighted,Income,0.12727613747119904,
2021-2023,total,xgboost,2,SHAP,weighted,Diabetes_self,0.13181696791892977,
2021-2023,total,xgboost,2,SHAP,weighted,HighChol,0.37610710905358946,
2021-2023,total,xgboost,2,SHAP,weighted,BMI,0.5086701128224093,
2021-2023,total,xgboost,2,SHAP,weighted,Smoker,0.05867557932155865,
2021-2023,total,xgboost,2,SHAP,weighted,Stroke,0.01898095951248483,
2021-2023,total,xgboost,2,SHAP,weighted,HeartDiseaseorAttack,0.07512015914730913,
2021-2023,total,xgboost,2,SHAP,weighted,PhysActivity_LTPA,0.05909994237103743,
2021-2023,total,xgboost,2,SHAP,weighted,AnyHealthcare,0.03607836354430558,
2021-2023,total,xgboost,2,SHAP,weighted,GenHlth,0.24907492997716763,
2021-2023,total,xgboost,2,SHAP,weighted,MentHlth,0.07013928469251078,
2021-2023,total,xgboost,2,SHAP,weighted,Sex,0.13174424936468287,
2021-2023,total,xgboost,2,SHAP,weighted,Age,0.923543698947845,
2021-2023,total,xgboost,2,SHAP,weighted,Education,0.10557234800031905,
2021-2023,total,xgboost,2,SHAP,weighted,Income,0.1283614123157509,
2021-2023,total,xgboost,2,PI,unweighted,Diabetes_self,0.00813282424322218,0.0026991682237687883
2021-2023,total,xgboost,2,PI,unweighted,HighChol,0.021461878586397164,0.004097958015604973
2021-2023,total,xgboost,2,PI,unweighted,BMI,0.026358030786785558,0.006344443722929197
2021-2023,total,xgboost,2,PI,unweighted,Smoker,0.004186827293374162,0.002079812889163426
2021-2023,total,xgboost,2,PI,unweighted,Stroke,0.0014460792381202792,0.0015034711654643138
2021-2023,total,xgboost,2,PI,unweighted,HeartDiseaseorAttack,0.003660182350811325,0.0016992430594443319
2021-2023,total,xgboost,2,PI,unweighted,PhysActivity_LTPA,0.003130794465839315,0.0017341957881444481
2021-2023,total,xgboost,2,PI,unweighted,AnyHealthcare,-0.001772489384812892,0.0009738966028436561
2021-2023,total,xgboost,2,PI,unweighted,GenHlth,0.022459212446375477,0.002522112500840894
2021-2023,total,xgboost,2,PI,unweighted,MentHlth,0.006434942891939033,0.0008058389478730086
2021-2023,total,xgboost,2,PI,unweighted,Sex,0.00155634552296936,0.0017244358645280334
2021-2023,total,xgboost,2,PI,unweighted,Age,0.11139116553108845,0.015333300595045818
2021-2023,total,xgboost,2,PI,unweighted,Education,-0.0009205314725212576,0.0028266638914815553
2021-2023,total,xgboost,2,PI,unweighted,Income,0.002994470228103019,0.002311594938564844
2021-2023,total,xgboost,2,PI,weighted,Diabetes_self,0.006305651603031548,
2021-2023,total,xgboost,2,PI,weighted,HighChol,0.02154407550703994,
2021-2023,total,xgboost,2,PI,weighted,BMI,0.02538682511904754,
2021-2023,total,xgboost,2,PI,weighted,Smoker,0.0022221875991068505,
2021-2023,total,xgboost,2,PI,weighted,Stroke,0.001024218396127341,
2021-2023,total,xgboost,2,PI,weighted,HeartDiseaseorAttack,0.0036774947824179003,
2021-2023,total,xgboost,2,PI,weighted,PhysActivity_LTPA,0.0041290921010929795,
2021-2023,total,xgboost,2,PI,weighted,AnyHealthcare,-0.001704609428821191,
2021-2023,total,xgboost,2,PI,weighted,GenHlth,0.02703788742778568,
2021-2023,total,xgboost,2,PI,weighted,MentHlth,0.006178436086385542,
2021-2023,total,xgboost,2,PI,weighted,Sex,0.00263090460323534,
2021-2023,total,xgboost,2,PI,weighted,Age,0.12242939256361315,
2021-2023,total,xgboost,2,PI,weighted,Education,-0.0016360353015532404,
2021-2023,total,xgboost,2,PI,weighted,Income,0.0016119502832431464,
2021-2023,total,random_forest,2,SHAP,unweighted,Diabetes_self,0.03609493272388525,
2021-2023,total,random_forest,2,SHAP,unweighted,HighChol,0.07232479109346926,
2021-2023,total,random_forest,2,SHAP,unweighted,BMI,0.06700456455972104,
2021-2023,total,random_forest,2,SHAP,unweighted,Smoker,0.009778858081342543,
2021-2023,total,random_forest,2,SHAP,unweighted,Stroke,0.00468993860714692,
2021-2023,total,random_forest,2,SHAP,unweighted,HeartDiseaseorAttack,0.018078725732954225,
2021-2023,total,random_forest,2,SHAP,unweighted,PhysActivity_LTPA,0.010522204044763301,
2021-2023,total,random_forest,2,SHAP,unweighted,AnyHealthcare,0.005179428404689989,
2021-2023,total,random_forest,2,SHAP,unweighted,GenHlth,0.03660418719919866,
2021-2023,total,random_forest,2,SHAP,unweighted,MentHlth,0.009817229755651974,
2021-2023,total,random_forest,2,SHAP,unweighted,Sex,0.013808558443789939,
2021-2023,total,random_forest,2,SHAP,unweighted,Age,0.12117752516658706,
2021-2023,total,random_forest,2,SHAP,unweighted,Education,0.01961960513940253,
2021-2023,total,random_forest,2,SHAP,unweighted,Income,0.017965937288446802,
2021-2023,total,random_forest,2,SHAP,weighted,Diabetes_self,0.03425646729783197,
2021-2023,total,random_forest,2,SHAP,weighted,HighChol,0.07305917128731429,
2021-2023,total,random_forest,2,SHAP,weighted,BMI,0.06636428125979046,
2021-2023,total,random_forest,2,SHAP,weighted,Smoker,0.009774399517649742,
2021-2023,total,random_forest,2,SHAP,weighted,Stroke,0.004423409146358191,
2021-2023,total,random_forest,2,SHAP,weighted,HeartDiseaseorAttack,0.016570225753613388,
2021-2023,total,random_forest,2,SHAP,weighted,PhysActivity_LTPA,0.00964455712037644,
2021-2023,total,random_forest,2,SHAP,weighted,AnyHealthcare,0.005482703747950805,
2021-2023,total,random_forest,2,SHAP,weighted,GenHlth,0.03744744215725707,
2021-2023,total,random_forest,2,SHAP,weighted,MentHlth,0.009810207003892268,
2021-2023,total,random_forest,2,SHAP,weighted,Sex,0.01405454454623559,
2021-2023,total,random_forest,2,SHAP,weighted,Age,0.12860710841972098,
2021-2023,total,random_forest,2,SHAP,weighted,Education,0.01938813944139847,
2021-2023,total,random_forest,2,SHAP,weighted,Income,0.017885543209009976,
2021-2023,total,random_forest,2,PI,unweighted,Diabetes_self,0.016180342977518913,0.004656478922201676
2021-2023,total,random_forest,2,PI,unweighted,HighChol,0.033585684034978136,0.003417276766055088
2021-2023,total,random_forest,2,PI,unweighted,BMI,0.022934564365886766,0.008116869558740527
2021-2023,total,random_forest,2,PI,unweighted,Smoker,-0.0018767211963616303,0.0037393908835260748
2021-2023,total,random_forest,2,PI,unweighted,Stroke,0.0031883962564322466,0.0021871333205559364
2021-2023,total,random_forest,2,PI,unweighted,HeartDiseaseorAttack,0.004858299595141747,0.00246083450859488
2021-2023,total,random_forest,2,PI,unweighted,PhysActivity_LTPA,0.002221783351436879,0.002725195487727278
2021-2023,total,random_forest,2,PI,unweighted,AnyHealthcare,-0.000953446781431344,0.0011444666792380799
2021-2023,total,random_forest,2,PI,unweighted,GenHlth,0.016747309173496684,0.002940670985419119
2021-2023,total,random_forest,2,PI,unweighted,MentHlth,0.002592903459399043,0.0018592282197339395
2021-2023,total,random_forest,2,PI,unweighted,Sex,0.003277541884730706,0.0023252848207747
2021-2023,total,random_forest,2,PI,unweighted,Age,0.10423976608187147,0.013275853867198248
2021-2023,total,random_forest,2,PI,unweighted,Education,-0.001889887319925676,0.005556275196146202
2021-2023,total,random_forest,2,PI,unweighted,Income,0.0023891028383969393,0.003956202994453612
2021-2023,total,random_forest,2,PI,weighted,Diabetes_self,0.013275767996946918,
2021-2023,total,random_forest,2,PI,weighted,HighChol,0.03546800626852501,
2021-2023,total,random_forest,2,PI,weighted,BMI,0.022901195556906017,
2021-2023,total,random_forest,2,PI,weighted,Smoker,-0.0008538532795836495,
2021-2023,total,random_forest,2,PI,weighted,Stroke,0.0012906422401039674,
2021-2023,total,random_forest,2,PI,weighted,HeartDiseaseorAttack,0.0060002523527148185,
2021-2023,total,random_forest,2,PI,weighted,PhysActivity_LTPA,0.0046103717900751184,
2021-2023,total,random_forest,2,PI,weighted,AnyHealthcare,0.0020376707791445623,
2021-2023,total,random_forest,2,PI,weighted,GenHlth,0.02320222591003217,
2021-2023,total,random_forest,2,PI,weighted,MentHlth,0.0015686705120214084,
2021-2023,total,random_forest,2,PI,weighted,Sex,0.0059356909280042,
2021-2023,total,random_forest,2,PI,weighted,Age,0.11488310829947697,
2021-2023,total,random_forest,2,PI,weighted,Education,-0.0020471418361804215,
2021-2023,total,random_forest,2,PI,weighted,Income,-0.0015136410030821667,
2021-2023,total,logistic_regression,2,SHAP,unweighted,Diabetes_self,0.13798188470574457,
2021-2023,total,logistic_regression,2,SHAP,unweighted,HighChol,0.3039673136800024,
2021-2023,total,logistic_regression,2,SHAP,unweighted,BMI,0.3220162558078273,
2021-2023,total,logistic_regression,2,SHAP,unweighted,Smoker,0.001068358989492018,
2021-2023,total,logistic_regression,2,SHAP,unweighted,Stroke,0.024887315366637096,
2021-2023,total,logistic_regression,2,SHAP,unweighted,HeartDiseaseorAttack,0.07434406226003837,
2021-2023,total,logistic_regression,2,SHAP,unweighted,PhysActivity_LTPA,0.017116264211286297,
2021-2023,total,logistic_regression,2,SHAP,unweighted,AnyHealthcare,0.03157124227290716,
2021-2023,total,logistic_regression,2,SHAP,unweighted,GenHlth,0.2080820800636003,
2021-2023,total,logistic_regression,2,SHAP,unweighted,MentHlth,0.009607534567419843,
2021-2023,total,logistic_regression,2,SHAP,unweighted,Sex,0.11893940982404887,
2021-2023,total,logistic_regression,2,SHAP,unweighted,Age,0.6854437793908188,
2021-2023,total,logistic_regression,2,SHAP,unweighted,Education,0.07024966851847252,
2021-2023,total,logistic_regression,2,SHAP,unweighted,Income,0.07825250953620753,
2021-2023,total,logistic_regression,2,SHAP,weighted,Diabetes_self,0.1289706656552124,
2021-2023,total,logistic_regression,2,SHAP,weighted,HighChol,0.2950243745433251,
2021-2023,total,logistic_regression,2,SHAP,weighted,BMI,0.3264973503468179,
2021-2023,total,logistic_regression,2,SHAP,weighted,Smoker,0.0010640488022599333,
2021-2023,total,logistic_regression,2,SHAP,weighted,Stroke,0.022713914106335897,
2021-2023,total,logistic_regression,2,SHAP,weighted,HeartDiseaseorAttack,0.06726902931051992,
2021-2023,total,logistic_regression,2,SHAP,weighted,PhysActivity_LTPA,0.016566014171164628,
2021-2023,total,logistic_regression,2,SHAP,weighted,AnyHealthcare,0.034093925969119955,
2021-2023,total,logistic_regression,2,SHAP,weighted,GenHlth,0.20556160318027986,
2021-2023,total,logistic_regression,2,SHAP,weighted,MentHlth,0.009543225389915493,
2021-2023,total,logistic_regression,2,SHAP,weighted,Sex,0.11970830320880624,
2021-2023,total,logistic_regression,2,SHAP,weighted,Age,0.6949556228918691,
2021-2023,total,logistic_regression,2,SHAP,weighted,Education,0.0687369797433309,
2021-2023,total,logistic_regression,2,SHAP,weighted,Income,0.07694044028222767,
2021-2023,total,logistic_regression,2,PI,unweighted,Diabetes_self,0.005208847635035119,0.002817699388664516
2021-2023,total,logistic_regression,2,PI,unweighted,HighChol,0.017285474474178032,0.0037320651825138726
2021-2023,total,logistic_regression,2,PI,unweighted,BMI,0.031627771743304535,0.005159033565509145
2021-2023,total,logistic_regression,2,PI,unweighted,Smoker,2.852660105556737e-05,2.827227264127883e-05
2021-2023,total,logistic_regression,2,PI,unweighted,Stroke,0.0006615977090946079,0.0008120043560541459
2021-2023,total,logistic_regression,2,PI,unweighted,HeartDiseaseorAttack,0.0021082255356966615,0.0018800425015888173
2021-2023,total,logistic_regression,2,PI,unweighted,PhysActivity_LTPA,-6.473344085664579e-05,0.00042838262571896817
2021-2023,total,logistic_regression,2,PI,unweighted,AnyHealthcare,-0.0018180222288051938,0.0010062859473700405
2021-2023,total,logistic_regression,2,PI,unweighted,GenHlth,0.016822465795508258,0.0033901358950432312
2021-2023,total,logistic_regression,2,PI,unweighted,MentHlth,7.24136796024788e-05,0.00014116536520075002
2021-2023,total,logistic_regression,2,PI,unweighted,Sex,-0.0007916131792896186,0.00037281461345836853
2021-2023,total,logistic_regression,2,PI,unweighted,Age,0.11507274283269153,0.01509368607772713
2021-2023,total,logistic_regression,2,PI,unweighted,Education,0.0022212347629550046,0.0010163094307237427
2021-2023,total,logistic_regression,2,PI,unweighted,Income,0.0015829520643385274,0.0009281295571545537
2021-2023,total,logistic_regression,2,PI,weighted,Diabetes_self,0.00621776551240325,
2021-2023,total,logistic_regression,2,PI,weighted,HighChol,0.014565253869518856,
2021-2023,total,logistic_regression,2,PI,weighted,BMI,0.029540263318562056,
2021-2023,total,logistic_regression,2,PI,weighted,Smoker,-1.8820075413816806e-05,
2021-2023,total,logistic_regression,2,PI,weighted,Stroke,-0.00024124214782982322,
2021-2023,total,logistic_regression,2,PI,weighted,HeartDiseaseorAttack,0.002593023094283331,
2021-2023,total,logistic_regression,2,PI,weighted,PhysActivity_LTPA,3.0398118967300823e-05,
2021-2023,total,logistic_regression,2,PI,weighted,AnyHealthcare,-0.0018622474819043,
2021-2023,total,logistic_regression,2,PI,weighted,GenHlth,0.017052395205522153,
2021-2023,total,logistic_regression,2,PI,weighted,MentHlth,-3.2647446382094714e-06,
2021-2023,total,logistic_regression,2,PI,weighted,Sex,-0.000993378948863688,
2021-2023,total,logistic_regression,2,PI,weighted,Age,0.12681935731991226,
2021-2023,total,logistic_regression,2,PI,weighted,Education,0.002076003405235849,
2021-2023,total,logistic_regression,2,PI,weighted,Income,0.0007892157050829907,
2021-2023,diag,xgboost,3,SHAP,unweighted,Diabetes_self,0.16566124558448792,
2021-2023,diag,xgboost,3,SHAP,unweighted,HighChol,0.39959216117858887,
2021-2023,diag,xgboost,3,SHAP,unweighted,BMI,0.46618369221687317,
2021-2023,diag,xgboost,3,SHAP,unweighted,Smoker,0.04826539009809494,
2021-2023,diag,xgboost,3,SHAP,unweighted,Stroke,0.016217747703194618,
2021-2023,diag,xgboost,3,SHAP,unweighted,HeartDiseaseorAttack,0.10779446363449097,
2021-2023,diag,xgboost,3,SHAP,unweighted,PhysActivity_LTPA,0.051137350499629974,
2021-2023,diag,xgboost,3,SHAP,unweighted,AnyHealthcare,0.034383926540613174,
2021-2023,diag,xgboost,3,SHAP,unweighted,GenHlth,0.28104573488235474,
2021-2023,diag,xgboost,3,SHAP,unweighted,MentHlth,0.07742199301719666,
2021-2023,diag,xgboost,3,SHAP,unweighted,Sex,0.08232975006103516,
2021-2023,diag,xgboost,3,SHAP,unweighted,Age,0.8482720255851746,
2021-2023,diag,xgboost,3,SHAP,unweighted,Education,0.13500891625881195,
2021-2023,diag,xgboost,3,SHAP,unweighted,Income,0.1299484521150589,
2021-2023,diag,xgboost,3,SHAP,weighted,Diabetes_self,0.15691187466787093,
2021-2023,diag,xgboost,3,SHAP,weighted,HighChol,0.4021260334079383,
2021-2023,diag,xgboost,3,SHAP,weighted,BMI,0.4579363512014329,
2021-2023,diag,xgboost,3,SHAP,weighted,Smoker,0.04498404680345362,
2021-2023,diag,xgboost,3,SHAP,weighted,Stroke,0.014553717130589616,
2021-2023,diag,xgboost,3,SHAP,weighted,HeartDiseaseorAttack,0.09461641145878813,
2021-2023,diag,xgboost,3,SHAP,weighted,PhysActivity_LTPA,0.04787926574504369,
2021-2023,diag,xgboost,3,SHAP,weighted,AnyHealthcare,0.03952419340776372,
2021-2023,diag,xgboost,3,SHAP,weighted,GenHlth,0.28602488674025206,
2021-2023,diag,xgboost,3,SHAP,weighted,MentHlth,0.08395513443224568,
2021-2023,diag,xgboost,3,SHAP,weighted,Sex,0.08282059086520958,
2021-2023,diag,xgboost,3,SHAP,weighted,Age,0.9314256700572289,
2021-2023,diag,xgboost,3,SHAP,weighted,Education,0.13240276243678653,
2021-2023,diag,xgboost,3,SHAP,weighted,Income,0.13557163398678923,
2021-2023,diag,xgboost,3,PI,unweighted,Diabetes_self,0.015456163618595642,0.004176996513838856
2021-2023,diag,xgboost,3,PI,unweighted,HighChol,0.01925752710689197,0.004405820348711337
2021-2023,diag,xgboost,3,PI,unweighted,BMI,0.0301596165480014,0.0057152414024442336
2021-2023,diag,xgboost,3,PI,unweighted,Smoker,0.0009010423937829803,0.001786805967699543
2021-2023,diag,xgboost,3,PI,unweighted,Stroke,0.00010703150449078435,0.0005392905509955129
2021-2023,diag,xgboost,3,PI,unweighted,HeartDiseaseorAttack,0.008552631578947445,0.0035649436818538578
2021-2023,diag,xgboost,3,PI,unweighted,PhysActivity_LTPA,-0.00027455907673683554,0.0019455517363942433
2021-2023,diag,xgboost,3,PI,unweighted,AnyHealthcare,0.0020900228023640667,0.0016030154580761547
2021-2023,diag,xgboost,3,PI,unweighted,GenHlth,0.021137558750988994,0.0070425284778570215
2021-2023,diag,xgboost,3,PI,unweighted,MentHlth,0.002228465726650897,0.0023376639197633946
2021-2023,diag,xgboost,3,PI,unweighted,Sex,0.0009359439713342299,0.0029244181227547398
2021-2023,diag,xgboost,3,PI,unweighted,Age,0.11251454232397981,0.014002414804507294
2021-2023,diag,xgboost,3,PI,unweighted,Education,0.0013280050258272723,0.002821728990964035
2021-2023,diag,xgboost,3,PI,unweighted,Income,-0.0023989017636929953,0.0031882136327179345
2021-2023,diag,xgboost,3,PI,weighted,Diabetes_self,0.012519846228523635,
2021-2023,diag,xgboost,3,PI,weighted,HighChol,0.009653320961409795,
2021-2023,diag,xgboost,3,PI,weighted,BMI,0.015363856649528584,
2021-2023,diag,xgboost,3,PI,weighted,Smoker,0.0019178535059329205,
2021-2023,diag,xgboost,3,PI,weighted,Stroke,0.00026078700331784167,
2021-2023,diag,xgboost,3,PI,weighted,HeartDiseaseorAttack,0.004773502910332028,
2021-2023,diag,xgboost,3,PI,weighted,PhysActivity_LTPA,-0.0005004436368962417,
2021-2023,diag,xgboost,3,PI,weighted,AnyHealthcare,0.0032605931584390067,
2021-2023,diag,xgboost,3,PI,weighted,GenHlth,0.019698724213213347,
2021-2023,diag,xgboost,3,PI,weighted,MentHlth,0.004964524477675025,
2021-2023,diag,xgboost,3,PI,weighted,Sex,0.0002072628054716974,
2021-2023,diag,xgboost,3,PI,weighted,Age,0.11471605818357615,
2021-2023,diag,xgboost,3,PI,weighted,Education,-0.0025224569109576047,
2021-2023,diag,xgboost,3,PI,weighted,Income,-0.0030127557120815606,
2021-2023,diag,random_forest,3,SHAP,unweighted,Diabetes_self,0.036920096118772915,
2021-2023,diag,random_forest,3,SHAP,unweighted,HighChol,0.08211220576435327,
2021-2023,diag,random_forest,3,SHAP,unweighted,BMI,0.06332570904074677,
2021-2023,diag,random_forest,3,SHAP,unweighted,Smoker,0.012875963468077267,
2021-2023,diag,random_forest,3,SHAP,unweighted,Stroke,0.004993476908093457,
2021-2023,diag,random_forest,3,SHAP,unweighted,HeartDiseaseorAttack,0.02137370144495844,
2021-2023,diag,random_forest,3,SHAP,unweighted,PhysActivity_LTPA,0.008477318557705029,
2021-2023,diag,random_forest,3,SHAP,unweighted,AnyHealthcare,0.00560757029252194,
2021-2023,diag,random_forest,3,SHAP,unweighted,GenHlth,0.05189105991701679,
2021-2023,diag,random_forest,3,SHAP,unweighted,MentHlth,0.011498872563620862,
2021-2023,diag,random_forest,3,SHAP,unweighted,Sex,0.010428196195765481,
2021-2023,diag,random_forest,3,SHAP,unweighted,Age,0.11211433606509434,
2021-2023,diag,random_forest,3,SHAP,unweighted,Education,0.02114558149109167,
2021-2023,diag,random_forest,3,SHAP,unweighted,Income,0.01882545013593756,
2021-2023,diag,random_forest,3,SHAP,weighted,Diabetes_self,0.03560026193429292,
2021-2023,diag,random_forest,3,SHAP,weighted,HighChol,0.0820192094873603,
2021-2023,diag,random_forest,3,SHAP,weighted,BMI,0.060358257708723245,
2021-2023,diag,random_forest,3,SHAP,weighted,Smoker,0.012424741551107985,
2021-2023,diag,random_forest,3,SHAP,weighted,Stroke,0.004644219537431238,
2021-2023,diag,random_forest,3,SHAP,weighted,HeartDiseaseorAttack,0.019677871512840162,
2021-2023,diag,random_forest,3,SHAP,weighted,PhysActivity_LTPA,0.007690952755912557,
2021-2023,diag,random_forest,3,SHAP,weighted,AnyHealthcare,0.006229870103125627,
2021-2023,diag,random_forest,3,SHAP,weighted,GenHlth,0.05018380718604972,
2021-2023,diag,random_forest,3,SHAP,weighted,MentHlth,0.01159098379750049,
2021-2023,diag,random_forest,3,SHAP,weighted,Sex,0.010171536566900202,
2021-2023,diag,random_forest,3,SHAP,weighted,Age,0.12236659497900015,
2021-2023,diag,random_forest,3,SHAP,weighted,Education,0.020119576307730366,
2021-2023,diag,random_forest,3,SHAP,weighted,Income,0.01848199470768109,
2021-2023,diag,random_forest,3,PI,unweighted,Diabetes_self,0.013186397691842234,0.0055493687875023115
2021-2023,diag,random_forest,3,PI,unweighted,HighChol,0.03242327469868298,0.006415879190952774
2021-2023,diag,random_forest,3,PI,unweighted,BMI,0.026115687095723338,0.004788619744356991
2021-2023,diag,random_forest,3,PI,unweighted,Smoker,-0.0036102773512030396,0.004661556875077333
2021-2023,diag,random_forest,3,PI,unweighted,Stroke,0.0006133952254641195,0.001429576248597562
2021-2023,diag,random_forest,3,PI,unweighted,HeartDiseaseorAttack,0.008069826422820937,0.003471237612831387
2021-2023,diag,random_forest,3,PI,unweighted,PhysActivity_LTPA,0.003949113499930157,0.001769681593986727
2021-2023,diag,random_forest,3,PI,unweighted,AnyHealthcare,0.0028872330029317108,0.0014798971115288918
2021-2023,diag,random_forest,3,PI,unweighted,GenHlth,0.017110498394527364,0.006862325179995282
2021-2023,diag,random_forest,3,PI,unweighted,MentHlth,0.0004383056447483935,0.004369403428740804
2021-2023,diag,random_forest,3,PI,unweighted,Sex,-0.0004470310391363697,0.003510645453507185
2021-2023,diag,random_forest,3,PI,unweighted,Age,0.09468361719949735,0.013486614122748354
2021-2023,diag,random_forest,3,PI,unweighted,Education,0.001165421843733927,0.006168570253785834
2021-2023,diag,random_forest,3,PI,unweighted,Income,-0.00485975382753977,0.003719070311282196
2021-2023,diag,random_forest,3,PI,weighted,Diabetes_self,0.015110743318085018,
2021-2023,diag,random_forest,3,PI,weighted,HighChol,0.032648385937671456,
2021-2023,diag,random_forest,3,PI,weighted,BMI,0.02140548456960826,
2021-2023,diag,random_forest,3,PI,weighted,Smoker,0.0006562169548217089,
2021-2023,diag,random_forest,3,PI,weighted,Stroke,0.0010038559224691435,
2021-2023,diag,random_forest,3,PI,weighted,HeartDiseaseorAttack,0.005366478488122184,
2021-2023,diag,random_forest,3,PI,weighted,PhysActivity_LTPA,0.005445404887693184,
2021-2023,diag,random_forest,3,PI,weighted,AnyHealthcare,0.003371802997908402,
2021-2023,diag,random_forest,3,PI,weighted,GenHlth,0.017749029494858414,
2021-2023,diag,random_forest,3,PI,weighted,MentHlth,0.0030244537870421696,
2021-2023,diag,random_forest,3,PI,weighted,Sex,0.0024603733688584708,
2021-2023,diag,random_forest,3,PI,weighted,Age,0.1068258698344248,
2021-2023,diag,random_forest,3,PI,weighted,Education,0.002144160082373281,
2021-2023,diag,random_forest,3,PI,weighted,Income,-0.007413827793841687,
2021-2023,diag,logistic_regression,3,SHAP,unweighted,Diabetes_self,0.14065338653449042,
2021-2023,diag,logistic_regression,3,SHAP,unweighted,HighChol,0.35418060013944364,
2021-2023,diag,logistic_regression,3,SHAP,unweighted,BMI,0.32968812564917394,
2021-2023,diag,logistic_regression,3,SHAP,unweighted,Smoker,0.043179200289851255,
2021-2023,diag,logistic_regression,3,SHAP,unweighted,Stroke,0.011481106574176416,
2021-2023,diag,logistic_regression,3,SHAP,unweighted,HeartDiseaseorAttack,0.06559525178247211,
2021-2023,diag,logistic_regression,3,SHAP,unweighted,PhysActivity_LTPA,0.017910459571199997,
2021-2023,diag,logistic_regression,3,SHAP,unweighted,AnyHealthcare,0.0317109075638075,
2021-2023,diag,logistic_regression,3,SHAP,unweighted,GenHlth,0.2732959397435669,
2021-2023,diag,logistic_regression,3,SHAP,unweighted,MentHlth,0.004234895919001871,
2021-2023,diag,logistic_regression,3,SHAP,unweighted,Sex,0.03477083077848988,
2021-2023,diag,logistic_regression,3,SHAP,unweighted,Age,0.6877327041219227,
2021-2023,diag,logistic_regression,3,SHAP,unweighted,Education,0.041929449623533815,
2021-2023,diag,logistic_regression,3,SHAP,unweighted,Income,0.05018127325155465,
2021-2023,diag,logistic_regression,3,SHAP,weighted,Diabetes_self,0.13225084843970006,
2021-2023,diag,logistic_regression,3,SHAP,weighted,HighChol,0.35185916492970293,
2021-2023,diag,logistic_regression,3,SHAP,weighted,BMI,0.326254614367472,
2021-2023,diag,logistic_regression,3,SHAP,weighted,Smoker,0.04298051608532743,
2021-2023,diag,logistic_regression,3,SHAP,weighted,Stroke,0.0094466268484243,
2021-2023,diag,logistic_regression,3,SHAP,weighted,HeartDiseaseorAttack,0.05706844365138357,
2021-2023,diag,logistic_regression,3,SHAP,weighted,PhysActivity_LTPA,0.01733303934455571,
2021-2023,diag,logistic_regression,3,SHAP,weighted,AnyHealthcare,0.03743317438707036,
2021-2023,diag,logistic_regression,3,SHAP,weighted,GenHlth,0.2706726329275018,
2021-2023,diag,logistic_regression,3,SHAP,weighted,MentHlth,0.004256249371132668,
2021-2023,diag,logistic_regression,3,SHAP,weighted,Sex,0.034875356232611655,
2021-2023,diag,logistic_regression,3,SHAP,weighted,Age,0.6828616943985063,
2021-2023,diag,logistic_regression,3,SHAP,weighted,Education,0.04106777369412757,
2021-2023,diag,logistic_regression,3,SHAP,weighted,Income,0.05089199219069026,
2021-2023,diag,logistic_regression,3,PI,unweighted,Diabetes_self,0.012025338545302255,0.003045577965136019
2021-2023,diag,logistic_regression,3,PI,unweighted,HighChol,0.021508097165991946,0.006095405754514545
2021-2023,diag,logistic_regression,3,PI,unweighted,BMI,0.033187328400577074,0.005867108162822889
2021-2023,diag,logistic_regression,3,PI,unweighted,Smoker,0.00033389175857420075,0.0004194099015152656
2021-2023,diag,logistic_regression,3,PI,unweighted,Stroke,0.0005357392154125784,0.0005115886232750402
2021-2023,diag,logistic_regression,3,PI,unweighted,HeartDiseaseorAttack,0.00649053003862442,0.0031707632339423083
2021-2023,diag,logistic_regression,3,PI,unweighted,PhysActivity_LTPA,-4.653543673482918e-06,0.00030795464741462553
2021-2023,diag,logistic_regression,3,PI,unweighted,AnyHealthcare,0.001830006049606836,0.0011042616210952668
2021-2023,diag,logistic_regression,3,PI,unweighted,GenHlth,0.021840243845688535,0.006339290936757716
2021-2023,diag,logistic_regression,3,PI,unweighted,MentHlth,0.00017218111591982277,6.113036742244505e-05
2021-2023,diag,logistic_regression,3,PI,unweighted,Sex,0.0006241565452092424,0.0002560380881554245
2021-2023,diag,logistic_regression,3,PI,unweighted,Age,0.10259493229093955,0.010868611597855246
2021-2023,diag,logistic_regression,3,PI,unweighted,Education,0.000500255944902106,0.0007388920325719627
2021-2023,diag,logistic_regression,3,PI,unweighted,Income,0.0013553445949090804,0.000558946097855357
2021-2023,diag,logistic_regression,3,PI,weighted,Diabetes_self,0.010450333658577393,
2021-2023,diag,logistic_regression,3,PI,weighted,HighChol,0.015926114171440187,
2021-2023,diag,logistic_regression,3,PI,weighted,BMI,0.02767745154792951,
2021-2023,diag,logistic_regression,3,PI,weighted,Smoker,-9.280578561589037e-05,
2021-2023,diag,logistic_regression,3,PI,weighted,Stroke,6.34982913805593e-05,
2021-2023,diag,logistic_regression,3,PI,weighted,HeartDiseaseorAttack,0.002923960662680636,
2021-2023,diag,logistic_regression,3,PI,weighted,PhysActivity_LTPA,-0.0002163774648983985,
2021-2023,diag,logistic_regression,3,PI,weighted,AnyHealthcare,0.0020913840211660094,
2021-2023,diag,logistic_regression,3,PI,weighted,GenHlth,0.023506966508907857,
2021-2023,diag,logistic_regression,3,PI,weighted,MentHlth,0.00018946235421041235,
2021-2023,diag,logistic_regression,3,PI,weighted,Sex,1.7921947138566097e-05,
2021-2023,diag,logistic_regression,3,PI,weighted,Age,0.10406106148812437,
2021-2023,diag,logistic_regression,3,PI,weighted,Education,-0.00019274524950323445,
2021-2023,diag,logistic_regression,3,PI,weighted,Income,0.0010523027779057558,
2021-2023,measured,xgboost,3,SHAP,unweighted,Diabetes_self,0.030807508155703545,
2021-2023,measured,xgboost,3,SHAP,unweighted,HighChol,0.10240685939788818,
2021-2023,measured,xgboost,3,SHAP,unweighted,BMI,0.38673603534698486,
2021-2023,measured,xgboost,3,SHAP,unweighted,Smoker,0.05602773278951645,
2021-2023,measured,xgboost,3,SHAP,unweighted,Stroke,0.02885332517325878,
2021-2023,measured,xgboost,3,SHAP,unweighted,HeartDiseaseorAttack,0.013805690221488476,
2021-2023,measured,xgboost,3,SHAP,unweighted,PhysActivity_LTPA,0.10638189315795898,
2021-2023,measured,xgboost,3,SHAP,unweighted,AnyHealthcare,0.04714425653219223,
2021-2023,measured,xgboost,3,SHAP,unweighted,GenHlth,0.0844736322760582,
2021-2023,measured,xgboost,3,SHAP,unweighted,MentHlth,0.07330701500177383,
2021-2023,measured,xgboost,3,SHAP,unweighted,Sex,0.10814570635557175,
2021-2023,measured,xgboost,3,SHAP,unweighted,Age,0.7229276299476624,
2021-2023,measured,xgboost,3,SHAP,unweighted,Education,0.09957375377416611,
2021-2023,measured,xgboost,3,SHAP,unweighted,Income,0.20454303920269012,
2021-2023,measured,xgboost,3,SHAP,weighted,Diabetes_self,0.02873748687663669,
2021-2023,measured,xgboost,3,SHAP,weighted,HighChol,0.10153631769658271,
2021-2023,measured,xgboost,3,SHAP,weighted,BMI,0.40593555308442647,
2021-2023,measured,xgboost,3,SHAP,weighted,Smoker,0.055636252156696785,
2021-2023,measured,xgboost,3,SHAP,weighted,Stroke,0.02633303280808136,
2021-2023,measured,xgboost,3,SHAP,weighted,HeartDiseaseorAttack,0.011905137434004141,
2021-2023,measured,xgboost,3,SHAP,weighted,PhysActivity_LTPA,0.10229428807343365,
2021-2023,measured,xgboost,3,SHAP,weighted,AnyHealthcare,0.052110893521058854,
2021-2023,measured,xgboost,3,SHAP,weighted,GenHlth,0.08573434611213374,
2021-2023,measured,xgboost,3,SHAP,weighted,MentHlth,0.07660070195320494,
2021-2023,measured,xgboost,3,SHAP,weighted,Sex,0.11815782001151041,
2021-2023,measured,xgboost,3,SHAP,weighted,Age,0.8258335832442016,
2021-2023,measured,xgboost,3,SHAP,weighted,Education,0.10054877181626612,
2021-2023,measured,xgboost,3,SHAP,weighted,Income,0.2114203380977357,
2021-2023,measured,xgboost,3,PI,unweighted,Diabetes_self,0.002490883590462778,0.002462614422414836
2021-2023,measured,xgboost,3,PI,unweighted,HighChol,0.007715755025712911,0.002680412566714884
2021-2023,measured,xgboost,3,PI,unweighted,BMI,0.039021972884525434,0.010270020874204953
2021-2023,measured,xgboost,3,PI,unweighted,Smoker,0.001772791023842879,0.004284275583617766
2021-2023,measured,xgboost,3,PI,unweighted,Stroke,0.0038083216456287873,0.0016634466671029892
2021-2023,measured,xgboost,3,PI,unweighted,HeartDiseaseorAttack,0.0008087891538101855,0.0016915490046344895
2021-2023,measured,xgboost,3,PI,unweighted,PhysActivity_LTPA,0.0019728845254791683,0.007328710501545816
2021-2023,measured,xgboost,3,PI,unweighted,AnyHealthcare,0.0005114539504441184,0.0020740848591337246
2021-2023,measured,xgboost,3,PI,unweighted,GenHlth,-0.0026273959794296696,0.00496570632234965
2021-2023,measured,xgboost,3,PI,unweighted,MentHlth,0.004336605890603062,0.00537767701020563
2021-2023,measured,xgboost,3,PI,unweighted,Sex,0.006217858812529176,0.006234799602914934
2021-2023,measured,xgboost,3,PI,unweighted,Age,0.126398316970547,0.019599699632021864
2021-2023,measured,xgboost,3,PI,unweighted,Education,-0.007666199158485354,0.005093356833269614
2021-2023,measured,xgboost,3,PI,unweighted,Income,0.011968209443665234,0.007159373337397125
2021-2023,measured,xgboost,3,PI,weighted,Diabetes_self,0.0017432614861178307,
2021-2023,measured,xgboost,3,PI,weighted,HighChol,0.007359362356452459,
2021-2023,measured,xgboost,3,PI,weighted,BMI,0.056417481633744215,
2021-2023,measured,xgboost,3,PI,weighted,Smoker,-0.0008201293194956772,
2021-2023,measured,xgboost,3,PI,weighted,Stroke,0.0040919805114636885,
2021-2023,measured,xgboost,3,PI,weighted,HeartDiseaseorAttack,0.0007873975452517112,
2021-2023,measured,xgboost,3,PI,weighted,PhysActivity_LTPA,0.003816856862879037,
2021-2023,measured,xgboost,3,PI,weighted,AnyHealthcare,-0.0013093835060160376,
2021-2023,measured,xgboost,3,PI,weighted,GenHlth,-0.007870702411142006,
2021-2023,measured,xgboost,3,PI,weighted,MentHlth,0.0028094311437105502,
2021-2023,measured,xgboost,3,PI,weighted,Sex,0.006942715649348496,
2021-2023,measured,xgboost,3,PI,weighted,Age,0.15514942499511877,
2021-2023,measured,xgboost,3,PI,weighted,Education,-0.004694172973844057,
2021-2023,measured,xgboost,3,PI,weighted,Income,0.004573323934242313,
2021-2023,measured,random_forest,3,SHAP,unweighted,Diabetes_self,0.008397208237195789,
2021-2023,measured,random_forest,3,SHAP,unweighted,HighChol,0.02494137994837014,
2021-2023,measured,random_forest,3,SHAP,unweighted,BMI,0.08505307559569712,
2021-2023,measured,random_forest,3,SHAP,unweighted,Smoker,0.013922655677408193,
2021-2023,measured,random_forest,3,SHAP,unweighted,Stroke,0.008222804831918,
2021-2023,measured,random_forest,3,SHAP,unweighted,HeartDiseaseorAttack,0.005599409314703093,
2021-2023,measured,random_forest,3,SHAP,unweighted,PhysActivity_LTPA,0.018756623593190257,
2021-2023,measured,random_forest,3,SHAP,unweighted,AnyHealthcare,0.006657640670712256,
2021-2023,measured,random_forest,3,SHAP,unweighted,GenHlth,0.026121811818154306,
2021-2023,measured,random_forest,3,SHAP,unweighted,MentHlth,0.018065618151794093,
2021-2023,measured,random_forest,3,SHAP,unweighted,Sex,0.015925802091630015,
2021-2023,measured,random_forest,3,SHAP,unweighted,Age,0.10310715464447948,
2021-2023,measured,random_forest,3,SHAP,unweighted,Education,0.02661934580293517,
2021-2023,measured,random_forest,3,SHAP,unweighted,Income,0.03396017482954465,
2021-2023,measured,random_forest,3,SHAP,weighted,Diabetes_self,0.008667109974264097,
2021-2023,measured,random_forest,3,SHAP,weighted,HighChol,0.025101007101986345,
2021-2023,measured,random_forest,3,SHAP,weighted,BMI,0.08258705176353395,
2021-2023,measured,random_forest,3,SHAP,weighted,Smoker,0.013311808354341304,
2021-2023,measured,random_forest,3,SHAP,weighted,Stroke,0.0076203820658885466,
2021-2023,measured,random_forest,3,SHAP,weighted,HeartDiseaseorAttack,0.005311993482856452,
2021-2023,measured,random_forest,3,SHAP,weighted,PhysActivity_LTPA,0.01733662309428073,
2021-2023,measured,random_forest,3,SHAP,weighted,AnyHealthcare,0.00694684582711858,
2021-2023,measured,random_forest,3,SHAP,weighted,GenHlth,0.02565441978536826,
2021-2023,measured,random_forest,3,SHAP,weighted,MentHlth,0.017827795126204755,
2021-2023,measured,random_forest,3,SHAP,weighted,Sex,0.015294280547465377,
2021-2023,measured,random_forest,3,SHAP,weighted,Age,0.12179603943388771,
2021-2023,measured,random_forest,3,SHAP,weighted,Education,0.025082902054014766,
2021-2023,measured,random_forest,3,SHAP,weighted,Income,0.03411465877061317,
2021-2023,measured,random_forest,3,PI,unweighted,Diabetes_self,0.006653108929406304,0.006515701777221889
2021-2023,measured,random_forest,3,PI,unweighted,HighChol,0.01610238429172517,0.007101316639067181
2021-2023,measured,random_forest,3,PI,unweighted,BMI,0.023495091164095462,0.008180248420546573
2021-2023,measured,random_forest,3,PI,unweighted,Smoker,0.009827956989247355,0.004301557893120686
2021-2023,measured,random_forest,3,PI,unweighted,Stroke,0.00989668069191213,0.003097266541310152
2021-2023,measured,random_forest,3,PI,unweighted,HeartDiseaseorAttack,-7.947639083683011e-05,0.002982791594064934
2021-2023,measured,random_forest,3,PI,unweighted,PhysActivity_LTPA,0.00853903693314637,0.006160834894106303
2021-2023,measured,random_forest,3,PI,unweighted,AnyHealthcare,0.0009303412809724243,0.0038394298320988925
2021-2023,measured,random_forest,3,PI,unweighted,GenHlth,0.00020617110799442395,0.00819957172298295
2021-2023,measured,random_forest,3,PI,unweighted,MentHlth,0.009865357643758833,0.005960296549480062
2021-2023,measured,random_forest,3,PI,unweighted,Sex,0.010793361383824251,0.006917289047097807
2021-2023,measured,random_forest,3,PI,unweighted,Age,0.10925946704067324,0.019774923778107394
2021-2023,measured,random_forest,3,PI,unweighted,Education,-0.008809724170172928,0.010775117408483283
2021-2023,measured,random_forest,3,PI,unweighted,Income,0.014232351566152445,0.009715745768677607
2021-2023,measured,random_forest,3,PI,weighted,Diabetes_self,0.005466216957133896,
2021-2023,measured,random_forest,3,PI,weighted,HighChol,0.02055731042297664,
2021-2023,measured,random_forest,3,PI,weighted,BMI,0.040964173965584286,
2021-2023,measured,random_forest,3,PI,weighted,Smoker,0.0032484548345518283,
2021-2023,measured,random_forest,3,PI,weighted,Stroke,0.00718135569145959,
2021-2023,measured,random_forest,3,PI,weighted,HeartDiseaseorAttack,0.0010439305431156453,
2021-2023,measured,random_forest,3,PI,weighted,PhysActivity_LTPA,0.010429879112500384,
2021-2023,measured,random_forest,3,PI,weighted,AnyHealthcare,-0.002965551455334836,
2021-2023,measured,random_forest,3,PI,weighted,GenHlth,-0.007893897069888989,
2021-2023,measured,random_forest,3,PI,weighted,MentHlth,0.012087845180107814,
2021-2023,measured,random_forest,3,PI,weighted,Sex,-0.0016955589313448426,
2021-2023,measured,random_forest,3,PI,weighted,Age,0.11295406843823037,
2021-2023,measured,random_forest,3,PI,weighted,Education,-0.011701390415013068,
2021-2023,measured,random_forest,3,PI,weighted,Income,0.0016621384651892778,
2021-2023,measured,logistic_regression,3,SHAP,unweighted,Diabetes_self,0.021489804857218766,
2021-2023,measured,logistic_regression,3,SHAP,unweighted,HighChol,0.04494201362398026,
2021-2023,measured,logistic_regression,3,SHAP,unweighted,BMI,0.1212090304814508,
2021-2023,measured,logistic_regression,3,SHAP,unweighted,Smoker,0.022437142014554476,
2021-2023,measured,logistic_regression,3,SHAP,unweighted,Stroke,0.019566155985658508,
2021-2023,measured,logistic_regression,3,SHAP,unweighted,HeartDiseaseorAttack,0.01298720529037554,
2021-2023,measured,logistic_regression,3,SHAP,unweighted,PhysActivity_LTPA,0.0635657915479516,
2021-2023,measured,logistic_regression,3,SHAP,unweighted,AnyHealthcare,0.038997250170202676,
2021-2023,measured,logistic_regression,3,SHAP,unweighted,GenHlth,0.010949035463666252,
2021-2023,measured,logistic_regression,3,SHAP,unweighted,MentHlth,0.014487523015080519,
2021-2023,measured,logistic_regression,3,SHAP,unweighted,Sex,0.05416810609337165,
2021-2023,measured,logistic_regression,3,SHAP,unweighted,Age,0.5909888906794599,
2021-2023,measured,logistic_regression,3,SHAP,unweighted,Education,0.04593095531067635,
2021-2023,measured,logistic_regression,3,SHAP,unweighted,Income,0.14514653681138284,
2021-2023,measured,logistic_regression,3,SHAP,weighted,Diabetes_self,0.020206018462796297,
2021-2023,measured,logistic_regression,3,SHAP,weighted,HighChol,0.04464744646591931,
2021-2023,measured,logistic_regression,3,SHAP,weighted,BMI,0.11994670848309931,
2021-2023,measured,logistic_regression,3,SHAP,weighted,Smoker,0.022333900044276416,
2021-2023,measured,logistic_regression,3,SHAP,weighted,Stroke,0.01609898603940412,
2021-2023,measured,logistic_regression,3,SHAP,weighted,HeartDiseaseorAttack,0.011298982367818499,
2021-2023,measured,logistic_regression,3,SHAP,weighted,PhysActivity_LTPA,0.061516476530851516,
2021-2023,measured,logistic_regression,3,SHAP,weighted,AnyHealthcare,0.046034345226483066,
2021-2023,measured,logistic_regression,3,SHAP,weighted,GenHlth,0.010843938112464797,
2021-2023,measured,logistic_regression,3,SHAP,weighted,MentHlth,0.014560572892837452,
2021-2023,measured,logistic_regression,3,SHAP,weighted,Sex,0.05433094217642114,
2021-2023,measured,logistic_regression,3,SHAP,weighted,Age,0.5868030891090564,
2021-2023,measured,logistic_regression,3,SHAP,weighted,Education,0.04498704598295611,
2021-2023,measured,logistic_regression,3,SHAP,weighted,Income,0.14720225174202495,
2021-2023,measured,logistic_regression,3,PI,unweighted,Diabetes_self,0.0005759700794763289,0.0012903103847219308
2021-2023,measured,logistic_regression,3,PI,unweighted,HighChol,-0.0020785413744741077,0.0016120346463021967
2021-2023,measured,logistic_regression,3,PI,unweighted,BMI,0.011597007947639048,0.00845081222068657
2021-2023,measured,logistic_regression,3,PI,unweighted,Smoker,-0.000410472183263233,0.0008714778866225854
2021-2023,measured,logistic_regression,3,PI,unweighted,Stroke,0.005852267414679724,0.0022481746608310413
2021-2023,measured,logistic_regression,3,PI,unweighted,HeartDiseaseorAttack,0.0021524076671341373,0.0014558465994317913
2021-2023,measured,logistic_regression,3,PI,unweighted,PhysActivity_LTPA,0.0006283309957924033,0.002879831575562479
2021-2023,measured,logistic_regression,3,PI,unweighted,AnyHealthcare,0.003381954184198199,0.003237841781294039
2021-2023,measured,logistic_regression,3,PI,unweighted,GenHlth,-7.199625993454805e-05,0.000435923240014005
2021-2023,measured,logistic_regression,3,PI,unweighted,MentHlth,0.0006021505376343939,0.0004568815642623648
2021-2023,measured,logistic_regression,3,PI,unweighted,Sex,-0.001470780738662958,0.0010672141762502975
2021-2023,measured,logistic_regression,3,PI,unweighted,Age,0.13105376344086017,0.019995984053414045
2021-2023,measured,logistic_regression,3,PI,unweighted,Education,0.0009453015427769773,0.0023556194776183587
2021-2023,measured,logistic_regression,3,PI,unweighted,Income,0.008314165497896176,0.006686106858238325
2021-2023,measured,logistic_regression,3,PI,weighted,Diabetes_self,0.0008531169446172049,
2021-2023,measured,logistic_regression,3,PI,weighted,HighChol,-0.001281764431644028,
2021-2023,measured,logistic_regression,3,PI,weighted,BMI,0.016882828731981204,
2021-2023,measured,logistic_regression,3,PI,weighted,Smoker,-0.0009251976090759228,
2021-2023,measured,logistic_regression,3,PI,weighted,Stroke,0.002705376934907344,
2021-2023,measured,logistic_regression,3,PI,weighted,HeartDiseaseorAttack,0.0025387452615872165,
2021-2023,measured,logistic_regression,3,PI,weighted,PhysActivity_LTPA,0.002907552001044378,
2021-2023,measured,logistic_regression,3,PI,weighted,AnyHealthcare,-0.0016339324011392154,
2021-2023,measured,logistic_regression,3,PI,weighted,GenHlth,0.0008360175423453797,
2021-2023,measured,logistic_regression,3,PI,weighted,MentHlth,0.0003825143249329144,
2021-2023,measured,logistic_regression,3,PI,weighted,Sex,-0.0033121865572012686,
2021-2023,measured,logistic_regression,3,PI,weighted,Age,0.1482604651889154,
2021-2023,measured,logistic_regression,3,PI,weighted,Education,0.00018948807229264287,
2021-2023,measured,logistic_regression,3,PI,weighted,Income,0.009008137341984624,
2021-2023,total,xgboost,3,SHAP,unweighted,Diabetes_self,0.11893714964389801,
2021-2023,total,xgboost,3,SHAP,unweighted,HighChol,0.3566902279853821,
2021-2023,total,xgboost,3,SHAP,unweighted,BMI,0.4649731516838074,
2021-2023,total,xgboost,3,SHAP,unweighted,Smoker,0.05219579115509987,
2021-2023,total,xgboost,3,SHAP,unweighted,Stroke,0.019861139357089996,
2021-2023,total,xgboost,3,SHAP,unweighted,HeartDiseaseorAttack,0.07265803962945938,
2021-2023,total,xgboost,3,SHAP,unweighted,PhysActivity_LTPA,0.06190827861428261,
2021-2023,total,xgboost,3,SHAP,unweighted,AnyHealthcare,0.013252463191747665,
2021-2023,total,xgboost,3,SHAP,unweighted,GenHlth,0.21493671834468842,
2021-2023,total,xgboost,3,SHAP,unweighted,MentHlth,0.08134628087282181,
2021-2023,total,xgboost,3,SHAP,unweighted,Sex,0.09727681428194046,
2021-2023,total,xgboost,3,SHAP,unweighted,Age,0.8535224795341492,
2021-2023,total,xgboost,3,SHAP,unweighted,Education,0.12144733965396881,
2021-2023,total,xgboost,3,SHAP,unweighted,Income,0.11463896930217743,
2021-2023,total,xgboost,3,SHAP,weighted,Diabetes_self,0.11238436685447008,
2021-2023,total,xgboost,3,SHAP,weighted,HighChol,0.35820527035465344,
2021-2023,total,xgboost,3,SHAP,weighted,BMI,0.46629267999117496,
2021-2023,total,xgboost,3,SHAP,weighted,Smoker,0.05011998749250214,
2021-2023,total,xgboost,3,SHAP,weighted,Stroke,0.01704545704806472,
2021-2023,total,xgboost,3,SHAP,weighted,HeartDiseaseorAttack,0.0626730922339312,
2021-2023,total,xgboost,3,SHAP,weighted,PhysActivity_LTPA,0.054822784523346636,
2021-2023,total,xgboost,3,SHAP,weighted,AnyHealthcare,0.015662158796173793,
2021-2023,total,xgboost,3,SHAP,weighted,GenHlth,0.22206739588384747,
2021-2023,total,xgboost,3,SHAP,weighted,MentHlth,0.08585753121763662,
2021-2023,total,xgboost,3,SHAP,weighted,Sex,0.10289307802301732,
2021-2023,total,xgboost,3,SHAP,weighted,Age,0.9223819805487395,
2021-2023,total,xgboost,3,SHAP,weighted,Education,0.11680303320767457,
2021-2023,total,xgboost,3,SHAP,weighted,Income,0.11683974581486051,
2021-2023,total,xgboost,3,PI,unweighted,Diabetes_self,0.008379689060048457,0.002924760017276475
2021-2023,total,xgboost,3,PI,unweighted,HighChol,0.018660237209659536,0.003751557740231425
2021-2023,total,xgboost,3,PI,unweighted,BMI,0.036769691583555496,0.007654531263144567
2021-2023,total,xgboost,3,PI,unweighted,Smoker,0.0015667687041242772,0.0009987510960643676
2021-2023,total,xgboost,3,PI,unweighted,Stroke,-2.7429424091818254e-05,0.000915242242777318
2021-2023,total,xgboost,3,PI,unweighted,HeartDiseaseorAttack,0.004504460024357315,0.002673879519525019
2021-2023,total,xgboost,3,PI,unweighted,PhysActivity_LTPA,-0.0007191994996873063,0.0020187034210588195
2021-2023,total,xgboost,3,PI,unweighted,AnyHealthcare,-2.194353927353898e-06,0.0008361438719936932
2021-2023,total,xgboost,3,PI,unweighted,GenHlth,0.006778359281568514,0.006674876585387609
2021-2023,total,xgboost,3,PI,unweighted,MentHlth,0.0024505447483624265,0.002796003299409121
2021-2023,total,xgboost,3,PI,unweighted,Sex,-0.002025937263421207,0.003055248833390698
2021-2023,total,xgboost,3,PI,unweighted,Age,0.1228031774244868,0.01754262417509621
2021-2023,total,xgboost,3,PI,unweighted,Education,-0.0043130026441964954,0.002390534093353047
2021-2023,total,xgboost,3,PI,unweighted,Income,-0.004254852265121833,0.0015021654922872116
2021-2023,total,xgboost,3,PI,weighted,Diabetes_self,0.007138511013445437,
2021-2023,total,xgboost,3,PI,weighted,HighChol,0.011451070634615933,
2021-2023,total,xgboost,3,PI,weighted,BMI,0.031609155222768325,
2021-2023,total,xgboost,3,PI,weighted,Smoker,0.0034119090723205513,
2021-2023,total,xgboost,3,PI,weighted,Stroke,-2.5644197877072726e-05,
2021-2023,total,xgboost,3,PI,weighted,HeartDiseaseorAttack,0.002598743645131618,
2021-2023,total,xgboost,3,PI,weighted,PhysActivity_LTPA,0.0009770116083159587,
2021-2023,total,xgboost,3,PI,weighted,AnyHealthcare,0.00011527904910650922,
2021-2023,total,xgboost,3,PI,weighted,GenHlth,0.009023938943328546,
2021-2023,total,xgboost,3,PI,weighted,MentHlth,0.006941019082575284,
2021-2023,total,xgboost,3,PI,weighted,Sex,-0.0007422972573359998,
2021-2023,total,xgboost,3,PI,weighted,Age,0.13007052312475526,
2021-2023,total,xgboost,3,PI,weighted,Education,-0.005816224015975003,
2021-2023,total,xgboost,3,PI,weighted,Income,-0.0037558244435140996,
2021-2023,total,random_forest,3,SHAP,unweighted,Diabetes_self,0.029439796302533464,
2021-2023,total,random_forest,3,SHAP,unweighted,HighChol,0.07936613481794243,
2021-2023,total,random_forest,3,SHAP,unweighted,BMI,0.06046837046260671,
2021-2023,total,random_forest,3,SHAP,unweighted,Smoker,0.012283411141081571,
2021-2023,total,random_forest,3,SHAP,unweighted,Stroke,0.004698939747106506,
2021-2023,total,random_forest,3,SHAP,unweighted,HeartDiseaseorAttack,0.014900837880391402,
2021-2023,total,random_forest,3,SHAP,unweighted,PhysActivity_LTPA,0.01250083722226027,
2021-2023,total,random_forest,3,SHAP,unweighted,AnyHealthcare,0.0028814231495439993,
2021-2023,total,random_forest,3,SHAP,unweighted,GenHlth,0.04019835149047359,
2021-2023,total,random_forest,3,SHAP,unweighted,MentHlth,0.009985615775108142,
2021-2023,total,random_forest,3,SHAP,unweighted,Sex,0.011808493009204323,
2021-2023,total,random_forest,3,SHAP,unweighted,Age,0.12333309223724279,
2021-2023,total,random_forest,3,SHAP,unweighted,Education,0.02191799734974646,
2021-2023,total,random_forest,3,SHAP,unweighted,Income,0.016707496268058685,
2021-2023,total,random_forest,3,SHAP,weighted,Diabetes_self,0.02871092706728831,
2021-2023,total,random_forest,3,SHAP,weighted,HighChol,0.07981168201432261,
2021-2023,total,random_forest,3,SHAP,weighted,BMI,0.05910895887973161,
2021-2023,total,random_forest,3,SHAP,weighted,Smoker,0.011565957300212494,
2021-2023,total,random_forest,3,SHAP,weighted,Stroke,0.004406911173347398,
2021-2023,total,random_forest,3,SHAP,weighted,HeartDiseaseorAttack,0.013767571728631021,
2021-2023,total,random_forest,3,SHAP,weighted,PhysActivity_LTPA,0.011508783691843954,
2021-2023,total,random_forest,3,SHAP,weighted,AnyHealthcare,0.003107810034291641,
2021-2023,total,random_forest,3,SHAP,weighted,GenHlth,0.039632344007266514,
2021-2023,total,random_forest,3,SHAP,weighted,MentHlth,0.010067296818154972,
2021-2023,total,random_forest,3,SHAP,weighted,Sex,0.011908024346606903,
2021-2023,total,random_forest,3,SHAP,weighted,Age,0.1301063471600785,
2021-2023,total,random_forest,3,SHAP,weighted,Education,0.021534736184347206,
2021-2023,total,random_forest,3,SHAP,weighted,Income,0.016528219567719177,
2021-2023,total,random_forest,3,PI,unweighted,Diabetes_self,0.005884434350416423,0.0040657959166217625
2021-2023,total,random_forest,3,PI,unweighted,HighChol,0.03620574262422791,0.006819756502459241
2021-2023,total,random_forest,3,PI,unweighted,BMI,0.028612729447132546,0.00793927356825396
2021-2023,total,random_forest,3,PI,unweighted,Smoker,0.000322021438837905,0.0032745122407115156
2021-2023,total,random_forest,3,PI,unweighted,Stroke,4.3338490065059074e-05,0.0013972247088528133
2021-2023,total,random_forest,3,PI,unweighted,HeartDiseaseorAttack,0.0035916087905818682,0.0028812677611876453
2021-2023,total,random_forest,3,PI,unweighted,PhysActivity_LTPA,0.0012954916998562881,0.0037674181785439334
2021-2023,total,random_forest,3,PI,unweighted,AnyHealthcare,0.0003000778995644549,0.0010108189007867192
2021-2023,total,random_forest,3,PI,unweighted,GenHlth,0.011320397616931665,0.0073307089224353104
2021-2023,total,random_forest,3,PI,unweighted,MentHlth,0.0018857729063120998,0.0037880219883503615
2021-2023,total,random_forest,3,PI,unweighted,Sex,0.003141766235476129,0.004093296035976559
2021-2023,total,random_forest,3,PI,unweighted,Age,0.11457736743359344,0.01657964413780933
2021-2023,total,random_forest,3,PI,unweighted,Education,-0.0024318927399800015,0.004844917217793307
2021-2023,total,random_forest,3,PI,unweighted,Income,-0.0013868316820819459,0.0029049192935058543
2021-2023,total,random_forest,3,PI,weighted,Diabetes_self,0.00867778158959347,
2021-2023,total,random_forest,3,PI,weighted,HighChol,0.03078317267523758,
2021-2023,total,random_forest,3,PI,weighted,BMI,0.028868154795580435,
2021-2023,total,random_forest,3,PI,weighted,Smoker,0.005773442366138093,
2021-2023,total,random_forest,3,PI,weighted,Stroke,0.00010784504085360469,
2021-2023,total,random_forest,3,PI,weighted,HeartDiseaseorAttack,0.004001158967468365,
2021-2023,total,random_forest,3,PI,weighted,PhysActivity_LTPA,0.0008959134266367074,
2021-2023,total,random_forest,3,PI,weighted,AnyHealthcare,-0.0005336007681302823,
2021-2023,total,random_forest,3,PI,weighted,GenHlth,0.01363637265810529,
2021-2023,total,random_forest,3,PI,weighted,MentHlth,0.005254157082708488,
2021-2023,total,random_forest,3,PI,weighted,Sex,0.0038826247898727795,
2021-2023,total,random_forest,3,PI,weighted,Age,0.12268449485853314,
2021-2023,total,random_forest,3,PI,weighted,Education,-0.0038996989104209457,
2021-2023,total,random_forest,3,PI,weighted,Income,-0.0018733050043828858,
2021-2023,total,logistic_regression,3,SHAP,unweighted,Diabetes_self,0.10992205650786235,
2021-2023,total,logistic_regression,3,SHAP,unweighted,HighChol,0.3218046828912582,
2021-2023,total,logistic_regression,3,SHAP,unweighted,BMI,0.3094507764914632,
2021-2023,total,logistic_regression,3,SHAP,unweighted,Smoker,0.02950060323985273,
2021-2023,total,logistic_regression,3,SHAP,unweighted,Stroke,0.014508734736807272,
2021-2023,total,logistic_regression,3,SHAP,unweighted,HeartDiseaseorAttack,0.03957594234363313,
2021-2023,total,logistic_regression,3,SHAP,unweighted,PhysActivity_LTPA,0.02058040096946688,
2021-2023,total,logistic_regression,3,SHAP,unweighted,AnyHealthcare,0.0053121819158884285,
2021-2023,total,logistic_regression,3,SHAP,unweighted,GenHlth,0.1973493965452414,
2021-2023,total,logistic_regression,3,SHAP,unweighted,MentHlth,0.016066147476029368,
2021-2023,total,logistic_regression,3,SHAP,unweighted,Sex,0.07013869267693894,
2021-2023,total,logistic_regression,3,SHAP,unweighted,Age,0.7224042542734976,
2021-2023,total,logistic_regression,3,SHAP,unweighted,Education,0.07564278878401995,
2021-2023,total,logistic_regression,3,SHAP,unweighted,Income,0.043656500802483754,
2021-2023,total,logistic_regression,3,SHAP,weighted,Diabetes_self,0.10335538726496799,
2021-2023,total,logistic_regression,3,SHAP,weighted,HighChol,0.31969545183448295,
2021-2023,total,logistic_regression,3,SHAP,weighted,BMI,0.30622802550483735,
2021-2023,total,logistic_regression,3,SHAP,weighted,Smoker,0.029364859551958066,
2021-2023,total,logistic_regression,3,SHAP,weighted,Stroke,0.011937752011610589,
2021-2023,total,logistic_regression,3,SHAP,weighted,HeartDiseaseorAttack,0.03443141651590649,
2021-2023,total,logistic_regression,3,SHAP,weighted,PhysActivity_LTPA,0.019916903768572986,
2021-2023,total,logistic_regression,3,SHAP,weighted,AnyHealthcare,0.0062707707634406425,
2021-2023,total,logistic_regression,3,SHAP,weighted,GenHlth,0.19545508367111117,
2021-2023,total,logistic_regression,3,SHAP,weighted,MentHlth,0.016147157190935756,
2021-2023,total,logistic_regression,3,SHAP,weighted,Sex,0.07034953833519521,
2021-2023,total,logistic_regression,3,SHAP,weighted,Age,0.7172876760946298,
2021-2023,total,logistic_regression,3,SHAP,weighted,Education,0.07408828303892816,
2021-2023,total,logistic_regression,3,SHAP,weighted,Income,0.04427480918579565,
2021-2023,total,logistic_regression,3,PI,unweighted,Diabetes_self,0.006011432583961651,0.002365172040687605
2021-2023,total,logistic_regression,3,PI,unweighted,HighChol,0.015053267941586467,0.00393548139307794
2021-2023,total,logistic_regression,3,PI,unweighted,BMI,0.03173858661663555,0.008561264623713354
2021-2023,total,logistic_regression,3,PI,unweighted,Smoker,0.0002797801257366173,0.0004382051171000569
2021-2023,total,logistic_regression,3,PI,unweighted,Stroke,0.0003900464105857093,0.0007110411473481504
2021-2023,total,logistic_regression,3,PI,unweighted,HeartDiseaseorAttack,0.0027555599442635414,0.0020184001685371812
2021-2023,total,logistic_regression,3,PI,unweighted,PhysActivity_LTPA,0.00022985857388960751,0.00040927384769511493
2021-2023,total,logistic_regression,3,PI,unweighted,AnyHealthcare,0.00014537594768675443,0.0002042820055488625
2021-2023,total,logistic_regression,3,PI,unweighted,GenHlth,0.0133147910426474,0.0054301046235626605
2021-2023,total,logistic_regression,3,PI,unweighted,MentHlth,0.00026825976761807313,0.00023914242364540123
2021-2023,total,logistic_regression,3,PI,unweighted,Sex,0.001163556169974811,0.0008621481212580291
2021-2023,total,logistic_regression,3,PI,unweighted,Age,0.12531626125977874,0.015528816780661696
2021-2023,total,logistic_regression,3,PI,unweighted,Education,0.0012535246809959432,0.0017175082343637283
2021-2023,total,logistic_regression,3,PI,unweighted,Income,0.0011827567668391103,0.000708130626206921
2021-2023,total,logistic_regression,3,PI,weighted,Diabetes_self,0.005310071616144174,
2021-2023,total,logistic_regression,3,PI,weighted,HighChol,0.008393683218433668,
2021-2023,total,logistic_regression,3,PI,weighted,BMI,0.02826956668891254,
2021-2023,total,logistic_regression,3,PI,weighted,Smoker,1.3115107529293457e-05,
2021-2023,total,logistic_regression,3,PI,weighted,Stroke,-0.0001145082255377572,
2021-2023,total,logistic_regression,3,PI,weighted,HeartDiseaseorAttack,0.001085631175658186,
2021-2023,total,logistic_regression,3,PI,weighted,PhysActivity_LTPA,0.00043491794742065435,
2021-2023,total,logistic_regression,3,PI,weighted,AnyHealthcare,0.00032064408818507364,
2021-2023,total,logistic_regression,3,PI,weighted,GenHlth,0.015415232769446997,
2021-2023,total,logistic_regression,3,PI,weighted,MentHlth,0.0004213319714638342,
2021-2023,total,logistic_regression,3,PI,weighted,Sex,-0.0008218542669013896,
2021-2023,total,logistic_regression,3,PI,weighted,Age,0.12731833504485024,
2021-2023,total,logistic_regression,3,PI,weighted,Education,8.415973520830012e-05,
2021-2023,total,logistic_regression,3,PI,weighted,Income,0.00100957822376605,
2021-2023,diag,xgboost,4,SHAP,unweighted,Diabetes_self,0.17566223442554474,
2021-2023,diag,xgboost,4,SHAP,unweighted,HighChol,0.41368192434310913,
2021-2023,diag,xgboost,4,SHAP,unweighted,BMI,0.4841475486755371,
2021-2023,diag,xgboost,4,SHAP,unweighted,Smoker,0.05265568196773529,
2021-2023,diag,xgboost,4,SHAP,unweighted,Stroke,0.033950820565223694,
2021-2023,diag,xgboost,4,SHAP,unweighted,HeartDiseaseorAttack,0.09950598329305649,
2021-2023,diag,xgboost,4,SHAP,unweighted,PhysActivity_LTPA,0.05808672681450844,
2021-2023,diag,xgboost,4,SHAP,unweighted,AnyHealthcare,0.05047779530286789,
2021-2023,diag,xgboost,4,SHAP,unweighted,GenHlth,0.3895127475261688,
2021-2023,diag,xgboost,4,SHAP,unweighted,MentHlth,0.09396949410438538,
2021-2023,diag,xgboost,4,SHAP,unweighted,Sex,0.07263598591089249,
2021-2023,diag,xgboost,4,SHAP,unweighted,Age,0.8242132067680359,
2021-2023,diag,xgboost,4,SHAP,unweighted,Education,0.12817811965942383,
2021-2023,diag,xgboost,4,SHAP,unweighted,Income,0.09817269444465637,
2021-2023,diag,xgboost,4,SHAP,weighted,Diabetes_self,0.15457413462357147,
2021-2023,diag,xgboost,4,SHAP,weighted,HighChol,0.4232633812304333,
2021-2023,diag,xgboost,4,SHAP,weighted,BMI,0.47149186857634845,
2021-2023,diag,xgboost,4,SHAP,weighted,Smoker,0.0532710038810602,
2021-2023,diag,xgboost,4,SHAP,weighted,Stroke,0.02920205934095935,
2021-2023,diag,xgboost,4,SHAP,weighted,HeartDiseaseorAttack,0.08867976630246921,
2021-2023,diag,xgboost,4,SHAP,weighted,PhysActivity_LTPA,0.054824722153866905,
2021-2023,diag,xgboost,4,SHAP,weighted,AnyHealthcare,0.05295720009743728,
2021-2023,diag,xgboost,4,SHAP,weighted,GenHlth,0.4134960139171573,
2021-2023,diag,xgboost,4,SHAP,weighted,MentHlth,0.09568773726451978,
2021-2023,diag,xgboost,4,SHAP,weighted,Sex,0.07320544732132689,
2021-2023,diag,xgboost,4,SHAP,weighted,Age,0.9518256629544052,
2021-2023,diag,xgboost,4,SHAP,weighted,Education,0.12401586503466508,
2021-2023,diag,xgboost,4,SHAP,weighted,Income,0.09850574799006519,
2021-2023,diag,xgboost,4,PI,unweighted,Diabetes_self,0.012577365163572097,0.0033012321309625406
2021-2023,diag,xgboost,4,PI,unweighted,HighChol,0.020271999627716576,0.0033294552140534345
2021-2023,diag,xgboost,4,PI,unweighted,BMI,0.013535413467355484,0.009796928511397568
2021-2023,diag,xgboost,4,PI,unweighted,Smoker,-0.00029724510214523825,0.0016023111358961302
2021-2023,diag,xgboost,4,PI,unweighted,Stroke,0.0010458839406208287,0.001150016836982479
2021-2023,diag,xgboost,4,PI,unweighted,HeartDiseaseorAttack,0.009167481036809599,0.003108221230210191
2021-2023,diag,xgboost,4,PI,unweighted,PhysActivity_LTPA,0.0003751919586765351,0.002317322314938793
2021-2023,diag,xgboost,4,PI,unweighted,AnyHealthcare,0.0007794685653125022,0.0014711726798749662
2021-2023,diag,xgboost,4,PI,unweighted,GenHlth,0.023363116012843844,0.005919390667444344
2021-2023,diag,xgboost,4,PI,unweighted,MentHlth,-0.0007486388384754239,0.002052458167670634
2021-2023,diag,xgboost,4,PI,unweighted,Sex,-0.001251221555214277,0.0012184251584792282
2021-2023,diag,xgboost,4,PI,unweighted,Age,0.09310781097305602,0.012679676893864256
2021-2023,diag,xgboost,4,PI,unweighted,Education,-0.0013221880962352329,0.0022366877926242104
2021-2023,diag,xgboost,4,PI,unweighted,Income,-0.0007364232863324438,0.0025240906251404465
2021-2023,diag,xgboost,4,PI,weighted,Diabetes_self,0.007833038133304871,
2021-2023,diag,xgboost,4,PI,weighted,HighChol,0.021593928202795577,
2021-2023,diag,xgboost,4,PI,weighted,BMI,0.017219369484289072,
2021-2023,diag,xgboost,4,PI,weighted,Smoker,-0.001175064690973282,
2021-2023,diag,xgboost,4,PI,weighted,Stroke,0.0012213952557118435,
2021-2023,diag,xgboost,4,PI,weighted,HeartDiseaseorAttack,0.006734634886908941,
2021-2023,diag,xgboost,4,PI,weighted,PhysActivity_LTPA,0.0017452049213305897,
2021-2023,diag,xgboost,4,PI,weighted,AnyHealthcare,-0.0016475199630946236,
2021-2023,diag,xgboost,4,PI,weighted,GenHlth,0.02269157757432645,
2021-2023,diag,xgboost,4,PI,weighted,MentHlth,0.0023478712438549155,
2021-2023,diag,xgboost,4,PI,weighted,Sex,0.0006145949041355015,
2021-2023,diag,xgboost,4,PI,weighted,Age,0.09191627766389206,
2021-2023,diag,xgboost,4,PI,weighted,Education,-0.0010541943853282442,
2021-2023,diag,xgboost,4,PI,weighted,Income,0.0001866216476614113,
2021-2023,diag,random_forest,4,SHAP,unweighted,Diabetes_self,0.03845739514708629,
2021-2023,diag,random_forest,4,SHAP,unweighted,HighChol,0.08289766240465357,
2021-2023,diag,random_forest,4,SHAP,unweighted,BMI,0.06572586606878884,
2021-2023,diag,random_forest,4,SHAP,unweighted,Smoker,0.010330946273435771,
2021-2023,diag,random_forest,4,SHAP,unweighted,Stroke,0.00599152667471204,
2021-2023,diag,random_forest,4,SHAP,unweighted,HeartDiseaseorAttack,0.022785535620030977,
2021-2023,diag,random_forest,4,SHAP,unweighted,PhysActivity_LTPA,0.01040162615095757,
2021-2023,diag,random_forest,4,SHAP,unweighted,AnyHealthcare,0.007505880501173364,
2021-2023,diag,random_forest,4,SHAP,unweighted,GenHlth,0.054068245624495026,
2021-2023,diag,random_forest,4,SHAP,unweighted,MentHlth,0.01239809206048695,
2021-2023,diag,random_forest,4,SHAP,unweighted,Sex,0.010221167569788836,
2021-2023,diag,random_forest,4,SHAP,unweighted,Age,0.1113765650230906,
2021-2023,diag,random_forest,4,SHAP,unweighted,Education,0.019137524772674764,
2021-2023,diag,random_forest,4,SHAP,unweighted,Income,0.015475222415129714,
2021-2023,diag,random_forest,4,SHAP,weighted,Diabetes_self,0.034351712570308085,
2021-2023,diag,random_forest,4,SHAP,weighted,HighChol,0.08241794206015822,
2021-2023,diag,random_forest,4,SHAP,weighted,BMI,0.06424877004396834,
2021-2023,diag,random_forest,4,SHAP,weighted,Smoker,0.00989846824308983,
2021-2023,diag,random_forest,4,SHAP,weighted,Stroke,0.005431975307690831,
2021-2023,diag,random_forest,4,SHAP,weighted,HeartDiseaseorAttack,0.020808414392607753,
2021-2023,diag,random_forest,4,SHAP,weighted,PhysActivity_LTPA,0.008799765985380107,
2021-2023,diag,random_forest,4,SHAP,weighted,AnyHealthcare,0.007916387011408855,
2021-2023,diag,random_forest,4,SHAP,weighted,GenHlth,0.05508501238240424,
2021-2023,diag,random_forest,4,SHAP,weighted,MentHlth,0.012017335855412968,
2021-2023,diag,random_forest,4,SHAP,weighted,Sex,0.009815315533042173,
2021-2023,diag,random_forest,4,SHAP,weighted,Age,0.12598173181001435,
2021-2023,diag,random_forest,4,SHAP,weighted,Education,0.017694117925217984,
2021-2023,diag,random_forest,4,SHAP,weighted,Income,0.015076461310065414,
2021-2023,diag,random_forest,4,PI,unweighted,Diabetes_self,0.01403392433338001,0.0035208344394811026
2021-2023,diag,random_forest,4,PI,unweighted,HighChol,0.029486597794220436,0.006381860106027333
2021-2023,diag,random_forest,4,PI,unweighted,BMI,0.025041009353622946,0.007551206552297643
2021-2023,diag,random_forest,4,PI,unweighted,Smoker,0.0016197240448602823,0.0022017172444267685
2021-2023,diag,random_forest,4,PI,unweighted,Stroke,0.0005057820280144453,0.0012033485845932231
2021-2023,diag,random_forest,4,PI,unweighted,HeartDiseaseorAttack,0.011121678533203195,0.0036896157698181192
2021-2023,diag,random_forest,4,PI,unweighted,PhysActivity_LTPA,0.0031437595979339483,0.0030432626433116758
2021-2023,diag,random_forest,4,PI,unweighted,AnyHealthcare,0.0020885685699661982,0.001666861677303536
2021-2023,diag,random_forest,4,PI,unweighted,GenHlth,0.021695402298850752,0.005380042016210571
2021-2023,diag,random_forest,4,PI,unweighted,MentHlth,0.006713609288473354,0.0030775494025583727
2021-2023,diag,random_forest,4,PI,unweighted,Sex,0.0029404579086976246,0.0026261543155014075
2021-2023,diag,random_forest,4,PI,unweighted,Age,0.0909788147424265,0.011704199210800056
2021-2023,diag,random_forest,4,PI,unweighted,Education,0.004769009725906437,0.0031795546929419016
2021-2023,diag,random_forest,4,PI,unweighted,Income,0.0020367978965983857,0.004248461150605837
2021-2023,diag,random_forest,4,PI,weighted,Diabetes_self,0.010379255890299578,
2021-2023,diag,random_forest,4,PI,weighted,HighChol,0.03732718925910481,
2021-2023,diag,random_forest,4,PI,weighted,BMI,0.03495834792278383,
2021-2023,diag,random_forest,4,PI,weighted,Smoker,0.002960849489958106,
2021-2023,diag,random_forest,4,PI,weighted,Stroke,0.0011195321596309648,
2021-2023,diag,random_forest,4,PI,weighted,HeartDiseaseorAttack,0.010605100558416614,
2021-2023,diag,random_forest,4,PI,weighted,PhysActivity_LTPA,0.0038808323394597054,
2021-2023,diag,random_forest,4,PI,weighted,AnyHealthcare,0.0012532362731687674,
2021-2023,diag,random_forest,4,PI,weighted,GenHlth,0.027510272665575385,
2021-2023,diag,random_forest,4,PI,weighted,MentHlth,0.007331421060159516,
2021-2023,diag,random_forest,4,PI,weighted,Sex,0.007240122668570737,
2021-2023,diag,random_forest,4,PI,weighted,Age,0.08950829715044081,
2021-2023,diag,random_forest,4,PI,weighted,Education,0.009639734396940713,
2021-2023,diag,random_forest,4,PI,weighted,Income,0.008269097422449157,
2021-2023,diag,logistic_regression,4,SHAP,unweighted,Diabetes_self,0.1514630327360496,
2021-2023,diag,logistic_regression,4,SHAP,unweighted,HighChol,0.357654283606906,
2021-2023,diag,logistic_regression,4,SHAP,unweighted,BMI,0.330568136731546,
2021-2023,diag,logistic_regression,4,SHAP,unweighted,Smoker,0.013083863718224072,
2021-2023,diag,logistic_regression,4,SHAP,unweighted,Stroke,0.023785020786039134,
2021-2023,diag,logistic_regression,4,SHAP,unweighted,HeartDiseaseorAttack,0.08789701934291326,
2021-2023,diag,logistic_regression,4,SHAP,unweighted,PhysActivity_LTPA,0.01010502442350636,
2021-2023,diag,logistic_regression,4,SHAP,unweighted,AnyHealthcare,0.0726925902819554,
2021-2023,diag,logistic_regression,4,SHAP,unweighted,GenHlth,0.31235529363726894,
2021-2023,diag,logistic_regression,4,SHAP,unweighted,MentHlth,0.022494262107652627,
2021-2023,diag,logistic_regression,4,SHAP,unweighted,Sex,0.03957353035137255,
2021-2023,diag,logistic_regression,4,SHAP,unweighted,Age,0.6762327122998038,
2021-2023,diag,logistic_regression,4,SHAP,unweighted,Education,0.038887990579594904,
2021-2023,diag,logistic_regression,4,SHAP,unweighted,Income,0.03836495583499769,
2021-2023,diag,logistic_regression,4,SHAP,weighted,Diabetes_self,0.13485635351362255,
2021-2023,diag,logistic_regression,4,SHAP,weighted,HighChol,0.3506908790941885,
2021-2023,diag,logistic_regression,4,SHAP,weighted,BMI,0.3350275709576433,
2021-2023,diag,logistic_regression,4,SHAP,weighted,Smoker,0.012979371598959202,
2021-2023,diag,logistic_regression,4,SHAP,weighted,Stroke,0.02115366450947974,
2021-2023,diag,logistic_regression,4,SHAP,weighted,HeartDiseaseorAttack,0.08004925411546884,
2021-2023,diag,logistic_regression,4,SHAP,weighted,PhysActivity_LTPA,0.00937962571198984,
2021-2023,diag,logistic_regression,4,SHAP,weighted,AnyHealthcare,0.07812650993452384,
2021-2023,diag,logistic_regression,4,SHAP,weighted,GenHlth,0.3126854890997625,
2021-2023,diag,logistic_regression,4,SHAP,weighted,MentHlth,0.021659694503960943,
2021-2023,diag,logistic_regression,4,SHAP,weighted,Sex,0.039644133898596744,
2021-2023,diag,logistic_regression,4,SHAP,weighted,Age,0.7044475970131416,
2021-2023,diag,logistic_regression,4,SHAP,weighted,Education,0.03663648319506532,
2021-2023,diag,logistic_regression,4,SHAP,weighted,Income,0.03873620144509678,
2021-2023,diag,logistic_regression,4,PI,unweighted,Diabetes_self,0.009236702498952953,0.0027274917914509706
2021-2023,diag,logistic_regression,4,PI,unweighted,HighChol,0.017495579133510176,0.004179496943054732
2021-2023,diag,logistic_regression,4,PI,unweighted,BMI,0.028508771929824595,0.005779186735122351
2021-2023,diag,logistic_regression,4,PI,unweighted,Smoker,0.00028095769928803137,0.00010795224625878257
2021-2023,diag,logistic_regression,4,PI,unweighted,Stroke,0.00025245474428782223,0.0006326145609842308
2021-2023,diag,logistic_regression,4,PI,unweighted,HeartDiseaseorAttack,0.006560333193727052,0.0022894415114813717
2021-2023,diag,logistic_regression,4,PI,unweighted,PhysActivity_LTPA,-0.0003240029782679343,0.00017220567890419963
2021-2023,diag,logistic_regression,4,PI,unweighted,AnyHealthcare,0.00036413979245201176,0.0011503416183960755
2021-2023,diag,logistic_regression,4,PI,unweighted,GenHlth,0.01928777514076969,0.0047626302769822396
2021-2023,diag,logistic_regression,4,PI,unweighted,MentHlth,-0.00017683465959326128,0.00034401815363201913
2021-2023,diag,logistic_regression,4,PI,unweighted,Sex,0.0008434547908232725,0.0006884699259735844
2021-2023,diag,logistic_regression,4,PI,unweighted,Age,0.10166393270975851,0.01084776390851304
2021-2023,diag,logistic_regression,4,PI,unweighted,Education,0.0002873563218391606,0.0005001152365836858
2021-2023,diag,logistic_regression,4,PI,unweighted,Income,0.0006421890269440289,0.0003382853396033989
2021-2023,diag,logistic_regression,4,PI,weighted,Diabetes_self,0.006885089461908389,
2021-2023,diag,logistic_regression,4,PI,weighted,HighChol,0.016764870106445996,
2021-2023,diag,logistic_regression,4,PI,weighted,BMI,0.038212357354716266,
2021-2023,diag,logistic_regression,4,PI,weighted,Smoker,6.928352199311316e-05,
2021-2023,diag,logistic_regression,4,PI,weighted,Stroke,0.00012880629140208378,
2021-2023,diag,logistic_regression,4,PI,weighted,HeartDiseaseorAttack,0.00543965049922821,
2021-2023,diag,logistic_regression,4,PI,weighted,PhysActivity_LTPA,-0.00037082376533132956,
2021-2023,diag,logistic_regression,4,PI,weighted,AnyHealthcare,-0.0006288746410191059,
2021-2023,diag,logistic_regression,4,PI,weighted,GenHlth,0.016044884923825952,
2021-2023,diag,logistic_regression,4,PI,weighted,MentHlth,0.0001355752985308767,
2021-2023,diag,logistic_regression,4,PI,weighted,Sex,0.0006541732401380673,
2021-2023,diag,logistic_regression,4,PI,weighted,Age,0.101106987923044,
2021-2023,diag,logistic_regression,4,PI,weighted,Education,0.0007206237320202535,
2021-2023,diag,logistic_regression,4,PI,weighted,Income,0.0013892545747020812,
2021-2023,measured,xgboost,4,SHAP,unweighted,Diabetes_self,0.038806136697530746,
2021-2023,measured,xgboost,4,SHAP,unweighted,HighChol,0.09412180632352829,
2021-2023,measured,xgboost,4,SHAP,unweighted,BMI,0.43231409788131714,
2021-2023,measured,xgboost,4,SHAP,unweighted,Smoker,0.0904662236571312,
2021-2023,measured,xgboost,4,SHAP,unweighted,Stroke,0.04426494613289833,
2021-2023,measured,xgboost,4,SHAP,unweighted,HeartDiseaseorAttack,0.02709961123764515,
2021-2023,measured,xgboost,4,SHAP,unweighted,PhysActivity_LTPA,0.0903785228729248,
2021-2023,measured,xgboost,4,SHAP,unweighted,AnyHealthcare,0.03236757591366768,
2021-2023,measured,xgboost,4,SHAP,unweighted,GenHlth,0.09554639458656311,
2021-2023,measured,xgboost,4,SHAP,unweighted,MentHlth,0.0885758176445961,
2021-2023,measured,xgboost,4,SHAP,unweighted,Sex,0.10605763643980026,
2021-2023,measured,xgboost,4,SHAP,unweighted,Age,0.6719789505004883,
2021-2023,measured,xgboost,4,SHAP,unweighted,Education,0.1006895899772644,
2021-2023,measured,xgboost,4,SHAP,unweighted,Income,0.17628784477710724,
2021-2023,measured,xgboost,4,SHAP,weighted,Diabetes_self,0.0335620899992017,
2021-2023,measured,xgboost,4,SHAP,weighted,HighChol,0.09729050599876554,
2021-2023,measured,xgboost,4,SHAP,weighted,BMI,0.4643096453881037,
2021-2023,measured,xgboost,4,SHAP,weighted,Smoker,0.09617349990255643,
2021-2023,measured,xgboost,4,SHAP,weighted,Stroke,0.039153319091810364,
2021-2023,measured,xgboost,4,SHAP,weighted,HeartDiseaseorAttack,0.021712632158921878,
2021-2023,measured,xgboost,4,SHAP,weighted,PhysActivity_LTPA,0.08211900248302777,
2021-2023,measured,xgboost,4,SHAP,weighted,AnyHealthcare,0.036478233833678424,
2021-2023,measured,xgboost,4,SHAP,weighted,GenHlth,0.10006068525520784,
2021-2023,measured,xgboost,4,SHAP,weighted,MentHlth,0.08744661535802506,
2021-2023,measured,xgboost,4,SHAP,weighted,Sex,0.12023830785577666,
2021-2023,measured,xgboost,4,SHAP,weighted,Age,0.7766591993309144,
2021-2023,measured,xgboost,4,SHAP,weighted,Education,0.09478162201046687,
2021-2023,measured,xgboost,4,SHAP,weighted,Income,0.1759698912819417,
2021-2023,measured,xgboost,4,PI,unweighted,Diabetes_self,0.00502945301542781,0.0035284089714994766
2021-2023,measured,xgboost,4,PI,unweighted,HighChol,0.020124357176250586,0.005022900677655398
2021-2023,measured,xgboost,4,PI,unweighted,BMI,0.060444132772323536,0.014132583030149358
2021-2023,measured,xgboost,4,PI,unweighted,Smoker,0.005425899953249191,0.00510990856410583
2021-2023,measured,xgboost,4,PI,unweighted,Stroke,0.0062000935016362614,0.0034571753019629033
2021-2023,measured,xgboost,4,PI,unweighted,HeartDiseaseorAttack,0.0001299672744273228,0.002287694619820521
2021-2023,measured,xgboost,4,PI,unweighted,PhysActivity_LTPA,0.010228143992519867,0.004660130275686575
2021-2023,measured,xgboost,4,PI,unweighted,AnyHealthcare,0.006374941561477365,0.002809312017091233
2021-2023,measured,xgboost,4,PI,unweighted,GenHlth,0.008855539971949555,0.007836670452484868
2021-2023,measured,xgboost,4,PI,unweighted,MentHlth,0.005741935483870997,0.0057882730737626766
2021-2023,measured,xgboost,4,PI,unweighted,Sex,0.01463394109396916,0.008493682103491983
2021-2023,measured,xgboost,4,PI,unweighted,Age,0.13550677886863022,0.020681018861935054
2021-2023,measured,xgboost,4,PI,unweighted,Education,0.0015857877512856279,0.004264882582750684
2021-2023,measured,xgboost,4,PI,unweighted,Income,0.0180626460963067,0.007940927011977416
2021-2023,measured,xgboost,4,PI,weighted,Diabetes_self,-0.0005604410936797643,
2021-2023,measured,xgboost,4,PI,weighted,HighChol,0.02096179220170915,
2021-2023,measured,xgboost,4,PI,weighted,BMI,0.07472620417949832,
2021-2023,measured,xgboost,4,PI,weighted,Smoker,0.007221565864679103,
2021-2023,measured,xgboost,4,PI,weighted,Stroke,0.004081679327893073,
2021-2023,measured,xgboost,4,PI,weighted,HeartDiseaseorAttack,0.0006492029628841544,
2021-2023,measured,xgboost,4,PI,weighted,PhysActivity_LTPA,0.0076169425659982195,
2021-2023,measured,xgboost,4,PI,weighted,AnyHealthcare,0.005082158173622009,
2021-2023,measured,xgboost,4,PI,weighted,GenHlth,0.011530489334635064,
2021-2023,measured,xgboost,4,PI,weighted,MentHlth,-0.004688239997954124,
2021-2023,measured,xgboost,4,PI,weighted,Sex,0.029554979404857174,
2021-2023,measured,xgboost,4,PI,weighted,Age,0.14933911631512192,
2021-2023,measured,xgboost,4,PI,weighted,Education,0.0022325011937251336,
2021-2023,measured,xgboost,4,PI,weighted,Income,0.02776993457782213,
2021-2023,measured,random_forest,4,SHAP,unweighted,Diabetes_self,0.008641181453009829,
2021-2023,measured,random_forest,4,SHAP,unweighted,HighChol,0.02152070030629614,
2021-2023,measured,random_forest,4,SHAP,unweighted,BMI,0.08506556130579984,
2021-2023,measured,random_forest,4,SHAP,unweighted,Smoker,0.013556418911752409,
2021-2023,measured,random_forest,4,SHAP,unweighted,Stroke,0.00858139302091966,
2021-2023,measured,random_forest,4,SHAP,unweighted,HeartDiseaseorAttack,0.0042947257482653925,
2021-2023,measured,random_forest,4,SHAP,unweighted,PhysActivity_LTPA,0.01759971169997916,
2021-2023,measured,random_forest,4,SHAP,unweighted,AnyHealthcare,0.005489325122654638,
2021-2023,measured,random_forest,4,SHAP,unweighted,GenHlth,0.026070920122212154,
2021-2023,measured,random_forest,4,SHAP,unweighted,MentHlth,0.018771655310396405,
2021-2023,measured,random_forest,4,SHAP,unweighted,Sex,0.015609499215556138,
2021-2023,measured,random_forest,4,SHAP,unweighted,Age,0.10306421565862277,
2021-2023,measured,random_forest,4,SHAP,unweighted,Education,0.02551936996840418,
2021-2023,measured,random_forest,4,SHAP,unweighted,Income,0.028060799463215096,
2021-2023,measured,random_forest,4,SHAP,weighted,Diabetes_self,0.008148435651023226,
2021-2023,measured,random_forest,4,SHAP,weighted,HighChol,0.021800527749076037,
2021-2023,measured,random_forest,4,SHAP,weighted,BMI,0.08486764347004924,
2021-2023,measured,random_forest,4,SHAP,weighted,Smoker,0.01306272809109545,
2021-2023,measured,random_forest,4,SHAP,weighted,Stroke,0.007683223772553445,
2021-2023,measured,random_forest,4,SHAP,weighted,HeartDiseaseorAttack,0.0037512431215053006,
2021-2023,measured,random_forest,4,SHAP,weighted,PhysActivity_LTPA,0.01637390736450757,
2021-2023,measured,random_forest,4,SHAP,weighted,AnyHealthcare,0.005682615716005643,
2021-2023,measured,random_forest,4,SHAP,weighted,GenHlth,0.02708316401921402,
2021-2023,measured,random_forest,4,SHAP,weighted,MentHlth,0.01833622448064109,
2021-2023,measured,random_forest,4,SHAP,weighted,Sex,0.01482264369118712,
2021-2023,measured,random_forest,4,SHAP,weighted,Age,0.12266417105748595,
2021-2023,measured,random_forest,4,SHAP,weighted,Education,0.024037378748486313,
2021-2023,measured,random_forest,4,SHAP,weighted,Income,0.028277928523242717,
2021-2023,measured,random_forest,4,PI,unweighted,Diabetes_self,0.004640018700327197,0.00417806244627978
2021-2023,measured,random_forest,4,PI,unweighted,HighChol,0.021393174380551615,0.0080787848646491
2021-2023,measured,random_forest,4,PI,unweighted,BMI,0.03798223468910702,0.011332513496206146
2021-2023,measured,random_forest,4,PI,unweighted,Smoker,-0.002024777933613842,0.005393564084955444
2021-2023,measured,random_forest,4,PI,unweighted,Stroke,0.012369331463300593,0.004571261815840474
2021-2023,measured,random_forest,4,PI,unweighted,HeartDiseaseorAttack,-0.002552127162225393,0.004009957752844563
2021-2023,measured,random_forest,4,PI,unweighted,PhysActivity_LTPA,0.012011687704534802,0.0061387338617083865
2021-2023,measured,random_forest,4,PI,unweighted,AnyHealthcare,0.0049373539036932975,0.003535137514416158
2021-2023,measured,random_forest,4,PI,unweighted,GenHlth,0.011482468443197724,0.006019504504534906
2021-2023,measured,random_forest,4,PI,unweighted,MentHlth,-0.00751799906498366,0.00824028823764494
2021-2023,measured,random_forest,4,PI,unweighted,Sex,0.012199158485273476,0.009514975051957909
2021-2023,measured,random_forest,4,PI,unweighted,Age,0.11342870500233752,0.020715203131658148
2021-2023,measured,random_forest,4,PI,unweighted,Education,0.014476858345021004,0.007836089317128953
2021-2023,measured,random_forest,4,PI,unweighted,Income,0.020095371669004214,0.014841693269791827
2021-2023,measured,random_forest,4,PI,weighted,Diabetes_self,-0.000922302717157486,
2021-2023,measured,random_forest,4,PI,weighted,HighChol,0.028139133369043067,
2021-2023,measured,random_forest,4,PI,weighted,BMI,0.06311924991645997,
2021-2023,measured,random_forest,4,PI,weighted,Smoker,0.0014586233302244956,
2021-2023,measured,random_forest,4,PI,weighted,Stroke,0.007449030266219026,
2021-2023,measured,random_forest,4,PI,weighted,HeartDiseaseorAttack,-0.0033436794808672787,
2021-2023,measured,random_forest,4,PI,weighted,PhysActivity_LTPA,0.010841011181521976,
2021-2023,measured,random_forest,4,PI,weighted,AnyHealthcare,0.008416125977051136,
2021-2023,measured,random_forest,4,PI,weighted,GenHlth,0.01852649215316702,
2021-2023,measured,random_forest,4,PI,weighted,MentHlth,-0.010666285895278937,
2021-2023,measured,random_forest,4,PI,weighted,Sex,0.035767920360303074,
2021-2023,measured,random_forest,4,PI,weighted,Age,0.13514048032158454,
2021-2023,measured,random_forest,4,PI,weighted,Education,0.01933812842832695,
2021-2023,measured,random_forest,4,PI,weighted,Income,0.024877692314062484,
2021-2023,measured,logistic_regression,4,SHAP,unweighted,Diabetes_self,0.019830040950481773,
2021-2023,measured,logistic_regression,4,SHAP,unweighted,HighChol,0.014244773777209972,
2021-2023,measured,logistic_regression,4,SHAP,unweighted,BMI,0.17566591504296733,
2021-2023,measured,logistic_regression,4,SHAP,unweighted,Smoker,0.0037791196825822937,
2021-2023,measured,logistic_regression,4,SHAP,unweighted,Stroke,0.032554009734182994,
2021-2023,measured,logistic_regression,4,SHAP,unweighted,HeartDiseaseorAttack,0.033345178568012036,
2021-2023,measured,logistic_regression,4,SHAP,unweighted,PhysActivity_LTPA,0.054664179550234025,
2021-2023,measured,logistic_regression,4,SHAP,unweighted,AnyHealthcare,0.05219857234924993,
2021-2023,measured,logistic_regression,4,SHAP,unweighted,GenHlth,0.04039698809089631,
2021-2023,measured,logistic_regression,4,SHAP,unweighted,MentHlth,0.02904683841505231,
2021-2023,measured,logistic_regression,4,SHAP,unweighted,Sex,0.02583853114208702,
2021-2023,measured,logistic_regression,4,SHAP,unweighted,Age,0.5816963045119176,
2021-2023,measured,logistic_regression,4,SHAP,unweighted,Education,0.041912393679383785,
2021-2023,measured,logistic_regression,4,SHAP,unweighted,Income,0.11176918235484076,
2021-2023,measured,logistic_regression,4,SHAP,weighted,Diabetes_self,0.017655839608520293,
2021-2023,measured,logistic_regression,4,SHAP,weighted,HighChol,0.013967432985978802,
2021-2023,measured,logistic_regression,4,SHAP,weighted,BMI,0.1780356854680508,
2021-2023,measured,logistic_regression,4,SHAP,weighted,Smoker,0.003748938366642819,
2021-2023,measured,logistic_regression,4,SHAP,weighted,Stroke,0.028952533048003003,
2021-2023,measured,logistic_regression,4,SHAP,weighted,HeartDiseaseorAttack,0.030367999878390346,
2021-2023,measured,logistic_regression,4,SHAP,weighted,PhysActivity_LTPA,0.05074005984997904,
2021-2023,measured,logistic_regression,4,SHAP,weighted,AnyHealthcare,0.056100522286986754,
2021-2023,measured,logistic_regression,4,SHAP,weighted,GenHlth,0.04043969235247803,
2021-2023,measured,logistic_regression,4,SHAP,weighted,MentHlth,0.02796916135168155,
2021-2023,measured,logistic_regression,4,SHAP,weighted,Sex,0.025884629934322393,
2021-2023,measured,logistic_regression,4,SHAP,weighted,Age,0.6059667869530304,
2021-2023,measured,logistic_regression,4,SHAP,weighted,Education,0.0394857816979983,
2021-2023,measured,logistic_regression,4,SHAP,weighted,Income,0.11285073757601939,
2021-2023,measured,logistic_regression,4,PI,unweighted,Diabetes_self,0.0008499298737726813,0.0013764091926182804
2021-2023,measured,logistic_regression,4,PI,unweighted,HighChol,5.610098176556111e-06,0.0005810086649818596
2021-2023,measured,logistic_regression,4,PI,unweighted,BMI,-0.006061711079943988,0.004497269399497078
2021-2023,measured,logistic_regression,4,PI,unweighted,Smoker,-0.00015895278167384896,0.00018087190080977712
2021-2023,measured,logistic_regression,4,PI,unweighted,Stroke,0.009414679756895616,0.003148211201487548
2021-2023,measured,logistic_regression,4,PI,unweighted,HeartDiseaseorAttack,0.001109864422627249,0.0018396268131409092
2021-2023,measured,logistic_regression,4,PI,unweighted,PhysActivity_LTPA,0.0010135577372602956,0.0016757214981997864
2021-2023,measured,logistic_regression,4,PI,unweighted,AnyHealthcare,0.0065535296867693885,0.0031813248508127485
2021-2023,measured,logistic_regression,4,PI,unweighted,GenHlth,-0.0008078541374475056,0.0012725376899055444
2021-2023,measured,logistic_regression,4,PI,unweighted,MentHlth,-0.00022440392706886137,0.001104285596782074
2021-2023,measured,logistic_regression,4,PI,unweighted,Sex,0.0014623655913977185,0.001124465154764116
2021-2023,measured,logistic_regression,4,PI,unweighted,Age,0.1527643758765777,0.024665172339894004
2021-2023,measured,logistic_regression,4,PI,unweighted,Education,0.0039457690509582585,0.0015608669264061423
2021-2023,measured,logistic_regression,4,PI,unweighted,Income,0.012736792893875493,0.0018887274982675765
2021-2023,measured,logistic_regression,4,PI,weighted,Diabetes_self,0.0007069991833072109,
2021-2023,measured,logistic_regression,4,PI,weighted,HighChol,-0.00025565782905886405,
2021-2023,measured,logistic_regression,4,PI,weighted,BMI,0.02074309622157644,
2021-2023,measured,logistic_regression,4,PI,weighted,Smoker,5.6645215900763546e-05,
2021-2023,measured,logistic_regression,4,PI,weighted,Stroke,0.007694615340675082,
2021-2023,measured,logistic_regression,4,PI,weighted,HeartDiseaseorAttack,0.002031881050289075,
2021-2023,measured,logistic_regression,4,PI,weighted,PhysActivity_LTPA,-0.001935712971582737,
2021-2023,measured,logistic_regression,4,PI,weighted,AnyHealthcare,0.009685951228242628,
2021-2023,measured,logistic_regression,4,PI,weighted,GenHlth,-0.002550029408810439,
2021-2023,measured,logistic_regression,4,PI,weighted,MentHlth,-0.000618308729015793,
2021-2023,measured,logistic_regression,4,PI,weighted,Sex,0.0013787751498147926,
2021-2023,measured,logistic_regression,4,PI,weighted,Age,0.15367281457268978,
2021-2023,measured,logistic_regression,4,PI,weighted,Education,0.0007727076080022543,
2021-2023,measured,logistic_regression,4,PI,weighted,Income,0.010748594828908543,
2021-2023,total,xgboost,4,SHAP,unweighted,Diabetes_self,0.12138878554105759,
2021-2023,total,xgboost,4,SHAP,unweighted,HighChol,0.35742488503456116,
2021-2023,total,xgboost,4,SHAP,unweighted,BMI,0.5068689584732056,
2021-2023,total,xgboost,4,SHAP,unweighted,Smoker,0.06704653799533844,
2021-2023,total,xgboost,4,SHAP,unweighted,Stroke,0.02482692338526249,
2021-2023,total,xgboost,4,SHAP,unweighted,HeartDiseaseorAttack,0.06115454062819481,
2021-2023,total,xgboost,4,SHAP,unweighted,PhysActivity_LTPA,0.06472829729318619,
2021-2023,total,xgboost,4,SHAP,unweighted,AnyHealthcare,0.024636752903461456,
2021-2023,total,xgboost,4,SHAP,unweighted,GenHlth,0.29200243949890137,
2021-2023,total,xgboost,4,SHAP,unweighted,MentHlth,0.08278956264257431,
2021-2023,total,xgboost,4,SHAP,unweighted,Sex,0.09038349241018295,
2021-2023,total,xgboost,4,SHAP,unweighted,Age,0.828544020652771,
2021-2023,total,xgboost,4,SHAP,unweighted,Education,0.11782265454530716,
2021-2023,total,xgboost,4,SHAP,unweighted,Income,0.10339223593473434,
2021-2023,total,xgboost,4,SHAP,weighted,Diabetes_self,0.10687570184297884,
2021-2023,total,xgboost,4,SHAP,weighted,HighChol,0.36510393333712315,
2021-2023,total,xgboost,4,SHAP,weighted,BMI,0.5118972196245359,
2021-2023,total,xgboost,4,SHAP,weighted,Smoker,0.06775037767088789,
2021-2023,total,xgboost,4,SHAP,weighted,Stroke,0.020552965494733802,
2021-2023,total,xgboost,4,SHAP,weighted,HeartDiseaseorAttack,0.05343597102318791,
2021-2023,total,xgboost,4,SHAP,weighted,PhysActivity_LTPA,0.06106837853123139,
2021-2023,total,xgboost,4,SHAP,weighted,AnyHealthcare,0.027357127560285056,
2021-2023,total,xgboost,4,SHAP,weighted,GenHlth,0.3178060055984389,
2021-2023,total,xgboost,4,SHAP,weighted,MentHlth,0.08227085083229957,
2021-2023,total,xgboost,4,SHAP,weighted,Sex,0.10492718553872576,
2021-2023,total,xgboost,4,SHAP,weighted,Age,0.9185925880128153,
2021-2023,total,xgboost,4,SHAP,weighted,Education,0.1116327790003208,
2021-2023,total,xgboost,4,SHAP,weighted,Income,0.10265729865034902,
2021-2023,total,xgboost,4,PI,unweighted,Diabetes_self,0.009864718080379309,0.0024190448116442683
2021-2023,total,xgboost,4,PI,unweighted,HighChol,0.027130443369211076,0.0033851672330412804
2021-2023,total,xgboost,4,PI,unweighted,BMI,0.019738213576467857,0.012756911282737704
2021-2023,total,xgboost,4,PI,unweighted,Smoker,0.0017324424256389358,0.0018591546290945523
2021-2023,total,xgboost,4,PI,unweighted,Stroke,0.00032970167758369364,0.0011902586377638188
2021-2023,total,xgboost,4,PI,unweighted,HeartDiseaseorAttack,0.00596973985934196,0.002182429225236304
2021-2023,total,xgboost,4,PI,unweighted,PhysActivity_LTPA,0.00047562621375207836,0.0019934682649987434
2021-2023,total,xgboost,4,PI,unweighted,AnyHealthcare,0.0008985879332478631,0.0012079833664885276
2021-2023,total,xgboost,4,PI,unweighted,GenHlth,0.016536651196471585,0.006899467679173961
2021-2023,total,xgboost,4,PI,unweighted,MentHlth,-0.0009123026452935723,0.0024905458504339596
2021-2023,total,xgboost,4,PI,unweighted,Sex,0.003393019760157234,0.002367379232839888
2021-2023,total,xgboost,4,PI,unweighted,Age,0.11100770218228509,0.01646560085460702
2021-2023,total,xgboost,4,PI,unweighted,Education,0.00241433790856137,0.0032424377328335112
2021-2023,total,xgboost,4,PI,unweighted,Income,-0.003703520840876351,0.0027746089647449346
2021-2023,total,xgboost,4,PI,weighted,Diabetes_self,0.005475303284100852,
2021-2023,total,xgboost,4,PI,weighted,HighChol,0.02978564048021313,
2021-2023,total,xgboost,4,PI,weighted,BMI,0.025935571839594773,
2021-2023,total,xgboost,4,PI,weighted,Smoker,0.0009670373442400182,
2021-2023,total,xgboost,4,PI,weighted,Stroke,0.0002505004482123652,
2021-2023,total,xgboost,4,PI,weighted,HeartDiseaseorAttack,0.004348469354768824,
2021-2023,total,xgboost,4,PI,weighted,PhysActivity_LTPA,0.0025896442639140927,
2021-2023,total,xgboost,4,PI,weighted,AnyHealthcare,-0.0016089910050920754,
2021-2023,total,xgboost,4,PI,weighted,GenHlth,0.02023667679362834,
2021-2023,total,xgboost,4,PI,weighted,MentHlth,0.00010879477650743707,
2021-2023,total,xgboost,4,PI,weighted,Sex,0.007179732866526045,
2021-2023,total,xgboost,4,PI,weighted,Age,0.11332123331421395,
2021-2023,total,xgboost,4,PI,weighted,Education,0.00012784725253610628,
2021-2023,total,xgboost,4,PI,weighted,Income,-0.004630717076124513,
2021-2023,total,random_forest,4,SHAP,unweighted,Diabetes_self,0.030323932283782728,
2021-2023,total,random_forest,4,SHAP,unweighted,HighChol,0.07399044386640541,
2021-2023,total,random_forest,4,SHAP,unweighted,BMI,0.06447858284567247,
2021-2023,total,random_forest,4,SHAP,unweighted,Smoker,0.011534368956612806,
2021-2023,total,random_forest,4,SHAP,unweighted,Stroke,0.0053969239371469534,
2021-2023,total,random_forest,4,SHAP,unweighted,HeartDiseaseorAttack,0.016380664586379618,
2021-2023,total,random_forest,4,SHAP,unweighted,PhysActivity_LTPA,0.011745357418797493,
2021-2023,total,random_forest,4,SHAP,unweighted,AnyHealthcare,0.003982113467915767,
2021-2023,total,random_forest,4,SHAP,unweighted,GenHlth,0.04476161691734617,
2021-2023,total,random_forest,4,SHAP,unweighted,MentHlth,0.011418714953472636,
2021-2023,total,random_forest,4,SHAP,unweighted,Sex,0.012488718643771017,
2021-2023,total,random_forest,4,SHAP,unweighted,Age,0.12284373178189843,
2021-2023,total,random_forest,4,SHAP,unweighted,Education,0.020410079794186586,
2021-2023,total,random_forest,4,SHAP,unweighted,Income,0.014369561268048324,
2021-2023,total,random_forest,4,SHAP,weighted,Diabetes_self,0.027355495196772873,
2021-2023,total,random_forest,4,SHAP,weighted,HighChol,0.07432711668301001,
2021-2023,total,random_forest,4,SHAP,weighted,BMI,0.06469449061640946,
2021-2023,total,random_forest,4,SHAP,weighted,Smoker,0.011312886208530848,
2021-2023,total,random_forest,4,SHAP,weighted,Stroke,0.004958752918726227,
2021-2023,total,random_forest,4,SHAP,weighted,HeartDiseaseorAttack,0.014915077998509175,
2021-2023,total,random_forest,4,SHAP,weighted,PhysActivity_LTPA,0.010348632645648654,
2021-2023,total,random_forest,4,SHAP,weighted,AnyHealthcare,0.004147826129718684,
2021-2023,total,random_forest,4,SHAP,weighted,GenHlth,0.04708400857934367,
2021-2023,total,random_forest,4,SHAP,weighted,MentHlth,0.011085176410165586,
2021-2023,total,random_forest,4,SHAP,weighted,Sex,0.01303326950773457,
2021-2023,total,random_forest,4,SHAP,weighted,Age,0.13257979115702745,
2021-2023,total,random_forest,4,SHAP,weighted,Education,0.019435016428902656,
2021-2023,total,random_forest,4,SHAP,weighted,Income,0.014405574192421824,
2021-2023,total,random_forest,4,PI,unweighted,Diabetes_self,0.00963595668345354,0.003080595921013326
2021-2023,total,random_forest,4,PI,unweighted,HighChol,0.028948465598016414,0.006861341106408241
2021-2023,total,random_forest,4,PI,unweighted,BMI,0.020880649089891744,0.008300267574105222
2021-2023,total,random_forest,4,PI,unweighted,Smoker,0.0003412220357022266,0.0018396467936384279
2021-2023,total,random_forest,4,PI,unweighted,Stroke,-0.00015305618643224328,0.0017005927938038641
2021-2023,total,random_forest,4,PI,unweighted,HeartDiseaseorAttack,0.0042447033782079145,0.0038413801846663735
2021-2023,total,random_forest,4,PI,unweighted,PhysActivity_LTPA,0.0019110079764766308,0.0029774164286591165
2021-2023,total,random_forest,4,PI,unweighted,AnyHealthcare,-0.00022217833514359686,0.0017071104859617424
2021-2023,total,random_forest,4,PI,unweighted,GenHlth,0.017700207366446195,0.00512530793516687
2021-2023,total,random_forest,4,PI,unweighted,MentHlth,0.005080752224526397,0.0020121826369796977
2021-2023,total,random_forest,4,PI,unweighted,Sex,0.006594856434394359,0.004002870138791874
2021-2023,total,random_forest,4,PI,unweighted,Age,0.11341326267513692,0.015116693120571853
2021-2023,total,random_forest,4,PI,unweighted,Education,0.005513588536695124,0.0031266375566627687
2021-2023,total,random_forest,4,PI,unweighted,Income,-0.002248115598564826,0.0032261772673357995
2021-2023,total,random_forest,4,PI,weighted,Diabetes_self,0.008156212584055933,
2021-2023,total,random_forest,4,PI,weighted,HighChol,0.03799431949973757,
2021-2023,total,random_forest,4,PI,weighted,BMI,0.03365256514125966,
2021-2023,total,random_forest,4,PI,weighted,Smoker,0.003134878681130604,
2021-2023,total,random_forest,4,PI,weighted,Stroke,-0.0004622522072476154,
2021-2023,total,random_forest,4,PI,weighted,HeartDiseaseorAttack,0.005204134886501055,
2021-2023,total,random_forest,4,PI,weighted,PhysActivity_LTPA,0.0028212050803852915,
2021-2023,total,random_forest,4,PI,weighted,AnyHealthcare,-4.724660881507692e-05,
2021-2023,total,random_forest,4,PI,weighted,GenHlth,0.03231156455985036,
2021-2023,total,random_forest,4,PI,weighted,MentHlth,0.006584659428609474,
2021-2023,total,random_forest,4,PI,weighted,Sex,0.01542063069890307,
2021-2023,total,random_forest,4,PI,weighted,Age,0.11964177607122439,
2021-2023,total,random_forest,4,PI,weighted,Education,0.009486663929351291,
2021-2023,total,random_forest,4,PI,weighted,Income,0.003972994326319823,
2021-2023,total,logistic_regression,4,SHAP,unweighted,Diabetes_self,0.10851590173389392,
2021-2023,total,logistic_regression,4,SHAP,unweighted,HighChol,0.29303124036300277,
2021-2023,total,logistic_regression,4,SHAP,unweighted,BMI,0.33789169030636396,
2021-2023,total,logistic_regression,4,SHAP,unweighted,Smoker,0.002348199514105369,
2021-2023,total,logistic_regression,4,SHAP,unweighted,Stroke,0.01837427044181469,
2021-2023,total,logistic_regression,4,SHAP,unweighted,HeartDiseaseorAttack,0.05922488527870993,
2021-2023,total,logistic_regression,4,SHAP,unweighted,PhysActivity_LTPA,0.0203112816800616,
2021-2023,total,logistic_regression,4,SHAP,unweighted,AnyHealthcare,0.02625102473147089,
2021-2023,total,logistic_regression,4,SHAP,unweighted,GenHlth,0.24257911148273179,
2021-2023,total,logistic_regression,4,SHAP,unweighted,MentHlth,0.019006699315827814,
2021-2023,total,logistic_regression,4,SHAP,unweighted,Sex,0.07905048353167597,
2021-2023,total,logistic_regression,4,SHAP,unweighted,Age,0.7176840450635359,
2021-2023,total,logistic_regression,4,SHAP,unweighted,Education,0.06838578982736265,
2021-2023,total,logistic_regression,4,SHAP,unweighted,Income,0.03105394734542948,
2021-2023,total,logistic_regression,4,SHAP,weighted,Diabetes_self,0.09661802316858095,
2021-2023,total,logistic_regression,4,SHAP,weighted,HighChol,0.2873260240269006,
2021-2023,total,logistic_regression,4,SHAP,weighted,BMI,0.3424499208223606,
2021-2023,total,logistic_regression,4,SHAP,weighted,Smoker,0.002329446006046184,
2021-2023,total,logistic_regression,4,SHAP,weighted,Stroke,0.016341509895200224,
2021-2023,total,logistic_regression,4,SHAP,weighted,HeartDiseaseorAttack,0.05393707234985061,
2021-2023,total,logistic_regression,4,SHAP,weighted,PhysActivity_LTPA,0.018853217162603676,
2021-2023,total,logistic_regression,4,SHAP,weighted,AnyHealthcare,0.028213342467503476,
2021-2023,total,logistic_regression,4,SHAP,weighted,GenHlth,0.24283554549726025,
2021-2023,total,logistic_regression,4,SHAP,weighted,MentHlth,0.01830152501732501,
2021-2023,total,logistic_regression,4,SHAP,weighted,Sex,0.0791915183217876,
2021-2023,total,logistic_regression,4,SHAP,weighted,Age,0.7476284299235998,
2021-2023,total,logistic_regression,4,SHAP,weighted,Education,0.06442644123417529,
2021-2023,total,logistic_regression,4,SHAP,weighted,Income,0.0313544466260184,
2021-2023,total,logistic_regression,4,PI,unweighted,Diabetes_self,0.005318016742920572,0.001902678851471924
2021-2023,total,logistic_regression,4,PI,unweighted,HighChol,0.017865332499478904,0.003649808437566509
2021-2023,total,logistic_regression,4,PI,unweighted,BMI,0.02546986603469279,0.004566327938918226
2021-2023,total,logistic_regression,4,PI,unweighted,Smoker,7.241367960242329e-05,3.206310785513129e-05
2021-2023,total,logistic_regression,4,PI,unweighted,Stroke,0.0006895757216682008,0.0006763499759657816
2021-2023,total,logistic_regression,4,PI,unweighted,HeartDiseaseorAttack,0.0028180990311928,0.0016987829594565331
2021-2023,total,logistic_regression,4,PI,unweighted,PhysActivity_LTPA,-0.0002869117760002871,0.00027916686314622384
2021-2023,total,logistic_regression,4,PI,unweighted,AnyHealthcare,-0.0006692779478401301,0.0005102875578693809
2021-2023,total,logistic_regression,4,PI,unweighted,GenHlth,0.012718475362891312,0.0035216391368860047
2021-2023,total,logistic_regression,4,PI,unweighted,MentHlth,-0.00019090879167895646,0.0003166339423817122
2021-2023,total,logistic_regression,4,PI,unweighted,Sex,0.0012255466684222172,0.0010819527901480151
2021-2023,total,logistic_regression,4,PI,unweighted,Age,0.12952228915001704,0.014631710363495825
2021-2023,total,logistic_regression,4,PI,unweighted,Education,0.0023841655420603234,0.0011727179453489083
2021-2023,total,logistic_regression,4,PI,unweighted,Income,0.0009781332631140782,0.000383149292597179
2021-2023,total,logistic_regression,4,PI,weighted,Diabetes_self,0.00328569963682096,
2021-2023,total,logistic_regression,4,PI,weighted,HighChol,0.01540094583401801,
2021-2023,total,logistic_regression,4,PI,weighted,BMI,0.036706541832724184,
2021-2023,total,logistic_regression,4,PI,weighted,Smoker,6.479923978452984e-05,
2021-2023,total,logistic_regression,4,PI,weighted,Stroke,0.0006358973637307863,
2021-2023,total,logistic_regression,4,PI,weighted,HeartDiseaseorAttack,0.0022630702632700063,
2021-2023,total,logistic_regression,4,PI,weighted,PhysActivity_LTPA,-0.0005597803966206682,
2021-2023,total,logistic_regression,4,PI,weighted,AnyHealthcare,-0.0016610621384983925,
2021-2023,total,logistic_regression,4,PI,weighted,GenHlth,0.009839090595913303,
2021-2023,total,logistic_regression,4,PI,weighted,MentHlth,-6.464361391825824e-05,
2021-2023,total,logistic_regression,4,PI,weighted,Sex,2.4739666374651302e-05,
2021-2023,total,logistic_regression,4,PI,weighted,Age,0.13071709331137113,
2021-2023,total,logistic_regression,4,PI,weighted,Education,0.002168792955471699,
2021-2023,total,logistic_regression,4,PI,weighted,Income,0.0012515791683861744,
